f,flow,shot,ts,hitstop,fov,camx,camy,camz,bx,by,bz,live,pstate,pswing,pttc,pkind,phy,pcy,phx,phy2,phz,pskate,paw,pchain,rstate,rswing,rttc,rhy,rcy,rskate,shake,grade,evt,pux,puz,rux,ruz,dfov,pdip,plean,povershoot,rdip,rlean
0,PlayerServeHold,None,1,0,52,-0.4665,2.535,-16.7498,1.9188,0.695,-12.05,0,Run,0,9,Drive,88.4174,89.9321,1.8671,0.7479,-12.6823,0.1891,0,0,Ready,0,9,7.9016,-2.1786,0.2273,0,Missed,,1.8388,-12.35,-1.95,11.2,52,0,0,0.2328,0,0
1,PlayerServeHold,None,1,0,52,-0.4499,2.535,-16.7498,1.93,0.695,-12.05,0,Run,0,9,Drive,89.3678,90.0882,1.8646,0.748,-12.68,0,0,0,Ready,0,9,6.2781,-3.1097,0.1961,0,Missed,,1.85,-12.35,-1.95,11.2,0,0,0,0.2296,0,0
2,PlayerServeHold,None,1,0,52,-0.4328,2.535,-16.7498,1.9525,0.695,-12.05,0,Run,0,9,Drive,90.2729,90.2263,1.8744,0.7469,-12.6778,0,0,0,Ready,0,9,5.0411,-3.8448,0.1165,0,Missed,,1.8725,-12.35,-1.95,11.2,0,0,0,0.2142,0,0
3,PlayerServeHold,None,1,0,52,-0.4161,2.535,-16.7499,1.9638,0.695,-12.05,0,Run,0,9,Drive,91.187,90.3634,1.8726,0.7441,-12.6754,0,0,0,Ready,0,9,4.2034,-4.2995,0.1373,0,Missed,,1.8838,-12.35,-1.95,11.2,0,0,0,0.1958,0,0
4,PlayerServeHold,None,1,0,52,-0.399,2.535,-16.7499,1.9863,0.695,-12.05,0,Run,0,9,Drive,92.2183,90.5286,1.8802,0.739,-12.6724,0,0,0,Ready,0,9,3.9391,-4.347,0.2234,0,Missed,,1.9063,-12.35,-1.95,11.2,0,0,0,0.1874,0,0
5,PlayerServeHold,None,1,0,52,-0.3824,2.535,-16.7499,1.9975,0.695,-12.05,0,Run,0,9,Drive,93.1408,90.6663,1.878,0.7331,-12.6699,0.6152,0,0,Ready,0,9,4.0327,-4.0718,0.2771,0,Missed,,1.9175,-12.35,-1.95,11.2,0,0,0,0.1679,0,0
6,PlayerServeHold,None,1,0,52,-0.3653,2.535,-16.7499,2.02,0.695,-12.05,0,Run,0,9,Drive,93.8805,90.761,1.8899,0.7272,-12.6675,0.5908,0,0,Ready,0,9,4.3946,-3.4254,1.8437,0,Missed,,1.94,-12.35,-1.95,11.2,0,0,0,0.1342,0,0
7,PlayerServeHold,None,1,0,52,-0.3486,2.535,-16.7499,2.0313,0.695,-12.05,0,Run,0,9,Drive,94.5219,90.8373,1.892,0.721,-12.6653,0.1052,0,0,Ready,0,9,4.8716,-2.5736,0,0,Missed,,1.9513,-12.35,-1.95,11.2,0,0,0,0.0984,0,0
8,PlayerServeHold,None,1,0,52,-0.3315,2.535,-16.7499,2.0538,0.695,-12.05,0,Run,0,9,Drive,95.1127,90.9093,1.9061,0.7287,-12.7094,0.2513,0,0,Ready,0,9,5.2882,-1.6009,0,0,Missed,,1.9738,-12.35,-1.95,11.2,0,0,0,0.0685,0,0
9,PlayerServeHold,None,1,0,52,-0.3149,2.535,-16.7499,2.065,0.695,-12.05,0,Run,0,9,Drive,95.5967,90.9643,1.9104,0.7229,-12.7078,0.2549,0,0,Ready,0,9,5.677,-0.5866,0,0,Missed,,1.985,-12.35,-1.95,11.2,0,0,0,0.042,0,0
10,PlayerServeHold,None,1,0,52,-0.2978,2.535,-16.7499,2.0875,0.695,-12.05,0,Run,0,9,Drive,95.8683,90.9773,1.9291,0.7196,-12.7068,0.0064,0,0,Ready,0,9,6.0133,0.3674,0,0,Missed,,2.0075,-12.35,-1.95,11.2,0,0,0,0,0,0
11,PlayerServeHold,None,1,0,52,-0.2811,2.535,-16.7499,2.0988,0.695,-12.05,0,Run,0,9,Drive,95.986,90.9656,1.9387,0.7181,-12.7064,0.0012,0,0,Ready,0,9,6.2993,1.246,0,0,Missed,,2.0188,-12.35,-1.95,11.2,0,0,0,0.0485,0,0
12,PlayerServeHold,None,1,0,52,-0.264,2.535,-16.7499,2.1213,0.695,-12.05,0,Run,0,9,Drive,95.9402,90.9271,1.9626,0.7188,-12.7066,0.0031,0,0,Ready,0,9,6.529,1.9863,0,0,Missed,,2.0413,-12.35,-1.95,11.2,0,0,0,0.0816,0,0
13,PlayerServeHold,None,1,0,52,-0.2474,2.535,-16.7499,2.1325,0.695,-12.05,0,Run,0,9,Drive,95.7293,90.8622,1.9767,0.7213,-12.7073,0.0014,0,0,Ready,0,9,6.7033,2.5967,0,0,Missed,,2.0525,-12.35,-1.95,11.2,0,0,0,0.1158,0,0
14,PlayerServeHold,None,1,0,52,-0.2303,2.535,-16.7499,2.1546,0.695,-12.05,0,Run,0,9,Drive,95.4065,90.7847,2.0035,0.7252,-12.7085,0.0002,0,0,Ready,0,9,6.8369,3.0623,0,0,Missed,,2.0746,-12.35,-1.95,11.2,0,0,0,0.1423,0,0
15,PlayerServeHold,None,1,0,52,-0.2138,2.535,-16.7499,2.1653,0.695,-12.05,0,Run,0,9,Drive,94.9684,90.6931,2.0214,0.73,-12.71,0.0138,0,0,Ready,0,9,6.8772,3.3714,0,0,Missed,,2.0853,-12.35,-1.95,11.2,0,0.0002,0.3737,0.1643,0,0
16,PlayerServeHold,None,1,0,52,-0.1969,2.535,-16.75,2.1861,0.695,-12.05,0,Run,0,9,Drive,94.403,90.5834,2.0508,0.7358,-12.7118,0.0057,0,0,Ready,0,9,6.7225,3.492,0.7784,0,Missed,,2.1061,-12.35,-1.95,11.2,0,0.0007,0.5354,0.1816,0,0
17,PlayerServeHold,None,1,0,52,-0.1805,2.535,-16.75,2.1961,0.695,-12.05,0,Run,0,9,Drive,93.657,90.4416,2.0611,0.7289,-12.6688,0.0366,0,0,Ready,0,9,6.553,3.5019,0.2191,0,Missed,,2.1161,-12.35,-1.95,11.2,0,0.0015,0.9034,0.202,0,0
18,PlayerServeHold,None,1,0,52,-0.1639,2.535,-16.75,2.2157,0.695,-12.05,0,Run,0,9,Drive,92.9027,90.3098,2.1032,0.7466,-12.716,0.0913,0,0,Ready,0,9,6.528,3.41,0.7233,0,Missed,,2.1357,-12.35,-1.95,11.2,0,0.0025,0.9529,0.2089,0,0
19,PlayerServeHold,None,1,0,52,-0.1478,2.535,-16.75,2.2251,0.695,-12.05,0,Run,0,9,Drive,92.1992,90.014,2.113,0.7366,-12.6751,0.0338,0,0,Ready,0,9,6.5676,3.3428,0.7252,0,Missed,,2.1451,-12.35,-1.95,11.2,0,0.0036,1.2327,0.4207,0,0
20,PlayerServeHold,None,1,0,52,-0.1316,2.535,-16.75,2.2434,0.695,-12.05,0,Run,0,9,Drive,91.4742,89.8117,2.1418,0.7389,-12.6783,0.2167,0,0,Ready,0,9,6.6351,3.4469,0.6202,0,Missed,,2.1634,-12.35,-1.95,11.2,0,0.0047,1.2124,0.5181,0,0
21,PlayerServeHold,None,1,0,52,-0.1159,2.535,-16.75,2.2522,0.695,-12.05,0,Run,0,9,Drive,90.7245,89.7243,2.1617,0.7411,-12.6814,0,0,0,Ready,0,9,6.7696,3.7005,0.4786,0,Missed,,2.1722,-12.35,-1.95,11.2,0,0.0058,1.4378,0.4741,0,0
22,PlayerServeHold,None,1,0,52,-0.1001,2.535,-16.75,2.2692,0.695,-12.05,0,Run,0,9,Drive,89.8647,89.5974,2.1907,0.7423,-12.6847,0,0,0,Ready,0,9,6.9816,4.1365,0.3455,0,Missed,,2.1892,-12.35,-1.95,11.2,0,0.0067,1.3743,0.4542,0,0
23,PlayerServeHold,None,1,0,52,-0.0849,2.535,-16.75,2.2774,0.695,-12.05,0,Run,0,9,Drive,89.1177,89.5293,2.2118,0.7427,-12.6877,0,0,0,Ready,0,9,7.3072,4.7578,0.2542,0,Missed,,2.1974,-12.35,-1.95,11.2,0,0.0074,1.5657,0.408,0,0
24,PlayerServeHold,None,1,0,52,-0.0697,2.535,-16.75,2.2931,0.695,-12.05,0,Run,0,9,Drive,88.5812,89.5705,2.2404,0.7417,-12.6898,0,0,0,Ready,0,9,7.7418,5.596,0.1007,0,Missed,,2.2131,-12.35,-1.95,11.2,0,0.0079,1.4754,0.3312,0,0
25,PlayerServeHold,None,1,0,52,-0.0551,2.535,-16.75,2.3007,0.695,-12.05,0,Run,0,9,Drive,88.2385,89.724,2.274,0.7536,-12.7255,0.8652,0,0,Ready,0,9,8.4158,6.5752,0.1811,0,Missed,,2.2207,-12.35,-1.95,11.2,0,0.0083,1.6459,0.2742,0,0
26,PlayerServeHold,None,1,0,52,-0.0404,2.535,-16.75,2.3152,0.695,-12.05,0,Run,0,9,Drive,88.0913,89.9816,2.303,0.7506,-12.7231,0.486,0,0,Ready,0,9,9.5311,7.6208,0.1004,0,Missed,,2.2352,-12.35,-1.95,11.2,0,0.0085,1.5388,0.2699,0,0
27,PlayerServeHold,None,1,0,52,-0.0264,2.535,-16.75,2.3221,0.695,-12.05,0,Run,0,9,Drive,88.1581,90.3466,2.325,0.7552,-12.7179,0.3363,0,0,Ready,0,9,10.8203,8.6725,0.2503,0,Missed,,2.2421,-12.35,-1.95,11.2,0,0.0087,1.6962,0.3323,0,0
28,PlayerServeHold,None,1,0,52,-0.0124,2.535,-16.75,2.3353,0.695,-12.05,0,Run,0,9,Drive,88.3892,90.7885,2.3527,0.7574,-12.7122,0.3292,0,0,Ready,0,9,12.191,9.7098,0.4794,0,Missed,,2.2553,-12.35,-1.95,11.2,0,0.0087,1.5787,0.4282,0,0
29,PlayerServeHold,None,1,0,52,0.0009,2.535,-16.75,2.3416,0.695,-12.05,0,Run,0,9,Drive,88.8184,91.3135,2.373,0.7561,-12.707,0.1582,0,0,Ready,0,9,13.3731,10.5762,0.4165,0,Missed,,2.2616,-12.35,-1.95,11.2,0,0.0087,1.7287,0.5313,0,0
30,PlayerServeHold,None,1,0,52,0.0142,2.535,-16.75,2.3535,0.695,-12.05,0,Run,0,9,Drive,89.3793,91.8845,2.3983,0.7564,-12.7038,0.159,0,0,Ready,0,9,14.089,11.1779,0,0,Missed,,2.2735,-12.35,-1.95,11.2,0,0.0087,1.6047,0.6193,0,0
31,PlayerServeHold,None,1,0,52,0.0269,2.535,-16.75,2.3591,0.695,-12.05,0,Run,0,9,Drive,90.0095,92.4516,2.416,0.7501,-12.6574,0.411,0,0,Ready,0,9,14.3623,11.4424,0,0,Missed,,2.2791,-12.35,-1.95,11.2,0,0.0086,1.7497,0.6896,0,0
32,PlayerServeHold,None,1,0,52,0.0394,2.535,-16.75,2.3698,0.695,-12.05,0,Run,0,9,Drive,90.5529,92.9081,2.4332,0.754,-12.6508,0.2456,0,0,Ready,0,9,14.0419,11.2386,0,0,Missed,,2.2898,-12.35,-1.95,11.2,0,0.0086,1.6217,0.728,0,0
33,PlayerServeHold,None,1,0,52,0.0514,2.535,-16.75,2.3748,0.695,-12.05,0,Run,0,9,Drive,91.0274,93.2461,2.4461,0.7577,-12.6392,0.1353,0,0,Ready,0,9,13.398,10.7016,0,0,Missed,,2.2948,-12.35,-1.95,11.2,0,0.0086,1.7642,0.7452,0,0
34,PlayerServeHold,None,1,0,52,0.0631,2.535,-16.75,2.3842,0.695,-12.05,0,Run,0,9,Drive,91.4135,93.4133,2.4754,0.7639,-12.6109,0.2764,0,0,Ready,0,9,12.5744,9.8476,0,0,Missed,,2.3042,-12.35,-1.95,11.2,0,0.0085,1.6338,0.7395,0,0
35,PlayerServeHold,None,1,0,52,0.0743,2.535,-16.75,2.3885,0.695,-12.05,0,Run,0,9,Drive,91.7633,93.4342,2.499,0.7739,-12.5817,0.3513,0,0,Ready,0,9,11.7343,8.8137,6.8594,0,Missed,,2.3085,-12.35,-1.95,11.2,0,0.0086,1.7748,0.7275,0,0
36,PlayerServeHold,None,1,0,52,0.0852,2.535,-16.75,2.3966,0.695,-12.05,0,Run,0,9,Drive,92.1431,93.3079,2.5086,0.7781,-12.5813,0.4171,0,0,Ready,0,9,11.0871,7.6728,0.6666,0,Missed,,2.3166,-12.35,-1.95,11.2,0,0.0086,1.6429,0.728,0,0
37,PlayerServeHold,None,1,0,52,0.0956,2.535,-16.75,2.4004,0.695,-12.05,0,Run,0,9,Drive,92.5589,93.0862,2.512,0.7877,-12.6267,0.4485,0,0,Ready,0,9,10.5734,6.5337,2.672,0,Missed,,2.3204,-12.35,-1.95,11.2,0,0.0086,1.7836,0.7534,0,0
38,PlayerServeHold,None,1,0,52,0.1057,2.535,-16.75,2.4072,0.695,-12.05,0,Run,0,9,Drive,93.003,92.8277,2.5365,0.7958,-12.5621,0.5074,0,0,Ready,0,9,10.1797,5.5103,0.6964,0,Missed,,2.3272,-12.35,-1.95,11.2,0,0.0086,1.651,0.7755,0,0
39,PlayerServeHold,None,1,0,52,0.1153,2.535,-16.75,2.4103,0.695,-12.05,0,Run,0,9,Drive,93.5472,92.5984,2.5556,0.8098,-12.5379,0.5051,0,0,Ready,0,9,9.9809,4.671,0.6612,0,Missed,,2.3303,-12.35,-1.95,11.2,0,0.0087,1.7924,0.7998,0,0
40,PlayerServeHold,None,1,0,52,0.1246,2.535,-16.75,2.4158,0.695,-12.05,0,Run,0,9,Drive,94.2481,92.4956,2.5509,0.81,-12.5706,1.3352,0,0,Ready,0,9,10.0526,4.1372,0.4951,0,Missed,,2.3358,-12.35,-1.95,11.2,0,0.0087,1.659,0.8027,0,0
41,PlayerServeHold,None,1,0,52,0.1333,2.535,-16.75,2.4182,0.695,-12.05,0,Run,0,9,Drive,95.1247,92.5438,2.5425,0.8094,-12.5551,4.9129,0,0,Ready,0,9,10.3566,3.8787,0.1737,0,Missed,,2.3382,-12.35,-1.95,11.2,0,0.0088,1.8023,0.7868,0,0
42,PlayerServeHold,None,1,0,52,0.1417,2.535,-16.75,2.4224,0.695,-12.05,0,Run,0,9,Drive,96.1746,92.8016,2.5699,0.8132,-12.5542,0.5491,0,0,Ready,0,9,10.8702,3.9338,0.4349,0,Missed,,2.3424,-12.35,-1.95,11.2,0,0.0088,1.6689,0.7359,0,0
43,PlayerServeHold,None,1,0,52,0.1496,2.535,-16.75,2.3871,0.695,-12.0425,0,Run,0,9,Drive,90.4694,86.2954,2.6113,0.8185,-12.4697,0.3638,0,0,Ready,0,9,11.631,4.241,0.7024,0,Missed,,2.3442,-12.35,-1.95,11.2,0,0.0088,1.8156,0.6907,0,0
44,PlayerServeHold,None,1,0,52,0.1571,2.535,-16.75,2.3521,0.695,-12.0396,0,Run,0,9,Drive,85.1055,79.9901,2.6246,0.8063,-12.4436,0.6148,0,0,Ready,0,9,12.7348,4.7662,0.7775,0,Missed,,2.3471,-12.35,-1.95,11.2,0,0.0088,1.6833,0.6857,0,0
45,PlayerServeHold,None,1,0,52,0.1641,2.535,-16.75,2.3155,0.695,-12.0413,0,Run,0,9,Drive,79.9635,73.8611,2.6311,0.7925,-12.4208,0.7918,0,0,Ready,0,9,13.9724,5.4257,0.7563,0,Missed,,2.3483,-12.35,-1.95,11.2,0,0.0089,1.8378,0.699,0,0
46,PlayerServeHold,None,1,0,52,0.1707,2.535,-16.75,2.2798,0.695,-12.0476,0,Run,0,9,Drive,74.8977,67.7957,2.6461,0.7867,-12.3605,0.967,0,0,Ready,0,9,15.2282,6.1404,0.6589,0,Missed,,2.35,-12.35,-1.95,11.2,0,0.0088,1.5387,0.7083,0,0
47,PlayerServeHold,None,1,0,52,0.1768,2.535,-16.75,2.2435,0.695,-12.0584,0,Serve prepare 0.00,0,9,Drive,69.2188,59.7645,2.635,0.7818,-12.284,1.3785,0.2083,0.1667,Ready,0,9,16.3691,6.9047,0.5519,0,Missed,,2.35,-12.35,-1.95,11.2,0,0.0076,1.8716,2.4955,0,0
48,PlayerServeHold,None,1,0,52,0.1824,2.535,-16.75,2.2087,0.695,-12.0735,0,Serve prepare 0.00,0,9,Drive,65.2967,52.9951,2.6166,0.7714,-12.2756,1.3102,0.4167,0.3333,Ready,0,9,17.2331,7.7194,0.419,0,Missed,,2.35,-12.35,-1.95,11.2,0,0.0058,1.5762,3.9239,0,0
49,PlayerServeHold,None,1,0,52,0.1876,2.535,-16.75,2.1761,0.695,-12.0928,0,Serve prepare 0.00,0,9,Drive,63.1556,47.4859,2.5553,0.7633,-12.2562,0,0.625,0.5,Ready,0,9,17.8413,8.5493,0.2807,0,Missed,,2.35,-12.35,-1.95,11.2,0,0.0039,1.0033,5.0831,0,0
50,PlayerServeHold,None,1,0,52,0.1924,2.535,-16.75,2.146,0.695,-12.1159,0,Serve prepare 0.00,0,9,Drive,62.5372,43.0184,2.5273,0.7539,-12.2487,0,0.8333,0.6667,Ready,0,9,18.1145,9.3661,0.0337,0,Missed,,2.35,-12.35,-1.95,11.2,0,0.0021,0.6025,5.9916,0,0
51,PlayerServeHold,None,1,0,52,0.1968,2.535,-16.75,2.119,0.695,-12.1425,0,Serve prepare 0.00,0,9,Drive,63.328,39.9206,2.5071,0.746,-12.2533,0,1,0.8333,Ready,0,9,18.2035,10.1682,0.0759,0,Missed,,2.35,-12.35,-1.95,11.2,0,0.0006,0.3264,6.0785,0,0
52,PlayerServeHold,None,1,0,52,0.2009,2.535,-16.75,2.0955,0.695,-12.1722,0,Serve prepare 0.00,0,9,Drive,65.3007,39.7513,2.503,0.7449,-12.2798,0,1,1,Ready,0,9,18.1741,10.9205,0.0335,0,Missed,,2.35,-12.35,-1.95,11.2,0,-0.0005,0.1403,3.779,0,0
53,PlayerServeHold,None,1,0,52,0.2047,2.535,-16.75,2.0757,0.695,-12.2046,0,Serve prepare 0.00,0,9,Drive,67.6272,40.361,2.5061,0.7462,-12.3081,0,1,1,Ready,0,9,18.1651,11.6169,0.0488,0,Missed,,2.35,-12.35,-1.95,11.2,0,-0.0012,0.0184,1.9115,0,0
54,PlayerServeHold,None,1,0,52,0.2082,2.535,-16.75,2.06,0.695,-12.2391,0,Serve prepare 0.00,0,9,Drive,70.6081,41.4653,2.5391,0.7496,-12.3403,0,1,1,Ready,0,9,18.3692,12.2038,0.04,0,Missed,,2.35,-12.35,-1.95,11.2,0,-0.0015,0,1.5107,0,0
55,PlayerServeHold,None,1,0,52,0.2114,2.535,-16.75,2.5046,0.875,-11.9843,0,Serve prepare 0.00,0,9,Drive,74.7848,43.7116,2.5538,0.7521,-12.3643,0,1,1,Ready,0,9,18.6394,12.6843,0.0397,0,Missed,,2.35,-12.35,-1.95,11.2,0,-0.0015,0,1.9274,0,0
56,PlayerServeHold,None,1,0,52,0.2144,2.535,-16.75,2.4917,0.875,-11.9792,0,Serve prepare 0.00,0,9,Drive,84.3014,51.2472,2.545,0.7533,-12.3884,0,1,1,Ready,0,9,18.9414,13.0779,0.0174,0,Missed,,2.35,-12.35,-1.95,11.2,0,-0.0013,0,2.1958,0,0
57,PlayerServeHold,None,1,0,52,0.2171,2.535,-16.75,2.4787,0.875,-11.9745,0,Serve prepare 0.00,0,9,Drive,91.8937,57.0438,2.5571,0.7537,-12.4128,0,1,1,Ready,0,9,19.1567,13.314,0.0852,0,Missed,,2.35,-12.35,-1.95,11.2,0,-0.001,0,2.2801,0,0
58,PlayerServeHold,None,1,0,52,0.2196,2.535,-16.75,2.4655,0.875,-11.9702,0,Serve prepare 0.00,0,9,Drive,96.8348,60.6989,2.5995,0.7644,-12.4329,0,1,1,Ready,0,9,19.1721,13.3641,0.2353,0,Missed,,2.35,-12.35,-1.95,11.2,0,-0.0007,0,2.1674,0,0
59,PlayerServeHold,None,1,0,52,0.222,2.535,-16.75,2.4522,0.875,-11.9664,0,Serve prepare 0.00,0,9,Drive,99.6762,62.6256,2.6067,0.7633,-12.4455,0,1,1,Ready,0,9,18.9766,13.2216,0.1342,0,Missed,,2.35,-12.35,-1.95,11.2,0,-0.0004,0,1.8422,0,0
60,PlayerServeHold,None,1,0,52,0.2241,2.535,-16.75,2.4387,0.8533,-11.9631,0,Serve prepare 0.00,0,9,Drive,100.9559,63.2628,2.6161,0.7619,-12.4483,0,1,1,Ready,0,9,18.4819,12.8695,0.1481,0,Missed,,2.35,-12.35,-1.95,11.2,0,-0.0001,0,1.3842,0,0
61,PlayerServeHold,None,1,0,52,0.2261,2.535,-16.75,2.4252,0.8422,-11.9602,0,Serve prepare 0.00,0,9,Drive,101.1524,63.0005,2.624,0.7611,-12.4469,0,1,1,Ready,0,9,17.8224,12.3726,0.2526,0,Missed,,2.35,-12.35,-1.95,11.2,0,0.0001,0,0.9048,0,0
62,PlayerServeHold,None,1,0,52,0.228,2.535,-16.75,2.4115,0.82,-11.9578,0,Serve prepare 0.00,0,9,Drive,100.6131,62.1363,2.6298,0.7606,-12.4432,0,1,1,Ready,0,9,17.0527,11.75,0.5304,0,Missed,,2.35,-12.35,-1.95,11.2,0,0.0002,0,0.5338,0,0
63,PlayerServeHold,None,1,0,52,0.2296,2.535,-16.75,2.3978,0.8089,-11.9559,0,Serve prepare 0.00,0,9,Drive,99.5872,60.8835,2.6227,0.7486,-12.4496,0,1,1,Ready,0,9,16.2914,11.0905,0.4936,0,Missed,,2.35,-12.35,-1.95,11.2,0,0.0002,0,0.4563,0,0
64,PlayerServeHold,None,1,0,52,0.2312,2.535,-16.75,2.384,0.7729,-11.9545,0,Serve prepare 0.00,0,9,Drive,98.2438,59.3882,2.6272,0.7484,-12.4428,0,1,1,Ready,0,9,15.6542,10.445,0.2095,0,Missed,,2.35,-12.35,-1.95,11.2,0,0.0003,0,0.5974,0,0
65,PlayerServeHold,None,1,0,52,0.2327,2.535,-16.75,2.3702,0.7429,-11.9535,0,Serve prepare 0.00,0,9,Drive,96.6941,57.7478,2.6308,0.7483,-12.4352,0,1,1,Ready,0,9,15.164,9.8785,0.1832,0,Missed,,2.35,-12.35,-1.95,11.2,0,0.0002,0,0.7231,0,0
66,PlayerServeHold,None,1,0,52,0.234,2.535,-16.75,2.3702,0.6808,-11.9535,0,Serve prepare 0.00,0,9,Drive,97.0122,58.0257,2.6309,0.7482,-12.4368,0,1,1,Ready,0,9,14.8895,9.4747,0.2324,0,Missed,,2.35,-12.35,-1.95,11.2,0,0.0002,0,0.7672,0,0
67,PlayerServeHold,None,1,0,52,0.2352,2.535,-16.75,2.3702,0.6487,-11.9535,0,Serve prepare 0.00,0,9,Drive,97.2461,58.2595,2.6417,0.76,-12.4253,0,1,1,Ready,0,9,14.792,9.1919,0.2835,0,Missed,,2.35,-12.35,-1.95,11.2,0,0.0001,0,0.7359,0,0
68,PlayerServeHold,None,1,0,52,0.2364,2.535,-16.75,2.3702,0.5826,-11.9535,0,Serve prepare 0.00,0,9,Drive,97.4247,58.4708,2.6411,0.7597,-12.4266,0,1,1,Ready,0,9,14.8786,9.0323,0.3487,0,Missed,,2.35,-12.35,-1.95,11.2,0,0.0001,0,0.6429,0,0
69,PlayerServeHold,None,1,0,52,0.2374,2.535,-16.75,2.3702,0.5485,-11.9535,0,Serve prepare 0.00,0,9,Drive,97.6509,58.7398,2.6404,0.7592,-12.4282,0,1,1,Ready,0,9,15.0847,8.9571,0.3044,0,Missed,,2.35,-12.35,-1.95,11.2,0,0,0,0.5113,0,0
70,PlayerServeHold,None,1,0,52,0.2384,2.535,-16.75,2.3702,0.4782,-11.9535,0,Serve prepare 0.00,0,9,Drive,97.7425,58.9063,2.6394,0.7587,-12.4295,0,1,1,Ready,0,9,15.3643,8.9531,0.2199,0,Missed,,2.35,-12.35,-1.95,11.2,0,0,0,0.3856,0,0
71,PlayerServeHold,None,1,0,52,0.2393,2.535,-16.75,2.3702,0.4421,-11.9535,0,Serve prepare 0.00,0,9,Drive,97.8336,59.0793,2.6385,0.7582,-12.4308,0,1,1,Ready,0,9,15.6864,8.9686,0.1203,0,Missed,,2.35,-12.35,-1.95,11.2,0,0,0,0.2712,0,0
72,PlayerServeHold,None,1,0,52,0.2401,2.535,-16.75,2.3702,0.3677,-11.9535,0,Serve prepare 0.00,0,9,Drive,97.9242,59.2545,2.6375,0.7577,-12.4321,0,1,1,Ready,0,9,16.0086,8.9362,0.255,0,Missed,,2.35,-12.35,-1.95,11.2,0,0,0,0.2056,0,0
73,PlayerServeHold,None,1,0,52,0.2409,2.535,-16.75,2.3702,0.3295,-11.9535,0,Serve prepare 0.00,0,9,Drive,98.0141,59.4284,2.6367,0.7572,-12.4335,0,1,1,Ready,0,9,16.3339,8.9045,0.4239,0,Missed,,2.35,-12.35,-1.95,11.2,0,0,0,0.2017,0,0
74,PlayerServeHold,None,1,0,52,0.2416,2.535,-16.75,2.3702,0.2511,-11.9535,0,Serve prepare 0.00,0,9,Drive,98.1019,59.5978,2.636,0.7567,-12.4349,0,1,1,Ready,0,9,16.6462,8.9053,0.6252,0,Missed,,2.35,-12.35,-1.95,11.2,0,0,0,0.2238,0,0
75,PlayerServeHold,None,1,0,52,0.2422,2.535,-16.75,2.3702,0.2109,-11.9535,0,Serve prepare 0.00,0,9,Drive,98.1896,59.761,2.6353,0.7562,-12.4364,0,1,1,Ready,0,9,16.9638,8.9243,0.5181,0,Missed,,2.35,-12.35,-1.95,11.2,0,0,0,0.2471,0,0
76,PlayerServeHold,None,1,0,52,0.2428,2.535,-16.75,2.3702,0.1397,-11.9535,0,Serve prepare 0.00,0,9,Drive,98.2781,59.9169,2.6348,0.7558,-12.4379,0,1,1,Ready,0,9,17.3102,8.9416,0.1825,0,Missed,,2.35,-12.35,-1.95,11.2,0,0,0,0.2502,0,0
77,PlayerServeHold,None,1,0,52,0.2434,2.535,-16.75,2.3702,0.1685,-11.9535,0,Serve prepare 0.00,0,9,Drive,98.3659,60.0655,2.6343,0.7554,-12.4394,0,1,1,Ready,0,9,17.6474,9.0075,0.0739,0,Missed,,2.35,-12.35,-1.95,11.2,0,0,0,0.2439,0,0
78,PlayerServeHold,None,1,0,52,0.2439,2.535,-16.75,2.3702,0.2241,-11.9535,0,Serve prepare 0.00,0,9,Drive,98.4526,60.2085,2.6339,0.7551,-12.4408,0,1,1,Ready,0,9,17.9561,9.1917,0.2432,0,Missed,,2.35,-12.35,-1.95,11.2,0,0,0,0.2273,0,0
79,PlayerServeHold,None,1,0,52,0.2443,2.535,-16.75,2.3702,0.2509,-11.9535,0,Serve prepare 0.00,0,9,Drive,98.5383,60.3463,2.6335,0.7548,-12.4421,0,1,1,Ready,0,9,18.2142,9.4257,0.226,0,Missed,,2.35,-12.35,-1.95,11.2,0,0,0,0.2017,0,0
80,PlayerServeHold,None,1,0,52,0.2448,2.535,-16.75,2.3702,0.3024,-11.9535,0,Serve prepare 0.00,0,9,Drive,98.6227,60.4801,2.6331,0.7546,-12.4435,0,1,1,Ready,0,9,18.3912,9.6561,0.0496,0,Missed,,2.35,-12.35,-1.95,11.2,0,0,0,0.1813,0,0
81,PlayerServeHold,None,1,0,52,0.2452,2.535,-16.75,2.3702,0.3272,-11.9535,0,Serve prepare 0.00,0,9,Drive,98.7049,60.6104,2.6327,0.7543,-12.4448,0,1,1,Ready,0,9,18.5023,9.9155,0.1312,0,Missed,,2.35,-12.35,-1.95,11.2,0,0,0,0,0,0
82,PlayerServeHold,None,1,0,52,0.2455,2.535,-16.75,2.3702,0.3746,-11.9535,0,Serve prepare 0.00,0,9,Drive,98.7913,60.7366,2.6324,0.754,-12.4461,0,1,1,Ready,0,9,18.542,10.2313,0.1336,0,Missed,,2.35,-12.35,-1.95,11.2,0,0,0,0,0,0
83,PlayerServeHold,None,1,0,52,0.2459,2.535,-16.75,2.3702,0.3973,-11.9535,0,Serve prepare 0.00,0,9,Drive,98.8771,60.8597,2.632,0.7537,-12.4473,0,1,1,Ready,0,9,18.5403,10.5458,0.1092,0,Missed,,2.35,-12.35,-1.95,11.2,0,0,0,0,0,0
84,PlayerServeHold,None,1,0,52,0.2462,2.535,-16.75,2.3702,0.4407,-11.9535,0,Serve prepare 0.00,0,9,Drive,98.9612,60.98,2.6316,0.7535,-12.4485,0,1,1,Ready,0,9,18.5105,10.7928,0.0302,0,Missed,,2.35,-12.35,-1.95,11.2,0,0,0,0,0,0
85,PlayerServeHold,None,1,0,52,0.2465,2.535,-16.75,2.3702,0.4614,-11.9535,0,Serve prepare 0.00,0,9,Drive,99.0436,61.0998,2.6311,0.7532,-12.4496,0,1,1,Ready,0,9,18.489,11.0044,0.0129,0,Missed,,2.35,-12.35,-1.95,11.2,0,0,0,0,0,0
86,PlayerServeHold,None,1,0,52,0.2468,2.535,-16.75,2.3702,0.5006,-11.9535,0,Serve prepare 0.00,0,9,Drive,99.124,61.2182,2.6306,0.753,-12.4506,0,1,1,Ready,0,9,18.531,11.1965,0.0148,0,Missed,,2.35,-12.35,-1.95,11.2,0,0,0,0,0,0
87,PlayerServeHold,None,1,0,52,0.247,2.535,-16.75,2.3702,0.5192,-11.9535,0,Serve prepare 0.00,0,9,Drive,99.2025,61.3353,2.6302,0.7527,-12.4516,0,1,1,Ready,0,9,18.5796,11.328,0.0133,0,Missed,,2.35,-12.35,-1.95,11.2,0,0,0,0,0,0
88,PlayerServeHold,None,1,0,52,0.2472,2.535,-16.75,2.3702,0.5544,-11.9535,0,Serve prepare 0.00,0,9,Drive,99.2791,61.4515,2.6296,0.7525,-12.4527,0,1,1,Ready,0,9,18.6071,11.3661,0.0152,0,Missed,,2.35,-12.35,-1.95,11.2,0,0,0,0,0,0
89,PlayerServeHold,None,1,0,52,0.2475,2.535,-16.75,2.3702,0.571,-11.9535,0,Serve prepare 0.00,0,9,Drive,99.3538,61.5661,2.629,0.7522,-12.4536,0,1,1,Ready,0,9,18.5942,11.3251,0.0161,0,Missed,,2.35,-12.35,-1.95,11.2,0,0,0,0,0,0
90,PlayerServeHold,None,1,0,52,0.2477,2.535,-16.75,2.3702,0.6021,-11.9535,0,Serve prepare 0.00,0,9,Drive,99.4269,61.6786,2.6282,0.7518,-12.4546,0,1,1,Ready,0,9,18.4965,11.208,0.0061,0,Missed,,2.35,-12.35,-1.95,11.2,0,0,0,0,0,0
91,PlayerServeHold,None,1,0,52,0.2478,2.535,-16.75,2.3702,0.6166,-11.9535,0,Serve prepare 0.00,0,9,Drive,99.4979,61.7887,2.6275,0.7514,-12.4556,0,1,1,Ready,0,9,18.3709,11.0476,0.0058,0,Missed,,2.35,-12.35,-1.95,11.2,0,0,0,0,0,0
92,PlayerServeHold,None,1,0,52,0.248,2.535,-16.75,2.3702,0.6436,-11.9535,0,Serve prepare 0.00,0,9,Drive,99.5667,61.8959,2.6268,0.751,-12.4566,0,1,1,Ready,0,9,18.2445,10.8739,0.0122,0,Missed,,2.35,-12.35,-1.95,11.2,0,0,0,0,0,0
93,PlayerServeHold,None,1,0,52,0.2482,2.535,-16.75,2.3702,0.6561,-11.9535,0,Serve prepare 0.00,0,9,Drive,99.6332,62.001,2.6261,0.7507,-12.4576,0,1,1,Ready,0,9,18.1496,10.7033,0.0153,0,Missed,,2.35,-12.35,-1.95,11.2,0,0,0,0,0,0
94,PlayerServeHold,None,1,0,52,0.2483,2.535,-16.75,2.3702,0.679,-11.9535,0,Serve prepare 0.00,0,9,Drive,99.6975,62.1031,2.6255,0.7503,-12.4586,0,1,1,Ready,0,9,18.1099,10.5471,0.0201,0,Missed,,2.35,-12.35,-1.95,11.2,0,0,0,0,0,0
95,PlayerServeHold,None,1,0,52,0.2484,2.535,-16.75,2.3702,0.6895,-11.9535,0,Serve prepare 0.00,0,9,Drive,99.7594,62.2023,2.625,0.7499,-12.4595,0,1,1,Ready,0,9,18.168,10.4399,0.0131,0,Missed,,2.35,-12.35,-1.95,11.2,0,0,0,0,0,0
96,PlayerServeHold,None,1,0,52,0.2485,2.535,-16.75,2.3702,0.7083,-11.9535,0,Serve prepare 0.00,0,9,Drive,99.8188,62.2983,2.6245,0.7496,-12.4605,0,1,1,Ready,0,9,18.4111,10.4302,0.0123,0,Missed,,2.35,-12.35,-1.95,11.2,0,0,0,0,0,0
97,PlayerServeHold,None,1,0,52,0.2487,2.535,-16.75,2.3702,0.7167,-11.9535,0,Serve prepare 0.00,0,9,Drive,99.8755,62.3905,2.6242,0.7493,-12.4614,0,1,1,Ready,0,9,18.7096,10.4565,0.0173,0,Missed,,2.35,-12.35,-1.95,11.2,0,0,0,0,0,0
98,PlayerServeHold,None,1,0,52,0.2488,2.535,-16.75,2.3702,0.7315,-11.9535,0,Serve prepare 0.00,0,9,Drive,99.9298,62.4788,2.6239,0.749,-12.4624,0,1,1,Ready,0,9,18.9691,10.478,0.0093,0,Missed,,2.35,-12.35,-1.95,11.2,0,0,0,0,0,0
99,PlayerServeHold,None,1,0,52,0.2489,2.535,-16.75,2.3702,0.7378,-11.9535,0,Serve prepare 0.00,0,9,Drive,99.9792,62.5636,2.6237,0.7488,-12.4632,0,1,1,Ready,0,9,19.2058,10.5126,0.0074,0,Missed,,2.35,-12.35,-1.95,11.2,0,0,0,0,0,0
100,PlayerServeHold,None,1,0,52,0.2489,2.535,-16.75,2.3702,0.7485,-11.9535,0,Serve prepare 0.00,0,9,Drive,100.0254,62.6445,2.6235,0.7485,-12.464,0,1,1,Ready,0,9,19.3918,10.5598,0.0166,0,Missed,,2.35,-12.35,-1.95,11.2,0,0,0,0,0,0
101,PlayerServeHold,None,1,0,52,0.249,2.535,-16.75,2.3702,0.7528,-11.9535,0,Serve prepare 0.00,0,9,Drive,100.069,62.7216,2.6234,0.7484,-12.4648,0,1,1,Ready,0,9,19.5669,10.645,0.0179,0,Missed,,2.35,-12.35,-1.95,11.2,0,0,0,0,0,0
102,PlayerServeHold,None,1,0,52,0.2491,2.535,-16.75,2.3702,0.7594,-11.9535,0,Serve prepare 0.00,0,9,Drive,100.1102,62.7947,2.6233,0.7482,-12.4655,0,1,1,Ready,0,9,19.7579,10.7937,0.0116,0,Missed,,2.35,-12.35,-1.95,11.2,0,0,0,0,0,0
103,PlayerServeHold,None,1,0,52,0.2492,2.535,-16.75,2.3702,0.7616,-11.9535,0,Serve prepare 0.00,0,9,Drive,100.1488,62.8637,2.6233,0.7481,-12.4661,0,1,1,Ready,0,9,19.9661,10.9929,0.0098,0,Missed,,2.35,-12.35,-1.95,11.2,0,0,0,0,0,0
104,PlayerServeHold,None,1,0,52,0.2492,2.535,-16.75,2.3702,0.7641,-11.9535,0,Serve prepare 0.00,0,9,Drive,100.1849,62.9287,2.6233,0.748,-12.4667,0,1,1,Ready,0,9,20.2091,11.2376,0.0099,0,Missed,,2.35,-12.35,-1.95,11.2,0,0,0,0,0,0
105,PlayerServeHold,None,1,0,52,0.2493,2.535,-16.75,2.3702,0.7644,-11.9535,0,Serve prepare 0.00,0,9,Drive,100.2184,62.9899,2.6233,0.748,-12.4672,0,1,1,Ready,0,9,20.4621,11.5158,0.0096,0,Missed,,2.35,-12.35,-1.95,11.2,0,0,0,0,0,0
106,PlayerServeHold,None,1,0,52,0.2493,2.535,-16.75,2.3702,0.7675,-11.9535,0,Serve prepare 0.00,0,9,Drive,100.2492,63.0471,2.6234,0.748,-12.4676,0,1,1,Ready,0,9,20.7525,11.8444,0.0058,0,Missed,,2.35,-12.35,-1.95,11.2,0,0,0,0,0,0
107,PlayerServeHold,None,1,0,52,0.2494,2.535,-16.75,2.3702,0.7708,-11.9535,0,Serve prepare 0.00,0,9,Drive,100.2774,63.1001,2.6235,0.748,-12.468,0,1,1,Ready,0,9,20.9432,12.1261,0.008,0,Missed,,2.35,-12.35,-1.95,11.2,0,0,0,0,0,0
108,PlayerServeHold,None,1,0,52,0.2494,2.535,-16.75,2.3702,0.7804,-11.9535,0,Serve prepare 0.00,0,9,Drive,100.3029,63.1489,2.6235,0.748,-12.4684,0,1,1,Ready,0,9,20.919,12.2833,0.0117,0,Missed,,2.35,-12.35,-1.95,11.2,0,0,0,0,0,0
109,PlayerServeHold,None,1,0,52,0.2495,2.535,-16.75,2.3702,0.7863,-11.9535,0,Serve prepare 0.00,0,9,Drive,100.3257,63.1932,2.6236,0.748,-12.4687,0,1,1,Ready,0,9,20.6821,12.3202,0.0136,0,Missed,,2.35,-12.35,-1.95,11.2,0,0,0,0,0,0
110,PlayerServeHold,None,1,0,52,0.2495,2.535,-16.75,2.3702,0.7999,-11.9535,0,Serve prepare 0.00,0,9,Drive,100.3457,63.2302,2.6237,0.7481,-12.4689,0,1,1,Ready,0,9,20.1689,12.2141,0.0179,0,Missed,,2.35,-12.35,-1.95,11.2,0,0,0,0,0,0
111,PlayerServeHold,None,1,0,52,0.2496,2.535,-16.75,2.3702,0.8073,-11.9535,0,Serve prepare 0.00,0,9,Drive,100.3631,63.2609,2.6238,0.7481,-12.4691,0,1,1,Ready,0,9,19.472,11.9866,0.015,0,Missed,,2.35,-12.35,-1.95,11.2,0,0,0,0,0,0
112,PlayerServeHold,None,1,0,52,0.2496,2.535,-16.75,2.3702,0.8226,-11.9535,0,Serve prepare 0.00,0,9,Drive,100.3777,63.2858,2.6238,0.7481,-12.4693,0,1,1,Ready,0,9,18.6283,11.6285,0.003,0,Missed,,2.35,-12.35,-1.95,11.2,0,0,0,0,0,0
113,PlayerServeHold,None,1,0,52,0.2496,2.535,-16.75,2.3702,0.8302,-11.9535,0,Serve prepare 0.00,0,9,Drive,100.3895,63.3057,2.6239,0.7482,-12.4694,0,1,1,Ready,0,9,17.7207,11.1777,0.0049,0,Missed,,2.35,-12.35,-1.95,11.2,0,0,0,0,0,0
114,PlayerServeHold,None,1,0,52,0.2497,2.535,-16.75,2.3702,0.8448,-11.9535,0,Serve prepare 0.00,0,9,Drive,100.3985,63.3207,2.6239,0.7482,-12.4695,0,1,1,Ready,0,9,16.8058,10.6483,0.0178,0,Missed,,2.35,-12.35,-1.95,11.2,0,0,0,0,0,0
115,PlayerServeHold,None,1,0,52,0.2497,2.535,-16.75,2.3702,0.8515,-11.9535,0,Serve prepare 0.00,0,9,Drive,100.4047,63.3313,2.624,0.7482,-12.4695,0,1,1,Ready,0,9,15.9734,10.0595,0.206,0,Missed,,2.35,-12.35,-1.95,11.2,0,0,0,0,0,0
116,PlayerServeHold,None,1,0,52,0.2497,2.535,-16.75,2.3702,0.863,-11.9535,0,Serve prepare 0.00,0,9,Drive,100.4082,63.3376,2.624,0.7482,-12.4696,0,1,1,Ready,0,9,15.3434,9.4253,0.2927,0,Missed,,2.35,-12.35,-1.95,11.2,0,0,0,0,0,0
117,PlayerServeHold,None,1,0,52,0.2497,2.535,-16.75,2.3702,0.8675,-11.9535,0,Serve prepare 0.00,0,9,Drive,100.4088,63.3398,2.624,0.7482,-12.4696,0,1,1,Ready,0,9,14.8489,8.7335,0.3,0,Missed,,2.35,-12.35,-1.95,11.2,0,0,0,0,0,0
118,PlayerServeHold,None,1,0,52,0.2498,2.535,-16.75,2.3702,0.8736,-11.9535,0,Serve prepare 0.00,0,9,Drive,100.4067,63.338,2.624,0.7482,-12.4696,0,1,1,Ready,0,9,14.4712,7.9835,0.2946,0,Missed,,2.35,-12.35,-1.95,11.2,0,0,0,0,0,0
119,PlayerServeHold,None,1,0,52,0.2498,2.535,-16.75,2.3702,0.8749,-11.9535,0,Serve prepare 0.00,0,9,Drive,100.4017,63.3322,2.624,0.7482,-12.4696,0,1,1,Ready,0,9,14.1972,7.1787,0.1564,0,Missed,,2.35,-12.35,-1.95,11.2,0,0,0,0,0,0
120,PlayerServeHold,None,1,0,52,0.2498,2.535,-16.75,2.3702,0.8575,-11.9535,0,Serve prepare 0.00,0,9,Drive,100.394,63.3227,2.6239,0.7482,-12.4695,0,1,1,Ready,0,9,14.0288,6.3325,0.158,0,Missed,,2.35,-12.35,-1.95,11.2,0,0,0,0,0,0
121,PlayerServeHold,None,1,0,52,0.2498,2.535,-16.75,2.3702,0.8464,-11.9535,0,Serve prepare 0.00,0,9,Drive,100.3834,63.3094,2.6239,0.7482,-12.4694,0,1,1,Ready,0,9,13.9066,5.452,0.2891,0,Missed,,2.35,-12.35,-1.95,11.2,0,0,0,0,0,0
122,PlayerServeHold,None,1,0,52,0.2498,2.535,-16.75,2.3702,0.8242,-11.9535,0,Serve prepare 0.00,0,9,Drive,100.3702,63.2924,2.6238,0.7481,-12.4693,0,1,1,Ready,0,9,13.776,4.5593,0.3528,0,Missed,,2.35,-12.35,-1.95,11.2,0,0,0,0,0,0
123,PlayerServeHold,None,1,0,52,0.2498,2.535,-16.75,2.3702,0.8131,-11.9535,0,Serve prepare 0.00,0,9,Drive,100.3541,63.2717,2.6238,0.7481,-12.4692,0,1,1,Ready,0,9,13.6441,3.67,0.3105,0,Missed,,2.35,-12.35,-1.95,11.2,0,0,0,0,0,0
124,PlayerServeHold,None,1,0,52,0.2498,2.535,-16.75,2.3702,0.784,-11.9535,0,Serve prepare 0.00,0,9,Drive,100.3353,63.2475,2.6237,0.7481,-12.469,0,1,1,Ready,0,9,13.4969,2.8159,0.1029,0,Missed,,2.35,-12.35,-1.95,11.2,0,0,0,0,0,0
125,PlayerServeHold,None,1,0,52,0.2499,2.535,-16.75,2.3702,0.7542,-11.9535,0,Serve prepare 0.00,0,9,Drive,100.3137,63.2162,2.6237,0.7481,-12.4688,0,1,1,Ready,0,9,13.3365,1.9881,0.0416,0,Missed,,2.35,-12.35,-1.95,11.2,0,0,0,0,0,0
126,PlayerServeHold,None,1,0,52,0.2499,2.535,-16.75,2.3702,0.6927,-11.9535,0,Serve prepare 0.00,0,9,Drive,100.2894,63.1777,2.6236,0.7481,-12.4685,0,1,1,Ready,0,9,12.9044,1.4216,0.2466,0,Missed,,2.35,-12.35,-1.95,11.2,0,0,0,0,0,0
127,PlayerServeHold,None,1,0,52,0.2499,2.535,-16.75,2.3702,0.6609,-11.9535,0,Serve prepare 0.00,0,9,Drive,100.2625,63.1322,2.6236,0.7481,-12.4682,0,1,1,Ready,0,9,12.2617,0.7823,0.155,0,Missed,,2.35,-12.35,-1.95,11.2,0,0,0,0,0,0
128,PlayerServeHold,None,1,0,52,0.2499,2.535,-16.75,2.3702,0.5952,-11.9535,0,Serve prepare 0.00,0,9,Drive,100.2329,63.0803,2.6235,0.7481,-12.4678,0,1,1,Ready,0,9,11.0742,-0.1359,0.169,0,Missed,,2.35,-12.35,-1.95,11.2,0,0,0,0,0,0
129,PlayerServeHold,None,1,0,52,0.2499,2.535,-16.75,2.3702,0.5614,-11.9535,0,Serve prepare 0.00,0,9,Drive,100.2006,63.0223,2.6235,0.7481,-12.4673,0,1,1,Ready,0,9,9.6106,-1.137,0.2605,0,Missed,,2.35,-12.35,-1.95,11.2,0,0,0,0,0,0
130,PlayerServeHold,None,1,0,52,0.2499,2.535,-16.75,2.3702,0.4916,-11.9535,0,Serve prepare 0.00,0,9,Drive,100.1657,62.959,2.6235,0.7482,-12.4668,0,1,1,Ready,0,9,7.9016,-2.1781,0.2273,0,Missed,,2.35,-12.35,-1.95,11.2,0,0,0,0,0,0
131,PlayerServeHold,None,1,0,52,0.2499,2.535,-16.75,2.3702,0.4557,-11.9535,0,Serve prepare 0.00,0,9,Drive,100.1283,62.8912,2.6235,0.7483,-12.4662,0,1,1,Ready,0,9,6.2781,-3.1085,0.1961,0,Missed,,2.35,-12.35,-1.95,11.2,0,0,0,0,0,0
132,PlayerServeHold,None,1,0,52,0.2499,2.535,-16.75,2.3702,0.3819,-11.9535,0,Serve prepare 0.00,0,9,Drive,100.0883,62.8193,2.6236,0.7484,-12.4655,0,1,1,Ready,0,9,5.0411,-3.8429,0.1165,0,Missed,,2.35,-12.35,-1.95,11.2,0,0,0,0,0,0
133,PlayerServeHold,None,1,0,52,0.2499,2.535,-16.75,2.3702,0.3439,-11.9535,0,Serve prepare 0.00,0,9,Drive,100.0457,62.7438,2.6236,0.7486,-12.4648,0,1,1,Ready,0,9,4.2034,-4.2968,0.1373,0,Missed,,2.35,-12.35,-1.95,11.2,0,0,0,0,0,0
134,PlayerServeHold,None,1,0,52,0.2499,2.535,-16.75,2.3702,0.266,-11.9535,0,Serve prepare 0.00,0,9,Drive,100.0007,62.6648,2.6238,0.7488,-12.464,0,1,1,Ready,0,9,3.9391,-4.3438,0.2234,0,Missed,,2.35,-12.35,-1.95,11.2,0,0,0,0,0,0
135,PlayerServeHold,None,1,0,52,0.2499,2.535,-16.75,2.3702,0.226,-11.9535,0,Serve prepare 0.00,0,9,Drive,99.9533,62.5827,2.624,0.749,-12.4632,0,1,1,Ready,0,9,4.0327,-4.0683,0.2771,0,Missed,,2.35,-12.35,-1.95,11.2,0,0,0,0,0,0
136,PlayerServeHold,None,1,0,52,0.2499,2.535,-16.75,2.3702,0.144,-11.9535,0,Serve prepare 0.00,0,9,Drive,99.9007,62.498,2.6243,0.7493,-12.4623,0,1,1,Ready,0,9,4.3946,-3.4219,0,0,Missed,,2.35,-12.35,-1.95,11.2,0,0,0,0,0,0
137,PlayerServeHold,None,1,0,52,0.2499,2.535,-16.75,2.3702,0.1577,-11.9535,0,Serve prepare 0.00,0,9,Drive,99.8452,62.4105,2.6246,0.7496,-12.4614,0,1,1,Ready,0,9,4.8716,-2.5706,0,0,Missed,,2.35,-12.35,-1.95,11.2,0,0,0,0,0,0
138,PlayerServeHold,None,1,0,52,0.2499,2.535,-16.75,2.3702,0.2139,-11.9535,0,Serve prepare 0.00,0,9,Drive,99.7869,62.3199,2.625,0.7499,-12.4605,0,1,1,Ready,0,9,5.2882,-1.5987,0,0,Missed,,2.35,-12.35,-1.95,11.2,0,0,0,0,0,0
139,PlayerServeHold,None,1,0,52,0.25,2.535,-16.75,2.3702,0.2409,-11.9535,0,Serve prepare 0.00,0,9,Drive,99.7262,62.226,2.6255,0.7502,-12.4595,0,1,1,Ready,0,9,5.677,-0.5858,0,0,Missed,,2.35,-12.35,-1.95,11.2,0,0,0,0,0,0
140,PlayerServeHold,None,1,0,52,0.25,2.535,-16.75,2.3702,0.293,-11.9535,0,Serve prepare 0.00,0,9,Drive,99.663,62.1287,2.6261,0.7506,-12.4586,0,1,1,Ready,0,9,6.0133,0.366,0,0,Missed,,2.35,-12.35,-1.95,11.2,0,0,0,0,0,0
141,PlayerServeHold,None,1,0,52,0.25,2.535,-16.75,2.3702,0.318,-11.9535,0,Serve prepare 0.00,0,9,Drive,99.5975,62.028,2.6267,0.751,-12.4576,0,1,1,Ready,0,9,6.2993,1.242,0,0,Missed,,2.35,-12.35,-1.95,11.2,0,0,0,0,0,0
142,PlayerServeHold,None,1,0,52,0.25,2.535,-16.75,2.3702,0.3659,-11.9535,0,Serve prepare 0.00,0,9,Drive,99.5297,61.9244,2.6274,0.7513,-12.4566,0,1,1,Ready,0,9,6.529,1.9795,0,0,Missed,,2.35,-12.35,-1.95,11.2,0,0,0,0,0,0
143,PlayerServeHold,None,1,0,52,0.25,2.535,-16.75,2.3702,0.3889,-11.9535,0,Serve prepare 0.00,0,9,Drive,99.4598,61.8181,2.6281,0.7517,-12.4556,0,1,1,Ready,0,9,6.7033,2.5873,0,0,Missed,,2.35,-12.35,-1.95,11.2,0,0,0,0,0,0
144,PlayerServeHold,None,1,0,52,0.25,2.535,-16.75,2.3702,0.4328,-11.9535,0,Serve prepare 0.00,0,9,Drive,99.3876,61.709,2.6289,0.7521,-12.4547,0,1,1,Ready,0,9,6.8369,3.0508,0,0,Missed,,2.35,-12.35,-1.95,11.2,0,0,0,0,0,0
145,PlayerServeHold,None,1,0,52,0.25,2.535,-16.75,2.3702,0.4537,-11.9535,0,Serve prepare 0.00,0,9,Drive,99.3135,61.5971,2.6295,0.7524,-12.4537,0,1,1,Ready,0,9,6.8772,3.3588,0,0,Missed,,2.35,-12.35,-1.95,11.2,0,0,0,0,0,0
146,PlayerServeHold,None,1,0,52,0.25,2.535,-16.75,2.3702,0.4935,-11.9535,0,Serve prepare 0.00,0,9,Drive,99.2379,61.482,2.6301,0.7527,-12.4527,0,1,1,Ready,0,9,6.7225,3.4796,0,0,Missed,,2.35,-12.35,-1.95,11.2,0,0,0,0,0,0
147,PlayerServeHold,None,1,0,52,0.25,2.535,-16.75,2.3702,0.5123,-11.9535,0,Serve prepare 0.00,0,9,Drive,99.1603,61.3638,2.6306,0.7529,-12.4517,0,1,1,Ready,0,9,6.553,3.4901,0.2191,0,Missed,,2.35,-12.35,-1.95,11.2,0,0,0,0,0,0
148,PlayerServeHold,None,1,0,52,0.25,2.535,-16.75,2.3702,0.548,-11.9535,0,Serve prepare 0.00,0,9,Drive,99.0808,61.2424,2.6311,0.7532,-12.4506,0,1,1,Ready,0,9,6.528,3.3984,0.7233,0,Missed,,2.35,-12.35,-1.95,11.2,0,0,0,0,0,0
149,PlayerServeHold,None,1,0,52,0.25,2.535,-16.75,2.3702,0.5649,-11.9535,0,Serve prepare 0.00,0,9,Drive,98.9993,61.118,2.6316,0.7535,-12.4495,0,1,1,Ready,0,9,6.5676,3.3312,0.7252,0,Missed,,2.35,-12.35,-1.95,11.2,0,0,0,0,0,0
150,PlayerServeHold,None,1,0,52,0.25,2.535,-16.75,2.3702,0.5965,-11.9535,0,Serve prepare 0.00,0,9,Drive,98.916,60.9919,2.6321,0.7538,-12.4483,0,1,1,Ready,0,9,6.6351,3.4349,0.6202,0,Missed,,2.35,-12.35,-1.95,11.2,0,0,0,0,0,0
151,PlayerServeHold,None,1,0,52,0.25,2.535,-16.75,2.3702,0.6112,-11.9535,0,Serve prepare 0.00,0,9,Drive,98.8309,60.8648,2.6325,0.7541,-12.4471,0,1,1,Ready,0,9,6.7696,3.6883,0.4786,0,Missed,,2.35,-12.35,-1.95,11.2,0,0,0,0,0,0
152,PlayerServeHold,None,1,0,52,0.25,2.535,-16.75,2.3702,0.6388,-11.9535,0,Serve prepare 0.00,0,9,Drive,98.7443,60.7366,2.633,0.7545,-12.4459,0,1,1,Ready,0,9,6.9816,4.1246,0.3455,0,Missed,,2.35,-12.35,-1.95,11.2,0,0,0,0,0,0
153,PlayerServeHold,None,1,0,52,0.25,2.535,-16.75,2.3702,0.6515,-11.9535,0,Serve prepare 0.00,0,9,Drive,98.6606,60.6064,2.6334,0.7548,-12.4446,0,1,1,Ready,0,9,7.3072,4.7466,0.2542,0,Missed,,2.35,-12.35,-1.95,11.2,0,0,0,0,0,0
154,PlayerServeHold,None,1,0,52,0.25,2.535,-16.75,2.3702,0.6749,-11.9535,0,Serve prepare 0.00,0,9,Drive,98.5774,60.474,2.6339,0.7551,-12.4433,0,1,1,Ready,0,9,7.7418,5.5855,0.1007,0,Missed,,2.35,-12.35,-1.95,11.2,0,0,0,0,0,0
155,PlayerServeHold,None,1,0,52,0.25,2.535,-16.75,2.3702,0.6856,-11.9535,0,Serve prepare 0.00,0,9,Drive,98.4922,60.3391,2.6344,0.7555,-12.442,0,1,1,Ready,0,9,8.4158,6.5649,0.1811,0,Missed,,2.35,-12.35,-1.95,11.2,0,0,0,0,0,0
156,PlayerServeHold,None,1,0,52,0.25,2.535,-16.75,2.3702,0.705,-11.9535,0,Serve prepare 0.00,0,9,Drive,98.4058,60.2018,2.6348,0.7558,-12.4407,0,1,1,Ready,0,9,9.5311,7.6101,0.1004,0,Missed,,2.35,-12.35,-1.95,11.2,0,0,0,0,0,0
157,PlayerServeHold,None,1,0,52,0.25,2.535,-16.75,2.3702,0.7136,-11.9535,0,Serve prepare 0.00,0,9,Drive,98.3185,60.0632,2.6353,0.7561,-12.4394,0,1,1,Ready,0,9,10.8203,8.6598,0.2503,0,Missed,,2.35,-12.35,-1.95,11.2,0,0,0,0,0,0
158,PlayerServeHold,None,1,0,52,0.25,2.535,-16.75,2.3702,0.7289,-11.9535,0,Serve prepare 0.00,0,9,Drive,98.2304,59.9235,2.6358,0.7565,-12.438,0,1,1,Ready,0,9,12.191,9.6923,0.4794,0,Missed,,2.35,-12.35,-1.95,11.2,0,0,0,0,0,0
159,PlayerServeHold,None,1,0,52,0.25,2.535,-16.75,2.3702,0.7355,-11.9535,0,Serve prepare 0.00,0,9,Drive,98.1417,59.783,2.6363,0.7568,-12.4366,0,1,1,Ready,0,9,13.3731,10.5527,0.4165,0,Missed,,2.35,-12.35,-1.95,11.2,0,0,0,0,0,0
160,PlayerServeHold,None,1,0,52,0.25,2.535,-16.75,2.3702,0.7467,-11.9535,0,Serve prepare 0.00,0,9,Drive,98.0548,59.6413,2.6368,0.757,-12.4353,0,1,1,Ready,0,9,14.089,11.148,0,0,Missed,,2.35,-12.35,-1.95,11.2,0,0,0,0,0,0
161,PlayerServeHold,None,1,0,52,0.25,2.535,-16.75,2.3702,0.7512,-11.9535,0,Serve prepare 0.00,0,9,Drive,97.9656,59.498,2.6374,0.7573,-12.434,0,1,1,Ready,0,9,14.3623,11.4062,0,0,Missed,,2.35,-12.35,-1.95,11.2,0,0,0,0,0,0
162,PlayerServeHold,None,1,0,52,0.25,2.535,-16.75,2.3702,0.7583,-11.9535,0,Serve prepare 0.00,0,9,Drive,97.8753,59.3531,2.638,0.7575,-12.4326,0,1,1,Ready,0,9,14.0419,11.1974,0,0,Missed,,2.35,-12.35,-1.95,11.2,0,0,0,0,0,0
163,PlayerServeHold,None,1,0,52,0.25,2.535,-16.75,2.3702,0.7608,-11.9535,0,Serve prepare 0.00,0,9,Drive,97.7844,59.2067,2.6387,0.7577,-12.4313,0,1,1,Ready,0,9,13.398,10.6571,0,0,Missed,,2.35,-12.35,-1.95,11.2,0,0,0,0,0,0
164,PlayerServeHold,None,1,0,52,0.25,2.535,-16.75,2.3702,0.7638,-11.9535,0,Serve prepare 0.00,0,9,Drive,97.6931,59.0589,2.6393,0.758,-12.43,0,1,1,Ready,0,9,12.5744,9.8019,0,0,Missed,,2.35,-12.35,-1.95,11.2,0,0,0,0,0,0
165,PlayerServeHold,None,1,0,52,0.25,2.535,-16.75,2.3702,0.7643,-11.9535,0,Serve prepare 0.00,0,9,Drive,97.6013,58.9101,2.64,0.7581,-12.4286,0,1,1,Ready,0,9,11.7343,8.7689,6.8594,0,Missed,,2.35,-12.35,-1.95,11.2,0,0,0,0,0,0
166,PlayerServeHold,None,1,0,52,0.25,2.535,-16.75,2.3702,0.7665,-11.9535,0,Serve prepare 0.00,0,9,Drive,97.509,58.7601,2.6407,0.7583,-12.4273,0,1,1,Ready,0,9,11.0871,7.6308,0.6666,0,Missed,,2.35,-12.35,-1.95,11.2,0,0,0,0,0,0
167,PlayerServeHold,None,1,0,52,0.25,2.535,-16.75,2.3702,0.7694,-11.9535,0,Serve prepare 0.00,0,9,Drive,97.4146,58.6088,2.6413,0.7585,-12.426,0,1,1,Ready,0,9,10.5734,6.4958,2.672,0,Missed,,2.35,-12.35,-1.95,11.2,0,0,0,0,0,0
168,PlayerServeHold,None,1,0,52,0.25,2.535,-16.75,2.3702,0.7783,-11.9535,0,Serve prepare 0.00,0,9,Drive,97.3194,58.4566,2.642,0.7586,-12.4246,0,1,1,Ready,0,9,10.1797,5.4771,0.6964,0,Missed,,2.35,-12.35,-1.95,11.2,0,0,0,0,0,0
169,PlayerServeHold,None,1,0,52,0.25,2.535,-16.75,2.3702,0.784,-11.9535,0,Serve prepare 0.00,0,9,Drive,97.2244,58.3042,2.6426,0.7588,-12.4232,0,1,1,Ready,0,9,9.9809,4.6428,0.6612,0,Missed,,2.35,-12.35,-1.95,11.2,0,0,0,0,0,0
170,PlayerServeHold,None,1,0,52,0.25,2.535,-16.75,2.3702,0.7972,-11.9535,0,Serve prepare 0.00,0,9,Drive,97.1296,58.1527,2.6321,0.7471,-12.4346,0,1,1,Ready,0,9,10.0526,4.1136,0.4951,0,Missed,,2.35,-12.35,-1.95,11.2,0,0,0,0,0,0
171,PlayerServeHold,None,1,0,52,0.25,2.535,-16.75,2.3702,0.8045,-11.9535,0,Serve prepare 0.00,0,9,Drive,97.0352,58.0021,2.6327,0.7473,-12.4333,0,1,1,Ready,0,9,10.3566,3.8591,0.1737,0,Missed,,2.35,-12.35,-1.95,11.2,0,0,0,0,0,0
172,PlayerServeHold,None,1,0,52,0.25,2.535,-16.75,2.3702,0.8197,-11.9535,0,Serve prepare 0.00,0,9,Drive,96.9419,57.8522,2.6332,0.7475,-12.4319,0,1,1,Ready,0,9,10.8702,3.9177,0.4349,0,Missed,,2.35,-12.35,-1.95,11.2,0,0,0,0,0,0
173,PlayerServeHold,None,1,0,52,0.25,2.535,-16.75,2.3702,0.8273,-11.9535,0,Serve prepare 0.00,0,9,Drive,96.8454,57.7034,2.6337,0.7477,-12.4305,0,1,1,Ready,0,9,11.631,4.2268,0.7024,0,Missed,,2.35,-12.35,-1.95,11.2,0,0,0,0,0,0
174,PlayerServeHold,None,1,0,52,0.25,2.535,-16.75,2.3702,0.8421,-11.9535,0,Serve prepare 0.00,0,9,Drive,96.749,57.5556,2.6341,0.748,-12.4291,0,1,1,Ready,0,9,12.7348,4.7519,0.7775,0,Missed,,2.35,-12.35,-1.95,11.2,0,0,0,0,0,0
175,PlayerServeHold,None,1,0,52,0.25,2.535,-16.75,2.3702,0.849,-11.9535,0,Serve prepare 0.00,0,9,Drive,96.6534,57.4103,2.6344,0.7483,-12.4278,0,1,1,Ready,0,9,13.9724,5.4102,0.7563,0,Missed,,2.35,-12.35,-1.95,11.2,0,0,0,0,0,0
176,PlayerServeHold,None,1,0,52,0.25,2.535,-16.75,2.3702,0.861,-11.9535,0,Serve prepare 0.00,0,9,Drive,96.5585,57.2683,2.6347,0.7486,-12.4264,0,1,1,Ready,0,9,15.2282,6.1236,0.6589,0,Missed,,2.35,-12.35,-1.95,11.2,0,0,0,0,0,0
177,PlayerServeHold,None,1,0,52,0.25,2.535,-16.75,2.3702,0.8659,-11.9535,0,Serve prepare 0.00,0,9,Drive,96.4643,57.1294,2.635,0.7489,-12.425,0,1,1,Ready,0,9,16.3691,6.8861,0.5519,0,Missed,,2.35,-12.35,-1.95,11.2,0,0,0,0,0,0
178,PlayerServeHold,None,1,0,52,0.25,2.535,-16.75,2.3702,0.8728,-11.9535,0,Serve prepare 0.00,0,9,Drive,96.3709,56.9939,2.6352,0.7492,-12.4236,0,1,1,Ready,0,9,17.2331,7.698,0.419,0,Missed,,2.35,-12.35,-1.95,11.2,0,0,0,0,0,0
179,PlayerServeHold,None,1,0,52,0.25,2.535,-16.75,2.3702,0.8746,-11.9535,0,Serve prepare 0.00,0,9,Drive,96.276,56.8608,2.6354,0.7495,-12.4223,0,1,1,Ready,0,9,17.8413,8.5248,0.2807,0,Missed,,2.35,-12.35,-1.95,11.2,0,0,0,0,0,0
180,PlayerServeHold,None,1,0,52,0.25,2.535,-16.75,2.3702,0.875,-11.9535,0,Serve prepare 0.00,0,9,Drive,96.1817,56.7303,2.6357,0.7498,-12.4209,0,1,1,Ready,0,9,18.1145,9.3388,0.0337,0,Missed,,2.35,-12.35,-1.95,11.2,0,0,0,0,0,0
181,PlayerServeHold,None,1,0,52,0.25,2.535,-16.75,2.3702,0.875,-11.9535,0,Serve prepare 0.00,0,9,Drive,96.0882,56.6033,2.6359,0.7501,-12.4196,0,1,1,Ready,0,9,18.2035,10.1379,0.0759,0,Missed,,2.35,-12.35,-1.95,11.2,0,0,0,0,0,0
182,PlayerServeHold,None,1,0,52,0.25,2.535,-16.75,2.3702,0.875,-11.9535,0,Serve prepare 0.00,0,9,Drive,95.9954,56.4801,2.6362,0.7484,-12.4183,0,1,1,Ready,0,9,18.1741,10.8871,0.0335,0,Missed,,2.35,-12.35,-1.95,11.2,0,0,0,0,0,0
183,PlayerServeHold,None,1,0,52,0.25,2.535,-16.75,2.3702,0.875,-11.9535,0,Serve prepare 0.00,0,9,Drive,95.9035,56.3603,2.6365,0.7487,-12.417,0,1,1,Ready,0,9,18.1651,11.5808,0.0488,0,Missed,,2.35,-12.35,-1.95,11.2,0,0,0,0,0,0
184,PlayerServeHold,None,1,0,52,0.25,2.535,-16.75,2.3702,0.875,-11.9535,0,Serve prepare 0.00,0,9,Drive,95.8135,56.2434,2.6369,0.749,-12.4158,0,1,1,Ready,0,9,18.3692,12.1658,0.04,0,Missed,,2.35,-12.35,-1.95,11.2,0,0,0,0,0,0
185,PlayerServeHold,None,1,0,52,0.25,2.535,-16.75,2.3702,0.875,-11.9535,0,Serve prepare 0.00,0,9,Drive,95.7233,56.1285,2.6373,0.7492,-12.4146,0,1,1,Ready,0,9,18.6394,12.6456,0.0397,0,Missed,,2.35,-12.35,-1.95,11.2,0,0,0,0,0,0
186,PlayerServeHold,None,1,0,52,0.25,2.535,-16.75,2.3702,0.875,-11.9535,0,Serve prepare 0.00,0,9,Drive,95.6343,56.0159,2.6124,0.7495,-12.4055,0,1,1,Ready,0,9,18.9414,13.0398,0.0174,0,Missed,,2.35,-12.35,-1.95,11.2,0,0,0,0,0,0
187,PlayerServeHold,None,1,0,52,0.25,2.535,-16.75,2.3702,0.875,-11.9535,0,Serve prepare 0.00,0,9,Drive,95.5466,55.9058,2.6129,0.7497,-12.4044,0,1,1,Ready,0,9,19.1567,13.2774,0.0852,0,Missed,,2.35,-12.35,-1.95,11.2,0,0,0,0,0,0
188,PlayerServeHold,None,1,0,52,0.25,2.535,-16.75,2.3702,0.875,-11.9535,0,Serve prepare 0.00,0,9,Drive,95.4603,55.7987,2.6133,0.7498,-12.4033,0,1,1,Ready,0,9,19.1721,13.3295,0.2353,0,Missed,,2.35,-12.35,-1.95,11.2,0,0,0,0,0,0
189,PlayerServeHold,None,1,0,52,0.25,2.535,-16.75,2.3702,0.875,-11.9535,0,Serve prepare 0.00,0,9,Drive,95.3753,55.694,2.6391,0.75,-12.4099,0,1,1,Ready,0,9,18.9766,13.1893,0.1342,0,Missed,,2.35,-12.35,-1.95,11.2,0,0,0,0,0,0
190,PlayerServeHold,None,1,0,52,0.25,2.535,-16.75,2.3704,0.8754,-11.9536,0,Serve prepare 0.00,0,9,Drive,95.293,55.5913,2.6396,0.7522,-12.4088,0,1,1,Ready,0,9,18.4819,12.8402,0.1481,0,Missed,,2.35,-12.35,-1.95,11.2,0,0,0,0,0,0
191,PlayerServeHold,None,1,0,52,0.25,2.535,-16.75,2.3709,0.8764,-11.954,0,Serve prepare 0.00,0,9,Drive,95.2126,55.4902,2.6401,0.7524,-12.4077,0,1,1,Ready,0,9,17.8224,12.3463,0.2526,0,Missed,,2.35,-12.35,-1.95,11.2,0,0,0,0,0,0
192,PlayerServeHold,None,1,0,52,0.25,2.535,-16.75,2.3735,0.8806,-11.9553,0,Serve prepare 0.01,0,9,Drive,97.4534,57.8252,2.6383,0.7572,-12.4205,0,1,1,Ready,0,9,17.0527,11.7269,0.5304,0,Missed,,2.35,-12.35,-1.95,11.2,0,0,0,1.0843,0,0
193,PlayerServeHold,None,1,0,52,0.25,2.535,-16.75,2.3759,0.8837,-11.9563,0,Serve prepare 0.02,0,9,Drive,98.5069,59.2247,2.6311,0.7545,-12.4334,0,1,1,Ready,0,9,16.2914,11.0708,0.4936,0,Missed,,2.35,-12.35,-1.95,11.2,0,0,0,1.4172,0,0
194,PlayerServeHold,None,1,0,52,0.25,2.535,-16.75,2.3804,0.8916,-11.9587,0,Serve prepare 0.03,0,9,Drive,99.0523,60.121,2.6287,0.7527,-12.4416,0,1,1,Ready,0,9,15.6542,10.4289,0.2095,0,Missed,,2.35,-12.35,-1.95,11.2,0,0,0,1.3329,0,0
195,PlayerServeHold,None,1,0,52,0.25,2.535,-16.75,2.3837,0.8964,-11.9603,0,Serve prepare 0.04,0,9,Drive,100.2037,61.7521,2.6203,0.7479,-12.4564,0,1,1,Ready,0,9,15.164,9.8659,0.1831,0,Missed,,2.35,-12.35,-1.95,11.2,0,0,0,1.4155,0,0
196,PlayerServeHold,None,1,0,52,0.25,2.535,-16.75,2.3899,0.9076,-11.9638,0,Serve prepare 0.05,0,9,Drive,100.7532,62.8016,2.6204,0.7469,-12.4653,0,1,1,Ready,0,9,14.8895,9.4656,0.2325,0,Missed,,2.35,-12.35,-1.95,11.2,0,0,0,1.1929,0,0
197,PlayerServeHold,None,1,0,52,0.25,2.535,-16.75,2.394,0.9139,-11.9659,0,Serve prepare 0.06,0,9,Drive,101.8477,64.6557,2.6088,0.7424,-12.4794,0,1,1,Ready,0,9,14.792,9.1862,0.2835,0,Missed,,2.35,-12.35,-1.95,11.2,0,0,0,1.2673,0,0
198,PlayerServeHold,None,1,0,52,0.25,2.535,-16.75,2.4018,0.928,-11.9703,0,Serve prepare 0.07,0,9,Drive,102.4113,65.8588,2.6393,0.742,-12.5055,0,1,1,Ready,0,9,14.8786,9.0297,0.3487,0,Missed,,2.35,-12.35,-1.95,11.2,0,0,0,1.0438,0,0
199,PlayerServeHold,None,1,0,52,0.25,2.535,-16.75,2.4065,0.9357,-11.9728,0,Serve prepare 0.08,0,9,Drive,103.6817,67.889,2.6052,0.7377,-12.506,0,1,1,Ready,0,9,15.0847,8.9573,0.3044,0,Missed,,2.35,-12.35,-1.95,11.2,0,0,0,1.1078,0,0
200,PlayerServeHold,None,1,0,52,0.25,2.535,-16.75,2.4155,0.9522,-11.9781,0,Serve prepare 0.09,0,9,Drive,104.3896,69.1447,2.6019,0.7362,-12.5152,0,1,1,Ready,0,9,15.3643,8.9557,0.2199,0,Missed,,2.35,-12.35,-1.95,11.2,0,0,0,0.7962,0,0
201,PlayerServeHold,None,1,0,52,0.25,2.535,-16.75,2.4208,0.961,-11.9809,0,Serve prepare 0.10,0,9,Drive,105.8251,71.2456,2.6168,0.7332,-12.5459,0,1,1,Ready,0,9,15.6864,8.9734,0.1203,0,Missed,,2.35,-12.35,-1.95,11.2,0,0,0,0.8722,0,0
202,PlayerServeHold,None,1,0,52,0.25,2.535,-16.75,2.4308,0.9794,-11.9868,0,Serve prepare 0.11,0,9,Drive,106.5916,72.5128,2.6128,0.7323,-12.5555,0,1,1,Ready,0,9,16.0086,8.9428,0.255,0,Missed,,2.35,-12.35,-1.95,11.2,0,0,0,0.5974,0,0
203,PlayerServeHold,None,1,0,52,0.25,2.535,-16.75,2.4366,0.9891,-11.99,0,Serve prepare 0.12,0,9,Drive,108.199,74.6713,2.6188,0.7392,-12.5632,0,1,1,Ready,0,9,16.3339,8.913,0.4239,0,Missed,,2.35,-12.35,-1.95,11.2,0,0,0,0.4093,0,0
204,PlayerServeHold,None,1,0,52,0.25,2.535,-16.75,2.4474,1.0091,-11.9965,0,Serve prepare 0.13,0,9,Drive,108.9198,75.9522,2.6141,0.7368,-12.5728,0.0278,1,1,Ready,0,9,16.6462,8.9158,0.6252,0,Missed,,2.35,-12.35,-1.95,11.2,0,0,0,0.2407,0,0
205,PlayerServeHold,None,1,0,52,0.25,2.535,-16.75,2.4534,1.0194,-11.9999,0,Serve prepare 0.14,0,9,Drive,110.3682,78.1994,2.6037,0.732,-12.5907,0.0554,1,1,Ready,0,9,16.9638,8.9368,0.518,0,Missed,,2.35,-12.35,-1.95,11.2,0,0,0,0.7338,0,0
206,PlayerServeHold,None,1,0,52,0.25,2.535,-16.75,2.4648,1.0405,-12.0068,0,Serve prepare 0.15,0,9,Drive,111.1078,79.626,2.5935,0.7244,-12.6085,0.0207,1,1,Ready,0,9,17.3102,8.9561,0.1825,0,Missed,,2.35,-12.35,-1.95,11.2,0,0,0,0.7672,0,0
207,PlayerServeHold,None,1,0,52,0.25,2.535,-16.75,2.471,1.0513,-12.0104,0,Serve prepare 0.16,0,9,Drive,112.6274,82.3475,2.6076,0.731,-12.632,0.0408,1,1,Ready,0,9,17.6474,9.0241,0.074,0,Missed,,2.35,-12.35,-1.95,11.2,0,0,0,1.3429,0,0
208,PlayerServeHold,None,1,0,52,0.25,2.535,-16.75,2.4827,1.073,-12.0175,0,Serve prepare 0.17,0,9,Drive,113.3859,84.0003,2.6152,0.7556,-12.5988,0.0262,1,1,Ready,0,9,17.956,9.2105,0.2433,0,Missed,,2.35,-12.35,-1.95,11.2,0,0,0,1.4166,0,0
209,PlayerServeHold,None,1,0,52,0.25,2.535,-16.75,2.489,1.084,-12.0213,0,Serve prepare 0.18,0,9,Drive,114.8752,87.0452,2.6305,0.7795,-12.5939,0.052,1,1,Ready,0,9,18.2142,9.447,0.226,0,Missed,,2.35,-12.35,-1.95,11.2,0,0,0,1.7382,0,0
210,PlayerServeHold,None,1,0,52,0.25,2.535,-16.75,2.5008,1.106,-12.0285,0,Serve prepare 0.19,0,9,Drive,115.6028,88.968,2.6242,0.7745,-12.6038,0.0245,1,1,Ready,0,9,18.3912,9.6801,0.0496,0,Missed,,2.35,-12.35,-1.95,11.2,0,0,0,1.4516,0,0
211,PlayerServeHold,None,1,0,52,0.25,2.535,-16.75,2.5071,1.117,-12.0323,0,Serve prepare 0.20,0,9,Drive,112.0389,92.2184,2.6195,0.7694,-12.6332,0.8583,1,1,Ready,0,9,18.5023,9.9424,0.1312,0,Missed,,2.35,-12.35,-1.95,11.2,0,0,0,1.4946,0,0
212,PlayerServeHold,None,1,0,52,0.25,2.535,-16.75,2.5187,1.1387,-12.0394,0,Serve prepare 0.21,0,9,Drive,112.7875,94.1319,2.6126,0.7673,-12.6437,0.0105,1,1,Ready,0,9,18.542,10.2617,0.1336,0,Missed,,2.35,-12.35,-1.95,11.2,0,0,0,1.169,0,0
213,PlayerServeHold,None,1,0,52,0.25,2.535,-16.75,2.5249,1.1495,-12.0432,0,Serve prepare 0.22,0,9,Drive,114.26,97.2717,2.5851,0.73,-12.773,0.0198,1,1,Ready,0,9,18.5403,10.5798,0.1092,0,Missed,,2.35,-12.35,-1.95,11.2,0,0,0,1.2759,0,0
214,PlayerServeHold,None,1,0,52,0.25,2.535,-16.75,2.5361,1.1706,-12.0503,0,Serve prepare 0.23,0,9,Drive,114.9921,99.1365,2.5549,0.7203,-12.7536,0.0105,1,1,Ready,0,9,18.5105,10.8302,0.0302,0,Missed,,2.35,-12.35,-1.95,11.2,0,0,0,0.9396,0,0
215,PlayerServeHold,None,1,0,52,0.25,2.535,-16.75,2.542,1.1809,-12.054,0,Serve prepare 0.24,0,9,Drive,116.3709,102.0845,2.5548,0.7299,-12.7998,0.0212,1,1,Ready,0,9,18.489,11.0448,0.0129,0,Missed,,2.35,-12.35,-1.95,11.2,0,0,0,1.0264,0,0
216,PlayerServeHold,None,1,0,52,0.25,2.535,-16.75,2.5527,1.2009,-12.0607,0,Serve prepare 0.25,0,9,Drive,116.9974,103.7743,2.5322,0.7228,-12.7944,0.0165,1,1,Ready,0,9,18.531,11.2395,0.0148,0,Missed,,2.35,-12.35,-1.95,11.2,0,0,0,0.759,0,0
217,PlayerServeHold,None,1,0,52,0.25,2.535,-16.75,2.5582,1.2106,-12.0642,0,Serve prepare 0.26,0,9,Drive,118.0124,106.4111,2.5346,0.7327,-12.7839,0.0206,1,1,Ready,0,9,18.5796,11.3732,0.0133,0,Missed,,2.35,-12.35,-1.95,11.2,0,0,0,1.0843,0,0
218,PlayerServeHold,None,1,0,52,0.25,2.535,-16.75,2.568,1.229,-12.0704,0,Serve prepare 0.27,0,9,Drive,119.3111,108.078,2.5208,0.7301,-12.7945,0.1862,1,1,Ready,0,9,18.6071,11.413,0.0151,0,Missed,,2.35,-12.35,-1.95,11.2,0,0,0,2.4892,0,0
219,PlayerServeHold,None,1,0,52,0.25,2.535,-16.75,2.5731,1.2378,-12.0737,0,Serve prepare 0.28,0,9,Drive,120.3006,110.7159,2.5288,0.7436,-12.7949,0.7464,1,1,Ready,0,9,18.5942,11.3734,0.0161,0,Missed,,2.35,-12.35,-1.95,11.2,0,0,0,4.7741,0,0
220,PlayerServeHold,None,1,0,52,0.25,2.535,-16.75,2.5818,1.2543,-12.0793,0,Serve prepare 0.29,0,9,Drive,120.2306,112.292,2.5125,0.7378,-12.7976,0.3612,1,1,Ready,0,9,18.4965,11.2574,0.0061,0,Missed,,2.35,-12.35,-1.95,11.2,0,0,0,4.2268,0,0
221,PlayerServeHold,None,1,0,52,0.25,2.535,-16.75,2.5863,1.262,-12.0823,0,Serve prepare 0.30,0,9,Drive,119.9578,114.532,2.4626,0.7563,-12.9443,0.1474,1,1,Ready,0,9,18.3709,11.0978,0.0058,0,Missed,,2.35,-12.35,-1.95,11.2,0,0,0,4.3878,0,0
222,PlayerServeHold,None,1,0,52,0.25,2.535,-16.75,2.5938,1.2761,-12.0872,0,Serve prepare 0.31,0,9,Drive,119.7459,115.9836,2.2925,0.7017,-12.9286,0.067,1,1,Ready,0,9,18.2445,10.9247,0.0122,0,Missed,,2.35,-12.35,-1.95,11.2,0,0,0,3.5693,0,0
223,PlayerServeHold,None,1,0,52,0.25,2.535,-16.75,2.5975,1.2824,-12.0897,0,Serve prepare 0.32,0,9,Drive,119.1138,117.8989,2.425,0.744,-12.9453,0.1495,1,1,Ready,0,9,18.1496,10.7544,0.0153,0,Missed,,2.35,-12.35,-1.95,11.2,0,0,0,3.7013,0,0
224,PlayerServeHold,None,1,0,52,0.25,2.535,-16.75,2.6035,1.2936,-12.0937,0,Serve prepare 0.33,0,9,Drive,118.7074,119.121,2.2982,0.7031,-12.939,0.0972,1,1,Ready,0,9,18.1099,10.598,0.0201,0,Missed,,2.35,-12.35,-1.95,11.2,0,0,0,2.884,0,0
225,PlayerServeHold,None,1,0,52,0.25,2.535,-16.75,2.6065,1.2984,-12.0958,0,Serve prepare 0.34,0,9,Drive,117.6991,120.6548,2.2755,0.6979,-12.9275,0.2172,1,1,Ready,0,9,18.168,10.4906,0.0131,0,Missed,,2.35,-12.35,-1.95,11.2,0,0,0,3.3715,0,0
226,PlayerServeHold,None,1,0,52,0.25,2.535,-16.75,2.6108,1.3063,-12.0986,0,Serve prepare 0.35,0,9,Drive,117.0887,121.7547,2.2661,0.6845,-12.9017,0.1284,1,1,Ready,0,9,18.4111,10.4809,0.0123,0,Missed,,2.35,-12.35,-1.95,11.2,0,0,0,2.7918,0,0
227,PlayerServeHold,None,1,0,52,0.25,2.535,-16.75,2.6128,1.3094,-12.1001,0,Serve prepare 0.36,0,9,Drive,119.6031,121.9874,2.2908,0.6823,-12.9102,0.7636,1,1,Ready,0,9,18.7096,10.5075,0.0173,0,Missed,,2.35,-12.35,-1.95,11.2,0,0,0,4.4388,0,0
228,PlayerServeHold,None,1,0,52,0.25,2.535,-16.75,2.6152,1.3136,-12.1018,0,Serve prepare 0.37,0,9,Drive,119.2687,122.3948,2.2814,0.6871,-12.9252,0.0789,1,1,Ready,0,9,18.9691,10.5296,0.0093,0,Missed,,2.35,-12.35,-1.95,11.2,0,0,0,3.8412,0,0
229,PlayerServeHold,None,1,0,52,0.25,2.535,-16.75,2.6162,1.3146,-12.1026,0,Serve prepare 0.38,0,9,Drive,112.6249,124.2749,2.2882,0.6984,-12.9276,1.2395,1,1,Ready,0,9,19.2058,10.5651,0.0074,0,Missed,,2.35,-12.35,-1.95,11.2,0,0,0,7.343,0,0
230,PlayerServeToss,Toss,1,0,48,1.8,0.455,-13.75,2.6166,1.315,-12.103,0,Serve prepare 0.39,0,9,Drive,111.4755,125.281,2.2752,0.6996,-12.9411,0.0905,1,1,Ready,0,9,19.3918,10.6134,0.0166,0,Missed,,2.35,-12.35,-1.95,11.2,-4,0,0,6.8195,0,0
231,PlayerServeToss,Toss,1,0,48,1.8,0.455,-13.75,2.6143,1.3653,-12.1032,0,Serve prepare 0.40,0,9,Drive,109.1196,126.278,2.2483,0.707,-12.9646,0.1538,1,1,Ready,0,9,19.5669,10.6997,0.0179,0,Missed,,2.35,-12.35,-1.95,11.2,0,0,0,6.7932,0,0
232,PlayerServeToss,Toss,1,0,48,1.8,0.455,-13.75,2.6097,1.464,-12.1036,0,Serve prepare 0.40,0,9,Drive,109.1196,127.4995,2.2428,0.6969,-12.9573,0,1,1,Ready,0,9,19.7579,10.8494,0.0116,0,Missed,,2.35,-12.35,-1.95,11.2,0,0,0,4.3538,0,0
233,PlayerServeToss,Toss,1,0,48,1.8,0.455,-13.75,2.6073,1.5123,-12.1039,0,Serve prepare 0.42,0,9,Drive,108.5179,128.6198,2.2282,0.6928,-12.9581,0.0419,1,1,Ready,0,9,19.9661,11.0496,0.0098,0,Missed,,2.35,-12.35,-1.95,11.2,0,0,0,2.6479,0,0
234,PlayerServeToss,Toss,1,0,48,1.8,0.455,-13.75,2.6027,1.6068,-12.1043,0,Serve prepare 0.42,0,9,Drive,108.2107,129.622,2.2188,0.6874,-12.9554,0.0115,1,1,Ready,0,9,20.2091,11.2951,0.0098,0,Missed,,2.35,-12.35,-1.95,11.2,0,0,0,0.9379,0,0
235,PlayerServeToss,Toss,1,0,48,1.8,0.455,-13.75,2.6004,1.6531,-12.1045,0,Serve prepare 0.44,0,9,Drive,107.6668,130.3657,2.2045,0.6889,-12.9576,0.0443,1,1,Ready,0,9,20.4621,11.5739,0.0096,0,Missed,,2.35,-12.35,-1.95,11.2,0,0,0,0.4441,0,0
236,PlayerServeToss,Toss,1,0,48,1.8,0.455,-13.75,2.5957,1.7436,-12.1049,0,Serve prepare 0.45,0,9,Drive,107.412,130.9508,2.1961,0.6887,-12.957,0.047,1,1,Ready,0,9,20.7525,11.9031,0.0058,0,Missed,,2.35,-12.35,-1.95,11.2,0,0,0,1.2163,0,0
237,PlayerServeToss,Toss,1,0,48,1.8,0.455,-13.75,2.5934,1.7878,-12.1051,0,Serve prepare 0.46,0,9,Drive,106.9168,131.2468,2.183,0.6964,-12.9606,0.1095,1,1,Ready,0,9,20.9432,12.1848,0.008,0,Missed,,2.35,-12.35,-1.95,11.2,0,0,0,1.5567,0,0
238,PlayerServeToss,Toss,1,0,48,1.8,0.455,-13.75,2.5888,1.8742,-12.1056,0,Serve prepare 0.47,0,9,Drive,106.7301,131.4732,2.176,0.7007,-12.962,0.0461,1,1,Ready,0,9,20.919,12.3411,0.0117,0,Missed,,2.35,-12.35,-1.95,11.2,0,0,0,1.8031,0,0
239,PlayerServeToss,Toss,1,0,48,1.8,0.455,-13.75,2.5864,1.9163,-12.1058,0,Serve prepare 0.49,0,9,Drive,106.3603,131.5276,2.1649,0.7124,-12.9661,0.0573,1,1,Ready,0,9,20.6821,12.3765,0.0136,0,Missed,,2.35,-12.35,-1.95,11.2,0,0,0,1.6042,0,0
240,PlayerServeToss,Toss,1,0,48,1.8,0.455,-13.75,2.5818,1.9986,-12.1062,0,Serve prepare 0.50,0,9,Drive,106.2127,131.5858,2.1591,0.7194,-12.9683,0.0592,1,1,Ready,0,9,20.1689,12.2681,0.0179,0,Missed,,2.35,-12.35,-1.95,11.2,0,0,0,1.4413,0,0
241,PlayerServeToss,Toss,1,0,48,1.8,0.455,-13.75,2.5795,2.0388,-12.1064,0,Serve prepare 0.51,0,9,Drive,105.9258,131.5319,2.149,0.7335,-12.9718,0.1723,1,1,Ready,0,9,19.472,12.0378,0.015,0,Missed,,2.35,-12.35,-1.95,11.2,0,0,0,1.1494,0,0
242,PlayerServeToss,Toss,1,0,48,1.8,0.455,-13.75,2.5748,2.117,-12.1069,0,Serve prepare 0.52,0,9,Drive,105.7827,131.5617,2.1435,0.7423,-12.9736,0.0963,1,1,Ready,0,9,18.6283,11.6766,0.003,0,Missed,,2.35,-12.35,-1.95,11.2,0,0,0,0.855,0,0
243,PlayerServeToss,Toss,1,0,48,1.8,0.455,-13.75,2.5725,2.1551,-12.1071,0,Serve prepare 0.54,0,9,Drive,105.5759,131.5673,2.1335,0.7574,-12.9758,0.2085,1,1,Ready,0,9,17.7207,11.2225,0.0049,0,Missed,,2.35,-12.35,-1.95,11.2,0,0,0,0.8632,0,0
244,PlayerServeToss,Toss,1,0,48,1.8,0.455,-13.75,2.5679,2.2292,-12.1075,0,Serve prepare 0.55,0,9,Drive,105.4794,131.6993,2.1277,0.7665,-12.9767,0.088,1,1,Ready,0,9,16.8058,10.6895,0.0178,0,Missed,,2.35,-12.35,-1.95,11.2,0,0,0,0.76,0,0
245,PlayerServeToss,Toss,1,0,48,1.8,0.455,-13.75,2.5656,2.2652,-12.1077,0,Serve prepare 0.56,0,9,Drive,105.3055,131.8656,2.117,0.7823,-12.9767,0.1603,1,1,Ready,0,9,15.9734,10.0971,0.206,0,Missed,,2.35,-12.35,-1.95,11.2,0,0,0,0.9048,0,0
246,PlayerServeToss,Toss,1,0,48,1.8,0.455,-13.75,2.5609,2.3352,-12.1081,0,Serve prepare 0.57,0,9,Drive,105.2307,132.1161,2.1106,0.7911,-12.976,0.0801,1,1,Ready,0,9,15.3434,9.4592,0.2927,0,Missed,,2.35,-12.35,-1.95,11.2,0,0,0,0.8271,0,0
247,PlayerServeToss,Toss,1,0,48,1.8,0.455,-13.75,2.5586,2.3692,-12.1084,0,Serve prepare 0.59,0,9,Drive,105.067,132.4318,2.0996,0.8062,-12.9737,0.1305,1,1,Ready,0,9,14.8489,8.7636,0.3,0,Missed,,2.35,-12.35,-1.95,11.2,0,0,0,0.9594,0,0
248,PlayerServeToss,Toss,1,0,48,1.8,0.455,-13.75,2.554,2.4352,-12.1088,0,Serve prepare 0.59,0,9,Drive,105.0084,132.7718,2.0928,0.8143,-12.9716,0.0549,1,1,Ready,0,9,14.4712,8.0099,0.2946,0,Missed,,2.35,-12.35,-1.95,11.2,0,0,0,0.7943,0,0
249,PlayerServeToss,Toss,1,0,48,1.8,0.455,-13.75,2.5516,2.4671,-12.109,0,Serve prepare 0.61,0,9,Drive,104.876,133.1876,2.082,0.8281,-12.9678,0.0825,1,1,Ready,0,9,14.1972,7.2015,0.1564,0,Missed,,2.35,-12.35,-1.95,11.2,0,0,0,0.828,0,0
250,PlayerServeToss,Toss,1,0,48,1.8,0.455,-13.75,2.547,2.529,-12.1094,0,Serve prepare 0.62,0,9,Drive,104.8228,133.5778,2.0752,0.8354,-12.9649,0.034,1,1,Ready,0,9,14.0288,6.352,0.158,0,Missed,,2.35,-12.35,-1.95,11.2,0,0,0,0.6231,0,0
251,PlayerServeToss,Toss,1,0,48,1.8,0.455,-13.75,2.5447,2.5589,-12.1096,0,Serve prepare 0.63,0,9,Drive,104.719,134.0587,2.0645,0.8484,-12.9599,0.0589,1,1,Ready,0,9,13.9066,5.4684,0.2891,0,Missed,,2.35,-12.35,-1.95,11.2,0,0,0,0.638,0,0
252,PlayerServeToss,Toss,1,0,48,1.8,0.455,-13.75,2.54,2.6167,-12.1101,0,Serve prepare 0.64,0,9,Drive,104.6855,134.4453,2.0578,0.855,-12.9565,0.0302,1,1,Ready,0,9,13.776,4.5731,0.3528,0,Missed,,2.35,-12.35,-1.95,11.2,0,0,0,0.4388,0,0
253,PlayerServeToss,Toss,1,0,48,1.8,0.455,-13.75,2.5377,2.6445,-12.1103,0,Serve prepare 0.66,0,9,Drive,104.6399,134.8927,2.0473,0.8667,-12.9506,0.0625,1,1,Ready,0,9,13.6441,3.6812,0.3105,0,Missed,,2.35,-12.35,-1.95,11.2,0,0,0,0.4631,0,0
254,PlayerServeToss,Toss,1,0,48,1.8,0.455,-13.75,2.5331,2.6982,-12.1107,0,Serve prepare 0.67,0,9,Drive,104.5914,135.2337,2.0411,0.8726,-12.9468,0.0363,1,1,Ready,0,9,13.4969,2.8245,0.1029,0,Missed,,2.35,-12.35,-1.95,11.2,0,0,0,0.3263,0,0
255,PlayerServeToss,Toss,1,0,48,1.8,0.455,-13.75,2.5307,2.724,-12.1109,0,Serve prepare 0.68,0,9,Drive,104.5127,135.6596,2.031,0.883,-12.9402,0.0864,1,1,Ready,0,9,13.3365,1.9944,0.0416,0,Missed,,2.35,-12.35,-1.95,11.2,0,0,0,0.4224,0,0
256,PlayerServeToss,Toss,1,0,48,1.8,0.455,-13.75,2.5261,2.7736,-12.1114,0,Serve prepare 0.69,0,9,Drive,104.467,135.9746,2.0252,0.8882,-12.9363,0.0487,1,1,Ready,0,9,12.9044,1.426,0.2466,0,Missed,,2.35,-12.35,-1.95,11.2,0,0,0,0.331,0,0
257,PlayerServeToss,Toss,1,0,48,1.8,0.455,-13.75,2.5238,2.7974,-12.1116,0,Serve prepare 0.71,0,9,Drive,104.2856,136.4185,2.016,0.898,-12.9288,0.1063,1,1,Ready,0,9,12.2617,0.7849,0.155,0,Missed,,2.35,-12.35,-1.95,11.2,0,0,0,0.4942,0,0
258,PlayerServeToss,Toss,1,0,48,1.8,0.455,-13.75,2.5191,2.8429,-12.112,0,Serve prepare 0.71,0,9,Drive,104.1978,136.7518,2.0108,0.9032,-12.9242,0.0528,1,1,Ready,0,9,11.0742,-0.1354,0.169,0,Missed,,2.35,-12.35,-1.95,11.2,0,0,0,0.4352,0,0
259,PlayerServeToss,Toss,1,0,48,1.8,0.455,-13.75,2.5168,2.8646,-12.1122,0,Serve prepare 0.73,0,9,Drive,103.9322,137.2511,2.0025,0.9131,-12.9156,0.0988,1,1,Ready,0,9,9.6106,-1.1386,0.2605,0,Missed,,2.35,-12.35,-1.95,11.2,0,0,0,0.7144,0,0
260,PlayerServeToss,Toss,1,0,48,1.8,0.455,-13.75,2.5122,2.9061,-12.1127,0,Serve prepare 0.74,0,9,Drive,103.7923,137.653,1.9974,0.918,-12.9101,0.0534,1,1,Ready,0,9,7.9016,-2.1813,0.2273,0,Missed,,2.35,-12.35,-1.95,11.2,0,0,0,0.6853,0,0
261,PlayerServeToss,Toss,1,0,48,1.8,0.455,-13.75,2.5099,2.9257,-12.1129,0,Serve prepare 0.75,0,9,Drive,103.4453,138.2561,1.9893,0.9273,-12.9003,0.1052,1,1,Ready,0,9,6.2781,-3.1129,0.1961,0,Missed,,2.35,-12.35,-1.95,11.2,0,0,0,0.9923,0,0
262,PlayerServeToss,Toss,1,0,48,1.8,0.455,-13.75,2.5052,2.9631,-12.1133,0,Serve prepare 0.76,0,9,Drive,103.2352,138.7697,1.9837,0.9318,-12.8939,0.0494,1,1,Ready,0,9,5.0411,-3.8478,0.1165,0,Missed,,2.35,-12.35,-1.95,11.2,0,0,0,0.9487,0,0
263,PlayerServeToss,Toss,1,0,48,1.8,0.455,-13.75,2.5029,2.9807,-12.1135,0,Serve prepare 0.78,0,9,Drive,102.786,139.5242,1.9756,0.9406,-12.8831,0.0918,1,1,Ready,0,9,4.2034,-4.3018,0.1374,0,Missed,,2.35,-12.35,-1.95,11.2,0,0,0,1.2802,0,0
264,PlayerServeToss,Toss,1,0,48,1.8,0.455,-13.75,2.4983,3.014,-12.1139,0,Serve prepare 0.79,0,9,Drive,102.5074,140.1777,1.9697,0.9448,-12.8758,0.0481,1,1,Ready,0,9,3.9391,-4.3483,0.2234,0,Missed,,2.35,-12.35,-1.95,11.2,0,0,0,1.1922,0,0
265,PlayerServeToss,Toss,1,0,48,1.8,0.455,-13.75,2.4959,3.0296,-12.1142,0,Serve prepare 0.80,0,9,Drive,101.9683,141.0882,1.9616,0.9529,-12.8639,0.0898,1,1,Ready,0,9,4.0327,-4.0723,0.2771,0,Missed,,2.35,-12.35,-1.95,11.2,0,0,0,1.4857,0,0
266,PlayerServeToss,Toss,1,0,48,1.8,0.455,-13.75,2.4913,3.0587,-12.1146,0,Serve prepare 0.81,0,9,Drive,101.6532,141.8602,1.9553,0.9566,-12.8555,0.0495,1,1,Ready,0,9,4.3946,-3.4252,0.3462,0,Missed,,2.35,-12.35,-1.95,11.2,0,0,0,1.3092,0,0
267,PlayerServeToss,Toss,1,0,48,1.8,0.455,-13.75,2.489,3.0723,-12.1148,0,Serve prepare 0.83,0,9,Drive,100.9485,142.8921,1.9471,0.9641,-12.8422,0.1043,1,1,Ready,0,9,4.8716,-2.5732,0,0,Missed,,2.35,-12.35,-1.95,11.2,0,0,0,1.6236,0,0
268,PlayerServeToss,Toss,1,0,48,1.8,0.455,-13.75,2.4843,3.0974,-12.1152,0,Serve prepare 0.84,0,9,Drive,100.6074,143.746,1.9404,0.9673,-12.8326,0.0472,1,1,Ready,0,9,5.2882,-1.6006,0,0,Missed,,2.35,-12.35,-1.95,11.2,0,0,0,1.344,0,0
269,PlayerServeToss,Toss,1,0,48,1.8,0.455,-13.75,2.482,3.1089,-12.1154,0,Serve prepare 0.85,0,9,Drive,99.8466,144.8446,1.9322,0.9742,-12.8181,0.099,1,1,Ready,0,9,5.677,-0.5871,0,0,Missed,,2.35,-12.35,-1.95,11.2,0,0,0,1.5821,0,0
270,PlayerServeToss,Toss,1,0,48,1.8,0.455,-13.75,2.4774,3.1299,-12.1159,0,Serve prepare 0.86,0,9,Drive,99.4689,145.7493,1.9257,0.9769,-12.8079,0.0472,1,1,Ready,0,9,6.0133,0.3652,0,0,Missed,,2.35,-12.35,-1.95,11.2,0,0,0,1.2661,0,0
271,PlayerServeToss,Toss,1,0,48,1.8,0.455,-13.75,2.4751,3.1393,-12.1161,0,Serve prepare 0.88,0,9,Drive,98.7185,146.845,1.9179,0.983,-12.7926,0.0964,1,1,Ready,0,9,6.2993,1.2412,0,0,Missed,,2.35,-12.35,-1.95,11.2,0,0,0,1.426,0,0
272,PlayerServeToss,Toss,1,0,48,1.8,0.455,-13.75,2.4704,3.1562,-12.1165,0,Serve prepare 0.88,0,9,Drive,98.3194,147.7299,1.9118,0.985,-12.782,0.0512,1,1,Ready,0,9,6.529,1.9785,0,0,Missed,,2.35,-12.35,-1.95,11.2,0,0,0,1.0914,0,0
273,PlayerServeToss,Toss,1,0,48,1.8,0.455,-13.75,2.4681,3.1636,-12.1167,0,Serve prepare 0.90,0,9,Drive,97.5494,148.7591,1.9046,0.9899,-12.7663,0.1136,1,1,Ready,0,9,6.7033,2.5858,0,0,Missed,,2.35,-12.35,-1.95,11.2,0,0,0,1.2405,0,0
274,PlayerServeToss,Toss,1,0,48,1.8,0.455,-13.75,2.4634,3.1764,-12.1172,0,Serve prepare 0.91,0,9,Drive,97.1361,149.5919,1.899,0.9913,-12.7556,0.062,1,1,Ready,0,9,6.8369,3.0486,0,0,Missed,,2.35,-12.35,-1.95,11.2,0,0,0,0.9304,0,0
275,PlayerServeToss,Toss,1,0,48,1.8,0.455,-13.75,2.4611,3.1818,-12.1174,0,Serve prepare 0.92,0,9,Drive,96.3186,150.5378,1.8926,0.9952,-12.7398,0.1229,1,1,Ready,0,9,6.8772,3.3558,0,0,Missed,,2.35,-12.35,-1.95,11.2,0,0,0,1.0886,0,0
276,PlayerServeToss,Toss,1,0,48,1.8,0.455,-13.75,2.4565,3.1905,-12.1178,0,Serve prepare 0.93,0,9,Drive,95.8769,151.3048,1.8879,0.9962,-12.7294,0.0623,1,1,Ready,0,9,6.7225,3.4762,0,0,Missed,,2.35,-12.35,-1.95,11.2,0,0,0,0.8384,0,0
277,PlayerServeToss,Toss,1,0,48,1.8,0.455,-13.75,2.4542,3.1939,-12.118,0,Serve prepare 0.95,0,9,Drive,94.999,152.1373,1.8828,0.9991,-12.7138,0.1135,1,1,Ready,0,9,6.553,3.4863,0.2191,0,Missed,,2.35,-12.35,-1.95,11.2,0,0,0,0.9756,0,0
278,PlayerServeToss,Toss,1,0,48,1.8,0.455,-13.75,2.4495,3.1985,-12.1184,0,Serve prepare 0.96,0,9,Drive,94.5319,152.8239,1.8789,0.9997,-12.7035,0.0561,1,1,Ready,0,9,6.528,3.3941,0.7233,0,Missed,,2.35,-12.35,-1.95,11.2,0,0,0,0.7538,0,0
279,PlayerServeToss,Toss,1,0,48,1.8,0.455,-13.75,2.4472,3.1998,-12.1187,0,Serve prepare 0.97,0,9,Drive,93.5592,153.5601,1.8751,1.0018,-12.6881,0.1101,1,1,Ready,0,9,6.5676,3.3264,0.7252,0,Missed,,2.35,-12.35,-1.95,11.2,0,0,0,0.9421,0,0
280,PlayerServeToss,Toss,1,0,48,1.8,0.455,-13.75,2.4426,3.2004,-12.1191,0,Serve prepare 0.98,0,9,Drive,93.0748,154.1774,1.8721,1.0019,-12.6781,0.0528,1,1,Ready,0,9,6.6351,3.4294,0.6202,0,Missed,,2.35,-12.35,-1.95,11.2,0,0,0,0.7359,0,0
281,PlayerServeToss,Toss,1,0,48,1.8,0.455,-13.75,2.4402,3.1996,-12.1193,0,Serve prepare 1.00,0,9,Drive,92.0284,154.8258,1.8694,1.0031,-12.6629,0.1141,1,1,Ready,0,9,6.7696,3.6821,0.4786,0,Missed,,2.35,-12.35,-1.95,11.2,0,0,0,0.9732,0,0
282,PlayerServeToss,Toss,1,0,48,1.8,0.455,-13.75,2.4356,3.1961,-12.1197,0,Serve prepare 1.00,0,9,Drive,91.8183,155.3429,1.867,1.002,-12.6564,0.0223,1,1,Ready,0,9,6.9816,4.1181,0.3455,0,Missed,,2.35,-12.35,-1.95,11.2,0,0,0,0.5323,0,0
283,PlayerServeToss,Toss,1,0,48,1.8,0.455,-13.75,2.4333,3.1933,-12.1199,0,Serve prepare 1.00,0,9,Drive,91.8183,155.7613,1.865,1.0007,-12.6527,0,1,1,Ready,0,9,7.3072,4.7399,0.2542,0,Missed,,2.35,-12.35,-1.95,11.2,0,0,0,0,0,0
284,PlayerServeToss,Toss,1,0,48,1.8,0.455,-13.75,2.4286,3.1856,-12.1204,0,Serve prepare 1.00,0,9,Drive,91.8183,156.0716,1.8635,0.9998,-12.65,0,1,1,Ready,0,9,7.7418,5.579,0.1007,0,Missed,,2.35,-12.35,-1.95,11.2,0,0,0,0.3626,0,0
285,PlayerServeToss,Toss,1,0,48,1.8,0.455,-13.75,2.4263,3.1808,-12.1206,0,Serve prepare 1.00,0,9,Drive,91.8183,156.2693,1.8626,0.9991,-12.6482,0,1,1,Ready,0,9,8.4158,6.5585,0.1811,0,Missed,,2.35,-12.35,-1.95,11.2,0,0,0,0.5987,0,0
286,PlayerServeToss,Toss,1,0,48,1.8,0.455,-13.75,2.4217,3.1691,-12.121,0,Serve prepare 1.00,0,9,Drive,91.8183,156.3628,1.8621,0.9987,-12.6474,0,1,1,Ready,0,9,9.5311,7.6035,0.1004,0,Missed,,2.35,-12.35,-1.95,11.2,0,0,0,0.7133,0,0
287,PlayerServeToss,Toss,1,0,48,1.8,0.455,-13.75,2.4194,3.1622,-12.1212,0,Serve prepare 1.00,0,9,Drive,91.8183,156.3693,1.8621,0.9986,-12.6474,0,1,1,Ready,0,9,10.8204,8.652,0.2503,0,Missed,,2.35,-12.35,-1.95,11.2,0,0,0,0.7231,0,0
288,PlayerServeToss,Toss,1,0,48,1.8,0.455,-13.75,2.4147,3.1464,-12.1217,0,Serve prepare 1.00,0,9,Drive,91.8183,156.3108,1.8624,0.9988,-12.6479,0,1,1,Ready,0,9,12.191,9.6815,0.4794,0,Missed,,2.35,-12.35,-1.95,11.2,0,0,0,0.6561,0,0
289,PlayerServeToss,Toss,1,0,48,1.8,0.455,-13.75,2.4124,3.1375,-12.1219,0,Serve prepare 1.00,0,9,Drive,91.8183,156.2104,1.8629,0.999,-12.6488,0,1,1,Ready,0,9,13.3731,10.5378,0.4165,0,Missed,,2.35,-12.35,-1.95,11.2,0,0,0,0.5381,0,0
290,PlayerServeToss,Toss,1,0,48,1.8,0.455,-13.75,2.4077,3.1176,-12.1223,0,Serve prepare 1.00,0,9,Drive,91.8183,156.0894,1.8634,0.9993,-12.6499,0,1,1,Ready,0,9,14.089,11.1285,0,0,Missed,,2.35,-12.35,-1.95,11.2,0,0,0,0.3937,0,0
291,PlayerServeToss,Toss,1,0,48,1.8,0.455,-13.75,2.4054,3.1066,-12.1225,0,Serve prepare 1.00,0,9,Drive,91.8183,155.966,1.864,0.9997,-12.651,0,1,1,Ready,0,9,14.3623,11.3821,0,0,Missed,,2.35,-12.35,-1.95,11.2,0,0,0,0.2502,0,0
292,PlayerServeToss,Toss,1,0,48,1.8,0.455,-13.75,2.4008,3.0826,-12.123,0,Serve prepare 1.00,0,9,Drive,91.8183,155.8537,1.8646,1,-12.652,0,1,1,Ready,0,9,14.0419,11.1692,0,0,Missed,,2.35,-12.35,-1.95,11.2,0,0,0,0,0,0
293,PlayerServeToss,Toss,1,0,48,1.8,0.455,-13.75,2.3985,3.0696,-12.1232,0,Serve prepare 1.00,0,9,Drive,91.8183,155.7616,1.865,1.0003,-12.6528,0,1,1,Ready,0,9,13.398,10.6256,0,0,Missed,,2.35,-12.35,-1.95,11.2,0,0,0,0,0,0
294,PlayerServeToss,Toss,1,0,48,1.8,0.455,-13.75,2.3938,3.0416,-12.1236,0,Serve prepare 1.00,0,9,Drive,91.8183,155.6934,1.8653,1.0005,-12.6534,0,1,1,Ready,0,9,12.5744,9.7688,0,0,Missed,,2.35,-12.35,-1.95,11.2,0,0,0,0,0,0
295,PlayerServeToss,Toss,1,0,48,1.8,0.455,-13.75,2.3915,3.0265,-12.1238,0,Serve prepare 1.00,0,9,Drive,91.8183,155.6508,1.8656,1.0007,-12.6538,0,1,1,Ready,0,9,11.7343,8.7356,6.8594,0,Missed,,2.35,-12.35,-1.95,11.2,0,0,0,0,0,0
296,PlayerServeToss,Toss,1,0,48,1.8,0.455,-13.75,2.3869,2.9944,-12.1242,0,Serve prepare 1.00,0,9,Drive,91.8183,155.6316,1.8656,1.0007,-12.6539,0,1,1,Ready,0,9,11.0871,7.5988,0.6666,0,Missed,,2.35,-12.35,-1.95,11.2,0,0,0,0.1769,0,0
297,PlayerServeToss,Toss,1,0,48,1.8,0.455,-13.75,2.3845,2.9773,-12.1245,0,Serve prepare 1.00,0,9,Drive,91.8183,155.6318,1.8656,1.0008,-12.6539,0,1,1,Ready,0,9,10.5734,6.4663,2.672,0,Missed,,2.35,-12.35,-1.95,11.2,0,0,0,0.1769,0,0
298,PlayerServeToss,Toss,1,0,48,1.8,0.455,-13.75,2.3799,2.941,-12.1249,0,Serve prepare 1.00,0,9,Drive,91.8183,155.6463,1.8656,1.0007,-12.6538,0,1,1,Ready,0,9,10.1797,5.4504,0.6964,0,Missed,,2.35,-12.35,-1.95,11.2,0,0,0,0.1631,0,0
299,PlayerServeToss,Toss,1,0,48,1.8,0.455,-13.75,2.3776,2.9219,-12.1251,0,Serve prepare 1.00,0,9,Drive,91.8183,155.6698,1.8655,1.0007,-12.6536,0,1,1,Ready,0,9,9.9809,4.6193,0.6612,0,Missed,,2.35,-12.35,-1.95,11.2,0,0,0,0,0,0
300,PlayerServeToss,Toss,1,0,48,1.8,0.455,-13.75,2.3729,2.8815,-12.1255,0,Serve prepare 1.00,0,9,Drive,91.8183,155.6977,1.8653,1.0006,-12.6534,0,1,1,Ready,0,9,10.0526,4.0931,0.4951,0,Missed,,2.35,-12.35,-1.95,11.2,0,0,0,0,0,0
301,PlayerServeToss,Toss,1,0,48,1.8,0.455,-13.75,2.3706,2.8603,-12.1257,0,Serve prepare 1.00,0,9,Drive,91.8183,155.7257,1.8652,1.0005,-12.6531,0,1,1,Ready,0,9,10.3566,3.8413,0.1737,0,Missed,,2.35,-12.35,-1.95,11.2,0,0,0,0,0,0
302,PlayerServeToss,Toss,1,0,48,1.8,0.455,-13.75,2.366,2.8159,-12.1262,0,Serve prepare 1.00,0,9,Drive,91.8183,155.7509,1.8651,1.0004,-12.6529,0,1,1,Ready,0,9,10.8702,3.9021,0.4349,0,Missed,,2.35,-12.35,-1.95,11.2,0,0,0,0,0,0
303,PlayerServeToss,Toss,1,0,48,1.8,0.455,-13.75,2.3637,2.7927,-12.1264,0,Serve prepare 1.00,0,9,Drive,91.8183,155.7696,1.865,1.0004,-12.6527,0,1,1,Ready,0,9,11.631,4.2123,0.7024,0,Missed,,2.35,-12.35,-1.95,11.2,0,0,0,0,0,0
304,PlayerServeToss,Toss,1,0,48,1.8,0.455,-13.75,2.359,2.7442,-12.1268,0,Serve prepare 1.00,1,0.1717,Serve,82.0348,154.8632,1.8965,1.0086,-12.559,0,1,1,Ready,0,9,12.7348,4.7364,0.7775,0,Missed,,2.35,-12.35,-1.95,11.2,0,0,0,3.4391,0,0
305,PlayerServeToss,Toss,1,0,48,1.8,0.455,-13.75,2.3567,2.7189,-12.127,0,Serve swing,1,0.1633,Serve,91.8183,155.9355,1.8685,1.0144,-12.6485,0.1182,1,1,Ready,0,9,13.9724,5.3927,0.7563,0,Missed,,2.35,-12.35,-1.95,11.2,0,0,0,0.1959,0,0
306,PlayerServeToss,Toss,1,0,48,1.8,0.455,-13.75,2.352,2.6663,-12.1275,0,Serve swing,1,0.1467,Serve,92.0235,155.9733,1.9017,1.0457,-12.5916,0.0179,1,1,Ready,0,9,15.2282,6.1042,0.6589,0,Missed,,2.35,-12.35,-1.95,11.2,0,0,0,0,0,0
307,PlayerServeToss,Toss,1,0,48,1.8,0.455,-13.75,2.3497,2.639,-12.1277,0,Serve swing,1,0.1383,Serve,93.5417,157.4915,1.9384,1.0668,-12.5082,0.2106,1,1,Ready,0,9,16.3691,6.8641,0.5519,0,Missed,,2.35,-12.35,-1.95,11.2,0,0,0,0,0,0
308,PlayerServeToss,Toss,1,0,48,1.8,0.455,-13.75,2.3451,2.5823,-12.1281,0,Serve swing,1,0.1217,Serve,93.5805,159.5184,2.0447,1.1192,-12.3161,0.1793,1,1,Ready,0,9,17.2331,7.6724,0.419,0,Missed,,2.35,-12.35,-1.95,11.2,0,0,0,0,0,0
309,PlayerServeToss,Toss,1,0,48,1.8,0.455,-13.75,2.3428,2.553,-12.1283,0,Serve swing,1,0.1133,Serve,93.527,164.1141,2.0867,1.1456,-12.2326,0.9266,1,1,Ready,0,9,17.8414,8.4952,0.2807,0,Missed,,2.35,-12.35,-1.95,11.2,0,0,0,0,0,0
310,PlayerServeToss,Toss,1,0,48,1.8,0.455,-13.75,2.3381,2.4922,-12.1287,0,Serve swing,1,0.0967,Serve,87.1453,166.0009,2.1791,1.1927,-12.2065,1.0268,1,1,Ready,0,9,18.1145,9.3052,0.0337,0,Missed,,2.35,-12.35,-1.95,11.2,0,0,0,0,0,0
311,PlayerServeToss,Toss,1,0,48,1.8,0.455,-13.75,2.3358,2.4608,-12.129,0,Serve swing,1,0.0883,Serve,83.1563,166.4348,2.2243,1.217,-12.2285,4.4278,1,1,Ready,0,9,18.2035,10.1,0.0759,0,Missed,,2.35,-12.35,-1.95,11.2,0,0,0,0,0,0
312,PlayerServeToss,Toss,1,0,48,1.8,0.455,-13.75,2.3312,2.3959,-12.1294,0,Serve swing,1,0.0717,Serve,72.0958,154.3649,2.2632,1.3007,-12.4016,4.9182,1,1,Ready,0,9,18.1741,10.8442,0.0335,0,Missed,,2.35,-12.35,-1.95,11.2,0,0,0,0,0,0
313,PlayerServeToss,Toss,1,0,48,1.8,0.455,-13.75,2.3288,2.3625,-12.1296,0,Serve swing,1,0.0633,Serve,66.5021,144.1247,2.1714,1.3311,-12.5101,12.7328,1,1,Ready,0,9,18.1651,11.5331,0.0488,0,Missed,,2.35,-12.35,-1.95,11.2,0,0,0,0,0,0
314,PlayerServeToss,Toss,1,0,48,1.8,0.455,-13.75,2.3242,2.2936,-12.13,0,Serve swing,1,0.0467,Serve,47.7111,111.1165,2.3152,1.6719,-12.3411,8.4647,1,1,Ready,0,9,18.3692,12.114,0.0399,0,Missed,,2.35,-12.35,-1.95,11.2,0,0,0,0,0,0
315,PlayerServeToss,Toss,1,0,48,1.8,0.455,-13.75,2.3219,2.2581,-12.1302,0,Serve swing,1,0.0383,Serve,40.5354,98.6825,2.3905,1.8165,-12.1134,20.9526,1,1,Ready,0,9,18.6394,12.5907,0.0397,0,Missed,,2.35,-12.35,-1.95,11.2,0,0,0,0,0,0
316,PlayerServeToss,Toss,1,0,48,1.8,0.455,-13.75,2.3172,2.185,-12.1307,0,Serve swing,1,0.0217,Serve,31.4649,75.4348,2.5644,1.8737,-11.9957,0,1,1,Ready,0,9,18.9414,12.9835,0.0174,0,Missed,,2.35,-12.35,-1.95,11.2,0,0,0,0,0,0
317,PlayerServeToss,Toss,1,0,48,1.8,0.455,-13.75,2.3149,2.1475,-12.1309,0,Serve swing,1,0.0133,Serve,30.217,63.648,2.6823,1.8845,-12.0034,0,1,1,Ready,0,9,19.1567,13.2206,0.0852,0,Missed,,2.35,-12.35,-1.95,11.2,0,0,0,0,0,0
318,Rally,None,1,0,53.5,1.2897,3.4955,-16.751,2.2612,2.1296,-11.804,1,Serve swing,1,-0.0033,Serve,19.7094,53.9665,2.506,1.7434,-12.2533,0,1,1,Ready,0,9,19.1721,13.2728,0.2353,0.2417,Missed,,2.35,-12.35,-1.91,11.2,5.5,0,0,0,0,0
319,Rally,None,1,0,53.5327,1.2939,3.4992,-16.75,2.156,2.1381,-11.3888,1,Serve follow,1,-0.02,Serve,23.8461,46.2531,2.4521,1.7257,-12.2578,0,1,1,Run,0,9,12.1202,6.2672,1.8664,0.1833,Missed,,2.3481,-12.3491,-1.8299,11.2,0.0327,0,0,0,0,0
320,Rally,None,1,0,53.5937,1.2939,3.4997,-16.7495,2.0508,2.1437,-10.9735,1,Serve follow,1,-0.0367,Serve,24.6,38.308,2.4321,1.7183,-12.2509,0,1,1,Run,0,9,-1.1686,-6.8016,6.0163,0.125,Missed,,2.3438,-12.347,-1.7498,11.2,0.0611,0,0,0,0,0
321,Rally,None,1,0,53.6795,1.2923,3.4981,-16.7488,1.893,2.1468,-10.3507,1,Serve follow,1,-0.0617,Serve,25.3175,27.3151,2.453,1.7025,-12.2399,0,1,1,Run,0,9,-14.3192,-19.8495,1.65,0.0667,Missed,,2.3325,-12.3415,-1.6297,11.2,0.0857,0,0,0,0,0
322,Rally,None,1,0,53.7867,1.2894,3.4983,-16.7472,1.7877,2.1452,-9.9354,1,Serve follow,1,-0.0783,Serve,28.3753,17.9498,2.4775,1.6587,-12.2204,0,1,1,Run,0,9,-25.138,-30.3328,1.033,0.0083,Missed,,2.3219,-12.3363,-1.5496,11.2,0.1072,0,0,0.3662,0,0
323,Rally,None,1,0,53.9125,1.2863,3.4985,-16.7444,1.6299,2.1375,-9.3126,1,Serve follow,1,-0.1033,Serve,29.0353,9.7144,2.5554,1.6243,-12.2569,0,1,1,Run,0,9,-33.3295,-37.7707,0.6655,0,Missed,,2.3013,-12.3262,-1.4295,11.2,0.1259,0,0,0.774,0,0
324,Rally,None,1,0,54.0546,1.2824,3.4987,-16.741,1.5247,2.1288,-8.8973,1,Serve follow,1,-0.12,Serve,27.2685,5.8199,2.4671,1.507,-12.0763,0,1,1,Run,0,9,-39.3306,-42.6158,0.818,0,Missed,,2.2845,-12.318,-1.3494,11.2,0.1421,0,0,2.7361,0,0
325,Rally,None,1,0,54.2108,1.2777,3.4989,-16.7367,1.4195,2.1173,-8.4821,1,Serve follow,1,-0.1367,Serve,25.4025,1.3495,2.4201,1.4454,-12.0058,0,1,1,Run,0,9,-43.8046,-45.4543,12.5279,0,Missed,,2.2652,-12.3085,-1.2693,11.2,0.1562,0,0,4.8773,0,0
326,Rally,None,1,0,54.3792,1.2711,3.499,-16.7309,1.2616,2.0946,-7.8592,1,Serve follow,1,-0.1617,Serve,21.3125,-4.611,2.4376,1.3091,-11.954,0,1,1,Run,0,9,-46.992,-46.9985,0.5529,0,Missed,,2.2315,-12.292,-1.1492,11.2,0.1684,0,0,6.2229,0,0
327,Rally,None,1,0,54.5583,1.2635,3.4992,-16.7242,1.1564,2.0759,-7.444,1,Serve follow,1,-0.1783,Serve,18.5079,-5.9635,2.4748,1.213,-11.9389,0,1,1,Run,0,9,-49.2819,-47.668,1.5901,0,Missed,,2.2059,-12.2795,-1.0691,11.2,0.1791,0,0,11.5904,0,0
328,Rally,None,1,0,54.7466,1.2539,3.4993,-16.7156,0.9986,2.0424,-6.8211,1,Serve follow,1,-0.2033,Serve,16.5434,-8.6546,2.5145,1.0721,-11.9733,0,1,1,Run,0,9,-50.8144,-47.8809,3.7244,0,Missed,,2.1629,-12.2584,-0.949,11.2,0.1884,0,0,11.2543,0,0
329,Rally,None,1,0,54.9104,1.2432,3.4994,-16.7061,0.8933,2.0166,-6.4059,1,Serve follow,1,-0.22,Serve,15.9453,-9.7215,2.5412,1.0079,-12.0002,0,1,1,Run,0,9,-51.6143,-47.9445,2.7504,0,Missed,,2.1311,-12.2429,-1.029,11.2,0.1637,0,0,10.4938,0,0
330,Rally,None,1,0,55.0527,1.2314,3.4994,-16.6956,0.7881,1.9879,-5.9907,1,Serve follow,1,-0.2367,Serve,16.2627,-7.5718,2.5558,0.9649,-12.0372,0,1,1,Run,0,9,-41.4518,-38.6145,0,0,Missed,,2.0968,-12.2261,-1.1091,11.2,0.1424,0,0,10.2763,0,0
331,Rally,None,1,0,55.1765,1.2172,3.4995,-16.683,0.6303,1.9394,-5.3678,1,Serve follow,1,-0.2617,Serve,15.7451,-5.3929,2.543,0.9405,-12.0907,0,1,1,Run,0,9,-20.8942,-19.9703,0,0,Missed,,2.0406,-12.1986,-1.2293,11.2,0.1238,0,0,9.0072,0,0
332,Rally,None,1,0,55.2841,1.2019,3.4996,-16.6693,0.5251,1.9035,-4.9526,1,Serve follow,1,-0.2783,Serve,15.8903,-2.0547,2.5315,0.9381,-12.1104,0,1,1,Run,0,9,-0.0678,-0.6563,0,0,Missed,,2.0001,-12.1788,-1.3093,11.2,0.1076,0,0,7.5954,0,0
333,Rally,None,1,0,55.3776,1.1839,3.4996,-16.6533,0.3672,1.8443,-4.3297,1,Serve follow,0,9,Serve,16.732,-1.6687,2.4787,0.9324,-12.0644,0,1,1,Run,0,9,16.3399,15.2577,7.5228,0,Missed,,1.9346,-12.1467,-1.4295,11.2,0.0935,0,0,7.5954,0,0
334,Rally,None,1,0,55.4589,1.1648,3.4997,-16.6364,0.262,1.8013,-3.9145,1,Run,0,9,Serve,18.4688,6.3096,2.4341,0.995,-12.0897,2.2253,0.9555,0.8333,Backhand prepare 0.08,0,9,26.4261,27.4865,6.665,0,Missed,,1.8878,-12.1238,-1.5095,11.2,0.0813,0,1.1806,6.5655,0,0
335,Rally,None,1,0,55.5296,1.1448,3.4997,-16.6185,0.1568,1.7554,-3.4992,1,Run,0,9,Serve,17.0366,6.0605,2.3769,0.997,-12.0462,1.3331,0.856,0.6667,Backhand prepare 0.17,0,9,30.8579,34.3773,2.635,0,Missed,,1.8385,-12.0997,-1.5896,11.2,0.0707,0,2.3611,2.7668,0,0
336,Rally,None,1,0,55.5911,1.1217,3.4998,-16.598,-0.0011,1.6812,-2.8764,1,Run,0,9,Serve,14.3414,4.3587,2.2829,0.9893,-11.9803,0.7782,0.7361,0.5,Backhand prepare 0.25,0,9,29.796,35.9779,1.4396,0,Missed,,1.7599,-12.0612,-1.7098,11.2,0.0615,0,3.536,2.5901,0,0
337,Rally,None,1,0,55.6445,1.0976,3.4998,-16.5766,-0.1063,1.6281,-2.4611,1,Run,0,9,Serve,10.2558,1.0714,2.2027,0.9734,-11.9105,2.7327,0.6155,0.3333,Backhand prepare 0.32,0,9,29.5848,36.0686,0.5424,0,Missed,,1.7044,-12.0341,-1.7898,11.2,0.0534,0,4.7222,2.3103,0,0
338,Rally,None,1,0,55.6909,1.0704,3.4998,-16.5523,-0.2641,1.5432,-1.8383,1,Run,0,9,Serve,4.9309,-3.4462,2.0788,0.9497,-11.8127,15.3599,0.5041,0.1667,Backhand prepare 0.35,0,9,28.4172,35.4419,1.2532,0,Missed,,1.6165,-11.991,-1.91,11.2,0.0464,0,5.9028,1.9485,0,0
339,Rally,None,1,0,55.7313,1.0422,3.4998,-16.5273,-0.3693,1.4829,-1.423,1,Run,0,9,Serve,-1.2493,-8.469,1.9695,0.9222,-11.7198,0.5148,0.4064,0,Backhand prepare 0.41,0,9,27.0241,33.9812,2.0497,0,Missed,,1.5547,-11.9608,-1.99,11.2,0.0404,0,7.0833,1.5252,0,0
340,Rally,None,1,0,55.7664,1.0133,3.4999,-16.5015,-0.4746,1.4199,-1.0078,1,Run,0,9,Serve,-7.7275,-13.2931,1.8489,0.8876,-11.6254,1.4487,0.3236,0,Backhand prepare 0.45,0,9,27.454,33.2285,7.5364,0,Missed,,1.4918,-11.93,-2.0701,11.2,0.0351,0,8.2639,1.1133,0,0
341,Rally,None,1,0,55.7969,0.9813,3.4999,-16.4731,-0.6324,1.3199,-0.3849,1,Run,0,9,Serve,-14.0397,-18.5477,1.6906,0.8426,-11.5224,8.2651,0.2551,0,Backhand prepare 0.48,0,9,28.9566,33.1617,4.716,0,Missed,,1.3975,-11.8839,-2.1903,11.2,0.0305,0,7.3287,0.8547,0,0
342,Rally,None,1,0,55.8195,0.949,3.4999,-16.4444,-0.7376,1.2497,0.0303,1,Run,0,9,Serve,-19.7765,-22.8649,1.5634,0.8038,-11.4398,12.9127,0.1995,0,Backhand prepare 0.54,0,9,31.9091,33.6943,4.9092,0,Missed,,1.3346,-11.8531,-2.2703,11.2,0.0226,0,5.776,0.881,0,0
343,Rally,None,1,0,55.7577,0.9141,3.4999,-16.4134,-0.8955,1.139,0.6532,1,Run,0,9,Serve,-24.5513,-25.9048,1.4118,0.8133,-11.3531,8.1001,0.1549,0,Backhand prepare 0.58,0,9,34.9247,34.8752,5.0896,0,Missed,,1.2403,-11.807,-2.3905,11.2,-0.0618,0,4.5522,1.0239,0,0
344,Rally,None,1,0,55.6498,0.8793,3.4999,-16.3824,-1.0007,1.0616,1.0684,1,Run,0,9,Serve,-28.2417,-28.0328,1.3032,0.8305,-11.2971,6.7921,0.1195,0,Backhand prepare 0.63,0,9,33.9933,33.7164,1.6876,0,Missed,,1.1775,-11.7762,-2.4705,11.2,-0.1079,0,3.5877,1.0644,0,0
345,Rally,None,1,0,55.5017,0.8445,3.4999,-16.3514,-1.1059,0.9813,1.4837,1,Run,0,9,Serve,-30.9783,-29.4962,1.2084,0.8461,-11.2548,5.1066,0.0918,0,Backhand prepare 0.67,0,9,31.7803,31.5986,1.2901,0,Missed,,1.1146,-11.7454,-2.5506,11.2,-0.1481,0,2.8276,0.9809,0,0
346,Rally,None,1,0,55.2916,0.8075,3.4999,-16.3185,-1.2637,0.8556,2.1065,1,Run,0,9,Serve,-32.7816,-30.5236,1.0945,0.8492,-11.2046,2.5552,0.0702,0,Backhand prepare 0.71,0,9,29.8281,28.746,1.6995,0,Missed,,1.0203,-11.6993,-2.5691,11.2,-0.2101,0,2.2285,0.7785,0,0
347,Rally,None,1,0,55.0547,0.7708,3.4999,-16.2858,-1.369,0.7682,2.5218,1,Run,0,9,Serve,-33.7058,-31.3434,1.0244,0.8288,-11.177,4.2237,0.0534,0,Backhand prepare 0.76,0,9,25.8858,22.5367,0,0,Missed,,0.9574,-11.6685,-2.5691,11.2,-0.2369,0,1.7563,0.5594,0,0
348,Rally,None,1,0,54.7674,0.7321,3.5,-16.2514,-1.5268,0.6317,3.1446,1,Run,0,9,Serve,-33.9704,-32.0844,0.932,0.8023,-11.1405,0,0.0405,0,Backhand prepare 0.80,0,9,20.2671,13.9149,0,0,Missed,,0.8631,-11.6224,-2.5691,11.2,-0.2873,0,1.3842,0.6149,0,0
349,Rally,None,1,0,54.4634,0.694,3.5,-16.2175,-1.632,0.5372,3.5599,1,Run,0,9,Serve,-33.8383,-32.7933,0.8762,0.7874,-11.1231,0,0.0307,0,Backhand prepare 0.85,0,9,13.4928,2.6285,0,0,Missed,,0.8002,-11.5916,-2.5691,11.2,-0.304,0,1.0909,0.885,0,0
350,Rally,None,1,0,54.1448,0.6563,3.5,-16.1839,-1.7372,0.4398,3.9751,1,Run,0,9,Serve,-33.3353,-33.5953,0.8257,0.7702,-11.1096,0,0.0231,0,Backhand prepare 0.89,0,9,3.4761,-9.5603,2.0971,0,Missed,,0.7373,-11.5608,-2.5691,11.2,-0.3186,0,0.8598,1.1905,0,0
351,Rally,None,1,0,53.7865,0.6168,3.5,-16.1488,-1.8951,0.2883,4.598,1,Run,0,9,Serve,-32.6693,-34.4575,0.7469,0.7589,-11.0763,0,0.0174,0,Backhand prepare 0.93,0,9,-5.5879,-22.0635,1.3753,0,Missed,,0.643,-11.5147,-2.5691,11.2,-0.3583,0,0.6776,1.4017,0,0
352,Rally,None,1,0,53.4207,0.5779,3.5,-16.1142,-2.0003,0.1837,5.0132,1,Run,0,9,Serve,-32.0803,-35.2803,0.6942,0.7527,-11.0583,2.8693,0.0131,0,Backhand prepare 0.98,0,9,-7.927,-35.2011,0.9362,0,Missed,,0.5801,-11.4839,-2.5691,11.2,-0.3658,0,0.5341,1.4205,0,0
353,Rally,None,1,0,53.0228,0.5374,3.5,-16.0781,-2.1553,0.133,5.6249,1,Run,0,9,Serve,-31.4965,-36.072,0.6096,0.7752,-11.0302,0.3971,0.0098,0,Backhand prepare 1.00,0,9,-16.1648,-49.5533,0.6492,0,Missed,,0.4874,-11.4385,-2.6092,11.2,-0.3979,0,0.4209,1.3096,0,0
354,Rally,None,1,0,52.6279,0.498,3.5,-16.0431,-2.2548,0.1968,6.0177,1,Run,0,9,Serve,-31.1757,-37.0661,0.5539,0.7823,-11.0147,3.0809,0.0073,0,Backhand prepare 1.00,0,9,-25.0061,-62.7057,0.5545,0,Missed,,0.4286,-11.4097,-2.6893,11.2,-0.3949,0.0007,1.0753,1.0505,0,0
355,Rally,None,1,0,52.2846,0.4597,3.5,-16.009,-2.3544,0.2579,6.4105,1,Run,0,9,Serve,-31.1832,-37.8763,0.4527,0.7844,-10.9903,1.9246,0.0055,0,Backhand prepare 1.00,1,0.1753,-20.7824,-72.7031,2.2229,0,Missed,,0.3723,-11.3822,-2.7693,11.2,-0.3433,0.0026,2.4365,0.6571,0,0
356,Rally,None,1,0,51.9861,0.4206,3.5,-15.9743,-2.5037,0.3442,6.9997,1,Run,0,9,Serve,-31.2934,-38.3634,0.3679,0.7816,-10.9481,2.5483,0.0041,0,Forehand swing,1,0.1514,-24.0447,-27.5192,18.3715,0,Missed,,0.2925,-11.3432,-2.8895,11.2,-0.2985,0.0058,3.5093,0.2332,0,0
357,Rally,None,1,0,51.7267,0.3831,3.5,-15.9409,-2.6032,0.3983,7.3925,1,Run,0,9,Serve,-31.5729,-38.7553,0.3102,0.7787,-10.9169,1.2958,0.003,0,Forehand swing,1,0.1355,-37.3353,-1.5856,1.9134,0,Missed,,0.2425,-11.3187,-2.9696,11.2,-0.2595,0.0105,5.1493,0.2577,0,0
358,Rally,None,1,0,51.5011,0.3454,3.5,-15.9073,-2.7525,0.4743,7.9818,1,Run,0,9,Serve,-31.9244,-38.7914,0.2728,0.7762,-10.8748,1.3355,0.0023,0,Forehand swing,1,0.1116,-21.2299,17.1081,0.5945,0,Missed,,0.1721,-11.2842,-3.0897,11.2,-0.2256,0.016,5.6474,0.5997,0,0
359,Rally,None,1,0,51.305,0.3095,3.5,-15.8754,-2.8521,0.5214,8.3746,1,Run,0,9,Serve,-32.4287,-38.7352,0.2179,0.7831,-10.8437,0.6346,0,0,Forehand swing,1,0.0956,-7.9242,28.5448,0.1573,0,Missed,,0.1282,-11.2628,-3.1698,11.2,-0.1961,0.0221,6.8344,0.8848,0,0
360,Rally,None,1,0,51.1345,0.2753,3.5,-15.845,-2.9516,0.5658,8.7674,1,Run,0,9,Serve,-32.9502,-38.3888,0.1663,0.7847,-10.8136,4.2689,0,0,Forehand swing,1,0.0797,1.7903,34.3628,1.0872,0,Missed,,0.0869,-11.2425,-3.2498,11.2,-0.1705,0.0278,6.9754,1.0665,0,0
361,Rally,None,1,0,50.9863,0.2415,3.5,-15.8149,-3.1009,0.6271,9.3566,1,Run,0,9,Serve,-33.4521,-37.9505,0.1,0.7821,-10.7761,0.1577,0,0,Forehand swing,1,0.0558,9.957,32.3037,1.5969,0,Missed,,0.0296,-11.2145,-3.2874,11.2,-0.1482,0.0328,7.0866,1.1222,0,0
362,Rally,None,1,0,50.8574,0.2099,3.5,-15.7868,-3.2005,0.6645,9.7494,1,Run,0,9,Serve,-33.9091,-37.5828,0.0632,0.7798,-10.7529,0.2471,0,0,Forehand swing,1,0.0398,16.1742,24.2673,0.7631,0,Missed,,0,-11.2,-3.2874,11.2,-0.1288,0.0371,7.9687,1.0532,0,0
363,Rally,None,1,0,50.7454,0.1825,3.5,-15.7624,-3.3498,0.7154,10.3387,1,Ready,0,9,Serve,-28.2247,-32.4538,0.0708,0.7765,-10.7604,1.6653,0,0,Forehand swing,1,0.0159,16.312,11.1613,0.5304,0,Missed,,0,-11.2,-3.2874,11.2,-0.112,0.0393,6.2803,1.6514,0,0.0001
364,Rally,None,1,0,51.4319,0.1587,3.5,-15.7412,-3.4493,0.7458,10.6115,1,Ready,0,9,Serve,-17.4152,-22.0502,0.0891,0.7749,-10.7783,16.1678,0,0,Forehand swing,1,0,15.1169,3.4521,0.1914,0,Missed,R;,0,-11.2,-3.2874,11.2,0.6865,0.039,4.9497,1.2485,0,0
365,Rally,None,1,0,52.0287,0.1379,3.5,-15.7227,-3.3588,0.8186,10.3357,1,Ready,0,9,Serve,-6.7936,-11.6023,0.1013,0.7785,-10.7944,3.047,0,0,Forehand swing,1,-0.0167,11.5421,-0.5752,0.568,0,Missed,,0,-11.2,-3.2073,11.2,0.5968,0.0364,3.901,0.7343,0,0
366,Rally,None,1,0,52.5475,0.1199,3.5,-15.7067,-3.2683,0.8889,10.06,1,Ready,0,9,Serve,1.8666,-3.2328,0.1106,0.7806,-10.8058,0.9724,0,0,Forehand follow,1,-0.0333,3.4675,-10.6913,1.3415,0,Missed,,0,-11.2,-3.1272,11.2,0.5188,0.0319,3.0745,1.0904,0,0
367,Rally,None,1,0,52.9985,0.1043,3.5,-15.6928,-3.1325,0.9896,9.6463,1,Ready,0,9,Serve,8.2568,2.8137,0.1178,0.784,-10.8138,1.0125,0,0,Forehand follow,1,-0.0583,-9.0665,-25.671,2.3535,0,Missed,,0,-11.2,-3.0071,11.2,0.451,0.0264,2.4231,1.4889,0,0
368,Rally,None,1,0,53.3907,0.0906,3.5,-15.6806,-3.042,1.0536,9.3705,1,Ready,0,9,Serve,12.6009,6.8295,0.1219,0.7902,-10.8164,0.6956,0,0,Forehand follow,1,-0.075,-22.0952,-38.8657,4.8961,0,Missed,,0,-11.2,-2.927,11.2,0.3921,0.0206,1.9097,1.6246,0,0
369,Rally,None,1,0,53.7315,0.0791,3.5,-15.6701,-2.9062,1.1449,8.9569,1,Ready,0,9,Serve,15.331,9.2846,0.1291,0.7977,-10.816,0.4583,0,0,Forehand follow,1,-0.1,-34.5406,-53.0697,19.938,0,Missed,,0.0042,-11.2,-2.8069,11.2,0.3409,0.0149,1.5051,1.5035,0,0
370,Rally,None,1,0,54.0279,0.0695,3.5,-15.6609,-2.8157,1.2027,8.6811,1,Run,0,9,Serve,17.141,10.4862,0.1436,0.7972,-10.8176,0.2503,0,0,Forehand follow,1,-0.1167,-46.0141,-63.0363,1.8102,0,Missed,,0.0104,-11.1999,-2.7268,11.2,0.2964,0.0113,3.4847,1.1806,0,0
371,Rally,None,1,0,54.2855,0.0618,3.5,-15.6529,-2.7252,1.2579,8.4054,1,Run,0,9,Serve,19.0306,12.1329,0.1735,0.791,-10.8275,0.2924,0,0,Forehand follow,1,-0.1333,-54.9455,-70.6629,1.3583,0,Missed,,0.0194,-11.1998,-2.6467,11.2,0.2576,0.0099,4.3236,0.8272,0,0
372,Rally,None,1,0,54.5095,0.0565,3.5,-15.646,-2.5894,1.336,7.9917,1,Run,0,9,Serve,21.5523,14.4735,0.2361,0.7735,-10.8506,0.4081,0,0,Forehand follow,1,-0.1583,-61.8694,-76.5305,0,0,Missed,,0.0382,-11.1996,-2.5266,11.2,0.224,0.0104,4.9915,0.6412,0,0
373,Rally,None,1,0,54.7042,0.053,3.5,-15.6399,-2.4989,1.385,7.7159,1,Run,0,9,Serve,25.2464,17.7683,0.3053,0.7356,-10.8976,4.1701,0,0,Forehand follow,1,-0.175,-66.8772,-80.5013,11.7289,0,Missed,,0.0542,-11.1995,-2.4465,11.2,0.1947,0.0127,6.3142,0.7115,0,0
374,Rally,None,1,0,54.8735,0.0521,3.5,-15.6346,-2.3631,1.4537,7.3023,1,Run,0,9,Serve,30.0711,22.3151,0.3805,0.7076,-10.9702,1.115,0,0,Forehand follow,1,-0.2,-68.0626,-83.1362,1.8655,0,Missed,,0.0833,-11.1992,-2.3264,11.2,0.1693,0.0158,6.5644,0.9326,0,0
375,Rally,None,1,0,55.0207,0.0529,3.5,-15.6299,-2.2726,1.4964,7.0265,1,Run,0,9,Serve,35.2739,26.7746,0.44,0.688,-11.0548,0.3611,0,0,Forehand follow,1,-0.2167,-65.8706,-84.5788,4.1151,0,Missed,,0.1062,-11.199,-2.2463,11.2,0.1472,0.0191,7.5564,0.4769,0,0
376,Rally,None,1,0,55.1486,0.0555,3.5,-15.6258,-2.1821,1.5366,6.7508,1,Run,0,9,Serve,39.9816,30.9591,0.4877,0.6705,-11.1362,2.1728,0,0,Forehand follow,1,-0.2333,-62.8916,-85.6759,0,0,Missed,,0.1319,-11.1987,-2.1662,11.2,0.1279,0.0219,7.5441,0.4772,0,0
377,Rally,None,1,0,55.2599,0.0608,3.5,-15.6222,-2.0463,1.5921,6.3371,1,Run,0,9,Serve,43.6891,34.2216,0.5417,0.6597,-11.2019,9.0488,0,0,Forehand follow,1,-0.2583,-59.629,-87.7416,0,0,Missed,,0.1757,-11.1983,-2.0461,11.2,0.1112,0.0234,7.5346,0.4752,0,0
378,Rally,None,1,0,55.3565,0.0679,3.5,-15.6191,-1.9558,1.626,6.0613,1,Run,0,9,Serve,46.4448,36.3753,0.5767,0.6465,-11.2502,0.5492,0,0,Forehand follow,1,-0.275,-55.401,-90.0551,4.7395,0,Missed,,0.2083,-11.1979,-1.966,11.2,0.0967,0.0237,8.3217,0.4141,0,0
379,Rally,None,1,0,55.4406,0.0779,3.5,-15.6162,-1.82,1.6721,5.6477,1,Run,0,9,Serve,48.3039,38.0852,0.714,0.6639,-11.2917,0.8815,0,0,Forehand follow,0,9,-53.2816,-89.231,2.3045,0,Missed,,0.2625,-11.1974,-1.8459,11.2,0.0841,0.0225,8.1475,0.3044,0,0
380,Rally,None,1,0,55.5137,0.0894,3.5,-15.6137,-1.7295,1.6998,5.3719,1,Run,0,9,Serve,49.4989,39.0957,0.788,0.6721,-11.3258,4.509,0,0,Run,0,9,-47.0334,-58.8516,4.9261,0,Missed,,0.3021,-11.197,-1.7658,11.2,0.0731,0.0198,8.5,0.1655,0,0
381,Rally,None,1,0,55.5772,0.1025,3.5,-15.6115,-1.639,1.7249,5.0962,1,Run,0,9,Serve,50.2232,39.9322,0.8736,0.6969,-11.339,0.3242,0,0,Run,0,9,-47.0904,-53.7161,0.4497,0,Missed,,0.3444,-11.1966,-1.6857,11.2,0.0635,0.0159,8.5,0.0753,0,0
382,Rally,None,1,0,55.6325,0.1188,3.5,-15.6095,-1.5032,1.7578,4.6825,1,Run,0,9,Serve,50.5859,40.6408,0.9474,0.7055,-11.3423,1.6059,0,0,Run,0,9,-47.4081,-52.8712,0.917,0,Missed,,0.4132,-11.1959,-1.5656,11.2,0.0552,0.0112,8.3104,0.1827,0,0
383,Rally,None,1,0,55.6805,0.1365,3.5,-15.6076,-1.4127,1.7767,4.4067,1,Run,0,9,Serve,50.6105,41.1336,0.963,0.6878,-11.3392,0,0,0,Run,0,9,-48.0779,-51.6582,0.6404,0,Missed,,0.4625,-11.1954,-1.4855,11.2,0.048,0.0066,8.5,0.3547,0,0
384,Rally,None,1,0,55.7222,0.1576,3.5,-15.6059,-1.2769,1.8002,3.9931,1,Run,0,9,Serve,50.3579,41.7299,1.0189,0.6792,-11.3189,0,0,0,Run,0,9,-48.9295,-50.2533,2.1481,0,Missed,,0.5416,-11.1946,-1.3654,11.2,0.0417,0.0027,8.5,0.5446,0,0
385,Rally,None,1,0,55.7585,0.1799,3.5,-15.6044,-1.1864,1.8128,3.7173,1,Run,0,9,Serve,49.8923,42.3901,1.01,0.6571,-11.2971,0,0,0,Run,0,9,-49.8867,-48.7706,2.0088,0,Missed,,0.5979,-11.1941,-1.2853,11.2,0.0363,-0.0004,8.5,0.7249,0,0
386,Rally,None,1,0,55.7901,0.2036,3.5,-15.603,-1.0959,1.8228,3.4416,1,Run,0,9,Serve,49.332,43.092,1.084,0.6617,-11.285,2.6648,0,0,Run,0,9,-50.9132,-47.2815,1.1251,0,Missed,,0.6569,-11.1935,-1.2052,11.2,0.0316,-0.0024,8.5,0.85,0,0
387,Rally,None,1,0,55.8175,0.231,3.5,-15.6016,-0.9601,1.8332,3.0279,1,Run,0,9,Serve,48.6567,43.8762,1.1927,0.678,-11.2701,1.7774,0,0,Run,0,9,-51.7137,-46.0011,1.6106,0,Missed,,0.7507,-11.1926,-1.0851,11.2,0.0274,-0.0035,8.5,0.9417,0,0
388,Rally,None,1,0,55.8413,0.2595,3.5,-15.6003,-0.8696,1.837,2.7521,1,Run,0,9,Serve,47.8704,44.7583,1.2742,0.7064,-11.2537,2.9282,0,0,Run,0,9,-52.3411,-44.9324,2.4834,0,Missed,,0.8166,-11.1919,-1.005,11.2,0.0238,-0.0037,8.5,1.0098,0,0
389,Rally,None,1,0,55.8621,0.2917,3.5,-15.5991,-0.7338,1.838,2.3385,1,Run,0,9,Serve,47.2044,45.6526,1.3964,0.7365,-11.243,0.3645,0,0,Run,0,9,-52.6586,-44.182,1.0826,0,Missed,,0.9208,-11.1909,-0.8849,11.2,0.0207,-0.0035,8.5,0.9748,0,0
390,Rally,None,1,0,55.8801,0.325,3.5,-15.5979,-0.6433,1.8355,2.0627,1,Run,0,9,Serve,46.6431,46.428,1.4828,0.7589,-11.2377,0.5024,0,0,Run,0,9,-52.5734,-43.8272,2.0518,0,Missed,,0.9937,-11.1902,-0.8048,11.2,0.018,-0.0028,8.5,0.8361,0,0
391,Rally,None,1,0,55.8957,0.3594,3.5,-15.5968,-0.5527,1.8305,1.787,1,Run,0,9,Serve,46.2458,47.1086,1.5662,0.7711,-11.2305,1.2988,0,0,Run,0,9,-52.1782,-43.8298,0.4488,0,Missed,,1.0694,-11.1894,-0.7247,11.2,0.0157,-0.002,8.5,0.6191,0,0
392,Rally,None,1,0,55.9094,0.3978,3.5,-15.5957,-0.417,1.8183,1.3733,1,Run,0,9,Serve,46.162,47.5697,1.6825,0.7832,-11.228,0.6869,0,0,Run,0,9,-51.5112,-44.1729,0,0,Missed,,1.1881,-11.1883,-0.6046,11.2,0.0136,-0.0013,8.5,0.2884,0,0
393,Rally,None,1,0,55.9212,0.4372,3.5,-15.5946,-0.3264,1.807,1.0975,1,Run,0,9,Serve,46.4589,47.733,1.7592,0.7912,-11.2344,4.7503,0,0,Run,0,9,-50.5616,-44.8596,0,0,Missed,,1.2708,-11.1874,-0.5245,11.2,0.0118,-0.0006,8.5,0.15,0,0
394,Rally,None,1,0,55.9315,0.4806,3.5,-15.5935,-0.1907,1.7854,0.6839,1,Run,0,9,Serve,47.0458,47.6176,1.8779,0.7621,-11.2449,2.5074,0,0,Run,0,9,-49.6155,-45.7053,0,0,Missed,,1.3999,-11.1862,-0.4044,11.2,0.0103,0,8.5,0.602,0,0
395,Rally,None,1,0,55.9405,0.5249,3.5,-15.5924,-0.1001,1.7678,0.4081,1,Run,0,9,Serve,47.9776,47.1615,1.9419,0.7248,-11.2593,11.4914,0,0,Run,0,9,-48.6432,-46.6966,4.2947,0,Missed,,1.4895,-11.1853,-0.3243,11.2,0.0089,0.0004,8.5,1.0686,0,0
396,Rally,None,1,0,55.9482,0.57,3.5,-15.5914,-0.0096,1.7478,0.1324,1,Forehand prepare 0.04,0,9,Serve,48.8668,46.6077,1.9905,0.7157,-11.1548,0,0.2083,0.1667,Run,0,9,-47.8132,-47.6942,0.7472,0,Missed,,1.5819,-11.1844,-0.2442,11.2,0.0078,0.0006,8.5,3.3053,0,0
397,Rally,None,1,0,55.955,0.6195,3.5,-15.5903,0.1261,1.713,-0.2813,1,Forehand prepare 0.08,0,9,Serve,64.6933,50.2458,2.0986,0.6716,-11.4668,3.6361,0.4167,0.3333,Run,0,9,-47.3123,-48.5369,0.1041,0,Missed,,1.7256,-11.1829,-0.1241,11.2,0.0068,0.0006,8.5,8.7573,0,0
398,Rally,None,1,0,55.9609,0.6695,3.5,-15.5892,0.2167,1.6867,-0.5571,1,Forehand prepare 0.13,0,9,Serve,60.2227,50.2329,2.17,0.7002,-11.3687,4.1323,0.625,0.5,Run,0,9,-47.0794,-49.2049,0.6496,0,Missed,,1.8225,-11.182,-0.044,11.2,0.0059,0.0006,8.5,7.2289,0,0
399,Rally,None,1,0,55.9539,0.7231,3.5,-15.5881,0.3524,1.6425,-0.9707,1,Forehand prepare 0.17,0,9,Serve,59.5863,48.7413,2.3099,0.7394,-11.3832,2.9119,0.8333,0.6667,Run,0,9,-47.2041,-49.5923,0.112,0,Missed,,1.9626,-11.1806,0,11.2,-0.007,0.0005,6.6483,6.2777,0,0
400,Rally,None,1,0,55.9387,0.7761,3.5,-15.587,0.443,1.6099,-1.2465,1,Forehand prepare 0.23,0,9,Serve,61.6136,48.1115,2.4276,0.7728,-11.3866,3.7869,1,0.8333,Ready,0,9,-41.5861,-44.6248,4.8499,0,Missed,,2.0525,-11.1797,0,11.2,-0.0152,0.0004,2.8561,4.0532,0,0
401,Rally,None,1,0,55.9164,0.8284,3.5,-15.5859,0.5335,1.5747,-1.5222,1,Forehand prepare 0.26,0,9,Serve,60.667,46.4417,2.5067,0.7737,-11.3372,1.3996,1,1,Ready,0,9,-30.9844,-34.9804,1.1202,0,Missed,,2.1396,-11.1788,0,11.2,-0.0223,0.0002,0.6619,2.9069,0,0
402,Rally,None,1,0,55.8834,0.883,3.5,-15.5848,0.6693,1.5174,-1.9359,1,Forehand prepare 0.30,0,9,Serve,58.1474,44.4007,2.6209,0.7632,-11.3268,0.9347,1,1,Ready,0,9,-20.5161,-24.9298,0.9389,0,Missed,,2.2652,-11.1776,0,11.2,-0.033,0.0008,1.0673,3.6027,0,0
403,Rally,None,1,0,55.8456,0.9361,3.5,-15.5838,0.7598,1.476,-2.2117,1,Forehand prepare 0.36,0,9,Serve,54.8724,43.2166,2.7958,0.7954,-11.3453,4.7905,1,1,Ready,0,9,-12.0052,-16.5337,0.6516,0,Missed,,2.3454,-11.1768,0,11.2,-0.0378,0.0031,3.2248,5.8604,0,0
404,Rally,None,1,0,55.7991,0.9906,3.5,-15.5827,0.8956,1.4092,-2.6253,1,Forehand prepare 0.39,0,9,Serve,52.6038,43.1062,2.9712,0.845,-11.3647,0,1,1,Ready,0,9,-5.7144,-10.142,0.5449,0,Missed,,2.4605,-11.1757,0,11.2,-0.0465,0.0069,4.1306,7.2593,0,0
405,Rally,None,1,0,55.7495,1.0433,3.5,-15.5817,0.9861,1.3615,-2.9011,1,Forehand prepare 0.45,0,9,Serve,50.882,46.5285,3.0929,0.9486,-11.4097,7.8474,1,1,Ready,0,9,-1.3603,-5.5263,0,0,Missed,,2.5337,-11.175,0,11.2,-0.0495,0.0122,5.639,9.9263,0,0
406,Rally,None,1,0,55.6974,1.0941,3.5,-15.5807,1.0766,1.3114,-3.1768,1,Forehand prepare 0.49,0,9,Serve,48.6102,50.2366,3.1677,1.026,-11.4526,1.5618,1,1,Ready,0,9,1.4133,-2.3475,1.4822,0,Missed,,2.6042,-11.1743,0,11.2,-0.0522,0.0181,6.0333,10.7042,0,0
407,Rally,None,1,0,55.6384,1.1455,3.5,-15.5798,1.2124,1.2314,-3.5905,1,Forehand prepare 0.52,0,9,Serve,47.8179,54.9447,3.2471,1.1086,-11.516,0.6385,1,1,Ready,0,9,3.169,-0.2016,0.3387,0,Missed,,2.7047,-11.1733,0,11.2,-0.059,0.0238,6.344,9.4173,0,0
408,Rally,None,1,0,55.578,1.1948,3.5,-15.5788,1.3029,1.175,-3.8663,1,Forehand prepare 0.58,0,9,Serve,52.2429,62.4902,3.2142,1.228,-11.6247,1.3987,1,1,Ready,0,9,4.384,1.1812,0.3793,0,Missed,,2.7682,-11.1726,0,11.2,-0.0604,0.0295,7.3835,5.7651,0,0
409,Rally,None,1,0,55.5119,1.244,3.5,-15.5779,1.4387,1.0856,-4.2799,1,Forehand prepare 0.62,0,9,Serve,53.0106,67.0928,3.2302,1.2938,-11.661,0.9599,1,1,Ready,0,9,5.2178,2.1131,0.6194,0,Missed,,2.8583,-11.1717,0,11.2,-0.0661,0.0343,7.4082,3.9239,0,0
410,Rally,None,1,0,55.4453,1.291,3.5,-15.577,1.5292,1.0229,-4.5557,1,Forehand prepare 0.67,0,9,Serve,44.3936,69.9218,3.2341,1.3457,-11.6749,2.4121,1,1,Ready,0,9,5.7907,2.8745,0.591,0,Missed,,2.9149,-11.1712,0,11.2,-0.0666,0.0385,8.2221,7.6564,0,0
411,Rally,None,1,0,55.3783,1.3342,3.5,-15.5762,1.6197,0.9576,-4.8314,1,Forehand prepare 0.71,0,9,Serve,37.6249,73.6276,3.2329,1.3588,-11.689,2.8448,1,1,Ready,0,9,6.2439,3.5413,0.4849,0,Missed,,2.9495,-11.1708,0,11.2,-0.067,0.0416,8.0691,9.5242,0,0
412,Rally,None,1,0,55.3065,1.3719,3.5,-15.5755,1.7555,0.8551,-5.2451,1,Forehand prepare 0.75,0,9,Serve,33.7493,73.9571,3.2505,1.3036,-11.7026,9.4013,1,1,Ready,0,9,6.6557,4.2157,0.3753,0,Missed,,2.9495,-11.1708,0,11.2,-0.0718,0.0425,6.3595,5.3791,0,0
413,Rally,None,1,0,55.235,1.4046,3.5,-15.5749,1.846,0.7836,-5.5209,1,Forehand prepare 0.80,0,9,Serve,35.3941,73.4638,3.2148,1.2829,-11.6914,2.4942,1,1,Ready,0,9,7.1057,4.9519,0.2766,0,Missed,,2.9495,-11.1708,0,11.2,-0.0715,0.041,5.0121,4.7837,0,0
414,Rally,None,1,0,55.1592,1.433,3.5,-15.5744,1.9818,0.6716,-5.9345,1,Forehand prepare 0.84,0,9,Serve,32.5386,68.9549,3.2504,1.2109,-11.6596,1.7007,1,1,Ready,0,9,7.6177,5.8211,0.1071,0,Missed,,2.9495,-11.1708,0,11.2,-0.0758,0.0373,3.9502,10.2507,0,0
415,Rally,None,1,0,55.0843,1.4577,3.5,-15.5739,2.0723,0.5939,-6.2103,1,Forehand prepare 0.90,0,9,Serve,24.2028,63.0705,3.2994,1.1393,-11.6121,1.6446,1,1,Ready,0,9,8.3393,6.7778,0.1884,0,Missed,,2.9495,-11.1708,0,11.2,-0.075,0.032,3.1132,14.4142,0,0
416,Rally,None,1,0,55.01,1.4792,3.5,-15.5735,2.1628,0.5136,-6.486,1,Forehand prepare 0.93,0,9,Serve,16.975,58.7131,3.3215,1.0608,-11.5767,0.2193,1,1,Ready,0,9,9.5311,7.8147,0.115,0,Missed,,2.9495,-11.1708,0,11.2,-0.0742,0.026,2.4536,14.8946,0,0
417,Rally,None,1,0,54.9319,1.4979,3.5,-15.5732,2.2986,0.3885,-6.8997,1,Forehand prepare 0.97,0,9,Serve,10.131,55.3905,3.3171,0.9799,-11.5424,8.555,1,1,Ready,0,9,10.8204,8.7841,0.2503,0,Missed,,2.9495,-11.1708,0,11.2,-0.0781,0.0198,1.9338,14.7173,0,0
418,Rally,None,1,0,54.8549,1.5141,3.5,-15.5729,2.3891,0.3019,-7.1755,1,Forehand prepare 1.00,0,9,Serve,6.9164,53.2469,3.2953,0.9161,-11.5204,0.903,1,1,Ready,0,9,12.191,9.744,0.4794,0,Missed,,2.9495,-11.1708,0,11.2,-0.077,0.0141,1.5241,13.5684,0,0
419,Rally,None,1,0,54.7743,1.5283,3.5,-15.5726,2.5249,0.1674,-7.5891,1,Forehand prepare 1.00,0,9,Serve,11.2334,56.5902,3.2524,0.8937,-11.5588,0.4994,1,1,Ready,0,9,13.3731,10.5452,0.4797,0,Missed,,2.9495,-11.1708,0,11.2,-0.0806,0.0092,1.2012,8.3873,0,0
420,Rally,None,1,0,54.7019,1.5405,3.5,-15.5724,2.6154,0.1,-7.8649,1,Forehand prepare 1.00,1,0.1645,LowPickup,2.9622,45.5923,3.2576,0.7526,-11.3595,0.908,1,1,Ready,0,9,14.089,11.0974,0.5827,0,Missed,,2.9495,-11.1708,0,11.2,-0.0724,0.0024,0.7461,2.8783,0,0
421,Rally,None,1,0,54.6299,1.5512,3.5,-15.5722,2.6995,0.1656,-8.121,1,Forehand swing,1,0.1478,LowPickup,3.5695,45.4441,3.2486,0.7565,-11.3719,0.5602,1,1,Ready,0,9,14.3623,11.3291,0.3492,0,Missed,,2.9495,-11.1708,0,11.2,-0.072,0.0006,0.588,0.374,0,0
422,Rally,None,1,0,54.5537,1.5605,3.5,-15.572,2.8256,0.259,-8.5052,1,Forehand swing,1,0.1228,LowPickup,1.2281,43.2994,3.2384,0.7419,-11.3722,0.2065,1,1,Ready,0,9,14.0419,11.1086,0.3453,0,Missed,,2.9495,-11.1708,0,11.2,-0.0762,-0.0005,0.4634,0,0,0
423,Rally,None,1,0,54.4783,1.5685,3.5,-15.5718,2.9097,0.318,-8.7614,1,Forehand swing,1,0.1062,LowPickup,0.2442,39.3801,3.2396,0.7321,-11.3482,0.4121,1,1,Ready,0,9,13.398,10.5688,0,0,Missed,,2.9495,-11.1708,0,11.2,-0.0753,-0.0009,0.3652,0,0,0
424,Rally,None,1,0,54.3992,1.5756,3.5,-15.5717,3.0358,0.4015,-9.1456,1,Forehand swing,1,0.0812,LowPickup,-3.5771,30.4812,3.2578,0.7105,-11.2607,0.4116,1,1,Ready,0,9,12.5744,9.7233,0,0,Missed,,2.9495,-11.1708,0,11.2,-0.0791,-0.0009,0.2479,0,0,0
425,Rally,None,1,0,54.3214,1.5816,3.5,-15.5716,3.1199,0.4539,-9.4018,1,Forehand swing,1,0.0645,LowPickup,-4.3983,19.4845,3.2723,0.6998,-11.1604,0.6543,1,1,Ready,0,9,11.7343,8.7055,0,0,Missed,,2.9495,-11.1708,0,11.2,-0.0778,-0.0006,0.1638,0,0,0
426,Rally,None,1,0,54.2447,1.5869,3.5,-15.5715,3.204,0.5037,-9.6579,1,Forehand swing,1,0.0528,LowPickup,-4.1447,10.9152,3.3363,0.8476,-10.6226,3.272,1,1,Ready,0,9,11.0871,7.5851,6.5453,0,Missed,,2.9495,-11.1708,0,11.2,-0.0767,-0.0002,0.1043,0,0,0
427,Rally,None,1,0,54.1643,1.5916,3.5,-15.5714,3.3301,0.5734,-10.0421,1,Forehand swing,1,0.0352,LowPickup,-6.1134,-0.6655,3.2622,0.6996,-10.6953,21.0297,1,1,Ready,0,9,10.5734,6.468,0.5296,0,Missed,,2.9495,-11.1708,0,11.2,-0.0803,0.0001,0.0634,0,0,0
428,Rally,None,1,0,54.0854,1.5956,3.5,-15.5713,3.4142,0.6166,-10.2983,1,Forehand swing,1,0.0235,LowPickup,-5.556,-8.932,3.2324,0.7061,-10.7436,0.3745,1,1,Ready,0,9,10.1797,5.4652,0.6964,0,Missed,,2.9495,-11.1708,0,11.2,-0.0789,0.0004,0.05,0,0,0
429,Rally,None,1,0,54.0089,1.599,3.5,-15.5713,3.5403,0.6764,-10.6825,1,Forehand swing,1,0.0059,LowPickup,-7.2534,-19.5073,3.2208,0.9288,-10.8219,0.1342,1,1,Ready,0,9,9.9809,4.6439,0.6612,0,Missed,,2.9495,-11.1708,0,11.2,-0.0765,0.0007,0.0394,0,0,0
430,Rally,None,1,0.055,54.2691,1.5976,3.5048,-15.5705,3.5065,0.7539,-10.3698,1,Forehand swing,1,-0.0083,LowPickup,-8.0646,-23.8716,3.2137,0.9151,-10.8411,0.1444,1,1,Ready,0,9,10.0526,4.124,0.495,0.6917,Perfect,P:Perfect;,2.9495,-11.1708,0,11.2,0.2601,0.0008,0.031,0,0,0
431,Rally,None,1,0.0383,54.4952,1.5897,3.5007,-15.5717,3.5065,0.7539,-10.3698,1,Forehand follow,1,-0.0083,LowPickup,-8.035,-21.4443,3.2126,0.9138,-10.8407,0.3223,1,1,Ready,0,9,10.3566,3.8752,0.1737,0.6333,Perfect,,2.9495,-11.1708,0,11.2,0.2261,0.0008,0.031,0,0,0
432,Rally,None,1,0.0217,54.6918,1.5947,3.497,-15.5723,3.5065,0.7539,-10.3698,1,Forehand follow,1,-0.0083,LowPickup,-8.0399,-21.4549,3.2118,0.9127,-10.8406,0.0114,1,1,Ready,0,9,10.8702,3.9362,0.4349,0.575,Perfect,,2.9495,-11.1708,0,11.2,0.1966,0.0008,0.0245,0,0,0
433,Rally,None,1,0.005,54.8627,1.6093,3.4863,-15.5737,3.5065,0.7539,-10.3698,1,Forehand follow,1,-0.0083,LowPickup,-8.0492,-21.4721,3.2107,0.9109,-10.8404,0.0162,1,1,Ready,0,9,11.631,4.2451,0.7024,0.5167,Perfect,,2.9495,-11.1708,0,11.2,0.1709,0.0007,0.0193,0,0,0
434,Rally,None,1,-0.0117,55.0113,1.5967,3.4932,-15.573,3.5065,0.7539,-10.3698,1,Forehand follow,1,-0.0083,LowPickup,-8.0492,-21.4721,3.2107,0.9109,-10.8404,0,1,1,Ready,0,9,12.7348,4.7678,0.7775,0.4583,Perfect,,2.9495,-11.1708,0,11.2,0.1486,0.0006,0.0152,0,0,0
435,Rally,None,1,-0.0117,55.1404,1.5975,3.493,-15.573,3.4306,0.8101,-10.049,1,Forehand follow,1,-0.025,LowPickup,-9.5651,-27.8387,3.2036,0.8876,-10.8589,0,1,1,Ready,0,9,13.9724,5.4225,0.7563,0.4,Perfect,,2.9474,-11.1709,0,11.2,0.1292,0.0013,0.7245,0,0,0
436,Rally,None,1,-0.0117,55.2527,1.6103,3.4879,-15.5734,3.3547,0.8638,-9.7281,1,Forehand follow,1,-0.0417,LowPickup,-11.1652,-30.5145,3.1976,0.8667,-10.8894,0.3843,1,1,Ready,0,9,15.2282,6.1319,0.6589,0.3417,Perfect,,2.9425,-11.1709,0,11.2,0.1123,0.0036,1.2861,0,0,0
437,Rally,None,1,-0.0117,55.3504,1.6049,3.492,-15.5729,3.241,0.9396,-9.2469,1,Forehand follow,1,-0.0667,LowPickup,-13.5228,-34.2689,3.2184,0.8853,-10.9392,0.2116,1,1,Ready,0,9,16.3691,6.8903,0.5519,0.2833,Perfect,,2.93,-11.171,0,11.2,0.0976,0.0076,2.0862,0,0,0
438,Rally,None,1,-0.0117,55.4352,1.6038,3.4926,-15.5728,3.1651,0.987,-8.9261,1,Forehand follow,1,-0.0833,LowPickup,-15.2793,-34.9869,3.1755,0.8779,-10.9035,6.3705,1,1,Ready,0,9,17.2331,7.6985,0.419,0.225,Perfect,,2.9182,-11.1711,0,11.2,0.0849,0.0128,3.0874,0.6501,0,0
439,Rally,None,1,-0.0117,55.509,1.605,3.4904,-15.5731,3.0513,1.0532,-8.4449,1,Forehand follow,1,-0.1083,LowPickup,-18.6058,-37.6683,3.1763,0.8249,-10.9216,29.6467,1,1,Ready,0,9,17.8414,8.5224,0.2807,0.1667,Perfect,,2.8953,-11.1714,0,11.2,0.0738,0.0188,4.7419,1.9945,0,0
440,Rally,None,1,-0.0117,55.5732,1.6,3.4923,-15.5729,2.9755,1.0941,-8.1241,1,Forehand follow,1,-0.125,LowPickup,-23.1623,-40.2911,3.1239,0.8858,-10.8765,0.495,1,1,Ready,0,9,18.1145,9.3341,0.0337,0.1083,Perfect,,2.8766,-11.1716,0,11.2,0.0641,0.0248,5.8276,3.539,0,0
441,Rally,None,1,-0.0117,55.6289,1.594,3.4934,-15.5728,2.8996,1.1326,-7.8033,1,Forehand follow,1,-0.1417,LowPickup,-28.7818,-43.9102,3.0268,0.9721,-10.8407,0.9197,1,1,Ready,0,9,18.2035,10.1319,0.0758,0.05,Perfect,,2.855,-11.1718,0,11.2,0.0558,0.0301,6.8885,4.0277,0,0
442,Rally,None,1,-0.0117,55.6774,1.5888,3.4946,-15.5726,2.7858,1.1854,-7.3221,1,Forehand follow,1,-0.1667,LowPickup,-35.9605,-49.2743,2.8637,1.0649,-10.8249,1.2595,1,1,Ready,0,9,18.1741,10.8804,0.0334,0,Perfect,,2.8175,-11.1721,0,11.2,0.0485,0.0349,7.8126,3.4261,0,0
443,Rally,None,1,-0.0117,55.7195,1.5817,3.4953,-15.5726,2.71,1.2174,-7.0013,1,Forehand follow,1,-0.1833,LowPickup,-42.6402,-54.5871,2.7403,1.0858,-10.8367,1.3602,1,1,Ready,0,9,18.1651,11.574,0.0488,0,Perfect,,2.7891,-11.1724,0,11.2,0.0421,0.0386,7.7464,2.849,0,0
444,Rally,None,1,-0.0117,55.7562,1.572,3.4959,-15.5726,2.5962,1.2607,-6.5201,1,Forehand follow,1,-0.2083,LowPickup,-48.0332,-61.3238,2.5825,1.1273,-10.888,1.3128,1,1,Ready,0,9,18.3692,12.1594,0.0399,0,Perfect,,2.7411,-11.1729,0,11.2,0.0366,0.0416,8.4887,3.8763,0,0
445,Rally,None,1,-0.0117,55.788,1.5611,3.4964,-15.5727,2.5203,1.2864,-6.1993,1,Forehand follow,1,-0.225,LowPickup,-49.6887,-66.9331,2.4689,1.1445,-10.9452,0,1,1,Ready,0,9,18.6394,12.6399,0.0396,0,Perfect,,2.7057,-11.1733,0,11.2,0.0319,0.0435,8.2792,6.4472,0,0
446,Rally,None,1,-0.0117,55.8157,1.5488,3.4969,-15.5728,2.4445,1.3095,-5.8785,1,Forehand follow,1,-0.2417,LowPickup,-51.0894,-73.1305,2.3758,1.1508,-10.9856,0,1,1,Ready,0,9,18.9414,13.0349,0.0174,0,Perfect,,2.6675,-11.1736,0,11.2,0.0277,0.0443,8.1141,8.3537,0,0
447,Rally,None,1,-0.0117,55.8398,1.5336,3.4973,-15.573,2.3307,1.3394,-5.3973,1,Forehand follow,1,-0.2667,LowPickup,-51.8928,-80.3904,2.2509,1.127,-11.0706,1.4931,1,1,Ready,0,9,19.1567,13.2734,0.0852,0,Perfect,,2.605,-11.1742,-0.1201,11.2,0.0241,0.0447,8.5,10.1728,0,0
448,Rally,None,1,-0.0117,55.8607,1.5172,3.4977,-15.5732,2.2548,1.3562,-5.0764,1,Forehand follow,0,9,LowPickup,-50.3957,-81.6326,2.181,1.121,-11.0787,1.717,1,1,Run,0,9,22.1964,17.1208,0.4478,0,Perfect,,2.5599,-11.1747,-0.2002,11.2,0.0209,0.0447,8.5,10.1728,0,0
449,Rally,None,1,-0.0117,55.8789,1.4977,3.498,-15.5735,2.141,1.3765,-4.5952,1,Run,0,9,LowPickup,-44.7069,-56.2919,2.3453,0.7725,-10.7711,1.0889,0.9555,0.8333,Run,0,9,27.5969,24.5708,0.392,0,Perfect,,2.487,-11.1754,-0.3203,11.2,0.0182,0.0445,8.5,8.5881,0,0
450,Rally,None,1,-0.0117,55.8947,1.477,3.4982,-15.5738,2.0652,1.3869,-4.2744,1,Run,0,9,LowPickup,-45.2547,-51.6215,2.1903,0.8152,-10.8045,0.0872,0.856,0.6667,Run,0,9,32.8652,31.8298,0.9443,0,Perfect,,2.4349,-11.1759,-0.4004,11.2,0.0158,0.0441,8.5,3.2341,0,0
451,Rally,None,1,-0.0117,55.9085,1.455,3.4985,-15.5742,1.9893,1.3947,-3.9536,1,Run,0,9,LowPickup,-45.4593,-50.8088,2.198,0.7766,-10.8047,0.0873,0.7361,0.5,Run,0,9,37.4105,37.6532,0,0,Perfect,,2.3801,-11.1765,-0.4805,11.2,0.0138,0.0434,8.5,2.5102,0,0
452,Rally,None,1,-0.0117,55.9205,1.4297,3.4987,-15.5746,1.8755,1.4016,-3.4724,1,Run,0,9,LowPickup,-45.5364,-50.0097,2.1779,0.7633,-10.8196,0.1765,0.6155,0.3333,Run,0,9,41.1777,41.8305,12.5196,0,Perfect,,2.2926,-11.1773,-0.6006,11.2,0.012,0.0423,8.4868,1.7212,0,0
453,Rally,None,1,-0.0117,55.9308,1.4032,3.4988,-15.575,1.7997,1.4031,-3.1516,1,Run,0,9,LowPickup,-45.6231,-49.2034,2.1787,0.7583,-10.8297,3.8816,0.5041,0.1667,Run,0,9,44.3777,44.5204,5.6689,0,Perfect,,2.2308,-11.1779,-0.6807,11.2,0.0104,0.0413,8.5,1.0287,0,0
454,Rally,None,1,-0.0117,55.9399,1.3731,3.499,-15.5755,1.6859,1.4005,-2.6704,1,Run,0,9,LowPickup,-45.7789,-48.4234,2.0618,0.777,-10.8017,19.0181,0.4064,0,Run,0,9,46.9498,46.1284,0,0,Perfect,,2.1328,-11.1789,-0.6828,11.2,0.009,0.04,8.5,0.5638,0,0
455,Rally,None,1,-0.0117,55.9477,1.3421,3.4991,-15.5761,1.61,1.3956,-2.3496,1,Run,0,9,LowPickup,-46.0741,-47.6514,1.9968,0.7754,-10.803,0.5952,0.3236,0,Ready,0,9,44.6378,43.808,2.5778,0,Perfect,,2.0641,-11.1796,-0.6828,11.2,0.0079,0.0387,8.5,0.4466,0,0
456,Rally,None,1,-0.0117,55.9546,1.31,3.4992,-15.5766,1.5342,1.3881,-2.0288,1,Run,0,9,LowPickup,-46.6078,-46.8309,1.9096,0.775,-10.8322,0.5702,0.2551,0,Backhand prepare 0.02,0,9,38.1972,37.1271,0.6418,0,Perfect,,1.9941,-11.1803,-0.6828,11.2,0.0068,0.0372,8.5,0.4569,0,0.0001
457,Rally,None,1,-0.0117,55.9605,1.2746,3.4993,-15.5772,1.4204,1.3721,-1.5476,1,Run,0,9,LowPickup,-47.4159,-46.3946,1.8322,0.7842,-10.8226,0.6247,0.1995,0,Backhand prepare 0.06,0,9,30.6629,30.6799,2.1346,0,Perfect,,1.8891,-11.1813,-0.6828,11.2,0.0059,0.0346,7.3289,0.3826,0,0
458,Rally,None,1,-0.0117,55.9657,1.2388,3.4994,-15.5779,1.3445,1.3583,-1.2268,1,Run,0,9,LowPickup,-48.292,-46.1176,1.7857,0.7811,-10.8118,0.713,0.1549,0,Backhand prepare 0.12,0,9,23.3639,25.8295,0.702,0,Perfect,,1.8191,-11.182,-0.6828,11.2,0.0052,0.0307,5.7761,0.273,0,0.0001
459,Rally,None,1,-0.0117,55.9701,1.2001,3.4995,-15.5785,1.2307,1.3327,-0.7456,1,Run,0,9,LowPickup,-49.2344,-45.673,1.6601,0.7723,-10.8003,7.6885,0.1195,0,Backhand prepare 0.15,0,9,16.7163,21.6905,0.4849,0,Perfect,,1.7141,-11.1831,-0.6828,11.2,0.0045,0.0257,4.5523,0.2665,0,0
460,Rally,None,1,-0.0117,55.974,1.1615,3.4996,-15.5792,1.1549,1.3125,-0.4248,1,Run,0,9,LowPickup,-50.1661,-45.132,1.569,0.7743,-10.7897,3.2555,0.0918,0,Backhand prepare 0.21,0,9,8.4072,16.566,0.5148,0,Perfect,,1.6441,-11.1837,-0.6828,11.2,0.0039,0.02,3.5878,0.4126,0,0.0004
461,Rally,None,1,-0.0117,55.9774,1.1228,3.4996,-15.5799,1.079,1.2897,-0.104,1,Run,0,9,LowPickup,-50.9305,-44.6668,1.4806,0.8202,-10.7816,0.6748,0.0702,0,Backhand prepare 0.25,0,9,3.3607,11.7791,0.1051,0,Perfect,,1.5741,-11.1844,-0.6828,11.2,0.0034,0.0142,2.8276,0.4992,0,0.0001
462,Rally,None,1,-0.0117,55.9311,1.0817,3.4997,-15.5806,0.9652,1.2508,0.3773,1,Run,0,9,LowPickup,-51.5482,-44.2212,1.3619,0.8462,-10.776,0.4396,0.0534,0,Backhand prepare 0.28,0,9,0.0803,7.3853,0.0697,0,Perfect,,1.4691,-11.1855,-0.6828,11.2,-0.0463,0.0087,2.2285,0.5172,0,0
463,Rally,None,1,-0.0117,55.8489,1.0409,3.4997,-15.5814,0.8894,1.2217,0.6981,1,Run,0,9,LowPickup,-51.9794,-43.8393,1.2873,0.8617,-10.7756,2.5056,0.0405,0,Backhand prepare 0.34,0,9,-4.3195,1.6573,0.1005,0,Perfect,,1.3991,-11.1862,-0.6828,11.2,-0.0822,0.004,1.7564,0.4432,0,0
464,Rally,None,1,-0.0117,55.7146,0.9979,3.4998,-15.5821,0.7756,1.1732,1.1793,1,Run,0,9,LowPickup,-52.0679,-43.6578,1.183,0.8685,-10.776,0.9034,0.0307,0,Backhand prepare 0.38,0,9,-8.9589,-3.8792,0.7938,0,Perfect,,1.2941,-11.1872,-0.6828,11.2,-0.1343,0.0003,1.3842,0.239,0,0
465,Rally,None,1,-0.0117,55.5559,0.9555,3.4998,-15.5829,0.6997,1.1377,1.5001,1,Run,0,9,LowPickup,-51.8798,-43.6629,1.1192,0.8592,-10.7776,1.6231,0.0231,0,Backhand prepare 0.43,0,9,-15.1296,-11.4261,1.4576,0,Perfect,,1.2241,-11.1879,-0.6828,11.2,-0.1587,-0.0022,1.091,0.129,0,0
466,Rally,None,1,-0.0117,55.376,0.9136,3.4998,-15.5836,0.6239,1.0996,1.8209,1,Run,0,9,LowPickup,-51.4848,-43.8435,1.06,0.8282,-10.7835,0.9019,0.0174,0,Backhand prepare 0.47,0,9,-20.1467,-17.8198,0.8122,0,Perfect,,1.1541,-11.1886,-0.6828,11.2,-0.1799,-0.0037,0.8598,0.4114,0,0
467,Rally,None,1,-0.0117,55.1568,0.8696,3.4998,-15.5844,0.5101,1.0377,2.3021,1,Run,0,9,LowPickup,-50.8691,-44.2313,0.9712,0.8042,-10.7947,0,0.0131,0,Backhand prepare 0.50,0,9,-24.7097,-24.0308,0.7727,0,Perfect,,1.0491,-11.1896,-0.6828,11.2,-0.2192,-0.0042,0.6776,0.7284,0,0
468,Rally,None,1,-0.0117,54.9243,0.8264,3.4999,-15.5852,0.4342,0.9933,2.6229,1,Run,0,9,LowPickup,-50.0537,-44.8307,0.9214,0.7839,-10.8049,0,0.0098,0,Backhand prepare 0.56,0,9,-33.0214,-32.8352,3.1565,0,Perfect,,0.9792,-11.1903,-0.6828,11.2,-0.2325,-0.004,0.5341,1.0258,0,0
469,Rally,None,1,-0.0117,54.6593,0.7812,3.4999,-15.586,0.3205,0.9219,3.1041,1,Run,0,9,LowPickup,-49.2459,-45.5239,0.8356,0.769,-10.8159,0,0.0073,0,Backhand prepare 0.60,0,9,-41.5253,-40.5234,1.5445,0,Perfect,,0.8742,-11.1914,-0.6828,11.2,-0.265,-0.0034,0.4209,1.1987,0,0.0001
470,Rally,None,1,-0.0117,54.387,0.737,3.4999,-15.5868,0.2446,0.871,3.4249,1,Run,0,9,LowPickup,-48.4256,-46.3132,0.7841,0.7607,-10.8286,3.9638,0.0055,0,Backhand prepare 0.65,0,9,-54.0017,-53.0002,2.5032,0,Perfect,,0.8042,-11.1921,-0.6828,11.2,-0.2723,-0.0025,0.3317,1.2688,0,0
471,Rally,None,1,-0.0117,54.1084,0.6934,3.4999,-15.5876,0.1687,0.8177,3.7457,1,Run,0,9,LowPickup,-47.6483,-47.1474,0.7324,0.7612,-10.8436,0.9232,0.0041,0,Backhand prepare 0.69,0,9,-60.6598,-63.0477,0.5413,0,Perfect,,0.7342,-11.1928,-0.6828,11.2,-0.2786,-0.0016,0.2614,1.2319,0,0
472,Rally,None,1,-0.0117,53.8033,0.648,3.4999,-15.5884,0.055,0.7329,4.2269,1,Run,0,9,LowPickup,-47.1061,-47.8841,0.6408,0.7732,-10.8557,0.6235,0.003,0,Backhand prepare 0.73,0,9,-65.0501,-73.0369,3.1544,0,Perfect,,0.6292,-11.1938,-0.6828,11.2,-0.3051,-0.0008,0.2061,1.0305,0,0.0002
473,Rally,None,1,-0.0117,53.4962,0.6036,3.4999,-15.5892,-0.0209,0.6731,4.5477,1,Run,0,9,LowPickup,-46.771,-48.5037,0.5351,0.7823,-10.8626,0.6767,0.0023,0,Backhand prepare 0.78,0,9,-70.9854,-86.1882,18.2018,0,Perfect,,0.5599,-11.1945,-0.6828,11.2,-0.3071,-0.0001,0.1624,0.7232,0,0
474,Rally,None,1,-0.0117,53.1663,0.5579,3.4999,-15.59,-0.1347,0.5788,5.0289,1,Run,0,9,LowPickup,-46.6978,-49.1871,0.4356,0.7842,-10.8653,1.2422,0,0,Backhand prepare 0.82,0,9,-74.0484,-94.3258,1.3736,0,Perfect,,0.4612,-11.1954,-0.6828,11.2,-0.3299,0.0007,0.692,0.3483,0,0.0001
475,Rally,None,1,-0.0117,52.8376,0.5137,3.4999,-15.5908,-0.2105,0.5127,5.3498,1,Run,0,9,LowPickup,-46.9443,-49.9936,0.3656,0.7913,-10.8631,0.6913,0,0,Backhand prepare 0.88,0,9,-71.5482,-103.03,1.0959,0,Perfect,,0.3989,-11.1961,-0.6828,11.2,-0.3287,0.0028,2.9289,0.0727,0,0
476,Rally,None,1,-0.0117,52.5099,0.471,3.5,-15.5916,-0.2864,0.444,5.6706,1,Run,0,9,LowPickup,-47.3552,-50.2259,0.3367,0.8004,-10.8563,4.0445,0,0,Backhand prepare 0.91,0,9,-63.9127,-108.3031,1.5784,0,Perfect,,0.3394,-11.1967,-0.6828,11.2,-0.3277,0.0061,3.8974,0.4846,0,0
477,Rally,None,1,-0.0117,52.182,0.4278,3.5,-15.5923,-0.4002,0.3363,6.1518,1,Run,0,9,LowPickup,-47.877,-50.2203,0.238,0.8034,-10.848,0.5264,0,0,Backhand prepare 0.95,0,9,-50.1759,-111.782,7.5213,0,Perfect,,0.2553,-11.1975,-0.6828,11.2,-0.3279,0.0102,4.6607,0.8221,0,0
478,Rally,None,1,-0.0117,51.897,0.3865,3.5,-15.5931,-0.4761,0.2612,6.4726,1,Run,0,9,LowPickup,-48.4506,-50.2186,0.1711,0.7978,-10.8392,0.6374,0,0,Backhand prepare 1.00,0,9,-29.3787,-110.4247,32.9558,0,Perfect,,0.2027,-11.198,-0.6828,11.2,-0.2851,0.0154,6.0568,1.0337,0,0
479,Rally,None,1,-0.0117,51.6491,0.3452,3.5,-15.5938,-0.5898,0.1439,6.9538,1,Run,0,9,LowPickup,-49.0608,-49.8226,0.0837,0.7859,-10.8297,5.6956,0,0,Backhand prepare 1.00,1,0.1833,-12.9695,-107.7733,0,0,Perfect,,0.129,-11.1987,-0.6828,11.2,-0.2478,0.0207,6.3626,1.1588,0,0.0001
480,Rally,None,1,-0.0117,51.4337,0.3061,3.5,-15.5945,-0.6657,0.1,7.2746,1,Run,0,9,LowPickup,-49.7113,-49.4834,0.0244,0.7652,-10.8208,0.606,0,0,Forehand swing,1,0.1692,-89.707,-103.5245,23.6716,0,Perfect,,0.0834,-11.1992,-0.6828,11.2,-0.2154,0.0263,7.3981,1.1798,0,0.0001
481,Rally,None,1,-0.0117,51.2464,0.269,3.5,-15.5952,-0.7364,0.1584,7.5736,1,Run,0,9,LowPickup,-50.2688,-48.8973,-0.03,0.7627,-10.8137,0.2969,0,0,Forehand swing,1,0.1551,-69.2464,-66.3114,8.5247,0,Perfect,,0.0405,-11.1996,-0.7628,11.2,-0.1873,0.0313,7.4197,1.0946,0,0.0001
482,Rally,None,1,-0.0117,51.0836,0.2339,3.5,-15.5958,-0.8424,0.2409,8.0221,1,Run,0,9,LowPickup,-50.7264,-48.329,-0.0799,0.7813,-10.8082,0.2522,0,0,Forehand swing,1,0.1339,-45.8609,-27.6592,2.2013,0,Perfect,,0,-11.2,-0.883,11.2,-0.1628,0.0353,7.4367,0.9137,0,0.0001
483,Rally,None,1,-0.0117,50.942,0.2033,3.5,-15.5964,-0.9131,0.2927,8.3211,1,Ready,0,9,LowPickup,-43.6434,-41.7603,-0.0502,0.793,-10.8039,1.5914,0,0,Forehand swing,1,0.1198,-27.0896,-0.0561,0.9279,0,Perfect,,0,-11.2,-0.963,11.2,-0.1416,0.0373,5.8611,0.9461,0,0.0001
484,Rally,None,1,-0.0117,50.8189,0.1768,3.5,-15.5968,-1.0192,0.3653,8.7696,1,Ready,0,9,LowPickup,-30.0765,-28.7739,0.0128,0.7903,-10.8073,2.5583,0,0,Forehand swing,1,0.0987,-16.8724,13.727,0.3528,0,Perfect,,0,-11.2,-1.0832,11.2,-0.1231,0.0367,4.6193,0.7385,0,0
485,Rally,None,1,-0.0117,50.7119,0.1537,3.5,-15.5972,-1.0899,0.4104,9.0685,1,Ready,0,9,LowPickup,-16.652,-16.1749,0.063,0.7888,-10.8192,2.3906,0,0,Forehand swing,1,0.0846,-8.7164,19.3816,0.3726,0,Perfect,,0,-11.2,-1.1633,11.2,-0.107,0.034,3.6406,2.1203,0,0
486,Rally,None,1,-0.0117,50.6189,0.1336,3.5,-15.5976,-1.1606,0.4529,9.3675,1,Ready,0,9,LowPickup,-5.6531,-6.3458,0.0992,0.7888,-10.8312,1.8608,0,0,Forehand swing,1,0.0705,-3.0245,20.9537,0.7422,0,Perfect,,0,-11.2,-1.1655,11.2,-0.093,0.0296,2.8692,3.101,0,0
487,Rally,None,1,-0.0117,50.5381,0.1161,3.5,-15.5979,-1.2666,0.5116,9.816,1,Ready,0,9,LowPickup,2.5614,0.4953,0.1206,0.7889,-10.8417,1.3233,0,0,Forehand swing,1,0.0493,-0.8991,13.2337,0.5708,0,Perfect,,0,-11.2,-1.1655,11.2,-0.0809,0.0242,2.2613,3.5187,0,0
488,Rally,None,1,-0.0117,50.4678,0.101,3.5,-15.5982,-1.3373,0.5474,10.115,1,Ready,0,9,LowPickup,8.3606,4.8574,0.1219,0.787,-10.8506,0.8867,0,0,Forehand swing,1,0.0352,1.9261,4.3685,0.6779,0,Perfect,,0,-11.2,-1.1655,11.2,-0.0703,0.0186,1.7822,3.4139,0,0
489,Rally,None,1,-0.0117,50.4067,0.0878,3.5,-15.5984,-1.4434,0.5962,10.5635,1,Ready,0,9,LowPickup,12.352,7.4355,0.1155,0.7861,-10.8554,0.5785,0,0,Forehand swing,1,0.0141,0.9577,-6.5503,0.3835,0,Perfect,,0,-11.2,-1.1655,11.2,-0.0611,0.0134,1.4046,2.9203,0,0
490,Rally,None,1,-0.0117,51.1374,0.0763,3.5,-15.5986,-1.5141,0.6254,10.7425,1,Ready,0,9,LowPickup,15.0146,8.8105,0.1148,0.7873,-10.8549,0.3621,0,0,Forehand swing,1,0,0.1752,-12.3073,0.3791,0,Perfect,R;,0,-11.2,-1.1982,11.2,0.7307,0.0088,1.107,2.1829,0,0
491,Rally,None,1,-0.0117,51.7727,0.0663,3.5,-15.5988,-1.5188,0.7092,10.4617,1,Ready,0,9,LowPickup,16.7992,9.4752,0.1153,0.7881,-10.8522,0.226,0,0,Forehand swing,1,-0.0167,-1.2977,-15.5848,6.2016,0,Perfect,,0,-11.2,-1.1181,11.2,0.6353,0.0051,0.8725,1.3599,0,0
492,Rally,None,1,-0.0117,52.3249,0.0577,3.5,-15.599,-1.5236,0.7901,10.1809,1,Ready,0,9,LowPickup,18.0219,9.7867,0.1151,0.7867,-10.8499,0.1408,0,0,Forehand follow,1,-0.0333,-5.3014,-20.6803,17.5462,0,Perfect,,0,-11.2,-1.0381,11.2,0.5523,0.0023,0.6876,0.5927,0,0
493,Rally,None,1,-0.0117,52.805,0.0501,3.5,-15.5991,-1.5308,0.9057,9.7597,1,Ready,0,9,LowPickup,18.8849,9.9572,0.1135,0.787,-10.8459,0.0857,0,0,Forehand follow,1,-0.0583,-12.8602,-29.6061,1.3296,0,Perfect,,0,-11.2,-0.9179,11.2,0.4801,0.0005,0.5419,0.297,0,0
494,Rally,None,1,-0.0117,53.2224,0.0436,3.5,-15.5992,-1.5355,0.9791,9.479,1,Ready,0,9,LowPickup,19.5396,10.1233,0.1062,0.7916,-10.8372,0.0542,0,0,Forehand follow,1,-0.075,-20.9733,-36.4564,3.3534,0,Perfect,,0,-11.2,-0.8378,11.2,0.4174,-0.0005,0.4271,0.6979,0,0
495,Rally,None,1,-0.0117,53.5853,0.0376,3.5,-15.5993,-1.5427,1.0835,9.0578,1,Ready,0,9,LowPickup,20.0499,10.3522,0.0963,0.7976,-10.8291,0.0338,0,0,Forehand follow,1,-0.1,-29.8478,-45.4716,13.5794,0,Perfect,,-0.0042,-11.2,-0.7177,11.2,0.3629,-0.0009,0.3366,1.0009,0,0
496,Rally,None,1,-0.0117,53.9008,0.0319,3.5,-15.5994,-1.5474,1.1494,8.777,1,Run,0,9,LowPickup,19.6499,10.4689,0.0863,0.8031,-10.8244,0.0604,0,0,Forehand follow,1,-0.1167,-39.1477,-53.7214,1.4879,0,Perfect,,-0.0104,-11.2,-0.6376,11.2,0.3155,-0.0011,2.1183,1.2339,0,0
497,Rally,None,1,-0.0117,54.175,0.0264,3.5,-15.5995,-1.5522,1.2122,8.4962,1,Run,0,9,LowPickup,16.9787,8.5837,0.0731,0.8018,-10.8189,0.061,0,0,Forehand follow,1,-0.1333,-47.9699,-61.8681,0,0,Perfect,,-0.0194,-11.2,-0.5576,11.2,0.2743,-0.0011,3.2585,1.5495,0,0
498,Rally,None,1,-0.0117,54.4134,0.0202,3.5,-15.5996,-1.5593,1.3009,8.075,1,Run,0,9,LowPickup,11.4932,4.467,0.0434,0.8019,-10.8119,0.2067,0,0,Forehand follow,1,-0.1583,-56.1859,-69.4485,13.8332,0,Perfect,,-0.0382,-11.2,-0.4374,11.2,0.2384,-0.0009,4.1572,1.9649,0,0
499,Rally,None,1,-0.0117,54.6207,0.0137,3.5,-15.5996,-1.5641,1.3563,7.7943,1,Run,0,9,LowPickup,2.806,-2.0644,0.0076,0.8042,-10.8058,0,0,0,Forehand follow,1,-0.175,-62.6973,-75.0308,5.7325,0,Perfect,,-0.0542,-11.2001,-0.3573,11.2,0.2073,-0.0007,5.6599,2.439,0,0
500,Rally,None,1,-0.0117,54.8009,0.0059,3.5,-15.5997,-1.5712,1.4338,7.3731,1,Run,0,9,LowPickup,-8.4448,-10.9487,-0.0481,0.7999,-10.8032,0,0,0,Forehand follow,1,-0.2,-65.3426,-79.3815,3.7701,0,Perfect,,-0.0833,-11.2001,-0.2372,11.2,0.1802,-0.0005,6.0498,2.8248,0,0
501,Rally,None,1,-0.0117,54.9576,-0.0025,3.5,-15.5998,-1.576,1.4817,7.0923,1,Run,0,9,LowPickup,-19.8262,-18.2985,-0.0875,0.7991,-10.8029,0,0,0,Forehand follow,1,-0.2167,-63.9951,-81.9727,0,0,Perfect,,-0.1062,-11.2001,-0.1571,11.2,0.1567,-0.0002,7.1516,1.1527,0,0
502,Rally,None,1,-0.0117,55.0937,-0.0117,3.5,-15.5998,-1.5808,1.5267,6.8115,1,Run,0,9,LowPickup,-29.3507,-25.9997,-0.1321,0.7955,-10.8002,0,0,0,Forehand follow,1,-0.2333,-61.6295,-83.9941,0,0,Perfect,,-0.1319,-11.2002,-0.0771,11.2,0.1362,-0.0001,7.2254,0.8629,0,0
503,Rally,None,1,-0.0117,55.2121,-0.0228,3.5,-15.5999,-1.5879,1.5884,6.3903,1,Run,0,9,LowPickup,-36.3326,-31.9414,-0.1918,0.7902,-10.8005,0,0,0,Forehand follow,1,-0.2583,-58.7855,-86.7491,3.6883,0,Perfect,,-0.1757,-11.2002,0,11.2,0.1184,0.0001,7.2836,0.5796,0,0
504,Rally,None,1,-0.0117,55.3151,-0.0348,3.5,-15.5999,-1.5927,1.6259,6.1096,1,Run,0,9,LowPickup,-41.0062,-35.8825,-0.2344,0.7825,-10.8047,0,0,0,Forehand follow,1,-0.275,-49.1826,-80.9389,6.2931,0,Perfect,,-0.2083,-11.2002,0,11.2,0.1029,0.0001,8.124,0.2366,0,0
505,Rally,None,1,-0.0117,55.4045,-0.0491,3.5,-15.6,-1.5998,1.6764,5.6884,1,Run,0,9,LowPickup,-44.0231,-38.9,-0.2927,0.7757,-10.81,0.5724,0,0,Forehand follow,0,9,-36.735,-67.085,4.5776,0,Perfect,,-0.2625,-11.2003,0,11.2,0.0895,0.0002,7.9918,0.1747,0,0
506,Rally,None,1,-0.0117,55.4823,-0.0644,3.5,-15.6,-1.6046,1.7064,5.4076,1,Run,0,9,LowPickup,-45.7449,-40.8034,-0.3299,0.7736,-10.8163,0.7907,0,0,Forehand finish,0,9,-26.3158,-58.7302,2.3617,0,Perfect,,-0.3021,-11.2004,0,11.2,0.0778,0.0002,8.5,0.4824,0,0
507,Rally,None,1,-0.0117,55.55,-0.0807,3.5,-15.6001,-1.6093,1.7334,5.1268,1,Run,0,9,LowPickup,-46.6344,-42.4052,-0.3647,0.7764,-10.824,0.0345,0,0,Forehand finish,0,9,-19.4846,-54.1408,3.4307,0,Perfect,,-0.3444,-11.2004,0,11.2,0.0676,0.0002,8.4316,0.7525,0,0
508,Rally,None,1,-0.0117,55.6088,-0.0999,3.5,-15.6001,-1.6165,1.7682,4.7056,1,Run,0,9,LowPickup,-46.9781,-43.7193,-0.423,0.7799,-10.8326,0.0525,0,0,Forehand finish,0,9,-16.05,-53.1468,1.4895,0,Perfect,,-0.4132,-11.2005,0,11.2,0.0588,0.0001,8.2342,0.9364,0,0
509,Rally,None,1,-0.0117,55.6599,-0.12,3.5,-15.6002,-1.6213,1.7877,4.4248,1,Run,0,9,LowPickup,-46.971,-44.6543,-0.4609,0.7862,-10.8424,0.0724,0,0,Forehand finish,0,9,-15.4812,-55.0735,1.49,0,Perfect,,-0.4625,-11.2005,0,11.2,0.0511,0.0001,8.5,1.0185,0,0
510,Rally,None,1,-0.0117,55.7043,-0.1433,3.5,-15.6002,-1.6284,1.8113,4.0037,1,Run,0,9,LowPickup,-46.8599,-45.5285,-0.5311,0.793,-10.8524,0.1825,0,0,Forehand finish,0,9,-16.9532,-59.1996,0.7815,0,Perfect,,-0.5417,-11.2006,0,11.2,0.0444,0,8.5,0.9783,0,0
511,Rally,None,1,-0.0117,55.7429,-0.1675,3.5,-15.6003,-1.6332,1.8233,3.7229,1,Run,0,9,LowPickup,-46.6562,-46.3168,-0.5795,0.795,-10.8623,0.347,0,0,Forehand finish,0,9,-19.7639,-64.9447,0.7527,0,Perfect,,-0.5979,-11.2007,0,11.2,0.0386,0,8.5,0.8666,0,0
512,Rally,None,1,-0.0117,55.7765,-0.1928,3.5,-15.6004,-1.6379,1.8323,3.4421,1,Run,0,9,LowPickup,-46.4707,-46.9973,-0.6329,0.7951,-10.8666,1.1298,0,0,Forehand finish,0,9,-23.093,-71.8774,0.6932,0,Perfect,,-0.6569,-11.2008,0,11.2,0.0336,0,8.5,0.6836,0,0
513,Rally,None,1,-0.0117,55.8057,-0.2216,3.5,-15.6004,-1.6451,1.8402,3.0209,1,Run,0,9,LowPickup,-46.4164,-47.5166,-0.7226,0.7997,-10.8662,8.2278,0,0,Forehand finish,0,9,-25.9667,-77.9403,0.5433,0,Perfect,,-0.7507,-11.2009,0,11.2,0.0292,0,8.5,0.4237,0,0
514,Rally,None,1,-0.0117,55.8311,-0.2513,3.5,-15.6005,-1.6498,1.8417,2.7401,1,Run,0,9,LowPickup,-46.5805,-47.8184,-0.7904,0.8159,-10.863,1.1473,0,0,Forehand finish,0,9,-28.0291,-82.1241,0.4093,0,Perfect,,-0.8167,-11.201,0,11.2,0.0254,0,8.5,0.0984,0,0
515,Rally,None,1,-0.0117,55.8532,-0.2847,3.5,-15.6006,-1.657,1.8384,2.319,1,Run,0,9,LowPickup,-47.0014,-47.9336,-0.9509,0.8163,-10.8565,0.2243,0,0,Forehand finish,0,9,-29.4328,-84.5465,0.263,0,Perfect,,-0.9208,-11.2011,0,11.2,0.0221,0,8.5,0.2817,0,0
516,Rally,None,1,-0.0117,55.8724,-0.3188,3.5,-15.6006,-1.6617,1.8325,2.0382,1,Run,0,9,LowPickup,-47.5415,-47.7693,-1.0397,0.8055,-10.8461,2.0252,0,0,Forehand finish,0,9,-30.4441,-85.5006,0.104,0,Perfect,,-0.9928,-11.2012,0,11.2,0.0192,0,8.5,0.6288,0,0
517,Rally,None,1,-0.0117,55.889,-0.3535,3.5,-15.6007,-1.6665,1.8235,1.7574,1,Run,0,9,LowPickup,-48.374,-47.5937,-1.0872,0.7944,-10.8304,9.0026,0,0,Forehand finish,0,9,-31.2357,-85.4522,0.0556,0,Perfect,,-1.0624,-11.2012,0,11.2,0.0167,0,7.7969,0.9707,0,0
518,Rally,None,1,-0.0117,55.9035,-0.3908,3.5,-15.6008,-1.6737,1.8045,1.3362,1,Run,0,9,LowPickup,-49.4286,-48.0931,-1.2138,0.7678,-10.817,0.1675,0,0,Forehand finish,0,9,-31.9412,-84.7612,0.1419,0,Perfect,,-1.1615,-11.2014,0,11.2,0.0145,0,4.5559,1.2175,0,0
519,Rally,None,1,-0.0117,55.9161,-0.4277,3.5,-15.6009,-1.6784,1.788,1.0554,1,Run,0,9,LowPickup,-50.3516,-48.4681,-1.2991,0.7835,-10.809,0,0,0,Forehand finish,0,9,-32.7935,-83.7923,0.4088,0,Perfect,,-1.2242,-11.2014,0,11.2,0.0126,0,1.2071,1.2842,0,0
520,Rally,None,1,-0.0117,55.9271,-0.4661,3.5,-15.601,-1.6856,1.7578,0.6343,1,Run,0,9,LowPickup,-51.167,-48.2736,-1.4066,0.8039,-10.8011,1.625,0,0,Forehand finish,0,9,-33.6145,-82.6725,0.6323,0,Perfect,,-1.3129,-11.2015,0,11.2,0.011,0.0004,0.6377,1.2448,0,0
521,Rally,None,1,-0.0117,55.9366,-0.5036,3.5,-15.601,-1.6903,1.7339,0.3535,1,Backhand prepare 0.04,0,9,LowPickup,-51.7725,-49.2296,-1.4739,0.8193,-10.8185,3.3589,0.2083,0.1667,Forehand finish,0,9,-34.3822,-81.5776,0.1527,0,Perfect,,-1.369,-11.201,0,11.2,0.0095,0.0025,2.8862,2.3567,0,0
522,Rally,None,1,-0.0117,55.9449,-0.5401,3.5,-15.6006,-1.6951,1.707,0.0727,1,Backhand prepare 0.07,0,9,LowPickup,-51.8172,-47.6587,-1.4981,0.8129,-10.8276,1.7265,0.4167,0.3333,Forehand finish,0,9,-34.9863,-80.4898,0,0,Perfect,,-1.4238,-11.1979,0,11.2,0.0083,0.0058,3.4773,3.6231,0,0
523,Rally,None,1,-0.0117,55.9521,-0.5776,3.5,-15.5991,-1.7022,1.661,-0.3485,1,Backhand prepare 0.11,0,9,LowPickup,-51.1907,-44.4603,-1.5028,0.7876,-10.8281,0.5863,0.625,0.5,Forehand finish,0,9,-35.33,-79.4216,0,0,Perfect,,-1.503,-11.1892,0,11.2,0.0072,0.0095,3.9743,3.2117,0,0
524,Rally,None,1,-0.0117,55.9517,-0.6137,3.5,-15.5967,-1.707,1.6266,-0.6293,1,Backhand prepare 0.17,0,9,LowPickup,-52.3185,-41.7076,-1.4849,0.7577,-10.8495,0.7225,0.8333,0.6667,Forehand finish,0,9,-35.2728,-78.3238,0,0,Perfect,,-1.5535,-11.1807,0,11.2,-0.0004,0.0134,5.401,1.4172,0,0
525,Rally,None,1,-0.0117,55.9372,-0.6503,3.5,-15.5925,-1.7141,1.5694,-1.0505,1,Backhand prepare 0.21,0,9,LowPickup,-52.7366,-39.4186,-1.5278,0.7311,-10.8904,1.339,1,0.8333,Forehand finish,0,9,-34.4606,-77.2217,0,0,Perfect,,-1.6252,-11.1647,0,11.2,-0.0145,0.017,5.8393,2.8094,0,0
526,Rally,None,1,-0.0117,55.9151,-0.6854,3.5,-15.5872,-1.7189,1.5275,-1.3312,1,Backhand prepare 0.26,0,9,LowPickup,-51.4644,-38.8108,-1.601,0.7118,-10.9185,0.924,1,1,Forehand finish,0,9,-32.6246,-75.9876,0,0,Perfect,,-1.6702,-11.1522,0,11.2,-0.0221,0.0206,6.9813,4.87,0,0
527,Rally,None,1,-0.0117,55.8864,-0.7189,3.5,-15.5809,-1.7237,1.4827,-1.612,1,Backhand prepare 0.30,0,9,LowPickup,-49.4379,-38.4281,-1.7696,0.7154,-10.8802,0.9198,1,1,Forehand finish,0,9,-30.0994,-74.8313,0,0,Perfect,,-1.7126,-11.1384,0,11.2,-0.0287,0.0237,7.0748,5.7005,0,0
528,Rally,None,1,-0.0117,55.8471,-0.7523,3.5,-15.5724,-1.7308,1.4098,-2.0332,1,Backhand prepare 0.34,0,9,LowPickup,-48.5069,-39.6328,-1.9548,0.7801,-10.8292,0.2717,1,1,Forehand finish,0,9,-27.0776,-73.6841,0,0,Perfect,,-1.7714,-11.1158,0,11.2,-0.0393,0.0262,7.1347,6.181,0,0
529,Rally,None,1,-0.0117,55.8033,-0.7838,3.5,-15.5629,-1.7356,1.3574,-2.314,1,Backhand prepare 0.40,0,9,LowPickup,-48.6758,-43.2696,-1.9703,0.8033,-10.7148,2.2437,1,1,Forehand finish,0,9,-23.6933,-72.4761,0,0,Perfect,,-1.8073,-11.0998,0,11.2,-0.0438,0.0286,7.9396,6.1156,0,0
530,Rally,None,1,-0.0117,55.7509,-0.8148,3.5,-15.5514,-1.7427,1.2733,-2.7352,1,Backhand prepare 0.44,0,9,LowPickup,-48.3122,-45.5225,-2.0532,0.8395,-10.6764,12.22,1,1,Forehand finish,0,9,-20.0204,-71.0755,0,0,Perfect,,-1.8559,-11.075,0,11.2,-0.0524,0.0306,7.7914,4.8388,0,0
531,Rally,None,1,-0.0117,55.6957,-0.8438,3.5,-15.5392,-1.7475,1.2135,-3.0159,1,Backhand prepare 0.50,0,9,LowPickup,-47.2649,-47.9702,-2.0674,0.7683,-10.7155,0.0808,1,1,Forehand finish,0,9,-15.9906,-68.8576,0.7496,0,Perfect,,-1.8849,-11.058,0,11.2,-0.0552,0.0325,8.4366,4.8638,0,0
532,Rally,None,1,-0.0117,55.6381,-0.8712,3.5,-15.5264,-1.7522,1.1506,-3.2967,1,Backhand prepare 0.54,0,9,LowPickup,-48.3781,-50.2759,-2.043,0.7261,-10.7426,0.1626,1,1,Forehand finish,0,9,-11.6511,-65.9467,0.8238,0,Perfect,,-1.9153,-11.0412,0,11.2,-0.0576,0.0342,8.1798,4.2833,0,0
533,Rally,None,1,-0.0117,55.5736,-0.8986,3.5,-15.5121,-1.7594,1.0508,-3.7179,1,Backhand prepare 0.58,0,9,LowPickup,-52.1325,-53.2258,-2.171,0.7497,-10.7173,0.7251,1,1,Forehand finish,0,9,-6.9035,-62.3134,0.9016,0,Perfect,,-1.966,-11.0167,0,11.2,-0.0645,0.0334,4.9152,4.274,0,0
534,Rally,None,1,-0.0117,55.5079,-0.9252,3.5,-15.4976,-1.7642,0.9805,-3.9987,1,Backhand prepare 0.63,0,9,LowPickup,-55.765,-58.3123,-2.2565,0.7508,-10.7314,0,1,1,Forehand finish,0,9,-1.8623,-58.0505,0.9738,0,Perfect,,-2.0032,-11.0011,0,11.2,-0.0656,0.0292,1.6719,6.6138,0,0
535,Rally,None,1,-0.0117,55.4365,-0.9526,3.5,-15.4821,-1.7713,0.8694,-4.4199,1,Forehand prepare 0.67,0,9,LowPickup,-42.5092,-25.1962,-1.6087,1.2462,-10.65,0,1,1,Forehand finish,0,9,3.0895,-53.2298,2.2254,0,Perfect,,-2.064,-10.9792,0,11.2,-0.0714,0.0227,0.8104,22.771,0,0
536,Rally,None,1,-0.0117,55.365,-0.9796,3.5,-15.4669,-1.7761,0.7916,-4.7007,1,Forehand prepare 0.73,0,9,LowPickup,-41.2324,-14.751,-1.6641,1.334,-10.7662,0,1,1,Forehand finish,0,9,7.6781,-47.8882,1.5204,0,Perfect,,-2.1077,-10.966,0,11.2,-0.0716,0.0153,2.7406,22.0611,0,0
537,Rally,None,1,-0.0117,55.2933,-1.0064,3.5,-15.4523,-1.7808,0.7108,-4.9814,1,Forehand prepare 0.77,0,9,LowPickup,-37.0709,-5.5733,-1.7563,1.4162,-10.8366,0,1,1,Forehand finish,0,9,11.57,-42.1187,0.8045,0,Perfect,,-2.1536,-10.9545,0,11.2,-0.0717,0.0084,3.6883,18.9484,0,0
538,Rally,None,1,-0.0117,55.217,-1.0348,3.5,-15.4378,-1.788,0.5841,-5.4026,1,Forehand prepare 0.81,0,9,LowPickup,-38.019,0.0445,-1.8804,1.4738,-10.8651,0.4909,1,1,Forehand finish,0,9,14.6866,-35.9526,0.5398,0,Perfect,,-2.2253,-10.9415,0,11.2,-0.0763,0.0026,4.4089,15.7819,0,0
539,Rally,None,1,-0.0117,55.1414,-1.0629,3.5,-15.4245,-1.7927,0.4958,-5.6834,1,Forehand prepare 0.87,0,9,LowPickup,-48.3802,0.1599,-1.9483,1.5054,-10.87,2.0661,1,1,Forehand finish,0,9,16.6941,-29.6079,0.2862,0,Perfect,,-2.2729,-10.9361,0,11.2,-0.0756,-0.0016,5.4562,13.5965,0,0
540,Rally,None,1,-0.0117,55.0619,-1.0922,3.5,-15.4124,-1.7999,0.3578,-6.1046,1,Forehand prepare 0.90,0,9,LowPickup,-59.5157,-2.1117,-1.9891,1.4944,-10.8756,5.9307,1,1,Forehand finish,0,9,17.5899,-23.1865,0.0435,0,Perfect,,-2.3406,-10.9316,0,11.2,-0.0795,-0.0043,5.11,11.7219,0,0
541,Rally,None,1,-0.0117,54.9837,-1.1207,3.5,-15.4016,-1.8046,0.2621,-6.3854,1,Forehand prepare 0.96,0,9,LowPickup,-71.6426,-8.4539,-1.9498,1.3752,-10.8931,2.3234,1,1,Forehand finish,0,9,17.3724,-17.0495,0.21,0,Perfect,,-2.3826,-10.93,0,11.2,-0.0782,-0.0051,4.7743,14.8486,0,0
542,Rally,None,1,-0.0117,54.9066,-1.1483,3.5,-15.3921,-1.8094,0.1633,-6.6661,1,Forehand prepare 1.00,0,9,LowPickup,-72.5868,-11.6872,-1.9363,1.2161,-10.9074,0.6979,1,1,Forehand finish,0,9,16.4803,-11.3119,0.3224,0,Perfect,,-2.4219,-10.9291,0,11.2,-0.0771,-0.0035,4.461,16.2409,0,0
543,Rally,None,1,-0.0117,54.8307,-1.1762,3.5,-15.3838,-1.8165,0.1402,-7.0814,1,Forehand prepare 1.00,0,9,LowPickup,-74.0642,-12.6949,-1.9796,1.1767,-10.9152,1.2198,1,1,Forehand finish,0,9,15.4668,-6.2,0.3427,0,Perfect,,-2.4757,-10.9287,0,11.2,-0.0759,0,4.5205,13.5394,0,0
544,Rally,None,1,-0.0117,54.7556,-1.2028,3.5,-15.3767,-1.821,0.2185,-7.3504,1,Forehand prepare 1.00,1,0.1645,LowPickup,-75.5527,-18.9604,-2.0351,0.986,-10.8743,5.7947,1,1,Forehand finish,0,9,14.5821,-1.974,0.2963,0,Perfect,,-2.5082,-10.9289,0,11.2,-0.0751,0.0116,5.038,5.7865,0,0
545,Rally,None,1,-0.0117,54.677,-1.2261,3.5,-15.3711,-1.8279,0.3306,-7.7538,1,Forehand swing,1,0.1395,LowPickup,-75.2895,-24.4116,-2.0628,0.9229,-10.8444,1.7875,1,1,Ready,0,9,9.4573,-2.7842,0.8843,0,Perfect,,-2.5119,-10.9343,0,11.2,-0.0787,0.0165,3.9706,1.5413,0,0
546,Rally,None,1,-0.0117,54.5995,-1.2464,3.5,-15.3663,-1.8324,0.4017,-8.0228,1,Forehand swing,1,0.1228,LowPickup,-69.0483,-24.5722,-2.111,0.8644,-10.8013,1.6892,1,1,Ready,0,9,9.4673,-1.8828,0.1378,0,Perfect,,-2.5119,-10.9343,0,11.2,-0.0775,0.0196,3.1293,0,0,0
547,Rally,None,1,-0.0117,54.5231,-1.2641,3.5,-15.3621,-1.837,0.4701,-8.2917,1,Forehand swing,1,0.1062,LowPickup,-56.3291,-17.7484,-2.1467,0.8063,-10.7894,16.189,1,1,Ready,0,9,9.6017,-0.9509,0.2067,0,Perfect,,-2.5119,-10.9343,0,11.2,-0.0764,0.0207,2.4663,0,0,0
548,Rally,None,1,-0.0117,54.443,-1.2794,3.5,-15.3585,-1.8438,0.5672,-8.6952,1,Forehand swing,1,0.0812,LowPickup,-42.8361,-11.9107,-2.1955,0.7592,-10.7634,6.2074,1,1,Ready,0,9,9.9856,0.1717,0.732,0,Perfect,,-2.5119,-10.9343,0,11.2,-0.0801,0.0199,1.6738,0,0,0
549,Rally,None,1,-0.0117,54.3643,-1.2928,3.5,-15.3553,-1.8484,0.6285,-8.9641,1,Forehand swing,1,0.0645,LowPickup,-29.5513,-9.9381,-2.1558,0.8026,-10.7356,3.0164,1,1,Ready,0,9,10.6482,1.5338,0.6517,0,Perfect,,-2.5119,-10.9343,0,11.2,-0.0787,0.0178,1.1064,0,0,0
550,Rally,None,1,-0.0117,54.2823,-1.3044,3.5,-15.3526,-1.8552,0.715,-9.3676,1,Forehand swing,1,0.0395,LowPickup,-0.6258,0.7367,-2.2666,0.7963,-10.721,3.4334,1,1,Ready,0,9,11.4254,3.0399,0.2579,0,Perfect,,-2.5119,-10.9343,0,11.2,-0.082,0.0148,0.7043,0,0,0
551,Rally,None,1,-0.0117,54.202,-1.3145,3.5,-15.3502,-1.8598,0.7691,-9.6365,1,Forehand swing,1,0.0282,LowPickup,-11.4615,-13.3963,-1.7706,1.1503,-10.4117,2.1419,1,1,Ready,0,9,12.1217,4.4968,2.1886,0,Perfect,,-2.5119,-10.9343,0,11.2,-0.0804,0.0114,0.4282,0,0,0
552,Rally,None,1,-0.0117,54.1231,-1.3232,3.5,-15.3481,-1.8644,0.8204,-9.9055,1,Forehand swing,1,0.0169,LowPickup,-8.3427,-14.448,-1.7531,1.1894,-10.4065,22.4653,1,1,Ready,0,9,12.4365,5.6328,10.3354,0,Perfect,,-2.5119,-10.9343,0,11.2,-0.0789,0.0081,0.3375,0,0,0
553,Rally,None,1,-0.0117,54.0417,-1.3308,3.5,-15.3463,-1.8712,0.892,-10.3089,1,Forehand swing,1,0,LowPickup,-7.8354,-18.7976,-1.7606,1.2523,-10.3664,0.92,1,1,Ready,0,9,12.3731,6.3663,0.0619,0,Perfect,,-2.5119,-10.9343,0,11.2,-0.0814,0.0052,0.266,0,0,0
554,Rally,None,1,0.055,54.2975,-1.3398,3.497,-15.3452,-1.8617,0.9092,-9.8666,1,Forehand swing,1,-0.0083,LowPickup,-7.6945,-18.7568,-1.8582,1.2709,-10.3646,0.6591,1,1,Ready,0,9,11.9887,6.627,0.3736,0.6917,Perfect,P:Perfect;,-2.5119,-10.9343,0,11.2,0.2558,0.0028,0.2096,0,0,0
555,Rally,None,1,0.0383,54.5199,-1.3475,3.4913,-15.3448,-1.8617,0.9092,-9.8666,1,Forehand follow,1,-0.0083,LowPickup,-7.815,-18.8201,-1.9655,1.2854,-10.3606,0.4659,1,1,Ready,0,9,11.4339,6.5091,0.9859,0.6333,Perfect,,-2.5119,-10.9343,0,11.2,0.2224,0.0028,0.2096,0,0,0
556,Rally,None,1,0.0217,54.7133,-1.354,3.4876,-15.3443,-1.8617,0.9092,-9.8666,1,Forehand follow,1,-0.0083,LowPickup,-7.8928,-19.7856,-2.0669,1.2532,-10.3507,0.4512,1,1,Ready,0,9,10.9409,6.0973,4.3068,0.575,Perfect,,-2.5119,-10.9343,0,11.2,0.1934,0.0011,0.1652,0,0,0
557,Rally,None,1,0.005,54.8814,-1.3594,3.486,-15.3435,-1.8617,0.9092,-9.8666,1,Forehand follow,1,-0.0083,LowPickup,-7.9523,-20.4404,-2.1368,1.2109,-10.3455,0.2935,1,1,Ready,0,9,10.5071,5.5174,0.5496,0.5167,Perfect,,-2.5119,-10.9343,0,11.2,0.1681,-0.0001,0.1302,0,0,0
558,Rally,None,1,-0.0117,55.0275,-1.3723,3.4982,-15.34,-1.8617,0.9092,-9.8666,1,Forehand follow,1,-0.0083,LowPickup,-7.9907,-20.8506,-2.1769,1.177,-10.3465,0.1922,1,1,Ready,0,9,10.1518,4.9121,0.6715,0.4583,Perfect,,-2.5119,-10.9343,0,11.2,0.1461,-0.0007,0.1026,0,0,0
559,Rally,None,1,-0.0117,55.1546,-1.3709,3.4943,-15.3401,-1.8376,0.9585,-9.5383,1,Forehand follow,1,-0.025,LowPickup,-9.4678,-27.0218,-2.2038,1.1101,-10.365,1.5566,1,1,Ready,0,9,9.9679,4.3811,0.6429,0.4,Perfect,,-2.5099,-10.9345,0,11.2,0.127,0.0001,0.7724,0,0,0
560,Rally,None,1,-0.0117,55.265,-1.3762,3.4966,-15.339,-1.8136,1.0052,-9.2099,1,Forehand follow,1,-0.0417,LowPickup,-11.0593,-29.6585,-2.2206,1.0576,-10.3989,10.9099,1,1,Ready,0,9,10.0432,4.0667,0.483,0.3417,Perfect,,-2.505,-10.935,0,11.2,0.1105,0.0027,1.3236,0,0,0
561,Rally,None,1,-0.0117,55.361,-1.3663,3.492,-15.34,-1.7775,1.0705,-8.7174,1,Forehand follow,1,-0.0667,LowPickup,-13.4064,-33.341,-2.2107,0.9974,-10.4978,0.2336,1,1,Ready,0,9,10.3477,3.9565,0.1705,0.2833,Perfect,,-2.4926,-10.9363,0,11.2,0.096,0.0071,2.1157,0,0,0
562,Rally,None,1,-0.0117,55.4445,-1.3688,3.4925,-15.3396,-1.7535,1.1109,-8.389,1,Forehand follow,1,-0.0833,LowPickup,-15.1169,-33.956,-2.1648,0.9584,-10.5942,0.2091,1,1,Ready,0,9,10.8615,4.1013,0.4469,0.225,Perfect,,-2.4809,-10.9376,0,11.2,0.0835,0.0126,3.1178,0.6759,0,0
563,Rally,None,1,-0.0117,55.5171,-1.3717,3.4954,-15.3391,-1.7174,1.1667,-7.8965,1,Forehand follow,1,-0.1083,LowPickup,-17.8173,-35.8333,-2.1212,0.9072,-10.6249,0.1504,1,1,Ready,0,9,11.6227,4.4504,0.7077,0.1667,Perfect,,-2.4581,-10.94,0,11.2,0.0726,0.019,4.7714,2.0175,0,0
564,Rally,None,1,-0.0117,55.5802,-1.3639,3.4922,-15.3404,-1.6933,1.2007,-7.5681,1,Forehand follow,1,-0.125,LowPickup,-19.9299,-35.8812,-2.1079,0.9201,-10.6017,0.1469,1,1,Ready,0,9,12.7271,4.981,0.7784,0.1083,Perfect,,-2.4394,-10.9419,0,11.2,0.0631,0.0252,5.8553,3.2711,0,0
565,Rally,None,1,-0.0117,55.635,-1.3598,3.493,-15.3409,-1.6693,1.2321,-7.2398,1,Forehand follow,1,-0.1417,LowPickup,-20.6332,-34.4351,-2.0967,0.9665,-10.586,0.2215,1,1,Ready,0,9,13.966,5.6197,0.7561,0.05,Perfect,,-2.418,-10.9442,0,11.2,0.0548,0.0307,6.9137,3.0138,0,0
566,Rally,None,1,-0.0117,55.6827,-1.3539,3.4935,-15.3419,-1.6332,1.2745,-6.7472,1,Forehand follow,1,-0.1667,LowPickup,-20.8442,-32.9659,-2.0949,1.0462,-10.575,0.4373,1,1,Ready,0,9,15.2282,6.3049,0.6576,0,Perfect,,-2.3807,-10.9481,0,11.2,0.0477,0.0355,7.8325,1.5582,0,0
567,Rally,None,1,-0.0117,55.7242,-1.346,3.4944,-15.3431,-1.6092,1.2996,-6.4189,1,Forehand follow,1,-0.1833,LowPickup,-18.9122,-30.1756,-2.0738,1.0707,-10.5697,0.5429,1,1,Ready,0,9,16.3691,7.0221,0.5519,0,Perfect,,-2.3524,-10.9511,0,11.2,0.0415,0.0392,7.762,1.3359,0,0
568,Rally,None,1,-0.0117,55.7602,-1.3358,3.4951,-15.3448,-1.5731,1.3324,-5.9263,1,Forehand follow,1,-0.2083,LowPickup,-14.6311,-27.7158,-2.0382,1.1326,-10.5883,0.5231,1,1,Ready,0,9,17.2331,7.7897,0.419,0,Perfect,,-2.3048,-10.9562,0,11.2,0.036,0.0422,8.5,3.3103,0,0
569,Rally,None,1,-0.0117,55.7915,-1.3244,3.4957,-15.3468,-1.5491,1.3511,-5.598,1,Forehand follow,1,-0.225,LowPickup,-5.6895,-23.2727,-2.0152,1.1709,-10.6193,0.7804,1,1,Ready,0,9,17.8414,8.5776,0.2808,0,Perfect,,-2.2695,-10.9599,0,11.2,0.0313,0.0441,8.2889,6.0807,0,0
570,Rally,None,1,-0.0117,55.8188,-1.3117,3.4963,-15.349,-1.525,1.3672,-5.2696,1,Forehand follow,1,-0.2417,LowPickup,3.9531,-18.7187,-1.9752,1.2011,-10.6509,0.909,1,1,Ready,0,9,18.1145,9.3603,0.0337,0,Perfect,,-2.2316,-10.9639,0,11.2,0.0272,0.045,8.1218,7.516,0,0
571,Rally,None,1,-0.0117,55.8424,-1.2962,3.4968,-15.3518,-1.4889,1.3867,-4.7771,1,Forehand follow,1,-0.2667,LowPickup,13.8456,-15.363,-1.9689,1.2135,-10.6825,1.0073,1,1,Ready,0,9,18.2035,10.1378,0.0758,0,Perfect,,-2.1694,-10.9705,0.1201,11.2,0.0237,0.0454,8.5,9.0314,0,0
572,Rally,None,1,-0.0117,55.863,-1.2795,3.4972,-15.3549,-1.4649,1.3964,-4.4487,1,Forehand follow,0,9,LowPickup,23.8902,-8.2661,-1.8972,1.2113,-10.6933,1.0936,1,1,Run,0,9,15.9939,9.7772,1.6462,0,Perfect,,-2.1245,-10.9753,0.2002,11.2,0.0206,0.0454,8.5,9.0314,0,0
573,Rally,None,1,-0.0117,55.8809,-1.2598,3.4976,-15.3586,-1.4288,1.4063,-3.9562,1,Run,0,9,LowPickup,35.5566,17.9713,-1.5287,0.694,-10.8768,5.6489,0.9555,0.8333,Run,0,9,11.3912,6.7227,3.651,0,Perfect,,-2.052,-10.9829,0.2326,11.2,0.0179,0.0453,8.5,8.4397,0,0
574,Rally,None,1,-0.0117,55.8965,-1.2389,3.4979,-15.3624,-1.4048,1.4097,-3.6278,1,Run,0,9,LowPickup,38.4834,26.0586,-1.5124,0.6724,-10.9318,26.0963,0.856,0.6667,Ready,0,9,9.4213,4.9126,0,0,Perfect,,-2.0002,-10.9884,0.2326,11.2,0.0156,0.0451,8.5,3.5179,0,0
575,Rally,None,1,-0.0117,55.91,-1.2169,3.4982,-15.3666,-1.3807,1.4106,-3.2995,1,Run,0,9,LowPickup,40.0718,30.0516,-1.494,0.6818,-10.9289,0.3443,0.7361,0.5,Ready,0,9,10.3898,5.8182,8.5157,0,Perfect,,-1.9457,-10.9942,0.2326,11.2,0.0135,0.0446,8.5,3.175,0,0.0001
576,Rally,None,1,-0.0117,55.9218,-1.1915,3.4984,-15.3714,-1.3447,1.4071,-2.807,1,Run,0,9,LowPickup,40.8463,33.2047,-1.4117,0.6958,-10.9427,0.8017,0.6155,0.3333,Ready,0,9,12.3004,7.6704,1.0859,0,Perfect,,-1.8586,-11.0034,0.2326,11.2,0.0118,0.0438,8.4891,2.6661,0,0
577,Rally,None,1,-0.0117,55.932,-1.1649,3.4986,-15.3764,-1.3206,1.4015,-2.4786,1,Run,0,9,LowPickup,41.1678,35.7646,-1.3361,0.7064,-10.9611,0.6698,0.5041,0.1667,Ready,0,9,14.2037,9.4018,6.2614,0,Perfect,,-1.7972,-11.0099,0.2326,11.2,0.0102,0.0432,8.5,2.0666,0,0
578,Rally,None,1,-0.0117,55.9409,-1.1349,3.4988,-15.3821,-1.2845,1.3885,-1.9861,1,Run,0,9,LowPickup,41.1867,37.9314,-1.2247,0.7196,-10.978,0.2366,0.4064,0,Forehand prepare 0.04,0,9,22.4248,12.1095,0.4358,0,Perfect,,-1.6998,-11.0202,0.2326,11.2,0.0089,0.0424,8.5,1.4857,0,0
579,Rally,None,1,-0.0117,55.9486,-1.1038,3.499,-15.3881,-1.2605,1.3766,-1.6577,1,Run,0,9,LowPickup,41.103,39.7254,-1.1477,0.7321,-10.993,3.9324,0.3236,0,Forehand prepare 0.10,0,9,17.6446,12.4036,1.8245,0,Perfect,,-1.6314,-11.0274,0.2326,11.2,0.0077,0.0418,8.5,0.9616,0,0
580,Rally,None,1,-0.0117,55.9553,-1.0719,3.4991,-15.3942,-1.2364,1.3621,-1.3294,1,Run,0,9,LowPickup,41.1383,41.0857,-1.0732,0.7395,-11.0083,20.8216,0.2551,0,Forehand prepare 0.14,0,9,27.8816,17.0449,3.9455,0,Perfect,,-1.5618,-11.0348,0.2326,11.2,0.0067,0.0411,8.5,0.563,0,0
581,Rally,None,1,-0.0117,55.9612,-1.0365,3.4992,-15.4009,-1.2004,1.3357,-0.8368,1,Run,0,9,LowPickup,41.4095,42.5205,-0.9654,0.7493,-11.0284,0.1392,0.1995,0,Forehand prepare 0.17,0,9,30.4426,19.4068,0.1728,0,Perfect,,-1.4574,-11.0458,0.2326,11.2,0.0058,0.0393,7.3296,0.5991,0,0
582,Rally,None,1,-0.0117,55.9662,-1.0008,3.4993,-15.4077,-1.1763,1.3149,-0.5085,1,Run,0,9,LowPickup,41.885,43.6762,-0.8956,0.7583,-11.0469,0.5001,0.1549,0,Forehand prepare 0.23,0,9,35.0716,22.9812,0.4572,0,Perfect,,-1.3878,-11.0532,0.2326,11.2,0.0051,0.036,5.7766,0.9338,0,0
583,Rally,None,1,-0.0117,55.9706,-0.9623,3.4994,-15.4151,-1.1402,1.2789,-0.0159,1,Run,0,9,LowPickup,42.5501,44.2633,-0.7963,0.7716,-11.0715,0.4553,0.1195,0,Forehand prepare 0.27,0,9,38.4179,26.7998,0.6192,0,Perfect,,-1.2834,-11.0642,0.2326,11.2,0.0044,0.0313,4.5527,1.2844,0,0.0001
584,Rally,None,1,-0.0117,55.9337,-0.9238,3.4995,-15.4225,-1.1162,1.2517,0.3124,1,Run,0,9,LowPickup,43.3315,44.2758,-0.7369,0.7788,-11.0936,0.8993,0.0918,0,Forehand prepare 0.32,0,9,41.1468,31.6666,0.6874,0,Perfect,,-1.2138,-11.0716,0.2326,11.2,-0.037,0.0258,3.5881,1.5766,0,0
585,Rally,None,1,-0.0117,55.8586,-0.8853,3.4995,-15.4299,-1.0921,1.2219,0.6408,1,Run,0,9,LowPickup,44.2648,44.0571,-0.6812,0.7671,-11.1166,7.614,0.0702,0,Forehand prepare 0.36,0,9,45.6253,37.6803,0.3837,0,Perfect,,-1.1442,-11.079,0.2326,11.2,-0.075,0.0198,2.8279,1.7282,0,0
586,Rally,None,1,-0.0117,55.729,-0.8444,3.4996,-15.4377,-1.0561,1.1725,1.1333,1,Run,0,9,LowPickup,45.2145,43.5241,-0.5918,0.7362,-11.1451,0.7326,0.0534,0,Forehand prepare 0.40,0,9,51.1157,45.0926,0.4158,0,Perfect,,-1.0397,-11.09,0.2326,11.2,-0.1296,0.014,2.2288,1.7592,0,0.0001
587,Rally,None,1,-0.0117,55.5735,-0.8038,3.4997,-15.4455,-1.032,1.1364,1.4617,1,Run,0,9,LowPickup,46.2132,42.8707,-0.54,0.7109,-11.1718,4.1818,0.0405,0,Forehand prepare 0.45,0,9,56.1844,54.7412,0.4229,0,Perfect,,-0.9701,-11.0974,0.2326,11.2,-0.1556,0.0088,1.7565,1.6746,0,0
588,Rally,None,1,-0.0117,55.3739,-0.761,3.4997,-15.4537,-0.996,1.0775,1.9542,1,Run,0,9,LowPickup,46.9269,42.0626,-0.4481,0.7264,-11.1955,0.1874,0.0307,0,Forehand prepare 0.49,0,9,60.6976,64.2348,0.4899,0,Perfect,,-0.8657,-11.1084,0.2326,11.2,-0.1996,0.0044,1.3844,1.4318,0,0
589,Rally,None,1,-0.0117,55.1575,-0.7188,3.4997,-15.4618,-0.9719,1.035,2.2825,1,Run,0,9,LowPickup,47.482,41.2914,-0.3872,0.7382,-11.2119,1.0712,0.0231,0,Forehand prepare 0.54,0,9,68.1529,74.6633,1.3272,0,Perfect,,-0.7961,-11.1158,0.2326,11.2,-0.2164,0.001,1.0911,1.09,0,0
590,Rally,None,1,-0.0117,54.9265,-0.6771,3.4998,-15.4699,-0.9479,0.9899,2.6109,1,Run,0,9,LowPickup,47.8301,40.6379,-0.3244,0.7407,-11.2254,2.8036,0.0174,0,Forehand prepare 0.58,0,9,73.1667,82.3206,0.8682,0,Perfect,,-0.7265,-11.1232,0.2326,11.2,-0.231,-0.0014,0.8599,0.6785,0,0
591,Rally,None,1,-0.0117,54.6613,-0.6333,3.4998,-15.4783,-0.9118,0.9176,3.1034,1,Run,0,9,LowPickup,47.8812,40.2049,-0.2201,0.741,-11.2353,1.1702,0.0131,0,Forehand prepare 0.62,0,9,73.9467,88.8594,0.5316,0,Perfect,,-0.6221,-11.1342,0.2326,11.2,-0.2652,-0.0028,0.6777,0.2238,0,0
592,Rally,None,1,-0.0117,54.3878,-0.5903,3.4998,-15.4865,-0.8877,0.8662,3.4318,1,Run,0,9,LowPickup,47.6559,40.0232,-0.1462,0.7314,-11.2355,1.9786,0.0098,0,Forehand prepare 0.67,0,9,67.1486,95.3591,2.5388,0,Perfect,,-0.5534,-11.1415,0.2326,11.2,-0.2734,-0.0034,0.5341,0.3379,0,0
593,Rally,None,1,-0.0117,54.0858,-0.5459,3.4999,-15.495,-0.8517,0.7843,3.9243,1,Run,0,9,LowPickup,47.2784,40.4083,-0.0378,0.7253,-11.2349,0.513,0.0073,0,Forehand prepare 0.71,0,9,64.9228,100.5259,1.1053,0,Perfect,,-0.4556,-11.1518,0.2326,11.2,-0.3021,-0.0033,0.5157,0.7652,0,0
594,Rally,None,1,-0.0117,53.7803,-0.5029,3.4999,-15.5033,-0.8276,0.7265,4.2527,1,Run,0,9,LowPickup,46.8353,41.4016,0.0383,0.7461,-11.228,0,0.0055,0,Forehand prepare 0.77,0,9,66.4361,103.1881,1.4681,0,Perfect,,-0.3938,-11.1583,0.2326,11.2,-0.3055,-0.0022,2.79,1.1021,0,0
595,Rally,None,1,-0.0117,53.4718,-0.4613,3.4999,-15.5113,-0.8036,0.6662,4.581,1,Run,0,9,LowPickup,46.1854,42.1774,0.1119,0.76,-11.2183,0,0.0041,0,Forehand prepare 0.80,0,9,66.122,104.9122,1.5097,0,Perfect,,-0.3348,-11.1646,0.2326,11.2,-0.3085,-0.0001,3.7879,1.3419,0,0
596,Rally,None,1,-0.0117,53.1393,-0.4191,3.4999,-15.5194,-0.7675,0.5709,5.0736,1,Run,0,9,LowPickup,45.5201,43.0095,0.2086,0.7714,-11.2122,0,0.003,0,Forehand prepare 0.84,0,9,62.1678,105.1475,0.2687,0,Perfect,,-0.2515,-11.1734,0.2326,11.2,-0.3325,0.003,4.5744,1.4352,0,0
597,Rally,None,1,-0.0117,52.8073,-0.3786,3.4999,-15.5272,-0.7434,0.5042,5.4019,1,Run,0,9,LowPickup,45.0012,44.0434,0.27,0.7882,-11.2063,0,0.0023,0,Forehand prepare 0.90,0,9,49.2829,100.0039,1.666,0,Perfect,,-0.1994,-11.1789,0.2326,11.2,-0.332,0.007,5.9888,1.3573,0,0
598,Rally,None,1,-0.0117,52.4543,-0.3383,3.4999,-15.535,-0.7074,0.3993,5.8945,1,Run,0,9,LowPickup,44.4872,44.7901,0.3503,0.7979,-11.2045,1.7644,0,0,Forehand prepare 0.93,0,9,36.4027,92.6434,1.4724,0,Perfect,,-0.1264,-11.1866,0.2326,11.2,-0.353,0.0116,6.309,1.1754,0,0
599,Rally,None,1,-0.0117,52.1337,-0.2999,3.4999,-15.5423,-0.6833,0.3263,6.2228,1,Run,0,9,LowPickup,44.0706,45.7192,0.4035,0.8151,-11.2019,1.0346,0,0,Forehand prepare 0.99,0,9,19.3436,75.3965,1.1434,0,Perfect,,-0.0812,-11.1914,0.2326,11.2,-0.3206,0.0168,7.3558,0.9315,0,0
600,Rally,None,1,-0.0117,51.8549,-0.2635,3.4999,-15.5493,-0.6593,0.2506,6.5512,1,Run,0,9,LowPickup,43.6422,46.3551,0.4531,0.823,-11.2,1.054,0,0,Forehand prepare 1.00,0,9,16.3184,70.1022,0.2263,0,Perfect,,-0.0388,-11.1959,0.2326,11.2,-0.2787,0.0218,7.3864,0.6712,0,0
601,Rally,None,1,-0.0117,51.6126,-0.2291,3.5,-15.556,-0.6232,0.1324,7.0437,1,Run,0,9,LowPickup,0.272,1.8298,0.2257,0.7661,-10.9475,7.7444,0,0,Forehand prepare 1.00,1,0.1762,12.1981,62.0321,0,0,Perfect,,0,-11.2,0.2326,11.2,-0.2423,0.0264,7.4105,0.5407,0,0
602,Rally,None,1,-0.0117,51.4019,-0.1992,3.5,-15.5617,-0.6,0.1293,7.3609,1,Ready,0,9,LowPickup,2.3441,3.4735,0.2169,0.7577,-10.9583,0.6287,0,0,Forehand swing,1,0.1621,10.3175,57.8919,0.798,0,Perfect,,0,-11.2,0.2726,11.2,-0.2107,0.0293,5.8404,1.706,0,0
603,Rally,None,1,-0.0117,51.2188,-0.1731,3.5,-15.5667,-0.5664,0.2131,7.8199,1,Ready,0,9,LowPickup,6.0749,6.3565,0.201,0.7528,-10.969,0.9519,0,0,Forehand swing,1,0.141,6.3133,52.7964,0.2472,0,Perfect,,0,-11.2,0.3831,11.2,-0.1832,0.0299,4.603,2.7573,0,0
604,Rally,None,1,-0.0117,51.0596,-0.1505,3.5,-15.5711,-0.5439,0.2657,8.126,1,Ready,0,9,LowPickup,9.6017,8.5077,0.1834,0.7488,-10.9739,0.6827,0,0,Forehand swing,1,0.1269,2.0629,46.6084,0.6503,0,Perfect,,0,-11.2,0.3831,11.2,-0.1592,0.0285,3.6277,2.8619,0,0
605,Rally,None,1,-0.0117,50.9211,-0.1309,3.5,-15.5748,-0.5215,0.3156,8.432,1,Ready,0,9,LowPickup,12.3966,10.007,0.168,0.7484,-10.971,0.4753,0,0,Forehand swing,1,0.1128,-1.5188,40.0856,3.0544,0,Perfect,,0,-11.2,0.3831,11.2,-0.1384,0.0254,2.8591,2.6214,0,0
606,Rally,None,1,-0.0117,50.8008,-0.1138,3.5,-15.5781,-0.4879,0.3855,8.891,1,Ready,0,9,LowPickup,14.4775,10.8734,0.1501,0.748,-10.9382,0.3485,0,0,Forehand swing,1,0.0916,-4.6802,32.5732,21.8409,0,Perfect,,0,-11.2,0.3831,11.2,-0.1203,0.0213,2.2533,2.1569,0,0.0001
607,Rally,None,1,-0.0117,50.6962,-0.0989,3.5,-15.581,-0.4655,0.4288,9.1971,1,Ready,0,9,LowPickup,15.9453,11.2273,0.1326,0.7528,-10.9028,0.249,0,0,Forehand swing,1,0.0775,-5.0567,24.8451,0.8768,0,Perfect,,0,-11.2,0.3831,11.2,-0.1046,0.0167,1.7759,1.5808,0,0
608,Rally,None,1,-0.0117,50.6052,-0.086,3.5,-15.5835,-0.4319,0.4888,9.6561,1,Ready,0,9,LowPickup,16.9311,11.2096,0.125,0.7597,-10.8947,0.1625,0,0,Forehand swing,1,0.0564,-7.5655,13.4841,0.4262,0,Perfect,,0,-11.2,0.3831,11.2,-0.091,0.0123,1.3997,0.9982,0,0
609,Rally,None,1,-0.0117,50.5262,-0.0747,3.5,-15.5856,-0.4095,0.5255,9.9621,1,Ready,0,9,LowPickup,17.5489,10.9778,0.1249,0.7686,-10.8933,0.1004,0,0,Forehand swing,1,0.0423,-6.3343,2.9702,0.6239,0,Perfect,,0,-11.2,0.3831,11.2,-0.0791,0.0082,1.1031,0.4837,0,0
610,Rally,None,1,-0.0117,50.4574,-0.065,3.5,-15.5875,-0.3871,0.5595,10.2682,1,Ready,0,9,LowPickup,17.8578,10.642,0.1349,0.7793,-10.8855,0.0623,0,0,Forehand swing,1,0.0282,-6.3778,-6.4518,0.4085,0,Perfect,,0,-11.2,0.3831,11.2,-0.0687,0.0049,0.8694,0.225,0,0
611,Rally,None,1,-0.0117,50.3977,-0.0565,3.5,-15.5891,-0.3534,0.6056,10.7272,1,Ready,0,9,LowPickup,17.9865,10.3044,0.1462,0.7886,-10.8793,0.0333,0,0,Forehand swing,1,0.007,-7.9667,-19.524,0.2885,0,Perfect,,0,-11.2,0.3846,11.2,-0.0598,0.0024,0.6852,0.4457,0.0004,0.7749
612,Rally,None,1,-0.0117,51.1296,-0.0491,3.5,-15.5906,-0.3422,0.5355,10.7602,1,Ready,0,9,LowPickup,18.0158,10.0299,0.1484,0.7928,-10.8775,0.0196,0,0,Forehand swing,1,0,-7.5052,-20.9176,0.1133,0,Perfect,R;,0,-11.2,0.3941,11.2,0.7319,0.0007,0.54,0.6501,0.0008,0.6107
613,Rally,None,1,-0.0117,51.7659,-0.0427,3.5,-15.5918,-0.3748,0.6262,10.4899,1,Ready,0,9,LowPickup,18.032,9.8547,0.1456,0.7944,-10.8751,0.0285,0,0,Forehand swing,1,-0.0167,-9.4129,-26.273,0.24,0,Perfect,,0,-11.2,0.314,11.2,0.6363,-0.0004,0.4256,0.7322,0.0012,0.4813
614,Rally,None,1,-0.0117,52.319,-0.0371,3.5,-15.5929,-0.4074,0.714,10.2196,1,Ready,0,9,LowPickup,18.041,9.7556,0.1369,0.8009,-10.8658,0.0194,0,0,Forehand follow,1,-0.0333,-10.5833,-28.4449,0.4059,0,Perfect,,0,-11.2,0.2339,11.2,0.5532,-0.0008,0.3354,0.7179,0.0015,0.3793
615,Rally,None,1,-0.0117,52.7999,-0.0323,3.5,-15.5938,-0.4563,0.8399,9.8142,1,Ready,0,9,LowPickup,18.1275,9.7645,0.1291,0.8066,-10.8574,0.0138,0,0,Forehand follow,1,-0.0583,-10.6705,-29.5062,0.3255,0,Perfect,,0,-11.2,0.1138,11.2,0.4809,-0.0009,0.2644,0.6205,0.0018,0.299
616,Rally,None,1,-0.0117,53.218,-0.0281,3.5,-15.5946,-0.4889,0.9201,9.5439,1,Ready,0,9,LowPickup,18.3869,9.9062,0.1317,0.8064,-10.8552,0.0088,0,0,Forehand follow,1,-0.075,-8.8868,-25.6205,0.3548,0,Perfect,,0,-11.2,0.0337,11.2,0.4181,-0.0008,0.2083,0.4651,0.0019,0.3084
617,Rally,None,1,-0.0117,53.5814,-0.0247,3.5,-15.5953,-0.5377,1.0348,9.1384,1,Ready,0,9,LowPickup,18.6951,10.0968,0.1291,0.8033,-10.855,0.0144,0,0,Forehand follow,1,-0.1,-6.9632,-22.935,1.2374,0,Perfect,,-0.0041,-11.1996,0,11.2,0.3634,-0.0005,0.1642,0.3415,0.002,0.3003
618,Rally,None,1,-0.0117,53.8974,-0.0222,3.5,-15.5957,-0.5703,1.1075,8.8681,1,Run,0,9,LowPickup,18.6792,10.6104,0.1087,0.799,-10.8567,0.1778,0,0,Forehand follow,1,-0.1167,-6.9141,-20.1564,0.3547,0,Perfect,,-0.0104,-11.199,0,11.2,0.316,0.0011,2.513,0.3206,0.0018,0.2819
619,Rally,None,1,-0.0117,54.1721,-0.0207,3.5,-15.5961,-0.6029,1.1772,8.5978,1,Run,0,9,LowPickup,17.8339,10.2239,0.0857,0.7797,-10.8609,0.3994,0,0,Forehand follow,1,-0.1333,-9.4531,-20.6086,0.1488,0,Perfect,,-0.0193,-11.1981,0,11.2,0.2747,0.004,3.5696,0.3503,0.0016,0.2563
620,Rally,None,1,-0.0117,54.4109,-0.0207,3.5,-15.5961,-0.6518,1.276,8.1924,1,Run,0,9,LowPickup,15.9417,9.0133,0.0628,0.749,-10.8661,0.5737,0,0,Forehand follow,1,-0.1583,-13.9732,-23.083,0.4129,0,Perfect,,-0.038,-11.1962,0,11.2,0.2388,0.0076,4.4023,0.4136,0.0014,0.202
621,Rally,None,1,-0.0117,54.6185,-0.0219,3.5,-15.5959,-0.6844,1.3382,7.9221,1,Run,0,9,LowPickup,12.8397,7.0407,0.0473,0.7335,-10.878,0,0,0,Forehand follow,1,-0.175,-19.4925,-26.8702,0.4357,0,Perfect,,-0.0539,-11.1946,0,11.2,0.2076,0.0119,5.8532,0.5683,0.0011,0.1592
622,Rally,None,1,-0.0117,54.799,-0.025,3.5,-15.5953,-0.7332,1.4258,7.5166,1,Run,0,9,LowPickup,8.6796,3.9103,0.0267,0.7158,-10.8958,0.9479,0,0,Forehand follow,1,-0.2,-24.9702,-33.4321,0.3701,0,Perfect,,-0.0829,-11.1917,0,11.2,0.1805,0.0159,6.2021,0.7873,0.0008,0.1255
623,Rally,None,1,-0.0117,54.9559,-0.0293,3.5,-15.5946,-0.7658,1.4804,7.2464,1,Run,0,9,LowPickup,4.2486,0.8268,0.0216,0.7245,-10.9104,0.7072,0,0,Forehand follow,1,-0.2167,-28.03,-40.4561,0.221,0,Perfect,,-0.1057,-11.1895,0,11.2,0.1569,0.0194,7.2716,0.3857,0.0005,0.0989
624,Rally,None,1,-0.0117,55.0923,-0.0349,3.5,-15.5936,-0.7984,1.532,6.9761,1,Run,0,9,LowPickup,0.2168,-2.5121,0.0112,0.7364,-10.9157,0.2855,0,0,Forehand follow,1,-0.2333,-30.7559,-47.6435,0.1802,0,Perfect,,-0.1313,-11.1869,0,11.2,0.1364,0.0217,7.32,0.3553,0.0003,0.0779
625,Rally,None,1,-0.0117,55.2109,-0.0429,3.5,-15.5921,-0.8473,1.6038,6.5706,1,Run,0,9,LowPickup,-3.132,-5.4426,-0.0203,0.746,-10.9142,0.2359,0,0,Forehand follow,1,-0.2583,-33.6315,-56.1474,0.18,0,Perfect,,-0.1748,-11.1826,0,11.2,0.1186,0.0225,7.3581,0.3303,0.0001,0.0614
626,Rally,None,1,-0.0117,55.314,-0.0522,3.5,-15.5905,-0.8799,1.6479,6.3003,1,Run,0,9,LowPickup,-5.7986,-7.6614,-0.0436,0.7556,-10.9132,0.2428,0,0,Forehand follow,1,-0.275,-33.4224,-62.7073,0.1789,0,Perfect,,-0.2073,-11.1793,0,11.2,0.1031,0.0218,8.1827,0.2874,0,0.0484
627,Rally,None,1,-0.0117,55.4036,-0.0642,3.5,-15.5883,-0.9287,1.7084,5.8949,1,Run,0,9,LowPickup,-8.0317,-9.9759,-0.0927,0.7575,-10.9085,0.1203,0,0,Forehand follow,0,9,-32.941,-63.8423,0.0847,0,Perfect,,-0.2612,-11.1739,0,11.2,0.0896,0.0196,8.0381,0.2496,0,0.0484
628,Rally,None,1,-0.0117,55.4815,-0.0774,3.5,-15.5859,-0.9613,1.745,5.6246,1,Run,0,9,LowPickup,-9.9111,-11.8156,-0.1276,0.7625,-10.9026,0.02,0,0,Forehand finish,0,9,-33.7799,-70.2631,0.1337,0,Perfect,,-0.3006,-11.17,0,11.2,0.0779,0.0161,8.5,0.2281,0,0.0382
629,Rally,None,1,-0.0117,55.5492,-0.0919,3.5,-15.5833,-0.9939,1.7786,5.3543,1,Run,0,9,LowPickup,-11.624,-13.6831,-0.1648,0.7717,-10.8927,0.3026,0,0,Forehand finish,0,9,-30.1335,-73.5986,0.4528,0,Perfect,,-0.3427,-11.1658,0,11.2,0.0677,0.0116,8.4604,0.2039,-0.0001,0.0301
630,Rally,None,1,-0.0117,55.6081,-0.1094,3.5,-15.5801,-1.0428,1.8233,4.9488,1,Run,0,9,LowPickup,-13.2722,-15.4435,-0.2299,0.7899,-10.8786,2.1086,0,0,Forehand finish,0,9,-32.9789,-80.2907,0.1468,0,Perfect,,-0.4112,-11.159,0,11.2,0.0589,0.0071,8.2569,0.152,-0.0001,0.0237
631,Rally,None,1,-0.0117,55.6593,-0.1282,3.5,-15.5767,-1.0754,1.8493,4.6785,1,Run,0,9,LowPickup,-14.9428,-16.8953,-0.2798,0.8057,-10.8641,9.5083,0,0,Forehand finish,0,9,-32.2987,-84.1228,0.4419,0,Perfect,,-0.4602,-11.1541,0,11.2,0.0512,0.0032,8.5,0.1028,0,0.0187
632,Rally,None,1,-0.0117,55.7038,-0.1502,3.5,-15.5727,-1.1242,1.8828,4.2731,1,Run,0,9,LowPickup,-16.6793,-18.3237,-0.3668,0.805,-10.8432,0.3211,0,0,Forehand finish,0,9,-34.6839,-90.2319,0.558,0,Perfect,,-0.539,-11.1462,0,11.2,0.0445,0.0001,8.5,0.1661,0,0.0147
633,Rally,None,1,-0.0117,55.7425,-0.1733,3.5,-15.5685,-1.1568,1.9013,4.0028,1,Run,0,9,LowPickup,-18.5569,-19.686,-0.4369,0.7955,-10.8205,1.2611,0,0,Forehand finish,0,9,-33.5778,-92.642,0.8207,0,Perfect,,-0.595,-11.1406,0,11.2,0.0387,-0.002,8.5,0.3053,0,0.0116
634,Rally,None,1,-0.0117,55.7762,-0.1976,3.5,-15.5641,-1.1894,1.9168,3.7325,1,Run,0,9,LowPickup,-20.5227,-20.9105,-0.5092,0.7907,-10.7956,3.1182,0,0,Forehand finish,0,9,-34.0344,-95.8716,0.5159,0,Perfect,,-0.6537,-11.1348,0,11.2,0.0336,-0.0032,8.5,0.4638,0,0.0091
635,Rally,None,1,-0.0117,55.8054,-0.2255,3.5,-15.5591,-1.2383,1.9344,3.3271,1,Run,0,9,LowPickup,-22.6629,-21.9547,-0.6186,0.7937,-10.7627,8.7637,0,0,Forehand finish,0,9,-33.5826,-97.0724,0.1786,0,Perfect,,-0.747,-11.1255,0,11.2,0.0292,-0.0036,8.5,0.6546,0,0.0072
636,Rally,None,1,-0.0117,55.8308,-0.2544,3.5,-15.5538,-1.2709,1.9424,3.0568,1,Run,0,9,LowPickup,-24.9213,-22.8895,-0.7072,0.7878,-10.7311,7.4529,0,0,Forehand finish,0,9,-34.4021,-98.0957,0.3897,0,Perfect,,-0.8126,-11.1189,0,11.2,0.0254,-0.0034,8.5,0.8243,0,0.0057
637,Rally,None,1,-0.0117,55.8529,-0.287,3.5,-15.5479,-1.3197,1.9488,2.6513,1,Run,0,9,LowPickup,-27.1268,-23.7962,-0.8341,0.8103,-10.7022,2.0984,0,0,Forehand finish,0,9,-34.478,-97.9376,0.0803,0,Perfect,,-0.9163,-11.1086,0,11.2,0.0221,-0.0028,8.5,0.8961,0,0.0045
638,Rally,None,1,-0.0117,55.8721,-0.3206,3.5,-15.5418,-1.3523,1.9492,2.381,1,Run,0,9,LowPickup,-29.3037,-24.5873,-0.929,0.8265,-10.679,2.5292,0,0,Forehand finish,0,9,-32.6073,-95.3128,0.0409,0,Perfect,,-0.9888,-11.1013,0,11.2,0.0192,-0.0021,8.5,0.9187,0,0.0035
639,Rally,None,1,-0.0117,55.8888,-0.3552,3.5,-15.5356,-1.3849,1.9467,2.1107,1,Run,0,9,LowPickup,-31.3127,-25.3782,-1.0239,0.8357,-10.6555,2.5657,0,0,Forehand finish,0,9,-32.6032,-92.9969,0.1843,0,Perfect,,-1.0642,-11.0938,0,11.2,0.0167,-0.0013,8.5,0.8358,0,0.0028
640,Rally,None,1,-0.0117,55.9034,-0.3937,3.5,-15.5286,-1.4338,1.9372,1.7053,1,Run,0,9,LowPickup,-32.9568,-26.2977,-1.156,0.8301,-10.6362,0.6871,0,0,Forehand finish,0,9,-32.7863,-90.2743,0.2202,0,Perfect,,-1.1823,-11.082,0,11.2,0.0145,-0.0006,8.5,0.5913,0,0.0022
641,Rally,None,1,-0.0117,55.916,-0.4331,3.5,-15.5214,-1.4664,1.9272,1.435,1,Run,0,9,LowPickup,-34.2743,-27.38,-1.2444,0.8239,-10.6287,0.7307,0,0,Forehand finish,0,9,-33.3071,-87.5213,0.4586,0,Perfect,,-1.2646,-11.0738,0,11.2,0.0126,-0.0001,8.5,0.2423,0,0.0017
642,Rally,None,1,-0.0117,55.927,-0.4767,3.5,-15.5135,-1.5152,1.9064,1.0295,1,Run,0,9,LowPickup,-35.1993,-28.6613,-1.3698,0.8122,-10.6215,2.7184,0,0,Forehand finish,0,9,-33.9357,-84.8694,0.6683,0,Perfect,,-1.3931,-11.061,0,11.2,0.011,0.0003,8.5,0.1983,0,0.0014
643,Rally,None,1,-0.0117,55.9365,-0.5209,3.5,-15.5055,-1.5478,1.8889,0.7592,1,Run,0,9,LowPickup,-35.6249,-30.2537,-1.4459,0.7898,-10.6284,0,0,0,Forehand finish,0,9,-34.5736,-82.5325,0.1642,0,Perfect,,-1.4822,-11.0521,0,11.2,0.0095,0.0005,8.5,0.7165,0,0.0011
644,Rally,None,1,-0.0117,55.9448,-0.5659,3.5,-15.4973,-1.5804,1.8683,0.489,1,Run,0,9,LowPickup,-35.7923,-32.014,-1.5253,0.7726,-10.6367,1.6894,0,0,Forehand finish,0,9,-35.1008,-80.4899,0,0,Perfect,,-1.5741,-11.0429,0,11.2,0.0083,0.0006,8.5,1.1669,0,0.0008
645,Rally,None,1,-0.0117,55.952,-0.6148,3.5,-15.4885,-1.6293,1.8317,0.0835,1,Run,0,9,LowPickup,-35.7223,-33.932,-1.6405,0.7651,-10.6447,3.8415,0,0,Forehand finish,0,9,-35.399,-78.7536,0,0,Perfect,,-1.7091,-11.0295,0,11.2,0.0072,0.0006,8.5,1.5188,0,0.0007
646,Rally,None,1,-0.0117,55.9583,-0.6635,3.5,-15.4796,-1.6619,1.8036,-0.1868,1,Backhand prepare 0.08,0,9,LowPickup,-36.3246,-34.5497,-1.7008,0.7776,-10.6798,1.6739,0.2083,0.1667,Forehand finish,0,9,-35.3151,-77.2568,0,0,Perfect,,-1.7956,-11.0208,0,11.2,0.0063,0.0005,4.5029,2.5601,0,0.0005
647,Rally,None,1,-0.0117,55.9637,-0.7148,3.5,-15.4703,-1.7107,1.7558,-0.5922,1,Backhand prepare 0.12,0,9,LowPickup,-36.8616,-33.9952,-1.7858,0.7816,-10.703,0.2338,0.4167,0.3333,Forehand finish,0,9,-34.4606,-75.9457,0,0,Perfect,,-1.9202,-11.0084,0,11.2,0.0055,0.0004,1.9599,2.2806,0,0.0004
648,Rally,None,1,-0.0117,55.9603,-0.7651,3.5,-15.4612,-1.7433,1.7201,-0.8625,1,Backhand prepare 0.17,0,9,LowPickup,-39.1789,-35.0353,-1.8502,0.7763,-10.7168,0.7964,0.625,0.5,Forehand finish,0,9,-32.6246,-74.7452,0,0,Perfect,,-1.9998,-11.0005,0,11.2,-0.0034,0.0008,0.8389,1.7169,0,0.0003
649,Rally,None,1,-0.0117,55.948,-0.8144,3.5,-15.4523,-1.7759,1.6815,-1.1328,1,Backhand prepare 0.21,0,9,LowPickup,-33.3137,-34.2105,-1.9529,0.7848,-10.7059,1.4442,0.8333,0.6667,Forehand finish,0,9,-30.0994,-73.7455,0,0,Perfect,,-2.0766,-10.9928,0,11.2,-0.0123,0.0024,2.2502,0.8532,0,0.0003
650,Rally,None,1,-0.0117,55.9234,-0.8651,3.5,-15.4431,-1.8248,1.6179,-1.5383,1,Backhand prepare 0.25,0,9,LowPickup,-33.5029,-35.2062,-2.0816,0.7953,-10.687,8.1801,1,0.8333,Forehand finish,0,9,-27.0776,-72.8275,0,0,Perfect,,-2.1867,-10.9818,0,11.2,-0.0247,0.0053,3.3625,2.0007,0,0.0002
651,Rally,None,1,-0.0117,55.8926,-0.9142,3.5,-15.4342,-1.8574,1.5717,-1.8086,1,Backhand prepare 0.31,0,9,LowPickup,-43.8331,-40.2344,-2.4158,0.8221,-10.7283,4.4851,1,1,Forehand finish,0,9,-23.6933,-71.8778,0,0,Perfect,,-2.2566,-10.9748,0,11.2,-0.0308,0.0098,5.0337,4.5568,0,0.0002
652,Rally,None,1,-0.0117,55.8519,-0.9641,3.5,-15.4251,-1.9063,1.4968,-2.214,1,Backhand prepare 0.34,0,9,LowPickup,-45.166,-42.5394,-2.5337,0.8075,-10.7174,1.4715,1,1,Forehand finish,0,9,-20.0204,-70.73,0,0,Perfect,,-2.3563,-10.9649,0,11.2,-0.0407,0.0151,5.5562,4.1566,0,0.0001
653,Rally,None,1,-0.0117,55.8073,-1.012,3.5,-15.4164,-1.9388,1.4431,-2.4843,1,Backhand prepare 0.40,0,9,LowPickup,-47.83,-46.8371,-2.6424,0.8557,-10.5894,0.5327,1,1,Forehand finish,0,9,-15.9906,-68.7357,0.7514,0,Perfect,,-2.4194,-10.9586,0,11.2,-0.0446,0.0211,6.7626,3.7028,0,0.0001
654,Rally,None,1,-0.0117,55.7592,-1.0579,3.5,-15.4081,-1.9714,1.3864,-2.7546,1,Backhand prepare 0.44,0,9,LowPickup,-49.8897,-49.9684,-2.7084,0.8284,-10.5799,0,1,1,Forehand finish,0,9,-11.6511,-66.0055,0.8229,0,Perfect,,-2.4796,-10.9526,0,11.2,-0.0481,0.027,6.9188,2.7349,0,0.0001
655,Rally,None,1,-0.0117,55.7035,-1.104,3.5,-15.3997,-2.0203,1.2957,-3.16,1,Backhand prepare 0.48,0,9,LowPickup,-51.4785,-52.5706,-2.8005,0.7706,-10.6519,0,1,1,Forehand finish,0,9,-6.9035,-62.5039,0.9016,0,Perfect,,-2.5648,-10.9441,0,11.2,-0.0557,0.032,7.0419,1.4194,0,0.0001
656,Rally,None,1,-0.0117,55.6459,-1.1479,3.5,-15.3918,-2.0529,1.2315,-3.4303,1,Backhand prepare 0.53,0,9,LowPickup,-56.8008,-57.2761,-2.8076,0.7534,-10.6918,1.1722,1,1,Forehand finish,0,9,-1.8623,-58.3229,0.9738,0,Perfect,,-2.6181,-10.9388,0,11.2,-0.0577,0.0365,7.9335,3.4038,0,0
657,Rally,None,1,-0.0117,55.582,-1.1885,3.5,-15.3844,-2.1018,1.1295,-3.8358,1,Backhand prepare 0.57,0,9,LowPickup,-62.8631,-62.2968,-2.8986,0.7807,-10.7357,1.0872,1,1,Forehand finish,0,9,3.0895,-53.5376,2.2254,0,Perfect,,-2.6524,-10.9354,0,11.2,-0.0639,0.0399,7.8417,4.8311,0,0
658,Rally,None,1,-0.0117,55.5174,-1.2238,3.5,-15.378,-2.1343,1.0578,-4.1061,1,Backhand prepare 0.63,0,9,LowPickup,-61.5473,-61.4403,-2.928,0.7993,-10.6998,0.7811,1,1,Forehand finish,0,9,7.6781,-48.1916,1.5204,0,Perfect,,-2.6524,-10.9354,0,11.2,-0.0646,0.0411,6.1802,6.8746,0,0
659,Rally,None,1,-0.0117,55.4522,-1.2545,3.5,-15.3724,-2.1669,0.983,-4.3764,1,Backhand prepare 0.66,0,9,LowPickup,-50.9209,-54.1281,-2.8765,0.8254,-10.6029,0,1,1,Forehand finish,0,9,11.57,-42.3866,0.8045,0,Perfect,,-2.6524,-10.9354,0,11.2,-0.0652,0.0398,4.8708,7.5908,0,0
660,Rally,None,1,-0.0117,55.3819,-1.2812,3.5,-15.3676,-2.2158,0.8652,-4.7818,1,Backhand prepare 0.70,0,9,LowPickup,-41.5928,-48.6585,-2.8297,0.8565,-10.5573,0,1,1,Forehand finish,0,9,14.6866,-36.1645,0.5398,0,Perfect,,-2.6524,-10.9354,0,11.2,-0.0703,0.0364,3.8388,6.3241,0,0
661,Rally,None,1,-0.0117,55.3117,-1.3044,3.5,-15.3634,-2.2484,0.7829,-5.0521,1,Backhand prepare 0.76,0,9,LowPickup,-37.077,-48.2543,-2.825,0.8797,-10.5427,0,1,1,Forehand finish,0,9,16.6941,-29.754,0.2862,0,Perfect,,-2.6524,-10.9354,0,11.2,-0.0702,0.0314,3.0255,3.0236,0,0
662,Rally,None,1,-0.0117,55.237,-1.3246,3.5,-15.3597,-2.2973,0.6539,-5.4576,1,Backhand prepare 0.79,0,9,LowPickup,-33.4847,-49.6444,-2.8309,0.8857,-10.5392,1.8058,1,1,Forehand finish,0,9,17.5899,-23.2667,0.0435,0,Perfect,,-2.6524,-10.9354,0,11.2,-0.0746,0.0255,2.3845,4.6426,0,0
663,Rally,None,1,-0.0117,55.1631,-1.3421,3.5,-15.3565,-2.3298,0.5641,-5.7279,1,Backhand prepare 0.85,0,9,LowPickup,-22.5034,-53.9215,-2.8493,0.8894,-10.5247,2.4987,1,1,Forehand finish,0,9,17.3724,-17.0712,0.21,0,Perfect,,-2.6524,-10.9354,0,11.2,-0.074,0.0195,1.8793,12.4439,0,0
664,Rally,None,1,-0.0117,55.0897,-1.3574,3.5,-15.3538,-2.3624,0.4713,-5.9982,1,Backhand prepare 0.89,0,9,LowPickup,-13.3993,-60.9333,-2.8927,0.9252,-10.5428,2.4697,1,1,Forehand finish,0,9,16.4803,-11.2872,0.3225,0,Perfect,,-2.6524,-10.9354,0,11.2,-0.0734,0.0139,1.4811,18.0526,0,0
665,Rally,None,1,-0.0117,55.0123,-1.3706,3.5,-15.3514,-2.4113,0.3264,-6.4036,1,Backhand prepare 0.92,0,9,LowPickup,-6.0909,-68.574,-2.9193,0.9992,-10.624,1.126,1,1,Forehand finish,0,9,15.4668,-6.1433,0.3427,0,Perfect,,-2.6524,-10.9354,0,11.2,-0.0774,0.0091,1.1673,17.6741,0,0
666,Rally,None,1,-0.0117,54.936,-1.3821,3.5,-15.3493,-2.4439,0.2261,-6.6739,1,Backhand prepare 0.98,0,9,LowPickup,1.4184,-69.3572,-2.8796,0.9228,-10.6638,1.611,1,1,Forehand finish,0,9,14.5821,-1.8995,0.2963,0,Perfect,,-2.6524,-10.9354,0,11.2,-0.0764,0.0052,0.92,10.1525,0,0
667,Rally,None,1,-0.0117,54.8605,-1.3921,3.5,-15.3475,-2.4928,0.1,-7.0793,1,Backhand prepare 1.00,0,9,LowPickup,1.5707,-73.6805,-2.8767,0.9027,-10.6768,0.8255,1,1,Ready,0,9,9.4406,-2.7585,0.8867,0,Perfect,,-2.6524,-10.9354,0,11.2,-0.0755,0.0024,0.7251,5.2782,0,0
668,Rally,None,1,-0.0117,54.7858,-1.4009,3.5,-15.3459,-2.524,0.1825,-7.3387,1,Backhand prepare 1.00,0,9,LowPickup,-1.1008,-81.1772,-2.8866,0.915,-10.7227,0.4582,1,1,Ready,0,9,9.3415,-2.0084,0.1235,0,Perfect,,-2.6524,-10.9354,0,11.2,-0.0747,0.0006,0.5714,2.5393,0,0
669,Rally,None,1,-0.0117,54.7119,-1.4084,3.5,-15.3445,-2.5553,0.2622,-7.5981,1,Backhand prepare 1.00,1,0.1645,Drive,-3.6698,-88.5887,-2.8869,0.9159,-10.7733,0.2926,1,1,Ready,0,9,9.1609,-1.4509,0.1861,0,Perfect,,-2.6524,-10.9354,0,11.2,-0.074,-0.0009,0.3549,2.1452,0,0
670,Rally,None,1,-0.0117,54.6339,-1.415,3.5,-15.3433,-2.6022,0.3763,-7.9871,1,Backhand swing,1,0.1395,Drive,-1.1648,-87.1647,-2.8937,0.9307,-10.7604,0.2001,1,1,Ready,0,9,8.9056,-0.9803,0.159,0,Perfect,,-2.6524,-10.9354,0,11.2,-0.0779,-0.0009,0.2797,0.639,0,0
671,Rally,None,1,-0.0117,54.5571,-1.4207,3.5,-15.3423,-2.6335,0.4488,-8.2465,1,Backhand swing,1,0.1228,Drive,0.8143,-83.7317,-2.901,0.9464,-10.7405,0.3429,1,1,Ready,0,9,8.6219,-0.488,0.0807,0,Perfect,,-2.6524,-10.9354,0,11.2,-0.0768,-0.0006,0.2205,0,0,0
672,Rally,None,1,-0.0117,54.4767,-1.4257,3.5,-15.3414,-2.6804,0.5523,-8.6355,1,Backhand swing,1,0.0978,Drive,5.5399,-75.9036,-2.8896,0.9413,-10.7019,0.3315,1,1,Ready,0,9,8.3798,0.1302,0.1664,0,Perfect,,-2.6524,-10.9354,0,11.2,-0.0804,-0.0003,0.1738,0,0,0
673,Rally,None,1,-0.0117,54.3978,-1.43,3.5,-15.3406,-2.7116,0.6177,-8.8949,1,Backhand swing,1,0.0812,Drive,7.7825,-66.5898,-2.8558,0.911,-10.6711,0.8683,1,1,Ready,0,9,8.262,0.9509,0.1563,0,Perfect,,-2.6524,-10.9354,0,11.2,-0.079,0.0001,0.1179,0,0,0
674,Rally,None,1,-0.0117,54.32,-1.4338,3.5,-15.3399,-2.7429,0.6803,-9.1543,1,Backhand swing,1,0.0645,Drive,10.409,-55.9081,-2.8802,1.1142,-10.6357,0.4781,1,1,Ready,0,9,8.3188,2.0374,0.1402,0,Perfect,,-2.6524,-10.9354,0,11.2,-0.0777,0.0004,0.078,0,0,0
675,Rally,None,1,-0.0117,54.2389,-1.437,3.5,-15.3393,-2.7898,0.7688,-9.5433,1,Backhand swing,1,0.0449,Drive,12.9676,-41.7703,-2.7372,0.8688,-10.2837,0.3721,1,1,Ready,0,9,8.6692,3.3547,0.2473,0,Perfect,,-2.6524,-10.9354,0,11.2,-0.0812,0.0006,0.0496,0,0,0
676,Rally,None,1,-0.0117,54.1592,-1.4399,3.5,-15.3388,-2.8211,0.8242,-9.8027,1,Backhand swing,1,0.0337,Drive,10.9584,-31.5116,-2.5525,1.0712,-10.3926,0,1,1,Ready,0,9,9.5062,4.8222,0.2817,0,Perfect,,-2.6524,-10.9354,0,11.2,-0.0796,0.0007,0.0302,0,0,0
677,Rally,None,1,-0.0117,54.0764,-1.4424,3.5,-15.3383,-2.868,0.9021,-10.1917,1,Backhand swing,1,0.0169,Drive,12.2404,-18.2265,-2.5623,1.1913,-10.456,15.2279,1,1,Ready,0,9,10.6341,6.355,2.0754,0,Perfect,,-2.6524,-10.9354,0,11.2,-0.0828,0.0007,0.0238,0,0,0
678,Rally,None,1,-0.0117,54.0011,-1.4445,3.5,-15.338,-2.8992,0.9504,-10.4511,1,Backhand swing,1,0.0056,Drive,4.437,-17.8552,-2.5457,1.1884,-10.5088,0.3226,1,1,Ready,0,9,11.9419,7.8973,9.7821,0,Perfect,,-2.6524,-10.9354,0,11.2,-0.0753,0.0007,0.0187,0,0,0
679,Rally,None,1,0.085,54.2622,-1.4494,3.5085,-15.3359,-2.8615,1.0435,-10.0974,1,Backhand swing,1,-0.0083,Drive,5.2991,-9.0088,-2.5294,1.1681,-10.5503,0.8569,1,1,Ready,0,9,13.1382,9.257,0.6584,0.9417,Perfect,P:Perfect+S;,-2.6524,-10.9354,0,11.2,0.2611,0.0006,0.0148,0,0,0
680,Rally,None,1,0.0683,54.4892,-1.4536,3.5055,-15.3361,-2.8615,1.0435,-10.0974,1,Backhand follow,1,-0.0083,Drive,4.4796,-8.9942,-2.5295,1.1682,-10.5503,0.1407,1,1,Ready,0,9,13.909,10.3031,0.6194,0.8833,Perfect,,-2.6524,-10.9354,0,11.2,0.227,0.0006,0.0148,0,0,0
681,Rally,None,1,0.0517,54.6866,-1.471,3.5134,-15.3336,-2.8615,1.0435,-10.0974,1,Backhand follow,1,-0.0083,Drive,4.4796,-8.9942,-2.5295,1.1682,-10.5503,0,1,1,Ready,0,9,14.2403,10.9417,0.8073,0.825,Perfect,,-2.6524,-10.9354,0,11.2,0.1974,0.0005,0.0116,0,0,0
682,Rally,None,1,0.035,54.8582,-1.464,3.5035,-15.3356,-2.8615,1.0435,-10.0974,1,Backhand follow,1,-0.0083,Drive,4.4796,-8.9942,-2.5295,1.1682,-10.5503,0,1,1,Ready,0,9,13.9697,11.0337,0.2342,0.7667,Perfect,,-2.6524,-10.9354,0,11.2,0.1716,0.0003,0.0092,0,0,0
683,Rally,None,1,0.0183,55.0074,-1.4636,3.4996,-15.3362,-2.8615,1.0435,-10.0974,1,Backhand follow,1,-0.0083,Drive,4.4796,-8.9942,-2.5295,1.1682,-10.5503,0,1,1,Ready,0,9,13.359,10.711,2.2375,0.7083,Perfect,,-2.6524,-10.9354,0,11.2,0.1492,0.0002,0.0072,0,0,0
684,Rally,None,1,0.0017,55.137,-1.456,3.5049,-15.3354,-2.8615,1.0435,-10.0974,1,Backhand follow,1,-0.0083,Drive,4.4796,-8.9942,-2.5295,1.1682,-10.5503,0,1,1,Ready,0,9,12.5551,9.9971,0.5092,0.65,Perfect,,-2.6524,-10.9354,0,11.2,0.1297,0.0001,0.0057,0,0,0
685,Rally,None,1,-0.015,55.2498,-1.461,3.5008,-15.3359,-2.8615,1.0435,-10.0974,1,Backhand follow,1,-0.0083,Drive,4.4796,-8.9942,-2.5295,1.1682,-10.5503,0,1,1,Ready,0,9,11.7257,9.0399,2.835,0.5917,Perfect,,-2.6524,-10.9354,0,11.2,0.1127,0,0.0045,0,0,0
686,Rally,None,1,-0.015,55.3478,-1.4665,3.5031,-15.3351,-2.8082,1.1105,-9.7341,1,Backhand follow,1,-0.025,Drive,6.0673,-0.4819,-2.5175,1.1442,-10.5648,0,1,1,Ready,0,9,11.0833,7.9252,0.6695,0.5333,Perfect,,-2.6503,-10.9356,0,11.2,0.098,0.001,0.7179,0,0,0
687,Rally,None,1,-0.015,55.433,-1.4622,3.4914,-15.3375,-2.7549,1.1744,-9.3708,1,Backhand follow,1,-0.0417,Drive,6.8921,7.4666,-2.5119,1.1342,-10.5967,0.1565,1,1,Ready,0,9,10.5718,6.7756,2.6847,0.475,Perfect,,-2.6454,-10.936,0,11.2,0.0852,0.0033,1.2808,0,0,0
688,Rally,None,1,-0.015,55.5071,-1.4609,3.4907,-15.3378,-2.675,1.2645,-8.8258,1,Backhand follow,1,-0.0667,Drive,11.9205,27.3813,-2.5146,1.019,-10.7284,1.2541,1,1,Ready,0,9,10.1797,5.7233,0.694,0.4167,Perfect,,-2.633,-10.9373,0,11.2,0.0741,0.0075,2.0821,0,0,0
689,Rally,None,1,-0.015,55.5715,-1.4577,3.4893,-15.3384,-2.6217,1.3207,-8.4625,1,Backhand follow,1,-0.0833,Drive,16.154,33.5251,-2.5558,0.8544,-10.8406,0.4776,1,1,Ready,0,9,9.9809,4.8341,0.6612,0.3583,Perfect,,-2.6213,-10.9385,0,11.2,0.0644,0.0127,3.0832,2.9653,0,0
690,Rally,None,1,-0.015,55.6275,-1.4582,3.4945,-15.3378,-2.5417,1.3993,-7.9175,1,Backhand follow,1,-0.1083,Drive,21.1306,45.0706,-2.5406,0.8423,-10.8687,0.8524,1,1,Ready,0,9,10.0526,4.2477,0.4951,0.3,Perfect,,-2.5985,-10.9407,0,11.2,0.056,0.0188,4.7377,9.0673,0,0
691,Rally,None,1,-0.015,55.6761,-1.4519,3.4965,-15.3382,-2.4884,1.4479,-7.5541,1,Backhand follow,1,-0.125,Drive,28.4286,54.8175,-2.5385,0.8479,-10.8571,0.5022,1,1,Ready,0,9,10.3566,3.9401,0.1737,0.2417,Perfect,,-2.5798,-10.9426,0,11.2,0.0487,0.0248,5.8237,17.9675,0,0
692,Rally,None,1,-0.015,55.7184,-1.4505,3.4908,-15.3401,-2.4351,1.4934,-7.1908,1,Backhand follow,1,-0.1417,Drive,34.9832,62.887,-2.5015,0.8492,-10.8699,0.3883,1,1,Ready,0,9,10.8702,3.9537,0.4349,0.1833,Perfect,,-2.5584,-10.9447,0,11.2,0.0423,0.0301,6.885,21.4239,0,0
693,Rally,None,1,-0.015,55.7552,-1.4428,3.4928,-15.341,-2.3552,1.5558,-6.6458,1,Backhand follow,1,-0.1667,Drive,42.8038,69.504,-2.4365,0.8626,-10.8976,3.0586,1,1,Ready,0,9,11.631,4.2296,0.7024,0.125,Perfect,,-2.5211,-10.9485,0,11.2,0.0368,0.0349,7.8098,17.549,0,0
694,Rally,None,1,-0.015,55.7872,-1.4338,3.4951,-15.3421,-2.3019,1.5937,-6.2825,1,Backhand follow,1,-0.1833,Drive,48.0639,73.5513,-2.3719,0.9115,-10.9252,1.788,1,1,Ready,0,9,12.7348,4.7349,0.7775,0.0667,Perfect,,-2.4927,-10.9513,0,11.2,0.032,0.0385,7.7442,12.3592,0,0
695,Rally,None,1,-0.015,55.815,-1.4231,3.4941,-15.3441,-2.2219,1.6446,-5.7375,1,Backhand follow,1,-0.2083,Drive,53.6508,79.4928,-2.2755,0.9557,-10.9839,0.4885,1,1,Ready,0,9,13.9724,5.3843,0.7564,0.0083,Perfect,,-2.4451,-10.956,0,11.2,0.0278,0.0415,8.487,6.5988,0,0
696,Rally,None,1,-0.015,55.8392,-1.4104,3.4949,-15.3462,-2.1686,1.6748,-5.3742,1,Backhand follow,1,-0.225,Drive,57.2644,83.176,-2.1782,0.9825,-11.0378,0.8703,1,1,Ready,0,9,15.2282,6.0968,0.6589,0,Perfect,,-2.4098,-10.9596,0,11.2,0.0242,0.0433,8.2778,3.7117,0,0
697,Rally,None,1,-0.015,55.8602,-1.3965,3.4956,-15.3484,-2.1153,1.7019,-5.0108,1,Backhand follow,1,-0.2417,Drive,60.4818,87.0554,-2.0493,1.0044,-11.0867,0.6703,1,1,Ready,0,9,16.3691,6.8651,0.5519,0,Perfect,,-2.3718,-10.9634,0,11.2,0.021,0.0441,8.113,1.8663,0,0
698,Rally,None,1,-0.015,55.8784,-1.38,3.4961,-15.3512,-2.0354,1.7368,-4.4659,1,Backhand follow,1,-0.2667,Drive,63.9536,91.6677,-1.9642,1.0419,-11.2244,0.5272,1,1,Ready,0,9,17.2331,7.6882,0.419,0,Perfect,,-2.3096,-10.9696,-0.1046,11.2,0.0183,0.0444,8.5,2.9463,0,0
699,Rally,None,1,-0.015,55.8943,-1.3625,3.4966,-15.3542,-1.9821,1.7562,-4.1025,1,Backhand follow,0,9,Drive,64.7808,92.6142,-1.9062,1.0323,-11.2555,1.4541,1,1,Run,0,9,20.9841,12.947,1.9256,0,Perfect,,-2.2647,-10.974,-0.1046,11.2,0.0159,0.0444,8.5,2.9463,0,0
700,Rally,None,1,-0.015,55.9081,-1.342,3.4971,-15.3577,-1.9021,1.7795,-3.5575,1,Run,0,9,Drive,42.5166,56.3185,-1.7815,0.7304,-11.024,5.3894,0.9555,0.8333,Ready,0,9,23.9028,16.7713,1.7532,0,Perfect,,-2.1921,-10.9813,-0.1046,11.2,0.0138,0.0441,8.5,7.705,0,0
701,Rally,None,1,-0.015,55.9201,-1.3205,3.4975,-15.3615,-1.8488,1.7913,-3.1942,1,Run,0,9,Drive,43.3679,49.6201,-1.719,0.7,-11.0134,4.5193,0.856,0.6667,Forehand prepare 0.08,0,9,32.0145,18.4841,0.8919,0,Perfect,,-2.1403,-10.9864,-0.1046,11.2,0.012,0.0436,8.5,2.8585,0,0.0001
702,Rally,None,1,-0.015,55.9306,-1.2978,3.4978,-15.3654,-1.7955,1.8,-2.8309,1,Run,0,9,Drive,44.1469,47.214,-1.6569,0.6776,-11.0269,24.4977,0.7361,0.5,Forehand prepare 0.11,0,9,29.5032,18.5645,0.7097,0,Perfect,,-2.0857,-10.9919,-0.1046,11.2,0.0104,0.0428,8.5,2.2465,0,0.0001
703,Rally,None,1,-0.015,55.9396,-1.2719,3.4981,-15.37,-1.7155,1.8072,-2.2859,1,Run,0,9,Drive,44.9157,45.1695,-1.5828,0.6641,-11.0482,0.2917,0.6155,0.3333,Forehand prepare 0.15,0,9,30.6304,20.1837,0.4688,0,Perfect,,-1.9987,-11.0006,-0.1046,11.2,0.0091,0.0415,8.4865,1.6016,0,0.0001
704,Rally,None,1,-0.015,55.9475,-1.2449,3.4983,-15.3748,-1.6622,1.8082,-1.9226,1,Run,0,9,Drive,45.62,43.4461,-1.534,0.6583,-11.0654,0.2037,0.5041,0.1667,Forehand prepare 0.20,0,9,34.7714,22.9605,0.3539,0,Perfect,,-1.9372,-11.0067,-0.1046,11.2,0.0079,0.0402,8.5,0.9824,0,0.0002
705,Rally,None,1,-0.015,55.9544,-1.2145,3.4986,-15.3803,-1.5823,1.804,-1.3776,1,Run,0,9,Drive,46.152,42.0946,-1.4475,0.6562,-11.0824,0.1208,0.4064,0,Forehand prepare 0.24,0,9,37.8564,26.2436,0.5634,0,Perfect,,-1.8397,-11.0164,-0.1046,11.2,0.0069,0.0387,8.5,0.4192,0,0
706,Rally,None,1,-0.015,55.9603,-1.1831,3.4987,-15.3859,-1.529,1.7973,-1.0142,1,Run,0,9,Drive,46.5621,41.0638,-1.3869,0.6533,-11.0934,0.0545,0.3236,0,Forehand prepare 0.30,0,9,39.9893,30.4115,0.6673,0,Perfect,,-1.7713,-11.0233,-0.1046,11.2,0.006,0.0371,8.5,0.2485,0,0
707,Rally,None,1,-0.015,55.9655,-1.1508,3.4989,-15.3917,-1.4757,1.7876,-0.6509,1,Run,0,9,Drive,46.7973,40.3692,-1.3168,0.6494,-11.1046,1.0884,0.2551,0,Forehand prepare 0.33,0,9,43.3932,35.4765,0.4411,0,Perfect,,-1.7017,-11.0302,-0.1046,11.2,0.0052,0.0352,8.5,0.5812,0,0
708,Rally,None,1,-0.015,55.97,-1.1152,3.499,-15.3981,-1.3957,1.7673,-0.1059,1,Run,0,9,Drive,46.8545,40.5358,-1.2079,0.657,-11.1164,7.6545,0.1995,0,Forehand prepare 0.37,0,9,47.7903,41.6865,0.2322,0,Perfect,,-1.5972,-11.0406,-0.1046,11.2,0.0045,0.0322,7.3288,0.9103,0,0
709,Rally,None,1,-0.015,55.9403,-1.0793,3.4992,-15.4045,-1.3424,1.7499,0.2574,1,Run,0,9,Drive,46.68,41.1943,-1.0469,0.701,-11.1222,0.828,0.1549,0,Forehand prepare 0.43,0,9,52.6473,50.1334,0.1885,0,Perfect,,-1.5275,-11.0476,-0.1046,11.2,-0.0297,0.0281,5.776,1.183,0,0.0001
710,Rally,None,1,-0.015,55.8433,-1.0405,3.4993,-15.4115,-1.2625,1.718,0.8024,1,Run,0,9,Drive,46.3419,41.9663,-0.9307,0.7072,-11.1197,4.3778,0.1195,0,Forehand prepare 0.46,0,9,56.9149,59.0444,0.0522,0,Perfect,,-1.423,-11.058,-0.1046,11.2,-0.097,0.023,4.5522,1.3495,0,0
711,Rally,None,1,-0.015,55.7115,-1.0018,3.4994,-15.4185,-1.2092,1.693,1.1657,1,Run,0,9,Drive,45.7692,42.7931,-0.8831,0.7042,-11.1061,0,0.0918,0,Forehand prepare 0.52,0,9,63.9848,69.7498,0.8551,0,Perfect,,-1.3534,-11.065,-0.1046,11.2,-0.1318,0.0173,3.5878,1.4309,0,0
712,Rally,None,1,-0.015,55.5494,-0.9632,3.4995,-15.4255,-1.1559,1.6648,1.5291,1,Run,0,9,Drive,45.15,43.8675,-0.8394,0.7064,-11.0978,0,0.0702,0,Forehand prepare 0.56,0,9,70.4115,78.2018,1.0439,0,Perfect,,-1.2837,-11.0719,-0.1046,11.2,-0.1621,0.0116,2.8276,1.4535,0,0.0001
713,Rally,None,1,-0.015,55.3373,-0.9221,3.4995,-15.4329,-1.0759,1.6169,2.0741,1,Run,0,9,Drive,44.5558,44.912,-0.7217,0.7297,-11.0943,0,0.0534,0,Forehand prepare 0.59,0,9,72.9967,85.3983,0.138,0,Perfect,,-1.1793,-11.0823,-0.1046,11.2,-0.2121,0.0065,2.2285,1.348,0,0
714,Rally,None,1,-0.015,55.1055,-0.8814,3.4996,-15.4403,-1.0226,1.5811,2.4374,1,Run,0,9,Drive,43.9887,45.904,-0.6407,0.7553,-11.0889,3.8623,0.0405,0,Forehand prepare 0.65,0,9,67.1701,92.548,2.2179,0,Perfect,,-1.1096,-11.0893,-0.1046,11.2,-0.2318,0.0021,1.7564,1.1602,0,0
715,Rally,None,1,-0.015,54.8327,-0.8384,3.4996,-15.448,-0.9427,1.5216,2.9824,1,Run,0,9,Drive,43.4648,46.8701,-0.5254,0.7852,-11.0899,1.8234,0.0307,0,Forehand prepare 0.69,0,9,64.3815,98.2951,1.2941,0,Perfect,,-1.0051,-11.0997,-0.1046,11.2,-0.2728,-0.0011,1.3842,0.9225,0,0
716,Rally,None,1,-0.015,54.5481,-0.7961,3.4997,-15.4557,-0.8894,1.4781,3.3457,1,Run,0,9,Drive,43.1535,47.6576,-0.4514,0.8071,-11.095,4.0396,0.0231,0,Forehand prepare 0.74,0,9,65.8045,101.6748,1.4432,0,Perfect,,-0.9355,-11.1067,-0.1046,11.2,-0.2846,-0.0032,1.0909,0.5962,0,0
717,Rally,None,1,-0.015,54.2532,-0.7543,3.4997,-15.4633,-0.836,1.4316,3.709,1,Run,0,9,Drive,43.0474,48.244,-0.3801,0.8176,-11.1017,2.6482,0.0174,0,Forehand prepare 0.78,0,9,66.0898,103.8186,1.8949,0,Perfect,,-0.8658,-11.1136,-0.1046,11.2,-0.2949,-0.0041,0.8598,0.2258,0,0.0001
718,Rally,None,1,-0.015,53.9257,-0.7105,3.4998,-15.4712,-0.7561,1.356,4.254,1,Run,0,9,Drive,43.128,48.6173,-0.2761,0.8273,-11.1158,0.8965,0.0131,0,Forehand prepare 0.82,0,9,62.6951,104.5385,0.1877,0,Perfect,,-0.7613,-11.124,-0.1046,11.2,-0.3276,-0.0043,0.6776,0.1494,0,0
719,Rally,None,1,-0.015,53.5935,-0.6674,3.4998,-15.479,-0.7028,1.3018,4.6174,1,Run,0,9,Drive,43.4129,48.7494,-0.2116,0.8301,-11.1301,0.0641,0.0098,0,Forehand prepare 0.87,0,9,50.2502,99.9851,1.5722,0,Perfect,,-0.6917,-11.131,-0.1046,11.2,-0.3322,-0.0038,0.5341,0.5052,0,0
720,Rally,None,1,-0.015,53.2334,-0.6224,3.4998,-15.4872,-0.6228,1.2148,5.1623,1,Run,0,9,Drive,43.9394,48.6062,-0.1171,0.8293,-11.1516,0.828,0.0073,0,Forehand prepare 0.91,0,9,37.1418,92.9105,1.5059,0,Perfect,,-0.5873,-11.1414,-0.1046,11.2,-0.36,-0.0031,0.4209,0.8455,0,0
721,Rally,None,1,-0.015,52.873,-0.5784,3.4998,-15.4951,-0.5695,1.1529,5.5257,1,Run,0,9,Drive,44.5688,48.3218,-0.06,0.8151,-11.1714,0.7253,0.0055,0,Forehand prepare 0.96,0,9,19.5673,75.6731,1.2062,0,Perfect,,-0.52,-11.1481,-0.1046,11.2,-0.3605,-0.0021,0.1759,1.0902,0,0
722,Rally,None,1,-0.015,52.5121,-0.5356,3.4999,-15.5029,-0.5162,1.0879,5.889,1,Run,0,9,Drive,45.3071,48.3245,-0.0067,0.7971,-11.1915,5.7101,0.0041,0,Forehand prepare 1.00,0,9,10.5623,62.0404,1.2481,0,Perfect,,-0.4555,-11.1546,-0.1046,11.2,-0.3608,-0.0006,1.4504,1.2169,0,0
723,Rally,None,1,-0.015,52.184,-0.4918,3.4999,-15.5108,-0.4363,0.9848,6.434,1,Run,0,9,Drive,46.082,48.0712,0.0717,0.764,-11.2156,0.8222,0.003,0,Forehand prepare 1.00,1,0.1833,13.9769,62.7831,0.0189,0,Perfect,,-0.3638,-11.1637,-0.1046,11.2,-0.3282,0.002,2.7321,1.2588,0,0
724,Rally,None,1,-0.015,51.8986,-0.4495,3.4999,-15.5185,-0.383,0.9121,6.7973,1,Run,0,9,Drive,46.775,47.9363,0.1197,0.7586,-11.2332,2.5323,0.0023,0,Backhand swing,1,0.1686,72.0682,48.0785,8.9986,0,Perfect,,-0.3062,-11.1695,-0.1046,11.2,-0.2853,0.0058,4.5368,1.1639,0,0
725,Rally,None,1,-0.015,51.6506,-0.407,3.4999,-15.5262,-0.303,0.7975,7.3423,1,Run,0,9,Drive,47.2648,47.5084,0.1948,0.7716,-11.2486,0.7508,0,0,Backhand swing,1,0.1466,55.5987,15.1251,0.325,0,Perfect,,-0.2249,-11.1776,-0.1046,11.2,-0.248,0.0106,5.1647,0.9545,0,0
726,Rally,None,1,-0.015,51.435,-0.3663,3.4999,-15.5336,-0.2497,0.7172,7.7056,1,Run,0,9,Drive,47.7031,47.2897,0.2405,0.78,-11.2602,0.4703,0,0,Backhand swing,1,0.132,37.2233,-14.9223,1.704,0,Perfect,,-0.1742,-11.1826,-0.1046,11.2,-0.2156,0.0161,6.454,0.6968,0,0
727,Rally,None,1,-0.015,51.2475,-0.3275,3.4999,-15.5406,-0.1964,0.6338,8.069,1,Run,0,9,Drive,47.9845,46.8709,0.2823,0.7757,-11.2711,0.1523,0,0,Backhand swing,1,0.1173,-11.0331,-39.4036,9.3716,0,Perfect,,-0.1262,-11.1874,-0.1046,11.2,-0.1875,0.0217,6.6756,0.4147,0,0
728,Rally,None,1,-0.015,51.0845,-0.289,3.4999,-15.5476,-0.1165,0.503,8.614,1,Run,0,9,Drive,48.1417,46.5536,0.3464,0.7685,-11.2806,0.19,0,0,Backhand swing,1,0.0953,18.8235,-46.802,29.2634,0,Perfect,,-0.0595,-11.1941,-0.1046,11.2,-0.163,0.0268,6.8503,0.1274,0,0
729,Rally,None,1,-0.015,50.9428,-0.2526,3.5,-15.5542,-0.0632,0.412,8.9773,1,Run,0,9,Drive,48.2142,46.5579,0.3883,0.7661,-11.2846,0.5824,0,0,Backhand swing,1,0.0806,15.2391,-49.0189,1.4007,0,Perfect,,-0.0184,-11.1982,-0.1046,11.2,-0.1417,0.0316,7.7824,0.1385,0,0
730,Rally,None,1,-0.015,50.8197,-0.2196,3.5,-15.5602,0.0168,0.2697,9.5223,1,Run,0,9,Drive,48.1542,46.4326,0.4489,0.7824,-11.2841,4.3942,0,0,Backhand swing,1,0.0587,16.7716,-42.5086,1.0135,0,Perfect,,0,-11.2,-0.1046,11.2,-0.1232,0.0355,7.7226,0.3598,0,0
731,Rally,None,1,-0.015,50.7126,-0.1909,3.5,-15.5654,0.0701,0.171,9.8856,1,Ready,0,9,Drive,44.88,41.9341,0.428,0.7367,-11.2381,1.8796,0,0,Backhand swing,1,0.044,14.5053,-34.1731,1.192,0,Perfect,,0,-11.2,-0.1046,11.2,-0.1071,0.0374,6.0864,1.0395,0,0
732,Rally,None,1,-0.015,50.6195,-0.166,3.5,-15.5699,0.1234,0.1,10.2489,1,Ready,0,9,Drive,38.9531,34.7258,0.3436,0.6961,-11.1624,0,0,0,Backhand swing,1,0.0293,13.5935,-24.7539,0.4511,0,Perfect,,0,-11.2,-0.1046,11.2,-0.0931,0.0369,4.7969,1.5924,0,0
733,Rally,None,1,-0.015,50.5386,-0.1443,3.5,-15.5738,0.2,0.2184,10.7708,1,Ready,0,9,Drive,33.2218,28.2524,0.298,0.692,-11.0963,1.9308,0,0,Backhand swing,1,0.0073,14.0972,-8.6891,0.3953,0,Perfect,,0,-11.2,0.0155,11.2,-0.0809,0.0342,3.7805,1.705,0,0
734,Rally,None,1,-0.015,51.2521,-0.1254,3.5,-15.5773,0.2255,0.457,10.8247,1,Ready,0,9,Drive,28.6039,23.1663,0.2548,0.7086,-11.0513,0.7501,0,0,Backhand swing,1,0,9.0116,-2.7652,0.4945,0,Perfect,R;,0,-11.2,0.0556,11.2,0.7135,0.0298,2.9795,1.659,0,0
735,Rally,None,1,-0.015,51.8723,-0.109,3.5,-15.5802,0.2465,0.5507,10.5579,1,Ready,0,9,Drive,25.2133,19.4896,0.2187,0.7321,-11.018,0.1503,0,0,Backhand swing,1,-0.0167,7.5817,4.07,0.2622,0,Perfect,,0,-11.2,0,11.2,0.6203,0.0245,2.3483,1.4569,0,0
736,Rally,None,1,-0.015,52.4116,-0.0948,3.5,-15.5828,0.2675,0.6413,10.2911,1,Ready,0,9,Drive,22.8999,16.9575,0.1854,0.7403,-10.9665,0.2868,0,0,Backhand follow,1,-0.0333,8.4166,12.5296,0.496,0,Perfect,,0,-11.2,0,11.2,0.5392,0.0189,1.8507,1.1386,0,0
737,Rally,None,1,-0.015,52.8804,-0.0824,3.5,-15.5851,0.299,0.7715,9.8909,1,Ready,0,9,Drive,21.3691,15.2254,0.1556,0.7482,-10.9217,0.2384,0,0,Backhand follow,1,-0.0583,11.6007,24.66,0.3105,0,Perfect,,0,-11.2,0,11.2,0.4688,0.0136,1.4586,0.7882,0,0
738,Rally,None,1,-0.015,53.2879,-0.0716,3.5,-15.587,0.32,0.8544,9.6241,1,Ready,0,9,Drive,20.3657,14.0005,0.1398,0.7555,-10.9091,0.2046,0,0,Backhand follow,1,-0.075,15.7131,29.8647,0.2782,0,Perfect,,0,-11.2,0,11.2,0.4076,0.009,1.1496,0.5062,0,0
739,Rally,None,1,-0.015,53.6422,-0.062,3.5,-15.5885,0.3514,0.9732,9.2239,1,Ready,0,9,Drive,19.6928,13.1018,0.1391,0.7637,-10.9041,0.1716,0,0,Backhand follow,1,-0.1,20.0003,37.6257,0.3053,0,Perfect,,0.0038,-11.1982,0,11.2,0.3543,0.0052,0.906,0.3946,0,0
740,Rally,None,1,-0.015,53.9503,-0.0532,3.5,-15.5894,0.3724,1.0485,8.9571,1,Run,0,9,Drive,19.3554,12.1427,0.157,0.7619,-10.8942,0.1,0,0,Backhand follow,1,-0.1167,25.8968,43.1923,0.5572,0,Perfect,,0.0094,-11.1956,0,11.2,0.308,0.002,1.8091,0.3858,0,0
741,Rally,None,1,-0.015,54.218,-0.045,3.5,-15.5897,0.3934,1.1207,8.6904,1,Run,0,9,Drive,19.5785,12.1691,0.186,0.7661,-10.8892,0.2597,0,0,Backhand follow,1,-0.1333,30.2215,48.2152,0.2482,0,Perfect,,0.0176,-11.1917,0,11.2,0.2678,-0.0004,2.9991,0.4388,0,0
742,Rally,None,1,-0.015,54.4508,-0.0367,3.5,-15.5889,0.4249,1.2233,8.2902,1,Run,0,9,Drive,20.4109,13.1068,0.2236,0.7651,-10.8893,0.5888,0,0,Backhand follow,1,-0.1583,36.1411,54.3923,0.0787,0,Perfect,,0.0345,-11.1837,0,11.2,0.2328,-0.002,3.9483,0.7254,0,0
743,Rally,None,1,-0.015,54.6532,-0.0283,3.5,-15.5873,0.4459,1.2879,8.0234,1,Run,0,9,Drive,21.9041,14.8744,0.2655,0.7572,-10.8966,0.8025,0,0,Backhand follow,1,-0.175,40.0862,58.9608,0.232,0,Perfect,,0.049,-11.1769,0,11.2,0.2024,-0.0028,5.4931,1.2713,0,0
744,Rally,None,1,-0.015,54.8292,-0.0192,3.5,-15.5843,0.4774,1.379,7.6232,1,Run,0,9,Drive,23.9299,17.8402,0.3286,0.7527,-10.8997,0.666,0,0,Backhand follow,1,-0.2,45.0072,66.5698,0.1105,0,Perfect,,0.0754,-11.1644,0,11.2,0.1759,-0.003,5.9177,1.9306,0,0
745,Rally,None,1,-0.015,54.9821,-0.0098,3.5,-15.5805,0.4984,1.4359,7.3564,1,Run,0,9,Drive,26.0044,22.211,0.3986,0.7515,-10.9165,0.1625,0,0,Backhand follow,1,-0.2167,48.1828,72.1004,0.2078,0,Perfect,,0.0961,-11.1546,0,11.2,0.153,-0.0028,7.047,0.9925,0,0
746,Rally,None,1,-0.015,55.1151,0,3.5,-15.5757,0.5194,1.4898,7.0896,1,Run,0,9,Drive,27.8087,25.734,0.4663,0.7566,-10.9342,0.2011,0,0,Backhand follow,1,-0.2333,51.327,77.2068,1.0003,0,Perfect,,0.1193,-11.1437,0,11.2,0.133,-0.0023,7.1428,0.9452,0,0
747,Rally,None,1,-0.015,55.2307,0.0115,3.5,-15.569,0.5509,1.5649,6.6894,1,Run,0,9,Drive,29.1266,28.5128,0.54,0.7651,-10.9397,0.337,0,0,Backhand follow,1,-0.2583,56.1656,84.0768,0.5767,0,Perfect,,0.1589,-11.125,0,11.2,0.1156,-0.0016,7.2184,0.8947,0,0
748,Rally,None,1,-0.015,55.3312,0.0235,3.5,-15.5615,0.5719,1.6111,6.4226,1,Run,0,9,Drive,29.9749,30.3959,0.5925,0.7688,-10.9443,0.3175,0,0,Backhand follow,1,-0.275,59.3691,88.0854,1.5006,0,Perfect,,0.1884,-11.111,0,11.2,0.1005,-0.001,8.0725,0.7493,0,0
749,Rally,None,1,-0.015,55.4186,0.0375,3.5,-15.5518,0.6034,1.6746,6.0224,1,Run,0,9,Drive,30.5778,32.0217,0.6595,0.7758,-10.9347,1.8996,0,0,Backhand follow,0,9,58.5807,87.7894,0.842,0,Perfect,,0.2374,-11.0879,0,11.2,0.0874,-0.0004,7.9512,0.5379,0,0
750,Rally,None,1,-0.015,55.4945,0.0522,3.5,-15.5413,0.6244,1.7132,5.7556,1,Run,0,9,Drive,30.9728,32.9766,0.709,0.7761,-10.9288,11.9949,0,0,Backhand finish,0,9,60.2751,91.2501,3.07,0,Perfect,,0.2731,-11.071,0,11.2,0.076,0,8.5,0.2941,0,0
751,Rally,None,1,-0.015,55.5606,0.0678,3.5,-15.5297,0.6454,1.7486,5.4888,1,Run,0,9,Drive,31.2886,33.7624,0.7573,0.7755,-10.9187,1.3086,0,0,Backhand finish,0,9,61.4681,94.1263,9.8765,0,Perfect,,0.3115,-11.0529,0,11.2,0.066,0.0003,8.4064,0.0828,0,0
752,Rally,None,1,-0.015,55.618,0.0858,3.5,-15.5159,0.6769,1.7961,5.0886,1,Run,0,9,Drive,31.5872,34.283,0.8239,0.7702,-10.897,1.3444,0,0,Backhand finish,0,9,62.6106,96.615,5.883,0,Perfect,,0.3736,-11.0235,0,11.2,0.0574,0.0005,8.2144,0.1835,0,0
753,Rally,None,1,-0.015,55.6679,0.1046,3.5,-15.501,0.6979,1.8239,4.8218,1,Run,0,9,Drive,31.8965,34.3909,0.8677,0.7579,-10.8846,2.2731,0,0,Backhand finish,0,9,64.2255,98.6224,0.2676,0,Perfect,,0.4182,-11.0025,0,11.2,0.0499,0.0005,8.5,0.381,0,0
754,Rally,None,1,-0.015,55.7113,0.1261,3.5,-15.4838,0.7294,1.8599,4.4216,1,Run,0,9,Drive,32.2692,34.3601,0.936,0.7477,-10.8599,0.0894,0,0,Backhand finish,0,9,66.3352,100.1536,0.072,0,Perfect,,0.4898,-10.9687,0,11.2,0.0434,0.0005,8.5,0.5495,0,0
755,Rally,None,1,-0.015,55.749,0.1485,3.5,-15.4656,0.7504,1.8801,4.1548,1,Run,0,9,Drive,32.7075,34.1305,0.9845,0.7426,-10.8461,0.5142,0,0,Backhand finish,0,9,68.8765,101.1417,0.3468,0,Perfect,,0.5406,-10.9446,0,11.2,0.0377,0.0004,8.5,0.6844,0,0
756,Rally,None,1,-0.015,55.7818,0.1718,3.5,-15.4465,0.7714,1.8972,3.888,1,Run,0,9,Drive,33.173,33.6939,1.034,0.7356,-10.831,4.3346,0,0,Backhand finish,0,9,71.6195,101.682,0.528,0,Perfect,,0.594,-10.9194,0,11.2,0.0328,0.0003,8.5,0.7822,0,0
757,Rally,None,1,-0.015,55.8103,0.1981,3.5,-15.4247,0.8029,1.9171,3.4878,1,Run,0,9,Drive,33.6964,33.191,1.1133,0.7288,-10.801,2.068,0,0,Backhand finish,0,9,74.0038,101.7481,0.5959,0,Perfect,,0.6788,-10.8794,0,11.2,0.0285,0.0002,8.5,0.8237,0,0
758,Rally,None,1,-0.015,55.8351,0.2253,3.5,-15.402,0.8239,1.9265,3.221,1,Run,0,9,Drive,34.23,32.617,1.1654,0.7334,-10.7848,3.4942,0,0,Backhand finish,0,9,75.3672,101.4309,0.1242,0,Perfect,,0.7384,-10.8512,0,11.2,0.0248,0.0001,8.5,0.8137,0,0
759,Rally,None,1,-0.015,55.8566,0.2552,3.5,-15.3769,0.8553,1.9349,2.8208,1,Run,0,9,Drive,34.7696,32.0265,1.2459,0.7283,-10.7567,2.0779,0,0,Backhand finish,0,9,75.8475,100.8154,0.3317,0,Perfect,,0.8264,-10.8097,0,11.2,0.0215,0,8.5,0.7571,0,0
760,Rally,None,1,-0.015,55.8754,0.2853,3.5,-15.3516,0.8763,1.9367,2.554,1,Run,0,9,Drive,35.2753,32.4967,1.3032,0.7455,-10.7354,3.6338,0,0,Backhand finish,0,9,75.5368,99.9303,0.4421,0,Perfect,,0.8819,-10.7834,0,11.2,0.0187,0,5.0744,0.6093,0,0
761,Rally,None,1,-0.015,55.8916,0.3152,3.5,-15.3264,0.8973,1.9354,2.2872,1,Run,0,9,Drive,35.5949,32.7537,1.3565,0.7607,-10.7143,1.8059,0,0,Backhand finish,0,9,74.7168,98.8136,0.4954,0,Perfect,,0.9349,-10.7584,0,11.2,0.0163,-0.0001,2.4102,0.4019,0,0
762,Rally,None,1,-0.015,55.9058,0.3465,3.5,-15.2998,0.9288,1.9277,1.887,1,Run,0,9,Drive,35.7935,32.8991,1.4312,0.7711,-10.6819,1.9663,0,0,Backhand finish,0,9,73.8604,97.4976,0.4418,0,Perfect,,1.0097,-10.7231,0,11.2,0.0142,-0.0001,0.3105,0.1824,0,0
763,Rally,None,1,-0.015,55.9181,0.3772,3.5,-15.2738,0.9498,1.9188,1.6203,1,Run,0,9,Drive,35.8648,33.2055,1.4801,0.7828,-10.659,3.5868,0,0,Backhand finish,0,9,73.4234,95.9741,0,0,Perfect,,1.0564,-10.701,0,11.2,0.0123,0.0013,2.1388,0.0464,0,0
764,Rally,None,1,-0.015,55.9288,0.4085,3.5,-15.2472,0.9813,1.8996,1.2201,1,Run,0,9,Drive,35.7769,33.3301,1.5475,0.7796,-10.6252,1.5251,0,0,Backhand finish,0,9,73.3889,94.2092,0.0338,0,Perfect,,1.1218,-10.6702,0,11.2,0.0107,0.0042,3.2747,0.2632,0,0
765,Rally,None,1,-0.015,55.9381,0.4386,3.5,-15.2216,1.0023,1.883,0.9533,1,Run,0,9,Drive,35.6662,33.6354,1.591,0.7796,-10.6019,3.2949,0,0,Backhand finish,0,9,73.7238,92.3001,0.1862,0,Perfect,,1.1622,-10.6511,0,11.2,0.0093,0.0088,4.9645,0.4221,0,0
766,Rally,None,1,-0.015,55.9462,0.4676,3.5,-15.197,1.0233,1.8634,0.6865,1,Run,0,9,Drive,35.4713,33.8086,1.631,0.7647,-10.5795,1.2178,0,0,Backhand finish,0,9,74.3761,90.3265,0.2832,0,Perfect,,1.2001,-10.6331,0,11.2,0.0081,0.0143,5.5017,0.5272,0,0
767,Rally,None,1,-0.015,55.9532,0.4962,3.5,-15.1726,1.0548,1.8281,0.2863,1,Forehand prepare 0.03,0,9,Drive,35.0568,32.3601,1.6597,0.8206,-10.4299,0,0.2083,0.1667,Backhand finish,0,9,75.023,88.3502,0.2698,0,Perfect,,1.2487,-10.6102,0,11.2,0.007,0.0201,5.9251,1.0336,0,0
768,Rally,None,1,-0.015,55.9593,0.5211,3.5,-15.1514,1.0758,1.8008,0.0195,1,Forehand prepare 0.09,0,9,Drive,33.4917,29.9436,1.6394,0.7345,-10.6413,0,0.4167,0.3333,Backhand finish,0,9,75.4941,86.5653,0.1632,0,Perfect,,1.2487,-10.6102,0,11.2,0.0061,0.0245,4.6697,1.1509,0,0
769,Rally,None,1,-0.015,55.9638,0.5428,3.5,-15.1329,1.1073,1.754,-0.3807,1,Forehand prepare 0.13,0,9,Drive,39.968,29.7285,1.735,0.8195,-10.5261,0,0.625,0.5,Backhand finish,0,9,75.7472,85.0267,0.0357,0,Perfect,,1.2487,-10.6102,0,11.2,0.0045,0.0267,3.6803,1.3294,0,0
770,Rally,None,1,-0.015,55.9586,0.5616,3.5,-15.1169,1.1283,1.7191,-0.6475,1,Forehand prepare 0.18,0,9,Drive,38.9093,28.1952,1.63,0.7612,-10.5302,0,0.8333,0.6667,Backhand finish,0,9,75.8085,83.7834,0.0458,0,Perfect,,1.2487,-10.6102,0,11.2,-0.0052,0.0267,2.9006,2.9585,0,0
771,Rally,None,1,-0.015,55.945,0.5779,3.5,-15.103,1.1493,1.681,-0.9143,1,Forehand prepare 0.22,0,9,Drive,40.3865,28.628,1.6174,0.7611,-10.5351,0.8001,1,0.8333,Backhand finish,0,9,75.741,82.8461,0.4311,0,Perfect,,1.2487,-10.6102,0,11.2,-0.0136,0.0248,2.286,3.0727,0,0
772,Rally,None,1,-0.015,55.9196,0.5921,3.5,-15.0908,1.1808,1.6182,-1.3145,1,Forehand prepare 0.26,0,9,Drive,41.8513,30.4683,1.601,0.7604,-10.535,0.9272,1,1,Backhand finish,0,9,75.5681,82.1957,0.3367,0,Perfect,,1.2487,-10.6102,0,11.2,-0.0254,0.0215,1.8017,2.8069,0,0
773,Rally,None,1,-0.015,55.8884,0.6045,3.5,-15.0803,1.2018,1.5725,-1.5813,1,Forehand prepare 0.31,0,9,Drive,43.2927,33.8968,1.6592,0.7909,-10.5631,0.4906,1,1,Backhand finish,0,9,75.2809,81.7774,0.1577,0,Perfect,,1.2487,-10.6102,0,11.2,-0.0312,0.0174,1.4199,2.3487,0,0
774,Rally,None,1,-0.015,55.8477,0.6153,3.5,-15.0712,1.2333,1.4982,-1.9815,1,Forehand prepare 0.35,0,9,Drive,47.01,38.9179,1.7046,0.8214,-10.6295,0.8214,1,1,Backhand finish,0,9,74.1064,81.4985,0.2571,0,Perfect,,1.2487,-10.6102,0,11.2,-0.0407,0.0132,1.1191,3.2299,0,0
775,Rally,None,1,-0.015,55.8032,0.6246,3.5,-15.0632,1.2543,1.4448,-2.2483,1,Forehand prepare 0.40,0,9,Drive,51.9355,46.652,1.7522,0.866,-10.7486,0.231,1,1,Backhand finish,0,9,71.6246,81.3506,0.4449,0,Perfect,,1.2487,-10.6102,0,11.2,-0.0445,0.0092,0.882,5.8926,0,0
776,Rally,None,1,-0.015,55.7555,0.6327,3.5,-15.0563,1.2753,1.3884,-2.5151,1,Forehand prepare 0.44,0,9,Drive,56.4003,55.419,1.7543,0.8947,-10.8921,0.2586,1,1,Backhand finish,0,9,68.0085,81.4198,0.6172,0,Perfect,,1.2487,-10.6102,0,11.2,-0.0477,0.0058,0.6951,7.6879,0,0
777,Rally,None,1,-0.015,55.7004,0.6398,3.5,-15.0503,1.3068,1.298,-2.9153,1,Forehand prepare 0.48,0,9,Drive,61.167,65.0103,1.714,0.9501,-11.0451,0.2704,1,1,Backhand finish,0,9,63.3943,81.6048,0.7732,0,Perfect,,1.2487,-10.6102,0,11.2,-0.0551,0.0031,0.5478,8.2059,0,0
778,Rally,None,1,-0.015,55.6434,0.6459,3.5,-15.045,1.3278,1.2339,-3.1821,1,Forehand prepare 0.53,0,9,Drive,69.2215,75.3018,1.5773,1.0478,-11.18,1.1187,1,1,Backhand finish,0,9,57.8286,81.6579,0.9271,0,Perfect,,1.2487,-10.6102,0,11.2,-0.057,0.0011,0.4318,5.9526,0,0
779,Rally,None,1,-0.015,55.5803,0.6513,3.5,-15.0405,1.3592,1.132,-3.5823,1,Forehand prepare 0.57,0,9,Drive,73.1444,82.9293,1.4408,1.1288,-11.2213,0.3556,1,1,Backhand finish,0,9,51.844,81.4038,0.9833,0,Perfect,,1.2487,-10.6102,0,11.2,-0.0631,-0.0001,0.3403,5.3641,0,0
780,Rally,None,1,-0.015,55.5163,0.6559,3.5,-15.0365,1.3802,1.0603,-3.8491,1,Forehand prepare 0.63,0,9,Drive,68.6364,90.5628,1.3173,1.1999,-11.2238,1.9347,1,1,Backhand finish,0,9,45.5921,79.8957,0.9497,0,Perfect,,1.2487,-10.6102,0,11.2,-0.064,-0.0008,0.2682,10.8698,0,0
781,Rally,None,1,-0.015,55.4516,0.6599,3.5,-15.0331,1.4012,0.9855,-4.1159,1,Forehand prepare 0.66,0,9,Drive,64.9361,96.7747,1.2326,1.2492,-11.2226,1.5475,1,1,Backhand finish,0,9,39.534,77.2881,0.8699,0,Perfect,,1.2487,-10.6102,0,11.2,-0.0647,-0.001,0.2114,12.1797,0,0
782,Rally,None,1,-0.015,55.3818,0.6634,3.5,-15.0301,1.4327,0.8675,-4.5161,1,Forehand prepare 0.70,0,9,Drive,64.879,101.5086,1.1422,1.3017,-11.1973,1.0056,1,1,Backhand finish,0,9,33.5954,73.4412,0.81,0,Perfect,,1.2487,-10.6102,0,11.2,-0.0698,-0.0009,0.1666,7.7,0,0
783,Rally,None,1,-0.015,55.312,0.6665,3.5,-15.0275,1.4537,0.785,-4.7829,1,Forehand prepare 0.76,0,9,Drive,66.3119,103.5828,1.0593,1.3475,-11.1364,2.3334,1,1,Backhand finish,0,9,28.013,68.5558,0.7176,0,Perfect,,1.2487,-10.6102,0,11.2,-0.0698,-0.0007,0.1313,0.91,0,0
784,Rally,None,1,-0.015,55.2377,0.6691,3.5,-15.0252,1.4852,0.6556,-5.183,1,Forehand prepare 0.79,0,9,Drive,63.6349,104.7819,1.0312,1.3421,-11.0983,0.1889,1,1,Backhand finish,0,9,22.8403,62.6252,0.6122,0,Perfect,,1.2487,-10.6102,0,11.2,-0.0743,-0.0003,0.1035,5.5193,0,0
785,Rally,None,1,-0.015,55.1641,0.6714,3.5,-15.0233,1.5062,0.5654,-5.4498,1,Forehand prepare 0.85,0,9,Drive,52.1272,101.0556,1.0558,1.296,-11.0985,1.4418,1,1,Backhand finish,0,9,18.2808,56.1291,0.502,0,Perfect,,1.2487,-10.6102,0,11.2,-0.0736,0,0.0816,11.7795,0,0
786,Rally,None,1,-0.015,55.091,0.6734,3.5,-15.0216,1.5272,0.4723,-5.7166,1,Forehand prepare 0.89,0,9,Drive,39.0107,94.5099,1.107,1.2335,-11.1199,1.5576,1,1,Backhand finish,0,9,14.4767,49.0902,0.3626,0,Perfect,,1.2487,-10.6102,0,11.2,-0.0731,0.0002,0.0643,15.5671,0,0
787,Rally,None,1,-0.015,55.0138,0.6752,3.5,-15.0201,1.5587,0.3267,-6.1168,1,Forehand prepare 0.92,0,9,Drive,25.9484,83.9594,1.1832,1.1343,-11.1367,1.1703,1,1,Backhand finish,0,9,11.4489,41.7486,0.2234,0,Perfect,,1.2487,-10.6102,0,11.2,-0.0772,0.0004,0.0507,18.5719,0,0
788,Rally,None,1,-0.015,54.9377,0.6767,3.5,-15.0188,1.5797,0.2259,-6.3836,1,Forehand prepare 0.98,0,9,Drive,11.0531,63.3814,1.3793,0.9149,-11.0365,1.3562,1,1,Backhand finish,0,9,9.5349,34.4426,3.7558,0,Perfect,,1.2487,-10.6102,0,11.2,-0.0761,0.0005,0.0399,18.9695,0,0
789,Rally,None,1,-0.015,54.8619,0.678,3.5,-15.0177,1.6112,0.1,-6.7838,1,Forehand prepare 1.00,0,9,Drive,6.2039,54.4722,1.4251,0.8302,-10.9641,0.9509,1,1,Backhand finish,0,9,8.7433,27.3096,19.4343,0,Perfect,,1.2487,-10.6102,0,11.2,-0.0757,0.0005,0.0315,14.7637,0,0
790,Rally,None,1,-0.015,54.787,0.6792,3.5,-15.0167,1.6314,0.1839,-7.0409,1,Forehand prepare 1.00,0,9,Drive,6.2039,53.1382,1.423,0.7878,-10.9493,0,1,1,Backhand finish,0,9,9.0532,20.6287,0.5721,0,Perfect,,1.2487,-10.6102,0,11.2,-0.0749,0.0005,0.0248,9.509,0,0
791,Rally,None,1,-0.015,54.7128,0.6802,3.5,-15.0159,1.6517,0.2649,-7.2981,1,Forehand prepare 1.00,1,0.1645,LowPickup,10.425,55.0602,1.4075,0.7497,-10.9541,0,1,1,Backhand finish,0,9,10.023,14.4908,0.635,0,Perfect,,1.2487,-10.6102,0,11.2,-0.0742,0.0003,0.0154,2.7901,0,0
792,Rally,None,1,-0.015,54.6347,0.681,3.5,-15.0151,1.682,0.381,-7.6837,1,Forehand swing,1,0.1395,LowPickup,6.0433,51.7475,1.4367,0.7312,-10.9244,0.5524,1,1,Backhand finish,0,9,11.1114,9.0991,0.5913,0,Perfect,,1.2487,-10.6102,0,11.2,-0.0781,0.0002,0.0121,0.6637,0,0
793,Rally,None,1,-0.015,54.5577,0.6818,3.5,-15.0145,1.7023,0.4548,-7.9409,1,Forehand swing,1,0.1228,LowPickup,3.7243,47.6246,1.4634,0.7283,-10.8922,0.4037,1,1,Backhand finish,0,9,12.0486,4.6799,0.489,0,Perfect,,1.2487,-10.6102,0,11.2,-0.077,0.0001,0.0096,0,0,0
794,Rally,None,1,-0.015,54.4772,0.6824,3.5,-15.0139,1.7326,0.5602,-8.3265,1,Forehand swing,1,0.0978,LowPickup,-0.5489,39.8673,1.5062,0.7099,-10.8131,0.4337,1,1,Ready,0,9,17.3282,5.669,0.9094,0,Perfect,,1.2487,-10.6102,0,11.2,-0.0805,0.0001,0.0075,0,0,0
795,Rally,None,1,-0.015,54.3981,0.683,3.5,-15.0134,1.7528,0.6268,-8.5837,1,Forehand swing,1,0.0812,LowPickup,-2.2784,30.5357,1.5421,0.7026,-10.7312,0.4898,1,1,Ready,0,9,16.9782,4.8975,0.1545,0,Perfect,,1.2487,-10.6102,0,11.2,-0.0791,0,0.0051,0,0,0
796,Rally,None,1,-0.015,54.3203,0.6835,3.5,-15.013,1.7731,0.6906,-8.8408,1,Forehand swing,1,0.0645,LowPickup,-4.2744,20.2024,1.5641,0.6928,-10.6331,5.5815,1,1,Ready,0,9,16.3112,4.3421,0.331,0,Perfect,,1.2487,-10.6102,0,11.2,-0.0778,0,0.0034,0,0,0
797,Rally,None,1,-0.015,54.239,0.6839,3.5,-15.0127,1.8034,0.7809,-9.2264,1,Forehand swing,1,0.0452,LowPickup,-6.1725,6.9439,1.5717,0.9856,-10.0016,0.3877,1,1,Ready,0,9,15.3107,3.9332,0.536,0,Perfect,,1.2487,-10.6102,0,11.2,-0.0813,0,0.0022,0,0,0
798,Rally,None,1,-0.015,54.1593,0.6843,3.5,-15.0123,1.8237,0.8375,-9.4836,1,Forehand swing,1,0.0323,LowPickup,-5.3509,-3.0007,1.5327,1.0837,-10.0184,0,1,1,Ready,0,9,14.0844,3.6149,0.3613,0,Perfect,,1.2487,-10.6102,0,11.2,-0.0797,0,0.0013,0,0,0
799,Rally,None,1,-0.015,54.0764,0.6846,3.5,-15.0121,1.854,0.917,-9.8692,1,Forehand swing,1,0.0129,LowPickup,-7.1453,-15.6535,1.5111,1.166,-10.1242,11.0825,1,1,Ready,0,9,12.7781,3.4067,0.3931,0,Perfect,,1.2487,-10.6102,0,11.2,-0.0829,0,0.001,0,0,0
800,Rally,None,1,-0.015,54.0011,0.6849,3.5,-15.0118,1.8742,0.9664,-10.1264,1,Forehand swing,1,0,LowPickup,-7.4702,-21.8367,1.5046,1.1943,-10.1463,0.122,1,1,Ready,0,9,11.5279,3.4013,0.188,0,Perfect,,1.2487,-10.6102,0,11.2,-0.0753,0,0.0008,0,0,0
801,Rally,None,1,0.055,54.2622,0.6843,3.4994,-15.0117,1.8431,1.0118,-9.6616,1,Forehand follow,1,-0.0083,LowPickup,-8.0014,-22.646,1.5026,1.1678,-10.156,0.234,1,1,Ready,0,9,10.4658,3.6283,0.3023,0.6917,Perfect,P:Perfect;,1.2487,-10.6102,0,11.2,0.2611,0,0.0006,0,0,0
802,Rally,None,1,0.0383,54.4892,0.6772,3.5107,-15.0096,1.8431,1.0118,-9.6616,1,Forehand follow,1,-0.0083,LowPickup,-8.0492,-21.4721,1.5026,1.168,-10.1562,0.1923,1,1,Ready,0,9,9.6679,4.1144,0.3309,0.6333,Perfect,,1.2487,-10.6102,0,11.2,0.227,0,0.0006,0,0,0
803,Rally,None,1,0.0217,54.6866,0.6818,3.4971,-15.0119,1.8431,1.0118,-9.6616,1,Forehand follow,1,-0.0083,LowPickup,-8.0492,-21.4721,1.5026,1.168,-10.1562,0,1,1,Ready,0,9,9.1854,4.8462,0.2433,0.575,Perfect,,1.2487,-10.6102,0,11.2,0.1974,0,0.0005,0,0,0
804,Rally,None,1,0.005,54.8582,0.6784,3.4943,-15.0124,1.8431,1.0118,-9.6616,1,Forehand follow,1,-0.0083,LowPickup,-8.0492,-21.4721,1.5026,1.168,-10.1562,0,1,1,Ready,0,9,9.0042,5.8166,0.1603,0.5167,Perfect,,1.2487,-10.6102,0,11.2,0.1716,0,0.0004,0,0,0
805,Rally,None,1,-0.0117,55.0074,0.6846,3.4989,-15.0113,1.8431,1.0118,-9.6616,1,Forehand follow,1,-0.0083,LowPickup,-8.0492,-21.4721,1.5026,1.168,-10.1562,0,1,1,Ready,0,9,9.2149,6.9285,0.2011,0.4583,Perfect,,1.2487,-10.6102,0,11.2,0.1492,0,0.0003,0,0,0
806,Rally,None,1,-0.0117,55.137,0.6833,3.497,-15.0117,1.8119,1.0547,-9.3169,1,Forehand follow,1,-0.025,LowPickup,-9.5653,-27.8518,1.4958,1.117,-10.1758,0,1,1,Ready,0,9,9.9949,8.0848,0.1599,0.4,Perfect,,1.2468,-10.6111,0,11.2,0.1297,0.001,0.7153,0,0,0
807,Rally,None,1,-0.0117,55.2498,0.6821,3.4934,-15.0126,1.7807,1.0951,-8.9721,1,Forehand follow,1,-0.0417,LowPickup,-11.1659,-30.5448,1.4911,1.0746,-10.2104,0.3932,1,1,Ready,0,9,11.0725,9.2075,0.26,0.3417,Perfect,,1.2424,-10.6132,0,11.2,0.1127,0.0034,1.2788,0,0,0
808,Rally,None,1,-0.0117,55.3478,0.6852,3.5013,-15.012,1.734,1.1509,-8.455,1,Forehand follow,1,-0.0667,LowPickup,-13.5248,-34.3293,1.5047,1.0172,-10.3114,0.2112,1,1,Ready,0,9,12.3188,10.2677,0.5232,0.2833,Perfect,,1.2311,-10.6185,0,11.2,0.098,0.0076,2.0805,0,0,0
809,Rally,None,1,-0.0117,55.433,0.6809,3.4992,-15.0139,1.7028,1.1849,-8.1103,1,Forehand follow,1,-0.0833,LowPickup,-15.2679,-35.0345,1.5229,0.9739,-10.3587,0.2072,1,1,Ready,0,9,13.4356,11.1113,1.3112,0.225,Perfect,,1.2204,-10.6236,0,11.2,0.0852,0.0128,3.0815,0.6548,0,0
810,Rally,None,1,-0.0117,55.5071,0.6794,3.4978,-15.0167,1.656,1.2312,-7.5932,1,Forehand follow,1,-0.1083,LowPickup,-18.4861,-37.7188,1.5165,0.9427,-10.3507,0.6377,1,1,Ready,0,9,14.1213,11.6523,4.5935,0.1667,Perfect,,1.1997,-10.6334,0,11.2,0.0741,0.0189,4.7361,1.9766,0,0
811,Rally,None,1,-0.0117,55.5715,0.6724,3.4964,-15.0203,1.6249,1.2589,-7.2484,1,Forehand follow,1,-0.125,LowPickup,-22.6111,-39.9912,1.4825,0.9612,-10.3204,0.3451,1,1,Ready,0,9,14.3808,11.8303,0.3779,0.1083,Perfect,,1.1827,-10.6414,0,11.2,0.0644,0.025,5.8222,3.4065,0,0
812,Rally,None,1,-0.0117,55.6275,0.6678,3.4966,-15.0243,1.5937,1.284,-6.9037,1,Forehand follow,1,-0.1417,LowPickup,-27.3668,-42.7878,1.3868,1.0248,-10.2922,0.4675,1,1,Ready,0,9,14.0546,11.5276,1.6903,0.05,Perfect,,1.1633,-10.6506,0,11.2,0.056,0.0304,6.8836,3.7114,0,0
813,Rally,None,1,-0.0117,55.6761,0.6616,3.4967,-15.0299,1.5469,1.3169,-6.3866,1,Forehand follow,1,-0.1667,LowPickup,-33.3386,-46.9817,1.2292,1.1089,-10.2935,0.8295,1,1,Ready,0,9,13.4073,10.8911,0.4278,0,Perfect,,1.1294,-10.6666,0,11.2,0.0487,0.0352,7.8087,3.0303,0,0
814,Rally,None,1,-0.0117,55.7184,0.6544,3.4971,-15.0363,1.5158,1.3357,-6.0419,1,Forehand follow,1,-0.1833,LowPickup,-38.5855,-50.8528,1.116,1.1419,-10.3105,1.1244,1,1,Ready,0,9,12.5812,9.9465,2.6943,0,Perfect,,1.1036,-10.6787,0,11.2,0.0423,0.039,7.7433,2.513,0,0
815,Rally,None,1,-0.0117,55.7552,0.6451,3.4975,-15.0445,1.469,1.3591,-5.5247,1,Forehand follow,1,-0.2083,LowPickup,-42.4842,-56.0343,0.9664,1.1944,-10.3751,1.1976,1,1,Ready,0,9,11.7343,8.8378,0.6473,0,Perfect,,1.0603,-10.6992,0,11.2,0.0368,0.042,8.4863,3.6594,0,0
816,Rally,None,1,-0.0117,55.7872,0.6347,3.4978,-15.0536,1.4378,1.3715,-5.18,1,Forehand follow,1,-0.225,LowPickup,-42.6597,-60.0293,0.8558,1.2039,-10.4375,0,1,1,Ready,0,9,11.0871,7.6413,2.8139,0,Perfect,,1.0283,-10.7143,0,11.2,0.032,0.0441,8.2773,6.2461,0,0
817,Rally,None,1,-0.0117,55.815,0.6232,3.4981,-15.0637,1.4066,1.3814,-4.8353,1,Forehand follow,1,-0.2417,LowPickup,-42.6824,-64.6213,0.7647,1.1997,-10.4848,0,1,1,Ready,0,9,10.5734,6.4671,0.5296,0,Perfect,,0.9937,-10.7306,0,11.2,0.0278,0.0451,8.1126,8.0706,0,0
818,Rally,None,1,-0.0117,55.8392,0.6091,3.4984,-15.0759,1.3599,1.3915,-4.3182,1,Forehand follow,1,-0.2667,LowPickup,-42.2839,-70.2915,0.6341,1.1673,-10.584,15.5418,1,1,Ready,0,9,10.1797,5.4271,0.6964,0,Perfect,,0.9372,-10.7573,-0.1201,11.2,0.0242,0.0457,8.5,9.9041,0,0
819,Rally,None,1,-0.0117,55.8602,0.594,3.4986,-15.0891,1.3287,1.395,-3.9734,1,Forehand follow,0,9,LowPickup,-39.9708,-70.5426,0.5694,1.1485,-10.6032,0.3188,1,1,Run,0,9,14.3368,9.0425,0.6167,0,Perfect,,0.8964,-10.7766,-0.2002,11.2,0.021,0.0457,8.5,9.9041,0,0
820,Rally,None,1,-0.0117,55.8784,0.576,3.4988,-15.1046,1.2819,1.3956,-3.4563,1,Run,0,9,LowPickup,-33.89,-43.314,0.7289,0.9223,-10.287,1.1599,0.9555,0.8333,Run,0,9,22.7481,17.322,0.6416,0,Perfect,,0.8305,-10.8077,-0.2043,11.2,0.0183,0.0458,8.5,10.4638,0,0
821,Rally,None,1,-0.0117,55.8943,0.5571,3.4989,-15.121,1.2508,1.3927,-3.1116,1,Run,0,9,LowPickup,-34.3417,-36.5878,0.6528,0.8789,-10.349,11.504,0.856,0.6667,Ready,0,9,26.526,20.9046,0.2472,0,Perfect,,0.7834,-10.83,-0.2043,11.2,0.0159,0.0459,8.5,4.1736,0,0
822,Rally,None,1,-0.0117,55.9081,0.537,3.4991,-15.1383,1.2196,1.3874,-2.7668,1,Run,0,9,LowPickup,-34.5983,-34.7301,0.6719,0.8272,-10.3635,0.1358,0.7361,0.5,Backhand prepare 0.05,0,9,24.5194,19.2394,0.1267,0,Perfect,,0.7338,-10.8534,-0.2043,11.2,0.0138,0.0457,8.5,3.4501,0,0.0001
823,Rally,None,1,-0.0117,55.9201,0.5139,3.4992,-15.1582,1.1728,1.3746,-2.2497,1,Run,0,9,LowPickup,-34.6935,-33.1658,0.6505,0.8082,-10.4049,1.0102,0.6155,0.3333,Backhand prepare 0.08,0,9,20.5808,16.9991,0.2122,0,Perfect,,0.6547,-10.8908,-0.2043,11.2,0.012,0.0452,8.4863,2.5025,0,0
824,Rally,None,1,-0.0117,55.9306,0.4898,3.4993,-15.179,1.1417,1.3629,-1.905,1,Run,0,9,LowPickup,-34.6334,-31.8792,0.6167,0.8019,-10.4378,9.1682,0.5041,0.1667,Backhand prepare 0.14,0,9,16.4174,15.7217,0.2088,0,Perfect,,0.5988,-10.9172,-0.2043,11.2,0.0104,0.045,8.5,1.4948,0,0
825,Rally,None,1,-0.0117,55.9396,0.4625,3.4994,-15.2025,1.0949,1.3406,-1.3879,1,Run,0,9,LowPickup,-34.3874,-30.9333,0.5476,0.7838,-10.4915,0.2379,0.4064,0,Backhand prepare 0.18,0,9,10.3548,13.5512,0.4935,0,Perfect,,0.5102,-10.959,-0.2043,11.2,0.0091,0.0447,8.5,0.6017,0,0
826,Rally,None,1,-0.0117,55.9475,0.4344,3.4995,-15.2266,1.0637,1.3225,-1.0431,1,Run,0,9,LowPickup,-33.9516,-30.3533,0.5066,0.7734,-10.5336,0,0.3236,0,Backhand prepare 0.23,0,9,5.8056,10.8052,0.5104,0,Perfect,,0.451,-10.987,-0.2043,11.2,0.0079,0.0447,8.5,0.6257,0,0.0001
827,Rally,None,1,-0.0117,55.9544,0.406,3.4995,-15.2511,1.0326,1.3019,-0.6984,1,Run,0,9,LowPickup,-33.6576,-31.0305,0.4651,0.7592,-10.5721,2.155,0.2551,0,Backhand prepare 0.27,0,9,1.9877,7.4396,0.3762,0,Perfect,,0.3942,-11.0138,-0.2043,11.2,0.0069,0.0431,6.2731,1.2015,0,0
828,Rally,None,1,-0.0117,55.9603,0.3755,3.4996,-15.2773,0.9858,1.2663,-0.1813,1,Run,0,9,LowPickup,-33.4126,-32.2624,0.3948,0.7605,-10.6201,1.0345,0.1995,0,Backhand prepare 0.30,0,9,-1.1201,3.8585,0.108,0,Perfect,,0.3138,-11.0518,-0.2043,11.2,0.006,0.0386,3.355,1.5917,0,0
829,Rally,None,1,-0.0117,55.9442,0.3454,3.4996,-15.3032,0.9546,1.2393,0.1635,1,Run,0,9,LowPickup,-33.167,-33.7878,0.3527,0.7532,-10.6573,0.1055,0.1549,0,Backhand prepare 0.36,0,9,-6.0839,-1.8304,0.5072,0,Perfect,,0.2633,-11.0757,-0.2043,11.2,-0.0162,0.0309,0.2606,1.7676,0,0.0001
830,Rally,None,1,-0.0117,55.8626,0.3141,3.4997,-15.3301,0.9079,1.1941,0.6806,1,Run,0,9,LowPickup,-32.8761,-34.8331,0.2894,0.7557,-10.7035,0.3132,0.1195,0,Backhand prepare 0.40,0,9,-11.3454,-7.6163,0.5657,0,Perfect,,0.1923,-11.1092,-0.2043,11.2,-0.0816,0.0217,1.3837,1.7239,0,0
831,Rally,None,1,-0.0117,55.7466,0.2837,3.4997,-15.3562,0.8767,1.1608,1.0253,1,Run,0,9,LowPickup,-32.575,-35.9019,0.2498,0.7535,-10.7313,3.6263,0.0918,0,Backhand prepare 0.45,0,9,-17.8266,-15.5763,0.9947,0,Perfect,,0.1481,-11.1301,-0.2043,11.2,-0.116,0.0127,3.4741,1.4799,0,0
832,Rally,None,1,-0.0117,55.6007,0.2543,3.4998,-15.3815,0.8455,1.125,1.37,1,Run,0,9,LowPickup,-32.49,-36.7675,0.2106,0.7587,-10.7551,18.8552,0.0702,0,Backhand prepare 0.49,0,9,-23.9238,-22.8743,1.4299,0,Perfect,,0.1064,-11.1498,-0.2043,11.2,-0.1459,0.005,4.3271,1.1464,0,0
833,Rally,None,1,-0.0117,55.4063,0.2245,3.4998,-15.4071,0.7988,1.0665,1.8872,1,Run,0,9,LowPickup,-32.4505,-37.5348,0.1101,0.7713,-10.7846,0.3602,0.0534,0,Backhand prepare 0.53,0,9,-32.1875,-31.0086,0.7277,0,Perfect,,0.0485,-11.1771,-0.2043,11.2,-0.1944,-0.0009,4.9993,0.7689,0,0
834,Rally,None,1,-0.0117,55.1923,0.1961,3.4998,-15.4315,0.7676,1.0243,2.2319,1,Run,0,9,LowPickup,-32.5321,-38.4528,0.0721,0.7703,-10.8023,2.5339,0.0405,0,Backhand prepare 0.58,0,9,-46.2597,-43.5081,1.8106,0,Perfect,,0.0131,-11.1938,-0.2043,11.2,-0.214,-0.0048,6.3237,0.3866,0,0
835,Rally,None,1,-0.0117,54.9387,0.1705,3.4998,-15.4535,0.7208,0.9562,2.749,1,Run,0,9,LowPickup,-32.5473,-38.8413,0.0565,0.7698,-10.8067,1.7511,0.0307,0,Backhand prepare 0.62,0,9,-55.3449,-54.3743,2.015,0,Perfect,,0,-11.2,-0.2043,11.2,-0.2536,-0.0068,6.5729,0.0912,0,0
836,Rally,None,1,-0.0117,54.6732,0.1482,3.4999,-15.4726,0.6897,0.9077,3.0937,1,Ready,0,9,LowPickup,-27.0539,-33.1523,0.1023,0.7763,-10.8167,8.2306,0.0231,0,Backhand prepare 0.68,0,9,-63.6567,-69.9057,1.5705,0,Perfect,,0,-11.2,-0.2043,11.2,-0.2655,-0.0073,5.1803,0.9088,0,0
837,Rally,None,1,-0.0117,54.3973,0.1289,3.4999,-15.4893,0.6585,0.8566,3.4385,1,Ready,0,9,LowPickup,-16.7021,-23.0749,0.1045,0.7588,-10.835,12.8194,0.0174,0,Backhand prepare 0.71,0,9,-68.3486,-80.9255,3.6201,0,Perfect,,0,-11.2,-0.2043,11.2,-0.2759,-0.0068,4.0827,2.2075,0,0
838,Rally,None,1,-0.0117,54.0899,0.112,3.4999,-15.5037,0.6117,0.7752,3.9556,1,Ready,0,9,LowPickup,-6.6751,-13.1503,0.1151,0.7718,-10.8677,5.9212,0.0131,0,Backhand prepare 0.75,0,9,-72.7148,-90.677,16.0179,0,Perfect,,0,-11.2,-0.2043,11.2,-0.3074,-0.0055,3.2177,2.7441,0,0
839,Rally,None,1,-0.0117,53.7776,0.0974,3.4999,-15.5163,0.5805,0.7178,4.3003,1,Ready,0,9,LowPickup,1.2238,-5.2833,0.1262,0.8012,-10.9093,2.2575,0.0098,0,Backhand prepare 0.80,0,9,-72.2192,-100.8496,0.9539,0,Perfect,,0,-11.2,-0.2043,11.2,-0.3123,-0.004,2.536,2.8121,0,0
840,Rally,None,1,-0.0117,53.4386,0.0847,3.4999,-15.5272,0.5338,0.6269,4.8174,1,Ready,0,9,LowPickup,6.6955,0.3313,0.128,0.8206,-10.9205,0.8716,0.0073,0,Backhand prepare 0.84,0,9,-65.1484,-106.948,23.1948,0,Perfect,,0,-11.2,-0.2043,11.2,-0.339,-0.0024,1.9987,2.5411,0,0.0001
841,Rally,None,1,-0.0117,53.0988,0.0736,3.4999,-15.5367,0.5026,0.5631,5.1622,1,Ready,0,9,LowPickup,10.1725,4.0857,0.1281,0.8323,-10.9207,0.6863,0.0055,0,Backhand prepare 0.90,0,9,-42.9778,-109.8187,3.0403,0,Perfect,,0,-11.2,-0.2043,11.2,-0.3398,-0.001,1.5752,2.0473,0,0
842,Rally,None,1,-0.0117,52.7584,0.064,3.4999,-15.545,0.4714,0.4967,5.5069,1,Ready,0,9,LowPickup,12.1702,6.4241,0.1257,0.8382,-10.9349,0.0992,0.0041,0,Backhand prepare 0.93,0,9,-26.9437,-108.8989,1.155,0,Perfect,,0,-11.2,-0.2043,11.2,-0.3404,0,1.2415,1.4452,0,0
843,Rally,None,1,-0.0117,52.3981,0.0556,3.5,-15.5522,0.4247,0.3925,6.024,1,Ready,0,9,LowPickup,13.2111,7.791,0.1254,0.8433,-10.9504,0.1438,0.003,0,Backhand prepare 0.97,0,9,-14.7482,-102.8951,1.0032,0,Perfect,,0,-11.2,-0.2043,11.2,-0.3604,0.0007,0.9784,0.8414,0,0
844,Rally,None,1,-0.0117,52.0848,0.0484,3.5,-15.5584,0.3935,0.3198,6.3688,1,Ready,0,9,LowPickup,13.7239,8.5107,0.1366,0.8537,-10.9611,0.1178,0.0023,0,Backhand prepare 1.00,0,9,-6.4081,-96.6619,6.5872,0,Perfect,,0,-11.2,-0.2043,11.2,-0.3133,0.0011,0.7711,0.3757,0,0
845,Rally,None,1,-0.0117,51.8124,0.042,3.5,-15.5639,0.3467,0.206,6.8859,1,Ready,0,9,LowPickup,13.96,8.8435,0.1479,0.8634,-10.9706,0.1602,0,0,Backhand prepare 1.00,1,0.1762,-13.1601,-104.9382,0,0,Perfect,,0,-11.2,-0.2043,11.2,-0.2724,0.0012,0.6077,0.4626,0,0
846,Rally,None,1,-0.0117,51.5756,0.0366,3.5,-15.5686,0.3156,0.127,7.2306,1,Ready,0,9,LowPickup,14.1404,9.0111,0.1512,0.8659,-10.9747,0.2449,0,0,Backhand swing,1,0.1621,-8.4785,-99.9517,0.3775,0,Perfect,,0,-11.2,-0.2043,11.2,-0.2368,0.0012,0.479,0.7675,0,0
847,Rally,None,1,-0.0117,51.3698,0.0318,3.5,-15.5727,0.2855,0.1291,7.5636,1,Ready,0,9,LowPickup,14.327,9.0712,0.1494,0.8625,-10.9751,0.2965,0,0,Backhand swing,1,0.148,-6.1536,-96.146,0.1841,0,Perfect,,0,-11.2,-0.2443,11.2,-0.2058,0.001,0.3775,0.9928,0,0
848,Rally,None,1,-0.0117,51.1908,0.0276,3.5,-15.5763,0.2419,0.2125,8.0456,1,Ready,0,9,LowPickup,14.5906,9.096,0.1398,0.8509,-10.9712,0.3531,0,0,Backhand swing,1,0.1269,-0.6898,-88.6802,0.2686,0,Perfect,,0,-11.2,-0.3644,11.2,-0.179,0.0007,0.2975,1.1195,0,0
849,Rally,None,1,-0.0117,51.0353,0.024,3.5,-15.5794,0.2128,0.2648,8.3669,1,Ready,0,9,LowPickup,14.9269,9.1102,0.1304,0.8382,-10.9662,0.3062,0,0,Backhand swing,1,0.1128,3.8913,-79.1926,1.9775,0,Perfect,,0,-11.2,-0.3989,11.2,-0.1556,0.0005,0.2345,1.1493,0,0
850,Rally,None,1,-0.0117,50.9,0.0209,3.5,-15.5821,0.1692,0.3382,8.8488,1,Ready,0,9,LowPickup,15.2674,9.1083,0.1316,0.8301,-10.959,0.2242,0,0,Backhand swing,1,0.0916,10.1834,-66.7174,15.9529,0,Perfect,,0,-11.2,-0.3989,11.2,-0.1353,0.0002,0.1848,1.0942,0,0
851,Rally,None,1,-0.0117,50.7824,0.0182,3.5,-15.5844,0.1402,0.3839,9.1701,1,Ready,0,9,LowPickup,15.6865,9.1401,0.1378,0.8243,-10.9567,0.1284,0,0,Backhand swing,1,0.0775,12.0533,-56.718,0.9378,0,Perfect,,0,-11.2,-0.3989,11.2,-0.1176,0,0.1456,0.9749,0,0
852,Rally,None,1,-0.0117,50.6802,0.0158,3.5,-15.5864,0.1111,0.4269,9.4914,1,Ready,0,9,LowPickup,16.0087,9.0335,0.1503,0.8231,-10.9723,0.2563,0,0,Backhand swing,1,0.0634,13.2207,-48.8522,0.5423,0,Perfect,,0,-11.2,-0.3989,11.2,-0.1022,-0.0001,0.1148,0.8051,0,0
853,Rally,None,1,-0.0117,50.5914,0.0137,3.5,-15.5882,0.0676,0.4864,9.9734,1,Ready,0,9,LowPickup,16.334,8.9331,0.1574,0.8207,-10.9882,0.4248,0,0,Backhand swing,1,0.0423,15.8041,-35.8561,0.6506,0,Perfect,,0,-11.2,-0.3989,11.2,-0.0889,-0.0002,0.0905,0.5934,0,0
854,Rally,None,1,-0.0117,50.5141,0.0119,3.5,-15.5898,0.0385,0.5228,10.2947,1,Ready,0,9,LowPickup,16.6463,8.8775,0.1448,0.8039,-10.9849,0.6259,0,0,Backhand swing,1,0.0282,13.2536,-24.6482,0.4742,0,Perfect,,0,-11.2,-0.3989,11.2,-0.0773,-0.0002,0.0713,0.3426,0,0
855,Rally,None,1,-0.0117,50.4469,0.0104,3.5,-15.5911,-0.0051,0.5724,10.7766,1,Ready,0,9,LowPickup,16.9639,8.8559,0.1301,0.785,-10.9784,0.5185,0,0,Backhand swing,1,0.007,13.8436,-8.8545,0.2979,0,Perfect,,0,-11.2,-0.404,11.2,-0.0672,-0.0002,0.0562,0.1816,0,0
856,Rally,None,1,-0.0117,51.1724,0.009,3.5,-15.5923,-0.0196,0.5876,10.8173,1,Ready,0,9,LowPickup,17.3102,8.8588,0.1282,0.7756,-10.9768,0.1838,0,0,Backhand swing,1,0,9.6921,-2.427,0.9713,0,Perfect,R;,0,-11.2,-0.4163,11.2,0.7255,-0.0002,0.0443,0.2742,0,0
857,Rally,None,1,-0.0117,51.8031,0.0078,3.5,-15.5933,-0.0613,0.6731,10.4894,1,Ready,0,9,LowPickup,17.6474,8.9151,0.13,0.7646,-10.9767,0.074,0,0,Backhand swing,1,-0.0167,10.7285,6.832,1.0844,0,Perfect,,0,-11.2,-0.3363,11.2,0.6307,-0.0001,0.0349,0.4108,0,0
858,Rally,None,1,-0.0117,52.3514,0.0068,3.5,-15.5942,-0.1031,0.7554,10.1615,1,Ready,0,9,LowPickup,17.9561,9.1034,0.1331,0.7549,-10.979,0.2433,0,0,Backhand follow,1,-0.0333,10.0997,13.9592,0.3451,0,Perfect,,0,-11.2,-0.2562,11.2,0.5483,-0.0001,0.0275,0.5046,0,0
859,Rally,None,1,-0.0117,52.828,0.0059,3.5,-15.5949,-0.1656,0.8729,9.6696,1,Ready,0,9,LowPickup,18.2142,9.3518,0.1334,0.7447,-10.9801,0.2259,0,0,Backhand follow,1,-0.0583,8.0584,21.1322,0.379,0,Perfect,,0,-11.2,-0.1361,11.2,0.4767,0,0.0217,0.5539,0,0
860,Rally,None,1,-0.0117,53.2424,0.0051,3.5,-15.5956,-0.2074,0.9473,9.3417,1,Ready,0,9,LowPickup,18.3912,9.6031,0.1212,0.7309,-10.9738,0.0496,0,0,Backhand follow,1,-0.075,6.4898,21.1157,0.2917,0,Perfect,,0,-11.2,-0.056,11.2,0.4144,0,0.0171,0.5441,0,0
861,Rally,None,1,-0.0117,53.6027,0.0042,3.5,-15.5964,-0.27,1.0529,8.8499,1,Ready,0,9,LowPickup,18.5023,9.8868,0.1083,0.7233,-10.9704,0.1312,0,0,Backhand follow,1,-0.1,4.7455,23.1536,0.3427,0,Perfect,,-0.0039,-11.2015,0,11.2,0.3603,0,0.0135,0.5152,0,0
862,Rally,None,1,-0.0117,53.9159,0.003,3.5,-15.5973,-0.3117,1.1193,8.522,1,Run,0,9,LowPickup,17.9234,10.2444,0.1146,0.7404,-10.9715,0.0469,0,0,Backhand follow,1,-0.1167,9.238,25.9373,0.6479,0,Perfect,,-0.0097,-11.2038,0,11.2,0.3132,0.0015,2.373,0.5313,0,0
863,Rally,None,1,-0.0117,54.1882,0.0013,3.5,-15.5986,-0.3534,1.1826,8.1941,1,Run,0,9,LowPickup,15.6422,8.9163,0.1192,0.7584,-10.9682,0.2926,0,0,Backhand follow,1,-0.1333,16.9397,32.6653,0.4139,0,Perfect,,-0.0181,-11.207,0,11.2,0.2723,0.0044,3.4593,0.705,0,0
864,Rally,None,1,-0.0117,54.4249,-0.0015,3.5,-15.6006,-0.416,1.2715,7.7022,1,Run,0,9,LowPickup,11.3521,5.8179,0.1028,0.7722,-10.9624,0.5989,0,0,Backhand follow,1,-0.1583,25.8387,39.6179,0.3463,0,Perfect,,-0.0356,-11.2137,0,11.2,0.2367,0.0085,4.3154,1.024,0,0
865,Rally,None,1,-0.0117,54.6306,-0.0049,3.5,-15.603,-0.4577,1.3268,7.3743,1,Run,0,9,LowPickup,4.7615,0.9123,0.0789,0.7609,-10.9358,0.3659,0,0,Backhand follow,1,-0.175,32.2599,44.8352,0.4358,0,Perfect,,-0.0505,-11.2195,0,11.2,0.2058,0.0136,5.7846,1.4511,0,0
866,Rally,None,1,-0.0117,54.8095,-0.0099,3.5,-15.6066,-0.5203,1.4039,6.8825,1,Run,0,9,LowPickup,-3.6688,-5.8733,0.0266,0.7384,-10.8887,0.9543,0,0,Backhand follow,1,-0.2,38.6061,52.3847,0.3308,0,Perfect,,-0.0778,-11.23,0,11.2,0.1789,0.019,6.1481,1.8735,0,0
867,Rally,None,1,-0.0117,54.9651,-0.0157,3.5,-15.6107,-0.562,1.4512,6.5546,1,Run,0,9,LowPickup,-12.2982,-11.9104,-0.0162,0.7551,-10.8525,0,0,0,Backhand follow,1,-0.2167,43.3379,59.4286,0.5554,0,Perfect,,-0.0991,-11.2382,0,11.2,0.1555,0.0244,7.229,0.8559,0,0
868,Rally,None,1,-0.0117,55.1003,-0.0225,3.5,-15.6155,-0.6038,1.4955,6.2267,1,Run,0,9,LowPickup,-19.6704,-17.9598,-0.052,0.762,-10.8385,0,0,0,Backhand follow,1,-0.2333,47.7819,66.3034,0.4248,0,Perfect,,-0.1231,-11.2475,0,11.2,0.1352,0.029,7.2864,0.7316,0,0
869,Rally,None,1,-0.0117,55.2178,-0.0313,3.5,-15.6217,-0.6664,1.5558,5.7348,1,Run,0,9,LowPickup,-25.2064,-22.6569,-0.1002,0.7662,-10.8387,0,0,0,Backhand follow,1,-0.2583,53.4879,74.6213,0.5976,0,Perfect,,-0.1639,-11.2632,0,11.2,0.1175,0.0324,7.3317,0.606,0,0
870,Rally,None,1,-0.0117,55.32,-0.0412,3.5,-15.6287,-0.7081,1.5921,5.407,1,Run,0,9,LowPickup,-28.9763,-25.7253,-0.1349,0.7716,-10.8394,0,0,0,Backhand follow,1,-0.275,57.508,80.2962,2.3804,0,Perfect,,-0.1944,-11.2749,0,11.2,0.1022,0.0347,8.1619,0.4308,0,0
871,Rally,None,1,-0.0117,55.4088,-0.0534,3.5,-15.6373,-0.7707,1.6406,4.9151,1,Run,0,9,LowPickup,-31.4464,-28.2118,-0.1861,0.7708,-10.8538,0,0,0,Backhand follow,0,9,57.4077,81.3098,9.584,0,Perfect,,-0.2449,-11.2944,0,11.2,0.0888,0.0356,8.0216,0.3249,0,0
872,Rally,None,1,-0.0117,55.4861,-0.0667,3.5,-15.6466,-0.8124,1.6689,4.5872,1,Run,0,9,LowPickup,-32.8533,-29.7427,-0.2208,0.7709,-10.8675,3.9705,0,0,Backhand finish,0,9,59.4479,85.8677,3.0269,0,Perfect,,-0.2819,-11.3086,0,11.2,0.0772,0.0355,8.5,0.4114,0,0
873,Rally,None,1,-0.0117,55.5532,-0.0811,3.5,-15.6567,-0.8541,1.6941,4.2593,1,Run,0,9,LowPickup,-33.6185,-31.0454,-0.2572,0.7982,-10.8843,1.0459,0,0,Backhand finish,0,9,60.9001,89.9067,1.0312,0,Perfect,,-0.3214,-11.3239,0,11.2,0.0671,0.0342,8.4502,0.5738,0,0
874,Rally,None,1,-0.0117,55.6116,-0.0982,3.5,-15.6687,-0.9167,1.7259,3.7675,1,Run,0,9,LowPickup,-33.9179,-32.1571,-0.3154,0.8092,-10.916,1.3442,0,0,Backhand finish,0,9,62.2257,93.5161,5.8119,0,Perfect,,-0.3856,-11.3486,0,11.2,0.0584,0.0317,8.2489,0.7159,0,0
875,Rally,None,1,-0.0117,55.6623,-0.1164,3.5,-15.6814,-0.9584,1.7432,3.4396,1,Run,0,9,LowPickup,-33.847,-32.9204,-0.3534,0.8192,-10.9433,0.4816,0,0,Backhand finish,0,9,63.9698,96.5582,0.2659,0,Perfect,,-0.4316,-11.3663,0,11.2,0.0507,0.0283,8.5,0.8189,0,0
876,Rally,None,1,-0.0117,55.7064,-0.1375,3.5,-15.6963,-1.021,1.7631,2.9477,1,Run,0,9,LowPickup,-33.6175,-33.6988,-0.4165,0.8237,-10.9845,0.1559,0,0,Backhand finish,0,9,66.237,99.0848,0.0786,0,Perfect,,-0.5054,-11.3948,0,11.2,0.0441,0.0242,8.5,0.8539,0,0
877,Rally,None,1,-0.0117,55.7448,-0.1596,3.5,-15.7118,-1.0627,1.7724,2.6198,1,Run,0,9,LowPickup,-33.3099,-34.4011,-0.4584,0.8266,-11.0155,2.0201,0,0,Backhand finish,0,9,68.8121,100.7826,0.3448,0,Perfect,,-0.5579,-11.415,0,11.2,0.0384,0.0196,8.5,0.8182,0,0
878,Rally,None,1,-0.0117,55.7781,-0.1828,3.5,-15.728,-1.1045,1.7785,2.2919,1,Run,0,9,LowPickup,-33.0083,-34.9664,-0.5463,0.8205,-11.0438,13.1132,0,0,Backhand finish,0,9,71.578,101.8643,0.5285,0,Perfect,,-0.613,-11.4362,0,11.2,0.0333,0.0145,8.5,0.6971,0,0
879,Rally,None,1,-0.0117,55.8071,-0.2093,3.5,-15.7466,-1.1671,1.7818,1.8001,1,Backhand prepare 0.04,0,9,LowPickup,-32.9217,-34.4345,-0.5947,0.845,-11.0594,0.524,0.2083,0.1667,Backhand finish,0,9,74.0038,102.3498,0.5975,0,Perfect,,-0.7005,-11.47,0,11.2,0.029,0.0091,8.5,0.5533,0,0
880,Rally,None,1,-0.0117,55.8323,-0.2367,3.5,-15.7658,-1.2088,1.78,1.4722,1,Backhand prepare 0.09,0,9,LowPickup,-32.2645,-33.0201,-0.6232,0.8499,-11.1027,0.1708,0.4167,0.3333,Backhand finish,0,9,75.3672,102.2197,0.1242,0,Perfect,,-0.762,-11.4937,0,11.2,0.0252,0.0044,8.5,1.3951,0,0
881,Rally,None,1,-0.0117,55.8542,-0.2675,3.5,-15.7874,-1.2714,1.7713,0.9803,1,Backhand prepare 0.12,0,9,LowPickup,-30.0912,-31.3289,-0.6778,0.8644,-11.1628,0.8815,0.625,0.5,Backhand finish,0,9,75.8475,101.6589,0.3317,0,Perfect,,-0.8592,-11.5311,0,11.2,0.0219,0.0006,8.5,2.4613,0,0
882,Rally,None,1,-0.0117,55.8665,-0.2992,3.5,-15.8096,-1.3131,1.7616,0.6524,1,Backhand prepare 0.17,0,9,LowPickup,-36.9795,-31.755,-0.7597,0.8478,-11.2417,11.7028,0.8333,0.6667,Backhand finish,0,9,75.5368,100.7243,0.4421,0,Perfect,,-0.9273,-11.5574,0,11.2,0.0123,-0.0021,8.5,5.7291,0,0
883,Rally,None,1,-0.0117,55.8689,-0.3318,3.5,-15.8325,-1.3548,1.7487,0.3245,1,Backhand prepare 0.21,0,9,LowPickup,-38.794,-31.0139,-0.8465,0.8346,-11.2984,0.4462,1,0.8333,Backhand finish,0,9,74.7168,99.4863,0.4954,0,Perfect,,-0.9979,-11.5846,0,11.2,0.0024,-0.0036,8.5,6.2827,0,0
884,Rally,None,1,-0.0117,55.8585,-0.3681,3.5,-15.8579,-1.4174,1.7234,-0.1673,1,Backhand prepare 0.24,0,9,LowPickup,-40.0932,-30.6918,-0.9907,0.8035,-11.3659,6.0888,1,1,Backhand finish,0,9,73.8604,98.0093,0.4419,0,Perfect,,-1.1087,-11.6273,0,11.2,-0.0104,-0.0042,8.5,5.3941,0,0
885,Rally,None,1,-0.0117,55.8412,-0.4052,3.5,-15.8839,-1.4591,1.7025,-0.4952,1,Backhand prepare 0.29,0,9,LowPickup,-40.5845,-31.1873,-1.2822,0.7833,-11.3823,3.8585,1,1,Backhand finish,0,9,73.4234,96.3128,0,0,Perfect,,-1.1858,-11.657,0,11.2,-0.0173,-0.0041,8.5,3.744,0,0
886,Rally,None,1,-0.0117,55.8139,-0.4461,3.5,-15.9126,-1.5217,1.6653,-0.987,1,Backhand prepare 0.33,0,9,LowPickup,-42.1281,-32.3034,-1.4789,0.8129,-11.3948,4.4882,1,1,Backhand finish,0,9,73.3889,94.3841,0.0338,0,Perfect,,-1.3063,-11.7035,0,11.2,-0.0273,-0.0035,8.5,2.2396,0,0
887,Rally,None,1,-0.0117,55.7819,-0.4877,3.5,-15.9417,-1.5635,1.6365,-1.3149,1,Backhand prepare 0.38,0,9,LowPickup,-44.5596,-35.1555,-1.5586,0.8467,-11.3382,7.9025,1,1,Backhand finish,0,9,73.7238,92.3352,0.1862,0,Perfect,,-1.3899,-11.7357,0,11.2,-0.0319,-0.0026,8.5,2.249,0,0
888,Rally,None,1,-0.0117,55.746,-0.5301,3.5,-15.9714,-1.6052,1.6046,-1.6428,1,Backhand prepare 0.41,0,9,LowPickup,-46.2977,-37.1641,-1.6902,0.8787,-11.3508,4.7839,1,1,Backhand finish,0,9,74.3761,90.2536,0.2832,0,Perfect,,-1.4761,-11.7689,0,11.2,-0.0359,-0.0017,8.5,2.6071,0,0
889,Rally,None,1,-0.0117,55.7026,-0.5764,3.5,-16.0039,-1.6678,1.5507,-2.1347,1,Backhand prepare 0.44,0,9,LowPickup,-46.7699,-38.4678,-1.7661,0.7908,-11.4677,2.7694,1,1,Backhand finish,0,9,75.023,88.2039,0.2698,0,Perfect,,-1.6091,-11.8202,0,11.2,-0.0434,-0.0009,8.5,3.3391,0,0
890,Rally,None,1,-0.0117,55.6567,-0.623,3.5,-16.0365,-1.7095,1.5108,-2.4626,1,Backhand prepare 0.49,0,9,LowPickup,-47.2963,-40.541,-1.8282,0.7443,-11.5135,4.8256,1,1,Backhand finish,0,9,75.4941,86.3792,0.1632,0,Perfect,,-1.6957,-11.8535,0,11.2,-0.0459,-0.0002,7.8148,5.0383,0,0
891,Rally,None,1,-0.0117,55.6045,-0.6724,3.5,-16.0712,-1.7721,1.445,-2.9544,1,Backhand prepare 0.53,0,9,LowPickup,-50.2138,-45.2696,-1.9454,0.7445,-11.6007,0,1,1,Backhand finish,0,9,75.7472,84.8302,0.0357,0,Perfect,,-1.8206,-11.9016,0,11.2,-0.0522,0.0003,4.57,5.2071,0,0
892,Rally,None,1,-0.0117,55.5509,-0.7211,3.5,-16.1053,-1.8138,1.3972,-3.2823,1,Backhand prepare 0.58,0,9,LowPickup,-55.9886,-52.8587,-2.1136,0.7616,-11.6545,0,1,1,Backhand finish,0,9,75.8085,83.5997,0.0457,0,Perfect,,-1.9006,-11.9325,0,11.2,-0.0536,0.0006,1.2182,6.324,0,0
893,Rally,None,1,-0.0117,55.4961,-0.769,3.5,-16.1389,-1.8555,1.3462,-3.6102,1,Backhand prepare 0.61,0,9,LowPickup,-56.4045,-57.2997,-2.2329,0.8036,-11.6604,0.6948,1,1,Backhand finish,0,9,75.741,82.6911,0.4311,0,Perfect,,-1.9781,-11.9624,0,11.2,-0.0548,0.0011,0.629,7.1642,0,0
894,Rally,None,1,-0.0117,55.436,-0.8187,3.5,-16.1737,-1.9181,1.2638,-4.1021,1,Backhand prepare 0.64,0,9,LowPickup,-53.3276,-60.8226,-2.3814,0.8581,-11.7001,1.7949,1,1,Backhand finish,0,9,75.5681,82.0784,0.3367,0,Perfect,,-2.0894,-12.0053,0,11.2,-0.0601,0.0025,2.0847,8.6979,0,0
895,Rally,None,1,-0.0117,55.3754,-0.867,3.5,-16.2075,-1.9599,1.2049,-4.43,1,Backhand prepare 0.70,0,9,LowPickup,-47.7701,-65.1759,-2.4923,0.9181,-11.7115,1.3335,1,1,Backhand finish,0,9,75.2809,81.7004,0.1577,0,Perfect,,-2.1604,-12.0326,0,11.2,-0.0606,0.0057,4.0266,9.9876,0,0
896,Rally,None,1,-0.0117,55.3103,-0.9163,3.5,-16.242,-2.0224,1.1105,-4.9218,1,Backhand prepare 0.73,0,9,LowPickup,-46.4561,-69.4741,-2.6175,0.9573,-11.7494,0.2125,1,1,Backhand finish,0,9,74.1064,81.4595,0.2571,0,Perfect,,-2.262,-12.0718,0,11.2,-0.0652,0.01,4.7625,6.4924,0,0
897,Rally,None,1,-0.0117,55.2452,-0.9637,3.5,-16.2753,-2.0642,1.0437,-5.2497,1,Backhand prepare 0.78,0,9,LowPickup,-41.7002,-73.2281,-2.6864,1.0253,-11.7662,1.8208,1,1,Backhand finish,0,9,71.6246,81.344,0.4449,0,Perfect,,-2.3265,-12.0966,0,11.2,-0.065,0.0155,6.137,5.733,0,0
898,Rally,None,1,-0.0117,55.1803,-1.0094,3.5,-16.3073,-2.1059,0.9736,-5.5776,1,Backhand prepare 0.81,0,9,LowPickup,-33.1161,-74.9696,-2.7424,1.0716,-11.7797,13.9606,1,1,Backhand finish,0,9,68.0085,81.4379,0.6172,0,Perfect,,-2.3884,-12.1205,0,11.2,-0.065,0.0213,6.4258,8.6883,0,0
899,Rally,None,1,-0.0117,55.1111,-1.0555,3.5,-16.3396,-2.1685,0.8626,-6.0695,1,Backhand prepare 0.85,0,9,LowPickup,-21.7707,-77.42,-2.8281,1.1037,-11.8175,1.7125,1,1,Backhand finish,0,9,63.3943,81.6392,0.7731,0,Perfect,,-2.4764,-12.1544,0,11.2,-0.0691,0.0267,6.6534,13.766,0,0
900,Rally,None,1,-0.0117,55.0426,-1.0995,3.5,-16.3705,-2.2102,0.7847,-6.3974,1,Backhand prepare 0.90,0,9,LowPickup,-3.3131,-80.9655,-2.8714,1.1326,-11.9181,8.1052,1,1,Backhand finish,0,9,57.8286,81.7007,0.9271,0,Perfect,,-2.5318,-12.1758,0,11.2,-0.0686,0.0318,7.6273,20.0405,0,0
901,Rally,None,1,-0.0117,54.9701,-1.1434,3.5,-16.4012,-2.2728,0.6618,-6.8892,1,Backhand prepare 0.93,0,9,LowPickup,1.9892,-86.1384,-2.9463,1.13,-12.0959,0.8437,1,1,Backhand finish,0,9,51.844,81.4482,0.9833,0,Perfect,,-2.6101,-12.2059,0,11.2,-0.0724,0.0361,7.6003,15.1271,0,0
902,Rally,None,1,-0.0117,54.8985,-1.184,3.5,-16.4296,-2.3145,0.5759,-7.2171,1,Backhand prepare 0.99,0,9,LowPickup,-0.9332,-91.9163,-3.0422,1.0266,-12.1497,1.2736,1,1,Backhand finish,0,9,45.5921,79.9366,0.9497,0,Perfect,,-2.6434,-12.2188,0,11.2,-0.0717,0.0397,8.3736,8.3196,0,0
903,Rally,None,1,-0.0117,54.8271,-1.2192,3.5,-16.4543,-2.3562,0.4868,-7.545,1,Backhand prepare 1.00,0,9,LowPickup,2.409,-85.6025,-3.0275,0.9632,-12.1189,0.6979,1,1,Backhand finish,0,9,39.534,77.3221,0.8699,0,Perfect,,-2.6434,-12.2188,0,11.2,-0.0714,0.0414,6.5995,8.7364,0,0
904,Rally,None,1,-0.0117,54.7515,-1.2499,3.5,-16.4758,-2.4188,0.3472,-8.0368,1,Backhand prepare 1.00,0,9,LowPickup,10.5676,-74.4096,-2.9905,0.9014,-12.0103,8.3851,1,1,Backhand finish,0,9,33.5954,73.4665,0.81,0,Perfect,,-2.6434,-12.2188,0,11.2,-0.0757,0.0405,5.2012,11.4607,0,0
905,Rally,None,1,-0.0117,54.6766,-1.2765,3.5,-16.4945,-2.4606,0.2502,-8.3647,1,Backhand prepare 1.00,1,0.1645,Drive,16.4399,-59.1937,-2.9,0.8708,-11.9095,0.6149,1,1,Backhand finish,0,9,28.013,68.572,0.7176,0,Perfect,,-2.6434,-12.2188,0,11.2,-0.0748,0.0326,3.2307,6.9016,0,0
906,Rally,None,1,-0.0117,54.6006,-1.2997,3.5,-16.5107,-2.5231,0.1,-8.8566,1,Backhand swing,1,0.1395,Drive,22.4419,-49.4381,-2.8212,0.873,-11.8302,0.1991,1,1,Backhand finish,0,9,22.8403,62.6331,0.6121,0,Perfect,,-2.6434,-12.2188,0,11.2,-0.076,0.0269,2.5462,1.3971,0,0
907,Rally,None,1,-0.0117,54.5255,-1.3198,3.5,-16.5248,-2.5634,0.1813,-9.1732,1,Backhand swing,1,0.1228,Drive,22.852,-44.1549,-2.7681,0.8834,-11.7973,0.4384,1,1,Backhand finish,0,9,18.2808,56.13,0.502,0,Perfect,,-2.6434,-12.2188,0,11.2,-0.0751,0.0208,2.0067,0,0,0
908,Rally,None,1,-0.0117,54.4511,-1.3374,3.5,-16.5371,-2.6037,0.2597,-9.4897,1,Backhand swing,1,0.1062,Drive,21.5067,-41.9152,-2.7335,0.8867,-11.795,0.5527,1,1,Backhand finish,0,9,14.4767,49.0859,0.3626,0,Perfect,,-2.6434,-12.2188,0,11.2,-0.0744,0.0151,1.5816,0,0,0
909,Rally,None,1,-0.0117,54.3728,-1.3526,3.5,-16.5478,-2.6641,0.3718,-9.9646,1,Backhand swing,1,0.0812,Drive,20.7591,-38.2451,-2.6946,0.8822,-11.8118,0.6664,1,1,Backhand finish,0,9,11.4489,41.7408,0.2234,0,Perfect,,-2.6434,-12.2188,0,11.2,-0.0783,0.01,1.0734,0,0,0
910,Rally,None,1,-0.0117,54.2957,-1.3658,3.5,-16.557,-2.7044,0.4429,-10.2811,1,Backhand swing,1,0.0645,Drive,17.7797,-33.5552,-2.661,0.8727,-11.8388,1.0771,1,1,Backhand finish,0,9,9.5349,34.4332,3.7558,0,Perfect,,-2.6434,-12.2188,0,11.2,-0.0771,0.006,0.7095,0,0,0
911,Rally,None,1,-0.0117,54.215,-1.3773,3.5,-16.5651,-2.7649,0.5441,-10.756,1,Backhand swing,1,0.0437,Drive,16.7091,-27.4578,-2.5683,0.8592,-11.6198,0.869,1,1,Backhand finish,0,9,8.7433,27.2999,19.4343,0,Perfect,,-2.6434,-12.2188,0,11.2,-0.0807,0.0029,0.4516,0,0,0
912,Rally,None,1,-0.0117,54.1359,-1.3873,3.5,-16.5721,-2.8051,0.6079,-11.0726,1,Backhand swing,1,0.0312,Drive,12.7964,-21.8557,-2.497,0.874,-11.7594,2.3061,1,1,Backhand finish,0,9,9.0532,20.6199,0.572,0,Perfect,,-2.6434,-12.2188,0,11.2,-0.0792,0.0009,0.2746,0,0,0
913,Rally,None,1,-0.0117,54.0579,-1.396,3.5,-16.5782,-2.8454,0.6688,-11.3891,1,Backhand swing,1,0.0187,Drive,11.4913,-15.2522,-2.5045,1.0229,-11.7795,4.058,1,1,Backhand finish,0,9,10.023,14.4835,0.635,0,Perfect,,-2.6434,-12.2188,0,11.2,-0.0779,-0.0003,0.2164,0,0,0
914,Rally,None,1,-0.0117,53.985,-1.4036,3.5,-16.5835,-2.9058,0.7546,-11.864,1,Backhand swing,1,0,Drive,11.6507,-2.855,-2.5071,0.9273,-11.8499,0.4563,1,1,Backhand finish,0,9,11.1114,9.0937,0.5913,0,Perfect,,-2.6434,-12.2188,0,11.2,-0.0729,-0.0008,0.1706,0,0,0
915,Rally,None,1,0.055,54.2483,-1.4165,3.5032,-16.5872,-2.84,0.815,-11.3489,1,Backhand swing,1,-0.0083,Drive,4.7519,-8.2695,-2.5072,0.9325,-11.8505,1.0135,1,1,Backhand finish,0,9,12.0486,4.6765,0.489,0.6917,Perfect,P:Perfect;,-2.6434,-12.2188,0,11.2,0.2632,-0.0009,0.1344,0,0,0
916,Rally,None,1,0.0383,54.4771,-1.4278,3.4982,-16.592,-2.84,0.815,-11.3489,1,Backhand follow,1,-0.0083,Drive,8.0547,1.2704,-2.5098,0.938,-11.8469,0.9994,1,1,Ready,0,9,17.3043,5.6134,0.8946,0.6333,Perfect,,-2.6434,-12.2188,0,11.2,0.2288,-0.0009,0.1344,0,0,0
917,Rally,None,1,0.0217,54.6761,-1.4241,3.5038,-16.5948,-2.84,0.815,-11.3489,1,Backhand follow,1,-0.0083,Drive,8.0727,1.1281,-2.5124,0.9433,-11.8439,0.0611,1,1,Ready,0,9,16.893,4.6767,0.1022,0.575,Perfect,,-2.6434,-12.2188,0,11.2,0.199,-0.0007,0.1059,0,0,0
918,Rally,None,1,0.005,54.849,-1.4309,3.5027,-16.5979,-2.84,0.815,-11.3489,1,Backhand follow,1,-0.0083,Drive,4.5411,-8.7673,-2.5155,0.9491,-11.8397,1.0321,1,1,Ready,0,9,16.1638,3.8888,0.2509,0.5167,Perfect,,-2.6434,-12.2188,0,11.2,0.173,-0.0003,0.0835,0,0,0
919,Rally,None,1,-0.0117,54.9994,-1.4414,3.5057,-16.5997,-2.84,0.815,-11.3489,1,Backhand follow,1,-0.0083,Drive,4.5214,-8.8447,-2.5174,0.9526,-11.8374,0.0195,1,1,Ready,0,9,15.145,3.2737,0.4156,0.4583,Perfect,,-2.6434,-12.2188,0,11.2,0.1504,0,0.0658,0,0,0
920,Rally,None,1,-0.0117,55.1301,-1.4427,3.5026,-16.6025,-2.7741,0.8722,-10.9537,1,Backhand follow,1,-0.025,Drive,9.6609,9.3954,-2.5072,0.9457,-11.8497,0.0101,1,1,Ready,0,9,13.9353,2.8758,0.3553,0.4,Perfect,,-2.6415,-12.218,0,11.2,0.1307,0.0016,0.7559,0,0,0
921,Rally,None,1,-0.0117,55.2438,-1.4434,3.5001,-16.6047,-2.7082,0.9264,-10.5586,1,Backhand follow,1,-0.0417,Drive,10.1784,16.9731,-2.4986,1.0065,-11.8772,1.2063,1,1,Ready,0,9,12.6767,2.739,0.1407,0.3417,Perfect,,-2.6369,-12.2163,0,11.2,0.1136,0.0041,1.3109,0,0,0
922,Rally,None,1,-0.0117,55.3426,-1.4474,3.5015,-16.6052,-2.6094,1.0018,-9.9659,1,Backhand follow,1,-0.0667,Drive,11.9218,27.4286,-2.5019,0.8922,-11.9952,0.1907,1,1,Ready,0,9,11.4877,2.8304,0.126,0.2833,Perfect,,-2.6253,-12.2118,0,11.2,0.0988,0.0082,2.1057,0,0,0
923,Rally,None,1,-0.0117,55.4285,-1.4401,3.499,-16.6062,-2.5435,1.0482,-9.5708,1,Backhand follow,1,-0.0833,Drive,16.1416,32.2076,-2.5379,0.832,-12.1077,0.4665,1,1,Ready,0,9,10.4422,3.0919,0.3416,0.225,Perfect,,-2.6143,-12.2075,0,11.2,0.0859,0.0133,3.1076,1.1712,0,0
924,Rally,None,1,-0.0117,55.5031,-1.4385,3.4989,-16.6053,-2.4447,1.112,-8.9781,1,Backhand follow,1,-0.1083,Drive,21.0634,40.6258,-2.5372,0.8228,-12.1232,0.7116,1,1,Ready,0,9,9.5783,3.4297,0.4657,0.1667,Perfect,,-2.5929,-12.1993,0,11.2,0.0747,0.0192,4.7615,3.2623,0,0
925,Rally,None,1,-0.0117,55.568,-1.4354,3.4951,-16.6044,-2.3788,1.1506,-8.583,1,Backhand follow,1,-0.125,Drive,28.2025,46.7267,-2.5407,0.8318,-12.0943,0.5727,1,1,Ready,0,9,8.8496,3.7479,2.4516,0.1083,Perfect,,-2.5754,-12.1925,0,11.2,0.0649,0.025,5.846,7.6731,0,0
926,Rally,None,1,-0.0117,55.6245,-1.4332,3.4969,-16.6016,-2.3129,1.1862,-8.1878,1,Backhand follow,1,-0.1417,Drive,34.4481,52.8238,-2.5061,0.8335,-12.09,0.6622,1,1,Ready,0,9,8.1281,3.94,10.3867,0.05,Perfect,,-2.5553,-12.1848,0,11.2,0.0564,0.03,6.9053,9.0839,0,0
927,Rally,None,1,-0.0117,55.6735,-1.4272,3.4975,-16.5976,-2.2141,1.2337,-7.5951,1,Backhand follow,1,-0.1667,Drive,41.8165,59.9575,-2.4414,0.8502,-12.0978,0.7537,1,1,Ready,0,9,7.5241,4.021,0.2244,0,Perfect,,-2.5203,-12.1713,0,11.2,0.0491,0.0344,7.8258,6.5586,0,0
928,Rally,None,1,-0.0117,55.7162,-1.42,3.4978,-16.5928,-2.1482,1.2615,-7.2,1,Backhand follow,1,-0.1833,Drive,46.4815,65.0157,-2.3764,0.8599,-12.1101,3.158,1,1,Ready,0,9,7.172,3.9796,0.4789,0,Perfect,,-2.4937,-12.1611,0,11.2,0.0427,0.0377,7.7568,3.9586,0,0
929,Rally,None,1,-0.0117,55.7533,-1.4104,3.4981,-16.5864,-2.0494,1.2974,-6.6073,1,Backhand follow,1,-0.2083,Drive,51.3331,72.2893,-2.2982,0.905,-12.1244,1.2737,1,1,Ready,0,9,6.9841,3.9261,0.6584,0,Perfect,,-2.449,-12.1438,0,11.2,0.0371,0.0403,8.4969,2.8926,0,0
930,Rally,None,1,-0.0117,55.7855,-1.3998,3.4984,-16.5792,-1.9835,1.3175,-6.2122,1,Backhand follow,1,-0.225,Drive,53.988,77.1222,-2.1784,0.9395,-12.1698,0.6965,1,1,Ready,0,9,6.8999,4.0056,0.5905,0,Perfect,,-2.416,-12.1311,0,11.2,0.0322,0.0417,8.2857,2.9169,0,0
931,Rally,None,1,-0.0117,55.8135,-1.3879,3.4986,-16.5711,-1.9176,1.3344,-5.8171,1,Backhand follow,1,-0.2417,Drive,56.0175,81.8191,-2.0511,0.9716,-12.1888,0.6688,1,1,Ready,0,9,6.9351,4.2035,0.4818,0,Perfect,,-2.3803,-12.1174,0,11.2,0.028,0.042,8.1192,2.8967,0,0
932,Rally,None,1,-0.0117,55.8379,-1.3734,3.4988,-16.5611,-1.8188,1.3541,-5.2244,1,Backhand follow,1,-0.2667,Drive,58.1111,86.8419,-1.959,1.028,-12.2877,0.7395,1,1,Ready,0,9,7.0833,4.56,0.3562,0,Perfect,,-2.322,-12.0949,0.1201,11.2,0.0244,0.0416,8.5,3.1235,0,0
933,Rally,None,1,-0.0117,55.8591,-1.3578,3.4989,-16.5504,-1.7529,1.3633,-4.8292,1,Backhand follow,0,9,Drive,57.4457,86.3213,-1.8968,1.0301,-12.2834,0.4803,1,1,Run,0,9,1.1689,-0.5798,0.8958,0,Perfect,,-2.2799,-12.0787,0.2002,11.2,0.0212,0.0416,8.5,3.1235,0,0
934,Rally,None,1,-0.0117,55.8775,-1.3394,3.4991,-16.5376,-1.6541,1.3713,-4.2365,1,Run,0,9,Drive,33.7377,50.2398,-1.7725,0.768,-12.0059,3.663,0.9555,0.8333,Run,0,9,-10.0029,-10.5923,0,0,Perfect,,-2.2119,-12.0524,0.3203,11.2,0.0184,0.0405,8.5,7.4219,0,0
935,Rally,None,1,-0.0117,55.8935,-1.3198,3.4992,-16.524,-1.5882,1.3728,-3.8414,1,Run,0,9,Drive,33.3725,43.7419,-1.7013,0.7716,-11.9472,2.9338,0.856,0.6667,Forehand prepare 0.13,0,9,-17.5377,-20.4247,14.5536,0,Perfect,,-2.1633,-12.0337,0.4004,11.2,0.016,0.0391,8.5,2.7452,0,0
936,Rally,None,1,-0.0117,55.9074,-1.2992,3.4993,-16.5096,-1.5223,1.3711,-3.4463,1,Run,0,9,Drive,33.1267,41.6136,-1.6292,0.772,-11.9139,17.106,0.7361,0.5,Forehand prepare 0.16,0,9,-22.1914,-26.7825,3.7521,0,Perfect,,-2.1121,-12.014,0.4713,11.2,0.0139,0.0371,8.5,2.1156,0,0
937,Rally,None,1,-0.0117,55.9195,-1.2753,3.4994,-16.493,-1.4235,1.3629,-2.8536,1,Run,0,9,Drive,33.06,39.8632,-1.5497,0.7726,-11.879,0.2868,0.6155,0.3333,Forehand prepare 0.20,0,9,-22.4151,-29.2927,2.6453,0,Perfect,,-2.0304,-11.9825,0.4713,11.2,0.0121,0.0346,8.4883,1.4601,0,0
938,Rally,None,1,-0.0117,55.93,-1.2505,3.4995,-16.4757,-1.3576,1.3535,-2.4585,1,Run,0,9,Drive,33.2486,38.3201,-1.496,0.773,-11.8586,0.2328,0.5041,0.1667,Forehand prepare 0.26,0,9,-17.7048,-25.0132,0.4336,0,Perfect,,-1.9727,-11.9603,0.4713,11.2,0.0105,0.0317,8.5,0.9139,0,0
939,Rally,None,1,-0.0117,55.9392,-1.2223,3.4995,-16.456,-1.2588,1.3336,-1.8658,1,Run,0,9,Drive,33.6763,36.9261,-1.4084,0.767,-11.8298,0.4679,0.4064,0,Forehand prepare 0.29,0,9,-6.1261,-13.3502,0.8683,0,Perfect,,-1.8814,-11.9251,0.4713,11.2,0.0091,0.0284,8.5,0.5232,0,0.0001
940,Rally,None,1,-0.0117,55.9471,-1.1932,3.4996,-16.4357,-1.1929,1.3165,-1.4706,1,Run,0,9,Drive,34.275,35.6616,-1.3521,0.7439,-11.8158,2.6294,0.3236,0,Forehand prepare 0.35,0,9,6.6274,1.4414,6.3668,0,Perfect,,-1.8172,-11.9004,0.4713,11.2,0.0079,0.0248,8.5,0.277,0,0.0002
941,Rally,None,1,-0.0117,55.954,-1.1632,3.4996,-16.4147,-1.127,1.2963,-1.0755,1,Run,0,9,Drive,35.0769,34.4571,-1.3038,0.7143,-11.8078,2.4777,0.2551,0,Forehand prepare 0.39,0,9,20.3556,16.4962,1.7572,0,Perfect,,-1.7519,-11.8752,0.4713,11.2,0.0069,0.0207,8.5,0.1767,0,0.0001
942,Rally,None,1,-0.0117,55.96,-1.1301,3.4997,-16.3915,-1.0282,1.2601,-0.4828,1,Run,0,9,Drive,36.0817,33.6788,-1.2185,0.6802,-11.7907,11.006,0.1995,0,Forehand prepare 0.42,0,9,32.1374,30.7329,0.935,0,Perfect,,-1.6539,-11.8374,0.4713,11.2,0.006,0.016,7.3293,0.2037,0,0.0001
943,Rally,None,1,-0.0117,55.9652,-1.0966,3.4997,-16.3681,-0.9623,1.2322,-0.0877,1,Run,0,9,Drive,36.9906,33.182,-1.1608,0.6852,-11.784,4.319,0.1549,0,Forehand prepare 0.48,0,9,42.0452,45.2317,0.5687,0,Perfect,,-1.5886,-11.8122,0.4713,11.2,0.0052,0.0109,5.7765,0.2382,0,0.0001
944,Rally,None,1,-0.0117,55.9038,-1.0604,3.4998,-16.3428,-0.8634,1.1844,0.505,1,Run,0,9,Drive,37.7973,32.7017,-1.0701,0.7173,-11.7631,1.2501,0.1195,0,Forehand prepare 0.52,0,9,53.6849,58.4772,1.5257,0,Perfect,,-1.4906,-11.7745,0.4713,11.2,-0.0614,0.0061,4.5526,0.2687,0,0.0001
945,Rally,None,1,-0.0117,55.7988,-1.0243,3.4998,-16.3175,-0.7976,1.1487,0.9001,1,Run,0,9,Drive,38.2754,32.1002,-1.0161,0.7308,-11.7524,3.2252,0.0918,0,Forehand prepare 0.57,0,9,63.7151,71.0945,1.6678,0,Perfect,,-1.4253,-11.7493,0.4713,11.2,-0.105,0.002,3.588,0.2604,0,0.0001
946,Rally,None,1,-0.0117,55.6559,-0.9882,3.4998,-16.2923,-0.7317,1.1099,1.2953,1,Run,0,9,Drive,38.687,31.9376,-0.9526,0.7516,-11.7495,5.0049,0.0702,0,Forehand prepare 0.61,0,9,65.3931,80.7781,0.6471,0,Perfect,,-1.36,-11.7241,0.4713,11.2,-0.1429,-0.001,2.8278,0.1454,0,0.0001
947,Rally,None,1,-0.0117,55.4542,-0.9498,3.4998,-16.2654,-0.6329,1.0458,1.8879,1,Run,0,9,Drive,38.7911,31.9458,-0.7786,0.7908,-11.7031,0.4242,0.0534,0,Forehand prepare 0.65,0,9,62.8288,89.0709,1.835,0,Perfect,,-1.262,-11.6864,0.4713,11.2,-0.2017,-0.0029,2.2287,0.1243,0,0.0001
948,Rally,None,1,-0.0117,55.2272,-0.9117,3.4999,-16.2387,-0.567,0.9993,2.2831,1,Run,0,9,Drive,38.6411,32.074,-0.6693,0.8147,-11.6706,2.0438,0.0405,0,Forehand prepare 0.70,0,9,62.1816,95.8475,1.5874,0,Perfect,,-1.1967,-11.6612,0.4713,11.2,-0.227,-0.0039,1.7565,0.3491,0,0.0001
949,Rally,None,1,-0.0117,54.9525,-0.8715,3.4999,-16.2106,-0.4681,0.9236,2.8758,1,Run,0,9,Drive,38.1845,32.4305,-0.6061,0.7887,-11.6169,0.2704,0.0307,0,Forehand prepare 0.74,0,9,64.7763,100.0038,1.6375,0,Perfect,,-1.0987,-11.6234,0.4713,11.2,-0.2747,-0.004,1.3843,0.6312,0,0.0001
950,Rally,None,1,-0.0117,54.662,-0.8319,3.4999,-16.1828,-0.4023,0.8693,3.2709,1,Run,0,9,Drive,37.4595,33.0161,-0.6091,0.7489,-11.5682,2.476,0.0231,0,Forehand prepare 0.79,0,9,62.9012,101.7472,1.4227,0,Perfect,,-1.0334,-11.5983,0.4713,11.2,-0.2905,-0.0036,1.091,0.9313,0,0.0001
951,Rally,None,1,-0.0117,54.3579,-0.7928,3.4999,-16.1554,-0.3364,0.8119,3.666,1,Run,0,9,Drive,36.6658,33.7256,-0.5306,0.7384,-11.5234,2.8542,0.0174,0,Forehand prepare 0.83,0,9,56.8974,101.4807,0.6711,0,Perfect,,-0.9681,-11.5731,0.4713,11.2,-0.3041,-0.0029,0.8599,1.1434,0,0.0002
952,Rally,None,1,-0.0117,54.016,-0.7518,3.4999,-16.1267,-0.2376,0.72,4.2587,1,Run,0,9,Drive,35.841,34.5342,-0.4211,0.7445,-11.4666,0,0.0131,0,Forehand prepare 0.87,0,9,46.3169,97.5781,1.3335,0,Perfect,,-0.8701,-11.5353,0.4713,11.2,-0.3418,-0.002,0.6777,1.2556,0,0
953,Rally,None,1,-0.0117,53.6672,-0.7114,3.4999,-16.0984,-0.1717,0.6548,4.6538,1,Run,0,9,Drive,34.9792,35.4349,-0.345,0.7632,-11.4204,3.0973,0.0098,0,Forehand prepare 0.92,0,9,26.6132,83.9115,1.9367,0,Perfect,,-0.8048,-11.5102,0.4713,11.2,-0.3488,-0.0012,0.5341,1.2869,0,0.0001
954,Rally,None,1,-0.0117,53.2866,-0.6692,3.4999,-16.0689,-0.0728,0.5513,5.2465,1,Run,0,9,Drive,34.3086,36.2733,-0.2332,0.8046,-11.3667,1.9083,0.0073,0,Forehand prepare 0.96,0,9,16.4139,70.6599,0.468,0,Perfect,,-0.7068,-11.4724,0.4713,11.2,-0.3807,-0.0004,0.4209,1.1562,0,0
955,Rally,None,1,-0.0117,52.904,-0.6279,3.5,-16.0399,-0.007,0.4784,5.6417,1,Run,0,9,Drive,33.8407,37.0107,-0.1585,0.8363,-11.3316,0.2025,0.0055,0,Forehand prepare 1.00,0,9,7.0955,56.0228,1.6964,0,Perfect,,-0.6415,-11.4472,0.4713,11.2,-0.3825,0.0001,0.3318,0.8991,0,0.0001
956,Rally,None,1,-0.0117,52.5246,-0.5873,3.5,-16.0115,0.0589,0.4024,6.0368,1,Run,0,9,Drive,33.5661,37.6169,-0.091,0.848,-11.3065,0.4864,0.0041,0,Forehand prepare 1.00,0,9,7.1354,55.0091,0.0247,0,Perfect,,-0.5762,-11.4221,0.4713,11.2,-0.3794,0.0005,0.2615,0.5644,0,0
957,Rally,None,1,-0.0117,52.1948,-0.5451,3.5,-15.9819,0.1578,0.2825,6.6295,1,Run,0,9,Drive,33.5741,38.0038,0.003,0.8511,-11.2725,3.4947,0.003,0,Forehand prepare 1.00,1,0.168,12.7529,58.736,0,0,Perfect,,-0.4811,-11.3854,0.4713,11.2,-0.3298,0.0006,0.2061,0.1536,0,0.0001
958,Rally,None,1,-0.0117,51.9081,-0.5042,3.5,-15.9532,0.2236,0.1988,7.0246,1,Run,0,9,Drive,33.9562,38.5466,0.0593,0.8558,-11.2556,0.8165,0.0023,0,Backhand swing,1,0.1527,66.5963,43.9887,8.1338,0,Perfect,,-0.421,-11.3623,0.4713,11.2,-0.2867,0.0018,1.8256,0.2962,0,0
959,Rally,None,1,-0.0117,51.6588,-0.4624,3.5,-15.924,0.3225,0.1,7.6173,1,Run,0,9,Drive,34.4578,38.6937,0.1387,0.8423,-11.2325,2.0927,0,0,Backhand swing,1,0.1298,52.0075,13.5713,0.3768,0,Perfect,,-0.3357,-11.3294,0.4713,11.2,-0.2493,0.0042,3.0278,0.6898,0,0
960,Rally,None,1,-0.0117,51.4421,-0.4223,3.5,-15.8959,0.3855,0.1692,7.9956,1,Run,0,9,Drive,35.0407,38.7651,0.1842,0.8417,-11.2227,11.6269,0,0,Backhand swing,1,0.1146,35.9833,-12.9412,1.6179,0,Perfect,,-0.282,-11.3087,0.5514,11.2,-0.2167,0.0082,4.7699,0.9708,0,0
961,Rally,None,1,-0.0117,51.2537,-0.3837,3.5,-15.8688,0.4486,0.2354,8.374,1,Run,0,9,Drive,35.7001,38.4357,0.2249,0.8242,-11.2159,0.1195,0,0,Backhand swing,1,0.0993,-8.5292,-38.8278,0,0,Perfect,,-0.231,-11.289,0.6315,11.2,-0.1884,0.0132,5.3483,1.1721,0,0
962,Rally,None,1,-0.0117,51.0899,-0.345,3.5,-15.8417,0.5433,0.3295,8.9415,1,Run,0,9,Drive,36.3802,37.964,0.2886,0.8059,-11.2014,0.1556,0,0,Backhand swing,1,0.0764,19.7304,-40.8906,22.2032,0,Perfect,,-0.1592,-11.2614,0.7516,11.2,-0.1638,0.0185,5.8042,1.2582,0,0
963,Rally,None,1,-0.0117,50.9475,-0.3082,3.5,-15.8159,0.6063,0.3885,9.3198,1,Run,0,9,Drive,36.99,37.5762,0.3266,0.7959,-11.1947,1.471,0,0,Backhand swing,1,0.0611,13.5894,-40.6139,1.3814,0,Perfect,,-0.1147,-11.2442,0.8317,11.2,-0.1424,0.0242,6.958,1.1979,0,0
964,Rally,None,1,-0.0117,50.8237,-0.2717,3.5,-15.7904,0.701,0.4717,9.8873,1,Run,0,9,Drive,37.4726,37.0176,0.3832,0.7824,-11.1793,9.0796,0,0,Backhand swing,1,0.0382,10.1877,-33.7881,4.7006,0,Perfect,,-0.0527,-11.2203,0.938,11.2,-0.1238,0.0294,7.0728,1.0302,0,0
965,Rally,None,1,-0.0117,50.7161,-0.2372,3.5,-15.7662,0.764,0.5236,10.2657,1,Run,0,9,Drive,37.9375,36.5836,0.4167,0.7767,-11.1721,1.7599,0,0,Backhand swing,1,0.0229,1.351,-28.2411,2.6457,0,Perfect,,-0.0146,-11.2056,0.938,11.2,-0.1076,0.0343,7.9579,0.8149,0,0
966,Rally,None,1,-0.0117,50.6226,-0.2063,3.5,-15.7445,0.8271,0.5725,10.644,1,Run,0,9,Drive,38.3067,36.0328,0.4267,0.7748,-11.1729,0.2479,0,0,Backhand swing,1,0.0076,-1.3026,-16.6812,0.7878,0,Perfect,,0,-11.2,0.938,11.2,-0.0936,0.0382,7.8609,0.5751,0,0
967,Rally,None,1,-0.0117,51.3251,-0.1793,3.5,-15.7256,0.8587,0.5959,10.7132,1,Ready,0,9,Drive,36.3695,33.3325,0.3969,0.773,-11.1448,1.3582,0,0,Backhand swing,1,0,-0.3806,-6.8151,6.522,0,Perfect,R;,0,-11.2,0.9513,11.2,0.7025,0.04,6.1954,0.5961,0,0
968,Rally,None,1,-0.0117,51.9358,-0.1559,3.5,-15.7092,0.8714,0.6785,10.4277,1,Ready,0,9,Drive,32.6308,28.3644,0.3391,0.766,-11.0959,1.9774,0,0,Backhand swing,1,-0.0167,0.2483,-0.6449,32.267,0,Perfect,,0,-11.2,0.8712,11.2,0.6107,0.0392,4.8827,0.9538,0,0
969,Rally,None,1,-0.0117,52.4668,-0.1355,3.5,-15.695,0.884,0.7582,10.1422,1,Ready,0,9,Drive,28.8579,23.5374,0.2789,0.7827,-11.0641,0.2611,0,0,Backhand follow,1,-0.0333,3.4469,7.9194,0.8594,0,Perfect,,0,-11.2,0.7911,11.2,0.531,0.0362,3.8482,1.6863,0,0
970,Rally,None,1,-0.0117,52.9284,-0.1178,3.5,-15.6826,0.9031,0.8728,9.7139,1,Ready,0,9,Drive,25.5129,19.5774,0.2347,0.8016,-11.0254,0.4499,0,0,Backhand follow,1,-0.0583,12.5009,24.3875,1.9303,0,Perfect,,0,-11.2,0.671,11.2,0.4616,0.0314,3.0329,2.2035,0,0
971,Rally,None,1,-0.0117,53.3297,-0.1024,3.5,-15.6718,0.9157,0.9457,9.4284,1,Ready,0,9,Drive,22.7066,16.5273,0.2013,0.8142,-10.9904,0.6711,0,0,Backhand follow,1,-0.075,24.6058,37.7012,0,0,Perfect,,0,-11.2,0.5909,11.2,0.4013,0.0257,2.3903,2.3951,0,0
972,Rally,None,1,-0.0117,53.6785,-0.0888,3.5,-15.6627,0.9348,1.0499,9.0002,1,Ready,0,9,Drive,20.3827,14.2198,0.1757,0.8219,-10.9811,0.8727,0,0,Backhand follow,1,-0.1,36.6532,53.9475,19.4345,0,Perfect,,0.0037,-11.202,0.4708,11.2,0.3489,0.0198,1.8839,2.2812,0,0
973,Rally,None,1,-0.0117,53.9818,-0.0765,3.5,-15.6551,0.9474,1.116,8.7147,1,Run,0,9,Drive,18.63,12.0447,0.1676,0.8271,-10.9845,0.8474,0,0,Backhand follow,1,-0.1167,48.961,65.5854,2.2509,0,Perfect,,0.0091,-11.205,0.3907,11.2,0.3033,0.0133,1.8227,1.8407,0,0
974,Rally,None,1,-0.0117,54.2455,-0.0653,3.5,-15.6491,0.9601,1.1793,8.4292,1,Run,0,9,Drive,18.0203,11.2951,0.1868,0.8339,-10.995,0.3868,0,0,Backhand follow,1,-0.1333,57.3772,74.2993,0,0,Perfect,,0.017,-11.2094,0.3106,11.2,0.2637,0.0071,2.8567,1.1799,0,0
975,Rally,None,1,-0.0117,54.4747,-0.0544,3.5,-15.6451,0.9791,1.2691,8.001,1,Run,0,9,Drive,18.597,11.7201,0.227,0.8297,-11.0176,0.1835,0,0,Backhand follow,1,-0.1583,63.6161,80.9798,2.5945,0,Perfect,,0.0335,-11.2184,0.1905,11.2,0.2292,0.0021,3.7934,0.5723,0,0
976,Rally,None,1,-0.0117,54.6739,-0.0439,3.5,-15.6426,0.9918,1.3256,7.7155,1,Run,0,9,Drive,20.413,13.1314,0.2687,0.8014,-11.0441,0.1251,0,0,Backhand follow,1,-0.175,66.7286,85.1122,0.067,0,Perfect,,0.0475,-11.2261,0.1104,11.2,0.1993,-0.0016,5.3501,0.9638,0,0
977,Rally,None,1,-0.0117,54.8472,-0.0329,3.5,-15.6423,1.0108,1.4051,7.2872,1,Run,0,9,Drive,23.1765,15.6853,0.327,0.7626,-11.0845,0.1215,0,0,Backhand follow,1,-0.2,68.1907,89.7745,0.8203,0,Perfect,,0.073,-11.2401,0,11.2,0.1732,-0.0039,5.7994,1.7558,0,0
978,Rally,None,1,-0.0117,54.9978,-0.0219,3.5,-15.6435,1.0235,1.4547,7.0017,1,Run,0,9,Drive,26.1257,18.0483,0.3807,0.7325,-11.1183,0,0,0,Backhand follow,1,-0.2167,68.8535,93.3707,0.0536,0,Perfect,,0.0931,-11.2512,0,11.2,0.1506,-0.005,6.9497,0.9358,0,0
979,Rally,None,1,-0.0117,55.1287,-0.0107,3.5,-15.6461,1.0362,1.5015,6.7162,1,Run,0,9,Drive,28.6761,20.4319,0.4317,0.7101,-11.1558,0,0,0,Backhand follow,1,-0.2333,66.2636,89.6724,3.8753,0,Perfect,,0.1157,-11.2635,0,11.2,0.1309,-0.0051,7.0648,0.8788,0,0
980,Rally,None,1,-0.0117,55.2426,0.0017,3.5,-15.6511,1.0552,1.5666,6.288,1,Run,0,9,Drive,30.5605,22.3171,0.4952,0.6962,-11.1963,0,0,0,Backhand follow,1,-0.2583,61.5696,82.751,0.7779,0,Perfect,,0.154,-11.2846,0,11.2,0.1138,-0.0045,7.1561,0.7935,0,0
981,Rally,None,1,-0.0117,55.3415,0.0146,3.5,-15.6575,1.0679,1.6066,6.0025,1,Run,0,9,Drive,31.7483,23.4065,0.5418,0.6845,-11.2236,0,0,0,Backhand follow,1,-0.275,57.4247,74.9967,8.5582,0,Perfect,,0.1826,-11.3003,0,11.2,0.099,-0.0036,8.0227,0.607,0,0
982,Rally,None,1,-0.0117,55.4275,0.0293,3.5,-15.6665,1.0869,1.6614,5.5743,1,Run,0,9,Drive,32.477,24.5056,0.6043,0.6817,-11.2565,0,0,0,Backhand follow,0,9,53.6429,69.3739,0.1619,0,Perfect,,0.2301,-11.3264,0,11.2,0.086,-0.0024,7.9117,0.3787,0,0
983,Rally,None,1,-0.0117,55.5023,0.0445,3.5,-15.6768,1.0996,1.6945,5.2888,1,Run,0,9,Drive,32.7398,25.0905,0.6624,0.6784,-11.284,0,0,0,Backhand finish,0,9,40.8257,63.0643,6.6685,0,Perfect,,0.2648,-11.3454,0,11.2,0.0748,-0.0014,8.5,0.2238,0,0
984,Rally,None,1,-0.0117,55.5673,0.0603,3.5,-15.6885,1.1123,1.7249,5.0033,1,Run,0,9,Drive,32.7322,25.8481,0.6992,0.6815,-11.2864,0,0,0,Backhand finish,0,9,50.2617,63.8746,1.9127,0,Perfect,,0.3019,-11.3658,0,11.2,0.065,-0.0005,8.3816,0.3415,0,0
985,Rally,None,1,-0.0117,55.6239,0.0785,3.5,-15.7029,1.1313,1.7653,4.575,1,Run,0,9,Drive,32.4564,26.6154,0.7718,0.6874,-11.3074,0,0,0,Backhand finish,0,9,50.9785,64.3086,2.877,0,Perfect,,0.3622,-11.3989,0,11.2,0.0565,0.0002,8.1948,0.5667,0,0
986,Rally,None,1,-0.0117,55.673,0.0974,3.5,-15.7185,1.144,1.7888,4.2896,1,Run,0,9,Drive,31.9366,27.1947,0.8266,0.6938,-11.3152,0,0,0,Backhand finish,0,9,53.7737,67.0964,1.8012,0,Perfect,,0.4054,-11.4226,0,11.2,0.0491,0.0006,8.5,0.7786,0,0
987,Rally,None,1,-0.0117,55.7157,0.1188,3.5,-15.7371,1.163,1.8189,3.8613,1,Run,0,9,Drive,31.3583,27.9123,0.9068,0.7143,-11.3371,3.7144,0,0,Backhand finish,0,9,57.9899,72.281,0.179,0,Perfect,,0.4748,-11.4607,0,11.2,0.0427,0.0008,8.5,0.9166,0,0
988,Rally,None,1,-0.0117,55.7529,0.1409,3.5,-15.7568,1.1757,1.8355,3.5758,1,Run,0,9,Drive,30.7195,28.6578,0.9657,0.7542,-11.3482,1.1052,0,0,Backhand finish,0,9,62.7546,77.9225,0.5098,0,Perfect,,0.5241,-11.4878,0,11.2,0.0371,0.0009,8.5,0.9857,0,0
989,Rally,None,1,-0.0117,55.7852,0.1639,3.5,-15.7776,1.1884,1.8494,3.2903,1,Run,0,9,Drive,29.9906,29.4027,1.0287,0.7835,-11.3641,2.0392,0,0,Backhand finish,0,9,67.3314,82.8943,0.5907,0,Perfect,,0.5758,-11.5162,0,11.2,0.0323,0.0008,8.5,1,0,0
990,Rally,None,1,-0.0117,55.8132,0.1897,3.5,-15.8016,1.2074,1.8651,2.8621,1,Run,0,9,Drive,29.3661,30.1637,1.1202,0.8055,-11.4012,0.9309,0,0,Backhand finish,0,9,71.0825,87.0253,0.5638,0,Perfect,,0.658,-11.5614,0,11.2,0.0281,0.0006,8.5,0.9292,0,0
991,Rally,None,1,-0.0117,55.8376,0.2164,3.5,-15.8267,1.2201,1.8721,2.5766,1,Run,0,9,Drive,28.9378,30.8257,1.1841,0.8151,-11.4278,11.4503,0,0,Backhand finish,0,9,73.3875,90.3855,0.199,0,Perfect,,0.7158,-11.5931,0,11.2,0.0244,0.0004,8.5,0.7448,0,0
992,Rally,None,1,-0.0117,55.8588,0.2457,3.5,-15.8545,1.2391,1.8775,2.1483,1,Run,0,9,Drive,28.7449,31.3724,1.2728,0.8147,-11.4729,3.7626,0,0,Backhand finish,0,9,74.507,93.0509,0.3795,0,Perfect,,0.801,-11.6399,0,11.2,0.0212,0.0003,8.5,0.4717,0,0
993,Rally,None,1,-0.0117,55.8773,0.275,3.5,-15.8826,1.2518,1.8776,1.8629,1,Run,0,9,Drive,29.0311,33.2283,1.3302,0.8262,-11.5057,4.3904,0,0,Backhand finish,0,9,74.6296,95.0103,0.475,0,Perfect,,0.8548,-11.6695,0,11.2,0.0184,0.0001,5.0484,0.1345,0,0
994,Rally,None,1,-0.0117,55.8933,0.3042,3.5,-15.9107,1.2644,1.875,1.5774,1,Run,0,9,Drive,29.4875,34.5146,1.3831,0.8341,-11.5403,0.477,0,0,Backhand finish,0,9,74.1068,96.2526,0.5165,0,Perfect,,0.9062,-11.6976,0,11.2,0.016,0,2.3897,0.2431,0,0
995,Rally,None,1,-0.0117,55.9073,0.3348,3.5,-15.9403,1.2835,1.866,1.1491,1,Run,0,9,Drive,30.1203,35.3189,1.4548,0.8482,-11.588,0.7583,0,0,Backhand finish,0,9,73.4672,96.8073,0.4559,0,Perfect,,0.9786,-11.7374,0,11.2,0.0139,-0.0001,0.2944,0.6063,0,0
996,Rally,None,1,-0.0117,55.9194,0.3646,3.5,-15.9693,1.2961,1.8566,0.8636,1,Run,0,9,Drive,30.8864,36.0931,1.4947,0.861,-11.6257,7.814,0,0,Backhand finish,0,9,73.1674,96.6031,0,0,Perfect,,1.0238,-11.7623,0,11.2,0.0121,0.0012,2.1516,0.8936,0,0
997,Rally,None,1,-0.0117,55.9299,0.3951,3.5,-15.9991,1.3152,1.8372,0.4354,1,Run,0,9,Drive,31.5672,36.1772,1.5492,0.8538,-11.674,0.2829,0,0,Backhand finish,0,9,73.2257,95.6834,0.0288,0,Perfect,,1.0872,-11.7971,0,11.2,0.0105,0.0041,3.2848,1.0648,0,0
998,Rally,None,1,-0.0117,55.9391,0.4244,3.5,-16.0277,1.3278,1.8209,0.1499,1,Run,0,9,Drive,32.294,36.397,1.583,0.8408,-11.7088,1.7601,0,0,Backhand finish,0,9,73.6217,94.2075,0.1816,0,Perfect,,1.1263,-11.8186,0,11.2,0.0092,0.0087,4.9724,1.1251,0,0
999,Rally,None,1,-0.0117,55.947,0.4525,3.5,-16.0553,1.3405,1.8019,-0.1356,1,Forehand prepare 0.05,0,9,Drive,32.8417,35.905,1.6659,0.8745,-11.7478,1.5086,0.2083,0.1667,Backhand finish,0,9,74.313,92.3339,0.2809,0,Perfect,,1.1631,-11.8387,0,11.2,0.008,0.0143,5.5079,2.6244,0,0
1000,Rally,None,1,-0.0117,55.9539,0.4803,3.5,-16.0826,1.3595,1.7681,-0.5638,1,Forehand prepare 0.08,0,9,Drive,48.1007,38.999,1.6287,0.7924,-11.956,1.848,0.4167,0.3333,Backhand finish,0,9,75.023,90.2591,0.2686,0,Perfect,,1.2098,-11.8644,0,11.2,0.0069,0.0201,5.93,6.9674,0,0
1001,Rally,None,1,-0.0117,55.96,0.5045,3.5,-16.1064,1.3722,1.7422,-0.8493,1,Forehand prepare 0.13,0,9,Drive,41.0331,36.2882,1.6498,0.8263,-11.8438,1.1856,0.625,0.5,Backhand finish,0,9,75.4941,88.1409,0.1632,0,Perfect,,1.2098,-11.8644,0,11.2,0.006,0.0244,4.6736,4.2324,0,0
1002,Rally,None,1,-0.0117,55.9544,0.5255,3.5,-16.127,1.3912,1.6982,-1.2776,1,Forehand prepare 0.17,0,9,Drive,41.3497,33.3741,1.5949,0.8048,-11.849,0.4657,0.8333,0.6667,Backhand finish,0,9,75.7472,86.1888,0.0357,0,Perfect,,1.2098,-11.8644,0,11.2,-0.0056,0.0267,3.6834,4.4583,0,0
1003,Rally,None,1,-0.0117,55.9404,0.5438,3.5,-16.145,1.4039,1.6654,-1.5631,1,Forehand prepare 0.22,0,9,Drive,43.0428,32.6315,1.5675,0.7809,-11.8461,0.2991,1,0.8333,Backhand finish,0,9,75.8085,84.5149,0.0457,0,Perfect,,1.2098,-11.8644,0,11.2,-0.0139,0.0267,2.903,3.2763,0,0
1004,Rally,None,1,-0.0117,55.9192,0.5597,3.5,-16.1606,1.4166,1.6298,-1.8486,1,Forehand prepare 0.26,0,9,Drive,44.3076,33.4487,1.5474,0.7634,-11.8383,0.2262,1,1,Backhand finish,0,9,75.741,83.1791,0.4311,0,Perfect,,1.2098,-11.8644,0,11.2,-0.0212,0.0248,2.2879,2.9463,0,0
1005,Rally,None,1,-0.0117,55.8872,0.5735,3.5,-16.1741,1.4356,1.5714,-2.2768,1,Forehand prepare 0.30,0,9,Drive,46.2745,35.8896,1.5812,0.779,-11.8566,0.2171,1,1,Backhand finish,0,9,75.5681,82.1967,0.3367,0,Perfect,,1.2098,-11.8644,0,11.2,-0.032,0.0215,1.8032,3.633,0,0
1006,Rally,None,1,-0.0117,55.8503,0.5855,3.5,-16.1859,1.4483,1.529,-2.5623,1,Forehand prepare 0.35,0,9,Drive,49.1443,40.7457,1.6438,0.8083,-11.9124,0.2771,1,1,Backhand finish,0,9,75.2809,81.5313,0.1577,0,Perfect,,1.2098,-11.8644,0,11.2,-0.0369,0.0175,1.4211,6.1155,0,0
1007,Rally,None,1,-0.0117,55.8046,0.5959,3.5,-16.1962,1.4673,1.4602,-2.9905,1,Forehand prepare 0.39,0,9,Drive,53.9305,47.3621,1.6821,0.8289,-12.0101,0.2213,1,1,Backhand finish,0,9,74.1064,81.0948,0.2571,0,Perfect,,1.2098,-11.8644,0,11.2,-0.0457,0.0132,1.12,7.533,0,0
1008,Rally,None,1,-0.0117,55.7557,0.605,3.5,-16.2051,1.48,1.411,-3.276,1,Forehand prepare 0.45,0,9,Drive,57.7475,56.71,1.6907,0.865,-12.1637,0.1038,1,1,Backhand finish,0,9,71.6246,80.8728,0.4449,0,Perfect,,1.2098,-11.8644,0,11.2,-0.0488,0.0092,0.8827,10.139,0,0
1009,Rally,None,1,-0.0117,55.7042,0.6129,3.5,-16.2129,1.4927,1.359,-3.5615,1,Forehand prepare 0.48,0,9,Drive,62.738,66.2161,1.6493,0.9277,-12.3191,0.4067,1,1,Backhand finish,0,9,68.0085,80.9377,0.6172,0,Perfect,,1.2098,-11.8644,0,11.2,-0.0515,0.0058,0.6957,9.489,0,0
1010,Rally,None,1,-0.0117,55.6459,0.6198,3.5,-16.2196,1.5117,1.2758,-3.9898,1,Forehand prepare 0.52,0,9,Drive,69.2699,75.2598,1.5435,1.008,-12.4372,0.9592,1,1,Backhand finish,0,9,63.3943,81.1709,0.7731,0,Perfect,,1.2098,-11.8644,0,11.2,-0.0584,0.0031,0.5483,6.511,0,0
1011,Rally,None,1,-0.0117,55.586,0.6257,3.5,-16.2254,1.5244,1.2169,-4.2753,1,Forehand prepare 0.57,0,9,Drive,73.5401,84.1551,1.3705,1.1218,-12.4816,0.477,1,1,Backhand finish,0,9,57.8286,81.3058,0.9271,0,Perfect,,1.2098,-11.8644,0,11.2,-0.0598,0.0011,0.4321,6.0807,0,0
1012,Rally,None,1,-0.0117,55.5204,0.6309,3.5,-16.2305,1.5434,1.1235,-4.7035,1,Forehand prepare 0.61,0,9,Drive,70.6628,90.9348,1.2703,1.1859,-12.482,1.4659,1,1,Backhand finish,0,9,51.844,81.1495,0.9833,0,Perfect,,1.2098,-11.8644,0,11.2,-0.0656,-0.0001,0.3406,9.0507,0,0
1013,Rally,None,1,-0.0117,55.4543,0.6354,3.5,-16.235,1.5561,1.0577,-4.989,1,Forehand prepare 0.67,0,9,Drive,64.553,97.4523,1.1694,1.2431,-12.48,2.3705,1,1,Backhand finish,0,9,45.5921,79.7403,0.9497,0,Perfect,,1.2098,-11.8644,0,11.2,-0.0661,-0.0008,0.2684,12.4659,0,0
1014,Rally,None,1,-0.0117,55.3877,0.6393,3.5,-16.2388,1.5688,0.9893,-5.2745,1,Forehand prepare 0.70,0,9,Drive,65.5216,101.8539,1.0774,1.2971,-12.4469,1.0542,1,1,Backhand finish,0,9,39.534,77.2222,0.8699,0,Perfect,,1.2098,-11.8644,0,11.2,-0.0666,-0.001,0.2115,6.9213,0,0
1015,Rally,None,1,-0.0117,55.3163,0.6427,3.5,-16.2422,1.5878,0.8814,-5.7027,1,Forehand prepare 0.74,0,9,Drive,66.6083,104.3003,1.0152,1.3426,-12.3972,1.7943,1,1,Backhand finish,0,9,33.5954,73.4481,0.81,0,Perfect,,1.2098,-11.8644,0,11.2,-0.0715,-0.0009,0.1667,1.1085,0,0
1016,Rally,None,1,-0.0117,55.2451,0.6457,3.5,-16.2451,1.6005,0.806,-5.9882,1,Forehand prepare 0.80,0,9,Drive,62.1237,104.5546,0.9857,1.3286,-12.3505,0.2295,1,1,Backhand finish,0,9,28.013,68.6156,0.7176,0,Perfect,,1.2098,-11.8644,0,11.2,-0.0712,-0.0007,0.1314,6.408,0,0
1017,Rally,None,1,-0.0117,55.1696,0.6483,3.5,-16.2476,1.6195,0.6879,-6.4165,1,Forehand prepare 0.83,0,9,Drive,54.2348,102.3927,1.0007,1.2993,-12.351,1.0235,1,1,Backhand finish,0,9,22.8403,62.7178,0.6121,0,Perfect,,1.2098,-11.8644,0,11.2,-0.0755,-0.0003,0.1036,10.5666,0,0
1018,Rally,None,1,-0.0117,55.0948,0.6505,3.5,-16.2498,1.6322,0.6056,-6.702,1,Forehand prepare 0.89,0,9,Drive,34.7209,91.6584,1.0883,1.2121,-12.3782,2.2939,1,1,Backhand finish,0,9,18.2808,56.2361,0.502,0,Perfect,,1.2098,-11.8644,0,11.2,-0.0747,0,0.0816,17.2802,0,0
1019,Rally,None,1,-0.0117,55.0208,0.6525,3.5,-16.2517,1.6449,0.5207,-6.9875,1,Forehand prepare 0.93,0,9,Drive,22.343,80.0013,1.181,1.0949,-12.3875,0.9236,1,1,Backhand finish,0,9,14.4767,49.1966,0.3626,0,Perfect,,1.2098,-11.8644,0,11.2,-0.074,0.0002,0.0643,19.6252,0,0
1020,Rally,None,1,-0.0117,54.9428,0.6542,3.5,-16.2534,1.6639,0.3881,-7.4157,1,Forehand prepare 0.96,0,9,Drive,12.627,65.5703,1.3149,0.9278,-12.3162,0.9537,1,1,Backhand finish,0,9,11.4489,41.8433,0.2234,0,Perfect,,1.2098,-11.8644,0,11.2,-0.078,0.0004,0.0507,17.7769,0,0
1021,Rally,None,1,-0.0117,54.866,0.6556,3.5,-16.2548,1.6766,0.2963,-7.7012,1,Forehand prepare 1.00,0,9,Drive,4.6666,51.3504,1.3983,0.8154,-12.1969,1.6351,1,1,Backhand finish,0,9,9.5349,34.5188,3.7558,0,Perfect,,1.2098,-11.8644,0,11.2,-0.0769,0.0005,0.04,14.9843,0,0
1022,Rally,None,1,-0.0117,54.7856,0.6569,3.5,-16.2561,1.6956,0.1534,-8.1294,1,Forehand prepare 1.00,0,9,Drive,4.6666,49.8345,1.3978,0.7748,-12.1795,0,1,1,Backhand finish,0,9,8.7433,27.3641,19.4343,0,Perfect,,1.2098,-11.8644,0,11.2,-0.0804,0.0005,0.0315,9.941,0,0
1023,Rally,None,1,-0.0117,54.7121,0.658,3.5,-16.2572,1.7083,0.1,-8.4149,1,Forehand prepare 1.00,1,0.1645,LowPickup,11.4899,54.1456,1.3716,0.751,-12.2035,0,1,1,Backhand finish,0,9,9.0532,20.6616,0.572,0,Perfect,,1.2098,-11.8644,0,11.2,-0.0734,0.0004,0.0196,3.4467,0,0
1024,Rally,None,1,-0.0117,54.6392,0.659,3.5,-16.2581,1.7202,0.174,-8.6837,1,Forehand swing,1,0.1478,LowPickup,7.4071,53.0757,1.3902,0.7376,-12.1907,0.9062,1,1,Backhand finish,0,9,10.023,14.5043,0.635,0,Perfect,,1.2098,-11.8644,0,11.2,-0.0729,0.0003,0.0154,0.7271,0,0
1025,Rally,None,1,-0.0117,54.5622,0.6598,3.5,-16.2589,1.7381,0.2798,-9.0868,1,Forehand swing,1,0.1228,LowPickup,3.2595,47.9885,1.4225,0.7246,-12.1478,0.2275,1,1,Backhand finish,0,9,11.1114,9.0969,0.5913,0,Perfect,,1.2098,-11.8644,0,11.2,-0.077,0.0002,0.0121,0,0,0
1026,Rally,None,1,-0.0117,54.4862,0.6605,3.5,-16.2596,1.75,0.3469,-9.3556,1,Forehand swing,1,0.1062,LowPickup,1.3324,42.1827,1.4547,0.7184,-12.0953,0.6099,1,1,Backhand finish,0,9,12.0486,4.6662,0.489,0,Perfect,,1.2098,-11.8644,0,11.2,-0.076,0.0001,0.0096,0,0,0
1027,Rally,None,1,-0.0117,54.4065,0.6612,3.5,-16.2603,1.7679,0.4424,-9.7587,1,Forehand swing,1,0.0812,LowPickup,-3.1692,31.9228,1.5,0.7002,-11.9908,0.6031,1,1,Ready,0,9,17.4043,5.712,0.9063,0,Perfect,,1.2098,-11.8644,0,11.2,-0.0797,0.0001,0.0065,0,0,0
1028,Rally,None,1,-0.0117,54.3281,0.6617,3.5,-16.2608,1.7799,0.5027,-10.0275,1,Forehand swing,1,0.0645,LowPickup,-4.2744,20.2024,1.5252,0.6928,-11.8873,0.7714,1,1,Ready,0,9,17.3026,5.0945,0.055,0,Perfect,,1.2098,-11.8644,0,11.2,-0.0784,0,0.0043,0,0,0
1029,Rally,None,1,-0.0117,54.2509,0.6622,3.5,-16.2613,1.7918,0.5602,-10.2962,1,Forehand swing,1,0.0478,LowPickup,-5.4633,8.4941,1.5311,0.692,-11.7792,0.3877,1,1,Ready,0,9,17.0905,4.7568,0.1142,0,Perfect,,1.2098,-11.8644,0,11.2,-0.0772,0,0.0027,0,0,0
1030,Rally,None,1,-0.0117,54.1702,0.6626,3.5,-16.2617,1.8097,0.6414,-10.6993,1,Forehand swing,1,0.0319,LowPickup,-5.9495,-3.0484,1.5012,0.951,-11.3724,0,1,1,Ready,0,9,16.7636,4.5717,0.1273,0,Perfect,,1.2098,-11.8644,0,11.2,-0.0807,0,0.0017,0,0,0
1031,Rally,None,1,-0.0117,54.091,0.663,3.5,-16.2621,1.8217,0.6922,-10.9681,1,Forehand swing,1,0.0213,LowPickup,-5.5301,-10.2341,1.4858,0.984,-11.4655,20.0994,1,1,Ready,0,9,16.3438,4.4201,0.0888,0,Perfect,,1.2098,-11.8644,0,11.2,-0.0792,0,0.0013,0,0,0
1032,Rally,None,1,-0.0117,54.0138,0.6633,3.5,-16.2624,1.8396,0.7631,-11.3712,1,Forehand swing,1,0.0053,LowPickup,-7.1485,-19.6289,1.4784,1.0085,-11.5166,0.1058,1,1,Ready,0,9,15.8605,4.2256,0.0383,0,Perfect,,1.2098,-11.8644,0,11.2,-0.0772,0,0.001,0,0,0
1033,Rally,None,1,0.085,54.2733,0.6757,3.486,-16.265,1.8176,0.855,-11.0495,1,Forehand swing,1,-0.0083,LowPickup,-8.0789,-23.8173,1.4738,0.9961,-11.5353,0.1669,1,1,Ready,0,9,15.357,3.9486,0.0593,0.9417,Perfect,P:Perfect+S;,1.2098,-11.8644,0,11.2,0.2595,0,0.0008,0,0,0
1034,Rally,None,1,0.0683,54.4988,0.6639,3.4863,-16.2655,1.8176,0.855,-11.0495,1,Forehand follow,1,-0.0083,LowPickup,-8.0492,-21.4721,1.4739,0.9965,-11.5354,0.3147,1,1,Ready,0,9,14.8594,3.5853,0.0231,0.8833,Perfect,,1.2098,-11.8644,0,11.2,0.2256,0,0.0008,0,0,0
1035,Rally,None,1,0.0517,54.695,0.6578,3.4947,-16.2642,1.8176,0.855,-11.0495,1,Forehand follow,1,-0.0083,LowPickup,-8.0492,-21.4721,1.4739,0.9965,-11.5354,0,1,1,Ready,0,9,14.3889,3.1231,0.0262,0.825,Perfect,,1.2098,-11.8644,0,11.2,0.1961,0,0.0006,0,0,0
1036,Rally,None,1,0.035,54.8655,0.6467,3.4757,-16.2682,1.8176,0.855,-11.0495,1,Forehand follow,1,-0.0083,LowPickup,-8.0492,-21.4721,1.4739,0.9965,-11.5354,0,1,1,Ready,0,9,13.7446,2.7515,0.1883,0.7667,Perfect,,1.2098,-11.8644,0,11.2,0.1705,0,0.0005,0,0,0
1037,Rally,None,1,0.0183,55.0137,0.6483,3.4783,-16.2678,1.8176,0.855,-11.0495,1,Forehand follow,1,-0.0083,LowPickup,-8.0492,-21.4721,1.4739,0.9965,-11.5354,0,1,1,Ready,0,9,12.9356,2.2136,0.1366,0.7083,Perfect,,1.2098,-11.8644,0,11.2,0.1482,0,0.0004,0,0,0
1038,Rally,None,1,0.0017,55.1425,0.6657,3.4927,-16.2649,1.8176,0.855,-11.0495,1,Forehand follow,1,-0.0083,LowPickup,-8.0492,-21.4721,1.4739,0.9965,-11.5354,0,1,1,Ready,0,9,11.638,1.3037,0.1497,0.65,Perfect,,1.2098,-11.8644,0,11.2,0.1289,0,0.0003,0,0,0
1039,Rally,None,1,-0.015,55.2546,0.6537,3.4879,-16.2662,1.8176,0.855,-11.0495,1,Forehand follow,1,-0.0083,LowPickup,-8.0492,-21.4721,1.4739,0.9965,-11.5354,0,1,1,Ready,0,9,10.0699,0.2001,0.2472,0.5917,Perfect,,1.2098,-11.8644,0,11.2,0.112,0,0.0002,0,0,0
1040,Rally,None,1,-0.015,55.3519,0.6532,3.4899,-16.2658,1.7897,0.9221,-10.7134,1,Forehand follow,1,-0.025,LowPickup,-9.5648,-27.798,1.4671,0.9643,-11.5526,0,1,1,Ready,0,9,8.2653,-1.0273,3.3212,0.5333,Perfect,,1.208,-11.8634,0,11.2,0.0974,0.001,0.7152,0,0,0
1041,Rally,None,1,-0.015,55.4366,0.644,3.4779,-16.2679,1.7618,0.9867,-10.3773,1,Forehand follow,1,-0.0417,LowPickup,-11.1643,-30.4411,1.4625,0.94,-11.5855,0.3864,1,1,Ready,0,9,6.5508,-2.1975,17.7777,0.475,Perfect,,1.2037,-11.8611,0,11.2,0.0847,0.0034,1.2788,0,0,0
1042,Rally,None,1,-0.015,55.5102,0.6481,3.4849,-16.2654,1.7199,1.0788,-9.8731,1,Forehand follow,1,-0.0667,LowPickup,-13.5204,-34.1507,1.4508,0.8996,-11.615,0.2211,1,1,Ready,0,9,5.233,-3.1904,0.1196,0.4167,Perfect,,1.1928,-11.8551,0,11.2,0.0736,0.0076,2.0804,0,0,0
1043,Rally,None,1,-0.015,55.5742,0.6438,3.4895,-16.2629,1.692,1.137,-9.537,1,Forehand follow,1,-0.0833,LowPickup,-15.2643,-34.8307,1.4371,0.9195,-11.5813,0.2495,1,1,Ready,0,9,4.3321,-3.8936,0.1381,0.3583,Perfect,,1.1824,-11.8494,0,11.2,0.064,0.0128,3.0815,0.6491,0,0
1044,Rally,None,1,-0.015,55.6298,0.6428,3.4818,-16.2614,1.6501,1.2195,-9.0329,1,Forehand follow,1,-0.1083,LowPickup,-18.4966,-37.3714,1.4648,0.8576,-11.5942,0.5548,1,1,Ready,0,9,4.0209,-4.1588,0.2243,0.3,Perfect,,1.1624,-11.8383,0,11.2,0.0556,0.0189,4.7361,1.9669,0,0
1045,Rally,None,1,-0.015,55.6782,0.6421,3.4849,-16.257,1.6222,1.2714,-8.6967,1,Forehand follow,1,-0.125,LowPickup,-22.5513,-39.4926,1.3981,0.8934,-11.5374,0.2454,1,1,Ready,0,9,4.083,-4.0582,0.2777,0.2417,Perfect,,1.1459,-11.8293,0,11.2,0.0484,0.0249,5.8221,3.3517,0,0
1046,Rally,None,1,-0.015,55.7202,0.6432,3.49,-16.2514,1.5942,1.3207,-8.3606,1,Forehand follow,1,-0.1417,LowPickup,-27.089,-42.0663,1.3127,0.9576,-11.4816,0.3633,1,1,Ready,0,9,4.4248,-3.5379,0.1125,0.1833,Perfect,,1.127,-11.819,0,11.2,0.042,0.0303,6.8836,3.58,0,0
1047,Rally,None,1,-0.015,55.7568,0.6324,3.4899,-16.2452,1.5524,1.3899,-7.8565,1,Forehand follow,1,-0.1667,LowPickup,-32.7357,-46.1057,1.1682,1.0436,-11.4271,0.6411,1,1,Ready,0,9,4.8894,-2.7637,1.5072,0.125,Perfect,,1.0942,-11.8009,0,11.2,0.0366,0.0351,7.8087,2.9305,0,0
1048,Rally,None,1,-0.015,55.7886,0.6262,3.491,-16.2377,1.5244,1.4328,-7.5204,1,Forehand follow,1,-0.1833,LowPickup,-37.61,-49.9173,1.065,1.0901,-11.403,0.7799,1,1,Ready,0,9,5.2882,-1.8336,0.1655,0.0667,Perfect,,1.0692,-11.7872,0,11.2,0.0318,0.0389,7.7433,2.4945,0,0
1049,Rally,None,1,-0.015,55.8162,0.6176,3.4906,-16.2284,1.4826,1.4924,-7.0162,1,Forehand follow,1,-0.2083,LowPickup,-41.1223,-55.1207,0.9247,1.1651,-11.3997,0.9359,1,1,Ready,0,9,5.677,-0.8121,0.6473,0.0083,Perfect,,1.0272,-11.7641,0,11.2,0.0276,0.0419,8.4863,3.7216,0,0
1050,Rally,None,1,-0.015,55.8402,0.6085,3.4919,-16.2177,1.4546,1.529,-6.6801,1,Forehand follow,1,-0.225,LowPickup,-40.9172,-59.1287,0.8204,1.2109,-11.4172,0.73,1,1,Ready,0,9,6.0133,0.1763,0,0,Perfect,,0.9962,-11.7471,0,11.2,0.024,0.0439,8.2773,6.2132,0,0
1051,Rally,None,1,-0.015,55.8611,0.5981,3.4929,-16.2061,1.4267,1.563,-6.344,1,Forehand follow,1,-0.2417,LowPickup,-40.5987,-63.7367,0.7353,1.238,-11.4218,3.2211,1,1,Ready,0,9,6.2993,1.1054,0,0,Perfect,,0.9627,-11.7287,0,11.2,0.0209,0.0449,8.1126,7.8852,0,0
1052,Rally,None,1,-0.015,55.8792,0.5852,3.4938,-16.1921,1.3848,1.6093,-5.8399,1,Forehand follow,1,-0.2667,LowPickup,-39.9523,-69.6517,0.6083,1.2225,-11.4564,17.5904,1,1,Ready,0,9,6.529,1.9029,0,0,Perfect,,0.9079,-11.6986,-0.1201,11.2,0.0182,0.0454,8.5,9.6195,0,0
1053,Rally,None,1,-0.015,55.895,0.5712,3.4946,-16.177,1.3569,1.6369,-5.5037,1,Forehand follow,0,9,LowPickup,-37.5489,-70.0474,0.5472,1.1973,-11.433,0.5428,1,1,Run,0,9,11.5384,7.385,0,0,Perfect,,0.8684,-11.6769,-0.2002,11.2,0.0158,0.0454,8.5,9.6195,0,0
1054,Rally,None,1,-0.015,55.9087,0.5544,3.4953,-16.1594,1.315,1.6737,-4.9996,1,Run,0,9,LowPickup,-31.5677,-43.457,0.7409,0.8772,-11.1112,0.4964,0.9555,0.8333,Run,0,9,20.7313,16.303,0,0,Perfect,,0.8044,-11.6418,-0.2351,11.2,0.0137,0.0454,8.5,9.9067,0,0
1055,Rally,None,1,-0.015,55.9206,0.5365,3.496,-16.1407,1.2871,1.695,-4.6635,1,Run,0,9,LowPickup,-32.385,-36.5039,0.7932,0.7988,-11.1276,0.3853,0.856,0.6667,Ready,0,9,24.6078,20.2435,0.3974,0,Perfect,,0.7588,-11.6167,-0.2351,11.2,0.0119,0.0453,8.5,4.1712,0,0
1056,Rally,None,1,-0.015,55.931,0.5174,3.4965,-16.1211,1.2592,1.7137,-4.3274,1,Run,0,9,LowPickup,-33.145,-34.2188,0.6928,0.7943,-11.0991,3.13,0.7361,0.5,Ready,0,9,22.5024,18.4321,0.4067,0,Perfect,,0.7107,-11.5903,-0.2351,11.2,0.0104,0.045,8.5,3.7078,0,0
1057,Rally,None,1,-0.015,55.94,0.4954,3.4969,-16.0985,1.2173,1.7371,-3.8232,1,Run,0,9,LowPickup,-33.8247,-32.1404,0.6257,0.7972,-11.0545,15.7713,0.6155,0.3333,Ready,0,9,18.8059,14.9473,0.3031,0,Perfect,,0.634,-11.5482,-0.2351,11.2,0.009,0.0443,8.4863,2.9949,0,0
1058,Rally,None,1,-0.015,55.9479,0.4723,3.4973,-16.075,1.1894,1.7495,-3.4871,1,Run,0,9,LowPickup,-34.3955,-30.271,0.5793,0.8003,-11.0215,0.0741,0.5041,0.1667,Ready,0,9,15.351,11.5325,0.3714,0,Perfect,,0.5798,-11.5184,-0.2351,11.2,0.0078,0.0438,8.5,2.1629,0,0.0001
1059,Rally,None,1,-0.015,55.9547,0.4461,3.4977,-16.0484,1.1475,1.7633,-2.983,1,Run,0,9,LowPickup,-34.7409,-28.7225,0.5054,0.8018,-10.9763,0.2343,0.4064,0,Ready,0,9,12.6352,8.8103,0.5121,0,Perfect,,0.494,-11.4713,-0.2351,11.2,0.0068,0.0432,8.5,1.2882,0,0
1060,Rally,None,1,-0.015,55.9606,0.4192,3.498,-16.0211,1.1196,1.7693,-2.6468,1,Run,0,9,LowPickup,-34.8058,-27.5679,0.4608,0.7961,-10.9482,0.7516,0.3236,0,Backhand prepare 0.02,0,9,10.3891,6.6312,0.5207,0,Perfect,,0.4366,-11.4398,-0.2351,11.2,0.0059,0.0428,8.5,0.5436,0,0.0001
1061,Rally,None,1,-0.015,55.9657,0.3919,3.4983,-15.9935,1.0917,1.7728,-2.3107,1,Run,0,9,LowPickup,-34.6721,-27.5692,0.42,0.7908,-10.9239,5.7154,0.2551,0,Backhand prepare 0.06,0,9,8.0971,6.0801,0.4365,0,Perfect,,0.3816,-11.4096,-0.2351,11.2,0.0051,0.0408,6.25,0.6835,0,0
1062,Rally,None,1,-0.015,55.9702,0.3625,3.4985,-15.9639,1.0498,1.7733,-1.8066,1,Run,0,9,LowPickup,-34.3871,-28.0934,0.3567,0.783,-10.8896,0.3551,0.1995,0,Backhand prepare 0.10,0,9,5.8939,6.9861,0.1984,0,Perfect,,0.3037,-11.3668,-0.2351,11.2,0.0045,0.0361,3.3368,1.2492,0,0
1063,Rally,None,1,-0.015,55.9741,0.3334,3.4987,-15.9346,1.0219,1.7704,-1.4705,1,Run,0,9,LowPickup,-33.3079,-29.2145,0.2874,0.7646,-10.9678,0,0.1549,0,Backhand prepare 0.15,0,9,2.1213,7.427,0.108,0,Perfect,,0.2548,-11.3399,-0.2351,11.2,0.0039,0.0285,0.2462,1.9491,0,0
1064,Rally,None,1,-0.015,55.9775,0.3032,3.4989,-15.9042,0.98,1.7613,-0.9663,1,Run,0,9,LowPickup,-32.9267,-29.8362,0.2294,0.7758,-10.9351,1.1488,0.1195,0,Backhand prepare 0.19,0,9,-2.2068,6.7617,0.6343,0,Perfect,,0.186,-11.3021,-0.2351,11.2,0.0034,0.0197,1.395,2.049,0,0
1065,Rally,None,1,-0.015,55.9804,0.2739,3.499,-15.8748,0.9521,1.7521,-0.6302,1,Run,0,9,LowPickup,-32.3885,-30.5,0.1958,0.7953,-10.9161,1.4855,0.0918,0,Backhand prepare 0.24,0,9,-4.8645,4.6536,0.6544,0,Perfect,,0.1432,-11.2786,-0.2351,11.2,0.0029,0.0112,3.483,1.9346,0,0
1066,Rally,None,1,-0.015,55.983,0.2455,3.4991,-15.8462,0.9242,1.7403,-0.2941,1,Run,0,9,LowPickup,-32.1043,-31.2812,0.1633,0.8001,-10.8974,1.5191,0.0702,0,Backhand prepare 0.28,0,9,-6.2073,2.7983,0.6376,0,Perfect,,0.1028,-11.2565,-0.2351,11.2,0.0026,0.0041,4.3341,1.6691,0,0
1067,Rally,None,1,-0.015,55.9578,0.2168,3.4992,-15.8174,0.8823,1.7178,0.2101,1,Run,0,9,LowPickup,-31.8422,-32.0805,0.1154,0.7955,-10.8693,9.8307,0.0534,0,Backhand prepare 0.32,0,9,-8.5706,-0.193,0.4567,0,Perfect,,0.0468,-11.2257,-0.2351,11.2,-0.0252,-0.0013,5.0048,1.3166,0,0
1068,Rally,None,1,-0.015,55.8919,0.1894,3.4993,-15.7899,0.8544,1.6997,0.5462,1,Run,0,9,LowPickup,-31.6355,-32.8978,0.0885,0.7873,-10.8522,2.9819,0.0405,0,Backhand prepare 0.37,0,9,-13.0447,-5.9481,0.7282,0,Perfect,,0.0125,-11.2069,-0.2351,11.2,-0.0658,-0.0048,6.328,0.9141,0,0
1069,Rally,None,1,-0.015,55.7688,0.1646,3.4994,-15.7651,0.8125,1.6677,1.0503,1,Run,0,9,LowPickup,-31.4536,-33.5122,0.0819,0.7811,-10.8457,1.3502,0.0307,0,Backhand prepare 0.41,0,9,-17.5808,-11.7966,0.7077,0,Perfect,,0,-11.2,-0.2351,11.2,-0.1231,-0.0066,6.5763,0.5199,0,0
1070,Rally,None,1,-0.015,55.6179,0.1431,3.4995,-15.7435,0.7846,1.6432,1.3864,1,Ready,0,9,LowPickup,-26.3767,-28.7878,0.0988,0.781,-10.8601,1.8649,0.0231,0,Backhand prepare 0.47,0,9,-23.46,-20.1382,1.4634,0,Perfect,,0,-11.2,-0.2351,11.2,-0.1509,-0.007,5.183,0.5622,0,0
1071,Rally,None,1,-0.015,55.4428,0.1244,3.4996,-15.7248,0.7567,1.6161,1.7225,1,Ready,0,9,LowPickup,-17.0765,-20.2972,0.1199,0.785,-10.8857,0.8309,0.0174,0,Backhand prepare 0.50,0,9,-29.9559,-27.7861,0.2296,0,Perfect,,0,-11.2,-0.2351,11.2,-0.1751,-0.0063,4.0849,1.6631,0,0
1072,Rally,None,1,-0.015,55.2247,0.1082,3.4996,-15.7085,0.7148,1.5708,2.2267,1,Ready,0,9,LowPickup,-8.3283,-12.1202,0.1354,0.788,-10.916,0.9203,0.0131,0,Backhand prepare 0.54,0,9,-38.9967,-36.4457,1.031,0,Perfect,,0,-11.2,-0.2351,11.2,-0.2181,-0.0051,3.2194,2.5616,0,0
1073,Rally,None,1,-0.015,54.9912,0.094,3.4997,-15.6943,0.6869,1.5373,2.5628,1,Ready,0,9,LowPickup,-1.7139,-5.7743,0.1366,0.7907,-10.9369,2.1083,0.0098,0,Backhand prepare 0.60,0,9,-52.7687,-50.2302,3.1373,0,Perfect,,0,-11.2,-0.2351,11.2,-0.2335,-0.0036,2.5373,3.0164,0,0
1074,Rally,None,1,-0.015,54.7223,0.0818,3.4997,-15.682,0.645,1.4824,3.067,1,Ready,0,9,LowPickup,2.6908,-1.4927,0.1007,0.8112,-10.923,0.9621,0.0073,0,Backhand prepare 0.63,0,9,-60.1409,-61.5702,0.6014,0,Perfect,,0,-11.2,-0.2351,11.2,-0.2689,-0.0021,1.9997,2.9839,0,0
1075,Rally,None,1,-0.015,54.4446,0.0711,3.4998,-15.6713,0.6171,1.4426,3.4031,1,Ready,0,9,LowPickup,5.3957,1.117,0.0949,0.8379,-10.894,1.2852,0.0055,0,Backhand prepare 0.69,0,9,-66.9156,-77.0335,1.3138,0,Perfect,,0,-11.2,-0.2351,11.2,-0.2777,-0.0009,1.576,2.5481,0,0
1076,Rally,None,1,-0.015,54.1593,0.0618,3.4998,-15.662,0.5891,1.4003,3.7392,1,Ready,0,9,LowPickup,7.0596,2.5144,0.1154,0.8321,-10.9058,0.7781,0.0041,0,Backhand prepare 0.73,0,9,-71.5908,-87.4818,1.0939,0,Perfect,,0,-11.2,-0.2351,11.2,-0.2853,0.0001,1.2421,1.7964,0,0
1077,Rally,None,1,-0.015,53.8455,0.0537,3.4998,-15.6539,0.5473,1.3321,4.2433,1,Ready,0,9,LowPickup,8.034,3.1373,0.1413,0.822,-10.9239,1.1589,0.003,0,Backhand prepare 0.76,0,9,-74.1134,-96.1778,1.2906,0,Perfect,,0,-11.2,-0.2351,11.2,-0.3139,0.0007,0.9789,0.9445,0,0
1078,Rally,None,1,-0.015,53.5287,0.0467,3.4998,-15.6468,0.5193,1.2834,4.5794,1,Ready,0,9,LowPickup,8.5884,3.3421,0.0909,0.8384,-10.9207,3.2369,0.0023,0,Backhand prepare 0.82,0,9,-68.2888,-105,21.5213,0,Perfect,,0,-11.2,-0.2351,11.2,-0.3168,0.0011,0.7715,0.3448,0,0
1079,Rally,None,1,-0.015,53.1874,0.0406,3.4999,-15.6407,0.4775,1.2056,5.0836,1,Ready,0,9,LowPickup,8.9868,3.3633,0.0694,0.8529,-10.9155,0.6409,0,0,Backhand prepare 0.86,0,9,-56.6876,-109.8339,2.383,0,Perfect,,0,-11.2,-0.2351,11.2,-0.3413,0.0012,0.6081,0.7524,0,0
1080,Rally,None,1,-0.015,52.8468,0.0353,3.4999,-15.6354,0.4495,1.1505,5.4197,1,Ready,0,9,LowPickup,9.4317,3.429,0.0984,0.8358,-10.9456,0.4856,0,0,Backhand prepare 0.91,0,9,-31.5883,-108.9319,2.0575,0,Perfect,,0,-11.2,-0.2351,11.2,-0.3406,0.0011,0.4792,1.2255,0,0
1081,Rally,None,1,-0.015,52.5068,0.0307,3.4999,-15.6308,0.4216,1.0929,5.7558,1,Ready,0,9,LowPickup,9.969,3.5805,0.1267,0.8228,-10.9739,0.1818,0,0,Backhand prepare 0.95,0,9,-18.0817,-104.3501,1.6188,0,Perfect,,0,-11.2,-0.2351,11.2,-0.34,0.0009,0.3777,1.5177,0,0
1082,Rally,None,1,-0.015,52.1793,0.0267,3.4999,-15.6268,0.3797,1.0017,6.26,1,Ready,0,9,LowPickup,10.6284,3.903,0.1057,0.8256,-10.9471,0.4517,0,0,Backhand prepare 0.98,0,9,-6.9129,-95.5705,16.9288,0,Perfect,,0,-11.2,-0.2351,11.2,-0.3275,0.0007,0.2977,1.6249,0,0
1083,Rally,None,1,-0.015,51.8946,0.0232,3.4999,-15.6233,0.3518,0.9378,6.5961,1,Ready,0,9,LowPickup,11.48,4.3697,0.0848,0.8296,-10.9218,0.7094,0,0,Backhand prepare 1.00,0,9,-2.832,-92.6008,0.5322,0,Perfect,,0,-11.2,-0.2351,11.2,-0.2847,0.0004,0.2346,1.5735,0,0
1084,Rally,None,1,-0.015,51.6471,0.0202,3.4999,-15.6202,0.3099,0.8371,7.1002,1,Ready,0,9,LowPickup,12.6515,4.9801,0.1066,0.8089,-10.9337,0.783,0,0,Backhand prepare 1.00,1,0.1686,-10.2601,-99.7635,0,0,Perfect,,0,-11.2,-0.2351,11.2,-0.2475,0.0002,0.1849,1.4054,0,0
1085,Rally,None,1,-0.015,51.4319,0.0175,3.4999,-15.6176,0.282,0.7667,7.4363,1,Ready,0,9,LowPickup,13.9725,5.7029,0.155,0.7887,-10.9458,0.7548,0,0,Backhand swing,1,0.154,-6.3769,-96.6302,0.6876,0,Perfect,,0,-11.2,-0.2351,11.2,-0.2152,0,0.1457,1.1586,0,0
1086,Rally,None,1,-0.015,51.2448,0.0152,3.4999,-15.6153,0.2541,0.6939,7.7724,1,Ready,0,9,LowPickup,15.2283,6.3768,0.1466,0.7843,-10.9289,0.6587,0,0,Backhand swing,1,0.1393,-3.8549,-92.6187,0.1688,0,Perfect,,0,-11.2,-0.2351,11.2,-0.1871,-0.0001,0.1148,0.8758,0,0
1087,Rally,None,1,-0.015,51.0822,0.0132,3.5,-15.6133,0.2122,0.5798,8.2766,1,Ready,0,9,LowPickup,16.3692,7.0838,0.1068,0.7819,-10.9218,0.5516,0,0,Backhand swing,1,0.1173,0.8901,-85.8144,0.2698,0,Perfect,,0,-11.2,-0.2351,11.2,-0.1626,-0.0002,0.0905,0.5399,0,0
1088,Rally,None,1,-0.015,50.9408,0.0115,3.5,-15.6116,0.1843,0.5006,8.6127,1,Ready,0,9,LowPickup,17.2332,7.8355,0.1145,0.7754,-10.949,0.4194,0,0,Backhand swing,1,0.1026,2.9135,-79.1964,0.5477,0,Perfect,,0,-11.2,-0.2351,11.2,-0.1414,-0.0002,0.0713,0.1412,0,0
1089,Rally,None,1,-0.015,50.8179,0.01,3.5,-15.61,0.1424,0.3769,9.1168,1,Ready,0,9,LowPickup,17.8415,8.6049,0.1234,0.7753,-10.9823,0.2812,0,0,Backhand swing,1,0.0806,8.0271,-68.3831,0.5541,0,Perfect,,0,-11.2,-0.2351,11.2,-0.1229,-0.0002,0.0562,0.3579,0,0
1090,Rally,None,1,-0.015,50.7111,0.0087,3.5,-15.6087,0.1145,0.2914,9.453,1,Ready,0,9,LowPickup,18.1145,9.3783,0.1247,0.7736,-10.9848,0.0332,0,0,Backhand swing,1,0.066,9.6172,-57.3957,0.7406,0,Perfect,,0,-11.2,-0.2351,11.2,-0.1069,-0.0002,0.0443,0.7765,0,0
1091,Rally,None,1,-0.015,50.6182,0.0076,3.5,-15.6076,0.0866,0.2032,9.7891,1,Ready,0,9,LowPickup,18.2036,10.1378,0.1246,0.7714,-10.9794,0.0758,0,0,Backhand swing,1,0.0513,11.1827,-46.4589,0.3562,0,Perfect,,0,-11.2,-0.2351,11.2,-0.0929,-0.0001,0.0349,1.1037,0,0
1092,Rally,None,1,-0.015,50.5374,0.0066,3.5,-15.6066,0.0447,0.1,10.2932,1,Ready,0,9,LowPickup,18.1741,10.8604,0.1252,0.7717,-10.9787,0.0335,0,0,Backhand swing,1,0.0293,14.0628,-29.5959,0.342,0,Perfect,,0,-11.2,-0.2351,11.2,-0.0808,-0.0001,0.0275,1.2851,0,0
1093,Rally,None,1,-0.015,50.4672,0.0057,3.5,-15.6057,0.0187,0.166,10.6065,1,Ready,0,9,LowPickup,18.1651,11.5392,0.1256,0.7752,-10.9783,0.0488,0,0,Backhand swing,1,0.0147,11.4205,-16.21,0.4376,0,Perfect,,0,-11.2,-0.3151,11.2,-0.0702,0,0.0217,1.2776,0,0
1094,PointOver,Reaction,1,-0.015,38,0.9,1.185,-8.2,-0.0204,0.26,11.0763,0,Ready,0,9,LowPickup,18.3692,12.119,0.1263,0.785,-10.98,0.0399,0,0,Backhand swing,1,-0.0083,12.2581,1.1159,0.8985,0.4417,Perfect,,0,-11.2,-0.4353,11.2,-12.4672,0,0.0171,1.0296,0,0
1095,PointOver,Reaction,1,-0.015,38,0.9,1.185,-8.2072,-0.0464,0.3194,11.3896,0,HitPerfect,0,9,LowPickup,18.6238,12.4271,0.1246,0.7954,-10.9752,0.0526,0.023,0,MatchLose,1,-0.025,11.9187,12.0312,1.5823,0.3833,Perfect,,0,-11.2,-0.4831,11.2,0,0,0.0135,0.9893,0,0
1096,PointOver,Reaction,1,-0.015,38,0.9,1.185,-8.2145,-0.0724,0.3761,11.7028,0,HitPerfect,0,9,LowPickup,18.8304,12.8042,0.1162,0.7991,-10.9508,0.0623,0.0796,0,MatchLose,1,-0.0417,15.2147,22.159,0.8519,0.325,Perfect,,0,-11.2,-0.5052,11.2,0,0,0.0106,0.6416,0,0
1097,PointOver,Reaction,1,-0.015,38,0.9,1.185,-8.2217,-0.1114,0.4562,12.1727,0,HitPerfect,0,9,LowPickup,18.7211,12.7193,0.1123,0.8065,-10.9345,0.1085,0.1549,0,MatchLose,1,-0.0667,20.5441,35.0776,1.0674,0.2667,Perfect,,0,-11.2,-0.5384,11.2,0,0,0.0084,0.638,0,0
1098,PointOver,Reaction,1,-0.015,38,0.9,1.185,-8.229,-0.1374,0.5063,12.486,0,HitPerfect,0,9,LowPickup,17.9995,11.8972,0.1266,0.8234,-10.9545,0.1495,0.2385,0,MatchLose,1,-0.0833,28.9685,43.0051,1.4644,0.2083,Perfect,,0,-11.2,-0.5605,11.2,0,0,0.0066,0.8632,0,0
1099,PointOver,Reaction,1,-0.015,38,0.9,1.185,-8.2362,-0.1765,0.5764,12.9558,0,HitPerfect,0,9,LowPickup,16.4924,10.1455,0.1457,0.8457,-10.9749,0.2487,0.3239,0,MatchLose,1,-0.1083,37.8872,54.5132,1.4581,0.15,Perfect,,0,-11.2,-0.5937,11.2,0,0,0.0052,1.0993,0,0
1100,PointOver,Reaction,1,-0.015,38,0.9,1.185,-8.2435,-0.2025,0.6199,13.2691,0,HitPerfect,0,9,LowPickup,14.0715,7.3834,0.164,0.8568,-10.9577,0.5093,0.4067,0,MatchLose,1,-0.125,47.8507,62.7532,4.71,0.0917,Perfect,,0,-11.2,-0.6158,11.2,0,0,0.0041,1.2857,0,0
1101,PointOver,Reaction,1,-0.015,38,0.9,1.185,-8.2507,-0.2285,0.6607,13.5823,0,HitPerfect,0,9,LowPickup,10.9395,3.7877,0.183,0.8669,-10.9395,0.7322,0.4842,0,MatchLose,1,-0.1417,54.9285,69.2936,18.2264,0.0333,Perfect,,0,-11.2,-0.6379,11.2,0,0,0.0032,1.4893,0,0.0001
1102,PointOver,Reaction,1,-0.015,38,0.9,1.185,-8.258,-0.2676,0.717,14.0522,0,HitPerfect,0,9,LowPickup,7.3078,-0.4082,0.2027,0.8906,-10.9397,1.0225,0.5552,0,MatchLose,1,-0.1667,60.6391,74.4779,0.5682,0,Perfect,,0,-11.2,-0.6711,11.2,0,0,0.0025,1.715,0,0
1103,PointOver,Reaction,1,-0.015,38,0.9,1.185,-8.2652,-0.2936,0.7512,14.3655,0,HitPerfect,0,9,LowPickup,3.6056,-4.7256,0.225,0.9264,-10.9426,0,0.6189,0,MatchLose,1,-0.1833,63.4116,77.4796,1.2188,0,Perfect,,0,-11.2,-0.6932,11.2,0,0,0.002,1.8921,0,0
1104,PointOver,Reaction,1,-0.015,38,0.9,1.185,-8.2725,-0.3326,0.7975,14.8353,0,HitPerfect,0,9,LowPickup,0.2074,-8.7586,0.2494,0.9708,-10.9424,0,0.6753,0,MatchLose,1,-0.2083,65.7543,81.6285,8.063,0,Perfect,,0,-11.2,-0.7264,11.2,0,0,0.0016,1.962,0,0
1105,PointOver,Reaction,1,-0.015,38,0.9,1.185,-8.2797,-0.3586,0.8251,15.1486,0,HitPerfect,0,9,LowPickup,-2.3875,-11.9234,0.2696,1.0123,-10.9384,0,0.7248,0,MatchLose,1,-0.225,67.0144,83.9578,0.8012,0,Perfect,,0,-11.2,-0.7485,11.2,0,0,0.0012,1.8234,0,0.0001
1106,PointOver,Reaction,1,-0.015,38,0.9,1.185,-8.287,-0.3847,0.85,15.4618,0,HitPerfect,0,9,LowPickup,-4.3891,-14.4196,0.2848,1.0431,-10.9328,0,0.7677,0,MatchLose,1,-0.2417,68.3905,85.9582,6.3539,0,Perfect,,0,-11.2,-0.7707,11.2,0,0,0.001,1.5531,0,0
1107,PointOver,Reaction,1,-0.015,38,0.9,1.185,-8.2942,-0.4237,0.8824,15.9317,0,HitPerfect,0,9,LowPickup,-5.9668,-16.4101,0.2959,1.0636,-10.9276,0,0.8046,0,MatchLose,1,-0.2667,70.4676,88.5333,3.488,0,Perfect,,0,-11.2,-0.8038,11.2,0,0,0.0008,1.2188,0,0
1108,PointOver,Reaction,1,-0.015,38,0.9,1.185,-8.3014,-0.4497,0.9007,16.245,0,HitPerfect,0,9,LowPickup,-7.2526,-18.0202,0.3041,1.0723,-10.9235,0,0.8363,0,MatchLose,1,-0.2833,71.3307,89.4459,4.1386,0,Perfect,,0,-11.2,-0.826,11.2,0,0,0.0006,0.9083,0,0.0001
1109,PointOver,Reaction,1,-0.015,38,0.9,1.185,-8.3087,-0.4887,0.9232,16.7148,0,HitPerfect,0,9,LowPickup,-8.2894,-19.282,0.3121,1.0751,-10.9208,0,0.8632,0,MatchLose,0,9,70.1719,89.0828,2.9517,0,Perfect,,0,-11.2,-0.8591,11.2,0,0,0.0005,0.5961,0,0.0001
1110,PointOver,Reaction,1,-0.015,38,0.9,1.185,-8.3159,-0.5148,0.9348,17.0281,0,HitPerfect,0,9,LowPickup,-9.1058,-20.2179,0.321,1.0763,-10.9192,0,0.886,0,MatchLose,0,9,50.4906,69.9352,1.337,0,Perfect,,0,-11.2,-0.8812,11.2,0,0,0.0004,0.3836,0,0.0001
1111,PointOver,Reaction,1,-0.015,38,0.9,1.185,-8.3232,-0.5408,0.9439,17.3413,0,HitPerfect,0,9,LowPickup,-9.7286,-20.8648,0.3293,1.074,-10.9207,0,0.9052,0,MatchLose,0,9,48.3801,63.9518,1.9077,0,Perfect,,0,-11.2,-0.9034,11.2,0,0,0.0003,0.3472,0,0
1112,PointOver,Reaction,1,-0.015,38,0.9,1.185,-8.3304,-0.5798,0.9524,17.8112,0,HitPerfect,0,9,LowPickup,-10.1833,-21.2583,0.3367,1.0691,-10.9264,0,0.9214,0,MatchLose,0,9,46.3793,57.8678,1.2037,0,Perfect,,0,-11.2,-0.9365,11.2,0,0,0.0002,0.4298,0,0
1113,PointOver,Reaction,1,-0.015,38,0.9,1.185,-8.3377,-0.6058,0.9548,18.1245,0,HitPerfect,0,9,LowPickup,-10.4878,-21.4188,0.3429,1.0606,-10.9322,0,0.9349,0,MatchLose,0,9,46.0265,53.7483,0.9216,0,Perfect,,0,-11.2,-0.9587,11.2,0,0,0.0002,0.5234,0,0
1114,PointOver,Reaction,1,-0.015,38,0.9,1.185,-8.3449,-0.6449,0.9534,18.5944,0,HitPerfect,0,9,LowPickup,-10.6606,-21.372,0.3485,1.0476,-10.9358,0.7138,0.9462,0,MatchLose,0,9,47.4771,51.9824,0.7832,0,Perfect,,0,-11.2,-0.9918,11.2,0,0,0.0001,0.5895,0,0
1115,PointOver,Reaction,1,-0.015,38,0.9,1.185,-8.3522,-0.6709,0.9492,18.9076,0,HitPerfect,0,9,LowPickup,-10.7172,-21.1485,0.3544,1.0381,-10.9397,0.2685,0.9556,0,MatchLose,0,9,50.41,52.3571,1.1037,0,Perfect,,0,-11.2,-1.014,11.2,0,0,0.0001,0.6142,0,0
1116,PointOver,Reaction,1,-0.015,38,0.9,1.185,-8.3594,-0.6969,0.9423,19.2209,0,HitPerfect,0,9,LowPickup,-10.6722,-20.7772,0.3605,1.0398,-10.945,0.0971,0.9635,0,MatchLose,0,9,54.516,54.5551,1.2044,0,Perfect,,0,-11.2,-1.0361,11.2,0,0,0.0001,0.5948,0,0
1117,PointOver,Reaction,1,-0.015,38,0.9,1.185,-8.3667,-0.7359,0.9271,19.6907,0,HitPerfect,0,9,LowPickup,-10.5428,-20.2808,0.3666,1.0439,-10.9508,0.0765,0.9699,0,MatchLose,0,9,59.5387,58.2595,1.2263,0,Perfect,,0,-11.2,-1.0693,11.2,0,0,0.0001,0.5525,0,0.0001
1118,PointOver,Reaction,1,-0.015,38,0.9,1.185,-8.3739,-0.762,0.9136,20.004,0,HitPerfect,0,9,LowPickup,-10.3432,-19.6816,0.3726,1.0475,-10.957,0.0619,0.9753,0,MatchLose,0,9,65.2295,63.1565,2.8423,0,Perfect,,0,-11.2,-1.0914,11.2,0,0,0.0001,0.4989,0,0.0001
1119,PointOver,Reaction,1,-0.015,38,0.9,1.185,-8.3812,-0.801,0.8883,20.4739,0,HitPerfect,0,9,LowPickup,-10.0843,-19.0031,0.3785,1.0505,-10.9634,0.0625,0.9798,0,MatchLose,0,9,71.3809,68.9615,14.9964,0,Perfect,,0,-11.2,-1.1245,11.2,0,0,0,0.4441,0,0.0001
1120,PointOver,Reaction,1,-0.015,38,0.9,1.185,-8.3884,-0.827,0.8682,20.7871,0,HitPerfect,0,9,LowPickup,-9.7763,-18.2645,0.3843,1.0523,-10.9695,0.0735,0.9834,0,MatchLose,0,9,77.8405,75.431,1.1914,0,Perfect,,0,-11.2,-1.1467,11.2,0,0,0,0.3956,0,0.0001
1121,PointOver,Reaction,1,-0.015,38,0.9,1.185,-8.3957,-0.853,0.8454,21.1004,0,HitPerfect,0,9,LowPickup,-9.4268,-17.479,0.3898,1.0544,-10.976,0.0651,0.9864,0,MatchLose,0,9,84.5022,82.3609,1.1806,0,Perfect,,0,-11.2,-1.1688,11.2,0,0,0,0.3626,0,0
1122,PointOver,Reaction,1,-0.015,38,0.9,1.185,-8.4029,-0.8921,0.8063,21.5702,0,HitPerfect,0,9,LowPickup,-9.0424,-16.6575,0.395,1.0556,-10.983,0.0506,0.9889,0,MatchLose,0,9,90.2977,88.5848,1.0028,0,Perfect,,0,-11.2,-1.202,11.2,0,0,0,0.3334,0,0
1123,PointOver,Reaction,1,-0.015,38,0.9,1.185,-8.4101,-0.9181,0.7769,21.8835,0,HitPerfect,0,9,LowPickup,-8.6301,-15.8119,0.3999,1.0589,-10.9901,0.0403,0.9909,0,MatchLose,0,9,90.1392,88.8926,0.0352,0,Perfect,,0,-11.2,-1.2241,11.2,0,0,0,0.319,0,0
1124,PointOver,Reaction,1,-0.015,38,0.9,1.185,-8.4174,-0.9571,0.7279,22.3534,0,HitPerfect,0,9,LowPickup,-8.1953,-14.9505,0.4046,1.0615,-10.9971,0.0353,0.9926,0,MatchLose,0,9,90.0798,89.3513,0.0234,0,Perfect,,0,-11.2,-1.2573,11.2,0,0,0,0.3039,0,0.0001
1125,PointOver,Reaction,1,-0.015,38,0.9,1.185,-8.4246,-0.9831,0.6918,22.6666,0,HitPerfect,0,9,LowPickup,-7.7436,-14.0796,0.4091,1.0638,-11.0039,0.0448,0.994,0,MatchLose,0,9,89.9992,89.7356,0.0273,0,Perfect,,0,-11.2,-1.2794,11.2,0,0,0,0.2934,0,0
1126,PointOver,Reaction,1,-0.015,38,0.9,1.185,-8.4319,-1.0092,0.6532,22.9799,0,HitPerfect,0,9,LowPickup,-7.2798,-13.205,0.4135,1.0658,-11.0104,0.0201,0.9951,0,MatchLose,0,9,89.9974,90.1073,0.0036,0,Perfect,,0,-11.2,-1.3015,11.2,0,0,0,0.2798,0,0
1127,PointOver,Reaction,1,-0.015,38,0.9,1.185,-8.4391,-1.0482,0.5902,23.4498,0,HitPerfect,0,9,LowPickup,-6.8086,-12.3311,0.4177,1.0678,-11.017,0.0162,0.996,0,MatchLose,0,9,89.9973,90.3756,0.0022,0,Perfect,,0,-11.2,-1.3347,11.2,0,0,0,0.2712,0,0
1128,PointOver,Reaction,1,-0.015,38,0.9,1.185,-8.4464,-1.0742,0.5449,23.763,0,HitPerfect,0,9,LowPickup,-6.3524,-11.4765,0.4218,1.0701,-11.0241,0.0239,0.9967,0,MatchLose,0,9,90,90.5383,3.2253,0,Perfect,,0,-11.2,-1.3568,11.2,0,0,0,0.2654,0,0
1129,PointOver,Reaction,1,-0.015,38,0.9,1.185,-8.4536,-1.1132,0.472,24.2329,0,HitPerfect,0,9,LowPickup,-5.862,-10.6032,0.4253,1.072,-11.0307,0.0065,0.9974,0,MatchLose,0,9,90,90.602,17.4602,0,Perfect,,0,-11.2,-1.39,11.2,0,0,0,0.2533,0,0.0001
1130,PointOver,Reaction,1,-0.015,38,0.9,1.185,-8.4609,-1.1393,0.4201,24.5461,0,HitPerfect,0,9,LowPickup,-5.2345,-9.6313,0.4274,1.0726,-11.0353,0.0465,0.9978,0,MatchLose,0,9,90,90.5858,0.0001,0,Perfect,,0,-11.2,-1.4121,11.2,0,0,0,0.2203,0,0.0001
1131,PointOver,Reaction,1,-0.015,38,0.9,1.185,-8.4681,-1.1653,0.3655,24.8594,0,HitPerfect,0,9,LowPickup,-4.4259,-8.5465,0.4274,1.0712,-11.0368,0.1214,1,0,MatchLose,0,9,90,90.5115,0.0001,0,Perfect,,0,-11.2,-1.4342,11.2,0,0,0,0.2167,0,0.0001
1132,PointOver,Reaction,1,-0.015,38,0.9,1.185,-8.4754,-1.2043,0.2787,25.3293,0,HitPerfect,0,9,LowPickup,-3.4009,-7.3361,0.4248,1.0672,-11.0344,0.2121,1,0,MatchLose,0,9,90,90.4023,0,0,Perfect,,0,-11.2,-1.4674,11.2,0,0,0,0.3426,0,0.0002
1133,PointOver,Reaction,1,-0.015,38,0.9,1.185,-8.4826,-1.2303,0.2175,25.6425,0,HitPerfect,0,9,LowPickup,-2.242,-6.0922,0.42,1.064,-11.0287,0.2812,1,0,MatchLose,0,9,90,90.2789,0,0,Perfect,,0,-11.2,-1.4895,11.2,0,0,0,0.5525,0,0.0001
1134,PointOver,Reaction,1,-0.015,38,0.9,1.185,-8.4899,-1.2694,0.1207,26.1124,0,HitPerfect,0,9,LowPickup,-0.9954,-4.8671,0.413,1.0573,-11.0202,0.3364,1,0,MatchLose,0,9,90,90.1581,0.0329,0,Perfect,,0,-11.2,-1.5227,11.2,0,0,0,0.7763,0,0.0001
1135,PointOver,Reaction,1,-0.015,38,0.9,1.185,-8.4971,-1.2946,0.1247,26.4157,0,HitPerfect,0,9,LowPickup,0.3529,-3.6607,0.4036,1.0477,-11.0088,0.3997,1,0,MatchLose,0,9,90,90.0521,3.5645,0,Perfect,,0,-11.2,-1.5738,11.2,0,0,0,0.9994,0,0.0001
1136,PointOver,Reaction,1,-0.015,38,0.9,1.185,-8.5043,-1.3189,0.172,26.709,0,HitPerfect,0,9,LowPickup,1.7304,-2.5414,0.3924,1.0361,-10.9955,0.4393,1,0,MatchLose,0,9,83,82.9683,22.4472,0,Perfect,,0,-11.2,-1.6539,11.2,0,0,0,1.1889,0,0
1137,PointOver,Reaction,1,-0.015,38,0.9,1.185,-8.5116,-1.3555,0.2379,27.149,0,HitPerfect,0,9,LowPickup,3.1185,-1.5282,0.3793,1.0226,-10.9807,0.4721,1,0,MatchLose,0,9,76,75.9096,1.1722,0,Perfect,,0,-11.2,-1.733,11.2,0,0,0,1.3347,0,0
1138,PointOver,Reaction,1,-0.015,38,0.9,1.185,-8.5188,-1.3798,0.2785,27.4423,0,HitPerfect,0,9,LowPickup,4.4799,-0.6472,0.3648,1.0072,-10.9653,0.4821,1,0,MatchLose,0,9,83,82.8758,3.7215,0,Perfect,,0,-11.2,-1.7537,11.2,0,0,0,1.426,0,0
1139,PointOver,Reaction,1,-0.015,38,0.9,1.185,-8.5261,-1.4164,0.3343,27.8823,0,HitPerfect,0,9,LowPickup,5.803,0.0995,0.3491,0.9903,-10.9494,0.4909,1,0,MatchLose,0,9,90,89.8639,20.2221,0,Perfect,,0,-11.2,-1.7848,11.2,0,0,0,1.4634,0,0
1140,PointOver,Reaction,1,-0.015,38,0.9,1.185,-8.5333,-1.4408,0.3682,28.1756,0,HitPerfect,0,9,LowPickup,7.0641,0.7045,0.3326,0.9721,-10.9341,0.4987,1,0,MatchLose,0,9,90,89.8695,0,0,Perfect,,0,-11.2,-1.8055,11.2,0,0,0,1.4489,0,0
1141,PointOver,Reaction,1,-0.015,38,0.9,1.185,-8.5406,-1.4651,0.3993,28.469,0,HitPerfect,0,9,LowPickup,8.2458,1.173,0.3159,0.9534,-10.9197,0.4891,1,0,MatchLose,0,9,90,89.8874,0.0001,0,Perfect,,0,-11.2,-1.8262,11.2,0,0,0,1.3836,0,0
1142,PointOver,Reaction,1,-0.015,38,0.9,1.185,-8.5478,-1.5017,0.441,28.909,0,HitPerfect,0,9,LowPickup,9.3386,1.5126,0.2992,0.9343,-10.9065,0.4715,1,0,MatchLose,0,9,90,89.9125,0.0001,0,Perfect,,0,-11.2,-1.8573,11.2,0,0,0,1.2808,0,0.0001
1143,PointOver,Reaction,1,-0.015,38,0.9,1.185,-8.5551,-1.526,0.4654,29.2023,0,HitPerfect,0,9,LowPickup,10.3225,1.7347,0.2834,0.9159,-10.8948,0.4402,1,0,MatchLose,0,9,90,89.9403,0,0,Perfect,,0,-11.2,-1.878,11.2,0,0,0,1.1385,0,0
1144,PointOver,Reaction,1,-0.015,38,0.9,1.185,-8.5623,-1.5626,0.497,29.6423,0,HitPerfect,0,9,LowPickup,11.1908,1.8539,0.2686,0.8983,-10.8849,0.4007,1,0,MatchLose,0,9,90,89.9671,0.0001,0,Perfect,,0,-11.2,-1.9091,11.2,0,0,0,0.9651,0,0
1145,PointOver,Reaction,1,-0.015,38,0.9,1.185,-8.5696,-1.587,0.5147,29.9356,0,HitPerfect,0,9,LowPickup,11.9302,1.8856,0.255,0.8823,-10.877,3.5518,1,0,MatchLose,0,9,90,89.987,3.0752,0,Perfect,,0,-11.2,-1.9298,11.2,0,0,0,0.7672,0,0
1146,PointOver,Reaction,1,-0.015,38,0.9,1.185,-8.5768,-1.6113,0.5297,30.2289,0,HitPerfect,0,9,LowPickup,12.5269,1.8456,0.2446,0.8692,-10.8704,18.7404,1,0,MatchLose,0,9,90,90.003,16.6186,0,Perfect,,0,-11.2,-1.9505,11.2,0,0,0,0.5454,0,0
1147,PointOver,Reaction,1,-0.015,38,0.9,1.185,-8.5841,-1.6479,0.5471,30.6689,0,HitPerfect,0,9,LowPickup,12.9745,1.7491,0.236,0.8586,-10.8657,0.2211,1,0,MatchLose,0,9,90,90.0146,0.0001,0,Perfect,,0,-11.2,-1.9816,11.2,0,0,0,0.3115,0,0
1148,PointOver,Reaction,1,-0.015,38,0.9,1.185,-8.5913,-1.6722,0.5554,30.9623,0,HitPerfect,0,9,LowPickup,13.2378,1.601,0.2306,0.852,-10.8629,0.1311,1,0,MatchLose,0,9,90,90.0216,0,0,Perfect,,0,-11.2,-2.0023,11.2,0,0,0,0,0,0
1149,PointOver,Reaction,1,-0.015,38,0.9,1.185,-8.5986,-1.7088,0.5627,31.4022,0,Ready,0,9,LowPickup,13.3088,1.5245,0.229,0.8507,-10.862,0.0088,0.9555,0,MatchLose,0,9,90,90.0245,0.0001,0,Perfect,,0,-11.2,-2.0334,11.2,0,0,0,0.2477,0,0
1150,PointOver,Reaction,1,-0.015,38,0.9,1.185,-8.6058,-1.7332,0.5643,31.6956,0,Ready,0,9,LowPickup,13.5335,1.749,0.2251,0.8477,-10.86,0.0245,0.856,0,MatchLose,0,9,90,90.024,0.0001,0,Perfect,,0,-11.2,-2.0541,11.2,0,0,0,0.4182,0,0.0001
1151,PointOver,Reaction,1,-0.015,38,0.9,1.185,-8.613,-1.7575,0.5631,31.9889,0,Ready,0,9,LowPickup,13.8873,2.2812,0.2188,0.8432,-10.8563,0.0321,0.7361,0,MatchLose,0,9,90,90.0212,3.0031,0,Perfect,,0,-11.2,-2.0748,11.2,0,0,0,0.5539,0,0.0002
1152,PointOver,Reaction,1,-0.015,38,0.9,1.185,-8.6203,-1.7941,0.5563,32.4289,0,Ready,0,9,LowPickup,14.2852,3.0676,0.2127,0.8382,-10.8501,0.0271,0.6155,0,MatchLose,0,9,90,90.0168,16.2583,0,Perfect,,0,-11.2,-2.1058,11.2,0,0,0,0.7254,0,0.0001
1153,PointOver,Reaction,1,-0.015,38,0.9,1.185,-8.6275,-1.8184,0.5484,32.7222,0,Ready,0,9,LowPickup,14.6093,3.9796,0.2087,0.8334,-10.8418,0.023,0.5041,0,MatchLose,0,9,90,90.0118,0.0001,0,Perfect,,0,-11.2,-2.1266,11.2,0,0,0,0.8705,0,0.0001
1154,PointOver,Reaction,1,-0.015,38,0.9,1.185,-8.6348,-1.855,0.5315,33.1622,0,Ready,0,9,LowPickup,14.7607,4.8527,0.205,0.8279,-10.8336,0.048,0.4064,0,MatchLose,0,9,90,90.0069,0.0001,0,Perfect,,0,-11.2,-2.1576,11.2,0,0,0,0.9811,0,0.0002
1155,PointOver,Reaction,1,-0.015,38,0.9,1.185,-8.642,-1.8794,0.5169,33.4555,0,Ready,0,9,LowPickup,14.7281,5.5616,0.2031,0.8206,-10.8261,0.1013,0.3236,0,MatchLose,0,9,90,90.0025,0.0001,0,Perfect,,0,-11.2,-2.1783,11.2,0,0,0,1.0108,0,0.0001
1156,PointOver,Reaction,1,-0.015,38,0.9,1.185,-8.6493,-1.9037,0.4996,33.7489,0,Ready,0,9,LowPickup,14.6085,6.043,0.2042,0.8181,-10.8192,0.2013,0.2551,0,MatchLose,0,9,90,89.999,0.0001,0,Perfect,,0,-11.2,-2.199,11.2,0,0,0,0.9042,0,0.0002
1157,PointOver,Reaction,1,-0.015,38,0.9,1.185,-8.6565,-1.9403,0.4685,34.1889,0,Ready,0,9,LowPickup,14.4311,6.2717,0.2077,0.8161,-10.8133,0.259,0.1995,0,MatchLose,0,9,90,89.9965,0.0001,0,Perfect,,0,-11.2,-2.2301,11.2,0,0,0,0.6829,0,0.0001
1158,PointOver,Reaction,1,-0.015,38,0.9,1.185,-8.6638,-1.9646,0.4445,34.4822,0,Ready,0,9,LowPickup,14.2399,6.2599,0.2127,0.8128,-10.8063,0.2926,0.1549,0,MatchLose,0,9,90,89.995,3.0031,0,Perfect,,0,-11.2,-2.2508,11.2,0,0,0,0.408,0,0.0001
1159,PointOver,Reaction,1,-0.015,38,0.9,1.185,-8.671,-2.0012,0.4033,34.9222,0,Ready,0,9,LowPickup,14.0708,6.0385,0.2185,0.8121,-10.8053,0.1995,0.1195,0,MatchLose,0,9,90,89.9945,16.2583,0,Perfect,,0,-11.2,-2.2819,11.2,0,0,0,0.2824,0,0.0002
1160,PointOver,Reaction,1,-0.015,38,0.9,1.185,-8.6783,-2.0256,0.3725,35.2155,0,Ready,0,9,LowPickup,13.9578,5.646,0.2245,0.8218,-10.8248,0.097,0.0918,0,MatchLose,0,9,90,89.9946,0.0001,0,Perfect,,0,-11.2,-2.3026,11.2,0,0,0,0.5008,0,0.0001
1161,PointOver,Reaction,1,-0.015,38,0.9,1.185,-8.6855,-2.0499,0.3391,35.5088,0,Ready,0,9,LowPickup,13.8669,5.109,0.2277,0.8342,-10.8452,0.2384,0.0702,0,MatchLose,0,9,90,89.9953,0.0001,0,Perfect,,0,-11.2,-2.3233,11.2,0,0,0,0.7585,0,0.0002
1162,PointOver,Reaction,1,-0.015,38,0.9,1.185,-8.6928,-2.0865,0.2838,35.9488,0,Ready,0,9,LowPickup,13.7553,4.4663,0.2238,0.8353,-10.8366,0.3221,0.0534,0,MatchLose,0,9,90,89.9963,0.0001,0,Perfect,,0,-11.2,-2.3544,11.2,0,0,0,0.9211,0,0.0001
1163,PointOver,Reaction,1,-0.015,38,0.9,1.185,-8.7,-2.1108,0.2436,36.2421,0,Ready,0,9,LowPickup,13.6341,3.7489,0.2201,0.8359,-10.827,0.2963,0.0405,0,MatchLose,0,9,90,89.9975,0.0001,0,Perfect,,0,-11.2,-2.3751,11.2,0,0,0,0.9807,0,0.0001
1164,PointOver,Reaction,1,-0.015,38,-3.3062,1.185,8.2072,-2.1474,0.1782,36.6821,0,Ready,0,9,LowPickup,13.4928,3.0014,0.2247,0.8451,-10.8409,0.0998,0.0307,0,MatchLose,0,9,90,89.9986,3.0031,0,Perfect,,0,-11.2,-2.4062,11.2,0,0,0,0.9326,0,0.0001
1165,PointOver,Reaction,1,-0.015,38,-3.3269,1.185,8.2145,-2.1718,0.1312,36.9755,0,Ready,0,9,LowPickup,13.3356,2.2272,0.231,0.8582,-10.8617,0.0408,0.0231,0,MatchLose,0,9,90,89.9995,16.8796,0,Perfect,,0,-11.2,-2.4269,11.2,0,0,0,0.8188,0,0.0001
1166,PointOver,Reaction,1,-0.015,38,-3.3476,1.185,8.2217,-2.1961,0.1,37.2688,0,Ready,0,9,LowPickup,12.9064,1.671,0.2332,0.8558,-10.8708,0.2454,0.0174,0,MatchLose,0,9,90,90.0003,0.0006,0,Perfect,,0,-11.2,-2.4476,11.2,0,0,0,0.4534,0,0
1167,PointOver,Reaction,1,-0.015,38,-3.4677,1.185,8.229,-2.2304,0.1539,37.6817,0,Ready,0,9,LowPickup,12.2654,1.0127,0.2355,0.8554,-10.8798,0.1548,0.0131,0,MatchLose,0,9,90,90.0008,0.0087,0,Perfect,,0,-11.2,-2.5677,11.2,0,0,0,0.2301,0,0
1168,PointOver,Reaction,1,-0.015,38,-3.4941,1.185,8.2362,-2.2533,0.1864,37.9569,0,Ready,0,9,LowPickup,11.0792,0.0558,0.2377,0.8625,-10.8872,0.168,0.0098,0,MatchLose,0,9,83,83.0011,3.3565,0,Perfect,,0,-11.2,-2.5941,11.2,0,0,0,0.4724,0,0
1169,PointOver,Reaction,1,-0.015,38,-3.5233,1.185,8.2435,-2.2876,0.2301,38.3698,0,Ready,0,9,LowPickup,9.6157,-0.9954,0.2404,0.8742,-10.8962,0.2599,0.0073,0,MatchLose,0,9,90,90.0012,17.4578,0,Perfect,,0,-11.2,-2.6233,11.2,0,0,0,0.7907,0,0
1170,PointOver,Reaction,1,-0.015,38,-3.5427,1.185,8.2507,-2.3104,0.2559,38.6451,0,Ready,0,9,LowPickup,7.9016,-2.093,0.2433,0.8954,-10.9119,0.2274,0.0055,0,MatchLose,0,9,90,90.0012,0.0006,0,Perfect,,0,-11.2,-2.6427,11.2,0,0,0,1.0491,0,0
1171,PointOver,Reaction,1,-0.015,38,-3.5622,1.185,8.258,-2.3333,0.2789,38.9203,0,Ready,0,9,LowPickup,6.2781,-3.0728,0.2516,0.9282,-10.927,0.1961,0.0041,0,MatchLose,0,9,90,90.001,0.0003,0,Perfect,,0,-11.2,-2.6622,11.2,0,0,0,1.1463,0,0
1172,PointOver,Reaction,1,-0.015,38,-3.5913,1.185,8.2652,-2.3676,0.3084,39.3332,0,Ready,0,9,LowPickup,5.0411,-3.8486,0.2705,0.9777,-10.941,0.1165,0.003,0,MatchLose,0,9,90,90.0008,0.0004,0,Perfect,,0,-11.2,-2.6913,11.2,0,0,0,1.007,0,0
1173,PointOver,Reaction,1,-0.015,38,-3.6108,1.185,8.2725,-2.3905,0.3246,39.6084,0,Ready,0,9,LowPickup,4.2034,-4.3337,0.2919,1.0403,-10.9501,0.1373,0.0023,0,MatchLose,0,9,90,90.0005,2.8516,0,Perfect,,0,-11.2,-2.7108,11.2,0,0,0,0.7452,0,0
1174,PointOver,Reaction,1,-0.015,38,-3.6399,1.185,8.2797,-2.4248,0.3439,40.0213,0,Ready,0,9,LowPickup,3.9391,-4.4005,0.3058,1.1384,-10.9855,0.2235,0,0,MatchLose,0,9,90,90.0003,15.4244,0,Perfect,,0,-11.2,-2.7399,11.2,0,0,0,0.4127,0,0.0003
1175,PointOver,Reaction,1,-0.015,38,-3.6593,1.185,8.287,-2.4476,0.3534,40.2966,0,Ready,0,9,LowPickup,4.0327,-4.1345,0.3021,1.1795,-10.984,0.2771,0,0,MatchLose,0,9,90,90.0001,0.0004,0,Perfect,,0,-11.2,-2.7593,11.2,0,0,0,0.2091,0,0.0002
1176,PointOver,Reaction,1,-0.015,38,-3.6788,1.185,8.2942,-2.4705,0.3602,40.5718,0,Ready,0,9,LowPickup,4.3947,-3.4885,0.2634,1.0199,-10.829,0.3462,0,0,MatchLose,0,9,90,89.9999,0.0003,0,Perfect,,0,-11.2,-2.7788,11.2,0,0,0,0.2317,0,0.0001
1177,PointOver,Reaction,1,-0.015,38,-3.7079,1.185,8.3014,-2.5048,0.3653,40.9847,0,Ready,0,9,LowPickup,4.8716,-2.6305,0.1818,0.8327,-10.8651,1.1173,0,0,MatchLose,0,9,90,89.9998,0.0003,0,Perfect,,0,-11.2,-2.8079,11.2,0,0,0,0.2508,0,0.0001
1178,PointOver,Reaction,1,-0.015,38,-3.7274,1.185,8.3087,-2.5277,0.3653,41.26,0,Ready,0,9,LowPickup,5.2882,-1.647,0.1602,0.8274,-10.8926,0,0,0,MatchLose,0,9,90,89.9997,0.0004,0,Perfect,,0,-11.2,-2.8274,11.2,0,0,0,0.2145,0,0.0001
1179,PointOver,Reaction,1,-0.015,38,-3.7565,1.185,8.3159,-2.562,0.3602,41.6728,0,Ready,0,9,LowPickup,5.677,-0.6191,0.1773,0.8456,-10.8932,0,0,0,MatchLose,0,9,90,89.9997,0.0003,0,Perfect,,0,-11.2,-2.8565,11.2,0,0,0,0.2671,0,0
1180,PointOver,Reaction,1,-0.015,38,-3.776,1.185,8.3232,-2.5848,0.3534,41.9481,0,Ready,0,9,LowPickup,6.0133,0.3497,0.1872,0.8489,-10.8979,0,0,0,MatchLose,0,9,90,89.9997,0.0003,0,Perfect,,0,-11.2,-2.876,11.2,0,0,0,0.3797,0,0
1181,PointOver,Reaction,1,-0.015,38,-3.7954,1.185,8.3304,-2.6077,0.3439,42.2233,0,Ready,0,9,LowPickup,6.2993,1.2425,0.1925,0.8486,-10.9015,0,0,0,MatchLose,0,9,90,89.9997,2.8181,0,Perfect,,0,-11.2,-2.8954,11.2,0,0,0,0.47,0,0.0002
1182,PointOver,Reaction,1,-0.015,38,-3.8245,1.185,8.3377,-2.642,0.3245,42.6362,0,Ready,0,9,LowPickup,6.529,1.9952,0.1888,0.8394,-10.9107,0,0,0,MatchLose,0,9,90,89.9998,15.2564,0,Perfect,,0,-11.2,-2.9245,11.2,0,0,0,0.5069,0,0.0001
1183,PointOver,Reaction,1,-0.015,38,-3.844,1.185,8.3449,-2.6648,0.3082,42.9115,0,Ready,0,9,LowPickup,6.7033,2.6151,0.1736,0.8342,-10.9097,0,0,0,MatchLose,0,9,90,89.9999,0.0003,0,Perfect,,0,-11.2,-2.944,11.2,0,0,0,0.4947,0,0.0001
1184,PointOver,Reaction,1,-0.015,38,-3.8731,1.185,8.3522,-2.6991,0.2787,43.3244,0,Ready,0,9,LowPickup,6.8369,3.0869,0.1296,0.8567,-10.876,0,0,0,MatchLose,0,9,90,89.9999,0.0003,0,Perfect,,0,-11.2,-2.9731,11.2,0,0,0,0.444,0,0.0001
1185,PointOver,Reaction,1,-0.015,38,-3.8926,1.185,8.3594,-2.722,0.2557,43.5996,0,Ready,0,9,LowPickup,6.8772,3.3989,0.1222,0.8937,-10.8267,0,0,0,MatchLose,0,9,90,90,2.6237,0,Perfect,,0,-11.2,-2.9926,11.2,0,0,0,0.3858,0,0
1186,PointOver,Reaction,1,-0.015,38,-3.912,1.185,8.3667,-2.7449,0.2299,43.8749,0,Ready,0,9,LowPickup,6.7225,3.519,0.1438,0.8366,-10.8772,0.7783,0,0,MatchLose,0,9,90,90,14.2847,0,Perfect,,0,-11.2,-3.012,11.2,0,0,0,0.347,0,0.0002
1187,PointOver,Reaction,1,-0.015,38,-3.9412,1.185,8.3739,-2.7792,0.1862,44.2877,0,Ready,0,9,LowPickup,6.553,3.5266,0.1947,0.797,-10.9096,0.2191,0,0,MatchLose,0,9,90,90,0.0003,0,Perfect,,0,-11.2,-3.0412,11.2,0,0,0,0.3415,0,0.0002
1188,PointOver,Reaction,1,-0.015,38,-3.9606,1.185,8.3812,-2.802,0.1536,44.563,0,Ready,0,9,LowPickup,6.528,3.432,0.2028,0.7926,-10.9106,0.7233,0,0,MatchLose,0,9,90,90.0001,0.0003,0,Perfect,,0,-11.2,-3.0606,11.2,0,0,0,0.3558,0,0.0001
1189,PointOver,Reaction,1,-0.015,38,-3.9897,1.185,8.3884,-2.8363,0.1,44.9759,0,Ready,0,9,LowPickup,6.5676,3.3619,0.1994,0.7882,-10.904,0.7252,0,0,MatchLose,0,9,90,90,0.0002,0,Perfect,,0,-11.2,-3.0897,11.2,0,0,0,0.3726,0,0.0002
1190,PointOver,Reaction,1,-0.015,38,-4.0698,1.185,8.3957,-2.8578,0.127,45.2344,0,Ready,0,9,LowPickup,6.6351,3.4634,0.226,0.777,-10.8954,0.6202,0,0,MatchLose,0,9,90,90,0.0002,0,Perfect,,0,-11.2,-3.1698,11.2,0,0,0,0.3182,0,0.0001
1191,PointOver,Reaction,1,-0.015,38,-4.0941,1.185,8.4029,-2.8793,0.1513,45.493,0,Ready,0,9,LowPickup,6.7696,3.7146,0.1978,0.7645,-10.905,0.4786,0,0,MatchLose,0,9,83,83,2.9583,0,Perfect,,0,-11.2,-3.1941,11.2,0,0,0,0.3034,0,0.0001
1192,PointOver,Reaction,1,-0.015,38,-4.1215,1.185,8.4101,-2.9115,0.1827,45.8808,0,Ready,0,9,LowPickup,6.9816,4.1481,0.1968,0.7564,-10.926,0.3455,0,0,MatchLose,0,9,90,90,15.2119,0,Perfect,,0,-11.2,-3.2215,11.2,0,0,0,0.3907,0,0.0001
1193,PointOver,Reaction,1,-0.015,38,-4.1397,1.185,8.4174,-2.933,0.2002,46.1393,0,Ready,0,9,LowPickup,7.3072,4.7673,0.1958,0.7557,-10.9497,0.2542,0,0,MatchLose,0,9,90,90,0.0002,0,Perfect,,0,-11.2,-3.2397,11.2,0,0,0,0.5334,0,0.0003
1194,PointOver,Reaction,1,-0.015,38,-4.1671,1.185,8.4246,-2.9652,0.2213,46.5271,0,Ready,0,9,LowPickup,7.7418,5.6038,0.197,0.7601,-10.9615,0.1007,0,0,MatchLose,0,9,90,90,2.4717,0,Perfect,,0,-11.2,-3.2671,11.2,0,0,0,0.6647,0,0.0003
1195,PointOver,Reaction,1,-0.015,38,-4.1854,1.185,8.4319,-2.9867,0.2321,46.7856,0,Ready,0,9,LowPickup,8.4159,6.5824,0.1936,0.7633,-10.9636,0.1811,0,0,MatchLose,0,9,90,90,14.0017,0,Perfect,,0,-11.2,-3.2854,11.2,0,0,0,0.7254,0,0.0002
1196,PointOver,Reaction,1,-0.015,38,-4.2036,1.185,8.4391,-3.0081,0.24,47.0442,0,Ready,0,9,LowPickup,9.5311,7.6284,0.1768,0.7662,-10.9499,0.1004,0,0,MatchLose,0,9,90,90,0.0002,0,Perfect,,0,-11.2,-3.3036,11.2,0,0,0,0.6442,0,0.0002
1197,PointOver,Reaction,1,-0.015,38,-4.231,1.185,8.4464,-3.0404,0.2469,47.432,0,Ready,0,9,LowPickup,10.8204,8.6824,0.1594,0.7728,-10.9393,0.2503,0,0,MatchLose,0,9,90,90,0.0002,0,Perfect,,0,-11.2,-3.331,11.2,0,0,0,0.5895,0,0.0001
1198,PointOver,Reaction,1,-0.015,38,-4.2493,1.185,8.4536,-3.0618,0.2481,47.6905,0,Ready,0,9,LowPickup,12.191,9.7242,0.1496,0.7792,-10.9436,0.4794,0,0,MatchLose,0,9,90,90,0.0002,0,Perfect,,0,-11.2,-3.3493,11.2,0,0,0,0.5836,0,0.0001
1199,PointOver,Reaction,1,-0.015,38,-4.2767,1.185,8.4609,-3.094,0.2448,48.0783,0,Ready,0,9,LowPickup,13.3731,10.5962,0.1463,0.7861,-10.9512,0.4165,0,0,MatchLose,0,9,90,90,0.0002,0,Perfect,,0,-11.2,-3.3767,11.2,0,0,0,0.5979,0,0.0001
1200,PointOver,Reaction,1,-0.015,38,-4.2949,1.185,8.4681,-3.1155,0.2392,48.3369,0,Ready,0,9,LowPickup,14.089,11.2036,0.1553,0.7986,-10.9565,0,0,0,MatchLose,0,9,90,90,0.0002,0,Perfect,,0,-11.2,-3.3949,11.2,0,0,0,0.5342,0,0.0002
1201,PointOver,Reaction,1,-0.015,38,-4.3132,1.185,8.4754,-3.137,0.2309,48.5954,0,Ready,0,9,LowPickup,14.3623,11.4732,0.164,0.8081,-10.9638,0,0,0,MatchLose,0,9,90,90,0.0002,0,Perfect,,0,-11.2,-3.4132,11.2,0,0,0,0.4299,0,0.0001
1202,PointOver,Reaction,1,-0.015,38,-4.3405,1.185,8.4826,-3.1692,0.2133,48.9832,0,Ready,0,9,LowPickup,14.0419,11.2732,0.1653,0.8062,-10.9782,0,0,0,MatchLose,0,9,90,90,0.0002,0,Perfect,,0,-11.2,-3.4405,11.2,0,0,0,0.3415,0,0.0001
1203,PointOver,Reaction,1,-0.015,38,-4.3588,1.185,8.4899,-3.1907,0.1981,49.2417,0,Ready,0,9,LowPickup,13.398,10.7385,0.1538,0.8058,-10.9793,0,0,0,MatchLose,0,9,90,90,2.4643,0,Perfect,,0,-11.2,-3.4588,11.2,0,0,0,0.317,0,0.0002
1204,PointOver,Reaction,1,-0.015,38,-4.3862,1.185,8.4971,-3.2229,0.1703,49.6296,0,Ready,0,9,LowPickup,12.5744,9.8848,0.1066,0.8286,-10.9404,6.7436,0,0,MatchLose,0,9,90,90,13.4167,0,Perfect,,0,-11.2,-3.4862,11.2,0,0,0,0.277,0,0.0001
1205,PointOver,Reaction,1,-0.015,38,-4.4044,1.185,8.5043,-3.2444,0.1484,49.8881,0,Ready,0,9,LowPickup,11.7343,8.8495,0.0686,0.855,-10.9129,0.6453,0,0,MatchLose,0,9,90,90,0.0002,0,Perfect,,0,-11.2,-3.5044,11.2,0,0,0,0.2035,0,0.0001
1206,PointOver,Reaction,1,-0.015,38,-4.4227,1.185,8.5116,-3.2659,0.1238,50.1466,0,Ready,0,9,LowPickup,11.0871,7.7056,0.0912,0.8406,-10.9225,2.8138,0,0,MatchLose,0,9,90,90,2.3731,0,Perfect,,0,-11.2,-3.5227,11.2,0,0,0,0.2851,0,0.0001
1207,PointOver,Reaction,1,-0.015,38,-4.481,1.185,8.5188,-3.2974,0.1104,50.5266,0,Ready,0,9,LowPickup,10.5734,6.5626,0.1188,0.8261,-10.9373,0.5296,0,0,MatchLose,0,9,90,90,12.9609,0,Perfect,,0,-11.2,-3.581,11.2,0,0,0,0.5203,0,0.0001
1208,PointOver,Reaction,1,-0.015,38,-4.5155,1.185,8.5261,-3.3176,0.1292,50.7696,0,Ready,0,9,LowPickup,10.1797,5.5347,0.0936,0.8426,-10.9235,0.6964,0,0,MatchLose,0,9,83,83,1.1723,0,Perfect,,0,-11.2,-3.6155,11.2,0,0,0,0.7174,0,0
1209,PointOver,Reaction,1,-0.015,38,-4.5412,1.185,8.5333,-3.3479,0.1523,51.134,0,Ready,0,9,LowPickup,9.9809,4.6911,0.0709,0.8568,-10.916,0.9942,0,0,MatchLose,0,9,90,90,1.1723,0,Perfect,,0,-11.2,-3.6412,11.2,0,0,0,0.8518,0,0
1210,PointOver,Reaction,1,-0.015,38,-4.5583,1.185,8.5406,-3.3681,0.1643,51.3769,0,Ready,0,9,LowPickup,10.0526,4.1532,0.0998,0.8393,-10.9453,3.4502,0,0,MatchLose,0,9,89.9874,89.9936,0.0064,0,Perfect,,0,-11.2,-3.6583,11.2,0,0,0,0.9004,0,0
1211,PointOver,Reaction,1,-0.015,38,-4.5755,1.185,8.5478,-3.3882,0.1735,51.6199,0,Ready,0,9,LowPickup,10.3566,3.891,0.128,0.8262,-10.9727,0.1737,0,0,MatchLose,0,9,90,90.001,0.0062,0,Perfect,,0,-11.2,-3.6755,11.2,0,0,0,0.8828,0,0
1212,PointOver,Reaction,1,-0.015,38,-4.6012,1.185,8.5551,-3.4185,0.1823,51.9843,0,Ready,0,9,LowPickup,10.8702,3.9432,0.1064,0.8287,-10.9451,0.4349,0,0,MatchLose,0,9,90.1116,90.0576,2.1787,0,Perfect,,0,-11.2,-3.7012,11.2,0,0,0,0.816,0,0.0003
1213,PointOver,Reaction,1,-0.015,38,-4.6184,1.185,8.5623,-3.4387,0.1848,52.2272,0,Ready,0,9,LowPickup,11.631,4.2484,0.0847,0.8323,-10.9197,0.7024,0,0,MatchLose,0,9,90.3722,90.1809,12.4251,0,Perfect,,0,-11.2,-3.7184,11.2,0,0,0,0.728,0,0
1214,PlayerServeHold,Reaction,1,-0.015,38,-4.5955,1.185,8.5696,0.2588,0.875,-10.9333,0,Ready,0,9,LowPickup,12.7348,4.773,0.1053,0.8114,-10.9647,0.7775,0,0,MatchLose,0,9,90.8123,90.3734,0.2231,0,Perfect,,-0.0013,-11.2333,-3.6955,11.2,0,0,0,0.618,0,0
1215,PlayerServeHold,Reaction,1,-0.015,38,-4.5554,1.185,8.5768,0.2469,0.875,-10.9578,0,Serve prepare 0.00,0,9,LowPickup,13.6485,3.8524,0.1039,0.7872,-11.0156,0.8738,0.2083,0.1667,Backhand prepare 1.00,0,9,86.1711,74.6084,1.8218,0,Perfect,,-0.0025,-11.2667,-3.6554,11.2,0,0,1.2315,1.7842,0,0
1216,PlayerServeHold,Reaction,1,-0.015,38,-4.4754,1.185,8.5841,0.2334,0.875,-11.0159,0,Serve prepare 0.00,0,9,LowPickup,15.618,4.0462,0.1161,0.7786,-11.0773,0.9334,0.4167,0.3333,Backhand prepare 1.00,0,9,77.0809,52.8341,5.0888,0,Perfect,,-0.005,-11.3333,-3.5754,11.2,0,0,0.814,3.0285,0,0
1217,PlayerServeHold,Reaction,1,-0.015,38,-4.4353,1.185,8.5913,0.243,0.875,-11.0578,0,Run,0,9,LowPickup,20.7093,10.4382,0.1097,0.7929,-11.113,0.5165,0.3981,0.1667,Backhand prepare 1.00,0,9,67.649,31.0878,2.0843,0,Perfect,,-0.0064,-11.3667,-3.5353,11.2,0,0.0005,0.7649,0.8075,0,0
1218,PlayerServeHold,Reaction,1,-0.015,38,-4.3552,1.185,8.5986,0.25,0.875,-11.1333,0,Run,0,9,LowPickup,23.0666,12.7318,0.1184,0.7833,-11.2095,0.6193,0.3567,0,Backhand prepare 1.00,0,9,59.4079,11.2997,1.2914,0,Perfect,,-0.01,-11.4333,-3.4552,11.2,0,0.0012,0.859,0.7514,0,0
1219,PlayerServeHold,Reaction,1,-0.015,38,-4.3152,1.185,8.6058,0.2478,0.875,-11.1667,0,Run,0,9,LowPickup,22.1629,12.3202,0.122,0.7786,-11.2704,0.2639,0.3067,0,Backhand prepare 1.00,0,9,52.5616,-6.3534,0.7728,0,Perfect,,-0.0122,-11.4667,-3.4152,11.2,0,0.0023,1.3126,0.9951,0,0
1220,PlayerServeHold,Reaction,1,-0.015,38,-4.2351,1.185,8.613,-0.325,0.695,-11.4905,0,Run,0,9,LowPickup,13.651,4.6837,0.0954,0.773,-11.3191,1.3857,0.2565,0,Backhand prepare 1.00,0,9,46.6985,-22.3609,0.544,0,Perfect,,-0.0175,-11.5333,-3.3351,11.2,0,0.0034,1.3523,1.3658,0,0
1221,PlayerServeHold,Reaction,1,-0.015,38,-4.1951,1.185,8.6203,-0.331,0.695,-11.5616,0,Run,0,9,LowPickup,4.9423,-2.8309,0.0689,0.7672,-11.3308,0,0.21,0,Backhand prepare 1.00,0,9,36.8449,-38.62,4.8927,0,Perfect,,-0.0206,-11.5667,-3.2951,11.2,0,0.0047,1.7014,1.6567,0,0
1222,PlayerServeHold,Reaction,1,-0.015,38,-4.115,1.185,8.6275,-0.3362,0.695,-11.6662,0,Run,0,9,LowPickup,-3.7725,-10.335,0.0398,0.7631,-11.3835,0,0.1693,0,Backhand prepare 1.00,0,9,27.6375,-54.1202,25.3196,0,Perfect,,-0.0275,-11.6333,-3.215,11.2,0,0.0059,1.6587,1.7786,0,0
1223,PlayerServeHold,Reaction,1,-0.015,38,-4.0749,1.185,8.6348,-0.3338,0.695,-11.7369,0,Run,0,9,LowPickup,-12.3722,-17.7188,0.0142,0.7619,-11.4059,0,0.1348,0,Backhand prepare 1.00,0,9,18.7572,-67.5889,1.4555,0,Perfect,,-0.0314,-11.6667,-3.1749,11.2,0,0.007,1.9429,1.6938,0,0
1224,PlayerServeHold,Reaction,1,-0.015,38,-3.9949,1.185,8.642,-0.3316,0.695,-11.8399,0,Run,0,9,LowPickup,-20.6929,-25.1768,-0.0149,0.7667,-11.4651,18.7842,0.1063,0,Backhand prepare 1.00,0,9,10.0627,-79.0293,0.8536,0,Perfect,,-0.04,-11.7333,-3.0949,11.2,0,0.0078,1.8491,1.3773,0,0
1225,PlayerServeHold,Reaction,1,-0.015,38,-3.9548,1.185,8.6493,-0.3212,0.695,-11.908,0,Run,0,9,LowPickup,-28.9106,-32.6107,-0.0433,0.7686,-11.4918,1.5689,0.0831,0,Backhand prepare 1.00,0,9,1.5242,-89.3238,0.8389,0,Perfect,,-0.0447,-11.7667,-3.0548,11.2,0,0.0085,2.0929,1.0134,0,0
1226,PlayerServeHold,Reaction,1,-0.015,38,-3.8747,1.185,8.6565,-0.3122,0.695,-12.0073,0,Run,0,9,LowPickup,-37.0499,-40.13,-0.089,0.7635,-11.5535,1.5516,0.0645,0,Backhand prepare 1.00,0,9,-7.0147,-98.7073,3.0691,0,Perfect,,-0.055,-11.8333,-2.9747,11.2,0,0.0088,1.9673,0.7259,0,0
1227,PlayerServeHold,Reaction,1,-0.015,38,-3.8347,1.185,8.6638,-0.2946,0.695,-12.0707,0,Run,0,9,LowPickup,-45.2159,-47.7014,-0.1222,0.7602,-11.5894,1.5154,0.0498,0,Backhand prepare 1.00,0,9,-14.4788,-106.2638,0.5798,0,Perfect,,-0.0606,-11.8667,-2.9347,11.2,0,0.0089,2.1861,0.6285,0,0
1228,PlayerServeHold,Reaction,1,-0.015,38,-3.7546,1.185,8.671,-0.28,0.695,-12.1643,0,Run,0,9,LowPickup,-53.5683,-55.5249,-0.1415,0.7654,-11.6576,1.4844,0.0382,0,Backhand prepare 1.00,0,9,-15.7334,-107.0555,1.1893,0,Perfect,,-0.0725,-11.9333,-2.8546,11.2,0,0.0087,2.0407,0.675,0,0
1229,PlayerServeHold,Reaction,1,-0.015,38,-3.7146,1.185,8.6783,-0.2567,0.695,-12.2212,0,Run,0,9,LowPickup,-61.831,-63.2871,-0.1563,0.7699,-11.6895,3.4208,0.0292,0,Backhand prepare 1.00,0,9,-16.8524,-107.3581,2.9057,0,Perfect,,-0.0789,-11.9667,-2.8146,11.2,0,0.0082,2.244,0.7462,0,0
1230,PlayerServeHold,Reaction,1,-0.015,38,-3.6345,1.185,8.6855,-0.2379,0.695,-12.3077,0,Run,0,9,LowPickup,-70.1624,-71.1722,-0.1955,0.7671,-11.7545,11.7696,0.0223,0,Backhand prepare 1.00,0,9,-17.6,-107.1191,4.3414,0,Perfect,,-0.0925,-12.0333,-2.7345,11.2,0,0.0074,2.0863,0.7804,0,0
1231,PlayerServeHold,Reaction,1,-0.015,38,-3.5944,1.185,8.6928,-0.2106,0.695,-12.3567,0,Run,0,9,LowPickup,-78.4477,-79.0773,-0.2276,0.7626,-11.7909,1.6681,0.0169,0,Backhand prepare 1.00,0,9,-18.0303,-106.5504,3.3443,0,Perfect,,-0.0997,-12.0667,-2.6944,11.2,0,0.0065,2.2799,0.7897,0,0
1232,PlayerServeHold,None,1,-0.015,38,-3.5144,1.185,8.7,-0.195,0.695,-12.4334,0,Run,0,9,LowPickup,-85.614,-85.9747,-0.2552,0.7602,-11.8623,2.1488,0.0128,0,Backhand prepare 1.00,0,9,-18.0533,-105.6666,3.7974,0,Perfect,,-0.115,-12.1334,-2.6144,11.2,0,0.0054,2.1147,0.7804,0,0
1233,PlayerServeHold,None,1,-0.015,52,-2.2231,2.535,-16.5667,-0.2031,0.695,-12.4667,0,Run,0,9,LowPickup,-86.5693,-86.766,-0.2439,0.757,-11.884,6.0464,0.0096,0,Backhand prepare 1.00,0,9,-17.6688,-104.5461,3.4991,0,Perfect,,-0.1231,-12.1667,-2.5743,11.2,14,0.0042,2.3023,0.768,0,0
1234,PlayerServeHold,None,1,-0.015,52,-2.2244,2.535,-16.5718,-0.22,0.695,-12.5334,0,Run,0,9,LowPickup,-87.2324,-87.4373,-0.2406,0.7536,-11.9359,0.9947,0.0073,0,Backhand prepare 1.00,0,9,-16.9682,-103.3157,4.0585,0,Perfect,,-0.14,-12.2334,-2.4942,11.2,0,0.0028,2.1323,0.7559,0,0
1235,PlayerServeHold,None,1,-0.015,52,-2.2262,2.535,-16.5791,-0.2289,0.695,-12.5667,0,Run,0,9,LowPickup,-87.711,-88.0143,-0.226,0.7545,-11.9576,4.6786,0.0054,0,Backhand prepare 1.00,0,9,-16.1302,-102.1584,2.1887,0,Perfect,,-0.1489,-12.2667,-2.4542,11.2,0,0.0015,2.3161,0.7457,0,0
1236,PlayerServeHold,None,1,-0.015,52,-2.2294,2.535,-16.591,-0.2475,0.695,-12.6334,0,Run,0,9,LowPickup,-88.0237,-88.4837,-0.2206,0.7511,-12.0177,0,0.0041,0,Backhand prepare 1.00,0,9,-15.107,-101.009,2.6028,0,Perfect,,-0.1675,-12.3334,-2.3741,11.2,0,0.0005,2.1432,0.7147,0,0
1237,PlayerServeHold,None,1,-0.015,52,-2.2331,2.535,-16.6032,-0.2572,0.695,-12.65,0,Run,0,9,LowPickup,-88.0439,-88.7766,-0.2061,0.7468,-12.0313,0,0.0031,0,Backhand prepare 1.00,0,9,-14.1664,-100.0915,2.5799,0,Perfect,,-0.1772,-12.35,-2.3341,11.2,0,-0.0003,2.3247,0.643,0,0
1238,PlayerServeHold,None,1,-0.015,52,-2.238,2.535,-16.6145,-0.2775,0.695,-12.65,0,Run,0,9,LowPickup,-87.7919,-88.9102,-0.2046,0.7429,-12.0309,0,0.0023,0,Backhand prepare 1.00,0,9,-13.3849,-99.4464,1.7499,0,Perfect,,-0.1975,-12.35,-2.254,11.2,0,-0.0008,2.15,0.5483,0,0
1239,PlayerServeHold,None,1,-0.015,52,-2.2434,2.535,-16.6249,-0.2881,0.695,-12.65,0,Run,0,9,LowPickup,-87.2139,-89.1122,-0.1957,0.7383,-12.0315,0.2579,0,0,Backhand prepare 1.00,0,9,-12.8085,-99.0756,0.7275,0,Perfect,,-0.2081,-12.35,-2.2139,11.2,0,-0.001,2.3301,0.2124,0,0
1240,PlayerServeHold,None,1,-0.015,52,-2.2501,2.535,-16.6345,-0.31,0.695,-12.65,0,Run,0,9,LowPickup,-86.5645,-89.101,-0.1998,0.733,-12.0322,0.0858,0,0,Backhand prepare 1.00,0,9,-12.6222,-99.1244,2.29,0,Perfect,,-0.23,-12.35,-2.1339,11.2,0,-0.0011,2.1542,0.1824,0,0
1241,PlayerServeHold,None,1,-0.015,52,-2.2571,2.535,-16.6434,-0.3213,0.695,-12.65,0,Run,0,9,LowPickup,-85.9662,-89.0638,-0.1962,0.7327,-12.0335,0.2265,0,0,Backhand prepare 1.00,0,9,-12.7769,-99.5119,8.2979,0,Perfect,,-0.2413,-12.35,-2.0938,11.2,0,-0.0009,2.3334,0.1864,0,0
1242,PlayerServeHold,None,1,-0.015,52,-2.2653,2.535,-16.6516,-0.3438,0.695,-12.65,0,Run,0,9,LowPickup,-85.4032,-89.0228,-0.2072,0.7267,-12.0349,0.0952,0,0,Backhand prepare 1.00,0,9,-13.2183,-100.1601,8.1794,0,Perfect,,-0.2638,-12.35,-2.0137,11.2,0,-0.0007,1.9979,0.1895,0,0
1243,PlayerServeHold,None,1,-0.015,52,-2.2737,2.535,-16.6592,-0.355,0.695,-12.65,0,Run,0,9,LowPickup,-84.866,-88.9777,-0.2204,0.7187,-12.0344,0.0533,0,0,Backhand prepare 1.00,0,9,-14.0106,-101.118,2.9967,0,Perfect,,-0.275,-12.35,-1.9737,11.2,0,-0.0005,1.5746,0.1858,0,0
1244,PlayerServeHold,None,1,-0.015,52,-2.2832,2.535,-16.6661,-0.3775,0.695,-12.65,0,Run,0,9,LowPickup,-84.3924,-88.9393,-0.2236,0.7259,-11.9922,0.0223,0,0,Backhand prepare 1.00,0,9,-14.9497,-102.1745,1.3003,0,Perfect,,-0.2975,-12.35,-1.8936,11.2,0,-0.0003,1.241,0.171,0,0
1245,PlayerServeHold,None,1,-0.015,52,-2.2929,2.535,-16.6726,-0.3888,0.695,-12.65,0,Run,0,9,LowPickup,-84.1203,-88.9421,-0.2305,0.7203,-11.9932,0.0198,0,0,Backhand prepare 1.00,0,9,-15.9088,-103.2035,0,0,Perfect,,-0.3088,-12.35,-1.8536,11.2,0,-0.0001,0.9781,0.1399,0,0
1246,PlayerServeHold,None,1,-0.015,52,-2.3035,2.535,-16.6785,-0.4113,0.695,-12.65,0,Run,0,9,LowPickup,-83.9978,-88.9708,-0.2509,0.7185,-11.9936,0.0104,0,0,Backhand prepare 1.00,0,9,-16.8886,-104.2103,2.1774,0,Perfect,,-0.3313,-12.35,-1.7735,11.2,0,0,0.7708,0.107,0,0
1247,PlayerServeHold,None,1,-0.015,52,-2.3142,2.535,-16.684,-0.4225,0.695,-12.65,0,Run,0,9,LowPickup,-84.044,-89.033,-0.2626,0.719,-11.9934,0.0099,0,0,Backhand prepare 1.00,0,9,-17.596,-104.9095,2.9932,0,Perfect,,-0.3425,-12.35,-1.7334,11.2,0,0.0001,0.6075,0.0885,0,0
1248,PlayerServeHold,None,1,-0.015,52,-2.3258,2.535,-16.6891,-0.445,0.695,-12.65,0,Run,0,9,LowPickup,-84.239,-89.1089,-0.2881,0.7213,-11.9927,0.0052,0,0,Backhand prepare 1.00,0,9,-18.0649,-105.3457,3.0069,0,Perfect,,-0.365,-12.35,-1.6534,11.2,0,0.0002,0.4788,0.1028,0,0
1249,PlayerServeHold,None,1,-0.015,52,-2.3374,2.535,-16.6938,-0.4563,0.695,-12.65,0,Run,0,9,LowPickup,-84.5485,-89.1968,-0.304,0.7248,-11.9917,0.0039,0,0,Backhand prepare 1.00,0,9,-18.2194,-105.4523,3.8728,0,Perfect,,-0.3762,-12.35,-1.6133,11.2,0,0.0002,0.3774,0.1323,0,0
1250,PlayerServeHold,None,1,-0.015,52,-2.3498,2.535,-16.6981,-0.4787,0.695,-12.65,0,Run,0,9,LowPickup,-84.9859,-89.2997,-0.3332,0.7297,-11.9902,0.0031,0,0,Backhand prepare 1.00,0,9,-17.9647,-105.1428,4.8115,0,Perfect,,-0.3987,-12.35,-1.5332,11.2,0,0.0002,0.2974,0.1634,0,0
1251,PlayerServeHold,None,1,-0.015,52,-2.3621,2.535,-16.7021,-0.49,0.695,-12.65,0,Run,0,9,LowPickup,-85.5677,-89.4218,-0.3531,0.7356,-11.9883,0.0905,0,0,Backhand prepare 1.00,0,9,-17.4038,-104.5282,2.8749,0,Perfect,,-0.41,-12.35,-1.4932,11.2,0,0.0001,0.2344,0.1921,0,0
1252,PlayerServeHold,None,1,-0.015,52,-2.3752,2.535,-16.7058,-0.5125,0.695,-12.65,0,Run,0,9,LowPickup,-86.3804,-89.5852,-0.3762,0.729,-12.0319,0.2153,0,0,Backhand prepare 1.00,0,9,-16.6351,-103.7123,0,0,Perfect,,-0.4325,-12.35,-1.4131,11.2,0,0.0001,0.1847,0.2256,0,0
1253,PlayerServeHold,None,1,-0.015,52,-2.3882,2.535,-16.7092,-0.5237,0.695,-12.65,0,Run,0,9,LowPickup,-87.2162,-89.7382,-0.4113,0.7496,-11.9838,0,0,0,Backhand prepare 1.00,0,9,-15.6224,-102.6613,0,0,Perfect,,-0.4437,-12.35,-1.3731,11.2,0,0.0001,0.1456,0.2415,0,0
1254,PlayerServeHold,None,1,-0.015,52,-2.4019,2.535,-16.7123,-0.5462,0.695,-12.65,0,Run,0,9,LowPickup,-88.0472,-89.8765,-0.4342,0.7405,-12.0247,0,0,0,Backhand prepare 1.00,0,9,-14.6669,-101.6785,0,0,Perfect,,-0.4662,-12.35,-1.293,11.2,0,0,0.1147,0.2411,0,0
1255,PlayerServeHold,None,1,-0.015,52,-2.4154,2.535,-16.7152,-0.5575,0.695,-12.65,0,Run,0,9,LowPickup,-88.9326,-90.0183,-0.4698,0.7444,-12.0246,0,0,0,Backhand prepare 1.00,0,9,-13.7695,-100.7653,2.0317,0,Perfect,,-0.4775,-12.35,-1.2529,11.2,0,0,0.0904,0.2334,0,0
1256,PlayerServeHold,None,1,-0.015,52,-2.4296,2.535,-16.7179,-0.58,0.695,-12.65,0,Run,0,9,LowPickup,-89.9798,-90.193,-0.5074,0.747,-12.022,0,0,0,Backhand prepare 1.00,0,9,-13.0488,-100.0389,2.7383,0,Perfect,,-0.5,-12.35,-1.1729,11.2,0,0,0.0713,0.2328,0,0
1257,PlayerServeHold,None,1,-0.015,52,-2.4435,2.535,-16.7204,-0.5912,0.695,-12.65,0,Run,0,9,LowPickup,-91.0339,-90.3631,-0.5337,0.7481,-12.0195,0,0,0,Backhand prepare 1.00,0,9,-12.697,-99.6896,4.5514,0,Perfect,,-0.5112,-12.35,-1.1328,11.2,0,0,0.0562,0.2249,0,0
1258,PlayerServeHold,None,1,-0.015,52,-2.4581,2.535,-16.7226,-0.6137,0.695,-12.65,0,Run,0,9,LowPickup,-91.9221,-90.4882,-0.5687,0.7474,-12.0176,0,0,0,Backhand prepare 1.00,0,9,-12.6492,-99.6509,3.8674,0,Perfect,,-0.5337,-12.35,-1.0527,11.2,0,0,0.0443,0.1973,0,0
1259,PlayerServeHold,None,1,-0.015,52,-2.4725,2.535,-16.7247,-0.625,0.695,-12.65,0,Run,0,9,LowPickup,-92.7549,-90.6004,-0.5914,0.7452,-12.0157,0.3472,0,0,Backhand prepare 1.00,0,9,-12.9309,-99.9456,1.4575,0,Perfect,,-0.545,-12.35,-1.0127,11.2,0,0,0.0349,0.1652,0,0
1260,PlayerServeHold,None,1,-0.015,52,-2.4875,2.535,-16.7267,-0.6475,0.695,-12.65,0,Run,0,9,LowPickup,-93.5882,-90.7163,-0.6134,0.7415,-12.0045,1.2024,0,0,Backhand prepare 1.00,0,9,-13.5928,-100.618,2.986,0,Perfect,,-0.5675,-12.35,-0.9326,11.2,0,0,0.0275,0.1378,0,0
1261,PlayerServeHold,None,1,-0.015,52,-2.5022,2.535,-16.7285,-0.6587,0.695,-12.65,0,Run,0,9,LowPickup,-94.4076,-90.834,-0.6474,0.7368,-12.0127,0.7968,0,0,Backhand prepare 1.00,0,9,-14.4322,-101.4688,5.5352,0,Perfect,,-0.5788,-12.35,-0.8926,11.2,0,0,0.0217,0.1149,0,0
1262,PlayerServeHold,None,1,-0.015,52,-2.5175,2.535,-16.7301,-0.6813,0.695,-12.65,0,Run,0,9,LowPickup,-94.996,-90.9007,-0.6776,0.7328,-12.0111,0.2113,0,0,Backhand prepare 1.00,0,9,-15.3952,-102.4434,0.8111,0,Perfect,,-0.6013,-12.35,-0.8125,11.2,0,0,0.0171,0.0785,0,0
1263,PlayerServeHold,None,1,-0.015,52,-2.5325,2.535,-16.7317,-0.6925,0.695,-12.65,0,Run,0,9,LowPickup,-95.4379,-90.9407,-0.6944,0.7291,-12.0111,0.2155,0,0,Backhand prepare 1.00,0,9,-16.4228,-103.4805,2.6655,0,Perfect,,-0.6125,-12.35,-0.7724,11.2,0,0,0.0135,0,0,0
1264,PlayerServeHold,None,1,-0.015,52,-2.5481,2.535,-16.7331,-0.715,0.695,-12.65,0,Run,0,9,LowPickup,-95.7512,-90.9606,-0.7208,0.7264,-12.0103,0.0092,0,0,Backhand prepare 1.00,0,9,-17.2277,-104.2921,3.777,0,Perfect,,-0.635,-12.35,-0.6924,11.2,0,0,0.0106,0,0,0
1265,PlayerServeHold,None,1,-0.015,52,-2.5633,2.535,-16.7344,-0.7263,0.695,-12.65,0,Run,0,9,LowPickup,-95.9509,-90.9653,-0.7344,0.7245,-12.0099,0.0109,0,0,Backhand prepare 1.00,0,9,-17.8694,-104.9386,3.1581,0,Perfect,,-0.6463,-12.35,-0.6523,11.2,0,0,0.0084,0,0,0
1266,PlayerServeHold,None,1,-0.015,52,-2.5791,2.535,-16.7356,-0.7488,0.695,-12.65,0,Run,0,9,LowPickup,-95.9821,-90.9417,-0.7576,0.7243,-12.0098,0.0022,0,0,Backhand prepare 1.00,0,9,-18.1948,-105.2661,3.0314,0,Perfect,,-0.6688,-12.35,-0.5722,11.2,0,0,0.0066,0.0692,0,0
1267,PlayerServeHold,None,1,-0.015,52,-2.5945,2.535,-16.7367,-0.76,0.695,-12.65,0,Run,0,9,LowPickup,-95.8522,-90.8925,-0.7664,0.7253,-12.0099,0.0031,0,0,Backhand prepare 1.00,0,9,-18.1215,-105.1923,2.4022,0,Perfect,,-0.68,-12.35,-0.5322,11.2,0,0,0.0052,0.1018,0,0
1268,PlayerServeHold,None,1,-0.015,52,-2.6105,2.535,-16.7377,-0.7825,0.695,-12.65,0,Run,0,9,LowPickup,-95.5657,-90.8192,-0.7853,0.728,-12.0103,0.0007,0,0,Backhand prepare 1.00,0,9,-17.741,-104.8109,3.761,0,Perfect,,-0.7025,-12.35,-0.4521,11.2,0,0,0.0041,0.132,0,0
1269,PlayerServeHold,None,1,-0.015,52,-2.6262,2.535,-16.7387,-0.7938,0.695,-12.65,0,Run,0,9,LowPickup,-95.0647,-90.7074,-0.7898,0.7322,-12.0111,0.0003,0,0,Backhand prepare 1.00,0,9,-17.0771,-104.1457,0,0,Perfect,,-0.7138,-12.35,-0.4121,11.2,0,0,0.0032,0.1646,0,0
1270,PlayerServeHold,None,1,-0.015,52,-2.6423,2.535,-16.7395,-0.8163,0.695,-12.65,0,Run,0,9,LowPickup,-94.4721,-90.5882,-0.8043,0.7365,-12.012,0.0022,0,0,Backhand prepare 1.00,0,9,-16.133,-103.1981,0,0,Perfect,,-0.7363,-12.35,-0.332,11.2,0,0,0.0025,0.1885,0,0
1271,PlayerServeHold,None,1,-0.015,52,-2.6581,2.535,-16.7403,-0.8275,0.695,-12.65,0,Run,0,9,LowPickup,-93.8224,-90.4688,-0.8067,0.7405,-12.0132,0.0026,0,0,Backhand prepare 1.00,0,9,-15.2,-102.2611,0.6402,0,Perfect,,-0.7475,-12.35,-0.2919,11.2,0,0,0.002,0.201,0,0
1272,PlayerServeHold,None,1,-0.015,52,-2.6744,2.535,-16.7411,-0.85,0.695,-12.65,0,Run,0,9,LowPickup,-93.0738,-90.337,-0.8189,0.744,-12.0147,0.029,0,0,Backhand prepare 1.00,0,9,-14.3076,-101.365,1.5645,0,Perfect,,-0.77,-12.35,-0.2119,11.2,0,0,0.0016,0.2089,0,0
1273,PlayerServeHold,None,1,-0.015,52,-2.6903,2.535,-16.7418,-0.8613,0.695,-12.65,0,Run,0,9,LowPickup,-92.1312,-90.1675,-0.8172,0.7468,-12.0164,0.1292,0,0,Backhand prepare 1.00,0,9,-13.4133,-100.4667,2.8491,0,Perfect,,-0.7813,-12.35,-0.1718,11.2,0,0,0.0012,0.2225,0,0
1274,PlayerServeHold,None,1,-0.015,52,-2.7067,2.535,-16.7424,-0.8838,0.695,-12.65,0,Run,0,9,LowPickup,-91.1087,-89.9885,-0.8251,0.7481,-12.0189,0,0,0,Backhand prepare 1.00,0,9,34.0733,-52.8087,0,0,Perfect,,-0.8038,-12.35,-0.0917,11.2,0,0,0.001,0.232,0,0
1275,PlayerServeHold,None,1,-0.015,52,-2.7227,2.535,-16.743,-0.895,0.695,-12.65,0,Run,0,9,LowPickup,-90.1983,-89.8459,-0.8236,0.7477,-12.021,0,0,0,Backhand prepare 1.00,0,9,33.4335,-53.533,0,0,Perfect,,-0.815,-12.35,-0.0517,11.2,0,0,0.0008,0.2207,0,0
1276,PlayerServeHold,None,1,-0.015,52,-2.7392,2.535,-16.7435,-0.9175,0.695,-12.65,0,Run,0,9,LowPickup,-89.293,-89.7094,-0.8332,0.7457,-12.0233,0,0,0,Backhand prepare 1.00,0,9,32.1867,-54.8736,0,0,Perfect,,-0.8375,-12.35,0.0284,11.2,0,0,0.0006,0.2034,0,0
1277,PlayerServeHold,None,1,-0.015,52,-2.7553,2.535,-16.744,-0.9288,0.695,-12.65,0,Run,0,9,LowPickup,-88.3311,-89.5609,-0.8306,0.7419,-12.026,0,0,0,Backhand prepare 1.00,0,9,30.2946,-56.855,0,0,Perfect,,-0.8488,-12.35,0.0684,11.2,0,0,0.0005,0.189,0,0
1278,PlayerServeHold,None,1,-0.015,52,-2.7719,2.535,-16.7445,-0.9513,0.695,-12.65,0,Run,0,9,LowPickup,-87.3024,-89.3965,-0.8382,0.7361,-12.0289,0.5475,0,0,Backhand prepare 1.00,0,9,28.2856,-58.939,4.1559,0,Perfect,,-0.8713,-12.35,0.1485,11.2,0,0,0.0004,0.1797,0,0
1279,PlayerServeHold,None,1,-0.015,52,-2.7881,2.535,-16.7449,-0.9625,0.695,-12.65,0,Run,0,9,LowPickup,-86.4902,-89.2855,-0.8377,0.7302,-12.0312,0.4887,0,0,Backhand prepare 1.00,0,9,26.3929,-60.8851,3.418,0,Perfect,,-0.8825,-12.35,0.1886,11.2,0,0,0.0003,0.1507,0,0
1280,PlayerServeHold,None,1,-0.015,52,-2.8048,2.535,-16.7453,-0.985,0.695,-12.65,0,Run,0,9,LowPickup,-85.7984,-89.2001,-0.8503,0.7242,-12.0337,0.6541,0,0,Backhand prepare 1.00,0,9,24.4472,-62.8603,2.267,0,Perfect,,-0.905,-12.35,0.2686,11.2,0,0,0.0002,0.1154,0,0
1281,PlayerServeHold,None,1,-0.015,52,-2.8211,2.535,-16.7457,-0.9963,0.695,-12.65,0,Run,0,9,LowPickup,-85.1933,-89.129,-0.8529,0.7182,-12.0355,0.0309,0,0,Backhand prepare 1.00,0,9,22.3867,-64.9299,3.0804,0,Perfect,,-0.9163,-12.35,0.3087,11.2,0,0,0.0002,0.0797,0,0
1282,PlayerServeHold,None,1,-0.015,52,-2.8378,2.535,-16.746,-1.0188,0.695,-12.65,0,Run,0,9,LowPickup,-84.626,-89.0583,-0.8673,0.7256,-11.9915,0.0148,0,0,Backhand prepare 1.00,0,9,20.2265,-67.0814,1.2355,0,Perfect,,-0.9388,-12.35,0.3888,11.2,0,0,0.0001,0.0523,0,0
1283,PlayerServeHold,None,1,-0.015,52,-2.8541,2.535,-16.7463,-1.03,0.695,-12.65,0,Run,0,9,LowPickup,-84.2505,-89.0254,-0.8733,0.721,-11.9927,0.0028,0,0,Backhand prepare 1.00,0,9,17.8654,-69.4192,2.965,0,Perfect,,-0.95,-12.35,0.4288,11.2,0,0,0.0001,0,0,0
1284,PlayerServeHold,None,1,-0.015,52,-2.8709,2.535,-16.7466,-1.0525,0.695,-12.65,0,Run,0,9,LowPickup,-84.0562,-89.0256,-0.8931,0.7186,-11.9935,0.0039,0,0,Backhand prepare 1.00,0,9,15.2463,-72.0062,3.7921,0,Perfect,,-0.9725,-12.35,0.5089,11.2,0,0,0.0001,0,0,0
1285,PlayerServeHold,None,1,-0.015,52,-2.8873,2.535,-16.7469,-1.0638,0.695,-12.65,0,Run,0,9,LowPickup,-84.0141,-89.0501,-0.9038,0.7181,-11.9936,0.0022,0,0,Backhand prepare 1.00,0,9,12.4869,-74.7287,6.7284,0,Perfect,,-0.9838,-12.35,0.5489,11.2,0,0,0.0001,0.0593,0,0
1286,PlayerServeHold,None,1,-0.015,52,-2.9041,2.535,-16.7471,-1.0863,0.695,-12.65,0,Run,0,9,LowPickup,-84.1451,-89.1032,-0.9288,0.7199,-11.9931,0.002,0,0,Backhand prepare 1.00,0,9,9.6277,-77.5493,7.2561,0,Perfect,,-1.0063,-12.35,0.629,11.2,0,0,0.0001,0.0959,0,0
1287,PlayerServeHold,None,1,-0.015,52,-2.9205,2.535,-16.7473,-1.0975,0.695,-12.65,0,Run,0,9,LowPickup,-84.4115,-89.1747,-0.9437,0.7229,-11.9922,0.0014,0,0,Backhand prepare 1.00,0,9,6.6924,-80.4476,7.4071,0,Perfect,,-1.0175,-12.35,0.6691,11.2,0,0,0,0.1278,0,0
1288,PlayerServeHold,None,1,-0.015,52,-2.9374,2.535,-16.7475,-1.12,0.695,-12.65,0,Run,0,9,LowPickup,-84.7958,-89.2604,-0.972,0.7275,-11.9909,0.0006,0,0,Backhand prepare 1.00,0,9,3.9785,-83.1281,1.9306,0,Perfect,,-1.04,-12.35,0.7491,11.2,0,0,0,0.1532,0,0
1289,PlayerServeHold,None,1,-0.015,52,-2.9538,2.535,-16.7477,-1.1313,0.695,-12.65,0,Run,0,9,LowPickup,-85.3125,-89.3647,-0.9909,0.733,-11.9891,0.0055,0,0,Backhand prepare 1.00,0,9,1.4359,-85.6423,2.0325,0,Perfect,,-1.0513,-12.35,0.7892,11.2,0,0,0,0.1742,0,0
1290,PlayerServeHold,None,1,-0.015,52,-2.9707,2.535,-16.7479,-1.1538,0.695,-12.65,0,Run,0,9,LowPickup,-86.0334,-89.506,-1.024,0.7398,-11.9867,0.0156,0,0,Backhand prepare 1.00,0,9,-0.7578,-87.8138,4.9275,0,Perfect,,-1.0738,-12.35,0.8693,11.2,0,0,0,0.1986,0,0
1291,PlayerServeHold,None,1,-0.015,52,-2.9872,2.535,-16.748,-1.165,0.695,-12.65,0,Run,0,9,LowPickup,-86.8913,-89.6677,-1.0365,0.7333,-12.0297,0.0387,0,0,Backhand prepare 1.00,0,9,-2.4717,-89.5113,0.6684,0,Perfect,,-1.085,-12.35,0.9093,11.2,0,0,0,0.2205,0,0
1292,PlayerServeHold,None,1,-0.015,52,-3.0041,2.535,-16.7482,-1.1875,0.695,-12.65,0,Run,0,9,LowPickup,-87.7071,-89.8063,-1.0713,0.7392,-12.0263,0.0352,0,0,Backhand prepare 1.00,0,9,-3.7778,-90.8066,0.9894,0,Perfect,,-1.1075,-12.35,0.9894,11.2,0,0,0,0.2229,0,0
1293,PlayerServeHold,None,1,-0.015,52,-3.0206,2.535,-16.7483,-1.1988,0.695,-12.65,0,Run,0,9,LowPickup,-88.5687,-89.9467,-1.1059,0.743,-12.0254,0.4665,0,0,Backhand prepare 1.00,0,9,-4.662,-91.6861,8.4327,0,Perfect,,-1.1188,-12.35,1.0294,11.2,0,0,0,0.2185,0,0
1294,PlayerServeHold,None,1,-0.015,52,-3.0376,2.535,-16.7485,-1.2213,0.695,-12.65,0,Run,0,9,LowPickup,-89.5339,-90.1058,-1.1424,0.7463,-12.023,0,0,0,Backhand prepare 1.00,0,9,-5.1046,-92.1273,0,0,Perfect,,-1.1413,-12.35,1.1095,11.2,0,0,0,0.2158,0,0.0001
1295,PlayerServeHold,None,1,-0.015,52,-3.0541,2.535,-16.7486,-1.2325,0.695,-12.65,0,Run,0,9,LowPickup,-90.6408,-90.2942,-1.1695,0.748,-12.0204,0,0,0,Backhand prepare 1.00,0,9,-5.3649,-92.3898,4.0916,0,Perfect,,-1.1525,-12.35,1.1496,11.2,0,0,0,0.2198,0,0
1296,PlayerServeHold,None,1,-0.015,52,-3.0711,2.535,-16.7487,-1.255,0.695,-12.65,0,Run,0,9,LowPickup,-91.5761,-90.4348,-1.2052,0.748,-12.0183,0,0,0,Backhand prepare 1.00,0,9,-5.4273,-92.4571,1.7907,0,Perfect,,-1.175,-12.35,1.2296,11.2,0,0,0,0.2013,0,0
1297,PlayerServeHold,None,1,-0.015,52,-3.0877,2.535,-16.7488,-1.2663,0.695,-12.65,0,Run,0,9,LowPickup,-92.4292,-90.5541,-1.2282,0.7463,-12.0164,0.2959,0,0,Backhand prepare 1.00,0,9,-5.4491,-92.4847,3.0114,0,Perfect,,-1.1863,-12.35,1.2697,11.2,0,0,0,0.1736,0,0
1298,PlayerServeHold,None,1,-0.015,52,-3.1046,2.535,-16.7489,-1.2888,0.695,-12.65,0,Run,0,9,LowPickup,-93.2443,-90.6661,-1.2618,0.7432,-12.0149,0.4551,0,0,Backhand prepare 1.00,0,9,-5.6654,-92.7074,4.0317,0,Perfect,,-1.2088,-12.35,1.3498,11.2,0,0,0,0.1454,0,0
1299,PlayerServeHold,None,1,-0.015,52,-3.1212,2.535,-16.749,-1.3,0.695,-12.65,0,Run,0,9,LowPickup,-94.1037,-90.7934,-1.2729,0.7386,-12.003,0.6928,0,0,Backhand prepare 1.00,0,9,-6.0117,-93.0607,3.0961,0,Perfect,,-1.22,-12.35,1.3898,11.2,0,0,0,0.1263,0,0
1300,PlayerServeHold,None,1,-0.015,52,-3.1382,2.535,-16.7491,-1.3225,0.695,-12.65,0,Run,0,9,LowPickup,-94.783,-90.881,-1.3161,0.7345,-12.0112,0.6179,0,0,Backhand prepare 1.00,0,9,-6.6394,-93.6944,2.928,0,Perfect,,-1.2425,-12.35,1.4699,11.2,0,0,0,0.0959,0,0
1301,PlayerServeHold,None,1,-0.015,52,-3.1548,2.535,-16.7491,-1.3338,0.695,-12.65,0,Run,0,9,LowPickup,-95.2772,-90.9304,-1.3336,0.7305,-12.0113,0.4079,0,0,Backhand prepare 1.00,0,9,-7.5877,-94.6485,3.6276,0,Perfect,,-1.2538,-12.35,1.5099,11.2,0,0,0,0.0568,0,0
1302,PlayerServeHold,None,1,-0.015,52,-3.1718,2.535,-16.7492,-1.3563,0.695,-12.65,0,Run,0,9,LowPickup,-95.6395,-90.9577,-1.3607,0.7273,-12.0105,0.0118,0,0,Backhand prepare 1.00,0,9,-8.7343,-95.7997,7.2744,0,Perfect,,-1.2763,-12.35,1.59,11.2,0,0,0,0,0,0
1303,PlayerServeHold,None,1,-0.015,52,-3.1884,2.535,-16.7493,-1.3675,0.695,-12.65,0,Run,0,9,LowPickup,-95.888,-90.969,-1.3749,0.7251,-12.01,0.0065,0,0,Backhand prepare 1.00,0,9,-10.0725,-97.1409,10.7762,0,Perfect,,-1.2875,-12.35,1.6301,11.2,0,0,0,0,0,0
1304,PlayerServeHold,None,1,-0.015,52,-3.2054,2.535,-16.7493,-1.39,0.695,-12.65,0,Run,0,9,LowPickup,-95.9904,-90.9565,-1.3988,0.7241,-12.0098,0.0073,0,0,Backhand prepare 1.00,0,9,-11.5382,-98.6077,3.1072,0,Perfect,,-1.31,-12.35,1.7101,11.2,0,0,0,0.0533,0,0
1305,PlayerServeHold,None,1,-0.015,52,-3.222,2.535,-16.7494,-1.4013,0.695,-12.65,0,Run,0,9,LowPickup,-95.9218,-90.9156,-1.409,0.7248,-12.0099,0.0029,0,0,Backhand prepare 1.00,0,9,-12.8639,-99.9328,0,0,Perfect,,-1.3213,-12.35,1.7502,11.2,0,0,0,0.0885,0,0
1306,PlayerServeHold,None,1,-0.015,52,-3.2391,2.535,-16.7494,-1.4238,0.695,-12.65,0,Run,0,9,LowPickup,-95.7024,-90.8521,-1.4282,0.7267,-12.0101,0.0005,0,0,Backhand prepare 1.00,0,9,-14.1116,-101.179,2.1814,0,Perfect,,-1.3438,-12.35,1.8303,11.2,0,0,0,0.1199,0,0
1307,PlayerServeHold,None,1,-0.015,52,-3.2557,2.535,-16.7495,-1.435,0.695,-12.65,0,Run,0,9,LowPickup,-95.2893,-90.7556,-1.434,0.7303,-12.0107,0.0021,0,0,Backhand prepare 1.00,0,9,-15.0685,-102.1332,2.824,0,Perfect,,-1.355,-12.35,1.8703,11.2,0,0,0,0.1516,0,0
1308,PlayerServeHold,None,1,-0.015,52,-3.2727,2.535,-16.7495,-1.4575,0.695,-12.65,0,Run,0,9,LowPickup,-94.7101,-90.6332,-1.4487,0.7348,-12.0116,0.0002,0,0,Backhand prepare 1.00,0,9,-15.6444,-102.7056,2.4672,0,Perfect,,-1.3775,-12.35,1.95,11.2,0,0,0,0.1818,0,0
1309,PlayerServeHold,None,1,-0.015,52,-3.2893,2.535,-16.7495,-1.4688,0.695,-12.65,0,Run,0,9,LowPickup,-94.0951,-90.517,-1.4517,0.739,-12.0127,0.0071,0,0,Backhand prepare 1.00,0,9,-15.9189,-102.9053,3.7239,0,Perfect,,-1.3888,-12.35,1.95,11.2,0,0,0,0.1976,0,0.4427
1310,PlayerServeHold,None,1,-0.015,52,-3.3064,2.535,-16.7496,-1.4913,0.695,-12.65,0,Run,0,9,LowPickup,-93.3874,-90.3906,-1.4645,0.7427,-12.0141,0.0194,0,0,Backhand prepare 1.00,0,9,-10.4919,-93.0394,5.0417,0,Perfect,,-1.4113,-12.35,1.95,11.2,0,0,0,0.2068,0,0.3489
1311,PlayerServeHold,None,1,-0.015,52,-3.323,2.535,-16.7496,-1.5025,0.695,-12.65,0,Run,0,9,LowPickup,-92.5412,-90.2411,-1.4641,0.7457,-12.0156,0.0551,0,0,Backhand prepare 1.00,0,9,-0.8771,-78.4542,0,0,Perfect,,-1.4225,-12.35,1.95,11.2,0,0,0,0.2163,0,0.275
1312,PlayerServeHold,None,1,-0.015,52,-3.3401,2.535,-16.7496,-1.525,0.695,-12.65,0,Run,0,9,LowPickup,-91.4986,-90.0531,-1.4721,0.748,-12.0179,0.2009,0,0,Backhand prepare 1.00,0,9,7.5395,-65.3285,0,0,Perfect,,-1.445,-12.35,1.95,11.2,0,0,0,0.2324,0,0.2167
1313,PlayerServeHold,None,1,-0.015,52,-3.3567,2.535,-16.7497,-1.5363,0.695,-12.65,0,Run,0,9,LowPickup,-90.5585,-89.9005,-1.4698,0.7479,-12.0201,0,0,0,Backhand prepare 1.00,0,9,13.0873,-55.7244,0,0,Perfect,,-1.4563,-12.35,1.95,11.2,0,0,0,0.2266,0,0.1708
1314,PlayerServeHold,None,1,-0.015,52,-3.3738,2.535,-16.7497,-1.5588,0.695,-12.65,0,Run,0,9,LowPickup,-89.6535,-89.7628,-1.4796,0.7467,-12.0224,0,0,0,Backhand prepare 1.00,0,9,15.6909,-49.9047,0,0,Perfect,,-1.4788,-12.35,1.95,11.2,0,0,0,0.211,0,0.1346
1315,PlayerServeHold,None,1,-0.015,52,-3.3904,2.535,-16.7497,-1.57,0.695,-12.65,0,Run,0,9,LowPickup,-88.7348,-89.6248,-1.4777,0.7438,-12.0248,0,0,0,Backhand prepare 1.00,0,9,15.804,-47.5609,0,0,Perfect,,-1.49,-12.35,1.95,11.2,0,0,0,0.1928,0,0.1061
1316,PlayerServeHold,None,1,-0.015,52,-3.4075,2.535,-16.7497,-1.5925,0.695,-12.65,0,Run,0,9,LowPickup,-87.6966,-89.458,-1.4852,0.7385,-12.0278,0.544,0,0,Backhand prepare 1.00,0,9,14.0014,-48.2668,3.8385,0,Perfect,,-1.5125,-12.35,1.95,11.2,0,0,0,0.1848,0,0.0836
1317,PlayerServeHold,None,1,-0.015,52,-3.4241,2.535,-16.7498,-1.6038,0.695,-12.65,0,Run,0,9,LowPickup,-86.7942,-89.3252,-1.4834,0.7326,-12.0302,0.6452,0,0,Backhand prepare 1.00,0,9,10.9684,-51.534,1.9194,0,Perfect,,-1.5238,-12.35,1.95,11.2,0,0,0,0.1634,0,0.0659
1318,PlayerServeHold,None,1,-0.015,52,-3.4412,2.535,-16.7498,-1.6263,0.695,-12.65,0,Run,0,9,LowPickup,-86.0631,-89.2323,-1.4954,0.7267,-12.0328,0.6287,0,0,Backhand prepare 1.00,0,9,7.5889,-57.0457,0.8442,0,Perfect,,-1.5463,-12.35,1.95,11.2,0,0,0,0.1282,0,0.0519
1319,PlayerServeHold,None,1,-0.015,52,-3.4578,2.535,-16.7498,-1.6375,0.695,-12.65,0,Run,0,9,LowPickup,-85.4293,-89.1572,-1.4975,0.7205,-12.0348,0.0457,0,0,Backhand prepare 1.00,0,9,4.6411,-62.9263,0.6401,0,Perfect,,-1.5575,-12.35,1.95,11.2,0,0,0,0.0923,0,0.0409
1320,PlayerServeHold,None,1,-0.015,52,-3.4749,2.535,-16.7498,-1.66,0.695,-12.65,0,Run,0,9,LowPickup,-84.8405,-89.0849,-1.5117,0.7282,-11.9908,0.0383,0,0,Backhand prepare 1.00,0,9,2.4171,-68.157,0.407,0,Perfect,,-1.58,-12.35,1.95,11.2,0,0,0,0.0618,0,0.0323
1321,PlayerServeHold,None,1,-0.015,52,-3.4915,2.535,-16.7498,-1.6713,0.695,-12.65,0,Run,0,9,LowPickup,-84.3742,-89.0335,-1.5162,0.7225,-11.9923,0.0138,0,0,Backhand prepare 1.00,0,9,0.8573,-72.7063,0.3338,0,Perfect,,-1.5913,-12.35,1.95,11.2,0,0,0,0,0,0.0254
1322,PlayerServeHold,None,1,-0.015,52,-3.5086,2.535,-16.7498,-1.6938,0.695,-12.65,0,Run,0,9,LowPickup,-84.1167,-89.023,-1.5352,0.7194,-11.9933,0.0057,0,0,Backhand prepare 1.00,0,9,-0.1964,-76.6267,0.0426,0,Perfect,,-1.6138,-12.35,1.95,11.2,0,0,0,0,0,0.02
1323,PlayerServeHold,None,1,-0.015,52,-3.5253,2.535,-16.7499,-1.705,0.695,-12.65,0,Run,0,9,LowPickup,-84.0113,-89.037,-1.5449,0.718,-11.9936,0.0007,0,0,Backhand prepare 1.00,0,9,-0.8913,-79.9543,0.07,0,Perfect,,-1.625,-12.35,1.95,11.2,0,0,0,0.0442,0,0.0158
1324,PlayerServeHold,None,1,-0.015,52,-3.5423,2.535,-16.7499,-1.7275,0.695,-12.65,0,Run,0,9,LowPickup,-84.0717,-89.0782,-1.5692,0.719,-11.9933,0.003,0,0,Backhand prepare 1.00,0,9,-1.3438,-82.7002,0.096,0,Perfect,,-1.6475,-12.35,1.95,11.2,0,0,0,0.0804,0,0.0124
1325,PlayerServeHold,None,1,-0.015,52,-3.559,2.535,-16.7499,-1.7388,0.695,-12.65,0,Run,0,9,LowPickup,-84.2929,-89.1445,-1.5833,0.7216,-11.9926,0.0016,0,0,Backhand prepare 1.00,0,9,-1.6333,-84.8707,0.0712,0,Perfect,,-1.6588,-12.35,1.95,11.2,0,0,0,0.1154,0,0.0098
1326,PlayerServeHold,None,1,-0.015,52,-3.5761,2.535,-16.7499,-1.7613,0.695,-12.65,0,Run,0,9,LowPickup,-84.6255,-89.2232,-1.6107,0.7256,-11.9914,0.0002,0,0,Backhand prepare 1.00,0,9,-1.8056,-86.4971,0.0448,0,Perfect,,-1.6813,-12.35,1.95,11.2,0,0,0,0.1427,0,0.0077
1327,PlayerServeHold,None,1,-0.015,52,-3.5927,2.535,-16.7499,-1.7725,0.695,-12.65,0,Run,0,9,LowPickup,-85.0887,-89.3198,-1.6289,0.7307,-11.9899,0.0022,0,0,Backhand prepare 1.00,0,9,-1.9272,-87.5892,0.0362,0,Perfect,,-1.6925,-12.35,1.95,11.2,0,0,0,0.1655,0,0.0061
1328,PlayerServeHold,None,1,-0.015,52,-3.6098,2.535,-16.7499,-1.795,0.695,-12.65,0,Run,0,9,LowPickup,-85.7113,-89.4422,-1.6605,0.7369,-11.9878,0.0022,0,0,Backhand prepare 1.00,0,9,-2.0051,-88.2247,0.0299,0,Perfect,,-1.715,-12.35,1.95,11.2,0,0,0,0.1872,0,0.0048
1329,PlayerServeHold,None,1,-0.015,52,-3.6264,2.535,-16.7499,-1.8063,0.695,-12.65,0,Run,0,9,LowPickup,-86.5553,-89.6062,-1.6729,0.7306,-12.031,0.0255,0,0,Backhand prepare 1.00,0,9,-2.0555,-88.4811,0.0205,0,Perfect,,-1.7263,-12.35,1.95,11.2,0,0,0,0.214,0,0.0038
1330,PlayerServeHold,None,1,-0.015,52,-3.6435,2.535,-16.7499,-1.8288,0.695,-12.65,0,Run,0,9,LowPickup,-87.3785,-89.7514,-1.719,0.7509,-11.9833,0.1122,0,0,Backhand prepare 1.00,0,9,-2.0878,-88.4461,0.0136,0,Perfect,,-1.7488,-12.35,1.95,11.2,0,0,0,0.2227,0,0.003
1331,PlayerServeHold,None,1,-0.015,52,-3.6602,2.535,-16.7499,-1.84,0.695,-12.65,0,Run,0,9,LowPickup,-88.2196,-89.8903,-1.7421,0.7414,-12.0264,0.1598,0,0,Backhand prepare 1.00,0,9,-2.1405,-88.2648,0.0202,0,Perfect,,-1.76,-12.35,1.95,11.2,0,0,0,0.2207,0,0.0024
1332,PlayerServeHold,None,1,-0.015,52,-3.6773,2.535,-16.7499,-1.8625,0.695,-12.65,0,Run,0,9,LowPickup,-89.1235,-90.0368,-1.7778,0.7452,-12.0241,0,0,0,Backhand prepare 1.00,0,9,-2.1405,-87.8919,0,0,Perfect,,-1.7825,-12.35,1.95,11.2,0,0,0,0.2156,0,0.0019
1333,PlayerServeHold,None,1,-0.015,52,-3.6939,2.535,-16.7499,-1.8738,0.695,-12.65,0,Run,0,9,LowPickup,-90.2057,-90.2215,-1.8046,0.7475,-12.0214,0,0,0,Backhand prepare 1.00,0,9,-2.1405,-87.4812,0,0,Perfect,,-1.7938,-12.35,1.95,11.2,0,0,0,0.2196,0,0.0015
1334,PlayerServeHold,None,1,-0.015,52,-3.711,2.535,-16.7499,-1.8963,0.695,-12.65,0,Run,0,9,LowPickup,-91.2195,-90.3834,-1.8414,0.7482,-12.0191,0,0,0,Backhand prepare 1.00,0,9,-2.1405,-87.0858,0,0,Perfect,,-1.8163,-12.35,1.95,11.2,0,0,0,0.211,0,0.0012
1335,PlayerServeHold,None,1,-0.015,52,-3.7277,2.535,-16.7499,-1.9075,0.695,-12.65,0,Run,0,9,LowPickup,-92.0942,-90.5079,-1.8648,0.7471,-12.0172,0,0,0,Backhand prepare 1.00,0,9,-2.1405,-86.7434,0,0,Perfect,,-1.8275,-12.35,1.95,11.2,0,0,0,0.185,0,0.0009
1336,PlayerServeHold,None,1,-0.015,52,-3.7447,2.535,-16.75,-1.93,0.695,-12.65,0,Run,0,9,LowPickup,-92.917,-90.6206,-1.8986,0.7446,-12.0153,0.4446,0,0,Backhand prepare 1.00,0,9,-2.1405,-86.4763,0,0,Perfect,,-1.85,-12.35,1.95,11.2,0,0,0,0.1558,0,0.0007
1337,PlayerServeHold,None,1,-0.015,52,-3.7614,2.535,-16.75,-1.9413,0.695,-12.65,0,Run,0,9,LowPickup,-93.7636,-90.7429,-1.9096,0.7405,-12.0041,1.3728,0,0,Backhand prepare 1.00,0,9,-2.1405,-86.2932,0,0,Perfect,,-1.8613,-12.35,1.95,11.2,0,0,0,0.1327,0,0.0006
1338,PlayerServeHold,None,1,-0.015,52,-3.7785,2.535,-16.75,-1.9638,0.695,-12.65,0,Run,0,9,LowPickup,-94.5415,-90.8528,-1.9541,0.7361,-12.0121,1.495,0,0,Backhand prepare 1.00,0,9,-2.1405,-86.1914,0,0,Perfect,,-1.8838,-12.35,1.95,11.2,0,0,0,0.1088,0,0.0004
1339,PlayerServeHold,None,1,-0.015,52,-3.7951,2.535,-16.75,-1.975,0.695,-12.65,0,Run,0,9,LowPickup,-95.0942,-90.9132,-1.9726,0.732,-12.0112,0.1107,0,0,Backhand prepare 1.00,0,9,-2.1405,-86.1606,0,0,Perfect,,-1.895,-12.35,1.95,11.2,0,0,0,0.0713,0,0.0003
1340,PlayerServeHold,None,1,-0.015,52,-3.8122,2.535,-16.75,-1.9975,0.695,-12.65,0,Run,0,9,LowPickup,-95.5101,-90.9493,-2.0003,0.7285,-12.0109,0.0362,0,0,Backhand prepare 1.00,0,9,-2.1405,-86.1855,0,0,Perfect,,-1.9175,-12.35,1.95,11.2,0,0,0,0,0,0.0003
1341,PlayerServeHold,None,1,-0.015,52,-3.8289,2.535,-16.75,-2.0088,0.695,-12.65,0,Run,0,9,LowPickup,-95.8015,-90.9662,-2.0151,0.7259,-12.0102,0.0043,0,0,Backhand prepare 1.00,0,9,-2.1405,-86.2491,0,0,Perfect,,-1.9288,-12.35,1.95,11.2,0,0,0,0,0,0.0002
1342,PlayerServeHold,None,1,-0.015,52,-3.846,2.535,-16.75,-2.0313,0.695,-12.65,0,Run,0,9,LowPickup,-95.9716,-90.9658,-2.0397,0.7243,-12.0099,0.0107,0,0,Backhand prepare 1.00,0,9,-2.1405,-86.3347,0,0,Perfect,,-1.9513,-12.35,1.95,11.2,0,0,0,0,0,0.0002
1343,PlayerServeHold,None,1,-0.015,52,-3.8626,2.535,-16.75,-2.0425,0.695,-12.65,0,Run,0,9,LowPickup,-95.9682,-90.9359,-2.0512,0.7245,-12.0099,0.0002,0,0,Backhand prepare 1.00,0,9,-2.1405,-86.4274,0,0,Perfect,,-1.9625,-12.35,1.95,11.2,0,0,0,0.0706,0,0.0001
1344,PlayerServeHold,None,1,-0.015,52,-3.8797,2.535,-16.75,-2.065,0.695,-12.65,0,Run,0,9,LowPickup,-95.8088,-90.8816,-2.0708,0.7257,-12.0099,0.0024,0,0,Backhand prepare 1.00,0,9,-2.1405,-86.5157,0,0,Perfect,,-1.985,-12.35,1.95,11.2,0,0,0,0.1037,0,0.0001
1345,PlayerServeHold,None,1,-0.015,52,-3.8964,2.535,-16.75,-2.0763,0.695,-12.65,0,Run,0,9,LowPickup,-95.4843,-90.8011,-2.0779,0.7287,-12.0104,0.0017,0,0,Backhand prepare 1.00,0,9,-2.1405,-86.5915,0,0,Perfect,,-1.9963,-12.35,1.95,11.2,0,0,0,0.1356,0,0.0001
1346,PlayerServeHold,None,1,-0.015,52,-3.9135,2.535,-16.75,-2.0988,0.695,-12.65,0,Run,0,9,LowPickup,-94.9466,-90.6827,-2.0932,0.7331,-12.0112,0.0012,0,0,Backhand prepare 1.00,0,9,-2.1405,-86.6476,0,0,Perfect,,-2.0188,-12.35,1.95,11.2,0,0,0,0.1693,0,0.0001
1347,PlayerServeHold,None,1,-0.015,52,-3.9301,2.535,-16.75,-2.11,0.695,-12.65,0,Run,0,9,LowPickup,-94.3497,-90.565,-2.0964,0.7373,-12.0123,0.0044,0,0,Backhand prepare 1.00,0,9,-2.1405,-86.6891,0,0,Perfect,,-2.03,-12.35,1.95,11.2,0,0,0,0.1903,0,0.0001
1348,PlayerServeHold,None,1,-0.015,52,-3.9472,2.535,-16.75,-2.1325,0.695,-12.65,0,Run,0,9,LowPickup,-93.6805,-90.443,-2.1098,0.7413,-12.0135,0.0054,0,0,Backhand prepare 1.00,0,9,-2.1405,-86.7119,0,0,Perfect,,-2.0525,-12.35,1.95,11.2,0,0,0,0.202,0,0
1349,PlayerServeHold,None,1,-0.015,52,-3.9639,2.535,-16.75,-2.1436,0.695,-12.65,0,Run,0,9,LowPickup,-92.9063,-90.3068,-2.1103,0.7446,-12.015,0.0158,0,0,Backhand prepare 1.00,0,9,-2.1405,-86.7184,0,0,Perfect,,-2.0636,-12.35,1.95,11.2,0,0,0,0.2103,0,0
1350,PlayerServeHold,None,1,-0.015,52,-3.9809,2.535,-16.75,-2.1653,0.695,-12.65,0,Run,0,9,LowPickup,-91.9295,-90.1307,-2.1186,0.7475,-12.0168,0.1564,0,0,Backhand prepare 1.00,0,9,-2.1405,-86.7123,0,0,Perfect,,-2.0853,-12.35,1.95,11.2,0,0.0001,0.1331,0.2251,0,0
1351,PlayerServeHold,None,1,-0.015,52,-3.9974,2.535,-16.75,-2.1758,0.695,-12.65,0,Run,0,9,LowPickup,-90.9759,-89.9707,-2.1162,0.7488,-12.0192,0,0,0,Backhand prepare 1.00,0,9,-2.1405,-86.6974,0,0,Perfect,,-2.0958,-12.35,1.95,11.2,0,0.0005,0.5864,0.226,0,0
1352,PlayerServeHold,None,1,-0.015,52,-4.0142,2.535,-16.75,-2.1961,0.695,-12.65,0,Run,0,9,LowPickup,-90.1297,-89.8444,-2.1249,0.7484,-12.0212,0,0,0,Backhand prepare 1.00,0,9,-2.1405,-86.6775,0,0,Perfect,,-2.1161,-12.35,1.95,11.2,0,0.0012,0.7027,0.208,0,0
1353,PlayerServeHold,None,1,-0.015,52,-4.0305,2.535,-16.75,-2.206,0.695,-12.65,0,Run,0,9,LowPickup,-89.3187,-89.7299,-2.1239,0.7445,-12.0233,0,0,0,Backhand prepare 1.00,0,9,-2.1405,-86.6561,0,0,Perfect,,-2.126,-12.35,1.95,11.2,0,0.0022,1.0356,0.1829,0,0
1354,PlayerServeHold,None,1,-0.015,52,-4.047,2.535,-16.75,-2.2251,0.695,-12.65,0,Run,0,9,LowPickup,-88.4879,-89.4586,-2.1303,0.7402,-12.0254,0,0,0,Backhand prepare 1.00,0,9,-2.1405,-86.6358,0,0,Perfect,,-2.1451,-12.35,1.95,11.2,0,0.0032,1.057,0.338,0,0
1355,PlayerServeHold,None,1,-0.015,52,-4.0629,2.535,-16.75,-2.2344,0.695,-12.65,0,Run,0,9,LowPickup,-87.6058,-89.2544,-2.1268,0.7342,-12.028,0,0,0,Backhand prepare 1.00,0,9,-2.1405,-86.6208,0,0,Perfect,,-2.1544,-12.35,1.95,11.2,0,0.0044,1.3148,0.4042,0,0
1356,PlayerServeHold,None,1,-0.015,52,-4.079,2.535,-16.75,-2.2522,0.695,-12.65,0,Run,0,9,LowPickup,-86.8664,-89.1928,-2.1342,0.728,-12.03,0.5914,0,0,Backhand prepare 1.00,0,9,-2.1405,-86.6097,0,0,Perfect,,-2.1722,-12.35,1.95,11.2,0,0.0054,1.2774,0.3312,0,0
1357,PlayerServeHold,None,1,-0.015,52,-4.0945,2.535,-16.75,-2.2608,0.695,-12.65,0,Run,0,9,LowPickup,-86.2787,-89.1755,-2.1351,0.7222,-12.0319,0.2178,0,0,Backhand prepare 1.00,0,9,-2.1405,-86.6015,0,0,Perfect,,-2.1808,-12.35,1.95,11.2,0,0.0064,1.489,0.2334,0,0
1358,PlayerServeHold,None,1,-0.015,52,-4.1101,2.535,-16.75,-2.2774,0.695,-12.65,0,Run,0,9,LowPickup,-85.7377,-89.1432,-2.145,0.7166,-12.034,0.1804,0,0,Backhand prepare 1.00,0,9,-2.1405,-86.5954,0,0,Perfect,,-2.1974,-12.35,1.95,11.2,0,0.0072,1.4146,0.1465,0,0
1359,PlayerServeHold,None,1,-0.015,52,-4.1252,2.535,-16.75,-2.2854,0.695,-12.65,0,Run,0,9,LowPickup,-85.152,-89.0108,-2.1511,0.7112,-12.0363,0.1663,0,0,Backhand prepare 1.00,0,9,-2.1405,-86.5909,0,0,Perfect,,-2.2054,-12.35,1.95,11.2,0,0.0078,1.5977,0,0,0
1360,PlayerServeHold,None,1,-0.015,52,-4.1402,2.535,-16.75,-2.3007,0.695,-12.65,0,Run,0,9,LowPickup,-84.495,-88.7724,-2.168,0.7203,-11.9934,0.0478,0,0,Backhand prepare 1.00,0,9,-2.1405,-86.5876,0,0,Perfect,,-2.2207,-12.35,1.95,11.2,0,0.0082,1.5006,0.1357,0,0
1361,PlayerServeHold,None,1,-0.015,52,-4.1546,2.535,-16.75,-2.308,0.695,-12.65,0,Run,0,9,LowPickup,-83.8417,-88.4705,-2.1816,0.7161,-11.9969,0.0838,0,0,Backhand prepare 1.00,0,9,-2.1405,-86.5851,0,0,Perfect,,-2.228,-12.35,1.95,11.2,0,0.0085,1.666,0.3072,0,0
1362,PlayerServeHold,None,1,-0.015,52,-4.169,2.535,-16.75,-2.3221,0.695,-12.65,0,Run,0,9,LowPickup,-83.2896,-88.1728,-2.2051,0.7142,-12.0009,0.0628,0,0,Backhand prepare 1.00,0,9,-2.1405,-86.5832,0,0,Perfect,,-2.2421,-12.35,1.95,11.2,0,0.0086,1.5547,0.4388,0,0
1363,PlayerServeHold,None,1,-0.015,52,-4.1829,2.535,-16.75,-2.3288,0.695,-12.65,0,Run,0,9,LowPickup,-82.831,-87.888,-2.2246,0.7148,-12.0051,0.0731,0,0,Backhand prepare 1.00,0,9,-2.1405,-86.5819,0,0,Perfect,,-2.2488,-12.35,1.95,11.2,0,0.0087,1.709,0.5587,0,0
1364,PlayerServeHold,None,1,-0.015,52,-4.1966,2.535,-16.75,-2.3416,0.695,-12.65,0,Run,0,9,LowPickup,-82.4443,-87.6279,-2.252,0.7181,-12.0071,0.1265,0,0,Backhand prepare 1.00,0,9,-2.1405,-86.5809,0,0,Perfect,,-2.2616,-12.35,1.95,11.2,0,0.0087,1.5891,0.6442,0,0
1365,PlayerServeHold,None,1,-0.015,52,-4.2098,2.535,-16.75,-2.3476,0.695,-12.65,0,Run,0,9,LowPickup,-82.1087,-87.3825,-2.2747,0.7235,-12.0085,0.1822,0,0,Backhand prepare 1.00,0,9,-2.1405,-86.5801,0,0,Perfect,,-2.2676,-12.35,1.95,11.2,0,0.0087,1.7369,0.6963,0,0
1366,PlayerServeHold,None,1,-0.015,52,-4.2228,2.535,-16.75,-2.3591,0.695,-12.65,0,Run,0,9,LowPickup,-81.7973,-87.1364,-2.3027,0.7285,-12.0114,0.2242,0,0,Backhand prepare 1.00,0,9,-2.1405,-86.5796,0,0,Perfect,,-2.2791,-12.35,1.95,11.2,0,0.0086,1.6114,0.7045,0,0
1367,PlayerServeHold,None,1,-0.015,52,-4.2352,2.535,-16.75,-2.3646,0.695,-12.65,0,Run,0,9,LowPickup,-81.4855,-86.8787,-2.3255,0.733,-12.0165,0.2602,0,0,Backhand prepare 1.00,0,9,-2.1405,-86.5792,0,0,Perfect,,-2.2846,-12.35,1.95,11.2,0,0.0086,1.7552,0.6812,0,0
1368,PlayerServeHold,None,1,-0.015,52,-4.2475,2.535,-16.75,-2.3748,0.695,-12.65,0,Run,0,9,LowPickup,-81.148,-86.5987,-2.3519,0.7339,-12.0259,0,0,0,Backhand prepare 1.00,0,9,-2.1405,-86.5789,0,0,Perfect,,-2.2948,-12.35,1.95,11.2,0,0.0086,1.6264,0.6261,0,0
1369,PlayerServeHold,None,1,-0.015,52,-4.2592,2.535,-16.75,-2.3796,0.695,-12.65,0,Run,0,9,LowPickup,-80.7618,-86.2881,-2.3829,0.7338,-12.0445,0,0,0,Backhand prepare 1.00,0,9,-2.1405,-86.5787,0,0,Perfect,,-2.2996,-12.35,1.95,11.2,0,0.0086,1.7682,0.5574,0,0
1370,PlayerServeHold,None,1,-0.015,52,-4.2707,2.535,-16.75,-2.3885,0.695,-12.65,0,Run,0,9,LowPickup,-80.3328,-85.9489,-2.3998,0.7338,-12.0433,0,0,0,Backhand prepare 1.00,0,9,-2.1405,-86.5785,0,0,Perfect,,-2.3085,-12.35,1.95,11.2,0,0.0085,1.6371,0.4821,0,0
1371,PlayerServeHold,None,1,-0.015,52,-4.2816,2.535,-16.75,-2.3927,0.695,-12.65,0,Run,0,9,LowPickup,-79.8515,-85.5919,-2.4211,0.7244,-12.0903,0,0,0,Backhand prepare 1.00,0,9,-2.1405,-86.5784,0,0,Perfect,,-2.3127,-12.35,1.95,11.2,0,0.0086,1.778,0.4209,0,0
1372,PlayerServeHold,None,1,-0.015,52,-4.2923,2.535,-16.75,-2.4004,0.695,-12.65,0,Run,0,9,LowPickup,-79.3402,-85.2552,-2.4397,0.7276,-12.0904,0.4216,0,0,Backhand prepare 1.00,0,9,-2.1405,-86.5783,0,0,Perfect,,-2.3204,-12.35,1.95,11.2,0,0.0086,1.6457,0.3848,0,0
1373,PlayerServeHold,None,1,-0.015,52,-4.3024,2.535,-16.75,-2.4039,0.695,-12.65,0,Run,0,9,LowPickup,-78.7823,-84.9148,-2.452,0.7299,-12.0934,0.2849,0,0,Backhand prepare 1.00,0,9,-2.1405,-86.5782,0,0,Perfect,,-2.3239,-12.35,1.95,11.2,0,0.0086,1.7867,0.3797,0,0
1374,PlayerServeHold,None,1,-0.015,52,-4.3122,2.535,-16.75,-2.4103,0.695,-12.65,0,Run,0,9,LowPickup,-78.1936,-84.5574,-2.471,0.7307,-12.1095,0.3271,0,0,Backhand prepare 1.00,0,9,-2.1405,-86.5782,0,0,Perfect,,-2.3303,-12.35,1.95,11.2,0,0.0086,1.6533,0.3907,0,0
1375,PlayerServeHold,None,1,-0.015,52,-4.3215,2.535,-16.75,-2.4131,0.695,-12.65,0,Run,0,9,LowPickup,-77.5533,-84.1835,-2.4878,0.728,-12.1282,0.3521,0,0,Backhand prepare 1.00,0,9,-2.1405,-86.5781,0,0,Perfect,,-2.3331,-12.35,1.95,11.2,0,0.0087,1.7954,0.4246,0,0
1376,PlayerServeHold,None,1,-0.015,52,-4.3305,2.535,-16.75,-2.4182,0.695,-12.65,0,Run,0,9,LowPickup,-76.8603,-83.8072,-2.5051,0.7278,-12.1383,0.3248,0,0,Backhand prepare 1.00,0,9,-2.1405,-86.5781,0,0,Perfect,,-2.3382,-12.35,1.95,11.2,0,0.0087,1.6621,0.4884,0,0
1377,PlayerServeHold,None,1,-0.015,52,-4.3389,2.535,-16.75,-2.4204,0.695,-12.65,0,Run,0,9,LowPickup,-76.1238,-83.3928,-2.5173,0.7282,-12.1463,0.3754,0,0,Backhand prepare 1.00,0,9,-2.1405,-86.5781,0,0,Perfect,,-2.3404,-12.35,1.95,11.2,0,0.0088,1.8062,0.5546,0,0
1378,PlayerServeHold,None,1,-0.015,52,-4.347,2.535,-16.75,-2.4242,0.695,-12.65,0,Run,0,9,LowPickup,-75.3768,-82.885,-2.5281,0.7293,-12.154,0.5089,0,0,Backhand prepare 1.00,0,9,-2.1405,-86.5781,0,0,Perfect,,-2.3442,-12.35,1.95,11.2,0,0.0088,1.6731,0.5888,0,0
1379,PlayerServeHold,None,1,-0.015,52,-4.3546,2.535,-16.75,-2.4617,0.695,-12.638,0,Run,0,9,LowPickup,-67.6289,-75.3642,-2.5124,0.7292,-12.1423,1.5914,0,0,Backhand prepare 1.00,0,9,-2.1405,-86.578,0,0,Perfect,,-2.3458,-12.35,1.95,11.2,0,0.0088,1.8216,0.6061,0,0
1380,PlayerServeHold,None,1,-0.015,52,-4.3618,2.535,-16.75,-2.4985,0.695,-12.6217,0,Run,0,9,LowPickup,-59.9219,-67.8236,-2.5039,0.721,-12.1414,1.3724,0,0,Backhand prepare 1.00,0,9,-2.1405,-86.578,0,0,Perfect,,-2.3483,-12.35,1.95,11.2,0,0.0088,1.6899,0.5946,0,0
1381,PlayerServeHold,None,1,-0.015,52,-4.3686,2.535,-16.75,-2.5318,0.695,-12.6014,0,Run,0,9,LowPickup,-52.2664,-60.2634,-2.4951,0.7158,-12.1376,1.3055,0,0,Backhand prepare 1.00,0,9,-2.1405,-86.578,0,0,Perfect,,-2.3496,-12.35,1.95,11.2,0,0.0088,1.6791,0.5553,0,0
1382,PlayerServeHold,None,1,-0.015,52,-4.3748,2.535,-16.75,-2.5615,0.695,-12.5773,0,Run,0,9,LowPickup,-44.7283,-52.6472,-2.4727,0.7217,-12.1155,1.3117,0,0,Backhand prepare 1.00,0,9,-2.1405,-86.578,0,0,Perfect,,-2.35,-12.35,1.95,11.2,0,0.0085,1.3233,0.4789,0,0
1383,PlayerServeHold,None,1,-0.015,52,-4.3806,2.535,-16.75,-2.5876,0.695,-12.5499,0,Serve prepare 0.00,0,9,LowPickup,-37.7536,-47.5626,-2.4611,0.7265,-12.1123,1.0095,0.2083,0.1667,Backhand prepare 1.00,0,9,-2.1405,-86.578,0,0,Perfect,,-2.35,-12.35,1.95,11.2,0,0.0072,2.1296,1.6845,0,0
1384,PlayerServeHold,None,1,-0.015,52,-4.3859,2.535,-16.75,-2.6102,0.695,-12.5194,0,Serve prepare 0.00,0,9,LowPickup,-29.8315,-40.9493,-2.3983,0.7288,-12.0648,0.7796,0.4167,0.3333,Backhand prepare 1.00,0,9,-2.1405,-86.578,0,0,Perfect,,-2.35,-12.35,1.95,11.2,0,0.0054,1.4077,2.5678,0,0
1385,PlayerServeHold,None,1,-0.015,52,-4.3909,2.535,-16.75,-2.6289,0.695,-12.4864,0,Serve prepare 0.00,0,9,LowPickup,-17.7151,-32.637,-2.4213,0.7203,-12.132,0,0.625,0.5,Backhand prepare 1.00,0,9,-2.1405,-86.578,0,0,Perfect,,-2.35,-12.35,1.95,11.2,0,0.0035,0.8961,4.6679,0,0
1386,PlayerServeHold,None,1,-0.015,52,-4.3954,2.535,-16.75,-2.6434,0.695,-12.4514,0,Serve prepare 0.00,0,9,LowPickup,-4.693,-23.3233,-2.4084,0.72,-12.1343,0,0.8333,0.6667,Backhand prepare 1.00,0,9,-2.1405,-86.578,0,0,Perfect,,-2.35,-12.35,1.95,11.2,0,0.0018,0.5381,5.9897,0,0
1387,PlayerServeHold,None,1,-0.015,52,-4.3996,2.535,-16.75,-2.6536,0.695,-12.4149,0,Serve prepare 0.00,0,9,LowPickup,9.9501,-12.5902,-2.3753,0.7229,-12.1414,0,1,0.8333,Backhand prepare 1.00,0,9,-2.1405,-86.578,0,0,Perfect,,-2.35,-12.35,1.95,11.2,0,0.0004,0.2916,6.4168,0,0
1388,PlayerServeHold,None,1,-0.015,52,-4.4035,2.535,-16.75,-2.6593,0.695,-12.3774,0,Serve prepare 0.00,0,9,LowPickup,25.894,0.8964,-2.3146,0.7341,-12.1657,0,1,1,Backhand prepare 1.00,0,9,-2.1405,-86.578,0,0,Perfect,,-2.35,-12.35,1.95,11.2,0,-0.0006,0.1253,4.3081,0,0
1389,PlayerServeHold,None,1,-0.015,52,-4.4071,2.535,-16.75,-2.6603,0.695,-12.3395,0,Serve prepare 0.00,0,9,LowPickup,42.1951,15.0893,-2.2566,0.7425,-12.2086,0,1,1,Backhand prepare 1.00,0,9,-2.1405,-86.578,0,0,Perfect,,-2.35,-12.35,1.95,11.2,0,-0.0012,0.0165,2.3851,0,0
1390,PlayerServeHold,None,1,-0.015,52,-4.4104,2.535,-16.75,-2.6567,0.695,-12.3018,0,Serve prepare 0.00,0,9,LowPickup,59.0607,29.7555,-2.2077,0.748,-12.2642,0,1,1,Backhand prepare 1.00,0,9,-2.1405,-86.578,0,0,Perfect,,-2.35,-12.35,1.95,11.2,0,-0.0015,0,1.5647,0,0
1391,PlayerServeHold,None,1,-0.015,52,-4.4134,2.535,-16.75,-2.1954,0.875,-11.9843,0,Serve prepare 0.00,0,9,LowPickup,75.168,43.7206,-2.176,0.7505,-12.3282,0,1,1,Backhand prepare 1.00,0,9,-2.1405,-86.578,0,0,Perfect,,-2.35,-12.35,1.95,11.2,0,-0.0015,0,1.895,0,0
1392,PlayerServeHold,None,1,-0.015,52,-4.4162,2.535,-16.75,-2.2083,0.875,-11.9792,0,Serve prepare 0.00,0,9,LowPickup,84.7714,51.2362,-2.1369,0.7504,-12.3801,0,1,1,Backhand prepare 1.00,0,9,-2.1405,-86.578,0,0,Perfect,,-2.35,-12.35,1.95,11.2,0,-0.0013,0,2.2921,0,0
1393,PlayerServeHold,None,1,-0.015,52,-4.4188,2.535,-16.75,-2.2213,0.875,-11.9745,0,Serve prepare 0.00,0,9,LowPickup,92.2579,56.9435,-2.1267,0.7498,-12.414,0,1,1,Backhand prepare 1.00,0,9,-2.1405,-86.578,0,0,Perfect,,-2.35,-12.35,1.95,11.2,0,-0.001,0,2.4037,0,0
1394,PlayerServeHold,None,1,-0.015,52,-4.4212,2.535,-16.75,-2.2345,0.875,-11.9702,0,Serve prepare 0.00,0,9,LowPickup,97.2691,60.6736,-2.1169,0.749,-12.4356,0,1,1,Backhand prepare 1.00,0,9,-2.1405,-86.578,0,0,Perfect,,-2.35,-12.35,1.95,11.2,0,-0.0007,0,2.2072,0,0
1395,PlayerServeHold,None,1,-0.015,52,-4.4234,2.535,-16.75,-2.2478,0.8644,-11.9664,0,Serve prepare 0.00,0,9,LowPickup,100.169,62.7007,-2.0959,0.7596,-12.4375,0,1,1,Backhand prepare 1.00,0,9,-2.1405,-86.578,0,0,Perfect,,-2.35,-12.35,1.95,11.2,0,-0.0004,0,1.794,0,0
1396,PlayerServeHold,None,1,-0.015,52,-4.4255,2.535,-16.75,-2.2613,0.8422,-11.9631,0,Serve prepare 0.00,0,9,LowPickup,101.4954,63.4568,-2.0878,0.7585,-12.4451,0,1,1,Backhand prepare 1.00,0,9,-2.1405,-86.578,0,0,Perfect,,-2.35,-12.35,1.95,11.2,0,-0.0001,0,1.2894,0,0
1397,PlayerServeHold,None,1,-0.015,52,-4.4274,2.535,-16.75,-2.2748,0.8311,-11.9602,0,Serve prepare 0.00,0,9,LowPickup,101.7111,63.3216,-2.0807,0.7582,-12.4474,0,1,1,Backhand prepare 1.00,0,9,-2.1405,-86.578,0,0,Perfect,,-2.35,-12.35,1.95,11.2,0,0.0001,0,0.8242,0,0
1398,PlayerServeHold,None,1,-0.015,52,-4.4291,2.535,-16.75,-2.2885,0.8089,-11.9578,0,Serve prepare 0.00,0,9,LowPickup,101.174,62.5859,-2.0747,0.7585,-12.4457,0,1,1,Backhand prepare 1.00,0,9,-2.1405,-86.578,0,0,Perfect,,-2.35,-12.35,1.95,11.2,0,0.0002,0,0.5651,0,0
1399,PlayerServeHold,None,1,-0.015,52,-4.4307,2.535,-16.75,-2.3022,0.7978,-11.9559,0,Serve prepare 0.00,0,9,LowPickup,100.1397,61.4557,-2.0695,0.7588,-12.4415,0,1,1,Backhand prepare 1.00,0,9,-2.1405,-86.578,0,0,Perfect,,-2.35,-12.35,1.95,11.2,0,0.0002,0,0.6039,0,0
1400,PlayerServeHold,None,1,-0.015,52,-4.4322,2.535,-16.75,-2.316,0.7429,-11.9545,0,Serve prepare 0.00,0,9,LowPickup,98.7835,60.0709,-2.0651,0.7591,-12.4357,0,1,1,Backhand prepare 1.00,0,9,-2.1405,-86.578,0,0,Perfect,,-2.35,-12.35,1.95,11.2,0,0.0003,0,0.7465,0,0
1401,PlayerServeHold,None,1,-0.015,52,-4.4336,2.535,-16.75,-2.3298,0.7122,-11.9535,0,Serve prepare 0.00,0,9,LowPickup,97.2213,58.5235,-2.0615,0.7593,-12.4286,0,1,1,Backhand prepare 1.00,0,9,-2.1405,-86.578,0,0,Perfect,,-2.35,-12.35,1.95,11.2,0,0.0002,0,0.828,0,0
1402,PlayerServeHold,None,1,-0.015,52,-4.4348,2.535,-16.75,-2.3298,0.6487,-11.9535,0,Serve prepare 0.00,0,9,LowPickup,97.5282,58.8722,-2.0613,0.7592,-12.4309,0,1,1,Backhand prepare 1.00,0,9,-2.1405,-86.578,0,0,Perfect,,-2.35,-12.35,1.95,11.2,0,0.0002,0,0.8204,0,0
1403,PlayerServeHold,None,1,-0.015,52,-4.436,2.535,-16.75,-2.3298,0.616,-11.9535,0,Serve prepare 0.00,0,9,LowPickup,97.7524,59.154,-2.0616,0.759,-12.4327,0,1,1,Backhand prepare 1.00,0,9,-2.1405,-86.578,0,0,Perfect,,-2.35,-12.35,1.95,11.2,0,0.0001,0,0.7359,0,0
1404,PlayerServeHold,None,1,-0.015,52,-4.4371,2.535,-16.75,-2.3298,0.5485,-11.9535,0,Serve prepare 0.00,0,9,LowPickup,97.9242,59.3917,-2.0622,0.7586,-12.4343,0,1,1,Backhand prepare 1.00,0,9,-2.1405,-86.578,0,0,Perfect,,-2.35,-12.35,1.95,11.2,0,0.0001,0,0.6013,0,0
1405,PlayerServeHold,None,1,-0.015,52,-4.4381,2.535,-16.75,-2.3298,0.5137,-11.9535,0,Serve prepare 0.00,0,9,LowPickup,98.1403,59.6661,-2.0627,0.7579,-12.4361,0,1,1,Backhand prepare 1.00,0,9,-2.1405,-86.578,0,0,Perfect,,-2.35,-12.35,1.95,11.2,0,0,0,0.428,0,0
1406,PlayerServeHold,None,1,-0.015,52,-4.439,2.535,-16.75,-2.3298,0.4421,-11.9535,0,Serve prepare 0.00,0,9,LowPickup,98.2289,59.8233,-2.0636,0.7573,-12.4374,0,1,1,Backhand prepare 1.00,0,9,-2.1405,-86.578,0,0,Perfect,,-2.35,-12.35,1.95,11.2,0,0,0,0.2683,0,0
1407,PlayerServeHold,None,1,-0.015,52,-4.4398,2.535,-16.75,-2.3298,0.4052,-11.9535,0,Serve prepare 0.00,0,9,LowPickup,98.3171,59.9747,-2.0644,0.7566,-12.4386,0,1,1,Backhand prepare 1.00,0,9,-2.1405,-86.578,0,0,Perfect,,-2.35,-12.35,1.95,11.2,0,0,0,0,0,0
1408,PlayerServeHold,None,1,-0.015,52,-4.4406,2.535,-16.75,-2.3298,0.3295,-11.9535,0,Serve prepare 0.00,0,9,LowPickup,98.4044,60.1206,-2.0653,0.756,-12.4399,0,1,1,Backhand prepare 1.00,0,9,-2.1405,-86.578,0,0,Perfect,,-2.35,-12.35,1.95,11.2,0,0,0,0,0,0
1409,PlayerServeHold,None,1,-0.015,52,-4.4413,2.535,-16.75,-2.3298,0.2906,-11.9535,0,Serve prepare 0.00,0,9,LowPickup,98.4908,60.262,-2.066,0.7554,-12.4412,0,1,1,Backhand prepare 1.00,0,9,-2.1405,-86.578,0,0,Perfect,,-2.35,-12.35,1.95,11.2,0,0,0,0,0,0
1410,PlayerServeHold,None,1,-0.015,52,-4.442,2.535,-16.75,-2.3298,0.2109,-11.9535,0,Serve prepare 0.00,0,9,LowPickup,98.576,60.3993,-2.0667,0.7548,-12.4425,0,1,1,Backhand prepare 1.00,0,9,-2.1405,-86.578,0,0,Perfect,,-2.35,-12.35,1.95,11.2,0,0,0,0.1897,0,0
1411,PlayerServeHold,None,1,-0.015,52,-4.4426,2.535,-16.75,-2.3298,0.1699,-11.9535,0,Serve prepare 0.00,0,9,LowPickup,98.6593,60.5332,-2.0673,0.7544,-12.4438,0,1,1,Backhand prepare 1.00,0,9,-2.1405,-86.578,0,0,Perfect,,-2.35,-12.35,1.95,11.2,0,0,0,0.2131,0,0
1412,PlayerServeHold,None,1,-0.015,52,-4.4432,2.535,-16.75,-2.3298,0.1685,-11.9535,0,Serve prepare 0.00,0,9,LowPickup,98.7428,60.6636,-2.0678,0.7539,-12.4451,0,1,1,Backhand prepare 1.00,0,9,-2.1405,-86.578,0,0,Perfect,,-2.35,-12.35,1.95,11.2,0,0,0,0.2131,0,0
1413,PlayerServeHold,None,1,-0.015,52,-4.4437,2.535,-16.75,-2.3298,0.1966,-11.9535,0,Serve prepare 0.00,0,9,LowPickup,98.8296,60.79,-2.0682,0.7536,-12.4464,0,1,1,Backhand prepare 1.00,0,9,-2.1405,-86.578,0,0,Perfect,,-2.35,-12.35,1.95,11.2,0,0,0,0.1978,0,0
1414,PlayerServeHold,None,1,-0.015,52,-4.4442,2.535,-16.75,-2.3298,0.2509,-11.9535,0,Serve prepare 0.00,0,9,LowPickup,98.9146,60.9133,-2.0686,0.7533,-12.4476,0,1,1,Backhand prepare 1.00,0,9,-2.1405,-86.578,0,0,Perfect,,-2.35,-12.35,1.95,11.2,0,0,0,0.1679,0,0
1415,PlayerServeHold,None,1,-0.015,52,-4.4446,2.535,-16.75,-2.3298,0.277,-11.9535,0,Serve prepare 0.00,0,9,LowPickup,98.998,61.0343,-2.069,0.7531,-12.4488,0,1,1,Backhand prepare 1.00,0,9,-2.1405,-86.578,0,0,Perfect,,-2.35,-12.35,1.95,11.2,0,0,0,0,0,0
1416,PlayerServeHold,None,1,-0.015,52,-4.445,2.535,-16.75,-2.3298,0.3272,-11.9535,0,Serve prepare 0.00,0,9,LowPickup,99.0795,61.1542,-2.0694,0.7529,-12.45,0,1,1,Backhand prepare 1.00,0,9,-2.1405,-86.578,0,0,Perfect,,-2.35,-12.35,1.95,11.2,0,0,0,0,0,0
1417,PlayerServeHold,None,1,-0.015,52,-4.4454,2.535,-16.75,-2.3298,0.3512,-11.9535,0,Serve prepare 0.00,0,9,LowPickup,99.1591,61.2724,-2.0698,0.7527,-12.4511,0,1,1,Backhand prepare 1.00,0,9,-2.1405,-86.578,0,0,Perfect,,-2.35,-12.35,1.95,11.2,0,0,0,0,0,0
1418,PlayerServeHold,None,1,-0.015,52,-4.4458,2.535,-16.75,-2.3298,0.3973,-11.9535,0,Serve prepare 0.00,0,9,LowPickup,99.2367,61.3892,-2.0702,0.7525,-12.4521,0,1,1,Backhand prepare 1.00,0,9,-2.1405,-86.578,0,0,Perfect,,-2.35,-12.35,1.95,11.2,0,0,0,0,0,0
1419,PlayerServeHold,None,1,-0.015,52,-4.4461,2.535,-16.75,-2.3298,0.4194,-11.9535,0,Serve prepare 0.00,0,9,LowPickup,99.3123,61.5045,-2.0707,0.7523,-12.4531,0,1,1,Backhand prepare 1.00,0,9,-2.1405,-86.578,0,0,Perfect,,-2.35,-12.35,1.95,11.2,0,0,0,0,0,0
1420,PlayerServeHold,None,1,-0.015,52,-4.4464,2.535,-16.75,-2.3298,0.4614,-11.9535,0,Serve prepare 0.00,0,9,LowPickup,99.3865,61.6178,-2.0714,0.752,-12.4541,0,1,1,Backhand prepare 1.00,0,9,-2.1405,-86.578,0,0,Perfect,,-2.35,-12.35,1.95,11.2,0,0,0,0,0,0
1421,PlayerServeHold,None,1,-0.015,52,-4.4467,2.535,-16.75,-2.3298,0.4813,-11.9535,0,Serve prepare 0.00,0,9,LowPickup,99.4586,61.7289,-2.072,0.7517,-12.4551,0,1,1,Backhand prepare 1.00,0,9,-2.1405,-86.578,0,0,Perfect,,-2.35,-12.35,1.95,11.2,0,0,0,0,0,0
1422,PlayerServeHold,None,1,-0.015,52,-4.4469,2.535,-16.75,-2.3298,0.5192,-11.9535,0,Serve prepare 0.00,0,9,LowPickup,99.5286,61.8374,-2.0727,0.7513,-12.4561,0,1,1,Backhand prepare 1.00,0,9,-2.1405,-86.578,0,0,Perfect,,-2.35,-12.35,1.95,11.2,0,0,0,0,0,0
1423,PlayerServeHold,None,1,-0.015,52,-4.4472,2.535,-16.75,-2.3298,0.5372,-11.9535,0,Serve prepare 0.00,0,9,LowPickup,99.5964,61.9431,-2.0734,0.7509,-12.4571,0,1,1,Backhand prepare 1.00,0,9,-2.1405,-86.578,0,0,Perfect,,-2.35,-12.35,1.95,11.2,0,0,0,0,0,0
1424,PlayerServeHold,None,1,-0.015,52,-4.4474,2.535,-16.75,-2.3298,0.571,-11.9535,0,Serve prepare 0.00,0,9,LowPickup,99.662,62.0466,-2.0741,0.7506,-12.4581,0,1,1,Backhand prepare 1.00,0,9,-2.1405,-86.578,0,0,Perfect,,-2.35,-12.35,1.95,11.2,0,0,0,0,0,0
1425,PlayerServeHold,None,1,-0.015,52,-4.4476,2.535,-16.75,-2.3298,0.5869,-11.9535,0,Serve prepare 0.00,0,9,LowPickup,99.7252,62.1472,-2.0746,0.7502,-12.459,0,1,1,Backhand prepare 1.00,0,9,-2.1405,-86.578,0,0,Perfect,,-2.35,-12.35,1.95,11.2,0,0,0,0,0,0
1426,PlayerServeHold,None,1,-0.015,52,-4.4478,2.535,-16.75,-2.3298,0.6166,-11.9535,0,Serve prepare 0.00,0,9,LowPickup,99.786,62.2449,-2.0751,0.7498,-12.46,0,1,1,Backhand prepare 1.00,0,9,-2.1405,-86.578,0,0,Perfect,,-2.35,-12.35,1.95,11.2,0,0,0,0,0,0
1427,PlayerServeHold,None,1,-0.015,52,-4.4479,2.535,-16.75,-2.3298,0.6305,-11.9535,0,Serve prepare 0.00,0,9,LowPickup,99.8443,62.3391,-2.0756,0.7495,-12.4609,0,1,1,Backhand prepare 1.00,0,9,-2.1405,-86.578,0,0,Perfect,,-2.35,-12.35,1.95,11.2,0,0,0,0,0,0
1428,PlayerServeHold,None,1,-0.015,52,-4.4481,2.535,-16.75,-2.3298,0.6561,-11.9535,0,Serve prepare 0.00,0,9,LowPickup,99.8999,62.4296,-2.0759,0.7492,-12.4619,0,1,1,Backhand prepare 1.00,0,9,-2.1405,-86.578,0,0,Perfect,,-2.35,-12.35,1.95,11.2,0,0,0,0,0,0
1429,PlayerServeHold,None,1,-0.015,52,-4.4483,2.535,-16.75,-2.3298,0.6679,-11.9535,0,Serve prepare 0.00,0,9,LowPickup,99.9525,62.5163,-2.0762,0.7489,-12.4627,0,1,1,Backhand prepare 1.00,0,9,-2.1405,-86.578,0,0,Perfect,,-2.35,-12.35,1.95,11.2,0,0,0,0,0,0
1430,PlayerServeHold,None,1,-0.015,52,-4.4484,2.535,-16.75,-2.3298,0.6895,-11.9535,0,Serve prepare 0.00,0,9,LowPickup,100,62.5995,-2.0764,0.7487,-12.4636,0,1,1,Backhand prepare 1.00,0,9,-2.1405,-86.578,0,0,Perfect,,-2.35,-12.35,1.95,11.2,0,0,0,0,0,0
1431,PlayerServeHold,None,1,-0.015,52,-4.4485,2.535,-16.75,-2.3298,0.6992,-11.9535,0,Serve prepare 0.00,0,9,LowPickup,100.045,62.6789,-2.0766,0.7485,-12.4644,0,1,1,Backhand prepare 1.00,0,9,-2.1405,-86.578,0,0,Perfect,,-2.35,-12.35,1.95,11.2,0,0,0,0,0,0
1432,PlayerServeHold,None,1,-0.015,52,-4.4486,2.535,-16.75,-2.3298,0.7167,-11.9535,0,Serve prepare 0.00,0,9,LowPickup,100.0876,62.7543,-2.0767,0.7483,-12.4651,0,1,1,Backhand prepare 1.00,0,9,-2.1405,-86.578,0,0,Perfect,,-2.35,-12.35,1.95,11.2,0,0,0,0,0,0
1433,PlayerServeHold,None,1,-0.015,52,-4.4487,2.535,-16.75,-2.3298,0.7244,-11.9535,0,Serve prepare 0.00,0,9,LowPickup,100.1276,62.8256,-2.0767,0.7482,-12.4658,0,1,1,Backhand prepare 1.00,0,9,-2.1405,-86.578,0,0,Perfect,,-2.35,-12.35,1.95,11.2,0,0,0,0,0,0
1434,PlayerServeHold,None,1,-0.015,52,-4.4488,2.535,-16.75,-2.3298,0.7378,-11.9535,0,Serve prepare 0.00,0,9,LowPickup,100.1651,62.8929,-2.0767,0.7481,-12.4664,0,1,1,Backhand prepare 1.00,0,9,-2.1405,-86.578,0,0,Perfect,,-2.35,-12.35,1.95,11.2,0,0,0,0,0,0
1435,PlayerServeHold,None,1,-0.015,52,-4.4489,2.535,-16.75,-2.3298,0.7435,-11.9535,0,Serve prepare 0.00,0,9,LowPickup,100.2001,62.9563,-2.0767,0.748,-12.4669,0,1,1,Backhand prepare 1.00,0,9,-2.1405,-86.578,0,0,Perfect,,-2.35,-12.35,1.95,11.2,0,0,0,0,0,0
1436,PlayerServeHold,None,1,-0.015,52,-4.449,2.535,-16.75,-2.3298,0.7528,-11.9535,0,Serve prepare 0.00,0,9,LowPickup,100.2323,63.0117,-2.0767,0.748,-12.4674,0,1,1,Backhand prepare 1.00,0,9,-2.1405,-86.578,0,0,Perfect,,-2.35,-12.35,1.95,11.2,0,0,0,0,0,0
1437,PlayerServeHold,None,1,-0.015,52,-4.4491,2.535,-16.75,-2.3298,0.7564,-11.9535,0,Serve prepare 0.00,0,9,LowPickup,100.262,63.0645,-2.0766,0.748,-12.4678,0,1,1,Backhand prepare 1.00,0,9,-2.1405,-86.578,0,0,Perfect,,-2.35,-12.35,1.95,11.2,0,0,0,0,0,0
1438,PlayerServeHold,None,1,-0.015,52,-4.4491,2.535,-16.75,-2.3298,0.7616,-11.9535,0,Serve prepare 0.00,0,9,LowPickup,100.289,63.1145,-2.0765,0.748,-12.4682,0,1,1,Backhand prepare 1.00,0,9,-2.1405,-86.578,0,0,Perfect,,-2.35,-12.35,1.95,11.2,0,0,0,0,0,0
1439,PlayerServeHold,None,1,-0.015,52,-4.4492,2.535,-16.75,-2.3298,0.7632,-11.9535,0,Serve prepare 0.00,0,9,LowPickup,100.3133,63.1571,-2.0765,0.748,-12.4685,0,1,1,Backhand prepare 1.00,0,9,-2.1405,-86.578,0,0,Perfect,,-2.35,-12.35,1.95,11.2,0,0,0,0,0,0
1440,PlayerServeHold,None,1,-0.015,52,-4.4493,2.535,-16.75,-2.3298,0.7644,-11.9535,0,Serve prepare 0.00,0,9,LowPickup,100.3349,63.1934,-2.0764,0.748,-12.4687,0,1,1,Backhand prepare 1.00,0,9,-2.1405,-86.578,0,0,Perfect,,-2.35,-12.35,1.95,11.2,0,0,0,0,0,0
1441,PlayerServeHold,None,1,-0.015,52,-4.4493,2.535,-16.75,-2.3298,0.7653,-11.9535,0,Serve prepare 0.00,0,9,LowPickup,100.3538,63.2284,-2.0763,0.7481,-12.4689,0,1,1,Backhand prepare 1.00,0,9,-2.1405,-86.578,0,0,Perfect,,-2.35,-12.35,1.95,11.2,0,0,0,0,0,0
1442,PlayerServeHold,None,1,-0.015,52,-4.4494,2.535,-16.75,-2.3298,0.7708,-11.9535,0,Serve prepare 0.00,0,9,LowPickup,100.3699,63.2572,-2.0762,0.7481,-12.4691,0,1,1,Backhand prepare 1.00,0,9,-2.1405,-86.578,0,0,Perfect,,-2.35,-12.35,1.95,11.2,0,0,0,0,0,0
1443,PlayerServeHold,None,1,-0.015,52,-4.4494,2.535,-16.75,-2.3298,0.7751,-11.9535,0,Serve prepare 0.00,0,9,LowPickup,100.3832,63.2803,-2.0762,0.7481,-12.4693,0,1,1,Backhand prepare 1.00,0,9,-2.1405,-86.578,0,0,Perfect,,-2.35,-12.35,1.95,11.2,0,0,0,0,0,0
1444,PlayerServeHold,None,1,-0.015,52,-4.4495,2.535,-16.75,-2.3298,0.7863,-11.9535,0,Serve prepare 0.00,0,9,LowPickup,100.3938,63.2984,-2.0761,0.7482,-12.4694,0,1,1,Backhand prepare 1.00,0,9,-2.1405,-86.578,0,0,Perfect,,-2.35,-12.35,1.95,11.2,0,0,0,0,0,0
1445,PlayerServeHold,None,1,-0.015,52,-4.4495,2.535,-16.75,-2.3298,0.7929,-11.9535,0,Serve prepare 0.00,0,9,LowPickup,100.4016,63.3117,-2.0761,0.7482,-12.4694,0,1,1,Backhand prepare 1.00,0,9,-2.1405,-86.578,0,0,Perfect,,-2.35,-12.35,1.95,11.2,0,0,0,0,0,0
1446,PlayerServeHold,None,1,-0.015,52,-4.4496,2.535,-16.75,-2.3298,0.8073,-11.9535,0,Serve prepare 0.00,0,9,LowPickup,100.4066,63.3206,-2.0761,0.7482,-12.4695,0,1,1,Backhand prepare 1.00,0,9,-2.1405,-86.578,0,0,Perfect,,-2.35,-12.35,1.95,11.2,0,0,0,0,0,0
1447,PlayerServeHold,None,1,-0.015,52,-4.4496,2.535,-16.75,-2.3298,0.8149,-11.9535,0,Serve prepare 0.00,0,9,LowPickup,100.4088,63.3253,-2.076,0.7482,-12.4695,0,1,1,Backhand prepare 1.00,0,9,-2.1405,-86.578,0,0,Perfect,,-2.35,-12.35,1.95,11.2,0,0,0,0,0,0
1448,PlayerServeHold,None,1,-0.015,52,-4.4496,2.535,-16.75,-2.3298,0.8302,-11.9535,0,Serve prepare 0.00,0,9,LowPickup,100.4082,63.3258,-2.076,0.7482,-12.4695,0,1,1,Backhand prepare 1.00,0,9,-2.1405,-86.578,0,0,Perfect,,-2.35,-12.35,1.95,11.2,0,0,0,0,0,0
1449,PlayerServeHold,None,1,-0.015,52,-4.4496,2.535,-16.75,-2.3298,0.8376,-11.9535,0,Serve prepare 0.00,0,9,LowPickup,100.4048,63.3222,-2.0761,0.7482,-12.4695,0,1,1,Backhand prepare 1.00,0,9,-2.1405,-86.578,0,0,Perfect,,-2.35,-12.35,1.95,11.2,0,0,0,0,0,0
1450,PlayerServeHold,None,1,-0.015,52,-4.4497,2.535,-16.75,-2.3298,0.8515,-11.9535,0,Serve prepare 0.00,0,9,LowPickup,100.3986,63.3149,-2.0761,0.7482,-12.4695,0,1,1,Backhand prepare 1.00,0,9,-2.1405,-86.578,0,0,Perfect,,-2.35,-12.35,1.95,11.2,0,0,0,0,0,0
1451,PlayerServeHold,None,1,-0.015,52,-4.4497,2.535,-16.75,-2.3298,0.8576,-11.9535,0,Serve prepare 0.00,0,9,LowPickup,100.3896,63.3037,-2.0761,0.7482,-12.4694,0,1,1,Backhand prepare 1.00,0,9,-2.1405,-86.578,0,0,Perfect,,-2.35,-12.35,1.95,11.2,0,0,0,0,0,0
1452,PlayerServeHold,None,1,-0.015,52,-4.4497,2.535,-16.75,-2.3298,0.8675,-11.9535,0,Serve prepare 0.00,0,9,LowPickup,100.3779,63.2888,-2.0762,0.7481,-12.4693,0,1,1,Backhand prepare 1.00,0,9,-2.1405,-86.578,0,0,Perfect,,-2.35,-12.35,1.95,11.2,0,0,0,0,0,0
1453,PlayerServeHold,None,1,-0.015,52,-4.4497,2.535,-16.75,-2.3298,0.8711,-11.9535,0,Serve prepare 0.00,0,9,LowPickup,100.3634,63.2702,-2.0762,0.7481,-12.4692,0,1,1,Backhand prepare 1.00,0,9,-2.1405,-86.578,0,0,Perfect,,-2.35,-12.35,1.95,11.2,0,0,0,0,0,0
1454,PlayerServeHold,None,1,-0.015,52,-4.4498,2.535,-16.75,-2.3298,0.8749,-11.9535,0,Serve prepare 0.00,0,9,LowPickup,100.3461,63.248,-2.0763,0.7481,-12.469,0,1,1,Backhand prepare 1.00,0,9,-2.1405,-86.578,0,0,Perfect,,-2.35,-12.35,1.95,11.2,0,0,0,0,0,0
1455,PlayerServeHold,None,1,-0.015,52,-4.4498,2.535,-16.75,-2.3298,0.8686,-11.9535,0,Serve prepare 0.00,0,9,LowPickup,100.3261,63.2222,-2.0763,0.7481,-12.4689,0,1,1,Backhand prepare 1.00,0,9,-2.1405,-86.578,0,0,Perfect,,-2.35,-12.35,1.95,11.2,0,0,0,0,0,0
1456,PlayerServeHold,None,1,-0.015,52,-4.4498,2.535,-16.75,-2.3298,0.8464,-11.9535,0,Serve prepare 0.00,0,9,LowPickup,100.3033,63.1928,-2.0763,0.7481,-12.4687,0,1,1,Backhand prepare 1.00,0,9,-2.1405,-86.578,0,0,Perfect,,-2.35,-12.35,1.95,11.2,0,0,0,0,0,0
1457,PlayerServeHold,None,1,-0.015,52,-4.4498,2.535,-16.75,-2.3298,0.8353,-11.9535,0,Serve prepare 0.00,0,9,LowPickup,100.2778,63.1558,-2.0764,0.7481,-12.4684,0,1,1,Backhand prepare 1.00,0,9,-2.1405,-86.578,0,0,Perfect,,-2.35,-12.35,1.95,11.2,0,0,0,0,0,0
1458,PlayerServeHold,None,1,-0.015,52,-4.4498,2.535,-16.75,-2.3298,0.8131,-11.9535,0,Serve prepare 0.00,0,9,LowPickup,100.2497,63.1112,-2.0764,0.7481,-12.468,0,1,1,Backhand prepare 1.00,0,9,-2.1405,-86.578,0,0,Perfect,,-2.35,-12.35,1.95,11.2,0,0,0,0,0,0
1459,PlayerServeHold,None,1,-0.015,52,-4.4498,2.535,-16.75,-2.3298,0.8019,-11.9535,0,Serve prepare 0.00,0,9,LowPickup,100.2189,63.0591,-2.0765,0.7481,-12.4676,0,1,1,Backhand prepare 1.00,0,9,-2.1405,-86.578,0,0,Perfect,,-2.35,-12.35,1.95,11.2,0,0,0,0,0,0
1460,PlayerServeHold,None,1,-0.015,52,-4.4499,2.535,-16.75,-2.3298,0.7542,-11.9535,0,Serve prepare 0.00,0,9,LowPickup,100.1855,63.0001,-2.0765,0.7481,-12.4671,0,1,1,Backhand prepare 1.00,0,9,-2.1405,-86.578,0,0,Perfect,,-2.35,-12.35,1.95,11.2,0,0,0,0,0,0
1461,PlayerServeHold,None,1,-0.015,52,-4.4499,2.535,-16.75,-2.3298,0.7238,-11.9535,0,Serve prepare 0.00,0,9,LowPickup,100.1494,62.9354,-2.0765,0.7482,-12.4666,0,1,1,Backhand prepare 1.00,0,9,-2.1405,-86.578,0,0,Perfect,,-2.35,-12.35,1.95,11.2,0,0,0,0,0,0
1462,PlayerServeHold,None,1,-0.015,52,-4.4499,2.535,-16.75,-2.3298,0.6609,-11.9535,0,Serve prepare 0.00,0,9,LowPickup,100.1108,62.8656,-2.0765,0.7483,-12.4659,0,1,1,Backhand prepare 1.00,0,9,-2.1405,-86.578,0,0,Perfect,,-2.35,-12.35,1.95,11.2,0,0,0,0,0,0
1463,PlayerServeHold,None,1,-0.015,52,-4.4499,2.535,-16.75,-2.3298,0.6284,-11.9535,0,Serve prepare 0.00,0,9,LowPickup,100.0697,62.7912,-2.0764,0.7485,-12.4652,0,1,1,Backhand prepare 1.00,0,9,-2.1405,-86.578,0,0,Perfect,,-2.35,-12.35,1.95,11.2,0,0,0,0,0,0
1464,PlayerServeHold,None,1,-0.015,52,-4.4499,2.535,-16.75,-2.3298,0.5614,-11.9535,0,Serve prepare 0.00,0,9,LowPickup,100.0261,62.713,-2.0763,0.7487,-12.4645,0,1,1,Backhand prepare 1.00,0,9,-2.1405,-86.578,0,0,Perfect,,-2.35,-12.35,1.95,11.2,0,0,0,0,0,0
1465,PlayerServeHold,None,1,-0.015,52,-4.4499,2.535,-16.75,-2.3298,0.5268,-11.9535,0,Serve prepare 0.00,0,9,LowPickup,99.98,62.6315,-2.0761,0.7489,-12.4637,0,1,1,Backhand prepare 1.00,0,9,-2.1405,-86.578,0,0,Perfect,,-2.35,-12.35,1.95,11.2,0,0,0,0,0,0
1466,PlayerServeHold,None,1,-0.015,52,-4.4499,2.535,-16.75,-2.3298,0.4557,-11.9535,0,Serve prepare 0.00,0,9,LowPickup,99.9306,62.547,-2.0759,0.7491,-12.4628,0,1,1,Backhand prepare 1.00,0,9,-2.1405,-86.578,0,0,Perfect,,-2.35,-12.35,1.95,11.2,0,0,0,0,0,0
1467,PlayerServeHold,None,1,-0.015,52,-4.4499,2.535,-16.75,-2.3298,0.4191,-11.9535,0,Serve prepare 0.00,0,9,LowPickup,99.8764,62.46,-2.0756,0.7494,-12.4619,0,1,1,Backhand prepare 1.00,0,9,-2.1405,-86.578,0,0,Perfect,,-2.35,-12.35,1.95,11.2,0,0,0,0,0,0
1468,PlayerServeHold,None,1,-0.015,52,-4.4499,2.535,-16.75,-2.3298,0.3439,-11.9535,0,Serve prepare 0.00,0,9,LowPickup,99.8197,62.3705,-2.0752,0.7497,-12.461,0,1,1,Backhand prepare 1.00,0,9,-2.1405,-86.578,0,0,Perfect,,-2.35,-12.35,1.95,11.2,0,0,0,0,0,0
1469,PlayerServeHold,None,1,-0.015,52,-4.4499,2.535,-16.75,-2.3298,0.3053,-11.9535,0,Serve prepare 0.00,0,9,LowPickup,99.7603,62.2779,-2.0748,0.75,-12.46,0,1,1,Backhand prepare 1.00,0,9,-2.1405,-86.578,0,0,Perfect,,-2.35,-12.35,1.95,11.2,0,0,0,0,0,0
1470,PlayerServeHold,None,1,-0.015,52,-4.4499,2.535,-16.75,-2.3298,0.226,-11.9535,0,Serve prepare 0.00,0,9,LowPickup,99.6985,62.1822,-2.0742,0.7504,-12.4591,0,1,1,Backhand prepare 1.00,0,9,-2.1405,-86.578,0,0,Perfect,,-2.35,-12.35,1.95,11.2,0,0,0,0,0,0
1471,PlayerServeHold,None,1,-0.015,52,-4.4499,2.535,-16.75,-2.3298,0.1854,-11.9535,0,Serve prepare 0.00,0,9,LowPickup,99.6343,62.0833,-2.0736,0.7508,-12.4581,0,1,1,Backhand prepare 1.00,0,9,-2.1405,-86.578,0,0,Perfect,,-2.35,-12.35,1.95,11.2,0,0,0,0,0,0
1472,PlayerServeHold,None,1,-0.015,52,-4.4499,2.535,-16.75,-2.3298,0.1577,-11.9535,0,Serve prepare 0.00,0,9,LowPickup,99.5677,61.9811,-2.073,0.7511,-12.4572,0,1,1,Backhand prepare 1.00,0,9,-2.1405,-86.578,0,0,Perfect,,-2.35,-12.35,1.95,11.2,0,0,0,0,0,0
1473,PlayerServeHold,None,1,-0.015,52,-4.4499,2.535,-16.75,-2.3298,0.1861,-11.9535,0,Serve prepare 0.00,0,9,LowPickup,99.499,61.8766,-2.0723,0.7515,-12.4562,0,1,1,Backhand prepare 1.00,0,9,-2.1405,-86.578,0,0,Perfect,,-2.35,-12.35,1.95,11.2,0,0,0,0,0,0
1474,PlayerServeHold,None,1,-0.015,52,-4.45,2.535,-16.75,-2.3298,0.2409,-11.9535,0,Serve prepare 0.00,0,9,LowPickup,99.4281,61.7692,-2.0715,0.7519,-12.4552,0,1,1,Backhand prepare 1.00,0,9,-2.1405,-86.578,0,0,Perfect,,-2.35,-12.35,1.95,11.2,0,0,0,0,0,0
1475,PlayerServeHold,None,1,-0.015,52,-4.45,2.535,-16.75,-2.3298,0.2673,-11.9535,0,Serve prepare 0.00,0,9,LowPickup,99.355,61.6592,-2.0708,0.7522,-12.4542,0,1,1,Backhand prepare 1.00,0,9,-2.1405,-86.578,0,0,Perfect,,-2.35,-12.35,1.95,11.2,0,0,0,0,0,0
1476,PlayerServeHold,None,1,-0.015,52,-4.45,2.535,-16.75,-2.3298,0.318,-11.9535,0,Serve prepare 0.00,0,9,LowPickup,99.2802,61.546,-2.0702,0.7525,-12.4532,0,1,1,Backhand prepare 1.00,0,9,-2.1405,-86.578,0,0,Perfect,,-2.35,-12.35,1.95,11.2,0,0,0,0,0,0
1477,PlayerServeHold,None,1,-0.015,52,-4.45,2.535,-16.75,-2.3298,0.3423,-11.9535,0,Serve prepare 0.00,0,9,LowPickup,99.2038,61.4298,-2.0696,0.7528,-12.4522,0,1,1,Backhand prepare 1.00,0,9,-2.1405,-86.578,0,0,Perfect,,-2.35,-12.35,1.95,11.2,0,0,0,0,0,0
1478,PlayerServeHold,None,1,-0.015,52,-4.45,2.535,-16.75,-2.3298,0.3889,-11.9535,0,Serve prepare 0.00,0,9,LowPickup,99.1253,61.3104,-2.0691,0.7531,-12.4512,0,1,1,Backhand prepare 1.00,0,9,-2.1405,-86.578,0,0,Perfect,,-2.35,-12.35,1.95,11.2,0,0,0,0,0,0
1479,PlayerServeHold,None,1,-0.015,52,-4.45,2.535,-16.75,-2.3298,0.4112,-11.9535,0,Serve prepare 0.00,0,9,LowPickup,99.0449,61.1879,-2.0687,0.7533,-12.4501,0,1,1,Backhand prepare 1.00,0,9,-2.1405,-86.578,0,0,Perfect,,-2.35,-12.35,1.95,11.2,0,0,0,0,0,0
1480,PlayerServeHold,None,1,-0.015,52,-4.45,2.535,-16.75,-2.3298,0.4537,-11.9535,0,Serve prepare 0.00,0,9,LowPickup,98.9626,61.0622,-2.0682,0.7536,-12.449,0,1,1,Backhand prepare 1.00,0,9,-2.1405,-86.578,0,0,Perfect,,-2.35,-12.35,1.95,11.2,0,0,0,0,0,0
1481,PlayerServeHold,None,1,-0.015,52,-4.45,2.535,-16.75,-2.3298,0.4739,-11.9535,0,Serve prepare 0.00,0,9,LowPickup,98.8785,60.9358,-2.0677,0.7539,-12.4478,0,1,1,Backhand prepare 1.00,0,9,-2.1405,-86.578,0,0,Perfect,,-2.35,-12.35,1.95,11.2,0,0,0,0,0,0
1482,PlayerServeHold,None,1,-0.015,52,-4.45,2.535,-16.75,-2.3298,0.5123,-11.9535,0,Serve prepare 0.00,0,9,LowPickup,98.7927,60.8082,-2.0673,0.7543,-12.4466,0,1,1,Backhand prepare 1.00,0,9,-2.1405,-86.578,0,0,Perfect,,-2.35,-12.35,1.95,11.2,0,0,0,0,0,0
1483,PlayerServeHold,None,1,-0.015,52,-4.45,2.535,-16.75,-2.3298,0.5305,-11.9535,0,Serve prepare 0.00,0,9,LowPickup,98.7062,60.6794,-2.0668,0.7546,-12.4453,0,1,1,Backhand prepare 1.00,0,9,-2.1405,-86.578,0,0,Perfect,,-2.35,-12.35,1.95,11.2,0,0,0,0,0,0
1484,PlayerServeHold,None,1,-0.015,52,-4.45,2.535,-16.75,-2.3298,0.5649,-11.9535,0,Serve prepare 0.00,0,9,LowPickup,98.624,60.5481,-2.0664,0.7549,-12.4441,0,1,1,Backhand prepare 1.00,0,9,-2.1405,-86.578,0,0,Perfect,,-2.35,-12.35,1.95,11.2,0,0,0,0,0,0
1485,PlayerServeHold,None,1,-0.015,52,-4.45,2.535,-16.75,-2.3298,0.581,-11.9535,0,Serve prepare 0.00,0,9,LowPickup,98.5397,60.4146,-2.0659,0.7553,-12.4428,0,1,1,Backhand prepare 1.00,0,9,-2.1405,-86.578,0,0,Perfect,,-2.35,-12.35,1.95,11.2,0,0,0,0,0,0
1486,PlayerServeHold,None,1,-0.015,52,-4.45,2.535,-16.75,-2.3298,0.6112,-11.9535,0,Serve prepare 0.00,0,9,LowPickup,98.454,60.2786,-2.0654,0.7556,-12.4415,0,1,1,Backhand prepare 1.00,0,9,-2.1405,-86.578,0,0,Perfect,,-2.35,-12.35,1.95,11.2,0,0,0,0,0,0
1487,PlayerServeHold,None,1,-0.015,52,-4.45,2.535,-16.75,-2.3298,0.6253,-11.9535,0,Serve prepare 0.00,0,9,LowPickup,98.3673,60.1405,-2.065,0.7559,-12.4401,0,1,1,Backhand prepare 1.00,0,9,-2.1405,-86.578,0,0,Perfect,,-2.35,-12.35,1.95,11.2,0,0,0,0,0,0
1488,PlayerServeHold,None,1,-0.015,52,-4.45,2.535,-16.75,-2.3298,0.6515,-11.9535,0,Serve prepare 0.00,0,9,LowPickup,98.2796,60.0014,-2.0645,0.7563,-12.4388,0,1,1,Backhand prepare 1.00,0,9,-2.1405,-86.578,0,0,Perfect,,-2.35,-12.35,1.95,11.2,0,0,0,0,0,0
1489,PlayerServeHold,None,1,-0.015,52,-4.45,2.535,-16.75,-2.3298,0.6636,-11.9535,0,Serve prepare 0.00,0,9,LowPickup,98.191,59.8612,-2.064,0.7566,-12.4374,0,1,1,Backhand prepare 1.00,0,9,-2.1405,-86.578,0,0,Perfect,,-2.35,-12.35,1.95,11.2,0,0,0,0,0,0
1490,PlayerServeHold,None,1,-0.015,52,-4.45,2.535,-16.75,-2.3298,0.6856,-11.9535,0,Serve prepare 0.00,0,9,LowPickup,98.1032,59.7202,-2.0635,0.7569,-12.436,0,1,1,Backhand prepare 1.00,0,9,-2.1405,-86.578,0,0,Perfect,,-2.35,-12.35,1.95,11.2,0,0,0,0,0,0
1491,PlayerServeHold,None,1,-0.015,52,-4.45,2.535,-16.75,-2.3298,0.6957,-11.9535,0,Serve prepare 0.00,0,9,LowPickup,98.0155,59.5779,-2.0629,0.7572,-12.4347,0,1,1,Backhand prepare 1.00,0,9,-2.1405,-86.578,0,0,Perfect,,-2.35,-12.35,1.95,11.2,0,0,0,0,0,0
1492,PlayerServeHold,None,1,-0.015,52,-4.45,2.535,-16.75,-2.3298,0.7136,-11.9535,0,Serve prepare 0.00,0,9,LowPickup,97.9256,59.4338,-2.0623,0.7574,-12.4334,0,1,1,Backhand prepare 1.00,0,9,-2.1405,-86.578,0,0,Perfect,,-2.35,-12.35,1.95,11.2,0,0,0,0,0,0
1493,PlayerServeHold,None,1,-0.015,52,-4.45,2.535,-16.75,-2.3298,0.7216,-11.9535,0,Serve prepare 0.00,0,9,LowPickup,97.8351,59.2883,-2.0617,0.7576,-12.4321,0,1,1,Backhand prepare 1.00,0,9,-2.1405,-86.578,0,0,Perfect,,-2.35,-12.35,1.95,11.2,0,0,0,0,0,0
1494,PlayerServeHold,None,1,-0.015,52,-4.45,2.535,-16.75,-2.3298,0.7355,-11.9535,0,Serve prepare 0.00,0,9,LowPickup,97.744,59.1413,-2.061,0.7578,-12.4307,0,1,1,Backhand prepare 1.00,0,9,-2.1405,-86.578,0,0,Perfect,,-2.35,-12.35,1.95,11.2,0,0,0,0,0,0
1495,PlayerServeHold,None,1,-0.015,52,-4.45,2.535,-16.75,-2.3298,0.7414,-11.9535,0,Serve prepare 0.00,0,9,LowPickup,97.6524,58.9929,-2.0604,0.758,-12.4294,0,1,1,Backhand prepare 1.00,0,9,-2.1405,-86.578,0,0,Perfect,,-2.35,-12.35,1.95,11.2,0,0,0,0,0,0
1496,PlayerServeHold,None,1,-0.015,52,-4.45,2.535,-16.75,-2.3298,0.7512,-11.9535,0,Serve prepare 0.00,0,9,LowPickup,97.5605,58.8437,-2.0597,0.7582,-12.428,0,1,1,Backhand prepare 1.00,0,9,-2.1405,-86.578,0,0,Perfect,,-2.35,-12.35,1.95,11.2,0,0,0,0,0,0
1497,PlayerServeHold,None,1,-0.015,52,-4.45,2.535,-16.75,-2.3298,0.7551,-11.9535,0,Serve prepare 0.00,0,9,LowPickup,97.4676,58.6932,-2.059,0.7584,-12.4267,0,1,1,Backhand prepare 1.00,0,9,-2.1405,-86.578,0,0,Perfect,,-2.35,-12.35,1.95,11.2,0,0,0,0,0,0
1498,PlayerServeHold,None,1,-0.015,52,-4.45,2.535,-16.75,-2.3298,0.7608,-11.9535,0,Serve prepare 0.00,0,9,LowPickup,97.3724,58.5414,-2.0584,0.7586,-12.4254,0,1,1,Backhand prepare 1.00,0,9,-2.1405,-86.578,0,0,Perfect,,-2.35,-12.35,1.95,11.2,0,0,0,0,0,0
1499,PlayerServeHold,None,1,-0.015,52,-4.45,2.535,-16.75,-2.3298,0.7627,-11.9535,0,Serve prepare 0.00,0,9,LowPickup,97.2773,58.3889,-2.0577,0.7587,-12.424,0,1,1,Backhand prepare 1.00,0,9,-2.1405,-86.578,0,0,Perfect,,-2.35,-12.35,1.95,11.2,0,0,0,0,0,0
1500,PlayerServeHold,None,1,-0.015,52,-4.45,2.535,-16.75,-2.3298,0.7643,-11.9535,0,Serve prepare 0.00,0,9,LowPickup,97.1824,58.237,-2.0571,0.7589,-12.4226,0,1,1,Backhand prepare 1.00,0,9,-2.1405,-86.578,0,0,Perfect,,-2.35,-12.35,1.95,11.2,0,0,0,0,0,0
1501,PlayerServeHold,None,1,-0.015,52,-4.45,2.535,-16.75,-2.3298,0.7648,-11.9535,0,Serve prepare 0.00,0,9,LowPickup,97.0878,58.0858,-2.0676,0.7472,-12.434,0,1,1,Backhand prepare 1.00,0,9,-2.1405,-86.578,0,0,Perfect,,-2.35,-12.35,1.95,11.2,0,0,0,0,0,0
1502,PlayerServeHold,None,1,-0.015,52,-4.45,2.535,-16.75,-2.3298,0.7694,-11.9535,0,Serve prepare 0.00,0,9,LowPickup,96.9938,57.9354,-2.0671,0.7474,-12.4327,0,1,1,Backhand prepare 1.00,0,9,-2.1405,-86.578,0,0,Perfect,,-2.35,-12.35,1.95,11.2,0,0,0,0,0,0
1503,PlayerServeHold,None,1,-0.015,52,-4.45,2.535,-16.75,-2.3298,0.7734,-11.9535,0,Serve prepare 0.00,0,9,LowPickup,96.8995,57.786,-2.0666,0.7476,-12.4313,0,1,1,Backhand prepare 1.00,0,9,-2.1405,-86.578,0,0,Perfect,,-2.35,-12.35,1.95,11.2,0,0,0,0,0,0
1504,PlayerServeHold,None,1,-0.015,52,-4.45,2.535,-16.75,-2.3298,0.784,-11.9535,0,Serve prepare 0.00,0,9,LowPickup,96.8026,57.6377,-2.0662,0.7478,-12.4299,0,1,1,Backhand prepare 1.00,0,9,-2.1405,-86.578,0,0,Perfect,,-2.35,-12.35,1.95,11.2,0,0,0,0,0,0
1505,PlayerServeHold,None,1,-0.015,52,-4.45,2.535,-16.75,-2.3298,0.7903,-11.9535,0,Serve prepare 0.00,0,9,LowPickup,96.7065,57.4904,-2.0658,0.7481,-12.4285,0,1,1,Backhand prepare 1.00,0,9,-2.1405,-86.578,0,0,Perfect,,-2.35,-12.35,1.95,11.2,0,0,0,0,0,0
1506,PlayerServeHold,None,1,-0.015,52,-4.45,2.535,-16.75,-2.3298,0.8045,-11.9535,0,Serve prepare 0.00,0,9,LowPickup,96.6112,57.3468,-2.0655,0.7484,-12.4271,0,1,1,Backhand prepare 1.00,0,9,-2.1405,-86.578,0,0,Perfect,,-2.35,-12.35,1.95,11.2,0,0,0,0,0,0
1507,PlayerServeHold,None,1,-0.015,52,-4.45,2.535,-16.75,-2.3298,0.812,-11.9535,0,Serve prepare 0.00,0,9,LowPickup,96.5167,57.2061,-2.0652,0.7487,-12.4257,0,1,1,Backhand prepare 1.00,0,9,-2.1405,-86.578,0,0,Perfect,,-2.35,-12.35,1.95,11.2,0,0,0,0,0,0
1508,PlayerServeHold,None,1,-0.015,52,-4.45,2.535,-16.75,-2.3298,0.8273,-11.9535,0,Serve prepare 0.00,0,9,LowPickup,96.4228,57.0688,-2.0649,0.749,-12.4244,0,1,1,Backhand prepare 1.00,0,9,-2.1405,-86.578,0,0,Perfect,,-2.35,-12.35,1.95,11.2,0,0,0,0,0,0
1509,PlayerServeHold,None,1,-0.015,52,-4.45,2.535,-16.75,-2.3298,0.8349,-11.9535,0,Serve prepare 0.00,0,9,LowPickup,96.3288,56.9344,-2.0647,0.7493,-12.423,0,1,1,Backhand prepare 1.00,0,9,-2.1405,-86.578,0,0,Perfect,,-2.35,-12.35,1.95,11.2,0,0,0,0,0,0
1510,PlayerServeHold,None,1,-0.015,52,-4.45,2.535,-16.75,-2.3298,0.849,-11.9535,0,Serve prepare 0.00,0,9,LowPickup,96.2341,56.8025,-2.0645,0.7496,-12.4217,0,1,1,Backhand prepare 1.00,0,9,-2.1405,-86.578,0,0,Perfect,,-2.35,-12.35,1.95,11.2,0,0,0,0,0,0
1511,PlayerServeHold,None,1,-0.015,52,-4.45,2.535,-16.75,-2.3298,0.8553,-11.9535,0,Serve prepare 0.00,0,9,LowPickup,96.1401,56.6732,-2.0642,0.7499,-12.4204,0,1,1,Backhand prepare 1.00,0,9,-2.1405,-86.578,0,0,Perfect,,-2.35,-12.35,1.95,11.2,0,0,0,0,0,0
1512,PlayerServeHold,None,1,-0.015,52,-4.45,2.535,-16.75,-2.3298,0.8659,-11.9535,0,Serve prepare 0.00,0,9,LowPickup,96.047,56.5481,-2.0639,0.7502,-12.419,0,1,1,Backhand prepare 1.00,0,9,-2.1405,-86.578,0,0,Perfect,,-2.35,-12.35,1.95,11.2,0,0,0,0,0,0
1513,PlayerServeHold,None,1,-0.015,52,-4.45,2.535,-16.75,-2.3298,0.8699,-11.9535,0,Serve prepare 0.00,0,9,LowPickup,95.9546,56.4264,-2.0637,0.7485,-12.4178,0,1,1,Backhand prepare 1.00,0,9,-2.1405,-86.578,0,0,Perfect,,-2.35,-12.35,1.95,11.2,0,0,0,0,0,0
1514,PlayerServeHold,None,1,-0.015,52,-4.45,2.535,-16.75,-2.3298,0.8746,-11.9535,0,Serve prepare 0.00,0,9,LowPickup,95.8635,56.3079,-2.0633,0.7488,-12.4165,0,1,1,Backhand prepare 1.00,0,9,-2.1405,-86.578,0,0,Perfect,,-2.35,-12.35,1.95,11.2,0,0,0,0,0,0
1515,PlayerServeHold,None,1,-0.015,52,-4.45,2.535,-16.75,-2.3298,0.875,-11.9535,0,Serve prepare 0.00,0,9,LowPickup,95.7735,56.1921,-2.063,0.7491,-12.4153,0,1,1,Backhand prepare 1.00,0,9,-2.1405,-86.578,0,0,Perfect,,-2.35,-12.35,1.95,11.2,0,0,0,0,0,0
1516,PlayerServeHold,None,1,-0.015,52,-4.45,2.535,-16.75,-2.3298,0.875,-11.9535,0,Serve prepare 0.00,0,9,LowPickup,95.6837,56.0782,-2.0879,0.7493,-12.4062,0,1,1,Backhand prepare 1.00,0,9,-2.1405,-86.578,0,0,Perfect,,-2.35,-12.35,1.95,11.2,0,0,0,0,0,0
1517,PlayerServeHold,None,1,-0.015,52,-4.45,2.535,-16.75,-2.3298,0.875,-11.9535,0,Serve prepare 0.00,0,9,LowPickup,95.5952,55.9666,-2.0874,0.7496,-12.405,0,1,1,Backhand prepare 1.00,0,9,-2.1405,-86.578,0,0,Perfect,,-2.35,-12.35,1.95,11.2,0,0,0,0,0,0
1518,PlayerServeHold,None,1,-0.015,52,-4.45,2.535,-16.75,-2.3298,0.875,-11.9535,0,Serve prepare 0.00,0,9,LowPickup,95.5082,55.8579,-2.0869,0.7497,-12.4039,0,1,1,Backhand prepare 1.00,0,9,-2.1405,-86.578,0,0,Perfect,,-2.35,-12.35,1.95,11.2,0,0,0,0,0,0
1519,PlayerServeHold,None,1,-0.015,52,-4.45,2.535,-16.75,-2.3298,0.875,-11.9535,0,Serve prepare 0.00,0,9,LowPickup,95.4225,55.7519,-2.0864,0.7499,-12.4028,0,1,1,Backhand prepare 1.00,0,9,-2.1405,-86.578,0,0,Perfect,,-2.35,-12.35,1.95,11.2,0,0,0,0,0,0
1520,PlayerServeHold,None,1,-0.015,52,-4.45,2.535,-16.75,-2.3298,0.875,-11.9535,0,Serve prepare 0.00,0,9,LowPickup,95.3384,55.6483,-2.0606,0.7521,-12.4094,0,1,1,Backhand prepare 1.00,0,9,-2.1405,-86.578,0,0,Perfect,,-2.35,-12.35,1.95,11.2,0,0,0,0,0,0
1521,PlayerServeHold,None,1,-0.015,52,-4.45,2.535,-16.75,-2.3298,0.875,-11.9535,0,Serve prepare 0.00,0,9,LowPickup,95.2571,55.5464,-2.0601,0.7523,-12.4083,0,1,1,Backhand prepare 1.00,0,9,-2.1405,-86.578,0,0,Perfect,,-2.35,-12.35,1.95,11.2,0,0,0,0,0,0
1522,PlayerServeHold,None,1,-0.015,52,-4.45,2.535,-16.75,-2.3298,0.875,-11.9535,0,Serve prepare 0.00,0,9,LowPickup,95.1775,55.4458,-2.0596,0.7525,-12.4073,0,1,1,Backhand prepare 1.00,0,9,-2.1405,-86.578,0,0,Perfect,,-2.35,-12.35,1.95,11.2,0,0,0,0,0,0
1523,PlayerServeHold,None,1,-0.015,52,-4.45,2.535,-16.75,-2.3298,0.875,-11.9535,0,Serve prepare 0.00,0,9,LowPickup,95.0991,55.3465,-2.0591,0.7526,-12.4062,0,1,1,Backhand prepare 1.00,0,9,-2.1405,-86.578,0,0,Perfect,,-2.35,-12.35,1.95,11.2,0,0,0,0,0,0
1524,PlayerServeHold,None,1,-0.015,52,-4.45,2.535,-16.75,-2.3298,0.875,-11.9535,0,Serve prepare 0.00,0,9,LowPickup,95.022,55.2485,-2.0586,0.7528,-12.4052,0,1,1,Backhand prepare 1.00,0,9,-2.1405,-86.578,0,0,Perfect,,-2.35,-12.35,1.95,11.2,0,0,0,0,0,0
1525,PlayerServeHold,None,1,-0.015,52,-4.45,2.535,-16.75,-2.3298,0.875,-11.9535,0,Serve prepare 0.00,0,9,LowPickup,94.9463,55.1535,-2.0582,0.753,-12.4042,0,1,1,Backhand prepare 1.00,0,9,-2.1405,-86.578,0,0,Perfect,,-2.35,-12.35,1.95,11.2,0,0,0,0,0,0
1526,PlayerServeHold,None,1,-0.015,52,-4.45,2.535,-16.75,-2.3291,0.8764,-11.954,0,Serve prepare 0.00,0,9,LowPickup,94.8718,55.0608,-2.0577,0.7531,-12.4032,0,1,1,Backhand prepare 1.00,0,9,-2.1405,-86.578,0,0,Perfect,,-2.35,-12.35,1.95,11.2,0,0,0,0,0,0
1527,PlayerServeHold,None,1,-0.015,52,-4.45,2.535,-16.75,-2.3278,0.8782,-11.9545,0,Serve prepare 0.01,0,9,LowPickup,97.4534,57.7169,-2.0622,0.7571,-12.4197,0,1,1,Backhand prepare 1.00,0,9,-2.1405,-86.578,0,0,Perfect,,-2.35,-12.35,1.95,11.2,0,0,0,1.2379,0,0
1528,PlayerServeHold,None,1,-0.015,52,-4.45,2.535,-16.75,-2.3245,0.8837,-11.9562,0,Serve prepare 0.01,0,9,LowPickup,97.9792,58.4928,-2.0657,0.7561,-12.4266,0,1,1,Backhand prepare 1.00,0,9,-2.1405,-86.578,0,0,Perfect,,-2.35,-12.35,1.95,11.2,0,0,0,1.2881,0,0
1529,PlayerServeHold,None,1,-0.015,52,-4.45,2.535,-16.75,-2.3218,0.8873,-11.9574,0,Serve prepare 0.03,0,9,LowPickup,99.0523,60.0258,-2.0717,0.7525,-12.4409,0,1,1,Backhand prepare 1.00,0,9,-2.1405,-86.578,0,0,Perfect,,-2.35,-12.35,1.95,11.2,0,0,0,1.4676,0,0
1530,PlayerServeHold,None,1,-0.015,52,-4.45,2.535,-16.75,-2.3167,0.8964,-11.9603,0,Serve prepare 0.03,0,9,LowPickup,99.6257,60.9989,-2.0746,0.7509,-12.4491,0,1,1,Backhand prepare 1.00,0,9,-2.1405,-86.578,0,0,Perfect,,-2.35,-12.35,1.95,11.2,0,0,0,1.2753,0,0
1531,PlayerServeHold,None,1,-0.015,52,-4.45,2.535,-16.75,-2.3131,0.9017,-11.962,0,Serve prepare 0.05,0,9,LowPickup,100.7532,62.7109,-2.0799,0.7468,-12.4647,0,1,1,Backhand prepare 1.00,0,9,-2.1405,-86.578,0,0,Perfect,,-2.35,-12.35,1.95,11.2,0,0,0,1.3146,0,0
1532,PlayerServeHold,None,1,-0.015,52,-4.45,2.535,-16.75,-2.3064,0.9139,-11.9658,0,Serve prepare 0.05,0,9,LowPickup,101.2997,63.8236,-2.071,0.7517,-12.4703,0,1,1,Backhand prepare 1.00,0,9,-2.1405,-86.578,0,0,Perfect,,-2.35,-12.35,1.95,11.2,0,0,0,1.0602,0,0
1533,PlayerServeHold,None,1,-0.015,52,-4.45,2.535,-16.75,-2.3021,0.9208,-11.968,0,Serve prepare 0.07,0,9,LowPickup,102.4113,65.7561,-2.0608,0.7419,-12.5049,0,1,1,Backhand prepare 1.00,0,9,-2.1405,-86.578,0,0,Perfect,,-2.35,-12.35,1.95,11.2,0,0,0,1.1717,0,0
1534,PlayerServeHold,None,1,-0.015,52,-4.45,2.535,-16.75,-2.2939,0.9357,-11.9728,0,Serve prepare 0.07,0,9,LowPickup,103.0159,66.9914,-2.0656,0.74,-12.5138,0,1,1,Backhand prepare 1.00,0,9,-2.1405,-86.578,0,0,Perfect,,-2.35,-12.35,1.95,11.2,0,0,0,0.9304,0,0
1535,PlayerServeHold,None,1,-0.015,52,-4.45,2.535,-16.75,-2.2889,0.9437,-11.9754,0,Serve prepare 0.09,0,9,LowPickup,104.3896,69.0318,-2.0983,0.7361,-12.5144,0,1,1,Backhand prepare 1.00,0,9,-2.1405,-86.578,0,0,Perfect,,-2.35,-12.35,1.95,11.2,0,0,0,0.9346,0,0
1536,PlayerServeHold,None,1,-0.015,52,-4.45,2.535,-16.75,-2.2795,0.961,-11.9809,0,Serve prepare 0.09,0,9,LowPickup,105.0969,70.2915,-2.079,0.7347,-12.5384,0,1,1,Backhand prepare 1.00,0,9,-2.1405,-86.578,0,0,Perfect,,-2.35,-12.35,1.95,11.2,0,0,0,0.6795,0,0
1537,PlayerServeHold,None,1,-0.015,52,-4.45,2.535,-16.75,-2.2741,0.97,-11.9839,0,Serve prepare 0.11,0,9,LowPickup,106.5916,72.3904,-2.0872,0.7321,-12.5546,0,1,1,Backhand prepare 1.00,0,9,-2.1405,-86.578,0,0,Perfect,,-2.35,-12.35,1.95,11.2,0,0,0,0.7476,0,0
1538,PlayerServeHold,None,1,-0.015,52,-4.45,2.535,-16.75,-2.2638,0.9891,-11.99,0,Serve prepare 0.11,0,9,LowPickup,107.3995,73.6354,-2.0765,0.7421,-12.5552,0,1,1,Backhand prepare 1.00,0,9,-2.1405,-86.578,0,0,Perfect,,-2.35,-12.35,1.95,11.2,0,0,0,0.3774,0,0
1539,PlayerServeHold,None,1,-0.015,52,-4.45,2.535,-16.75,-2.2579,0.999,-11.9933,0,Serve prepare 0.13,0,9,LowPickup,108.9198,75.8508,-2.086,0.7366,-12.5721,0.0665,1,1,Backhand prepare 1.00,0,9,-2.1405,-86.578,0,0,Perfect,,-2.35,-12.35,1.95,11.2,0,0,0,0.3517,0,0
1540,PlayerServeHold,None,1,-0.015,52,-4.45,2.535,-16.75,-2.2469,1.0194,-11.9998,0,Serve prepare 0.13,0,9,LowPickup,109.6336,77.1125,-2.0926,0.7337,-12.5819,0.0285,1,1,Backhand prepare 1.00,0,9,-2.1405,-86.578,0,0,Perfect,,-2.35,-12.35,1.95,11.2,0,0,0,0.3836,0,0
1541,PlayerServeHold,None,1,-0.015,52,-4.45,2.535,-16.75,-2.2408,1.0299,-12.0034,0,Serve prepare 0.15,0,9,LowPickup,111.1078,79.4999,-2.0896,0.7352,-12.6017,0.0472,1,1,Backhand prepare 1.00,0,9,-2.1405,-86.578,0,0,Perfect,,-2.35,-12.35,1.95,11.2,0,0,0,0.8829,0,0
1542,PlayerServeHold,None,1,-0.015,52,-4.45,2.535,-16.75,-2.2293,1.0513,-12.0103,0,Serve prepare 0.15,0,9,LowPickup,111.8687,81.0238,-2.0948,0.7296,-12.6217,0.0195,1,1,Backhand prepare 1.00,0,9,-2.1405,-86.578,0,0,Perfect,,-2.35,-12.35,1.95,11.2,0,0,0,0.9143,0,0
1543,PlayerServeHold,None,1,-0.015,52,-4.45,2.535,-16.75,-2.223,1.0621,-12.014,0,Serve prepare 0.17,0,9,LowPickup,113.3859,83.8105,-2.0847,0.7555,-12.5978,0.0477,1,1,Backhand prepare 1.00,0,9,-2.1405,-86.578,0,0,Perfect,,-2.35,-12.35,1.95,11.2,0,0,0,1.6149,0,0
1544,PlayerServeHold,None,1,-0.015,52,-4.45,2.535,-16.75,-2.2113,1.084,-12.0211,0,Serve prepare 0.17,0,9,LowPickup,114.1407,85.5596,-2.0917,0.7521,-12.6067,0.0267,1,1,Backhand prepare 1.00,0,9,-2.1405,-86.578,0,0,Perfect,,-2.35,-12.35,1.95,11.2,0,0,0,1.541,0,0
1545,PlayerServeHold,None,1,-0.015,52,-4.45,2.535,-16.75,-2.2049,1.095,-12.0249,0,Serve prepare 0.19,0,9,LowPickup,115.6028,88.7458,-2.0756,0.7744,-12.6028,0.0507,1,1,Backhand prepare 1.00,0,9,-2.1405,-86.578,0,0,Perfect,,-2.35,-12.35,1.95,11.2,0,0,0,1.6893,0,0
1546,PlayerServeHold,None,1,-0.015,52,-4.45,2.535,-16.75,-2.1932,1.117,-12.0321,0,Serve prepare 0.19,0,9,LowPickup,113.7942,90.6952,-2.0781,0.7718,-12.6187,0.4339,1,1,Backhand prepare 1.00,0,9,-2.1405,-86.578,0,0,Perfect,,-2.35,-12.35,1.95,11.2,0,0,0,1.3734,0,0
1547,PlayerServeHold,None,1,-0.015,52,-4.45,2.535,-16.75,-2.1869,1.1279,-12.0359,0,Serve prepare 0.21,0,9,LowPickup,112.7875,93.9037,-2.087,0.7672,-12.6427,0.415,1,1,Backhand prepare 1.00,0,9,-2.1405,-86.578,0,0,Perfect,,-2.35,-12.35,1.95,11.2,0,0,0,1.4172,0,0
1548,PlayerServeHold,None,1,-0.015,52,-4.45,2.535,-16.75,-2.1754,1.1495,-12.0431,0,Serve prepare 0.21,0,9,LowPickup,113.528,95.819,-2.1081,0.7297,-12.7632,0.0099,1,1,Backhand prepare 1.00,0,9,-2.1405,-86.578,0,0,Perfect,,-2.35,-12.35,1.95,11.2,0,0,0,1.09,0,0
1549,PlayerServeHold,None,1,-0.015,52,-4.45,2.535,-16.75,-2.1693,1.1601,-12.0469,0,Serve prepare 0.23,0,9,LowPickup,114.9921,98.9189,-2.1446,0.72,-12.7527,0.0201,1,1,Backhand prepare 1.00,0,9,-2.1405,-86.578,0,0,Perfect,,-2.35,-12.35,1.95,11.2,0,0,0,1.1757,0,0
1550,PlayerServeHold,None,1,-0.015,52,-4.45,2.535,-16.75,-2.1583,1.1809,-12.0538,0,Serve prepare 0.23,0,9,LowPickup,115.7041,100.7425,-2.1534,0.7208,-12.7642,0.0103,1,1,Backhand prepare 1.00,0,9,-2.1405,-86.578,0,0,Perfect,,-2.35,-12.35,1.95,11.2,0,0,0,0.8421,0,0
1551,PlayerServeHold,None,1,-0.015,52,-4.45,2.535,-16.75,-2.1525,1.191,-12.0574,0,Serve prepare 0.25,0,9,LowPickup,116.9974,103.5815,-2.1673,0.7225,-12.7937,0.0288,1,1,Backhand prepare 1.00,0,9,-2.1405,-86.578,0,0,Perfect,,-2.35,-12.35,1.95,11.2,0,0,0,0.9635,0,0
1552,PlayerServeHold,None,1,-0.015,52,-4.45,2.535,-16.75,-2.1421,1.2106,-12.064,0,Serve prepare 0.25,0,9,LowPickup,117.5483,105.2093,-2.175,0.7261,-12.7402,0.0119,1,1,Backhand prepare 1.00,0,9,-2.1405,-86.578,0,0,Perfect,,-2.35,-12.35,1.95,11.2,0,0,0,0.7692,0,0
1553,PlayerServeHold,None,1,-0.015,52,-4.45,2.535,-16.75,-2.1367,1.22,-12.0675,0,Serve prepare 0.27,0,9,LowPickup,119.3111,107.8978,-2.1786,0.7299,-12.794,0.1925,1,1,Backhand prepare 1.00,0,9,-2.1405,-86.578,0,0,Perfect,,-2.35,-12.35,1.95,11.2,0,0,0,2.6644,0,0
1554,PlayerServeHold,None,1,-0.015,52,-4.45,2.535,-16.75,-2.1272,1.2378,-12.0735,0,Serve prepare 0.27,0,9,LowPickup,120.2851,109.6296,-2.1604,0.7456,-12.7817,0.5787,1,1,Backhand prepare 1.00,0,9,-2.1405,-86.578,0,0,Perfect,,-2.35,-12.35,1.95,11.2,0,0,0,4.1557,0,0
1555,PlayerServeHold,None,1,-0.015,52,-4.45,2.535,-16.75,-2.1223,1.2463,-12.0767,0,Serve prepare 0.29,0,9,LowPickup,120.2306,112.1055,-2.187,0.7377,-12.7975,0.2143,1,1,Backhand prepare 1.00,0,9,-2.1405,-86.578,0,0,Perfect,,-2.35,-12.35,1.95,11.2,0,0,0,4.4903,0,0
1556,PlayerServeHold,None,1,-0.015,52,-4.45,2.535,-16.75,-2.114,1.262,-12.0821,0,Serve prepare 0.29,0,9,LowPickup,120.1017,113.6376,-2.1741,0.748,-12.7683,0.0777,1,1,Backhand prepare 1.00,0,9,-2.1405,-86.578,0,0,Perfect,,-2.35,-12.35,1.95,11.2,0,0,0,3.8007,0,0
1557,PlayerServeHold,None,1,-0.015,52,-4.45,2.535,-16.75,-2.1097,1.2692,-12.0849,0,Serve prepare 0.31,0,9,LowPickup,119.7459,115.7915,-2.4075,0.7026,-12.9291,0.1324,1,1,Backhand prepare 1.00,0,9,-2.1405,-86.578,0,0,Perfect,,-2.35,-12.35,1.95,11.2,0,0,0,3.9553,0,0
1558,PlayerServeHold,None,1,-0.015,52,-4.45,2.535,-16.75,-2.1027,1.2824,-12.0895,0,Serve prepare 0.31,0,9,LowPickup,119.4493,117.1728,-2.4162,0.7047,-12.9408,0.0726,1,1,Backhand prepare 1.00,0,9,-2.1405,-86.578,0,0,Perfect,,-2.35,-12.35,1.95,11.2,0,0,0,3.1399,0,0
1559,PlayerServeHold,None,1,-0.015,52,-4.45,2.535,-16.75,-2.0992,1.2883,-12.0919,0,Serve prepare 0.33,0,9,LowPickup,118.7074,118.9202,-2.4019,0.7045,-12.9399,0.1787,1,1,Backhand prepare 1.00,0,9,-2.1405,-86.578,0,0,Perfect,,-2.35,-12.35,1.95,11.2,0,0,0,3.3796,0,0
1560,PlayerServeHold,None,1,-0.015,52,-4.45,2.535,-16.75,-2.0937,1.2984,-12.0955,0,Serve prepare 0.33,0,9,LowPickup,118.2369,120.0662,-2.4144,0.6921,-12.9147,0.1058,1,1,Backhand prepare 1.00,0,9,-2.1405,-86.578,0,0,Perfect,,-2.35,-12.35,1.95,11.2,0,0,0,2.677,0,0
1561,PlayerServeHold,None,1,-0.015,52,-4.45,2.535,-16.75,-2.0911,1.3027,-12.0974,0,Serve prepare 0.35,0,9,LowPickup,117.0887,121.5235,-2.4339,0.6864,-12.9031,0.2395,1,1,Backhand prepare 1.00,0,9,-2.1405,-86.578,0,0,Perfect,,-2.35,-12.35,1.95,11.2,0,0,0,3.3953,0,0
1562,PlayerServeHold,None,1,-0.015,52,-4.45,2.535,-16.75,-2.0874,1.3094,-12.0999,0,Serve prepare 0.35,0,9,LowPickup,119.8745,121.5523,-2.4352,0.6842,-12.9206,0.8323,1,1,Backhand prepare 1.00,0,9,-2.1405,-86.578,0,0,Perfect,,-2.35,-12.35,1.95,11.2,0,0,0,4.7408,0,0
1563,PlayerServeHold,None,1,-0.015,52,-4.45,2.535,-16.75,-2.0857,1.3118,-12.1012,0,Serve prepare 0.37,0,9,LowPickup,119.2687,122.1698,-2.4184,0.6891,-12.9266,0.1798,1,1,Backhand prepare 1.00,0,9,-2.1405,-86.578,0,0,Perfect,,-2.35,-12.35,1.95,11.2,0,0,0,3.2311,0,0
1564,PlayerServeHold,None,1,-0.015,52,-4.45,2.535,-16.75,-2.084,1.3146,-12.1024,0,Serve prepare 0.37,0,9,LowPickup,116.2939,123.1412,-2.4172,0.6884,-12.9227,0.6123,1,1,Backhand prepare 1.00,0,9,-2.1405,-86.578,0,0,Perfect,,-2.35,-12.35,1.95,11.2,0,0,0,2.2171,0,0
1565,PlayerServeHold,None,1,-0.015,52,-4.45,2.535,-16.75,-2.0834,1.315,-12.103,0,Serve prepare 0.39,0,9,LowPickup,111.4755,124.6232,-2.4224,0.7055,-12.9454,0.6389,1,1,Backhand prepare 1.00,0,9,-2.1405,-86.578,0,0,Perfect,,-2.35,-12.35,1.95,11.2,0,0,0,8.2977,0,0
1566,PlayerServeToss,None,1,-0.015,52,-4.45,2.535,-16.75,-2.0859,1.3653,-12.1049,0,Serve prepare 0.39,0,9,LowPickup,110.2821,125.6569,-2.4368,0.7049,-12.954,0.078,1,1,Backhand prepare 1.00,0,9,-2.1405,-86.578,0,0,Perfect,,-2.35,-12.35,1.95,11.2,0,0,0,7.3792,0,0
1567,PlayerServeToss,None,1,-0.015,52,-4.45,2.535,-16.75,-2.0886,1.415,-12.1065,0,Serve prepare 0.40,0,9,LowPickup,109.1196,126.7404,-2.454,0.704,-12.9623,0.0783,1,1,Backhand prepare 1.00,0,9,-2.1405,-86.578,0,0,Perfect,,-2.35,-12.35,1.95,11.2,0,0,0,5.9676,0,0
1568,PlayerServeToss,None,1,-0.015,52,-4.45,2.535,-16.75,-2.0941,1.5123,-12.1098,0,Serve prepare 0.41,0,9,LowPickup,108.8144,127.9618,-2.4641,0.6964,-12.9589,0.0201,1,1,Backhand prepare 1.00,0,9,-2.1405,-86.578,0,0,Perfect,,-2.35,-12.35,1.95,11.2,0,0,0,3.8039,0,0
1569,PlayerServeToss,None,1,-0.015,52,-4.45,2.535,-16.75,-2.0968,1.5599,-12.1115,0,Serve prepare 0.42,0,9,LowPickup,108.2107,129.0479,-2.4789,0.6927,-12.9593,0.0331,1,1,Backhand prepare 1.00,0,9,-2.1405,-86.578,0,0,Perfect,,-2.35,-12.35,1.95,11.2,0,0,0,2.0759,0,0
1570,PlayerServeToss,None,1,-0.015,52,-4.45,2.535,-16.75,-2.1023,1.6531,-12.1148,0,Serve prepare 0.43,0,9,LowPickup,107.9176,130.0011,-2.4883,0.6882,-12.9567,0.0115,1,1,Backhand prepare 1.00,0,9,-2.1405,-86.578,0,0,Perfect,,-2.35,-12.35,1.95,11.2,0,0,0,0.4989,0,0
1571,PlayerServeToss,None,1,-0.015,52,-4.45,2.535,-16.75,-2.105,1.6987,-12.1164,0,Serve prepare 0.45,0,9,LowPickup,107.412,130.6519,-2.5026,0.6911,-12.9589,0.0799,1,1,Backhand prepare 1.00,0,9,-2.1405,-86.578,0,0,Perfect,,-2.35,-12.35,1.95,11.2,0,0,0,0.7423,0,0
1572,PlayerServeToss,None,1,-0.015,52,-4.45,2.535,-16.75,-2.1104,1.7878,-12.1197,0,Serve prepare 0.46,0,9,LowPickup,107.1469,131.1751,-2.5108,0.6918,-12.9584,0.054,1,1,Backhand prepare 1.00,0,9,-2.1405,-86.578,0,0,Perfect,,-2.35,-12.35,1.95,11.2,0,0,0,1.504,0,0
1573,PlayerServeToss,None,1,-0.015,52,-4.45,2.535,-16.75,-2.1132,1.8313,-12.1213,0,Serve prepare 0.47,0,9,LowPickup,106.7301,131.3986,-2.5236,0.7005,-12.962,0.1008,1,1,Backhand prepare 1.00,0,9,-2.1405,-86.578,0,0,Perfect,,-2.35,-12.35,1.95,11.2,0,0,0,1.7619,0,0
1574,PlayerServeToss,None,1,-0.015,52,-4.45,2.535,-16.75,-2.1186,1.9163,-12.1246,0,Serve prepare 0.48,0,9,LowPickup,106.5414,131.5981,-2.5301,0.7055,-12.9635,0.0323,1,1,Backhand prepare 1.00,0,9,-2.1405,-86.578,0,0,Perfect,,-2.35,-12.35,1.95,11.2,0,0,0,1.878,0,0
1575,PlayerServeToss,None,1,-0.015,52,-4.45,2.535,-16.75,-2.1214,1.9578,-12.1263,0,Serve prepare 0.50,0,9,LowPickup,106.2127,131.6192,-2.5409,0.7178,-12.9674,0.0894,1,1,Backhand prepare 1.00,0,9,-2.1405,-86.578,0,0,Perfect,,-2.35,-12.35,1.95,11.2,0,0,0,1.6452,0,0
1576,PlayerServeToss,None,1,-0.015,52,-4.45,2.535,-16.75,-2.1268,2.0388,-12.1296,0,Serve prepare 0.50,0,9,LowPickup,106.0713,131.6528,-2.5465,0.7255,-12.9696,0.0798,1,1,Backhand prepare 1.00,0,9,-2.1405,-86.578,0,0,Perfect,,-2.35,-12.35,1.95,11.2,0,0,0,1.4172,0,0
1577,PlayerServeToss,None,1,-0.015,52,-4.45,2.535,-16.75,-2.1295,2.0782,-12.1312,0,Serve prepare 0.52,0,9,LowPickup,105.7827,131.599,-2.5565,0.7403,-12.9727,0.1889,1,1,Backhand prepare 1.00,0,9,-2.1405,-86.578,0,0,Perfect,,-2.35,-12.35,1.95,11.2,0,0,0,1.0864,0,0
1578,PlayerServeToss,None,1,-0.015,52,-4.45,2.535,-16.75,-2.135,2.1551,-12.1345,0,Serve prepare 0.53,0,9,LowPickup,105.6755,131.6304,-2.562,0.7493,-12.9744,0.1068,1,1,Backhand prepare 1.00,0,9,-2.1405,-86.578,0,0,Perfect,,-2.35,-12.35,1.95,11.2,0,0,0,0.828,0,0
1579,PlayerServeToss,None,1,-0.015,52,-4.45,2.535,-16.75,-2.1377,2.1925,-12.1361,0,Serve prepare 0.55,0,9,LowPickup,105.4794,131.6842,-2.572,0.7648,-12.9762,0.1897,1,1,Backhand prepare 1.00,0,9,-2.1405,-86.578,0,0,Perfect,,-2.35,-12.35,1.95,11.2,0,0,0,0.8987,0,0
1580,PlayerServeToss,None,1,-0.015,52,-4.45,2.535,-16.75,-2.1432,2.2652,-12.1394,0,Serve prepare 0.55,0,9,LowPickup,105.385,131.8328,-2.5781,0.7744,-12.9767,0.079,1,1,Backhand prepare 1.00,0,9,-2.1405,-86.578,0,0,Perfect,,-2.35,-12.35,1.95,11.2,0,0,0,0.7359,0,0
1581,PlayerServeToss,None,1,-0.015,52,-4.45,2.535,-16.75,-2.1459,2.3006,-12.1411,0,Serve prepare 0.57,0,9,LowPickup,105.2307,132.0426,-2.5887,0.7901,-12.976,0.1614,1,1,Backhand prepare 1.00,0,9,-2.1405,-86.578,0,0,Perfect,,-2.35,-12.35,1.95,11.2,0,0,0,0.9388,0,0
1582,PlayerServeToss,None,1,-0.015,52,-4.45,2.535,-16.75,-2.1514,2.3692,-12.1444,0,Serve prepare 0.58,0,9,LowPickup,105.1375,132.3167,-2.5953,0.799,-12.9749,0.0704,1,1,Backhand prepare 1.00,0,9,-2.1405,-86.578,0,0,Perfect,,-2.35,-12.35,1.95,11.2,0,0,0,0.829,0,0
1583,PlayerServeToss,None,1,-0.015,52,-4.45,2.535,-16.75,-2.1541,2.4025,-12.146,0,Serve prepare 0.59,0,9,LowPickup,105.0084,132.6595,-2.6062,0.8139,-12.972,0.1151,1,1,Backhand prepare 1.00,0,9,-2.1405,-86.578,0,0,Perfect,,-2.35,-12.35,1.95,11.2,0,0,0,0.9296,0,0
1584,PlayerServeToss,None,1,-0.015,52,-4.45,2.535,-16.75,-2.1596,2.4671,-12.1493,0,Serve prepare 0.60,0,9,LowPickup,104.9527,133.0146,-2.613,0.8217,-12.9697,0.0468,1,1,Backhand prepare 1.00,0,9,-2.1405,-86.578,0,0,Perfect,,-2.35,-12.35,1.95,11.2,0,0,0,0.7528,0,0
1585,PlayerServeToss,None,1,-0.015,52,-4.45,2.535,-16.75,-2.1623,2.4984,-12.1509,0,Serve prepare 0.62,0,9,LowPickup,104.8228,133.4551,-2.6239,0.8355,-12.9655,0.0695,1,1,Backhand prepare 1.00,0,9,-2.1405,-86.578,0,0,Perfect,,-2.35,-12.35,1.95,11.2,0,0,0,0.7733,0,0
1586,PlayerServeToss,None,1,-0.015,52,-4.45,2.535,-16.75,-2.1678,2.5589,-12.1542,0,Serve prepare 0.63,0,9,LowPickup,104.7801,133.8515,-2.6305,0.8424,-12.9624,0.0322,1,1,Backhand prepare 1.00,0,9,-2.1405,-86.578,0,0,Perfect,,-2.35,-12.35,1.95,11.2,0,0,0,0.5665,0,0
1587,PlayerServeToss,None,1,-0.015,52,-4.45,2.535,-16.75,-2.1705,2.5881,-12.1559,0,Serve prepare 0.64,0,9,LowPickup,104.6855,134.3315,-2.6413,0.8552,-12.9571,0.0575,1,1,Backhand prepare 1.00,0,9,-2.1405,-86.578,0,0,Perfect,,-2.35,-12.35,1.95,11.2,0,0,0,0.572,0,0
1588,PlayerServeToss,None,1,-0.015,52,-4.45,2.535,-16.75,-2.1759,2.6445,-12.1592,0,Serve prepare 0.65,0,9,LowPickup,104.6614,134.7044,-2.6478,0.8614,-12.9535,0.0311,1,1,Backhand prepare 1.00,0,9,-2.1405,-86.578,0,0,Perfect,,-2.35,-12.35,1.95,11.2,0,0,0,0.369,0,0
1589,PlayerServeToss,None,1,-0.015,52,-4.45,2.535,-16.75,-2.1787,2.6717,-12.1608,0,Serve prepare 0.67,0,9,LowPickup,104.5914,135.1442,-2.6582,0.8727,-12.9473,0.0662,1,1,Backhand prepare 1.00,0,9,-2.1405,-86.578,0,0,Perfect,,-2.35,-12.35,1.95,11.2,0,0,0,0.4187,0,0
1590,PlayerServeToss,None,1,-0.015,52,-4.45,2.535,-16.75,-2.1841,2.724,-12.1641,0,Serve prepare 0.67,0,9,LowPickup,104.548,135.4782,-2.6643,0.8781,-12.9434,0.0411,1,1,Backhand prepare 1.00,0,9,-2.1405,-86.578,0,0,Perfect,,-2.35,-12.35,1.95,11.2,0,0,0,0.2907,0,0
1591,PlayerServeToss,None,1,-0.015,52,-4.45,2.535,-16.75,-2.1869,2.7492,-12.1658,0,Serve prepare 0.69,0,9,LowPickup,104.467,135.9053,-2.6742,0.888,-12.9366,0.0939,1,1,Backhand prepare 1.00,0,9,-2.1405,-86.578,0,0,Perfect,,-2.35,-12.35,1.95,11.2,0,0,0,0.4131,0,0
1592,PlayerServeToss,None,1,-0.015,52,-4.45,2.535,-16.75,-2.1923,2.7974,-12.169,0,Serve prepare 0.70,0,9,LowPickup,104.3768,136.2294,-2.6798,0.8931,-12.9324,0.0526,1,1,Backhand prepare 1.00,0,9,-2.1405,-86.578,0,0,Perfect,,-2.35,-12.35,1.95,11.2,0,0,0,0.3286,0,0
1593,PlayerServeToss,None,1,-0.015,52,-4.45,2.535,-16.75,-2.195,2.8205,-12.1707,0,Serve prepare 0.71,0,9,LowPickup,104.1978,136.6836,-2.6887,0.9029,-12.9246,0.1065,1,1,Backhand prepare 1.00,0,9,-2.1405,-86.578,0,0,Perfect,,-2.35,-12.35,1.95,11.2,0,0,0,0.5219,0,0
1594,PlayerServeToss,None,1,-0.015,52,-4.45,2.535,-16.75,-2.2005,2.8646,-12.174,0,Serve prepare 0.72,0,9,LowPickup,104.0776,137.0373,-2.6938,0.9081,-12.9198,0.0475,1,1,Backhand prepare 1.00,0,9,-2.1405,-86.578,0,0,Perfect,,-2.35,-12.35,1.95,11.2,0,0,0,0.491,0,0
1595,PlayerServeToss,None,1,-0.015,52,-4.45,2.535,-16.75,-2.2032,2.8857,-12.1756,0,Serve prepare 0.74,0,9,LowPickup,103.7923,137.5654,-2.7019,0.9178,-12.9107,0.1049,1,1,Backhand prepare 1.00,0,9,-2.1405,-86.578,0,0,Perfect,,-2.35,-12.35,1.95,11.2,0,0,0,0.7873,0,0
1596,PlayerServeToss,None,1,-0.015,52,-4.45,2.535,-16.75,-2.2087,2.9257,-12.1789,0,Serve prepare 0.75,0,9,LowPickup,103.6463,137.9953,-2.7071,0.9226,-12.9049,0.0536,1,1,Backhand prepare 1.00,0,9,-2.1405,-86.578,0,0,Perfect,,-2.35,-12.35,1.95,11.2,0,0,0,0.7402,0,0
1597,PlayerServeToss,None,1,-0.015,52,-4.45,2.535,-16.75,-2.2114,2.9448,-12.1806,0,Serve prepare 0.76,0,9,LowPickup,103.2352,138.648,-2.7152,0.9317,-12.8947,0.1012,1,1,Backhand prepare 1.00,0,9,-2.1405,-86.578,0,0,Perfect,,-2.35,-12.35,1.95,11.2,0,0,0,1.0893,0,0
1598,PlayerServeToss,None,1,-0.015,52,-4.45,2.535,-16.75,-2.2169,2.9807,-12.1838,0,Serve prepare 0.77,0,9,LowPickup,103.0296,139.2015,-2.7209,0.9362,-12.8881,0.0454,1,1,Backhand prepare 1.00,0,9,-2.1405,-86.578,0,0,Perfect,,-2.35,-12.35,1.95,11.2,0,0,0,1.018,0,0
1599,PlayerServeToss,None,1,-0.015,52,-4.45,2.535,-16.75,-2.2196,2.9977,-12.1855,0,Serve prepare 0.79,0,9,LowPickup,102.5074,140.0171,-2.729,0.9448,-12.877,0.0945,1,1,Backhand prepare 1.00,0,9,-2.1405,-86.578,0,0,Perfect,,-2.35,-12.35,1.95,11.2,0,0,0,1.3763,0,0
1600,PlayerServeToss,None,1,-0.015,52,-4.45,2.535,-16.75,-2.2251,3.0296,-12.1888,0,Serve prepare 0.80,0,9,LowPickup,102.2357,140.7121,-2.735,0.9488,-12.8693,0.0459,1,1,Backhand prepare 1.00,0,9,-2.1405,-86.578,0,0,Perfect,,-2.35,-12.35,1.95,11.2,0,0,0,1.2411,0,0
1601,PlayerServeToss,None,1,-0.015,52,-4.45,2.535,-16.75,-2.2278,3.0445,-12.1904,0,Serve prepare 0.81,0,9,LowPickup,101.6532,141.6676,-2.7431,0.9567,-12.857,0.0933,1,1,Backhand prepare 1.00,0,9,-2.1405,-86.578,0,0,Perfect,,-2.35,-12.35,1.95,11.2,0,0,0,1.5298,0,0
1602,PlayerServeToss,None,1,-0.015,52,-4.45,2.535,-16.75,-2.2333,3.0723,-12.1937,0,Serve prepare 0.82,0,9,LowPickup,101.3078,142.4768,-2.7496,0.9603,-12.8481,0.0522,1,1,Backhand prepare 1.00,0,9,-2.1405,-86.578,0,0,Perfect,,-2.35,-12.35,1.95,11.2,0,0,0,1.3429,0,0
1603,PlayerServeToss,None,1,-0.015,52,-4.45,2.535,-16.75,-2.236,3.0852,-12.1954,0,Serve prepare 0.84,0,9,LowPickup,100.6074,143.5256,-2.7579,0.9676,-12.8343,0.0993,1,1,Backhand prepare 1.00,0,9,-2.1405,-86.578,0,0,Perfect,,-2.35,-12.35,1.95,11.2,0,0,0,1.5959,0,0
1604,PlayerServeToss,None,1,-0.015,52,-4.45,2.535,-16.75,-2.2414,3.1089,-12.1987,0,Serve prepare 0.84,0,9,LowPickup,100.2302,144.4075,-2.7645,0.9707,-12.8245,0.0501,1,1,Backhand prepare 1.00,0,9,-2.1405,-86.578,0,0,Perfect,,-2.35,-12.35,1.95,11.2,0,0,0,1.3312,0,0
1605,PlayerServeToss,None,1,-0.015,52,-4.45,2.535,-16.75,-2.2442,3.1197,-12.2003,0,Serve prepare 0.86,0,9,LowPickup,99.4689,145.514,-2.7726,0.9774,-12.8097,0.0961,1,1,Backhand prepare 1.00,0,9,-2.1405,-86.578,0,0,Perfect,,-2.35,-12.35,1.95,11.2,0,0,0,1.5354,0,0
1606,PlayerServeToss,None,1,-0.015,52,-4.45,2.535,-16.75,-2.2496,3.1393,-12.2036,0,Serve prepare 0.87,0,9,LowPickup,99.1029,146.4164,-2.7791,0.9799,-12.7993,0.047,1,1,Backhand prepare 1.00,0,9,-2.1405,-86.578,0,0,Perfect,,-2.35,-12.35,1.95,11.2,0,0,0,1.1994,0,0
1607,PlayerServeToss,None,1,-0.015,52,-4.45,2.535,-16.75,-2.2524,3.1481,-12.2052,0,Serve prepare 0.88,0,9,LowPickup,98.3194,147.4948,-2.7866,0.9855,-12.7839,0.1006,1,1,Backhand prepare 1.00,0,9,-2.1405,-86.578,0,0,Perfect,,-2.35,-12.35,1.95,11.2,0,0,0,1.3597,0,0
1608,PlayerServeToss,None,1,-0.015,52,-4.45,2.535,-16.75,-2.2578,3.1636,-12.2085,0,Serve prepare 0.89,0,9,LowPickup,97.9506,148.3575,-2.7926,0.9873,-12.7732,0.0533,1,1,Backhand prepare 1.00,0,9,-2.1405,-86.578,0,0,Perfect,,-2.35,-12.35,1.95,11.2,0,0,0,1.0079,0,0
1609,PlayerServeToss,None,1,-0.015,52,-4.45,2.535,-16.75,-2.2605,3.1704,-12.2102,0,Serve prepare 0.91,0,9,LowPickup,97.1361,149.3657,-2.7996,0.9918,-12.7575,0.1223,1,1,Backhand prepare 1.00,0,9,-2.1405,-86.578,0,0,Perfect,,-2.35,-12.35,1.95,11.2,0,0,0,1.1883,0,0
1610,PlayerServeToss,None,1,-0.015,52,-4.45,2.535,-16.75,-2.266,3.1818,-12.2135,0,Serve prepare 0.92,0,9,LowPickup,96.7238,150.1742,-2.8049,0.9931,-12.7468,0.062,1,1,Backhand prepare 1.00,0,9,-2.1405,-86.578,0,0,Perfect,,-2.35,-12.35,1.95,11.2,0,0,0,0.8758,0,0
1611,PlayerServeToss,None,1,-0.015,52,-4.45,2.535,-16.75,-2.2687,3.1865,-12.2151,0,Serve prepare 0.93,0,9,LowPickup,95.8769,151.0943,-2.8109,0.9967,-12.7312,0.1232,1,1,Backhand prepare 1.00,0,9,-2.1405,-86.578,0,0,Perfect,,-2.35,-12.35,1.95,11.2,0,0,0,1.0777,0,0
1612,PlayerServeToss,None,1,-0.015,52,-4.45,2.535,-16.75,-2.2742,3.1939,-12.2184,0,Serve prepare 0.94,0,9,LowPickup,95.4217,151.8292,-2.8154,0.9975,-12.7207,0.0608,1,1,Backhand prepare 1.00,0,9,-2.1405,-86.578,0,0,Perfect,,-2.35,-12.35,1.95,11.2,0,0,0,0.7913,0,0
1613,PlayerServeToss,None,1,-0.015,52,-4.45,2.535,-16.75,-2.2769,3.1965,-12.22,0,Serve prepare 0.96,0,9,LowPickup,94.5319,152.6348,-2.82,1.0002,-12.7052,0.1089,1,1,Backhand prepare 1.00,0,9,-2.1405,-86.578,0,0,Perfect,,-2.35,-12.35,1.95,11.2,0,0,0,0.9683,0,0
1614,PlayerServeToss,None,1,-0.015,52,-4.45,2.535,-16.75,-2.2824,3.1998,-12.2233,0,Serve prepare 0.96,0,9,LowPickup,94.0484,153.2975,-2.8236,1.0005,-12.6949,0.0558,1,1,Backhand prepare 1.00,0,9,-2.1405,-86.578,0,0,Perfect,,-2.35,-12.35,1.95,11.2,0,0,0,0.7306,0,0
1615,PlayerServeToss,None,1,-0.015,52,-4.45,2.535,-16.75,-2.2851,3.2004,-12.225,0,Serve prepare 0.98,0,9,LowPickup,93.0748,154.0055,-2.827,1.0023,-12.6796,0.1071,1,1,Backhand prepare 1.00,0,9,-2.1405,-86.578,0,0,Perfect,,-2.35,-12.35,1.95,11.2,0,0,0,0.9296,0,0
1616,PlayerServeToss,None,1,-0.015,52,-4.45,2.535,-16.75,-2.2906,3.1996,-12.2283,0,Serve prepare 0.99,0,9,LowPickup,92.5533,154.6108,-2.8298,1.0023,-12.6697,0.0574,1,1,Backhand prepare 1.00,0,9,-2.1405,-86.578,0,0,Perfect,,-2.35,-12.35,1.95,11.2,0,0,0,0.759,0,0
1617,PlayerServeToss,None,1,-0.015,52,-4.45,2.535,-16.75,-2.2933,3.1982,-12.2299,0,Serve prepare 1.00,0,9,LowPickup,91.8183,155.1826,-2.8322,1.0025,-12.6578,0.079,1,1,Backhand prepare 1.00,0,9,-2.1405,-86.578,0,0,Perfect,,-2.35,-12.35,1.95,11.2,0,0,0,0.71,0,0
1618,PlayerServeToss,None,1,-0.015,52,-4.45,2.535,-16.75,-2.2987,3.1933,-12.2332,0,Serve prepare 1.00,0,9,LowPickup,91.8183,155.6295,-2.8344,1.0011,-12.6539,0,1,1,Backhand prepare 1.00,0,9,-2.1405,-86.578,0,0,Perfect,,-2.35,-12.35,1.95,11.2,0,0,0,0,0,0
1619,PlayerServeToss,None,1,-0.015,52,-4.45,2.535,-16.75,-2.3015,3.1898,-12.2348,0,Serve prepare 1.00,0,9,LowPickup,91.8183,155.9747,-2.836,1.0001,-12.6508,0,1,1,Backhand prepare 1.00,0,9,-2.1405,-86.578,0,0,Perfect,,-2.35,-12.35,1.95,11.2,0,0,0,0.2167,0,0
1620,PlayerServeToss,None,1,-0.015,52,-4.45,2.535,-16.75,-2.3069,3.1808,-12.2381,0,Serve prepare 1.00,0,9,LowPickup,91.8183,156.2084,-2.8371,0.9993,-12.6488,0,1,1,Backhand prepare 1.00,0,9,-2.1405,-86.578,0,0,Perfect,,-2.35,-12.35,1.95,11.2,0,0,0,0.5098,0,0
1621,PlayerServeToss,None,1,-0.015,52,-4.45,2.535,-16.75,-2.3097,3.1753,-12.2398,0,Serve prepare 1.00,0,9,LowPickup,91.8183,156.335,-2.8377,0.9988,-12.6477,0,1,1,Backhand prepare 1.00,0,9,-2.1405,-86.578,0,0,Perfect,,-2.35,-12.35,1.95,11.2,0,0,0,0.6656,0,0
1622,PlayerServeToss,None,1,-0.015,52,-4.45,2.535,-16.75,-2.3151,3.1622,-12.2431,0,Serve prepare 1.00,0,9,LowPickup,91.8183,156.369,-2.8379,0.9987,-12.6474,0,1,1,Backhand prepare 1.00,0,9,-2.1405,-86.578,0,0,Perfect,,-2.35,-12.35,1.95,11.2,0,0,0,0.7089,0,0
1623,PlayerServeToss,None,1,-0.015,52,-4.45,2.535,-16.75,-2.3179,3.1546,-12.2447,0,Serve prepare 1.00,0,9,LowPickup,91.8183,156.3308,-2.8377,0.9987,-12.6477,0,1,1,Backhand prepare 1.00,0,9,-2.1405,-86.578,0,0,Perfect,,-2.35,-12.35,1.95,11.2,0,0,0,0.6644,0,0
1624,PlayerServeToss,None,1,-0.015,52,-4.45,2.535,-16.75,-2.3233,3.1375,-12.248,0,Serve prepare 1.00,0,9,LowPickup,91.8183,156.2433,-2.8373,0.9989,-12.6485,0,1,1,Backhand prepare 1.00,0,9,-2.1405,-86.578,0,0,Perfect,,-2.35,-12.35,1.95,11.2,0,0,0,0.5595,0,0
1625,PlayerServeToss,None,1,-0.015,52,-4.45,2.535,-16.75,-2.326,3.1279,-12.2497,0,Serve prepare 1.00,0,9,LowPickup,91.8183,156.1284,-2.8367,0.9992,-12.6495,0,1,1,Backhand prepare 1.00,0,9,-2.1405,-86.578,0,0,Perfect,,-2.35,-12.35,1.95,11.2,0,0,0,0.4187,0,0
1626,PlayerServeToss,None,1,-0.015,52,-4.45,2.535,-16.75,-2.3315,3.1066,-12.2529,0,Serve prepare 1.00,0,9,LowPickup,91.8183,156.0054,-2.8362,0.9996,-12.6506,0,1,1,Backhand prepare 1.00,0,9,-2.1405,-86.578,0,0,Perfect,,-2.35,-12.35,1.95,11.2,0,0,0,0.2654,0,0
1627,PlayerServeToss,None,1,-0.015,52,-4.45,2.535,-16.75,-2.3342,3.095,-12.2546,0,Serve prepare 1.00,0,9,LowPickup,91.8183,155.8893,-2.8356,0.9999,-12.6517,0,1,1,Backhand prepare 1.00,0,9,-2.1405,-86.578,0,0,Perfect,,-2.35,-12.35,1.95,11.2,0,0,0,0,0,0
1628,PlayerServeToss,None,1,-0.015,52,-4.45,2.535,-16.75,-2.3397,3.0696,-12.2579,0,Serve prepare 1.00,0,9,LowPickup,91.8183,155.7906,-2.8351,1.0002,-12.6525,0,1,1,Backhand prepare 1.00,0,9,-2.1405,-86.578,0,0,Perfect,,-2.35,-12.35,1.95,11.2,0,0,0,0,0,0
1629,PlayerServeToss,None,1,-0.015,52,-4.45,2.535,-16.75,-2.3424,3.0559,-12.2595,0,Serve prepare 1.00,0,9,LowPickup,91.8183,155.7175,-2.8348,1.0005,-12.6532,0,1,1,Backhand prepare 1.00,0,9,-2.1405,-86.578,0,0,Perfect,,-2.35,-12.35,1.95,11.2,0,0,0,0,0,0
1630,PlayerServeToss,None,1,-0.015,52,-4.45,2.535,-16.75,-2.3479,3.0265,-12.2628,0,Serve prepare 1.00,0,9,LowPickup,91.8183,155.6687,-2.8345,1.0006,-12.6536,0,1,1,Backhand prepare 1.00,0,9,-2.1405,-86.578,0,0,Perfect,,-2.35,-12.35,1.95,11.2,0,0,0,0,0,0
1631,PlayerServeToss,None,1,-0.015,52,-4.45,2.535,-16.75,-2.3506,3.0108,-12.2645,0,Serve prepare 1.00,0,9,LowPickup,91.8183,155.6431,-2.8344,1.0007,-12.6538,0,1,1,Backhand prepare 1.00,0,9,-2.1405,-86.578,0,0,Perfect,,-2.35,-12.35,1.95,11.2,0,0,0,0,0,0
1632,PlayerServeToss,None,1,-0.015,52,-4.45,2.535,-16.75,-2.3561,2.9773,-12.2677,0,Serve prepare 1.00,0,9,LowPickup,91.8183,155.6373,-2.8344,1.0007,-12.6539,0,1,1,Backhand prepare 1.00,0,9,-2.1405,-86.578,0,0,Perfect,,-2.35,-12.35,1.95,11.2,0,0,0,0,0,0
1633,PlayerServeToss,None,1,-0.015,52,-4.45,2.535,-16.75,-2.3588,2.9595,-12.2694,0,Serve prepare 1.00,0,9,LowPickup,91.8183,155.6468,-2.8344,1.0007,-12.6538,0,1,1,Backhand prepare 1.00,0,9,-2.1405,-86.578,0,0,Perfect,,-2.35,-12.35,1.95,11.2,0,0,0,0,0,0
1634,PlayerServeToss,None,1,-0.015,52,-4.45,2.535,-16.75,-2.3642,2.9219,-12.2727,0,Serve prepare 1.00,0,9,LowPickup,91.8183,155.6666,-2.8345,1.0007,-12.6536,0,1,1,Backhand prepare 1.00,0,9,-2.1405,-86.578,0,0,Perfect,,-2.35,-12.35,1.95,11.2,0,0,0,0,0,0
1635,PlayerServeToss,None,1,-0.015,52,-4.45,2.535,-16.75,-2.367,2.902,-12.2743,0,Serve prepare 1.00,0,9,LowPickup,91.8183,155.692,-2.8347,1.0006,-12.6534,0,1,1,Backhand prepare 1.00,0,9,-2.1405,-86.578,0,0,Perfect,,-2.35,-12.35,1.95,11.2,0,0,0,0,0,0
1636,PlayerServeToss,None,1,-0.015,52,-4.45,2.535,-16.75,-2.3724,2.8603,-12.2776,0,Serve prepare 1.00,0,9,LowPickup,91.8183,155.7188,-2.8348,1.0005,-12.6532,0,1,1,Backhand prepare 1.00,0,9,-2.1405,-86.578,0,0,Perfect,,-2.35,-12.35,1.95,11.2,0,0,0,0,0,0
1637,PlayerServeToss,None,1,-0.015,52,-4.45,2.535,-16.75,-2.3752,2.8385,-12.2793,0,Serve prepare 1.00,0,9,LowPickup,91.8183,155.7438,-2.8349,1.0005,-12.6529,0,1,1,Backhand prepare 1.00,0,9,-2.1405,-86.578,0,0,Perfect,,-2.35,-12.35,1.95,11.2,0,0,0,0,0,0
1638,PlayerServeToss,None,1,-0.015,52,-4.45,2.535,-16.75,-2.3806,2.7927,-12.2826,0,Serve prepare 1.00,0,9,LowPickup,91.8183,155.7623,-2.835,1.0004,-12.6528,0,1,1,Backhand prepare 1.00,0,9,-2.1405,-86.578,0,0,Perfect,,-2.35,-12.35,1.95,11.2,0,0,0,0,0,0
1639,PlayerServeToss,None,1,-0.015,52,-4.45,2.535,-16.75,-2.3834,2.7688,-12.2842,0,Serve prepare 1.00,1,0.18,Serve,91.8183,155.7787,-2.834,1.0045,-12.652,0,1,1,Backhand prepare 1.00,0,9,-2.1405,-86.578,0,0,Perfect,,-2.35,-12.35,1.95,11.2,0,0,0,0,0,0
1640,PlayerServeToss,None,1,-0.015,52,-4.45,2.535,-16.75,-2.3888,2.7189,-12.2875,0,Serve swing,1,0.1633,Serve,91.8183,155.7724,-2.8307,1.0146,-12.6499,0.0783,1,1,Backhand prepare 1.00,0,9,-2.1405,-86.578,0,0,Perfect,,-2.35,-12.35,1.95,11.2,0,0,0,0,0,0
1641,PlayerServeToss,None,1,-0.015,52,-4.45,2.535,-16.75,-2.3915,2.693,-12.2891,0,Serve swing,1,0.155,Serve,92.5423,156.4921,-2.8228,1.0276,-12.6272,0.0594,1,1,Backhand prepare 1.00,0,9,-2.1405,-86.578,0,0,Perfect,,-2.35,-12.35,1.95,11.2,0,0,0,0,0,0
1642,PlayerServeToss,None,1,-0.015,52,-4.45,2.535,-16.75,-2.397,2.639,-12.2924,0,Serve swing,1,0.1383,Serve,93.3937,157.3435,-2.7645,1.0718,-12.532,0.0869,1,1,Backhand prepare 1.00,0,9,-2.1405,-86.578,0,0,Perfect,,-2.35,-12.35,1.95,11.2,0,0,0,0,0,0
1643,PlayerServeToss,None,1,-0.015,52,-4.45,2.535,-16.75,-2.3997,2.611,-12.2941,0,Serve swing,1,0.13,Serve,95.3318,160.2424,-2.706,1.0997,-12.4186,0.31,1,1,Backhand prepare 1.00,0,9,-2.1405,-86.578,0,0,Perfect,,-2.35,-12.35,1.95,11.2,0,0,0,0,0,0
1644,PlayerServeToss,None,1,-0.015,52,-4.45,2.535,-16.75,-2.4052,2.553,-12.2974,0,Serve swing,1,0.1133,Serve,91.5528,164.0083,-2.5764,1.1606,-12.275,0.2271,1,1,Backhand prepare 1.00,0,9,-2.1405,-86.578,0,0,Perfect,,-2.35,-12.35,1.95,11.2,0,0,0,0,0,0
1645,PlayerServeToss,None,1,-0.015,52,-4.45,2.535,-16.75,-2.4079,2.5229,-12.299,0,Serve swing,1,0.105,Serve,88.9527,167.5914,-2.5273,1.1745,-12.2691,1.6238,1,1,Backhand prepare 1.00,0,9,-2.1405,-86.578,0,0,Perfect,,-2.35,-12.35,1.95,11.2,0,0,0,0,0,0
1646,PlayerServeToss,None,1,-0.015,52,-4.45,2.535,-16.75,-2.4134,2.4608,-12.3023,0,Serve swing,1,0.0883,Serve,80.6332,163.8383,-2.461,1.2255,-12.3843,2.9468,1,1,Backhand prepare 1.00,0,9,-2.1405,-86.578,0,0,Perfect,,-2.35,-12.35,1.95,11.2,0,0,0,0,0,0
1647,PlayerServeToss,None,1,-0.015,52,-4.45,2.535,-16.75,-2.4161,2.4287,-12.3039,0,Serve swing,1,0.08,Serve,75.8671,159.172,-2.4669,1.2627,-12.4926,9.0656,1,1,Backhand prepare 1.00,0,9,-2.1405,-86.578,0,0,Perfect,,-2.35,-12.35,1.95,11.2,0,0,0,0,0,0
1648,PlayerServeToss,None,1,-0.015,52,-4.45,2.535,-16.75,-2.4216,2.3625,-12.3072,0,Serve swing,1,0.0633,Serve,64.5285,138.7415,-2.5921,1.3256,-12.7184,9.7387,1,1,Backhand prepare 1.00,0,9,-2.1405,-86.578,0,0,Perfect,,-2.35,-12.35,1.95,11.2,0,0,0,0,0,0
1649,PlayerServeToss,None,1,-0.015,52,-4.45,2.535,-16.75,-2.4243,2.3284,-12.3089,0,Serve swing,1,0.055,Serve,53.8259,124.0965,-2.5787,1.5167,-12.6762,15.3548,1,1,Backhand prepare 1.00,0,9,-2.1405,-86.578,0,0,Perfect,,-2.35,-12.35,1.95,11.2,0,0,0,0,0,0
1650,PlayerServeToss,None,1,-0.015,52,-4.45,2.535,-16.75,-2.4297,2.2581,-12.3122,0,Serve swing,1,0.0383,Serve,34.8924,95.6292,-2.3147,1.8088,-12.2353,0.839,1,1,Backhand prepare 1.00,0,9,-2.1405,-86.578,0,0,Perfect,,-2.35,-12.35,1.95,11.2,0,0,0,0,0,0
1651,PlayerServeToss,None,1,-0.015,52,-4.45,2.535,-16.75,-2.4325,2.2219,-12.3138,0,Serve swing,1,0.03,Serve,38.3846,84.8311,-2.2301,1.8633,-12.1061,0,1,1,Backhand prepare 1.00,0,9,-2.1405,-86.578,0,0,Perfect,,-2.35,-12.35,1.95,11.2,0,0,0,0,0,0
1652,PlayerServeToss,None,1,-0.015,52,-4.45,2.535,-16.75,-2.4379,2.1475,-12.3171,0,Serve swing,1,0.0133,Serve,28.6634,62.023,-2.0551,1.8881,-12.1722,0,1,1,Backhand prepare 1.00,0,9,-2.1405,-86.578,0,0,Perfect,,-2.35,-12.35,1.95,11.2,0,0,0,0,0,0
1653,PlayerServeToss,None,1,-0.015,52,-4.45,2.535,-16.75,-2.4407,2.1093,-12.3187,0,Serve swing,1,0.005,Serve,24.3592,58.5001,-2.1211,1.8276,-12.3515,0,1,1,Backhand prepare 1.00,0,9,-2.1405,-86.578,0,0,Perfect,,-2.35,-12.35,1.95,11.2,0,0,0,0,0,0
1654,Rally,None,1,-0.015,52.196,-4.0327,2.6624,-16.7511,-2.3816,2.1272,-11.9677,1,Serve swing,1,-0.0033,Serve,23.0822,53.4572,-2.2425,1.7446,-12.4344,0,1,1,Backhand prepare 1.00,0,9,-2.1405,-86.578,0,0.2417,Perfect,,-2.35,-12.35,1.91,11.2,0.196,0,0,0,0,0
1655,Rally,None,1,-0.015,52.399,-3.6738,2.7702,-16.7512,-2.2694,2.1287,-11.5086,1,Serve follow,1,-0.02,Serve,23.8461,46.2531,-2.2903,1.7291,-12.4314,0,1,1,Backhand prepare 1.00,0,9,-1.3028,-85.45,0.1313,0.1833,Perfect,,-2.3481,-12.3491,1.8299,11.2,0.203,0,0,0,0,0
1656,Rally,None,1,-0.015,52.6081,-3.3654,2.8648,-16.7501,-2.1572,2.1274,-11.0495,1,Serve follow,1,-0.0367,Serve,24.6,38.308,-2.295,1.7211,-12.407,0,1,1,Backhand prepare 1.00,0,9,1.2174,-82.2071,0,0.125,Perfect,,-2.3438,-12.347,1.7498,11.2,0.2092,0,0,0,0,0
1657,Rally,None,1,-0.015,52.8226,-3.0935,2.9486,-16.7488,-1.9888,2.12,-10.3608,1,Serve follow,1,-0.0617,Serve,25.3175,27.3151,-2.2485,1.708,-12.3648,0,1,1,Backhand prepare 1.00,0,9,5.5433,-76.925,11.2014,0.0667,Perfect,,-2.3325,-12.3415,1.6297,11.2,0.2145,0,0,0,0,0
1658,Rally,None,1,-0.015,53.0418,-2.8556,3.0212,-16.7472,-1.8766,2.1115,-9.9017,1,Serve follow,1,-0.0783,Serve,28.3753,17.9498,-2.2004,1.6772,-12.3117,0,1,1,Backhand prepare 1.00,0,9,11.5886,-69.9429,2.3454,0.0083,Perfect,,-2.3219,-12.3363,1.5496,11.2,0.2191,0,0,0.3662,0,0
1659,Rally,None,1,-0.015,53.2649,-2.6479,3.0838,-16.7445,-1.7082,2.0933,-9.213,1,Serve follow,1,-0.1033,Serve,29.0353,9.7144,-2.081,1.6416,-12.2748,0,1,1,Backhand prepare 1.00,0,9,19.2316,-61.6402,10.6895,0,Perfect,,-2.3013,-12.3262,1.4295,11.2,0.2232,0,0,0.774,0,0
1660,Rally,None,1,-0.015,53.4916,-2.4661,3.1382,-16.741,-1.596,2.0776,-8.7539,1,Serve follow,1,-0.12,Serve,27.2685,5.8199,-2.1574,1.5143,-12.1086,0,1,1,Backhand prepare 1.00,0,9,28.211,-52.5241,1.0058,0,Perfect,,-2.2845,-12.318,1.3494,11.2,0.2267,0,0,2.7361,0,0
1661,Rally,None,1,-0.015,53.7213,-2.3067,3.1854,-16.7367,-1.4838,2.059,-8.2948,1,Serve follow,1,-0.1367,Serve,25.4025,1.3495,-2.1134,1.4414,-12.0222,0,1,1,Backhand prepare 1.00,0,9,38.1493,-43.222,0.8814,0,Perfect,,-2.2652,-12.3085,1.2693,11.2,0.2297,0,0,4.8773,0,0
1662,Rally,None,1,-0.015,53.9537,-2.1657,3.2265,-16.7309,-1.3154,2.0257,-7.6061,1,Serve follow,1,-0.1617,Serve,21.3125,-4.611,-2.0148,1.3091,-11.9681,0,1,1,Backhand prepare 1.00,0,9,48.6203,-34.4095,6.0611,0,Perfect,,-2.2315,-12.292,1.1492,11.2,0.2324,0,0,6.2229,0,0
1663,Rally,None,1,-0.015,54.1884,-2.0413,3.2623,-16.7242,-1.2032,2,-7.147,1,Serve follow,1,-0.1783,Serve,18.5079,-5.9635,-1.928,1.213,-11.951,0,1,1,Backhand prepare 1.00,0,9,58.3409,-25.9353,29.3357,0,Perfect,,-2.2059,-12.2795,1.0691,11.2,0.2347,0,0,11.5904,0,0
1664,Rally,None,1,-0.015,54.4251,-1.93,3.2933,-16.7156,-1.0348,1.9559,-6.4583,1,Serve follow,1,-0.2033,Serve,16.5434,-8.6546,-1.8037,1.0721,-11.9834,0,1,1,Backhand prepare 1.00,0,9,66.1147,-18.7366,0.5144,0,Perfect,,-2.1629,-12.2584,0.949,11.2,0.2367,0,0,11.2543,0,0
1665,Rally,None,1,-0.015,54.6308,-1.831,3.3203,-16.7061,-0.9226,1.9229,-5.9991,1,Serve follow,1,-0.22,Serve,15.9453,-9.7215,-1.7149,1.0079,-12.0083,0,1,1,Backhand prepare 1.00,0,9,71.9027,-13.588,0.8626,0,Perfect,,-2.1311,-12.2429,1.029,11.2,0.2058,0,0,10.4938,0,0
1666,Rally,None,1,-0.015,54.8097,-1.7424,3.3438,-16.6956,-0.8103,1.8871,-5.54,1,Serve follow,1,-0.2367,Serve,16.2627,-7.5718,-1.6331,0.9649,-12.0433,0,1,1,Backhand prepare 1.00,0,9,65.9844,-20.0932,10.0103,0,Perfect,,-2.0968,-12.2261,1.1091,11.2,0.1789,0,0,10.2763,0,0
1667,Rally,None,1,-0.015,54.9652,-1.6614,3.3642,-16.683,-0.642,1.8279,-4.8513,1,Serve follow,1,-0.2617,Serve,15.7451,-5.3929,-1.5353,0.9405,-12.0947,0,1,1,Backhand prepare 1.00,0,9,49.2364,-37.3466,12.3595,0,Perfect,,-2.0406,-12.1986,1.2293,11.2,0.1555,0,0,9.0072,0,0
1668,Rally,None,1,-0.015,55.1004,-1.5881,3.3819,-16.6694,-0.5298,1.7849,-4.3922,1,Serve follow,1,-0.2783,Serve,15.8903,-2.0547,-1.4672,0.9381,-12.1124,0,1,1,Backhand prepare 1.00,0,9,31.0266,-56.0025,11.1184,0,Perfect,,-2.0001,-12.1788,1.3093,11.2,0.1352,0,0,7.5954,0,0
1669,Rally,None,1,-0.015,55.2179,-1.5196,3.3974,-16.6533,-0.3614,1.7149,-3.7035,1,Serve follow,0,9,Serve,16.732,-1.6687,-1.3897,0.9324,-12.0654,0,1,1,Backhand prepare 1.00,0,9,15.6533,-71.7505,2.2063,0,Perfect,,-1.9346,-12.1467,1.4295,11.2,0.1175,0,0,7.5954,0,0
1670,Rally,None,1,-0.015,55.3201,-1.4567,3.4108,-16.6364,-0.2492,1.6647,-3.2444,1,Run,0,9,Serve,19.0578,5.073,-1.3361,0.9769,-12.0937,7.2179,0.9555,0.8333,Forehand prepare 0.92,0,9,-62.0873,-28.2165,0,0,Perfect,,-1.8878,-12.1238,1.5095,11.2,0.1022,0,1.1806,6.5747,0,0
1671,Rally,None,1,-0.015,55.4089,-1.3985,3.4224,-16.6186,-0.1369,1.6116,-2.7853,1,Run,0,9,Serve,19.5934,5.6642,-1.2864,0.9596,-12.0633,0.7263,0.856,0.6667,Forehand prepare 0.83,0,9,-50.6964,-23.19,14.7739,0,Perfect,,-1.8385,-12.0997,1.5896,11.2,0.0888,0,2.3611,2.7775,0,0
1672,Rally,None,1,-0.015,55.4861,-1.3423,3.4326,-16.598,0.0314,1.5265,-2.0966,1,Run,0,9,Serve,20.5534,6.7053,-1.2116,0.9277,-12.0209,0.8655,0.7361,0.5,Forehand prepare 0.75,0,9,-45.1016,-20.12,1.5487,0,Perfect,,-1.7599,-12.0612,1.7098,11.2,0.0772,0,3.536,2.5944,0,0
1673,Rally,None,1,-0.015,55.5533,-1.2894,3.4414,-16.5766,0.1436,1.4662,-1.6375,1,Run,0,9,Serve,21.9154,8.4243,-1.1641,0.8871,-11.9856,0.205,0.6155,0.3333,Forehand prepare 0.62,0,9,-50.8646,-27.5818,0,0,Perfect,,-1.7044,-12.0341,1.7898,11.2,0.0671,0,4.7222,2.3011,0,0
1674,Rally,None,1,-0.015,55.6116,-1.2371,3.449,-16.5523,0.312,1.3704,-0.9488,1,Run,0,9,Serve,23.5764,10.7641,-1.089,0.843,-11.9332,2.0459,0.5041,0.1667,Forehand prepare 0.54,0,9,-43.4564,-25.9669,2.67,0,Perfect,,-1.6165,-11.991,1.91,11.2,0.0584,0,5.9028,1.9424,0,0
1675,Rally,None,1,-0.015,55.6624,-1.1872,3.4557,-16.5273,0.4242,1.3029,-0.4897,1,Run,0,9,Serve,25.3952,13.4441,-1.044,0.8002,-11.8969,18.4204,0.4064,0,Forehand prepare 0.59,0,9,-45.6677,-22.148,0,0,Perfect,,-1.5547,-11.9608,1.99,11.2,0.0507,0,7.0833,1.5503,0,0
1676,Rally,None,1,-0.015,55.7065,-1.1393,3.4615,-16.5015,0.5365,1.2326,-0.0306,1,Run,0,9,Serve,27.2687,16.1042,-1.0007,0.7655,-11.866,0.8405,0.3236,0,Forehand prepare 0.62,0,9,-52.7774,-19.9335,0,0,Perfect,,-1.4918,-11.93,2.0701,11.2,0.0441,0,8.2639,1.1357,0,0
1677,Rally,None,1,-0.015,55.6588,-1.0909,3.4665,-16.4731,0.7048,1.1216,0.6581,1,Run,0,9,Serve,29.1969,19.4104,-0.9241,0.7525,-11.8261,1.0206,0.2551,0,Forehand prepare 0.66,0,9,-57.48,-16.03,0,0,Perfect,,-1.3975,-11.8839,2.1903,11.2,-0.0476,0,7.3287,0.7186,0,0
1678,Rally,None,1,-0.015,55.5575,-1.0442,3.4709,-16.4444,0.817,1.0441,1.1173,1,Run,0,9,Serve,31.0123,22.3366,-0.8755,0.7468,-11.8051,0.6538,0.1995,0,Forehand prepare 0.72,0,9,-52.1843,-7.2934,3.6037,0,Perfect,,-1.3346,-11.8531,2.2703,11.2,-0.1014,0,5.776,0.3993,0,0
1679,Rally,None,1,-0.015,55.3793,-0.9969,3.4747,-16.4134,0.9854,0.9223,1.8059,1,Run,0,9,Serve,32.6321,24.4587,-0.796,0.7512,-11.7712,3.7275,0.1549,0,Forehand prepare 0.75,0,9,-48.7366,-2.4802,1.3026,0,Perfect,,-1.2403,-11.807,2.3905,11.2,-0.1781,0,4.5522,0.4375,0,0
1680,Rally,None,1,-0.015,55.1645,-0.9513,3.478,-16.3824,1.0976,0.8376,2.2651,1,Run,0,9,Serve,33.9664,25.9652,-0.746,0.7533,-11.7527,19.6987,0.1195,0,Forehand prepare 0.81,0,9,-54.4338,-2.6245,2.1026,0,Perfect,,-1.1775,-11.7762,2.4705,11.2,-0.2148,0,3.5877,0.654,0,0
1681,Rally,None,1,-0.015,54.9178,-0.9071,3.4809,-16.3514,1.2099,0.75,2.7242,1,Run,0,9,Serve,34.9425,27.0432,-0.6928,0.7525,-11.7308,0.5375,0.0918,0,Forehand prepare 0.85,0,9,-62.7127,-5.525,2.4555,0,Perfect,,-1.1146,-11.7454,2.5506,11.2,-0.2467,0,2.8276,0.777,0,0
1682,Rally,None,1,-0.015,54.6133,-0.8619,3.4834,-16.3185,1.3782,0.6132,3.4129,1,Run,0,9,Serve,35.5489,27.8119,-0.6054,0.758,-11.6885,2.561,0.0702,0,Forehand prepare 0.88,0,9,-73.2344,-10.0519,2.7431,0,Perfect,,-1.0203,-11.6993,2.6708,11.2,-0.3045,0,2.2285,0.771,0,0
1683,Rally,None,1,-0.015,54.2886,-0.8181,3.4855,-16.2858,1.4904,0.5183,3.872,1,Run,0,9,Serve,35.7499,28.423,-0.5447,0.7607,-11.6542,2.5155,0.0534,0,Forehand prepare 0.94,0,9,-80.7344,-17.3226,5.766,0,Perfect,,-0.9574,-11.6685,2.6838,11.2,-0.3247,0,1.7563,0.6498,0,0
1684,Rally,None,1,-0.015,53.9164,-0.7732,3.4874,-16.2514,1.6588,0.3707,4.5607,1,Run,0,9,Serve,35.5991,28.9818,-0.4471,0.7646,-11.554,0.6881,0.0405,0,Forehand prepare 0.98,0,9,-72.0971,-15.8191,5.8579,0,Perfect,,-0.8631,-11.6224,2.6838,11.2,-0.3722,0,1.3842,0.5209,0,0
1685,Rally,None,1,-0.015,53.5328,-0.7297,3.4891,-16.2175,1.771,0.2687,5.0198,1,Run,0,9,Serve,35.1385,29.5796,-0.3771,0.7545,-11.5078,2.8182,0.0307,0,Forehand prepare 1.00,0,9,-57.2552,-7.5129,8.0531,0,Perfect,,-0.8002,-11.5916,2.6838,11.2,-0.3836,0,1.0909,0.5642,0,0.0003
1686,Rally,None,1,-0.015,53.1393,-0.6874,3.4905,-16.1839,1.8833,0.1639,5.4789,1,Run,0,9,Serve,34.4795,30.2409,-0.3054,0.7274,-11.5011,3.4683,0.0231,0,Forehand prepare 1.00,1,0.1833,-43.3555,-1.3689,2.9966,0,Perfect,,-0.7373,-11.5608,2.6838,11.2,-0.3935,0,0.8598,0.7789,0,0.0002
1687,Rally,None,1,-0.015,52.7292,-0.6438,3.4917,-16.1488,2.0486,0.1331,6.1552,1,Run,0,9,Serve,33.6914,30.9856,-0.2012,0.7377,-11.4341,0,0.0174,0,Backhand swing,1,0.1604,28.5486,-34.0979,15.0422,0,Perfect,,-0.643,-11.5147,2.7239,11.2,-0.4101,0,0.6776,1.0148,0,0.0002
1688,Rally,None,1,-0.015,52.3727,-0.6014,3.4928,-16.1142,2.1548,0.1971,6.5895,1,Run,0,9,Serve,32.865,31.7937,-0.1308,0.7517,-11.3815,0,0.0131,0,Backhand swing,1,0.1451,25.1168,-49.2371,11.3594,0,Perfect,,-0.5801,-11.4839,2.804,11.2,-0.3565,0,0.5341,1.1781,0,0.0001
1689,Rally,None,1,-0.015,52.0627,-0.5578,3.4938,-16.0781,2.314,0.2879,7.241,1,Run,0,9,Serve,32.1172,32.5663,-0.0279,0.7707,-11.3179,1.9176,0.0098,0,Backhand swing,1,0.1222,17.0586,-61.2498,2.7098,0,Perfect,,-0.4874,-11.4385,2.9241,11.2,-0.31,0,0.4209,1.1995,0,0.0001
1690,Rally,None,1,-0.015,51.7932,-0.5157,3.4946,-16.0431,2.4202,0.345,7.6754,1,Run,0,9,Serve,31.5955,33.6297,0.0401,0.8137,-11.2771,2.6412,0.0073,0,Backhand swing,1,0.1069,7.4333,-72.1886,1.7177,0,Perfect,,-0.4286,-11.4097,3.0042,11.2,-0.2695,0.0007,1.0753,1.0858,0,0.0001
1691,Rally,None,1,-0.015,51.5589,-0.4751,3.4953,-16.009,2.5264,0.3993,8.1097,1,Run,0,9,Serve,31.3131,34.5671,0.1014,0.8524,-11.2459,0.9337,0.0055,0,Backhand swing,1,0.0916,-0.7953,-81.4648,0,0,Perfect,,-0.3723,-11.3822,3.0842,11.2,-0.2343,0.0026,2.4365,0.8414,0,0.0001
1692,Rally,None,1,-0.015,51.3553,-0.4341,3.4959,-15.9743,2.6856,0.4754,8.7612,1,Run,0,9,Serve,31.2222,35.2169,0.183,0.8677,-11.2076,0.3574,0.0041,0,Backhand swing,1,0.0687,-7.5826,-80.7865,25.8741,0,Perfect,,-0.2925,-11.3432,3.2044,11.2,-0.2037,0.0058,3.5093,0.497,0,0
1693,Rally,None,1,-0.015,51.1782,-0.3948,3.4964,-15.9409,2.7918,0.5227,9.1955,1,Run,0,9,Serve,31.3192,35.8036,0.2327,0.8723,-11.1865,0.377,0.003,0,Backhand swing,1,0.0535,-16.0948,-77.4885,3.2809,0,Perfect,,-0.2425,-11.3187,3.2845,11.2,-0.1771,0.0105,5.1493,0.164,0,0
1694,Rally,None,1,-0.015,51.0243,-0.3556,3.4969,-15.9073,2.9511,0.5885,9.847,1,Run,0,9,Serve,31.5465,36.0137,0.3018,0.8575,-11.1582,0.1096,0.0023,0,Backhand swing,1,0.0305,-22.6534,-69.5286,10.2088,0,Perfect,,-0.1721,-11.2842,3.4046,11.2,-0.1539,0.016,5.6474,0.2896,0,0
1695,Rally,None,1,-0.015,50.8905,-0.3183,3.4973,-15.8754,3.0572,0.6288,10.2813,1,Run,0,9,Serve,31.9127,36.1677,0.3424,0.8462,-11.1446,0.1133,0,0,Backhand swing,1,0.0153,-30.848,-60.8722,0.9818,0,Perfect,,-0.1282,-11.2628,3.4537,11.2,-0.1338,0.0221,6.8344,0.5866,0,0
1696,Rally,None,1,-0.015,51.558,-0.283,3.4977,-15.845,3.3262,0.6932,10.7112,1,Run,0,9,Serve,32.3165,36.0181,0.3793,0.8355,-11.1323,0.1953,0,0,Backhand swing,1,0,-35.3406,-48.6573,20.7534,0,Perfect,R;,-0.0869,-11.2425,3.4537,11.2,0.6675,0.0278,6.9754,0.8113,0,0
1697,Rally,None,1,-0.015,52.1383,-0.2495,3.498,-15.816,3.3103,0.7664,10.41,1,Run,0,9,Serve,32.7613,35.7449,0.412,0.8281,-11.1213,1.5614,0,0,Backhand swing,1,-0.0167,-32.4944,-34.188,0.5859,0,Perfect,,-0.0481,-11.2235,3.3736,11.2,0.5803,0.0328,7.0866,0.9434,0,0
1698,Rally,None,1,-0.015,52.6428,-0.2177,3.4982,-15.7886,3.2943,0.8369,10.1088,1,Run,0,9,Serve,33.2293,35.3716,0.4407,0.8176,-11.1118,10.0546,0,0,Backhand follow,1,-0.0333,-18.6541,-15.8032,3.4137,0,Perfect,,-0.0117,-11.2057,3.2935,11.2,0.5045,0.0366,7.1742,0.9874,0,0
1699,Rally,None,1,-0.015,53.0814,-0.1865,3.4985,-15.7615,3.2705,0.9379,9.6569,1,Run,0,9,Serve,33.6727,34.9437,0.4845,0.8049,-11.0951,0.1162,0,0,Backhand follow,1,-0.0583,0.0102,11.3093,17.0287,0,Perfect,,0.0381,-11.1814,3.1734,11.2,0.4386,0.0391,7.2432,0.9413,0,0
1700,Rally,None,1,-0.015,53.4627,-0.1573,3.4987,-15.736,3.2545,1.002,9.3557,1,Run,0,9,Serve,34.0984,34.6126,0.5102,0.7947,-11.0874,0.1988,0,0,Backhand follow,1,-0.075,19.2631,32.3711,3.6382,0,Perfect,,0.0682,-11.1666,3.0933,11.2,0.3813,0.0411,8.0921,0.8229,0,0
1701,Rally,None,1,-0.015,53.7942,-0.1284,3.4988,-15.7115,3.2307,1.0932,8.9039,1,Run,0,9,Serve,34.4645,34.1314,0.5534,0.7748,-11.0753,0.1787,0,0,Backhand follow,1,-0.1,34.935,52.3834,0,0,Perfect,,0.1155,-11.1478,2.9732,11.2,0.3315,0.0424,7.9667,0.6668,0,0
1702,Rally,None,1,-0.015,54.0823,-0.1009,3.499,-15.6888,3.2147,1.1507,8.6027,1,Run,0,9,Serve,34.9395,32.8326,0.5827,0.7324,-11.0738,0.6762,0,0,Backhand follow,1,-0.1167,48.6599,65.6042,7.3657,0,Perfect,,0.1495,-11.1377,2.8931,11.2,0.2882,0.0414,5.8612,0.5081,0,0
1703,Rally,None,1,-0.015,54.3329,-0.0744,3.4991,-15.6679,3.1988,1.2057,8.3015,1,Run,0,9,Serve,36.0209,32.5417,0.6148,0.7267,-11.0803,0.4085,0,0,Backhand follow,1,-0.1333,57.707,75.1775,2.6593,0,Perfect,,0.1855,-11.1295,2.813,11.2,0.2505,0.0379,4.9524,0.3579,0,0
1704,Rally,None,1,-0.015,54.5507,-0.0472,3.4992,-15.6488,3.1749,1.2833,7.8497,1,Run,0,9,Serve,37.5047,32.799,0.6692,0.7295,-11.0901,0.0929,0,0,Backhand follow,1,-0.1583,64.1743,82.0354,2.296,0,Perfect,,0.2431,-11.121,2.6929,11.2,0.2178,0.0322,4.7428,0.2247,0,0
1705,Rally,None,1,-0.015,54.74,-0.0207,3.4993,-15.6317,3.159,1.3318,7.5484,1,Run,0,9,Serve,39.338,33.3193,0.7053,0.7236,-11.1088,0.0983,0,0,Backhand follow,1,-0.175,67.8615,86.6375,7.1219,0,Perfect,,0.2837,-11.118,2.6128,11.2,0.1893,0.025,5.6223,0.1175,0,0
1706,Rally,None,1,-0.015,54.9046,0.0071,3.4994,-15.6167,3.1351,1.3996,7.0966,1,Run,0,9,Serve,41.587,34.6153,0.7644,0.7223,-11.1356,0.2353,0,0,Backhand follow,1,-0.2,69.9214,91.7645,0.6041,0,Perfect,,0.3481,-11.1174,2.4927,11.2,0.1646,0.0169,5.884,0.0671,0,0
1707,Rally,None,1,-0.015,55.0477,0.0344,3.4995,-15.6041,3.1192,1.4416,6.7954,1,Run,0,9,Serve,43.9266,35.8255,0.8012,0.7151,-11.1656,1.1162,0,0,Backhand follow,1,-0.2167,71.1726,95.8301,16.053,0,Perfect,,0.3931,-11.1197,2.4126,11.2,0.1431,0.0092,6.938,0.0593,0,0
1708,Rally,None,1,-0.015,55.1721,0.0615,3.4996,-15.5936,3.1033,1.481,6.4942,1,Run,0,9,Serve,45.978,37.0174,0.8376,0.7112,-11.1955,5.9556,0,0,Backhand follow,1,-0.2333,72.6585,99.5822,0.7685,0,Perfect,,0.4398,-11.1243,2.3325,11.2,0.1244,0.0029,7.0374,0.0664,0,0
1709,Rally,None,1,-0.015,55.2803,0.0903,3.4996,-15.5861,3.0794,1.5352,6.0424,1,Run,0,9,Serve,47.0926,37.5694,0.911,0.7049,-11.2332,0.9816,0,0,Backhand follow,1,-0.2583,74.2028,103.3424,0.4485,0,Perfect,,0.5127,-11.1356,2.2124,11.2,0.1082,-0.0018,7.1283,0.0474,0,0
1710,Rally,None,1,-0.015,55.3743,0.119,3.4997,-15.5808,3.0635,1.5681,5.7412,1,Run,0,9,Serve,47.1838,37.1996,1.0299,0.718,-11.2386,1.7343,0,0,Backhand follow,1,-0.275,75.3105,105.2742,1.7764,0,Perfect,,0.5631,-11.146,2.1323,11.2,0.094,-0.0047,7.9999,0.0453,0,0
1711,Rally,None,1,-0.015,55.4561,0.1495,3.4997,-15.5789,3.0396,1.6126,5.2894,1,Run,0,9,Serve,46.5875,36.7232,1.0669,0.7026,-11.209,0.2479,0,0,Backhand follow,0,9,75.0716,105.4414,8.842,0,Perfect,,0.6411,-11.1663,2.0122,11.2,0.0817,-0.0062,7.8937,0.1464,0,0
1712,Rally,None,1,-0.015,55.5271,0.1799,3.4998,-15.5795,3.0237,1.639,4.9881,1,Run,0,9,Serve,45.3703,35.7752,1.2013,0.73,-11.2571,2.0126,0,0,Run,0,9,52.417,59.9925,4.7852,0,Perfect,,0.6945,-11.183,1.9321,11.2,0.0711,-0.0063,8.5,0.2885,0,0
1713,Rally,None,1,-0.015,55.5889,0.2102,3.4998,-15.5824,3.0078,1.6628,4.6869,1,Run,0,9,Serve,43.784,35.0157,1.2295,0.7208,-11.2478,0,0,0,Run,0,9,52.0424,52.2828,2.1409,0,Perfect,,0.749,-11.2023,1.852,11.2,0.0618,-0.0056,8.3583,0.4673,0,0
1714,Rally,None,1,-0.015,55.6426,0.2425,3.4998,-15.5895,2.9839,1.6936,4.2351,1,Run,0,9,Serve,41.9072,34.4087,1.2474,0.6986,-11.2499,0,0,0,Run,0,9,51.3437,51.655,2.6405,0,Perfect,,0.8321,-11.2362,1.7319,11.2,0.0537,-0.0045,8.1616,0.6851,0,0
1715,Rally,None,1,-0.015,55.6893,0.2746,3.4998,-15.599,2.968,1.7109,3.9339,1,Run,0,9,Serve,39.813,33.8008,1.3179,0.7116,-11.2435,0,0,0,Run,0,9,50.3833,51.2014,0,0,Perfect,,0.8882,-11.2622,1.6518,11.2,0.0467,-0.0031,8.5,0.8886,0,0
1716,Rally,None,1,-0.015,55.7299,0.3087,3.4999,-15.613,2.9441,1.732,3.4821,1,Run,0,9,Serve,37.6906,33.3773,1.4153,0.7397,-11.2559,1.5526,0,0,Run,0,9,49.3718,50.9544,0,0,Perfect,,0.9727,-11.3064,1.5317,11.2,0.0406,-0.0018,8.4642,1.026,0,0
1717,Rally,None,1,-0.015,55.7652,0.3423,3.4999,-15.6295,2.9282,1.7429,3.1809,1,Run,0,9,Serve,35.4776,33.151,1.4828,0.7924,-11.2555,2.3187,0,0,Run,0,9,48.4819,50.905,0,0,Perfect,,1.0288,-11.3393,1.4516,11.2,0.0353,-0.0007,8.5,1.1283,0,0
1718,Rally,None,1,-0.015,55.7959,0.3754,3.4999,-15.6485,2.9123,1.7511,2.8797,1,Run,0,9,Serve,33.3193,32.9556,1.5504,0.8281,-11.2617,1.877,0,0,Run,0,9,47.6836,51.1033,0.9651,0,Perfect,,1.0841,-11.375,1.3715,11.2,0.0307,0.0002,8.5,1.1385,0,0
1719,Rally,None,1,-0.015,55.8225,0.4101,3.4999,-15.6726,2.8884,1.7585,2.4278,1,Run,0,9,Serve,31.4545,32.8465,1.6387,0.8523,-11.2965,2.0293,0,0,Run,0,9,47.224,51.3839,2.8549,0,Perfect,,1.1648,-11.433,1.2514,11.2,0.0267,0.0007,8.1557,0.9983,0,0
1720,Rally,None,1,-0.015,55.8457,0.4439,3.4999,-15.699,2.8725,1.7603,2.1266,1,Run,0,9,Serve,29.7997,32.7361,1.6917,0.8705,-11.3185,1.0984,0,0,Run,0,9,47.0947,51.691,3.6444,0,Perfect,,1.2163,-11.4743,1.1713,11.2,0.0232,0.001,8.4379,0.7558,0,0
1721,Rally,None,1,-0.015,55.8659,0.4785,3.4999,-15.7303,2.8486,1.758,1.6748,1,Run,0,9,Serve,28.3919,32.5145,1.7606,0.8761,-11.3671,1.821,0,0,Run,0,9,47.2758,51.9542,1.8592,0,Perfect,,1.2891,-11.5387,1.0512,11.2,0.0202,0.0011,7.8682,0.4281,0,0
1722,Rally,None,1,-0.015,55.8834,0.5119,3.4999,-15.7632,2.8327,1.7532,1.3736,1,Run,0,9,Serve,27.3449,32.2636,1.8013,0.8983,-11.3998,2.0657,0,0,Run,0,9,47.8333,52.043,0.479,0,Perfect,,1.3343,-11.5826,0.9711,11.2,0.0175,0.0016,7.8557,0,0,0
1723,Rally,None,1,-0.015,55.8986,0.5439,3.4999,-15.7976,2.8167,1.7459,1.0724,1,Run,0,9,Serve,26.5687,31.6128,1.8405,0.9088,-11.4372,13.6306,0,0,Run,0,9,48.6555,51.9365,0.5993,0,Perfect,,1.3767,-11.6265,0.891,11.2,0.0152,0.0028,7.2219,0.4265,0,0
1724,Rally,None,1,-0.015,55.9119,0.576,3.5,-15.8361,2.7929,1.73,0.6206,1,Forehand prepare 0.03,0,9,Serve,28.7747,30.6082,1.875,0.9208,-11.4806,0.8099,0.2083,0.1667,Run,0,9,49.5595,51.6774,1.143,0,Perfect,,1.4351,-11.6917,0.7709,11.2,0.0132,0.005,6.7338,2.5936,0,0
1725,Rally,None,1,-0.015,55.9234,0.6064,3.5,-15.875,2.7769,1.7161,0.3194,1,Forehand prepare 0.08,0,9,Serve,26.2471,30.8168,1.8888,0.918,-11.5162,9.6812,0.4167,0.3333,Run,0,9,50.6011,51.1921,9.1324,0,Perfect,,1.4707,-11.7343,0.6908,11.2,0.0115,0.0085,6.9927,4.4349,0,0
1726,Rally,None,1,-0.015,55.9334,0.6364,3.5,-15.917,2.7531,1.6905,-0.1325,1,Forehand prepare 0.11,0,9,Serve,39.2578,34.7624,1.9376,0.8414,-11.7232,2.4048,0.625,0.5,Run,0,9,51.481,50.6435,0.3159,0,Perfect,,1.5193,-11.7962,0.5707,11.2,0.01,0.0127,6.7345,8.4951,0,0
1727,Rally,None,1,-0.015,55.9394,0.6645,3.5,-15.9587,2.7371,1.6701,-0.4337,1,Forehand prepare 0.16,0,9,Serve,36.3102,33.4855,1.9649,0.8399,-11.8051,8.6127,0.8333,0.6667,Run,0,9,52.1664,50.0696,1.0032,0,Perfect,,1.5485,-11.8361,0.4906,11.2,0.006,0.0177,7.298,8.4507,0,0
1728,Rally,None,1,-0.015,55.9366,0.6909,3.5,-15.9999,2.7212,1.6472,-0.7349,1,Forehand prepare 0.19,0,9,Serve,39.2302,32.4243,1.9702,0.8436,-11.8686,1.9131,1,0.8333,Run,0,9,52.6031,49.5407,1.1042,0,Perfect,,1.5753,-11.8745,0.4105,11.2,-0.0027,0.0228,7.1546,7.3582,0,0
1729,Rally,None,1,-0.015,55.9223,0.7164,3.5,-16.0429,2.6973,1.6079,-1.1867,1,Forehand prepare 0.22,0,9,Serve,39.3688,30.6494,1.9863,0.8345,-11.9203,1.1593,1,1,Run,0,9,52.6388,49.2003,0.388,0,Perfect,,1.6114,-11.929,0.2904,11.2,-0.0143,0.0273,7.0587,5.1962,0,0
1730,Rally,None,1,-0.015,55.9017,0.7401,3.5,-16.0847,2.6814,1.5784,-1.4879,1,Forehand prepare 0.27,0,9,Serve,36.487,28.397,1.9999,0.8262,-11.9347,1.5957,1,1,Run,0,9,52.3311,49.0769,1.9344,0,Perfect,,1.633,-11.963,0.2103,11.2,-0.0205,0.0315,7.6777,3.2897,0,0
1731,Rally,None,1,-0.015,55.8717,0.7629,3.5,-16.1272,2.6575,1.5294,-1.9397,1,Forehand prepare 0.31,0,9,Serve,34.0177,25.8061,2.0811,0.8425,-11.962,11.7531,1,1,Run,0,9,51.7642,49.1762,2.7385,0,Perfect,,1.6619,-12.01,0.0902,11.2,-0.03,0.0349,7.4878,3.1511,0,0
1732,Rally,None,1,-0.015,55.8374,0.7838,3.5,-16.1679,2.6416,1.4935,-2.241,1,Forehand prepare 0.36,0,9,Serve,30.6051,24.7398,2.1898,0.9061,-11.9575,0.1092,1,1,Run,0,9,50.8763,49.5798,0,0,Perfect,,1.6789,-12.0387,0.0101,11.2,-0.0343,0.038,8.1207,5.8895,0,0
1733,Rally,None,1,-0.015,55.7993,0.8032,3.5,-16.2068,2.6257,1.455,-2.5422,1,Forehand prepare 0.39,0,9,Serve,28.3993,24.9025,2.2519,0.9589,-11.9635,0.0746,1,1,Run,0,9,49.9039,50.1768,0,0,Perfect,,1.6941,-12.0653,0,11.2,-0.0381,0.0402,7.913,7.9385,0,0
1734,Rally,None,1,-0.015,55.7536,0.8214,3.5,-16.2452,2.6018,1.3923,-2.994,1,Forehand prepare 0.42,0,9,Serve,26.1192,27.0756,2.3024,1.0218,-11.9964,0.2726,1,1,Ready,0,9,45.6797,44.5087,3.5704,0,Perfect,,1.7137,-12.1011,0,11.2,-0.0457,0.0416,7.77,9.6293,0,0
1735,Rally,None,1,-0.015,55.7055,0.838,3.5,-16.2814,2.5859,1.3473,-3.2952,1,Forehand prepare 0.47,0,9,Serve,24.5171,32.752,2.3257,1.0732,-12.0639,0.5015,1,1,Ready,0,9,38.5442,36.0587,3.4684,0,Perfect,,1.7247,-12.1222,0,11.2,-0.0481,0.0426,8.4518,10.4244,0,0
1736,Rally,None,1,-0.015,55.6509,0.8534,3.5,-16.3164,2.562,1.2749,-3.747,1,Forehand prepare 0.51,0,9,Serve,27.7163,37.9521,2.3334,1.0697,-12.1768,0.2359,1,1,Ready,0,9,32.1871,28.8027,2.2417,0,Perfect,,1.7381,-12.1496,0,11.2,-0.0546,0.0432,8.2249,6.3054,0,0
1737,Rally,None,1,-0.015,55.5948,0.8673,3.5,-16.3489,2.5461,1.2234,-4.0482,1,Forehand prepare 0.56,0,9,Serve,33.3865,44.6634,2.309,1.0877,-12.3023,0.2271,1,1,Ready,0,9,27.5662,23.285,2.463,0,Perfect,,1.745,-12.1651,0,11.2,-0.0561,0.0438,8.5,2.3431,0,0
1738,Rally,None,1,-0.015,55.5373,0.8797,3.5,-16.3789,2.5302,1.1693,-4.3494,1,Forehand prepare 0.60,0,9,Serve,32.9198,49.0008,2.2843,1.0562,-12.365,0.8409,1,1,Ready,0,9,24.4626,19.4802,3.7924,0,Perfect,,1.7502,-12.1783,0,11.2,-0.0574,0.0441,8.5,1.9616,0,0
1739,Rally,None,1,-0.015,55.4743,0.8909,3.5,-16.407,2.5063,1.0832,-4.8013,1,Forehand prepare 0.63,0,9,Serve,29.2829,53.7734,2.2564,1.0029,-12.4297,1.409,1,1,Ready,0,9,22.45,16.983,1.2348,0,Perfect,,1.7552,-12.1938,0,11.2,-0.0631,0.044,8.3132,5.2651,0,0
1740,Rally,None,1,-0.015,55.4106,0.9007,3.5,-16.4324,2.4904,1.0226,-5.1025,1,Forehand prepare 0.68,0,9,Serve,29.7938,60.7303,2.1876,1.0295,-12.5293,2.6472,1,1,Ready,0,9,21.041,15.3791,0.2639,0,Perfect,,1.7565,-12.2013,0,11.2,-0.0637,0.0441,8.5,5.4781,0,0
1741,Rally,None,1,-0.015,55.3418,0.9092,3.5,-16.4553,2.4665,0.9269,-5.5543,1,Forehand prepare 0.72,0,9,Serve,38.7148,68.3295,2.0891,1.0795,-12.6279,3.627,1,1,Ready,0,9,20.0529,14.3733,0.3734,0,Perfect,,1.7556,-12.2082,0,11.2,-0.0688,0.0441,8.5,2.8608,0,0
1742,Rally,None,1,-0.015,55.273,0.9164,3.5,-16.4755,2.4506,0.8598,-5.8555,1,Forehand prepare 0.77,0,9,Serve,45.1845,74.4147,1.9828,1.1125,-12.6894,1.2614,1,1,Ready,0,9,19.3372,13.7414,0.2084,0,Perfect,,1.7531,-12.2099,0,11.2,-0.0688,0.0444,8.5,5.5986,0,0
1743,Rally,None,1,-0.015,55.2041,0.9224,3.5,-16.493,2.4347,0.7901,-6.1567,1,Forehand prepare 0.81,0,9,Serve,45.6046,79.6982,1.8789,1.1499,-12.7231,0.2585,1,1,Ready,0,9,18.8906,13.3636,0.1028,0,Perfect,,1.7491,-12.2093,0,11.2,-0.0689,0.0446,8.5,6.5336,0,0
1744,Rally,None,1,-0.015,55.1304,0.9269,3.5,-16.5075,2.4108,0.6807,-6.6085,1,Forehand prepare 0.85,0,9,Serve,41.2191,82.245,1.7916,1.1597,-12.7235,0.9939,1,1,Ready,0,9,18.8155,13.1231,0.1019,0,Perfect,,1.7403,-12.2039,0,11.2,-0.0737,0.0446,8.5,7.9762,0,0
1745,Rally,None,1,-0.015,55.0571,0.9303,3.5,-16.5192,2.3949,0.6045,-6.9097,1,Forehand prepare 0.90,0,9,Serve,24.9387,75.4679,1.8068,1.1069,-12.6921,0,1,1,Ready,0,9,18.9118,12.9841,0.0677,0,Perfect,,1.7327,-12.1974,0,11.2,-0.0733,0.0448,8.5,13.6952,0,0
1746,Rally,None,1,-0.015,54.9793,0.9323,3.5,-16.5276,2.371,0.4854,-7.3616,1,Forehand prepare 0.94,0,9,Serve,16.0392,67.0894,1.8442,0.9989,-12.6433,0,1,1,Ready,0,9,19.1067,12.9388,0.0118,0,Perfect,,1.7185,-12.1831,0,11.2,-0.0778,0.0448,8.5,13.9664,0,0
1747,Rally,None,1,-0.015,54.9023,0.9331,3.5,-16.5332,2.355,0.4027,-7.6628,1,Forehand prepare 1.00,0,9,Serve,3.5109,48.6333,1.9627,0.8166,-12.4488,1.9727,1,1,Ready,0,9,19.257,12.8914,0.0725,0,Perfect,,1.7073,-12.1706,0,11.2,-0.0771,0.0451,8.5,11.5374,0,0
1748,Rally,None,1,-0.015,54.8257,0.933,3.5,-16.5361,2.3391,0.3174,-7.964,1,Forehand prepare 1.00,0,9,Serve,1.5287,46.2205,1.9581,0.7855,-12.4175,0.3144,1,1,Ready,0,9,19.2332,12.7865,0.165,0,Perfect,,1.6947,-12.1557,0,11.2,-0.0765,0.0453,8.5,7.6119,0,0
1749,Rally,None,1,-0.015,54.7448,0.9313,3.5,-16.5352,2.3152,0.1846,-8.4158,1,Forehand prepare 1.00,1,0.1562,LowPickup,4.7572,48.6509,1.9292,0.7712,-12.4244,2.7907,1,1,Ready,0,9,19.014,12.5908,1.6108,0,Perfect,,1.6733,-12.1288,0,11.2,-0.0809,0.0443,7.5759,2.6426,0,0
1750,Rally,Ultimate,0,-0.015,54.6706,0.9288,3.5,-16.5316,2.2993,0.1,-8.717,1,Forehand swing,1,0.1395,LowPickup,-5.6824,38.7023,1.9754,0.7557,-12.3126,15.311,1,1,Ready,0,9,18.4819,12.233,8.661,0,Perfect,,1.6575,-12.1077,0,11.2,-0.0742,0.0433,8.35,0.5031,0,0
1751,Rally,Ultimate,0,-0.015,34,2.0575,1.535,-10.3087,2.2993,0.1,-8.717,1,Forehand swing,1,0.1395,LowPickup,-10.8633,31.3245,2.0106,0.7663,-12.2691,0,1,1,Ready,0,9,17.8223,11.8172,0.2453,0,Perfect,,1.6575,-12.1077,0,11.2,-20.6706,0.0433,8.35,0.5031,0,0
1752,Rally,Ultimate,0,-0.015,34,2.0575,1.535,-10.3114,2.2993,0.1,-8.717,1,Forehand swing,1,0.1395,LowPickup,-11.5957,29.244,2.0184,0.763,-12.2535,0,1,1,Ready,0,9,17.8223,11.8172,0,0,Perfect,,1.6575,-12.1077,0,11.2,0,0.0433,8.35,0.5031,0,0
1753,Rally,Ultimate,0,-0.015,34,2.0575,1.535,-10.3159,2.2993,0.1,-8.717,1,Forehand swing,1,0.1395,LowPickup,-12.2647,27.2265,2.0255,0.7598,-12.2381,0,1,1,Ready,0,9,17.8223,11.8172,0,0,Perfect,,1.6575,-12.1077,0,11.2,0,0.0433,8.35,0.5031,0,0
1754,Rally,Ultimate,0,-0.015,34,2.0575,1.535,-10.3219,2.2993,0.1,-8.717,1,Forehand swing,1,0.1395,LowPickup,-12.9338,25.2182,2.0321,0.7566,-12.2225,0,1,1,Ready,0,9,17.8223,11.8172,0,0,Perfect,,1.6575,-12.1077,0,11.2,0,0.0433,8.35,0.5031,0,0
1755,Rally,Ultimate,0,-0.015,34,2.0575,1.535,-10.3294,2.2993,0.1,-8.717,1,Forehand swing,1,0.1395,LowPickup,-13.6028,23.2203,2.0381,0.7535,-12.2068,0,1,1,Ready,0,9,17.8223,11.8172,0,0,Perfect,,1.6575,-12.1077,0,11.2,0,0.0433,8.35,0.5031,0,0
1756,Rally,Ultimate,0,-0.015,34,2.0575,1.535,-10.3382,2.2993,0.1,-8.717,1,Forehand swing,1,0.1395,LowPickup,-14.2719,21.2334,2.0437,0.7505,-12.1909,0,1,1,Ready,0,9,17.8223,11.8172,0,0,Perfect,,1.6575,-12.1077,0,11.2,0,0.0433,8.35,0.5031,0,0
1757,Rally,Ultimate,0,-0.015,34,2.0575,1.535,-10.3483,2.2993,0.1,-8.717,1,Forehand swing,1,0.1395,LowPickup,-14.941,19.2554,2.0488,0.7475,-12.175,0,1,1,Ready,0,9,17.8223,11.8172,0,0,Perfect,,1.6575,-12.1077,0,11.2,0,0.0433,8.35,0.5031,0,0
1758,Rally,Ultimate,0,-0.015,34,2.0575,1.535,-10.3594,2.2993,0.1,-8.717,1,Forehand swing,1,0.1395,LowPickup,-15.6101,17.2884,2.0533,0.7445,-12.159,0,1,1,Ready,0,9,17.8223,11.8172,0,0,Perfect,,1.6575,-12.1077,0,11.2,0,0.0433,8.35,0.5031,0,0
1759,Rally,Ultimate,0,-0.015,34,2.0575,1.535,-10.3716,2.2993,0.1,-8.717,1,Forehand swing,1,0.1395,LowPickup,-16.2793,15.3282,2.0574,0.7416,-12.143,0,1,1,Ready,0,9,17.8223,11.8172,0,0,Perfect,,1.6575,-12.1077,0,11.2,0,0.0433,8.35,0.5031,0,0
1760,Rally,Ultimate,0,-0.015,34,2.0575,1.535,-10.3846,2.2993,0.1,-8.717,1,Forehand swing,1,0.1395,LowPickup,-16.9484,13.375,2.0609,0.7387,-12.1268,0,1,1,Ready,0,9,17.8223,11.8172,0,0,Perfect,,1.6575,-12.1077,0,11.2,0,0.0433,8.35,0.5031,0,0
1761,Rally,Ultimate,0,-0.015,34,2.0575,1.535,-10.3985,2.2993,0.1,-8.717,1,Forehand swing,1,0.1395,LowPickup,-17.6176,11.4297,2.0639,0.7358,-12.1107,0,1,1,Ready,0,9,17.8223,11.8172,0,0,Perfect,,1.6575,-12.1077,0,11.2,0,0.0433,8.35,0.5031,0,0
1762,Rally,Ultimate,0,-0.015,34,2.0575,1.535,-10.4129,2.2993,0.1,-8.717,1,Forehand swing,1,0.1395,LowPickup,-18.2868,9.4885,2.0664,0.733,-12.0944,0,1,1,Ready,0,9,17.8223,11.8172,0,0,Perfect,,1.6575,-12.1077,0,11.2,0,0.0433,8.35,0.5031,0,0
1763,Rally,Ultimate,0,-0.015,34,2.0575,1.535,-10.4279,2.2993,0.1,-8.717,1,Forehand swing,1,0.1395,LowPickup,-18.956,7.5502,2.0683,0.7303,-12.078,0,1,1,Ready,0,9,17.8223,11.8172,0,0,Perfect,,1.6575,-12.1077,0,11.2,0,0.0433,8.35,0.5031,0,0
1764,Rally,Ultimate,0,-0.015,34,2.0575,1.535,-10.4432,2.2993,0.1,-8.717,1,Forehand swing,1,0.1395,LowPickup,-19.6251,5.6157,2.0696,0.7278,-12.0615,0,1,1,Ready,0,9,17.8223,11.8172,0,0,Perfect,,1.6575,-12.1077,0,11.2,0,0.0433,8.35,0.5031,0,0
1765,Rally,Ultimate,0,-0.015,34,2.0575,1.535,-10.4589,2.2993,0.1,-8.717,1,Forehand swing,1,0.1395,LowPickup,-20.2944,3.6843,2.0703,0.7254,-12.0448,0,1,1,Ready,0,9,17.8223,11.8172,0,0,Perfect,,1.6575,-12.1077,0,11.2,0,0.0433,8.35,0.5031,0,0
1766,Rally,Ultimate,0,-0.015,34,2.0575,1.535,-10.4748,2.2993,0.1,-8.717,1,Forehand swing,1,0.1395,LowPickup,-20.9636,1.7561,2.0703,0.7232,-12.0281,0,1,1,Ready,0,9,17.8223,11.8172,0,0,Perfect,,1.6575,-12.1077,0,11.2,0,0.0433,8.35,0.5031,0,0
1767,Rally,Ultimate,0,-0.015,34,2.0575,1.535,-10.4907,2.2993,0.1,-8.717,1,Forehand swing,1,0.1395,LowPickup,-21.6328,-0.1695,2.0696,0.7212,-12.0112,0,1,1,Ready,0,9,17.8223,11.8172,0,0,Perfect,,1.6575,-12.1077,0,11.2,0,0.0433,8.35,0.5031,0,0
1768,Rally,Ultimate,0,-0.015,34,2.0575,1.535,-10.5065,2.2993,0.1,-8.717,1,Forehand swing,1,0.1395,LowPickup,-22.3021,-2.0921,2.0683,0.7195,-11.9942,0,1,1,Ready,0,9,17.8223,11.8172,0,0,Perfect,,1.6575,-12.1077,0,11.2,0,0.0433,8.35,0.5031,0,0
1769,Rally,Ultimate,0,-0.015,34,2.0575,1.535,-10.5222,2.2993,0.1,-8.717,1,Forehand swing,1,0.1395,LowPickup,-22.9713,-4.0116,2.0662,0.7182,-11.9771,0,1,1,Ready,0,9,17.8223,11.8172,0,0,Perfect,,1.6575,-12.1077,0,11.2,0,0.0433,8.35,0.5031,0,0
1770,Rally,Ultimate,0,-0.015,34,2.0575,1.535,-10.5376,2.2993,0.1,-8.717,1,Forehand swing,1,0.1395,LowPickup,-23.6406,-5.9272,2.0634,0.7172,-11.9599,0,1,1,Ready,0,9,17.8223,11.8172,0,0,Perfect,,1.6575,-12.1077,0,11.2,0,0.0433,8.35,0.5031,0,0
1771,Rally,Ultimate,0,-0.015,34,2.0575,1.535,-10.5525,2.2993,0.1,-8.717,1,Forehand swing,1,0.1395,LowPickup,-24.3098,-7.8388,2.0598,0.7166,-11.9426,0,1,1,Ready,0,9,17.8223,11.8172,0,0,Perfect,,1.6575,-12.1077,0,11.2,0,0.0433,8.35,0.5031,0,0
1772,Rally,Ultimate,0,-0.015,34,2.0575,1.535,-10.567,2.2993,0.1,-8.717,1,Forehand swing,1,0.1395,LowPickup,-24.3098,-7.8472,2.0591,0.7176,-11.9419,0,1,1,Ready,0,9,17.8223,11.8172,0,0,Perfect,,1.6575,-12.1077,0,11.2,0,0.0433,8.35,0.5031,0,0
1773,Rally,Ultimate,0,-0.015,34,2.0575,1.535,-10.5808,2.2993,0.1,-8.717,1,Forehand swing,1,0.1395,LowPickup,-24.3098,-7.8557,2.0584,0.7185,-11.9412,0,1,1,Ready,0,9,17.8223,11.8172,0,0,Perfect,,1.6575,-12.1077,0,11.2,0,0.0433,8.35,0.5031,0,0
1774,Rally,Ultimate,0,-0.015,34,2.0575,1.535,-10.5938,2.2993,0.1,-8.717,1,Forehand swing,1,0.1395,LowPickup,-24.3098,-7.8653,2.0576,0.7196,-11.9403,0,1,1,Ready,0,9,17.8223,11.8172,0,0,Perfect,,1.6575,-12.1077,0,11.2,0,0.0433,8.35,0.5031,0,0
1775,Rally,Ultimate,0,-0.015,34,2.0575,1.535,-10.606,2.2993,0.1,-8.717,1,Forehand swing,1,0.1395,LowPickup,-24.3098,-7.8753,2.0567,0.7208,-11.9395,0,1,1,Ready,0,9,17.8223,11.8172,0,0,Perfect,,1.6575,-12.1077,0,11.2,0,0.0433,8.35,0.5031,0,0
1776,Rally,Ultimate,0,-0.015,34,2.0575,1.535,-10.6171,2.2993,0.1,-8.717,1,Forehand swing,1,0.1395,LowPickup,-24.3098,-7.8841,2.056,0.7218,-11.9387,0,1,1,Ready,0,9,17.8223,11.8172,0,0,Perfect,,1.6575,-12.1077,0,11.2,0,0.0433,8.35,0.5031,0,0
1777,Rally,Ultimate,0,-0.015,34,2.0575,1.535,-10.6272,2.2993,0.1,-8.717,1,Forehand swing,1,0.1395,LowPickup,-24.3098,-7.8924,2.0552,0.7228,-11.9379,0,1,1,Ready,0,9,17.8223,11.8172,0,0,Perfect,,1.6575,-12.1077,0,11.2,0,0.0433,8.35,0.5031,0,0
1778,Rally,Ultimate,0,-0.015,34,2.0575,1.535,-10.636,2.2993,0.1,-8.717,1,Forehand swing,1,0.1395,LowPickup,-24.3098,-7.9007,2.0545,0.7239,-11.9372,0,1,1,Ready,0,9,17.8223,11.8172,0,0,Perfect,,1.6575,-12.1077,0,11.2,0,0.0433,8.35,0.5031,0,0
1779,Rally,Ultimate,0,-0.015,34,2.0575,1.535,-10.6435,2.2993,0.1,-8.717,1,Forehand swing,1,0.1395,LowPickup,-24.3098,-7.9074,2.0538,0.7247,-11.9366,0,1,1,Ready,0,9,17.8223,11.8172,0,0,Perfect,,1.6575,-12.1077,0,11.2,0,0.0433,8.35,0.5031,0,0
1780,Rally,Ultimate,0,-0.015,34,2.0575,1.535,-10.6496,2.2993,0.1,-8.717,1,Forehand swing,1,0.1395,LowPickup,-24.3098,-7.9119,2.0534,0.7253,-11.9361,0,1,1,Ready,0,9,17.8223,11.8172,0,0,Perfect,,1.6575,-12.1077,0,11.2,0,0.0433,8.35,0.5031,0,0
1781,Rally,Ultimate,0,-0.015,34,2.0575,1.535,-10.654,2.2993,0.1,-8.717,1,Forehand swing,1,0.1395,LowPickup,-24.3098,-7.9152,2.0531,0.7257,-11.9358,0,1,1,Ready,0,9,17.8223,11.8172,0,0,Perfect,,1.6575,-12.1077,0,11.2,0,0.0433,8.35,0.5031,0,0
1782,Rally,Ultimate,0,-0.015,34,2.0575,1.535,-10.6568,2.2993,0.1,-8.717,1,Forehand swing,1,0.1395,LowPickup,-24.3098,-7.9172,2.0529,0.726,-11.9357,0,1,1,Ready,0,9,17.8223,11.8172,0,0,Perfect,,1.6575,-12.1077,0,11.2,0,0.0433,8.35,0.5031,0,0
1783,Rally,Ultimate,0,-0.015,43,3.4575,0.835,-9.8077,2.2993,0.1,-8.717,1,Forehand swing,1,0.1395,LowPickup,-24.3098,-7.9176,2.0529,0.7261,-11.9356,0,1,1,Ready,0,9,17.8223,11.8172,0,0,Perfect,,1.6575,-12.1077,0,11.2,9,0.0433,8.35,0.5031,0,0
1784,Rally,Ultimate,0,-0.015,43,3.4366,0.835,-9.8077,2.2993,0.1,-8.717,1,Forehand swing,1,0.1395,LowPickup,-24.3098,-7.9165,2.0529,0.7259,-11.9357,0,1,1,Ready,0,9,17.8223,11.8172,0,0,Perfect,,1.6575,-12.1077,0,11.2,0,0.0433,8.35,0.5031,0,0
1785,Rally,Ultimate,0,-0.015,43,3.4158,0.835,-9.8077,2.2993,0.1,-8.717,1,Forehand swing,1,0.1395,LowPickup,-24.3098,-7.9137,2.0532,0.7255,-11.936,0,1,1,Ready,0,9,17.8223,11.8172,0,0,Perfect,,1.6575,-12.1077,0,11.2,0,0.0433,8.35,0.5031,0,0
1786,Rally,Ultimate,0,-0.015,43,3.395,0.835,-9.8077,2.2993,0.1,-8.717,1,Forehand swing,1,0.1395,LowPickup,-24.3098,-7.9096,2.0536,0.725,-11.9364,0,1,1,Ready,0,9,17.8223,11.8172,0,0,Perfect,,1.6575,-12.1077,0,11.2,0,0.0433,8.35,0.5031,0,0
1787,Rally,Ultimate,0,-0.015,43,3.3741,0.835,-9.8077,2.2993,0.1,-8.717,1,Forehand swing,1,0.1395,LowPickup,-24.3098,-7.904,2.0541,0.7243,-11.9369,0,1,1,Ready,0,9,17.8223,11.8172,0,0,Perfect,,1.6575,-12.1077,0,11.2,0,0.0433,8.35,0.5031,0,0
1788,Rally,Ultimate,0,-0.015,43,3.3533,0.835,-9.8077,2.2993,0.1,-8.717,1,Forehand swing,1,0.1395,LowPickup,-24.3098,-7.8972,2.0547,0.7234,-11.9376,0,1,1,Ready,0,9,17.8223,11.8172,0,0,Perfect,,1.6575,-12.1077,0,11.2,0,0.0433,8.35,0.5031,0,0
1789,Rally,Ultimate,0,-0.015,43,3.3325,0.835,-9.8077,2.2993,0.1,-8.717,1,Forehand swing,1,0.1395,LowPickup,-24.3098,-7.8885,2.0555,0.7224,-11.9384,0,1,1,Ready,0,9,17.8223,11.8172,0,0,Perfect,,1.6575,-12.1077,0,11.2,0,0.0433,8.35,0.5031,0,0
1790,Rally,Ultimate,0,-0.015,43,3.3116,0.835,-9.8077,2.2993,0.1,-8.717,1,Forehand swing,1,0.1395,LowPickup,-24.3098,-7.8796,2.0562,0.7213,-11.9392,0,1,1,Ready,0,9,17.8223,11.8172,0,0,Perfect,,1.6575,-12.1077,0,11.2,0,0.0433,8.35,0.5031,0,0
1791,Rally,Ultimate,0,-0.015,43,3.2908,0.835,-9.8077,2.2993,0.1,-8.717,1,Forehand swing,1,0.1395,LowPickup,-24.3098,-7.8699,2.0571,0.7201,-11.94,0,1,1,Ready,0,9,17.8223,11.8172,0,0,Perfect,,1.6575,-12.1077,0,11.2,0,0.0433,8.35,0.5031,0,0
1792,Rally,Ultimate,0,-0.015,43,3.27,0.835,-9.8077,2.2993,0.1,-8.717,1,Forehand swing,1,0.1395,LowPickup,-24.3098,-7.8596,2.0579,0.719,-11.9409,0,1,1,Ready,0,9,17.8223,11.8172,0,0,Perfect,,1.6575,-12.1077,0,11.2,0,0.0433,8.35,0.5031,0,0
1793,Rally,Ultimate,0,-0.015,43,3.2491,0.835,-9.8077,2.2993,0.1,-8.717,1,Forehand swing,1,0.1395,LowPickup,-24.3098,-7.8505,2.0587,0.7179,-11.9417,0,1,1,Ready,0,9,17.8223,11.8172,0,0,Perfect,,1.6575,-12.1077,0,11.2,0,0.0433,8.35,0.5031,0,0
1794,Rally,Ultimate,0,-0.015,43,3.2283,0.835,-9.8077,2.2993,0.1,-8.717,1,Forehand swing,1,0.1395,LowPickup,-24.3098,-7.8408,2.0595,0.7169,-11.9425,0,1,1,Ready,0,9,17.8223,11.8172,0,0,Perfect,,1.6575,-12.1077,0,11.2,0,0.0433,8.35,0.5031,0,0
1795,Rally,Ultimate,0,-0.015,43,3.2075,0.835,-9.8077,2.2993,0.1,-8.717,1,Forehand swing,1,0.1395,LowPickup,-24.3098,-7.8328,2.0601,0.716,-11.9432,0,1,1,Ready,0,9,17.8223,11.8172,0,0,Perfect,,1.6575,-12.1077,0,11.2,0,0.0433,8.35,0.5031,0,0
1796,Rally,Ultimate,0,-0.015,43,3.1866,0.835,-9.8077,2.2993,0.1,-8.717,1,Forehand swing,1,0.1395,LowPickup,-24.3098,-7.8266,2.0606,0.7153,-11.9437,0,1,1,Ready,0,9,17.8223,11.8172,0,0,Perfect,,1.6575,-12.1077,0,11.2,0,0.0433,8.35,0.5031,0,0
1797,Rally,Ultimate,0,-0.015,43,3.1658,0.835,-9.8077,2.2993,0.1,-8.717,1,Forehand swing,1,0.1395,LowPickup,-24.3098,-7.8229,2.0609,0.7149,-11.9439,0,1,1,Ready,0,9,17.8223,11.8172,0,0,Perfect,,1.6575,-12.1077,0,11.2,0,0.0433,8.35,0.5031,0,0
1798,Rally,Ultimate,0,-0.015,43,3.145,0.835,-9.8077,2.2993,0.1,-8.717,1,Forehand swing,1,0.1395,LowPickup,-24.3098,-7.8208,2.0611,0.7147,-11.9441,0,1,1,Ready,0,9,17.8223,11.8172,0,0,Perfect,,1.6575,-12.1077,0,11.2,0,0.0433,8.35,0.5031,0,0
1799,Rally,Ultimate,0,-0.015,43,3.1241,0.835,-9.8077,2.2993,0.1,-8.717,1,Forehand swing,1,0.1395,LowPickup,-24.3098,-7.8205,2.0611,0.7147,-11.9441,0,1,1,Ready,0,9,17.8223,11.8172,0,0,Perfect,,1.6575,-12.1077,0,11.2,0,0.0433,8.35,0.5031,0,0
1800,Rally,Ultimate,0,-0.015,43,3.1033,0.835,-9.8077,2.2993,0.1,-8.717,1,Forehand swing,1,0.1395,LowPickup,-24.3098,-7.8219,2.061,0.7148,-11.944,0,1,1,Ready,0,9,17.8223,11.8172,0,0,Perfect,,1.6575,-12.1077,0,11.2,0,0.0433,8.35,0.5031,0,0
1801,Rally,Ultimate,0,-0.015,43,3.0825,0.835,-9.8077,2.2993,0.1,-8.717,1,Forehand swing,1,0.1395,LowPickup,-24.3098,-7.825,2.0608,0.7152,-11.9437,0,1,1,Ready,0,9,17.8223,11.8172,0,0,Perfect,,1.6575,-12.1077,0,11.2,0,0.0433,8.35,0.5031,0,0
1802,Rally,Ultimate,0,-0.015,43,3.0616,0.835,-9.8077,2.2993,0.1,-8.717,1,Forehand swing,1,0.1395,LowPickup,-24.3098,-7.8302,2.0604,0.7157,-11.9433,0,1,1,Ready,0,9,17.8223,11.8172,0,0,Perfect,,1.6575,-12.1077,0,11.2,0,0.0433,8.35,0.5031,0,0
1803,Rally,Ultimate,0,-0.015,43,3.0408,0.835,-9.8077,2.2993,0.1,-8.717,1,Forehand swing,1,0.1395,LowPickup,-24.3098,-7.8371,2.0599,0.7165,-11.9427,0,1,1,Ready,0,9,17.8223,11.8172,0,0,Perfect,,1.6575,-12.1077,0,11.2,0,0.0433,8.35,0.5031,0,0
1804,Rally,Ultimate,0,-0.015,43,3.02,0.835,-9.8077,2.2993,0.1,-8.717,1,Forehand swing,1,0.1395,LowPickup,-24.3098,-7.8447,2.0593,0.7173,-11.9421,0,1,1,Ready,0,9,17.8223,11.8172,0,0,Perfect,,1.6575,-12.1077,0,11.2,0,0.0433,8.35,0.5031,0,0
1805,Rally,Ultimate,0,-0.015,43,2.9991,0.835,-9.8077,2.2993,0.1,-8.717,1,Forehand swing,1,0.1395,LowPickup,-24.3098,-7.8536,2.0585,0.7183,-11.9414,0,1,1,Ready,0,9,17.8223,11.8172,0,0,Perfect,,1.6575,-12.1077,0,11.2,0,0.0433,8.35,0.5031,0,0
1806,Rally,Ultimate,0,-0.015,43,2.9783,0.835,-9.8077,2.2993,0.1,-8.717,1,Forehand swing,1,0.1395,LowPickup,-24.3098,-7.8628,2.0578,0.7193,-11.9406,0,1,1,Ready,0,9,17.8223,11.8172,0,0,Perfect,,1.6575,-12.1077,0,11.2,0,0.0433,8.35,0.5031,0,0
1807,Rally,Ultimate,0,-0.015,43,2.9575,0.835,-9.8077,2.2993,0.1,-8.717,1,Forehand swing,1,0.1395,LowPickup,-24.3098,-7.8718,2.057,0.7204,-11.9398,0,1,1,Ready,0,9,17.8223,11.8172,0,0,Perfect,,1.6575,-12.1077,0,11.2,0,0.0433,8.35,0.5031,0,0
1808,Rally,Ultimate,0,-0.015,43,2.9366,0.835,-9.8077,2.2993,0.1,-8.717,1,Forehand swing,1,0.1395,LowPickup,-24.3098,-7.8812,2.0562,0.7215,-11.9389,0,1,1,Ready,0,9,17.8223,11.8172,0,0,Perfect,,1.6575,-12.1077,0,11.2,0,0.0433,8.35,0.5031,0,0
1809,Rally,Ultimate,0,-0.015,43,2.9158,0.835,-9.8077,2.2993,0.1,-8.717,1,Forehand swing,1,0.1395,LowPickup,-24.3098,-7.8908,2.0554,0.7227,-11.9381,0,1,1,Ready,0,9,17.8223,11.8172,0,0,Perfect,,1.6575,-12.1077,0,11.2,0,0.0433,8.35,0.5031,0,0
1810,Rally,Ultimate,0,-0.015,43,2.895,0.835,-9.8077,2.2993,0.1,-8.717,1,Forehand swing,1,0.1395,LowPickup,-24.3098,-7.8991,2.0546,0.7237,-11.9373,0,1,1,Ready,0,9,17.8223,11.8172,0,0,Perfect,,1.6575,-12.1077,0,11.2,0,0.0433,8.35,0.5031,0,0
1811,Rally,Ultimate,0,-0.015,43,2.8741,0.835,-9.8077,2.2993,0.1,-8.717,1,Forehand swing,1,0.1395,LowPickup,-24.3098,-7.9064,2.0539,0.7246,-11.9367,0,1,1,Ready,0,9,17.8223,11.8172,0,0,Perfect,,1.6575,-12.1077,0,11.2,0,0.0433,8.35,0.5031,0,0
1812,Rally,Ultimate,0,-0.015,43,2.8533,0.835,-9.8077,2.2993,0.1,-8.717,1,Forehand swing,1,0.1395,LowPickup,-24.3098,-7.9119,2.0534,0.7253,-11.9361,0,1,1,Ready,0,9,17.8223,11.8172,0,0,Perfect,,1.6575,-12.1077,0,11.2,0,0.0433,8.35,0.5031,0,0
1813,Rally,Ultimate,0,-0.015,43,2.8325,0.835,-9.8077,2.2993,0.1,-8.717,1,Forehand swing,1,0.1395,LowPickup,-24.3098,-7.9152,2.0531,0.7257,-11.9358,0,1,1,Ready,0,9,17.8223,11.8172,0,0,Perfect,,1.6575,-12.1077,0,11.2,0,0.0433,8.35,0.5031,0,0
1814,Rally,Ultimate,0,-0.015,43,2.8116,0.835,-9.8077,2.2993,0.1,-8.717,1,Forehand swing,1,0.1395,LowPickup,-24.3098,-7.9172,2.0529,0.726,-11.9357,0,1,1,Ready,0,9,17.8223,11.8172,0,0,Perfect,,1.6575,-12.1077,0,11.2,0,0.0433,8.35,0.5031,0,0
1815,Rally,Ultimate,0,-0.015,43,2.7908,0.835,-9.8077,2.2993,0.1,-8.717,1,Forehand swing,1,0.1395,LowPickup,-24.3098,-7.9176,2.0528,0.7261,-11.9356,0,1,1,Ready,0,9,17.8223,11.8172,0,0,Perfect,,1.6575,-12.1077,0,11.2,0,0.0433,8.35,0.5031,0,0
1816,Rally,Ultimate,0,-0.015,43,2.77,0.835,-9.8077,2.2993,0.1,-8.717,1,Forehand swing,1,0.1395,LowPickup,-24.3098,-7.9167,2.0529,0.7259,-11.9357,0,1,1,Ready,0,9,17.8223,11.8172,0,0,Perfect,,1.6575,-12.1077,0,11.2,0,0.0433,8.35,0.5031,0,0
1817,Rally,Ultimate,0,-0.015,43,2.7491,0.835,-9.8077,2.2993,0.1,-8.717,1,Forehand swing,1,0.1395,LowPickup,-24.3098,-7.9143,2.0531,0.7256,-11.9359,0,1,1,Ready,0,9,17.8223,11.8172,0,0,Perfect,,1.6575,-12.1077,0,11.2,0,0.0433,8.35,0.5031,0,0
1818,Rally,Ultimate,0,-0.015,43,2.7283,0.835,-9.8077,2.2993,0.1,-8.717,1,Forehand swing,1,0.1395,LowPickup,-24.3098,-7.9104,2.0535,0.7251,-11.9363,0,1,1,Ready,0,9,17.8223,11.8172,0,0,Perfect,,1.6575,-12.1077,0,11.2,0,0.0433,8.35,0.5031,0,0
1819,Rally,Ultimate,0,-0.015,43,2.7075,0.835,-9.8077,2.2993,0.1,-8.717,1,Forehand swing,1,0.1395,LowPickup,-24.3098,-7.9052,2.054,0.7245,-11.9368,0,1,1,Ready,0,9,17.8223,11.8172,0,0,Perfect,,1.6575,-12.1077,0,11.2,0,0.0433,8.35,0.5031,0,0
1820,Rally,Ultimate,0,-0.015,43,2.6866,0.835,-9.8077,2.2993,0.1,-8.717,1,Forehand swing,1,0.1395,LowPickup,-24.3098,-7.8988,2.0546,0.7236,-11.9374,0,1,1,Ready,0,9,17.8223,11.8172,0,0,Perfect,,1.6575,-12.1077,0,11.2,0,0.0433,8.35,0.5031,0,0
1821,Rally,Ultimate,0,-0.015,43,2.6658,0.835,-9.8077,2.2993,0.1,-8.717,1,Forehand swing,1,0.1395,LowPickup,-24.3098,-7.8917,2.0552,0.7228,-11.9381,0,1,1,Ready,0,9,17.8223,11.8172,0,0,Perfect,,1.6575,-12.1077,0,11.2,0,0.0433,8.35,0.5031,0,0
1822,Rally,Ultimate,0,-0.015,43,2.645,0.835,-9.8077,2.2993,0.1,-8.717,1,Forehand swing,1,0.1395,LowPickup,-24.3098,-7.8832,2.0559,0.7217,-11.9389,0,1,1,Ready,0,9,17.8223,11.8172,0,0,Perfect,,1.6575,-12.1077,0,11.2,0,0.0433,8.35,0.5031,0,0
1823,Rally,Ultimate,0,-0.015,43,2.6241,0.835,-9.8077,2.2993,0.1,-8.717,1,Forehand swing,1,0.1395,LowPickup,-24.3098,-7.8737,2.0567,0.7206,-11.9397,0,1,1,Ready,0,9,17.8223,11.8172,0,0,Perfect,,1.6575,-12.1077,0,11.2,0,0.0433,8.35,0.5031,0,0
1824,Rally,Ultimate,0,-0.015,43,2.6033,0.835,-9.8077,2.2993,0.1,-8.717,1,Forehand swing,1,0.1395,LowPickup,-24.3098,-7.8642,2.0576,0.7195,-11.9405,0,1,1,Ready,0,9,17.8223,11.8172,0,0,Perfect,,1.6575,-12.1077,0,11.2,0,0.0433,8.35,0.5031,0,0
1825,Rally,Ultimate,0,-0.015,43,2.5825,0.835,-9.8077,2.2993,0.1,-8.717,1,Forehand swing,1,0.1395,LowPickup,-24.3098,-7.8544,2.0584,0.7184,-11.9414,0,1,1,Ready,0,9,17.8223,11.8172,0,0,Perfect,,1.6575,-12.1077,0,11.2,0,0.0433,8.35,0.5031,0,0
1826,Rally,Ultimate,0,-0.015,43,2.5616,0.835,-9.8077,2.2993,0.1,-8.717,1,Forehand swing,1,0.1395,LowPickup,-24.3098,-7.8445,2.0592,0.7173,-11.9422,0,1,1,Ready,0,9,17.8223,11.8172,0,0,Perfect,,1.6575,-12.1077,0,11.2,0,0.0433,8.35,0.5031,0,0
1827,Rally,Ultimate,0,-0.015,43,2.5408,0.835,-9.8077,2.2993,0.1,-8.717,1,Forehand swing,1,0.1395,LowPickup,-24.3098,-7.8368,2.0598,0.7164,-11.9428,0,1,1,Ready,0,9,17.8223,11.8172,0,0,Perfect,,1.6575,-12.1077,0,11.2,0,0.0433,8.35,0.5031,0,0
1828,Rally,Ultimate,0,-0.015,43,2.52,0.835,-9.8077,2.2993,0.1,-8.717,1,Forehand swing,1,0.1395,LowPickup,-24.3098,-7.83,2.0604,0.7157,-11.9434,0,1,1,Ready,0,9,17.8223,11.8172,0,0,Perfect,,1.6575,-12.1077,0,11.2,0,0.0433,8.35,0.5031,0,0
1829,Rally,Ultimate,0,-0.015,43,2.4991,0.835,-9.8077,2.2993,0.1,-8.717,1,Forehand swing,1,0.1395,LowPickup,-24.3098,-7.8241,2.0608,0.7151,-11.9439,0,1,1,Ready,0,9,17.8223,11.8172,0,0,Perfect,,1.6575,-12.1077,0,11.2,0,0.0433,8.35,0.5031,0,0
1830,Rally,Ultimate,0,-0.015,43,2.4783,0.835,-9.8077,2.2993,0.1,-8.717,1,Forehand swing,1,0.1395,LowPickup,-24.3098,-7.8215,2.0611,0.7148,-11.9441,0,1,1,Ready,0,9,17.8223,11.8172,0,0,Perfect,,1.6575,-12.1077,0,11.2,0,0.0433,8.35,0.5031,0,0
1831,Rally,Ultimate,0,-0.015,43,2.4575,0.835,-9.8077,2.2993,0.1,-8.717,1,Forehand swing,1,0.1395,LowPickup,-24.3098,-7.8204,2.0611,0.7147,-11.9441,0,1,1,Ready,0,9,17.8223,11.8172,0,0,Perfect,,1.6575,-12.1077,0,11.2,0,0.0433,8.35,0.5031,0,0
1832,Rally,Ultimate,0,-0.015,44,0.1575,0.685,-8.6083,2.2993,0.1,-8.717,1,Forehand swing,1,0.1395,LowPickup,-24.3098,-7.8212,2.0611,0.7148,-11.9441,0,1,1,Ready,0,9,17.8223,11.8172,0,0,Perfect,,1.6575,-12.1077,0,11.2,1,0.0433,8.35,0.5031,0,0
1833,Rally,Ultimate,0,-0.015,44,0.1575,0.685,-8.61,2.2993,0.1,-8.717,1,Forehand swing,1,0.1395,LowPickup,-24.3098,-7.8235,2.0609,0.715,-11.9439,0,1,1,Ready,0,9,17.8223,11.8172,0,0,Perfect,,1.6575,-12.1077,0,11.2,0,0.0433,8.35,0.5031,0,0
1834,Rally,Ultimate,0,-0.015,44,0.1575,0.685,-8.6127,2.2993,0.1,-8.717,1,Forehand swing,1,0.1395,LowPickup,-24.3098,-7.8276,2.0606,0.7154,-11.9435,0,1,1,Ready,0,9,17.8223,11.8172,0,0,Perfect,,1.6575,-12.1077,0,11.2,0,0.0433,8.35,0.5031,0,0
1835,Rally,Ultimate,0,-0.015,44,0.1575,0.685,-8.6164,2.2993,0.1,-8.717,1,Forehand swing,1,0.1395,LowPickup,-24.3098,-7.8332,2.0602,0.716,-11.9431,0,1,1,Ready,0,9,17.8223,11.8172,0,0,Perfect,,1.6575,-12.1077,0,11.2,0,0.0433,8.35,0.5031,0,0
1836,Rally,Ultimate,0,-0.015,44,0.1575,0.685,-8.6212,2.2993,0.1,-8.717,1,Forehand swing,1,0.1395,LowPickup,-24.3098,-7.84,2.0596,0.7168,-11.9425,0,1,1,Ready,0,9,17.8223,11.8172,0,0,Perfect,,1.6575,-12.1077,0,11.2,0,0.0433,8.35,0.5031,0,0
1837,Rally,Ultimate,0,-0.015,44,0.1575,0.685,-8.6268,2.2993,0.1,-8.717,1,Forehand swing,1,0.1395,LowPickup,-24.3098,-7.8488,2.0589,0.7177,-11.9418,0,1,1,Ready,0,9,17.8223,11.8172,0,0,Perfect,,1.6575,-12.1077,0,11.2,0,0.0433,8.35,0.5031,0,0
1838,Rally,Ultimate,0,-0.015,44,0.1575,0.685,-8.6334,2.2993,0.1,-8.717,1,Forehand swing,1,0.1395,LowPickup,-24.3098,-7.8575,2.0582,0.7187,-11.941,0,1,1,Ready,0,9,17.8223,11.8172,0,0,Perfect,,1.6575,-12.1077,0,11.2,0,0.0433,8.35,0.5031,0,0
1839,Rally,Ultimate,0,-0.015,44,0.1575,0.685,-8.6408,2.2993,0.1,-8.717,1,Forehand swing,1,0.1395,LowPickup,-24.3098,-7.8665,2.0575,0.7197,-11.9402,0,1,1,Ready,0,9,17.8223,11.8172,0,0,Perfect,,1.6575,-12.1077,0,11.2,0,0.0433,8.35,0.5031,0,0
1840,Rally,Ultimate,0,-0.015,44,0.1575,0.685,-8.6489,2.2993,0.1,-8.717,1,Forehand swing,1,0.1395,LowPickup,-24.3098,-7.8767,2.0566,0.7209,-11.9393,0,1,1,Ready,0,9,17.8223,11.8172,0,0,Perfect,,1.6575,-12.1077,0,11.2,0,0.0433,8.35,0.5031,0,0
1841,Rally,Ultimate,0,-0.015,44,0.1575,0.685,-8.6578,2.2993,0.1,-8.717,1,Forehand swing,1,0.1395,LowPickup,-24.3098,-7.8859,2.0558,0.722,-11.9385,0,1,1,Ready,0,9,17.8223,11.8172,0,0,Perfect,,1.6575,-12.1077,0,11.2,0,0.0433,8.35,0.5031,0,0
1842,Rally,Ultimate,0,-0.015,44,0.1575,0.685,-8.6675,2.2993,0.1,-8.717,1,Forehand swing,1,0.1395,LowPickup,-24.3098,-7.8948,2.055,0.7231,-11.9377,0,1,1,Ready,0,9,17.8223,11.8172,0,0,Perfect,,1.6575,-12.1077,0,11.2,0,0.0433,8.35,0.5031,0,0
1843,Rally,Ultimate,0,-0.015,44,0.1575,0.685,-8.6777,2.2993,0.1,-8.717,1,Forehand swing,1,0.1395,LowPickup,-24.3098,-7.9029,2.0543,0.7242,-11.937,0,1,1,Ready,0,9,17.8223,11.8172,0,0,Perfect,,1.6575,-12.1077,0,11.2,0,0.0433,8.35,0.5031,0,0
1844,Rally,Ultimate,0,-0.015,44,0.1575,0.685,-8.6886,2.2993,0.1,-8.717,1,Forehand swing,1,0.1395,LowPickup,-24.3098,-7.9087,2.0537,0.7249,-11.9364,0,1,1,Ready,0,9,17.8223,11.8172,0,0,Perfect,,1.6575,-12.1077,0,11.2,0,0.0433,8.35,0.5031,0,0
1845,Rally,Ultimate,0,-0.015,44,0.1575,0.685,-8.7001,2.2993,0.1,-8.717,1,Forehand swing,1,0.1395,LowPickup,-24.3098,-7.9137,2.0533,0.7255,-11.936,0,1,1,Ready,0,9,17.8223,11.8172,0,0,Perfect,,1.6575,-12.1077,0,11.2,0,0.0433,8.35,0.5031,0,0
1846,Rally,Ultimate,0,-0.015,44,0.1575,0.685,-8.712,2.2993,0.1,-8.717,1,Forehand swing,1,0.1395,LowPickup,-24.3098,-7.9167,2.053,0.7259,-11.9357,0,1,1,Ready,0,9,17.8223,11.8172,0,0,Perfect,,1.6575,-12.1077,0,11.2,0,0.0433,8.35,0.5031,0,0
1847,Rally,Ultimate,0,-0.015,44,0.1575,0.685,-8.7245,2.2993,0.1,-8.717,1,Forehand swing,1,0.1395,LowPickup,-24.3098,-7.9176,2.0529,0.7261,-11.9356,0,1,1,Ready,0,9,17.8223,11.8172,0,0,Perfect,,1.6575,-12.1077,0,11.2,0,0.0433,8.35,0.5031,0,0
1848,Rally,Ultimate,0,-0.015,44,0.1575,0.685,-8.7373,2.2993,0.1,-8.717,1,Forehand swing,1,0.1395,LowPickup,-24.3098,-7.917,2.0529,0.726,-11.9357,0,1,1,Ready,0,9,17.8223,11.8172,0,0,Perfect,,1.6575,-12.1077,0,11.2,0,0.0433,8.35,0.5031,0,0
1849,Rally,Ultimate,0,-0.015,44,0.1575,0.685,-8.7506,2.2993,0.1,-8.717,1,Forehand swing,1,0.1395,LowPickup,-24.3098,-7.9148,2.0531,0.7257,-11.9359,0,1,1,Ready,0,9,17.8223,11.8172,0,0,Perfect,,1.6575,-12.1077,0,11.2,0,0.0433,8.35,0.5031,0,0
1850,Rally,Ultimate,0,-0.015,44,0.1575,0.685,-8.7642,2.2993,0.1,-8.717,1,Forehand swing,1,0.1395,LowPickup,-24.3098,-7.911,2.0534,0.7252,-11.9363,0,1,1,Ready,0,9,17.8223,11.8172,0,0,Perfect,,1.6575,-12.1077,0,11.2,0,0.0433,8.35,0.5031,0,0
1851,Rally,Ultimate,0,-0.015,44,0.1575,0.685,-8.7781,2.2993,0.1,-8.717,1,Forehand swing,1,0.1395,LowPickup,-24.3098,-7.9058,2.0539,0.7245,-11.9368,0,1,1,Ready,0,9,17.8223,11.8172,0,0,Perfect,,1.6575,-12.1077,0,11.2,0,0.0433,8.35,0.5031,0,0
1852,Rally,Ultimate,0,-0.015,44,0.1575,0.685,-8.7922,2.2993,0.1,-8.717,1,Forehand swing,1,0.1395,LowPickup,-24.3098,-7.899,2.0545,0.7237,-11.9374,0,1,1,Ready,0,9,17.8223,11.8172,0,0,Perfect,,1.6575,-12.1077,0,11.2,0,0.0433,8.35,0.5031,0,0
1853,Rally,Ultimate,0,-0.015,44,0.1575,0.685,-8.8066,2.2993,0.1,-8.717,1,Forehand swing,1,0.1395,LowPickup,-24.3098,-7.8915,2.0552,0.7227,-11.9381,0,1,1,Ready,0,9,17.8223,11.8172,0,0,Perfect,,1.6575,-12.1077,0,11.2,0,0.0433,8.35,0.5031,0,0
1854,Rally,Ultimate,0,-0.015,44,0.1575,0.685,-8.8211,2.2993,0.1,-8.717,1,Forehand swing,1,0.1395,LowPickup,-24.3098,-7.8822,2.056,0.7216,-11.939,0,1,1,Ready,0,9,17.8223,11.8172,0,0,Perfect,,1.6575,-12.1077,0,11.2,0,0.0433,8.35,0.5031,0,0
1855,Rally,Ultimate,0,-0.015,44,0.1575,0.685,-8.8357,2.2993,0.1,-8.717,1,Forehand swing,1,0.1395,LowPickup,-24.3098,-7.8722,2.0569,0.7204,-11.9398,0,1,1,Ready,0,9,17.8223,11.8172,0,0,Perfect,,1.6575,-12.1077,0,11.2,0,0.0433,8.35,0.5031,0,0
1856,Rally,Ultimate,0,-0.015,44,0.1575,0.685,-8.8504,2.2993,0.1,-8.717,1,Forehand swing,1,0.1395,LowPickup,-24.3098,-7.8631,2.0577,0.7194,-11.9406,0,1,1,Ready,0,9,17.8223,11.8172,0,0,Perfect,,1.6575,-12.1077,0,11.2,0,0.0433,8.35,0.5031,0,0
1857,Rally,Ultimate,0,-0.015,44,0.1575,0.685,-8.8651,2.2993,0.1,-8.717,1,Forehand swing,1,0.1395,LowPickup,-24.3098,-7.854,2.0584,0.7183,-11.9414,0,1,1,Ready,0,9,17.8223,11.8172,0,0,Perfect,,1.6575,-12.1077,0,11.2,0,0.0433,8.35,0.5031,0,0
1858,Rally,Ultimate,0,-0.015,44,0.1575,0.685,-8.8797,2.2993,0.1,-8.717,1,Forehand swing,1,0.1395,LowPickup,-24.3098,-7.8446,2.0592,0.7173,-11.9422,0,1,1,Ready,0,9,17.8223,11.8172,0,0,Perfect,,1.6575,-12.1077,0,11.2,0,0.0433,8.35,0.5031,0,0
1859,Rally,Ultimate,0,-0.015,44,0.1575,0.685,-8.8944,2.2993,0.1,-8.717,1,Forehand swing,1,0.1395,LowPickup,-24.3098,-7.8368,2.0598,0.7164,-11.9428,0,1,1,Ready,0,9,17.8223,11.8172,0,0,Perfect,,1.6575,-12.1077,0,11.2,0,0.0433,8.35,0.5031,0,0
1860,Rally,Ultimate,0,-0.015,44,0.1575,0.685,-8.9089,2.2993,0.1,-8.717,1,Forehand swing,1,0.1395,LowPickup,-24.3098,-7.8296,2.0604,0.7156,-11.9434,0,1,1,Ready,0,9,17.8223,11.8172,0,0,Perfect,,1.6575,-12.1077,0,11.2,0,0.0433,8.35,0.5031,0,0
1861,Rally,Ultimate,0,-0.015,44,0.1575,0.685,-8.9232,2.2993,0.1,-8.717,1,Forehand swing,1,0.1395,LowPickup,-24.3098,-7.8237,2.0609,0.715,-11.9439,0,1,1,Ready,0,9,17.8223,11.8172,0,0,Perfect,,1.6575,-12.1077,0,11.2,0,0.0433,8.35,0.5031,0,0
1862,Rally,Ultimate,0,-0.015,44,0.1575,0.685,-8.9373,2.2993,0.1,-8.717,1,Forehand swing,1,0.1395,LowPickup,-24.3098,-7.8209,2.0611,0.7147,-11.9441,0,1,1,Ready,0,9,17.8223,11.8172,0,0,Perfect,,1.6575,-12.1077,0,11.2,0,0.0433,8.35,0.5031,0,0
1863,Rally,Ultimate,0,-0.015,44,0.1575,0.685,-8.9512,2.2993,0.1,-8.717,1,Forehand swing,1,0.1395,LowPickup,-24.3098,-7.8205,2.0611,0.7147,-11.9441,0,1,1,Ready,0,9,17.8223,11.8172,0,0,Perfect,,1.6575,-12.1077,0,11.2,0,0.0433,8.35,0.5031,0,0
1864,Rally,Ultimate,0,-0.015,44,0.1575,0.685,-8.9648,2.2993,0.1,-8.717,1,Forehand swing,1,0.1395,LowPickup,-24.3098,-7.8217,2.0611,0.7148,-11.944,0,1,1,Ready,0,9,17.8223,11.8172,0,0,Perfect,,1.6575,-12.1077,0,11.2,0,0.0433,8.35,0.5031,0,0
1865,Rally,Ultimate,0,-0.015,44,0.1575,0.685,-8.9781,2.2993,0.1,-8.717,1,Forehand swing,1,0.1395,LowPickup,-24.3098,-7.8248,2.0608,0.7151,-11.9438,0,1,1,Ready,0,9,17.8223,11.8172,0,0,Perfect,,1.6575,-12.1077,0,11.2,0,0.0433,8.35,0.5031,0,0
1866,Rally,Ultimate,0,-0.015,44,0.1575,0.685,-8.9909,2.2993,0.1,-8.717,1,Forehand swing,1,0.1395,LowPickup,-24.3098,-7.8293,2.0605,0.7156,-11.9434,0,1,1,Ready,0,9,17.8223,11.8172,0,0,Perfect,,1.6575,-12.1077,0,11.2,0,0.0433,8.35,0.5031,0,0
1867,Rally,Ultimate,0,-0.015,44,0.1575,0.685,-9.0034,2.2993,0.1,-8.717,1,Forehand swing,1,0.1395,LowPickup,-24.3098,-7.8355,2.06,0.7163,-11.9429,0,1,1,Ready,0,9,17.8223,11.8172,0,0,Perfect,,1.6575,-12.1077,0,11.2,0,0.0433,8.35,0.5031,0,0
1868,Rally,Ultimate,0,-0.015,44,0.1575,0.685,-9.0154,2.2993,0.1,-8.717,1,Forehand swing,1,0.1395,LowPickup,-24.3098,-7.8429,2.0594,0.7171,-11.9423,0,1,1,Ready,0,9,17.8223,11.8172,0,0,Perfect,,1.6575,-12.1077,0,11.2,0,0.0433,8.35,0.5031,0,0
1869,Rally,Ultimate,0,-0.015,44,0.1575,0.685,-9.0268,2.2993,0.1,-8.717,1,Forehand swing,1,0.1395,LowPickup,-24.3098,-7.8511,2.0587,0.718,-11.9416,0,1,1,Ready,0,9,17.8223,11.8172,0,0,Perfect,,1.6575,-12.1077,0,11.2,0,0.0433,8.35,0.5031,0,0
1870,Rally,Ultimate,0,-0.015,44,0.1575,0.685,-9.0377,2.2993,0.1,-8.717,1,Forehand swing,1,0.1395,LowPickup,-24.3098,-7.86,2.058,0.719,-11.9408,0,1,1,Ready,0,9,17.8223,11.8172,0,0,Perfect,,1.6575,-12.1077,0,11.2,0,0.0433,8.35,0.5031,0,0
1871,Rally,Ultimate,0,-0.015,44,0.1575,0.685,-9.048,2.2993,0.1,-8.717,1,Forehand swing,1,0.1395,LowPickup,-24.3098,-7.8699,2.0572,0.7201,-11.9399,0,1,1,Ready,0,9,17.8223,11.8172,0,0,Perfect,,1.6575,-12.1077,0,11.2,0,0.0433,8.35,0.5031,0,0
1872,Rally,Ultimate,0,-0.015,44,0.1575,0.685,-9.0576,2.2993,0.1,-8.717,1,Forehand swing,1,0.1395,LowPickup,-24.3098,-7.8791,2.0564,0.7212,-11.9391,0,1,1,Ready,0,9,17.8223,11.8172,0,0,Perfect,,1.6575,-12.1077,0,11.2,0,0.0433,8.35,0.5031,0,0
1873,Rally,Ultimate,0,-0.015,44,0.1575,0.685,-9.0665,2.2993,0.1,-8.717,1,Forehand swing,1,0.1395,LowPickup,-24.3098,-7.8877,2.0556,0.7223,-11.9384,0,1,1,Ready,0,9,17.8223,11.8172,0,0,Perfect,,1.6575,-12.1077,0,11.2,0,0.0433,8.35,0.5031,0,0
1874,Rally,Ultimate,0,-0.015,44,0.1575,0.685,-9.0747,2.2993,0.1,-8.717,1,Forehand swing,1,0.1395,LowPickup,-24.3098,-7.8962,2.0549,0.7233,-11.9376,0,1,1,Ready,0,9,17.8223,11.8172,0,0,Perfect,,1.6575,-12.1077,0,11.2,0,0.0433,8.35,0.5031,0,0
1875,Rally,Ultimate,0,-0.015,44,0.1575,0.685,-9.082,2.2993,0.1,-8.717,1,Forehand swing,1,0.1395,LowPickup,-24.3098,-7.9038,2.0542,0.7243,-11.9369,0,1,1,Ready,0,9,17.8223,11.8172,0,0,Perfect,,1.6575,-12.1077,0,11.2,0,0.0433,8.35,0.5031,0,0
1876,Rally,Ultimate,0,-0.015,44,0.1575,0.685,-9.0886,2.2993,0.1,-8.717,1,Forehand swing,1,0.1395,LowPickup,-24.3098,-7.9103,2.0536,0.7251,-11.9363,0,1,1,Ready,0,9,17.8223,11.8172,0,0,Perfect,,1.6575,-12.1077,0,11.2,0,0.0433,8.35,0.5031,0,0
1877,Rally,Ultimate,0,-0.015,44,0.1575,0.685,-9.0942,2.2993,0.1,-8.717,1,Forehand swing,1,0.1395,LowPickup,-24.3098,-7.9146,2.0532,0.7257,-11.9359,0,1,1,Ready,0,9,17.8223,11.8172,0,0,Perfect,,1.6575,-12.1077,0,11.2,0,0.0433,8.35,0.5031,0,0
1878,Rally,Ultimate,0,-0.015,44,0.1575,0.685,-9.099,2.2993,0.1,-8.717,1,Forehand swing,1,0.1395,LowPickup,-24.3098,-7.917,2.0529,0.726,-11.9357,0,1,1,Ready,0,9,17.8223,11.8172,0,0,Perfect,,1.6575,-12.1077,0,11.2,0,0.0433,8.35,0.5031,0,0
1879,Rally,Ultimate,0,-0.015,44,0.1575,0.685,-9.1027,2.2993,0.1,-8.717,1,Forehand swing,1,0.1395,LowPickup,-24.3098,-7.9177,2.0528,0.7261,-11.9356,0,1,1,Ready,0,9,17.8223,11.8172,0,0,Perfect,,1.6575,-12.1077,0,11.2,0,0.0433,8.35,0.5031,0,0
1880,Rally,Ultimate,0,-0.015,44,0.1575,0.685,-9.1055,2.2993,0.1,-8.717,1,Forehand swing,1,0.1395,LowPickup,-24.3098,-7.9168,2.0529,0.726,-11.9357,0,1,1,Ready,0,9,17.8223,11.8172,0,0,Perfect,,1.6575,-12.1077,0,11.2,0,0.0433,8.35,0.5031,0,0
1881,Rally,Ultimate,0,-0.015,44,0.1575,0.685,-9.1071,2.2993,0.1,-8.717,1,Forehand swing,1,0.1395,LowPickup,-24.3098,-7.9143,2.0531,0.7256,-11.936,0,1,1,Ready,0,9,17.8223,11.8172,0,0,Perfect,,1.6575,-12.1077,0,11.2,0,0.0433,8.35,0.5031,0,0
1882,Rally,None,1,-0.015,54.1768,0.9116,3.5,-16.5077,2.2993,0.1,-8.717,1,Forehand swing,1,0.1395,LowPickup,-24.3098,-7.9104,2.0535,0.7251,-11.9363,0,1,1,Ready,0,9,17.8223,11.8172,0,0,Perfect,,1.6575,-12.1077,0,11.2,10.1768,0.0433,8.35,0.5031,0,0
1883,Rally,None,1,-0.015,54.162,0.9097,3.5,-16.503,2.277,0.1986,-9.1389,1,Forehand swing,1,0.1145,LowPickup,-15.8432,21.4183,2.0046,0.7503,-12.1434,0,1,1,Ready,0,9,17.8223,11.8172,0,0,Perfect,,1.6315,-12.0714,0,11.2,-0.0148,0.0424,8.1656,0,0,0
1884,Rally,None,1,-0.015,54.1392,0.9068,3.5,-16.4954,2.2622,0.261,-9.4201,1,Forehand swing,1,0.0978,LowPickup,-18.9915,19.0795,1.9861,0.7573,-12.1092,0,1,1,Ready,0,9,17.0527,11.298,0.5411,0,Perfect,,1.6135,-12.0452,0,11.2,-0.0228,0.042,8.5,0,0,0
1885,Rally,None,1,-0.015,54.1096,0.9031,3.5,-16.4857,2.2473,0.3207,-9.7013,1,Forehand swing,1,0.0812,LowPickup,-24.3005,8.1236,1.9734,0.7327,-12.0257,0,1,1,Ready,0,9,16.2914,10.7481,0.5369,0,Perfect,,1.5971,-12.0213,0,11.2,-0.0296,0.0399,4.6196,0,0,0
1886,Rally,None,1,-0.015,54.0692,0.8983,3.5,-16.4732,2.225,0.4052,-10.1231,1,Forehand swing,1,0.0562,LowPickup,-28.9049,-5.9256,1.9263,0.7277,-11.9089,0,1,1,Ready,0,9,15.6542,10.2061,0.2901,0,Perfect,,1.5755,-11.9897,0,11.2,-0.0404,0.0351,1.9265,0,0,0
1887,Rally,None,1,-0.015,54.0244,0.8933,3.5,-16.4599,2.2101,0.4583,-10.4044,1,Forehand swing,1,0.0395,LowPickup,-28.0738,-19.7423,1.8582,0.7376,-11.7614,0.9356,1,1,Ready,0,9,15.164,9.7278,0.207,0,Perfect,,1.563,-11.9716,0,11.2,-0.0448,0.0273,0.3523,0,0,0
1888,Rally,None,1,-0.015,53.9712,0.8878,3.5,-16.4454,2.1879,0.5328,-10.8262,1,Forehand swing,1,0.0208,LowPickup,-26.4496,-29.6156,1.9905,0.9902,-11.3593,1.8641,1,1,Ready,0,9,14.8895,9.392,0.2326,0,Perfect,,1.5473,-11.9486,0,11.2,-0.0533,0.0186,0.8545,0,0,0
1889,Rally,None,1,-0.015,53.9154,0.8823,3.5,-16.4311,2.173,0.5792,-11.1074,1,Forehand swing,1,0.0104,LowPickup,-11.8811,-18.89,2.0955,1.0288,-11.3193,0,1,1,Ready,0,9,14.792,9.1559,0.2835,0,Perfect,,1.5388,-11.9361,0,11.2,-0.0558,0.0103,1.7371,0,0,0
1890,Rally,None,1,-0.015,53.8611,0.8771,3.5,-16.4174,2.1581,0.6229,-11.3886,1,Forehand swing,1,0,LowPickup,-11.1454,-21.0863,2.1767,1.0381,-11.2614,12.5982,1,1,Ready,0,9,14.8786,9.0235,0.3487,0,Perfect,,1.5318,-11.926,0,11.2,-0.0543,0.0034,2.0826,0,0,0
1891,Rally,None,1,0.06,53.4873,0.8659,3.4851,-16.4079,2.0836,0.704,-10.9811,1,Forehand swing,1,-0.0083,LowPickup,-9.2983,-20.3863,2.2184,1.0121,-11.2476,0.2188,1,1,Ready,0,9,15.0847,8.9577,0.3044,0.9417,Perfect,P:Perfect;,1.5289,-11.9217,0,11.2,-0.3738,-0.0017,2.3558,0,0,0
1892,Rally,None,1,0.0433,53.195,0.8559,3.4849,-16.3972,2.0836,0.704,-10.9811,1,Forehand follow,1,-0.0083,LowPickup,-12.6674,-21.9481,2.2552,1.0074,-11.2578,1.2732,1,1,Ready,0,9,15.3643,8.9485,0.2199,0.8833,Perfect,,1.5289,-11.9217,0,11.2,-0.2923,-0.0017,2.3558,0,0,0
1893,Rally,None,1,0.0267,52.9736,0.845,3.495,-16.386,2.0836,0.704,-10.9811,1,Forehand follow,1,-0.0083,LowPickup,-16.1859,-24.3511,2.2517,1.0166,-11.2839,1.0834,1,1,Ready,0,9,15.6864,8.9483,0.1203,0.825,Perfect,,1.5289,-11.9217,0,11.2,-0.2214,-0.005,1.8566,0,0,0
1894,Rally,None,1,0.01,52.8137,0.8419,3.489,-16.379,2.0836,0.704,-10.9811,1,Forehand follow,1,-0.0083,LowPickup,-14.0537,-22.9865,2.2094,1.0346,-11.3259,1.2182,1,1,Ready,0,9,16.0086,8.8935,0.255,0.7667,Perfect,,1.5289,-11.9217,0,11.2,-0.1599,-0.0066,1.4633,0,0,0
1895,Rally,None,1,-0.0067,52.7074,0.8394,3.4898,-16.3717,2.0836,0.704,-10.9811,1,Forehand follow,1,-0.0083,LowPickup,-12.2966,-22.4585,2.1002,1.0408,-11.382,0.317,1,1,Ready,0,9,16.3339,8.8364,0.4239,0.7083,Perfect,,1.5289,-11.9217,0,11.2,-0.1063,-0.0069,1.1532,0,0,0
1896,Rally,None,1,-0.0067,52.6477,0.8252,3.4742,-16.3675,2.0131,0.7824,-10.6978,1,Forehand follow,1,-0.025,LowPickup,-12.2148,-27.2095,1.9895,0.9903,-11.4192,0.2905,1,1,Ready,0,9,16.6462,8.8111,0.6252,0.65,Perfect,,1.5212,-11.9126,0,11.2,-0.0598,-0.0049,0.4074,0,0,0
1897,Rally,None,1,-0.0067,52.6284,0.8349,3.4804,-16.3582,1.9436,0.8581,-10.4144,1,Forehand follow,1,-0.0417,LowPickup,-12.8941,-29.3889,1.91,0.9384,-11.4757,0.2896,1,1,Ready,0,9,16.9638,8.8073,0.5181,0.5917,Perfect,,1.5108,-11.9024,0,11.2,-0.0193,-0.0034,0.8633,0,0,0
1898,Rally,None,1,-0.0067,52.6443,0.8364,3.4784,-16.3495,1.8416,0.9666,-9.9894,1,Forehand follow,1,-0.0667,LowPickup,-14.9194,-32.8121,1.8907,0.9032,-11.5769,0.228,1,1,Ready,0,9,17.3102,8.8077,0.1825,0.5333,Perfect,,1.4904,-11.8855,0,11.2,0.0159,-0.002,1.7261,0,0,0
1899,Rally,None,1,-0.0067,52.6908,0.8232,3.4924,-16.3377,1.775,1.0354,-9.7061,1,Forehand follow,1,-0.0833,LowPickup,-17.4618,-34.0075,1.8268,0.9105,-11.5663,0.2435,1,1,Ready,0,9,17.6474,8.862,0.074,0.475,Perfect,,1.4735,-11.873,0,11.2,0.0465,-0.0008,2.7105,0.8448,0,0
1900,Rally,None,1,-0.0067,52.7638,0.8184,3.4893,-16.3273,1.6771,1.1337,-9.2811,1,Forehand follow,1,-0.1083,LowPickup,-21.8292,-37.4549,1.796,0.877,-11.5709,0.4448,1,1,Ready,0,9,17.9561,9.0388,0.2433,0.4167,Perfect,,1.4433,-11.8525,0,11.2,0.0731,0.0002,4.3711,2.6724,0,0
1901,Rally,None,1,-0.0067,52.86,0.8176,3.4884,-16.3159,1.6132,1.1957,-8.9978,1,Forehand follow,1,-0.125,LowPickup,-27.0923,-40.9847,1.7023,0.9156,-11.5133,0.7339,1,1,Ready,0,9,18.2142,9.269,0.226,0.3583,Perfect,,1.4199,-11.8377,0,11.2,0.0962,0.0008,5.4785,4.5151,0,0
1902,Rally,None,1,-0.0067,52.9763,0.7997,3.4923,-16.3035,1.5505,1.2551,-8.7144,1,Forehand follow,1,-0.1417,LowPickup,-32.4411,-44.8807,1.5894,0.9823,-11.4632,0.8066,1,1,Ready,0,9,18.3912,9.4983,0.0497,0.3,Perfect,,1.3938,-11.822,0,11.2,0.1163,0.0011,6.5705,4.7805,0,0
1903,Rally,None,1,-0.0067,53.11,0.7919,3.4921,-16.2898,1.4584,1.339,-8.2894,1,Forehand follow,1,-0.1667,LowPickup,-38.2166,-49.9516,1.4178,1.0814,-11.4189,0.9101,1,1,Ready,0,9,18.5023,9.7578,0.1312,0.2417,Perfect,,1.3498,-11.7968,0,11.2,0.1337,0.0012,7.5617,3.893,0,0
1904,Rally,None,1,-0.0067,53.2589,0.7805,3.488,-16.2763,1.3984,1.3915,-8.0061,1,Forehand follow,1,-0.1833,LowPickup,-43.005,-55.1747,1.2884,1.1324,-11.4168,0.9761,1,1,Ready,0,9,18.542,10.0731,0.1336,0.1833,Perfect,,1.3172,-11.7789,0,11.2,0.1489,0.0011,7.5486,3.9705,0,0
1905,Rally,None,1,-0.0067,53.4211,0.7703,3.4913,-16.2596,1.3106,1.4652,-7.5811,1,Forehand follow,1,-0.2083,LowPickup,-45.6205,-60.8032,1.1283,1.1987,-11.4482,22.0528,1,1,Ready,0,9,18.5403,10.3879,0.1092,0.125,Perfect,,1.2632,-11.7504,0,11.2,0.1621,0.0009,8.3328,5.817,0,0
1906,Rally,None,1,-0.0067,53.5947,0.7567,3.4921,-16.2428,1.2534,1.5109,-7.2978,1,Forehand follow,1,-0.225,LowPickup,-44.6741,-64.4467,1.0163,1.213,-11.4721,0.5617,1,1,Ready,0,9,18.5105,10.6369,0.0302,0.0667,Perfect,,1.224,-11.7304,0,11.2,0.1736,0.0006,8.1563,7.5008,0,0
1907,Rally,None,1,-0.0067,53.7783,0.7435,3.493,-16.2254,1.1973,1.5539,-7.0144,1,Forehand follow,1,-0.2417,LowPickup,-43.6775,-68.1117,0.916,1.2152,-11.4914,0.6654,1,1,Ready,0,9,18.489,10.8517,0.0129,0.0083,Perfect,,1.1821,-11.7095,0,11.2,0.1836,0.0004,8.0172,8.1016,0,0
1908,Rally,None,1,-0.0067,53.9706,0.7264,3.4939,-16.2059,1.1152,1.6133,-6.5894,1,Forehand follow,1,-0.2667,LowPickup,-42.215,-72.7987,0.7878,1.1998,-11.4748,0,1,1,Ready,0,9,18.531,11.048,0.0147,0,Perfect,,1.1143,-11.6767,-0.1201,11.2,0.1923,0.0002,8.5,8.9599,0,0
1909,Rally,None,1,-0.0067,54.1704,0.7081,3.4947,-16.1861,1.0619,1.6495,-6.3061,1,Forehand follow,0,9,LowPickup,-39.8629,-73.1312,0.7214,1.1998,-11.4424,21.3312,1,1,Run,0,9,22.2411,15.0787,0.4184,0,Perfect,,1.0657,-11.6539,-0.2002,11.2,0.1998,0.0002,8.5,8.9599,0,0
1910,Rally,None,1,-0.0067,54.3767,0.6865,3.4954,-16.1641,0.984,1.6987,-5.8811,1,Run,0,9,LowPickup,-33.9124,-40.3817,0.966,0.8478,-11.1489,0.5365,0.9555,0.8333,Run,0,9,28.9034,22.3095,1.4702,0,Perfect,,0.9879,-11.6181,-0.3203,11.2,0.2064,0,8.447,12.9195,0,0
1911,Rally,None,1,-0.0067,54.5888,0.6639,3.496,-16.1418,0.9335,1.728,-5.5978,1,Run,0,9,LowPickup,-34.5376,-33.1202,0.9487,0.8451,-11.1175,1.7449,0.856,0.6667,Run,0,9,34.9949,29.5823,7.8472,0,Perfect,,0.9326,-11.5934,-0.4004,11.2,0.2121,-0.0001,8.5,4.979,0,0
1912,Rally,None,1,-0.0067,54.7732,0.64,3.4965,-16.1191,0.8841,1.7547,-5.3144,1,Run,0,9,LowPickup,-34.9491,-32.0331,0.8836,0.8347,-11.0835,9.8802,0.7361,0.5,Run,0,9,39.4698,35.7733,34.1954,0,Perfect,,0.8747,-11.5679,-0.4805,11.2,0.1844,-0.0002,8.5,3.9888,0,0
1913,Rally,None,1,-0.0067,54.9334,0.6126,3.497,-16.0942,0.812,1.7896,-4.8894,1,Run,0,9,LowPickup,-35.201,-30.9823,0.802,0.8187,-11.0503,7.1004,0.6155,0.3333,Run,0,9,42.3366,40.7091,0.79,0,Perfect,,0.7828,-11.5285,-0.6006,11.2,0.1603,-0.0002,8.4556,2.7982,0,0
1914,Rally,None,1,-0.0067,55.0728,0.5842,3.4974,-16.069,0.7654,1.8094,-4.6061,1,Run,0,9,LowPickup,-35.3406,-30.0029,0.746,0.7993,-11.0334,5.8676,0.5041,0.1667,Run,0,9,43.9534,44.5376,0.9036,0,Perfect,,0.7185,-11.5015,-0.6807,11.2,0.1393,-0.0002,8.5,1.6083,0,0
1915,Rally,None,1,-0.0067,55.1939,0.5526,3.4977,-16.0418,0.6975,1.834,-4.1811,1,Run,0,9,LowPickup,-35.2972,-29.4257,0.6616,0.7925,-11.0098,0,0.4064,0,Run,0,9,44.9089,47.3671,0.7043,0,Perfect,,0.6217,-11.4608,-0.7872,11.2,0.1211,-0.0002,8.252,0.5995,0,0
1916,Rally,None,1,-0.0067,55.2992,0.5204,3.498,-16.0147,0.6537,1.8471,-3.8977,1,Run,0,9,LowPickup,-35.1706,-29.7386,0.6101,0.7875,-10.9956,0,0.3236,0,Run,0,9,45.5978,49.3699,0.2484,0,Perfect,,0.5571,-11.4338,-0.7381,11.2,0.1053,-0.0001,6.5036,0.7463,0,0
1917,Rally,None,1,-0.0067,55.3908,0.488,3.4983,-15.9876,0.6109,1.8573,-3.6144,1,Run,0,9,LowPickup,-34.9465,-30.1367,0.5594,0.7835,-10.9769,0,0.2551,0,Run,0,9,36.8176,40.7879,1.4231,0,Perfect,,0.4945,-11.4075,-0.6899,11.2,0.0916,-0.0001,5.1257,1.3751,0,0
1918,Rally,None,1,-0.0067,55.4704,0.4533,3.4985,-15.9592,0.5489,1.8677,-3.1894,1,Run,0,9,LowPickup,-34.7485,-31.0955,0.4785,0.7816,-10.9471,0,0.1995,0,Run,0,9,18.6621,21.5212,3.1248,0,Perfect,,0.4054,-11.3701,-0.6194,11.2,0.0796,0,2.4726,1.7718,0,0.5402
1919,Rally,None,1,-0.0067,55.5396,0.4192,3.4987,-15.9314,0.5089,1.8712,-2.9061,1,Run,0,9,LowPickup,-34.5008,-32.225,0.4288,0.7773,-10.9309,7.4178,0.1549,0,Run,0,9,-0.2444,1.2015,0,0,Perfect,,0.3491,-11.3465,-0.5736,11.2,0.0692,0.0003,0.6322,1.9327,0,1.2361
1920,Rally,None,1,-0.0067,55.5997,0.3838,3.4989,-15.9029,0.451,1.8713,-2.4811,1,Run,0,9,LowPickup,-34.25,-33.0134,0.3546,0.7926,-10.9043,0.828,0.1195,0,Run,0,9,-15.6705,-15.2982,5.5567,0,Perfect,,0.2696,-11.3131,-0.5067,11.2,0.0602,0.0016,1.9932,1.8479,0,1.5145
1921,Rally,None,1,-0.0067,55.652,0.3495,3.499,-15.8754,0.4138,1.868,-2.1977,1,Run,0,9,LowPickup,-34.0773,-33.8736,0.3059,0.793,-10.8882,1.5931,0.0918,0,Run,0,9,-26.856,-27.2829,1.9162,0,Perfect,,0.2198,-11.2922,-0.4633,11.2,0.0523,0.0049,3.9418,1.562,0,2.0041
1922,Rally,None,1,-0.0067,55.6975,0.3162,3.4991,-15.8488,0.3777,1.8619,-1.9144,1,Run,0,9,LowPickup,-33.9009,-34.4854,0.2585,0.7922,-10.8728,0.2507,0.0702,0,Run,0,9,-34.526,-35.3368,1.4811,0,Perfect,,0.1725,-11.2724,-0.4208,11.2,0.0455,0.0094,4.6935,1.1836,0,2.1198
1923,Rally,None,1,-0.0067,55.737,0.2825,3.4993,-15.8222,0.3257,1.8477,-1.4894,1,Run,0,9,LowPickup,-33.8008,-35.0885,0.192,0.7872,-10.8509,0.167,0.0534,0,Run,0,9,-39.7258,-40.6348,1.7847,0,Perfect,,0.1065,-11.2447,-0.3588,11.2,0.0395,0.0147,5.2871,0.7785,0,2.2109
1924,Rally,None,1,-0.0067,55.7714,0.2503,3.4994,-15.7967,0.2924,1.8348,-1.2061,1,Run,0,9,LowPickup,-33.8405,-35.7199,0.1487,0.7802,-10.8375,0.2084,0.0405,0,Run,0,9,-43.3178,-44.0867,4.0638,0,Perfect,,0.0656,-11.2275,-0.3187,11.2,0.0344,0.0206,6.5498,0.3696,0,2.5528
1925,Rally,None,1,-0.0067,55.8012,0.2183,3.4994,-15.7715,0.2445,1.8104,-0.7811,1,Run,0,9,LowPickup,-33.935,-36.041,0.089,0.7738,-10.8147,2.8917,0.0307,0,Run,0,9,-45.874,-46.2002,1.734,0,Perfect,,0.0091,-11.2038,-0.2603,11.2,0.0299,0.0263,6.7509,0.1211,0,2.5524
1926,Rally,None,1,-0.0067,55.8272,0.1898,3.4995,-15.7491,0.2139,1.7908,-0.4977,1,Run,0,9,LowPickup,-34.1441,-36.4295,0.0752,0.7664,-10.81,16.6061,0.0231,0,Backhand prepare 0.03,0,9,-47.5285,-47.826,0.3428,0,Perfect,,0,-11.2,-0.2225,11.2,0.026,0.0318,7.7039,0.3598,0,2.822
1927,Rally,None,1,-0.0067,55.8498,0.165,3.4996,-15.7296,0.1845,1.7684,-0.2144,1,Ready,0,9,LowPickup,-28.2354,-31.4436,0.0786,0.7586,-10.8161,0.3841,0.0174,0,Backhand prepare 0.07,0,9,-48.4558,-47.4545,0,0,Perfect,,0,-11.2,-0.1857,11.2,0.0226,0.0354,6.0717,1.0395,0,2.7643
1928,Rally,None,1,-0.0067,55.8419,0.1434,3.4996,-15.7127,0.1425,1.7296,0.2106,1,Ready,0,9,LowPickup,-17.176,-21.6453,0.0858,0.7543,-10.8234,1.0997,0.0131,0,Backhand prepare 0.10,0,9,-48.8777,-45.9367,0,0,Perfect,,0,-11.2,-0.1322,11.2,-0.0079,0.0364,4.7853,1.4587,0,2.7189
1929,Rally,None,1,-0.0067,55.798,0.1247,3.4997,-15.698,0.1158,1.7004,0.4939,1,Ready,0,9,LowPickup,-6.4121,-11.8129,0.0937,0.7552,-10.8245,1.3504,0.0098,0,Backhand prepare 0.16,0,9,-51.3093,-44.3973,0.7137,0,Perfect,,0,-11.2,-0.0977,11.2,-0.0439,0.0349,3.7714,1.47,0,2.9533
1930,Rally,None,1,-0.0067,55.7044,0.1084,3.4997,-15.6852,0.078,1.6515,0.9189,1,Ready,0,9,LowPickup,2.1282,-3.9669,0.1013,0.7522,-10.823,1.418,0.0073,0,Backhand prepare 0.20,0,9,-53.4494,-43.4002,0.7342,0,Perfect,,0,-11.2,-0.0478,11.2,-0.0937,0.0313,2.9723,1.4359,0,2.8679
1931,Rally,None,1,-0.0067,55.5859,0.0942,3.4998,-15.6741,0.0541,1.6155,1.2023,1,Ready,0,9,LowPickup,8.1877,1.6602,0.1084,0.7592,-10.8198,3.8758,0.0055,0,Backhand prepare 0.25,0,9,-54.0048,-43.5716,0.076,0,Perfect,,0,-11.2,-0.0157,11.2,-0.1184,0.0265,2.3426,1.302,0,3.0707
1932,Rally,None,1,-0.0067,55.4459,0.0819,3.4998,-15.6644,0.0313,1.5767,1.4856,1,Ready,0,9,LowPickup,12.0633,5.3872,0.1132,0.7737,-10.8163,21.3422,0.0041,0,Backhand prepare 0.29,0,9,-54.0007,-44.138,0.0207,0,Perfect,,0,-11.2,0.0155,11.2,-0.14,0.021,1.8463,1.0561,0,2.9603
1933,Rally,None,1,-0.0067,55.2687,0.0712,3.4998,-15.656,-0.0007,1.5135,1.9106,1,Ready,0,9,LowPickup,14.3054,7.68,0.121,0.7902,-10.812,0.4021,0.003,0,Backhand prepare 0.33,0,9,-55.2413,-46.2808,0.5357,0,Perfect,,0,-11.2,0.0604,11.2,-0.1772,0.0155,1.4551,0.7524,0,2.8733
1934,Rally,None,1,-0.0067,55.0776,0.0619,3.4998,-15.6487,-0.0207,1.4679,2.1939,1,Ready,0,9,LowPickup,15.3802,8.9272,0.141,0.803,-10.8061,0.2578,0.0023,0,Forehand prepare 0.38,0,9,-48.4792,-46.5098,0.4919,0,Perfect,,0,-11.2,0.0892,11.2,-0.1911,0.0106,1.1468,0.4781,0,3.075
1935,Rally,None,1,-0.0067,54.856,0.0538,3.4999,-15.6423,-0.0486,1.3944,2.6189,1,Ready,0,9,LowPickup,15.6996,9.4696,0.1624,0.8118,-10.8016,0.1611,0,0,Forehand prepare 0.42,0,9,-50.1885,-45.3653,7.1162,0,Perfect,,0,-11.2,0.1306,11.2,-0.2216,0.0065,0.9038,0.3426,0,2.9638
1936,Rally,None,1,-0.0067,54.6263,0.0468,3.4999,-15.6368,-0.0658,1.3421,2.9023,1,Ready,0,9,LowPickup,15.5581,9.5403,0.1745,0.8117,-10.8009,0.094,0,0,Forehand prepare 0.48,0,9,-50.9109,-41.1264,2.1259,0,Perfect,,0,-11.2,0.1571,11.2,-0.2297,0.0033,0.7123,0.3828,0,3.1463
1937,Rally,None,1,-0.0067,54.3896,0.0407,3.4999,-15.632,-0.0818,1.287,3.1856,1,Ready,0,9,LowPickup,15.2071,9.309,0.1836,0.8128,-10.8013,0.1458,0,0,Forehand prepare 0.51,0,9,-47.0957,-36.4568,1.0567,0,Perfect,,0,-11.2,0.1826,11.2,-0.2367,0.0011,0.5614,0.4568,0,3.0199
1938,Rally,None,1,-0.0067,54.1283,0.0354,3.4999,-15.6278,-0.1039,1.1992,3.6106,1,Ready,0,9,LowPickup,14.8736,8.8884,0.1932,0.8113,-10.801,0.2546,0,0,Forehand prepare 0.55,0,9,-42.3061,-31.4602,1.617,0,Perfect,,0,-11.2,0.219,11.2,-0.2613,-0.0003,0.4425,0.5023,0,2.9204
1939,Rally,None,1,-0.0067,53.8641,0.0307,3.4999,-15.6242,-0.1172,1.1373,3.8939,1,Ready,0,9,LowPickup,14.5616,8.3292,0.2021,0.8096,-10.8006,0.2762,0,0,Forehand prepare 0.60,0,9,-44.2242,-27.8233,2.6309,0,Perfect,,0,-11.2,0.2422,11.2,-0.2642,-0.0009,0.3487,0.5615,0,3.112
1940,Rally,None,1,-0.0067,53.5789,0.0267,3.4999,-15.621,-0.1351,1.0393,4.3189,1,Ready,0,9,LowPickup,14.3142,7.6775,0.2104,0.8061,-10.7975,0.2804,0,0,Forehand prepare 0.64,0,9,-47.4289,-22.7032,3.933,0,Perfect,,0,-11.2,0.2751,11.2,-0.2852,-0.0011,0.2748,0.6466,0,2.993
1941,Rally,None,1,-0.0067,53.294,0.0232,3.4999,-15.6183,-0.1456,0.9706,4.6023,1,Ready,0,9,LowPickup,14.1013,6.9344,0.2177,0.8053,-10.7999,0.1477,0,0,Forehand prepare 0.70,0,9,-43.2281,-13.8087,1.7954,0,Perfect,,0,-11.2,0.2959,11.2,-0.285,-0.0009,0.2166,0.7385,0,3.1693
1942,Rally,None,1,-0.0067,53.0092,0.0202,3.4999,-15.6159,-0.155,0.8991,4.8856,1,Ready,0,9,LowPickup,14.0289,6.1915,0.2246,0.8157,-10.823,0.1702,0,0,Forehand prepare 0.73,0,9,-32.4756,-3.5372,4.5324,0,Perfect,,0,-11.2,0.3157,11.2,-0.2847,-0.0006,0.1707,0.8299,0,3.0381
1943,Rally,None,1,-0.0067,52.7062,0.0176,3.5,-15.6138,-0.1671,0.7868,5.3106,1,Ready,0,9,LowPickup,13.9067,5.3375,0.2276,0.8286,-10.8453,0.2901,0,0,Forehand prepare 0.77,0,9,-24.4868,5.3391,3.4995,0,Perfect,,0,-11.2,0.3437,11.2,-0.3031,-0.0002,0.1345,0.8802,0,2.9346
1944,Rally,None,1,-0.0067,52.4057,0.0153,3.5,-15.612,-0.1737,0.7086,5.5939,1,Ready,0,9,LowPickup,13.7761,4.4753,0.2232,0.8294,-10.8365,0.3537,0,0,Forehand prepare 0.83,0,9,-24.0917,11.2401,0.7832,0,Perfect,,0,-11.2,0.3611,11.2,-0.3005,0.0002,0.106,0.8608,0,3.1233
1945,Rally,None,1,-0.0067,52.0914,0.0133,3.5,-15.6104,-0.1816,0.5861,6.0189,1,Ready,0,9,LowPickup,13.6442,3.6165,0.2192,0.8297,-10.8269,0.3112,0,0,Forehand prepare 0.86,0,9,-24.301,17.6295,1.1534,0,Perfect,,0,-11.2,0.3856,11.2,-0.3143,0.0004,0.0836,0.7955,0,3.0018
1946,Rally,None,1,-0.0067,51.8182,0.0115,3.5,-15.6091,-0.1855,0.501,6.3023,1,Ready,0,9,LowPickup,13.4969,2.7898,0.2239,0.8389,-10.8412,0.1035,0,0,Forehand prepare 0.92,0,9,-29.898,19.0103,0.863,0,Perfect,,0,-11.2,0.4007,11.2,-0.2732,0.0006,0.0659,0.6829,0,3.1762
1947,Rally,None,1,-0.0067,51.5806,0.01,3.5,-15.6079,-0.1882,0.4132,6.5856,1,Ready,0,9,LowPickup,13.3365,1.9843,0.2303,0.8522,-10.862,0.0421,0,0,Forehand prepare 0.96,0,9,-26.3598,21.5215,1.3707,0,Perfect,,0,-11.2,0.4148,11.2,-0.2375,0.0007,0.0519,0.5553,0,3.0436
1948,Rally,None,1,-0.0067,51.3741,0.0087,3.5,-15.6069,-0.1903,0.2764,7.0106,1,Ready,0,9,LowPickup,12.9044,1.4416,0.2325,0.8522,-10.8713,0.2484,0,0,Forehand prepare 0.99,0,9,-23.2952,21.6167,1.7076,0,Perfect,,0,-11.2,0.4343,11.2,-0.2065,0.0007,0.0409,0.2267,0,2.939
1949,Rally,None,1,-0.0067,51.1946,0.0076,3.5,-15.606,-0.1902,0.1817,7.2939,1,Ready,0,9,LowPickup,12.2617,0.8107,0.235,0.854,-10.8805,0.1549,0,0,Forehand prepare 1.00,0,9,-17.4656,26.5521,1.2581,0,Perfect,,0,-11.2,0.4461,11.2,-0.1795,0.0006,0.0322,0.2613,0,3.1267
1950,Rally,None,1,-0.0067,51.0386,0.0066,3.5,-15.6052,-0.1882,0.1367,7.7104,1,Ready,0,9,LowPickup,11.0742,-0.106,0.2373,0.8596,-10.8882,0.169,0,0,Forehand prepare 1.00,1,0.1686,-4.7587,37.6634,1.0192,0,Perfect,,0,-11.2,0.497,11.2,-0.1561,0.0005,0.0254,0.5829,0,2.3679
1951,Rally,None,1,-0.0067,50.9029,0.0057,3.5,-15.6045,-0.1855,0.208,7.9768,1,Ready,0,9,LowPickup,9.6105,-1.1111,0.2401,0.8713,-10.8974,0.2605,0,0,Forehand swing,1,0.154,-6.5938,37.4369,0.4611,0,Perfect,,0,-11.2,0.5771,11.2,-0.1357,0.0004,0.02,0.8661,0,1.8662
1952,Rally,None,1,-0.0067,50.7849,0.005,3.5,-15.6039,-0.1817,0.2766,8.2431,1,Ready,0,9,LowPickup,7.9016,-2.1603,0.2432,0.8926,-10.913,0.2273,0,0,Forehand swing,1,0.1393,-8.8848,34.5523,1.6447,0,Perfect,,0,-11.2,0.6571,11.2,-0.118,0.0002,0.0158,1.083,0,1.4708
1953,Rally,None,1,-0.0067,50.6824,0.0043,3.5,-15.6034,-0.1739,0.3743,8.6426,1,Ready,0,9,LowPickup,6.278,-3.1011,0.2515,0.9252,-10.9278,0.1961,0,0,Forehand swing,1,0.1173,-14.6092,27.2094,14.0214,0,Perfect,,0,-11.2,0.7521,11.2,-0.1025,0.0001,0.0124,1.1433,0,1.1592
1954,Rally,None,1,-0.0067,50.5932,0.0038,3.5,-15.603,-0.1673,0.4361,8.9089,1,Ready,0,9,LowPickup,5.0411,-3.846,0.2705,0.9712,-10.9414,0.1165,0,0,Forehand swing,1,0.1026,-20.0167,17.734,0.5186,0,Perfect,,0,-11.2,0.7589,11.2,-0.0891,0.0001,0.0098,0.9768,0,0.9136
1955,Rally,None,1,-0.0067,50.5157,0.0033,3.5,-15.6026,-0.1553,0.5236,9.3084,1,Ready,0,9,LowPickup,4.2034,-4.3097,0.292,1.0338,-10.9498,0.1373,0,0,Forehand swing,1,0.0806,-24.693,6.3365,0.2458,0,Perfect,,0,-11.2,0.7672,11.2,-0.0775,0,0.0077,0.7006,0,1.3179
1956,Rally,None,1,-0.0067,50.4484,0.0028,3.5,-15.6022,-0.1459,0.5786,9.5748,1,Ready,0,9,LowPickup,3.9391,-4.3639,0.3059,1.1323,-10.9837,0.2234,0,0,Forehand swing,1,0.066,0.2269,7.9816,1.6021,0,Perfect,,0,-11.2,0.7716,11.2,-0.0674,0,0.0061,0.3736,0,1.2613
1957,Rally,None,1,-0.0067,50.3898,0.0025,3.5,-15.6019,-0.1354,0.6308,9.8411,1,Ready,0,9,LowPickup,4.0327,-4.0933,0.3022,1.1731,-10.9817,0.2771,0,0,Forehand swing,1,0.0513,-19.4088,-7.6564,7.8642,0,Perfect,,0,-11.2,0.7751,11.2,-0.0586,-0.0001,0.0048,0.2073,0,1.1181
1958,Rally,None,1,-0.0067,50.3389,0.0022,3.5,-15.6017,-0.1176,0.704,10.2406,1,Ready,0,9,LowPickup,4.3947,-3.4489,0.2637,1.0104,-10.83,0.3462,0,0,Forehand swing,1,0.0293,-16.8467,-16.1091,0.9549,0,Perfect,,0,-11.2,0.7785,11.2,-0.0509,-0.0001,0.0038,0.2462,0,1.0445
1959,Rally,None,1,-0.0067,50.2946,0.0019,3.5,-15.6015,-0.1044,0.7494,10.5069,1,Ready,0,9,LowPickup,4.8716,-2.5965,0.1593,0.824,-10.8802,0.2648,0,0,Forehand swing,1,0.0147,-12.6367,-20.7725,0.9357,0,Perfect,,0,-11.2,0.7796,11.2,-0.0443,0,0.003,0.243,0,1.0663
1960,Rally,None,1,-0.0067,51.04,0.0016,3.5,-15.6013,-0.09,0.7921,10.6533,1,Ready,0,9,LowPickup,5.2882,-1.6207,0.1601,0.8188,-10.8974,0.1641,0,0,Forehand swing,1,0,-11.3948,-25.0605,0.4597,0,Perfect,R;,0,-11.2,0.7839,11.2,0.7454,0,0.0023,0.1542,0.0008,1.0432
1961,Rally,None,1,-0.0067,51.6879,0.0014,3.5,-15.6011,-0.1107,0.8743,10.3693,1,Ready,0,9,LowPickup,5.677,-0.6004,0.1772,0.8369,-10.8979,0,0,0,Forehand swing,1,-0.0167,-11.1179,-27.0497,0.2123,0,Perfect,,0,-11.2,0.7038,11.2,0.648,0,0.0019,0.1997,0.0019,0.8222
1962,Rally,None,1,-0.0067,52.2513,0.0012,3.5,-15.601,-0.1313,0.9535,10.0853,1,Ready,0,9,LowPickup,6.0133,0.3626,0.1871,0.8401,-10.9026,0,0,0,Forehand follow,1,-0.0333,-11.284,-28.659,0.2064,0,Perfect,,0,-11.2,0.6237,11.2,0.5633,0,0.0015,0.3369,0.003,0.648
1963,Rally,None,1,-0.0067,52.741,0.0011,3.5,-15.6008,-0.1623,1.0666,9.6594,1,Ready,0,9,LowPickup,6.2993,1.2514,0.1924,0.8398,-10.9062,0,0,0,Forehand follow,1,-0.0583,-11.4109,-30.0859,0.2737,0,Perfect,,0,-11.2,0.5036,11.2,0.4897,0,0.0012,0.4457,0.0039,0.5107
1964,Rally,None,1,-0.0067,53.1668,0.0009,3.5,-15.6007,-0.183,1.1382,9.3754,1,Ready,0,9,LowPickup,6.5291,2.002,0.1887,0.8308,-10.9154,0,0,0,Forehand follow,1,-0.075,-9.9461,-26.7602,0.1554,0,Perfect,,0,-11.2,0.4235,11.2,0.4258,0,0.0009,0.4939,0.0045,0.5267
1965,Rally,None,1,-0.0067,53.5369,0.0005,3.5,-15.6007,-0.214,1.2399,8.9495,1,Ready,0,9,LowPickup,6.7034,2.6213,0.1694,0.8256,-10.9146,0,0,0,Forehand follow,1,-0.1,-8.2416,-24.3548,0.2019,0,Perfect,,-0.0042,-11.2002,0.3034,11.2,0.3701,0,0.0007,0.4923,0.0047,0.513
1966,Rally,None,1,-0.0067,53.8587,-0.0003,3.5,-15.6006,-0.2346,1.3038,8.6655,1,Run,0,9,LowPickup,6.215,3.0324,0.1179,0.8501,-10.8799,0,0,0,Forehand follow,1,-0.1167,-5.919,-20.0558,0.7327,0,Perfect,,-0.0104,-11.2005,0.2233,11.2,0.3218,0,2.3831,0.4845,0.0045,0.4815
1967,Rally,None,1,-0.0067,54.1384,-0.0017,3.5,-15.6007,-0.2553,1.3648,8.3815,1,Run,0,9,LowPickup,3.9991,1.5541,0.1056,0.8623,-10.8455,0,0,0,Forehand follow,1,-0.1333,-2.4343,-14.925,0.8602,0,Perfect,,-0.0194,-11.2009,0.1432,11.2,0.2797,0,3.4672,0.5203,0.0041,0.4379
1968,Rally,None,1,-0.0067,54.3816,-0.0042,3.5,-15.6008,-0.2863,1.4506,7.9556,1,Run,0,9,LowPickup,-0.3305,-1.8772,0.0889,0.8249,-10.8759,0,0,0,Forehand follow,1,-0.1583,1.3364,-10.2251,4.8966,0,Perfect,,-0.0382,-11.2017,0.0231,11.2,0.2432,0,4.3216,0.6388,0.0034,0.3451
1969,Rally,None,1,-0.0067,54.5931,-0.0075,3.5,-15.601,-0.3069,1.5039,7.6716,1,Run,0,9,LowPickup,-6.87,-7.2378,0.1028,0.7958,-10.89,3.6434,0,0,Forehand follow,1,-0.175,6.1884,-5.355,7.9513,0,Perfect,,-0.0541,-11.2024,0,11.2,0.2114,0,5.7896,0.7993,0.0028,0.272
1970,Rally,None,1,-0.0067,54.7769,-0.0125,3.5,-15.6014,-0.3379,1.5783,7.2457,1,Run,0,9,LowPickup,-15.0595,-14.502,0.0483,0.8029,-10.876,1.668,0,0,Forehand follow,1,-0.2,7.4667,-4.5418,0,0,Perfect,,-0.0833,-11.2037,0,11.2,0.1838,0,6.152,0.8919,0.0021,0.2144
1971,Rally,None,1,-0.0067,54.9367,-0.0185,3.5,-15.6018,-0.3586,1.6241,6.9617,1,Run,0,9,LowPickup,-23.3051,-21.3786,-0.011,0.8088,-10.8609,1.2486,0,0,Forehand follow,1,-0.2167,4.7294,-9.3572,0.7144,0,Perfect,,-0.1061,-11.2047,0,11.2,0.1598,0,7.2321,0.3735,0.0014,0.1689
1972,Rally,None,1,-0.0067,55.0756,-0.0256,3.5,-15.6023,-0.3792,1.6668,6.6777,1,Run,0,9,LowPickup,-30.2797,-27.7041,-0.0683,0.8014,-10.8521,0.8331,0,0,Forehand follow,1,-0.2333,0.3051,-15.7597,0.3773,0,Perfect,,-0.1318,-11.2059,0,11.2,0.1389,0,7.2889,0.3187,0.0009,0.1331
1973,Rally,None,1,-0.0067,55.1963,-0.0348,3.5,-15.603,-0.4102,1.7252,6.2518,1,Run,0,9,LowPickup,-35.4471,-32.5967,-0.1339,0.7939,-10.8505,0.5525,0,0,Forehand follow,1,-0.2583,-4.1534,-22.8575,0.0817,0,Perfect,,-0.1755,-11.2078,0,11.2,0.1208,0,7.3336,0.3015,0.0005,0.1049
1974,Rally,None,1,-0.0067,55.3013,-0.0452,3.5,-15.6039,-0.4309,1.7604,5.9678,1,Run,0,9,LowPickup,-38.9162,-35.8812,-0.1763,0.7928,-10.854,0.3131,0,0,Forehand follow,1,-0.275,-7.0819,-29.4396,0.4675,0,Perfect,,-0.2081,-11.2092,0,11.2,0.105,0,8.1634,0.3243,0.0002,0.0827
1975,Rally,None,1,-0.0067,55.3926,-0.0582,3.5,-15.6049,-0.4619,1.8074,5.5419,1,Run,0,9,LowPickup,-41.1708,-38.5476,-0.2344,0.7902,-10.8594,0.2154,0,0,Forehand follow,0,9,-10.874,-34.1461,0.4894,0,Perfect,,-0.2622,-11.2117,0,11.2,0.0913,0,8.0228,0.3969,0.0002,0.0827
1976,Rally,None,1,-0.0067,55.472,-0.0723,3.5,-15.606,-0.4825,1.835,5.2579,1,Run,0,9,LowPickup,-42.4791,-40.2451,-0.2726,0.7913,-10.8653,0.118,0,0,Forehand finish,0,9,-15.5196,-42.2134,0.722,0,Perfect,,-0.3018,-11.2134,0,11.2,0.0793,0,8.5,0.4822,0,0.0652
1977,Rally,None,1,-0.0067,55.5409,-0.0875,3.5,-15.6072,-0.5032,1.8595,4.974,1,Run,0,9,LowPickup,-43.2455,-41.6334,-0.3111,0.7939,-10.8723,0.0421,0,0,Forehand finish,0,9,-20.2695,-51.468,0.7168,0,Perfect,,-0.3441,-11.2153,0,11.2,0.069,0,8.4509,0.5293,-0.0001,0.0514
1978,Rally,None,1,-0.0067,55.6009,-0.1058,3.5,-15.6087,-0.5342,1.8906,4.548,1,Run,0,9,LowPickup,-43.6466,-42.6762,-0.3765,0.7976,-10.8789,0.0572,0,0,Forehand finish,0,9,-24.4624,-61.9396,0.5024,0,Perfect,,-0.4128,-11.2183,0,11.2,0.06,0,8.2495,0.5125,-0.0001,0.0405
1979,Rally,None,1,-0.0067,55.6531,-0.1251,3.5,-15.6102,-0.5548,1.9076,4.264,1,Run,0,9,LowPickup,-43.8814,-43.3391,-0.4658,0.7983,-10.8843,0.0727,0,0,Forehand finish,0,9,-27.7391,-71.4799,0.2761,0,Perfect,,-0.462,-11.2205,0,11.2,0.0521,0,8.5,0.4488,-0.0001,0.0319
1980,Rally,None,1,-0.0067,55.6984,-0.1477,3.5,-15.612,-0.5858,1.9273,3.8381,1,Run,0,9,LowPickup,-44.0558,-43.8913,-0.5441,0.7984,-10.8896,0,0,0,Forehand finish,0,9,-29.972,-79.6398,0.1668,0,Perfect,,-0.5411,-11.224,0,11.2,0.0453,0,8.5,0.3378,-0.0001,0.0251
1981,Rally,None,1,-0.0067,55.7378,-0.1713,3.5,-15.6139,-0.6065,1.9367,3.5541,1,Run,0,9,LowPickup,-44.2532,-44.2462,-0.6027,0.7998,-10.8913,0,0,0,Forehand finish,0,9,-31.2977,-86.1987,0.2496,0,Perfect,,-0.5973,-11.2265,0,11.2,0.0394,0,8.5,0.191,0,0.0198
1982,Rally,None,1,-0.0067,55.772,-0.1961,3.5,-15.6159,-0.6271,1.943,3.2702,1,Run,0,9,LowPickup,-44.5723,-44.3862,-0.6678,0.8087,-10.8897,13.8249,0,0,Forehand finish,0,9,-32.0184,-91.0781,0.2933,0,Perfect,,-0.6563,-11.2291,0,11.2,0.0343,0,8.5,0.1454,0,0.0156
1983,Rally,None,1,-0.0067,55.8018,-0.2244,3.5,-15.6182,-0.6581,1.9468,2.8442,1,Run,0,9,LowPickup,-45.0626,-44.3,-0.7305,0.8214,-10.8854,0.6616,0,0,Forehand finish,0,9,-32.9768,-94.3806,0.6064,0,Perfect,,-0.75,-11.2333,0,11.2,0.0298,0,8.5,0.369,0.0001,0.0123
1984,Rally,None,1,-0.0067,55.8277,-0.2537,3.5,-15.6205,-0.6788,1.9455,2.5603,1,Run,0,9,LowPickup,-45.6922,-44.0149,-0.8127,0.819,-10.8772,1.0573,0,0,Forehand finish,0,9,-33.6101,-96.4465,0.0266,0,Perfect,,-0.8159,-11.2362,0,11.2,0.0259,0,8.5,0.6276,0.0001,0.0097
1985,Rally,None,1,-0.0067,55.8502,-0.2862,3.5,-15.6232,-0.7098,1.9379,2.1343,1,Run,0,9,LowPickup,-46.4623,-43.6096,-0.9301,0.8087,-10.8691,2.6556,0,0,Forehand finish,0,9,-33.2069,-96.5612,0.0431,0,Perfect,,-0.9145,-11.2406,0,11.2,0.0225,0,8.5,0.8504,0.0001,0.0076
1986,Rally,None,1,-0.0067,55.8698,-0.319,3.5,-15.6258,-0.7304,1.929,1.8503,1,Run,0,9,LowPickup,-47.4572,-44.1023,-1.0153,0.7867,-10.8591,4.7433,0,0,Forehand finish,0,9,-32.3419,-94.8551,0.0461,0,Perfect,,-0.9767,-11.2434,0,11.2,0.0196,0,5.619,1.0348,0.0001,0.006
1987,Rally,None,1,-0.0067,55.8868,-0.3518,3.5,-15.6284,-0.7511,1.9171,1.5664,1,Run,0,9,LowPickup,-48.3904,-44.4128,-1.0961,0.8006,-10.8507,0.5452,0,0,Forehand finish,0,9,-32.4407,-92.7609,0.1822,0,Perfect,,-1.0367,-11.2454,0,11.2,0.017,0,2.8394,1.1056,0.0001,0.0047
1988,Rally,None,1,-0.0067,55.9016,-0.3867,3.5,-15.6303,-0.7821,1.8936,1.1404,1,Run,0,9,LowPickup,-49.2343,-44.6181,-1.2009,0.8242,-10.8415,0.5827,0,0,Forehand finish,0,9,-32.6868,-90.1496,0.2182,0,Perfect,,-1.1247,-11.2436,0,11.2,0.0148,0,1.3856,1.0339,0.0001,0.0037
1989,Rally,None,1,-0.0067,55.9144,-0.4211,3.5,-15.6315,-0.8027,1.8741,0.8565,1,Run,0,9,LowPickup,-50.0055,-44.9905,-1.2707,0.8324,-10.8304,0.7052,0,0,Forehand finish,0,9,-33.2465,-87.4436,0.4578,0,Perfect,,-1.1817,-11.2394,0,11.2,0.0129,0,2.7147,0.8965,0,0.003
1990,Rally,None,1,-0.0067,55.9256,-0.4569,3.5,-15.6312,-0.8337,1.8392,0.4305,1,Run,0,9,LowPickup,-50.4494,-44.7884,-1.3583,0.8426,-10.8137,4.0225,0,0,Forehand finish,0,9,-33.9357,-84.8712,0.6734,0,Perfect,,-1.2639,-11.229,0,11.2,0.0112,0.0006,3.5894,0.692,0,0.0023
1991,Rally,None,1,-0.0067,55.9353,-0.4918,3.5,-15.6297,-0.8544,1.8121,0.1465,1,Backhand prepare 0.08,0,9,LowPickup,-50.5437,-44.4455,-1.3902,0.821,-10.8237,1.9801,0.2083,0.1667,Forehand finish,0,9,-34.5736,-82.5181,0.1641,0,Perfect,,-1.3162,-11.2196,0,11.2,0.0097,0.0023,5.0776,1.146,0,0.0018
1992,Rally,None,1,-0.0067,55.9438,-0.5257,3.5,-15.6269,-0.875,1.782,-0.1374,1,Backhand prepare 0.11,0,9,LowPickup,-49.5788,-41.7195,-1.3745,0.7917,-10.8245,0.5082,0.4167,0.3333,Forehand finish,0,9,-35.1008,-80.4672,0,0,Perfect,,-1.3663,-11.2085,0,11.2,0.0084,0.0049,5.5094,0.7846,0,0.0014
1993,Rally,None,1,-0.0067,55.9432,-0.5603,3.5,-15.622,-0.906,1.7312,-0.5634,1,Backhand prepare 0.15,0,9,LowPickup,-48.833,-38.5428,-1.3549,0.7633,-10.8269,0.7307,0.625,0.5,Forehand finish,0,9,-35.399,-78.7283,0,0,Perfect,,-1.4371,-11.1892,0,11.2,-0.0005,0.0082,5.8496,1.6561,0,0.0011
1994,Rally,None,1,-0.0067,55.9332,-0.5935,3.5,-15.6159,-0.9267,1.6935,-0.8473,1,Backhand prepare 0.21,0,9,LowPickup,-49.3456,-36.9267,-1.4086,0.7351,-10.8585,3.1122,0.8333,0.6667,Forehand finish,0,9,-35.3151,-77.2321,0,0,Perfect,,-1.4811,-11.1749,0,11.2,-0.01,0.0123,6.8659,3.2085,0,0.0009
1995,Rally,None,1,-0.0067,55.9102,-0.6268,3.5,-15.6075,-0.9576,1.6312,-1.2733,1,Backhand prepare 0.25,0,9,LowPickup,-47.5804,-35.2846,-1.4633,0.7058,-10.8913,0.66,1,0.8333,Forehand finish,0,9,-34.4606,-75.9234,0,0,Perfect,,-1.5422,-11.1519,0,11.2,-0.023,0.0166,6.9085,4.9222,0,0.0007
1996,Rally,None,1,-0.0067,55.8806,-0.6584,3.5,-15.5981,-0.9783,1.5859,-1.5572,1,Backhand prepare 0.31,0,9,LowPickup,-46.6145,-35.965,-1.7355,0.7584,-10.8719,1.3147,1,1,Forehand finish,0,9,-32.6246,-74.7267,0,0,Perfect,,-1.5795,-11.1359,0,11.2,-0.0296,0.0212,7.6887,5.8891,0,0.0006
1997,Rally,None,1,-0.0067,55.8453,-0.6883,3.5,-15.5879,-0.999,1.5376,-1.8412,1,Backhand prepare 0.35,0,9,LowPickup,-45.2668,-36.9546,-1.7554,0.7371,-10.8497,0,1,1,Forehand finish,0,9,-30.0994,-73.7321,0,0,Perfect,,-1.614,-11.1194,0,11.2,-0.0353,0.0255,7.5577,6.2251,0,0.0004
1998,Rally,None,1,-0.0067,55.8001,-0.7178,3.5,-15.5757,-1.03,1.4594,-2.2672,1,Backhand prepare 0.39,0,9,LowPickup,-44.8702,-39.4414,-1.8039,0.7838,-10.6939,0,1,1,Forehand finish,0,9,-27.0776,-72.8201,0,0,Perfect,,-1.6621,-11.0945,0,11.2,-0.0451,0.0292,7.4612,5.655,0,0.0003
1999,Rally,None,1,-0.0067,55.7513,-0.746,3.5,-15.5629,-1.0506,1.4035,-2.5511,1,Backhand prepare 0.44,0,9,LowPickup,-44.4578,-42.3817,-1.8382,0.7177,-10.7551,0,1,1,Forehand finish,0,9,-23.6933,-71.8762,0,0,Perfect,,-1.6966,-11.0783,0,11.2,-0.0488,0.0315,6.6221,5.0382,0,0.0003
2000,Rally,None,1,-0.0067,55.6945,-0.7745,3.5,-15.5488,-1.0816,1.314,-2.9771,1,Backhand prepare 0.48,0,9,LowPickup,-44.077,-43.5254,-1.912,0.721,-10.7231,0,1,1,Forehand finish,0,9,-20.0204,-70.733,0,0,Perfect,,-1.7535,-11.055,0,11.2,-0.0568,0.0309,3.6818,4.4076,0,0.0002
2001,Rally,None,1,-0.0067,55.6356,-0.8023,3.5,-15.5347,-1.1023,1.2505,-3.261,1,Forehand prepare 0.54,0,9,LowPickup,-28.544,-21.9177,-1.3347,1.1675,-10.6631,8.0458,1,1,Forehand finish,0,9,-15.9906,-68.741,0.7505,0,Perfect,,-1.7948,-11.0404,0,11.2,-0.0589,0.0266,0.7997,9.7057,0,0.0002
2002,Rally,None,1,-0.0067,55.5749,-0.8296,3.5,-15.5206,-1.1229,1.1839,-3.545,1,Forehand prepare 0.58,0,9,LowPickup,-29.9854,-18.9224,-1.3864,1.2718,-10.6959,0.2874,1,1,Forehand finish,0,9,-11.6511,-66.0109,0.8238,0,Perfect,,-1.8386,-11.027,0,11.2,-0.0607,0.0203,1.2874,10.1486,0,0.0001
2003,Rally,None,1,-0.0067,55.5079,-0.8583,3.5,-15.5061,-1.1539,1.0784,-3.9709,1,Forehand prepare 0.62,0,9,LowPickup,-37.8889,-16.5468,-1.4814,1.3437,-10.7219,0.8834,1,1,Forehand finish,0,9,-6.9035,-62.5077,0.9016,0,Perfect,,-1.9086,-11.0096,0,11.2,-0.067,0.0135,2.5255,13.1977,0,0.0001
2004,Rally,None,1,-0.0067,55.4403,-0.8869,3.5,-15.4923,-1.1746,1.0043,-4.2549,1,Forehand prepare 0.68,0,9,LowPickup,-43.6816,-9.5629,-1.5507,1.4209,-10.8327,0.7274,1,1,Forehand finish,0,9,-1.8623,-58.3246,0.9738,0,Perfect,,-1.9574,-11.0007,0,11.2,-0.0676,0.0071,4.2681,14.5516,0,0.0001
2005,Rally,None,1,-0.0067,55.3677,-0.9169,3.5,-15.4793,-1.2055,0.8874,-4.6809,1,Forehand prepare 0.72,0,9,LowPickup,-39.6432,-1.6321,-1.6605,1.4903,-10.9246,0.6628,1,1,Forehand finish,0,9,3.0895,-53.538,2.2254,0,Perfect,,-2.0305,-10.9924,0,11.2,-0.0726,0.0019,4.7512,10.8424,0,0.0001
2006,Rally,None,1,-0.0067,55.2954,-0.9463,3.5,-15.4675,-1.2262,0.8057,-4.9648,1,Forehand prepare 0.77,0,9,LowPickup,-39.5722,2.4022,-1.7513,1.5434,-10.9806,1.3537,1,1,Forehand finish,0,9,7.6781,-48.1918,1.5204,0,Perfect,,-2.077,-10.9894,0,11.2,-0.0723,-0.0019,5.1119,11.5963,0,0.0001
2007,Rally,None,1,-0.0067,55.2235,-0.9751,3.5,-15.4571,-1.2469,0.7209,-5.2488,1,Forehand prepare 0.81,0,9,LowPickup,-47.352,1.0299,-1.7923,1.5425,-10.9748,8.1312,1,1,Forehand finish,0,9,11.57,-42.3883,0.8045,0,Perfect,,-2.1209,-10.9875,0,11.2,-0.072,-0.004,4.5356,11.0621,0,0
2008,Rally,None,1,-0.0067,55.1472,-1.0045,3.5,-15.4478,-1.2778,0.5881,-5.6747,1,Forehand prepare 0.85,0,9,LowPickup,-58.1812,-2.516,-1.8195,1.5093,-10.9587,1.76,1,1,Forehand finish,0,9,14.6866,-36.1686,0.5398,0,Perfect,,-2.1818,-10.9859,0,11.2,-0.0762,-0.0038,4.2334,10.4602,0,0
2009,Rally,None,1,-0.0067,55.0719,-1.0327,3.5,-15.4397,-1.2985,0.4958,-5.9587,1,Forehand prepare 0.90,0,9,LowPickup,-73.0263,-9.8469,-1.7799,1.3957,-10.942,2.2702,1,1,Forehand finish,0,9,16.6941,-29.7609,0.2862,0,Perfect,,-2.219,-10.9855,0,11.2,-0.0754,-0.0008,4.8867,14.4594,0,0
2010,Rally,None,1,-0.0067,54.9927,-1.0609,3.5,-15.4326,-1.3295,0.3516,-6.3846,1,Forehand prepare 0.94,0,9,LowPickup,-75.8076,-14.0671,-1.7768,1.2488,-10.9529,0.3555,1,1,Forehand finish,0,9,17.5899,-23.2758,0.0435,0,Perfect,,-2.2696,-10.9857,0,11.2,-0.0791,0.0042,5.148,15.9808,0,0
2011,Rally,None,1,-0.0067,54.915,-1.0857,3.5,-15.4271,-1.3501,0.2517,-6.6686,1,Forehand prepare 1.00,0,9,LowPickup,-72.6632,-18.4976,-1.7944,1.0079,-10.9437,1.0874,1,1,Forehand finish,0,9,17.3724,-17.0815,0.21,0,Perfect,,-2.2751,-10.9906,0,11.2,-0.0777,0.0109,6.2216,18.5821,0,0
2012,Rally,None,1,-0.0067,54.8384,-1.1074,3.5,-15.4223,-1.3708,0.1487,-6.9526,1,Forehand prepare 1.00,0,9,LowPickup,-66.1944,-14.6199,-1.8367,0.9333,-10.9264,0.8208,1,1,Forehand finish,0,9,16.4803,-11.2973,0.3225,0,Perfect,,-2.2751,-10.9906,0,11.2,-0.0766,0.017,4.9034,16.0397,0,0
2013,Rally,None,1,-0.0067,54.7625,-1.1262,3.5,-15.4182,-1.401,0.1824,-7.3673,1,Forehand prepare 1.00,1,0.1562,LowPickup,-53.3936,-10.1853,-1.8787,0.858,-10.905,12.0152,1,1,Forehand finish,0,9,15.4668,-6.1521,0.3427,0,Perfect,,-2.2751,-10.9906,0,11.2,-0.076,0.0234,3.0457,5.2836,0,0
2014,Rally,None,1,-0.0067,54.6874,-1.1425,3.5,-15.4146,-1.4208,0.262,-7.64,1,Forehand swing,1,0.1395,LowPickup,-42.3628,-1.7808,-1.9109,0.8043,-10.9039,0.3179,1,1,Forehand finish,0,9,14.5821,-1.9061,0.2963,0,Perfect,,-2.2751,-10.9906,0,11.2,-0.0751,0.0233,2.4004,0.914,0,0
2015,Rally,None,1,-0.0067,54.6085,-1.1567,3.5,-15.4115,-1.4506,0.3759,-8.0491,1,Forehand swing,1,0.1145,LowPickup,-31.6172,4.3964,-1.9372,0.7648,-10.8902,3.6592,1,1,Ready,0,9,9.533,-2.684,0.9112,0,Perfect,,-2.2751,-10.9906,0,11.2,-0.0789,0.0215,1.8918,0,0,0
2016,Rally,None,1,-0.0067,54.5308,-1.1691,3.5,-15.4087,-1.4704,0.4483,-8.3219,1,Forehand swing,1,0.0978,LowPickup,-22.5676,7.586,-1.9444,0.7827,-10.9031,1.9924,1,1,Ready,0,9,9.7316,-1.6859,0.116,0,Perfect,,-2.2751,-10.9906,0,11.2,-0.0777,0.0184,1.491,0,0,0
2017,Rally,None,1,-0.0067,54.4542,-1.1798,3.5,-15.4064,-1.4903,0.5179,-8.5946,1,Forehand swing,1,0.0812,LowPickup,8.9062,15.1014,-1.9559,0.8205,-10.8217,3.6869,1,1,Ready,0,9,10.0612,-0.7121,0.1636,0,Perfect,,-2.2751,-10.9906,0,11.2,-0.0766,0.0147,1.0119,0,0,0
2018,Rally,None,1,-0.0067,54.374,-1.1892,3.5,-15.4043,-1.52,0.6168,-9.0037,1,Forehand swing,1,0.0562,LowPickup,-13.189,2.6875,-1.9737,0.8151,-10.7925,1.1826,1,1,Ready,0,9,10.5216,0.2934,0.2067,0,Perfect,,-2.2751,-10.9906,0,11.2,-0.0802,0.0108,0.6689,0,0,0
2019,Rally,None,1,-0.0067,54.2952,-1.1973,3.5,-15.4025,-1.5399,0.6792,-9.2764,1,Forehand swing,1,0.0395,LowPickup,-8.5251,-4.3523,-1.9921,0.8074,-10.7393,1.2294,1,1,Ready,0,9,11.0977,1.3374,0.2918,0,Perfect,,-2.2751,-10.9906,0,11.2,-0.0788,0.0073,0.4258,0,0,0
2020,Rally,None,1,-0.0067,54.2131,-1.2044,3.5,-15.401,-1.5696,0.7674,-9.6856,1,Forehand swing,1,0.0178,LowPickup,-7.5063,-13.4494,-1.6436,1.2108,-10.5063,1.1328,1,1,Ready,0,9,11.7788,2.3971,0.3952,0,Perfect,,-2.2751,-10.9906,0,11.2,-0.0821,0.0043,0.2589,0,0,0
2021,Rally,None,1,-0.0067,54.1327,-1.2105,3.5,-15.3996,-1.5895,0.8227,-9.9583,1,Forehand swing,1,0.0078,LowPickup,-6.0685,-16.744,-1.734,1.2546,-10.4533,0.629,1,1,Ready,0,9,12.5297,3.4317,3.5786,0,Perfect,,-2.2751,-10.9906,0,11.2,-0.0804,0.002,0.204,0,0,0
2022,Rally,None,1,-0.0067,54.0537,-1.2158,3.5,-15.3984,-1.6093,0.8751,-10.231,1,Forehand swing,1,-0.0036,LowPickup,-7.0396,-20.842,-1.8254,1.2665,-10.4314,0.1823,1,1,Ready,0,9,13.3085,4.416,16.4981,0,Perfect,,-2.2751,-10.9906,0,11.2,-0.079,0.0004,0.1608,0,0,0
2023,Rally,None,1,0.055,54.308,-1.2228,3.4998,-15.3974,-1.5884,0.9196,-9.9132,1,Forehand follow,1,-0.0203,LowPickup,-8.5071,-25.0712,-1.8936,1.1775,-10.4322,0.1904,1,1,Ready,0,9,14.0759,5.3063,0.2485,0.6917,Perfect,P:Perfect;,-2.2751,-10.9906,0,11.2,0.2543,-0.0005,0.1267,0,0,0
2024,Rally,None,1,0.0383,54.529,-1.2287,3.5033,-15.3957,-1.5884,0.9196,-9.9132,1,Forehand follow,1,-0.0203,LowPickup,-8.7976,-23.0553,-1.9335,1.1448,-10.4275,0.4288,1,1,Ready,0,9,14.7845,6.0428,0.1825,0.6333,Perfect,,-2.2751,-10.9906,0,11.2,0.2211,-0.0005,0.1267,0,0,0
2025,Rally,None,1,0.0217,54.7212,-1.2247,3.4868,-15.3984,-1.5884,0.9196,-9.9132,1,Forehand follow,1,-0.0203,LowPickup,-8.9312,-23.4373,-1.9579,1.1206,-10.4225,0.1109,1,1,Ready,0,9,15.4311,6.6675,0.3777,0.575,Perfect,,-2.2751,-10.9906,0,11.2,0.1922,-0.001,0.0999,0,0,0
2026,Rally,None,1,0.005,54.8882,-1.2332,3.49,-15.3969,-1.5884,0.9196,-9.9132,1,Forehand follow,1,-0.0203,LowPickup,-9.0275,-23.6891,-1.9717,1.1049,-10.418,0.0797,1,1,Ready,0,9,16.0041,7.2204,0.6309,0.5167,Perfect,,-2.2751,-10.9906,0,11.2,0.1671,-0.0011,0.0787,0,0,0
2027,Rally,None,1,-0.0117,55.0335,-1.2326,3.4979,-15.3949,-1.5884,0.9196,-9.9132,1,Forehand follow,1,-0.0203,LowPickup,-9.0944,-23.853,-1.9801,1.0946,-10.415,0.042,1,1,Ready,0,9,16.5198,7.6931,0.5447,0.4583,Perfect,,-2.2751,-10.9906,0,11.2,0.1452,-0.0009,0.062,0,0,0
2028,Rally,None,1,-0.0117,55.1598,-1.2485,3.4878,-15.3959,-1.5576,0.9694,-9.5791,1,Forehand follow,1,-0.0369,LowPickup,-10.5974,-29.3291,-1.9876,1.052,-10.4432,0.0135,1,1,Ready,0,9,17.0084,8.0743,0.2071,0.4,Perfect,,-2.2731,-10.9908,0,11.2,0.1263,0.0007,0.7509,0,0,0
2029,Rally,None,1,-0.0117,55.2695,-1.2496,3.4884,-15.3954,-1.5267,1.0166,-9.2451,1,Forehand follow,1,-0.0536,LowPickup,-12.146,-31.4959,-1.9871,1.0192,-10.4899,0.3421,1,1,Ready,0,9,17.4457,8.4232,0.1013,0.3417,Perfect,,-2.2682,-10.9912,0,11.2,0.1098,0.0034,1.3068,0,0,0
2030,Rally,None,1,-0.0117,55.365,-1.2461,3.496,-15.3939,-1.4804,1.0827,-8.744,1,Forehand follow,1,-0.0786,LowPickup,-14.6492,-34.3911,-1.9481,0.9565,-10.5974,0.2102,1,1,Ready,0,9,17.8235,8.8197,0.234,0.2833,Perfect,,-2.2558,-10.9924,0,11.2,0.0954,0.0078,2.7514,0.4866,0,0
2031,Rally,None,1,-0.0117,55.4479,-1.247,3.4928,-15.3945,-1.4495,1.1235,-8.41,1,Forehand follow,1,-0.0953,LowPickup,-16.7183,-35.1599,-1.8952,0.9251,-10.6825,0.0398,1,1,Ready,0,9,18.1284,9.207,0.2143,0.225,Perfect,,-2.244,-10.9935,0,11.2,0.083,0.0132,3.8364,1.8467,0,0
2032,Rally,None,1,-0.0117,55.52,-1.2457,3.4931,-15.3947,-1.4032,1.1801,-7.9089,1,Forehand follow,1,-0.1203,LowPickup,-19.7318,-36.8747,-1.8811,0.9091,-10.6545,0.195,1,1,Ready,0,9,18.3367,9.5405,0.0537,0.1667,Perfect,,-2.2212,-10.9956,0,11.2,0.0721,0.0193,5.6663,3.2622,0,0
2033,Rally,None,1,-0.0117,55.5827,-1.2394,3.4916,-15.3955,-1.3724,1.2145,-7.5749,1,Forehand follow,1,-0.1369,LowPickup,-22.3213,-36.8616,-1.8787,0.9548,-10.6277,0.1855,1,1,Ready,0,9,18.4681,9.8602,0.1357,0.1083,Perfect,,-2.2025,-10.9973,0,11.2,0.0627,0.0254,6.7419,3.3084,0,0
2034,Rally,None,1,-0.0117,55.6373,-1.2345,3.4934,-15.3959,-1.3415,1.2465,-7.2409,1,Forehand follow,1,-0.1536,LowPickup,-23.0508,-35.6234,-1.8779,1.0247,-10.619,0.3046,1,1,Ready,0,9,18.5209,10.2011,0.1371,0.05,Perfect,,-2.1811,-10.9992,0,11.2,0.0545,0.0307,6.9025,2.1044,0,0
2035,Rally,None,1,-0.0117,55.6847,-1.2274,3.4947,-15.3967,-1.2952,1.2896,-6.7398,1,Forehand follow,1,-0.1786,LowPickup,-23.2593,-34.6559,-1.8598,1.0959,-10.621,0.2671,1,1,Ready,0,9,18.5274,10.5165,0.1115,0,Perfect,,-2.1437,-11.0027,0,11.2,0.0474,0.0354,7.8236,1.4039,0,0
2036,Rally,None,1,-0.0117,55.7259,-1.2191,3.4954,-15.3978,-1.2643,1.3152,-6.4058,1,Forehand follow,1,-0.1953,LowPickup,-19.8038,-31.8894,-1.8417,1.1337,-10.6232,0.3977,1,1,Ready,0,9,18.5105,10.7612,0.0321,0,Perfect,,-2.1154,-11.0053,0,11.2,0.0412,0.0391,7.755,2.498,0,0
2037,Rally,None,1,-0.0117,55.7617,-1.2084,3.496,-15.3994,-1.218,1.3488,-5.9047,1,Forehand follow,1,-0.2203,LowPickup,-14.7564,-29.6004,-1.813,1.2061,-10.6492,0.4191,1,1,Ready,0,9,18.489,10.9465,0.0129,0,Perfect,,-2.0677,-11.0097,0,11.2,0.0358,0.042,8.4955,4.4138,0,0
2038,Rally,None,1,-0.0117,55.7928,-1.1966,3.4965,-15.4011,-1.1872,1.368,-5.5707,1,Forehand follow,1,-0.2369,LowPickup,-4.8069,-24.8822,-1.7962,1.2422,-10.6822,5.1631,1,1,Ready,0,9,18.531,11.1119,0.0148,0,Perfect,,-2.0324,-11.0129,0,11.2,0.0311,0.0439,8.2846,6.8861,0,0
2039,Rally,None,1,-0.0117,55.8199,-1.1835,3.497,-15.4031,-1.1563,1.3847,-5.2366,1,Forehand follow,1,-0.2536,LowPickup,5.3348,-20.4056,-1.7999,1.2516,-10.7191,25.3958,1,1,Ready,0,9,18.5796,11.2197,0.0133,0,Perfect,,-1.9944,-11.0164,0,11.2,0.0271,0.0448,8.1184,8.289,0,0
2040,Rally,None,1,-0.0117,55.8434,-1.1678,3.4974,-15.4056,-1.11,1.4049,-4.7356,1,Forehand follow,1,-0.2786,LowPickup,15.4034,-17.3167,-1.7316,1.2605,-10.7157,1.9047,1,1,Ready,0,9,18.6071,11.2394,0.0152,0,Perfect,,-1.9321,-11.0222,-0.0019,11.2,0.0235,0.0452,8.5,9.6181,0,0
2041,Rally,None,1,-0.0117,55.8639,-1.1508,3.4977,-15.4083,-1.0792,1.4152,-4.4015,1,Forehand follow,0,9,LowPickup,24.9034,-10.2148,-1.6587,1.2313,-10.7259,1.1733,1,1,Ready,0,9,18.5942,11.1865,0.0161,0,Perfect,,-1.8872,-11.0263,-0.0019,11.2,0.0205,0.0452,8.5,9.6181,0,0
2042,Rally,None,1,-0.0117,55.8816,-1.1308,3.498,-15.4115,-1.0329,1.4259,-3.9005,1,Run,0,9,LowPickup,35.7508,17.8677,-1.2985,0.7315,-10.9101,0.6479,0.9555,0.8333,Ready,0,9,18.4965,11.0636,0.0061,0,Perfect,,-1.8146,-11.033,-0.0019,11.2,0.0178,0.0451,8.5,9.4586,0,0
2043,Rally,None,1,-0.0117,55.8971,-1.1098,3.4983,-15.415,-1.002,1.4298,-3.5664,1,Run,0,9,LowPickup,38.8653,27.0185,-1.2793,0.7088,-10.9748,0.5689,0.856,0.6667,Ready,0,9,18.3709,10.9039,0.0058,0,Perfect,,-1.7627,-11.0378,-0.0019,11.2,0.0155,0.0449,8.5,3.9286,0,0
2044,Rally,None,1,-0.0117,55.9106,-1.0875,3.4985,-15.4186,-0.9711,1.4312,-3.2324,1,Run,0,9,LowPickup,40.6284,31.1771,-1.2636,0.6956,-10.9772,0.3046,0.7361,0.5,Ready,0,9,18.2445,10.7364,0.0122,0,Perfect,,-1.7081,-11.0428,-0.0019,11.2,0.0134,0.0445,8.5,3.4973,0,0.0001
2045,Rally,None,1,-0.0117,55.9222,-1.0619,3.4987,-15.4228,-0.9248,1.4285,-2.7313,1,Run,0,9,LowPickup,41.5249,34.4941,-1.1814,0.693,-10.9937,0.3863,0.6155,0.3333,Ready,0,9,18.1496,10.5763,0.0153,0,Perfect,,-1.621,-11.0508,-0.0019,11.2,0.0117,0.0437,8.4881,2.8864,0,0
2046,Rally,None,1,-0.0117,55.9324,-1.0352,3.4989,-15.4272,-0.894,1.4235,-2.3973,1,Run,0,9,LowPickup,41.9516,37.1939,-1.1082,0.7063,-11.0134,3.2605,0.5041,0.1667,Forehand prepare 0.04,0,9,24.8705,11.8595,0.9498,0,Perfect,,-1.5594,-11.0565,-0.0019,11.2,0.0102,0.0431,8.5,2.1769,0,0.0001
2047,Rally,None,1,-0.0117,55.9412,-1.005,3.499,-15.4322,-0.8477,1.4113,-1.8962,1,Run,0,9,LowPickup,42.1385,39.4243,-0.9994,0.7129,-11.0329,18.789,0.4064,0,Forehand prepare 0.08,0,9,18.9417,10.96,0.8585,0,Perfect,,-1.4619,-11.0654,-0.0019,11.2,0.0088,0.0422,8.5,1.4613,0,0
2048,Rally,None,1,-0.0117,55.9489,-0.9738,3.4991,-15.4374,-0.8168,1.4,-1.5622,1,Run,0,9,LowPickup,42.1425,41.2881,-0.9207,0.7158,-11.0457,0.3745,0.3236,0,Forehand prepare 0.13,0,9,28.7682,15.9279,1.3531,0,Perfect,,-1.3934,-11.0717,-0.0019,11.2,0.0077,0.0416,8.5,0.8663,0,0
2049,Rally,None,1,-0.0117,55.9556,-0.9417,3.4992,-15.4427,-0.7859,1.3861,-1.2281,1,Run,0,9,LowPickup,42.1727,42.7329,-0.847,0.7269,-11.0602,0.528,0.2551,0,Forehand prepare 0.17,0,9,32.4245,18.9385,0.4926,0,Perfect,,-1.3237,-11.0782,-0.0019,11.2,0.0067,0.0408,8.5,0.5015,0,0
2050,Rally,None,1,-0.0117,55.9614,-0.9063,3.4993,-15.4486,-0.7396,1.3605,-0.7271,1,Run,0,9,LowPickup,42.4389,44.1961,-0.7414,0.7461,-11.0781,1.2041,0.1995,0,Forehand prepare 0.21,0,9,37.5522,22.9507,0.4562,0,Perfect,,-1.2192,-11.0878,-0.0019,11.2,0.0058,0.0389,7.3293,0.6443,0,0
2051,Rally,None,1,-0.0117,55.9664,-0.8705,3.4994,-15.4545,-0.7088,1.3402,-0.393,1,Run,0,9,LowPickup,42.8579,45.3733,-0.6713,0.7595,-11.0952,1.6615,0.1549,0,Forehand prepare 0.26,0,9,40.3254,27.2608,0.2658,0,Perfect,,-1.1495,-11.0942,-0.0019,11.2,0.005,0.0356,5.7764,0.987,0,0
2052,Rally,None,1,-0.0117,55.9567,-0.8319,3.4995,-15.461,-0.6625,1.3051,0.108,1,Run,0,9,LowPickup,43.3661,46.031,-0.5684,0.7613,-11.1159,6.5845,0.1195,0,Forehand prepare 0.30,0,9,43.8247,32.2342,0.194,0,Perfect,,-1.0449,-11.1038,-0.0019,11.2,-0.0097,0.0309,4.5525,1.2695,0,0
2053,Rally,None,1,-0.0117,55.9046,-0.7933,3.4996,-15.4674,-0.6316,1.2784,0.4421,1,Run,0,9,LowPickup,43.9926,46.1268,-0.5076,0.7398,-11.1348,0.7598,0.0918,0,Forehand prepare 0.36,0,9,47.6492,38.8406,0.3049,0,Perfect,,-0.9752,-11.1102,-0.0019,11.2,-0.0521,0.0253,3.588,1.4924,0,0
2054,Rally,None,1,-0.0117,55.8157,-0.7547,3.4996,-15.4739,-0.6007,1.2493,0.7761,1,Run,0,9,LowPickup,44.8088,45.9553,-0.4472,0.7175,-11.1568,3.332,0.0702,0,Forehand prepare 0.39,0,9,53.0263,46.6461,0.3547,0,Perfect,,-0.9055,-11.1167,-0.0019,11.2,-0.0889,0.0194,2.8278,1.6098,0,0
2055,Rally,None,1,-0.0117,55.6729,-0.7136,3.4997,-15.4807,-0.5545,1.2008,1.2772,1,Run,0,9,LowPickup,45.5511,45.5384,-0.3539,0.7089,-11.18,0,0.0534,0,Forehand prepare 0.43,0,9,57.6851,55.6084,0.288,0,Perfect,,-0.8009,-11.1263,-0.0019,11.2,-0.1428,0.0136,2.2287,1.5782,0,0
2056,Rally,None,1,-0.0117,55.5052,-0.673,3.4997,-15.4875,-0.5236,1.1652,1.6112,1,Run,0,9,LowPickup,46.4006,44.9865,-0.2987,0.7079,-11.2024,4.0766,0.0405,0,Forehand prepare 0.48,0,9,62.4943,66.4775,0.3734,0,Perfect,,-0.7312,-11.1327,-0.0019,11.2,-0.1678,0.0083,1.7565,1.4758,0,0
2057,Rally,None,1,-0.0117,55.2939,-0.6301,3.4998,-15.4947,-0.4773,1.1072,2.1123,1,Run,0,9,LowPickup,47.0815,44.2186,-0.2075,0.7185,-11.2244,0.1743,0.0307,0,Forehand prepare 0.52,0,9,69.1686,75.6179,0.9561,0,Perfect,,-0.6267,-11.1423,-0.0019,11.2,-0.2113,0.004,1.3843,1.2818,0,0
2058,Rally,None,1,-0.0117,55.0665,-0.5878,3.4998,-15.5017,-0.4464,1.0653,2.4463,1,Run,0,9,LowPickup,47.5567,43.5195,-0.1488,0.7335,-11.2381,0.5817,0.0231,0,Forehand prepare 0.58,0,9,73.4379,84.4728,0.4254,0,Perfect,,-0.5577,-11.1487,-0.0019,11.2,-0.2273,0.0007,1.091,0.9685,0,0
2059,Rally,None,1,-0.0117,54.8252,-0.5463,3.4998,-15.5086,-0.4156,1.0208,2.7803,1,Run,0,9,LowPickup,47.9449,43.1769,-0.0884,0.7403,-11.2486,0.4331,0.0174,0,Forehand prepare 0.61,0,9,70.5636,91.1404,1.4954,0,Perfect,,-0.4915,-11.1548,-0.0019,11.2,-0.2413,-0.0017,0.044,0.6162,0,0
2060,Rally,None,1,-0.0117,54.55,-0.5035,3.4998,-15.5158,-0.3693,0.9494,3.2814,1,Run,0,9,LowPickup,48.1747,43.1319,0.0092,0.75,-11.2603,4.0439,0.0131,0,Forehand prepare 0.65,0,9,66.0358,97.1617,1.8374,0,Perfect,,-0.3974,-11.1634,-0.0019,11.2,-0.2752,-0.003,1.5543,0.2475,0,0
2061,Rally,None,1,-0.0117,54.2671,-0.462,3.4999,-15.5227,-0.3384,0.8986,3.6154,1,Run,0,9,LowPickup,48.2091,43.4251,0.0729,0.7742,-11.2654,3.7694,0.0098,0,Forehand prepare 0.71,0,9,65.4163,101.5583,1.3157,0,Perfect,,-0.3381,-11.1689,-0.0019,11.2,-0.2829,-0.0031,3.6086,0.1921,0,0
2062,Rally,None,1,-0.0117,53.9557,-0.4199,3.4999,-15.5298,-0.2921,0.8176,4.1165,1,Run,0,9,LowPickup,48.0104,43.5459,0.1639,0.7854,-11.2655,2.4033,0.0073,0,Forehand prepare 0.74,0,9,66.537,103.9267,1.7886,0,Perfect,,-0.2543,-11.1766,-0.0019,11.2,-0.3114,-0.002,4.4331,0.5251,0,0
2063,Rally,None,1,-0.0117,53.6414,-0.3796,3.4999,-15.5365,-0.2612,0.7604,4.4505,1,Run,0,9,LowPickup,47.7649,43.9861,0.225,0.7924,-11.2609,2.6317,0.0055,0,Forehand prepare 0.80,0,9,62.1223,104.1321,0.2411,0,Perfect,,-0.2019,-11.1814,-0.0019,11.2,-0.3144,0.0005,5.8774,0.7792,0,0
2064,Rally,None,1,-0.0117,53.3244,-0.3409,3.4999,-15.543,-0.2304,0.7007,4.7846,1,Run,0,9,LowPickup,47.4245,44.2563,0.2822,0.778,-11.2572,2.3804,0.0041,0,Forehand prepare 0.84,0,9,54.3354,102.0224,1.0055,0,Perfect,,-0.1523,-11.186,-0.0019,11.2,-0.3169,0.004,6.2212,0.9284,0,0.0001
2065,Rally,None,1,-0.0117,52.9835,-0.3024,3.4999,-15.5494,-0.1841,0.6064,5.2856,1,Run,0,9,LowPickup,46.9869,44.6576,0.3602,0.7686,-11.2542,2.7916,0.003,0,Forehand prepare 0.87,0,9,41.8263,96.1447,1.5517,0,Perfect,,-0.0831,-11.1924,-0.0019,11.2,-0.341,0.0082,6.4921,1.0103,0,0
2066,Rally,None,1,-0.0117,52.6434,-0.2658,3.4999,-15.5556,-0.1532,0.5403,5.6197,1,Run,0,9,LowPickup,46.5641,45.3352,0.4121,0.7784,-11.2486,0,0.0023,0,Forehand prepare 0.93,0,9,22.5568,80.0376,1.6573,0,Perfect,,-0.0404,-11.1963,-0.0019,11.2,-0.3401,0.0131,7.5002,1.0085,0,0
2067,Rally,None,1,-0.0117,52.298,-0.2311,3.4999,-15.5614,-0.1069,0.4364,6.1207,1,Run,0,9,LowPickup,46.125,45.8001,0.46,0.7812,-11.2433,0,0,0,Forehand prepare 0.97,0,9,12.8486,65.7032,0.9131,0,Perfect,,0,-11.2,-0.0019,11.2,-0.3453,0.0181,7.5001,0.922,0,0
2068,Rally,None,1,-0.0117,51.9978,-0.2009,3.4999,-15.5664,-0.076,0.364,6.4548,1,Ready,0,9,LowPickup,42.558,41.484,0.4433,0.7674,-11.1744,0,0,0,Forehand prepare 1.00,0,9,5.281,52.5842,1.5265,0,Perfect,,0,-11.2,-0.0019,11.2,-0.3002,0.0219,5.9111,1.4096,0,0
2069,Rally,None,1,-0.0117,51.7368,-0.1746,3.5,-15.5708,-0.0452,0.289,6.7888,1,Ready,0,9,LowPickup,36.1587,34.4892,0.4018,0.7658,-11.068,3.4637,0,0,Forehand prepare 1.00,1,0.1833,16.3623,61.4011,0,0,Perfect,,0,-11.2,-0.0019,11.2,-0.261,0.0238,4.6587,1.018,0,0
2070,Rally,None,1,-0.0117,51.5099,-0.1518,3.5,-15.5746,0.0011,0.1717,7.2899,1,Ready,0,9,LowPickup,29.8994,27.7062,0.357,0.7823,-10.9787,1.2863,0,0,Backhand swing,1,0.1621,64.8388,39.6984,7.8768,0,Perfect,,0,-11.2,-0.0019,11.2,-0.2269,0.0237,3.6716,0.9252,0,0
2071,Rally,None,1,-0.0117,51.3127,-0.132,3.5,-15.5779,0.032,0.1,7.6239,1,Ready,0,9,LowPickup,24.8271,21.8596,0.3185,0.7856,-10.9192,1.7742,0,0,Backhand swing,1,0.148,49.412,8.7037,0.4142,0,Perfect,,0,-11.2,-0.0019,11.2,-0.1973,0.0219,2.8937,1.5808,0,0
2072,Rally,None,1,-0.0117,51.1412,-0.1147,3.5,-15.5808,0.0751,0.1865,8.0909,1,Ready,0,9,LowPickup,21.108,17.131,0.2879,0.7935,-10.8965,0.5436,0,0,Backhand swing,1,0.1269,34.1591,-18.6401,1.574,0,Perfect,,0,-11.2,0.1182,11.2,-0.1715,0.0189,2.2806,2.1573,0,0
2073,Rally,None,1,-0.0117,50.9921,-0.0997,3.5,-15.5833,0.1039,0.2409,8.4022,1,Ready,0,9,LowPickup,18.5154,13.3576,0.2664,0.8062,-10.8906,0.3569,0,0,Backhand swing,1,0.1128,-12.029,-43.1069,1.7183,0,Perfect,,0,-11.2,0.1929,11.2,-0.1491,0.0153,1.7974,2.4608,0,0
2074,Rally,None,1,-0.0117,50.8625,-0.0867,3.5,-15.5855,0.1327,0.2926,8.7135,1,Ready,0,9,LowPickup,16.732,10.3184,0.2498,0.8106,-10.8686,0.2263,0,0,Backhand swing,1,0.0987,17.1343,-50.0897,1.0961,0,Perfect,,0,-11.2,0.1929,11.2,-0.1296,0.0116,1.4166,2.4617,0,0
2075,Rally,None,1,-0.0117,50.7498,-0.0754,3.5,-15.5874,0.1758,0.3652,9.1805,1,Ready,0,9,LowPickup,15.5189,7.8188,0.2374,0.8139,-10.8504,0.1369,0,0,Backhand swing,1,0.0775,16.9997,-46.0581,0.9892,0,Perfect,,0,-11.2,0.1929,11.2,-0.1127,0.008,1.1165,2.2211,0,0
2076,Rally,None,1,-0.0117,50.6519,-0.0655,3.5,-15.589,0.2046,0.4103,9.4919,1,Ready,0,9,LowPickup,14.6764,5.7361,0.2345,0.826,-10.8575,0.0763,0,0,Backhand swing,1,0.0634,15.0734,-40.5698,1.0312,0,Perfect,,0,-11.2,0.1929,11.2,-0.098,0.005,0.8799,1.8062,0,0
2077,Rally,None,1,-0.0117,50.5667,-0.057,3.5,-15.5905,0.2477,0.4729,9.9588,1,Ready,0,9,LowPickup,14.074,3.9613,0.2357,0.8424,-10.8732,0.0546,0,0,Backhand swing,1,0.0423,16.2888,-31.4614,0.659,0,Perfect,,0,-11.2,0.1929,11.2,-0.0852,0.0027,0.6935,1.3204,0,0
2078,Rally,None,1,-0.0117,50.4927,-0.0495,3.5,-15.5917,0.2765,0.5114,10.2702,1,Ready,0,9,LowPickup,13.3673,2.6632,0.2353,0.8434,-10.8796,0.2139,0,0,Backhand swing,1,0.0282,13.185,-22.3792,0.6691,0,Perfect,,0,-11.2,0.1929,11.2,-0.074,0.0009,0.5466,0.6346,0,0
2079,Rally,None,1,-0.0117,50.4283,-0.0431,3.5,-15.5928,0.3053,0.5472,10.5815,1,Ready,0,9,LowPickup,12.5645,1.4733,0.236,0.8449,-10.8869,0.1433,0,0,Backhand swing,1,0.0141,11.9636,-12.9187,0.4089,0,Perfect,,0,-11.2,0.1929,11.2,-0.0644,-0.0001,0.4308,0.3008,0,0
2080,Rally,None,1,-0.0117,51.1562,-0.0374,3.5,-15.5937,0.334,0.5803,10.7728,1,Ready,0,9,LowPickup,11.2662,0.1438,0.2371,0.8511,-10.8932,0.1815,0,0,Backhand swing,1,0,10.8577,-2.6038,0.3315,0,Perfect,R;,0,-11.2,0.2076,11.2,0.7279,-0.0007,0.3395,0.7416,0,0
2081,Rally,None,1,-0.0117,51.789,-0.0325,3.5,-15.5946,0.3281,0.6266,10.4729,1,Ready,0,9,LowPickup,9.7326,-1.1458,0.2393,0.8632,-10.9013,0.2683,0,0,Backhand swing,1,-0.0167,9.4448,5.6676,0.3115,0,Perfect,,0,-11.2,0.1275,11.2,0.6328,-0.0009,0.2676,1.1691,0,0
2082,Rally,None,1,-0.0117,52.3391,-0.0283,3.5,-15.5953,0.3222,0.6702,10.1729,1,Ready,0,9,LowPickup,7.9793,-2.3726,0.2419,0.8852,-10.9157,0.2327,0,0,Backhand follow,1,-0.0333,9.8412,13.6714,0.2873,0,Perfect,,0,-11.2,0.0475,11.2,0.5501,-0.0008,0.2109,1.4653,0,0
2083,Rally,None,1,-0.0117,52.8174,-0.0246,3.5,-15.5959,0.3133,0.7304,9.723,1,Ready,0,9,LowPickup,6.3272,-3.4039,0.2502,0.9182,-10.9291,0.1994,0,0,Backhand follow,1,-0.0583,12.3072,25.2891,0.3161,0,Perfect,,0,-11.2,0,11.2,0.4783,-0.0006,0.1662,1.5475,0,0
2084,Rally,None,1,-0.0117,53.2332,-0.0214,3.5,-15.5964,0.3073,0.7671,9.4231,1,Ready,0,9,LowPickup,5.0411,-4.2069,0.2691,0.9669,-10.941,0.118,0,0,Backhand follow,1,-0.075,16.2644,30.441,0.7043,0,Perfect,,0,-11.2,0,11.2,0.4158,-0.0003,0.131,1.3528,0,0
2085,Rally,None,1,-0.0117,53.5946,-0.0186,3.5,-15.5969,0.2984,0.8171,8.9732,1,Ready,0,9,LowPickup,4.2034,-4.6335,0.2907,1.0276,-10.9477,0.993,0,0,Backhand follow,1,-0.1,20.2293,37.6033,0.6529,0,Perfect,,0,-11.2,0,11.2,0.3615,0,0.1032,1.0225,0,0
2086,Rally,None,1,-0.0117,53.9089,-0.0162,3.5,-15.5973,0.2925,0.847,8.6732,1,Ready,0,9,LowPickup,3.9391,-4.6253,0.3048,1.1255,-10.9787,5.6402,0,0,Backhand follow,1,-0.1167,25.94,42.4201,0.5542,0,Perfect,,0,-11.2,0,11.2,0.3142,0.0002,0.0814,0.6162,0,0
2087,Rally,None,1,-0.0117,54.1821,-0.0141,3.5,-15.5977,0.2866,0.8742,8.3733,1,Ready,0,9,LowPickup,4.0328,-4.2808,0.3013,1.1641,-10.9762,0.2775,0,0,Backhand follow,1,-0.1333,30.1773,47.3083,0.1089,0,Perfect,,0,-11.2,0,11.2,0.2732,0.0004,0.0641,0.3133,0,0
2088,Rally,None,1,-0.0117,54.4196,-0.0122,3.5,-15.598,0.2777,0.9099,7.9234,1,Ready,0,9,LowPickup,4.3947,-3.5619,0.263,0.9939,-10.8312,0.3465,0,0,Backhand follow,1,-0.1583,36.0038,53.329,0.1384,0,Perfect,,0,-11.2,0,11.2,0.2375,0.0005,0.0505,0.243,0,0
2089,Rally,None,1,-0.0117,54.626,-0.0106,3.5,-15.5982,0.2717,0.9303,7.6234,1,Ready,0,9,LowPickup,4.8716,-2.6522,0.1592,0.8095,-10.888,0.1018,0,0,Backhand follow,1,-0.175,39.9356,57.9033,0.2995,0,Perfect,,0,-11.2,0,11.2,0.2065,0.0005,0.0398,0.2382,0,0
2090,Rally,None,1,-0.0117,54.8055,-0.0092,3.5,-15.5985,0.2628,0.9557,7.1735,1,Ready,0,9,LowPickup,5.2882,-1.6186,0.1812,0.8156,-10.8749,1.3455,0,0,Backhand follow,1,-0.2,44.8394,65.5313,0.1438,0,Perfect,,0,-11.2,0,11.2,0.1795,0.0004,0.0314,0.1638,0,0
2091,Rally,None,1,-0.0117,54.9616,-0.008,3.5,-15.5987,0.2569,0.9693,6.8736,1,Ready,0,9,LowPickup,5.677,-0.5547,0.1773,0.8238,-10.9053,0.15,0,0,Backhand follow,1,-0.2167,48.1036,71.2504,0.1773,0,Perfect,,0,-11.2,0,11.2,0.156,0.0004,0.0247,0.1615,0,0
2092,Rally,None,1,-0.0117,55.0972,-0.007,3.5,-15.5988,0.251,0.9801,6.5736,1,Ready,0,9,LowPickup,6.0133,0.4379,0.1873,0.8276,-10.9097,0,0,0,Backhand follow,1,-0.2333,51.2603,76.46,1.0156,0,Perfect,,0,-11.2,0,11.2,0.1357,0.0003,0.0195,0.277,0,0
2093,Rally,None,1,-0.0117,55.2152,-0.006,3.5,-15.5984,0.2421,0.9913,6.1237,1,Ready,0,9,LowPickup,6.2993,1.3428,0.1929,0.8278,-10.9089,0,0,0,Backhand follow,1,-0.2583,56.0387,83.3463,0.6109,0,Perfect,,0.0003,-11.1958,0,11.2,0.1179,0.0002,0.0154,0.3877,0,0
2094,Rally,None,1,-0.0117,55.3177,-0.0052,3.5,-15.5973,0.2361,0.9953,5.8238,1,Run,0,9,LowPickup,6.4553,2.0697,0.1906,0.8086,-10.9115,0,0,0,Backhand follow,1,-0.275,59.2832,87.5245,1.5063,0,Perfect,,0.0006,-11.1896,0,11.2,0.1025,0.0001,2.384,0.5031,0,0
2095,Rally,None,1,-0.0117,55.4069,-0.0044,3.5,-15.5944,0.2272,0.9963,5.3739,1,Run,0,9,LowPickup,6.4227,2.6672,0.182,0.7955,-10.8893,0,0,0,Backhand follow,0,9,58.5384,87.2831,2.2602,0,Perfect,,0.0015,-11.1751,0,11.2,0.0891,0,3.4679,0.6767,0,0
2096,Rally,None,1,-0.0117,55.4843,-0.0037,3.5,-15.5901,0.2213,0.9935,5.0739,1,Run,0,9,LowPickup,6.1621,3.0914,0.1556,0.794,-10.8301,3.578,0,0,Backhand finish,0,9,60.231,90.8678,9.9097,0,Perfect,,0.0024,-11.1619,0,11.2,0.0775,0,5.1167,0.9047,0,0
2097,Rally,None,1,-0.0117,55.5517,-0.003,3.5,-15.5844,0.2154,0.988,4.774,1,Run,0,9,LowPickup,5.7031,3.3571,0.1586,0.784,-10.7805,1.1158,0,0,Backhand finish,0,9,61.4681,93.9371,0.9921,0,Perfect,,0.0034,-11.1459,0,11.2,0.0674,0,5.6216,1.1233,0,0
2098,Rally,None,1,-0.0117,55.6103,-0.0022,3.5,-15.5755,0.2065,0.9746,4.3241,1,Run,0,9,LowPickup,5.1171,3.4873,0.2189,0.7475,-10.7644,1.576,0,0,Backhand finish,0,9,62.6106,96.5217,5.883,0,Perfect,,0.0052,-11.1168,0,11.2,0.0586,-0.0001,6.0196,1.2833,0,0
2099,Rally,None,1,-0.0117,55.6612,-0.0014,3.5,-15.5649,0.2005,0.9623,4.0241,1,Run,0,9,LowPickup,4.6789,3.9312,0.275,0.7378,-10.7558,0.8844,0,0,Backhand finish,0,9,64.2255,98.6103,0.2676,0,Perfect,,0.0067,-11.094,0,11.2,0.0509,-0.0001,7.1278,0.5274,0,0
2100,Rally,None,1,-0.0117,55.7055,-0.0006,3.5,-15.5505,0.1916,0.9387,3.5742,1,Run,0,9,LowPickup,4.5013,3.8648,0.2985,0.7348,-10.7108,0.667,0,0,Backhand finish,0,9,66.3352,100.2032,0.0716,0,Perfect,,0.0092,-11.0545,0,11.2,0.0443,-0.0001,7.2066,0.4318,0,0
2101,Rally,None,1,-0.0117,55.7439,0.0003,3.5,-15.534,0.1857,0.9196,3.2743,1,Run,0,9,LowPickup,4.5309,3.7359,0.3134,0.7277,-10.6798,0.4855,0,0,Backhand finish,0,9,68.8765,101.2321,0.3464,0,Perfect,,0.0111,-11.0247,0,11.2,0.0385,-0.0001,8.0633,0.4166,0,0
2102,Rally,None,1,-0.0117,55.7774,0.0012,3.5,-15.5155,0.1798,0.8977,2.9743,1,Run,0,9,LowPickup,4.7166,3.5692,0.326,0.7234,-10.6509,0.4224,0,0,Backhand finish,0,9,71.6195,101.7933,0.5271,0,Perfect,,0.0133,-10.9921,0,11.2,0.0335,0,7.944,0.4517,0,0
2103,Rally,None,1,-0.0117,55.8065,0.0023,3.5,-15.4923,0.1709,0.8598,2.5244,1,Run,0,9,LowPickup,5.0374,3.3,0.3367,0.7217,-10.6056,3.8553,0,0,Backhand finish,0,9,74.0038,101.8631,0.5959,0,Perfect,,0.0168,-10.938,0,11.2,0.0291,0,7.8499,0.5323,0,0
2104,Rally,None,1,-0.0117,55.8318,0.0034,3.5,-15.467,0.1649,0.8312,2.2245,1,Run,0,9,LowPickup,5.452,2.9263,0.3437,0.7217,-10.5802,19.8974,0,0,Backhand finish,0,9,75.3672,101.5364,0.1242,0,Perfect,,0.0195,-10.8986,0,11.2,0.0253,0,8.5,0.6173,0,0
2105,Rally,None,1,-0.0117,55.8537,0.0046,3.5,-15.4366,0.156,0.7831,1.7746,1,Run,0,9,LowPickup,5.8655,2.5133,0.3509,0.7265,-10.5264,0.0374,0,0,Backhand finish,0,9,75.8475,100.9026,0.3317,0,Perfect,,0.0238,-10.8341,0,11.2,0.022,0,8.3435,0.6509,0,0
2106,Rally,None,1,-0.0117,55.8728,0.006,3.5,-15.4041,0.1501,0.7476,1.4746,1,Forehand prepare 0.03,0,9,LowPickup,11.886,2.8418,0.3461,0.7973,-10.3229,0.7468,0.2083,0.1667,Backhand finish,0,9,75.5368,99.9947,0.4421,0,Perfect,,0.027,-10.7877,0,11.2,0.0191,0,8.5,2.1418,0,0
2107,Rally,None,1,-0.0117,55.8895,0.0074,3.5,-15.3694,0.1442,0.7094,1.1747,1,Forehand prepare 0.08,0,9,LowPickup,7.3597,2.6416,0.4914,0.8213,-10.45,0.7561,0.4167,0.3333,Backhand finish,0,9,74.7168,98.8542,0.4954,0,Perfect,,0.0303,-10.7385,0,11.2,0.0166,0,8.5,1.3738,0,0
2108,Rally,None,1,-0.0117,55.902,0.009,3.5,-15.3289,0.1353,0.6469,0.7248,1,Backhand prepare 0.12,0,9,LowPickup,7.8662,4.6849,0.417,0.7755,-10.3577,0.4206,0.625,0.5,Backhand finish,0,9,73.8604,97.5161,0.4409,0,Perfect,,0.0358,-10.6595,0,11.2,0.0125,0,8.4064,1.9956,0,0
2109,Rally,None,1,-0.0117,55.9021,0.0107,3.5,-15.2864,0.1293,0.6019,0.4248,1,Backhand prepare 0.18,0,9,LowPickup,7.422,4.4897,0.4051,0.7793,-10.2793,0.2463,0.8333,0.6667,Backhand finish,0,9,73.4234,95.9744,0,0,Perfect,,0.0396,-10.6034,0,11.2,0.0001,0,8.5,3.184,0,0
2110,PointOver,Reaction,1,-0.0117,38,0.9459,1.185,-7.514,0.1204,0.5335,0.05,0,Backhand prepare 0.23,0,9,LowPickup,6.2404,3.5787,0.4061,0.7765,-10.1982,1.5812,1,0.8333,Backhand finish,0,9,73.3889,94.1959,0.0338,0,Perfect,,0.0459,-10.514,0,11.2,-17.9021,0,8.5,4.1426,0,0
2111,PointOver,Reaction,1,-0.0117,38,0.95,1.185,-7.4624,0.1198,0.5321,0.074,0,CelebratePoint,0,9,LowPickup,5.6016,2.0318,0.3611,0.7502,-10.123,0.9378,1,0.6667,SadPointLost,0,9,66.5371,86.6528,0.4556,0,Perfect,,0.05,-10.4552,0,11.2,0,0,8.5,1.5056,0,0
2112,PointOver,Reaction,1,-0.0117,38,0.9539,1.185,-7.4135,0.1193,0.528,0.098,0,CelebratePoint,0,9,LowPickup,5.4858,2.1098,0.3554,0.7539,-10.0754,7.9252,1,0.5,SadPointLost,0,9,54.9278,70.4981,0.8748,0,Perfect,,0.0539,-10.3991,0,11.2,0,0,5.6867,2.0069,0,0
2113,PointOver,Reaction,1,-0.0117,38,0.9595,1.185,-7.3418,0.1184,0.5168,0.134,0,CelebratePoint,0,9,LowPickup,5.8451,2.5143,0.3491,0.7733,-9.9684,6.9699,1,0.3333,SadPointLost,0,9,43.0089,53.8332,0.8255,0,Perfect,,0.0595,-10.3201,0,11.2,0,0,2.8929,2.0394,0,0
2114,PointOver,Reaction,1,-0.0117,38,0.963,1.185,-7.2999,0.1178,0.5059,0.158,0,CelebratePoint,0,9,LowPickup,6.6655,3.1505,0.3396,0.8115,-9.904,0.6517,1,0.1667,SadPointLost,0,9,33.356,39.7723,0.5941,0,Perfect,,0.063,-10.2709,0,11.2,0,0.0001,0.1092,1.6758,0,0
2115,PointOver,Reaction,1,-0.0117,38,0.9678,1.185,-7.2386,0.1169,0.4844,0.194,0,CelebratePoint,0,9,LowPickup,7.844,3.84,0.3322,0.8331,-9.8336,0.4219,1,0,SadPointLost,0,9,26.4297,28.8798,0.377,0,Perfect,,0.0678,-10.2023,0,11.2,0,0.0012,1.6711,1.4083,0,0
2116,PointOver,Reaction,1,-0.0117,38,0.9708,1.185,-7.2035,0.1163,0.4667,0.218,0,CelebratePoint,0,9,LowPickup,9.1577,4.4265,0.3261,0.8442,-9.7996,2.4172,1,0,SadPointLost,0,9,21.7537,20.6712,0.489,0,Perfect,,0.0708,-10.1601,0,11.2,0,0.0041,3.7005,1.7507,0,0
2117,PointOver,Reaction,1,-0.0117,38,0.9736,1.185,-7.1713,0.1157,0.4463,0.242,0,CelebratePoint,0,9,LowPickup,9.6338,4.0559,0.3174,0.8496,-9.7688,17.5022,1,0,SadPointLost,0,9,18.6916,14.5046,0.1834,0,Perfect,,0.0736,-10.1206,0,11.2,0,0.0085,4.5055,2.3785,0,0
2118,PointOver,Reaction,1,-0.0117,38,0.9774,1.185,-7.1245,0.1148,0.4105,0.278,0,CelebratePoint,0,9,LowPickup,14.5211,8.0876,0.3417,0.8483,-9.7451,1.1806,1,0,SadPointLost,0,9,16.3378,9.6748,0.2682,0,Perfect,,0.0774,-10.0666,0,11.2,0,0.0137,5.1399,2.5556,0,0
2119,PointOver,Reaction,1,-0.0117,38,0.9798,1.185,-7.0992,0.1142,0.3832,0.302,0,CelebratePoint,0,9,LowPickup,14.6731,7.6091,0.3401,0.8489,-9.7269,0.7658,1,0,SadPointLost,0,9,14.348,5.8801,0.4171,0,Perfect,,0.0798,-10.034,0,11.2,0,0.0196,6.4345,2.276,0,0
2120,PointOver,Reaction,1,-0.0117,38,0.9829,1.185,-7.0628,0.1133,0.3373,0.3379,0,CelebratePoint,0,9,LowPickup,14.0359,6.6906,0.3411,0.8497,-9.6975,0.4431,1,0,SadPointLost,0,9,12.2737,2.8146,0.6774,0,Perfect,,0.0829,-9.9904,0,11.2,0,0.0254,6.6602,1.6902,0,0
2121,PointOver,Reaction,1,-0.0117,38,0.9847,1.185,-7.0444,0.1127,0.3032,0.3619,0,CelebratePoint,0,9,LowPickup,12.9038,5.5798,0.3427,0.8574,-9.6905,0.6788,1,0,SadPointLost,0,9,10.2137,0.4787,0.7918,0,Perfect,,0.0847,-9.9647,0,11.2,0,0.031,7.6327,1.3597,0,0
2122,PointOver,Reaction,1,-0.0117,38,0.9864,1.185,-7.0288,0.1121,0.2664,0.3859,0,CelebratePoint,0,9,LowPickup,11.4053,4.4397,0.346,0.865,-9.6873,0.8314,1,0,SadPointLost,0,9,8.1349,-1.2117,0.8751,0,Perfect,,0.0864,-9.9419,0,11.2,0,0.0358,7.6046,1.6542,0,0
2123,PointOver,Reaction,1,-0.0117,38,0.9885,1.185,-7.007,0.1112,0.2061,0.4219,0,CelebratePoint,0,9,LowPickup,9.7532,3.4416,0.3503,0.8826,-9.6814,0.8979,1,0,SadPointLost,0,9,6.1118,-2.3041,0.9132,0,Perfect,,0.0885,-9.9128,0,11.2,0,0.0394,7.5824,2.1869,0,0
2124,PointOver,Reaction,1,-0.0117,38,0.9897,1.185,-6.9983,0.1107,0.1625,0.4459,0,CelebratePoint,0,9,LowPickup,8.1157,2.7102,0.3529,0.9131,-9.693,0,1,0,SadPointLost,0,9,4.2392,-2.8539,2.6479,0,Perfect,,0.0897,-9.8969,0,11.2,0,0.0422,8.3595,2.6307,0,0
2125,PointOver,Reaction,1,-0.0117,38,0.991,1.185,-6.9869,0.1098,0.1,0.4819,0,CelebratePoint,0,9,LowPickup,6.5911,2.2751,0.3534,0.9468,-9.7011,0,1,0,SadPointLost,0,9,2.5647,-2.9564,16.0732,0,Perfect,,0.091,-9.8782,0,11.2,0,0.044,8.1774,2.8663,0,0
2126,PointOver,Reaction,1,-0.0117,38,0.9917,1.185,-6.9851,0.1092,0.1354,0.5045,0,CelebratePoint,0,9,LowPickup,5.4346,2.2495,0.3511,0.9753,-9.7185,0,1,0,SadPointLost,0,9,1.2591,-2.648,12.0847,0,Perfect,,0.0917,-9.8692,0,11.2,0,0.0453,8.5,2.7806,0,0
2127,PointOver,Reaction,1,-0.0117,38,0.9922,1.185,-6.9861,0.1086,0.1681,0.527,0,CelebratePoint,0,9,LowPickup,4.6733,2.5637,0.3489,0.9998,-9.7318,0,1,0,SadPointLost,0,9,0.3108,-2.0995,0.4429,0,Perfect,,0.0922,-9.8629,0,11.2,0,0.0459,8.5,2.3607,0,0
2128,PointOver,Reaction,1,-0.0117,38,0.9926,1.185,-6.9892,0.1078,0.2121,0.5609,0,CelebratePoint,0,9,LowPickup,4.5931,3.3154,0.3483,1.0232,-9.74,0,1,0,SadPointLost,0,9,0.0375,-1.1773,0.136,0,Perfect,,0.0926,-9.8588,0,11.2,0,0.0459,8.3251,1.5349,0,0
2129,PointOver,Reaction,1,-0.0117,38,0.9926,1.185,-6.9972,0.1073,0.238,0.5834,0,CelebratePoint,0,9,LowPickup,-0.0253,-0.5366,0.3354,1.0681,-9.7335,0,1,0,SadPointLost,0,9,-0.0198,-0.2807,0.0286,0,Perfect,,0.0926,-9.8595,0,11.2,0,0.0458,8.5,0.7412,0,0
2130,PointOver,Reaction,1,-0.0117,38,0.9922,1.185,-7.0107,0.1064,0.2717,0.6172,0,CelebratePoint,0,9,LowPickup,-0.0104,0.0102,0.3329,1.1333,-9.7584,0,1,0,SadPointLost,0,9,-0.0049,0.4536,0.008,0,Perfect,,0.0922,-9.8657,0,11.2,0,0.0455,8.5,1.0408,0,0
2131,PointOver,Reaction,1,-0.0117,38,0.9918,1.185,-7.0255,0.1059,0.2908,0.6398,0,CelebratePoint,0,9,LowPickup,-7.0145,-6.5192,0.311,1.2157,-9.7596,0,1,0,SadPointLost,0,9,0,0.9569,0.003,0,Perfect,,0.0918,-9.8734,0,11.2,0,0.0454,8.5,1.8933,0,0
2132,PointOver,Reaction,1,-0.0117,38,0.9911,1.185,-7.0432,0.1053,0.3071,0.6624,0,CelebratePoint,0,9,LowPickup,-14.0227,-13.2635,0.2873,1.3097,-9.7763,0,1,0,SadPointLost,0,9,0,1.2359,0.0005,0,Perfect,,0.0911,-9.8837,0,11.2,0,0.0452,8.5,2.6541,0,0
2133,PointOver,Reaction,1,-0.0117,38,0.9897,1.185,-7.0712,0.1045,0.3265,0.6962,0,CelebratePoint,0,9,LowPickup,-21.0296,-20.2202,0.2672,1.4078,-9.8095,0,1,0,SadPointLost,0,9,0,1.3183,0.0004,0,Perfect,,0.0897,-9.9045,0,11.2,0,0.0449,8.5,3.1914,0,0
2134,PointOver,Reaction,1,-0.0117,38,0.9886,1.185,-7.0958,0.1039,0.3361,0.7187,0,CelebratePoint,0,9,LowPickup,-28.0347,-27.3683,0.2554,1.5042,-9.8493,0,1,0,SadPointLost,0,9,0,1.2424,0.0003,0,Perfect,,0.0886,-9.9219,0,11.2,0,0.0448,8.5,3.4522,0,0
2135,PointOver,Reaction,1,-0.0117,38,0.9865,1.185,-7.1342,0.1031,0.3453,0.7526,0,CelebratePoint,0,9,LowPickup,-35.0378,-34.6737,0.2511,1.5953,-9.9036,0,1,0,SadPointLost,0,9,0,1.0541,0.0003,0,Perfect,,0.0865,-9.953,0,11.2,0,0.0447,8.5,3.45,0,0
2136,PointOver,Reaction,1,-0.0117,38,0.9848,1.185,-7.1657,0.1025,0.348,0.7751,0,CelebratePoint,0,9,LowPickup,-42.0386,-42.0841,0.256,1.6769,-9.9542,0,1,0,SadPointLost,0,9,0,0.8003,0.0002,0,Perfect,,0.0848,-9.9773,0,11.2,0,0.045,8.5,3.1608,0,0
2137,PointOver,Reaction,1,-0.0117,38,0.983,1.185,-7.2,0.102,0.348,0.7977,0,CelebratePoint,0,9,LowPickup,-49.0371,-49.545,0.2633,1.7403,-9.9904,0,1,0,SadPointLost,0,9,0,0.5247,0.0001,0,Perfect,,0.083,-10.0043,0,11.2,0,0.0451,8.5,2.6355,0,0
2138,PointOver,Reaction,1,-0.0117,38,0.9799,1.185,-7.2529,0.1011,0.3429,0.8315,0,CelebratePoint,0,9,LowPickup,-56.0335,-56.9925,0.2597,1.7816,-10.0217,0,1,0,SadPointLost,0,9,0,0.2629,0.0001,0,Perfect,,0.0799,-10.0501,0,11.2,0,0.0451,8.5,1.8913,0,0
2139,PointOver,Reaction,1,-0.0117,38,0.9775,1.185,-7.2941,0.1006,0.3361,0.8541,0,CelebratePoint,0,9,LowPickup,-63.0278,-64.3646,0.3109,1.7918,-10.0465,0,1,0,SadPointLost,0,9,0,0.0403,0.0001,0,Perfect,,0.0775,-10.084,0,11.2,0,0.0452,8.5,0.9667,0,0
2140,PointOver,Reaction,1,-0.0117,38,0.9737,1.185,-7.3575,0.0997,0.3207,0.8879,0,CelebratePoint,0,9,LowPickup,-70.0205,-71.6095,0.276,1.7977,-10.0529,0,1,0,SadPointLost,0,9,0,-0.1289,0.0001,0,Perfect,,0.0737,-10.1401,0,11.2,0,0.0452,8.5,0,0,0
2141,PointOver,Reaction,1,-0.0117,38,0.9709,1.185,-7.4056,0.0992,0.3071,0.9105,0,CelebratePoint,0,9,LowPickup,-77.0119,-78.7166,0.248,1.7915,-10.0691,0,1,0,SadPointLost,0,9,0,-0.2402,0.0001,0,Perfect,,0.0709,-10.181,0,11.2,0,0.0454,8.5,1.0828,0,0
2142,PointOver,Reaction,1,-0.0117,38,0.9679,1.185,-7.4565,0.0986,0.2907,0.933,0,CelebratePoint,0,9,LowPickup,-70.0205,-71.7801,0.2686,1.7747,-10.1357,0,1,0,SadPointLost,0,9,0,-0.2968,0.0001,0,Perfect,,0.0679,-10.2246,0,11.2,0,0.0455,8.5,1.9314,0,0
2143,PointOver,Reaction,1,-0.0117,38,0.963,1.185,-7.5344,0.0978,0.2611,0.9669,0,CelebratePoint,0,9,LowPickup,-63.0278,-64.7138,0.2798,1.7532,-10.2294,0,1,0,SadPointLost,0,9,0,-0.307,0.0001,0,Perfect,,0.063,-10.2953,0,11.2,0,0.0453,8.5,2.5678,0,0
2144,PointOver,Reaction,1,-0.0117,38,0.9595,1.185,-7.5923,0.0972,0.238,0.9894,0,CelebratePoint,0,9,LowPickup,-56.0334,-57.5412,0.286,1.7283,-10.3012,0,1,0,SadPointLost,0,9,0,-0.282,0.0001,0,Perfect,,0.0595,-10.3459,0,11.2,0,0.0453,8.5,2.9637,0,0
2145,PointOver,Reaction,1,-0.0117,38,0.9539,1.185,-7.6806,0.0964,0.1981,1.0232,0,CelebratePoint,0,9,LowPickup,-49.0371,-50.2923,0.2541,1.6978,-10.4367,0,1,0,SadPointLost,0,9,0,-0.2338,0.0001,0,Perfect,,0.0539,-10.4269,0,11.2,0,0.0451,8.5,3.133,0,0
2146,PointOver,Reaction,1,-0.0117,38,0.9499,1.185,-7.7453,0.0958,0.1681,1.0458,0,CelebratePoint,0,9,LowPickup,-42.0386,-43.007,0.2485,1.6699,-10.5057,0,1,0,SadPointLost,0,9,0,-0.1736,0.0001,0,Perfect,,0.0499,-10.4844,0,11.2,0,0.0451,8.5,3.0727,0,0
2147,PointOver,Reaction,1,-0.0117,38,0.9457,1.185,-7.8128,0.0953,0.1354,1.0684,0,CelebratePoint,0,9,LowPickup,-35.0378,-35.7183,0.2808,1.6431,-10.5635,0,1,0,SadPointLost,0,9,0,-0.111,0.0001,0,Perfect,,0.0457,-10.5447,0,11.2,0,0.0451,8.5,2.8292,0,0
2148,PointOver,Reaction,1,-0.0117,38,0.939,1.185,-7.9157,0.0944,0.1135,1.1015,0,CelebratePoint,0,9,LowPickup,-28.0348,-28.4574,0.2737,1.6169,-10.6669,0,1,0,SadPointLost,0,9,0,-0.0531,0.0001,0,Perfect,,0.039,-10.6403,0,11.2,0,0.0447,8.5,2.4306,0,0
2149,PointOver,Reaction,1,-0.0117,38,0.9345,1.185,-7.9881,0.0939,0.1383,1.1227,0,CelebratePoint,0,9,LowPickup,-21.0297,-21.2464,0.2709,1.5931,-10.7399,0,1,0,SadPointLost,0,9,0,-0.0049,0.0001,0,Perfect,,0.0345,-10.7055,0,11.2,0,0.0444,8.5,1.9065,0,0
2150,PointOver,Reaction,1,-0.0117,38,0.928,1.185,-8.088,0.0931,0.1705,1.1545,0,CelebratePoint,0,9,LowPickup,-14.0151,-14.0484,0.2692,1.5727,-10.8164,0,1,0,SadPointLost,0,9,0,0.0311,0.0001,0,Perfect,,0.028,-10.7981,0,11.2,0,0.0428,6.9006,1.308,0,0
2151,PointOver,Reaction,1,-0.0117,38,0.924,1.185,-8.1535,0.0926,0.1886,1.1757,0,CelebratePoint,0,9,LowPickup,-7.0019,-6.9612,0.2729,1.5578,-10.8286,2.5422,1,0,SadPointLost,0,9,0,0.0544,0.0001,0,Perfect,,0.024,-10.8564,0,11.2,0,0.0381,3.055,0.6205,0,0
2152,PointOver,Reaction,1,-0.0117,38,0.9201,1.185,-8.2163,0.0921,0.2039,1.1969,0,CelebratePoint,0,9,LowPickup,-0.0001,0.0378,0.2765,1.5534,-10.87,3.1454,1,0,SadPointLost,0,9,0,0.0658,0.0001,0,Perfect,,0.0201,-10.9119,0,11.2,0,0.0306,0.8187,0,0,0
2153,PointOver,Reaction,1,-0.0117,38,0.9146,1.185,-8.3016,0.0913,0.2218,1.2287,0,CelebratePoint,0,9,LowPickup,-0.0001,0.034,0.2715,1.5564,-10.9151,0.0641,1,0,SadPointLost,0,9,0,0.0672,0.0001,0,Perfect,,0.0146,-10.99,0,11.2,0,0.0216,0.9438,0.6714,0,0
2154,PointOver,Reaction,1,-0.0117,38,0.9113,1.185,-8.3574,0.0908,0.2303,1.2499,0,CelebratePoint,0,9,LowPickup,-0.0007,0.0153,0.2688,1.5615,-10.928,4.0236,1,0,SadPointLost,0,9,0,0.0612,0.0001,0,Perfect,,0.0113,-11.0386,0,11.2,0,0.0128,3.1274,1.0756,0,0
2155,PointOver,Reaction,1,-0.0117,38,0.9065,1.185,-8.4323,0.09,0.238,1.2817,0,CelebratePoint,0,9,LowPickup,-0.0012,0.0008,0.2644,1.5668,-10.9809,21.53,1,0,SadPointLost,0,9,0,0.0503,0.0001,0,Perfect,,0.0065,-11.1062,0,11.2,0,0.0051,4.0538,1.2593,0,0
2156,PointOver,Reaction,1,-0.0117,38,0.9036,1.185,-8.4812,0.0895,0.2397,1.3029,0,CelebratePoint,0,9,LowPickup,-0.0023,-0.0243,0.2621,1.568,-11.001,22.5946,1,0,SadPointLost,0,9,0,0.0369,0.0001,0,Perfect,,0.0036,-11.1479,0,11.2,0,-0.0007,5.5785,1.2704,0,0
2157,PointOver,Reaction,1,-0.0117,38,0.9009,1.185,-8.5273,0.0889,0.2386,1.3241,0,CelebratePoint,0,9,LowPickup,-0.0026,-0.0368,0.2597,1.5679,-11.0358,0.0156,1,0,SadPointLost,0,9,0,0.0232,0.0002,0,Perfect,,0.0009,-11.1868,0,11.2,0,-0.0046,5.9856,1.1549,0,0
2158,PointOver,Reaction,1,-0.0117,38,0.9,1.185,-8.5478,0.0882,0.232,1.3559,0,CelebratePoint,0,9,LowPickup,-7.008,-7.1507,0.2496,1.5662,-11.0175,1.1761,1,0,SadPointLost,0,9,0,0.0106,0.0001,0,Perfect,,0,-11.2,0,11.2,0,-0.0066,6.3065,0.9569,0,0
2159,PointOver,Reaction,1,-0.0117,38,0.9,1.185,-8.5551,0.0876,0.2242,1.3771,0,CelebratePoint,0,9,LowPickup,-0.0018,-0.0362,0.2588,1.5741,-11.0695,1.1881,1,0,SadPointLost,0,9,0,0.0002,0.0002,0,Perfect,,0,-11.2,0,11.2,0,-0.0072,4.9703,0.7198,0,0
2160,PointOver,Reaction,1,-0.0117,38,0.9,1.185,-8.5623,0.0868,0.2073,1.409,0,CelebratePoint,0,9,LowPickup,-0.0011,-0.0294,0.2586,1.5787,-11.0882,0.0399,1,0,SadPointLost,0,9,0,-0.0074,0.0002,0,Perfect,,0,-11.2,0,11.2,0,-0.0067,3.9172,0.4813,0,0
2161,PointOver,Reaction,1,-0.0117,38,0.9,1.185,-8.5696,0.0863,0.1927,1.4302,0,CelebratePoint,0,9,LowPickup,-0.0007,-0.0249,0.2585,1.5824,-11.1038,0.0311,1,0,SadPointLost,0,9,0,-0.0123,0.0002,0,Perfect,,0,-11.2,0,11.2,0,-0.0054,3.0873,0.2683,0,0
2162,PointOver,Reaction,1,-0.0117,38,0.9,1.185,-8.5768,0.0858,0.1753,1.4514,0,CelebratePoint,0,9,LowPickup,-0.0004,-0.0215,0.2585,1.5855,-11.1166,0.0243,1,0,SadPointLost,0,9,0,-0.0145,0.0001,0,Perfect,,0,-11.2,0,11.2,0,-0.0039,2.4332,0,0,0
2163,PointOver,Reaction,1,-0.0117,38,0.9,1.185,-8.5841,0.085,0.1441,1.4832,0,CelebratePoint,0,9,LowPickup,-0.0003,-0.0186,0.2584,1.5862,-11.1271,0.0191,1,0,SadPointLost,0,9,0,-0.0147,0.0002,0,Perfect,,0,-11.2,0,11.2,0,-0.0024,1.9176,0,0,0
2164,PointOver,Reaction,1,-0.0117,38,0.9,1.185,-8.5913,0.0845,0.1199,1.5044,0,CelebratePoint,0,9,LowPickup,-0.0002,-0.0166,0.2584,1.589,-11.1356,0.0149,1,0,SadPointLost,0,9,0,-0.0132,0.0001,0,Perfect,,0,-11.2,0,11.2,0,-0.0011,1.5114,0,0,0
2165,PointOver,Reaction,1,-0.0117,38,0.9,1.185,-8.5986,0.0837,0.1103,1.5355,0,CelebratePoint,0,9,LowPickup,-0.0001,-0.0142,0.2583,1.5914,-11.1425,0.0117,1,0,SadPointLost,0,9,0,-0.0108,0.0001,0,Perfect,,0,-11.2,0,11.2,0,0,1.1911,0.1631,0,0
2166,PointOver,Reaction,1,-0.0117,38,0.9,1.185,-8.6058,0.0832,0.1287,1.5555,0,CelebratePoint,0,9,LowPickup,-0.0001,-0.0116,0.2583,1.5937,-11.148,0.0092,1,0,SadPointLost,0,9,0,-0.0078,0.0001,0,Perfect,,0,-11.2,0,11.2,0,0.0007,0.9388,0,0,0
2167,PointOver,Reaction,1,-0.0117,38,0.9,1.185,-8.613,0.0827,0.1445,1.5754,0,CelebratePoint,0,9,LowPickup,0,-0.0088,0.2582,1.5958,-11.1526,0.0073,1,0,SadPointLost,0,9,0,-0.0048,0.0001,0,Perfect,,0,-11.2,0,11.2,0,0.0011,0.7399,0,0,0
2168,PointOver,Reaction,1,-0.0117,38,0.9,1.185,-8.6203,0.082,0.163,1.6053,0,CelebratePoint,0,9,LowPickup,0,-0.0062,0.2582,1.5977,-11.1564,0.0057,1,0,SadPointLost,0,9,0,-0.0021,0.0001,0,Perfect,,0,-11.2,0,11.2,0,0.0012,0.5831,0,0,0
2169,PointOver,Reaction,1,-0.0117,38,0.9,1.185,-8.6275,0.0815,0.172,1.6252,0,CelebratePoint,0,9,LowPickup,0,-0.0042,0.2582,1.5997,-11.1596,0.0045,1,0,SadPointLost,0,9,0,0.0001,0.0002,0,Perfect,,0,-11.2,0,11.2,0,0.0012,0.4596,0,0,0
2170,PointOver,Reaction,1,-0.0117,38,0.9,1.185,-8.6348,0.0808,0.1803,1.6551,0,CelebratePoint,0,9,LowPickup,0,-0.0024,0.2582,1.6015,-11.1625,0.0035,1,0,SadPointLost,0,9,0,0.0017,0.0001,0,Perfect,,0,-11.2,0,11.2,0,0.001,0.3622,0,0,0
2171,PointOver,Reaction,1,-0.0117,38,0.9,1.185,-8.642,0.0803,0.1824,1.675,0,CelebratePoint,0,9,LowPickup,-0.0126,-0.0073,0.2577,1.6037,-11.1661,0.0066,1,0,SadPointLost,0,9,0,0.0028,0.0001,0,Perfect,,0,-11.2,0,11.2,0,0.0007,0.2855,0,0,0
2172,PointOver,Reaction,1,-0.0117,38,0.9,1.185,-8.6493,0.0798,0.1818,1.695,0,CelebratePoint,0,9,LowPickup,0,0.001,0.2583,1.6052,-11.1678,0.0069,1,0,SadPointLost,0,9,0,0.0032,0.0001,0,Perfect,,0,-11.2,0,11.2,0,0.0005,0.225,0,0,0
2173,PointOver,Reaction,1,-0.0117,38,0.9,1.185,-8.6565,0.079,0.1758,1.7249,0,CelebratePoint,0,9,LowPickup,0.1115,0.0573,0.2629,1.6047,-11.1629,0.0561,1,0,SadPointLost,0,9,0,0.0032,0.0001,0,Perfect,,0,-11.2,0,11.2,0,0.0002,0.1773,0,0,0
2174,PointOver,Reaction,1,-0.0117,38,0.9,1.185,-8.6638,0.0785,0.1684,1.7448,0,CelebratePoint,0,9,LowPickup,0.3722,0.1796,0.2358,1.6057,-11.16,0.1303,1,0,SadPointLost,0,9,0,0.0029,0.0001,0,Perfect,,0,-11.2,0,11.2,0,0,0.1397,0.1725,0,0
2175,PointOver,Reaction,1,-0.0117,38,0.9,1.185,-8.671,0.0778,0.1522,1.7747,0,CelebratePoint,0,9,LowPickup,0.8122,0.3709,0.2541,1.6,-11.1344,0.2203,1,0,SadPointLost,0,9,0,0.0023,0.0001,0,Perfect,,0,-11.2,0,11.2,0,-0.0001,0.1101,0.3539,0,0
2176,PointOver,Reaction,1,-0.0117,38,0.9,1.185,-8.6783,0.0773,0.1379,1.7946,0,CelebratePoint,0,9,LowPickup,1.3874,0.5946,0.2767,1.5871,-11.1007,0.2874,1,0,SadPointLost,0,9,0,0.0017,0.0001,0,Perfect,,0,-11.2,0,11.2,0,-0.0002,0.0868,0.5895,0,0
2177,PointOver,Reaction,1,-0.0117,38,0.9,1.185,-8.6855,0.0768,0.121,1.8146,0,CelebratePoint,0,9,LowPickup,2.0855,0.8338,0.3026,1.566,-11.0606,0.3493,1,0,SadPointLost,0,9,0,0.001,0.0001,0,Perfect,,0,-11.2,0,11.2,0,-0.0002,0.0684,0.8356,0,0
2178,PointOver,Reaction,1,-0.0117,38,0.9,1.185,-8.6928,0.0761,0.1,1.8444,0,CelebratePoint,0,9,LowPickup,2.8838,1.0693,0.329,1.5351,-11.0167,0.3997,1,0,SadPointLost,0,9,0,0.0004,0.0001,0,Perfect,,0,-11.2,0,11.2,0,-0.0002,0.0539,1.0668,0,0
2179,PointOver,Reaction,1,-0.0117,38,0.9,1.185,-8.7,0.0756,0.1154,1.8632,0,CelebratePoint,0,9,LowPickup,3.7594,1.2861,0.3536,1.4937,-10.9721,0.4388,1,0,SadPointLost,0,9,0,-0.0001,0.0001,0,Perfect,,0,-11.2,0,11.2,0,-0.0002,0.0425,1.2561,0,0
2180,PointOver,Reaction,1,-0.0117,38,-0.9,1.185,8.2072,0.0749,0.1335,1.8913,0,CelebratePoint,0,9,LowPickup,4.7001,1.4789,0.3739,1.4412,-10.9286,0.4729,1,0,SadPointLost,0,9,0,-0.0004,0.0001,0,Perfect,,0,-11.2,0,11.2,0,-0.0001,0.0335,1.3977,0,0
2181,PointOver,Reaction,1,-0.0117,38,-0.9,1.185,8.2145,0.0745,0.1421,1.91,0,CelebratePoint,0,9,LowPickup,5.6759,1.6369,0.3877,1.3794,-10.8895,0.4825,1,0,SadPointLost,0,9,-0.0126,-0.0069,0.0064,0,Perfect,,0,-11.2,0,11.2,0,-0.0001,0.0264,1.4783,0,0
2182,PointOver,Reaction,1,-0.0117,38,-0.9,1.185,8.2217,0.074,0.148,1.9288,0,CelebratePoint,0,9,LowPickup,6.6745,1.7619,0.3934,1.3102,-10.8575,0.4913,1,0,SadPointLost,0,9,0,0.0002,0.0062,0,Perfect,,0,-11.2,0,11.2,0,0,0.0208,1.5029,0,0
2183,PointOver,Reaction,1,-0.0117,38,-0.9,1.185,8.229,0.0733,0.1517,1.9569,0,CelebratePoint,0,9,LowPickup,7.6733,1.852,0.3904,1.2369,-10.8337,0.4987,1,0,SadPointLost,0,9,0.1116,0.0559,0.0559,0,Perfect,,0,-11.2,0,11.2,0,0,0.0164,1.4724,0,0
2184,PointOver,Reaction,1,-0.0117,38,-0.9,1.185,8.2362,0.0728,0.1508,1.9756,0,CelebratePoint,0,9,LowPickup,8.6489,1.9071,0.3793,1.1635,-10.819,0.4891,1,0,SadPointLost,0,9,0.3722,0.1778,0.1299,0,Perfect,,0,-11.2,0,11.2,0,0,0.0129,1.391,0,0
2185,PointOver,Reaction,1,-0.0117,38,-0.9,1.185,8.2435,0.0721,0.1443,2.0037,0,CelebratePoint,0,9,LowPickup,9.5898,1.9334,0.3609,1.093,-10.813,0.4715,1,0,SadPointLost,0,9,0.8122,0.3689,0.2196,0,Perfect,,0,-11.2,0,11.2,0,0,0.0102,1.271,0,0
2186,PointOver,Reaction,1,-0.0117,38,-0.9,1.185,8.2507,0.0717,0.1366,2.0224,0,CelebratePoint,0,9,LowPickup,10.4653,1.9278,0.3379,1.0293,-10.8144,0.4403,1,0,SadPointLost,0,9,1.3873,0.5924,0.2889,0,Perfect,,0,-11.2,0,11.2,0,0,0.008,1.1128,0,0
2187,PointOver,Reaction,1,-0.0117,38,-0.9,1.185,8.258,0.0712,0.1262,2.0412,0,CelebratePoint,0,9,LowPickup,11.2636,1.8966,0.3121,0.9741,-10.8213,0.4007,1,0,SadPointLost,0,9,2.0855,0.8313,0.3481,0,Perfect,,0,-11.2,0,11.2,0,0,0.0063,0.9279,0,0
2188,PointOver,Reaction,1,-0.0117,38,-0.9,1.185,8.2652,0.0705,0.1054,2.0693,0,CelebratePoint,0,9,LowPickup,11.9618,1.8399,0.2866,0.9288,-10.8313,0.3422,1,0,SadPointLost,0,9,2.8838,1.0664,0.3995,0,Perfect,,0,-11.2,0,11.2,0,0,0.005,0.7198,0,0
2189,PointOver,Reaction,1,-0.0117,38,-0.9,1.185,8.2725,0.0701,0.1061,2.0874,0,CelebratePoint,0,9,LowPickup,12.5368,1.7568,0.2634,0.8943,-10.8424,0.2829,1,0,SadPointLost,0,9,3.7594,1.2826,0.4387,0,Perfect,,0,-11.2,0,11.2,0,0,0.0039,0.4926,0,0
2190,PointOver,Reaction,1,-0.0117,38,-0.9,1.185,8.2797,0.0694,0.1204,2.1138,0,CelebratePoint,0,9,LowPickup,12.9769,1.6519,0.2446,0.8691,-10.8523,0.2211,1,0,SadPointLost,0,9,4.7001,1.4751,0.4729,0,Perfect,,0,-11.2,0,11.2,0,0,0.0031,0.2564,0,0
2191,PointOver,Reaction,1,-0.0117,38,-0.9,1.185,8.287,0.069,0.1266,2.1315,0,CelebratePoint,0,9,LowPickup,13.2248,1.5056,0.2342,0.856,-10.858,0.1247,1,0,SadPointLost,0,9,5.6759,1.633,0.4832,0,Perfect,,0,-11.2,0,11.2,0,0,0.0024,0,0,0
2192,PointOver,Reaction,1,-0.0117,38,-0.9,1.185,8.2942,0.0685,0.13,2.1491,0,Ready,0,9,LowPickup,13.2915,1.4699,0.2326,0.8546,-10.8572,0.0078,0.9555,0,SadPointLost,0,9,6.6745,1.7581,0.4917,0,Perfect,,0,-11.2,0,11.2,0,0,0.0019,0.2656,0,0
2193,PointOver,Reaction,1,-0.0117,38,-0.9,1.185,8.3014,0.0679,0.13,2.1755,0,Ready,0,9,LowPickup,13.4919,1.6987,0.2289,0.8516,-10.8552,0.0211,0.856,0,SadPointLost,0,9,7.6733,1.8486,0.4997,0,Perfect,,0,-11.2,0,11.2,0,0,0.0015,0.4431,0,0
2194,PointOver,Reaction,1,-0.0117,38,-0.9,1.185,8.3087,0.0675,0.1266,2.1931,0,Ready,0,9,LowPickup,13.7882,2.2114,0.2241,0.8473,-10.8514,0.0266,0.7361,0,SadPointLost,0,9,8.6489,1.9043,0.4891,0,Perfect,,0,-11.2,0,11.2,0,0,0.0012,0.5829,0,0
2195,PointOver,Reaction,1,-0.0117,38,-0.9,1.185,8.3159,0.0668,0.1164,2.2195,0,Ready,0,9,LowPickup,14.0986,2.9491,0.2195,0.8421,-10.8454,0.022,0.6155,0,SadPointLost,0,9,9.5898,1.9314,0.4715,0,Perfect,,0,-11.2,0,11.2,0,0,0.0009,0.7222,0,0
2196,PointOver,Reaction,1,-0.0117,38,-0.9,1.185,8.3232,0.0664,0.1062,2.2371,0,Ready,0,9,LowPickup,14.3204,3.7825,0.2148,0.8357,-10.8384,0.0339,0.5041,0,SadPointLost,0,9,10.4653,1.9267,0.4405,0,Perfect,,0,-11.2,0,11.2,0,0,0.0007,0.835,0,0
2197,PointOver,Reaction,1,-0.0117,38,-0.9,1.185,8.3304,0.0659,0.1,2.2547,0,Ready,0,9,LowPickup,14.3979,4.5618,0.2111,0.8286,-10.8312,0.0824,0.4064,0,SadPointLost,0,9,11.2636,1.8965,0.4007,0,Perfect,,0,-11.2,0,11.2,0,0,0.0006,0.8897,0,0
2198,PointOver,Reaction,1,-0.0117,38,-0.9,1.185,8.3377,0.0653,0.113,2.2796,0,Ready,0,9,LowPickup,14.3789,5.1775,0.2101,0.8223,-10.8242,0.1748,0.3236,0,SadPointLost,0,9,11.9618,1.8405,0.3423,0,Perfect,,0,-11.2,0,11.2,0,0,0.0005,0.8286,0,0
2199,PointOver,Reaction,1,-0.0117,38,-0.9,1.185,8.3449,0.0649,0.1183,2.2961,0,Ready,0,9,LowPickup,14.2821,5.5648,0.2115,0.8168,-10.818,0.2406,0.2551,0,SadPointLost,0,9,12.5368,1.758,0.283,0,Perfect,,0,-11.2,0,11.2,0,0,0.0004,0.6471,0,0
2200,PointOver,Reaction,1,-0.0117,38,-0.9,1.185,8.3522,0.0643,0.1211,2.3209,0,Ready,0,9,LowPickup,14.1479,5.7089,0.2149,0.8105,-10.8108,0.2852,0.1995,0,SadPointLost,0,9,12.9769,1.6533,0.2211,0,Perfect,,0,-11.2,0,11.2,0,0,0.0003,0.3653,0,0
2201,PointOver,Reaction,1,-0.0117,38,-0.9,1.185,8.3594,0.0639,0.1196,2.3375,0,Ready,0,9,LowPickup,14.015,5.6251,0.2195,0.8071,-10.8094,0.2045,0.1549,0,SadPointLost,0,9,13.2375,1.5134,0.1311,0,Perfect,,0,-11.2,0,11.2,0,0,0.0002,0,0,0
2202,PointOver,Reaction,1,-0.0117,38,-0.9,1.185,8.3667,0.0635,0.1153,2.354,0,Ready,0,9,LowPickup,13.9228,5.3499,0.2248,0.8146,-10.828,0.0685,0.1195,0,Ready,0,9,13.245,1.4095,0.0105,0,Perfect,,0,-11.2,0,11.2,0,0,0.0002,0.3335,0,0
2203,PointOver,Reaction,1,-0.0117,38,-0.9,1.185,8.3739,0.0629,0.1038,2.3789,0,Ready,0,9,LowPickup,13.8455,4.9131,0.2278,0.8255,-10.8477,0.2165,0.0918,0,Ready,0,9,13.2659,1.395,0.0244,0,Perfect,,0,-11.2,0,11.2,0,0,0.0001,0.6352,0,0
2204,PointOver,Reaction,1,-0.0117,38,-0.9,1.185,8.3812,0.0625,0.1038,2.3949,0,Ready,0,9,LowPickup,13.7433,4.3525,0.2239,0.8257,-10.8397,0.3069,0.0702,0,Ready,0,9,13.2935,1.4413,0.0139,0,Perfect,,0,-11.2,0,11.2,0,0,0.0001,0.8373,0,0
2205,PointOver,Reaction,1,-0.0117,38,-0.9,1.185,8.3884,0.0619,0.1112,2.4183,0,Ready,0,9,LowPickup,13.628,3.6992,0.2203,0.8259,-10.8306,0.2886,0.0534,0,Ready,0,9,13.3164,1.4925,0.018,0,Perfect,,0,-11.2,0,11.2,0,0,0.0001,0.9347,0,0
2206,PointOver,Reaction,1,-0.0117,38,-0.9,1.185,8.3957,0.0615,0.1127,2.4338,0,Ready,0,9,LowPickup,13.4902,2.999,0.2248,0.8357,-10.8443,0.0981,0.0405,0,Ready,0,9,13.3168,1.4933,0.0134,0,Perfect,,0,-11.2,0,11.2,0,0,0.0001,0.9206,0,0
2207,PointOver,Reaction,1,-0.0117,38,-0.9,1.185,8.4029,0.0611,0.1114,2.4494,0,Ready,0,9,LowPickup,13.3348,2.2574,0.2311,0.8501,-10.8647,0.0404,0.0307,0,Ready,0,9,13.2797,1.3956,0.0128,0,Perfect,,0,-11.2,0,11.2,0,0,0.0001,0.835,0,0
2208,PointOver,Reaction,1,-0.0117,38,-0.9,1.185,8.4101,0.0605,0.1045,2.4727,0,Ready,0,9,LowPickup,12.9075,1.7211,0.2334,0.8484,-10.8741,0.2446,0.0231,0,Ready,0,9,13.056,1.3008,0.1419,0,Perfect,,0,-11.2,0,11.2,0,0,0,0.4765,0,0
2209,PointOver,Reaction,1,-0.0117,38,-0.9,1.185,8.4174,0.0602,0.1,2.4883,0,Ready,0,9,LowPickup,12.2676,1.0717,0.2358,0.8501,-10.8833,0.1546,0.0174,0,Ready,0,9,12.602,1.0539,0.1202,0,Perfect,,0,-11.2,0,11.2,0,0,0,0.1795,0,0
2210,PointOver,Reaction,1,-0.0117,38,-0.9,1.185,8.4246,0.0596,0.1075,2.5102,0,Ready,0,9,LowPickup,11.0824,0.1129,0.2379,0.8557,-10.8909,0.1674,0.0131,0,Ready,0,9,11.6348,0.4664,0.1101,0,Perfect,,0,-11.2,0,11.2,0,0,0,0.3705,0,0
2211,PointOver,Reaction,1,-0.0117,38,-0.9,1.185,8.4319,0.0593,0.1091,2.5249,0,Ready,0,9,LowPickup,9.619,-0.9482,0.2406,0.8673,-10.8999,0.2595,0.0098,0,Ready,0,9,10.2898,-0.3578,0.1939,0,Perfect,,0,-11.2,0,11.2,0,0,0,0.6979,0,0
2212,PointOver,Reaction,1,-0.0117,38,-0.9,1.185,8.4391,0.0589,0.108,2.5395,0,Ready,0,9,LowPickup,7.9092,-2.0581,0.2435,0.8888,-10.9151,0.227,0.0073,0,Ready,0,9,8.6037,-1.3648,0.1993,0,Perfect,,0,-11.2,0,11.2,0,0,0,0.9662,0,0
2213,PointOver,Reaction,1,-0.0117,38,-0.9,1.185,8.4464,0.0583,0.1012,2.5614,0,Ready,0,9,LowPickup,6.278,-3.0602,0.2517,0.9216,-10.9293,0.1964,0.0055,0,Ready,0,9,6.901,-2.3819,0.1907,0,Perfect,,0,-11.2,0,11.2,0,0,0,1.0776,0,0
2214,PointOver,Reaction,1,-0.0117,38,-0.9,1.185,8.4536,0.058,0.1026,2.5756,0,Ready,0,9,LowPickup,5.0411,-3.8523,0.2705,0.9696,-10.9419,0.1165,0.0041,0,Ready,0,9,5.527,-3.2712,0.1224,0,Perfect,,0,-11.2,0,11.2,0,0,0,0.9534,0,0
2215,PointOver,Reaction,1,-0.0117,38,-0.9,1.185,8.4609,0.0575,0.1064,2.5962,0,Ready,0,9,LowPickup,4.2034,-4.3516,0.2919,1.0299,-10.9492,0.1373,0.003,0,Ready,0,9,4.5515,-3.9021,0.1403,0,Perfect,,0,-11.2,0,11.2,0,0,0,0.7088,0,0
2216,PointOver,Reaction,1,-0.0117,38,-0.9,1.185,8.4681,0.0571,0.1056,2.61,0,Ready,0,9,LowPickup,3.9391,-4.4287,0.3058,1.1253,-10.9812,0.2234,0.0023,0,Ready,0,9,4.1688,-4.116,0.2257,0,Perfect,,0,-11.2,0,11.2,0,0,0,0.3956,0,0
2217,PointOver,Reaction,1,-0.0117,38,-0.9,1.185,8.4754,0.0568,0.102,2.6237,0,Ready,0,9,LowPickup,4.0327,-4.1693,0.3021,1.1659,-10.9786,0.2771,0,0,Ready,0,9,4.1769,-3.9771,0.2793,0,Perfect,,0,-11.2,0,11.2,0,0,0,0.1939,0,0
2218,PointOver,Reaction,1,-0.0117,38,-0.9,1.185,8.4826,0.0563,0.1034,2.6435,0,Ready,0,9,LowPickup,4.3947,-3.5259,0.2634,0.9999,-10.8307,0.3462,0,0,Ready,0,9,4.4816,-3.4312,0.8731,0,Perfect,,0,-11.2,0,11.2,0,0,0,0.1899,0,0
2219,PointOver,Reaction,1,-0.0117,38,-0.9,1.185,8.4899,0.056,0.104,2.6565,0,Ready,0,9,LowPickup,4.8716,-2.6665,0.159,0.8147,-10.8851,1.2398,0,0,Ready,0,9,4.9229,-2.6434,6.2836,0,Perfect,,0,-11.2,0,11.2,0,0,0,0.1795,0,0
2220,PointOver,Reaction,1,-0.0117,38,-0.9,1.185,8.4971,0.0555,0.1,2.6759,0,Ready,0,9,LowPickup,5.2882,-1.678,0.1798,0.81,-10.8919,6.0377,0,0,Ready,0,9,5.3184,-1.7029,0.1682,0,Perfect,,0,-11.2,0,11.2,0,0,0,0.1269,0,0
2221,PointOver,Reaction,1,-0.0117,38,-0.9,1.185,8.5043,0.0552,0.1022,2.688,0,Ready,0,9,LowPickup,5.6771,-0.6415,0.1977,0.8282,-10.8938,0,0,0,Ready,0,9,5.6947,-0.6942,0.6608,0,Perfect,,0,-11.2,0,11.2,0,0,0,0.225,0,0
2222,PointOver,Reaction,1,-0.0117,38,-0.9,1.185,8.5116,0.0549,0.1018,2.7001,0,Ready,0,9,LowPickup,6.0133,0.3395,0.1869,0.8316,-10.9072,0,0,0,Ready,0,9,6.0237,0.2751,0,0,Perfect,,0,-11.2,0,11.2,0,0,0,0.3611,0,0
2223,PointOver,Reaction,1,-0.0117,38,-0.9,1.185,8.5188,0.0545,0.1014,2.718,0,Ready,0,9,LowPickup,6.2993,1.2455,0.1922,0.8316,-10.9107,0,0,0,Ready,0,9,6.2993,1.1794,0,0,Perfect,,0,-11.2,0,11.2,0,0,0,0.4609,0,0
2224,PointOver,Reaction,1,-0.0117,38,-0.9,1.185,8.5261,0.0542,0.1021,2.7294,0,Ready,0,9,LowPickup,6.529,2.011,0.1886,0.8229,-10.9199,0,0,0,Ready,0,9,6.529,1.9538,0,0,Perfect,,0,-11.2,0,11.2,0,0,0,0.5008,0,0
2225,PointOver,Reaction,1,-0.0117,38,-0.9,1.185,8.5333,0.0538,0.1,2.7466,0,Ready,0,9,LowPickup,6.7034,2.6417,0.1954,0.8179,-10.9097,0,0,0,Ready,0,9,6.7034,2.5968,0,0,Perfect,,0,-11.2,0,11.2,0,0,0,0.5001,0,0
2226,PointOver,Reaction,1,-0.0117,38,-0.9,1.185,8.5406,0.0535,0.1022,2.7573,0,Ready,0,9,LowPickup,6.8369,3.1211,0.1296,0.8394,-10.8838,0,0,0,Ready,0,9,6.8369,3.0894,0,0,Perfect,,0,-11.2,0,11.2,0,0,0,0.4692,0,0
2227,PointOver,Reaction,1,-0.0117,38,-0.9,1.185,8.5478,0.0532,0.1017,2.768,0,Ready,0,9,LowPickup,6.8772,3.4371,0.1217,0.8753,-10.8325,0,0,0,Ready,0,9,6.8772,3.4178,0,0,Perfect,,0,-11.2,0,11.2,0,0,0,0.4335,0,0
2228,PointOver,Reaction,1,-0.0117,38,-0.9,1.185,8.5551,0.0529,0.1014,2.7838,0,Ready,0,9,LowPickup,6.7225,3.5565,0.1439,0.8199,-10.8846,0.4992,0,0,Ready,0,9,6.7225,3.5478,0.4582,0,Perfect,,0,-11.2,0,11.2,0,0,0,0.407,0,0
2229,PointOver,Reaction,1,-0.0117,38,-0.9,1.185,8.5623,0.0526,0.1021,2.7939,0,Ready,0,9,LowPickup,6.553,3.5616,0.1949,0.7905,-10.9176,0.323,0,0,Ready,0,9,6.553,3.5612,0.2437,0,Perfect,,0,-11.2,0,11.2,0,0,0,0.3956,0,0
2230,PlayerServeHold,Reaction,1,-0.0117,38,-0.9,1.185,8.5696,0.0524,0.1001,2.804,0,Ready,0,9,LowPickup,6.528,3.4646,0.2029,0.7846,-10.9184,0.568,0,0,Ready,0,9,6.528,3.4697,0.568,0,Perfect,,0,-11.2,0,11.2,0,0,0,0.408,0,0
2231,PlayerServeHold,Reaction,1,-0.0117,38,-0.94,1.185,8.5768,0.2613,0.875,-10.9333,0,Backhand prepare 0.32,0,9,LowPickup,4.8251,3.1716,0.1848,0.7847,-10.9376,0.9007,0.2083,0.1667,Ready,0,9,6.5676,3.3997,0.7252,0,Perfect,,0.0013,-11.2333,-0.04,11.2,0,0,0,0.1686,0,0
2232,PlayerServeHold,Reaction,1,-0.0117,38,-1.0201,1.185,8.5841,0.2531,0.875,-10.9911,0,Serve prepare 0.32,0,9,LowPickup,6.625,4.0008,0.2311,0.769,-11.0303,0.6514,0.4167,0.3333,Run,0,9,11.0676,8.2787,0.5811,0,Perfect,,0.0038,-11.3,-0.1201,11.2,0,0,1.2315,2.5617,0,0
2233,PlayerServeHold,Reaction,1,-0.0117,38,-1.0602,1.185,8.5913,0.2434,0.875,-11.0159,0,Serve prepare 0.23,0,9,LowPickup,13.1897,7.3691,0.1974,0.7734,-11.0808,0.406,0.625,0.5,Run,0,9,19.2221,17.9646,1.8798,0,Perfect,,0.005,-11.3333,-0.1602,11.2,0,0,0.814,4.2298,0,0
2234,PlayerServeHold,Reaction,1,-0.0117,38,-1.1403,1.185,8.5986,0.2353,0.875,-11.0745,0,Serve prepare 0.19,0,9,LowPickup,21.6297,12.4524,0.1976,0.7699,-11.1882,0.2435,0.8333,0.6667,Run,0,9,26.9878,27.6911,1.5387,0,Perfect,,0.0081,-11.4,-0.2403,11.2,0,0,0.5182,5.7093,0,0
2235,PlayerServeHold,Reaction,1,-0.0117,38,-1.1803,1.185,8.6058,0.2257,0.875,-11.1001,0,Serve prepare 0.11,0,9,LowPickup,30.6733,16.2922,0.1881,0.754,-11.2608,0,1,0.8333,Run,0,9,33.239,35.6658,0.3237,0,Perfect,,0.01,-11.4333,-0.2803,11.2,0,0,0.523,8.0979,0,0
2236,PlayerServeHold,Reaction,1,-0.0117,38,-1.2604,1.185,8.613,0.2187,0.875,-11.1594,0,Serve prepare 0.07,0,9,LowPickup,41.0187,24.0463,0.2167,0.7613,-11.3679,0,1,1,Run,0,9,37.9417,41.5702,0.9587,0,Perfect,,0.0147,-11.5,-0.3604,11.2,0,0,0.3805,6.5183,0,0
2237,PlayerServeHold,Reaction,1,-0.0117,38,-1.3004,1.185,8.6203,-0.2705,0.695,-11.4174,0,Run,0,9,LowPickup,52.3009,42.7625,0.2656,0.7815,-11.4983,1.2459,0.9555,0.8333,Run,0,9,41.4972,45.5927,1.0341,0,Perfect,,0.0175,-11.5333,-0.4004,11.2,0,0,0.7187,2.8833,0,0
2238,PlayerServeHold,Reaction,1,-0.0117,38,-1.3805,1.185,8.6275,-0.2478,0.695,-11.4498,0,Run,0,9,LowPickup,58.8751,49.167,0.2738,0.7826,-11.5853,2.7123,0.856,0.6667,Run,0,9,44.3689,48.0594,0.6121,0,Perfect,,0.0239,-11.6,-0.4805,11.2,0,0,0.9288,3.2169,0,0
2239,PlayerServeHold,Reaction,1,-0.0117,38,-1.4205,1.185,8.6348,-0.2239,0.695,-11.4511,0,Run,0,9,LowPickup,62.0773,52.6917,0.2775,0.7822,-11.6259,14.625,0.7361,0.5,Run,0,9,46.6546,49.4309,1.8414,0,Perfect,,0.0275,-11.6333,-0.5205,11.2,0,0,1.3654,3.3702,0,0
2240,PlayerServeHold,Reaction,1,-0.0117,38,-1.5006,1.185,8.642,-0.1918,0.695,-11.4885,0,Run,0,9,LowPickup,64.5048,55.7009,0.3034,0.7797,-11.7238,1.4618,0.6155,0.3333,Run,0,9,48.5297,50.0042,7.9626,0,Perfect,,0.0356,-11.7,-0.6006,11.2,0,0,1.5567,3.2635,0,0
2241,PlayerServeHold,Reaction,1,-0.0117,38,-1.5407,1.185,8.6493,-0.1599,0.695,-11.4957,0,Run,0,9,LowPickup,67.271,59.135,0.2847,0.7737,-11.7651,1.4204,0.5041,0.1667,Run,0,9,50.1086,50.0283,1.8788,0,Perfect,,0.04,-11.7333,-0.6407,11.2,0,0,2.0604,2.9182,0,0
2242,PlayerServeHold,Reaction,1,-0.0117,38,-1.6208,1.185,8.6565,-0.1197,0.695,-11.5398,0,Run,0,9,LowPickup,68.7727,61.4862,0.2978,0.7719,-11.8601,2.5091,0.4064,0,Run,0,9,51.2285,49.8068,1.9809,0,Perfect,,0.0497,-11.8,-0.7208,11.2,0,0,1.9417,2.4302,0,0
2243,PlayerServeHold,Reaction,1,-0.0117,38,-1.6608,1.185,8.6638,-0.0814,0.695,-11.5544,0,Run,0,9,LowPickup,71.0407,64.5847,0.2997,0.7655,-11.9294,12.8459,0.3236,0,Run,0,9,52.0236,49.4367,0.2978,0,Perfect,,0.055,-11.8333,-0.7608,11.2,0,0,2.1659,1.8478,0,0
2244,PlayerServeHold,Reaction,1,-0.0117,38,-1.7409,1.185,8.671,-0.035,0.695,-11.6066,0,Run,0,9,LowPickup,74.0627,68.429,0.2913,0.7518,-12.0355,3.5397,0.2551,0,Run,0,9,52.4131,49.1004,2.3397,0,Perfect,,0.0664,-11.9,-0.8409,11.2,0,0,2.0248,1.2438,0,0
2245,PlayerServeHold,Reaction,1,-0.0117,38,-1.7809,1.185,8.6783,0.0076,0.695,-11.6297,0,Run,0,9,LowPickup,77.916,72.9319,0.2702,0.7383,-12.0993,2.6597,0.1995,0,Run,0,9,52.3473,48.942,0.4957,0,Perfect,,0.0725,-11.9333,-0.8809,11.2,0,0,2.2314,0.6699,0,0
2246,PlayerServeHold,Reaction,1,-0.0117,38,-1.861,1.185,8.6855,0.0581,0.695,-11.6907,0,Run,0,9,LowPickup,82.4662,77.9269,0.2624,0.7348,-12.1716,0.2712,0.1549,0,Run,0,9,51.9464,48.9815,3.0449,0,Perfect,,0.0856,-12,-0.961,11.2,0,0,2.0765,0.3848,0,0
2247,PlayerServeHold,Reaction,1,-0.0117,38,-1.901,1.185,8.6928,0.103,0.695,-11.723,0,Run,0,9,LowPickup,87.6671,83.3651,0.2644,0.7365,-12.2497,3.3,0.1195,0,Run,0,9,51.2665,49.2528,0,0,Perfect,,0.0925,-12.0333,-1.001,11.2,0,0,2.2721,0.6985,0,0
2248,PlayerServeHold,None,1,-0.0117,38,-1.9811,1.185,8.7,0.1554,0.695,-11.7933,0,Run,0,9,LowPickup,93.3686,89.0998,0.2216,0.7297,-12.3626,13.1766,0.0918,0,Run,0,9,50.3436,49.834,0,0,Perfect,,0.1072,-12.1,-1.0811,11.2,0,0,2.1085,1.064,0,0
2249,PlayerServeHold,None,1,-0.0117,52,-1.985,2.535,-16.5334,0.195,0.695,-11.8334,0,Run,0,9,LowPickup,98.371,94.0516,0.17,0.7385,-12.4744,1.0654,0.0702,0,Run,0,9,49.3994,50.4885,0,0,Perfect,,0.115,-12.1334,-1.1212,11.2,14,0,2.2974,1.2907,0,0
2250,PlayerServeHold,None,1,-0.0117,52,-1.9837,2.535,-16.5385,0.2114,0.695,-11.9,0,Run,0,9,LowPickup,97.5651,93.1752,0.1755,0.7354,-12.5455,0.0761,0.0534,0,Run,0,9,48.4486,51.2835,0.867,0,Perfect,,0.1314,-12.2,-1.2013,11.2,0,0,2.1285,1.3469,0,0
2251,PlayerServeHold,None,1,-0.0117,52,-1.9819,2.535,-16.5458,0.22,0.695,-11.9334,0,Run,0,9,LowPickup,96.8736,92.4544,0.1694,0.7363,-12.5861,1.7482,0.0405,0,Run,0,9,47.6681,52.0874,1.5376,0,Perfect,,0.14,-12.2334,-1.2413,11.2,0,0,2.3131,1.2652,0,0
2252,PlayerServeHold,None,1,-0.0117,52,-1.9788,2.535,-16.5576,0.2381,0.695,-12,0,Run,0,9,LowPickup,96.2219,91.8601,0.1617,0.7418,-12.6696,10.3369,0.0307,0,Run,0,9,47.228,52.7539,1.7981,0,Perfect,,0.1581,-12.3,-1.3214,11.2,0,0,2.1408,1.0872,0,0
2253,PlayerServeHold,None,1,-0.0117,52,-1.9753,2.535,-16.5711,0.2475,0.695,-12.0334,0,Run,0,9,LowPickup,95.4247,91.2482,0.1507,0.7338,-12.678,0.1179,0.0231,0,Run,0,9,47.0679,53.2628,0.4958,0,Perfect,,0.1675,-12.3334,-1.3614,11.2,0,0,2.3229,0.8612,0,0
2254,PlayerServeHold,None,1,-0.0117,52,-1.9705,2.535,-16.5849,0.2672,0.695,-12.05,0,Run,0,9,LowPickup,94.6635,90.8191,0.1674,0.738,-12.6999,1.164,0.0174,0,Run,0,9,47.2638,53.5127,0.6155,0,Perfect,,0.1872,-12.35,-1.4415,11.2,0,0,2.1485,0.656,0,0
2255,PlayerServeHold,None,1,-0.0117,52,-1.9652,2.535,-16.5976,0.2775,0.695,-12.05,0,Run,0,9,LowPickup,93.7719,90.6101,0.1794,0.7446,-12.7059,6.3457,0.0131,0,Run,0,9,47.8412,53.4336,1.3336,0,Perfect,,0.1975,-12.35,-1.4815,11.2,0,0,2.3289,0.2335,0,0
2256,PlayerServeHold,None,1,-0.0117,52,-1.9588,2.535,-16.6093,0.2989,0.695,-12.05,0,Run,0,9,LowPickup,92.9178,90.3989,0.2031,0.7537,-12.7116,0.0833,0.0098,0,Run,0,9,48.6085,53.0984,4.8215,0,Perfect,,0.2189,-12.35,-1.5616,11.2,0,0,2.1533,0.229,0,0
2257,PlayerServeHold,None,1,-0.0117,52,-1.952,2.535,-16.6201,0.31,0.695,-12.05,0,Run,0,9,LowPickup,92.0032,90.1849,0.2189,0.7541,-12.7169,0.7178,0.0073,0,Run,0,9,49.5682,52.4842,0.913,0,Perfect,,0.23,-12.35,-1.6017,11.2,0,0,2.3327,0.2649,0,0
2258,PlayerServeHold,None,1,-0.0117,52,-1.9439,2.535,-16.6301,0.3325,0.695,-12.05,0,Run,0,9,LowPickup,91.0128,89.9772,0.2407,0.7439,-12.677,0,0.0055,0,Run,0,9,50.6011,51.6573,1.7868,0,Perfect,,0.2525,-12.35,-1.6818,11.2,0,0,2.1563,0.3025,0,0
2259,PlayerServeHold,None,1,-0.0117,52,-1.9356,2.535,-16.6393,0.3438,0.695,-12.05,0,Run,0,9,LowPickup,89.8479,89.7493,0.2663,0.746,-12.6821,0,0.0041,0,Run,0,9,51.4504,50.7905,1.2762,0,Perfect,,0.2638,-12.35,-1.7218,11.2,0,0,1.8583,0.3356,0,0
2260,PlayerServeHold,None,1,-0.0117,52,-1.9263,2.535,-16.6478,0.3663,0.695,-12.05,0,Run,0,9,LowPickup,88.8027,89.5716,0.3019,0.7467,-12.6866,0,0.003,0,Run,0,9,52.1808,49.8851,2.1184,0,Perfect,,0.2863,-12.35,-1.8019,11.2,0,0,1.4646,0.3347,0,0
2261,PlayerServeHold,None,1,-0.0117,52,-1.9168,2.535,-16.6557,0.3775,0.695,-12.05,0,Run,0,9,LowPickup,87.8932,89.4405,0.3364,0.7456,-12.6828,0.4347,0.0023,0,Run,0,9,52.5894,49.1118,0.5296,0,Perfect,,0.2975,-12.35,-1.8419,11.2,0,0,1.1543,0.3041,0,0
2262,PlayerServeHold,None,1,-0.0117,52,-1.9062,2.535,-16.6629,0.4,0.695,-12.05,0,Run,0,9,LowPickup,87.0455,89.3305,0.3699,0.743,-12.6847,0.3472,0,0,Run,0,9,52.6231,48.5627,2.4942,0,Perfect,,0.32,-12.35,-1.922,11.2,0,0,0.9097,0.2579,0,0
2263,PlayerServeHold,None,1,-0.0117,52,-1.8957,2.535,-16.6696,0.4113,0.695,-12.05,0,Run,0,9,LowPickup,86.1731,89.2146,0.3809,0.7389,-12.6957,1.2698,0,0,Run,0,9,52.3508,48.257,1.1065,0,Perfect,,0.3313,-12.35,-1.95,11.2,0,0,0.717,0.2101,0,0
2264,PlayerServeHold,None,1,-0.0117,52,-1.8842,2.535,-16.6758,0.4337,0.695,-12.05,0,Run,0,9,LowPickup,85.3868,89.1093,0.4247,0.7347,-12.6883,1.5255,0,0,Run,0,9,51.9732,48.1371,1.7915,0,Perfect,,0.3538,-12.35,-1.95,11.2,0,0,0.5651,0.157,0,0
2265,PlayerServeHold,None,1,-0.0117,52,-1.8727,2.535,-16.6815,0.445,0.695,-12.05,0,Run,0,9,LowPickup,84.8521,89.0689,0.4429,0.7307,-12.6888,0.1664,0,0,Ready,0,9,48.1864,43.5323,0,0,Perfect,,0.365,-12.35,-1.95,11.2,0,0,0.4453,0.0917,0,0
2266,PlayerServeHold,None,1,-0.0117,52,-1.8604,2.535,-16.6868,0.4675,0.695,-12.05,0,Run,0,9,LowPickup,84.4512,89.0489,0.4704,0.7274,-12.6892,0.061,0,0,Ready,0,9,41.4653,35.9546,5.2348,0,Perfect,,0.3875,-12.35,-1.95,11.2,0,0,0.351,0,0,0
2267,PlayerServeHold,None,1,-0.0117,52,-1.8482,2.535,-16.6916,0.4787,0.695,-12.05,0,Run,0,9,LowPickup,84.1718,89.0436,0.4851,0.725,-12.6898,0.0026,0,0,Ready,0,9,35.1016,29.308,1.5989,0,Perfect,,0.3987,-12.35,-1.95,11.2,0,0,0.2766,0,0,0
2268,PlayerServeHold,None,1,-0.0117,52,-1.8351,2.535,-16.6961,0.5012,0.695,-12.05,0,Run,0,9,LowPickup,84.0201,89.0533,0.5094,0.7236,-12.6901,0.0099,0,0,Ready,0,9,30.1323,24.1783,2.6137,0,Perfect,,0.4212,-12.35,-1.95,11.2,0,0,0.218,0.0585,0,0
2269,PlayerServeHold,None,1,-0.0117,52,-1.8222,2.535,-16.7003,0.5125,0.695,-12.05,0,Run,0,9,LowPickup,84.0422,89.0891,0.5208,0.724,-12.6901,0.0022,0,0,Ready,0,9,26.5518,20.5195,5.8254,0,Perfect,,0.4325,-12.35,-1.95,11.2,0,0,0.1718,0.0984,0,0
2270,PlayerServeHold,None,1,-0.0117,52,-1.8086,2.535,-16.7041,0.535,0.695,-12.05,0,Run,0,9,LowPickup,84.2182,89.1458,0.54,0.7255,-12.69,0.0024,0,0,Ready,0,9,23.9843,17.9783,0.6935,0,Perfect,,0.455,-12.35,-1.95,11.2,0,0,0.1354,0.1312,0,0
2271,PlayerServeHold,None,1,-0.0117,52,-1.7952,2.535,-16.7076,0.5462,0.695,-12.05,0,Run,0,9,LowPickup,84.5665,89.2285,0.5469,0.7287,-12.6895,0.0024,0,0,Ready,0,9,22.0784,16.1794,0.5044,0,Perfect,,0.4662,-12.35,-1.95,11.2,0,0,0.1067,0.1604,0,0
2272,PlayerServeHold,None,1,-0.0117,52,-1.781,2.535,-16.7109,0.5687,0.695,-12.05,0,Run,0,9,LowPickup,85.1202,89.3457,0.562,0.7333,-12.6886,0.0017,0,0,Ready,0,9,20.4735,14.7985,0.3918,0,Perfect,,0.4887,-12.35,-1.95,11.2,0,0,0.0841,0.1895,0,0
2273,PlayerServeHold,None,1,-0.0117,52,-1.7671,2.535,-16.7139,0.58,0.695,-12.05,0,Run,0,9,LowPickup,85.7204,89.4585,0.5652,0.7376,-12.6876,0.0056,0,0,Ready,0,9,19.0939,13.6676,0.4013,0,Perfect,,0.5,-12.35,-1.95,11.2,0,0,0.0663,0.203,0,0
2274,PlayerServeHold,None,1,-0.0117,52,-1.7525,2.535,-16.7167,0.6025,0.695,-12.05,0,Run,0,9,LowPickup,86.4004,89.5776,0.5785,0.7415,-12.6863,0.0072,0,0,Ready,0,9,17.8602,12.6497,0.6254,0,Perfect,,0.5225,-12.35,-1.95,11.2,0,0,0.0522,0.2098,0,0
2275,PlayerServeHold,None,1,-0.0117,52,-1.7382,2.535,-16.7192,0.6137,0.695,-12.05,0,Run,0,9,LowPickup,87.1917,89.7131,0.579,0.7449,-12.6848,0.0036,0,0,Ready,0,9,16.8003,11.7325,0.5828,0,Perfect,,0.5337,-12.35,-1.95,11.2,0,0,0.0412,0.2133,0,0
2276,PlayerServeHold,None,1,-0.0117,52,-1.7233,2.535,-16.7216,0.6362,0.695,-12.05,0,Run,0,9,LowPickup,88.2013,89.8931,0.5876,0.7476,-12.6829,0.1656,0,0,Ready,0,9,15.9718,10.9068,0.3153,0,Perfect,,0.5562,-12.35,-1.95,11.2,0,0,0.0325,0.2262,0,0
2277,PlayerServeHold,None,1,-0.0117,52,-1.7086,2.535,-16.7238,0.6475,0.695,-12.05,0,Run,0,9,LowPickup,89.181,90.0563,0.5848,0.7481,-12.6805,0,0,0,Ready,0,9,15.3605,10.2027,0.2125,0,Perfect,,0.5675,-12.35,-1.95,11.2,0,0,0.0256,0.2256,0,0
2278,PlayerServeHold,None,1,-0.0117,52,-1.6933,2.535,-16.7258,0.67,0.695,-12.05,0,Run,0,9,LowPickup,90.0866,90.1943,0.5946,0.7474,-12.6783,0,0,0,Ready,0,9,15.0098,9.6855,0.2268,0,Perfect,,0.59,-12.35,-1.95,11.2,0,0,0.0202,0.2103,0,0
2279,PlayerServeHold,None,1,-0.0117,52,-1.6784,2.535,-16.7277,0.6813,0.695,-12.05,0,Run,0,9,LowPickup,90.9936,90.3296,0.5929,0.7449,-12.676,0,0,0,Ready,0,9,14.8651,9.3066,0.279,0,Perfect,,0.6013,-12.35,-1.95,11.2,0,0,0.0159,0.1908,0,0
2280,PlayerServeHold,None,1,-0.0117,52,-1.6628,2.535,-16.7294,0.7038,0.695,-12.05,0,Run,0,9,LowPickup,92.0006,90.4889,0.6009,0.7402,-12.6731,0,0,0,Ready,0,9,14.9226,9.0664,0.3461,0,Perfect,,0.6238,-12.35,-1.95,11.2,0,0,0.0125,0.18,0,0
2281,PlayerServeHold,None,1,-0.0117,52,-1.6476,2.535,-16.731,0.715,0.695,-12.05,0,Run,0,9,LowPickup,92.9718,90.6393,0.598,0.7343,-12.6704,0.4729,0,0,Ready,0,9,15.0847,8.8933,0.3006,0,Perfect,,0.635,-12.35,-1.95,11.2,0,0,0.0099,0.1658,0,0
2282,PlayerServeHold,None,1,-0.0117,52,-1.6318,2.535,-16.7324,0.7375,0.695,-12.05,0,Run,0,9,LowPickup,93.7354,90.7399,0.6096,0.7284,-12.668,0.488,0,0,Ready,0,9,15.3643,8.8464,0.2199,0,Perfect,,0.6575,-12.35,-1.95,11.2,0,0,0.0078,0.1334,0,0
2283,PlayerServeHold,None,1,-0.0117,52,-1.6164,2.535,-16.7338,0.7488,0.695,-12.05,0,Run,0,9,LowPickup,94.3972,90.8206,0.6113,0.7223,-12.6657,0.1372,0,0,Ready,0,9,15.6864,8.8271,0.1203,0,Perfect,,0.6688,-12.35,-1.95,11.2,0,0,0.0061,0.0974,0,0
2284,PlayerServeHold,None,1,-0.0117,52,-1.6005,2.535,-16.735,0.7713,0.695,-12.05,0,Run,0,9,LowPickup,94.9923,90.8928,0.6253,0.7163,-12.6638,0.2316,0,0,Ready,0,9,16.0086,8.769,0.255,0,Perfect,,0.6913,-12.35,-1.95,11.2,0,0,0.0048,0.0641,0,0
2285,PlayerServeHold,None,1,-0.0117,52,-1.5849,2.535,-16.7362,0.7825,0.695,-12.05,0,Run,0,9,LowPickup,95.5169,90.9566,0.629,0.7239,-12.708,0.2378,0,0,Ready,0,9,16.3339,8.7209,0.4239,0,Perfect,,0.7025,-12.35,-1.95,11.2,0,0,0.0038,0,0,0
2286,PlayerServeHold,None,1,-0.0117,52,-1.5687,2.535,-16.7372,0.805,0.695,-12.05,0,Run,0,9,LowPickup,95.8262,90.9772,0.6472,0.7201,-12.707,0.0081,0,0,Ready,0,9,16.6462,8.7127,0.6252,0,Perfect,,0.725,-12.35,-1.95,11.2,0,0,0.003,0,0,0
2287,PlayerServeHold,None,1,-0.0117,52,-1.553,2.535,-16.7382,0.8163,0.695,-12.05,0,Run,0,9,LowPickup,95.9743,90.9701,0.6564,0.7182,-12.7064,0.0024,0,0,Ready,0,9,16.9638,8.7307,0.5181,0,Perfect,,0.7363,-12.35,-1.95,11.2,0,0,0.0024,0,0,0
2288,PlayerServeHold,None,1,-0.0117,52,-1.5367,2.535,-16.7391,0.8388,0.695,-12.05,0,Run,0,9,LowPickup,95.9646,90.9374,0.6795,0.7184,-12.7065,0.0031,0,0,Ready,0,9,17.3102,8.7545,0.1824,0,Perfect,,0.7588,-12.35,-1.95,11.2,0,0,0.0019,0.0664,0,0
2289,PlayerServeHold,None,1,-0.0117,52,-1.5208,2.535,-16.74,0.85,0.695,-12.05,0,Run,0,9,LowPickup,95.7826,90.8765,0.6935,0.7207,-12.7071,0.0014,0,0,Ready,0,9,17.6474,8.8309,0.074,0,Perfect,,0.77,-12.35,-1.95,11.2,0,0,0.0015,0.1037,0,0
2290,PlayerServeHold,None,1,-0.0117,52,-1.5044,2.535,-16.7407,0.8725,0.695,-12.05,0,Run,0,9,LowPickup,95.4829,90.8015,0.7203,0.7242,-12.7082,0.0008,0,0,Ready,0,9,17.9561,9.0267,0.2433,0,Perfect,,0.7925,-12.35,-1.95,11.2,0,0,0.0012,0.1334,0,0
2291,PlayerServeHold,None,1,-0.0117,52,-1.4884,2.535,-16.7415,0.8838,0.695,-12.05,0,Run,0,9,LowPickup,95.0569,90.7099,0.738,0.7291,-12.7096,0.0004,0,0,Ready,0,9,18.2142,9.2717,0.226,0,Perfect,,0.8038,-12.35,-1.95,11.2,0,0,0.0009,0.1576,0,0
2292,PlayerServeHold,None,1,-0.0117,52,-1.4719,2.535,-16.7421,0.9063,0.695,-12.05,0,Run,0,9,LowPickup,94.491,90.5976,0.7688,0.735,-12.7115,0.0023,0,0,Ready,0,9,18.3912,9.5112,0.0496,0,Perfect,,0.8263,-12.35,-1.95,11.2,0,0,0.0007,0.1786,0,0
2293,PlayerServeHold,None,1,-0.0117,52,-1.4558,2.535,-16.7427,0.9175,0.695,-12.05,0,Run,0,9,LowPickup,93.6961,90.4419,0.7804,0.7284,-12.6679,0.0297,0,0,Ready,0,9,18.5023,9.7767,0.1312,0,Perfect,,0.8375,-12.35,-1.95,11.2,0,0,0.0006,0.2058,0,0
2294,PlayerServeHold,None,1,-0.0117,52,-1.4392,2.535,-16.7433,0.94,0.695,-12.05,0,Run,0,9,LowPickup,92.8545,90.2883,0.8267,0.7491,-12.7161,0.0997,0,0,Ready,0,9,18.542,10.0945,0.1336,0,Perfect,,0.86,-12.35,-1.95,11.2,0,0,0.0004,0.2212,0,0
2295,PlayerServeHold,None,1,-0.0117,52,-1.423,2.535,-16.7438,0.9513,0.695,-12.05,0,Run,0,9,LowPickup,92.0279,90.1502,0.8384,0.7403,-12.6751,0.0781,0,0,Ready,0,9,18.5403,10.4091,0.1091,0,Perfect,,0.8713,-12.35,-1.95,11.2,0,0,0.0004,0.221,0,0
2296,PlayerServeHold,None,1,-0.0117,52,-1.4064,2.535,-16.7443,0.9738,0.695,-12.05,0,Run,0,9,LowPickup,91.1487,90.0077,0.8851,0.7442,-12.6753,0,0,0,Ready,0,9,18.5105,10.6564,0.0302,0,Perfect,,0.8938,-12.35,-1.95,11.2,0,0,0.0003,0.2158,0,0
2297,PlayerServeHold,None,1,-0.0117,52,-1.3901,2.535,-16.7447,0.985,0.695,-12.05,0,Run,0,9,LowPickup,90.119,89.8344,0.9112,0.747,-12.6778,0,0,0,Ready,0,9,18.489,10.8686,0.0129,0,Perfect,,0.905,-12.35,-1.95,11.2,0,0,0.0002,0.2172,0,0
2298,PlayerServeHold,None,1,-0.0117,52,-1.3734,2.535,-16.7451,1.0075,0.695,-12.05,0,Run,0,9,LowPickup,89.0492,89.657,0.9489,0.7482,-12.6803,0,0,0,Ready,0,9,18.531,11.0623,0.0148,0,Perfect,,0.9275,-12.35,-1.95,11.2,0,0,0.0002,0.2153,0,0
2299,PlayerServeHold,None,1,-0.0117,52,-1.3571,2.535,-16.7455,1.0188,0.695,-12.05,0,Run,0,9,LowPickup,88.1532,89.5268,0.9727,0.7476,-12.6823,0,0,0,Ready,0,9,18.5796,11.1964,0.0133,0,Perfect,,0.9388,-12.35,-1.95,11.2,0,0,0.0001,0.1923,0,0
2300,PlayerServeHold,None,1,-0.0117,52,-1.3403,2.535,-16.7458,1.0413,0.695,-12.05,0,Run,0,9,LowPickup,87.3159,89.4111,1.0067,0.7454,-12.6842,0.4341,0,0,Ready,0,9,18.6071,11.2385,0.0152,0,Perfect,,0.9613,-12.35,-1.95,11.2,0,0,0.0001,0.1637,0,0
2301,PlayerServeHold,None,1,-0.0117,52,-1.3239,2.535,-16.7462,1.0525,0.695,-12.05,0,Run,0,9,LowPickup,86.4883,89.2948,1.0174,0.7419,-12.6953,1.0757,0,0,Ready,0,9,18.5942,11.2024,0.0161,0,Perfect,,0.9725,-12.35,-1.95,11.2,0,0,0.0001,0.1378,0,0
2302,PlayerServeHold,None,1,-0.0117,52,-1.3071,2.535,-16.7465,1.075,0.695,-12.05,0,Run,0,9,LowPickup,85.6544,89.1724,1.0628,0.7372,-12.6871,1.0588,0,0,Ready,0,9,18.4965,11.0907,0.0061,0,Perfect,,0.995,-12.35,-1.95,11.2,0,0,0.0001,0.1175,0,0
2303,PlayerServeHold,None,1,-0.0117,52,-1.2907,2.535,-16.7467,1.0863,0.695,-12.05,0,Run,0,9,LowPickup,85.0485,89.101,1.082,0.7332,-12.689,0.1661,0,0,Ready,0,9,18.3709,10.9367,0.0058,0,Perfect,,1.0063,-12.35,-1.95,11.2,0,0,0.0001,0.0822,0,0
2304,PlayerServeHold,None,1,-0.0117,52,-1.2738,2.535,-16.747,1.1088,0.695,-12.05,0,Run,0,9,LowPickup,84.5954,89.0587,1.1102,0.7294,-12.6889,0.127,0,0,Ready,0,9,18.2445,10.7702,0.0122,0,Perfect,,1.0288,-12.35,-1.95,11.2,0,0,0,0.0408,0,0
2305,PlayerServeHold,None,1,-0.0117,52,-1.2574,2.535,-16.7472,1.12,0.695,-12.05,0,Run,0,9,LowPickup,84.272,89.0375,1.1255,0.7266,-12.6897,0.0109,0,0,Ready,0,9,18.1496,10.6077,0.0152,0,Perfect,,1.04,-12.35,-1.95,11.2,0,0,0,0,0,0
2306,PlayerServeHold,None,1,-0.0117,52,-1.2405,2.535,-16.7474,1.1425,0.695,-12.05,0,Run,0,9,LowPickup,84.0605,89.0314,1.1505,0.7246,-12.6901,0.0105,0,0,Ready,0,9,18.1099,10.4606,0.0201,0,Perfect,,1.0625,-12.35,-1.95,11.2,0,0,0,0,0,0
2307,PlayerServeHold,None,1,-0.0117,52,-1.224,2.535,-16.7476,1.1538,0.695,-12.05,0,Run,0,9,LowPickup,84.0139,89.0529,1.1626,0.7242,-12.6902,0.0034,0,0,Ready,0,9,18.168,10.3624,0.0131,0,Perfect,,1.0738,-12.35,-1.95,11.2,0,0,0,0.061,0,0
2308,PlayerServeHold,None,1,-0.0117,52,-1.2071,2.535,-16.7478,1.1763,0.695,-12.05,0,Run,0,9,LowPickup,84.1308,89.1008,1.1829,0.7252,-12.6901,0.0033,0,0,Ready,0,9,18.4111,10.3612,0.0123,0,Perfect,,1.0963,-12.35,-1.95,11.2,0,0,0,0.0954,0,0
2309,PlayerServeHold,None,1,-0.0117,52,-1.1906,2.535,-16.748,1.1875,0.695,-12.05,0,Run,0,9,LowPickup,84.4017,89.1722,1.1907,0.7277,-12.6897,0.0004,0,0,Ready,0,9,18.7096,10.3954,0.0173,0,Perfect,,1.1075,-12.35,-1.95,11.2,0,0,0,0.1267,0,0
2310,PlayerServeHold,None,1,-0.0117,52,-1.1736,2.535,-16.7481,1.21,0.695,-12.05,0,Run,0,9,LowPickup,84.8847,89.2814,1.2067,0.7318,-12.689,0.0008,0,0,Ready,0,9,18.9691,10.4242,0.0092,0,Perfect,,1.13,-12.35,-1.95,11.2,0,0,0,0.1607,0,0
2311,PlayerServeHold,None,1,-0.0117,52,-1.1571,2.535,-16.7483,1.2213,0.695,-12.05,0,Run,0,9,LowPickup,85.4753,89.4019,1.21,0.7361,-12.6881,0.0014,0,0,Ready,0,9,19.2058,10.4658,0.0075,0,Perfect,,1.1413,-12.35,-1.95,11.2,0,0,0,0.1856,0,0
2312,PlayerServeHold,None,1,-0.0117,52,-1.1401,2.535,-16.7484,1.2438,0.695,-12.05,0,Run,0,9,LowPickup,86.1164,89.5206,1.2238,0.7402,-12.6869,0.0006,0,0,Ready,0,9,19.3918,10.5199,0.0167,0,Perfect,,1.1638,-12.35,-1.95,11.2,0,0,0,0.1993,0,0
2313,PlayerServeHold,None,1,-0.0117,52,-1.1236,2.535,-16.7485,1.255,0.695,-12.05,0,Run,0,9,LowPickup,86.8555,89.6513,1.2249,0.7438,-12.6855,0.029,0,0,Ready,0,9,19.5669,10.6119,0.0179,0,Perfect,,1.175,-12.35,-1.95,11.2,0,0,0,0.208,0,0
2314,PlayerServeHold,None,1,-0.0117,52,-1.1066,2.535,-16.7486,1.2775,0.695,-12.05,0,Run,0,9,LowPickup,87.7769,89.8165,1.2347,0.7466,-12.6838,0.1159,0,0,Ready,0,9,19.7579,10.7677,0.0116,0,Perfect,,1.1975,-12.35,-1.95,11.2,0,0,0,0.221,0,0
2315,PlayerServeHold,None,1,-0.0117,52,-1.09,2.535,-16.7487,1.2888,0.695,-12.05,0,Run,0,9,LowPickup,88.8086,89.9988,1.2313,0.7481,-12.6814,0,0,0,Ready,0,9,19.9661,10.9741,0.0098,0,Perfect,,1.2088,-12.35,-1.95,11.2,0,0,0,0.2326,0,0
2316,PlayerServeHold,None,1,-0.0117,52,-1.073,2.535,-16.7488,1.3113,0.695,-12.05,0,Run,0,9,LowPickup,89.7229,90.1428,1.2409,0.7478,-12.6792,0,0,0,Ready,0,9,20.2091,11.2264,0.0098,0,Perfect,,1.2313,-12.35,-1.95,11.2,0,0,0,0.2218,0,0
2317,PlayerServeHold,None,1,-0.0117,52,-1.0564,2.535,-16.7489,1.3225,0.695,-12.05,0,Run,0,9,LowPickup,90.628,90.2794,1.2393,0.7459,-12.6769,0,0,0,Ready,0,9,20.4622,11.5125,0.0095,0,Perfect,,1.2425,-12.35,-1.95,11.2,0,0,0,0.2046,0,0
2318,PlayerServeHold,None,1,-0.0117,52,-1.0394,2.535,-16.749,1.345,0.695,-12.05,0,Run,0,9,LowPickup,91.5778,90.4248,1.2482,0.7424,-12.6743,0,0,0,Ready,0,9,20.7525,11.8493,0.0058,0,Perfect,,1.265,-12.35,-1.95,11.2,0,0,0,0.1887,0,0
2319,PlayerServeHold,None,1,-0.0117,52,-1.0228,2.535,-16.7491,1.3563,0.695,-12.05,0,Run,0,9,LowPickup,92.6156,90.5914,1.2444,0.7366,-12.6713,0.1479,0,0,Ready,0,9,20.9432,12.1392,0.008,0,Perfect,,1.2763,-12.35,-1.95,11.2,0,0,0,0.1802,0,0
2320,PlayerServeHold,None,1,-0.0117,52,-1.0058,2.535,-16.7492,1.3788,0.695,-12.05,0,Run,0,9,LowPickup,93.4452,90.7064,1.2549,0.7308,-12.6691,0.61,0,0,Ready,0,9,20.919,12.3046,0.0117,0,Perfect,,1.2988,-12.35,-1.95,11.2,0,0,0,0.1523,0,0
2321,PlayerServeHold,None,1,-0.0117,52,-0.9892,2.535,-16.7492,1.39,0.695,-12.05,0,Run,0,9,LowPickup,94.1454,90.7933,1.2561,0.7248,-12.6665,0.343,0,0,Ready,0,9,20.6821,12.3493,0.0136,0,Perfect,,1.31,-12.35,-1.95,11.2,0,0,0,0.1162,0,0
2322,PlayerServeHold,None,1,-0.0117,52,-0.9722,2.535,-16.7493,1.4125,0.695,-12.05,0,Run,0,9,LowPickup,94.7553,90.8647,1.2699,0.7187,-12.6646,0.204,0,0,Ready,0,9,20.1689,12.2503,0.0179,0,Perfect,,1.3325,-12.35,-1.95,11.2,0,0,0,0.0804,0,0
2323,PlayerServeHold,None,1,-0.0117,52,-0.9556,2.535,-16.7493,1.4238,0.695,-12.05,0,Run,0,9,LowPickup,95.3297,90.9364,1.273,0.7262,-12.7086,0.2067,0,0,Ready,0,9,19.472,12.029,0.015,0,Perfect,,1.3438,-12.35,-1.95,11.2,0,0,0,0.0495,0,0
2324,PlayerServeHold,None,1,-0.0117,52,-0.9385,2.535,-16.7494,1.4463,0.695,-12.05,0,Run,0,9,LowPickup,95.7251,90.9733,1.2898,0.7213,-12.7073,0.0005,0,0,Ready,0,9,18.6283,11.6764,0.0031,0,Perfect,,1.3663,-12.35,-1.95,11.2,0,0,0,0,0,0
2325,PlayerServeHold,None,1,-0.0117,52,-0.9219,2.535,-16.7494,1.4575,0.695,-12.05,0,Run,0,9,LowPickup,95.9326,90.9752,1.2983,0.7188,-12.7066,0.0043,0,0,Ready,0,9,17.7207,11.2301,0.0049,0,Perfect,,1.3775,-12.35,-1.95,11.2,0,0,0,0,0,0
2326,PlayerServeHold,None,1,-0.0117,52,-0.9048,2.535,-16.7495,1.48,0.695,-12.05,0,Run,0,9,LowPickup,95.9889,90.953,1.32,0.718,-12.7064,0.0016,0,0,Ready,0,9,16.8057,10.7041,0.0178,0,Perfect,,1.4,-12.35,-1.95,11.2,0,0,0,0.0542,0,0
2327,PlayerServeHold,None,1,-0.0117,52,-0.8882,2.535,-16.7495,1.4913,0.695,-12.05,0,Run,0,9,LowPickup,95.8731,90.9024,1.3336,0.7197,-12.7069,0.0023,0,0,Ready,0,9,15.9734,10.1178,0.206,0,Perfect,,1.4113,-12.35,-1.95,11.2,0,0,0,0.0912,0,0
2328,PlayerServeHold,None,1,-0.0117,52,-0.8712,2.535,-16.7496,1.5138,0.695,-12.05,0,Run,0,9,LowPickup,95.616,90.8319,1.3596,0.7226,-12.7077,0.0017,0,0,Ready,0,9,15.3434,9.485,0.2927,0,Perfect,,1.4338,-12.35,-1.95,11.2,0,0,0,0.1239,0,0
2329,PlayerServeHold,None,1,-0.0117,52,-0.8545,2.535,-16.7496,1.525,0.695,-12.05,0,Run,0,9,LowPickup,95.2435,90.7479,1.3764,0.7271,-12.709,0.0002,0,0,Ready,0,9,14.8489,8.7934,0.3,0,Perfect,,1.445,-12.35,-1.95,11.2,0,0,0,0.15,0,0
2330,PlayerServeHold,None,1,-0.0117,52,-0.8375,2.535,-16.7496,1.5475,0.695,-12.05,0,Run,0,9,LowPickup,94.7389,90.6454,1.4064,0.7325,-12.7107,0.005,0,0,Ready,0,9,14.4711,8.0425,0.2946,0,Perfect,,1.4675,-12.35,-1.95,11.2,0,0,0,0.1716,0,0
2331,PlayerServeHold,None,1,-0.0117,52,-0.8208,2.535,-16.7497,1.5588,0.695,-12.05,0,Run,0,9,LowPickup,94.0401,90.5085,1.4279,0.7392,-12.713,0.0106,0,0,Ready,0,9,14.1973,7.2358,0.1564,0,Perfect,,1.4788,-12.35,-1.95,11.2,0,0,0,0.1953,0,0
2332,PlayerServeHold,None,1,-0.0117,52,-0.8038,2.535,-16.7497,1.5813,0.695,-12.05,0,Run,0,9,LowPickup,93.1805,90.3452,1.4517,0.7327,-12.67,0.0201,0,0,Ready,0,9,14.0288,6.3869,0.158,0,Perfect,,1.5013,-12.35,-1.95,11.2,0,0,0,0.2187,0,0
2333,PlayerServeHold,None,1,-0.0117,52,-0.7871,2.535,-16.7497,1.5925,0.695,-12.05,0,Run,0,9,LowPickup,92.3656,90.2059,1.4752,0.7388,-12.6733,0.0599,0,0,Ready,0,9,13.9066,5.5029,0.2891,0,Perfect,,1.5125,-12.35,-1.95,11.2,0,0,0,0.2223,0,0
2334,PlayerServeHold,None,1,-0.0117,52,-0.7701,2.535,-16.7497,1.615,0.695,-12.05,0,Run,0,9,LowPickup,91.5086,90.0659,1.521,0.7427,-12.6744,0.2313,0,0,Ready,0,9,13.776,4.6063,0.3528,0,Perfect,,1.535,-12.35,-1.95,11.2,0,0,0,0.2185,0,0
2335,PlayerServeHold,None,1,-0.0117,52,-0.7534,2.535,-16.7498,1.6263,0.695,-12.05,0,Run,0,9,LowPickup,90.5599,89.9103,1.5461,0.7461,-12.6767,0,0,0,Ready,0,9,13.6442,3.7121,0.3105,0,Perfect,,1.5463,-12.35,-1.95,11.2,0,0,0,0.2153,0,0
2336,PlayerServeHold,None,1,-0.0117,52,-0.7363,2.535,-16.7498,1.6488,0.695,-12.05,0,Run,0,9,LowPickup,89.4512,89.7209,1.5845,0.748,-12.6794,0,0,0,Ready,0,9,13.4969,2.8518,0.1029,0,Perfect,,1.5688,-12.35,-1.95,11.2,0,0,0,0.2198,0,0
2337,PlayerServeHold,None,1,-0.0117,52,-0.7197,2.535,-16.7498,1.66,0.695,-12.05,0,Run,0,9,LowPickup,88.5006,89.5762,1.6091,0.748,-12.6815,0,0,0,Ready,0,9,13.3365,2.0167,0.0416,0,Perfect,,1.58,-12.35,-1.95,11.2,0,0,0,0.2034,0,0
2338,PlayerServeHold,None,1,-0.0117,52,-0.7026,2.535,-16.7498,1.6825,0.695,-12.05,0,Run,0,9,LowPickup,87.643,89.4559,1.6435,0.7465,-12.6834,0.3782,0,0,Ready,0,9,12.9044,1.444,0.2467,0,Perfect,,1.6025,-12.35,-1.95,11.2,0,0,0,0.1761,0,0
2339,PlayerServeHold,None,1,-0.0117,52,-0.686,2.535,-16.7498,1.6938,0.695,-12.05,0,Run,0,9,LowPickup,86.828,89.3442,1.6658,0.7435,-12.6851,0.3504,0,0,Ready,0,9,12.2616,0.7971,0.1549,0,Perfect,,1.6138,-12.35,-1.95,11.2,0,0,0,0.1467,0,0
2340,PlayerServeHold,None,1,-0.0117,52,-0.6689,2.535,-16.7498,1.7163,0.695,-12.05,0,Run,0,9,LowPickup,85.9685,89.2173,1.6882,0.739,-12.6967,1.1528,0,0,Ready,0,9,11.0742,-0.1323,0.169,0,Perfect,,1.6363,-12.35,-1.95,11.2,0,0,0,0.1267,0,0
2341,PlayerServeHold,None,1,-0.0117,52,-0.6523,2.535,-16.7498,1.7275,0.695,-12.05,0,Run,0,9,LowPickup,85.2671,89.1247,1.7204,0.7349,-12.6886,0.6357,0,0,Ready,0,9,9.6105,-1.1461,0.2605,0,Perfect,,1.6475,-12.35,-1.95,11.2,0,0,0,0.0979,0,0
2342,PlayerServeHold,None,1,-0.0117,52,-0.6352,2.535,-16.7499,1.75,0.695,-12.05,0,Run,0,9,LowPickup,84.7611,89.0731,1.7494,0.7308,-12.6887,0.3629,0,0,Ready,0,9,7.9015,-2.2007,0.2273,0,Perfect,,1.67,-12.35,-1.95,11.2,0,0,0,0.0585,0,0
2343,PlayerServeHold,None,1,-0.0117,52,-0.6185,2.535,-16.7499,1.7613,0.695,-12.05,0,Run,0,9,LowPickup,84.3872,89.044,1.7653,0.7276,-12.6894,0.0101,0,0,Ready,0,9,6.278,-3.1434,0.1961,0,Perfect,,1.6813,-12.35,-1.95,11.2,0,0,0,0,0,0
2344,PlayerServeHold,None,1,-0.0117,52,-0.6014,2.535,-16.7499,1.7838,0.695,-12.05,0,Run,0,9,LowPickup,84.1291,89.0314,1.791,0.7253,-12.69,0.0044,0,0,Ready,0,9,5.0411,-3.8873,0.1165,0,Perfect,,1.7038,-12.35,-1.95,11.2,0,0,0,0,0,0
2345,PlayerServeHold,None,1,-0.0117,52,-0.5848,2.535,-16.7499,1.795,0.695,-12.05,0,Run,0,9,LowPickup,84.0114,89.0409,1.8037,0.7241,-12.6902,0.0082,0,0,Ready,0,9,4.2034,-4.348,0.1373,0,Perfect,,1.715,-12.35,-1.95,11.2,0,0,0,0.0453,0,0
2346,PlayerServeHold,None,1,-0.0117,52,-0.5677,2.535,-16.7499,1.8175,0.695,-12.05,0,Run,0,9,LowPickup,84.066,89.0793,1.8255,0.7247,-12.6901,0.0024,0,0,Ready,0,9,3.9391,-4.3975,0.2234,0,Perfect,,1.7375,-12.35,-1.95,11.2,0,0,0,0.0822,0,0
2347,PlayerServeHold,None,1,-0.0117,52,-0.5511,2.535,-16.7499,1.8288,0.695,-12.05,0,Run,0,9,LowPickup,84.2721,89.1406,1.8335,0.7265,-12.6899,0.0009,0,0,Ready,0,9,4.0327,-4.1215,0.2772,0,Perfect,,1.7488,-12.35,-1.95,11.2,0,0,0,0.1136,0,0
2348,PlayerServeHold,None,1,-0.0117,52,-0.534,2.535,-16.7499,1.8513,0.695,-12.05,0,Run,0,9,LowPickup,84.665,89.2334,1.8509,0.73,-12.6894,0.0022,0,0,Ready,0,9,4.3947,-3.4713,0.3461,0,Perfect,,1.7713,-12.35,-1.95,11.2,0,0,0,0.146,0,0
2349,PlayerServeHold,None,1,-0.0117,52,-0.5173,2.535,-16.7499,1.8625,0.695,-12.05,0,Run,0,9,LowPickup,85.2387,89.3559,1.8544,0.7345,-12.6885,0.0006,0,0,Ready,0,9,4.8716,-2.6129,1.8583,0,Perfect,,1.7825,-12.35,-1.95,11.2,0,0,0,0.1778,0,0
2350,PlayerServeHold,None,1,-0.0117,52,-0.5002,2.535,-16.7499,1.885,0.695,-12.05,0,Run,0,9,LowPickup,85.848,89.4721,1.8687,0.7386,-12.6874,0.007,0,0,Ready,0,9,5.2882,-1.6309,10.8981,0,Perfect,,1.805,-12.35,-1.95,11.2,0,0,0,0.1946,0,0
2351,PlayerServeHold,None,1,-0.0117,52,-0.4836,2.535,-16.7499,1.8963,0.695,-12.05,0,Run,0,9,LowPickup,86.5472,89.5975,1.8704,0.7424,-12.6861,0.0155,0,0,Ready,0,9,5.6771,-0.6038,0.1497,0,Perfect,,1.8163,-12.35,-1.95,11.2,0,0,0,0.2046,0,0
2352,PlayerServeHold,None,1,-0.0117,52,-0.4665,2.535,-16.7499,1.9188,0.695,-12.05,0,Run,0,9,LowPickup,87.3746,89.7434,1.8815,0.7455,-12.6845,0.0366,0,0,Ready,0,9,6.0133,0.3668,0,0,Perfect,,1.8388,-12.35,-1.95,11.2,0,0,0,0.2135,0,0
2353,PlayerServeHold,None,1,-0.0117,52,-0.4499,2.535,-16.7499,1.93,0.695,-12.05,0,Run,0,9,LowPickup,88.4115,89.9311,1.8785,0.7479,-12.6824,0.5037,0,0,Ready,0,9,6.2993,1.2629,0,0,Perfect,,1.85,-12.35,-1.95,11.2,0,0,0,0.2307,0,0
2354,PlayerServeHold,None,1,-0.0117,52,-0.4328,2.535,-16.7499,1.9525,0.695,-12.05,0,Run,0,9,LowPickup,89.3627,90.0874,1.8872,0.748,-12.6801,0,0,0,Ready,0,9,6.529,2.0197,0,0,Perfect,,1.8725,-12.35,-1.95,11.2,0,0,0,0.2275,0,0
2355,PlayerServeHold,None,1,-0.0117,52,-0.4161,2.535,-16.75,1.9638,0.695,-12.05,0,Run,0,9,LowPickup,90.2679,90.2256,1.8857,0.7469,-12.6778,0,0,0,Ready,0,9,6.7034,2.6435,0,0,Perfect,,1.8838,-12.35,-1.95,11.2,0,0,0,0.2119,0,0
2356,PlayerServeHold,None,1,-0.0117,52,-0.399,2.535,-16.75,1.9863,0.695,-12.05,0,Run,0,9,LowPickup,91.1817,90.3626,1.8951,0.7441,-12.6754,0,0,0,Ready,0,9,6.8369,3.1177,0,0,Perfect,,1.9063,-12.35,-1.95,11.2,0,0,0,0.1936,0,0
2357,PlayerServeHold,None,1,-0.0117,52,-0.3824,2.535,-16.75,1.9975,0.695,-12.05,0,Run,0,9,LowPickup,92.2124,90.5276,1.8915,0.739,-12.6725,0,0,0,Ready,0,9,6.8772,3.4303,0.9344,0,Perfect,,1.9175,-12.35,-1.95,11.2,0,0,0,0.1843,0,0
2358,PlayerServeHold,None,1,-0.0117,52,-0.3653,2.535,-16.75,2.02,0.695,-12.05,0,Run,0,9,LowPickup,93.1363,90.6657,1.9006,0.7331,-12.67,0.6631,0,0,Ready,0,9,6.7225,3.5479,0.4992,0,Perfect,,1.94,-12.35,-1.95,11.2,0,0,0,0.1655,0,0
2359,PlayerServeHold,None,1,-0.0117,52,-0.3486,2.535,-16.75,2.0313,0.695,-12.05,0,Run,0,9,LowPickup,93.8765,90.7605,1.9012,0.7272,-12.6675,0.2628,0,0,Ready,0,9,6.553,3.5527,0.3231,0,Perfect,,1.9513,-12.35,-1.95,11.2,0,0,0,0.1301,0,0
2360,PlayerServeHold,None,1,-0.0117,52,-0.3315,2.535,-16.75,2.0538,0.695,-12.05,0,Run,0,9,LowPickup,94.5185,90.8369,1.9145,0.721,-12.6653,0.5738,0,0,Ready,0,9,6.528,3.4566,0.568,0,Perfect,,1.9738,-12.35,-1.95,11.2,0,0,0,0.0928,0,0
2361,PlayerServeHold,None,1,-0.0117,52,-0.3149,2.535,-16.75,2.065,0.695,-12.05,0,Run,0,9,LowPickup,95.1095,90.9089,1.9174,0.7287,-12.7094,0.0354,0,0,Ready,0,9,6.5676,3.3855,0.7252,0,Perfect,,1.985,-12.35,-1.95,11.2,0,0,0,0.0602,0,0
2362,PlayerServeHold,None,1,-0.0117,52,-0.2978,2.535,-16.75,2.0875,0.695,-12.05,0,Run,0,9,LowPickup,95.5946,90.9641,1.9329,0.7229,-12.7078,0.042,0,0,Ready,0,9,6.6351,3.4868,0.6202,0,Perfect,,2.0075,-12.35,-1.95,11.2,0,0,0,0,0,0
2363,PlayerServeHold,None,1,-0.0117,52,-0.2811,2.535,-16.75,2.0988,0.695,-12.05,0,Run,0,9,LowPickup,95.8673,90.9773,1.9404,0.7196,-12.7068,0.0063,0,0,Ready,0,9,6.7696,3.7371,0.4786,0,Perfect,,2.0188,-12.35,-1.95,11.2,0,0,0,0,0,0
2364,PlayerServeHold,None,1,-0.0117,52,-0.264,2.535,-16.75,2.1213,0.695,-12.05,0,Run,0,9,LowPickup,95.9858,90.9657,1.9612,0.7181,-12.7064,0.0013,0,0,Ready,0,9,6.9816,4.1688,0.3455,0,Perfect,,2.0413,-12.35,-1.95,11.2,0,0,0,0,0,0
2365,PlayerServeHold,None,1,-0.0117,52,-0.2474,2.535,-16.75,2.1325,0.695,-12.05,0,Run,0,9,LowPickup,95.941,90.9274,1.9739,0.7188,-12.7066,0.0031,0,0,Ready,0,9,7.3072,4.7857,0.2542,0,Perfect,,2.0525,-12.35,-1.95,11.2,0,0,0,0.0734,0,0
2366,PlayerServeHold,None,1,-0.0117,52,-0.2303,2.535,-16.75,2.1546,0.695,-12.05,0,Run,0,9,LowPickup,95.7308,90.8627,1.9988,0.7213,-12.7073,0.0014,0,0,Ready,0,9,7.7419,5.6197,0.1007,0,Perfect,,2.0746,-12.35,-1.95,11.2,0,0,0,0.1101,0,0
2367,PlayerServeHold,None,1,-0.0117,52,-0.2137,2.535,-16.75,2.1653,0.695,-12.05,0,Run,0,9,LowPickup,95.4193,90.788,2.0147,0.7249,-12.7084,0.0138,0,0,Ready,0,9,8.4159,6.5966,0.1811,0,Perfect,,2.0853,-12.35,-1.95,11.2,0,0.0002,0.3737,0.1374,0,0
2368,PlayerServeHold,None,1,-0.0117,52,-0.1968,2.535,-16.75,2.1861,0.695,-12.05,0,Run,0,9,LowPickup,94.9953,90.6996,2.0421,0.7297,-12.7099,0.0061,0,0,Ready,0,9,9.5312,7.6419,0.1004,0,Perfect,,2.1061,-12.35,-1.95,11.2,0,0.0007,0.5354,0.1586,0,0
2369,PlayerServeHold,None,1,-0.0117,52,-0.1805,2.535,-16.75,2.1961,0.695,-12.05,0,Run,0,9,LowPickup,94.4647,90.598,2.0606,0.7352,-12.7116,0.0132,0,0,Ready,0,9,10.8204,8.6969,0.2503,0,Perfect,,2.1161,-12.35,-1.95,11.2,0,0.0015,0.9034,0.1733,0,0
2370,PlayerServeHold,None,1,-0.0117,52,-0.1639,2.535,-16.75,2.2157,0.695,-12.05,0,Run,0,9,LowPickup,93.7529,90.4635,2.0906,0.7393,-12.714,0.0294,0,0,Ready,0,9,12.191,9.7417,0.4794,0,Perfect,,2.1357,-12.35,-1.95,11.2,0,0.0025,0.9529,0.1915,0,0
2371,PlayerServeHold,None,1,-0.0117,52,-0.1478,2.535,-16.75,2.2251,0.695,-12.05,0,Run,0,9,LowPickup,93.0218,90.1474,2.1124,0.7445,-12.7157,0.0654,0,0,Ready,0,9,13.3731,10.6166,0.4385,0,Perfect,,2.1451,-12.35,-1.95,11.2,0,0.0036,1.2327,0.4187,0,0
2372,PlayerServeHold,None,1,-0.0117,52,-0.1316,2.535,-16.75,2.2434,0.695,-12.05,0,Run,0,9,LowPickup,92.3377,89.9373,2.13,0.7348,-12.6744,0.0278,0,0,Ready,0,9,14.089,11.226,0.5107,0,Perfect,,2.1634,-12.35,-1.95,11.2,0,0.0047,1.2124,0.5306,0,0
2373,PlayerServeHold,None,1,-0.0117,52,-0.1159,2.535,-16.75,2.2522,0.695,-12.05,0,Run,0,9,LowPickup,91.6519,89.8596,2.1483,0.7372,-12.6778,0.1826,0,0,Ready,0,9,14.3623,11.496,0,0,Perfect,,2.1722,-12.35,-1.95,11.2,0,0.0058,1.4378,0.4853,0,0
2374,PlayerServeHold,None,1,-0.0117,52,-0.1001,2.535,-16.75,2.2692,0.695,-12.05,0,Run,0,9,LowPickup,90.9421,89.7805,2.1753,0.7395,-12.6805,0,0,0,Ready,0,9,14.0419,11.2946,0,0,Perfect,,2.1892,-12.35,-1.95,11.2,0,0.0067,1.3743,0.4388,0,0
2375,PlayerServeHold,None,1,-0.0117,52,-0.0849,2.535,-16.75,2.2774,0.695,-12.05,0,Run,0,9,LowPickup,90.2223,89.7291,2.1964,0.7412,-12.6834,0,0,0,Ready,0,9,13.398,10.7568,0,0,Perfect,,2.1974,-12.35,-1.95,11.2,0,0.0074,1.5657,0.4042,0,0
2376,PlayerServeHold,None,1,-0.0117,52,-0.0697,2.535,-16.75,2.2931,0.695,-12.05,0,Run,0,9,LowPickup,89.5887,89.7504,2.2278,0.7424,-12.6846,0,0,0,Ready,0,9,12.5743,9.8986,0,0,Perfect,,2.2131,-12.35,-1.95,11.2,0,0.0079,1.4754,0.3716,0,0
2377,PlayerServeHold,None,1,-0.0117,52,-0.0551,2.535,-16.75,2.3007,0.695,-12.05,0,Run,0,9,LowPickup,89.2095,89.8918,2.2637,0.7565,-12.7182,0,0,0,Ready,0,9,11.7343,8.8583,6.49,0,Perfect,,2.2207,-12.35,-1.95,11.2,0,0.0083,1.6459,0.323,0,0
2378,PlayerServeHold,None,1,-0.0117,52,-0.0404,2.535,-16.75,2.3152,0.695,-12.05,0,Run,0,9,LowPickup,88.9847,90.0653,2.2929,0.7565,-12.7148,0,0,0,Ready,0,9,11.0871,7.7093,0.6665,0,Perfect,,2.2352,-12.35,-1.95,11.2,0,0.0085,1.5388,0.3897,0,0
2379,PlayerServeHold,None,1,-0.0117,52,-0.0264,2.535,-16.75,2.3221,0.695,-12.05,0,Run,0,9,LowPickup,88.8848,90.2306,2.3142,0.758,-12.7119,0.5813,0,0,Ready,0,9,10.5734,6.5616,2.672,0,Perfect,,2.2421,-12.35,-1.95,11.2,0,0.0087,1.6962,0.4821,0,0
2380,PlayerServeHold,None,1,-0.0117,52,-0.0124,2.535,-16.75,2.3353,0.695,-12.05,0,Run,0,9,LowPickup,88.8717,90.359,2.3456,0.7645,-12.7032,0.2945,0,0,Ready,0,9,10.1797,5.5297,0.6964,0,Perfect,,2.2553,-12.35,-1.95,11.2,0,0.0087,1.5787,0.5855,0,0
2381,PlayerServeHold,None,1,-0.0117,52,0.0009,2.535,-16.75,2.3416,0.695,-12.05,0,Run,0,9,LowPickup,88.9509,90.4575,2.3713,0.7758,-12.6921,0.6095,0,0,Ready,0,9,9.9809,4.6828,0.6612,0,Perfect,,2.2616,-12.35,-1.95,11.2,0,0.0087,1.7287,0.6721,0,0
2382,PlayerServeHold,None,1,-0.0117,52,0.0142,2.535,-16.75,2.3535,0.695,-12.05,0,Run,0,9,LowPickup,89.1146,90.5473,2.3932,0.7844,-12.6906,0.9851,0,0,Ready,0,9,10.0526,4.1421,0.495,0,Perfect,,2.2735,-12.35,-1.95,11.2,0,0.0087,1.6047,0.7211,0,0
2383,PlayerServeHold,None,1,-0.0117,52,0.0269,2.535,-16.75,2.3591,0.695,-12.05,0,Run,0,9,LowPickup,89.447,90.6827,2.4059,0.7777,-12.6476,3.36,0,0,Ready,0,9,10.3566,3.8777,0.1737,0,Perfect,,2.2791,-12.35,-1.95,11.2,0,0.0086,1.7497,0.7421,0,0
2384,PlayerServeHold,None,1,-0.0117,52,0.0394,2.535,-16.75,2.3698,0.695,-12.05,0,Run,0,9,LowPickup,89.9614,90.9042,2.434,0.778,-12.6333,0.0738,0,0,Ready,0,9,10.8702,3.9279,0.4349,0,Perfect,,2.2898,-12.35,-1.95,11.2,0,0.0086,1.6217,0.7312,0,0
2385,PlayerServeHold,None,1,-0.0117,52,0.0514,2.535,-16.75,2.3748,0.695,-12.05,0,Run,0,9,LowPickup,90.6885,91.2248,2.4514,0.779,-12.6358,0.3658,0,0,Ready,0,9,11.631,4.2306,0.7024,0,Perfect,,2.2948,-12.35,-1.95,11.2,0,0.0086,1.7642,0.7147,0,0
2386,PlayerServeHold,None,1,-0.0117,52,0.0631,2.535,-16.75,2.3842,0.695,-12.05,0,Run,0,9,LowPickup,91.6566,91.6438,2.4713,0.776,-12.6128,0.4027,0,0,Ready,0,9,12.7348,4.7514,0.7775,0,Perfect,,2.3042,-12.35,-1.95,11.2,0,0.0085,1.6338,0.7137,0,0
2387,PlayerServeHold,None,1,-0.0117,52,0.0743,2.535,-16.75,2.3885,0.695,-12.05,0,Run,0,9,LowPickup,92.8261,92.1612,2.4779,0.7719,-12.613,0.4046,0,0,Ready,0,9,13.9724,5.4061,0.7563,0,Perfect,,2.3085,-12.35,-1.95,11.2,0,0.0086,1.7748,0.7217,0,0
2388,PlayerServeHold,None,1,-0.0117,52,0.0852,2.535,-16.75,2.3966,0.695,-12.05,0,Run,0,9,LowPickup,94.1345,92.7519,2.5009,0.769,-12.5988,0.3525,0,0,Ready,0,9,15.2283,6.1163,0.659,0,Perfect,,2.3166,-12.35,-1.95,11.2,0,0.0086,1.6429,0.7259,0,0
2389,PlayerServeHold,None,1,-0.0117,52,0.0956,2.535,-16.75,2.4004,0.695,-12.05,0,Run,0,9,LowPickup,95.5317,93.4282,2.5192,0.7678,-12.5825,0.3685,0,0,Ready,0,9,16.3691,6.8756,0.5518,0,Perfect,,2.3204,-12.35,-1.95,11.2,0,0.0086,1.7836,0.7023,0,0
2390,PlayerServeHold,None,1,-0.0117,52,0.1057,2.535,-16.75,2.4072,0.695,-12.05,0,Run,0,9,LowPickup,96.8903,94.1881,2.5224,0.7642,-12.5776,0.4667,0,0,Ready,0,9,17.2331,7.684,0.419,0,Perfect,,2.3272,-12.35,-1.95,11.2,0,0.0086,1.651,0.6149,0,0
2391,PlayerServeHold,None,1,-0.0117,52,0.1153,2.535,-16.75,2.4103,0.695,-12.05,0,Run,0,9,LowPickup,98.201,95.027,2.5166,0.7625,-12.5736,0.4703,0,0,Ready,0,9,17.8414,8.5068,0.2808,0,Perfect,,2.3303,-12.35,-1.95,11.2,0,0.0087,1.7924,0.5069,0,0
2392,PlayerServeHold,None,1,-0.0117,52,0.1246,2.535,-16.75,2.4158,0.695,-12.05,0,Run,0,9,LowPickup,99.3549,95.9214,2.5256,0.7633,-12.5649,0.356,0,0,Ready,0,9,18.1145,9.3158,0.0337,0,Perfect,,2.3358,-12.35,-1.95,11.2,0,0.0087,1.659,0.4255,0,0
2393,PlayerServeHold,None,1,-0.0117,52,0.1333,2.535,-16.75,2.4182,0.695,-12.05,0,Run,0,9,LowPickup,100.4305,96.8728,2.5354,0.7653,-12.5551,0.3186,0,0,Ready,0,9,18.2035,10.1089,0.0758,0,Perfect,,2.3382,-12.35,-1.95,11.2,0,0.0088,1.8023,0.4749,0,0
2394,PlayerServeHold,None,1,-0.0117,52,0.1417,2.535,-16.75,2.4224,0.695,-12.05,0,Run,0,9,LowPickup,101.4292,97.8461,2.5443,0.7658,-12.5457,0.3812,0,0,Ready,0,9,18.1741,10.8504,0.0335,0,Perfect,,2.3424,-12.35,-1.95,11.2,0,0.0088,1.6689,0.5836,0,0
2395,PlayerServeHold,None,1,-0.0117,52,0.1496,2.535,-16.75,2.3871,0.695,-12.0425,0,Run,0,9,LowPickup,95.4574,91.8681,2.5715,0.7689,-12.5093,0.7592,0,0,Ready,0,9,18.1651,11.535,0.0488,0,Perfect,,2.3442,-12.35,-1.95,11.2,0,0.0088,1.8156,0.6566,0,0
2396,PlayerServeHold,None,1,-0.0117,52,0.1571,2.535,-16.75,2.3521,0.695,-12.0396,0,Run,0,9,LowPickup,89.6511,85.8553,2.592,0.7747,-12.4703,0.8336,0,0,Ready,0,9,18.3692,12.11,0.0399,0,Perfect,,2.3471,-12.35,-1.95,11.2,0,0.0088,1.6833,0.6187,0,0
2397,PlayerServeHold,None,1,-0.0117,52,0.1641,2.535,-16.75,2.3155,0.695,-12.0413,0,Run,0,9,LowPickup,83.9331,79.8188,2.6072,0.7855,-12.4258,0.8466,0,0,Ready,0,9,18.6394,12.5795,0.0397,0,Perfect,,2.3483,-12.35,-1.95,11.2,0,0.0089,1.8378,0.5723,0,0
2398,PlayerServeHold,None,1,-0.0117,52,0.1707,2.535,-16.75,2.2798,0.695,-12.0476,0,Run,0,9,LowPickup,78.2094,73.6991,2.6263,0.7894,-12.3657,0.8245,0,0,Ready,0,9,18.9414,12.964,0.0174,0,Perfect,,2.35,-12.35,-1.95,11.2,0,0.0088,1.5387,0.5601,0,0
2399,PlayerServeHold,None,1,-0.0117,52,0.1768,2.535,-16.75,2.2435,0.695,-12.0584,0,Serve prepare 0.00,0,9,LowPickup,71.7885,65.2357,2.6195,0.796,-12.2916,1.1513,0.2083,0.1667,Ready,0,9,19.1567,13.1924,0.0852,0,Perfect,,2.35,-12.35,-1.95,11.2,0,0.0076,1.8716,2.2308,0,0
2400,PlayerServeHold,None,1,-0.0117,52,0.1824,2.535,-16.75,2.2087,0.695,-12.0735,0,Serve prepare 0.00,0,9,LowPickup,66.1079,57.7447,2.6027,0.8027,-12.2825,1.3716,0.4167,0.3333,Ready,0,9,19.1721,13.2353,0.2353,0,Perfect,,2.35,-12.35,-1.95,11.2,0,0.0058,1.5762,3.4518,0,0
2401,PlayerServeHold,None,1,-0.0117,52,0.1876,2.535,-16.75,2.1761,0.695,-12.0928,0,Serve prepare 0.00,0,9,LowPickup,64.2576,51.5853,2.5438,0.8027,-12.2568,1.1969,0.625,0.5,Ready,0,9,18.9766,13.0864,0.1342,0,Perfect,,2.35,-12.35,-1.95,11.2,0,0.0039,1.0033,5.6698,0,0
2402,PlayerServeHold,None,1,-0.0117,52,0.1924,2.535,-16.75,2.146,0.695,-12.1159,0,Serve prepare 0.00,0,9,LowPickup,62.9556,46.1402,2.5204,0.796,-12.2412,1.5887,0.8333,0.6667,Ready,0,9,18.4819,12.7292,0.1481,0,Perfect,,2.35,-12.35,-1.95,11.2,0,0.0021,0.6025,6.9532,0,0
2403,PlayerServeHold,None,1,-0.0117,52,0.1968,2.535,-16.75,2.119,0.695,-12.1425,0,Serve prepare 0.00,0,9,LowPickup,63.1409,42.0438,2.5009,0.7895,-12.2409,1.6943,1,0.8333,Ready,0,9,17.8223,12.2279,0.2525,0,Perfect,,2.35,-12.35,-1.95,11.2,0,0.0006,0.3264,7.2209,0,0
2404,PlayerServeHold,None,1,-0.0117,52,0.2009,2.535,-16.75,2.0955,0.695,-12.1722,0,Serve prepare 0.00,0,9,LowPickup,64.6359,40.9057,2.4935,0.7876,-12.2702,1.7865,1,1,Ready,0,9,17.0527,11.6014,0.5304,0,Perfect,,2.35,-12.35,-1.95,11.2,0,-0.0005,0.1403,4.7751,0,0
2405,PlayerServeHold,None,1,-0.0117,52,0.2047,2.535,-16.75,2.0757,0.695,-12.2046,0,Serve prepare 0.00,0,9,LowPickup,66.655,40.6686,2.5176,0.7847,-12.3076,1.7123,1,1,Ready,0,9,16.2914,10.9395,0.4936,0,Perfect,,2.35,-12.35,-1.95,11.2,0,-0.0012,0.0184,2.6361,0,0
2406,PlayerServeHold,None,1,-0.0117,52,0.2082,2.535,-16.75,2.06,0.695,-12.2391,0,Serve prepare 0.00,0,9,LowPickup,69.4923,41.1785,2.5303,0.7802,-12.3387,0,1,1,Ready,0,9,15.6542,10.2939,0.2095,0,Perfect,,2.35,-12.35,-1.95,11.2,0,-0.0015,0,1.7831,0,0
2407,PlayerServeHold,None,1,-0.0117,52,0.2114,2.535,-16.75,2.5046,0.875,-11.9843,0,Serve prepare 0.00,0,9,LowPickup,73.7641,43.139,2.5247,0.7733,-12.3634,0,1,1,Ready,0,9,15.164,9.7292,0.1832,0,Perfect,,2.35,-12.35,-1.95,11.2,0,-0.0015,0,2.1189,0,0
2408,PlayerServeHold,None,1,-0.0117,52,0.2144,2.535,-16.75,2.4917,0.875,-11.9792,0,Serve prepare 0.00,0,9,LowPickup,83.5501,50.6444,2.5379,0.7647,-12.3993,0,1,1,Ready,0,9,14.8895,9.3288,0.2325,0,Perfect,,2.35,-12.35,-1.95,11.2,0,-0.0013,0,2.5467,0,0
2409,PlayerServeHold,None,1,-0.0117,52,0.2171,2.535,-16.75,2.4787,0.875,-11.9745,0,Serve prepare 0.00,0,9,LowPickup,91.4502,56.5262,2.5843,0.7679,-12.4198,0,1,1,Ready,0,9,14.792,9.0512,0.2834,0,Perfect,,2.35,-12.35,-1.95,11.2,0,-0.001,0,2.6835,0,0
2410,PlayerServeHold,None,1,-0.0117,52,0.2196,2.535,-16.75,2.4655,0.875,-11.9702,0,Serve prepare 0.00,0,9,LowPickup,96.6529,60.288,2.5948,0.7634,-12.4349,0,1,1,Ready,0,9,14.8786,8.8988,0.3487,0,Perfect,,2.35,-12.35,-1.95,11.2,0,-0.0007,0,2.4889,0,0
2411,PlayerServeHold,None,1,-0.0117,52,0.222,2.535,-16.75,2.4522,0.875,-11.9664,0,Serve prepare 0.00,0,9,LowPickup,99.6787,62.3222,2.6047,0.7606,-12.4436,0,1,1,Ready,0,9,15.0847,8.831,0.3045,0,Perfect,,2.35,-12.35,-1.95,11.2,0,-0.0004,0,2.0398,0,0
2412,PlayerServeHold,None,1,-0.0117,52,0.2241,2.535,-16.75,2.4387,0.8533,-11.9631,0,Serve prepare 0.00,0,9,LowPickup,101.0759,63.0661,2.6138,0.7586,-12.4476,0,1,1,Ready,0,9,15.3643,8.8334,0.2199,0,Perfect,,2.35,-12.35,-1.95,11.2,0,-0.0001,0,1.4767,0,0
2413,PlayerServeHold,None,1,-0.0117,52,0.2261,2.535,-16.75,2.4252,0.8422,-11.9602,0,Serve prepare 0.00,0,9,LowPickup,101.3379,62.9083,2.6214,0.7579,-12.4477,0,1,1,Ready,0,9,15.6864,8.8535,0.1202,0,Perfect,,2.35,-12.35,-1.95,11.2,0,0.0001,0,0.9537,0,0
2414,PlayerServeHold,None,1,-0.0117,52,0.228,2.535,-16.75,2.4115,0.82,-11.9578,0,Serve prepare 0.00,0,9,LowPickup,100.8332,62.1463,2.6274,0.7579,-12.4452,0,1,1,Ready,0,9,16.0086,8.8234,0.255,0,Perfect,,2.35,-12.35,-1.95,11.2,0,0.0002,0,0.6691,0,0
2415,PlayerServeHold,None,1,-0.0117,52,0.2296,2.535,-16.75,2.3978,0.8089,-11.9559,0,Serve prepare 0.00,0,9,LowPickup,99.8224,60.9926,2.6327,0.7584,-12.4401,0,1,1,Ready,0,9,16.3339,8.7917,0.4239,0,Perfect,,2.35,-12.35,-1.95,11.2,0,0.0002,0,0.7198,0,0
2416,PlayerServeHold,None,1,-0.0117,52,0.2312,2.535,-16.75,2.384,0.7729,-11.9545,0,Serve prepare 0.00,0,9,LowPickup,98.4827,59.5898,2.6371,0.7592,-12.4331,0,1,1,Ready,0,9,16.6462,8.7895,0.6252,0,Perfect,,2.35,-12.35,-1.95,11.2,0,0.0003,0,0.874,0,0
2417,PlayerServeHold,None,1,-0.0117,52,0.2327,2.535,-16.75,2.3702,0.7429,-11.9535,0,Serve prepare 0.00,0,9,LowPickup,96.9318,58.0308,2.6406,0.7596,-12.4253,0,1,1,Ready,0,9,16.9638,8.8048,0.5181,0,Perfect,,2.35,-12.35,-1.95,11.2,0,0.0002,0,0.961,0,0
2418,PlayerServeHold,None,1,-0.0117,52,0.234,2.535,-16.75,2.3702,0.6808,-11.9535,0,Serve prepare 0.00,0,9,LowPickup,97.245,58.3739,2.6408,0.7598,-12.4273,0,1,1,Ready,0,9,17.3102,8.8194,0.1824,0,Perfect,,2.35,-12.35,-1.95,11.2,0,0.0002,0,0.9454,0,0
2419,PlayerServeHold,None,1,-0.0117,52,0.2352,2.535,-16.75,2.3702,0.6487,-11.9535,0,Serve prepare 0.00,0,9,LowPickup,97.4733,58.6559,2.6405,0.7597,-12.4289,0,1,1,Ready,0,9,17.6474,8.8828,0.074,0,Perfect,,2.35,-12.35,-1.95,11.2,0,0.0001,0,0.8513,0,0
2420,PlayerServeHold,None,1,-0.0117,52,0.2364,2.535,-16.75,2.3702,0.5826,-11.9535,0,Serve prepare 0.00,0,9,LowPickup,97.6486,58.8988,2.6398,0.7593,-12.4303,0,1,1,Ready,0,9,17.9561,9.064,0.2433,0,Perfect,,2.35,-12.35,-1.95,11.2,0,0.0001,0,0.7,0,0
2421,PlayerServeHold,None,1,-0.0117,52,0.2374,2.535,-16.75,2.3702,0.5485,-11.9535,0,Serve prepare 0.00,0,9,LowPickup,97.8704,59.1834,2.6392,0.7589,-12.4319,0,1,1,Ready,0,9,18.2142,9.2945,0.226,0,Perfect,,2.35,-12.35,-1.95,11.2,0,0,0,0.5082,0,0
2422,PlayerServeHold,None,1,-0.0117,52,0.2384,2.535,-16.75,2.3702,0.4782,-11.9535,0,Serve prepare 0.00,0,9,LowPickup,97.9607,59.3526,2.6381,0.7583,-12.4331,0,1,1,Ready,0,9,18.3912,9.5212,0.0497,0,Perfect,,2.35,-12.35,-1.95,11.2,0,0,0,0.3286,0,0
2423,PlayerServeHold,None,1,-0.0117,52,0.2393,2.535,-16.75,2.3702,0.4421,-11.9535,0,Serve prepare 0.00,0,9,LowPickup,98.05,59.518,2.6372,0.7577,-12.4343,0,1,1,Ready,0,9,18.5023,9.7761,0.1312,0,Perfect,,2.35,-12.35,-1.95,11.2,0,0,0,0.1725,0,0
2424,PlayerServeHold,None,1,-0.0117,52,0.2401,2.535,-16.75,2.3702,0.3677,-11.9535,0,Serve prepare 0.00,0,9,LowPickup,98.137,59.6776,2.6362,0.757,-12.4356,0,1,1,Ready,0,9,18.542,10.086,0.1335,0,Perfect,,2.35,-12.35,-1.95,11.2,0,0,0,0,0,0
2425,PlayerServeHold,None,1,-0.0117,52,0.2409,2.535,-16.75,2.3702,0.3295,-11.9535,0,Serve prepare 0.00,0,9,LowPickup,98.2256,59.8308,2.6354,0.7564,-12.437,0,1,1,Ready,0,9,18.5403,10.3952,0.1092,0,Perfect,,2.35,-12.35,-1.95,11.2,0,0,0,0.1631,0,0
2426,PlayerServeHold,None,1,-0.0117,52,0.2416,2.535,-16.75,2.3702,0.2511,-11.9535,0,Serve prepare 0.00,0,9,LowPickup,98.3138,59.978,2.6347,0.7558,-12.4383,0,1,1,Ready,0,9,18.5105,10.6393,0.0302,0,Perfect,,2.35,-12.35,-1.95,11.2,0,0,0,0.2131,0,0
2427,PlayerServeHold,None,1,-0.0117,52,0.2422,2.535,-16.75,2.3702,0.2109,-11.9535,0,Serve prepare 0.00,0,9,LowPickup,98.4012,60.1198,2.6341,0.7553,-12.4397,0,1,1,Ready,0,9,18.489,10.85,0.0129,0,Perfect,,2.35,-12.35,-1.95,11.2,0,0,0,0.2374,0,0
2428,PlayerServeHold,None,1,-0.0117,52,0.2428,2.535,-16.75,2.3702,0.1397,-11.9535,0,Serve prepare 0.00,0,9,LowPickup,98.4875,60.2579,2.6336,0.7549,-12.4411,0,1,1,Ready,0,9,18.531,11.0435,0.0147,0,Perfect,,2.35,-12.35,-1.95,11.2,0,0,0,0.2407,0,0
2429,PlayerServeHold,None,1,-0.0117,52,0.2434,2.535,-16.75,2.3702,0.1685,-11.9535,0,Serve prepare 0.00,0,9,LowPickup,98.5728,60.3927,2.6331,0.7546,-12.4425,0,1,1,Ready,0,9,18.5796,11.1782,0.0133,0,Perfect,,2.35,-12.35,-1.95,11.2,0,0,0,0.2238,0,0
2430,PlayerServeHold,None,1,-0.0117,52,0.2439,2.535,-16.75,2.3702,0.2241,-11.9535,0,Serve prepare 0.00,0,9,LowPickup,98.6561,60.5249,2.6327,0.7543,-12.4438,0,1,1,Ready,0,9,18.6071,11.2211,0.0152,0,Perfect,,2.35,-12.35,-1.95,11.2,0,0,0,0.1897,0,0
2431,PlayerServeHold,None,1,-0.0117,52,0.2443,2.535,-16.75,2.3702,0.2509,-11.9535,0,Serve prepare 0.00,0,9,LowPickup,98.7395,60.6544,2.6323,0.754,-12.4452,0,1,1,Ready,0,9,18.5942,11.1859,0.0161,0,Perfect,,2.35,-12.35,-1.95,11.2,0,0,0,0,0,0
2432,PlayerServeHold,None,1,-0.0117,52,0.2448,2.535,-16.75,2.3702,0.3024,-11.9535,0,Serve prepare 0.00,0,9,LowPickup,98.8263,60.7807,2.632,0.7537,-12.4465,0,1,1,Ready,0,9,18.4965,11.0747,0.0061,0,Perfect,,2.35,-12.35,-1.95,11.2,0,0,0,0,0,0
2433,PlayerServeHold,None,1,-0.0117,52,0.2452,2.535,-16.75,2.3702,0.3272,-11.9535,0,Serve prepare 0.00,0,9,LowPickup,98.9114,60.9043,2.6316,0.7535,-12.4477,0,1,1,Ready,0,9,18.3709,10.9208,0.0058,0,Perfect,,2.35,-12.35,-1.95,11.2,0,0,0,0,0,0
2434,PlayerServeHold,None,1,-0.0117,52,0.2455,2.535,-16.75,2.3702,0.3746,-11.9535,0,Serve prepare 0.00,0,9,LowPickup,98.9948,61.0261,2.6313,0.7533,-12.4489,0,1,1,Ready,0,9,18.2445,10.7539,0.0122,0,Perfect,,2.35,-12.35,-1.95,11.2,0,0,0,0,0,0
2435,PlayerServeHold,None,1,-0.0117,52,0.2459,2.535,-16.75,2.3702,0.3973,-11.9535,0,Serve prepare 0.00,0,9,LowPickup,99.0764,61.1469,2.6309,0.7531,-12.45,0,1,1,Ready,0,9,18.1496,10.5905,0.0152,0,Perfect,,2.35,-12.35,-1.95,11.2,0,0,0,0,0,0
2436,PlayerServeHold,None,1,-0.0117,52,0.2462,2.535,-16.75,2.3702,0.4407,-11.9535,0,Serve prepare 0.00,0,9,LowPickup,99.1561,61.2661,2.6304,0.7528,-12.4511,0,1,1,Ready,0,9,18.1099,10.4422,0.0201,0,Perfect,,2.35,-12.35,-1.95,11.2,0,0,0,0,0,0
2437,PlayerServeHold,None,1,-0.0117,52,0.2465,2.535,-16.75,2.3702,0.4614,-11.9535,0,Serve prepare 0.00,0,9,LowPickup,99.2338,61.3838,2.63,0.7526,-12.4521,0,1,1,Ready,0,9,18.168,10.3425,0.0131,0,Perfect,,2.35,-12.35,-1.95,11.2,0,0,0,0,0,0
2438,PlayerServeHold,None,1,-0.0117,52,0.2468,2.535,-16.75,2.3702,0.5006,-11.9535,0,Serve prepare 0.00,0,9,LowPickup,99.3095,61.5,2.6294,0.7524,-12.4531,0,1,1,Ready,0,9,18.4111,10.3392,0.0123,0,Perfect,,2.35,-12.35,-1.95,11.2,0,0,0,0,0,0
2439,PlayerServeHold,None,1,-0.0117,52,0.247,2.535,-16.75,2.3702,0.5192,-11.9535,0,Serve prepare 0.00,0,9,LowPickup,99.3836,61.6139,2.6287,0.7521,-12.4541,0,1,1,Ready,0,9,18.7096,10.3712,0.0173,0,Perfect,,2.35,-12.35,-1.95,11.2,0,0,0,0,0,0
2440,PlayerServeHold,None,1,-0.0117,52,0.2472,2.535,-16.75,2.3702,0.5544,-11.9535,0,Serve prepare 0.00,0,9,LowPickup,99.4559,61.7255,2.628,0.7517,-12.4551,0,1,1,Ready,0,9,18.9691,10.3975,0.0092,0,Perfect,,2.35,-12.35,-1.95,11.2,0,0,0,0,0,0
2441,PlayerServeHold,None,1,-0.0117,52,0.2475,2.535,-16.75,2.3702,0.571,-11.9535,0,Serve prepare 0.00,0,9,LowPickup,99.526,61.8343,2.6273,0.7513,-12.4561,0,1,1,Ready,0,9,19.2058,10.4365,0.0075,0,Perfect,,2.35,-12.35,-1.95,11.2,0,0,0,0,0,0
2442,PlayerServeHold,None,1,-0.0117,52,0.2477,2.535,-16.75,2.3702,0.6021,-11.9535,0,Serve prepare 0.00,0,9,LowPickup,99.5939,61.9402,2.6266,0.7509,-12.457,0,1,1,Ready,0,9,19.3918,10.4877,0.0167,0,Perfect,,2.35,-12.35,-1.95,11.2,0,0,0,0,0,0
2443,PlayerServeHold,None,1,-0.0117,52,0.2478,2.535,-16.75,2.3702,0.6166,-11.9535,0,Serve prepare 0.00,0,9,LowPickup,99.6595,62.0437,2.6259,0.7505,-12.458,0,1,1,Ready,0,9,19.5669,10.5771,0.0179,0,Perfect,,2.35,-12.35,-1.95,11.2,0,0,0,0,0,0
2444,PlayerServeHold,None,1,-0.0117,52,0.248,2.535,-16.75,2.3702,0.6436,-11.9535,0,Serve prepare 0.00,0,9,LowPickup,99.7228,62.1443,2.6253,0.7502,-12.459,0,1,1,Ready,0,9,19.7579,10.7303,0.0116,0,Perfect,,2.35,-12.35,-1.95,11.2,0,0,0,0,0,0
2445,PlayerServeHold,None,1,-0.0117,52,0.2482,2.535,-16.75,2.3702,0.6561,-11.9535,0,Serve prepare 0.00,0,9,LowPickup,99.7837,62.2418,2.6248,0.7498,-12.4599,0,1,1,Ready,0,9,19.9661,10.9343,0.0098,0,Perfect,,2.35,-12.35,-1.95,11.2,0,0,0,0,0,0
2446,PlayerServeHold,None,1,-0.0117,52,0.2483,2.535,-16.75,2.3702,0.679,-11.9535,0,Serve prepare 0.00,0,9,LowPickup,99.8421,62.336,2.6244,0.7495,-12.4609,0,1,1,Ready,0,9,20.2091,11.1842,0.0098,0,Perfect,,2.35,-12.35,-1.95,11.2,0,0,0,0,0,0
2447,PlayerServeHold,None,1,-0.0117,52,0.2484,2.535,-16.75,2.3702,0.6895,-11.9535,0,Serve prepare 0.00,0,9,LowPickup,99.8978,62.4264,2.6241,0.7492,-12.4618,0,1,1,Ready,0,9,20.4622,11.4681,0.0096,0,Perfect,,2.35,-12.35,-1.95,11.2,0,0,0,0,0,0
2448,PlayerServeHold,None,1,-0.0117,52,0.2485,2.535,-16.75,2.3702,0.7083,-11.9535,0,Serve prepare 0.00,0,9,LowPickup,99.9507,62.5131,2.6238,0.7489,-12.4627,0,1,1,Ready,0,9,20.7525,11.8027,0.0058,0,Perfect,,2.35,-12.35,-1.95,11.2,0,0,0,0,0,0
2449,PlayerServeHold,None,1,-0.0117,52,0.2487,2.535,-16.75,2.3702,0.7167,-11.9535,0,Serve prepare 0.00,0,9,LowPickup,99.9982,62.5963,2.6236,0.7487,-12.4636,0,1,1,Ready,0,9,20.9432,12.0909,0.008,0,Perfect,,2.35,-12.35,-1.95,11.2,0,0,0,0,0,0
2450,PlayerServeHold,None,1,-0.0117,52,0.2488,2.535,-16.75,2.3702,0.7315,-11.9535,0,Serve prepare 0.00,0,9,LowPickup,100.0433,62.6757,2.6234,0.7485,-12.4644,0,1,1,Ready,0,9,20.919,12.2551,0.0117,0,Perfect,,2.35,-12.35,-1.95,11.2,0,0,0,0,0,0
2451,PlayerServeHold,None,1,-0.0117,52,0.2489,2.535,-16.75,2.3702,0.7378,-11.9535,0,Serve prepare 0.00,0,9,LowPickup,100.086,62.7512,2.6234,0.7483,-12.4651,0,1,1,Ready,0,9,20.6821,12.2993,0.0136,0,Perfect,,2.35,-12.35,-1.95,11.2,0,0,0,0,0,0
2452,PlayerServeHold,None,1,-0.0117,52,0.2489,2.535,-16.75,2.3702,0.7485,-11.9535,0,Serve prepare 0.00,0,9,LowPickup,100.1262,62.8228,2.6233,0.7482,-12.4658,0,1,1,Ready,0,9,20.1689,12.2005,0.0179,0,Perfect,,2.35,-12.35,-1.95,11.2,0,0,0,0,0,0
2453,PlayerServeHold,None,1,-0.0117,52,0.249,2.535,-16.75,2.3702,0.7528,-11.9535,0,Serve prepare 0.00,0,9,LowPickup,100.1637,62.8902,2.6233,0.7481,-12.4664,0,1,1,Ready,0,9,19.472,11.98,0.015,0,Perfect,,2.35,-12.35,-1.95,11.2,0,0,0,0,0,0
2454,PlayerServeHold,None,1,-0.0117,52,0.2491,2.535,-16.75,2.3702,0.7594,-11.9535,0,Serve prepare 0.00,0,9,LowPickup,100.1988,62.9539,2.6233,0.748,-12.4669,0,1,1,Ready,0,9,18.6283,11.6283,0.0031,0,Perfect,,2.35,-12.35,-1.95,11.2,0,0,0,0,0,0
2455,PlayerServeHold,None,1,-0.0117,52,0.2492,2.535,-16.75,2.3702,0.7616,-11.9535,0,Serve prepare 0.00,0,9,LowPickup,100.2312,63.0135,2.6234,0.748,-12.4674,0,1,1,Ready,0,9,17.7207,11.1834,0.0049,0,Perfect,,2.35,-12.35,-1.95,11.2,0,0,0,0,0,0
2456,PlayerServeHold,None,1,-0.0117,52,0.2492,2.535,-16.75,2.3702,0.7641,-11.9535,0,Serve prepare 0.00,0,9,LowPickup,100.2609,63.0691,2.6234,0.748,-12.4678,0,1,1,Ready,0,9,16.8057,10.6591,0.0178,0,Perfect,,2.35,-12.35,-1.95,11.2,0,0,0,0,0,0
2457,PlayerServeHold,None,1,-0.0117,52,0.2493,2.535,-16.75,2.3702,0.7644,-11.9535,0,Serve prepare 0.00,0,9,LowPickup,100.288,63.1204,2.6235,0.748,-12.4682,0,1,1,Ready,0,9,15.9734,10.0749,0.206,0,Perfect,,2.35,-12.35,-1.95,11.2,0,0,0,0,0,0
2458,PlayerServeHold,None,1,-0.0117,52,0.2493,2.535,-16.75,2.3702,0.7675,-11.9535,0,Serve prepare 0.00,0,9,LowPickup,100.3124,63.1642,2.6236,0.748,-12.4685,0,1,1,Ready,0,9,15.3434,9.4444,0.2927,0,Perfect,,2.35,-12.35,-1.95,11.2,0,0,0,0,0,0
2459,PlayerServeHold,None,1,-0.0117,52,0.2494,2.535,-16.75,2.3702,0.7708,-11.9535,0,Serve prepare 0.00,0,9,LowPickup,100.3341,63.2013,2.6236,0.748,-12.4688,0,1,1,Ready,0,9,14.8489,8.7555,0.3,0,Perfect,,2.35,-12.35,-1.95,11.2,0,0,0,0,0,0
2460,PlayerServeHold,None,1,-0.0117,52,0.2494,2.535,-16.75,2.3702,0.7804,-11.9535,0,Serve prepare 0.00,0,9,LowPickup,100.3531,63.236,2.6237,0.7481,-12.469,0,1,1,Ready,0,9,14.4711,8.0076,0.2946,0,Perfect,,2.35,-12.35,-1.95,11.2,0,0,0,0,0,0
2461,PlayerServeHold,None,1,-0.0117,52,0.2495,2.535,-16.75,2.3702,0.7863,-11.9535,0,Serve prepare 0.00,0,9,LowPickup,100.3693,63.2646,2.6238,0.7481,-12.4692,0,1,1,Ready,0,9,14.1972,7.2041,0.1564,0,Perfect,,2.35,-12.35,-1.95,11.2,0,0,0,0,0,0
2462,PlayerServeHold,None,1,-0.0117,52,0.2495,2.535,-16.75,2.3702,0.7999,-11.9535,0,Serve prepare 0.00,0,9,LowPickup,100.3828,63.2876,2.6238,0.7481,-12.4693,0,1,1,Ready,0,9,14.0288,6.3584,0.158,0,Perfect,,2.35,-12.35,-1.95,11.2,0,0,0,0,0,0
2463,PlayerServeHold,None,1,-0.0117,52,0.2496,2.535,-16.75,2.3702,0.8073,-11.9535,0,Serve prepare 0.00,0,9,LowPickup,100.3935,63.3056,2.6239,0.7482,-12.4694,0,1,1,Ready,0,9,13.9066,5.4777,0.2891,0,Perfect,,2.35,-12.35,-1.95,11.2,0,0,0,0,0,0
2464,PlayerServeHold,None,1,-0.0117,52,0.2496,2.535,-16.75,2.3702,0.8226,-11.9535,0,Serve prepare 0.00,0,9,LowPickup,100.4013,63.319,2.6239,0.7482,-12.4695,0,1,1,Ready,0,9,13.776,4.5843,0.3528,0,Perfect,,2.35,-12.35,-1.95,11.2,0,0,0,0,0,0
2465,PlayerServeHold,None,1,-0.0117,52,0.2496,2.535,-16.75,2.3702,0.8302,-11.9535,0,Serve prepare 0.00,0,9,LowPickup,100.4065,63.3279,2.624,0.7482,-12.4695,0,1,1,Ready,0,9,13.6441,3.6935,0.3105,0,Perfect,,2.35,-12.35,-1.95,11.2,0,0,0,0,0,0
2466,PlayerServeHold,None,1,-0.0117,52,0.2497,2.535,-16.75,2.3702,0.8448,-11.9535,0,Serve prepare 0.00,0,9,LowPickup,100.4088,63.3325,2.624,0.7482,-12.4696,0,1,1,Ready,0,9,13.4969,2.8367,0.1029,0,Perfect,,2.35,-12.35,-1.95,11.2,0,0,0,0,0,0
2467,PlayerServeHold,None,1,-0.0117,52,0.2497,2.535,-16.75,2.3702,0.8515,-11.9535,0,Serve prepare 0.00,0,9,LowPickup,100.4083,63.3331,2.624,0.7482,-12.4696,0,1,1,Ready,0,9,13.3365,2.0054,0.0416,0,Perfect,,2.35,-12.35,-1.95,11.2,0,0,0,0,0,0
2468,PlayerServeHold,None,1,-0.0117,52,0.2497,2.535,-16.75,2.3702,0.863,-11.9535,0,Serve prepare 0.00,0,9,LowPickup,100.405,63.3298,2.624,0.7482,-12.4695,0,1,1,Ready,0,9,12.9044,1.4356,0.2467,0,Perfect,,2.35,-12.35,-1.95,11.2,0,0,0,0,0,0
2469,PlayerServeHold,None,1,-0.0117,52,0.2497,2.535,-16.75,2.3702,0.8675,-11.9535,0,Serve prepare 0.00,0,9,LowPickup,100.3989,63.3225,2.6239,0.7482,-12.4695,0,1,1,Ready,0,9,12.2616,0.7918,0.1549,0,Perfect,,2.35,-12.35,-1.95,11.2,0,0,0,0,0,0
2470,PlayerServeHold,None,1,-0.0117,52,0.2498,2.535,-16.75,2.3702,0.8736,-11.9535,0,Serve prepare 0.00,0,9,LowPickup,100.3901,63.3114,2.6239,0.7482,-12.4694,0,1,1,Ready,0,9,11.0742,-0.1336,0.169,0,Perfect,,2.35,-12.35,-1.95,11.2,0,0,0,0,0,0
2471,PlayerServeHold,None,1,-0.0117,52,0.2498,2.535,-16.75,2.3702,0.8749,-11.9535,0,Serve prepare 0.00,0,9,LowPickup,100.3784,63.2966,2.6239,0.7482,-12.4693,0,1,1,Ready,0,9,9.6105,-1.1432,0.2605,0,Perfect,,2.35,-12.35,-1.95,11.2,0,0,0,0,0,0
2472,PlayerServeHold,None,1,-0.0117,52,0.2498,2.535,-16.75,2.3702,0.8575,-11.9535,0,Serve prepare 0.00,0,9,LowPickup,100.3639,63.2781,2.6238,0.7481,-12.4692,0,1,1,Ready,0,9,7.9015,-2.1937,0.2273,0,Perfect,,2.35,-12.35,-1.95,11.2,0,0,0,0,0,0
2473,PlayerServeHold,None,1,-0.0117,52,0.2498,2.535,-16.75,2.3702,0.8464,-11.9535,0,Serve prepare 0.00,0,9,LowPickup,100.3468,63.256,2.6238,0.7481,-12.4691,0,1,1,Ready,0,9,6.278,-3.133,0.1961,0,Perfect,,2.35,-12.35,-1.95,11.2,0,0,0,0,0,0
2474,PlayerServeHold,None,1,-0.0117,52,0.2498,2.535,-16.75,2.3702,0.8242,-11.9535,0,Serve prepare 0.00,0,9,LowPickup,100.3268,63.2303,2.6237,0.7481,-12.4689,0,1,1,Ready,0,9,5.0411,-3.8744,0.1165,0,Perfect,,2.35,-12.35,-1.95,11.2,0,0,0,0,0,0
2475,PlayerServeHold,None,1,-0.0117,52,0.2498,2.535,-16.75,2.3702,0.8131,-11.9535,0,Serve prepare 0.00,0,9,LowPickup,100.3042,63.1977,2.6237,0.7481,-12.4687,0,1,1,Ready,0,9,4.2034,-4.3336,0.1373,0,Perfect,,2.35,-12.35,-1.95,11.2,0,0,0,0,0,0
2476,PlayerServeHold,None,1,-0.0117,52,0.2498,2.535,-16.75,2.3702,0.784,-11.9535,0,Serve prepare 0.00,0,9,LowPickup,100.2788,63.1579,2.6236,0.7481,-12.4684,0,1,1,Ready,0,9,3.9391,-4.3827,0.2234,0,Perfect,,2.35,-12.35,-1.95,11.2,0,0,0,0,0,0
2477,PlayerServeHold,None,1,-0.0117,52,0.2499,2.535,-16.75,2.3702,0.7542,-11.9535,0,Serve prepare 0.00,0,9,LowPickup,100.2508,63.1112,2.6236,0.7481,-12.468,0,1,1,Ready,0,9,4.0327,-4.1072,0.2771,0,Perfect,,2.35,-12.35,-1.95,11.2,0,0,0,0,0,0
2478,PlayerServeHold,None,1,-0.0117,52,0.2499,2.535,-16.75,2.3702,0.6927,-11.9535,0,Serve prepare 0.00,0,9,LowPickup,100.2201,63.0579,2.6235,0.7481,-12.4676,0,1,1,Ready,0,9,4.3947,-3.4582,0.3462,0,Perfect,,2.35,-12.35,-1.95,11.2,0,0,0,0,0,0
2479,PlayerServeHold,None,1,-0.0117,52,0.2499,2.535,-16.75,2.3702,0.6609,-11.9535,0,Serve prepare 0.00,0,9,LowPickup,100.1868,62.9983,2.6235,0.7481,-12.4671,0,1,1,Ready,0,9,4.8716,-2.6018,0.2647,0,Perfect,,2.35,-12.35,-1.95,11.2,0,0,0,0,0,0
2480,PlayerServeHold,None,1,-0.0117,52,0.2499,2.535,-16.75,2.3702,0.5952,-11.9535,0,Serve prepare 0.00,0,9,LowPickup,100.1508,62.9336,2.6235,0.7482,-12.4666,0,1,1,Ready,0,9,5.2882,-1.6223,0.1641,0,Perfect,,2.35,-12.35,-1.95,11.2,0,0,0,0,0,0
2481,PlayerServeHold,None,1,-0.0117,52,0.2499,2.535,-16.75,2.3702,0.5614,-11.9535,0,Serve prepare 0.00,0,9,LowPickup,100.1124,62.8644,2.6235,0.7483,-12.4659,0,1,1,Ready,0,9,5.677,-0.5985,0,0,Perfect,,2.35,-12.35,-1.95,11.2,0,0,0,0,0,0
2482,PlayerServeHold,None,1,-0.0117,52,0.2499,2.535,-16.75,2.3702,0.4916,-11.9535,0,Serve prepare 0.00,0,9,LowPickup,100.0713,62.7908,2.6236,0.7485,-12.4652,0,1,1,Ready,0,9,6.0133,0.3682,0,0,Perfect,,2.35,-12.35,-1.95,11.2,0,0,0,0,0,0
2483,PlayerServeHold,None,1,-0.0117,52,0.2499,2.535,-16.75,2.3702,0.4557,-11.9535,0,Serve prepare 0.00,0,9,LowPickup,100.0278,62.7137,2.6237,0.7486,-12.4645,0,1,1,Ready,0,9,6.2993,1.2605,0,0,Perfect,,2.35,-12.35,-1.95,11.2,0,0,0,0,0,0
2484,PlayerServeHold,None,1,-0.0117,52,0.2499,2.535,-16.75,2.3702,0.3819,-11.9535,0,Serve prepare 0.00,0,9,LowPickup,99.9818,62.6331,2.6239,0.7489,-12.4637,0,1,1,Ready,0,9,6.529,2.014,0,0,Perfect,,2.35,-12.35,-1.95,11.2,0,0,0,0,0,0
2485,PlayerServeHold,None,1,-0.0117,52,0.2499,2.535,-16.75,2.3702,0.3439,-11.9535,0,Serve prepare 0.00,0,9,LowPickup,99.9326,62.5495,2.6241,0.7491,-12.4628,0,1,1,Ready,0,9,6.7034,2.6353,0,0,Perfect,,2.35,-12.35,-1.95,11.2,0,0,0,0,0,0
2486,PlayerServeHold,None,1,-0.0117,52,0.2499,2.535,-16.75,2.3702,0.266,-11.9535,0,Serve prepare 0.00,0,9,LowPickup,99.8786,62.4633,2.6244,0.7494,-12.4619,0,1,1,Ready,0,9,6.8369,3.1083,0,0,Perfect,,2.35,-12.35,-1.95,11.2,0,0,0,0,0,0
2487,PlayerServeHold,None,1,-0.0117,52,0.2499,2.535,-16.75,2.3702,0.226,-11.9535,0,Serve prepare 0.00,0,9,LowPickup,99.822,62.3744,2.6248,0.7497,-12.461,0,1,1,Ready,0,9,6.8772,3.4208,0,0,Perfect,,2.35,-12.35,-1.95,11.2,0,0,0,0,0,0
2488,PlayerServeHold,None,1,-0.0117,52,0.2499,2.535,-16.75,2.3702,0.144,-11.9535,0,Serve prepare 0.00,0,9,LowPickup,99.7626,62.2822,2.6252,0.75,-12.4601,0,1,1,Ready,0,9,6.7225,3.5394,0.4368,0,Perfect,,2.35,-12.35,-1.95,11.2,0,0,0,0,0,0
2489,PlayerServeHold,None,1,-0.0117,52,0.2499,2.535,-16.75,2.3702,0.1577,-11.9535,0,Serve prepare 0.00,0,9,LowPickup,99.7009,62.1867,2.6257,0.7504,-12.4591,0,1,1,Ready,0,9,6.553,3.5455,0.1855,0,Perfect,,2.35,-12.35,-1.95,11.2,0,0,0,0,0,0
2490,PlayerServeHold,None,1,-0.0117,52,0.2499,2.535,-16.75,2.3702,0.2139,-11.9535,0,Serve prepare 0.00,0,9,LowPickup,99.6367,62.088,2.6263,0.7507,-12.4582,0,1,1,Ready,0,9,6.528,3.4508,0.568,0,Perfect,,2.35,-12.35,-1.95,11.2,0,0,0,0,0,0
2491,PlayerServeHold,None,1,-0.0117,52,0.25,2.535,-16.75,2.3702,0.2409,-11.9535,0,Serve prepare 0.00,0,9,LowPickup,99.5703,61.9858,2.627,0.7511,-12.4572,0,1,1,Ready,0,9,6.5676,3.381,0.7252,0,Perfect,,2.35,-12.35,-1.95,11.2,0,0,0,0,0,0
2492,PlayerServeHold,None,1,-0.0117,52,0.25,2.535,-16.75,2.3702,0.293,-11.9535,0,Serve prepare 0.00,0,9,LowPickup,99.5017,61.8813,2.6277,0.7515,-12.4562,0,1,1,Ready,0,9,6.6351,3.4836,0.6202,0,Perfect,,2.35,-12.35,-1.95,11.2,0,0,0,0,0,0
2493,PlayerServeHold,None,1,-0.0117,52,0.25,2.535,-16.75,2.3702,0.318,-11.9535,0,Serve prepare 0.00,0,9,LowPickup,99.4308,61.7738,2.6284,0.7519,-12.4552,0,1,1,Ready,0,9,6.7696,3.7353,0.4785,0,Perfect,,2.35,-12.35,-1.95,11.2,0,0,0,0,0,0
2494,PlayerServeHold,None,1,-0.0117,52,0.25,2.535,-16.75,2.3702,0.3659,-11.9535,0,Serve prepare 0.00,0,9,LowPickup,99.3578,61.6637,2.6291,0.7522,-12.4543,0,1,1,Ready,0,9,6.9816,4.1683,0.3455,0,Perfect,,2.35,-12.35,-1.95,11.2,0,0,0,0,0,0
2495,PlayerServeHold,None,1,-0.0117,52,0.25,2.535,-16.75,2.3702,0.3889,-11.9535,0,Serve prepare 0.00,0,9,LowPickup,99.2831,61.5505,2.6298,0.7525,-12.4533,0,1,1,Ready,0,9,7.3072,4.7864,0.2542,0,Perfect,,2.35,-12.35,-1.95,11.2,0,0,0,0,0,0
2496,PlayerServeHold,None,1,-0.0117,52,0.25,2.535,-16.75,2.3702,0.4328,-11.9535,0,Serve prepare 0.00,0,9,LowPickup,99.2067,61.4342,2.6304,0.7528,-12.4523,0,1,1,Ready,0,9,7.7419,5.6216,0.1007,0,Perfect,,2.35,-12.35,-1.95,11.2,0,0,0,0,0,0
2497,PlayerServeHold,None,1,-0.0117,52,0.25,2.535,-16.75,2.3702,0.4537,-11.9535,0,Serve prepare 0.00,0,9,LowPickup,99.1283,61.3148,2.6308,0.753,-12.4512,0,1,1,Ready,0,9,8.4159,6.5994,0.1811,0,Perfect,,2.35,-12.35,-1.95,11.2,0,0,0,0,0,0
2498,PlayerServeHold,None,1,-0.0117,52,0.25,2.535,-16.75,2.3702,0.4935,-11.9535,0,Serve prepare 0.00,0,9,LowPickup,99.048,61.1924,2.6313,0.7533,-12.4502,0,1,1,Ready,0,9,9.5312,7.6454,0.1004,0,Perfect,,2.35,-12.35,-1.95,11.2,0,0,0,0,0,0
2499,PlayerServeHold,None,1,-0.0117,52,0.25,2.535,-16.75,2.3702,0.5123,-11.9535,0,Serve prepare 0.00,0,9,LowPickup,98.9657,61.0667,2.6318,0.7536,-12.449,0,1,1,Ready,0,9,10.8204,8.7013,0.2503,0,Perfect,,2.35,-12.35,-1.95,11.2,0,0,0,0,0,0
2500,PlayerServeHold,None,1,-0.0117,52,0.25,2.535,-16.75,2.3702,0.548,-11.9535,0,Serve prepare 0.00,0,9,LowPickup,98.8817,60.9404,2.6323,0.7539,-12.4479,0,1,1,Ready,0,9,12.191,9.7474,0.4794,0,Perfect,,2.35,-12.35,-1.95,11.2,0,0,0,0,0,0
2501,PlayerServeHold,None,1,-0.0117,52,0.25,2.535,-16.75,2.3702,0.5649,-11.9535,0,Serve prepare 0.00,0,9,LowPickup,98.796,60.8128,2.6327,0.7543,-12.4466,0,1,1,Ready,0,9,13.3731,10.6242,0.4796,0,Perfect,,2.35,-12.35,-1.95,11.2,0,0,0,0,0,0
2502,PlayerServeHold,None,1,-0.0117,52,0.25,2.535,-16.75,2.3702,0.5965,-11.9535,0,Serve prepare 0.00,0,9,LowPickup,98.7093,60.6843,2.6332,0.7546,-12.4454,0,1,1,Ready,0,9,14.089,11.236,0.6019,0,Perfect,,2.35,-12.35,-1.95,11.2,0,0,0,0,0,0
2503,PlayerServeHold,None,1,-0.0117,52,0.25,2.535,-16.75,2.3702,0.6112,-11.9535,0,Serve prepare 0.00,0,9,LowPickup,98.6272,60.553,2.6336,0.7549,-12.4441,0,1,1,Ready,0,9,14.3623,11.5088,0.3723,0,Perfect,,2.35,-12.35,-1.95,11.2,0,0,0,0,0,0
2504,PlayerServeHold,None,1,-0.0117,52,0.25,2.535,-16.75,2.3702,0.6388,-11.9535,0,Serve prepare 0.00,0,9,LowPickup,98.5429,60.4196,2.6341,0.7553,-12.4428,0,1,1,Ready,0,9,14.0419,11.3102,0.2861,0,Perfect,,2.35,-12.35,-1.95,11.2,0,0,0,0,0,0
2505,PlayerServeHold,None,1,-0.0117,52,0.25,2.535,-16.75,2.3702,0.6515,-11.9535,0,Serve prepare 0.00,0,9,LowPickup,98.4573,60.2838,2.6345,0.7556,-12.4415,0,1,1,Ready,0,9,13.398,10.7749,0.4211,0,Perfect,,2.35,-12.35,-1.95,11.2,0,0,0,0,0,0
2506,PlayerServeHold,None,1,-0.0117,52,0.25,2.535,-16.75,2.3702,0.6749,-11.9535,0,Serve prepare 0.00,0,9,LowPickup,98.3706,60.1457,2.635,0.7559,-12.4402,0,1,1,Ready,0,9,12.5743,9.9187,0.3095,0,Perfect,,2.35,-12.35,-1.95,11.2,0,0,0,0,0,0
2507,PlayerServeHold,None,1,-0.0117,52,0.25,2.535,-16.75,2.3702,0.6856,-11.9535,0,Serve prepare 0.00,0,9,LowPickup,98.2829,60.0067,2.6355,0.7563,-12.4388,0,1,1,Ready,0,9,11.7343,8.8794,0.4343,0,Perfect,,2.35,-12.35,-1.95,11.2,0,0,0,0,0,0
2508,PlayerServeHold,None,1,-0.0117,52,0.25,2.535,-16.75,2.3702,0.705,-11.9535,0,Serve prepare 0.00,0,9,LowPickup,98.1944,59.8666,2.636,0.7566,-12.4374,0,1,1,Ready,0,9,11.0871,7.7305,0.4773,0,Perfect,,2.35,-12.35,-1.95,11.2,0,0,0,0,0,0
2509,PlayerServeHold,None,1,-0.0117,52,0.25,2.535,-16.75,2.3702,0.7136,-11.9535,0,Serve prepare 0.00,0,9,LowPickup,98.1065,59.7256,2.6365,0.7569,-12.4361,0,1,1,Ready,0,9,10.5734,6.5821,0.5296,0,Perfect,,2.35,-12.35,-1.95,11.2,0,0,0,0,0,0
2510,PlayerServeHold,None,1,-0.0117,52,0.25,2.535,-16.75,2.3702,0.7289,-11.9535,0,Serve prepare 0.00,0,9,LowPickup,98.0189,59.5834,2.6371,0.7572,-12.4347,0,1,1,Ready,0,9,10.1797,5.549,0.6965,0,Perfect,,2.35,-12.35,-1.95,11.2,0,0,0,0,0,0
2511,PlayerServeHold,None,1,-0.0117,52,0.25,2.535,-16.75,2.3702,0.7355,-11.9535,0,Serve prepare 0.00,0,9,LowPickup,97.9291,59.4393,2.6377,0.7574,-12.4334,0,1,1,Ready,0,9,9.9809,4.7004,0.6612,0,Perfect,,2.35,-12.35,-1.95,11.2,0,0,0,0,0,0
2512,PlayerServeHold,None,1,-0.0117,52,0.25,2.535,-16.75,2.3702,0.7467,-11.9535,0,Serve prepare 0.00,0,9,LowPickup,97.8385,59.2938,2.6383,0.7576,-12.4321,0,1,1,Ready,0,9,10.0526,4.1582,0.495,0,Perfect,,2.35,-12.35,-1.95,11.2,0,0,0,0,0,0
2513,PlayerServeHold,None,1,-0.0117,52,0.25,2.535,-16.75,2.3702,0.7512,-11.9535,0,Serve prepare 0.00,0,9,LowPickup,97.7474,59.1469,2.6389,0.7578,-12.4308,0,1,1,Ready,0,9,10.3566,3.8924,0.1737,0,Perfect,,2.35,-12.35,-1.95,11.2,0,0,0,0,0,0
2514,PlayerServeHold,None,1,-0.0117,52,0.25,2.535,-16.75,2.3702,0.7583,-11.9535,0,Serve prepare 0.00,0,9,LowPickup,97.6559,58.9987,2.6396,0.758,-12.4294,0,1,1,Ready,0,9,10.8702,3.9414,0.4349,0,Perfect,,2.35,-12.35,-1.95,11.2,0,0,0,0,0,0
2515,PlayerServeHold,None,1,-0.0117,52,0.25,2.535,-16.75,2.3702,0.7608,-11.9535,0,Serve prepare 0.00,0,9,LowPickup,97.564,58.8493,2.6403,0.7582,-12.4281,0,1,1,Ready,0,9,11.631,4.244,0.7024,0,Perfect,,2.35,-12.35,-1.95,11.2,0,0,0,0,0,0
2516,PlayerServeHold,None,1,-0.0117,52,0.25,2.535,-16.75,2.3702,0.7638,-11.9535,0,Serve prepare 0.00,0,9,LowPickup,97.4712,58.699,2.6409,0.7584,-12.4267,0,1,1,Ready,0,9,12.7348,4.7661,0.7775,0,Perfect,,2.35,-12.35,-1.95,11.2,0,0,0,0,0,0
2517,PlayerServeHold,None,1,-0.0117,52,0.25,2.535,-16.75,2.3702,0.7643,-11.9535,0,Serve prepare 0.00,0,9,LowPickup,97.376,58.5472,2.6416,0.7585,-12.4254,0,1,1,Ready,0,9,13.9724,5.423,0.7563,0,Perfect,,2.35,-12.35,-1.95,11.2,0,0,0,0,0,0
2518,PlayerServeHold,None,1,-0.0117,52,0.25,2.535,-16.75,2.3702,0.7665,-11.9535,0,Serve prepare 0.00,0,9,LowPickup,97.2809,58.3947,2.6423,0.7587,-12.4241,0,1,1,Ready,0,9,15.2283,6.1352,0.659,0,Perfect,,2.35,-12.35,-1.95,11.2,0,0,0,0,0,0
2519,PlayerServeHold,None,1,-0.0117,52,0.25,2.535,-16.75,2.3702,0.7694,-11.9535,0,Serve prepare 0.00,0,9,LowPickup,97.1859,58.2428,2.6429,0.7589,-12.4227,0,1,1,Ready,0,9,16.3692,6.8972,0.5518,0,Perfect,,2.35,-12.35,-1.95,11.2,0,0,0,0,0,0
2520,PlayerServeHold,None,1,-0.0117,52,0.25,2.535,-16.75,2.3702,0.7783,-11.9535,0,Serve prepare 0.00,0,9,LowPickup,97.0913,58.0915,2.6324,0.7472,-12.4341,0,1,1,Ready,0,9,17.2331,7.7094,0.419,0,Perfect,,2.35,-12.35,-1.95,11.2,0,0,0,0,0,0
2521,PlayerServeHold,None,1,-0.0117,52,0.25,2.535,-16.75,2.3702,0.784,-11.9535,0,Serve prepare 0.00,0,9,LowPickup,96.9973,57.9411,2.6329,0.7474,-12.4327,0,1,1,Ready,0,9,17.8414,8.5362,0.2807,0,Perfect,,2.35,-12.35,-1.95,11.2,0,0,0,0,0,0
2522,PlayerServeHold,None,1,-0.0117,52,0.25,2.535,-16.75,2.3702,0.7972,-11.9535,0,Serve prepare 0.00,0,9,LowPickup,96.9032,57.7917,2.6334,0.7476,-12.4313,0,1,1,Ready,0,9,18.1145,9.3493,0.0337,0,Perfect,,2.35,-12.35,-1.95,11.2,0,0,0,0,0,0
2523,PlayerServeHold,None,1,-0.0117,52,0.25,2.535,-16.75,2.3702,0.8045,-11.9535,0,Serve prepare 0.00,0,9,LowPickup,96.8063,57.6433,2.6338,0.7478,-12.43,0,1,1,Ready,0,9,18.2035,10.1468,0.0758,0,Perfect,,2.35,-12.35,-1.95,11.2,0,0,0,0,0,0
2524,PlayerServeHold,None,1,-0.0117,52,0.25,2.535,-16.75,2.3702,0.8197,-11.9535,0,Serve prepare 0.00,0,9,LowPickup,96.7101,57.496,2.6342,0.7481,-12.4286,0,1,1,Ready,0,9,18.1741,10.8933,0.0335,0,Perfect,,2.35,-12.35,-1.95,11.2,0,0,0,0,0,0
2525,PlayerServeHold,None,1,-0.0117,52,0.25,2.535,-16.75,2.3702,0.8273,-11.9535,0,Serve prepare 0.00,0,9,LowPickup,96.6148,57.3522,2.6345,0.7484,-12.4272,0,1,1,Ready,0,9,18.1651,11.5828,0.0488,0,Perfect,,2.35,-12.35,-1.95,11.2,0,0,0,0,0,0
2526,PlayerServeHold,None,1,-0.0117,52,0.25,2.535,-16.75,2.3702,0.8421,-11.9535,0,Serve prepare 0.00,0,9,LowPickup,96.5202,57.2115,2.6348,0.7487,-12.4258,0,1,1,Ready,0,9,18.3692,12.1622,0.0399,0,Perfect,,2.35,-12.35,-1.95,11.2,0,0,0,0,0,0
2527,PlayerServeHold,None,1,-0.0117,52,0.25,2.535,-16.75,2.3702,0.849,-11.9535,0,Serve prepare 0.00,0,9,LowPickup,96.4264,57.0739,2.6351,0.749,-12.4244,0,1,1,Ready,0,9,18.6394,12.635,0.0396,0,Perfect,,2.35,-12.35,-1.95,11.2,0,0,0,0,0,0
2528,PlayerServeHold,None,1,-0.0117,52,0.25,2.535,-16.75,2.3702,0.861,-11.9535,0,Serve prepare 0.00,0,9,LowPickup,96.3324,56.9395,2.6353,0.7493,-12.423,0,1,1,Ready,0,9,18.9414,13.0215,0.0174,0,Perfect,,2.35,-12.35,-1.95,11.2,0,0,0,0,0,0
2529,PlayerServeHold,None,1,-0.0117,52,0.25,2.535,-16.75,2.3702,0.8659,-11.9535,0,Serve prepare 0.00,0,9,LowPickup,96.2377,56.8075,2.6355,0.7496,-12.4217,0,1,1,Ready,0,9,19.1567,13.2508,0.0852,0,Perfect,,2.35,-12.35,-1.95,11.2,0,0,0,0,0,0
2530,PlayerServeHold,None,1,-0.0117,52,0.25,2.535,-16.75,2.3702,0.8728,-11.9535,0,Serve prepare 0.00,0,9,LowPickup,96.1437,56.6781,2.6358,0.7499,-12.4204,0,1,1,Ready,0,9,19.1721,13.2943,0.2353,0,Perfect,,2.35,-12.35,-1.95,11.2,0,0,0,0,0,0
2531,PlayerServeHold,None,1,-0.0117,52,0.25,2.535,-16.75,2.3702,0.8746,-11.9535,0,Serve prepare 0.00,0,9,LowPickup,96.0505,56.5528,2.636,0.7502,-12.4191,0,1,1,Ready,0,9,18.9766,13.1453,0.1342,0,Perfect,,2.35,-12.35,-1.95,11.2,0,0,0,0,0,0
2532,PlayerServeHold,None,1,-0.0117,52,0.25,2.535,-16.75,2.3702,0.875,-11.9535,0,Serve prepare 0.00,0,9,LowPickup,95.958,56.431,2.6363,0.7485,-12.4178,0,1,1,Ready,0,9,18.4819,12.7876,0.1481,0,Perfect,,2.35,-12.35,-1.95,11.2,0,0,0,0,0,0
2533,PlayerServeHold,None,1,-0.0117,52,0.25,2.535,-16.75,2.3702,0.875,-11.9535,0,Serve prepare 0.00,0,9,LowPickup,95.8669,56.3124,2.6366,0.7488,-12.4165,0,1,1,Ready,0,9,17.8223,12.2855,0.2525,0,Perfect,,2.35,-12.35,-1.95,11.2,0,0,0,0,0,0
2534,PlayerServeHold,None,1,-0.0117,52,0.25,2.535,-16.75,2.3702,0.875,-11.9535,0,Serve prepare 0.00,0,9,LowPickup,95.7769,56.1965,2.637,0.7491,-12.4153,0,1,1,Ready,0,9,17.0527,11.658,0.5304,0,Perfect,,2.35,-12.35,-1.95,11.2,0,0,0,0,0,0
2535,PlayerServeHold,None,1,-0.0117,52,0.25,2.535,-16.75,2.3702,0.875,-11.9535,0,Serve prepare 0.00,0,9,LowPickup,95.687,56.0824,2.6121,0.7493,-12.4062,0,1,1,Ready,0,9,16.2914,10.9948,0.4936,0,Perfect,,2.35,-12.35,-1.95,11.2,0,0,0,0,0,0
2536,PlayerServeHold,None,1,-0.0117,52,0.25,2.535,-16.75,2.3702,0.875,-11.9535,0,Serve prepare 0.00,0,9,LowPickup,95.5986,55.9708,2.6126,0.7495,-12.4051,0,1,1,Ready,0,9,15.6542,10.347,0.2095,0,Perfect,,2.35,-12.35,-1.95,11.2,0,0,0,0,0,0
2537,PlayerServeHold,None,1,-0.0117,52,0.25,2.535,-16.75,2.3702,0.875,-11.9535,0,Serve prepare 0.00,0,9,LowPickup,95.5115,55.862,2.6131,0.7497,-12.4039,0,1,1,Ready,0,9,15.164,9.7796,0.1832,0,Perfect,,2.35,-12.35,-1.95,11.2,0,0,0,0,0,0
2538,PlayerServeHold,None,1,-0.0117,52,0.25,2.535,-16.75,2.3702,0.875,-11.9535,0,Serve prepare 0.00,0,9,LowPickup,95.4257,55.7558,2.6135,0.7499,-12.4028,0,1,1,Ready,0,9,14.8895,9.376,0.2325,0,Perfect,,2.35,-12.35,-1.95,11.2,0,0,0,0,0,0
2539,PlayerServeHold,None,1,-0.0117,52,0.25,2.535,-16.75,2.3702,0.875,-11.9535,0,Serve prepare 0.00,0,9,LowPickup,95.3415,55.6522,2.6393,0.7521,-12.4095,0,1,1,Ready,0,9,14.792,9.0948,0.2835,0,Perfect,,2.35,-12.35,-1.95,11.2,0,0,0,0,0,0
2540,PlayerServeHold,None,1,-0.0117,52,0.25,2.535,-16.75,2.3702,0.875,-11.9535,0,Serve prepare 0.00,0,9,LowPickup,95.2602,55.5503,2.6398,0.7523,-12.4084,0,1,1,Ready,0,9,14.8786,8.9384,0.3487,0,Perfect,,2.35,-12.35,-1.95,11.2,0,0,0,0,0,0
2541,PlayerServeHold,None,1,-0.0117,52,0.25,2.535,-16.75,2.3702,0.875,-11.9535,0,Serve prepare 0.00,0,9,LowPickup,95.1805,55.4496,2.6403,0.7524,-12.4073,0,1,1,Ready,0,9,15.0847,8.8667,0.3045,0,Perfect,,2.35,-12.35,-1.95,11.2,0,0,0,0,0,0
2542,PlayerServeHold,None,1,-0.0117,52,0.25,2.535,-16.75,2.3704,0.8754,-11.9536,0,Serve prepare 0.00,0,9,LowPickup,95.1021,55.3503,2.6409,0.7526,-12.4063,0,1,1,Ready,0,9,15.3643,8.8657,0.2199,0,Perfect,,2.35,-12.35,-1.95,11.2,0,0,0,0,0,0
2543,PlayerServeHold,None,1,-0.0117,52,0.25,2.535,-16.75,2.3709,0.8764,-11.954,0,Serve prepare 0.00,0,9,LowPickup,95.0249,55.2522,2.6413,0.7528,-12.4052,0,1,1,Ready,0,9,15.6864,8.8832,0.1202,0,Perfect,,2.35,-12.35,-1.95,11.2,0,0,0,0,0,0
2544,PlayerServeHold,None,1,-0.0117,52,0.25,2.535,-16.75,2.3735,0.8806,-11.9553,0,Serve prepare 0.01,0,9,LowPickup,97.4534,57.7652,2.638,0.7571,-12.4201,0,1,1,Ready,0,9,16.0086,8.8513,0.255,0,Perfect,,2.35,-12.35,-1.95,11.2,0,0,0,1.1663,0,0
2545,PlayerServeHold,None,1,-0.0117,52,0.25,2.535,-16.75,2.3759,0.8837,-11.9563,0,Serve prepare 0.02,0,9,LowPickup,98.5069,59.1762,2.631,0.7544,-12.4331,0,1,1,Ready,0,9,16.3339,8.8186,0.4239,0,Perfect,,2.35,-12.35,-1.95,11.2,0,0,0,1.4836,0,0
2546,PlayerServeHold,None,1,-0.0117,52,0.25,2.535,-16.75,2.3804,0.8916,-11.9587,0,Serve prepare 0.03,0,9,LowPickup,99.0523,60.086,2.6286,0.7526,-12.4413,0,1,1,Ready,0,9,16.6462,8.8163,0.6252,0,Perfect,,2.35,-12.35,-1.95,11.2,0,0,0,1.3791,0,0
2547,PlayerServeHold,None,1,-0.0117,52,0.25,2.535,-16.75,2.3837,0.8964,-11.9603,0,Serve prepare 0.04,0,9,LowPickup,100.2037,61.7308,2.6202,0.7479,-12.4563,0,1,1,Ready,0,9,16.9638,8.8316,0.5181,0,Perfect,,2.35,-12.35,-1.95,11.2,0,0,0,1.4413,0,0
2548,PlayerServeHold,None,1,-0.0117,52,0.25,2.535,-16.75,2.3899,0.9076,-11.9638,0,Serve prepare 0.05,0,9,LowPickup,100.7532,62.7927,2.6203,0.7469,-12.4652,0,1,1,Ready,0,9,17.3102,8.8459,0.1824,0,Perfect,,2.35,-12.35,-1.95,11.2,0,0,0,1.2001,0,0
2549,PlayerServeHold,None,1,-0.0117,52,0.25,2.535,-16.75,2.394,0.9139,-11.9659,0,Serve prepare 0.06,0,9,LowPickup,101.8477,64.6568,2.6088,0.7425,-12.4795,0,1,1,Ready,0,9,17.6474,8.9089,0.074,0,Perfect,,2.35,-12.35,-1.95,11.2,0,0,0,1.2605,0,0
2550,PlayerServeHold,None,1,-0.0117,52,0.25,2.535,-16.75,2.4018,0.928,-11.9703,0,Serve prepare 0.07,0,9,LowPickup,102.4113,65.8671,2.6394,0.742,-12.5056,0,1,1,Ready,0,9,17.9561,9.0897,0.2433,0,Perfect,,2.35,-12.35,-1.95,11.2,0,0,0,1.0256,0,0
2551,PlayerServeHold,None,1,-0.0117,52,0.25,2.535,-16.75,2.4065,0.9357,-11.9728,0,Serve prepare 0.08,0,9,LowPickup,103.6817,67.9019,2.6052,0.7378,-12.5061,0,1,1,Ready,0,9,18.2142,9.32,0.226,0,Perfect,,2.35,-12.35,-1.95,11.2,0,0,0,1.0835,0,0
2552,PlayerServeHold,None,1,-0.0117,52,0.25,2.535,-16.75,2.4155,0.9522,-11.9781,0,Serve prepare 0.09,0,9,LowPickup,104.3896,69.1595,2.6019,0.7363,-12.5152,0,1,1,Ready,0,9,18.3912,9.5464,0.0497,0,Perfect,,2.35,-12.35,-1.95,11.2,0,0,0,0.7662,0,0
2553,PlayerServeHold,None,1,-0.0117,52,0.25,2.535,-16.75,2.4208,0.961,-11.9809,0,Serve prepare 0.10,0,9,LowPickup,105.8251,71.2602,2.6168,0.7333,-12.546,0,1,1,Ready,0,9,18.5023,9.801,0.1312,0,Perfect,,2.35,-12.35,-1.95,11.2,0,0,0,0.843,0,0
2554,PlayerServeHold,None,1,-0.0117,52,0.25,2.535,-16.75,2.4308,0.9794,-11.9868,0,Serve prepare 0.11,0,9,LowPickup,106.5916,72.5258,2.6129,0.7323,-12.5556,0,1,1,Ready,0,9,18.542,10.1108,0.1335,0,Perfect,,2.35,-12.35,-1.95,11.2,0,0,0,0.5665,0,0
2555,PlayerServeHold,None,1,-0.0117,52,0.25,2.535,-16.75,2.4366,0.9891,-11.99,0,Serve prepare 0.12,0,9,LowPickup,108.199,74.6817,2.6188,0.7392,-12.5632,0,1,1,Ready,0,9,18.5403,10.4197,0.1092,0,Perfect,,2.35,-12.35,-1.95,11.2,0,0,0,0.3733,0,0
2556,PlayerServeHold,None,1,-0.0117,52,0.25,2.535,-16.75,2.4474,1.0091,-11.9965,0,Serve prepare 0.13,0,9,LowPickup,108.9198,75.9597,2.6141,0.7368,-12.5729,0.0278,1,1,Ready,0,9,18.5105,10.6629,0.0302,0,Perfect,,2.35,-12.35,-1.95,11.2,0,0,0,0.1897,0,0
2557,PlayerServeHold,None,1,-0.0117,52,0.25,2.535,-16.75,2.4534,1.0194,-11.9999,0,Serve prepare 0.14,0,9,LowPickup,110.3682,78.2039,2.6037,0.732,-12.5908,0.0555,1,1,Ready,0,9,18.489,10.8723,0.0129,0,Perfect,,2.35,-12.35,-1.95,11.2,0,0,0,0.7165,0,0
2558,PlayerServeHold,None,1,-0.0117,52,0.25,2.535,-16.75,2.4648,1.0405,-12.0068,0,Serve prepare 0.15,0,9,LowPickup,111.1078,79.6277,2.5935,0.7244,-12.6085,0.0207,1,1,Ready,0,9,18.531,11.064,0.0147,0,Perfect,,2.35,-12.35,-1.95,11.2,0,0,0,0.7538,0,0
2559,PlayerServeHold,None,1,-0.0117,52,0.25,2.535,-16.75,2.471,1.0513,-12.0104,0,Serve prepare 0.16,0,9,LowPickup,112.6274,82.3471,2.6076,0.731,-12.632,0.0408,1,1,Ready,0,9,18.5796,11.1967,0.0133,0,Perfect,,2.35,-12.35,-1.95,11.2,0,0,0,1.3365,0,0
2560,PlayerServeHold,None,1,-0.0117,52,0.25,2.535,-16.75,2.4827,1.073,-12.0175,0,Serve prepare 0.17,0,9,LowPickup,113.3859,83.9984,2.6151,0.7556,-12.5988,0.0263,1,1,Ready,0,9,18.6071,11.2374,0.0152,0,Perfect,,2.35,-12.35,-1.95,11.2,0,0,0,1.4122,0,0
2561,PlayerServeHold,None,1,-0.0117,52,0.25,2.535,-16.75,2.489,1.084,-12.0213,0,Serve prepare 0.18,0,9,LowPickup,114.8752,87.0422,2.6305,0.7795,-12.5939,0.052,1,1,Ready,0,9,18.5942,11.2,0.0161,0,Perfect,,2.35,-12.35,-1.95,11.2,0,0,0,1.7355,0,0
2562,PlayerServeHold,None,1,-0.0117,52,0.25,2.535,-16.75,2.5008,1.106,-12.0285,0,Serve prepare 0.19,0,9,LowPickup,115.6028,88.9647,2.6242,0.7745,-12.6038,0.0245,1,1,Ready,0,9,18.4965,11.0864,0.0061,0,Perfect,,2.35,-12.35,-1.95,11.2,0,0,0,1.4478,0,0
2563,PlayerServeHold,None,1,-0.0117,52,0.25,2.535,-16.75,2.5071,1.117,-12.0323,0,Serve prepare 0.20,0,9,LowPickup,112.0389,92.2152,2.6195,0.7693,-12.6332,0.8583,1,1,Ready,0,9,18.3709,10.9302,0.0058,0,Perfect,,2.35,-12.35,-1.95,11.2,0,0,0,1.4914,0,0
2564,PlayerServeHold,None,1,-0.0117,52,0.25,2.535,-16.75,2.5187,1.1387,-12.0394,0,Serve prepare 0.21,0,9,LowPickup,112.7875,94.1291,2.6126,0.7673,-12.6437,0.0105,1,1,Ready,0,9,18.2445,10.7611,0.0122,0,Perfect,,2.35,-12.35,-1.95,11.2,0,0,0,1.1643,0,0
2565,PlayerServeHold,None,1,-0.0117,52,0.25,2.535,-16.75,2.5249,1.1495,-12.0432,0,Serve prepare 0.22,0,9,LowPickup,114.26,97.2695,2.5851,0.73,-12.7729,0.0198,1,1,Ready,0,9,18.1496,10.5955,0.0152,0,Perfect,,2.35,-12.35,-1.95,11.2,0,0,0,1.271,0,0
2566,PlayerServeHold,None,1,-0.0117,52,0.25,2.535,-16.75,2.5361,1.1706,-12.0503,0,Serve prepare 0.23,0,9,LowPickup,114.9921,99.1349,2.5549,0.7203,-12.7536,0.0105,1,1,Ready,0,9,18.1099,10.445,0.0201,0,Perfect,,2.35,-12.35,-1.95,11.2,0,0,0,0.9321,0,0
2567,PlayerServeHold,None,1,-0.0117,52,0.25,2.535,-16.75,2.542,1.1809,-12.054,0,Serve prepare 0.24,0,9,LowPickup,116.3709,102.0836,2.5548,0.7299,-12.7998,0.0211,1,1,Ready,0,9,18.168,10.3432,0.0131,0,Perfect,,2.35,-12.35,-1.95,11.2,0,0,0,1.0195,0,0
2568,PlayerServeHold,None,1,-0.0117,52,0.25,2.535,-16.75,2.5527,1.2009,-12.0607,0,Serve prepare 0.25,0,9,LowPickup,116.9974,103.774,2.5322,0.7228,-12.7944,0.0166,1,1,Ready,0,9,18.4111,10.3381,0.0123,0,Perfect,,2.35,-12.35,-1.95,11.2,0,0,0,0.7486,0,0
2569,PlayerServeHold,None,1,-0.0117,52,0.25,2.535,-16.75,2.5582,1.2106,-12.0642,0,Serve prepare 0.26,0,9,LowPickup,118.0124,106.4113,2.5346,0.7327,-12.7839,0.0205,1,1,Ready,0,9,18.7096,10.3681,0.0173,0,Perfect,,2.35,-12.35,-1.95,11.2,0,0,0,1.0763,0,0
2570,PlayerServeHold,None,1,-0.0117,52,0.25,2.535,-16.75,2.568,1.229,-12.0704,0,Serve prepare 0.27,0,9,LowPickup,119.3111,108.0785,2.5208,0.7301,-12.7945,0.1863,1,1,Ready,0,9,18.9691,10.3925,0.0092,0,Perfect,,2.35,-12.35,-1.95,11.2,0,0,0,2.4857,0,0
2571,PlayerServeHold,None,1,-0.0117,52,0.25,2.535,-16.75,2.5731,1.2378,-12.0737,0,Serve prepare 0.28,0,9,LowPickup,120.3006,110.7166,2.5288,0.7436,-12.7949,0.7464,1,1,Ready,0,9,19.2058,10.4296,0.0075,0,Perfect,,2.35,-12.35,-1.95,11.2,0,0,0,4.7723,0,0
2572,PlayerServeHold,None,1,-0.0117,52,0.25,2.535,-16.75,2.5818,1.2543,-12.0793,0,Serve prepare 0.29,0,9,LowPickup,120.2306,112.2927,2.5125,0.7378,-12.7976,0.3612,1,1,Ready,0,9,19.3918,10.4789,0.0167,0,Perfect,,2.35,-12.35,-1.95,11.2,0,0,0,4.225,0,0
2573,PlayerServeHold,None,1,-0.0117,52,0.25,2.535,-16.75,2.5863,1.262,-12.0823,0,Serve prepare 0.30,0,9,LowPickup,119.9578,114.5327,2.4626,0.7563,-12.9443,0.1474,1,1,Ready,0,9,19.5669,10.5662,0.0179,0,Perfect,,2.35,-12.35,-1.95,11.2,0,0,0,4.3861,0,0
2574,PlayerServeHold,None,1,-0.0117,52,0.25,2.535,-16.75,2.5938,1.2761,-12.0872,0,Serve prepare 0.31,0,9,LowPickup,119.7459,115.9842,2.2925,0.7017,-12.9286,0.067,1,1,Ready,0,9,19.7579,10.7173,0.0116,0,Perfect,,2.35,-12.35,-1.95,11.2,0,0,0,3.5673,0,0
2575,PlayerServeHold,None,1,-0.0117,52,0.25,2.535,-16.75,2.5975,1.2824,-12.0897,0,Serve prepare 0.32,0,9,LowPickup,119.1138,117.8993,2.425,0.744,-12.9453,0.1495,1,1,Ready,0,9,19.9661,10.9191,0.0098,0,Perfect,,2.35,-12.35,-1.95,11.2,0,0,0,3.6992,0,0
2576,PlayerServeHold,None,1,-0.0117,52,0.25,2.535,-16.75,2.6035,1.2936,-12.0937,0,Serve prepare 0.33,0,9,LowPickup,118.7074,119.1213,2.2982,0.7031,-12.939,0.0972,1,1,Ready,0,9,20.2091,11.1668,0.0098,0,Perfect,,2.35,-12.35,-1.95,11.2,0,0,0,2.881,0,0
2577,PlayerServeHold,None,1,-0.0117,52,0.25,2.535,-16.75,2.6065,1.2984,-12.0958,0,Serve prepare 0.34,0,9,LowPickup,117.6991,120.655,2.2755,0.6979,-12.9275,0.2171,1,1,Ready,0,9,20.4622,11.4485,0.0096,0,Perfect,,2.35,-12.35,-1.95,11.2,0,0,0,3.3689,0,0
2578,PlayerServeHold,None,1,-0.0117,52,0.25,2.535,-16.75,2.6108,1.3063,-12.0986,0,Serve prepare 0.35,0,9,LowPickup,117.0887,121.7547,2.2661,0.6845,-12.9017,0.1285,1,1,Ready,0,9,20.7525,11.7807,0.0058,0,Perfect,,2.35,-12.35,-1.95,11.2,0,0,0,2.7882,0,0
2579,PlayerServeHold,None,1,-0.0117,52,0.25,2.535,-16.75,2.6128,1.3094,-12.1001,0,Serve prepare 0.36,0,9,LowPickup,119.6031,121.9874,2.2908,0.6823,-12.9102,0.7636,1,1,Ready,0,9,20.9432,12.0667,0.008,0,Perfect,,2.35,-12.35,-1.95,11.2,0,0,0,4.4366,0,0
2580,PlayerServeHold,None,1,-0.0117,52,0.25,2.535,-16.75,2.6152,1.3136,-12.1018,0,Serve prepare 0.37,0,9,LowPickup,119.2687,122.3947,2.2814,0.6871,-12.9252,0.0789,1,1,Ready,0,9,20.919,12.229,0.0117,0,Perfect,,2.35,-12.35,-1.95,11.2,0,0,0,3.8386,0,0
2581,PlayerServeHold,None,1,-0.0117,52,0.25,2.535,-16.75,2.6162,1.3146,-12.1026,0,Serve prepare 0.38,0,9,LowPickup,112.6249,124.2747,2.2882,0.6984,-12.9276,1.2395,1,1,Ready,0,9,20.6821,12.2717,0.0136,0,Perfect,,2.35,-12.35,-1.95,11.2,0,0,0,7.3417,0,0
2582,PlayerServeToss,Toss,1,-0.0117,48,1.8,0.455,-13.75,2.6166,1.315,-12.103,0,Serve prepare 0.39,0,9,LowPickup,111.4755,125.2808,2.2752,0.6996,-12.9411,0.0905,1,1,Ready,0,9,20.1689,12.1718,0.0179,0,Perfect,,2.35,-12.35,-1.95,11.2,-4,0,0,6.818,0,0
2583,PlayerServeToss,Toss,1,-0.0117,48,1.8,0.455,-13.75,2.6148,1.3653,-12.1036,0,Serve prepare 0.40,0,9,LowPickup,109.1196,126.2778,2.2483,0.707,-12.9646,0.1538,1,1,Ready,0,9,19.472,11.9506,0.015,0,Perfect,,2.35,-12.35,-1.95,11.2,0,0,0,6.7917,0,0
2584,PlayerServeToss,Toss,1,-0.0117,48,1.8,0.455,-13.75,2.611,1.464,-12.1047,0,Serve prepare 0.40,0,9,LowPickup,109.1196,127.4994,2.2428,0.6969,-12.9573,0,1,1,Ready,0,9,18.6283,11.5985,0.0031,0,Perfect,,2.35,-12.35,-1.95,11.2,0,0,0,4.3515,0,0
2585,PlayerServeToss,Toss,1,-0.0117,48,1.8,0.455,-13.75,2.6092,1.5123,-12.1053,0,Serve prepare 0.42,0,9,LowPickup,108.5179,128.6197,2.2282,0.6928,-12.9581,0.0419,1,1,Ready,0,9,17.7207,11.1535,0.0049,0,Perfect,,2.35,-12.35,-1.95,11.2,0,0,0,2.6441,0,0
2586,PlayerServeToss,Toss,1,-0.0117,48,1.8,0.455,-13.75,2.6054,1.6068,-12.1064,0,Serve prepare 0.42,0,9,LowPickup,108.2107,129.6219,2.2188,0.6874,-12.9554,0.0114,1,1,Ready,0,9,16.8057,10.6295,0.0178,0,Perfect,,2.35,-12.35,-1.95,11.2,0,0,0,0.927,0,0
2587,PlayerServeToss,Toss,1,-0.0117,48,1.8,0.455,-13.75,2.6036,1.6531,-12.107,0,Serve prepare 0.44,0,9,LowPickup,107.6668,130.3657,2.2045,0.6889,-12.9576,0.0442,1,1,Ready,0,9,15.9734,10.0458,0.206,0,Perfect,,2.35,-12.35,-1.95,11.2,0,0,0,0.4206,0,0
2588,PlayerServeToss,Toss,1,-0.0117,48,1.8,0.455,-13.75,2.5998,1.7436,-12.1081,0,Serve prepare 0.45,0,9,LowPickup,107.412,130.9508,2.1961,0.6887,-12.957,0.047,1,1,Ready,0,9,15.3434,9.4162,0.2927,0,Perfect,,2.35,-12.35,-1.95,11.2,0,0,0,1.2079,0,0
2589,PlayerServeToss,Toss,1,-0.0117,48,1.8,0.455,-13.75,2.598,1.7878,-12.1087,0,Serve prepare 0.46,0,9,LowPickup,106.9168,131.2468,2.183,0.6964,-12.9606,0.1094,1,1,Ready,0,9,14.8489,8.7284,0.3,0,Perfect,,2.35,-12.35,-1.95,11.2,0,0,0,1.5501,0,0
2590,PlayerServeToss,Toss,1,-0.0117,48,1.8,0.455,-13.75,2.5942,1.8742,-12.1098,0,Serve prepare 0.47,0,9,LowPickup,106.7301,131.4732,2.176,0.7007,-12.962,0.0461,1,1,Ready,0,9,14.4711,7.9819,0.2946,0,Perfect,,2.35,-12.35,-1.95,11.2,0,0,0,1.7975,0,0
2591,PlayerServeToss,Toss,1,-0.0117,48,1.8,0.455,-13.75,2.5924,1.9163,-12.1104,0,Serve prepare 0.49,0,9,LowPickup,106.3603,131.5276,2.1649,0.7124,-12.9661,0.0573,1,1,Ready,0,9,14.1972,7.1801,0.1564,0,Perfect,,2.35,-12.35,-1.95,11.2,0,0,0,1.5979,0,0
2592,PlayerServeToss,Toss,1,-0.0117,48,1.8,0.455,-13.75,2.5886,1.9986,-12.1115,0,Serve prepare 0.50,0,9,LowPickup,106.2127,131.5858,2.1591,0.7194,-12.9683,0.0593,1,1,Ready,0,9,14.0288,6.3363,0.158,0,Perfect,,2.35,-12.35,-1.95,11.2,0,0,0,1.4342,0,0
2593,PlayerServeToss,Toss,1,-0.0117,48,1.8,0.455,-13.75,2.5868,2.0388,-12.1121,0,Serve prepare 0.51,0,9,LowPickup,105.9258,131.5319,2.149,0.7335,-12.9718,0.1723,1,1,Ready,0,9,13.9066,5.4575,0.2891,0,Perfect,,2.35,-12.35,-1.95,11.2,0,0,0,1.1399,0,0
2594,PlayerServeToss,Toss,1,-0.0117,48,1.8,0.455,-13.75,2.583,2.117,-12.1132,0,Serve prepare 0.52,0,9,LowPickup,105.7827,131.5618,2.1435,0.7423,-12.9736,0.0963,1,1,Ready,0,9,13.776,4.5661,0.3528,0,Perfect,,2.35,-12.35,-1.95,11.2,0,0,0,0.8421,0,0
2595,PlayerServeToss,Toss,1,-0.0117,48,1.8,0.455,-13.75,2.5812,2.1551,-12.1138,0,Serve prepare 0.54,0,9,LowPickup,105.5759,131.5673,2.1335,0.7574,-12.9758,0.2085,1,1,Ready,0,9,13.6441,3.6775,0.3105,0,Perfect,,2.35,-12.35,-1.95,11.2,0,0,0,0.8504,0,0
2596,PlayerServeToss,Toss,1,-0.0117,48,1.8,0.455,-13.75,2.5774,2.2292,-12.1149,0,Serve prepare 0.55,0,9,LowPickup,105.4794,131.6993,2.1277,0.7665,-12.9767,0.088,1,1,Ready,0,9,13.4969,2.8234,0.1029,0,Perfect,,2.35,-12.35,-1.95,11.2,0,0,0,0.7465,0,0
2597,PlayerServeToss,Toss,1,-0.0117,48,1.8,0.455,-13.75,2.5756,2.2652,-12.1155,0,Serve prepare 0.56,0,9,LowPickup,105.3055,131.8656,2.117,0.7823,-12.9767,0.1603,1,1,Ready,0,9,13.3365,1.995,0.0416,0,Perfect,,2.35,-12.35,-1.95,11.2,0,0,0,0.8935,0,0
2598,PlayerServeToss,Toss,1,-0.0117,48,1.8,0.455,-13.75,2.5718,2.3352,-12.1166,0,Serve prepare 0.57,0,9,LowPickup,105.2307,132.1161,2.1106,0.7911,-12.976,0.0801,1,1,Ready,0,9,12.9044,1.4275,0.2467,0,Perfect,,2.35,-12.35,-1.95,11.2,0,0,0,0.8147,0,0
2599,PlayerServeToss,Toss,1,-0.0117,48,1.8,0.455,-13.75,2.57,2.3692,-12.1172,0,Serve prepare 0.59,0,9,LowPickup,105.067,132.4318,2.0996,0.8062,-12.9737,0.1305,1,1,Ready,0,9,12.2616,0.7866,0.155,0,Perfect,,2.35,-12.35,-1.95,11.2,0,0,0,0.9487,0,0
2600,PlayerServeToss,Toss,1,-0.0117,48,1.8,0.455,-13.75,2.5662,2.4352,-12.1183,0,Serve prepare 0.59,0,9,LowPickup,105.0084,132.7718,2.0928,0.8143,-12.9716,0.0549,1,1,Ready,0,9,11.0742,-0.1348,0.169,0,Perfect,,2.35,-12.35,-1.95,11.2,0,0,0,0.7813,0,0
2601,PlayerServeToss,Toss,1,-0.0117,48,1.8,0.455,-13.75,2.5644,2.4671,-12.1189,0,Serve prepare 0.61,0,9,LowPickup,104.876,133.1876,2.082,0.8281,-12.9678,0.0824,1,1,Ready,0,9,9.6105,-1.1401,0.2605,0,Perfect,,2.35,-12.35,-1.95,11.2,0,0,0,0.8156,0,0
2602,PlayerServeToss,Toss,1,-0.0117,48,1.8,0.455,-13.75,2.5606,2.529,-12.12,0,Serve prepare 0.62,0,9,LowPickup,104.8228,133.5778,2.0752,0.8354,-12.9649,0.034,1,1,Ready,0,9,7.9015,-2.1862,0.2274,0,Perfect,,2.35,-12.35,-1.95,11.2,0,0,0,0.6065,0,0
2603,PlayerServeToss,Toss,1,-0.0117,48,1.8,0.455,-13.75,2.5588,2.5589,-12.1206,0,Serve prepare 0.63,0,9,LowPickup,104.719,134.0586,2.0645,0.8484,-12.9599,0.0589,1,1,Ready,0,9,6.278,-3.1215,0.1961,0,Perfect,,2.35,-12.35,-1.95,11.2,0,0,0,0.6218,0,0
2604,PlayerServeToss,Toss,1,-0.0117,48,1.8,0.455,-13.75,2.5551,2.6167,-12.1217,0,Serve prepare 0.64,0,9,LowPickup,104.6855,134.4453,2.0578,0.855,-12.9565,0.0302,1,1,Ready,0,9,5.0411,-3.86,0.1165,0,Perfect,,2.35,-12.35,-1.95,11.2,0,0,0,0.415,0,0
2605,PlayerServeToss,Toss,1,-0.0117,48,1.8,0.455,-13.75,2.5532,2.6445,-12.1223,0,Serve prepare 0.66,0,9,LowPickup,104.6399,134.8927,2.0473,0.8667,-12.9506,0.0625,1,1,Ready,0,9,4.2034,-4.3172,0.1373,0,Perfect,,2.35,-12.35,-1.95,11.2,0,0,0,0.4388,0,0
2606,PlayerServeToss,Toss,1,-0.0117,48,1.8,0.455,-13.75,2.5495,2.6982,-12.1235,0,Serve prepare 0.67,0,9,LowPickup,104.5914,135.2337,2.0411,0.8726,-12.9468,0.0363,1,1,Ready,0,9,3.9391,-4.3656,0.2235,0,Perfect,,2.35,-12.35,-1.95,11.2,0,0,0,0.2934,0,0
2607,PlayerServeToss,Toss,1,-0.0117,48,1.8,0.455,-13.75,2.5476,2.724,-12.124,0,Serve prepare 0.68,0,9,LowPickup,104.5127,135.6596,2.031,0.883,-12.9402,0.0864,1,1,Ready,0,9,4.0327,-4.0903,0.2771,0,Perfect,,2.35,-12.35,-1.95,11.2,0,0,0,0.3976,0,0
2608,PlayerServeToss,Toss,1,-0.0117,48,1.8,0.455,-13.75,2.5439,2.7736,-12.1252,0,Serve prepare 0.69,0,9,LowPickup,104.467,135.9746,2.0252,0.8882,-12.9363,0.0487,1,1,Ready,0,9,4.3947,-3.4426,0.3462,0,Perfect,,2.35,-12.35,-1.95,11.2,0,0,0,0.2987,0,0
2609,PlayerServeToss,Toss,1,-0.0117,48,1.8,0.455,-13.75,2.542,2.7974,-12.1257,0,Serve prepare 0.71,0,9,LowPickup,104.2856,136.4185,2.016,0.898,-12.9288,0.1064,1,1,Ready,0,9,4.8716,-2.5884,0.2647,0,Perfect,,2.35,-12.35,-1.95,11.2,0,0,0,0.4731,0,0
2610,PlayerServeToss,Toss,1,-0.0117,48,1.8,0.455,-13.75,2.5383,2.8429,-12.1269,0,Serve prepare 0.71,0,9,LowPickup,104.1978,136.7517,2.0108,0.9032,-12.9242,0.0527,1,1,Ready,0,9,5.2882,-1.612,0.1641,0,Perfect,,2.35,-12.35,-1.95,11.2,0,0,0,0.4112,0,0
2611,PlayerServeToss,Toss,1,-0.0117,48,1.8,0.455,-13.75,2.5364,2.8646,-12.1274,0,Serve prepare 0.73,0,9,LowPickup,103.9322,137.2511,2.0025,0.9131,-12.9156,0.0988,1,1,Ready,0,9,5.677,-0.5925,0,0,Perfect,,2.35,-12.35,-1.95,11.2,0,0,0,0.6989,0,0
2612,PlayerServeToss,Toss,1,-0.0117,48,1.8,0.455,-13.75,2.5327,2.9061,-12.1286,0,Serve prepare 0.74,0,9,LowPickup,103.7923,137.653,1.9974,0.918,-12.9101,0.0534,1,1,Ready,0,9,6.0133,0.3688,0,0,Perfect,,2.35,-12.35,-1.95,11.2,0,0,0,0.6691,0,0
2613,PlayerServeToss,Toss,1,-0.0117,48,1.8,0.455,-13.75,2.5308,2.9257,-12.1291,0,Serve prepare 0.75,0,9,LowPickup,103.4453,138.2561,1.9893,0.9273,-12.9003,0.1052,1,1,Ready,0,9,6.2993,1.2553,0,0,Perfect,,2.35,-12.35,-1.95,11.2,0,0,0,0.9812,0,0
2614,PlayerServeToss,Toss,1,-0.0117,48,1.8,0.455,-13.75,2.5271,2.9631,-12.1303,0,Serve prepare 0.76,0,9,LowPickup,103.2352,138.7697,1.9837,0.9318,-12.8939,0.0493,1,1,Ready,0,9,6.529,2.0035,0,0,Perfect,,2.35,-12.35,-1.95,11.2,0,0,0,0.9379,0,0
2615,PlayerServeToss,Toss,1,-0.0117,48,1.8,0.455,-13.75,2.5252,2.9807,-12.1308,0,Serve prepare 0.78,0,9,LowPickup,102.786,139.5242,1.9756,0.9406,-12.8831,0.0919,1,1,Ready,0,9,6.7034,2.6205,0,0,Perfect,,2.35,-12.35,-1.95,11.2,0,0,0,1.2722,0,0
2616,PlayerServeToss,Toss,1,-0.0117,48,1.8,0.455,-13.75,2.5215,3.014,-12.132,0,Serve prepare 0.79,0,9,LowPickup,102.5074,140.1777,1.9697,0.9448,-12.8758,0.0481,1,1,Ready,0,9,6.8369,3.0907,0,0,Perfect,,2.35,-12.35,-1.95,11.2,0,0,0,1.183,0,0
2617,PlayerServeToss,Toss,1,-0.0117,48,1.8,0.455,-13.75,2.5196,3.0296,-12.1325,0,Serve prepare 0.80,0,9,LowPickup,101.9683,141.0882,1.9616,0.9529,-12.8639,0.0898,1,1,Ready,0,9,6.8772,3.4021,0,0,Perfect,,2.35,-12.35,-1.95,11.2,0,0,0,1.4783,0,0
2618,PlayerServeToss,Toss,1,-0.0117,48,1.8,0.455,-13.75,2.5159,3.0587,-12.1337,0,Serve prepare 0.81,0,9,LowPickup,101.6532,141.8602,1.9553,0.9566,-12.8555,0.0495,1,1,Ready,0,9,6.7225,3.5216,0.4368,0,Perfect,,2.35,-12.35,-1.95,11.2,0,0,0,1.3014,0,0
2619,PlayerServeToss,Toss,1,-0.0117,48,1.8,0.455,-13.75,2.514,3.0723,-12.1342,0,Serve prepare 0.83,0,9,LowPickup,100.9485,142.8922,1.9471,0.9641,-12.8422,0.1043,1,1,Ready,0,9,6.553,3.5294,0.1855,0,Perfect,,2.35,-12.35,-1.95,11.2,0,0,0,1.6173,0,0
2620,PlayerServeToss,Toss,1,-0.0117,48,1.8,0.455,-13.75,2.5103,3.0974,-12.1354,0,Serve prepare 0.84,0,9,LowPickup,100.6074,143.746,1.9404,0.9673,-12.8326,0.0472,1,1,Ready,0,9,6.528,3.436,0.568,0,Perfect,,2.35,-12.35,-1.95,11.2,0,0,0,1.3365,0,0
2621,PlayerServeToss,Toss,1,-0.0117,48,1.8,0.455,-13.75,2.5084,3.1089,-12.136,0,Serve prepare 0.85,0,9,LowPickup,99.8466,144.8446,1.9322,0.9742,-12.8181,0.099,1,1,Ready,0,9,6.5676,3.3677,0.7252,0,Perfect,,2.35,-12.35,-1.95,11.2,0,0,0,1.5752,0,0
2622,PlayerServeToss,Toss,1,-0.0117,48,1.8,0.455,-13.75,2.5047,3.1299,-12.1371,0,Serve prepare 0.86,0,9,LowPickup,99.4689,145.7493,1.9257,0.9769,-12.8079,0.0472,1,1,Ready,0,9,6.6351,3.4713,0.6202,0,Perfect,,2.35,-12.35,-1.95,11.2,0,0,0,1.258,0,0
2623,PlayerServeToss,Toss,1,-0.0117,48,1.8,0.455,-13.75,2.5028,3.1393,-12.1377,0,Serve prepare 0.88,0,9,LowPickup,98.7185,146.845,1.9179,0.983,-12.7926,0.0964,1,1,Ready,0,9,6.7696,3.7241,0.4786,0,Perfect,,2.35,-12.35,-1.95,11.2,0,0,0,1.4188,0,0
2624,PlayerServeToss,Toss,1,-0.0117,48,1.8,0.455,-13.75,2.4991,3.1562,-12.1388,0,Serve prepare 0.88,0,9,LowPickup,98.3194,147.7299,1.9118,0.985,-12.782,0.0512,1,1,Ready,0,9,6.9816,4.1586,0.3455,0,Perfect,,2.35,-12.35,-1.95,11.2,0,0,0,1.0814,0,0
2625,PlayerServeToss,Toss,1,-0.0117,48,1.8,0.455,-13.75,2.4972,3.1636,-12.1394,0,Serve prepare 0.90,0,9,LowPickup,97.5494,148.7591,1.9046,0.9899,-12.7663,0.1136,1,1,Ready,0,9,7.3072,4.7782,0.2542,0,Perfect,,2.35,-12.35,-1.95,11.2,0,0,0,1.2322,0,0
2626,PlayerServeToss,Toss,1,-0.0117,48,1.8,0.455,-13.75,2.4935,3.1764,-12.1405,0,Serve prepare 0.91,0,9,LowPickup,97.1361,149.5919,1.899,0.9913,-12.7556,0.062,1,1,Ready,0,9,7.7419,5.6147,0.1007,0,Perfect,,2.35,-12.35,-1.95,11.2,0,0,0,0.9194,0,0
2627,PlayerServeToss,Toss,1,-0.0117,48,1.8,0.455,-13.75,2.4916,3.1818,-12.1411,0,Serve prepare 0.92,0,9,LowPickup,96.3186,150.5378,1.8926,0.9952,-12.7398,0.1229,1,1,Ready,0,9,8.4159,6.5932,0.1811,0,Perfect,,2.35,-12.35,-1.95,11.2,0,0,0,1.0785,0,0
2628,PlayerServeToss,Toss,1,-0.0117,48,1.8,0.455,-13.75,2.4879,3.1905,-12.1422,0,Serve prepare 0.93,0,9,LowPickup,95.8769,151.3048,1.8879,0.9962,-12.7294,0.0623,1,1,Ready,0,9,9.5312,7.6394,0.1004,0,Perfect,,2.35,-12.35,-1.95,11.2,0,0,0,0.8252,0,0
2629,PlayerServeToss,Toss,1,-0.0117,48,1.8,0.455,-13.75,2.486,3.1939,-12.1428,0,Serve prepare 0.95,0,9,LowPickup,94.999,152.1373,1.8828,0.9991,-12.7138,0.1135,1,1,Ready,0,9,10.8204,8.6945,0.2503,0,Perfect,,2.35,-12.35,-1.95,11.2,0,0,0,0.9643,0,0
2630,PlayerServeToss,Toss,1,-0.0117,48,1.8,0.455,-13.75,2.4823,3.1985,-12.1439,0,Serve prepare 0.96,0,9,LowPickup,94.5319,152.8239,1.8789,0.9997,-12.7035,0.0561,1,1,Ready,0,9,12.191,9.7388,0.4799,0,Perfect,,2.35,-12.35,-1.95,11.2,0,0,0,0.7402,0,0
2631,PlayerServeToss,Toss,1,-0.0117,48,1.8,0.455,-13.75,2.4804,3.1998,-12.1445,0,Serve prepare 0.97,0,9,LowPickup,93.5592,153.5601,1.8751,1.0018,-12.6881,0.1101,1,1,Ready,0,9,13.3731,10.6137,0.4798,0,Perfect,,2.35,-12.35,-1.95,11.2,0,0,0,0.9304,0,0
2632,PlayerServeToss,Toss,1,-0.0117,48,1.8,0.455,-13.75,2.4767,3.2004,-12.1456,0,Serve prepare 0.98,0,9,LowPickup,93.0748,154.1774,1.8721,1.0019,-12.6781,0.0528,1,1,Ready,0,9,14.089,11.224,0.602,0,Perfect,,2.35,-12.35,-1.95,11.2,0,0,0,0.722,0,0
2633,PlayerServeToss,Toss,1,-0.0117,48,1.8,0.455,-13.75,2.4748,3.1996,-12.1462,0,Serve prepare 1.00,0,9,LowPickup,92.0284,154.8258,1.8694,1.0031,-12.6629,0.1141,1,1,Ready,0,9,14.3623,11.4958,0.3723,0,Perfect,,2.35,-12.35,-1.95,11.2,0,0,0,0.9618,0,0
2634,PlayerServeToss,Toss,1,-0.0117,48,1.8,0.455,-13.75,2.4711,3.1961,-12.1473,0,Serve prepare 1.00,0,9,LowPickup,91.8183,155.3429,1.867,1.002,-12.6564,0.0223,1,1,Ready,0,9,14.0419,11.2973,0.2861,0,Perfect,,2.35,-12.35,-1.95,11.2,0,0,0,0.5128,0,0
2635,PlayerServeToss,Toss,1,-0.0117,48,1.8,0.455,-13.75,2.4692,3.1933,-12.1479,0,Serve prepare 1.00,0,9,LowPickup,91.8183,155.7613,1.865,1.0007,-12.6527,0,1,1,Ready,0,9,13.398,10.763,0.4211,0,Perfect,,2.35,-12.35,-1.95,11.2,0,0,0,0,0,0
2636,PlayerServeToss,Toss,1,-0.0117,48,1.8,0.455,-13.75,2.4655,3.1856,-12.149,0,Serve prepare 1.00,0,9,LowPickup,91.8183,156.0716,1.8635,0.9998,-12.65,0,1,1,Ready,0,9,12.5743,9.9085,0.3095,0,Perfect,,2.35,-12.35,-1.95,11.2,0,0,0,0.3334,0,0
2637,PlayerServeToss,Toss,1,-0.0117,48,1.8,0.455,-13.75,2.4636,3.1808,-12.1496,0,Serve prepare 1.00,0,9,LowPickup,91.8183,156.2693,1.8626,0.9991,-12.6482,0,1,1,Ready,0,9,11.7343,8.8714,0.4343,0,Perfect,,2.35,-12.35,-1.95,11.2,0,0,0,0.5801,0,0
2638,PlayerServeToss,Toss,1,-0.0117,48,1.8,0.455,-13.75,2.4599,3.1691,-12.1507,0,Serve prepare 1.00,0,9,LowPickup,91.8183,156.3628,1.8621,0.9987,-12.6474,0,1,1,Ready,0,9,11.0871,7.7249,0.4773,0,Perfect,,2.35,-12.35,-1.95,11.2,0,0,0,0.6989,0,0
2639,PlayerServeToss,Toss,1,-0.0117,48,1.8,0.455,-13.75,2.458,3.1622,-12.1513,0,Serve prepare 1.00,0,9,LowPickup,91.8183,156.3693,1.8621,0.9986,-12.6474,0,1,1,Ready,0,9,10.5734,6.5789,0.5296,0,Perfect,,2.35,-12.35,-1.95,11.2,0,0,0,0.7078,0,0
2640,PlayerServeToss,Toss,1,-0.0117,48,1.8,0.455,-13.75,2.4543,3.1464,-12.1524,0,Serve prepare 1.00,0,9,LowPickup,91.8183,156.3108,1.8624,0.9988,-12.6479,0,1,1,Ready,0,9,10.1797,5.5479,0.6965,0,Perfect,,2.35,-12.35,-1.95,11.2,0,0,0,0.6392,0,0
2641,PlayerServeToss,Toss,1,-0.0117,48,1.8,0.455,-13.75,2.4524,3.1375,-12.153,0,Serve prepare 1.00,0,9,LowPickup,91.8183,156.2104,1.8629,0.999,-12.6488,0,1,1,Ready,0,9,9.9809,4.7013,0.6612,0,Perfect,,2.35,-12.35,-1.95,11.2,0,0,0,0.5174,0,0
2642,PlayerServeToss,Toss,1,-0.0117,48,1.8,0.455,-13.75,2.4487,3.1176,-12.1541,0,Serve prepare 1.00,0,9,LowPickup,91.8183,156.0894,1.8634,0.9993,-12.6499,0,1,1,Ready,0,9,10.0526,4.1607,0.495,0,Perfect,,2.35,-12.35,-1.95,11.2,0,0,0,0.3669,0,0
2643,PlayerServeToss,Toss,1,-0.0117,48,1.8,0.455,-13.75,2.4468,3.1066,-12.1547,0,Serve prepare 1.00,0,9,LowPickup,91.8183,155.966,1.864,0.9997,-12.651,0,1,1,Ready,0,9,10.3566,3.8962,0.1737,0,Perfect,,2.35,-12.35,-1.95,11.2,0,0,0,0.2017,0,0
2644,PlayerServeToss,Toss,1,-0.0117,48,1.8,0.455,-13.75,2.4431,3.0826,-12.1558,0,Serve prepare 1.00,0,9,LowPickup,91.8183,155.8537,1.8646,1,-12.652,0,1,1,Ready,0,9,10.8702,3.9464,0.4349,0,Perfect,,2.35,-12.35,-1.95,11.2,0,0,0,0,0,0
2645,PlayerServeToss,Toss,1,-0.0117,48,1.8,0.455,-13.75,2.4412,3.0696,-12.1564,0,Serve prepare 1.00,0,9,LowPickup,91.8183,155.7616,1.865,1.0003,-12.6528,0,1,1,Ready,0,9,11.631,4.2501,0.7024,0,Perfect,,2.35,-12.35,-1.95,11.2,0,0,0,0,0,0
2646,PlayerServeToss,Toss,1,-0.0117,48,1.8,0.455,-13.75,2.4375,3.0416,-12.1575,0,Serve prepare 1.00,0,9,LowPickup,91.8183,155.6934,1.8653,1.0005,-12.6534,0,1,1,Ready,0,9,12.7348,4.7739,0.7775,0,Perfect,,2.35,-12.35,-1.95,11.2,0,0,0,0,0,0
2647,PlayerServeToss,Toss,1,-0.0117,48,1.8,0.455,-13.75,2.4356,3.0265,-12.1581,0,Serve prepare 1.00,0,9,LowPickup,91.8183,155.6508,1.8656,1.0007,-12.6538,0,1,1,Ready,0,9,13.9724,5.4326,0.7563,0,Perfect,,2.35,-12.35,-1.95,11.2,0,0,0,0,0,0
2648,PlayerServeToss,Toss,1,-0.0117,48,1.8,0.455,-13.75,2.4319,2.9944,-12.1593,0,Serve prepare 1.00,0,9,LowPickup,91.8183,155.6316,1.8656,1.0007,-12.6539,0,1,1,Ready,0,9,15.2283,6.1467,0.659,0,Perfect,,2.35,-12.35,-1.95,11.2,0,0,0,0,0,0
2649,PlayerServeToss,Toss,1,-0.0117,48,1.8,0.455,-13.75,2.43,2.9773,-12.1598,0,Serve prepare 1.00,0,9,LowPickup,91.8183,155.6318,1.8656,1.0008,-12.6539,0,1,1,Ready,0,9,16.3692,6.9108,0.5518,0,Perfect,,2.35,-12.35,-1.95,11.2,0,0,0,0,0,0
2650,PlayerServeToss,Toss,1,-0.0117,48,1.8,0.455,-13.75,2.4263,2.941,-12.161,0,Serve prepare 1.00,0,9,LowPickup,91.8183,155.6463,1.8656,1.0007,-12.6538,0,1,1,Ready,0,9,17.2331,7.7257,0.419,0,Perfect,,2.35,-12.35,-1.95,11.2,0,0,0,0,0,0
2651,PlayerServeToss,Toss,1,-0.0117,48,1.8,0.455,-13.75,2.4245,2.9219,-12.1615,0,Serve prepare 1.00,0,9,LowPickup,91.8183,155.6698,1.8655,1.0007,-12.6536,0,1,1,Ready,0,9,17.8414,8.5556,0.2807,0,Perfect,,2.35,-12.35,-1.95,11.2,0,0,0,0,0,0
2652,PlayerServeToss,Toss,1,-0.0117,48,1.8,0.455,-13.75,2.4207,2.8815,-12.1627,0,Serve prepare 1.00,0,9,LowPickup,91.8183,155.6977,1.8653,1.0006,-12.6534,0,1,1,Ready,0,9,18.1145,9.3719,0.0337,0,Perfect,,2.35,-12.35,-1.95,11.2,0,0,0,0,0,0
2653,PlayerServeToss,Toss,1,-0.0117,48,1.8,0.455,-13.75,2.4189,2.8603,-12.1632,0,Serve prepare 1.00,0,9,LowPickup,91.8183,155.7257,1.8652,1.0005,-12.6531,0,1,1,Ready,0,9,18.2035,10.1731,0.0759,0,Perfect,,2.35,-12.35,-1.95,11.2,0,0,0,0,0,0
2654,PlayerServeToss,Toss,1,-0.0117,48,1.8,0.455,-13.75,2.4151,2.8159,-12.1644,0,Serve prepare 1.00,0,9,LowPickup,91.8183,155.7509,1.8651,1.0004,-12.6529,0,1,1,Ready,0,9,18.1741,10.9239,0.0335,0,Perfect,,2.35,-12.35,-1.95,11.2,0,0,0,0,0,0
2655,PlayerServeToss,Toss,1,-0.0117,48,1.8,0.455,-13.75,2.4133,2.7927,-12.1649,0,Serve prepare 1.00,0,9,LowPickup,91.8183,155.7696,1.865,1.0004,-12.6527,0,1,1,Ready,0,9,18.1651,11.618,0.0488,0,Perfect,,2.35,-12.35,-1.95,11.2,0,0,0,0,0,0
2656,PlayerServeToss,Toss,1,-0.0117,48,1.8,0.455,-13.75,2.4095,2.7442,-12.1661,0,Serve prepare 1.00,1,0.1717,Serve,91.8183,155.783,1.8673,1.0086,-12.6511,0,1,1,Ready,0,9,18.3692,12.2018,0.0399,0,Perfect,,2.35,-12.35,-1.95,11.2,0,0,0,0,0,0
2657,PlayerServeToss,Toss,1,-0.0117,48,1.8,0.455,-13.75,2.4077,2.7189,-12.1666,0,Serve swing,1,0.1633,Serve,91.8183,155.7736,1.8693,1.0146,-12.6499,0.1182,1,1,Ready,0,9,18.6394,12.6786,0.0396,0,Perfect,,2.35,-12.35,-1.95,11.2,0,0,0,0,0,0
2658,PlayerServeToss,Toss,1,-0.0117,48,1.8,0.455,-13.75,2.4039,2.6663,-12.1678,0,Serve swing,1,0.1467,Serve,92.0235,155.9733,1.9059,1.0458,-12.5944,0.0178,1,1,Ready,0,9,18.9414,13.068,0.0174,0,Perfect,,2.35,-12.35,-1.95,11.2,0,0,0,0,0,0
2659,PlayerServeToss,Toss,1,-0.0117,48,1.8,0.455,-13.75,2.4021,2.639,-12.1683,0,Serve swing,1,0.1383,Serve,93.5417,157.4915,1.9478,1.0669,-12.5146,0.2062,1,1,Ready,0,9,19.1567,13.2997,0.0852,0,Perfect,,2.35,-12.35,-1.95,11.2,0,0,0,0,0,0
2660,PlayerServeToss,Toss,1,-0.0117,48,1.8,0.455,-13.75,2.3983,2.5823,-12.1695,0,Serve swing,1,0.1217,Serve,93.5805,159.5184,2.0666,1.1193,-12.3319,0.183,1,1,Ready,0,9,19.1721,13.3453,0.2354,0,Perfect,,2.35,-12.35,-1.95,11.2,0,0,0,0,0,0
2661,PlayerServeToss,Toss,1,-0.0117,48,1.8,0.455,-13.75,2.3965,2.553,-12.17,0,Serve swing,1,0.1133,Serve,93.527,164.1141,2.1115,1.1451,-12.253,1.0758,1,1,Ready,0,9,18.9766,13.198,0.1342,0,Perfect,,2.35,-12.35,-1.95,11.2,0,0,0,0,0,0
2662,PlayerServeToss,Toss,1,-0.0117,48,1.8,0.455,-13.75,2.3927,2.4922,-12.1712,0,Serve swing,1,0.0967,Serve,87.1453,166.0009,2.2058,1.19,-12.235,1.287,1,1,Ready,0,9,18.4819,12.8415,0.1481,0,Perfect,,2.35,-12.35,-1.95,11.2,0,0,0,0,0,0
2663,PlayerServeToss,Toss,1,-0.0117,48,1.8,0.455,-13.75,2.3909,2.4608,-12.1718,0,Serve swing,1,0.0883,Serve,83.1563,166.4348,2.2513,1.2131,-12.2636,4.8294,1,1,Ready,0,9,17.8223,12.3402,0.2525,0,Perfect,,2.35,-12.35,-1.95,11.2,0,0,0,0,0,0
2664,PlayerServeToss,Toss,1,-0.0117,48,1.8,0.455,-13.75,2.3871,2.3959,-12.1729,0,Serve swing,1,0.0717,Serve,72.0958,154.3649,2.2607,1.2769,-12.4508,5.4677,1,1,Ready,0,9,17.0527,11.7134,0.5304,0,Perfect,,2.35,-12.35,-1.95,11.2,0,0,0,0,0,0
2665,PlayerServeToss,Toss,1,-0.0117,48,1.8,0.455,-13.75,2.3853,2.3625,-12.1735,0,Serve swing,1,0.0633,Serve,66.5021,144.1247,2.2161,1.3329,-12.5545,13.3442,1,1,Ready,0,9,16.2914,11.0503,0.4936,0,Perfect,,2.35,-12.35,-1.95,11.2,0,0,0,0,0,0
2666,PlayerServeToss,Toss,1,-0.0117,48,1.8,0.455,-13.75,2.3815,2.2936,-12.1746,0,Serve swing,1,0.0467,Serve,47.7111,111.1165,2.374,1.6719,-12.3872,7.4063,1,1,Ready,0,9,15.6542,10.4018,0.2095,0,Perfect,,2.35,-12.35,-1.95,11.2,0,0,0,0,0,0
2667,PlayerServeToss,Toss,1,-0.0117,48,1.8,0.455,-13.75,2.3797,2.2581,-12.1752,0,Serve swing,1,0.0383,Serve,40.5354,98.6825,2.4408,1.8177,-12.1512,20.9086,1,1,Ready,0,9,15.164,9.833,0.1832,0,Perfect,,2.35,-12.35,-1.95,11.2,0,0,0,0,0,0
2668,PlayerServeToss,Toss,1,-0.0117,48,1.8,0.455,-13.75,2.3759,2.185,-12.1763,0,Serve swing,1,0.0217,Serve,31.4649,75.4348,2.61,1.8751,-12.0294,0,1,1,Ready,0,9,14.8895,9.4276,0.2325,0,Perfect,,2.35,-12.35,-1.95,11.2,0,0,0,0,0,0
2669,PlayerServeToss,Toss,1,-0.0117,48,1.8,0.455,-13.75,2.3741,2.1475,-12.1769,0,Serve swing,1,0.0133,Serve,30.217,63.648,2.7336,1.8835,-12.0484,0,1,1,Ready,0,9,14.792,9.144,0.2834,0,Perfect,,2.35,-12.35,-1.95,11.2,0,0,0,0,0,0
2670,Rally,None,1,-0.0117,53.5,1.2955,3.4926,-16.7513,2.3205,2.1301,-11.8518,1,Serve swing,1,-0.0033,Serve,19.7094,53.9665,2.5654,1.7434,-12.2995,0,1,1,Ready,0,9,14.8786,8.9845,0.3487,0.2417,Perfect,,2.35,-12.35,-1.91,11.2,5.5,0,0,0,0,0
2671,Rally,None,1,-0.0117,53.5327,1.2932,3.4937,-16.7511,2.2149,2.1397,-11.4396,1,Serve follow,1,-0.02,Serve,23.8461,46.2531,2.5116,1.7257,-12.304,0,1,1,Run,0,9,8.1728,3.0701,0.8515,0.1833,Perfect,,2.3481,-12.3491,-1.8299,11.2,0.0327,0,0,0,0,0
2672,Rally,None,1,-0.0117,53.5937,1.288,3.4929,-16.751,2.1094,2.1464,-11.0275,1,Serve follow,1,-0.0367,Serve,24.6,38.308,2.4916,1.7183,-12.2971,0,1,1,Run,0,9,-4.3697,-7.9457,1.4735,0.125,Perfect,,2.3438,-12.347,-1.7498,11.2,0.0611,0,0,0,0,0
2673,Rally,None,1,-0.0117,53.6795,1.29,3.4942,-16.7496,1.951,2.1511,-10.4093,1,Serve follow,1,-0.0617,Serve,25.3175,27.3151,2.5101,1.7015,-12.2864,0,1,1,Run,0,9,-16.4814,-19.1175,0,0.0667,Perfect,,2.3325,-12.3415,-1.6297,11.2,0.0857,0,0,0,0,0
2674,Rally,None,1,-0.0117,53.7867,1.2883,3.4947,-16.7479,1.8455,2.1507,-9.9972,1,Serve follow,1,-0.0783,Serve,28.3753,17.9498,2.5366,1.66,-12.2607,0,1,1,Run,0,9,-25.9802,-28.4789,5.6157,0.0083,Perfect,,2.3219,-12.3363,-1.5496,11.2,0.1072,0,0,0.3662,0,0
2675,Rally,None,1,-0.0117,53.9125,1.2853,3.4954,-16.745,1.6871,2.1446,-9.379,1,Serve follow,1,-0.1033,Serve,29.0353,9.7144,2.6115,1.6264,-12.2813,0,1,1,Run,0,9,-32.7895,-35.5187,0.4597,0,Perfect,,2.3013,-12.3262,-1.4295,11.2,0.1259,0,0,0.774,0,0
2676,Rally,None,1,-0.0117,54.0546,1.2816,3.496,-16.7415,1.5816,2.137,-8.9669,1,Serve follow,1,-0.12,Serve,27.2685,5.8199,2.5164,1.5091,-12.0956,0,1,1,Run,0,9,-37.5225,-40.4617,0.6737,0,Perfect,,2.2845,-12.318,-1.3494,11.2,0.1421,0,0,2.7361,0,0
2677,Rally,None,1,-0.0117,54.2108,1.2769,3.4965,-16.7372,1.476,2.1265,-8.5548,1,Serve follow,1,-0.1367,Serve,25.4025,1.3495,2.4556,1.4459,-12.0406,0,1,1,Run,0,9,-40.8074,-43.7717,0.2312,0,Perfect,,2.2652,-12.3085,-1.2693,11.2,0.1562,0,0,4.8773,0,0
2678,Rally,None,1,-0.0117,54.3792,1.2704,3.497,-16.7313,1.3177,2.1055,-7.9366,1,Serve follow,1,-0.1617,Serve,21.3125,-4.611,2.4639,1.3091,-11.9861,0,1,1,Run,0,9,-43.2727,-45.805,0.4325,0,Perfect,,2.2315,-12.292,-1.1492,11.2,0.1684,0,0,6.2229,0,0
2679,Rally,None,1,-0.0117,54.5583,1.2629,3.4974,-16.7245,1.2121,2.0879,-7.5245,1,Serve follow,1,-0.1783,Serve,18.5079,-5.9635,2.4973,1.213,-11.9664,0,1,1,Run,0,9,-45.3045,-46.8699,0.8506,0,Perfect,,2.2059,-12.2795,-1.0691,11.2,0.1791,0,0,11.5904,0,0
2680,Rally,None,1,-0.0117,54.7466,1.2534,3.4977,-16.7159,1.0537,2.0561,-6.9063,1,Serve follow,1,-0.2033,Serve,16.5434,-8.6546,2.5333,1.0721,-11.9962,0,1,1,Run,0,9,-46.9999,-47.289,3.287,0,Perfect,,2.1629,-12.2584,-0.949,11.2,0.1884,0,0,11.2543,0,0
2681,Rally,None,1,-0.0117,54.9104,1.2427,3.498,-16.7063,0.9482,2.0313,-6.4942,1,Serve follow,1,-0.22,Serve,15.9453,-9.7215,2.5562,1.0079,-12.0186,0,1,1,Run,0,9,-48.589,-47.1818,6.9395,0,Perfect,,2.1311,-12.2429,-1.029,11.2,0.1637,0,0,10.4938,0,0
2682,Rally,None,1,-0.0117,55.0527,1.231,3.4983,-16.6959,0.8426,2.0037,-6.0821,1,Serve follow,1,-0.2367,Serve,16.2627,-7.5718,2.5671,0.9649,-12.051,0,1,1,Run,0,9,-40.001,-37.1747,13.6635,0,Perfect,,2.0968,-12.2261,-1.1091,11.2,0.1424,0,0,10.2763,0,0
2683,Rally,None,1,-0.0117,55.1765,1.2168,3.4985,-16.6832,0.6843,1.9569,-5.4639,1,Serve follow,1,-0.2617,Serve,15.7451,-5.3929,2.5505,0.9405,-12.0998,0,1,1,Run,0,9,-20.668,-17.8414,13.5152,0,Perfect,,2.0406,-12.1986,-1.2293,11.2,0.1238,0,0,9.0072,0,0
2684,Rally,None,1,-0.0117,55.2841,1.2016,3.4987,-16.6695,0.5787,1.9221,-5.0518,1,Serve follow,1,-0.2783,Serve,15.8903,-2.0547,2.5352,0.9381,-12.115,0,1,1,Run,0,9,-0.0598,1.6838,17.5089,0,Perfect,,2.0001,-12.1788,-1.3093,11.2,0.1076,0,0,7.5954,0,0
2685,Rally,None,1,-0.0117,55.3776,1.1836,3.4989,-16.6535,0.4204,1.8646,-4.4336,1,Serve follow,0,9,Serve,16.732,-1.6687,2.4806,0.9324,-12.0667,0,1,1,Run,0,9,16.9924,17.2759,0,0,Perfect,,1.9346,-12.1467,-1.4295,11.2,0.0935,0,0,7.5954,0,0
2686,Rally,None,1,-0.0117,55.4589,1.1646,3.499,-16.6365,0.3148,1.8226,-4.0215,1,Run,0,9,Serve,18.4829,6.355,2.4345,0.995,-12.0896,2.3788,0.9555,0.8333,Backhand prepare 0.08,0,9,27.9537,29.2154,0,0,Perfect,,1.8878,-12.1238,-1.5095,11.2,0.0813,0,1.1806,6.5676,0,0
2687,Rally,None,1,-0.0117,55.5296,1.1446,3.4991,-16.6187,0.2092,1.7778,-3.6094,1,Run,0,9,Serve,17.0278,6.1995,2.378,0.996,-12.0454,1.2211,0.856,0.6667,Backhand prepare 0.17,0,9,32.5143,36.2461,0,0,Perfect,,1.8385,-12.0997,-1.5896,11.2,0.0707,0,2.3611,2.7712,0,0
2688,Rally,None,1,-0.0117,55.5911,1.1215,3.4993,-16.5981,0.0509,1.7053,-2.9912,1,Run,0,9,Serve,14.3148,4.6132,2.2847,0.9917,-11.9791,0.8866,0.7361,0.5,Backhand prepare 0.24,0,9,33.0098,38.4695,0,0,Perfect,,1.7599,-12.0612,-1.7098,11.2,0.0615,0,3.536,2.5968,0,0
2689,Rally,None,1,-0.0117,55.6445,1.0975,3.4994,-16.5767,-0.0547,1.6533,-2.5791,1,Run,0,9,Serve,10.2782,1.4457,2.2044,0.9768,-11.9116,2.3743,0.6155,0.3333,Backhand prepare 0.30,0,9,32.4277,37.9467,0,0,Perfect,,1.7044,-12.0341,-1.7898,11.2,0.0534,0,4.7222,2.3253,0,0
2690,Rally,None,1,-0.0117,55.6909,1.0702,3.4994,-16.5524,-0.213,1.57,-1.9609,1,Run,0,9,Serve,5.1253,-2.9864,2.0803,0.9523,-11.8207,14.5858,0.5041,0.1667,Backhand prepare 0.33,0,9,30.4416,36.0314,0,0,Perfect,,1.6165,-11.991,-1.91,11.2,0.0464,0,5.9028,1.9874,0,0
2691,Rally,None,1,-0.0117,55.7313,1.0421,3.4995,-16.5274,-0.3186,1.5109,-1.5488,1,Run,0,9,Serve,-0.7279,-7.9986,1.973,0.9219,-11.7399,0.9483,0.4064,0,Backhand prepare 0.39,0,9,27.3166,32.4958,3.0005,0,Perfect,,1.5547,-11.9608,-1.99,11.2,0.0404,0,7.0833,1.5991,0,0
2692,Rally,None,1,-0.0117,55.7664,1.0132,3.4996,-16.5016,-0.4241,1.449,-1.1367,1,Run,0,9,Serve,-6.7906,-12.8736,1.8583,0.8898,-11.6589,2.7602,0.3236,0,Backhand prepare 0.43,0,9,26.7029,30.2277,0.9779,0,Perfect,,1.4918,-11.93,-2.0701,11.2,0.0351,0,8.2639,1.1862,0,0
2693,Rally,None,1,-0.0117,55.7969,0.9812,3.4996,-16.4732,-0.5825,1.3507,-0.5185,1,Run,0,9,Serve,-12.7096,-18.1825,1.7067,0.8562,-11.5664,10.5639,0.2551,0,Backhand prepare 0.46,0,9,27.7178,28.8749,0.327,0,Perfect,,1.3975,-11.8839,-2.1903,11.2,0.0305,0,7.3287,0.8208,0,0
2694,Rally,None,1,-0.0117,55.8235,0.9489,3.4997,-16.4444,-0.688,1.2815,-0.1064,1,Run,0,9,Serve,-18.1181,-22.5541,1.5837,0.828,-11.4939,1.6481,0.1995,0,Backhand prepare 0.52,0,9,26.3625,26.6371,0.9065,0,Perfect,,1.3346,-11.8531,-2.2703,11.2,0.0265,0,5.776,0.6632,0,0
2695,Rally,None,1,-0.0117,55.7797,0.9141,3.4997,-16.4134,-0.8464,1.1725,0.5118,1,Run,0,9,Serve,-22.8005,-25.5452,1.4327,0.804,-11.4113,1.0525,0.1549,0,Backhand prepare 0.56,0,9,23.5082,24.1994,1.1808,0,Perfect,,1.2403,-11.807,-2.3905,11.2,-0.0438,0,4.5522,0.8119,0,0
2696,Rally,None,1,-0.0117,55.6877,0.8793,3.4998,-16.3824,-0.9519,1.0962,0.9239,1,Run,0,9,Serve,-26.6381,-27.5011,1.3217,0.8073,-11.3517,10.9639,0.1195,0,Backhand prepare 0.61,0,9,21.1711,19.9379,9.33,0,Perfect,,1.1775,-11.7762,-2.4705,11.2,-0.0919,0,3.5877,1.0231,0,0
2697,Rally,None,1,-0.0117,55.554,0.8445,3.4998,-16.3515,-1.0575,1.0171,1.336,1,Run,0,9,Serve,-29.6767,-28.6982,1.221,0.8246,-11.2992,5.2647,0.0918,0,Backhand prepare 0.65,0,9,24.9354,18.1912,2.3923,0,Perfect,,1.1146,-11.7454,-2.5506,11.2,-0.1337,0,2.8276,1.1459,0,0
2698,Rally,None,1,-0.0117,55.357,0.8075,3.4998,-16.3185,-1.2159,0.893,1.9542,1,Run,0,9,Serve,-32.002,-29.3037,1.1,0.8423,-11.232,6.2514,0.0702,0,Backhand prepare 0.69,0,9,30.5045,16.7357,6.0376,0,Perfect,,1.0203,-11.6993,-2.5813,11.2,-0.197,0,2.2285,1.1599,0,0
2699,Rally,None,1,-0.0117,55.1318,0.7708,3.4998,-16.2858,-1.3214,0.8068,2.3663,1,Run,0,9,Serve,-33.5631,-29.5889,1.0207,0.858,-11.1881,5.7621,0.0534,0,Backhand prepare 0.74,0,9,30.6015,11.4958,0.4648,0,Perfect,,0.9574,-11.6685,-2.5813,11.2,-0.2251,0,1.7563,1.0133,0,0
2700,Rally,None,1,-0.0117,54.8554,0.7321,3.4999,-16.2514,-1.4798,0.672,2.9845,1,Run,0,9,Serve,-34.4628,-29.7416,0.918,0.8678,-11.1372,1.981,0.0405,0,Backhand prepare 0.78,0,9,27.2802,4.0956,0.2774,0,Perfect,,0.8631,-11.6224,-2.5813,11.2,-0.2765,0,1.3842,0.7514,0,0
2701,Rally,None,1,-0.0117,54.5612,0.6939,3.4999,-16.2175,-1.5853,0.5785,3.3966,1,Run,0,9,Serve,-34.9156,-29.8391,0.8491,0.8659,-11.1092,2.9739,0.0307,0,Backhand prepare 0.83,0,9,32.8498,-4.0475,4.217,0,Perfect,,0.8002,-11.5916,-2.5813,11.2,-0.2942,0,1.0909,0.5103,0,0.0003
2702,Rally,None,1,-0.0117,54.2515,0.6563,3.4999,-16.1839,-1.6909,0.4822,3.8087,1,Run,0,9,Serve,-34.9329,-30.0269,0.7892,0.8506,-11.0923,1.3957,0.0231,0,Backhand prepare 0.87,0,9,36.8944,-14.6906,2.1138,0,Perfect,,0.7373,-11.5608,-2.5813,11.2,-0.3096,0,0.8598,0.4858,0,0.0001
2703,Rally,None,1,-0.0117,53.9016,0.6167,3.4999,-16.1488,-1.8492,0.3324,4.4269,1,Run,0,9,Serve,-34.5933,-30.3701,0.7028,0.8253,-11.0594,1.0657,0.0174,0,Backhand prepare 0.91,0,9,38.8915,-26.2157,1.1817,0,Perfect,,0.643,-11.5147,-2.5813,11.2,-0.3499,0,0.6776,0.7455,0,0
2704,Rally,None,1,-0.0117,53.5436,0.5778,3.4999,-16.1142,-1.9548,0.229,4.839,1,Run,0,9,Serve,-34.0985,-30.8225,0.6511,0.7923,-11.041,5.4759,0.0131,0,Backhand prepare 0.96,0,9,36.1444,-34.4423,1.46,0,Perfect,,0.5801,-11.4839,-2.5813,11.2,-0.358,0,0.5341,1.0121,0,0.0002
2705,Rally,None,1,-0.0117,53.1516,0.5374,3.4999,-16.0782,-2.1131,0.1,5.4572,1,Run,0,9,Serve,-33.4837,-31.3586,0.5711,0.7772,-11.0107,0,0.0098,0,Backhand prepare 1.00,0,9,29.3289,-40.7982,1.5327,0,Perfect,,0.4874,-11.4385,-2.5813,11.2,-0.392,0,0.4209,1.1914,0,0.0001
2706,Rally,None,1,-0.0117,52.7598,0.498,3.4999,-16.0431,-2.213,0.1654,5.8471,1,Run,0,9,Serve,-32.8944,-32.3336,0.5244,0.7683,-10.9962,0,0.0073,0,Backhand prepare 1.00,0,9,21.3288,-51.3233,4.8052,0,Perfect,,0.4286,-11.4097,-2.6614,11.2,-0.3917,0.0007,1.0753,1.2708,0,0.0001
2707,Rally,None,1,-0.0117,52.3993,0.4597,3.4999,-16.009,-2.3129,0.2281,6.2369,1,Run,0,9,Serve,-32.4724,-33.3038,0.4765,0.759,-10.9779,0,0.0055,0,Backhand prepare 1.00,1,0.1833,7.0884,-68.4467,32.7746,0,Perfect,,0.3723,-11.3822,-2.7415,11.2,-0.3605,0.0026,2.4365,1.1962,0,0
2708,Rally,None,1,-0.0117,52.0858,0.4206,3.5,-15.9743,-2.4627,0.3168,6.8217,1,Run,0,9,Serve,-32.1296,-34.0573,0.4003,0.7651,-10.944,0.1971,0.0041,0,Forehand swing,1,0.1594,-46.0757,-39.2831,9.4725,0,Perfect,,0.2925,-11.3432,-2.8616,11.2,-0.3134,0.0058,3.5093,0.9775,0,0
2709,Rally,None,1,-0.0117,51.8133,0.3831,3.5,-15.9409,-2.5625,0.3725,7.2116,1,Run,0,9,Serve,-31.91,-34.8426,0.3516,0.773,-10.9255,0.7273,0.003,0,Forehand swing,1,0.1434,-2.1877,-10.2495,1.7162,0,Perfect,,0.2425,-11.3187,-2.9417,11.2,-0.2725,0.0105,5.1493,0.6986,0,0
2710,Rally,Ultimate,0,-0.0117,51.5764,0.3454,3.5,-15.9074,-2.7123,0.4508,7.7964,1,Run,0,9,Serve,-31.7555,-35.3377,0.2834,0.7678,-10.8976,0.1691,0.0023,0,Forehand swing,1,0.1195,-19.9818,9.4895,2.1392,0,Perfect,,0.1721,-11.2842,-3.0618,11.2,-0.2369,0.016,5.6474,0.3965,0,0
2711,Rally,Ultimate,0,-0.0117,34,-3.4618,1.535,9.4009,-2.7123,0.4508,7.7964,1,Run,0,9,Serve,-31.8001,-35.7843,0.2815,0.7584,-10.8981,0.3006,0,0,Forehand swing,1,0.1195,-7.771,23.1983,2.0691,0,Perfect,,0.1721,-11.2842,-3.0618,11.2,-17.5764,0.0221,6.8344,0.1128,0,0
2712,Rally,Ultimate,0,-0.0117,34,-3.4618,1.535,9.4037,-2.7123,0.4508,7.7964,1,Run,0,9,Serve,-31.8001,-35.7843,0.2815,0.7584,-10.8981,0,0,0,Forehand swing,1,0.1195,-8.4316,21.1719,0,0,Perfect,,0.1721,-11.2842,-3.0618,11.2,0,0.0221,6.8344,0.1128,0,0
2713,Rally,Ultimate,0,-0.0117,34,-3.4618,1.535,9.4082,-2.7123,0.4508,7.7964,1,Run,0,9,Serve,-31.8001,-35.7843,0.2815,0.7584,-10.8981,0,0,0,Forehand swing,1,0.1195,-9.0961,19.1442,0,0,Perfect,,0.1721,-11.2842,-3.0618,11.2,0,0.0221,6.8344,0.1128,0,0
2714,Rally,Ultimate,0,-0.0117,34,-3.4618,1.535,9.4142,-2.7123,0.4508,7.7964,1,Run,0,9,Serve,-31.8001,-35.7843,0.2815,0.7584,-10.8981,0,0,0,Forehand swing,1,0.1195,-9.7621,17.1194,0,0,Perfect,,0.1721,-11.2842,-3.0618,11.2,0,0.0221,6.8344,0.1128,0,0
2715,Rally,Ultimate,0,-0.0117,34,-3.4618,1.535,9.4217,-2.7123,0.4508,7.7964,1,Run,0,9,Serve,-31.8001,-35.7843,0.2815,0.7584,-10.8981,0,0,0,Forehand swing,1,0.1195,-10.4285,15.0989,0,0,Perfect,,0.1721,-11.2842,-3.0618,11.2,0,0.0221,6.8344,0.1128,0,0
2716,Rally,Ultimate,0,-0.0117,34,-3.4618,1.535,9.4305,-2.7123,0.4508,7.7964,1,Run,0,9,Serve,-31.8001,-35.7843,0.2815,0.7584,-10.8981,0,0,0,Forehand swing,1,0.1195,-11.095,13.0834,0,0,Perfect,,0.1721,-11.2842,-3.0618,11.2,0,0.0221,6.8344,0.1128,0,0
2717,Rally,Ultimate,0,-0.0117,34,-3.4618,1.535,9.4406,-2.7123,0.4508,7.7964,1,Run,0,9,Serve,-31.8001,-35.7843,0.2815,0.7584,-10.8981,0,0,0,Forehand swing,1,0.1195,-11.7617,11.0732,0,0,Perfect,,0.1721,-11.2842,-3.0618,11.2,0,0.0221,6.8344,0.1128,0,0
2718,Rally,Ultimate,0,-0.0117,34,-3.4618,1.535,9.4517,-2.7123,0.4508,7.7964,1,Run,0,9,Serve,-31.8001,-35.7843,0.2815,0.7584,-10.8981,0,0,0,Forehand swing,1,0.1195,-12.4283,9.068,0,0,Perfect,,0.1721,-11.2842,-3.0618,11.2,0,0.0221,6.8344,0.1128,0,0
2719,Rally,Ultimate,0,-0.0117,34,-3.4618,1.535,9.4639,-2.7123,0.4508,7.7964,1,Run,0,9,Serve,-31.8001,-35.7843,0.2815,0.7584,-10.8981,0,0,0,Forehand swing,1,0.1195,-13.095,7.0676,0,0,Perfect,,0.1721,-11.2842,-3.0618,11.2,0,0.0221,6.8344,0.1128,0,0
2720,Rally,Ultimate,0,-0.0117,34,-3.4618,1.535,9.4769,-2.7123,0.4508,7.7964,1,Run,0,9,Serve,-31.8001,-35.7843,0.2815,0.7584,-10.8981,0,0,0,Forehand swing,1,0.1195,-13.7616,5.0713,0,0,Perfect,,0.1721,-11.2842,-3.0618,11.2,0,0.0221,6.8344,0.1128,0,0
2721,Rally,Ultimate,0,-0.0117,34,-3.4618,1.535,9.4907,-2.7123,0.4508,7.7964,1,Run,0,9,Serve,-31.8001,-35.7843,0.2815,0.7584,-10.8981,0,0,0,Forehand swing,1,0.1195,-14.4283,3.078,0,0,Perfect,,0.1721,-11.2842,-3.0618,11.2,0,0.0221,6.8344,0.1128,0,0
2722,Rally,Ultimate,0,-0.0117,34,-3.4618,1.535,9.5052,-2.7123,0.4508,7.7964,1,Run,0,9,Serve,-31.8001,-35.7843,0.2815,0.7584,-10.8981,0,0,0,Forehand swing,1,0.1195,-15.095,1.0868,0,0,Perfect,,0.1721,-11.2842,-3.0618,11.2,0,0.0221,6.8344,0.1128,0,0
2723,Rally,Ultimate,0,-0.0117,34,-3.4618,1.535,9.5202,-2.7123,0.4508,7.7964,1,Run,0,9,Serve,-31.8001,-35.7843,0.2815,0.7584,-10.8981,0,0,0,Forehand swing,1,0.1195,-15.7616,-0.9033,0,0,Perfect,,0.1721,-11.2842,-3.0618,11.2,0,0.0221,6.8344,0.1128,0,0
2724,Rally,Ultimate,0,-0.0117,34,-3.4618,1.535,9.5355,-2.7123,0.4508,7.7964,1,Run,0,9,Serve,-31.8001,-35.7843,0.2815,0.7584,-10.8981,0,0,0,Forehand swing,1,0.1195,-16.4283,-2.8934,0,0,Perfect,,0.1721,-11.2842,-3.0618,11.2,0,0.0221,6.8344,0.1128,0,0
2725,Rally,Ultimate,0,-0.0117,34,-3.4618,1.535,9.5512,-2.7123,0.4508,7.7964,1,Run,0,9,Serve,-31.8001,-35.7843,0.2815,0.7584,-10.8981,0,0,0,Forehand swing,1,0.1195,-17.095,-4.884,0,0,Perfect,,0.1721,-11.2842,-3.0618,11.2,0,0.0221,6.8344,0.1128,0,0
2726,Rally,Ultimate,0,-0.0117,34,-3.4618,1.535,9.567,-2.7123,0.4508,7.7964,1,Run,0,9,Serve,-31.8001,-35.7843,0.2815,0.7584,-10.8981,0,0,0,Forehand swing,1,0.1195,-17.7616,-6.8758,0,0,Perfect,,0.1721,-11.2842,-3.0618,11.2,0,0.0221,6.8344,0.1128,0,0
2727,Rally,Ultimate,0,-0.0117,34,-3.4618,1.535,9.583,-2.7123,0.4508,7.7964,1,Run,0,9,Serve,-31.8001,-35.7843,0.2815,0.7584,-10.8981,0,0,0,Forehand swing,1,0.1195,-18.4283,-8.8695,0,0,Perfect,,0.1721,-11.2842,-3.0618,11.2,0,0.0221,6.8344,0.1128,0,0
2728,Rally,Ultimate,0,-0.0117,34,-3.4618,1.535,9.5988,-2.7123,0.4508,7.7964,1,Run,0,9,Serve,-31.8001,-35.7843,0.2815,0.7584,-10.8981,0,0,0,Forehand swing,1,0.1195,-19.095,-10.8651,0,0,Perfect,,0.1721,-11.2842,-3.0618,11.2,0,0.0221,6.8344,0.1128,0,0
2729,Rally,Ultimate,0,-0.0117,34,-3.4618,1.535,9.6145,-2.7123,0.4508,7.7964,1,Run,0,9,Serve,-31.8001,-35.7843,0.2815,0.7584,-10.8981,0,0,0,Forehand swing,1,0.1195,-19.7616,-12.8613,0,0,Perfect,,0.1721,-11.2842,-3.0618,11.2,0,0.0221,6.8344,0.1128,0,0
2730,Rally,Ultimate,0,-0.0117,34,-3.4618,1.535,9.6298,-2.7123,0.4508,7.7964,1,Run,0,9,Serve,-31.8001,-35.7843,0.2815,0.7584,-10.8981,0,0,0,Forehand swing,1,0.1195,-20.4283,-14.8576,0,0,Perfect,,0.1721,-11.2842,-3.0618,11.2,0,0.0221,6.8344,0.1128,0,0
2731,Rally,Ultimate,0,-0.0117,34,-3.4618,1.535,9.6448,-2.7123,0.4508,7.7964,1,Run,0,9,Serve,-31.8001,-35.7843,0.2815,0.7584,-10.8981,0,0,0,Forehand swing,1,0.1195,-21.095,-16.855,0,0,Perfect,,0.1721,-11.2842,-3.0618,11.2,0,0.0221,6.8344,0.1128,0,0
2732,Rally,Ultimate,0,-0.0117,34,-3.4618,1.535,9.6593,-2.7123,0.4508,7.7964,1,Run,0,9,Serve,-31.8001,-35.7843,0.2815,0.7584,-10.8981,0,0,0,Forehand swing,1,0.1195,-21.095,-16.8547,0,0,Perfect,,0.1721,-11.2842,-3.0618,11.2,0,0.0221,6.8344,0.1128,0,0
2733,Rally,Ultimate,0,-0.0117,34,-3.4618,1.535,9.6731,-2.7123,0.4508,7.7964,1,Run,0,9,Serve,-31.8001,-35.7843,0.2815,0.7584,-10.8981,0,0,0,Forehand swing,1,0.1195,-21.095,-16.8541,0,0,Perfect,,0.1721,-11.2842,-3.0618,11.2,0,0.0221,6.8344,0.1128,0,0
2734,Rally,Ultimate,0,-0.0117,34,-3.4618,1.535,9.6861,-2.7123,0.4508,7.7964,1,Run,0,9,Serve,-31.8001,-35.7843,0.2815,0.7584,-10.8981,0,0,0,Forehand swing,1,0.1195,-21.095,-16.8531,0,0,Perfect,,0.1721,-11.2842,-3.0618,11.2,0,0.0221,6.8344,0.1128,0,0
2735,Rally,Ultimate,0,-0.0117,34,-3.4618,1.535,9.6983,-2.7123,0.4508,7.7964,1,Run,0,9,Serve,-31.8001,-35.7843,0.2815,0.7584,-10.8981,0,0,0,Forehand swing,1,0.1195,-21.095,-16.852,0,0,Perfect,,0.1721,-11.2842,-3.0618,11.2,0,0.0221,6.8344,0.1128,0,0
2736,Rally,Ultimate,0,-0.0117,34,-3.4618,1.535,9.7094,-2.7123,0.4508,7.7964,1,Run,0,9,Serve,-31.8001,-35.7843,0.2815,0.7584,-10.8981,0,0,0,Forehand swing,1,0.1195,-21.095,-16.8508,0,0,Perfect,,0.1721,-11.2842,-3.0618,11.2,0,0.0221,6.8344,0.1128,0,0
2737,Rally,Ultimate,0,-0.0117,34,-3.4618,1.535,9.7195,-2.7123,0.4508,7.7964,1,Run,0,9,Serve,-31.8001,-35.7843,0.2815,0.7584,-10.8981,0,0,0,Forehand swing,1,0.1195,-21.095,-16.8498,0,0,Perfect,,0.1721,-11.2842,-3.0618,11.2,0,0.0221,6.8344,0.1128,0,0
2738,Rally,Ultimate,0,-0.0117,34,-3.4618,1.535,9.7283,-2.7123,0.4508,7.7964,1,Run,0,9,Serve,-31.8001,-35.7843,0.2815,0.7584,-10.8981,0,0,0,Forehand swing,1,0.1195,-21.095,-16.8488,0,0,Perfect,,0.1721,-11.2842,-3.0618,11.2,0,0.0221,6.8344,0.1128,0,0
2739,Rally,Ultimate,0,-0.0117,34,-3.4618,1.535,9.7358,-2.7123,0.4508,7.7964,1,Run,0,9,Serve,-31.8001,-35.7843,0.2815,0.7584,-10.8981,0,0,0,Forehand swing,1,0.1195,-21.095,-16.8481,0,0,Perfect,,0.1721,-11.2842,-3.0618,11.2,0,0.0221,6.8344,0.1128,0,0
2740,Rally,Ultimate,0,-0.0117,34,-3.4618,1.535,9.7418,-2.7123,0.4508,7.7964,1,Run,0,9,Serve,-31.8001,-35.7843,0.2815,0.7584,-10.8981,0,0,0,Forehand swing,1,0.1195,-21.095,-16.8477,0,0,Perfect,,0.1721,-11.2842,-3.0618,11.2,0,0.0221,6.8344,0.1128,0,0
2741,Rally,Ultimate,0,-0.0117,34,-3.4618,1.535,9.7463,-2.7123,0.4508,7.7964,1,Run,0,9,Serve,-31.8001,-35.7843,0.2815,0.7584,-10.8981,0,0,0,Forehand swing,1,0.1195,-21.095,-16.8477,0,0,Perfect,,0.1721,-11.2842,-3.0618,11.2,0,0.0221,6.8344,0.1128,0,0
2742,Rally,Ultimate,0,-0.0117,34,-3.4618,1.535,9.7491,-2.7123,0.4508,7.7964,1,Run,0,9,Serve,-31.8001,-35.7843,0.2815,0.7584,-10.8981,0,0,0,Forehand swing,1,0.1195,-21.095,-16.8478,0,0,Perfect,,0.1721,-11.2842,-3.0618,11.2,0,0.0221,6.8344,0.1128,0,0
2743,Rally,Ultimate,0,-0.0117,43,-4.8618,0.835,8.9,-2.7123,0.4508,7.7964,1,Run,0,9,Serve,-31.8001,-35.7843,0.2815,0.7584,-10.8981,0,0,0,Forehand swing,1,0.1195,-21.095,-16.8484,0,0,Perfect,,0.1721,-11.2842,-3.0618,11.2,9,0.0221,6.8344,0.1128,0,0
2744,Rally,Ultimate,0,-0.0117,43,-4.841,0.835,8.9,-2.7123,0.4508,7.7964,1,Run,0,9,Serve,-31.8001,-35.7843,0.2815,0.7584,-10.8981,0,0,0,Forehand swing,1,0.1195,-21.095,-16.8492,0,0,Perfect,,0.1721,-11.2842,-3.0618,11.2,0,0.0221,6.8344,0.1128,0,0
2745,Rally,Ultimate,0,-0.0117,43,-4.8201,0.835,8.9,-2.7123,0.4508,7.7964,1,Run,0,9,Serve,-31.8001,-35.7843,0.2815,0.7584,-10.8981,0,0,0,Forehand swing,1,0.1195,-21.095,-16.8502,0,0,Perfect,,0.1721,-11.2842,-3.0618,11.2,0,0.0221,6.8344,0.1128,0,0
2746,Rally,Ultimate,0,-0.0117,43,-4.7993,0.835,8.9,-2.7123,0.4508,7.7964,1,Run,0,9,Serve,-31.8001,-35.7843,0.2815,0.7584,-10.8981,0,0,0,Forehand swing,1,0.1195,-21.095,-16.8512,0,0,Perfect,,0.1721,-11.2842,-3.0618,11.2,0,0.0221,6.8344,0.1128,0,0
2747,Rally,Ultimate,0,-0.0117,43,-4.7785,0.835,8.9,-2.7123,0.4508,7.7964,1,Run,0,9,Serve,-31.8001,-35.7843,0.2815,0.7584,-10.8981,0,0,0,Forehand swing,1,0.1195,-21.095,-16.852,0,0,Perfect,,0.1721,-11.2842,-3.0618,11.2,0,0.0221,6.8344,0.1128,0,0
2748,Rally,Ultimate,0,-0.0117,43,-4.7576,0.835,8.9,-2.7123,0.4508,7.7964,1,Run,0,9,Serve,-31.8001,-35.7843,0.2815,0.7584,-10.8981,0,0,0,Forehand swing,1,0.1195,-21.095,-16.8528,0,0,Perfect,,0.1721,-11.2842,-3.0618,11.2,0,0.0221,6.8344,0.1128,0,0
2749,Rally,Ultimate,0,-0.0117,43,-4.7368,0.835,8.9,-2.7123,0.4508,7.7964,1,Run,0,9,Serve,-31.8001,-35.7843,0.2815,0.7584,-10.8981,0,0,0,Forehand swing,1,0.1195,-21.095,-16.8535,0,0,Perfect,,0.1721,-11.2842,-3.0618,11.2,0,0.0221,6.8344,0.1128,0,0
2750,Rally,Ultimate,0,-0.0117,43,-4.716,0.835,8.9,-2.7123,0.4508,7.7964,1,Run,0,9,Serve,-31.8001,-35.7843,0.2815,0.7584,-10.8981,0,0,0,Forehand swing,1,0.1195,-21.095,-16.854,0,0,Perfect,,0.1721,-11.2842,-3.0618,11.2,0,0.0221,6.8344,0.1128,0,0
2751,Rally,Ultimate,0,-0.0117,43,-4.6951,0.835,8.9,-2.7123,0.4508,7.7964,1,Run,0,9,Serve,-31.8001,-35.7843,0.2815,0.7584,-10.8981,0,0,0,Forehand swing,1,0.1195,-21.095,-16.8544,0,0,Perfect,,0.1721,-11.2842,-3.0618,11.2,0,0.0221,6.8344,0.1128,0,0
2752,Rally,Ultimate,0,-0.0117,43,-4.6743,0.835,8.9,-2.7123,0.4508,7.7964,1,Run,0,9,Serve,-31.8001,-35.7843,0.2815,0.7584,-10.8981,0,0,0,Forehand swing,1,0.1195,-21.095,-16.8548,0,0,Perfect,,0.1721,-11.2842,-3.0618,11.2,0,0.0221,6.8344,0.1128,0,0
2753,Rally,Ultimate,0,-0.0117,43,-4.6535,0.835,8.9,-2.7123,0.4508,7.7964,1,Run,0,9,Serve,-31.8001,-35.7843,0.2815,0.7584,-10.8981,0,0,0,Forehand swing,1,0.1195,-21.095,-16.8549,0,0,Perfect,,0.1721,-11.2842,-3.0618,11.2,0,0.0221,6.8344,0.1128,0,0
2754,Rally,Ultimate,0,-0.0117,43,-4.6326,0.835,8.9,-2.7123,0.4508,7.7964,1,Run,0,9,Serve,-31.8001,-35.7843,0.2815,0.7584,-10.8981,0,0,0,Forehand swing,1,0.1195,-21.095,-16.855,0,0,Perfect,,0.1721,-11.2842,-3.0618,11.2,0,0.0221,6.8344,0.1128,0,0
2755,Rally,Ultimate,0,-0.0117,43,-4.6118,0.835,8.9,-2.7123,0.4508,7.7964,1,Run,0,9,Serve,-31.8001,-35.7843,0.2815,0.7584,-10.8981,0,0,0,Forehand swing,1,0.1195,-21.095,-16.8548,0,0,Perfect,,0.1721,-11.2842,-3.0618,11.2,0,0.0221,6.8344,0.1128,0,0
2756,Rally,Ultimate,0,-0.0117,43,-4.591,0.835,8.9,-2.7123,0.4508,7.7964,1,Run,0,9,Serve,-31.8001,-35.7843,0.2815,0.7584,-10.8981,0,0,0,Forehand swing,1,0.1195,-21.095,-16.8546,0,0,Perfect,,0.1721,-11.2842,-3.0618,11.2,0,0.0221,6.8344,0.1128,0,0
2757,Rally,Ultimate,0,-0.0117,43,-4.5701,0.835,8.9,-2.7123,0.4508,7.7964,1,Run,0,9,Serve,-31.8001,-35.7843,0.2815,0.7584,-10.8981,0,0,0,Forehand swing,1,0.1195,-21.095,-16.8542,0,0,Perfect,,0.1721,-11.2842,-3.0618,11.2,0,0.0221,6.8344,0.1128,0,0
2758,Rally,Ultimate,0,-0.0117,43,-4.5493,0.835,8.9,-2.7123,0.4508,7.7964,1,Run,0,9,Serve,-31.8001,-35.7843,0.2815,0.7584,-10.8981,0,0,0,Forehand swing,1,0.1195,-21.095,-16.8536,0,0,Perfect,,0.1721,-11.2842,-3.0618,11.2,0,0.0221,6.8344,0.1128,0,0
2759,Rally,Ultimate,0,-0.0117,43,-4.5285,0.835,8.9,-2.7123,0.4508,7.7964,1,Run,0,9,Serve,-31.8001,-35.7843,0.2815,0.7584,-10.8981,0,0,0,Forehand swing,1,0.1195,-21.095,-16.8529,0,0,Perfect,,0.1721,-11.2842,-3.0618,11.2,0,0.0221,6.8344,0.1128,0,0
2760,Rally,Ultimate,0,-0.0117,43,-4.5076,0.835,8.9,-2.7123,0.4508,7.7964,1,Run,0,9,Serve,-31.8001,-35.7843,0.2815,0.7584,-10.8981,0,0,0,Forehand swing,1,0.1195,-21.095,-16.8522,0,0,Perfect,,0.1721,-11.2842,-3.0618,11.2,0,0.0221,6.8344,0.1128,0,0
2761,Rally,Ultimate,0,-0.0117,43,-4.4868,0.835,8.9,-2.7123,0.4508,7.7964,1,Run,0,9,Serve,-31.8001,-35.7843,0.2815,0.7584,-10.8981,0,0,0,Forehand swing,1,0.1195,-21.095,-16.8514,0,0,Perfect,,0.1721,-11.2842,-3.0618,11.2,0,0.0221,6.8344,0.1128,0,0
2762,Rally,Ultimate,0,-0.0117,43,-4.466,0.835,8.9,-2.7123,0.4508,7.7964,1,Run,0,9,Serve,-31.8001,-35.7843,0.2815,0.7584,-10.8981,0,0,0,Forehand swing,1,0.1195,-21.095,-16.8506,0,0,Perfect,,0.1721,-11.2842,-3.0618,11.2,0,0.0221,6.8344,0.1128,0,0
2763,Rally,Ultimate,0,-0.0117,43,-4.4451,0.835,8.9,-2.7123,0.4508,7.7964,1,Run,0,9,Serve,-31.8001,-35.7843,0.2815,0.7584,-10.8981,0,0,0,Forehand swing,1,0.1195,-21.095,-16.8497,0,0,Perfect,,0.1721,-11.2842,-3.0618,11.2,0,0.0221,6.8344,0.1128,0,0
2764,Rally,Ultimate,0,-0.0117,43,-4.4243,0.835,8.9,-2.7123,0.4508,7.7964,1,Run,0,9,Serve,-31.8001,-35.7843,0.2815,0.7584,-10.8981,0,0,0,Forehand swing,1,0.1195,-21.095,-16.849,0,0,Perfect,,0.1721,-11.2842,-3.0618,11.2,0,0.0221,6.8344,0.1128,0,0
2765,Rally,Ultimate,0,-0.0117,43,-4.4035,0.835,8.9,-2.7123,0.4508,7.7964,1,Run,0,9,Serve,-31.8001,-35.7843,0.2815,0.7584,-10.8981,0,0,0,Forehand swing,1,0.1195,-21.095,-16.8484,0,0,Perfect,,0.1721,-11.2842,-3.0618,11.2,0,0.0221,6.8344,0.1128,0,0
2766,Rally,Ultimate,0,-0.0117,43,-4.3826,0.835,8.9,-2.7123,0.4508,7.7964,1,Run,0,9,Serve,-31.8001,-35.7843,0.2815,0.7584,-10.8981,0,0,0,Forehand swing,1,0.1195,-21.095,-16.8479,0,0,Perfect,,0.1721,-11.2842,-3.0618,11.2,0,0.0221,6.8344,0.1128,0,0
2767,Rally,Ultimate,0,-0.0117,43,-4.3618,0.835,8.9,-2.7123,0.4508,7.7964,1,Run,0,9,Serve,-31.8001,-35.7843,0.2815,0.7584,-10.8981,0,0,0,Forehand swing,1,0.1195,-21.095,-16.8477,0,0,Perfect,,0.1721,-11.2842,-3.0618,11.2,0,0.0221,6.8344,0.1128,0,0
2768,Rally,Ultimate,0,-0.0117,43,-4.341,0.835,8.9,-2.7123,0.4508,7.7964,1,Run,0,9,Serve,-31.8001,-35.7843,0.2815,0.7584,-10.8981,0,0,0,Forehand swing,1,0.1195,-21.095,-16.8477,0,0,Perfect,,0.1721,-11.2842,-3.0618,11.2,0,0.0221,6.8344,0.1128,0,0
2769,Rally,Ultimate,0,-0.0117,43,-4.3201,0.835,8.9,-2.7123,0.4508,7.7964,1,Run,0,9,Serve,-31.8001,-35.7843,0.2815,0.7584,-10.8981,0,0,0,Forehand swing,1,0.1195,-21.095,-16.8478,0,0,Perfect,,0.1721,-11.2842,-3.0618,11.2,0,0.0221,6.8344,0.1128,0,0
2770,Rally,Ultimate,0,-0.0117,43,-4.2993,0.835,8.9,-2.7123,0.4508,7.7964,1,Run,0,9,Serve,-31.8001,-35.7843,0.2815,0.7584,-10.8981,0,0,0,Forehand swing,1,0.1195,-21.095,-16.8483,0,0,Perfect,,0.1721,-11.2842,-3.0618,11.2,0,0.0221,6.8344,0.1128,0,0
2771,Rally,Ultimate,0,-0.0117,43,-4.2785,0.835,8.9,-2.7123,0.4508,7.7964,1,Run,0,9,Serve,-31.8001,-35.7843,0.2815,0.7584,-10.8981,0,0,0,Forehand swing,1,0.1195,-21.095,-16.8488,0,0,Perfect,,0.1721,-11.2842,-3.0618,11.2,0,0.0221,6.8344,0.1128,0,0
2772,Rally,Ultimate,0,-0.0117,43,-4.2576,0.835,8.9,-2.7123,0.4508,7.7964,1,Run,0,9,Serve,-31.8001,-35.7843,0.2815,0.7584,-10.8981,0,0,0,Forehand swing,1,0.1195,-21.095,-16.8496,0,0,Perfect,,0.1721,-11.2842,-3.0618,11.2,0,0.0221,6.8344,0.1128,0,0
2773,Rally,Ultimate,0,-0.0117,43,-4.2368,0.835,8.9,-2.7123,0.4508,7.7964,1,Run,0,9,Serve,-31.8001,-35.7843,0.2815,0.7584,-10.8981,0,0,0,Forehand swing,1,0.1195,-21.095,-16.8503,0,0,Perfect,,0.1721,-11.2842,-3.0618,11.2,0,0.0221,6.8344,0.1128,0,0
2774,Rally,Ultimate,0,-0.0117,43,-4.216,0.835,8.9,-2.7123,0.4508,7.7964,1,Run,0,9,Serve,-31.8001,-35.7843,0.2815,0.7584,-10.8981,0,0,0,Forehand swing,1,0.1195,-21.095,-16.8511,0,0,Perfect,,0.1721,-11.2842,-3.0618,11.2,0,0.0221,6.8344,0.1128,0,0
2775,Rally,Ultimate,0,-0.0117,43,-4.1951,0.835,8.9,-2.7123,0.4508,7.7964,1,Run,0,9,Serve,-31.8001,-35.7843,0.2815,0.7584,-10.8981,0,0,0,Forehand swing,1,0.1195,-21.095,-16.8518,0,0,Perfect,,0.1721,-11.2842,-3.0618,11.2,0,0.0221,6.8344,0.1128,0,0
2776,Rally,Ultimate,0,-0.0117,43,-4.1743,0.835,8.9,-2.7123,0.4508,7.7964,1,Run,0,9,Serve,-31.8001,-35.7843,0.2815,0.7584,-10.8981,0,0,0,Forehand swing,1,0.1195,-21.095,-16.8526,0,0,Perfect,,0.1721,-11.2842,-3.0618,11.2,0,0.0221,6.8344,0.1128,0,0
2777,Rally,Ultimate,0,-0.0117,43,-4.1535,0.835,8.9,-2.7123,0.4508,7.7964,1,Run,0,9,Serve,-31.8001,-35.7843,0.2815,0.7584,-10.8981,0,0,0,Forehand swing,1,0.1195,-21.095,-16.8533,0,0,Perfect,,0.1721,-11.2842,-3.0618,11.2,0,0.0221,6.8344,0.1128,0,0
2778,Rally,Ultimate,0,-0.0117,43,-4.1326,0.835,8.9,-2.7123,0.4508,7.7964,1,Run,0,9,Serve,-31.8001,-35.7843,0.2815,0.7584,-10.8981,0,0,0,Forehand swing,1,0.1195,-21.095,-16.8539,0,0,Perfect,,0.1721,-11.2842,-3.0618,11.2,0,0.0221,6.8344,0.1128,0,0
2779,Rally,Ultimate,0,-0.0117,43,-4.1118,0.835,8.9,-2.7123,0.4508,7.7964,1,Run,0,9,Serve,-31.8001,-35.7843,0.2815,0.7584,-10.8981,0,0,0,Forehand swing,1,0.1195,-21.095,-16.8543,0,0,Perfect,,0.1721,-11.2842,-3.0618,11.2,0,0.0221,6.8344,0.1128,0,0
2780,Rally,Ultimate,0,-0.0117,43,-4.091,0.835,8.9,-2.7123,0.4508,7.7964,1,Run,0,9,Serve,-31.8001,-35.7843,0.2815,0.7584,-10.8981,0,0,0,Forehand swing,1,0.1195,-21.095,-16.8547,0,0,Perfect,,0.1721,-11.2842,-3.0618,11.2,0,0.0221,6.8344,0.1128,0,0
2781,Rally,Ultimate,0,-0.0117,43,-4.0701,0.835,8.9,-2.7123,0.4508,7.7964,1,Run,0,9,Serve,-31.8001,-35.7843,0.2815,0.7584,-10.8981,0,0,0,Forehand swing,1,0.1195,-21.095,-16.8549,0,0,Perfect,,0.1721,-11.2842,-3.0618,11.2,0,0.0221,6.8344,0.1128,0,0
2782,Rally,Ultimate,0,-0.0117,43,-4.0493,0.835,8.9,-2.7123,0.4508,7.7964,1,Run,0,9,Serve,-31.8001,-35.7843,0.2815,0.7584,-10.8981,0,0,0,Forehand swing,1,0.1195,-21.095,-16.855,0,0,Perfect,,0.1721,-11.2842,-3.0618,11.2,0,0.0221,6.8344,0.1128,0,0
2783,Rally,Ultimate,0,-0.0117,43,-4.0285,0.835,8.9,-2.7123,0.4508,7.7964,1,Run,0,9,Serve,-31.8001,-35.7843,0.2815,0.7584,-10.8981,0,0,0,Forehand swing,1,0.1195,-21.095,-16.8549,0,0,Perfect,,0.1721,-11.2842,-3.0618,11.2,0,0.0221,6.8344,0.1128,0,0
2784,Rally,Ultimate,0,-0.0117,43,-4.0076,0.835,8.9,-2.7123,0.4508,7.7964,1,Run,0,9,Serve,-31.8001,-35.7843,0.2815,0.7584,-10.8981,0,0,0,Forehand swing,1,0.1195,-21.095,-16.8547,0,0,Perfect,,0.1721,-11.2842,-3.0618,11.2,0,0.0221,6.8344,0.1128,0,0
2785,Rally,Ultimate,0,-0.0117,43,-3.9868,0.835,8.9,-2.7123,0.4508,7.7964,1,Run,0,9,Serve,-31.8001,-35.7843,0.2815,0.7584,-10.8981,0,0,0,Forehand swing,1,0.1195,-21.095,-16.8543,0,0,Perfect,,0.1721,-11.2842,-3.0618,11.2,0,0.0221,6.8344,0.1128,0,0
2786,Rally,Ultimate,0,-0.0117,43,-3.966,0.835,8.9,-2.7123,0.4508,7.7964,1,Run,0,9,Serve,-31.8001,-35.7843,0.2815,0.7584,-10.8981,0,0,0,Forehand swing,1,0.1195,-21.095,-16.8539,0,0,Perfect,,0.1721,-11.2842,-3.0618,11.2,0,0.0221,6.8344,0.1128,0,0
2787,Rally,Ultimate,0,-0.0117,43,-3.9451,0.835,8.9,-2.7123,0.4508,7.7964,1,Run,0,9,Serve,-31.8001,-35.7843,0.2815,0.7584,-10.8981,0,0,0,Forehand swing,1,0.1195,-21.095,-16.8531,0,0,Perfect,,0.1721,-11.2842,-3.0618,11.2,0,0.0221,6.8344,0.1128,0,0
2788,Rally,Ultimate,0,-0.0117,43,-3.9243,0.835,8.9,-2.7123,0.4508,7.7964,1,Run,0,9,Serve,-31.8001,-35.7843,0.2815,0.7584,-10.8981,0,0,0,Forehand swing,1,0.1195,-21.095,-16.8518,0,0,Perfect,,0.1721,-11.2842,-3.0618,11.2,0,0.0221,6.8344,0.1128,0,0
2789,Rally,Ultimate,0,-0.0117,43,-3.9035,0.835,8.9,-2.7123,0.4508,7.7964,1,Run,0,9,Serve,-31.8001,-35.7843,0.2815,0.7584,-10.8981,0,0,0,Forehand swing,1,0.1195,-21.095,-16.8505,0,0,Perfect,,0.1721,-11.2842,-3.0618,11.2,0,0.0221,6.8344,0.1128,0,0
2790,Rally,Ultimate,0,-0.0117,43,-3.8826,0.835,8.9,-2.7123,0.4508,7.7964,1,Run,0,9,Serve,-31.8001,-35.7843,0.2815,0.7584,-10.8981,0,0,0,Forehand swing,1,0.1195,-21.095,-16.8496,0,0,Perfect,,0.1721,-11.2842,-3.0618,11.2,0,0.0221,6.8344,0.1128,0,0
2791,Rally,Ultimate,0,-0.0117,43,-3.8618,0.835,8.9,-2.7123,0.4508,7.7964,1,Run,0,9,Serve,-31.8001,-35.7843,0.2815,0.7584,-10.8981,0,0,0,Forehand swing,1,0.1195,-21.095,-16.8489,0,0,Perfect,,0.1721,-11.2842,-3.0618,11.2,0,0.0221,6.8344,0.1128,0,0
2792,Rally,Ultimate,0,-0.0117,44,-1.5618,0.685,7.7006,-2.7123,0.4508,7.7964,1,Run,0,9,Serve,-31.8001,-35.7843,0.2815,0.7584,-10.8981,0,0,0,Forehand swing,1,0.1195,-21.095,-16.8483,0,0,Perfect,,0.1721,-11.2842,-3.0618,11.2,1,0.0221,6.8344,0.1128,0,0
2793,Rally,Ultimate,0,-0.0117,44,-1.5618,0.685,7.7022,-2.7123,0.4508,7.7964,1,Run,0,9,Serve,-31.8001,-35.7843,0.2815,0.7584,-10.8981,0,0,0,Forehand swing,1,0.1195,-21.095,-16.8479,0,0,Perfect,,0.1721,-11.2842,-3.0618,11.2,0,0.0221,6.8344,0.1128,0,0
2794,Rally,Ultimate,0,-0.0117,44,-1.5618,0.685,7.705,-2.7123,0.4508,7.7964,1,Run,0,9,Serve,-31.8001,-35.7843,0.2815,0.7584,-10.8981,0,0,0,Forehand swing,1,0.1195,-21.095,-16.8477,0,0,Perfect,,0.1721,-11.2842,-3.0618,11.2,0,0.0221,6.8344,0.1128,0,0
2795,Rally,Ultimate,0,-0.0117,44,-1.5618,0.685,7.7087,-2.7123,0.4508,7.7964,1,Run,0,9,Serve,-31.8001,-35.7843,0.2815,0.7584,-10.8981,0,0,0,Forehand swing,1,0.1195,-21.095,-16.8477,0,0,Perfect,,0.1721,-11.2842,-3.0618,11.2,0,0.0221,6.8344,0.1128,0,0
2796,Rally,Ultimate,0,-0.0117,44,-1.5618,0.685,7.7135,-2.7123,0.4508,7.7964,1,Run,0,9,Serve,-31.8001,-35.7843,0.2815,0.7584,-10.8981,0,0,0,Forehand swing,1,0.1195,-21.095,-16.848,0,0,Perfect,,0.1721,-11.2842,-3.0618,11.2,0,0.0221,6.8344,0.1128,0,0
2797,Rally,Ultimate,0,-0.0117,44,-1.5618,0.685,7.7191,-2.7123,0.4508,7.7964,1,Run,0,9,Serve,-31.8001,-35.7843,0.2815,0.7584,-10.8981,0,0,0,Forehand swing,1,0.1195,-21.095,-16.8485,0,0,Perfect,,0.1721,-11.2842,-3.0618,11.2,0,0.0221,6.8344,0.1128,0,0
2798,Rally,Ultimate,0,-0.0117,44,-1.5618,0.685,7.7257,-2.7123,0.4508,7.7964,1,Run,0,9,Serve,-31.8001,-35.7843,0.2815,0.7584,-10.8981,0,0,0,Forehand swing,1,0.1195,-21.095,-16.8491,0,0,Perfect,,0.1721,-11.2842,-3.0618,11.2,0,0.0221,6.8344,0.1128,0,0
2799,Rally,Ultimate,0,-0.0117,44,-1.5618,0.685,7.733,-2.7123,0.4508,7.7964,1,Run,0,9,Serve,-31.8001,-35.7843,0.2815,0.7584,-10.8981,0,0,0,Forehand swing,1,0.1195,-21.095,-16.85,0,0,Perfect,,0.1721,-11.2842,-3.0618,11.2,0,0.0221,6.8344,0.1128,0,0
2800,Rally,Ultimate,0,-0.0117,44,-1.5618,0.685,7.7412,-2.7123,0.4508,7.7964,1,Run,0,9,Serve,-31.8001,-35.7843,0.2815,0.7584,-10.8981,0,0,0,Forehand swing,1,0.1195,-21.095,-16.8509,0,0,Perfect,,0.1721,-11.2842,-3.0618,11.2,0,0.0221,6.8344,0.1128,0,0
2801,Rally,Ultimate,0,-0.0117,44,-1.5618,0.685,7.7501,-2.7123,0.4508,7.7964,1,Run,0,9,Serve,-31.8001,-35.7843,0.2815,0.7584,-10.8981,0,0,0,Forehand swing,1,0.1195,-21.095,-16.8517,0,0,Perfect,,0.1721,-11.2842,-3.0618,11.2,0,0.0221,6.8344,0.1128,0,0
2802,Rally,Ultimate,0,-0.0117,44,-1.5618,0.685,7.7597,-2.7123,0.4508,7.7964,1,Run,0,9,Serve,-31.8001,-35.7843,0.2815,0.7584,-10.8981,0,0,0,Forehand swing,1,0.1195,-21.095,-16.8525,0,0,Perfect,,0.1721,-11.2842,-3.0618,11.2,0,0.0221,6.8344,0.1128,0,0
2803,Rally,Ultimate,0,-0.0117,44,-1.5618,0.685,7.77,-2.7123,0.4508,7.7964,1,Run,0,9,Serve,-31.8001,-35.7843,0.2815,0.7584,-10.8981,0,0,0,Forehand swing,1,0.1195,-21.095,-16.8532,0,0,Perfect,,0.1721,-11.2842,-3.0618,11.2,0,0.0221,6.8344,0.1128,0,0
2804,Rally,Ultimate,0,-0.0117,44,-1.5618,0.685,7.7809,-2.7123,0.4508,7.7964,1,Run,0,9,Serve,-31.8001,-35.7843,0.2815,0.7584,-10.8981,0,0,0,Forehand swing,1,0.1195,-21.095,-16.8538,0,0,Perfect,,0.1721,-11.2842,-3.0618,11.2,0,0.0221,6.8344,0.1128,0,0
2805,Rally,Ultimate,0,-0.0117,44,-1.5618,0.685,7.7923,-2.7123,0.4508,7.7964,1,Run,0,9,Serve,-31.8001,-35.7843,0.2815,0.7584,-10.8981,0,0,0,Forehand swing,1,0.1195,-21.095,-16.8542,0,0,Perfect,,0.1721,-11.2842,-3.0618,11.2,0,0.0221,6.8344,0.1128,0,0
2806,Rally,Ultimate,0,-0.0117,44,-1.5618,0.685,7.8043,-2.7123,0.4508,7.7964,1,Run,0,9,Serve,-31.8001,-35.7843,0.2815,0.7584,-10.8981,0,0,0,Forehand swing,1,0.1195,-21.095,-16.8546,0,0,Perfect,,0.1721,-11.2842,-3.0618,11.2,0,0.0221,6.8344,0.1128,0,0
2807,Rally,Ultimate,0,-0.0117,44,-1.5618,0.685,7.8168,-2.7123,0.4508,7.7964,1,Run,0,9,Serve,-31.8001,-35.7843,0.2815,0.7584,-10.8981,0,0,0,Forehand swing,1,0.1195,-21.095,-16.8548,0,0,Perfect,,0.1721,-11.2842,-3.0618,11.2,0,0.0221,6.8344,0.1128,0,0
2808,Rally,Ultimate,0,-0.0117,44,-1.5618,0.685,7.8296,-2.7123,0.4508,7.7964,1,Run,0,9,Serve,-31.8001,-35.7843,0.2815,0.7584,-10.8981,0,0,0,Forehand swing,1,0.1195,-21.095,-16.855,0,0,Perfect,,0.1721,-11.2842,-3.0618,11.2,0,0.0221,6.8344,0.1128,0,0
2809,Rally,Ultimate,0,-0.0117,44,-1.5618,0.685,7.8429,-2.7123,0.4508,7.7964,1,Run,0,9,Serve,-31.8001,-35.7843,0.2815,0.7584,-10.8981,0,0,0,Forehand swing,1,0.1195,-21.095,-16.8549,0,0,Perfect,,0.1721,-11.2842,-3.0618,11.2,0,0.0221,6.8344,0.1128,0,0
2810,Rally,Ultimate,0,-0.0117,44,-1.5618,0.685,7.8565,-2.7123,0.4508,7.7964,1,Run,0,9,Serve,-31.8001,-35.7843,0.2815,0.7584,-10.8981,0,0,0,Forehand swing,1,0.1195,-21.095,-16.8548,0,0,Perfect,,0.1721,-11.2842,-3.0618,11.2,0,0.0221,6.8344,0.1128,0,0
2811,Rally,Ultimate,0,-0.0117,44,-1.5618,0.685,7.8704,-2.7123,0.4508,7.7964,1,Run,0,9,Serve,-31.8001,-35.7843,0.2815,0.7584,-10.8981,0,0,0,Forehand swing,1,0.1195,-21.095,-16.8545,0,0,Perfect,,0.1721,-11.2842,-3.0618,11.2,0,0.0221,6.8344,0.1128,0,0
2812,Rally,Ultimate,0,-0.0117,44,-1.5618,0.685,7.8845,-2.7123,0.4508,7.7964,1,Run,0,9,Serve,-31.8001,-35.7843,0.2815,0.7584,-10.8981,0,0,0,Forehand swing,1,0.1195,-21.095,-16.8541,0,0,Perfect,,0.1721,-11.2842,-3.0618,11.2,0,0.0221,6.8344,0.1128,0,0
2813,Rally,Ultimate,0,-0.0117,44,-1.5618,0.685,7.8989,-2.7123,0.4508,7.7964,1,Run,0,9,Serve,-31.8001,-35.7843,0.2815,0.7584,-10.8981,0,0,0,Forehand swing,1,0.1195,-21.095,-16.8535,0,0,Perfect,,0.1721,-11.2842,-3.0618,11.2,0,0.0221,6.8344,0.1128,0,0
2814,Rally,Ultimate,0,-0.0117,44,-1.5618,0.685,7.9134,-2.7123,0.4508,7.7964,1,Run,0,9,Serve,-31.8001,-35.7843,0.2815,0.7584,-10.8981,0,0,0,Forehand swing,1,0.1195,-21.095,-16.8527,0,0,Perfect,,0.1721,-11.2842,-3.0618,11.2,0,0.0221,6.8344,0.1128,0,0
2815,Rally,Ultimate,0,-0.0117,44,-1.5618,0.685,7.928,-2.7123,0.4508,7.7964,1,Run,0,9,Serve,-31.8001,-35.7843,0.2815,0.7584,-10.8981,0,0,0,Forehand swing,1,0.1195,-21.095,-16.8519,0,0,Perfect,,0.1721,-11.2842,-3.0618,11.2,0,0.0221,6.8344,0.1128,0,0
2816,Rally,Ultimate,0,-0.0117,44,-1.5618,0.685,7.9426,-2.7123,0.4508,7.7964,1,Run,0,9,Serve,-31.8001,-35.7843,0.2815,0.7584,-10.8981,0,0,0,Forehand swing,1,0.1195,-21.095,-16.8512,0,0,Perfect,,0.1721,-11.2842,-3.0618,11.2,0,0.0221,6.8344,0.1128,0,0
2817,Rally,Ultimate,0,-0.0117,44,-1.5618,0.685,7.9574,-2.7123,0.4508,7.7964,1,Run,0,9,Serve,-31.8001,-35.7843,0.2815,0.7584,-10.8981,0,0,0,Forehand swing,1,0.1195,-21.095,-16.8503,0,0,Perfect,,0.1721,-11.2842,-3.0618,11.2,0,0.0221,6.8344,0.1128,0,0
2818,Rally,Ultimate,0,-0.0117,44,-1.5618,0.685,7.972,-2.7123,0.4508,7.7964,1,Run,0,9,Serve,-31.8001,-35.7843,0.2815,0.7584,-10.8981,0,0,0,Forehand swing,1,0.1195,-21.095,-16.8496,0,0,Perfect,,0.1721,-11.2842,-3.0618,11.2,0,0.0221,6.8344,0.1128,0,0
2819,Rally,Ultimate,0,-0.0117,44,-1.5618,0.685,7.9866,-2.7123,0.4508,7.7964,1,Run,0,9,Serve,-31.8001,-35.7843,0.2815,0.7584,-10.8981,0,0,0,Forehand swing,1,0.1195,-21.095,-16.8489,0,0,Perfect,,0.1721,-11.2842,-3.0618,11.2,0,0.0221,6.8344,0.1128,0,0
2820,Rally,Ultimate,0,-0.0117,44,-1.5618,0.685,8.0011,-2.7123,0.4508,7.7964,1,Run,0,9,Serve,-31.8001,-35.7843,0.2815,0.7584,-10.8981,0,0,0,Forehand swing,1,0.1195,-21.095,-16.8483,0,0,Perfect,,0.1721,-11.2842,-3.0618,11.2,0,0.0221,6.8344,0.1128,0,0
2821,Rally,Ultimate,0,-0.0117,44,-1.5618,0.685,8.0155,-2.7123,0.4508,7.7964,1,Run,0,9,Serve,-31.8001,-35.7843,0.2815,0.7584,-10.8981,0,0,0,Forehand swing,1,0.1195,-21.095,-16.8479,0,0,Perfect,,0.1721,-11.2842,-3.0618,11.2,0,0.0221,6.8344,0.1128,0,0
2822,Rally,Ultimate,0,-0.0117,44,-1.5618,0.685,8.0296,-2.7123,0.4508,7.7964,1,Run,0,9,Serve,-31.8001,-35.7843,0.2815,0.7584,-10.8981,0,0,0,Forehand swing,1,0.1195,-21.095,-16.8477,0,0,Perfect,,0.1721,-11.2842,-3.0618,11.2,0,0.0221,6.8344,0.1128,0,0
2823,Rally,Ultimate,0,-0.0117,44,-1.5618,0.685,8.0435,-2.7123,0.4508,7.7964,1,Run,0,9,Serve,-31.8001,-35.7843,0.2815,0.7584,-10.8981,0,0,0,Forehand swing,1,0.1195,-21.095,-16.8477,0,0,Perfect,,0.1721,-11.2842,-3.0618,11.2,0,0.0221,6.8344,0.1128,0,0
2824,Rally,Ultimate,0,-0.0117,44,-1.5618,0.685,8.0571,-2.7123,0.4508,7.7964,1,Run,0,9,Serve,-31.8001,-35.7843,0.2815,0.7584,-10.8981,0,0,0,Forehand swing,1,0.1195,-21.095,-16.848,0,0,Perfect,,0.1721,-11.2842,-3.0618,11.2,0,0.0221,6.8344,0.1128,0,0
2825,Rally,Ultimate,0,-0.0117,44,-1.5618,0.685,8.0704,-2.7123,0.4508,7.7964,1,Run,0,9,Serve,-31.8001,-35.7843,0.2815,0.7584,-10.8981,0,0,0,Forehand swing,1,0.1195,-21.095,-16.8485,0,0,Perfect,,0.1721,-11.2842,-3.0618,11.2,0,0.0221,6.8344,0.1128,0,0
2826,Rally,Ultimate,0,-0.0117,44,-1.5618,0.685,8.0832,-2.7123,0.4508,7.7964,1,Run,0,9,Serve,-31.8001,-35.7843,0.2815,0.7584,-10.8981,0,0,0,Forehand swing,1,0.1195,-21.095,-16.8494,0,0,Perfect,,0.1721,-11.2842,-3.0618,11.2,0,0.0221,6.8344,0.1128,0,0
2827,Rally,Ultimate,0,-0.0117,44,-1.5618,0.685,8.0957,-2.7123,0.4508,7.7964,1,Run,0,9,Serve,-31.8001,-35.7843,0.2815,0.7584,-10.8981,0,0,0,Forehand swing,1,0.1195,-21.095,-16.8505,0,0,Perfect,,0.1721,-11.2842,-3.0618,11.2,0,0.0221,6.8344,0.1128,0,0
2828,Rally,Ultimate,0,-0.0117,44,-1.5618,0.685,8.1077,-2.7123,0.4508,7.7964,1,Run,0,9,Serve,-31.8001,-35.7843,0.2815,0.7584,-10.8981,0,0,0,Forehand swing,1,0.1195,-21.095,-16.8514,0,0,Perfect,,0.1721,-11.2842,-3.0618,11.2,0,0.0221,6.8344,0.1128,0,0
2829,Rally,Ultimate,0,-0.0117,44,-1.5618,0.685,8.1191,-2.7123,0.4508,7.7964,1,Run,0,9,Serve,-31.8001,-35.7843,0.2815,0.7584,-10.8981,0,0,0,Forehand swing,1,0.1195,-21.095,-16.8523,0,0,Perfect,,0.1721,-11.2842,-3.0618,11.2,0,0.0221,6.8344,0.1128,0,0
2830,Rally,Ultimate,0,-0.0117,44,-1.5618,0.685,8.13,-2.7123,0.4508,7.7964,1,Run,0,9,Serve,-31.8001,-35.7843,0.2815,0.7584,-10.8981,0,0,0,Forehand swing,1,0.1195,-21.095,-16.8532,0,0,Perfect,,0.1721,-11.2842,-3.0618,11.2,0,0.0221,6.8344,0.1128,0,0
2831,Rally,Ultimate,0,-0.0117,44,-1.5618,0.685,8.1403,-2.7123,0.4508,7.7964,1,Run,0,9,Serve,-31.8001,-35.7843,0.2815,0.7584,-10.8981,0,0,0,Forehand swing,1,0.1195,-21.095,-16.8538,0,0,Perfect,,0.1721,-11.2842,-3.0618,11.2,0,0.0221,6.8344,0.1128,0,0
2832,Rally,Ultimate,0,-0.0117,44,-1.5618,0.685,8.1499,-2.7123,0.4508,7.7964,1,Run,0,9,Serve,-31.8001,-35.7843,0.2815,0.7584,-10.8981,0,0,0,Forehand swing,1,0.1195,-21.095,-16.8543,0,0,Perfect,,0.1721,-11.2842,-3.0618,11.2,0,0.0221,6.8344,0.1128,0,0
2833,Rally,Ultimate,0,-0.0117,44,-1.5618,0.685,8.1588,-2.7123,0.4508,7.7964,1,Run,0,9,Serve,-31.8001,-35.7843,0.2815,0.7584,-10.8981,0,0,0,Forehand swing,1,0.1195,-21.095,-16.8547,0,0,Perfect,,0.1721,-11.2842,-3.0618,11.2,0,0.0221,6.8344,0.1128,0,0
2834,Rally,Ultimate,0,-0.0117,44,-1.5618,0.685,8.167,-2.7123,0.4508,7.7964,1,Run,0,9,Serve,-31.8001,-35.7843,0.2815,0.7584,-10.8981,0,0,0,Forehand swing,1,0.1195,-21.095,-16.8549,0,0,Perfect,,0.1721,-11.2842,-3.0618,11.2,0,0.0221,6.8344,0.1128,0,0
2835,Rally,Ultimate,0,-0.0117,44,-1.5618,0.685,8.1743,-2.7123,0.4508,7.7964,1,Run,0,9,Serve,-31.8001,-35.7843,0.2815,0.7584,-10.8981,0,0,0,Forehand swing,1,0.1195,-21.095,-16.855,0,0,Perfect,,0.1721,-11.2842,-3.0618,11.2,0,0.0221,6.8344,0.1128,0,0
2836,Rally,Ultimate,0,-0.0117,44,-1.5618,0.685,8.1809,-2.7123,0.4508,7.7964,1,Run,0,9,Serve,-31.8001,-35.7843,0.2815,0.7584,-10.8981,0,0,0,Forehand swing,1,0.1195,-21.095,-16.8549,0,0,Perfect,,0.1721,-11.2842,-3.0618,11.2,0,0.0221,6.8344,0.1128,0,0
2837,Rally,Ultimate,0,-0.0117,44,-1.5618,0.685,8.1865,-2.7123,0.4508,7.7964,1,Run,0,9,Serve,-31.8001,-35.7843,0.2815,0.7584,-10.8981,0,0,0,Forehand swing,1,0.1195,-21.095,-16.8546,0,0,Perfect,,0.1721,-11.2842,-3.0618,11.2,0,0.0221,6.8344,0.1128,0,0
2838,Rally,Ultimate,0,-0.0117,44,-1.5618,0.685,8.1913,-2.7123,0.4508,7.7964,1,Run,0,9,Serve,-31.8001,-35.7843,0.2815,0.7584,-10.8981,0,0,0,Forehand swing,1,0.1195,-21.095,-16.8542,0,0,Perfect,,0.1721,-11.2842,-3.0618,11.2,0,0.0221,6.8344,0.1128,0,0
2839,Rally,Ultimate,0,-0.0117,44,-1.5618,0.685,8.195,-2.7123,0.4508,7.7964,1,Run,0,9,Serve,-31.8001,-35.7843,0.2815,0.7584,-10.8981,0,0,0,Forehand swing,1,0.1195,-21.095,-16.8536,0,0,Perfect,,0.1721,-11.2842,-3.0618,11.2,0,0.0221,6.8344,0.1128,0,0
2840,Rally,Ultimate,0,-0.0117,44,-1.5618,0.685,8.1978,-2.7123,0.4508,7.7964,1,Run,0,9,Serve,-31.8001,-35.7843,0.2815,0.7584,-10.8981,0,0,0,Forehand swing,1,0.1195,-21.095,-16.8529,0,0,Perfect,,0.1721,-11.2842,-3.0618,11.2,0,0.0221,6.8344,0.1128,0,0
2841,Rally,Ultimate,0,-0.0117,44,-1.5618,0.685,8.1994,-2.7123,0.4508,7.7964,1,Run,0,9,Serve,-31.8001,-35.7843,0.2815,0.7584,-10.8981,0,0,0,Forehand swing,1,0.1195,-21.095,-16.8523,0,0,Perfect,,0.1721,-11.2842,-3.0618,11.2,0,0.0221,6.8344,0.1128,0,0
2842,Rally,None,1,-0.0117,50,0.0946,3.5,-15.6842,-2.7123,0.4508,7.7964,1,Run,0,9,Serve,-31.8001,-35.7843,0.2815,0.7584,-10.8981,0,0,0,Forehand swing,1,0.1195,-21.095,-16.8515,0,0,Perfect,,0.1721,-11.2842,-3.0618,11.2,6,0.0221,6.8344,0.1128,0,0
2843,Rally,None,1,-0.0117,50,0.0915,3.5,-15.6814,-2.8122,0.4995,8.1863,1,Run,0,9,Serve,-31.8001,-35.7843,0.2377,0.7584,-10.8767,0,0,0,Forehand swing,1,0.1036,-18.7531,-7.2292,0,0,Perfect,,0.1282,-11.2628,-3.1419,11.2,0,0.0221,6.8344,0.1128,0,0
2844,Rally,None,1,-0.0117,50,0.0858,3.5,-15.6763,-2.912,0.5455,8.5761,1,Run,0,9,Serve,-31.936,-35.9254,0.193,0.7487,-10.8537,0.1971,0,0,Forehand swing,1,0.0877,-2.9456,23.3731,0.8762,0,Perfect,,0.0869,-11.2425,-3.222,11.2,0,0.0278,6.9754,0.2785,0,0
2845,Rally,None,1,-0.0117,50,0.0767,3.5,-15.6682,-3.0618,0.6091,9.1609,1,Run,0,9,Serve,-32.1284,-35.9469,0.1311,0.7393,-10.8216,0.0626,0,0,Forehand swing,1,0.0638,4.9238,30.3528,1.1737,0,Perfect,,0.0296,-11.2145,-3.3051,11.2,0,0.0328,7.0866,0.5081,0,0
2846,Rally,None,1,-0.0117,50,0.0667,3.5,-15.6593,-3.1617,0.6481,9.5508,1,Run,0,9,Serve,-32.3629,-35.985,0.0963,0.7317,-10.8028,0.2311,0,0,Forehand swing,1,0.0478,11.0204,22.7825,5.0649,0,Perfect,,0,-11.2,-3.3051,11.2,0,0.0371,7.9687,0.6509,0.0023,2.0725
2847,Rally,None,1,-0.0117,50,0.058,3.5,-15.6516,-3.3115,0.7014,10.1356,1,Ready,0,9,Serve,-26.9931,-31.1444,0.0995,0.7286,-10.8055,0.8856,0,0,Forehand swing,1,0.0239,11.2798,9.989,21.677,0,Perfect,,0,-11.2,-3.3051,11.2,0,0.0393,6.2803,1.416,0.0053,1.2601
2848,Rally,None,1,-0.0117,50,0.0504,3.5,-15.6448,-3.4113,0.7334,10.5254,1,Ready,0,9,Serve,-17.2714,-21.8269,0.1137,0.7352,-10.8076,3.455,0,0,Forehand swing,1,0.008,10.7338,1.0335,0.4337,0,Perfect,,0,-11.2,-3.3051,11.2,0,0.039,4.9497,1.7807,0.0082,0.9931
2849,Rally,None,1,-0.0117,50.1306,0.0438,3.5,-15.639,-3.4613,0.7484,10.6004,1,Ready,0,9,Serve,-8.1748,-12.7696,0.1337,0.7486,-10.8055,22.8768,0,0,Forehand swing,1,0,7.4468,-2.8466,0.647,0,Perfect,R;,0,-11.2,-3.3051,11.2,0.1306,0.0364,3.901,1.585,0.0102,0.7827
2850,Rally,None,1,-0.0117,50.2769,0.0381,3.5,-15.6339,-3.4002,0.8271,10.3287,1,Ready,0,9,Serve,-1.0998,-5.8487,0.1557,0.7649,-10.8023,2.2515,0,0,Forehand swing,1,-0.0167,3.3994,-8.2276,0.4837,0,Perfect,,0,-11.2,-3.2251,11.2,0.1462,0.0319,3.0745,1.3076,0.0111,0.6169
2851,Rally,None,1,-0.0117,50.4367,0.0331,3.5,-15.6295,-3.3403,0.9031,10.0571,1,Ready,0,9,Serve,3.9321,-1.1218,0.1763,0.7786,-10.8007,0.8677,0,0,Forehand follow,1,-0.0333,-2.9816,-16.2675,0.8479,0,Perfect,,0,-11.2,-3.145,11.2,0.1598,0.0264,2.4231,1.0455,0.011,0.4862
2852,Rally,None,1,-0.0117,50.6083,0.0288,3.5,-15.6256,-3.2525,1.012,9.6497,1,Ready,0,9,Serve,7.346,1.8239,0.1939,0.7871,-10.7979,0.6734,0,0,Forehand follow,1,-0.0583,-11.7258,-27.2412,3.0225,0,Perfect,,0,-11.2,-3.0249,11.2,0.1716,0.0206,1.9097,0.9433,0.0101,0.3832
2853,Rally,None,1,-0.0117,50.7901,0.025,3.5,-15.6223,-3.1953,1.0812,9.3781,1,Ready,0,9,Serve,9.6045,3.4536,0.208,0.7932,-10.8001,0.4663,0,0,Forehand follow,1,-0.075,-20.3659,-35.6066,18.174,0,Perfect,,0,-11.2,-2.9448,11.2,0.1818,0.0149,1.5051,1.0411,0.0087,0.3952
2854,Rally,None,1,-0.0117,50.9808,0.0215,3.5,-15.6193,-3.1116,1.1799,8.9706,1,Ready,0,9,Serve,11.0965,4.1624,0.2153,0.805,-10.8217,0.3103,0,0,Forehand follow,1,-0.1,-29.1592,-45.2037,0.7557,0,Perfect,,-0.0042,-11.1998,-2.8246,11.2,0.1907,0.01,1.1862,1.218,0.0069,0.3849
2855,Rally,None,1,-0.0117,51.1793,0.0179,3.5,-15.6168,-3.0572,1.2423,8.699,1,Run,0,9,Serve,11.3479,4.0821,0.2085,0.8326,-10.8428,0.3898,0,0,Forehand follow,1,-0.1167,-38.3304,-53.7801,1.6234,0,Perfect,,-0.0104,-11.1996,-2.7446,11.2,0.1985,0.0053,1.5749,1.2996,0.0051,0.3612
2856,Rally,None,1,-0.0117,51.3845,0.0142,3.5,-15.6145,-3.004,1.302,8.4274,1,Run,0,9,Serve,9.4127,1.8701,0.1857,0.8502,-10.8327,0.2243,0,0,Forehand follow,1,-0.1333,-47.1353,-62.3189,6.1182,0,Perfect,,-0.0194,-11.1993,-2.6645,11.2,0.2052,0.0015,2.8098,1.1592,0.0035,0.3285
2857,Rally,None,1,-0.0117,51.5955,0.0096,3.5,-15.6124,-2.9261,1.3864,8.0199,1,Run,0,9,Serve,5.0474,-2.3537,0.1454,0.8655,-10.8203,0.3028,0,0,Forehand follow,1,-0.1583,-55.4374,-69.6247,29.3123,0,Perfect,,-0.0382,-11.1985,-2.5444,11.2,0.2111,-0.0013,3.7983,0.8487,0.0021,0.2589
2858,Rally,None,1,-0.0117,51.8117,0.0044,3.5,-15.6105,-2.8757,1.4392,7.7483,1,Run,0,9,Serve,-2.0493,-8.5089,0.1061,0.8886,-10.8237,0.6929,0,0,Forehand follow,1,-0.175,-62.4186,-75.6781,1.0199,0,Perfect,,-0.0541,-11.1979,-2.4643,11.2,0.2161,-0.003,5.3745,0.7343,0.001,0.2041
2859,Rally,None,1,-0.0117,52.0322,-0.0021,3.5,-15.6087,-2.802,1.5134,7.3409,1,Run,0,9,Serve,-11.3667,-16.497,0.0474,0.8879,-10.8249,0.8557,0,0,Forehand follow,1,-0.2,-65.9438,-80.8029,0.6759,0,Perfect,,-0.0833,-11.1968,-2.3441,11.2,0.2206,-0.0038,5.8242,1.302,0.0002,0.1608
2860,Rally,None,1,-0.0117,52.2567,-0.0095,3.5,-15.607,-2.7543,1.5594,7.0692,1,Run,0,9,Serve,-21.1038,-23.0413,-0.0099,0.8691,-10.8195,1.0029,0,0,Forehand follow,1,-0.2167,-65.7836,-84.4114,0,0,Perfect,,-0.1062,-11.1959,-2.2641,11.2,0.2244,-0.0039,6.9733,0.8712,-0.0002,0.1267
2861,Rally,None,1,-0.0117,52.4844,-0.0177,3.5,-15.6055,-2.7077,1.6027,6.7976,1,Run,0,9,Serve,-29.5265,-29.1367,-0.0737,0.8412,-10.8118,1.1264,0,0,Forehand follow,1,-0.2333,-64.7816,-87.5975,14.7254,0,Perfect,,-0.1318,-11.195,-2.184,11.2,0.2278,-0.0034,7.0847,0.9756,-0.0005,0.0999
2862,Rally,None,1,-0.0117,52.7151,-0.028,3.5,-15.6039,-2.6398,1.6626,6.3902,1,Run,0,9,Serve,-36.0794,-33.6929,-0.1542,0.8139,-10.8029,8.7817,0,0,Forehand follow,1,-0.2583,-62.7645,-90.9823,2.0924,0,Perfect,,-0.1756,-11.1933,-2.0639,11.2,0.2307,-0.0027,7.1726,1.0617,-0.0005,0.0787
2863,Rally,None,1,-0.0117,52.9483,-0.0393,3.5,-15.6023,-2.596,1.6991,6.1185,1,Run,0,9,Serve,-40.7786,-36.3905,-0.2194,0.8163,-10.7951,0.6753,0,0,Forehand follow,1,-0.275,-59.3166,-94.1158,2.9426,0,Perfect,,-0.2082,-11.192,-1.9838,11.2,0.2332,-0.0018,8.0364,1.0359,-0.0004,0.062
2864,Rally,None,1,-0.0117,53.1836,-0.053,3.5,-15.6007,-2.5323,1.7488,5.7111,1,Run,0,9,Serve,-44.0794,-38.2666,-0.3005,0.8262,-10.7881,1.0902,0,0,Forehand follow,0,9,-57.4276,-93.5377,2.0161,0,Perfect,,-0.2623,-11.19,-1.8636,11.2,0.2354,-0.001,7.9227,0.9154,-0.0004,0.062
2865,Rally,None,1,-0.0117,53.4209,-0.0678,3.5,-15.5991,-2.4913,1.7784,5.4395,1,Run,0,9,Serve,-46.2978,-39.0123,-0.3611,0.8343,-10.7806,6.2355,0,0,Run,0,9,-50.8267,-60,0,0,Perfect,,-0.3019,-11.1885,-1.7836,11.2,0.2373,-0.0004,8.5,0.7486,-0.0003,0.0489
2866,Rally,None,1,-0.0117,53.6599,-0.0837,3.5,-15.5975,-2.4514,1.8054,5.1679,1,Run,0,9,Serve,-47.7742,-39.4216,-0.4194,0.8422,-10.7732,0.1992,0,0,Run,0,9,-49.8701,-53.9508,0,0,Perfect,,-0.3442,-11.1868,-1.7035,11.2,0.239,0.0002,8.3887,0.5655,-0.0001,0.0385
2867,Rally,None,1,-0.0117,53.9003,-0.1024,3.5,-15.5958,-2.3935,1.8407,4.7604,1,Run,0,9,Serve,-48.8319,-39.6102,-0.4989,0.849,-10.7679,1.5009,0,0,Run,0,9,-48.9676,-53.8315,0,0,Perfect,,-0.4129,-11.1842,-1.5834,11.2,0.2404,0.0005,8.2004,0.3889,0,0.0304
2868,Rally,None,1,-0.0117,54.1419,-0.1222,3.5,-15.594,-2.3564,1.8609,4.4888,1,Run,0,9,Serve,-49.4818,-39.4571,-0.5552,0.8535,-10.7642,2.1266,0,0,Run,0,9,-48.0986,-53.6351,3.6754,0,Perfect,,-0.4622,-11.1823,-1.5033,11.2,0.2416,0.0006,8.5,0.2326,0.0001,0.0239
2869,Rally,None,1,-0.0117,54.3847,-0.1452,3.5,-15.5921,-2.3027,1.886,4.0814,1,Run,0,9,Serve,-49.8158,-39.4228,-0.636,0.8522,-10.7611,0.8956,0,0,Run,0,9,-47.4278,-53.3927,1.6369,0,Perfect,,-0.5413,-11.1793,-1.3831,11.2,0.2427,0.0007,8.5,0.1805,0.0002,0.0189
2870,Rally,None,1,-0.0117,54.5957,-0.1691,3.5,-15.5901,-2.2683,1.8993,3.8097,1,Run,0,9,Serve,-49.8783,-39.4638,-0.6892,0.843,-10.7606,1.3987,0,0,Run,0,9,-47.1392,-53.0642,5.2855,0,Perfect,,-0.5975,-11.1771,-1.3031,11.2,0.211,0.0006,8.5,0.3214,0.0002,0.0149
2871,Rally,None,1,-0.0117,54.7792,-0.1942,3.5,-15.5881,-2.235,1.91,3.5381,1,Run,0,9,Serve,-49.7232,-39.6207,-0.7414,0.8219,-10.7616,0.2884,0,0,Run,0,9,-47.1246,-52.7458,1.2957,0,Perfect,,-0.6565,-11.1749,-1.223,11.2,0.1835,0.0005,8.5,0.5089,0.0002,0.0117
2872,Rally,None,1,-0.0117,54.9387,-0.2227,3.5,-15.5859,-2.1872,1.9208,3.1307,1,Run,0,9,Serve,-49.3891,-39.9138,-0.8244,0.8031,-10.7648,0,0,0,Run,0,9,-47.4475,-52.3794,1.4559,0,Perfect,,-0.7501,-11.1713,-1.1029,11.2,0.1595,0.0003,8.5,0.6849,0.0002,0.0092
2873,Rally,None,1,-0.0117,55.0773,-0.2523,3.5,-15.5837,-2.1567,1.9246,2.859,1,Run,0,9,Serve,-48.8027,-40.4135,-0.8735,0.7882,-10.7716,0,0,0,Run,0,9,-48.1402,-51.9027,0.0905,0,Perfect,,-0.8161,-11.1688,-1.0228,11.2,0.1387,0.0002,8.5,0.8777,0.0002,0.0073
2874,Rally,None,1,-0.0117,55.1979,-0.2854,3.5,-15.5812,-2.1131,1.9252,2.4516,1,Run,0,9,Serve,-48.0856,-41.1259,-0.9581,0.7723,-10.777,0,0,0,Run,0,9,-48.9835,-51.3922,1.0578,0,Perfect,,-0.9202,-11.1648,-0.9026,11.2,0.1205,0.0001,8.5,1.0474,0.0001,0.0057
2875,Rally,None,1,-0.0117,55.3026,-0.3195,3.5,-15.5787,-2.0853,1.9222,2.18,1,Run,0,9,Serve,-47.2948,-41.8702,-1.0116,0.7663,-10.7842,4.738,0,0,Run,0,9,-49.9688,-50.8042,2.7542,0,Perfect,,-0.993,-11.162,-0.8226,11.2,0.1048,0,8.5,1.1279,0.0001,0.0045
2876,Rally,None,1,-0.0117,55.3937,-0.3545,3.5,-15.5762,-2.0587,1.9164,1.9084,1,Run,0,9,Serve,-46.4555,-42.7214,-1.0676,0.7808,-10.794,1.4814,0,0,Run,0,9,-50.9816,-50.166,0.6497,0,Perfect,,-1.0687,-11.1591,-0.7425,11.2,0.0911,-0.0001,8.5,1.1519,0,0.0036
2877,Rally,None,1,-0.0117,55.473,-0.393,3.5,-15.5734,-2.0209,1.9027,1.5009,1,Run,0,9,Serve,-45.6933,-43.5831,-1.1592,0.7928,-10.8053,0.7638,0,0,Run,0,9,-51.7644,-49.6109,1.0623,0,Perfect,,-1.1798,-11.1549,-0.6224,11.2,0.0792,-0.0001,8.5,1.0795,0,0.0028
2878,Rally,None,1,-0.0117,55.5418,-0.4315,3.5,-15.5706,-1.9971,1.8902,1.2293,1,Run,0,9,Serve,-45.4714,-45.633,-1.2668,0.7943,-10.8112,3.6313,0,0,Run,0,9,-52.3812,-49.104,2.577,0,Perfect,,-1.2505,-11.1522,-0.5423,11.2,0.0689,-0.0001,4.7156,0.8293,0,0.0022
2879,Rally,None,1,-0.0117,55.6017,-0.4722,3.5,-15.5677,-1.9634,1.8662,0.8219,1,Run,0,9,Serve,-45.3826,-46.9833,-1.3666,0.7896,-10.8118,0.356,0,0,Run,0,9,-52.6625,-48.7629,0.336,0,Perfect,,-1.3512,-11.1483,-0.4221,11.2,0.0599,-0.0001,2.1274,0.4985,0,0.0017
2880,Rally,None,1,-0.0117,55.6537,-0.5122,3.5,-15.5648,-1.9424,1.8469,0.5502,1,Run,0,9,Serve,-45.5206,-48.1212,-1.4355,0.7867,-10.8088,0.5638,0,0,Run,0,9,-52.5521,-48.655,2.3496,0,Perfect,,-1.4153,-11.1452,-0.3421,11.2,0.052,0.0004,0.7069,0.1231,0,0.0014
2881,Rally,None,1,-0.0117,55.6989,-0.5515,3.5,-15.5615,-1.9224,1.8248,0.2786,1,Run,0,9,Serve,-45.7425,-48.6019,-1.5062,0.7957,-10.7985,0.4394,0,0,Run,0,9,-52.1445,-48.7641,0.8487,0,Perfect,,-1.4782,-11.1397,-0.262,11.2,0.0452,0.0017,1.8028,0.2874,0,0.0011
2882,Rally,None,1,-0.0117,55.7383,-0.5922,3.5,-15.557,-1.8946,1.7865,-0.1288,1,Backhand prepare 0.04,0,9,Serve,-46.0089,-48.8545,-1.5697,0.792,-10.795,3.3595,0.2083,0.1667,Run,0,9,-51.4439,-49.1234,0.3905,0,Perfect,,-1.5694,-11.1271,-0.1419,11.2,0.0393,0.0036,2.8372,1.9098,0,0.0009
2883,Rally,None,1,-0.0117,55.7725,-0.6318,3.5,-15.5516,-1.8774,1.7576,-0.4005,1,Backhand prepare 0.10,0,9,Serve,-46.1997,-47.6964,-1.5991,0.7751,-10.7822,0.3754,0.4167,0.3333,Run,0,9,-50.4877,-49.7406,0,0,Perfect,,-1.6279,-11.1161,-0.0618,11.2,0.0342,0.0063,4.5992,5.0903,0,0.0007
2884,Rally,None,1,-0.0117,55.7975,-0.6723,3.5,-15.5444,-1.8538,1.7092,-0.8079,1,Backhand prepare 0.14,0,9,Serve,-45.91,-45.9,-1.6409,0.7553,-10.7632,6.9159,0.625,0.5,Run,0,9,-49.5655,-50.4565,0,0,Perfect,,-1.7117,-11.0964,0,11.2,0.025,0.0093,5.2119,5.9189,0,0.0005
2885,Rally,None,1,-0.0117,55.8097,-0.7112,3.5,-15.5362,-1.8394,1.6735,-1.0795,1,Backhand prepare 0.20,0,9,Serve,-48.1613,-44.3891,-1.6976,0.7208,-10.7702,3.1255,0.8333,0.6667,Ready,0,9,-43.2626,-43.7908,3.4604,0,Perfect,,-1.7646,-11.0813,0,11.2,0.0122,0.0129,6.4692,5.8418,0,0.0004
2886,Rally,None,1,-0.0117,55.8107,-0.7487,3.5,-15.5269,-1.8261,1.635,-1.3511,1,Backhand prepare 0.24,0,9,Serve,-47.4871,-42.0781,-1.7473,0.7181,-10.7955,0.5054,1,0.8333,Ready,0,9,-31.8209,-32.7089,2.2413,0,Perfect,,-1.815,-11.0651,0,11.2,0.001,0.0165,6.6559,4.3347,0,0.0003
2887,Rally,None,1,-0.0117,55.7971,-0.7864,3.5,-15.5154,-1.8083,1.5723,-1.7586,1,Backhand prepare 0.27,0,9,Serve,-47.1325,-40.7382,-1.829,0.728,-10.7728,0.4496,1,1,Ready,0,9,-20.6188,-22.3568,0.6869,0,Perfect,,-1.8857,-11.0389,0,11.2,-0.0136,0.02,6.7888,3.0512,0,0.0003
2888,Rally,None,1,-0.0117,55.7756,-0.8223,3.5,-15.503,-1.7978,1.527,-2.0302,1,Backhand prepare 0.33,0,9,Serve,-46.4415,-41.2825,-2.098,0.783,-10.7558,0.3486,1,1,Ready,0,9,-11.4656,-13.7501,1.244,0,Perfect,,-1.9295,-11.0207,0,11.2,-0.0215,0.0235,7.6405,2.8119,0,0.0002
2889,Rally,None,1,-0.0117,55.7423,-0.8579,3.5,-15.4886,-1.7841,1.454,-2.4376,1,Backhand prepare 0.37,0,9,Serve,-46.7294,-42.588,-2.1476,0.8014,-10.6327,0.2464,1,1,Ready,0,9,-4.451,-7.0772,4.2217,0,Perfect,,-1.99,-10.9928,0,11.2,-0.0333,0.0268,7.5349,3.8198,0,0.0002
2890,Rally,None,1,-0.0117,55.7037,-0.8914,3.5,-15.4736,-1.7764,1.402,-2.7093,1,Backhand prepare 0.43,0,9,Serve,-47.1468,-45.265,-2.2082,0.8145,-10.6093,0.2524,1,1,Ready,0,9,1.0232,-2.0182,1.8111,0,Perfect,,-2.0268,-10.974,0,11.2,-0.0386,0.0299,8.203,4.6747,0,0.0001
2891,Rally,None,1,-0.0117,55.6605,-0.9231,3.5,-15.4582,-1.7698,1.3472,-2.9809,1,Backhand prepare 0.47,0,9,Serve,-46.6142,-46.3253,-2.2384,0.7743,-10.6158,0.4066,1,1,Ready,0,9,9.7757,6.4313,2.0421,0,Perfect,,-2.0623,-10.9554,0,11.2,-0.0433,0.0327,7.9772,5.2995,0,0.0001
2892,Rally,None,1,-0.0117,55.6084,-0.9549,3.5,-15.4413,-1.762,1.2599,-3.3883,1,Backhand prepare 0.51,0,9,Serve,-48.3112,-47.9683,-2.2404,0.7217,-10.6357,0.4066,1,1,Ready,0,9,11.4263,7.791,5.0643,0,Perfect,,-2.1204,-10.9291,0,11.2,-0.0521,0.0339,6.2512,5.529,0,0.0001
2893,Rally,None,1,-0.0117,55.5534,-0.9855,3.5,-15.4243,-1.7581,1.1983,-3.66,1,Forehand prepare 0.57,0,9,Serve,-31.1134,-23.3632,-1.6745,1.1871,-10.5613,0,1,1,Ready,0,9,12.8366,9.0405,0.3477,0,Perfect,,-2.162,-10.9107,0,11.2,-0.055,0.0319,2.5535,10.2708,0,0.0001
2894,Rally,None,1,-0.0117,55.4909,-1.0169,3.5,-15.4053,-1.7545,1.1008,-4.0674,1,Forehand prepare 0.61,0,9,Serve,-37.4281,-21.2571,-1.7587,1.2519,-10.56,0,1,1,Ready,0,9,13.7314,10.0439,0.5379,0,Perfect,,-2.2281,-10.8793,0,11.2,-0.0625,0.0266,1.6712,12.2726,0,0
2895,Rally,None,1,-0.0117,55.4268,-1.0474,3.5,-15.3858,-1.7534,1.0324,-4.339,1,Forehand prepare 0.67,0,9,Serve,-44.6526,-14.6145,-1.8176,1.3218,-10.6225,0,1,1,Ready,0,9,14.1331,10.6935,0.1072,0,Perfect,,-2.2743,-10.8556,0,11.2,-0.0642,0.0197,3.0589,15.6977,0,0
2896,Rally,None,1,-0.0117,55.3611,-1.0774,3.5,-15.3654,-1.7535,0.9612,-4.6106,1,Forehand prepare 0.71,0,9,Serve,-39.658,-4.1336,-1.8934,1.3947,-10.6837,0,1,1,Ready,0,9,13.9015,10.8322,2.6853,0,Perfect,,-2.3217,-10.8295,0,11.2,-0.0657,0.0125,3.9593,12.3336,0,0
2897,Rally,None,1,-0.0117,55.2889,-1.1084,3.5,-15.3421,-1.7556,0.8494,-5.0181,1,Forehand prepare 0.75,0,9,Serve,-35.4251,4.6703,-2.0164,1.458,-10.6854,2.385,1,1,Ready,0,9,13.314,10.5765,0.4377,0,Perfect,,-2.3902,-10.7874,0,11.2,-0.0721,0.006,4.6917,10.991,0,0
2898,Rally,None,1,-0.0117,55.2162,-1.1384,3.5,-15.3184,-1.7585,0.7715,-5.2897,1,Forehand prepare 0.81,0,9,Serve,-41.8576,5.7455,-2.0651,1.4927,-10.6509,2.1188,1,1,Ready,0,9,12.5248,9.9344,2.6108,0,Perfect,,-2.4328,-10.7606,0,11.2,-0.0727,0.0009,3.9617,11.877,0,0
2899,Rally,None,1,-0.0117,55.1382,-1.1687,3.5,-15.2929,-1.7648,0.6494,-5.6971,1,Forehand prepare 0.85,0,9,Serve,-50.909,4.2742,-2.0946,1.4742,-10.6297,1.5936,1,1,Ready,0,9,11.7051,9.0432,0.6361,0,Perfect,,-2.4921,-10.7231,0,11.2,-0.0781,-0.0024,2.873,11.7069,0,0
2900,Rally,None,1,-0.0117,55.0605,-1.1977,3.5,-15.2677,-1.7704,0.5647,-5.9688,1,Forehand prepare 0.91,0,9,Serve,-63.4957,-1.853,-2.0571,1.3531,-10.6459,2.6542,1,1,Ready,0,9,11.0696,7.9813,2.7771,0,Perfect,,-2.5287,-10.6999,0,11.2,-0.0777,-0.0024,3.3945,17.1469,0,0
2901,Rally,None,1,-0.0117,54.9831,-1.2255,3.5,-15.2429,-1.7772,0.4772,-6.2404,1,Forehand prepare 0.95,0,9,Serve,-62.546,-4.0567,-2.0462,1.1768,-10.6769,3.5891,1,1,Ready,0,9,10.5734,6.876,0.5249,0,Perfect,,-2.5634,-10.6785,0,11.2,-0.0773,0.0002,3.9956,18.5118,0,0
2902,Rally,None,1,-0.0117,54.9014,-1.2532,3.5,-15.2179,-1.7893,0.3409,-6.6478,1,Forehand prepare 0.99,0,9,Serve,-58.9511,-5.3286,-2.1171,0.9913,-10.663,4.2423,1,1,Ready,0,9,10.1797,5.833,0.6964,0,Perfect,,-2.6141,-10.6514,0,11.2,-0.0817,0.0047,4.228,17.8326,0,0
2903,Rally,None,1,-0.0117,54.8208,-1.2797,3.5,-15.1942,-1.7988,0.2466,-6.9195,1,Forehand prepare 1.00,0,9,Serve,-58.122,-6.1018,-2.1627,0.9401,-10.6557,2.9602,1,1,Ready,0,9,9.9809,4.9472,0.9915,0,Perfect,,-2.6468,-10.6366,0,11.2,-0.0806,0.0103,5.1227,14.4733,0,0
2904,Rally,None,1,-0.0117,54.7365,-1.306,3.5,-15.1714,-1.8152,0.1,-7.3269,1,Forehand prepare 1.00,1,0.1562,LowPickup,-58.601,-10.5978,-2.2042,0.9152,-10.6102,0.4589,1,1,Ready,0,9,10.0526,4.3513,3.4273,0,Perfect,,-2.6934,-10.6191,0,11.2,-0.0843,0.0208,5.1173,4.0938,0,0
2905,Rally,None,1,-0.0117,54.6591,-1.331,3.5,-15.1503,-1.8271,0.1376,-7.5904,1,Forehand swing,1,0.1395,LowPickup,-61.2303,-13.4496,-2.2528,0.8686,-10.5835,0.65,1,1,Ready,0,9,10.3566,4.0252,0.1737,0,Perfect,,-2.7225,-10.61,0,11.2,-0.0773,0.025,6.3983,0.5623,0,0
2906,Rally,None,1,-0.0117,54.5825,-1.3546,3.5,-15.1309,-1.8397,0.2107,-7.8457,1,Forehand swing,1,0.1228,LowPickup,-61.8572,-16.3752,-2.2937,0.8368,-10.5609,0.1222,1,1,Ready,0,9,10.8702,4.0156,0.4349,0,Perfect,,-2.7489,-10.6018,0,11.2,-0.0766,0.0284,6.3731,0,0,0
2907,Rally,None,1,-0.0117,54.5019,-1.3777,3.5,-15.1126,-1.8608,0.3152,-8.2287,1,Forehand swing,1,0.0978,LowPickup,-61.4811,-20.8572,-2.3809,0.7815,-10.4904,0.1395,1,1,Ready,0,9,11.631,4.2669,0.7024,0,Perfect,,-2.7836,-10.591,0,11.2,-0.0806,0.0311,6.4586,0,0,0
2908,Rally,None,1,-0.0117,54.4226,-1.3991,3.5,-15.0959,-1.8762,0.3815,-8.484,1,Forehand swing,1,0.0812,LowPickup,-58.8294,-27.5307,-2.485,0.7456,-10.3948,0.3419,1,1,Ready,0,9,12.7348,4.7486,0.7775,0,Perfect,,-2.8034,-10.5848,0,11.2,-0.0793,0.0336,6.3317,0,0,0
2909,Rally,None,1,-0.0117,54.3397,-1.4195,3.5,-15.0804,-1.9015,0.4759,-8.867,1,Forehand swing,1,0.0562,LowPickup,-54.6931,-34.3221,-2.5703,0.7403,-10.3279,0.4624,1,1,Ready,0,9,13.9724,5.3773,0.7563,0,Perfect,,-2.8281,-10.5771,0,11.2,-0.0829,0.0357,5.3016,0,0,0
2910,Rally,None,1,-0.0117,54.2585,-1.4382,3.5,-15.0664,-1.9197,0.5354,-9.1223,1,Forehand swing,1,0.0395,LowPickup,-46.8422,-39.8626,-2.6905,0.7384,-10.278,3.2148,1,1,Ready,0,9,15.2283,6.0736,0.6589,0,Perfect,,-2.8412,-10.573,0,11.2,-0.0813,0.0379,4.744,0,0,0
2911,Rally,None,1,-0.0117,54.1787,-1.4553,3.5,-15.0537,-1.939,0.5921,-9.3777,1,Forehand swing,1,0.026,LowPickup,-24.6918,-26.6721,-2.1505,0.9406,-9.9852,21.305,1,1,Ready,0,9,16.3692,6.8302,0.552,0,Perfect,,-2.8517,-10.5697,0,11.2,-0.0798,0.0396,3.5932,0,0,0
2912,Rally,None,1,-0.0117,54.0955,-1.4708,3.5,-15.0423,-1.9701,0.6721,-9.7607,1,Forehand swing,1,0.0104,LowPickup,-19.7879,-25.9862,-2.0982,0.9727,-9.9616,0,1,1,Ready,0,9,17.2331,7.6454,0.4195,0,Perfect,,-2.8625,-10.5664,0,11.2,-0.0831,0.0409,3.543,0,0,0
2913,Rally,None,1,-0.0117,54.0177,-1.4846,3.5,-15.0322,-1.9922,0.7221,-10.016,1,Forehand swing,1,0,LowPickup,-26.2074,-35.371,-2.0963,1.0009,-9.9702,9.8221,1,1,Ready,0,9,17.8414,8.4811,0.2808,0,Perfect,,-2.8664,-10.5652,0,11.2,-0.0778,0.042,3.825,0,0,0
2914,Rally,None,1,-0.0117,53.9501,-1.4967,3.5,-15.0234,-2.0274,0.7919,-10.399,1,Forehand swing,1,-0.025,LowPickup,-21.8458,-33.908,-2.4781,0.7686,-10.0501,4.2186,1,1,Ready,0,9,18.1145,9.3064,0.0337,0,Perfect,,-2.8676,-10.5648,0,11.2,-0.0676,0.0429,3.7571,0,0,0
2915,Rally,None,1,-0.0117,53.8913,-1.5072,3.5,-15.0158,-2.0523,0.835,-10.6543,1,Forehand follow,1,-0.0417,LowPickup,-19.1044,-30.7793,-2.4681,0.8061,-10.0168,1.33,1,1,Ready,0,9,18.2035,10.1174,0.0759,0,Perfect,,-2.8676,-10.5648,0,11.2,-0.0588,0.0429,3.4688,0,0,0
2916,Rally,None,1,-0.0117,53.8402,-1.5164,3.5,-15.0091,-2.0783,0.8754,-10.9096,1,Forehand follow,1,-0.0583,LowPickup,-17.5928,-31.0638,-2.4632,0.8485,-9.977,1.0029,1,1,Ready,0,9,18.1741,10.8769,0.0335,0,Perfect,,-2.8676,-10.5648,0,11.2,-0.0511,0.0415,2.7338,0,0,0
2917,Rally,None,1,-0.0117,53.7957,-1.5243,3.5,-15.0033,-2.1193,0.9309,-11.2926,1,Forehand follow,1,-0.0833,LowPickup,-17.9505,-33.2406,-2.481,0.9141,-9.9308,0.4954,1,1,Ready,0,9,18.1651,11.5776,0.0488,0,Perfect,,-2.8676,-10.5648,0,11.2,-0.0444,0.0383,2.1546,0,0,0
2918,Rally,None,1,-0.0117,53.7571,-1.5312,3.5,-14.9983,-2.1481,0.9645,-11.548,1,Forehand follow,1,-0.1,LowPickup,-19.0788,-33.6878,-2.4953,0.9643,-9.9127,0.3973,1,1,Ready,0,9,18.3692,12.1657,0.04,0,Perfect,,-2.8676,-10.5648,0,11.2,-0.0386,0.0337,2.2222,0.3268,0,0
2919,Rally,None,1,-0.0117,53.7235,-1.5372,3.5,-14.9939,-2.1933,1.0098,-11.9309,1,Forehand follow,1,-0.125,LowPickup,-21.8187,-36.3072,-2.5408,1.0285,-9.8993,0.0717,1,1,Ready,0,9,18.6394,12.6445,0.0396,0,Perfect,,-2.8676,-10.5648,0,11.2,-0.0336,0.0282,2.1645,0.8268,0,0
2920,Rally,None,1,-0.0117,53.6943,-1.5424,3.5,-14.9901,-2.2249,1.0366,-12.1863,1,Forehand follow,1,-0.1417,LowPickup,-25.7205,-39.008,-2.5749,1.0681,-9.8932,0.2839,1,1,Ready,0,9,18.9414,13.0342,0.0174,0,Perfect,,-2.8676,-10.5648,0,11.2,-0.0292,0.0224,2.0314,1.947,0,0
2921,Rally,None,1,-0.0117,53.6689,-1.547,3.5,-14.9868,-2.2575,1.0607,-12.4416,1,Forehand follow,1,-0.1583,LowPickup,-29.0301,-41.9375,-2.602,1.1034,-9.8921,0.1858,1,1,Ready,0,9,19.1567,13.2645,0.0852,0,Perfect,,-2.8676,-10.5648,0,11.2,-0.0254,0.0168,1.8473,2.5186,0,0
2922,Rally,None,1,-0.0117,53.6469,-1.5509,3.5,-14.9839,-2.3086,1.0916,-12.8246,1,Forehand follow,1,-0.1833,LowPickup,-33.5779,-46.9972,-2.7033,1.1864,-9.9235,0.1793,1,1,Ready,0,9,19.1721,13.307,0.2216,0,Perfect,,-2.8676,-10.5648,0,11.2,-0.0221,0.0118,1.4559,2.7145,0,0
2923,Rally,None,1,-0.0117,53.6277,-1.5544,3.5,-14.9814,-2.344,1.1089,-13.0799,1,Forehand follow,1,-0.2,LowPickup,-35.4917,-51.1958,-2.7936,1.2385,-9.9676,0.328,1,1,Ready,0,9,18.9766,13.1559,0.1645,0,Perfect,,-2.8676,-10.5648,0,11.2,-0.0192,0.0077,1.1475,4.1782,0,0
2924,Rally,None,1,-0.0117,53.611,-1.5573,3.5,-14.9792,-2.3993,1.1296,-13.4629,1,Forehand follow,1,-0.225,LowPickup,-38.1805,-57.5998,-2.9152,1.2916,-10.0529,1.8216,1,1,Ready,0,9,18.4819,12.7954,0.1562,0,Perfect,,-2.8676,-10.5648,0,11.2,-0.0167,0.0044,0.9043,4.8936,0,0
2925,Rally,None,1,-0.0117,53.5965,-1.5599,3.5,-14.9774,-2.4375,1.1401,-13.7182,1,Forehand follow,1,-0.2417,LowPickup,-37.199,-61.7387,-3.0057,1.2903,-10.1174,13.8052,1,1,Ready,0,9,17.8223,12.2902,0.2568,0,Perfect,,-2.8676,-10.5648,0,11.2,-0.0145,0.0022,0.7127,6.5506,0,0
2926,Rally,None,1,-0.0117,53.5839,-1.5622,3.5,-14.9757,-2.4768,1.1478,-13.9736,1,Forehand follow,1,-0.2583,LowPickup,-36.9755,-66.2579,-3.0754,1.2791,-10.169,0.2183,1,1,Ready,0,9,17.0527,11.6598,0.5314,0,Perfect,,-2.8676,-10.5648,0,11.2,-0.0126,0.0007,0.5617,7.1804,0,0
2927,PointOver,Reaction,1,-0.0117,38,-0.9,1.185,8.2,-2.5379,1.1542,-14.3566,0,Forehand follow,0,9,LowPickup,-36.4744,-70.7244,-3.1013,1.2591,-10.1468,0.1336,1,1,Ready,0,9,16.2914,10.994,0.4911,0,Perfect,,-2.8656,-10.5652,0,11.2,-15.5839,-0.0001,0.4427,7.5238,0,0
2928,PointOver,Reaction,1,-0.0117,38,-0.9,1.185,8.2072,-2.58,1.1551,-14.6119,0,MatchLose,0,9,LowPickup,-22.5383,-59.0526,-2.919,1.2542,-9.9814,0.3484,1,0.8333,HitPerfect,0,9,15.646,10.3201,0.2144,0,Perfect,,-2.8608,-10.5663,0,11.2,0,-0.0001,0.4427,7.5238,0,0
2929,PointOver,Reaction,1,-0.0117,38,-0.9,1.185,8.2145,-2.6452,1.1514,-14.9949,0,MatchLose,0,9,LowPickup,-7.438,-42.4167,-2.8904,1.2042,-10.0964,0.9104,1,0.6667,HitPerfect,0,9,15.1029,9.6589,0.1482,0,Perfect,,-2.8486,-10.569,0,11.2,0,0.0016,3.5243,6.9928,0,0
2930,PointOver,Reaction,1,-0.0117,38,-0.9,1.185,8.2217,-2.6901,1.1455,-15.2502,0,MatchLose,0,9,LowPickup,7.522,-25.0884,-2.7283,1.1151,-10.0885,1.2254,1,0.5,HitPerfect,0,9,14.6114,8.9364,0.2323,0,Perfect,,-2.8371,-10.5715,0,11.2,0,0.0058,5.1611,9.9026,0,0
2931,PointOver,Reaction,1,-0.0117,38,-0.9,1.185,8.229,-2.7361,1.1368,-15.5055,0,MatchLose,0,9,LowPickup,20.8744,-9.0056,-2.5863,1.0247,-10.1384,1.3465,1,0.3333,HitPerfect,0,9,13.9478,7.8987,0.2626,0,Perfect,,-2.8229,-10.5747,0,11.2,0,0.0116,5.6566,11.049,0,0
2932,PointOver,Reaction,1,-0.0117,38,-0.9,1.185,8.2362,-2.8071,1.1187,-15.8885,0,MatchLose,0,9,LowPickup,32.4524,5.5292,-2.4682,0.9495,-10.2235,1.3197,1,0.1667,HitPerfect,0,9,12.9095,6.3282,0.3084,0,Perfect,,-2.7964,-10.5805,0,11.2,0,0.0178,6.0471,10.5408,0,0
2933,PointOver,Reaction,1,-0.0117,38,-0.9,1.185,8.2435,-2.8559,1.1033,-16.1438,0,MatchLose,0,9,LowPickup,42.5719,18.5817,-2.3882,0.8892,-10.3176,1.246,1,0,HitPerfect,0,9,11.3047,4.0654,0.2419,0,Perfect,,-2.7754,-10.5852,0,11.2,0,0.0242,7.1495,8.8411,0,0
2934,PointOver,Reaction,1,-0.0117,38,-0.9,1.185,8.2507,-2.9311,1.075,-16.5268,0,MatchLose,0,9,LowPickup,51.6432,30.6268,-2.3201,0.8471,-10.4127,1.2427,1,0,HitPerfect,0,9,9.0956,1.127,0.1315,0,Perfect,,-2.7388,-10.5933,0,11.2,0,0.0301,7.2237,6.4877,0,0
2935,PointOver,Reaction,1,-0.0117,38,-0.9,1.185,8.258,-2.9827,1.0527,-16.7822,0,MatchLose,0,9,LowPickup,59.6016,41.4304,-2.2832,0.8101,-10.5002,1.0158,1,0,HitPerfect,0,9,6.3652,-2.373,0.2915,0,Perfect,,-2.711,-10.5995,0,11.2,0,0.0352,8.0768,4.1073,0,0
2936,PointOver,Reaction,1,-0.0117,38,-0.9,1.185,8.2652,-3.0353,1.0277,-17.0375,0,MatchLose,0,9,LowPickup,66.7369,51.5051,-2.2634,0.7826,-10.5795,0.8379,1,0,HitPerfect,0,9,3.4046,-6.0986,0.5539,0,Perfect,,-2.6805,-10.6062,0,11.2,0,0.039,7.9546,2.291,0,0
2937,PointOver,Reaction,1,-0.0117,38,-0.9,1.185,8.2725,-3.1164,0.9851,-17.4205,0,MatchLose,0,9,LowPickup,73.0113,60.6583,-2.241,0.7568,-10.6538,0.548,1,0,HitPerfect,0,9,0.5326,-9.6632,0,0,Perfect,,-2.6296,-10.6175,0,11.2,0,0.0414,7.8583,2.068,0,0
2938,PointOver,Reaction,1,-0.0117,38,-0.9,1.185,8.2797,-3.1718,0.9533,-17.6758,0,MatchLose,0,9,LowPickup,78.7981,68.9762,-2.2413,0.7304,-10.7167,2.6507,1,0,HitPerfect,0,9,-1.7332,-12.4877,0,0,Perfect,,-2.5923,-10.6258,0,11.2,0,0.0428,8.5,2.8055,0,0
2939,PointOver,Reaction,1,-0.0117,38,-0.9,1.185,8.287,-3.2571,0.9005,-18.0588,0,MatchLose,0,9,LowPickup,84.2559,76.8583,-2.2251,0.7101,-10.7779,0.7894,1,0,HitPerfect,0,9,-3.5825,-14.7834,0,0,Perfect,,-2.5313,-10.6393,0,11.2,0,0.0431,8.3487,3.3791,0,0
2940,PointOver,Reaction,1,-0.0117,38,-0.9,1.185,8.2942,-3.3153,0.8619,-18.3141,0,MatchLose,0,9,LowPickup,75.553,69.8775,-2.1934,0.6917,-10.7613,2.0665,1,0,HitPerfect,0,9,-5.1152,-16.6626,0,0,Perfect,,-2.4872,-10.649,0,11.2,0,0.0428,8.5,3.5109,0,0
2941,PointOver,Reaction,1,-0.0117,38,-0.9,1.185,8.3014,-3.3746,0.8206,-18.5695,0,MatchLose,0,9,LowPickup,66.879,62.6993,-2.1566,0.6774,-10.752,2.0309,1,0,HitPerfect,0,9,-6.4442,-18.2128,0,0,Perfect,,-2.4405,-10.6594,0,11.2,0,0.0418,8.5,3.2085,0,0
2942,PointOver,Reaction,1,-0.0117,38,-0.9,1.185,8.3087,-3.4657,0.7534,-18.9525,0,MatchLose,0,9,LowPickup,58.3294,55.4303,-2.0844,0.6681,-10.7535,1.6451,1,0,HitPerfect,0,9,-7.57,-19.4193,0,0,Perfect,,-2.3652,-10.6761,0,11.2,0,0.04,8.409,2.5781,0,0
2943,PointOver,Reaction,1,-0.0117,38,-0.9,1.185,8.3159,-3.5278,0.7053,-19.2078,0,MatchLose,0,9,LowPickup,50.1018,48.1654,-2.0202,0.6674,-10.7481,19.9565,1,0,HitPerfect,0,9,-8.4956,-20.3083,0,0,Perfect,,-2.3116,-10.6879,0,11.2,0,0.0379,8.5,1.7539,0,0
2944,PointOver,Reaction,1,-0.0117,38,-0.9,1.185,8.3232,-3.623,0.628,-19.5908,0,MatchLose,0,9,LowPickup,42.2772,41.0387,-1.9289,0.6677,-10.7479,1.6055,1,0,HitPerfect,0,9,-9.2364,-20.9117,0,0,Perfect,,-2.2262,-10.7069,0,11.2,0,0.0355,8.5,1.0468,0,0
2945,PointOver,Reaction,1,-0.0117,38,-0.9,1.185,8.3304,-3.6879,0.573,-19.8461,0,MatchLose,0,9,LowPickup,35.0099,34.0503,-1.8659,0.6665,-10.7368,1.3062,1,0,HitPerfect,0,9,-9.7997,-21.2488,0,0,Perfect,,-2.1659,-10.7202,0,11.2,0,0.0328,8.5,1.1582,0,0
2946,PointOver,Reaction,1,-0.0117,38,-0.9,1.185,8.3377,-3.7539,0.5153,-20.1014,0,MatchLose,0,9,LowPickup,27.9604,27.0671,-1.8018,0.664,-10.7255,1.1987,1,0,HitPerfect,0,9,-10.2016,-21.3493,0,0,Perfect,,-2.1028,-10.7342,0,11.2,0,0.0298,8.5,1.7822,0,0
2947,PointOver,Reaction,1,-0.0117,38,-0.9,1.185,8.3449,-3.8549,0.4236,-20.4844,0,MatchLose,0,9,LowPickup,20.9838,20.0246,-1.7061,0.6601,-10.7245,1.1622,1,0,HitPerfect,0,9,-10.4551,-21.2504,0.6959,0,Perfect,,-2.0031,-10.7563,0,11.2,0,0.0262,8.5,2.2904,0,0
2948,PointOver,Reaction,1,-0.0117,38,-0.9,1.185,8.3522,-3.9237,0.3591,-20.7398,0,MatchLose,0,9,LowPickup,13.998,12.8997,-1.6436,0.657,-10.7178,3.4499,1,0,HitPerfect,0,9,-10.5773,-20.9881,0.2998,0,Perfect,,-1.9348,-10.7714,0,11.2,0,0.0223,8.5,2.5568,0,0
2949,PointOver,Reaction,1,-0.0117,38,-0.9,1.185,8.3594,-4.0289,0.2573,-21.1228,0,MatchLose,0,9,LowPickup,7.0058,5.9117,-1.5463,0.6575,-10.7204,26.6719,1,0,HitPerfect,0,9,-10.5837,-20.5886,0.1081,0,Perfect,,-1.8323,-10.7941,0,11.2,0,0.0177,7.5236,2.5975,0,0
2950,PointOver,Reaction,1,-0.0117,38,-0.9,1.185,8.3667,-4.1005,0.186,-21.3781,0,MatchLose,0,9,LowPickup,0.0079,-0.9559,-1.4472,0.6679,-10.7005,1.1167,1,0,HitPerfect,0,9,-10.4881,-20.0764,0.1327,0,Perfect,,-1.7639,-10.8093,0,11.2,0,0.0127,5.9295,2.4588,0,0
2951,PointOver,Reaction,1,-0.0117,38,-0.9,1.185,8.3739,-4.1731,0.1119,-21.6334,0,MatchLose,0,9,LowPickup,0.0049,-0.9232,-1.373,0.667,-10.7355,0.0458,1,0,HitPerfect,0,9,-10.3114,-19.4791,0.0924,0,Perfect,,-1.6956,-10.8244,0,11.2,0,0.0077,4.6732,2.1951,0,0
2952,PointOver,Reaction,1,-0.0117,38,-0.9,1.185,8.3812,-4.2798,0.1562,-22.0011,0,MatchLose,0,9,LowPickup,0.0031,-0.8913,-1.2286,0.6766,-10.7667,0.0366,1,0,HitPerfect,0,9,-10.0676,-18.8158,0.0758,0,Perfect,,-1.5931,-10.8471,0,11.2,0,0.0033,3.6831,1.8638,0,0
2953,PointOver,Reaction,1,-0.0117,38,-0.9,1.185,8.3884,-4.3508,0.2097,-22.2411,0,MatchLose,0,9,LowPickup,0.0019,-0.8541,-1.1555,0.6753,-10.8031,3.7096,1,0,HitPerfect,0,9,-9.7689,-18.1011,0.0614,0,Perfect,,-1.5247,-10.8622,0,11.2,0,-0.0001,2.9028,1.5097,0,0
2954,PointOver,Reaction,1,-0.0117,38,-0.9,1.185,8.3957,-4.4594,0.2848,-22.6011,0,MatchLose,0,9,LowPickup,0.0012,-0.8079,-1.0492,0.6763,-10.8006,22.724,1,0,HitPerfect,0,9,-9.4264,-17.347,0.049,0,Perfect,,-1.4222,-10.8849,0,11.2,0,-0.0024,2.2877,1.1737,0,0
2955,PointOver,Reaction,1,-0.0117,38,-0.9,1.185,8.4029,-4.5332,0.3315,-22.8411,0,MatchLose,0,9,LowPickup,0.0007,-0.7512,-0.9776,0.6712,-10.8346,0.0252,1,0,HitPerfect,0,9,-9.0459,-16.5604,0.0397,0,Perfect,,-1.3539,-10.9001,0,11.2,0,-0.0036,1.803,0.8811,0,0
2956,PointOver,Reaction,1,-0.0117,38,-0.9,1.185,8.4101,-4.6081,0.3754,-23.0811,0,MatchLose,0,9,LowPickup,0.0005,-0.6842,-0.82,0.7067,-10.9125,0.0193,1,0,HitPerfect,0,9,-8.6353,-15.749,0.0323,0,Perfect,,-1.2855,-10.9152,0,11.2,0,-0.004,1.421,0.6441,0,0
2957,PointOver,Reaction,1,-0.0117,38,-0.9,1.185,8.4174,-4.7225,0.4363,-23.4412,0,MatchLose,0,9,LowPickup,0.0003,-0.6086,-0.716,0.7072,-10.9506,2.4948,1,0,HitPerfect,0,9,-8.2006,-14.918,0.0263,0,Perfect,,-1.183,-10.9379,0,11.2,0,-0.0038,1.1199,0.4698,0,0
2958,PointOver,Reaction,1,-0.0117,38,-0.9,1.185,8.4246,-4.8002,0.4734,-23.6812,0,MatchLose,0,9,LowPickup,0.0002,-0.5274,-0.6466,0.7081,-10.9792,18.7741,1,0,HitPerfect,0,9,-7.7482,-14.0727,0.0213,0,Perfect,,-1.1147,-10.9531,0,11.2,0,-0.0032,0.8827,0.3426,0,0
2959,PointOver,Reaction,1,-0.0117,38,-0.9,1.185,8.4319,-4.9188,0.524,-24.0412,0,MatchLose,0,9,LowPickup,0.0001,-0.4439,-0.5433,0.7093,-11.0134,21.9513,1,0,HitPerfect,0,9,-7.2834,-13.2179,0.0173,0,Perfect,,-1.0122,-10.9758,0,11.2,0,-0.0023,0.6957,0.2564,0,0
2960,PointOver,Reaction,1,-0.0117,38,-0.9,1.185,8.4391,-4.9992,0.5543,-24.2812,0,MatchLose,0,9,LowPickup,0.0001,-0.3619,-0.5958,0.683,-11.1251,0.0056,1,0,HitPerfect,0,9,-6.8099,-12.3569,0.014,0,Perfect,,-0.9438,-10.9909,0,11.2,0,-0.0014,0.5483,0.1978,0,0
2961,PointOver,Reaction,1,-0.0117,38,-0.9,1.185,8.4464,-5.0808,0.5819,-24.5212,0,MatchLose,0,9,LowPickup,0,-0.2849,-0.5263,0.6856,-11.1464,2.4671,1,0,HitPerfect,0,9,-6.3516,-11.5093,0.0178,0,Perfect,,-0.8755,-11.0061,0,11.2,0,-0.0007,0.4321,0.1631,0,0
2962,PointOver,Reaction,1,-0.0117,38,-0.9,1.185,8.4536,-5.2052,0.6182,-24.8812,0,MatchLose,0,9,LowPickup,0,-0.2155,-0.4229,0.6878,-11.1737,16.5346,1,0,HitPerfect,0,9,-5.8598,-10.6382,0.0037,0,Perfect,,-0.773,-11.0288,0,11.2,0,-0.0001,0.3405,0,0,0
2963,PointOver,Reaction,1,-0.0117,38,-0.9,1.185,8.4609,-5.2895,0.639,-25.1212,0,MatchLose,0,9,LowPickup,0,-0.1558,-0.3539,0.6894,-11.1917,3.5151,1,0,HitPerfect,0,9,-5.2312,-9.6646,0.0478,0,Perfect,,-0.7046,-11.0439,0,11.2,0,0.0004,0.2684,0.2131,0,0
2964,PointOver,Reaction,1,-0.0117,38,-0.9,1.185,8.4681,-5.4181,0.6651,-25.4812,0,MatchLose,0,9,LowPickup,0,-0.1069,-0.2509,0.6905,-11.2159,21.7736,1,0,HitPerfect,0,9,-4.4221,-8.5753,0.1222,0,Perfect,,-0.6021,-11.0666,0,11.2,0,0.0006,0.2115,0.2961,0,0
2965,PointOver,Reaction,1,-0.0117,38,-0.9,1.185,8.4754,-5.5053,0.679,-25.7212,0,MatchLose,0,9,LowPickup,0,-0.069,-0.1838,0.6911,-11.2311,2.8066,1,0,HitPerfect,0,9,-3.3974,-7.3589,0.2126,0,Perfect,,-0.5352,-11.0815,0,11.2,0,0.0007,0.1667,0.369,0,0
2966,PointOver,Reaction,1,-0.0117,38,-0.9,1.185,8.4826,-5.5935,0.6903,-25.9612,0,MatchLose,0,9,LowPickup,0.0003,0.6035,-0.1174,0.6992,-11.2448,18.3982,1,0,HitPerfect,0,9,-2.239,-6.1082,0.2815,0,Perfect,,-0.4709,-11.0957,0,11.2,0,0.0013,1.0878,0.3996,0,0
2967,PointOver,Reaction,1,-0.0117,38,-0.9,1.185,8.4899,-5.7279,0.7021,-26.3213,0,MatchLose,0,9,LowPickup,0.0013,1.3338,-0.0241,0.7081,-11.2643,0.0496,1,0,HitPerfect,0,9,-0.9954,-4.8782,0.3374,0,Perfect,,-0.3797,-11.1159,0,11.2,0,0.0031,2.4463,0.3836,0,0
2968,PointOver,Reaction,1,-0.0117,38,-0.9,1.185,8.4971,-5.8189,0.7065,-26.5613,0,MatchLose,0,9,LowPickup,0.0042,2.3412,0.0359,0.7189,-11.2757,0.0685,1,0,HitPerfect,0,9,0.3529,-3.6656,0.3997,0,Perfect,,-0.3222,-11.1286,0,11.2,0,0.0065,4.3116,0.3334,0,0
2969,PointOver,Reaction,1,-0.0117,38,-0.9,1.185,8.5043,-5.9575,0.708,-26.9213,0,MatchLose,0,9,LowPickup,0.0056,2.6982,0.1178,0.7194,-11.2928,4.0883,1,0,HitPerfect,0,9,1.7304,-2.5413,0.4386,0,Perfect,,-0.2412,-11.1466,0,11.2,0,0.0112,4.9871,0.2683,0,0
2970,PointOver,Reaction,1,-0.0117,38,-0.9,1.185,8.5116,-6.0513,0.7057,-27.1613,0,MatchLose,0,9,LowPickup,0.009,3.4099,0.2503,0.7354,-11.2211,25.5719,1,0,HitPerfect,0,9,3.1185,-1.5244,0.473,0,Perfect,,-0.1905,-11.1578,0,11.2,0,0.0169,6.3141,0.1938,0,0
2971,PointOver,Reaction,1,-0.0117,38,-0.9,1.185,8.5188,-6.1462,0.7006,-27.4013,0,MatchLose,0,9,LowPickup,0.0097,3.5271,0.2983,0.7318,-11.2311,18.9755,1,0,HitPerfect,0,9,4.4799,-0.6411,0.4822,0,Perfect,,-0.1425,-11.1684,0,11.2,0,0.0227,6.5653,0,0,0
2972,PointOver,Reaction,1,-0.0117,38,-0.9,1.185,8.5261,-6.2906,0.6878,-27.7613,0,MatchLose,0,9,LowPickup,0.0103,3.6146,0.3652,0.7283,-11.2454,0.0072,1,0,HitPerfect,0,9,5.803,0.1067,0.4909,0,Perfect,,-0.0757,-11.1832,0,11.2,0,0.0281,6.7634,0,0,0
2973,PointOver,Reaction,1,-0.0117,38,-0.9,1.185,8.5333,-6.3883,0.6759,-28.0013,0,MatchLose,0,9,LowPickup,0.0134,4.1167,0.4064,0.7317,-11.2541,0.0346,1,0,HitPerfect,0,9,7.0641,0.7118,0.4987,0,Perfect,,-0.0345,-11.1924,0,11.2,0,0.0331,7.714,0,0,0
2974,PointOver,Reaction,1,-0.0117,38,-0.9,1.185,8.5406,-6.5369,0.6529,-28.3613,0,MatchLose,0,9,LowPickup,0.0133,4.072,0.4409,0.7274,-11.2613,0.0016,1,0,HitPerfect,0,9,8.2458,1.1795,0.4891,0,Perfect,,0,-11.2,0,11.2,0,0.0371,7.6686,0,0,0
2975,PointOver,Reaction,1,-0.0117,38,-0.9,1.185,8.5478,-6.6373,0.6342,-28.6014,0,MatchLose,0,9,LowPickup,0.0082,3.1715,0.3599,0.6992,-11.343,0.0605,1,0,HitPerfect,0,9,9.3386,1.5179,0.4715,0,Perfect,,0,-11.2,0,11.2,0,0.039,6.0439,0,0,0
2976,PointOver,Reaction,1,-0.0117,38,-0.9,1.185,8.5551,-6.7389,0.6127,-28.8414,0,MatchLose,0,9,LowPickup,0.0051,2.4732,0.3584,0.6902,-11.3435,0.0474,1,0,HitPerfect,0,9,10.3225,1.7386,0.4402,0,Perfect,,0,-11.2,0,11.2,0,0.0384,4.7633,0,0,0
2977,PointOver,Reaction,1,-0.0117,38,-0.9,1.185,8.5623,-6.8933,0.5755,-29.2014,0,MatchLose,0,9,LowPickup,0.0032,1.9305,0.3571,0.6855,-11.3437,0.0373,1,0,HitPerfect,0,9,11.1908,1.8563,0.4007,0,Perfect,,0,-11.2,0,11.2,0,0.0355,3.7541,0,0,0
2978,PointOver,Reaction,1,-0.0117,38,-0.9,1.185,8.5696,-6.9977,0.5472,-29.4414,0,MatchLose,0,9,LowPickup,0.002,1.5083,0.356,0.6841,-11.3438,0.0293,1,0,HitPerfect,0,9,11.9302,1.8866,3.5742,0,Perfect,,0,-11.2,0,11.2,0,0.0309,2.9587,0,0,0
2979,PointOver,Reaction,1,-0.0117,38,-0.9,1.185,8.5768,-7.1563,0.4997,-29.8014,0,MatchLose,0,9,LowPickup,0.0012,1.1796,0.3551,0.6851,-11.3438,0.023,1,0,HitPerfect,0,9,12.5269,1.8456,18.8492,0,Perfect,,0,-11.2,0,11.2,0,0.0253,2.3318,0,0,0
2980,PointOver,Reaction,1,-0.0117,38,-0.9,1.185,8.5841,-7.2634,0.4646,-30.0414,0,MatchLose,0,9,LowPickup,0.0008,0.9234,0.3544,0.6873,-11.3437,0.0181,1,0,HitPerfect,0,9,12.9745,1.7483,0.2211,0,Perfect,,0,-11.2,0,11.2,0,0.0195,1.8378,0,0,0
2981,PointOver,Reaction,1,-0.0117,38,-0.9,1.185,8.5913,-7.3716,0.4268,-30.2814,0,MatchLose,0,9,LowPickup,0.0005,0.7235,0.3538,0.69,-11.3434,0.0143,1,0,HitPerfect,0,9,13.2378,1.5996,0.1311,0,Perfect,,0,-11.2,0,11.2,0,0.014,1.4484,0,0,0
2982,PointOver,Reaction,1,-0.0117,38,-0.9,1.185,8.5986,-7.536,0.365,-30.6414,0,MatchLose,0,9,LowPickup,0.0003,0.5675,0.3533,0.6911,-11.3431,0.0112,1,0,Ready,0,9,13.2496,1.4718,0.0106,0,Perfect,,0,-11.2,0,11.2,0,0.0092,1.1415,0,0,0
2983,PointOver,Reaction,1,-0.0117,38,-0.9,1.185,8.6058,-7.6471,0.3204,-30.8814,0,MatchLose,0,9,LowPickup,0.0002,0.4456,0.3529,0.6936,-11.3428,0.0089,1,0,Ready,0,9,13.2787,1.4913,0.0432,0,Perfect,,0,-11.2,0,11.2,0,0.0054,0.8997,0,0,0
2984,PointOver,Reaction,1,-0.0117,38,-0.9,1.185,8.613,-7.8156,0.2484,-31.2415,0,MatchLose,0,9,LowPickup,0.0001,0.3501,0.3526,0.6955,-11.3423,0.007,1,0,Ready,0,9,13.3201,1.6079,0.0613,0,Perfect,,0,-11.2,0,11.2,0,0.0025,0.7091,0,0,0
2985,PointOver,Reaction,1,-0.0117,38,-0.9,1.185,8.6203,-7.9294,0.1969,-31.4815,0,MatchLose,0,9,LowPickup,0.0001,0.2753,0.3523,0.6973,-11.3419,0.0055,1,0,Ready,0,9,13.3676,1.7608,0.0442,0,Perfect,,0,-11.2,0,11.2,0,0.0006,0.5588,0,0,0
2986,PointOver,Reaction,1,-0.0117,38,-0.9,1.185,8.6275,-8.0443,0.1428,-31.7215,0,MatchLose,0,9,LowPickup,0,0.2165,0.3521,0.6967,-11.3413,0.0044,1,0,Ready,0,9,13.4024,1.8794,0.0168,0,Perfect,,0,-11.2,0,11.2,0,-0.0005,0.4404,0,0,0
2987,PointOver,Reaction,1,-0.0117,38,-0.9,1.185,8.6348,-8.2153,0.1215,-32.0743,0,MatchLose,0,9,LowPickup,0,0.1702,0.3519,0.6964,-11.3408,0.0035,1,0,Ready,0,9,13.4112,1.9044,0.0755,0,Perfect,,0,-11.2,0,11.2,0,-0.0009,0.3471,0,0,0
2988,PointOver,Reaction,1,-0.0117,38,-0.9,1.185,8.642,-8.3259,0.1625,-32.2999,0,MatchLose,0,9,LowPickup,0,0.1338,0.3517,0.6961,-11.3402,0.0027,1,0,Ready,0,9,13.379,1.814,0.0369,0,Perfect,,0,-11.2,0,11.2,0,-0.001,0.2736,0,0,0
2989,PointOver,Reaction,1,-0.0117,38,-0.9,1.185,8.6493,-8.494,0.2188,-32.6383,0,MatchLose,0,9,LowPickup,0,0.105,0.3516,0.696,-11.3396,0.0022,1,0,Ready,0,9,13.3021,1.5942,0.0209,0,Perfect,,0,-11.2,0,11.2,0,-0.0007,0.2156,0,0,0
2990,PointOver,Reaction,1,-0.0117,38,-0.9,1.185,8.6565,-8.6075,0.2529,-32.8639,0,MatchLose,0,9,LowPickup,0,0.0823,0.3515,0.6959,-11.3389,0.0017,1,0,Ready,0,9,12.9908,1.4217,0.1885,0,Perfect,,0,-11.2,0,11.2,0,-0.0003,0.1699,0,0,0
2991,PointOver,Reaction,1,-0.0117,38,-0.9,1.185,8.6638,-8.7221,0.2843,-33.0895,0,MatchLose,0,9,LowPickup,0,0.0643,0.3514,0.6959,-11.3383,0.0014,1,0,Ready,0,9,12.4445,1.0829,0.1372,0,Perfect,,0,-11.2,0,11.2,0,0,0.1339,0,0,0
2992,PointOver,Reaction,1,-0.0117,38,-0.9,1.185,8.671,-8.896,0.3263,-33.4279,0,MatchLose,0,9,LowPickup,0,0.0502,0.3513,0.696,-11.3376,0.0011,1,0,Ready,0,9,11.3589,0.3843,0.1234,0,Perfect,,0,-11.2,0,11.2,0,0.0004,0.1055,0,0,0
2993,PointOver,Reaction,1,-0.0117,38,-0.9,1.185,8.6783,-9.0134,0.3509,-33.6535,0,MatchLose,0,9,LowPickup,0,0.039,0.3512,0.6961,-11.337,0.0009,1,0,Ready,0,9,9.9353,-0.5193,0.2269,0,Perfect,,0,-11.2,0,11.2,0,0.0006,0.0832,0,0,0
2994,PointOver,Reaction,1,-0.0117,38,-0.9,1.185,8.6855,-9.1915,0.3827,-33.992,0,MatchLose,0,9,LowPickup,0,0.0303,0.3511,0.6963,-11.3363,0.0007,1,0,Ready,0,9,8.218,-1.5641,0.2149,0,Perfect,,0,-11.2,0,11.2,0,0.0007,0.0656,0,0,0
2995,PointOver,Reaction,1,-0.0117,38,-0.9,1.185,8.6928,-9.3116,0.4005,-34.2176,0,MatchLose,0,9,LowPickup,0,0.0235,0.3511,0.6965,-11.3356,0.0006,1,0,Ready,0,9,6.5463,-2.5722,0.1945,0,Perfect,,0,-11.2,0,11.2,0,0.0007,0.0517,0,0,0
2996,PointOver,Reaction,1,-0.0117,38,-0.9,1.185,8.7,-9.4328,0.4156,-34.4432,0,MatchLose,0,9,LowPickup,0,-0.0004,0.3509,0.6964,-11.3348,0.0019,1,0,Ready,0,9,5.2435,-3.4241,0.1193,0,Perfect,,0,-11.2,0,11.2,0,0.0007,0.0407,0,0,0
2997,PointOver,Reaction,1,-0.0117,38,0.9,1.185,-8.2072,-9.6168,0.4331,-34.7816,0,MatchLose,0,9,LowPickup,0,-0.0004,0.3509,0.6967,-11.3341,0.0001,1,0,Ready,0,9,4.3448,-4.0084,0.1385,0,Perfect,,0,-11.2,0,11.2,0,0.0006,0.0321,0,0,0
2998,PointOver,Reaction,1,-0.0117,38,0.9,1.185,-8.2145,-9.7408,0.4413,-35.0072,0,MatchLose,0,9,LowPickup,0,-0.0005,0.3508,0.697,-11.3334,0.0008,1,0,Ready,0,9,4.0305,-4.1789,0.2244,0,Perfect,,0,-11.2,0,11.2,0,0.0005,0.0253,0,0,0
2999,PointOver,Reaction,1,-0.0117,38,0.9,1.185,-8.2217,-9.9289,0.4486,-35.3456,0,MatchLose,0,9,LowPickup,0,-0.0004,0.3508,0.6973,-11.3326,0.0006,1,0,Ready,0,9,4.0892,-4.0074,0.278,0,Perfect,,0,-11.2,0,11.2,0,0.0003,0.0199,0,0,0
3000,PointOver,Reaction,1,-0.0117,38,0.9,1.185,-8.229,-10.0557,0.4501,-35.5712,0,MatchLose,0,9,LowPickup,0,-0.0003,0.3507,0.6976,-11.3318,0.0087,1,0,Ready,0,9,4.4282,-3.4401,0.3469,0,Perfect,,0,-11.2,0,11.2,0,0.0002,0.0157,0,0,0
3001,PointOver,Reaction,1,-0.0117,38,0.9,1.185,-8.2362,-10.1836,0.4488,-35.7968,0,MatchLose,0,9,LowPickup,0,-0.0002,0.3507,0.698,-11.331,0.006,1,0,Ready,0,9,4.8912,-2.6413,0.2655,0,Perfect,,0,-11.2,0,11.2,0,0.0001,0.0124,0,0,0
3002,PointOver,Reaction,1,-0.0117,38,0.9,1.185,-8.2435,-10.3775,0.4417,-36.1352,0,MatchLose,0,9,LowPickup,0,-0.0002,0.3506,0.6983,-11.3302,0.001,1,0,Ready,0,9,5.2996,-1.6974,1.4248,0,Perfect,,0,-11.2,0,11.2,0,0,0.0098,0,0,0
3003,PointOver,Reaction,1,-0.0117,38,0.9,1.185,-8.2507,-10.5082,0.4336,-36.3609,0,MatchLose,0,9,LowPickup,0,-0.0001,0.3506,0.6986,-11.3294,0.0006,1,0,Ready,0,9,5.677,-0.6942,0,0,Perfect,,0,-11.2,0,11.2,0,0,0.0077,0,0,0
3004,PointOver,Reaction,1,-0.0117,38,0.9,1.185,-8.258,-10.7063,0.4164,-36.6993,0,MatchLose,0,9,LowPickup,0,0,0.3505,0.699,-11.3286,0.0003,1,0,Ready,0,9,6.0133,0.2709,0,0,Perfect,,0,-11.2,0,11.2,0,0,0.0061,0,0,0
3005,PointOver,Reaction,1,-0.0117,38,0.9,1.185,-8.2652,-10.8397,0.4015,-36.9249,0,MatchLose,0,9,LowPickup,0,0.0001,0.3504,0.6993,-11.3278,0.0004,1,0,Ready,0,9,6.2993,1.1709,0,0,Perfect,,0,-11.2,0,11.2,0,-0.0001,0.0048,0,0,0
3006,PointOver,Reaction,1,-0.0117,38,0.9,1.185,-8.2725,-10.9743,0.3838,-37.1505,0,MatchLose,0,9,LowPickup,0,0.0001,0.3504,0.6996,-11.3269,0.0003,1,0,Ready,0,9,6.529,1.938,0,0,Perfect,,0,-11.2,0,11.2,0,-0.0001,0.0038,0,0,0
3007,PointOver,Reaction,1,-0.0117,38,0.9,1.185,-8.2797,-11.1783,0.3523,-37.4889,0,MatchLose,0,9,LowPickup,0,0.0001,0.3503,0.7,-11.3261,0.0003,1,0,Ready,0,9,6.7034,2.5761,0,0,Perfect,,0,-11.2,0,11.2,0,0,0.003,0,0,0
3008,PointOver,Reaction,1,-0.0117,38,0.9,1.185,-8.287,-11.3156,0.3278,-37.7145,0,MatchLose,0,9,LowPickup,0,0.0001,0.3503,0.7004,-11.3252,0.0004,1,0,Ready,0,9,6.8369,3.0666,0,0,Perfect,,0,-11.2,0,11.2,0,0,0.0023,0,0,0
3009,PointOver,Reaction,1,-0.0117,38,0.9,1.185,-8.2942,-11.5237,0.2861,-38.0529,0,MatchLose,0,9,LowPickup,0,0.0001,0.472,0.7349,-11.2349,0.0003,1,0,Ready,0,9,6.8772,3.3955,0,0,Perfect,,0,-11.2,0,11.2,0,0,0.0018,0,0,0
3010,PointOver,Reaction,1,-0.0117,38,0.9,1.185,-8.3014,-11.6638,0.2548,-38.2785,0,MatchLose,0,9,LowPickup,0,0.0001,0.472,0.7356,-11.2339,0.0003,1,0,Ready,0,9,6.7225,3.5287,0.4991,0,Perfect,,0,-11.2,0,11.2,0,0,0.0015,0,0,0
3011,PointOver,Reaction,1,-0.0117,38,0.9,1.185,-8.3087,-11.8051,0.2208,-38.5041,0,MatchLose,0,9,LowPickup,0,0.0001,0.472,0.7363,-11.2328,0.0004,1,0,Ready,0,9,6.553,3.5458,0.3231,0,Perfect,,0,-11.2,0,11.2,0,0,0.0011,0,0,0
3012,PointOver,Reaction,1,-0.0117,38,0.9,1.185,-8.3159,-12.019,0.1647,-38.8425,0,MatchLose,0,9,LowPickup,0,0,0.472,0.737,-11.2318,0.0003,1,0,Ready,0,9,6.528,3.4576,0.568,0,Perfect,,0,-11.2,0,11.2,0,0,0.0009,0,0,0
3013,PointOver,Reaction,1,-0.0117,38,0.9,1.185,-8.3232,-12.163,0.1239,-39.0682,0,MatchLose,0,9,LowPickup,0,0,0.472,0.7377,-11.2307,0.0003,1,0,Ready,0,9,6.5676,3.3908,0.7252,0,Perfect,,0,-11.2,0,11.2,0,0,0.0007,0,0,0
3014,PointOver,Reaction,1,-0.0117,38,0.9,1.185,-8.3304,-12.3767,0.1165,-39.3998,0,MatchLose,0,9,LowPickup,0,0,0.472,0.7384,-11.2296,0.0003,1,0,Ready,0,9,6.6351,3.4932,0.6202,0,Perfect,,0,-11.2,0,11.2,0,0,0.0006,0,0,0
3015,PointOver,Reaction,1,-0.0117,38,0.9,1.185,-8.3377,-12.5148,0.1474,-39.6119,0,MatchLose,0,9,LowPickup,0,0,0.472,0.7391,-11.2285,0.0003,1,0,Ready,0,9,6.7696,3.7428,0.4786,0,Perfect,,0,-11.2,0,11.2,0,0,0.0004,0,0,0
3016,PointOver,Reaction,1,-0.0117,38,0.9,1.185,-8.3449,-12.654,0.1756,-39.824,0,MatchLose,0,9,LowPickup,0,0,0.472,0.7398,-11.2275,0.0003,1,0,Ready,0,9,6.9816,4.173,0.3455,0,Perfect,,0,-11.2,0,11.2,0,0,0.0003,0,0,0
3017,PointOver,Reaction,1,-0.0117,38,0.9,1.185,-8.3522,-12.8648,0.2129,-40.1421,0,MatchLose,0,9,LowPickup,0,0,0.472,0.7405,-11.2264,1.7628,1,0,Ready,0,9,7.3072,4.7879,0.2542,0,Perfect,,0,-11.2,0,11.2,0,0,0.0003,0,0,0
3018,PointOver,Reaction,1,-0.0117,38,0.9,1.185,-8.3594,-13.0067,0.2343,-40.3541,0,MatchLose,0,9,LowPickup,0,0,0.472,0.7412,-11.2253,8.8129,1,0,Ready,0,9,7.7419,5.6199,0.1007,0,Perfect,,0,-11.2,0,11.2,0,0,0.0002,0,0,0
3019,PointOver,Reaction,1,-0.0117,38,0.9,1.185,-8.3667,-13.2217,0.2612,-40.6723,0,MatchLose,0,9,LowPickup,0,0,0.472,0.742,-11.2242,0.0003,1,0,Ready,0,9,8.4159,6.5946,0.1811,0,Perfect,,0,-11.2,0,11.2,0,0,0.0002,0,0,0
3020,PointOver,Reaction,1,-0.0117,38,0.9,1.185,-8.3739,-13.3664,0.2758,-40.8843,0,MatchLose,0,9,LowPickup,0,0,0.4719,0.7427,-11.2232,0.0003,1,0,Ready,0,9,9.5312,7.6379,0.1004,0,Perfect,,0,-11.2,0,11.2,0,0,0.0001,0,0,0
3021,PointOver,Reaction,1,-0.0117,38,0.9,1.185,-8.3812,-13.5123,0.2877,-41.0964,0,MatchLose,0,9,LowPickup,0,0,0.4719,0.7434,-11.2221,0.0003,1,0,Ready,0,9,10.8204,8.6911,0.2504,0,Perfect,,0,-11.2,0,11.2,0,0,0.0001,0,0,0
3022,PointOver,Reaction,1,-0.0117,38,0.9,1.185,-8.3884,-13.7331,0.3004,-41.4145,0,MatchLose,0,9,LowPickup,0,0,0.4719,0.7441,-11.2211,0.0003,1,0,Ready,0,9,12.191,9.7344,0.4794,0,Perfect,,0,-11.2,0,11.2,0,0,0.0001,0,0,0
3023,PointOver,Reaction,1,-0.0117,38,0.9,1.185,-8.3957,-13.8817,0.3054,-41.6266,0,MatchLose,0,9,LowPickup,0,0,0.4719,0.7449,-11.22,0.0003,1,0,Ready,0,9,13.3731,10.609,0.4385,0,Perfect,,0,-11.2,0,11.2,0,0,0.0001,0,0,0
3024,PointOver,Reaction,1,-0.0117,38,0.9,1.185,-8.4029,-14.1067,0.3079,-41.9447,0,MatchLose,0,9,LowPickup,0,0,0.4718,0.7456,-11.219,0.0003,1,0,Ready,0,9,14.089,11.2197,0.5107,0,Perfect,,0,-11.2,0,11.2,0,0,0.0001,0,0,0
3025,PointOver,Reaction,1,-0.0117,38,0.9,1.185,-8.4101,-14.2581,0.3061,-42.1568,0,MatchLose,0,9,LowPickup,0,0,0.4718,0.7463,-11.2179,0.0003,1,0,Ready,0,9,14.3623,11.4924,0,0,Perfect,,0,-11.2,0,11.2,0,0,0,0,0,0
3026,PointOver,Reaction,1,-0.0117,38,0.9,1.185,-8.4174,-14.4106,0.3017,-42.3688,0,MatchLose,0,9,LowPickup,0,0,0.4718,0.747,-11.2169,0.0002,1,0,Ready,0,9,14.0419,11.2949,0,0,Perfect,,0,-11.2,0,11.2,0,0,0,0,0,0
3027,PointOver,Reaction,1,-0.0117,38,0.9,1.185,-8.4246,-14.6414,0.2898,-42.687,0,MatchLose,0,9,LowPickup,0,0,0.4717,0.7478,-11.2159,0.0002,1,0,Ready,0,9,13.398,10.7616,0,0,Perfect,,0,-11.2,0,11.2,0,0,0,0,0,0
3028,PointOver,Reaction,1,-0.0117,38,0.9,1.185,-8.4319,-14.7967,0.2785,-42.899,0,MatchLose,0,9,LowPickup,0,0,0.4717,0.7485,-11.2149,0.0002,1,0,Ready,0,9,12.5743,9.908,0,0,Perfect,,0,-11.2,0,11.2,0,0,0,0,0,0
3029,PointOver,Reaction,1,-0.0117,38,0.9,1.185,-8.4391,-15.0317,0.2565,-43.2171,0,MatchLose,0,9,LowPickup,0,0,0.4717,0.7492,-11.2139,0.0003,1,0,Ready,0,9,11.7343,8.8718,6.49,0,Perfect,,0,-11.2,0,11.2,0,0,0,0,0,0
3030,PointOver,Reaction,1,-0.0117,38,0.9,1.185,-8.4464,-15.1897,0.2383,-43.4292,0,MatchLose,0,9,LowPickup,0,0,0.4716,0.7499,-11.2129,0.0006,1,0,Ready,0,9,11.0871,7.7259,0.6666,0,Perfect,,0,-11.2,0,11.2,0,0,0,0,0,0
3031,PointOver,Reaction,1,-0.0117,38,0.9,1.185,-8.4536,-15.3489,0.2175,-43.6413,0,MatchLose,0,9,LowPickup,0,0,0.4716,0.7506,-11.2119,0.0004,1,0,Ready,0,9,10.5734,6.5801,2.6719,0,Perfect,,0,-11.2,0,11.2,0,0,0,0,0,0
3032,PointOver,Reaction,1,-0.0117,38,0.9,1.185,-8.4609,-15.5897,0.1811,-43.9594,0,MatchLose,0,9,LowPickup,0,0,0.4715,0.7513,-11.2109,0.0003,1,0,Ready,0,9,10.1797,5.5493,0.6964,0,Perfect,,0,-11.2,0,11.2,0,0,0,0,0,0
3033,PointOver,Reaction,1,-0.0117,38,0.9,1.185,-8.4681,-15.7516,0.1535,-44.1715,0,MatchLose,0,9,LowPickup,0,0,0.4715,0.752,-11.21,0.0002,1,0,Ready,0,9,9.9809,4.7026,0.6612,0,Perfect,,0,-11.2,0,11.2,0,0,0,0,0,0
3034,PointOver,Reaction,1,-0.0117,38,0.9,1.185,-8.4754,-15.9966,0.1069,-44.4896,0,MatchLose,0,9,LowPickup,0,0,0.4715,0.7526,-11.209,0.0003,1,0,Ready,0,9,10.0526,4.1619,0.495,0,Perfect,,0,-11.2,0,11.2,0,0,0,0,0,0
3035,PointOver,Reaction,1,-0.0117,38,0.9,1.185,-8.4826,-16.1564,0.1126,-44.6953,0,MatchLose,0,9,LowPickup,0,0,0.4714,0.7533,-11.2081,0.0006,1,0,Ready,0,9,10.3566,3.8972,0.1737,0,Perfect,,0,-11.2,0,11.2,0,0,0,0,0,0
3036,PointOver,Reaction,1,-0.0117,38,0.9,1.185,-8.4899,-16.3124,0.1357,-44.8946,0,MatchLose,0,9,LowPickup,0,0,0.4714,0.754,-11.2072,0.0003,1,0,Ready,0,9,10.8702,3.9471,0.4349,0,Perfect,,0,-11.2,0,11.2,0,0,0,0,0,0
3037,PointOver,Reaction,1,-0.0117,38,0.9,1.185,-8.4971,-16.5484,0.1653,-45.1937,0,MatchLose,0,9,LowPickup,0,0,0.4713,0.7546,-11.2064,0.0014,1,0,Ready,0,9,11.631,4.2506,0.7024,0,Perfect,,0,-11.2,0,11.2,0,0,0,0,0,0
3038,PointOver,Reaction,1,-0.0117,38,0.9,1.185,-8.5043,-16.7071,0.1816,-45.393,0,MatchLose,0,9,LowPickup,0,0,0.4713,0.7553,-11.2055,0.0007,1,0,Ready,0,9,12.7348,4.774,0.7775,0,Perfect,,0,-11.2,0,11.2,0,0,0,0,0,0
3039,PointOver,Reaction,1,-0.0117,38,0.9,1.185,-8.5116,-16.9472,0.2009,-45.692,0,MatchLose,0,9,LowPickup,0,0,0.4712,0.7559,-11.2047,0.0006,1,0,Ready,0,9,13.9724,5.4325,0.7563,0,Perfect,,0,-11.2,0,11.2,0,0,0,0,0,0
3040,PointOver,Reaction,1,-0.0117,38,0.9,1.185,-8.5188,-17.1087,0.2104,-45.8914,0,MatchLose,0,9,LowPickup,0,0,0.4712,0.7565,-11.2038,0.0002,1,0,Ready,0,9,15.2283,6.1464,0.659,0,Perfect,,0,-11.2,0,11.2,0,0,0,0,0,0
3041,PointOver,Reaction,1,-0.0117,38,0.9,1.185,-8.5261,-17.2714,0.2172,-46.0907,0,MatchLose,0,9,LowPickup,0,0,0.4711,0.7571,-11.203,0.0008,1,0,Ready,0,9,16.3692,6.9104,0.5518,0,Perfect,,0,-11.2,0,11.2,0,0,0,0,0,0
3042,PointOver,Reaction,1,-0.0117,38,0.9,1.185,-8.5333,-17.5174,0.2223,-46.3898,0,MatchLose,0,9,LowPickup,0,0,0.4711,0.7577,-11.2023,0.0002,1,0,Ready,0,9,17.2331,7.7252,0.419,0,Perfect,,0,-11.2,0,11.2,0,0,0,0,0,0
3043,PointOver,Reaction,1,-0.0117,38,0.9,1.185,-8.5406,-17.6828,0.2222,-46.5891,0,MatchLose,0,9,LowPickup,-0.0126,-0.0064,0.4708,0.7582,-11.2021,0.0236,1,0,Ready,0,9,17.8414,8.5551,0.2808,0,Perfect,,0,-11.2,0,11.2,0,0,0,0,0,0
3044,PointOver,Reaction,1,-0.0117,38,0.9,1.185,-8.5478,-17.9329,0.217,-46.8881,0,MatchLose,0,9,LowPickup,0,0.001,0.471,0.7588,-11.2008,0.0237,1,0,Ready,0,9,18.1145,9.3713,0.0337,0,Perfect,,0,-11.2,0,11.2,0,0,0,0,0,0
3045,PointOver,Reaction,1,-0.0117,38,0.9,1.185,-8.5551,-18.1011,0.2102,-47.0875,0,MatchLose,0,9,LowPickup,0.1116,0.0576,0.4729,0.76,-11.1953,0.0559,1,0,Ready,0,9,18.2035,10.1725,0.0758,0,Perfect,,0,-11.2,0,11.2,0,0,0,0,0,0
3046,PointOver,Reaction,1,-0.0117,38,0.9,1.185,-8.5623,-18.2704,0.2006,-47.2868,0,MatchLose,0,9,LowPickup,0.3722,0.1809,0.4424,0.741,-11.1881,0.1302,1,0,Ready,0,9,18.1741,10.9232,0.0335,0,Perfect,,0,-11.2,0,11.2,0,0,0,0.1856,0,0
3047,PlayerServeHold,Reaction,1,-0.0117,38,0.8975,1.185,-8.6362,0.2575,0.875,-10.9667,0,MatchLose,0,9,LowPickup,0.8123,0.3734,0.3588,0.7091,-11.1907,0.2204,1,0,Ready,0,9,18.1651,11.6173,0.0488,0,Perfect,,-0.0025,-11.2667,0.0801,11.2,0,0,0,0.3583,0,0
3048,PlayerServeHold,Reaction,1,-0.0117,38,0.8962,1.185,-8.6768,0.2456,0.875,-10.9911,0,Serve prepare 0.00,0,9,LowPickup,12.0334,9.1964,0.4142,0.7397,-11.3058,0.3781,1,0.1667,Run,0,9,11.3716,6.2926,1.4369,0,Perfect,,-0.0038,-11.3,0.1201,11.2,0,0,1.2315,4.1178,0,0
3049,PlayerServeHold,Reaction,1,-0.0117,38,0.8936,1.185,-8.7507,0.2321,0.875,-11.0493,0,Serve prepare 0.00,0,9,LowPickup,36.7506,28.8664,0.3229,0.7164,-11.4387,0.7701,1,0.3333,Run,0,9,-2.0057,-5.2253,4.8998,0,Perfect,,-0.0064,-11.3667,0.2002,11.2,0,0,0.814,5.9706,0,0
3050,PlayerServeHold,Reaction,1,-0.0117,38,0.8919,1.185,-8.7913,0.2413,0.875,-11.0911,0,Run,0,9,LowPickup,55.8495,47.355,0.2664,0.7324,-11.5133,3.8739,0.9555,0.1667,Run,0,9,-15.7178,-16.6237,18.7522,0,Perfect,,-0.0081,-11.4,0.2403,11.2,0,0.0007,0.9018,2.506,0,0
3051,PlayerServeHold,Reaction,1,-0.0117,38,0.8878,1.185,-8.8652,0.2478,0.875,-11.1667,0,Run,0,9,LowPickup,64.0703,54.1699,0.2057,0.7277,-11.5934,19.4337,0.856,0,Run,0,9,-27.1305,-25.7609,1.6838,0,Perfect,,-0.0122,-11.4667,0.3203,11.2,0,0.0018,1.1432,2.1452,0,0
3052,PlayerServeHold,Reaction,1,-0.0117,38,0.8853,1.185,-8.9058,-0.3222,0.695,-11.4572,0,Run,0,9,LowPickup,56.9461,46.4566,0.2127,0.7339,-11.585,0.814,0.7361,0,Run,0,9,-35.6623,-32.3343,2.5459,0,Perfect,,-0.0147,-11.5,0.3604,11.2,0,0.0033,1.5366,1.5554,0,0
3053,PlayerServeHold,Reaction,1,-0.0117,38,0.8794,1.185,-8.9797,-0.331,0.695,-11.5616,0,Run,0,9,LowPickup,46.0128,35.3865,0.2068,0.7413,-11.5985,0.9531,0.6155,0,Run,0,9,-41.5188,-36.8363,6.1933,0,Perfect,,-0.0206,-11.5667,0.4405,11.2,0,0.0049,1.5288,1.2604,0,0
3054,PlayerServeHold,Reaction,1,-0.0117,38,0.8761,1.185,-9.0203,-0.3326,0.695,-11.6328,0,Run,0,9,LowPickup,32.7331,22.4141,0.1943,0.7506,-11.5664,1.041,0.5041,0,Run,0,9,-45.1423,-39.9387,2.5117,0,Perfect,,-0.0239,-11.6,0.4805,11.2,0,0.0065,1.8405,1.5356,0,0
3055,PlayerServeHold,Reaction,1,-0.0117,38,0.8686,1.185,-9.0942,-0.3338,0.695,-11.7369,0,Run,0,9,LowPickup,18.394,8.5722,0.1621,0.7572,-11.5645,1.158,0.4064,0,Run,0,9,-47.1209,-42.1333,1.6295,0,Perfect,,-0.0314,-11.6667,0.5606,11.2,0,0.0079,1.7684,2.0087,0,0
3056,PlayerServeHold,Reaction,1,-0.0117,38,0.8644,1.185,-9.1348,-0.3272,0.695,-11.8066,0,Run,0,9,LowPickup,3.9576,-5.1614,0.1191,0.7642,-11.5446,1.3404,0.3236,0,Run,0,9,-47.9816,-43.7634,0,0,Perfect,,-0.0356,-11.7,0.6006,11.2,0,0.0092,2.0293,2.3401,0,0
3057,PlayerServeHold,Reaction,1,-0.0117,38,0.8553,1.185,-9.2087,-0.3212,0.695,-11.908,0,Run,0,9,LowPickup,-9.8563,-18.2981,0.0678,0.7675,-11.5724,1.459,0.2551,0,Run,0,9,-48.0099,-45.1652,0,0,Perfect,,-0.0447,-11.7667,0.6807,11.2,0,0.0101,1.9172,2.4183,0,0
3058,PlayerServeHold,Reaction,1,-0.0117,38,0.8503,1.185,-9.2493,-0.3069,0.695,-11.9739,0,Run,0,9,LowPickup,-22.6911,-30.4324,0.0258,0.773,-11.5725,2.5502,0.1995,0,Run,0,9,-47.7286,-46.332,0,0,Perfect,,-0.0497,-11.8,0.7208,11.2,0,0.0108,2.1466,2.2425,0,0
3059,PlayerServeHold,Reaction,1,-0.0117,38,0.8394,1.185,-9.3232,-0.2946,0.695,-12.0707,0,Run,0,9,LowPickup,-34.4455,-41.5844,-0.0205,0.7785,-11.6135,8.4905,0.1549,0,Run,0,9,-47.2832,-47.3709,0.6782,0,Perfect,,-0.0606,-11.8667,0.8008,11.2,0,0.0112,2.0096,1.8827,0,0
3060,PlayerServeHold,Reaction,1,-0.0117,38,0.8336,1.185,-9.3638,-0.2739,0.695,-12.131,0,Run,0,9,LowPickup,-45.239,-51.7562,-0.0618,0.7771,-11.6316,1.3081,0.1195,0,Run,0,9,-46.8905,-48.2572,1.0507,0,Perfect,,-0.0664,-11.9,0.8409,11.2,0,0.0115,2.2194,1.4444,0,0
3061,PlayerServeHold,Reaction,1,-0.0117,38,0.8211,1.185,-9.4377,-0.2567,0.695,-12.2212,0,Run,0,9,LowPickup,-55.2764,-61.2215,-0.1078,0.7704,-11.6915,1.2648,0.0918,0,Run,0,9,-46.7847,-48.8917,1.5454,0,Perfect,,-0.0789,-11.9667,0.921,11.2,0,0.0115,2.067,1.0403,0,0
3062,PlayerServeHold,Reaction,1,-0.0117,38,0.8144,1.185,-9.4783,-0.231,0.695,-12.2743,0,Run,0,9,LowPickup,-64.6885,-70.0463,-0.1448,0.7617,-11.7277,1.0777,0.0702,0,Run,0,9,-46.9359,-49.2871,0.4495,0,Perfect,,-0.0856,-12,0.961,11.2,0,0.0115,2.2647,0.7897,0,0
3063,PlayerServeHold,Reaction,1,-0.0117,38,0.8003,1.185,-9.5522,-0.2106,0.695,-12.3567,0,Run,0,9,LowPickup,-73.6097,-78.4127,-0.1852,0.7587,-11.8001,1.5829,0.0534,0,Run,0,9,-47.3707,-49.4069,0.619,0,Perfect,,-0.0997,-12.0667,1.0411,11.2,0,0.0114,2.1027,0.7411,0,0
3064,PlayerServeHold,Reaction,1,-0.0117,38,0.7928,1.185,-9.5928,-0.1872,0.695,-12.4,0,Run,0,9,LowPickup,-81.2489,-85.4669,-0.2122,0.7616,-11.7902,11.8553,0.0405,0,Run,0,9,-48.2007,-49.2309,1.3344,0,Perfect,,-0.1072,-12.1,1.0811,11.2,0,0.0113,2.2928,0.8051,0,0
3065,PlayerServeHold,None,1,-0.0117,38,0.7769,1.185,-9.6667,-0.2031,0.695,-12.4667,0,Run,0,9,LowPickup,-82.736,-86.338,-0.2185,0.7533,-11.8439,0.3131,0.0307,0,Run,0,9,-49.0907,-48.7506,5.2551,0,Perfect,,-0.1231,-12.1667,1.1612,11.2,0,0.0112,2.1248,0.8405,0,0
3066,PlayerServeHold,None,1,-0.0117,52,-2.2314,2.535,-16.6,-0.2114,0.695,-12.5,0,Run,0,9,LowPickup,-84.21,-87.1587,-0.2146,0.7457,-11.8624,1.7608,0.0231,0,Run,0,9,-50.0772,-48.0588,1.3709,0,Perfect,,-0.1314,-12.2,1.2013,11.2,14,0.0111,2.3102,0.8051,0,0
3067,PlayerServeHold,None,1,-0.0117,52,-2.2327,2.535,-16.6051,-0.2289,0.695,-12.5667,0,Run,0,9,LowPickup,-85.7586,-87.9643,-0.2223,0.7457,-11.9173,9.8971,0.0174,0,Run,0,9,-51.0864,-47.2044,1.5333,0,Perfect,,-0.1489,-12.2667,1.2813,11.2,0,0.011,2.1386,0.7126,0,0
3068,PlayerServeHold,None,1,-0.0117,52,-2.2347,2.535,-16.6124,-0.2381,0.695,-12.6,0,Run,0,9,LowPickup,-87.4408,-88.7703,-0.2249,0.7425,-11.9449,1.646,0.0131,0,Run,0,9,-51.8429,-46.3787,1.4478,0,Perfect,,-0.1581,-12.3,1.3214,11.2,0,0.0109,2.3211,0.6193,0,0
3069,PlayerServeHold,None,1,-0.0117,52,-2.238,2.535,-16.623,-0.2572,0.695,-12.65,0,Run,0,9,LowPickup,-89.0105,-89.4642,-0.2395,0.7416,-11.9895,7.9917,0.0098,0,Run,0,9,-52.4073,-45.5925,2.3947,0,Perfect,,-0.1772,-12.35,1.4015,11.2,0,0.0108,2.1471,0.5656,0,0
3070,PlayerServeHold,None,1,-0.0117,52,-2.2417,2.535,-16.6328,-0.2672,0.695,-12.65,0,Run,0,9,LowPickup,-90.4987,-90.0872,-0.248,0.7414,-11.9827,1.0547,0.0073,0,Run,0,9,-52.6417,-44.9817,1.24,0,Perfect,,-0.1872,-12.35,1.4415,11.2,0,0.0108,2.3278,0.5511,0,0
3071,PlayerServeHold,None,1,-0.0117,52,-2.2468,2.535,-16.6418,-0.2881,0.695,-12.65,0,Run,0,9,LowPickup,-91.6993,-90.1833,-0.269,0.7458,-11.9766,4.0922,0.0055,0,Run,0,9,-52.4733,-44.65,3.5549,0,Perfect,,-0.2081,-12.35,1.5216,11.2,0,0.0106,2.1524,0.2231,0,0
3072,PlayerServeHold,None,1,-0.0117,52,-2.2524,2.535,-16.6501,-0.2989,0.695,-12.65,0,Run,0,9,LowPickup,-92.8276,-90.4464,-0.2836,0.7468,-11.9732,0.0365,0.0041,0,Run,0,9,-52.0073,-44.5917,0.3873,0,Perfect,,-0.2189,-12.35,1.5616,11.2,0,0.0105,2.332,0.2044,0,0
3073,PlayerServeHold,None,1,-0.0117,52,-2.2592,2.535,-16.6578,-0.3213,0.695,-12.65,0,Run,0,9,LowPickup,-93.8691,-90.6786,-0.3016,0.7285,-12.0049,0.5053,0.003,0,Run,0,9,-51.2789,-44.8293,0,0,Perfect,,-0.2413,-12.35,1.6417,11.2,0,0.0103,2.1557,0.2034,0,0
3074,PlayerServeHold,None,1,-0.0117,52,-2.2664,2.535,-16.6649,-0.3325,0.695,-12.65,0,Run,0,9,LowPickup,-94.6413,-90.824,-0.3297,0.7228,-12.0127,0.178,0.0023,0,Run,0,9,-50.2987,-45.3837,0,0,Perfect,,-0.2525,-12.35,1.6818,11.2,0,0.01,2.1757,0.1789,0,0
3075,PlayerServeHold,None,1,-0.0117,52,-2.2747,2.535,-16.6714,-0.355,0.695,-12.65,0,Run,0,9,LowPickup,-95.2077,-90.9082,-0.357,0.7193,-12.0122,0.0237,0,0,Run,0,9,-49.3576,-46.0892,0,0,Perfect,,-0.275,-12.35,1.7618,11.2,0,0.0094,1.7147,0.1406,0,0
3076,PlayerServeHold,None,1,-0.0117,52,-2.2833,2.535,-16.6775,-0.3663,0.695,-12.65,0,Run,0,9,LowPickup,-95.6047,-90.9491,-0.3719,0.7174,-12.0109,0.0284,0,0,Run,0,9,-48.4077,-46.9567,1.7543,0,Perfect,,-0.2863,-12.35,1.8019,11.2,0,0.0084,1.3514,0.0999,0,0
3077,PlayerServeHold,None,1,-0.0117,52,-2.293,2.535,-16.683,-0.3888,0.695,-12.65,0,Run,0,9,LowPickup,-95.8611,-90.9611,-0.3966,0.715,-12.0101,0.0315,0,0,Run,0,9,-47.6421,-47.8377,1.8557,0,Perfect,,-0.3088,-12.35,1.882,11.2,0,0.0072,1.0651,0.0692,0,0
3078,PlayerServeHold,None,1,-0.0117,52,-2.3027,2.535,-16.6882,-0.4,0.695,-12.65,0,Run,0,9,LowPickup,-95.932,-90.9376,-0.4084,0.7167,-12.0099,0.0166,0,0,Run,0,9,-47.2145,-48.5902,0.1654,0,Perfect,,-0.32,-12.35,1.922,11.2,0,0.0057,0.8394,0.0706,0,0
3079,PlayerServeHold,None,1,-0.0117,52,-2.3135,2.535,-16.6929,-0.4225,0.695,-12.65,0,Run,0,9,LowPickup,-95.8283,-90.8846,-0.4285,0.7196,-12.0099,0.0079,0,0,Run,0,9,-47.0684,-49.1879,0.69,0,Perfect,,-0.3425,-12.35,1.95,11.2,0,0.0042,0.6616,0.1014,0,0
3080,PlayerServeHold,None,1,-0.0117,52,-2.3243,2.535,-16.6973,-0.4338,0.695,-12.65,0,Run,0,9,LowPickup,-95.5814,-90.8176,-0.436,0.7239,-12.0102,0.0113,0,0,Ready,0,9,-40.1722,-42.6801,0.7874,0,Perfect,,-0.3538,-12.35,1.95,11.2,0,0.0028,0.5214,0.1378,0,0
3081,PlayerServeHold,None,1,-0.0117,52,-2.3359,2.535,-16.7014,-0.4563,0.695,-12.65,0,Run,0,9,LowPickup,-95.0882,-90.6988,-0.4519,0.7311,-12.011,0.0043,0,0,Ready,0,9,-27.1618,-30.9925,1.3764,0,Perfect,,-0.3762,-12.35,1.95,11.2,0,0.0016,0.4109,0.1789,0,0
3082,PlayerServeHold,None,1,-0.0117,52,-2.3476,2.535,-16.7051,-0.4675,0.695,-12.65,0,Run,0,9,LowPickup,-94.4963,-90.5744,-0.4553,0.7356,-12.012,0.0037,0,0,Ready,0,9,-14.3602,-19.5598,1.3824,0,Perfect,,-0.3875,-12.35,1.95,11.2,0,0.0006,0.3239,0.2087,0,0
3083,PlayerServeHold,None,1,-0.0117,52,-2.3601,2.535,-16.7086,-0.49,0.695,-12.65,0,Run,0,9,LowPickup,-93.8505,-90.4539,-0.4691,0.7398,-12.0132,0.0023,0,0,Ready,0,9,-4.0612,-10.3687,4.5954,0,Perfect,,-0.41,-12.35,1.95,11.2,0,-0.0001,0.2552,0.2234,0,0
3084,PlayerServeHold,None,1,-0.0117,52,-2.3725,2.535,-16.7118,-0.5012,0.695,-12.65,0,Run,0,9,LowPickup,-93.1062,-90.3236,-0.4702,0.7435,-12.0147,0.0282,0,0,Ready,0,9,3.3993,-3.6882,1.5377,0,Perfect,,-0.4212,-12.35,1.95,11.2,0,-0.0006,0.2012,0.2305,0,0
3085,PlayerServeHold,None,1,-0.0117,52,-2.3856,2.535,-16.7147,-0.5237,0.695,-12.65,0,Run,0,9,LowPickup,-92.1731,-90.1587,-0.4799,0.7464,-12.0164,0.1248,0,0,Ready,0,9,8.5094,0.9367,0.8179,0,Perfect,,-0.4437,-12.35,1.95,11.2,0,-0.0009,0.1585,0.2411,0,0
3086,PlayerServeHold,None,1,-0.0117,52,-2.3987,2.535,-16.7174,-0.535,0.695,-12.65,0,Run,0,9,LowPickup,-91.1461,-89.9819,-0.4766,0.7479,-12.0188,0,0,0,Ready,0,9,11.893,4.0728,0.5902,0,Perfect,,-0.455,-12.35,1.95,11.2,0,-0.0009,0.125,0.2471,0,0
3087,PlayerServeHold,None,1,-0.0117,52,-2.4124,2.535,-16.7199,-0.5575,0.695,-12.65,0,Run,0,9,LowPickup,-90.2341,-89.8427,-0.4863,0.7476,-12.021,0,0,0,Ready,0,9,14.101,6.1846,0.3872,0,Perfect,,-0.4775,-12.35,1.95,11.2,0,-0.0009,0.0985,0.2313,0,0
3088,PlayerServeHold,None,1,-0.0117,52,-2.426,2.535,-16.7222,-0.5687,0.695,-12.65,0,Run,0,9,LowPickup,-89.3288,-89.7101,-0.4848,0.7457,-12.0233,0,0,0,Ready,0,9,15.5499,7.6076,0.247,0,Perfect,,-0.4887,-12.35,1.95,11.2,0,-0.0007,0.0776,0.2094,0,0
3089,PlayerServeHold,None,1,-0.0117,52,-2.4402,2.535,-16.7244,-0.5912,0.695,-12.65,0,Run,0,9,LowPickup,-88.3726,-89.5663,-0.4936,0.7421,-12.0259,0,0,0,Ready,0,9,16.5592,8.5951,0.1634,0,Perfect,,-0.5112,-12.35,1.95,11.2,0,-0.0005,0.0612,0.1903,0,0
3090,PlayerServeHold,None,1,-0.0117,52,-2.4542,2.535,-16.7263,-0.6025,0.695,-12.65,0,Run,0,9,LowPickup,-87.3393,-89.4034,-0.49,0.7363,-12.0288,0.1838,0,0,Ready,0,9,17.4034,9.3412,0.1229,0,Perfect,,-0.5225,-12.35,1.95,11.2,0,-0.0003,0.0482,0.1786,0,0
3091,PlayerServeHold,None,1,-0.0117,52,-2.4689,2.535,-16.7282,-0.625,0.695,-12.65,0,Run,0,9,LowPickup,-86.5194,-89.2924,-0.5007,0.7305,-12.0311,0.5834,0,0,Ready,0,9,18.0814,9.8823,0.0878,0,Perfect,,-0.545,-12.35,1.95,11.2,0,-0.0001,0.038,0.1484,0,0
3092,PlayerServeHold,None,1,-0.0117,52,-2.4833,2.535,-16.7298,-0.6362,0.695,-12.65,0,Run,0,9,LowPickup,-85.8238,-89.2073,-0.502,0.7245,-12.0336,0.3279,0,0,Ready,0,9,18.5796,10.2426,0.054,0,Perfect,,-0.5562,-12.35,1.95,11.2,0,0,0.03,0.1119,0,0
3093,PlayerServeHold,None,1,-0.0117,52,-2.4983,2.535,-16.7314,-0.6587,0.695,-12.65,0,Run,0,9,LowPickup,-85.2167,-89.1364,-0.5158,0.7184,-12.0354,0.2056,0,0,Ready,0,9,18.9654,10.4862,0.0336,0,Perfect,,-0.5788,-12.35,1.95,11.2,0,0.0001,0.0236,0.0766,0,0
3094,PlayerServeHold,None,1,-0.0117,52,-2.5131,2.535,-16.7328,-0.67,0.695,-12.65,0,Run,0,9,LowPickup,-84.6459,-89.0649,-0.5189,0.7259,-11.9914,0.2093,0,0,Ready,0,9,19.2441,10.6468,0.0229,0,Perfect,,-0.59,-12.35,1.95,11.2,0,0.0001,0.0186,0.0474,0,0
3095,PlayerServeHold,None,1,-0.0117,52,-2.5284,2.535,-16.7341,-0.6925,0.695,-12.65,0,Run,0,9,LowPickup,-84.2615,-89.0296,-0.5359,0.7212,-11.9927,0.0014,0,0,Ready,0,9,19.4766,10.777,0.02,0,Perfect,,-0.6125,-12.35,1.95,11.2,0,0.0002,0.0147,0,0,0
3096,PlayerServeHold,None,1,-0.0117,52,-2.5434,2.535,-16.7354,-0.7038,0.695,-12.65,0,Run,0,9,LowPickup,-84.0611,-89.028,-0.5444,0.7187,-11.9934,0.0041,0,0,Ready,0,9,19.7579,10.9715,0.023,0,Perfect,,-0.6238,-12.35,1.95,11.2,0,0.0001,0.0116,0,0,0
3097,PlayerServeHold,None,1,-0.0117,52,-2.559,2.535,-16.7365,-0.7263,0.695,-12.65,0,Run,0,9,LowPickup,-84.0126,-89.0505,-0.5663,0.7181,-11.9936,0.002,0,0,Ready,0,9,19.9661,11.1216,0.0098,0,Perfect,,-0.6463,-12.35,1.95,11.2,0,0.0001,0.0091,0.061,0,0
3098,PlayerServeHold,None,1,-0.0117,52,-2.5743,2.535,-16.7375,-0.7375,0.695,-12.65,0,Run,0,9,LowPickup,-84.1368,-89.1016,-0.5799,0.7198,-11.9931,0.0021,0,0,Ready,0,9,20.2091,11.3103,0.0098,0,Perfect,,-0.6575,-12.35,1.95,11.2,0,0.0001,0.0072,0.0964,0,0
3099,PlayerServeHold,None,1,-0.0117,52,-2.5901,2.535,-16.7385,-0.76,0.695,-12.65,0,Run,0,9,LowPickup,-84.3989,-89.1719,-0.606,0.7228,-11.9922,0.0016,0,0,Ready,0,9,20.4622,11.5334,0.0096,0,Perfect,,-0.68,-12.35,1.95,11.2,0,0.0001,0.0057,0.1274,0,0
3100,PlayerServeHold,None,1,-0.0117,52,-2.6056,2.535,-16.7394,-0.7713,0.695,-12.65,0,Run,0,9,LowPickup,-84.7778,-89.2563,-0.623,0.7273,-11.9909,0.0004,0,0,Ready,0,9,20.7525,11.8136,0.0058,0,Perfect,,-0.6913,-12.35,1.95,11.2,0,0,0.0045,0.1516,0,0
3101,PlayerServeHold,None,1,-0.0117,52,-2.6216,2.535,-16.7402,-0.7938,0.695,-12.65,0,Run,0,9,LowPickup,-85.2891,-89.3593,-0.6531,0.7328,-11.9892,0.0052,0,0,Ready,0,9,20.9432,12.0574,0.008,0,Perfect,,-0.7138,-12.35,1.95,11.2,0,0,0.0035,0.1727,0,0
3102,PlayerServeHold,None,1,-0.0117,52,-2.6372,2.535,-16.7409,-0.805,0.695,-12.65,0,Run,0,9,LowPickup,-85.9999,-89.4985,-0.6748,0.7396,-11.9868,0.0133,0,0,Ready,0,9,20.919,12.1893,0.0117,0,Perfect,,-0.725,-12.35,1.95,11.2,0,0,0.0028,0.1966,0,0
3103,PlayerServeHold,None,1,-0.0117,52,-2.6534,2.535,-16.7416,-0.8275,0.695,-12.65,0,Run,0,9,LowPickup,-86.8588,-89.661,-0.6986,0.733,-12.0298,0.0301,0,0,Ready,0,9,20.6821,12.2131,0.0136,0,Perfect,,-0.7475,-12.35,1.95,11.2,0,0,0.0022,0.2187,0,0
3104,PlayerServeHold,None,1,-0.0117,52,-2.6692,2.535,-16.7423,-0.8388,0.695,-12.65,0,Run,0,9,LowPickup,-87.6741,-89.7999,-0.7221,0.739,-12.0265,0.0467,0,0,Ready,0,9,20.1689,12.105,0.0179,0,Perfect,,-0.7588,-12.35,1.95,11.2,0,0,0.0017,0.2218,0,0
3105,PlayerServeHold,None,1,-0.0117,52,-2.6855,2.535,-16.7429,-0.8613,0.695,-12.65,0,Run,0,9,LowPickup,-88.5336,-89.9403,-0.7679,0.7429,-12.0255,0.242,0,0,Ready,0,9,19.472,11.884,0.015,0,Perfect,,-0.7813,-12.35,1.95,11.2,0,0,0.0014,0.2178,0,0
3106,PlayerServeHold,None,1,-0.0117,52,-2.7014,2.535,-16.7434,-0.8725,0.695,-12.65,0,Run,0,9,LowPickup,-89.4912,-90.0979,-0.7931,0.7462,-12.0231,0,0,0,Ready,0,9,18.6283,11.5383,0.0031,0,Perfect,,-0.7925,-12.35,1.95,11.2,0,0,0.0011,0.2153,0,0
3107,PlayerServeHold,None,1,-0.0117,52,-2.7178,2.535,-16.7439,-0.895,0.695,-12.65,0,Run,0,9,LowPickup,-90.5994,-90.287,-0.8314,0.748,-12.0205,0,0,0,Ready,0,9,17.7206,11.1035,0.0049,0,Perfect,,-0.815,-12.35,1.95,11.2,0,0,0.0008,0.2198,0,0
3108,PlayerServeHold,None,1,-0.0117,52,-2.7338,2.535,-16.7444,-0.9063,0.695,-12.65,0,Run,0,9,LowPickup,-91.5415,-90.4297,-0.8559,0.748,-12.0184,0,0,0,Ready,0,9,16.8057,10.5913,0.0178,0,Perfect,,-0.8263,-12.35,1.95,11.2,0,0,0.0007,0.2025,0,0
3109,PlayerServeHold,None,1,-0.0117,52,-2.7504,2.535,-16.7448,-0.9288,0.695,-12.65,0,Run,0,9,LowPickup,-92.3965,-90.5496,-0.8903,0.7464,-12.0165,0.3801,0,0,Ready,0,9,15.9734,10.0195,0.0186,0,Perfect,,-0.8488,-12.35,1.95,11.2,0,0,0.0005,0.1753,0,0
3110,PlayerServeHold,None,1,-0.0117,52,-2.7665,2.535,-16.7452,-0.94,0.695,-12.65,0,Run,0,9,LowPickup,-93.2114,-90.6615,-0.9126,0.7433,-12.0149,0.4034,0,0,Ready,0,9,15.3434,9.4003,0.2927,0,Perfect,,-0.86,-12.35,1.95,11.2,0,0,0.0004,0.1467,0,0
3111,PlayerServeHold,None,1,-0.0117,52,-2.7831,2.535,-16.7456,-0.9625,0.695,-12.65,0,Run,0,9,LowPickup,-94.0711,-90.7888,-0.935,0.7388,-12.0031,1.0742,0,0,Ready,0,9,14.8489,8.7209,0.3,0,Perfect,,-0.8825,-12.35,1.95,11.2,0,0,0.0003,0.1274,0,0
3112,PlayerServeHold,None,1,-0.0117,52,-2.7993,2.535,-16.7459,-0.9738,0.695,-12.65,0,Run,0,9,LowPickup,-94.7604,-90.8787,-0.967,0.7347,-12.0113,0.5961,0,0,Ready,0,9,14.4711,7.9803,0.2946,0,Perfect,,-0.8938,-12.35,1.95,11.2,0,0,0.0003,0.0984,0,0
3113,PlayerServeHold,None,1,-0.0117,52,-2.816,2.535,-16.7462,-0.9963,0.695,-12.65,0,Run,0,9,LowPickup,-95.26,-90.9291,-0.9959,0.7306,-12.0113,0.3444,0,0,Ready,0,9,14.1972,7.182,0.1564,0,Perfect,,-0.9163,-12.35,1.95,11.2,0,0,0.0002,0.0593,0,0
3114,PlayerServeHold,None,1,-0.0117,52,-2.8322,2.535,-16.7465,-1.0075,0.695,-12.65,0,Run,0,9,LowPickup,-95.6275,-90.9572,-1.0118,0.7274,-12.0106,0.0112,0,0,Ready,0,9,14.0288,6.3397,0.158,0,Perfect,,-0.9275,-12.35,1.95,11.2,0,0,0.0002,0,0,0
3115,PlayerServeHold,None,1,-0.0117,52,-2.849,2.535,-16.7468,-1.03,0.695,-12.65,0,Run,0,9,LowPickup,-95.8805,-90.969,-1.0373,0.7252,-12.01,0.0056,0,0,Ready,0,9,13.9066,5.4608,0.2891,0,Perfect,,-0.95,-12.35,1.95,11.2,0,0,0.0001,0,0,0
3116,PlayerServeHold,None,1,-0.0117,52,-2.8653,2.535,-16.747,-1.0413,0.695,-12.65,0,Run,0,9,LowPickup,-95.9898,-90.9578,-1.05,0.7241,-12.0098,0.0078,0,0,Ready,0,9,13.776,4.5681,0.3528,0,Perfect,,-0.9613,-12.35,1.95,11.2,0,0,0.0001,0.0523,0,0
3117,PlayerServeHold,None,1,-0.0117,52,-2.8821,2.535,-16.7473,-1.0638,0.695,-12.65,0,Run,0,9,LowPickup,-95.9275,-90.9181,-1.0716,0.7248,-12.0099,0.0027,0,0,Ready,0,9,13.6441,3.6776,0.3105,0,Perfect,,-0.9838,-12.35,1.95,11.2,0,0,0.0001,0.0868,0,0
3118,PlayerServeHold,None,1,-0.0117,52,-2.8985,2.535,-16.7475,-1.075,0.695,-12.65,0,Run,0,9,LowPickup,-95.7142,-90.8556,-1.0796,0.7266,-12.0101,0.0007,0,0,Ready,0,9,13.4969,2.8217,0.1029,0,Perfect,,-0.995,-12.35,1.95,11.2,0,0,0.0001,0.1175,0,0
3119,PlayerServeHold,None,1,-0.0117,52,-2.9153,2.535,-16.7477,-1.0975,0.695,-12.65,0,Run,0,9,LowPickup,-95.3103,-90.7607,-1.0968,0.7302,-12.0107,0.0022,0,0,Ready,0,9,13.3365,1.992,0.0416,0,Perfect,,-1.0175,-12.35,1.95,11.2,0,0,0,0.15,0,0
3120,PlayerServeHold,None,1,-0.0117,52,-2.9317,2.535,-16.7479,-1.1088,0.695,-12.65,0,Run,0,9,LowPickup,-94.7333,-90.6382,-1.1003,0.7347,-12.0116,0.0003,0,0,Ready,0,9,12.9044,1.4234,0.2467,0,Perfect,,-1.0288,-12.35,1.95,11.2,0,0,0,0.1808,0,0
3121,PlayerServeHold,None,1,-0.0117,52,-2.9486,2.535,-16.748,-1.1313,0.695,-12.65,0,Run,0,9,LowPickup,-94.121,-90.5219,-1.1145,0.7388,-12.0127,0.0071,0,0,Ready,0,9,12.2616,0.7822,0.155,0,Perfect,,-1.0513,-12.35,1.95,11.2,0,0,0,0.1968,0,0
3122,PlayerServeHold,None,1,-0.0117,52,-2.965,2.535,-16.7482,-1.1425,0.695,-12.65,0,Run,0,9,LowPickup,-93.4172,-90.396,-1.1162,0.7426,-12.014,0.0177,0,0,Ready,0,9,11.0742,-0.1378,0.169,0,Perfect,,-1.0625,-12.35,1.95,11.2,0,0,0,0.2068,0,0
3123,PlayerServeHold,None,1,-0.0117,52,-2.9819,2.535,-16.7483,-1.165,0.695,-12.65,0,Run,0,9,LowPickup,-92.5797,-90.2482,-1.1271,0.7456,-12.0156,0.0467,0,0,Ready,0,9,9.6105,-1.1408,0.2605,0,Perfect,,-1.085,-12.35,1.95,11.2,0,0,0,0.2158,0,0
3124,PlayerServeHold,None,1,-0.0117,52,-2.9984,2.535,-16.7484,-1.1763,0.695,-12.65,0,Run,0,9,LowPickup,-91.5392,-90.0602,-1.124,0.748,-12.0178,0.4996,0,0,Ready,0,9,7.9015,-2.1838,0.2273,0,Perfect,,-1.0963,-12.35,1.95,11.2,0,0,0,0.2322,0,0
3125,PlayerServeHold,None,1,-0.0117,52,-3.0154,2.535,-16.7486,-1.1988,0.695,-12.65,0,Run,0,9,LowPickup,-90.5943,-89.906,-1.1328,0.7479,-12.0201,0,0,0,Ready,0,9,6.278,-3.1159,0.1961,0,Perfect,,-1.1188,-12.35,1.95,11.2,0,0,0,0.2279,0,0
3126,PlayerServeHold,None,1,-0.0117,52,-3.0319,2.535,-16.7487,-1.21,0.695,-12.65,0,Run,0,9,LowPickup,-89.6892,-89.7681,-1.1313,0.7468,-12.0223,0,0,0,Ready,0,9,5.0411,-3.8515,0.1165,0,Perfect,,-1.13,-12.35,1.95,11.2,0,0,0,0.2124,0,0
3127,PlayerServeHold,None,1,-0.0117,52,-3.0488,2.535,-16.7488,-1.2325,0.695,-12.65,0,Run,0,9,LowPickup,-88.7729,-89.6305,-1.1407,0.744,-12.0247,0,0,0,Ready,0,9,4.2034,-4.3063,0.1373,0,Perfect,,-1.1525,-12.35,1.95,11.2,0,0,0,0.1941,0,0
3128,PlayerServeHold,None,1,-0.0117,52,-3.0654,2.535,-16.7489,-1.2438,0.695,-12.65,0,Run,0,9,LowPickup,-87.7377,-89.4645,-1.137,0.7387,-12.0277,0,0,0,Ready,0,9,3.9391,-4.3535,0.2234,0,Perfect,,-1.1638,-12.35,1.95,11.2,0,0,0,0.1856,0,0
3129,PlayerServeHold,None,1,-0.0117,52,-3.0823,2.535,-16.749,-1.2663,0.695,-12.65,0,Run,0,9,LowPickup,-86.8256,-89.3293,-1.1463,0.7329,-12.0302,0.6733,0,0,Ready,0,9,4.0327,-4.0777,0.2771,0,Perfect,,-1.1863,-12.35,1.95,11.2,0,0,0,0.1652,0,0
3130,PlayerServeHold,None,1,-0.0117,52,-3.0989,2.535,-16.749,-1.2775,0.695,-12.65,0,Run,0,9,LowPickup,-86.0904,-89.2355,-1.147,0.7269,-12.0327,0.2897,0,0,Ready,0,9,4.3947,-3.4303,0.3462,0,Perfect,,-1.1975,-12.35,1.95,11.2,0,0,0,0.1312,0,0
3131,PlayerServeHold,None,1,-0.0117,52,-3.1159,2.535,-16.7491,-1.3,0.695,-12.65,0,Run,0,9,LowPickup,-85.4529,-89.1599,-1.1604,0.7207,-12.0348,0.5766,0,0,Ready,0,9,4.8716,-2.5774,1.7819,0,Perfect,,-1.22,-12.35,1.95,11.2,0,0,0,0.0949,0,0
3132,PlayerServeHold,None,1,-0.0117,52,-3.1324,2.535,-16.7492,-1.3113,0.695,-12.65,0,Run,0,9,LowPickup,-84.8632,-89.0878,-1.1632,0.7284,-11.9907,0.0393,0,0,Ready,0,9,5.2882,-1.6034,0,0,Perfect,,-1.2313,-12.35,1.95,11.2,0,0,0,0.0641,0,0
3133,PlayerServeHold,None,1,-0.0117,52,-3.1495,2.535,-16.7492,-1.3338,0.695,-12.65,0,Run,0,9,LowPickup,-84.3882,-89.0346,-1.1789,0.7227,-11.9923,0.0438,0,0,Ready,0,9,5.677,-0.5874,0,0,Perfect,,-1.2538,-12.35,1.95,11.2,0,0,0,0,0,0
3134,PlayerServeHold,None,1,-0.0117,52,-3.166,2.535,-16.7493,-1.345,0.695,-12.65,0,Run,0,9,LowPickup,-84.1238,-89.0229,-1.1865,0.7195,-11.9932,0.006,0,0,Ready,0,9,6.0133,0.3689,0,0,Perfect,,-1.265,-12.35,1.95,11.2,0,0,0,0,0,0
3135,PlayerServeHold,None,1,-0.0117,52,-3.1831,2.535,-16.7494,-1.3675,0.695,-12.65,0,Run,0,9,LowPickup,-84.0125,-89.0358,-1.2074,0.7181,-11.9936,0.0009,0,0,Ready,0,9,6.2993,1.2499,0,0,Perfect,,-1.2875,-12.35,1.95,11.2,0,0,0,0.0431,0,0
3136,PlayerServeHold,None,1,-0.0117,52,-3.1996,2.535,-16.7494,-1.3788,0.695,-12.65,0,Run,0,9,LowPickup,-84.0658,-89.0756,-1.2203,0.7189,-11.9933,0.0031,0,0,Ready,0,9,6.529,1.9927,0,0,Perfect,,-1.2988,-12.35,1.95,11.2,0,0,0,0.0797,0,0
3137,PlayerServeHold,None,1,-0.0117,52,-3.2167,2.535,-16.7495,-1.4013,0.695,-12.65,0,Run,0,9,LowPickup,-84.2821,-89.1413,-1.2456,0.7215,-11.9926,0.0015,0,0,Ready,0,9,6.7034,2.6051,0,0,Perfect,,-1.3213,-12.35,1.95,11.2,0,0,0,0.1149,0,0
3138,PlayerServeHold,None,1,-0.0117,52,-3.2333,2.535,-16.7495,-1.4125,0.695,-12.65,0,Run,0,9,LowPickup,-84.6099,-89.2194,-1.2617,0.7254,-11.9915,0.0002,0,0,Ready,0,9,6.8369,3.0721,0,0,Perfect,,-1.3325,-12.35,1.95,11.2,0,0,0,0.1423,0,0
3139,PlayerServeHold,None,1,-0.0117,52,-3.2503,2.535,-16.7495,-1.435,0.695,-12.65,0,Run,0,9,LowPickup,-85.0679,-89.3154,-1.2911,0.7305,-11.9899,0.0019,0,0,Ready,0,9,6.8772,3.3818,0,0,Perfect,,-1.355,-12.35,1.95,11.2,0,0,0,0.1646,0,0
3140,PlayerServeHold,None,1,-0.0117,52,-3.2669,2.535,-16.7496,-1.4463,0.695,-12.65,0,Run,0,9,LowPickup,-85.6818,-89.4362,-1.3114,0.7367,-11.9879,0.0026,0,0,Ready,0,9,6.7225,3.502,0.7783,0,Perfect,,-1.3663,-12.35,1.95,11.2,0,0,0,0.1858,0,0
3141,PlayerServeHold,None,1,-0.0117,52,-3.284,2.535,-16.7496,-1.4688,0.695,-12.65,0,Run,0,9,LowPickup,-86.5209,-89.5995,-1.3349,0.7303,-12.0311,0.0284,0,0,Ready,0,9,6.553,3.5111,0.2191,0,Perfect,,-1.3888,-12.35,1.95,11.2,0,0,0,0.2126,0,0
3142,PlayerServeHold,None,1,-0.0117,52,-3.3006,2.535,-16.7496,-1.48,0.695,-12.65,0,Run,0,9,LowPickup,-87.3463,-89.7459,-1.3697,0.7507,-11.9834,0.1139,0,0,Ready,0,9,6.528,3.4187,0.7233,0,Perfect,,-1.4,-12.35,1.95,11.2,0,0,0,0.2223,0,0
3143,PlayerServeHold,None,1,-0.0117,52,-3.3176,2.535,-16.7497,-1.5025,0.695,-12.65,0,Run,0,9,LowPickup,-88.1854,-89.8847,-1.4041,0.7413,-12.0265,0.1499,0,0,Ready,0,9,6.5676,3.3513,0.7252,0,Perfect,,-1.4225,-12.35,1.95,11.2,0,0,0,0.221,0,0
3144,PlayerServeHold,None,1,-0.0117,52,-3.3343,2.535,-16.7497,-1.5138,0.695,-12.65,0,Run,0,9,LowPickup,-89.0852,-90.0305,-1.4285,0.7451,-12.0242,0,0,0,Ready,0,9,6.6351,3.4553,0.6202,0,Perfect,,-1.4338,-12.35,1.95,11.2,0,0,0,0.2156,0,0
3145,PlayerServeHold,None,1,-0.0117,52,-3.3513,2.535,-16.7497,-1.5363,0.695,-12.65,0,Run,0,9,LowPickup,-90.1612,-90.2139,-1.4664,0.7475,-12.0215,0,0,0,Ready,0,9,6.7696,3.7088,0.4786,0,Perfect,,-1.4563,-12.35,1.95,11.2,0,0,0,0.2196,0,0
3146,PlayerServeHold,None,1,-0.0117,52,-3.3679,2.535,-16.7497,-1.5475,0.695,-12.65,0,Run,0,9,LowPickup,-91.1832,-90.3781,-1.4922,0.7482,-12.0192,0,0,0,Ready,0,9,6.9816,4.1445,0.3455,0,Perfect,,-1.4675,-12.35,1.95,11.2,0,0,0,0.2117,0,0
3147,PlayerServeHold,None,1,-0.0117,52,-3.385,2.535,-16.7498,-1.57,0.695,-12.65,0,Run,0,9,LowPickup,-92.0602,-90.5032,-1.5269,0.7472,-12.0173,0,0,0,Ready,0,9,7.3072,4.7653,0.2542,0,Perfect,,-1.49,-12.35,1.95,11.2,0,0,0,0.1864,0,0
3148,PlayerServeHold,None,1,-0.0117,52,-3.4016,2.535,-16.7498,-1.5813,0.695,-12.65,0,Run,0,9,LowPickup,-92.8849,-90.6163,-1.5494,0.7447,-12.0154,0.3473,0,0,Ready,0,9,7.7419,5.603,0.1007,0,Perfect,,-1.5013,-12.35,1.95,11.2,0,0,0,0.157,0,0
3149,PlayerServeHold,None,1,-0.0117,52,-3.4187,2.535,-16.7498,-1.6038,0.695,-12.65,0,Run,0,9,LowPickup,-93.7289,-90.7378,-1.5716,0.7407,-12.0042,1.3825,0,0,Ready,0,9,8.4159,6.582,0.1811,0,Perfect,,-1.5238,-12.35,1.95,11.2,0,0,0,0.1334,0,0
3150,PlayerServeHold,None,1,-0.0117,52,-3.4353,2.535,-16.7498,-1.615,0.695,-12.65,0,Run,0,9,LowPickup,-94.5157,-90.8497,-1.6051,0.7362,-12.0122,1.1347,0,0,Ready,0,9,9.5312,7.6279,0.1004,0,Perfect,,-1.535,-12.35,1.95,11.2,0,0,0,0.1101,0,0
3151,PlayerServeHold,None,1,-0.0117,52,-3.4524,2.535,-16.7498,-1.6375,0.695,-12.65,0,Run,0,9,LowPickup,-95.0751,-90.9114,-1.6348,0.7322,-12.0112,0.2076,0,0,Ready,0,9,10.8204,8.681,0.2503,0,Perfect,,-1.5575,-12.35,1.95,11.2,0,0,0,0.072,0,0
3152,PlayerServeHold,None,1,-0.0117,52,-3.4691,2.535,-16.7498,-1.6488,0.695,-12.65,0,Run,0,9,LowPickup,-95.4962,-90.9484,-1.6514,0.7286,-12.011,0.1975,0,0,Ready,0,9,12.191,9.7212,0.4794,0,Perfect,,-1.5688,-12.35,1.95,11.2,0,0,0,0,0,0
3153,PlayerServeHold,None,1,-0.0117,52,-3.4861,2.535,-16.7499,-1.6713,0.695,-12.65,0,Run,0,9,LowPickup,-95.7919,-90.9657,-1.6775,0.726,-12.0102,0.0054,0,0,Ready,0,9,13.3731,10.5911,0.4165,0,Perfect,,-1.5913,-12.35,1.95,11.2,0,0,0,0,0,0
3154,PlayerServeHold,None,1,-0.0117,52,-3.5028,2.535,-16.7499,-1.6825,0.695,-12.65,0,Run,0,9,LowPickup,-95.9681,-90.9663,-1.6909,0.7243,-12.0099,0.0109,0,0,Ready,0,9,14.089,11.1965,0,0,Perfect,,-1.6025,-12.35,1.95,11.2,0,0,0,0,0,0
3155,PlayerServeHold,None,1,-0.0117,52,-3.5199,2.535,-16.7499,-1.705,0.695,-12.65,0,Run,0,9,LowPickup,-95.9715,-90.9375,-1.7138,0.7244,-12.0099,0.0004,0,0,Ready,0,9,14.3623,11.4642,0,0,Perfect,,-1.625,-12.35,1.95,11.2,0,0,0,0.0699,0,0
3156,PlayerServeHold,None,1,-0.0117,52,-3.5365,2.535,-16.7499,-1.7163,0.695,-12.65,0,Run,0,9,LowPickup,-95.8179,-90.8841,-1.7221,0.7256,-12.0099,0.0025,0,0,Ready,0,9,14.0419,11.2629,0,0,Perfect,,-1.6363,-12.35,1.95,11.2,0,0,0,0.1033,0,0
3157,PlayerServeHold,None,1,-0.0117,52,-3.5536,2.535,-16.7499,-1.7388,0.695,-12.65,0,Run,0,9,LowPickup,-95.5013,-90.805,-1.7406,0.7286,-12.0104,0.0016,0,0,Ready,0,9,13.398,10.7274,0,0,Perfect,,-1.6588,-12.35,1.95,11.2,0,0,0,0.1342,0,0
3158,PlayerServeHold,None,1,-0.0117,52,-3.5702,2.535,-16.7499,-1.75,0.695,-12.65,0,Run,0,9,LowPickup,-94.9701,-90.6876,-1.7447,0.7329,-12.0112,0.0011,0,0,Ready,0,9,12.5743,9.8735,6.7436,0,Perfect,,-1.67,-12.35,1.95,11.2,0,0,0,0.1684,0,0
3159,PlayerServeHold,None,1,-0.0117,52,-3.5873,2.535,-16.7499,-1.7725,0.695,-12.65,0,Run,0,9,LowPickup,-94.3742,-90.5695,-1.7592,0.7372,-12.0122,0.0039,0,0,Ready,0,9,11.7343,8.8387,0.6453,0,Perfect,,-1.6925,-12.35,1.95,11.2,0,0,0,0.1897,0,0
3160,PlayerServeHold,None,1,-0.0117,52,-3.604,2.535,-16.7499,-1.7838,0.695,-12.65,0,Run,0,9,LowPickup,-93.7088,-90.448,-1.7614,0.7411,-12.0134,0.0049,0,0,Ready,0,9,11.0871,7.6957,2.8138,0,Perfect,,-1.7038,-12.35,1.95,11.2,0,0,0,0.2017,0,0
3161,PlayerServeHold,None,1,-0.0117,52,-3.621,2.535,-16.7499,-1.8063,0.695,-12.65,0,Run,0,9,LowPickup,-92.9401,-90.3128,-1.7734,0.7445,-12.0149,0.0198,0,0,Ready,0,9,10.5734,6.554,0.5296,0,Perfect,,-1.7263,-12.35,1.95,11.2,0,0,0,0.2098,0,0
3162,PlayerServeHold,None,1,-0.0117,52,-3.6377,2.535,-16.7499,-1.8175,0.695,-12.65,0,Run,0,9,LowPickup,-91.9607,-90.1357,-1.7711,0.7472,-12.0168,0.1494,0,0,Ready,0,9,10.1797,5.5275,0.6964,0,Perfect,,-1.7375,-12.35,1.95,11.2,0,0,0,0.2253,0,0
3163,PlayerServeHold,None,1,-0.0117,52,-3.6548,2.535,-16.7499,-1.84,0.695,-12.65,0,Run,0,9,LowPickup,-90.9589,-89.9635,-1.7792,0.7481,-12.0192,0,0,0,Ready,0,9,9.9809,4.6853,0.9943,0,Perfect,,-1.76,-12.35,1.95,11.2,0,0,0,0.2315,0,0
3164,PlayerServeHold,None,1,-0.0117,52,-3.6714,2.535,-16.7499,-1.8513,0.695,-12.65,0,Run,0,9,LowPickup,-90.0525,-89.823,-1.7778,0.7477,-12.0214,0,0,0,Ready,0,9,10.0526,4.1487,3.4502,0,Perfect,,-1.7713,-12.35,1.95,11.2,0,0,0,0.2181,0,0
3165,PlayerServeHold,None,1,-0.0117,52,-3.6885,2.535,-16.7499,-1.8738,0.695,-12.65,0,Run,0,9,LowPickup,-89.1467,-89.687,-1.7873,0.7453,-12.0237,0,0,0,Ready,0,9,10.3566,3.8877,0.1737,0,Perfect,,-1.7938,-12.35,1.95,11.2,0,0,0,0.1998,0,0
3166,PlayerServeHold,None,1,-0.0117,52,-3.7052,2.535,-16.75,-1.885,0.695,-12.65,0,Run,0,9,LowPickup,-88.1615,-89.533,-1.7844,0.7411,-12.0264,0,0,0,Ready,0,9,10.8702,3.9409,0.4349,0,Perfect,,-1.805,-12.35,1.95,11.2,0,0,0,0.1874,0,0
3167,PlayerServeHold,None,1,-0.0117,52,-3.7223,2.535,-16.75,-1.9075,0.695,-12.65,0,Run,0,9,LowPickup,-87.1587,-89.3754,-1.7924,0.7352,-12.0293,0.5593,0,0,Ready,0,9,11.631,4.2467,0.7024,0,Perfect,,-1.8275,-12.35,1.95,11.2,0,0,0,0.1758,0,0
3168,PlayerServeHold,None,1,-0.0117,52,-3.7389,2.535,-16.75,-1.9188,0.695,-12.65,0,Run,0,9,LowPickup,-86.3734,-89.2707,-1.7923,0.7293,-12.0316,0.308,0,0,Ready,0,9,12.7348,4.7717,0.7775,0,Perfect,,-1.8388,-12.35,1.95,11.2,0,0,0,0.1437,0,0
3169,PlayerServeHold,None,1,-0.0117,52,-3.756,2.535,-16.75,-1.9413,0.695,-12.65,0,Run,0,9,LowPickup,-85.697,-89.1882,-1.8051,0.7232,-12.0341,0.6119,0,0,Ready,0,9,13.9725,5.4312,0.7564,0,Perfect,,-1.8613,-12.35,1.95,11.2,0,0,0,0.1084,0,0
3170,PlayerServeHold,None,1,-0.0117,52,-3.7726,2.535,-16.75,-1.9525,0.695,-12.65,0,Run,0,9,LowPickup,-85.098,-89.1173,-1.8078,0.7172,-12.0359,0.0139,0,0,Ready,0,9,15.2283,6.1461,0.6589,0,Perfect,,-1.8725,-12.35,1.95,11.2,0,0,0,0.074,0,0
3171,PlayerServeHold,None,1,-0.0117,52,-3.7897,2.535,-16.75,-1.975,0.695,-12.65,0,Run,0,9,LowPickup,-84.5493,-89.0498,-1.8225,0.7247,-11.9918,0.0325,0,0,Ready,0,9,16.3692,6.9108,0.552,0,Perfect,,-1.895,-12.35,1.95,11.2,0,0,0,0.0442,0,0
3172,PlayerServeHold,None,1,-0.0117,52,-3.8064,2.535,-16.75,-1.9863,0.695,-12.65,0,Run,0,9,LowPickup,-84.2091,-89.0239,-1.8289,0.7205,-11.9929,0.0073,0,0,Ready,0,9,17.2331,7.7262,0.4195,0,Perfect,,-1.9063,-12.35,1.95,11.2,0,0,0,0,0,0
3173,PlayerServeHold,None,1,-0.0117,52,-3.8235,2.535,-16.75,-2.0088,0.695,-12.65,0,Run,0,9,LowPickup,-84.0386,-89.028,-1.8491,0.7184,-11.9935,0.0031,0,0,Ready,0,9,17.8414,8.5569,0.2807,0,Perfect,,-1.9288,-12.35,1.95,11.2,0,0,0,0,0,0
3174,PlayerServeHold,None,1,-0.0117,52,-3.8401,2.535,-16.75,-2.02,0.695,-12.65,0,Run,0,9,LowPickup,-84.0228,-89.0567,-1.8604,0.7182,-11.9936,0.0028,0,0,Ready,0,9,18.1145,9.3743,0.0337,0,Perfect,,-1.94,-12.35,1.95,11.2,0,0,0,0.0649,0,0
3175,PlayerServeHold,None,1,-0.0117,52,-3.8572,2.535,-16.75,-2.0425,0.695,-12.65,0,Run,0,9,LowPickup,-84.1808,-89.1141,-1.8855,0.7203,-11.993,0.0016,0,0,Ready,0,9,18.2036,10.1769,0.0758,0,Perfect,,-1.9625,-12.35,1.95,11.2,0,0,0,0.1018,0,0
3176,PlayerServeHold,None,1,-0.0117,52,-3.8739,2.535,-16.75,-2.0538,0.695,-12.65,0,Run,0,9,LowPickup,-84.4642,-89.1874,-1.9008,0.7236,-11.992,0.0011,0,0,Ready,0,9,18.1741,10.9295,0.0335,0,Perfect,,-1.9738,-12.35,1.95,11.2,0,0,0,0.1323,0,0
3177,PlayerServeHold,None,1,-0.0117,52,-3.891,2.535,-16.75,-2.0763,0.695,-12.65,0,Run,0,9,LowPickup,-84.8702,-89.276,-1.9294,0.7283,-11.9906,0.001,0,0,Ready,0,9,18.1651,11.6259,0.0488,0,Perfect,,-1.9963,-12.35,1.95,11.2,0,0,0,0.157,0,0
3178,PlayerServeHold,None,1,-0.0117,52,-3.9076,2.535,-16.75,-2.0875,0.695,-12.65,0,Run,0,9,LowPickup,-85.4108,-89.384,-1.9486,0.734,-11.9888,0.0049,0,0,Ready,0,9,18.3692,12.2125,0.04,0,Perfect,,-2.0075,-12.35,1.95,11.2,0,0,0,0.1778,0,0
3179,PlayerServeHold,None,1,-0.0117,52,-3.9247,2.535,-16.75,-2.11,0.695,-12.65,0,Run,0,9,LowPickup,-86.1712,-89.5329,-1.9823,0.7411,-11.9863,0.024,0,0,Ready,0,9,18.6394,12.6923,0.0396,0,Perfect,,-2.03,-12.35,1.95,11.2,0,0,0,0.2032,0,0
3180,PlayerServeHold,None,1,-0.0117,52,-3.9414,2.535,-16.75,-2.1213,0.695,-12.65,0,Run,0,9,LowPickup,-87.0222,-89.6907,-1.9947,0.7344,-12.0293,0.0734,0,0,Ready,0,9,18.9414,13.0846,0.0174,0,Perfect,,-2.0413,-12.35,1.95,11.2,0,0,0,0.2218,0,0
3181,PlayerServeHold,None,1,-0.0117,52,-3.9585,2.535,-16.75,-2.1436,0.695,-12.65,0,Run,0,9,LowPickup,-87.842,-89.8285,-2.0291,0.7398,-12.0256,0.0286,0,0,Ready,0,9,19.1567,13.3192,0.0852,0,Perfect,,-2.0636,-12.35,1.95,11.2,0,0,0,0.2223,0,0
3182,PlayerServeHold,None,1,-0.0117,52,-3.9751,2.535,-16.75,-2.1546,0.695,-12.65,0,Run,0,9,LowPickup,-88.7031,-89.9675,-2.0639,0.7437,-12.0251,0.4058,0,0,Ready,0,9,19.1721,13.3677,0.2216,0,Perfect,,-2.0746,-12.35,1.95,11.2,0,0.0001,0.1331,0.2165,0,0
3183,PlayerServeHold,None,1,-0.0117,52,-3.992,2.535,-16.75,-2.1758,0.695,-12.65,0,Run,0,9,LowPickup,-89.6668,-90.1255,-2.0994,0.7469,-12.0227,0,0,0,Ready,0,9,18.9766,13.2234,0.1645,0,Perfect,,-2.0958,-12.35,1.95,11.2,0,0.0004,0.3455,0.2131,0,0
3184,PlayerServeHold,None,1,-0.0117,52,-4.0085,2.535,-16.75,-2.1861,0.695,-12.65,0,Run,0,9,LowPickup,-90.697,-90.2948,-2.1251,0.749,-12.0203,0,0,0,Ready,0,9,18.4819,12.8695,0.1562,0,Perfect,,-2.1061,-12.35,1.95,11.2,0,0.001,0.7538,0.2096,0,0
3185,PlayerServeHold,None,1,-0.0117,52,-4.0252,2.535,-16.75,-2.206,0.695,-12.65,0,Run,0,9,LowPickup,-91.5492,-90.4163,-2.157,0.7492,-12.0183,0,0,0,Ready,0,9,17.8223,12.3707,0.2568,0,Perfect,,-2.126,-12.35,1.95,11.2,0,0.0018,0.8349,0.1848,0,0
3186,PlayerServeHold,None,1,-0.0117,52,-4.0414,2.535,-16.75,-2.2157,0.695,-12.65,0,Run,0,9,LowPickup,-92.302,-90.657,-2.1783,0.7456,-12.0169,0,0,0,Ready,0,9,17.0527,11.7462,0.5314,0,Perfect,,-2.1357,-12.35,1.95,11.2,0,0.0029,1.1397,0.3201,0,0
3187,PlayerServeHold,None,1,-0.0117,52,-4.0578,2.535,-16.75,-2.2344,0.695,-12.65,0,Run,0,9,LowPickup,-93.0021,-90.7832,-2.2067,0.7423,-12.0155,0.3466,0,0,Ready,0,9,16.2914,11.085,0.4911,0,Perfect,,-2.1544,-12.35,1.95,11.2,0,0.004,1.1391,0.3323,0,0
3188,PlayerServeHold,None,1,-0.0117,52,-4.0736,2.535,-16.75,-2.2434,0.695,-12.65,0,Run,0,9,LowPickup,-93.6986,-90.8372,-2.2134,0.7385,-12.0034,1.2754,0,0,Ready,0,9,15.6542,10.438,0.2097,0,Perfect,,-2.1634,-12.35,1.95,11.2,0,0.0051,1.3798,0.2553,0,0
3189,PlayerServeHold,None,1,-0.0117,52,-4.0895,2.535,-16.75,-2.2608,0.695,-12.65,0,Run,0,9,LowPickup,-94.3568,-90.896,-2.251,0.7338,-12.013,0.5382,0,0,Ready,0,9,15.164,9.87,0.1451,0,Perfect,,-2.1808,-12.35,1.95,11.2,0,0.0061,1.3286,0.1958,0,0
3190,PlayerServeHold,None,1,-0.0117,52,-4.1049,2.535,-16.75,-2.2692,0.695,-12.65,0,Run,0,9,LowPickup,-94.7998,-90.8838,-2.2662,0.7308,-12.0113,0.2687,0,0,Ready,0,9,14.8895,9.4649,0.2306,0,Perfect,,-2.1892,-12.35,1.95,11.2,0,0.0069,1.5294,0,0,0
3191,PlayerServeHold,None,1,-0.0117,52,-4.1203,2.535,-16.75,-2.2854,0.695,-12.65,0,Run,0,9,LowPickup,-95.0315,-90.7934,-2.2886,0.7279,-12.0119,0.1458,0,0,Ready,0,9,14.792,9.1812,0.2835,0,Perfect,,-2.2054,-12.35,1.95,11.2,0,0.0076,1.4467,0,0,0
3192,PlayerServeHold,None,1,-0.0117,52,-4.1351,2.535,-16.75,-2.2931,0.695,-12.65,0,Run,0,9,LowPickup,-94.9931,-90.5937,-2.2924,0.7272,-11.9987,0.1094,0,0,Ready,0,9,14.8786,9.0209,0.3487,0,Perfect,,-2.2131,-12.35,1.95,11.2,0,0.0081,1.623,0.1638,0,0
3193,PlayerServeHold,None,1,-0.0117,52,-4.1499,2.535,-16.75,-2.308,0.695,-12.65,0,Run,0,9,LowPickup,-94.719,-90.3113,-2.3156,0.7269,-12.0005,0.1832,0,0,Ready,0,9,15.0847,8.9451,0.3044,0,Perfect,,-2.228,-12.35,1.95,11.2,0,0.0084,1.5208,0.3182,0,0
3194,PlayerServeHold,None,1,-0.0117,52,-4.1642,2.535,-16.75,-2.3152,0.695,-12.65,0,Run,0,9,LowPickup,-94.2298,-89.9608,-2.3327,0.7288,-12.003,0.2413,0,0,Ready,0,9,15.3643,8.9406,0.2199,0,Perfect,,-2.2352,-12.35,1.95,11.2,0,0.0086,1.682,0.4173,0,0
3195,PlayerServeHold,None,1,-0.0117,52,-4.1784,2.535,-16.75,-2.3288,0.695,-12.65,0,Run,0,9,LowPickup,-93.5699,-89.5732,-2.3676,0.7336,-12.0229,0.2937,0,0,Ready,0,9,15.6864,8.9556,0.1203,0,Perfect,,-2.2488,-12.35,1.95,11.2,0,0.0087,1.5673,0.5334,0,0
3196,PlayerServeHold,None,1,-0.0117,52,-4.192,2.535,-16.75,-2.3353,0.695,-12.65,0,Run,0,9,LowPickup,-92.7435,-89.1597,-2.3834,0.7385,-12.025,0.3132,0,0,Ready,0,9,16.0086,8.9226,0.255,0,Perfect,,-2.2553,-12.35,1.95,11.2,0,0.0087,1.7194,0.6316,0,0
3197,PlayerServeHold,None,1,-0.0117,52,-4.2055,2.535,-16.75,-2.3476,0.695,-12.65,0,Run,0,9,LowPickup,-91.8059,-88.7449,-2.4032,0.743,-12.0276,0.3069,0,0,Ready,0,9,16.3339,8.8901,0.424,0,Perfect,,-2.2676,-12.35,1.95,11.2,0,0.0087,1.5973,0.7012,0,0
3198,PlayerServeHold,None,1,-0.0117,52,-4.2184,2.535,-16.75,-2.3535,0.695,-12.65,0,Run,0,9,LowPickup,-90.7716,-88.3222,-2.4164,0.7448,-12.0368,0.2642,0,0,Ready,0,9,16.6462,8.8898,0.6252,0,Perfect,,-2.2735,-12.35,1.95,11.2,0,0.0087,1.7436,0.7426,0,0
3199,PlayerServeHold,None,1,-0.0117,52,-4.2312,2.535,-16.75,-2.3646,0.695,-12.65,0,Run,0,9,LowPickup,-89.6771,-87.906,-2.4351,0.7445,-12.0487,0.2676,0,0,Ready,0,9,16.9638,8.9076,0.5247,0,Perfect,,-2.2846,-12.35,1.95,11.2,0,0.0086,1.6167,0.758,0,0
3200,PlayerServeHold,None,1,-0.0117,52,-4.2434,2.535,-16.75,-2.3698,0.695,-12.65,0,Run,0,9,LowPickup,-88.5117,-87.4891,-2.4482,0.7466,-12.0571,0.3718,0,0,Ready,0,9,17.3102,8.9239,0.1757,0,Perfect,,-2.2898,-12.35,1.95,11.2,0,0.0086,1.76,0.764,0,0
3201,PlayerServeHold,None,1,-0.0117,52,-4.2554,2.535,-16.75,-2.3796,0.695,-12.65,0,Run,0,9,LowPickup,-87.3065,-87.0606,-2.4649,0.7483,-12.0645,0.4419,0,0,Ready,0,9,17.6474,8.9887,0.074,0,Perfect,,-2.2996,-12.35,1.95,11.2,0,0.0085,1.6301,0.7508,0,0
3202,PlayerServeHold,None,1,-0.0117,52,-4.2668,2.535,-16.75,-2.3842,0.695,-12.65,0,Run,0,9,LowPickup,-86.0668,-86.5781,-2.4749,0.7508,-12.072,0.5148,0,0,Ready,0,9,17.9561,9.1716,0.2433,0,Perfect,,-2.3042,-12.35,1.95,11.2,0,0.0086,1.7717,0.7115,0,0
3203,PlayerServeHold,None,1,-0.0117,52,-4.278,2.535,-16.75,-2.3927,0.695,-12.65,0,Run,0,9,LowPickup,-84.8389,-86.0685,-2.4881,0.7514,-12.081,0.4981,0,0,Ready,0,9,18.2142,9.4043,0.2259,0,Perfect,,-2.3127,-12.35,1.95,11.2,0,0.0085,1.6399,0.6507,0,0
3204,PlayerServeHold,None,1,-0.0117,52,-4.2887,2.535,-16.75,-2.3966,0.695,-12.65,0,Run,0,9,LowPickup,-83.6466,-85.5464,-2.4974,0.7479,-12.0976,0.3097,0,0,Ready,0,9,18.3912,9.6332,0.0497,0,Perfect,,-2.3166,-12.35,1.95,11.2,0,0.0086,1.781,0.5776,0,0
3205,PlayerServeHold,None,1,-0.0117,52,-4.2991,2.535,-16.75,-2.4039,0.695,-12.65,0,Run,0,9,LowPickup,-82.506,-85.001,-2.5106,0.7443,-12.113,0.2309,0,0,Ready,0,9,18.5023,9.891,0.1312,0,Perfect,,-2.3239,-12.35,1.95,11.2,0,0.0086,1.6481,0.4962,0,0
3206,PlayerServeHold,None,1,-0.0117,52,-4.3089,2.535,-16.75,-2.4072,0.695,-12.65,0,Run,0,9,LowPickup,-81.4105,-84.404,-2.5212,0.7496,-12.115,0.2347,0,0,Ready,0,9,18.542,10.2049,0.1335,0,Perfect,,-2.3272,-12.35,1.95,11.2,0,0.0087,1.7893,0.4191,0,0
3207,PlayerServeHold,None,1,-0.0117,52,-4.3185,2.535,-16.75,-2.4131,0.695,-12.65,0,Run,0,9,LowPickup,-80.3636,-83.7855,-2.5334,0.7567,-12.1143,0.2206,0,0,Ready,0,9,18.5403,10.5175,0.1092,0,Perfect,,-2.3331,-12.35,1.95,11.2,0,0.0087,1.6563,0.3653,0,0
3208,PlayerServeHold,None,1,-0.0117,52,-4.3275,2.535,-16.75,-2.4158,0.695,-12.65,0,Run,0,9,LowPickup,-79.3485,-83.1801,-2.5381,0.7623,-12.1208,0.2184,0,0,Ready,0,9,18.5105,10.7629,0.0302,0,Perfect,,-2.3358,-12.35,1.95,11.2,0,0.0087,1.7988,0.3448,0,0
3209,PlayerServeHold,None,1,-0.0117,52,-4.3362,2.535,-16.75,-2.4204,0.695,-12.65,0,Run,0,9,LowPickup,-78.3561,-82.5781,-2.5499,0.7648,-12.1321,0.2132,0,0,Ready,0,9,18.489,10.9733,0.0129,0,Perfect,,-2.3404,-12.35,1.95,11.2,0,0.0087,1.6654,0.3323,0,0
3210,PlayerServeHold,None,1,-0.0117,52,-4.3444,2.535,-16.75,-2.4224,0.695,-12.65,0,Run,0,9,LowPickup,-77.3282,-81.9661,-2.5812,0.7641,-12.1525,0.2059,0,0,Ready,0,9,18.531,11.1644,0.0147,0,Perfect,,-2.3424,-12.35,1.95,11.2,0,0.0088,1.8106,0.3242,0,0
3211,PlayerServeHold,None,1,-0.0117,52,-4.3522,2.535,-16.75,-2.4617,0.695,-12.638,0,Run,0,9,LowPickup,-69.3126,-74.4065,-2.5916,0.7644,-12.1429,1.3429,0,0,Ready,0,9,18.5796,11.2954,0.0133,0,Perfect,,-2.3458,-12.35,1.95,11.2,0,0.0088,1.6777,0.33,0,0
3212,PlayerServeHold,None,1,-0.0117,52,-4.3595,2.535,-16.75,-2.4973,0.695,-12.6217,0,Run,0,9,LowPickup,-61.3114,-66.909,-2.5799,0.7688,-12.1237,1.345,0,0,Ready,0,9,18.6071,11.3333,0.0152,0,Perfect,,-2.3471,-12.35,1.95,11.2,0,0.0089,1.8288,0.3674,0,0
3213,PlayerServeHold,None,1,-0.0117,52,-4.3664,2.535,-16.75,-2.5318,0.695,-12.6014,0,Run,0,9,LowPickup,-53.3615,-59.4605,-2.5617,0.7737,-12.1005,1.3607,0,0,Ready,0,9,18.5942,11.2924,0.0161,0,Perfect,,-2.3496,-12.35,1.95,11.2,0,0.0089,1.6983,0.4209,0,0
3214,PlayerServeHold,None,1,-0.0117,52,-4.3728,2.535,-16.75,-2.5615,0.695,-12.5773,0,Run,0,9,LowPickup,-45.6031,-52.1285,-2.5388,0.7806,-12.068,1.3631,0,0,Ready,0,9,18.4965,11.1753,0.0061,0,Perfect,,-2.35,-12.35,1.95,11.2,0,0.0087,1.4287,0.4353,0,0
3215,PlayerServeHold,None,1,-0.0117,52,-4.3787,2.535,-16.75,-2.5876,0.695,-12.5499,0,Serve prepare 0.00,0,9,LowPickup,-38.4179,-47.0611,-2.5254,0.7809,-12.0608,1.0571,0.2083,0.1667,Ready,0,9,18.3709,11.0153,0.0058,0,Perfect,,-2.35,-12.35,1.95,11.2,0,0.0074,1.7969,2.4726,0,0
3216,PlayerServeHold,None,1,-0.0117,52,-4.3842,2.535,-16.75,-2.6102,0.695,-12.5194,0,Serve prepare 0.00,0,9,LowPickup,-30.4059,-40.7356,-2.4647,0.7733,-12.0235,0.7445,0.4167,0.3333,Ready,0,9,18.2445,10.8421,0.0122,0,Perfect,,-2.35,-12.35,1.95,11.2,0,0.0057,1.5268,3.854,0,0
3217,PlayerServeHold,None,1,-0.0117,52,-4.3893,2.535,-16.75,-2.6289,0.695,-12.4864,0,Serve prepare 0.00,0,9,LowPickup,-18.0833,-32.5705,-2.468,0.7661,-12.0795,1.1273,0.625,0.5,Ready,0,9,18.1496,10.6721,0.0153,0,Perfect,,-2.35,-12.35,1.95,11.2,0,0.0037,0.9719,6.1841,0,0
3218,PlayerServeHold,None,1,-0.0117,52,-4.3939,2.535,-16.75,-2.6434,0.695,-12.4514,0,Serve prepare 0.00,0,9,LowPickup,-4.9594,-23.2967,-2.4319,0.7632,-12.0972,0.8589,0.8333,0.6667,Ready,0,9,18.1099,10.5168,0.0201,0,Perfect,,-2.35,-12.35,1.95,11.2,0,0.0019,0.5836,7.4893,0,0
3219,PlayerServeHold,None,1,-0.0117,52,-4.3983,2.535,-16.75,-2.6536,0.695,-12.4149,0,Serve prepare 0.00,0,9,LowPickup,9.8739,-12.4392,-2.3853,0.7583,-12.1195,0,1,0.8333,Ready,0,9,18.168,10.4104,0.0131,0,Perfect,,-2.35,-12.35,1.95,11.2,0,0.0005,0.3162,7.6935,0,0
3220,PlayerServeHold,None,1,-0.0117,52,-4.4022,2.535,-16.75,-2.6593,0.695,-12.3774,0,Serve prepare 0.00,0,9,LowPickup,26.1688,1.225,-2.3186,0.7616,-12.1491,0,1,1,Ready,0,9,18.4111,10.4014,0.0122,0,Perfect,,-2.35,-12.35,1.95,11.2,0,-0.0006,0.1359,5.2108,0,0
3221,PlayerServeHold,None,1,-0.0117,52,-4.4059,2.535,-16.75,-2.6603,0.695,-12.3395,0,Serve prepare 0.00,0,9,LowPickup,42.8624,15.6591,-2.2595,0.7624,-12.1971,0,1,1,Ready,0,9,18.7096,10.4282,0.0173,0,Perfect,,-2.35,-12.35,1.95,11.2,0,-0.0012,0.0179,2.9104,0,0
3222,PlayerServeHold,None,1,-0.0117,52,-4.4093,2.535,-16.75,-2.6567,0.695,-12.3018,0,Serve prepare 0.00,0,9,LowPickup,60.0882,30.567,-2.1941,0.7614,-12.2583,0,1,1,Ready,0,9,18.9691,10.4498,0.0082,0,Perfect,,-2.35,-12.35,1.95,11.2,0,-0.0015,0,1.7539,0,0
3223,PlayerServeHold,None,1,-0.0117,52,-4.4124,2.535,-16.75,-2.1954,0.875,-11.9843,0,Serve prepare 0.00,0,9,LowPickup,76.468,44.7525,-2.1972,0.7588,-12.3245,0,1,1,Ready,0,9,19.2058,10.4846,0.0088,0,Perfect,,-2.35,-12.35,1.95,11.2,0,-0.0015,0,2.1025,0,0
3224,PlayerServeHold,None,1,-0.0117,52,-4.4153,2.535,-16.75,-2.2083,0.875,-11.9792,0,Serve prepare 0.00,0,9,LowPickup,86.2444,52.4947,-2.1471,0.766,-12.3652,0,1,1,Ready,0,9,19.3918,10.5317,0.0167,0,Perfect,,-2.35,-12.35,1.95,11.2,0,-0.0013,0,2.6864,0,0
3225,PlayerServeHold,None,1,-0.0117,52,-4.418,2.535,-16.75,-2.2213,0.875,-11.9745,0,Serve prepare 0.00,0,9,LowPickup,93.7774,58.3966,-2.1338,0.7603,-12.4053,0,1,1,Ready,0,9,19.5669,10.6168,0.0179,0,Perfect,,-2.35,-12.35,1.95,11.2,0,-0.001,0,2.9311,0,0
3226,PlayerServeHold,None,1,-0.0117,52,-4.4204,2.535,-16.75,-2.2345,0.875,-11.9702,0,Serve prepare 0.00,0,9,LowPickup,98.7804,62.2954,-2.1226,0.7553,-12.4334,0,1,1,Ready,0,9,19.7579,10.7655,0.0116,0,Perfect,,-2.35,-12.35,1.95,11.2,0,-0.0007,0,2.798,0,0
3227,PlayerServeHold,None,1,-0.0117,52,-4.4227,2.535,-16.75,-2.2478,0.8644,-11.9664,0,Serve prepare 0.00,0,9,LowPickup,101.647,64.4754,-2.1123,0.7528,-12.4509,0,1,1,Ready,0,9,19.9661,10.9648,0.0098,0,Perfect,,-2.35,-12.35,1.95,11.2,0,-0.0004,0,2.3969,0,0
3228,PlayerServeHold,None,1,-0.0117,52,-4.4248,2.535,-16.75,-2.2613,0.8533,-11.9631,0,Serve prepare 0.00,0,9,LowPickup,102.9325,65.3717,-2.1026,0.7524,-12.4602,0,1,1,Ready,0,9,20.2091,11.2096,0.0098,0,Perfect,,-2.35,-12.35,1.95,11.2,0,-0.0001,0,1.865,0,0
3229,PlayerServeHold,None,1,-0.0117,52,-4.4268,2.535,-16.75,-2.2748,0.8311,-11.9602,0,Serve prepare 0.00,0,9,LowPickup,103.1207,65.3611,-2.0938,0.7527,-12.4641,0,1,1,Ready,0,9,20.4622,11.4881,0.0096,0,Perfect,,-2.35,-12.35,1.95,11.2,0,0.0001,0,1.3353,0,0
3230,PlayerServeHold,None,1,-0.0117,52,-4.4285,2.535,-16.75,-2.2885,0.82,-11.9578,0,Serve prepare 0.00,0,9,LowPickup,102.5651,64.7288,-2.0861,0.7532,-12.4642,0,1,1,Ready,0,9,20.7525,11.8171,0.0058,0,Perfect,,-2.35,-12.35,1.95,11.2,0,0.0002,0,0.9388,0,0
3231,PlayerServeHold,None,1,-0.0117,52,-4.4302,2.535,-16.75,-2.3022,0.7978,-11.9559,0,Serve prepare 0.00,0,9,LowPickup,101.5162,63.6736,-2.0793,0.7539,-12.4613,0,1,1,Ready,0,9,20.9432,12.0993,0.008,0,Perfect,,-2.35,-12.35,1.95,11.2,0,0.0002,0,0.7813,0,0
3232,PlayerServeHold,None,1,-0.0117,52,-4.4317,2.535,-16.75,-2.316,0.7729,-11.9545,0,Serve prepare 0.00,0,9,LowPickup,100.1461,62.3342,-2.0735,0.7546,-12.456,0,1,1,Ready,0,9,20.919,12.2574,0.0117,0,Perfect,,-2.35,-12.35,1.95,11.2,0,0.0003,0,0.8089,0,0
3233,PlayerServeHold,None,1,-0.0117,52,-4.4331,2.535,-16.75,-2.3298,0.7122,-11.9535,0,Serve prepare 0.00,0,9,LowPickup,98.5703,60.803,-2.0687,0.755,-12.4492,0,1,1,Ready,0,9,20.6821,12.2956,0.0136,0,Perfect,,-2.35,-12.35,1.95,11.2,0,0.0002,0,0.8686,0,0
3234,PlayerServeHold,None,1,-0.0117,52,-4.4344,2.535,-16.75,-2.3298,0.6808,-11.9535,0,Serve prepare 0.00,0,9,LowPickup,98.8632,61.1417,-2.0682,0.7551,-12.4513,0,1,1,Ready,0,9,20.1689,12.1911,0.0179,0,Perfect,,-2.35,-12.35,1.95,11.2,0,0.0002,0,0.8758,0,0
3235,PlayerServeHold,None,1,-0.0117,52,-4.4356,2.535,-16.75,-2.3298,0.616,-11.9535,0,Serve prepare 0.00,0,9,LowPickup,99.0732,61.392,-2.0684,0.7549,-12.4528,0,1,1,Ready,0,9,19.472,11.9654,0.015,0,Perfect,,-2.35,-12.35,1.95,11.2,0,0.0001,0,0.8156,0,0
3236,PlayerServeHold,None,1,-0.0117,52,-4.4367,2.535,-16.75,-2.3298,0.5826,-11.9535,0,Serve prepare 0.00,0,9,LowPickup,99.2306,61.5814,-2.069,0.7544,-12.454,0,1,1,Ready,0,9,18.6283,11.609,0.0031,0,Perfect,,-2.35,-12.35,1.95,11.2,0,0.0001,0,0.7011,0,0
3237,PlayerServeHold,None,1,-0.0117,52,-4.4377,2.535,-16.75,-2.3298,0.5137,-11.9535,0,Serve prepare 0.00,0,9,LowPickup,99.436,61.7979,-2.0698,0.7536,-12.4554,0,1,1,Ready,0,9,17.7206,11.1601,0.0049,0,Perfect,,-2.35,-12.35,1.95,11.2,0,0,0,0.5497,0,0
3238,PlayerServeHold,None,1,-0.0117,52,-4.4387,2.535,-16.75,-2.3298,0.4782,-11.9535,0,Serve prepare 0.00,0,9,LowPickup,99.5067,61.8897,-2.0711,0.7529,-12.4561,0,1,1,Ready,0,9,16.8057,10.6325,0.0178,0,Perfect,,-2.35,-12.35,1.95,11.2,0,0,0,0.3976,0,0
3239,PlayerServeHold,None,1,-0.0117,52,-4.4396,2.535,-16.75,-2.3298,0.4052,-11.9535,0,Serve prepare 0.00,0,9,LowPickup,99.5753,61.9739,-2.0723,0.752,-12.4568,0,1,1,Ready,0,9,15.9734,10.0456,0.206,0,Perfect,,-2.35,-12.35,1.95,11.2,0,0,0,0.2624,0,0
3240,PlayerServeHold,None,1,-0.0117,52,-4.4404,2.535,-16.75,-2.3298,0.3677,-11.9535,0,Serve prepare 0.00,0,9,LowPickup,99.6415,62.0549,-2.0734,0.7512,-12.4576,0,1,1,Ready,0,9,15.3434,9.4132,0.2928,0,Perfect,,-2.35,-12.35,1.95,11.2,0,0,0,0.1769,0,0
3241,PlayerServeHold,None,1,-0.0117,52,-4.4411,2.535,-16.75,-2.3298,0.2906,-11.9535,0,Serve prepare 0.00,0,9,LowPickup,99.7054,62.1348,-2.0744,0.7505,-12.4584,0,1,1,Ready,0,9,14.8489,8.723,0.3,0,Perfect,,-2.35,-12.35,1.95,11.2,0,0,0,0.1631,0,0
3242,PlayerServeHold,None,1,-0.0117,52,-4.4418,2.535,-16.75,-2.3298,0.2511,-11.9535,0,Serve prepare 0.00,0,9,LowPickup,99.767,62.2153,-2.0753,0.7498,-12.4593,0,1,1,Ready,0,9,14.4711,7.9746,0.2946,0,Perfect,,-2.35,-12.35,1.95,11.2,0,0,0,0.1897,0,0
3243,PlayerServeHold,None,1,-0.0117,52,-4.4424,2.535,-16.75,-2.3298,0.1699,-11.9535,0,Serve prepare 0.00,0,9,LowPickup,99.8262,62.2972,-2.0759,0.7493,-12.4602,0,1,1,Ready,0,9,14.1972,7.1713,0.1564,0,Perfect,,-2.35,-12.35,1.95,11.2,0,0,0,0.2167,0,0
3244,PlayerServeHold,None,1,-0.0117,52,-4.443,2.535,-16.75,-2.3298,0.1397,-11.9535,0,Serve prepare 0.00,0,9,LowPickup,99.8826,62.3801,-2.0764,0.7488,-12.4612,0,1,1,Ready,0,9,14.0288,6.3265,0.158,0,Perfect,,-2.35,-12.35,1.95,11.2,0,0,0,0.2238,0,0
3245,PlayerServeHold,None,1,-0.0117,52,-4.4435,2.535,-16.75,-2.3298,0.1966,-11.9535,0,Serve prepare 0.00,0,9,LowPickup,99.9364,62.4638,-2.0767,0.7485,-12.4622,0,1,1,Ready,0,9,13.9066,5.4472,0.2891,0,Perfect,,-2.35,-12.35,1.95,11.2,0,0,0,0.2131,0,0
3246,PlayerServeHold,None,1,-0.0117,52,-4.444,2.535,-16.75,-2.3298,0.2241,-11.9535,0,Serve prepare 0.00,0,9,LowPickup,99.9852,62.5477,-2.0769,0.7483,-12.4631,0,1,1,Ready,0,9,13.776,4.5555,0.3528,0,Perfect,,-2.35,-12.35,1.95,11.2,0,0,0,0.1856,0,0
3247,PlayerServeHold,None,1,-0.0117,52,-4.4445,2.535,-16.75,-2.3298,0.277,-11.9535,0,Serve prepare 0.00,0,9,LowPickup,100.0311,62.6308,-2.077,0.7481,-12.464,0,1,1,Ready,0,9,13.6441,3.6671,0.3105,0,Perfect,,-2.35,-12.35,1.95,11.2,0,0,0,0,0,0
3248,PlayerServeHold,None,1,-0.0117,52,-4.4449,2.535,-16.75,-2.3298,0.3024,-11.9535,0,Serve prepare 0.00,0,9,LowPickup,100.0744,62.7117,-2.0769,0.748,-12.4648,0,1,1,Ready,0,9,13.4969,2.8138,0.1029,0,Perfect,,-2.35,-12.35,1.95,11.2,0,0,0,0,0,0
3249,PlayerServeHold,None,1,-0.0117,52,-4.4453,2.535,-16.75,-2.3298,0.3512,-11.9535,0,Serve prepare 0.00,0,9,LowPickup,100.1152,62.7895,-2.0769,0.748,-12.4656,0,1,1,Ready,0,9,13.3365,1.9868,0.0416,0,Perfect,,-2.35,-12.35,1.95,11.2,0,0,0,0,0,0
3250,PlayerServeHold,None,1,-0.0117,52,-4.4457,2.535,-16.75,-2.3298,0.3746,-11.9535,0,Serve prepare 0.00,0,9,LowPickup,100.1535,62.8634,-2.0768,0.748,-12.4663,0,1,1,Ready,0,9,12.9044,1.4207,0.2467,0,Perfect,,-2.35,-12.35,1.95,11.2,0,0,0,0,0,0
3251,PlayerServeHold,None,1,-0.0117,52,-4.446,2.535,-16.75,-2.3298,0.4194,-11.9535,0,Serve prepare 0.00,0,9,LowPickup,100.1893,62.9329,-2.0767,0.748,-12.4668,0,1,1,Ready,0,9,12.2616,0.7807,0.155,0,Perfect,,-2.35,-12.35,1.95,11.2,0,0,0,0,0,0
3252,PlayerServeHold,None,1,-0.0117,52,-4.4463,2.535,-16.75,-2.3298,0.4407,-11.9535,0,Serve prepare 0.00,0,9,LowPickup,100.2224,62.9976,-2.0766,0.748,-12.4673,0,1,1,Ready,0,9,11.0741,-0.1378,0.169,0,Perfect,,-2.35,-12.35,1.95,11.2,0,0,0,0,0,0
3253,PlayerServeHold,None,1,-0.0117,52,-4.4466,2.535,-16.75,-2.3298,0.4813,-11.9535,0,Serve prepare 0.00,0,9,LowPickup,100.2529,63.0572,-2.0765,0.7481,-12.4678,0,1,1,Ready,0,9,9.6105,-1.139,0.2605,0,Perfect,,-2.35,-12.35,1.95,11.2,0,0,0,0,0,0
3254,PlayerServeHold,None,1,-0.0117,52,-4.4469,2.535,-16.75,-2.3298,0.5006,-11.9535,0,Serve prepare 0.00,0,9,LowPickup,100.2808,63.1116,-2.0764,0.7481,-12.4682,0,1,1,Ready,0,9,7.9015,-2.1801,0.2273,0,Perfect,,-2.35,-12.35,1.95,11.2,0,0,0,0,0,0
3255,PlayerServeHold,None,1,-0.0117,52,-4.4471,2.535,-16.75,-2.3298,0.5372,-11.9535,0,Serve prepare 0.00,0,9,LowPickup,100.3059,63.1577,-2.0763,0.7481,-12.4685,0,1,1,Ready,0,9,6.278,-3.1105,0.1961,0,Perfect,,-2.35,-12.35,1.95,11.2,0,0,0,0,0,0
3256,PlayerServeHold,None,1,-0.0117,52,-4.4473,2.535,-16.75,-2.3298,0.5544,-11.9535,0,Serve prepare 0.00,0,9,LowPickup,100.3284,63.1969,-2.0762,0.7482,-12.4687,0,1,1,Ready,0,9,5.041,-3.8447,0.1165,0,Perfect,,-2.35,-12.35,1.95,11.2,0,0,0,0,0,0
3257,PlayerServeHold,None,1,-0.0117,52,-4.4475,2.535,-16.75,-2.3298,0.5869,-11.9535,0,Serve prepare 0.00,0,9,LowPickup,100.3481,63.2328,-2.0762,0.7482,-12.469,0,1,1,Ready,0,9,4.2034,-4.2986,0.1373,0,Perfect,,-2.35,-12.35,1.95,11.2,0,0,0,0,0,0
3258,PlayerServeHold,None,1,-0.0117,52,-4.4477,2.535,-16.75,-2.3298,0.6021,-11.9535,0,Serve prepare 0.00,0,9,LowPickup,100.3651,63.2625,-2.0761,0.7482,-12.4691,0,1,1,Ready,0,9,3.9391,-4.3453,0.2235,0,Perfect,,-2.35,-12.35,1.95,11.2,0,0,0,0,0,0
3259,PlayerServeHold,None,1,-0.0117,52,-4.4479,2.535,-16.75,-2.3298,0.6305,-11.9535,0,Serve prepare 0.00,0,9,LowPickup,100.3793,63.2867,-2.076,0.7483,-12.4693,0,1,1,Ready,0,9,4.0327,-4.0697,0.2771,0,Perfect,,-2.35,-12.35,1.95,11.2,0,0,0,0,0,0
3260,PlayerServeHold,None,1,-0.0117,52,-4.4481,2.535,-16.75,-2.3298,0.6436,-11.9535,0,Serve prepare 0.00,0,9,LowPickup,100.3908,63.3058,-2.076,0.7483,-12.4694,0,1,1,Ready,0,9,4.3947,-3.4229,0,0,Perfect,,-2.35,-12.35,1.95,11.2,0,0,0,0,0,0
3261,PlayerServeHold,None,1,-0.0117,52,-4.4482,2.535,-16.75,-2.3298,0.6679,-11.9535,0,Serve prepare 0.00,0,9,LowPickup,100.3995,63.3202,-2.076,0.7483,-12.4695,0,1,1,Ready,0,9,4.8716,-2.5713,0,0,Perfect,,-2.35,-12.35,1.95,11.2,0,0,0,0,0,0
3262,PlayerServeHold,None,1,-0.0117,52,-4.4483,2.535,-16.75,-2.3298,0.679,-11.9535,0,Serve prepare 0.00,0,9,LowPickup,100.4053,63.3302,-2.0759,0.7483,-12.4695,0,1,1,Ready,0,9,5.2882,-1.5989,0,0,Perfect,,-2.35,-12.35,1.95,11.2,0,0,0,0,0,0
3263,PlayerServeHold,None,1,-0.0117,52,-4.4485,2.535,-16.75,-2.3298,0.6992,-11.9535,0,Serve prepare 0.00,0,9,LowPickup,100.4084,63.3359,-2.0759,0.7483,-12.4696,0,1,1,Ready,0,9,5.677,-0.5854,0,0,Perfect,,-2.35,-12.35,1.95,11.2,0,0,0,0,0,0
3264,PlayerServeHold,None,1,-0.0117,52,-4.4486,2.535,-16.75,-2.3298,0.7083,-11.9535,0,Serve prepare 0.00,0,9,LowPickup,100.4087,63.3375,-2.0759,0.7483,-12.4696,0,1,1,Ready,0,9,6.0133,0.3673,0,0,Perfect,,-2.35,-12.35,1.95,11.2,0,0,0,0,0,0
3265,PlayerServeHold,None,1,-0.0117,52,-4.4487,2.535,-16.75,-2.3298,0.7244,-11.9535,0,Serve prepare 0.00,0,9,LowPickup,100.4062,63.3352,-2.0759,0.7483,-12.4696,0,1,1,Ready,0,9,6.2993,1.2444,0,0,Perfect,,-2.35,-12.35,1.95,11.2,0,0,0,0,0,0
3266,PlayerServeHold,None,1,-0.0117,52,-4.4488,2.535,-16.75,-2.3298,0.7315,-11.9535,0,Serve prepare 0.00,0,9,LowPickup,100.4009,63.329,-2.0759,0.7483,-12.4695,0,1,1,Ready,0,9,6.529,1.9831,0,0,Perfect,,-2.35,-12.35,1.95,11.2,0,0,0,0,0,0
3267,PlayerServeHold,None,1,-0.0117,52,-4.4489,2.535,-16.75,-2.3298,0.7435,-11.9535,0,Serve prepare 0.00,0,9,LowPickup,100.3928,63.319,-2.076,0.7483,-12.4695,0,1,1,Ready,0,9,6.7034,2.592,0,0,Perfect,,-2.35,-12.35,1.95,11.2,0,0,0,0,0,0
3268,PlayerServeHold,None,1,-0.0117,52,-4.449,2.535,-16.75,-2.3298,0.7485,-11.9535,0,Serve prepare 0.00,0,9,LowPickup,100.3819,63.3052,-2.076,0.7483,-12.4694,0,1,1,Ready,0,9,6.8369,3.0564,0,0,Perfect,,-2.35,-12.35,1.95,11.2,0,0,0,0,0,0
3269,PlayerServeHold,None,1,-0.0117,52,-4.4491,2.535,-16.75,-2.3298,0.7564,-11.9535,0,Serve prepare 0.00,0,9,LowPickup,100.3682,63.2877,-2.0761,0.7482,-12.4693,0,1,1,Ready,0,9,6.8772,3.3649,0,0,Perfect,,-2.35,-12.35,1.95,11.2,0,0,0,0,0,0
3270,PlayerServeHold,None,1,-0.0117,52,-4.4491,2.535,-16.75,-2.3298,0.7594,-11.9535,0,Serve prepare 0.00,0,9,LowPickup,100.3518,63.2665,-2.0761,0.7482,-12.4691,0,1,1,Ready,0,9,6.7225,3.4855,0,0,Perfect,,-2.35,-12.35,1.95,11.2,0,0,0,0,0,0
3271,PlayerServeHold,None,1,-0.0117,52,-4.4492,2.535,-16.75,-2.3298,0.7632,-11.9535,0,Serve prepare 0.00,0,9,LowPickup,100.3327,63.2418,-2.0762,0.7482,-12.469,0,1,1,Ready,0,9,6.553,3.4957,0.1716,0,Perfect,,-2.35,-12.35,1.95,11.2,0,0,0,0,0,0
3272,PlayerServeHold,None,1,-0.0117,52,-4.4493,2.535,-16.75,-2.3298,0.7641,-11.9535,0,Serve prepare 0.00,0,9,LowPickup,100.3108,63.2101,-2.0762,0.7482,-12.4688,0,1,1,Ready,0,9,6.528,3.404,0.6412,0,Perfect,,-2.35,-12.35,1.95,11.2,0,0,0,0,0,0
3273,PlayerServeHold,None,1,-0.0117,52,-4.4493,2.535,-16.75,-2.3298,0.7653,-11.9535,0,Serve prepare 0.00,0,9,LowPickup,100.2862,63.1713,-2.0763,0.7481,-12.4685,0,1,1,Ready,0,9,6.5676,3.3369,0.7252,0,Perfect,,-2.35,-12.35,1.95,11.2,0,0,0,0,0,0
3274,PlayerServeHold,None,1,-0.0117,52,-4.4494,2.535,-16.75,-2.3298,0.7675,-11.9535,0,Serve prepare 0.00,0,9,LowPickup,100.2589,63.1255,-2.0764,0.7481,-12.4681,0,1,1,Ready,0,9,6.6351,3.4408,0.6202,0,Perfect,,-2.35,-12.35,1.95,11.2,0,0,0,0,0,0
3275,PlayerServeHold,None,1,-0.0117,52,-4.4494,2.535,-16.75,-2.3298,0.7751,-11.9535,0,Serve prepare 0.00,0,9,LowPickup,100.2289,63.0732,-2.0764,0.7481,-12.4677,0,1,1,Ready,0,9,6.7696,3.6944,0.4786,0,Perfect,,-2.35,-12.35,1.95,11.2,0,0,0,0,0,0
3276,PlayerServeHold,None,1,-0.0117,52,-4.4495,2.535,-16.75,-2.3298,0.7804,-11.9535,0,Serve prepare 0.00,0,9,LowPickup,100.1963,63.0148,-2.0765,0.7481,-12.4673,0,1,1,Ready,0,9,6.9816,4.1307,0.3455,0,Perfect,,-2.35,-12.35,1.95,11.2,0,0,0,0,0,0
3277,PlayerServeHold,None,1,-0.0117,52,-4.4495,2.535,-16.75,-2.3298,0.7929,-11.9535,0,Serve prepare 0.00,0,9,LowPickup,100.1611,62.9512,-2.0765,0.7482,-12.4667,0,1,1,Ready,0,9,7.3072,4.7524,0.2542,0,Perfect,,-2.35,-12.35,1.95,11.2,0,0,0,0,0,0
3278,PlayerServeHold,None,1,-0.0117,52,-4.4495,2.535,-16.75,-2.3298,0.7999,-11.9535,0,Serve prepare 0.00,0,9,LowPickup,100.1233,62.8829,-2.0765,0.7483,-12.4661,0,1,1,Ready,0,9,7.7419,5.591,0.1007,0,Perfect,,-2.35,-12.35,1.95,11.2,0,0,0,0,0,0
3279,PlayerServeHold,None,1,-0.0117,52,-4.4496,2.535,-16.75,-2.3298,0.8149,-11.9535,0,Serve prepare 0.00,0,9,LowPickup,100.083,62.8105,-2.0765,0.7484,-12.4654,0,1,1,Ready,0,9,8.4159,6.5703,0.1811,0,Perfect,,-2.35,-12.35,1.95,11.2,0,0,0,0,0,0
3280,PlayerServeHold,None,1,-0.0117,52,-4.4496,2.535,-16.75,-2.3298,0.8226,-11.9535,0,Serve prepare 0.00,0,9,LowPickup,100.0402,62.7345,-2.0764,0.7486,-12.4647,0,1,1,Ready,0,9,9.5312,7.6157,0.1004,0,Perfect,,-2.35,-12.35,1.95,11.2,0,0,0,0,0,0
3281,PlayerServeHold,None,1,-0.0117,52,-4.4496,2.535,-16.75,-2.3298,0.8376,-11.9535,0,Serve prepare 0.00,0,9,LowPickup,99.9948,62.6551,-2.0762,0.7488,-12.4639,0,1,1,Ready,0,9,10.8204,8.6665,0.2503,0,Perfect,,-2.35,-12.35,1.95,11.2,0,0,0,0,0,0
3282,PlayerServeHold,None,1,-0.0117,52,-4.4497,2.535,-16.75,-2.3298,0.8448,-11.9535,0,Serve prepare 0.00,0,9,LowPickup,99.9471,62.5724,-2.076,0.749,-12.4631,0,1,1,Ready,0,9,12.191,9.7015,0.4794,0,Perfect,,-2.35,-12.35,1.95,11.2,0,0,0,0,0,0
3283,PlayerServeHold,None,1,-0.0117,52,-4.4497,2.535,-16.75,-2.3298,0.8576,-11.9535,0,Serve prepare 0.00,0,9,LowPickup,99.8938,62.4872,-2.0757,0.7493,-12.4622,0,1,1,Ready,0,9,13.3731,10.5652,0.4165,0,Perfect,,-2.35,-12.35,1.95,11.2,0,0,0,0,0,0
3284,PlayerServeHold,None,1,-0.0117,52,-4.4497,2.535,-16.75,-2.3298,0.863,-11.9535,0,Serve prepare 0.00,0,9,LowPickup,99.8379,62.3993,-2.0754,0.7496,-12.4613,0,1,1,Ready,0,9,14.089,11.1639,0,0,Perfect,,-2.35,-12.35,1.95,11.2,0,0,0,0,0,0
3285,PlayerServeHold,None,1,-0.0117,52,-4.4497,2.535,-16.75,-2.3298,0.8711,-11.9535,0,Serve prepare 0.00,0,9,LowPickup,99.7794,62.3082,-2.0749,0.7499,-12.4604,0,1,1,Ready,0,9,14.3623,11.4256,0,0,Perfect,,-2.35,-12.35,1.95,11.2,0,0,0,0,0,0
3286,PlayerServeHold,None,1,-0.0117,52,-4.4498,2.535,-16.75,-2.3298,0.8736,-11.9535,0,Serve prepare 0.00,0,9,LowPickup,99.7183,62.2138,-2.0744,0.7503,-12.4594,0,1,1,Ready,0,9,14.0419,11.2195,0,0,Perfect,,-2.35,-12.35,1.95,11.2,0,0,0,0,0,0
3287,PlayerServeHold,None,1,-0.0117,52,-4.4498,2.535,-16.75,-2.3298,0.8686,-11.9535,0,Serve prepare 0.00,0,9,LowPickup,99.6548,62.1161,-2.0738,0.7506,-12.4584,0,1,1,Ready,0,9,13.398,10.6811,0,0,Perfect,,-2.35,-12.35,1.95,11.2,0,0,0,0,0,0
3288,PlayerServeHold,None,1,-0.0117,52,-4.4498,2.535,-16.75,-2.3298,0.8575,-11.9535,0,Serve prepare 0.00,0,9,LowPickup,99.589,62.0148,-2.0732,0.751,-12.4575,0,1,1,Ready,0,9,12.5743,9.8267,0,0,Perfect,,-2.35,-12.35,1.95,11.2,0,0,0,0,0,0
3289,PlayerServeHold,None,1,-0.0117,52,-4.4498,2.535,-16.75,-2.3298,0.8353,-11.9535,0,Serve prepare 0.00,0,9,LowPickup,99.521,61.9109,-2.0725,0.7514,-12.4565,0,1,1,Ready,0,9,11.7343,8.7933,6.8594,0,Perfect,,-2.35,-12.35,1.95,11.2,0,0,0,0,0,0
3290,PlayerServeHold,None,1,-0.0117,52,-4.4498,2.535,-16.75,-2.3298,0.8242,-11.9535,0,Serve prepare 0.00,0,9,LowPickup,99.4507,61.8043,-2.0718,0.7518,-12.4555,0,1,1,Ready,0,9,11.0871,7.6538,0.6666,0,Perfect,,-2.35,-12.35,1.95,11.2,0,0,0,0,0,0
3291,PlayerServeHold,None,1,-0.0117,52,-4.4498,2.535,-16.75,-2.3298,0.8019,-11.9535,0,Serve prepare 0.00,0,9,LowPickup,99.3783,61.6949,-2.0711,0.7521,-12.4545,0,1,1,Ready,0,9,10.5734,6.5167,2.6719,0,Perfect,,-2.35,-12.35,1.95,11.2,0,0,0,0,0,0
3292,PlayerServeHold,None,1,-0.0117,52,-4.4498,2.535,-16.75,-2.3298,0.784,-11.9535,0,Serve prepare 0.00,0,9,LowPickup,99.3041,61.5826,-2.0704,0.7524,-12.4535,0,1,1,Ready,0,9,10.1797,5.4955,0.6964,0,Perfect,,-2.35,-12.35,1.95,11.2,0,0,0,0,0,0
3293,PlayerServeHold,None,1,-0.0117,52,-4.4499,2.535,-16.75,-2.3298,0.7238,-11.9535,0,Serve prepare 0.00,0,9,LowPickup,99.2282,61.4671,-2.0698,0.7527,-12.4525,0,1,1,Ready,0,9,9.9809,4.6586,0.6612,0,Perfect,,-2.35,-12.35,1.95,11.2,0,0,0,0,0,0
3294,PlayerServeHold,None,1,-0.0117,52,-4.4499,2.535,-16.75,-2.3298,0.6927,-11.9535,0,Serve prepare 0.00,0,9,LowPickup,99.1503,61.3485,-2.0693,0.753,-12.4515,0,1,1,Ready,0,9,10.0526,4.1269,0.4951,0,Perfect,,-2.35,-12.35,1.95,11.2,0,0,0,0,0,0
3295,PlayerServeHold,None,1,-0.0117,52,-4.4499,2.535,-16.75,-2.3298,0.6284,-11.9535,0,Serve prepare 0.00,0,9,LowPickup,99.0705,61.2268,-2.0688,0.7532,-12.4505,0,1,1,Ready,0,9,10.3566,3.8703,0.1737,0,Perfect,,-2.35,-12.35,1.95,11.2,0,0,0,0,0,0
3296,PlayerServeHold,None,1,-0.0117,52,-4.4499,2.535,-16.75,-2.3298,0.5952,-11.9535,0,Serve prepare 0.00,0,9,LowPickup,98.9888,61.102,-2.0683,0.7535,-12.4494,0,1,1,Ready,0,9,10.8702,3.927,0.4349,0,Perfect,,-2.35,-12.35,1.95,11.2,0,0,0,0,0,0
3297,PlayerServeHold,None,1,-0.0117,52,-4.4499,2.535,-16.75,-2.3298,0.5268,-11.9535,0,Serve prepare 0.00,0,9,LowPickup,98.9053,60.9758,-2.0679,0.7538,-12.4482,0,1,1,Ready,0,9,11.631,4.2352,0.7024,0,Perfect,,-2.35,-12.35,1.95,11.2,0,0,0,0,0,0
3298,PlayerServeHold,None,1,-0.0117,52,-4.4499,2.535,-16.75,-2.3298,0.4916,-11.9535,0,Serve prepare 0.00,0,9,LowPickup,98.8201,60.8486,-2.0674,0.7542,-12.447,0,1,1,Ready,0,9,12.7348,4.7605,0.7775,0,Perfect,,-2.35,-12.35,1.95,11.2,0,0,0,0,0,0
3299,PlayerServeHold,None,1,-0.0117,52,-4.4499,2.535,-16.75,-2.3298,0.4191,-11.9535,0,Serve prepare 0.00,0,9,LowPickup,98.7332,60.7204,-2.067,0.7545,-12.4457,0,1,1,Ready,0,9,13.9725,5.4195,0.7563,0,Perfect,,-2.35,-12.35,1.95,11.2,0,0,0,0,0,0
3300,PlayerServeHold,None,1,-0.0117,52,-4.4499,2.535,-16.75,-2.3298,0.3819,-11.9535,0,Serve prepare 0.00,0,9,LowPickup,98.6502,60.5898,-2.0665,0.7548,-12.4445,0,1,1,Ready,0,9,15.2283,6.1338,0.6589,0,Perfect,,-2.35,-12.35,1.95,11.2,0,0,0,0,0,0
3301,PlayerServeHold,None,1,-0.0117,52,-4.4499,2.535,-16.75,-2.3298,0.3053,-11.9535,0,Serve prepare 0.00,0,9,LowPickup,98.5666,60.457,-2.0661,0.7552,-12.4432,0,1,1,Ready,0,9,16.3692,6.8975,0.5519,0,Perfect,,-2.35,-12.35,1.95,11.2,0,0,0,0,0,0
3302,PlayerServeHold,None,1,-0.0117,52,-4.4499,2.535,-16.75,-2.3298,0.266,-11.9535,0,Serve prepare 0.00,0,9,LowPickup,98.4813,60.3219,-2.0656,0.7555,-12.4419,0,1,1,Ready,0,9,17.2331,7.7111,0.419,0,Perfect,,-2.35,-12.35,1.95,11.2,0,0,0,0,0,0
3303,PlayerServeHold,None,1,-0.0117,52,-4.4499,2.535,-16.75,-2.3298,0.1854,-11.9535,0,Serve prepare 0.00,0,9,LowPickup,98.3948,60.1843,-2.0651,0.7558,-12.4405,0,1,1,Ready,0,9,17.8414,8.54,0.2807,0,Perfect,,-2.35,-12.35,1.95,11.2,0,0,0,0,0,0
3304,PlayerServeHold,None,1,-0.0117,52,-4.4499,2.535,-16.75,-2.3298,0.144,-11.9535,0,Serve prepare 0.00,0,9,LowPickup,98.3074,60.0456,-2.0646,0.7562,-12.4392,0,1,1,Ready,0,9,18.1145,9.3557,0.0337,0,Perfect,,-2.35,-12.35,1.95,11.2,0,0,0,0,0,0
3305,PlayerServeHold,None,1,-0.0117,52,-4.4499,2.535,-16.75,-2.3298,0.1861,-11.9535,0,Serve prepare 0.00,0,9,LowPickup,98.2192,59.9057,-2.0642,0.7565,-12.4378,0,1,1,Ready,0,9,18.2036,10.1568,0.0758,0,Perfect,,-2.35,-12.35,1.95,11.2,0,0,0,0,0,0
3306,PlayerServeHold,None,1,-0.0117,52,-4.45,2.535,-16.75,-2.3298,0.2139,-11.9535,0,Serve prepare 0.00,0,9,LowPickup,98.1307,59.765,-2.0636,0.7568,-12.4365,0,1,1,Ready,0,9,18.1741,10.9081,0.0335,0,Perfect,,-2.35,-12.35,1.95,11.2,0,0,0,0,0,0
3307,PlayerServeHold,None,1,-0.0117,52,-4.45,2.535,-16.75,-2.3298,0.2673,-11.9535,0,Serve prepare 0.00,0,9,LowPickup,98.0437,59.6233,-2.0631,0.7571,-12.4351,0,1,1,Ready,0,9,18.1651,11.6036,0.0488,0,Perfect,,-2.35,-12.35,1.95,11.2,0,0,0,0,0,0
3308,PlayerServeHold,None,1,-0.0117,52,-4.45,2.535,-16.75,-2.3298,0.293,-11.9535,0,Serve prepare 0.00,0,9,LowPickup,97.9541,59.4797,-2.0625,0.7573,-12.4338,0,1,1,Ready,0,9,18.3692,12.1901,0.0399,0,Perfect,,-2.35,-12.35,1.95,11.2,0,0,0,0,0,0
3309,PlayerServeHold,None,1,-0.0117,52,-4.45,2.535,-16.75,-2.3298,0.3423,-11.9535,0,Serve prepare 0.00,0,9,LowPickup,97.8638,59.3346,-2.0619,0.7576,-12.4325,0,1,1,Ready,0,9,18.6394,12.6706,0.0397,0,Perfect,,-2.35,-12.35,1.95,11.2,0,0,0,0,0,0
3310,PlayerServeHold,None,1,-0.0117,52,-4.45,2.535,-16.75,-2.3298,0.3659,-11.9535,0,Serve prepare 0.00,0,9,LowPickup,97.7729,59.188,-2.0613,0.7578,-12.4312,0,1,1,Ready,0,9,18.9414,13.0647,0.0174,0,Perfect,,-2.35,-12.35,1.95,11.2,0,0,0,0,0,0
3311,PlayerServeHold,None,1,-0.0117,52,-4.45,2.535,-16.75,-2.3298,0.4112,-11.9535,0,Serve prepare 0.00,0,9,LowPickup,97.6814,59.0401,-2.0606,0.758,-12.4298,0,1,1,Ready,0,9,19.1567,13.3017,0.0852,0,Perfect,,-2.35,-12.35,1.95,11.2,0,0,0,0,0,0
3312,PlayerServeHold,None,1,-0.0117,52,-4.45,2.535,-16.75,-2.3298,0.4328,-11.9535,0,Serve prepare 0.00,0,9,LowPickup,97.5896,58.8911,-2.0599,0.7582,-12.4285,0,1,1,Ready,0,9,19.1721,13.3529,0.2354,0,Perfect,,-2.35,-12.35,1.95,11.2,0,0,0,0,0,0
3313,PlayerServeHold,None,1,-0.0117,52,-4.45,2.535,-16.75,-2.3298,0.4739,-11.9535,0,Serve prepare 0.00,0,9,LowPickup,97.4973,58.741,-2.0592,0.7583,-12.4271,0,1,1,Ready,0,9,18.9766,13.2115,0.1342,0,Perfect,,-2.35,-12.35,1.95,11.2,0,0,0,0,0,0
3314,PlayerServeHold,None,1,-0.0117,52,-4.45,2.535,-16.75,-2.3298,0.4935,-11.9535,0,Serve prepare 0.00,0,9,LowPickup,97.4025,58.5896,-2.0586,0.7585,-12.4258,0,1,1,Ready,0,9,18.4819,12.8609,0.1481,0,Perfect,,-2.35,-12.35,1.95,11.2,0,0,0,0,0,0
3315,PlayerServeHold,None,1,-0.0117,52,-4.45,2.535,-16.75,-2.3298,0.5305,-11.9535,0,Serve prepare 0.00,0,9,LowPickup,97.3074,58.4373,-2.0579,0.7587,-12.4244,0,1,1,Ready,0,9,17.8223,12.3654,0.2526,0,Perfect,,-2.35,-12.35,1.95,11.2,0,0,0,0,0,0
3316,PlayerServeHold,None,1,-0.0117,52,-4.45,2.535,-16.75,-2.3298,0.548,-11.9535,0,Serve prepare 0.00,0,9,LowPickup,97.2124,58.285,-2.0573,0.7588,-12.4231,0,1,1,Ready,0,9,17.0527,11.7443,0.5304,0,Perfect,,-2.35,-12.35,1.95,11.2,0,0,0,0,0,0
3317,PlayerServeHold,None,1,-0.0117,52,-4.45,2.535,-16.75,-2.3298,0.581,-11.9535,0,Serve prepare 0.00,0,9,LowPickup,97.1176,58.1336,-2.0678,0.7471,-12.4345,0,1,1,Ready,0,9,16.2914,11.0863,0.4936,0,Perfect,,-2.35,-12.35,1.95,11.2,0,0,0,0,0,0
3318,PlayerServeHold,None,1,-0.0117,52,-4.45,2.535,-16.75,-2.3298,0.5965,-11.9535,0,Serve prepare 0.00,0,9,LowPickup,97.0234,57.983,-2.0673,0.7473,-12.4331,0,1,1,Ready,0,9,15.6542,10.4424,0.2095,0,Perfect,,-2.35,-12.35,1.95,11.2,0,0,0,0,0,0
3319,PlayerServeHold,None,1,-0.0117,52,-4.45,2.535,-16.75,-2.3298,0.6253,-11.9535,0,Serve prepare 0.00,0,9,LowPickup,96.93,57.8333,-2.0667,0.7475,-12.4317,0,1,1,Ready,0,9,15.164,9.8773,0.1831,0,Perfect,,-2.35,-12.35,1.95,11.2,0,0,0,0,0,0
3320,PlayerServeHold,None,1,-0.0117,52,-4.45,2.535,-16.75,-2.3298,0.6388,-11.9535,0,Serve prepare 0.00,0,9,LowPickup,96.8332,57.6845,-2.0663,0.7478,-12.4303,0,1,1,Ready,0,9,14.8895,9.4749,0.2326,0,Perfect,,-2.35,-12.35,1.95,11.2,0,0,0,0,0,0
3321,PlayerServeHold,None,1,-0.0117,52,-4.45,2.535,-16.75,-2.3298,0.6636,-11.9535,0,Serve prepare 0.00,0,9,LowPickup,96.7368,57.5369,-2.0659,0.748,-12.429,0,1,1,Ready,0,9,14.792,9.1934,0.2834,0,Perfect,,-2.35,-12.35,1.95,11.2,0,0,0,0,0,0
3322,PlayerServeHold,None,1,-0.0117,52,-4.45,2.535,-16.75,-2.3298,0.6749,-11.9535,0,Serve prepare 0.00,0,9,LowPickup,96.6413,57.3921,-2.0656,0.7483,-12.4276,0,1,1,Ready,0,9,14.8786,9.035,0.3487,0,Perfect,,-2.35,-12.35,1.95,11.2,0,0,0,0,0,0
3323,PlayerServeHold,None,1,-0.0117,52,-4.45,2.535,-16.75,-2.3298,0.6957,-11.9535,0,Serve prepare 0.00,0,9,LowPickup,96.5465,57.2505,-2.0653,0.7486,-12.4262,0,1,1,Ready,0,9,15.0847,8.9607,0.3044,0,Perfect,,-2.35,-12.35,1.95,11.2,0,0,0,0,0,0
3324,PlayerServeHold,None,1,-0.0117,52,-4.45,2.535,-16.75,-2.3298,0.705,-11.9535,0,Serve prepare 0.00,0,9,LowPickup,96.4524,57.112,-2.065,0.7489,-12.4248,0,1,1,Ready,0,9,15.3643,8.9575,0.2199,0,Perfect,,-2.35,-12.35,1.95,11.2,0,0,0,0,0,0
3325,PlayerServeHold,None,1,-0.0117,52,-4.45,2.535,-16.75,-2.3298,0.7216,-11.9535,0,Serve prepare 0.00,0,9,LowPickup,96.3589,56.9769,-2.0648,0.7492,-12.4234,0,1,1,Ready,0,9,15.6864,8.9739,0.1202,0,Perfect,,-2.35,-12.35,1.95,11.2,0,0,0,0,0,0
3326,PlayerServeHold,None,1,-0.0117,52,-4.45,2.535,-16.75,-2.3298,0.7289,-11.9535,0,Serve prepare 0.00,0,9,LowPickup,96.264,56.8441,-2.0645,0.7495,-12.4221,0,1,1,Ready,0,9,16.0086,8.9422,0.255,0,Perfect,,-2.35,-12.35,1.95,11.2,0,0,0,0,0,0
3327,PlayerServeHold,None,1,-0.0117,52,-4.45,2.535,-16.75,-2.3298,0.7414,-11.9535,0,Serve prepare 0.00,0,9,LowPickup,96.1698,56.714,-2.0643,0.7498,-12.4208,0,1,1,Ready,0,9,16.3339,8.9112,0.4239,0,Perfect,,-2.35,-12.35,1.95,11.2,0,0,0,0,0,0
3328,PlayerServeHold,None,1,-0.0117,52,-4.45,2.535,-16.75,-2.3298,0.7467,-11.9535,0,Serve prepare 0.00,0,9,LowPickup,96.0764,56.5875,-2.064,0.7501,-12.4195,0,1,1,Ready,0,9,16.6462,8.913,0.6252,0,Perfect,,-2.35,-12.35,1.95,11.2,0,0,0,0,0,0
3329,PlayerServeHold,None,1,-0.0117,52,-4.45,2.535,-16.75,-2.3298,0.7551,-11.9535,0,Serve prepare 0.00,0,9,LowPickup,95.9837,56.4647,-2.0638,0.7484,-12.4182,0,1,1,Ready,0,9,16.9638,8.9329,0.5181,0,Perfect,,-2.35,-12.35,1.95,11.2,0,0,0,0,0,0
3330,PlayerServeHold,None,1,-0.0117,52,-4.45,2.535,-16.75,-2.3298,0.7583,-11.9535,0,Serve prepare 0.00,0,9,LowPickup,95.8921,56.3453,-2.0634,0.7487,-12.4169,0,1,1,Ready,0,9,17.3102,8.9511,0.1824,0,Perfect,,-2.35,-12.35,1.95,11.2,0,0,0,0,0,0
3331,PlayerServeHold,None,1,-0.0117,52,-4.45,2.535,-16.75,-2.3298,0.7627,-11.9535,0,Serve prepare 0.00,0,9,LowPickup,95.8021,56.2288,-2.0631,0.749,-12.4156,0,1,1,Ready,0,9,17.6474,9.0179,0.074,0,Perfect,,-2.35,-12.35,1.95,11.2,0,0,0,0,0,0
3332,PlayerServeHold,None,1,-0.0117,52,-4.45,2.535,-16.75,-2.3298,0.7638,-11.9535,0,Serve prepare 0.00,0,9,LowPickup,95.7119,56.1142,-2.088,0.7493,-12.4065,0,1,1,Ready,0,9,17.9561,9.2031,0.2433,0,Perfect,,-2.35,-12.35,1.95,11.2,0,0,0,0,0,0
3333,PlayerServeHold,None,1,-0.0117,52,-4.45,2.535,-16.75,-2.3298,0.7648,-11.9535,0,Serve prepare 0.00,0,9,LowPickup,95.6231,56.0019,-2.0876,0.7495,-12.4054,0,1,1,Ready,0,9,18.2142,9.4382,0.226,0,Perfect,,-2.35,-12.35,1.95,11.2,0,0,0,0,0,0
3334,PlayerServeHold,None,1,-0.0117,52,-4.45,2.535,-16.75,-2.3298,0.7665,-11.9535,0,Serve prepare 0.00,0,9,LowPickup,95.5356,55.8921,-2.0871,0.7497,-12.4043,0,1,1,Ready,0,9,18.3912,9.6698,0.0497,0,Perfect,,-2.35,-12.35,1.95,11.2,0,0,0,0,0,0
3335,PlayerServeHold,None,1,-0.0117,52,-4.45,2.535,-16.75,-2.3298,0.7734,-11.9535,0,Serve prepare 0.00,0,9,LowPickup,95.4495,55.7853,-2.0866,0.7499,-12.4031,0,1,1,Ready,0,9,18.5023,9.9306,0.1312,0,Perfect,,-2.35,-12.35,1.95,11.2,0,0,0,0,0,0
3336,PlayerServeHold,None,1,-0.0117,52,-4.45,2.535,-16.75,-2.3298,0.7783,-11.9535,0,Serve prepare 0.00,0,9,LowPickup,95.3646,55.6809,-2.0608,0.752,-12.4098,0,1,1,Ready,0,9,18.542,10.2479,0.1335,0,Perfect,,-2.35,-12.35,1.95,11.2,0,0,0,0,0,0
3337,PlayerServeHold,None,1,-0.0117,52,-4.45,2.535,-16.75,-2.3298,0.7903,-11.9535,0,Serve prepare 0.00,0,9,LowPickup,95.2827,55.5784,-2.0603,0.7522,-12.4087,0,1,1,Ready,0,9,18.5403,10.564,0.1092,0,Perfect,,-2.35,-12.35,1.95,11.2,0,0,0,0,0,0
3338,PlayerServeHold,None,1,-0.0117,52,-4.45,2.535,-16.75,-2.3298,0.7972,-11.9535,0,Serve prepare 0.00,0,9,LowPickup,95.2025,55.4775,-2.0598,0.7524,-12.4076,0,1,1,Ready,0,9,18.5105,10.8125,0.0302,0,Perfect,,-2.35,-12.35,1.95,11.2,0,0,0,0,0,0
3339,PlayerServeHold,None,1,-0.0117,52,-4.45,2.535,-16.75,-2.3298,0.812,-11.9535,0,Serve prepare 0.00,0,9,LowPickup,95.1238,55.3777,-2.0593,0.7526,-12.4066,0,1,1,Ready,0,9,18.489,11.0254,0.0129,0,Perfect,,-2.35,-12.35,1.95,11.2,0,0,0,0,0,0
3340,PlayerServeHold,None,1,-0.0117,52,-4.45,2.535,-16.75,-2.3298,0.8197,-11.9535,0,Serve prepare 0.00,0,9,LowPickup,95.0463,55.2793,-2.0588,0.7527,-12.4055,0,1,1,Ready,0,9,18.531,11.2184,0.0147,0,Perfect,,-2.35,-12.35,1.95,11.2,0,0,0,0,0,0
3341,PlayerServeHold,None,1,-0.0117,52,-4.45,2.535,-16.75,-2.3298,0.8349,-11.9535,0,Serve prepare 0.00,0,9,LowPickup,94.9701,55.1833,-2.0583,0.7529,-12.4045,0,1,1,Ready,0,9,18.5796,11.3507,0.0133,0,Perfect,,-2.35,-12.35,1.95,11.2,0,0,0,0,0,0
3342,PlayerServeHold,None,1,-0.0117,52,-4.45,2.535,-16.75,-2.3298,0.8421,-11.9535,0,Serve prepare 0.00,0,9,LowPickup,94.8952,55.0899,-2.0579,0.7531,-12.4035,0,1,1,Ready,0,9,18.6071,11.3894,0.0152,0,Perfect,,-2.35,-12.35,1.95,11.2,0,0,0,0,0,0
3343,PlayerServeHold,None,1,-0.0117,52,-4.45,2.535,-16.75,-2.3298,0.8553,-11.9535,0,Serve prepare 0.00,0,9,LowPickup,94.8217,54.999,-2.0574,0.7532,-12.4026,0,1,1,Ready,0,9,18.5942,11.3488,0.0161,0,Perfect,,-2.35,-12.35,1.95,11.2,0,0,0,0,0,0
3344,PlayerServeHold,None,1,-0.0117,52,-4.45,2.535,-16.75,-2.3298,0.861,-11.9535,0,Serve prepare 0.00,0,9,LowPickup,94.7511,54.9101,-2.057,0.7534,-12.4016,0,1,1,Ready,0,9,18.4965,11.2319,0.0061,0,Perfect,,-2.35,-12.35,1.95,11.2,0,0,0,0,0,0
3345,PlayerServeHold,None,1,-0.0117,52,-4.45,2.535,-16.75,-2.3298,0.8699,-11.9535,0,Serve prepare 0.00,0,9,LowPickup,94.6828,54.8234,-2.0566,0.7535,-12.4008,0,1,1,Ready,0,9,18.3709,11.0716,0.0058,0,Perfect,,-2.35,-12.35,1.95,11.2,0,0,0,0,0,0
3346,PlayerServeHold,None,1,-0.0117,52,-4.45,2.535,-16.75,-2.3298,0.8728,-11.9535,0,Serve prepare 0.00,0,9,LowPickup,94.6177,54.7386,-2.0563,0.7537,-12.3999,0,1,1,Ready,0,9,18.2445,10.898,0.0122,0,Perfect,,-2.35,-12.35,1.95,11.2,0,0,0,0,0,0
3347,PlayerServeHold,None,1,-0.0117,52,-4.45,2.535,-16.75,-2.3298,0.875,-11.9535,0,Serve prepare 0.00,0,9,LowPickup,94.5543,54.656,-2.0559,0.7538,-12.3991,0,1,1,Ready,0,9,18.1496,10.7272,0.0153,0,Perfect,,-2.35,-12.35,1.95,11.2,0,0,0,0,0,0
3348,PlayerServeHold,None,1,-0.0117,52,-4.45,2.535,-16.75,-2.3298,0.875,-11.9535,0,Serve prepare 0.00,0,9,LowPickup,94.4924,54.5756,-2.0556,0.7539,-12.3983,0,1,1,Ready,0,9,18.1099,10.5707,0.0201,0,Perfect,,-2.35,-12.35,1.95,11.2,0,0,0,0,0,0
3349,PlayerServeHold,None,1,-0.0117,52,-4.45,2.535,-16.75,-2.3298,0.875,-11.9535,0,Serve prepare 0.00,0,9,LowPickup,94.4323,54.4992,-2.0553,0.754,-12.3975,0,1,1,Ready,0,9,18.168,10.4632,0.0131,0,Perfect,,-2.35,-12.35,1.95,11.2,0,0,0,0,0,0
3350,PlayerServeHold,None,1,-0.0117,52,-4.45,2.535,-16.75,-2.3298,0.875,-11.9535,0,Serve prepare 0.00,0,9,LowPickup,94.3739,54.4263,-2.055,0.7541,-12.3967,0,1,1,Ready,0,9,18.4111,10.4533,0.0123,0,Perfect,,-2.35,-12.35,1.95,11.2,0,0,0,0,0,0
3351,PlayerServeHold,None,1,-0.0117,52,-4.45,2.535,-16.75,-2.3298,0.875,-11.9535,0,Serve prepare 0.00,0,9,LowPickup,94.3174,54.3571,-2.0547,0.7541,-12.396,0,1,1,Ready,0,9,18.7096,10.4796,0.0172,0,Perfect,,-2.35,-12.35,1.95,11.2,0,0,0,0,0,0
3352,PlayerServeHold,None,1,-0.0117,52,-4.45,2.535,-16.75,-2.3298,0.875,-11.9535,0,Serve prepare 0.00,0,9,LowPickup,94.2633,54.2915,-2.0544,0.7542,-12.3954,0,1,1,Ready,0,9,18.9691,10.5011,0.0093,0,Perfect,,-2.35,-12.35,1.95,11.2,0,0,0,0,0,0
3353,PlayerServeHold,None,1,-0.0117,52,-4.45,2.535,-16.75,-2.3298,0.875,-11.9535,0,Serve prepare 0.00,0,9,LowPickup,94.2133,54.2288,-2.0541,0.7523,-12.3947,0,1,1,Ready,0,9,19.2058,10.536,0.0075,0,Perfect,,-2.35,-12.35,1.95,11.2,0,0,0,0,0,0
3354,PlayerServeHold,None,1,-0.0117,52,-4.45,2.535,-16.75,-2.3298,0.875,-11.9535,0,Serve prepare 0.00,0,9,LowPickup,94.1653,54.1692,-2.0539,0.7525,-12.3941,0,1,1,Ready,0,9,19.3918,10.5835,0.0167,0,Perfect,,-2.35,-12.35,1.95,11.2,0,0,0,0,0,0
3355,PlayerServeHold,None,1,-0.0117,52,-4.45,2.535,-16.75,-2.3298,0.875,-11.9535,0,Serve prepare 0.00,0,9,LowPickup,94.1198,54.112,-2.0536,0.7526,-12.3935,0,1,1,Ready,0,9,19.5669,10.669,0.0179,0,Perfect,,-2.35,-12.35,1.95,11.2,0,0,0,0,0,0
3356,PlayerServeHold,None,1,-0.0117,52,-4.45,2.535,-16.75,-2.3298,0.875,-11.9535,0,Serve prepare 0.00,0,9,LowPickup,94.0764,54.0572,-2.0534,0.7527,-12.393,0,1,1,Ready,0,9,19.7579,10.818,0.0116,0,Perfect,,-2.35,-12.35,1.95,11.2,0,0,0,0,0,0
3357,PlayerServeHold,None,1,-0.0117,52,-4.45,2.535,-16.75,-2.3298,0.875,-11.9535,0,Serve prepare 0.00,0,9,LowPickup,94.035,54.0046,-2.0532,0.7527,-12.3925,0,1,1,Ready,0,9,19.9661,11.0174,0.0098,0,Perfect,,-2.35,-12.35,1.95,11.2,0,0,0,0,0,0
3358,PlayerServeHold,None,1,-0.0117,52,-4.45,2.535,-16.75,-2.3296,0.8754,-11.9536,0,Serve prepare 0.00,0,9,LowPickup,93.9957,53.9542,-2.053,0.7528,-12.392,0,1,1,Ready,0,9,20.2092,11.2623,0.0098,0,Perfect,,-2.35,-12.35,1.95,11.2,0,0,0,0,0,0
3359,PlayerServeHold,None,1,-0.0117,52,-4.45,2.535,-16.75,-2.3281,0.8782,-11.9545,0,Serve prepare 0.00,0,9,LowPickup,93.9585,53.9064,-2.0528,0.7529,-12.3915,0,1,1,Ready,0,9,20.4622,11.5406,0.0096,0,Perfect,,-2.35,-12.35,1.95,11.2,0,0,0,0,0,0
3360,PlayerServeHold,None,1,-0.0117,52,-4.45,2.535,-16.75,-2.3261,0.8806,-11.9553,0,Serve prepare 0.01,0,9,LowPickup,97.9792,58.0889,-2.0675,0.7553,-12.4237,0,1,1,Ready,0,9,20.7525,11.8692,0.0058,0,Perfect,,-2.35,-12.35,1.95,11.2,0,0,0,1.9359,0,0
3361,PlayerServeHold,None,1,-0.0117,52,-4.45,2.535,-16.75,-2.3222,0.8873,-11.9574,0,Serve prepare 0.02,0,9,LowPickup,98.5069,58.9782,-2.07,0.754,-12.4316,0,1,1,Ready,0,9,20.9432,12.1507,0.008,0,Perfect,,-2.35,-12.35,1.95,11.2,0,0,0,1.8264,0,0
3362,PlayerServeHold,None,1,-0.0117,52,-4.45,2.535,-16.75,-2.3192,0.8916,-11.9588,0,Serve prepare 0.03,0,9,LowPickup,99.6257,60.6429,-2.076,0.7502,-12.4465,0,1,1,Ready,0,9,20.919,12.3073,0.0117,0,Perfect,,-2.35,-12.35,1.95,11.2,0,0,0,1.8324,0,0
3363,PlayerServeHold,None,1,-0.0117,52,-4.45,2.535,-16.75,-2.3135,0.9017,-11.962,0,Serve prepare 0.04,0,9,LowPickup,100.2037,61.7218,-2.08,0.7478,-12.4561,0,1,1,Ready,0,9,20.6821,12.3434,0.0136,0,Perfect,,-2.35,-12.35,1.95,11.2,0,0,0,1.4846,0,0
3364,PlayerServeHold,None,1,-0.0117,52,-4.45,2.535,-16.75,-2.3097,0.9076,-11.9639,0,Serve prepare 0.05,0,9,LowPickup,101.2997,63.5777,-2.0718,0.7513,-12.4685,0,1,1,Ready,0,9,20.1689,12.2362,0.0179,0,Perfect,,-2.35,-12.35,1.95,11.2,0,0,0,1.4166,0,0
3365,PlayerServeHold,None,1,-0.0117,52,-4.45,2.535,-16.75,-2.3024,0.9208,-11.968,0,Serve prepare 0.06,0,9,LowPickup,101.8477,64.7967,-2.066,0.7427,-12.4933,0,1,1,Ready,0,9,19.472,12.0074,0.015,0,Perfect,,-2.35,-12.35,1.95,11.2,0,0,0,1.069,0,0
3366,PlayerServeHold,None,1,-0.0117,52,-4.45,2.535,-16.75,-2.2979,0.928,-11.9704,0,Serve prepare 0.07,0,9,LowPickup,103.0159,66.8406,-2.0659,0.7398,-12.5128,0,1,1,Ready,0,9,18.6283,11.6478,0.0031,0,Perfect,,-2.35,-12.35,1.95,11.2,0,0,0,1.1191,0,0
3367,PlayerServeHold,None,1,-0.0117,52,-4.45,2.535,-16.75,-2.2893,0.9437,-11.9753,0,Serve prepare 0.08,0,9,LowPickup,103.6817,68.1223,-2.0942,0.7381,-12.5075,0,1,1,Ready,0,9,17.7206,11.1955,0.0049,0,Perfect,,-2.35,-12.35,1.95,11.2,0,0,0,0.7743,0,0
3368,PlayerServeHold,None,1,-0.0117,52,-4.45,2.535,-16.75,-2.2841,0.9522,-11.9781,0,Serve prepare 0.09,0,9,LowPickup,105.0969,70.2115,-2.1018,0.7347,-12.5233,0,1,1,Ready,0,9,16.8057,10.6645,0.0178,0,Perfect,,-2.35,-12.35,1.95,11.2,0,0,0,0.761,0,0
3369,PlayerServeHold,None,1,-0.0117,52,-4.45,2.535,-16.75,-2.2744,0.97,-11.9838,0,Serve prepare 0.10,0,9,LowPickup,105.8251,71.4857,-2.1051,0.7336,-12.5327,0,1,1,Ready,0,9,15.9734,10.0742,0.206,0,Perfect,,-2.35,-12.35,1.95,11.2,0,0,0,0.5189,0,0
3370,PlayerServeHold,None,1,-0.0117,52,-4.45,2.535,-16.75,-2.2688,0.9794,-11.9869,0,Serve prepare 0.11,0,9,LowPickup,107.3995,73.5863,-2.0765,0.7422,-12.5549,0,1,1,Ready,0,9,15.3434,9.4384,0.2927,0,Perfect,,-2.35,-12.35,1.95,11.2,0,0,0,0.4093,0,0
3371,PlayerServeHold,None,1,-0.0117,52,-4.45,2.535,-16.75,-2.2583,0.999,-11.9932,0,Serve prepare 0.12,0,9,LowPickup,108.199,74.8405,-2.0809,0.7396,-12.5645,0,1,1,Ready,0,9,14.8489,8.745,0.3,0,Perfect,,-2.35,-12.35,1.95,11.2,0,0,0,0,0,0
3372,PlayerServeHold,None,1,-0.0117,52,-4.45,2.535,-16.75,-2.2523,1.0091,-11.9966,0,Serve prepare 0.13,0,9,LowPickup,109.6336,77.0482,-2.0925,0.7337,-12.5815,0.0563,1,1,Ready,0,9,14.4711,7.9935,0.2946,0,Perfect,,-2.35,-12.35,1.95,11.2,0,0,0,0.4476,0,0
3373,PlayerServeHold,None,1,-0.0117,52,-4.45,2.535,-16.75,-2.2411,1.0299,-12.0033,0,Serve prepare 0.14,0,9,LowPickup,110.3682,78.3411,-2.0962,0.7322,-12.5917,0.0269,1,1,Ready,0,9,14.1972,7.1872,0.1564,0,Perfect,,-2.35,-12.35,1.95,11.2,0,0,0,0.5747,0,0
3374,PlayerServeHold,None,1,-0.0117,52,-4.45,2.535,-16.75,-2.2349,1.0405,-12.0069,0,Serve prepare 0.15,0,9,LowPickup,111.8687,80.9099,-2.0947,0.7295,-12.6211,0.0401,1,1,Ready,0,9,14.0288,6.3397,0.158,0,Perfect,,-2.35,-12.35,1.95,11.2,0,0,0,1.0348,0,0
3375,PlayerServeHold,None,1,-0.0117,52,-4.45,2.535,-16.75,-2.2233,1.0621,-12.0139,0,Serve prepare 0.16,0,9,LowPickup,112.6274,82.4934,-2.0925,0.7311,-12.6328,0.0217,1,1,Ready,0,9,13.9066,5.458,0.289,0,Perfect,,-2.35,-12.35,1.95,11.2,0,0,0,1.177,0,0
3376,PlayerServeHold,None,1,-0.0117,52,-4.45,2.535,-16.75,-2.217,1.073,-12.0176,0,Serve prepare 0.17,0,9,LowPickup,114.1407,85.362,-2.0916,0.752,-12.6057,0.0527,1,1,Ready,0,9,13.776,4.5643,0.3528,0,Perfect,,-2.35,-12.35,1.95,11.2,0,0,0,1.7543,0,0
3377,PlayerServeHold,None,1,-0.0117,52,-4.45,2.535,-16.75,-2.2052,1.095,-12.0248,0,Serve prepare 0.18,0,9,LowPickup,114.8752,87.2253,-2.0697,0.7795,-12.5947,0.0263,1,1,Ready,0,9,13.6441,3.674,0.3105,0,Perfect,,-2.35,-12.35,1.95,11.2,0,0,0,1.5231,0,0
3378,PlayerServeHold,None,1,-0.0117,52,-4.45,2.535,-16.75,-2.1989,1.106,-12.0286,0,Serve prepare 0.19,0,9,LowPickup,113.7942,90.4624,-2.0778,0.7716,-12.6177,0.4304,1,1,Ready,0,9,13.4969,2.8189,0.1029,0,Perfect,,-2.35,-12.35,1.95,11.2,0,0,0,1.6255,0,0
3379,PlayerServeHold,None,1,-0.0117,52,-4.45,2.535,-16.75,-2.1872,1.1279,-12.0358,0,Serve prepare 0.20,0,9,LowPickup,112.0389,92.414,-2.0808,0.7694,-12.634,0.4244,1,1,Ready,0,9,13.3365,1.9903,0.0416,0,Perfect,,-2.35,-12.35,1.95,11.2,0,0,0,1.2518,0,0
3380,PlayerServeHold,None,1,-0.0117,52,-4.45,2.535,-16.75,-2.181,1.1387,-12.0396,0,Serve prepare 0.21,0,9,LowPickup,113.528,95.5794,-2.1077,0.7292,-12.7622,0.0201,1,1,Ready,0,9,12.9044,1.423,0.2467,0,Perfect,,-2.35,-12.35,1.95,11.2,0,0,0,1.3614,0,0
3381,PlayerServeHold,None,1,-0.0117,52,-4.45,2.535,-16.75,-2.1696,1.1601,-12.0467,0,Serve prepare 0.22,0,9,LowPickup,114.26,97.4761,-2.1153,0.7303,-12.7737,0.0099,1,1,Ready,0,9,12.2616,0.7831,0.155,0,Perfect,,-2.35,-12.35,1.95,11.2,0,0,0,1.0256,0,0
3382,PlayerServeHold,None,1,-0.0117,52,-4.45,2.535,-16.75,-2.1636,1.1706,-12.0504,0,Serve prepare 0.23,0,9,LowPickup,115.7041,100.5213,-2.1529,0.7204,-12.7633,0.0207,1,1,Ready,0,9,11.0741,-0.1358,0.169,0,Perfect,,-2.35,-12.35,1.95,11.2,0,0,0,1.0943,0,0
3383,PlayerServeHold,None,1,-0.0117,52,-4.45,2.535,-16.75,-2.1527,1.191,-12.0573,0,Serve prepare 0.24,0,9,LowPickup,116.3709,102.2815,-2.1456,0.7302,-12.8004,0.0125,1,1,Ready,0,9,9.6105,-1.1375,0.2605,0,Perfect,,-2.35,-12.35,1.95,11.2,0,0,0,0.7803,0,0
3384,PlayerServeHold,None,1,-0.0117,52,-4.45,2.535,-16.75,-2.1471,1.2009,-12.0608,0,Serve prepare 0.25,0,9,LowPickup,117.5483,105.0203,-2.1746,0.7259,-12.7396,0.0282,1,1,Ready,0,9,7.9015,-2.1791,0.2273,0,Perfect,,-2.35,-12.35,1.95,11.2,0,0,0,0.9844,0,0
3385,PlayerServeHold,None,1,-0.0117,52,-4.45,2.535,-16.75,-2.137,1.22,-12.0673,0,Serve prepare 0.26,0,9,LowPickup,118.0124,106.5959,-2.166,0.7329,-12.7845,0.01,1,1,Ready,0,9,6.278,-3.1098,0.1961,0,Perfect,,-2.35,-12.35,1.95,11.2,0,0,0,0.855,0,0
3386,PlayerServeHold,None,1,-0.0117,52,-4.45,2.535,-16.75,-2.1317,1.229,-12.0706,0,Serve prepare 0.27,0,9,LowPickup,120.2851,109.365,-2.16,0.7455,-12.7817,2.3161,1,1,Ready,0,9,5.041,-3.8442,0.1165,0,Perfect,,-2.35,-12.35,1.95,11.2,0,0,0,4.6399,0,0
3387,PlayerServeHold,None,1,-0.0117,52,-4.45,2.535,-16.75,-2.1226,1.2463,-12.0765,0,Serve prepare 0.28,0,9,LowPickup,120.3006,110.9945,-2.1716,0.7436,-12.7947,0.1833,1,1,Ready,0,9,4.2034,-4.2981,0.1373,0,Perfect,,-2.35,-12.35,1.95,11.2,0,0,0,4.2216,0,0
3388,PlayerServeHold,None,1,-0.0117,52,-4.45,2.535,-16.75,-2.1179,1.2543,-12.0796,0,Serve prepare 0.29,0,9,LowPickup,120.1017,113.3494,-2.174,0.7478,-12.769,0.1149,1,1,Ready,0,9,3.9391,-4.3448,0.2235,0,Perfect,,-2.35,-12.35,1.95,11.2,0,0,0,4.4442,0,0
3389,PlayerServeHold,None,1,-0.0117,52,-4.45,2.535,-16.75,-2.11,1.2692,-12.0847,0,Serve prepare 0.30,0,9,LowPickup,119.9578,114.8368,-2.2371,0.7555,-12.9431,0.0697,1,1,Ready,0,9,4.0327,-4.0691,0.2771,0,Perfect,,-2.35,-12.35,1.95,11.2,0,0,0,3.6639,0,0
3390,PlayerServeHold,None,1,-0.0117,52,-4.45,2.535,-16.75,-2.106,1.2761,-12.0874,0,Serve prepare 0.31,0,9,LowPickup,119.4493,116.8984,-2.4164,0.7066,-12.942,0.1397,1,1,Ready,0,9,4.3947,-3.4225,0,0,Perfect,,-2.35,-12.35,1.95,11.2,0,0,0,3.8142,0,0
3391,PlayerServeHold,None,1,-0.0117,52,-4.45,2.535,-16.75,-2.0994,1.2883,-12.0917,0,Serve prepare 0.32,0,9,LowPickup,119.1138,118.1902,-2.4259,0.7081,-12.9519,0.0817,1,1,Ready,0,9,4.8716,-2.571,0,0,Perfect,,-2.35,-12.35,1.95,11.2,0,0,0,2.9611,0,0
3392,PlayerServeHold,None,1,-0.0117,52,-4.45,2.535,-16.75,-2.0962,1.2936,-12.0939,0,Serve prepare 0.33,0,9,LowPickup,118.2369,119.8196,-2.4145,0.694,-12.916,0.203,1,1,Ready,0,9,5.2882,-1.599,0,0,Perfect,,-2.35,-12.35,1.95,11.2,0,0,0,3.3219,0,0
3393,PlayerServeHold,None,1,-0.0117,52,-4.45,2.535,-16.75,-2.0913,1.3027,-12.0972,0,Serve prepare 0.34,0,9,LowPickup,117.6991,120.9197,-2.4245,0.6957,-12.926,0.1114,1,1,Ready,0,9,5.677,-0.5861,0,0,Perfect,,-2.35,-12.35,1.95,11.2,0,0,0,2.6753,0,0
3394,PlayerServeHold,None,1,-0.0117,52,-4.45,2.535,-16.75,-2.089,1.3063,-12.0989,0,Serve prepare 0.35,0,9,LowPickup,119.8745,121.2952,-2.435,0.6862,-12.922,0.7084,1,1,Ready,0,9,6.0133,0.3656,0,0,Perfect,,-2.35,-12.35,1.95,11.2,0,0,0,4.0993,0,0
3395,PlayerServeHold,None,1,-0.0117,52,-4.45,2.535,-16.75,-2.0859,1.3118,-12.1009,0,Serve prepare 0.36,0,9,LowPickup,119.6031,121.6982,-2.4087,0.6852,-12.9124,0.1011,1,1,Ready,0,9,6.2993,1.2413,0,0,Perfect,,-2.35,-12.35,1.95,11.2,0,0,0,3.6382,0,0
3396,PlayerServeHold,None,1,-0.0117,52,-4.45,2.535,-16.75,-2.0846,1.3136,-12.102,0,Serve prepare 0.37,0,9,LowPickup,116.2939,122.8967,-2.4169,0.6904,-12.9241,0.6684,1,1,Ready,0,9,6.529,1.9783,0,0,Perfect,,-2.35,-12.35,1.95,11.2,0,0,0,2.8103,0,0
3397,PlayerServeHold,None,1,-0.0117,52,-4.45,2.535,-16.75,-2.0836,1.315,-12.1027,0,Serve prepare 0.38,0,9,LowPickup,112.6249,124.2425,-2.4121,0.6999,-12.9287,0.6286,1,1,Ready,0,9,6.7034,2.5857,0,0,Perfect,,-2.35,-12.35,1.95,11.2,0,0,0,7.6062,0,0
3398,PlayerServeToss,None,1,-0.0117,52,-4.45,2.535,-16.75,-2.0832,1.315,-12.1032,0,Serve prepare 0.39,0,9,LowPickup,110.2821,125.386,-2.4357,0.7072,-12.9556,0.1685,1,1,Ready,0,9,6.8369,3.0487,0,0,Perfect,,-2.35,-12.35,1.95,11.2,0,0,0,7.9666,0,0
3399,PlayerServeToss,None,1,-0.0117,52,-4.45,2.535,-16.75,-2.0859,1.415,-12.1077,0,Serve prepare 0.40,0,9,LowPickup,109.1196,126.5017,-2.453,0.7061,-12.9637,0.0783,1,1,Ready,0,9,6.8772,3.3562,0,0,Perfect,,-2.35,-12.35,1.95,11.2,0,0,0,6.463,0,0
3400,PlayerServeToss,None,1,-0.0117,52,-4.45,2.535,-16.75,-2.0872,1.464,-12.11,0,Serve prepare 0.41,0,9,LowPickup,108.8144,127.7727,-2.4633,0.6979,-12.96,0.0201,1,1,Ready,0,9,6.7225,3.4769,0,0,Perfect,,-2.35,-12.35,1.95,11.2,0,0,0,4.1784,0,0
3401,PlayerServeToss,None,1,-0.0117,52,-4.45,2.535,-16.75,-2.0899,1.5599,-12.1144,0,Serve prepare 0.42,0,9,LowPickup,108.5179,128.9396,-2.4732,0.6904,-12.9563,0.0219,1,1,Ready,0,9,6.553,3.4874,0.2191,0,Perfect,,-2.35,-12.35,1.95,11.2,0,0,0,2.0486,0,0
3402,PlayerServeToss,None,1,-0.0117,52,-4.45,2.535,-16.75,-2.0913,1.6068,-12.1167,0,Serve prepare 0.43,0,9,LowPickup,107.9176,129.8927,-2.4878,0.6888,-12.9572,0.0134,1,1,Ready,0,9,6.528,3.3956,0.7233,0,Perfect,,-2.35,-12.35,1.95,11.2,0,0,0,0.6691,0,0
3403,PlayerServeToss,None,1,-0.0117,52,-4.45,2.535,-16.75,-2.094,1.6987,-12.1211,0,Serve prepare 0.44,0,9,LowPickup,107.6668,130.6618,-2.4967,0.6863,-12.9556,0.0331,1,1,Ready,0,9,6.5676,3.3282,0.7252,0,Perfect,,-2.35,-12.35,1.95,11.2,0,0,0,0.829,0,0
3404,PlayerServeToss,None,1,-0.0117,52,-4.45,2.535,-16.75,-2.0954,1.7436,-12.1234,0,Serve prepare 0.46,0,9,LowPickup,107.1469,131.1166,-2.5104,0.6917,-12.9585,0.1009,1,1,Ready,0,9,6.6351,3.4317,0.6202,0,Perfect,,-2.35,-12.35,1.95,11.2,0,0,0,1.4793,0,0
3405,PlayerServeToss,None,1,-0.0117,52,-4.45,2.535,-16.75,-2.0981,1.8313,-12.1278,0,Serve prepare 0.46,0,9,LowPickup,106.9168,131.4633,-2.5179,0.6945,-12.9591,0.0555,1,1,Ready,0,9,6.7696,3.6848,0.4786,0,Perfect,,-2.35,-12.35,1.95,11.2,0,0,0,1.933,0,0
3406,PlayerServeToss,None,1,-0.0117,52,-4.45,2.535,-16.75,-2.0994,1.8742,-12.1301,0,Serve prepare 0.48,0,9,LowPickup,106.5414,131.5586,-2.5298,0.7051,-12.9633,0.0769,1,1,Ready,0,9,6.9816,4.1211,0.3455,0,Perfect,,-2.35,-12.35,1.95,11.2,0,0,0,1.9008,0,0
3407,PlayerServeToss,None,1,-0.0117,52,-4.45,2.535,-16.75,-2.1022,1.9578,-12.1345,0,Serve prepare 0.49,0,9,LowPickup,106.3603,131.6644,-2.5358,0.7115,-12.9654,0.0327,1,1,Ready,0,9,7.3072,4.743,0.2542,0,Perfect,,-2.35,-12.35,1.95,11.2,0,0,0,1.7787,0,0
3408,PlayerServeToss,None,1,-0.0117,52,-4.45,2.535,-16.75,-2.1035,1.9986,-12.1368,0,Serve prepare 0.50,0,9,LowPickup,106.0713,131.603,-2.5462,0.725,-12.9695,0.1386,1,1,Ready,0,9,7.7419,5.5822,0.1007,0,Perfect,,-2.35,-12.35,1.95,11.2,0,0,0,1.4526,0,0
3409,PlayerServeToss,None,1,-0.0117,52,-4.45,2.535,-16.75,-2.1062,2.0782,-12.1413,0,Serve prepare 0.51,0,9,LowPickup,105.9258,131.612,-2.5515,0.7336,-12.9717,0.0926,1,1,Ready,0,9,8.4159,6.5617,0.1811,0,Perfect,,-2.35,-12.35,1.95,11.2,0,0,0,1.133,0,0
3410,PlayerServeToss,None,1,-0.0117,52,-4.45,2.535,-16.75,-2.1076,2.117,-12.1435,0,Serve prepare 0.53,0,9,LowPickup,105.6755,131.554,-2.5615,0.749,-12.9745,0.2032,1,1,Ready,0,9,9.5312,7.6068,0.1004,0,Perfect,,-2.35,-12.35,1.95,11.2,0,0,0,0.8944,0,0
3411,PlayerServeToss,None,1,-0.0117,52,-4.45,2.535,-16.75,-2.1103,2.1925,-12.148,0,Serve prepare 0.54,0,9,LowPickup,105.5759,131.6215,-2.567,0.7582,-12.976,0.1017,1,1,Ready,0,9,10.8204,8.6558,0.2503,0,Perfect,,-2.35,-12.35,1.95,11.2,0,0,0,0.7252,0,0
3412,PlayerServeToss,None,1,-0.0117,52,-4.45,2.535,-16.75,-2.1117,2.2292,-12.1502,0,Serve prepare 0.55,0,9,LowPickup,105.385,131.7266,-2.5773,0.774,-12.9769,0.167,1,1,Ready,0,9,12.191,9.6867,0.4793,0,Perfect,,-2.35,-12.35,1.95,11.2,0,0,0,0.8776,0,0
3413,PlayerServeToss,None,1,-0.0117,52,-4.45,2.535,-16.75,-2.1144,2.3006,-12.1547,0,Serve prepare 0.56,0,9,LowPickup,105.3055,131.9206,-2.5835,0.7833,-12.9769,0.0813,1,1,Ready,0,9,13.3731,10.545,0.4165,0,Perfect,,-2.35,-12.35,1.95,11.2,0,0,0,0.7813,0,0
3414,PlayerServeToss,None,1,-0.0117,52,-4.45,2.535,-16.75,-2.1157,2.3352,-12.1569,0,Serve prepare 0.58,0,9,LowPickup,105.1375,132.1921,-2.5943,0.7986,-12.9753,0.1506,1,1,Ready,0,9,14.089,11.1379,0,0,Perfect,,-2.35,-12.35,1.95,11.2,0,0,0,0.997,0,0
3415,PlayerServeToss,None,1,-0.0117,52,-4.45,2.535,-16.75,-2.1184,2.4025,-12.1614,0,Serve prepare 0.59,0,9,LowPickup,105.067,132.5045,-2.6011,0.8071,-12.9737,0.0603,1,1,Ready,0,9,14.3623,11.3939,0,0,Perfect,,-2.35,-12.35,1.95,11.2,0,0,0,0.8476,0,0
3416,PlayerServeToss,None,1,-0.0117,52,-4.45,2.535,-16.75,-2.1198,2.4352,-12.1636,0,Serve prepare 0.60,0,9,LowPickup,104.9527,132.8923,-2.6119,0.8213,-12.9702,0.1015,1,1,Ready,0,9,14.0419,11.183,0,0,Perfect,,-2.35,-12.35,1.95,11.2,0,0,0,0.9083,0,0
3417,PlayerServeToss,None,1,-0.0117,52,-4.45,2.535,-16.75,-2.1225,2.4984,-12.1681,0,Serve prepare 0.61,0,9,LowPickup,104.876,133.2752,-2.6188,0.8288,-12.9675,0.0358,1,1,Ready,0,9,13.398,10.6412,0,0,Perfect,,-2.35,-12.35,1.95,11.2,0,0,0,0.7066,0,0
3418,PlayerServeToss,None,1,-0.0117,52,-4.45,2.535,-16.75,-2.1239,2.529,-12.1703,0,Serve prepare 0.63,0,9,LowPickup,104.7801,133.7464,-2.6296,0.8421,-12.9629,0.066,1,1,Ready,0,9,12.5743,9.7853,0,0,Perfect,,-2.35,-12.35,1.95,11.2,0,0,0,0.7,0,0
3419,PlayerServeToss,None,1,-0.0117,52,-4.45,2.535,-16.75,-2.1266,2.5881,-12.1748,0,Serve prepare 0.63,0,9,LowPickup,104.719,134.1513,-2.6363,0.8489,-12.9595,0.0273,1,1,Ready,0,9,11.7343,8.7523,6.8594,0,Perfect,,-2.35,-12.35,1.95,11.2,0,0,0,0.4989,0,0
3420,PlayerServeToss,None,1,-0.0117,52,-4.45,2.535,-16.75,-2.1279,2.6167,-12.177,0,Serve prepare 0.65,0,9,LowPickup,104.6614,134.6224,-2.6471,0.8611,-12.9539,0.0612,1,1,Ready,0,9,11.0871,7.6149,0.6665,0,Perfect,,-2.35,-12.35,1.95,11.2,0,0,0,0.4862,0,0
3421,PlayerServeToss,None,1,-0.0117,52,-4.45,2.535,-16.75,-2.1307,2.6717,-12.1815,0,Serve prepare 0.66,0,9,LowPickup,104.6399,134.9773,-2.6534,0.867,-12.9502,0.0315,1,1,Ready,0,9,10.5734,6.4813,2.6719,0,Perfect,,-2.35,-12.35,1.95,11.2,0,0,0,0.3115,0,0
3422,PlayerServeToss,None,1,-0.0117,52,-4.45,2.535,-16.75,-2.132,2.6982,-12.1837,0,Serve prepare 0.67,0,9,LowPickup,104.548,135.4125,-2.6637,0.8779,-12.9438,0.0773,1,1,Ready,0,9,10.1797,5.4641,0.6964,0,Perfect,,-2.35,-12.35,1.95,11.2,0,0,0,0.3897,0,0
3423,PlayerServeToss,None,1,-0.0117,52,-4.45,2.535,-16.75,-2.1347,2.7492,-12.1882,0,Serve prepare 0.68,0,9,LowPickup,104.5127,135.7351,-2.6697,0.8832,-12.9399,0.0454,1,1,Ready,0,9,9.9809,4.6315,0.6612,0,Perfect,,-2.35,-12.35,1.95,11.2,0,0,0,0.2825,0,0
3424,PlayerServeToss,None,1,-0.0117,52,-4.45,2.535,-16.75,-2.1361,2.7736,-12.1904,0,Serve prepare 0.70,0,9,LowPickup,104.3768,136.1692,-2.6793,0.893,-12.9328,0.1009,1,1,Ready,0,9,10.0526,4.1038,0.495,0,Perfect,,-2.35,-12.35,1.95,11.2,0,0,0,0.4261,0,0
3425,PlayerServeToss,None,1,-0.0117,52,-4.45,2.535,-16.75,-2.1388,2.8205,-12.1949,0,Serve prepare 0.71,0,9,LowPickup,104.2856,136.4956,-2.6847,0.8981,-12.9284,0.0537,1,1,Ready,0,9,10.3566,3.8507,0.1737,0,Perfect,,-2.35,-12.35,1.95,11.2,0,0,0,0.3561,0,0
3426,PlayerServeToss,None,1,-0.0117,52,-4.45,2.535,-16.75,-2.1402,2.8429,-12.1972,0,Serve prepare 0.72,0,9,LowPickup,104.0776,136.9665,-2.6932,0.908,-12.9202,0.1002,1,1,Ready,0,9,10.8702,3.9105,0.4349,0,Perfect,,-2.35,-12.35,1.95,11.2,0,0,0,0.5922,0,0
3427,PlayerServeToss,None,1,-0.0117,52,-4.45,2.535,-16.75,-2.1429,2.8857,-12.2016,0,Serve prepare 0.73,0,9,LowPickup,103.9322,137.3423,-2.6983,0.9131,-12.915,0.0514,1,1,Ready,0,9,11.631,4.2202,0.7024,0,Perfect,,-2.35,-12.35,1.95,11.2,0,0,0,0.5774,0,0
3428,PlayerServeToss,None,1,-0.0117,52,-4.45,2.535,-16.75,-2.1442,2.9061,-12.2039,0,Serve prepare 0.75,0,9,LowPickup,103.6463,137.8984,-2.7063,0.9226,-12.9055,0.1071,1,1,Ready,0,9,12.7348,4.745,0.7775,0,Perfect,,-2.35,-12.35,1.95,11.2,0,0,0,0.8632,0,0
3429,PlayerServeToss,None,1,-0.0117,52,-4.45,2.535,-16.75,-2.1469,2.9448,-12.2083,0,Serve prepare 0.75,0,9,LowPickup,103.4453,138.3691,-2.7117,0.9272,-12.8995,0.0518,1,1,Ready,0,9,13.9725,5.4025,0.7563,0,Perfect,,-2.35,-12.35,1.95,11.2,0,0,0,0.8402,0,0
3430,PlayerServeToss,None,1,-0.0117,52,-4.45,2.535,-16.75,-2.1483,2.9631,-12.2106,0,Serve prepare 0.77,0,9,LowPickup,103.0296,139.0676,-2.7198,0.9362,-12.8891,0.0948,1,1,Ready,0,9,15.2283,6.1151,0.6589,0,Perfect,,-2.35,-12.35,1.95,11.2,0,0,0,1.1797,0,0
3431,PlayerServeToss,None,1,-0.0117,52,-4.45,2.535,-16.75,-2.151,2.9977,-12.215,0,Serve prepare 0.78,0,9,LowPickup,102.786,139.6678,-2.7256,0.9406,-12.8821,0.0466,1,1,Ready,0,9,16.3692,6.8765,0.5519,0,Perfect,,-2.35,-12.35,1.95,11.2,0,0,0,1.0993,0,0
3432,PlayerServeToss,None,1,-0.0117,52,-4.45,2.535,-16.75,-2.1524,3.014,-12.2173,0,Serve prepare 0.80,0,9,LowPickup,102.2357,140.5361,-2.7336,0.9489,-12.8706,0.0939,1,1,Ready,0,9,17.2331,7.6868,0.419,0,Perfect,,-2.35,-12.35,1.95,11.2,0,0,0,1.4494,0,0
3433,PlayerServeToss,None,1,-0.0117,52,-4.45,2.535,-16.75,-2.1551,3.0445,-12.2217,0,Serve prepare 0.80,0,9,LowPickup,101.9683,141.2664,-2.7398,0.9528,-12.8626,0.0439,1,1,Ready,0,9,17.8414,8.5119,0.2808,0,Perfect,,-2.35,-12.35,1.95,11.2,0,0,0,1.2679,0,0
3434,PlayerServeToss,None,1,-0.0117,52,-4.45,2.535,-16.75,-2.1564,3.0587,-12.224,0,Serve prepare 0.82,0,9,LowPickup,101.3078,142.2662,-2.7479,0.9605,-12.8497,0.1017,1,1,Ready,0,9,18.1145,9.3242,0.0337,0,Perfect,,-2.35,-12.35,1.95,11.2,0,0,0,1.589,0,0
3435,PlayerServeToss,None,1,-0.0117,52,-4.45,2.535,-16.75,-2.1592,3.0852,-12.2285,0,Serve prepare 0.83,0,9,LowPickup,100.9485,143.1041,-2.7545,0.9639,-12.8405,0.0521,1,1,Ready,0,9,18.2036,10.1215,0.0758,0,Perfect,,-2.35,-12.35,1.95,11.2,0,0,0,1.3694,0,0
3436,PlayerServeToss,None,1,-0.0117,52,-4.45,2.535,-16.75,-2.1605,3.0974,-12.2307,0,Serve prepare 0.84,0,9,LowPickup,100.2302,144.1793,-2.7629,0.971,-12.8263,0.0973,1,1,Ready,0,9,18.1741,10.8686,0.0335,0,Perfect,,-2.35,-12.35,1.95,11.2,0,0,0,1.5959,0,0
3437,PlayerServeToss,None,1,-0.0117,52,-4.45,2.535,-16.75,-2.1632,3.1197,-12.2352,0,Serve prepare 0.85,0,9,LowPickup,99.8466,145.0787,-2.7695,0.9739,-12.8163,0.049,1,1,Ready,0,9,18.1651,11.5603,0.0488,0,Perfect,,-2.35,-12.35,1.95,11.2,0,0,0,1.3008,0,0
3438,PlayerServeToss,None,1,-0.0117,52,-4.45,2.535,-16.75,-2.1646,3.1299,-12.2374,0,Serve prepare 0.87,0,9,LowPickup,99.1029,146.1834,-2.7774,0.9803,-12.8012,0.094,1,1,Ready,0,9,18.3692,12.1438,0.0399,0,Perfect,,-2.35,-12.35,1.95,11.2,0,0,0,1.4698,0,0
3439,PlayerServeToss,None,1,-0.0117,52,-4.45,2.535,-16.75,-2.1673,3.1481,-12.2419,0,Serve prepare 0.88,0,9,LowPickup,98.7185,147.0822,-2.7837,0.9825,-12.7907,0.0494,1,1,Ready,0,9,18.6394,12.6225,0.0397,0,Perfect,,-2.35,-12.35,1.95,11.2,0,0,0,1.1405,0,0
3440,PlayerServeToss,None,1,-0.0117,52,-4.45,2.535,-16.75,-2.1687,3.1562,-12.2441,0,Serve prepare 0.89,0,9,LowPickup,97.9506,148.1309,-2.7911,0.9877,-12.7751,0.1043,1,1,Ready,0,9,18.9414,13.0162,0.0174,0,Perfect,,-2.35,-12.35,1.95,11.2,0,0,0,1.2716,0,0
3441,PlayerServeToss,None,1,-0.0117,52,-4.45,2.535,-16.75,-2.1714,3.1704,-12.2486,0,Serve prepare 0.90,0,9,LowPickup,97.5494,148.9835,-2.7969,0.9894,-12.7644,0.0603,1,1,Ready,0,9,19.1567,13.2538,0.0852,0,Perfect,,-2.35,-12.35,1.95,11.2,0,0,0,0.9667,0,0
3442,PlayerServeToss,None,1,-0.0117,52,-4.45,2.535,-16.75,-2.1727,3.1764,-12.2508,0,Serve prepare 0.92,0,9,LowPickup,96.7238,149.9599,-2.8036,0.9936,-12.7486,0.124,1,1,Ready,0,9,19.1721,13.3062,0.2353,0,Perfect,,-2.35,-12.35,1.95,11.2,0,0,0,1.1253,0,0
3443,PlayerServeToss,None,1,-0.0117,52,-4.45,2.535,-16.75,-2.1754,3.1865,-12.2553,0,Serve prepare 0.92,0,9,LowPickup,96.3186,150.7449,-2.8087,0.9947,-12.7381,0.0609,1,1,Ready,0,9,18.9766,13.1666,0.1343,0,Perfect,,-2.35,-12.35,1.95,11.2,0,0,0,0.8327,0,0
3444,PlayerServeToss,None,1,-0.0117,52,-4.45,2.535,-16.75,-2.1768,3.1905,-12.2575,0,Serve prepare 0.94,0,9,LowPickup,95.4217,151.6248,-2.8142,0.998,-12.7224,0.1231,1,1,Ready,0,9,18.4819,12.8182,0.1481,0,Perfect,,-2.35,-12.35,1.95,11.2,0,0,0,1.031,0,0
3445,PlayerServeToss,None,1,-0.0117,52,-4.45,2.535,-16.75,-2.1795,3.1965,-12.262,0,Serve prepare 0.95,0,9,LowPickup,94.999,152.3269,-2.8183,0.9987,-12.7121,0.0527,1,1,Ready,0,9,17.8223,12.3253,0.2526,0,Perfect,,-2.35,-12.35,1.95,11.2,0,0,0,0.7381,0,0
3446,PlayerServeToss,None,1,-0.0117,52,-4.45,2.535,-16.75,-2.1809,3.1985,-12.2642,0,Serve prepare 0.96,0,9,LowPickup,94.0484,153.1024,-2.8225,1.0011,-12.6966,0.1119,1,1,Ready,0,9,17.0527,11.707,0.5304,0,Perfect,,-2.35,-12.35,1.95,11.2,0,0,0,0.9618,0,0
3447,PlayerServeToss,None,1,-0.0117,52,-4.45,2.535,-16.75,-2.1836,3.2004,-12.2687,0,Serve prepare 0.97,0,9,LowPickup,93.5592,153.7379,-2.8259,1.0013,-12.6865,0.0543,1,1,Ready,0,9,16.2914,11.0521,0.4936,0,Perfect,,-2.35,-12.35,1.95,11.2,0,0,0,0.7165,0,0
3448,PlayerServeToss,None,1,-0.0117,52,-4.45,2.535,-16.75,-2.1849,3.2004,-12.2709,0,Serve prepare 0.99,0,9,LowPickup,92.5533,154.4254,-2.8289,1.0028,-12.6713,0.1103,1,1,Ready,0,9,15.6542,10.4117,0.2095,0,Perfect,,-2.35,-12.35,1.95,11.2,0,0,0,0.9804,0,0
3449,PlayerServeToss,None,1,-0.0117,52,-4.45,2.535,-16.75,-2.1877,3.1982,-12.2754,0,Serve prepare 1.00,0,9,LowPickup,92.0284,155.0025,-2.8314,1.0025,-12.6614,0.0566,1,1,Ready,0,9,15.164,9.8503,0.1832,0,Perfect,,-2.35,-12.35,1.95,11.2,0,0,0,0.7465,0,0
3450,PlayerServeToss,None,1,-0.0117,52,-4.45,2.535,-16.75,-2.189,3.1961,-12.2776,0,Serve prepare 1.00,0,9,LowPickup,91.8183,155.4921,-2.8337,1.0016,-12.6551,0.0224,1,1,Ready,0,9,14.8895,9.4518,0.2325,0,Perfect,,-2.35,-12.35,1.95,11.2,0,0,0,0.3239,0,0
3451,PlayerServeToss,None,1,-0.0117,52,-4.45,2.535,-16.75,-2.1917,3.1898,-12.2821,0,Serve prepare 1.00,0,9,LowPickup,91.8183,155.8745,-2.8355,1.0004,-12.6517,0,1,1,Ready,0,9,14.792,9.1741,0.2835,0,Perfect,,-2.35,-12.35,1.95,11.2,0,0,0,0,0,0
3452,PlayerServeToss,None,1,-0.0117,52,-4.45,2.535,-16.75,-2.1931,3.1856,-12.2844,0,Serve prepare 1.00,0,9,LowPickup,91.8183,156.1462,-2.8368,0.9995,-12.6493,0,1,1,Ready,0,9,14.8786,9.0195,0.3487,0,Perfect,,-2.35,-12.35,1.95,11.2,0,0,0,0.4261,0,0
3453,PlayerServeToss,None,1,-0.0117,52,-4.45,2.535,-16.75,-2.1958,3.1753,-12.2888,0,Serve prepare 1.00,0,9,LowPickup,91.8183,156.3075,-2.8376,0.9989,-12.6479,0,1,1,Ready,0,9,15.0847,8.9487,0.3044,0,Perfect,,-2.35,-12.35,1.95,11.2,0,0,0,0.6281,0,0
3454,PlayerServeToss,None,1,-0.0117,52,-4.45,2.535,-16.75,-2.1972,3.1691,-12.2911,0,Serve prepare 1.00,0,9,LowPickup,91.8183,156.37,-2.8379,0.9987,-12.6474,0,1,1,Ready,0,9,15.3643,8.9486,0.2199,0,Perfect,,-2.35,-12.35,1.95,11.2,0,0,0,0.7078,0,0
3455,PlayerServeToss,None,1,-0.0117,52,-4.45,2.535,-16.75,-2.1999,3.1546,-12.2955,0,Serve prepare 1.00,0,9,LowPickup,91.8183,156.3529,-2.8378,0.9987,-12.6475,0,1,1,Ready,0,9,15.6864,8.9674,0.1202,0,Perfect,,-2.35,-12.35,1.95,11.2,0,0,0,0.6887,0,0
3456,PlayerServeToss,None,1,-0.0117,52,-4.45,2.535,-16.75,-2.2012,3.1464,-12.2978,0,Serve prepare 1.00,0,9,LowPickup,91.8183,156.2786,-2.8375,0.9988,-12.6482,0,1,1,Ready,0,9,16.0086,8.9379,0.255,0,Perfect,,-2.35,-12.35,1.95,11.2,0,0,0,0.6,0,0
3457,PlayerServeToss,None,1,-0.0117,52,-4.45,2.535,-16.75,-2.2039,3.1279,-12.3022,0,Serve prepare 1.00,0,9,LowPickup,91.8183,156.1698,-2.8369,0.9991,-12.6492,0,1,1,Ready,0,9,16.3339,8.9088,0.4239,0,Perfect,,-2.35,-12.35,1.95,11.2,0,0,0,0.4681,0,0
3458,PlayerServeToss,None,1,-0.0117,52,-4.45,2.535,-16.75,-2.2053,3.1176,-12.3045,0,Serve prepare 1.00,0,9,LowPickup,91.8183,156.047,-2.8364,0.9995,-12.6503,0,1,1,Ready,0,9,16.6462,8.9123,0.6252,0,Perfect,,-2.35,-12.35,1.95,11.2,0,0,0,0.314,0,0
3459,PlayerServeToss,None,1,-0.0117,52,-4.45,2.535,-16.75,-2.208,3.095,-12.3089,0,Serve prepare 1.00,0,9,LowPickup,91.8183,155.9266,-2.8358,0.9998,-12.6513,0,1,1,Ready,0,9,16.9638,8.934,0.5181,0,Perfect,,-2.35,-12.35,1.95,11.2,0,0,0,0,0,0
3460,PlayerServeToss,None,1,-0.0117,52,-4.45,2.535,-16.75,-2.2094,3.0826,-12.3112,0,Serve prepare 1.00,0,9,LowPickup,91.8183,155.8208,-2.8353,1.0001,-12.6523,0,1,1,Ready,0,9,17.3102,8.954,0.1824,0,Perfect,,-2.35,-12.35,1.95,11.2,0,0,0,0,0,0
3461,PlayerServeToss,None,1,-0.0117,52,-4.45,2.535,-16.75,-2.2121,3.0559,-12.3157,0,Serve prepare 1.00,0,9,LowPickup,91.8183,155.7369,-2.8349,1.0004,-12.653,0,1,1,Ready,0,9,17.6474,9.0228,0.074,0,Perfect,,-2.35,-12.35,1.95,11.2,0,0,0,0,0,0
3462,PlayerServeToss,None,1,-0.0117,52,-4.45,2.535,-16.75,-2.2134,3.0416,-12.3179,0,Serve prepare 1.00,0,9,LowPickup,91.8183,155.6748,-2.8346,1.0006,-12.6536,0,1,1,Ready,0,9,17.9561,9.21,0.2433,0,Perfect,,-2.35,-12.35,1.95,11.2,0,0,0,0,0,0
3463,PlayerServeToss,None,1,-0.0117,52,-4.45,2.535,-16.75,-2.2162,3.0108,-12.3224,0,Serve prepare 1.00,0,9,LowPickup,91.8183,155.6386,-2.8344,1.0007,-12.6539,0,1,1,Ready,0,9,18.2142,9.4475,0.226,0,Perfect,,-2.35,-12.35,1.95,11.2,0,0,0,0,0,0
3464,PlayerServeToss,None,1,-0.0117,52,-4.45,2.535,-16.75,-2.2175,2.9944,-12.3246,0,Serve prepare 1.00,0,9,LowPickup,91.8183,155.6255,-2.8343,1.0008,-12.654,0,1,1,Ready,0,9,18.3912,9.6815,0.0497,0,Perfect,,-2.35,-12.35,1.95,11.2,0,0,0,0,0,0
3465,PlayerServeToss,None,1,-0.0117,52,-4.45,2.535,-16.75,-2.2202,2.9595,-12.3291,0,Serve prepare 1.00,0,9,LowPickup,91.8183,155.6308,-2.8344,1.0008,-12.654,0,1,1,Ready,0,9,18.5023,9.9449,0.1312,0,Perfect,,-2.35,-12.35,1.95,11.2,0,0,0,0,0,0
3466,PlayerServeToss,None,1,-0.0117,52,-4.45,2.535,-16.75,-2.2216,2.941,-12.3313,0,Serve prepare 1.00,0,9,LowPickup,91.8183,155.6492,-2.8344,1.0007,-12.6538,0,1,1,Ready,0,9,18.542,10.2654,0.1335,0,Perfect,,-2.35,-12.35,1.95,11.2,0,0,0,0,0,0
3467,PlayerServeToss,None,1,-0.0117,52,-4.45,2.535,-16.75,-2.2243,2.902,-12.3358,0,Serve prepare 1.00,0,9,LowPickup,91.8183,155.6754,-2.8346,1.0007,-12.6536,0,1,1,Ready,0,9,18.5403,10.5848,0.1092,0,Perfect,,-2.35,-12.35,1.95,11.2,0,0,0,0,0,0
3468,PlayerServeToss,None,1,-0.0117,52,-4.45,2.535,-16.75,-2.2257,2.8815,-12.338,0,Serve prepare 1.00,0,9,LowPickup,91.8183,155.7045,-2.8347,1.0006,-12.6533,0,1,1,Ready,0,9,18.5105,10.8366,0.0302,0,Perfect,,-2.35,-12.35,1.95,11.2,0,0,0,0,0,0
3469,PlayerServeToss,None,1,-0.0117,52,-4.45,2.535,-16.75,-2.2284,2.8385,-12.3425,0,Serve prepare 1.00,0,9,LowPickup,91.8183,155.7328,-2.8348,1.0005,-12.653,0,1,1,Ready,0,9,18.489,11.0526,0.0129,0,Perfect,,-2.35,-12.35,1.95,11.2,0,0,0,0,0,0
3470,PlayerServeToss,None,1,-0.0117,52,-4.45,2.535,-16.75,-2.2297,2.8159,-12.3447,0,Serve prepare 1.00,0,9,LowPickup,91.8183,155.7537,-2.8349,1.0004,-12.6529,0,1,1,Ready,0,9,18.531,11.2486,0.0147,0,Perfect,,-2.35,-12.35,1.95,11.2,0,0,0,0,0,0
3471,PlayerServeToss,None,1,-0.0117,52,-4.45,2.535,-16.75,-2.2324,2.7688,-12.3492,0,Serve prepare 1.00,1,0.18,Serve,91.8183,155.7754,-2.834,1.0045,-12.652,0,1,1,Ready,0,9,18.5796,11.3836,0.0133,0,Perfect,,-2.35,-12.35,1.95,11.2,0,0,0,0,0,0
3472,PlayerServeToss,None,1,-0.0117,52,-4.45,2.535,-16.75,-2.2338,2.7442,-12.3514,0,Serve swing,1,0.1717,Serve,91.8183,155.7716,-2.8314,1.0127,-12.6504,0.1045,1,1,Ready,0,9,18.6071,11.4246,0.0152,0,Perfect,,-2.35,-12.35,1.95,11.2,0,0,0,0,0,0
3473,PlayerServeToss,None,1,-0.0117,52,-4.45,2.535,-16.75,-2.2365,2.693,-12.3559,0,Serve swing,1,0.155,Serve,92.0052,155.9551,-2.8165,1.0272,-12.6342,0.0518,1,1,Ready,0,9,18.5942,11.3862,0.0161,0,Perfect,,-2.35,-12.35,1.95,11.2,0,0,0,0,0,0
3474,PlayerServeToss,None,1,-0.0117,52,-4.45,2.535,-16.75,-2.2379,2.6663,-12.3581,0,Serve swing,1,0.1467,Serve,93.3937,157.3435,-2.7845,1.048,-12.5877,0.1421,1,1,Ready,0,9,18.4965,11.2711,0.0061,0,Perfect,,-2.35,-12.35,1.95,11.2,0,0,0,0,0,0
3475,PlayerServeToss,None,1,-0.0117,52,-4.45,2.535,-16.75,-2.2406,2.611,-12.3626,0,Serve swing,1,0.13,Serve,93.9588,158.8695,-2.6724,1.0959,-12.4713,0.1476,1,1,Ready,0,9,18.3709,11.1125,0.0058,0,Perfect,,-2.35,-12.35,1.95,11.2,0,0,0,0,0,0
3476,PlayerServeToss,None,1,-0.0117,52,-4.45,2.535,-16.75,-2.2419,2.5823,-12.3648,0,Serve swing,1,0.1217,Serve,94.3037,163.1893,-2.5605,1.1271,-12.3473,0.4028,1,1,Ready,0,9,18.2445,10.9403,0.0122,0,Perfect,,-2.35,-12.35,1.95,11.2,0,0,0,0,0,0
3477,PlayerServeToss,None,1,-0.0117,52,-4.45,2.535,-16.75,-2.2447,2.5229,-12.3693,0,Serve swing,1,0.105,Serve,88.6323,165.8329,-2.4731,1.1687,-12.3359,1.4984,1,1,Ready,0,9,18.1496,10.7706,0.0153,0,Perfect,,-2.35,-12.35,1.95,11.2,0,0,0,0,0,0
3478,PlayerServeToss,None,1,-0.0117,52,-4.45,2.535,-16.75,-2.246,2.4922,-12.3716,0,Serve swing,1,0.0967,Serve,85.248,167.4815,-2.4344,1.1825,-12.3641,4.115,1,1,Ready,0,9,18.1099,10.6148,0.0201,0,Perfect,,-2.35,-12.35,1.95,11.2,0,0,0,0,0,0
3479,PlayerServeToss,None,1,-0.0117,52,-4.45,2.535,-16.75,-2.2487,2.4287,-12.376,0,Serve swing,1,0.08,Serve,75.3614,158.684,-2.4294,1.2269,-12.5424,5.2129,1,1,Ready,0,9,18.168,10.5078,0.0131,0,Perfect,,-2.35,-12.35,1.95,11.2,0,0,0,0,0,0
3480,PlayerServeToss,None,1,-0.0117,52,-4.45,2.535,-16.75,-2.2501,2.3959,-12.3783,0,Serve swing,1,0.0717,Serve,70.8358,150.7154,-2.4982,1.2452,-12.65,11.4957,1,1,Ready,0,9,18.4111,10.4987,0.0123,0,Perfect,,-2.35,-12.35,1.95,11.2,0,0,0,0,0,0
3481,PlayerServeToss,None,1,-0.0117,52,-4.45,2.535,-16.75,-2.2528,2.3284,-12.3827,0,Serve swing,1,0.055,Serve,55.6194,123.4326,-2.4714,1.4706,-12.7087,9.7715,1,1,Ready,0,9,18.7096,10.5259,0.0172,0,Perfect,,-2.35,-12.35,1.95,11.2,0,0,0,0,0,0
3482,PlayerServeToss,None,1,-0.0117,52,-4.45,2.535,-16.75,-2.2542,2.2936,-12.385,0,Serve swing,1,0.0467,Serve,44.5187,109.0809,-2.2407,1.7443,-12.4989,4.3778,1,1,Ready,0,9,18.9691,10.5487,0.0093,0,Perfect,,-2.35,-12.35,1.95,11.2,0,0,0,0,0,0
3483,PlayerServeToss,None,1,-0.0117,52,-4.45,2.535,-16.75,-2.2569,2.2219,-12.3894,0,Serve swing,1,0.03,Serve,32.4574,85.4667,-2.1007,1.8589,-12.2184,0,1,1,Ready,0,9,19.2058,10.585,0.0074,0,Perfect,,-2.35,-12.35,1.95,11.2,0,0,0,0,0,0
3484,PlayerServeToss,None,1,-0.0117,52,-4.45,2.535,-16.75,-2.2582,2.185,-12.3917,0,Serve swing,1,0.0217,Serve,35.0637,72.5142,-1.9961,1.8883,-12.1778,0,1,1,Ready,0,9,19.3918,10.6342,0.0167,0,Perfect,,-2.35,-12.35,1.95,11.2,0,0,0,0,0,0
3485,PlayerServeToss,None,1,-0.0117,52,-4.45,2.535,-16.75,-2.261,2.1093,-12.3961,0,Serve swing,1,0.005,Serve,23.1763,55.3339,-1.9478,1.8215,-12.4201,0,1,1,Ready,0,9,19.5669,10.7214,0.0179,0,Perfect,,-2.35,-12.35,1.95,11.2,0,0,0,0,0,0
3486,Rally,None,1,-0.0117,52.196,-4.0466,2.6592,-16.7479,-2.2153,2.1382,-12.0922,1,Serve swing,1,-0.0033,Serve,23.0822,53.4572,-2.0632,1.7462,-12.51,0,1,1,Ready,0,9,19.7579,10.872,0.0116,0.2417,Perfect,,-2.35,-12.35,1.91,11.2,0.196,0,0,0,0,0
3487,Rally,None,1,-0.0117,52.399,-3.6834,2.7709,-16.7485,-2.1291,2.1588,-11.7307,1,Serve follow,1,-0.02,Serve,23.8461,46.2531,-2.1174,1.7291,-12.5059,0,1,1,Run,0,9,22.9224,15.2732,0.3538,0.1833,Perfect,,-2.3481,-12.3491,1.8299,11.2,0.203,0,0,0,0,0
3488,Rally,None,1,-0.0117,52.6081,-3.3695,2.8658,-16.7486,-2.043,2.1765,-11.3692,1,Serve follow,1,-0.0367,Serve,24.6,38.308,-2.1319,1.7208,-12.4794,0,1,1,Run,0,9,28.7628,23.2293,0.6403,0.125,Perfect,,-2.3438,-12.347,1.7498,11.2,0.2092,0,0,0,0,0
3489,Rally,None,1,-0.0117,52.8226,-3.0992,2.9469,-16.7475,-1.9137,2.1977,-10.827,1,Serve follow,1,-0.0617,Serve,25.3175,27.3151,-2.0991,1.708,-12.4314,0,1,1,Run,0,9,34.6873,30.7892,0.7539,0.0667,Perfect,,-2.3325,-12.3415,1.6297,11.2,0.2145,0,0,0,0,0
3490,Rally,None,1,-0.0117,53.0418,-2.8613,3.0195,-16.746,-1.8275,2.2084,-10.4655,1,Serve follow,1,-0.0783,Serve,28.3753,17.9498,-2.0603,1.6772,-12.3723,0,1,1,Run,0,9,39.7961,36.7391,0.5481,0.0083,Perfect,,-2.3219,-12.3363,1.5496,11.2,0.2191,0,0,0.3662,0,0
3491,Rally,None,1,-0.0117,53.2649,-2.6529,3.0822,-16.7434,-1.6982,2.2189,-9.9232,1,Serve follow,1,-0.1033,Serve,29.0353,9.7144,-1.9656,1.6342,-12.3106,0,1,1,Run,0,9,43.9262,40.8996,6.5858,0,Perfect,,-2.3013,-12.3262,1.4295,11.2,0.2232,0,0,0.774,0,0
3492,Rally,None,1,-0.0117,53.4916,-2.4704,3.1368,-16.7401,-1.612,2.2224,-9.5617,1,Serve follow,1,-0.12,Serve,27.2685,5.8199,-2.0571,1.5141,-12.1539,0,1,1,Run,0,9,46.9841,43.6792,2.0288,0,Perfect,,-2.2845,-12.318,1.3494,11.2,0.2267,0,0,2.7361,0,0
3493,Rally,None,1,-0.0117,53.7213,-2.3105,3.1843,-16.7359,-1.5258,2.2231,-9.2003,1,Serve follow,1,-0.1367,Serve,25.4025,1.3495,-2.0524,1.4445,-12.0712,0,1,1,Run,0,9,49.1881,45.449,2.1282,0,Perfect,,-2.2652,-12.3085,1.2693,11.2,0.2297,0,0,4.8773,0,0
3494,Rally,None,1,-0.0117,53.9537,-2.169,3.2255,-16.7302,-1.3965,2.2187,-8.658,1,Serve follow,1,-0.1617,Serve,21.3125,-4.611,-1.9702,1.3091,-12.0124,0,1,1,Run,0,9,50.6122,46.593,5.0563,0,Perfect,,-2.2315,-12.292,1.1492,11.2,0.2324,0,0,6.2229,0,0
3495,Rally,None,1,-0.0117,54.1884,-2.0441,3.2614,-16.7236,-1.3103,2.2123,-8.2965,1,Serve follow,1,-0.1783,Serve,18.5079,-5.9635,-1.8898,1.213,-11.989,0,1,1,Run,0,9,51.29,47.4361,2.9555,0,Perfect,,-2.2059,-12.2795,1.0691,11.2,0.2347,0,0,11.5904,0,0
3496,Rally,None,1,-0.0117,54.4251,-1.9325,3.2925,-16.7151,-1.181,2.1973,-7.7543,1,Serve follow,1,-0.2033,Serve,16.5434,-8.6546,-1.7719,1.0721,-12.0151,0,1,1,Run,0,9,51.4024,48.1468,1.5432,0,Perfect,,-2.1629,-12.2584,0.949,11.2,0.2367,0,0,11.2543,0,0
3497,Rally,None,1,-0.0117,54.6308,-1.8331,3.3196,-16.7056,-1.0948,2.1837,-7.3928,1,Serve follow,1,-0.22,Serve,15.9453,-9.7215,-1.6894,1.0079,-12.0336,0,1,1,Run,0,9,51.0836,48.8334,0,0,Perfect,,-2.1311,-12.2429,1.029,11.2,0.2058,0,0,10.4938,0,0
3498,Rally,None,1,-0.0117,54.8097,-1.7443,3.3432,-16.6952,-1.0086,2.1673,-7.0313,1,Serve follow,1,-0.2367,Serve,16.2627,-7.5718,-1.6141,0.9649,-12.0623,0,1,1,Run,0,9,40.3753,40.044,0,0,Perfect,,-2.0968,-12.2261,1.1091,11.2,0.1789,0,0,10.2763,0,0
3499,Rally,None,1,-0.0117,54.9652,-1.663,3.3637,-16.6826,-0.8793,2.1374,-6.4891,1,Serve follow,1,-0.2617,Serve,15.7451,-5.3929,-1.5225,0.9405,-12.1074,0,1,1,Run,0,9,20.2455,21.4063,0,0,Perfect,,-2.0406,-12.1986,1.2293,11.2,0.1555,0,0,9.0072,0,0
3500,Rally,None,1,-0.0117,55.1004,-1.5895,3.3815,-16.669,-0.7931,2.1138,-6.1276,1,Serve follow,1,-0.2783,Serve,15.8903,-2.0547,-1.4608,0.9381,-12.1188,0,1,1,Run,0,9,0.1882,1.759,4.6092,0,Perfect,,-2.0001,-12.1788,1.3093,11.2,0.1352,0,0,7.5954,0,0
3501,Rally,None,1,-0.0117,55.2179,-1.5208,3.397,-16.6531,-0.6638,2.0732,-5.5854,1,Serve follow,0,9,Serve,16.732,-1.6687,-1.3865,0.9324,-12.0686,0,1,1,Run,0,9,-15.5528,-14.5176,0,0,Perfect,,-1.9346,-12.1467,1.4295,11.2,0.1175,0,0,7.5954,0,0
3502,Rally,None,1,-0.0117,55.3201,-1.4578,3.4104,-16.6362,-0.5776,2.0426,-5.2239,1,Run,0,9,Serve,19.0692,5.0633,-1.3365,0.9768,-12.0946,7.1104,0.9555,0.8333,Run,0,9,-26.5325,-26.3807,1.7437,0,Perfect,,-1.8878,-12.1238,1.5095,11.2,0.1022,0,1.1806,6.5653,0,0
3503,Rally,None,1,-0.0117,55.4089,-1.3995,3.4221,-16.6183,-0.4914,2.0091,-4.8624,1,Run,0,9,Serve,19.6441,5.5706,-1.2884,0.9586,-12.0669,0.7573,0.856,0.6667,Run,0,9,-33.8698,-34.5147,1.0242,0,Perfect,,-1.8385,-12.0997,1.5896,11.2,0.0888,0,2.3611,2.7669,0,0
3504,Rally,None,1,-0.0117,55.4861,-1.3431,3.4323,-16.5978,-0.3621,1.9536,-4.3202,1,Run,0,9,Serve,20.6714,6.4781,-1.2169,0.9253,-12.0292,0.7143,0.7361,0.5,Run,0,9,-38.7597,-39.7772,3.1316,0,Perfect,,-1.7599,-12.0612,1.7098,11.2,0.0772,0,3.536,2.5791,0,0
3505,Rally,None,1,-0.0117,55.5533,-1.2901,3.4412,-16.5764,-0.2759,1.913,-3.9587,1,Run,0,9,Serve,22.099,8.0299,-1.1743,0.8832,-11.9994,0,0.6155,0.3333,Run,0,9,-42.2794,-43.0123,13.7181,0,Perfect,,-1.7044,-12.0341,1.7898,11.2,0.0671,0,4.7222,2.2811,0,0
3506,Rally,None,1,-0.0117,55.6116,-1.2377,3.4488,-16.5522,-0.1466,1.8468,-3.4164,1,Run,0,9,Serve,23.7557,10.2305,-1.1045,0.8381,-11.9508,0,0.5041,0.1667,Forehand prepare 0.03,0,9,-41.6611,-44.8165,0.6112,0,Perfect,,-1.6165,-11.991,1.91,11.2,0.0584,0,5.9028,1.9162,0,0
3507,Rally,None,1,-0.0117,55.6624,-1.1877,3.4555,-16.5272,-0.0604,1.7991,-3.0549,1,Run,0,9,Serve,25.4384,12.8611,-1.0629,0.7955,-11.9138,0.3915,0.4064,0,Forehand prepare 0.08,0,9,-44.164,-45.0873,7.2429,0,Perfect,,-1.5547,-11.9608,1.99,11.2,0.0507,0,7.0833,1.527,0,0
3508,Rally,None,1,-0.0117,55.7065,-1.1397,3.4613,-16.5015,0.0258,1.7486,-2.6935,1,Run,0,9,Serve,27.0233,15.5967,-1.0192,0.7651,-11.8762,2.3837,0.3236,0,Forehand prepare 0.12,0,9,-31.7676,-40.6319,3.6701,0,Perfect,,-1.4918,-11.93,2.0701,11.2,0.0441,0,8.2639,1.1412,0,0
3509,Rally,None,1,-0.0117,55.7448,-1.0913,3.4664,-16.473,0.1551,1.6675,-2.1512,1,Run,0,9,Serve,28.4812,19.1429,-0.936,0.7581,-11.8208,15.5509,0.2551,0,Forehand prepare 0.16,0,9,-32.7578,-39.7239,3.4423,0,Perfect,,-1.3975,-11.8839,2.1903,11.2,0.0383,0,7.3287,0.7779,0,0
3510,Rally,None,1,-0.0117,55.7782,-1.0446,3.4708,-16.4443,0.2413,1.6098,-1.7897,1,Run,0,9,Serve,29.7664,22.4025,-0.8797,0.7521,-11.785,4.7964,0.1995,0,Forehand prepare 0.21,0,9,-29.2478,-38.018,3.3371,0,Perfect,,-1.3346,-11.8531,2.2703,11.2,0.0333,0,5.776,0.4488,0,0
3511,Rally,None,1,-0.0117,55.8071,-0.9972,3.4746,-16.4133,0.3706,1.518,-1.2475,1,Run,0,9,Serve,30.9852,24.838,-0.7922,0.7449,-11.7422,3.1948,0.1549,0,Forehand prepare 0.25,0,9,-29.0202,-37.6009,1.3358,0,Perfect,,-1.2403,-11.807,2.3905,11.2,0.029,0,4.5522,0.1532,0,0
3512,Rally,None,1,-0.0117,55.8323,-0.9516,3.4779,-16.3823,0.4568,1.4533,-0.886,1,Run,0,9,Serve,32.0734,26.6133,-0.7365,0.7287,-11.7171,3.7191,0.1195,0,Forehand prepare 0.30,0,9,-32.0944,-38.8035,4.7658,0,Perfect,,-1.1775,-11.7762,2.4705,11.2,0.0252,0,3.5877,0.2658,0,0
3513,Rally,None,1,-0.0117,55.8542,-0.9073,3.4808,-16.3514,0.543,1.3857,-0.5245,1,Run,0,9,Serve,33.0175,27.8608,-0.6803,0.7422,-11.6925,20.6562,0.0918,0,Forehand prepare 0.34,0,9,-35.5547,-41.0392,1.9947,0,Perfect,,-1.1146,-11.7454,2.5506,11.2,0.0219,0,2.8276,0.5039,0,0
3514,Rally,None,1,-0.0117,55.871,-0.8621,3.4833,-16.3184,0.6723,1.2789,0.0177,1,Run,0,9,Serve,33.9013,28.6148,-0.5927,0.7576,-11.6558,0.2164,0.0702,0,Forehand prepare 0.38,0,9,-39.5538,-42.9627,1.8402,0,Perfect,,-1.0203,-11.6993,2.6708,11.2,0.0167,0,2.2285,0.7033,0,0
3515,Rally,None,1,-0.0117,55.8383,-0.8183,3.4855,-16.2858,0.7585,1.2042,0.3792,1,Run,0,9,Serve,34.6415,29.021,-0.5362,0.7534,-11.6361,4.4743,0.0534,0,Forehand prepare 0.43,0,9,-43.3388,-41.2368,0,0,Perfect,,-0.9574,-11.6685,2.7103,11.2,-0.0327,0,1.7563,0.8177,0,0
3516,Rally,None,1,-0.0117,55.739,-0.7734,3.4874,-16.2514,0.8878,1.0868,0.9214,1,Run,0,9,Serve,35.1503,29.2398,-0.4448,0.7417,-11.5972,1.7,0.0405,0,Forehand prepare 0.47,0,9,-39.2395,-32.5804,0,0,Perfect,,-0.8631,-11.6224,2.7103,11.2,-0.0993,0,1.3842,0.804,0,0
3517,Rally,None,1,-0.0117,55.6055,-0.7298,3.489,-16.2174,0.974,1.005,1.2829,1,Run,0,9,Serve,35.4645,29.3487,-0.3829,0.7287,-11.57,3.248,0.0307,0,Forehand prepare 0.53,0,9,-23.0248,-15.8392,0,0,Perfect,,-0.8002,-11.5916,2.7103,11.2,-0.1335,0,1.0909,0.6838,0,0
3518,Rally,None,1,-0.0117,55.4422,-0.6875,3.4905,-16.1839,1.0602,0.9204,1.6444,1,Run,0,9,Serve,35.6082,29.4168,-0.3193,0.724,-11.5393,0.9803,0.0231,0,Forehand prepare 0.56,0,9,-8.2052,-0.9066,0,0,Perfect,,-0.7373,-11.5608,2.7103,11.2,-0.1633,0,0.8598,0.4882,0,0
3519,Rally,None,1,-0.0117,55.2294,-0.6439,3.4917,-16.1487,1.1895,0.788,2.1866,1,Run,0,9,Serve,35.4523,29.5902,-0.2203,0.7238,-11.4855,0,0.0174,0,Forehand prepare 0.60,0,9,0.9353,12.1677,0,0,Perfect,,-0.643,-11.5147,2.7103,11.2,-0.2128,0,0.6776,0.2221,0,0
3520,Rally,None,1,-0.0117,54.9972,-0.6014,3.4928,-16.1141,1.2757,0.6963,2.5481,1,Run,0,9,Serve,35.0846,29.8767,-0.1513,0.7244,-11.4406,2.7252,0.0131,0,Forehand prepare 0.66,0,9,3.1595,24.7676,9.0669,0,Perfect,,-0.5801,-11.4839,2.7103,11.2,-0.2322,0,0.5341,0.2496,0,0
3521,Rally,None,1,-0.0117,54.7245,-0.5579,3.4937,-16.0781,1.405,0.5533,3.0904,1,Run,0,9,Serve,34.5871,30.2291,-0.0539,0.7282,-11.3793,2.7179,0.0098,0,Forehand prepare 0.69,0,9,14.6846,38.6723,6.8138,0,Perfect,,-0.4874,-11.4385,2.7103,11.2,-0.2727,0,0.4209,0.5196,0,0
3522,Rally,None,1,-0.0117,54.4402,-0.5158,3.4946,-16.0431,1.4912,0.4544,3.4519,1,Run,0,9,Serve,34.0141,31.0841,0.0129,0.7474,-11.3317,0,0.0073,0,Forehand prepare 0.75,0,9,29.4559,51.6214,6.3462,0,Perfect,,-0.4286,-11.4097,2.7103,11.2,-0.2843,0.0007,1.0753,0.7897,0,0
3523,Rally,None,1,-0.0117,54.1458,-0.4752,3.4953,-16.009,1.5774,0.3527,3.8133,1,Run,0,9,Serve,33.4179,32.0223,0.0779,0.7677,-11.2859,0,0.0055,0,Forehand prepare 0.79,0,9,37.3932,62.2062,0.7996,0,Perfect,,-0.3723,-11.3822,2.7103,11.2,-0.2944,0.0026,2.4365,0.9816,0,0
3524,Rally,None,1,-0.0117,53.819,-0.4341,3.4959,-15.9743,1.7067,0.1947,4.3556,1,Run,0,9,Serve,32.8648,32.8377,0.1652,0.7867,-11.234,0,0.0041,0,Forehand prepare 0.82,0,9,39.5923,70.7804,0.8363,0,Perfect,,-0.2925,-11.3432,2.7103,11.2,-0.3268,0.0058,3.5093,1.0308,0,0
3525,Rally,None,1,-0.0117,53.4877,-0.3948,3.4964,-15.9409,1.7929,0.1,4.7171,1,Run,0,9,Serve,32.4256,33.7328,0.2244,0.8106,-11.201,0,0.003,0,Forehand prepare 0.88,0,9,29.426,71.818,0.8644,0,Perfect,,-0.2425,-11.3187,2.7103,11.2,-0.3313,0.0105,5.1493,0.9645,0,0
3526,Rally,None,1,-0.0117,53.1326,-0.3556,3.4969,-15.9073,1.9152,0.1981,5.23,1,Run,0,9,Serve,32.0141,34.3996,0.3019,0.823,-11.1586,14.0567,0.0023,0,Forehand prepare 0.92,0,9,20.9429,69.0423,0.9334,0,Perfect,,-0.1721,-11.2842,2.8305,11.2,-0.355,0.016,5.6474,0.8223,0,0
3527,Rally,None,1,-0.0117,52.7793,-0.3184,3.4973,-15.8754,1.9968,0.26,5.572,1,Run,0,9,Serve,31.7493,35.0995,0.3509,0.845,-11.1309,0.5911,0,0,Forehand prepare 0.94,0,9,16.2506,65.6969,0.4426,0,Perfect,,-0.1282,-11.2628,2.9106,11.2,-0.3533,0.0221,6.8344,0.6101,0,0
3528,Rally,None,1,-0.0117,52.4274,-0.283,3.4976,-15.845,2.0783,0.3192,5.914,1,Run,0,9,Serve,31.5921,35.5293,0.3966,0.8624,-11.109,0.3957,0,0,Forehand prepare 0.97,0,9,5.9468,52.828,0.5989,0,Perfect,,-0.0869,-11.2425,2.9906,11.2,-0.3518,0.0278,6.9754,0.3486,0,0
3529,Rally,None,1,-0.0117,52.1103,-0.2482,3.498,-15.8149,2.2006,0.4027,6.4269,1,Run,0,9,Serve,31.5678,35.835,0.4571,0.8801,-11.0818,1.0351,0,0,Forehand prepare 1.00,0,9,-3.0563,41.2433,0.8958,0,Perfect,,-0.0296,-11.2145,3.1108,11.2,-0.3171,0.0328,7.0866,0.074,0,0
3530,Rally,None,1,-0.0117,51.8346,-0.2157,3.4982,-15.7868,2.2822,0.4549,6.7689,1,Run,0,9,Serve,31.6422,36.1447,0.4866,0.8919,-11.0689,0.7391,0,0,Forehand prepare 1.00,1,0.1833,-1.0784,43.2762,0,0,Perfect,,0,-11.2,3.1908,11.2,-0.2757,0.0371,7.9687,0.1722,0,0
3531,Rally,None,1,-0.0117,51.5949,-0.1876,3.4985,-15.7624,2.4045,0.528,7.2818,1,Ready,0,9,Serve,28.9009,33.1349,0.4531,0.867,-11.0427,1.4156,0,0,Backhand swing,1,0.1604,47.028,-13.4628,0,0,Perfect,,0,-11.2,3.3067,11.2,-0.2397,0.0393,6.2803,0.9709,0,0
3532,Rally,None,1,-0.0117,51.3866,-0.1631,3.4987,-15.7412,2.486,0.5733,7.6238,1,Ready,0,9,Serve,23.8887,27.5363,0.4062,0.8462,-11.0013,11.2449,0,0,Backhand swing,1,0.1451,31.7203,-42.285,0,0,Perfect,,0,-11.2,3.3067,11.2,-0.2084,0.039,4.9497,2.1419,0,0
3533,Rally,None,1,-0.0117,51.2054,-0.1418,3.4988,-15.7227,2.5676,0.6158,7.9658,1,Ready,0,9,Serve,19.0853,21.626,0.3547,0.8261,-10.9633,0.3088,0,0,Backhand swing,1,0.1298,22.2679,-45.7063,1.3931,0,Perfect,,0,-11.2,3.3067,11.2,-0.1811,0.0364,3.901,2.6797,0,0
3534,Rally,None,1,-0.0117,51.048,-0.1232,3.499,-15.7067,2.6899,0.6743,8.4787,1,Ready,0,9,Serve,15.2738,16.726,0.311,0.8061,-10.9403,0.5654,0,0,Backhand swing,1,0.1069,19.501,-43.0782,0.2285,0,Perfect,,0,-11.2,3.3067,11.2,-0.1575,0.0319,3.0745,2.7576,0,0
3535,Rally,None,1,-0.0117,50.9111,-0.1071,3.4991,-15.6928,2.7714,0.7099,8.8207,1,Ready,0,9,Serve,12.5536,13.0295,0.2758,0.7855,-10.9309,0.8592,0,0,Backhand swing,1,0.0916,17.5873,-38.2467,0.481,0,Perfect,,0,-11.2,3.3067,11.2,-0.1369,0.0264,2.4231,2.4404,0,0
3536,Rally,None,1,-0.0117,50.792,-0.0931,3.4992,-15.6806,2.8937,0.758,9.3336,1,Ready,0,9,Serve,10.7701,10.4571,0.2481,0.7669,-10.9419,0.5647,0,0,Backhand swing,1,0.0687,-12.6308,-39.4495,4.5315,0,Perfect,,0,-11.2,3.3067,11.2,-0.119,0.0206,1.9097,1.8589,0,0
3537,Rally,None,1,-0.0117,50.6886,-0.081,3.4993,-15.6701,2.9753,0.7866,9.6756,1,Ready,0,9,Serve,9.7432,8.8348,0.2281,0.7568,-10.9596,0.3192,0,0,Backhand swing,1,0.0535,15.9804,-24.6295,7.6269,0,Perfect,,0,-11.2,3.3067,11.2,-0.1035,0.0149,1.5051,1.1851,0,0
3538,Rally,None,1,-0.0117,50.5986,-0.0704,3.4994,-15.6609,3.0568,0.8125,10.0176,1,Ready,0,9,Serve,9.2843,8.0259,0.2168,0.7568,-10.9687,0.2698,0,0,Backhand swing,1,0.0382,14.4733,-18.9058,26.5601,0,Perfect,,0,-11.2,3.3067,11.2,-0.09,0.01,1.1862,0.603,0,0.0001
3539,Rally,None,1,-0.0117,50.5204,-0.0612,3.4995,-15.653,3.1791,0.846,10.5305,1,Ready,0,9,Serve,9.374,7.8285,0.2053,0.761,-10.9691,0.1963,0,0,Backhand swing,1,0.0153,14.491,-9.0723,0.7903,0,Perfect,,0,-11.2,3.3067,11.2,-0.0782,0.0059,0.9349,0.5539,0,0
3540,Rally,None,1,-0.0117,51.2363,-0.0532,3.4996,-15.6461,3.2607,0.8649,10.7525,1,Ready,0,9,Serve,10.1103,8.0661,0.1834,0.7643,-10.9542,0.0958,0,0,Backhand swing,1,0,10.8739,0.1792,0.6628,0,Perfect,R;,0,-11.2,3.3374,11.2,0.7159,0.0029,0.7368,0.6554,0,0
3541,Rally,None,1,-0.0117,51.8586,-0.0463,3.4996,-15.64,3.177,0.9361,10.441,1,Ready,0,9,Serve,11.1649,8.6001,0.1622,0.7718,-10.9423,0.1934,0,0,Backhand swing,1,-0.0167,8.8754,6.5361,5.4799,0,Perfect,,0,-11.2,3.2573,11.2,0.6223,0.0009,0.5807,0.6653,0,0
3542,Rally,None,1,-0.0117,52.3996,-0.0402,3.4997,-15.6348,3.0933,1.0047,10.1295,1,Ready,0,9,Serve,12.3937,9.3455,0.1498,0.7775,-10.9455,0.4545,0,0,Backhand follow,1,-0.0333,9.8275,14.1753,19.1763,0,Perfect,,0,-11.2,3.1773,11.2,0.541,-0.0004,0.4577,0.5683,0,0
3543,Rally,None,1,-0.0117,52.87,-0.035,3.4997,-15.6303,2.9677,1.1024,9.6622,1,Ready,0,9,Serve,13.4925,10.0884,0.1451,0.7844,-10.952,0.4717,0,0,Backhand follow,1,-0.0583,14.0084,26.8625,1.1018,0,Perfect,,0,-11.2,3.0571,11.2,0.4704,-0.0009,0.3607,0.4379,0,0
3544,Rally,None,1,-0.0117,53.2789,-0.0304,3.4998,-15.6263,2.884,1.1642,9.3506,1,Ready,0,9,Serve,14.1792,10.6991,0.1533,0.797,-10.9567,0.5983,0,0,Backhand follow,1,-0.075,21.3637,35.3276,2.5835,0,Perfect,,0,-11.2,2.977,11.2,0.4089,-0.001,0.2843,0.3828,0,0
3545,Rally,None,1,-0.0117,53.6344,-0.0267,3.4998,-15.6231,2.7585,1.2519,8.8833,1,Ready,0,9,Serve,14.4173,11.0282,0.1583,0.8073,-10.9647,0.3746,0,0,Backhand follow,1,-0.1,30.112,47.4623,11.1366,0,Perfect,,-0.0038,-11.2016,2.8569,11.2,0.3555,-0.0008,0.224,0.3643,0,0
3546,Rally,None,1,-0.0117,53.9434,-0.0239,3.4998,-15.6206,2.6748,1.3069,8.5718,1,Run,0,9,Serve,13.4864,10.7873,0.1534,0.8122,-10.9787,0.3243,0,0,Backhand follow,1,-0.1167,40.7835,57.1334,2.0754,0,Perfect,,-0.0096,-11.2041,2.7768,11.2,0.309,0.0011,2.5599,0.4191,0,0
3547,Rally,None,1,-0.0117,54.2121,-0.0221,3.4998,-15.6189,2.5911,1.3593,8.2603,1,Run,0,9,Serve,10.824,8.7807,0.133,0.8157,-10.974,0.6277,0,0,Backhand follow,1,-0.1333,49.4084,66.1021,2.5479,0,Perfect,,-0.0179,-11.2077,2.6968,11.2,0.2687,0.0045,3.6066,0.5054,0,0
3548,Rally,None,1,-0.0117,54.4457,-0.0217,3.4999,-15.6184,2.4655,1.4328,7.793,1,Run,0,9,Serve,6.2837,4.9734,0.0672,0.8367,-10.9323,0.5894,0,0,Backhand follow,1,-0.1583,57.6183,74.9225,9.9393,0,Perfect,,-0.0351,-11.215,2.5766,11.2,0.2336,0.0091,4.4315,0.64,0,0
3549,Rally,None,1,-0.0117,54.6488,-0.0224,3.4999,-15.6188,2.3818,1.4785,7.4815,1,Run,0,9,Serve,-0.1863,-0.4472,0.0131,0.8491,-10.8976,0.6425,0,0,Backhand follow,1,-0.175,62.7004,81.0655,0.3438,0,Perfect,,-0.0498,-11.2213,2.4965,11.2,0.2031,0.0148,5.8761,0.9211,0,0
3550,Rally,None,1,-0.0117,54.8253,-0.025,3.4999,-15.6206,2.2563,1.5419,7.0142,1,Run,0,9,Serve,-7.9996,-7.2644,-0.0025,0.834,-10.8845,0.9503,0,0,Backhand follow,1,-0.2,65.75,87.0697,0.7652,0,Perfect,,-0.0766,-11.2328,2.3764,11.2,0.1765,0.0207,6.2202,1.2955,0,0
3551,Rally,None,1,-0.0117,54.9787,-0.0288,3.4999,-15.6234,2.1726,1.5808,6.7026,1,Run,0,9,Serve,-15.7546,-13.0162,-0.0183,0.8308,-10.8634,1.3947,0,0,Backhand follow,1,-0.2167,66.9873,91.1067,2.3958,0,Perfect,,-0.0977,-11.2418,2.2963,11.2,0.1535,0.0267,7.2859,0.6644,0,0
3552,Rally,None,1,-0.0117,55.1122,-0.0337,3.4999,-15.6271,2.0889,1.6171,6.3911,1,Run,0,9,Serve,-22.293,-18.2303,-0.0715,0.8333,-10.8436,1.6173,0,0,Backhand follow,1,-0.2333,68.1386,94.5945,8.8398,0,Perfect,,-0.1213,-11.2519,2.2163,11.2,0.1334,0.0319,7.3312,0.645,0,0
3553,Rally,None,1,-0.0117,55.2282,-0.0409,3.4999,-15.6326,1.9633,1.6664,5.9238,1,Run,0,9,Serve,-27.199,-22.0156,-0.13,0.8331,-10.8419,1.4003,0,0,Backhand follow,1,-0.2583,69.502,98.271,0.6866,0,Perfect,,-0.1615,-11.2691,2.0961,11.2,0.116,0.036,7.367,0.6153,0,0
3554,Rally,None,1,-0.0117,55.329,-0.0493,3.4999,-15.639,1.8796,1.6959,5.6123,1,Run,0,9,Serve,-30.585,-24.2367,-0.1604,0.8321,-10.8423,1.0278,0,0,Backhand follow,1,-0.275,70.7005,100.3874,0.9663,0,Perfect,,-0.1916,-11.2819,2.016,11.2,0.1008,0.0392,8.1897,0.5074,0,0
3555,Rally,None,1,-0.0117,55.4167,-0.0602,3.4999,-15.6474,1.754,1.7351,5.145,1,Run,0,9,Serve,-32.8858,-25.9667,-0.2112,0.8305,-10.8508,2.7427,0,0,Backhand follow,0,9,70.9862,101.1262,1.5289,0,Perfect,,-0.2414,-11.3032,1.8959,11.2,0.0877,0.0413,8.0436,0.3412,0,0
3556,Rally,None,1,-0.0117,55.4929,-0.0723,3.5,-15.6567,1.6703,1.7579,4.8335,1,Run,0,9,Serve,-34.2676,-26.8877,-0.2523,0.8289,-10.8555,13.2751,0,0,Run,0,9,49.4111,60.1371,6.2523,0,Perfect,,-0.2778,-11.3188,1.8158,11.2,0.0762,0.0427,8.5,0.1433,0,0
3557,Rally,None,1,-0.0117,55.5591,-0.0856,3.5,-15.667,1.5866,1.778,4.522,1,Run,0,9,Serve,-35.0314,-27.7042,-0.2898,0.829,-10.8663,0.2677,0,0,Run,0,9,50.4583,52.5967,3.5682,0,Perfect,,-0.3167,-11.3354,1.7358,11.2,0.0663,0.0431,8.4638,0.1316,0,0
3558,Rally,None,1,-0.0117,55.6167,-0.1017,3.5,-15.6795,1.4611,1.8031,4.0547,1,Run,0,9,Serve,-35.3376,-28.4378,-0.3452,0.8316,-10.8956,0.9531,0,0,Run,0,9,51.4376,50.8125,1.7086,0,Perfect,,-0.3799,-11.3625,1.6156,11.2,0.0576,0.0426,8.2596,0.3465,0,0
3559,Rally,None,1,-0.0117,55.6668,-0.119,3.5,-15.6929,1.3774,1.8165,3.7431,1,Run,0,9,Serve,-35.2759,-28.9214,-0.3837,0.8284,-10.9216,6.4013,0,0,Run,0,9,52.1091,49.1211,2.5812,0,Perfect,,-0.4252,-11.3819,1.5355,11.2,0.0501,0.0417,8.5,0.5489,0,0
3560,Rally,None,1,-0.0117,55.7103,-0.1392,3.5,-15.7086,1.2518,1.8315,3.2758,1,Run,0,9,Serve,-34.9931,-29.5156,-0.4478,0.85,-10.9633,1.301,0,0,Run,0,9,52.5386,47.6044,0.1105,0,Perfect,,-0.498,-11.413,1.4154,11.2,0.0435,0.0403,8.5,0.716,0,0
3561,Rally,None,1,-0.0117,55.7482,-0.1606,3.5,-15.7251,1.1681,1.8381,2.9643,1,Run,0,9,Serve,-34.4502,-30.2021,-0.4851,0.8404,-10.9983,0.5196,0,0,Run,0,9,52.6185,46.4299,2.0788,0,Perfect,,-0.5498,-11.4351,1.3353,11.2,0.0378,0.0387,8.5,0.8777,0,0
3562,Rally,None,1,-0.0117,55.7811,-0.183,3.5,-15.7425,1.0844,1.8421,2.6528,1,Run,0,9,Serve,-33.7384,-30.9186,-0.522,0.8247,-11.0349,0.4298,0,0,Run,0,9,52.2919,45.7146,1.8071,0,Perfect,,-0.604,-11.4583,1.2553,11.2,0.0329,0.0368,8.5,0.9916,0,0
3563,Rally,None,1,-0.0117,55.8097,-0.2087,3.5,-15.7624,0.9589,1.843,2.1855,1,Run,0,9,Serve,-33.0904,-31.6681,-0.5926,0.8204,-11.0854,0.2142,0,0,Run,0,9,51.7109,45.3893,1.0553,0,Perfect,,-0.6902,-11.4952,1.1351,11.2,0.0286,0.0343,8.5,1.004,0,0
3564,Rally,None,1,-0.0117,55.8345,-0.2354,3.5,-15.7832,0.8752,1.8402,1.874,1,Run,0,9,Serve,-32.4766,-32.418,-0.6399,0.8165,-11.1271,2.3457,0,0,Run,0,9,50.8786,45.5497,0,0,Perfect,,-0.7509,-11.5211,1.055,11.2,0.0249,0.0315,8.5,0.9389,0,0
3565,Rally,None,1,-0.0117,55.8562,-0.2655,3.5,-15.8065,0.7496,1.831,1.4067,1,Run,0,9,Serve,-31.9882,-33.1708,-0.7251,0.8116,-11.1853,14.9389,0,0,Run,0,9,49.8513,46.111,0,0,Perfect,,-0.8467,-11.5621,0.9349,11.2,0.0216,0.0283,8.5,0.8018,0,0
3566,Rally,None,1,-0.0117,55.8749,-0.2964,3.5,-15.8306,0.6659,1.8215,1.0952,1,Backhand prepare 0.05,0,9,Serve,-31.854,-32.4116,-0.7915,0.8105,-11.2429,0.0422,0.2083,0.1667,Run,0,9,48.9248,46.8647,0,0,Perfect,,-0.9137,-11.5907,0.8548,11.2,0.0188,0.0248,8.5,0.4049,0,0
3567,Rally,None,1,-0.0117,55.8913,-0.3284,3.5,-15.8554,0.5822,1.8093,0.7836,1,Backhand prepare 0.08,0,9,Serve,-32.0417,-31.1945,-0.848,0.8176,-11.2895,0.1888,0.4167,0.3333,Run,0,9,48.043,47.786,1.6137,0,Perfect,,-0.9833,-11.6205,0.7747,11.2,0.0163,0.0209,8.5,2.2431,0,0
3568,Rally,None,1,-0.0117,55.9055,-0.364,3.5,-15.8831,0.4567,1.786,0.3163,1,Backhand prepare 0.12,0,9,Serve,-32.4392,-30.2804,-0.9256,0.8281,-11.3501,1.9426,0.625,0.5,Run,0,9,47.4017,48.6889,1.1929,0,Perfect,,-1.0925,-11.6672,0.6546,11.2,0.0142,0.0164,8.5,4.6073,0,0
3569,Rally,None,1,-0.0117,55.9132,-0.4004,3.5,-15.9114,0.373,1.7671,0.0048,1,Backhand prepare 0.17,0,9,Serve,-35.7322,-29.8704,-0.9956,0.8331,-11.3972,14.5139,0.8333,0.6667,Run,0,9,47.1214,49.4217,3.6238,0,Perfect,,-1.1685,-11.6997,0.5745,11.2,0.0077,0.0115,8.5,5.4554,0,0
3570,Rally,None,1,-0.0117,55.9077,-0.4406,3.5,-15.9426,0.2474,1.7336,-0.4625,1,Backhand prepare 0.20,0,9,Serve,-38.3002,-29.4196,-1.1258,0.8285,-11.4728,1.1323,1,0.8333,Run,0,9,47.1438,49.9397,0.7423,0,Perfect,,-1.2872,-11.7505,0.4544,11.2,-0.0055,0.0067,8.5,6.2352,0,0
3571,Rally,None,1,-0.0117,55.8949,-0.4814,3.5,-15.9744,0.1637,1.708,-0.774,1,Backhand prepare 0.25,0,9,Serve,-39.6283,-29.5719,-1.2535,0.8173,-11.5274,10.528,1,1,Run,0,9,47.5134,50.1481,0.569,0,Perfect,,-1.3696,-11.7857,0.3743,11.2,-0.0128,0.0026,8.5,5.0357,0,0
3572,Rally,None,1,-0.0117,55.8758,-0.523,3.5,-16.0067,0.08,1.6797,-1.0855,1,Backhand prepare 0.28,0,9,Serve,-40.2682,-29.7626,-1.4099,0.7983,-11.549,4.7499,1,1,Run,0,9,48.2372,49.986,0.5684,0,Perfect,,-1.4545,-11.822,0.2942,11.2,-0.0191,-0.0005,8.5,3.5656,0,0
3573,Rally,None,1,-0.0117,55.8472,-0.5686,3.5,-16.0422,-0.0456,1.6321,-1.5528,1,Backhand prepare 0.32,0,9,Serve,-41.5496,-30.7235,-1.7753,0.8469,-11.5584,7.8824,1,1,Run,0,9,49.0872,49.5564,0.2394,0,Perfect,,-1.5851,-11.8779,0.1741,11.2,-0.0286,-0.0026,8.5,2.2597,0,0
3574,Rally,None,1,-0.0117,55.8143,-0.6143,3.5,-16.0777,-0.1293,1.5971,-1.8643,1,Backhand prepare 0.36,0,9,Serve,-43.5272,-33.7185,-1.8068,0.7954,-11.579,7.6175,1,1,Run,0,9,50.0941,48.8345,7.5535,0,Perfect,,-1.6698,-11.9141,0.094,11.2,-0.0329,-0.0036,7.4277,2.6641,0,0
3575,Rally,None,1,-0.0117,55.7736,-0.6628,3.5,-16.1154,-0.2548,1.5394,-2.3316,1,Backhand prepare 0.40,0,9,Serve,-45.1228,-37.4155,-1.9744,0.86,-11.5548,5.0898,1,1,Run,0,9,51.0869,47.935,0.3729,0,Perfect,,-1.792,-11.9663,0,11.2,-0.0407,-0.0039,4.2649,2.95,0,0
3576,Rally,None,1,-0.0117,55.7301,-0.7106,3.5,-16.1525,-0.3385,1.4977,-2.6432,1,Backhand prepare 0.45,0,9,Serve,-45.5484,-41.0959,-2.0128,0.7868,-11.6711,7.7655,1,1,Run,0,9,51.367,47.3569,1.0292,0,Perfect,,-1.8702,-11.9998,0,11.2,-0.0435,-0.0036,0.9777,3.831,0,0
3577,Rally,None,1,-0.0117,55.6842,-0.7576,3.5,-16.1891,-0.4222,1.4532,-2.9547,1,Backhand prepare 0.48,0,9,Serve,-45.4859,-43.2485,-2.1183,0.7957,-11.6864,2.0811,1,1,Ready,0,9,47.8022,44.1242,3.6814,0,Perfect,,-1.9459,-12.0322,0,11.2,-0.0459,-0.0025,0.8185,4.6585,0,0
3578,Rally,None,1,-0.0117,55.632,-0.8062,3.5,-16.2269,-0.5478,1.3814,-3.422,1,Backhand prepare 0.51,0,9,Serve,-47.2737,-46.1896,-2.1729,0.7529,-11.7862,0,1,1,Ready,0,9,40.7886,36.3414,10.9521,0,Perfect,,-2.0547,-12.0787,0,11.2,-0.0522,-0.0004,2.2341,4.8779,0,0
3579,Rally,None,1,-0.0117,55.5785,-0.8535,3.5,-16.2637,-0.6315,1.3302,-3.7335,1,Backhand prepare 0.56,0,9,Serve,-53.3412,-52.5621,-2.3072,0.7705,-11.8594,8.6114,1,1,Ready,0,9,33.7017,28.048,8.442,0,Perfect,,-2.124,-12.1083,0,11.2,-0.0536,0.0032,4.1443,5.6429,0,0
3580,Rally,None,1,-0.0117,55.5195,-0.9018,3.5,-16.3012,-0.757,1.2484,-4.2008,1,Backhand prepare 0.60,0,9,Serve,-55.6287,-56.9625,-2.4603,0.8135,-11.9019,1.1161,1,1,Ready,0,9,27.8641,21.306,0.6997,0,Perfect,,-2.2232,-12.1507,0,11.2,-0.0589,0.0079,4.8553,6.1921,0,0
3581,Rally,None,1,-0.0117,55.46,-0.9482,3.5,-16.3373,-0.8407,1.1905,-4.5123,1,Backhand prepare 0.65,0,9,Serve,-52.8466,-61.5945,-2.575,0.8605,-11.8931,2.02,1,1,Ready,0,9,23.5501,16.3544,0.4747,0,Perfect,,-2.2861,-12.1776,0,11.2,-0.0595,0.0135,6.2102,9.5644,0,0
3582,Rally,None,1,-0.0117,55.3999,-0.9929,3.5,-16.3721,-0.9244,1.1299,-4.8239,1,Backhand prepare 0.68,0,9,Serve,-48.7587,-64.6587,-2.6677,0.8933,-11.9137,0.8436,1,1,Ready,0,9,20.63,13.0098,0.4054,0,Perfect,,-2.3465,-12.2035,0,11.2,-0.0601,0.0194,6.4834,9.8913,0,0
3583,Rally,None,1,-0.0117,55.3351,-1.038,3.5,-16.4071,-1.05,1.0339,-5.2911,1,Backhand prepare 0.71,0,9,Serve,-47.453,-69.6291,-2.7861,0.8874,-11.9285,0,1,1,Ready,0,9,18.7857,10.9195,0.3359,0,Perfect,,-2.4323,-12.2401,0,11.2,-0.0648,0.0248,6.6988,7.2306,0,0
3584,Rally,None,1,-0.0117,55.2704,-1.081,3.5,-16.4405,-1.1337,0.9666,-5.6027,1,Backhand prepare 0.77,0,9,Serve,-44.7846,-74.0378,-2.8535,0.9658,-11.9464,0,1,1,Ready,0,9,17.7092,9.7498,0.2212,0,Perfect,,-2.4862,-12.2632,0,11.2,-0.0647,0.03,7.6631,4.9131,0,0
3585,Rally,None,1,-0.0117,55.2015,-1.1239,3.5,-16.4739,-1.2592,0.8605,-6.07,1,Backhand prepare 0.80,0,9,Serve,-37.8101,-75.6841,-2.9271,1.0087,-11.9694,0,1,1,Ready,0,9,17.154,9.1801,0.0916,0,Perfect,,-2.5624,-12.2958,0,11.2,-0.0689,0.0343,7.6285,6.5923,0,0
3586,Rally,None,1,-0.0117,55.1327,-1.1622,3.5,-16.5037,-1.3429,0.7864,-6.3815,1,Backhand prepare 0.85,0,9,Serve,-20.6315,-77.0789,-2.9203,1.0512,-11.966,7.1228,1,1,Ready,0,9,16.9186,8.9316,0.2317,0,Perfect,,-2.5767,-12.3019,0,11.2,-0.0688,0.038,8.3958,15.5912,0,0
3587,Rally,None,1,-0.0117,55.0638,-1.1955,3.5,-16.5296,-1.4266,0.7097,-6.693,1,Backhand prepare 0.89,0,9,Serve,-2.2711,-72.5964,-2.9091,1.0293,-11.9743,4.6512,1,1,Ready,0,9,16.8938,8.8944,0.4145,0,Perfect,,-2.5767,-12.3019,0,11.2,-0.0689,0.0398,6.617,18.3902,0,0
3588,Rally,None,1,-0.0117,54.9903,-1.2245,3.5,-16.5521,-1.5522,0.5895,-7.1603,1,Backhand prepare 0.92,0,9,Serve,15.0265,-64.872,-2.8879,0.9823,-12.0395,2.0532,1,1,Ready,0,9,16.9886,8.9911,0.6243,0,Perfect,,-2.5767,-12.3019,0,11.2,-0.0735,0.0392,5.215,14.7716,0,0
3589,Rally,None,1,-0.0117,54.9174,-1.2497,3.5,-16.5717,-1.6359,0.506,-7.4718,1,Backhand prepare 0.98,0,9,Serve,21.1601,-57.686,-2.8568,0.8449,-12.0355,13.2512,1,1,Ready,0,9,17.172,9.1351,0.5217,0,Perfect,,-2.5767,-12.3019,0,11.2,-0.073,0.0363,4.1101,8.9141,0,0
3590,Rally,None,1,-0.0117,54.8403,-1.2716,3.5,-16.5887,-1.7615,0.3757,-7.9391,1,Backhand prepare 1.00,0,9,Serve,23.4875,-51.7029,-2.8248,0.8301,-11.9857,1.0055,1,1,Ready,0,9,17.436,9.2626,0.1858,0,Perfect,,-2.5767,-12.3019,0,11.2,-0.077,0.0317,3.2393,10.8502,0,0
3591,Rally,None,1,-0.0117,54.7643,-1.2906,3.5,-16.6035,-1.8452,0.2855,-8.2507,1,Backhand prepare 1.00,1,0.1645,Drive,21.6708,-47.2612,-2.7795,0.8207,-11.974,0.3965,1,1,Ready,0,9,17.7231,9.4015,0.0739,0,Perfect,,-2.5767,-12.3019,0,11.2,-0.076,0.0203,2.0121,6.1665,0,0
3592,Rally,None,1,-0.0117,54.6891,-1.3071,3.5,-16.6163,-1.9289,0.1926,-8.5622,1,Backhand swing,1,0.1478,Drive,23.7946,-44.8893,-2.7406,0.8339,-11.9369,0.5288,1,1,Ready,0,9,18.0015,9.6143,0.24,0,Perfect,,-2.5767,-12.3019,0,11.2,-0.0752,0.0147,1.5858,1.0283,0,0
3593,Rally,None,1,-0.0117,54.6154,-1.3215,3.5,-16.6275,-2.0518,0.1357,-9.0199,1,Backhand swing,1,0.1228,Drive,22.2497,-45.4439,-2.7577,0.8871,-11.9151,0.2617,1,1,Ready,0,9,18.2142,9.8074,0.2194,0,Perfect,,-2.5767,-12.3019,0,11.2,-0.0737,0.0098,1.2498,0,0,0
3594,Rally,None,1,-0.0117,54.5423,-1.334,3.5,-16.6372,-2.1304,0.2052,-9.3122,1,Backhand swing,1,0.1062,Drive,18.683,-47.1156,-2.7393,0.8528,-11.9213,0.7053,1,1,Ready,0,9,18.3912,10.0038,0.0497,0,Perfect,,-2.5767,-12.3019,0,11.2,-0.0731,0.0059,0.985,0,0,0
3595,Rally,None,1,-0.0117,54.4652,-1.3449,3.5,-16.6457,-2.2482,0.3043,-9.7507,1,Backhand swing,1,0.0812,Drive,18.2145,-46.2108,-2.7258,0.844,-11.9394,0.8546,1,1,Ready,0,9,18.5023,10.2032,0.1312,0,Perfect,,-2.5767,-12.3019,0,11.2,-0.0772,0.0029,0.6685,0,0,0
3596,Rally,None,1,-0.0117,54.389,-1.3543,3.5,-16.653,-2.3267,0.3669,-10.0431,1,Backhand swing,1,0.0645,Drive,16.173,-42.1679,-2.6922,0.8288,-11.9567,1.2477,1,1,Ready,0,9,18.542,10.4461,0.1335,0,Perfect,,-2.5767,-12.3019,0,11.2,-0.0762,0.0009,0.4419,0,0,0
3597,Rally,None,1,-0.0117,54.3137,-1.3625,3.5,-16.6594,-2.4053,0.4269,-10.3354,1,Backhand swing,1,0.0478,Drive,15.3034,-35.4232,-2.659,0.8072,-11.9201,2.4552,1,1,Ready,0,9,18.5403,10.6861,0.1092,0,Perfect,,-2.5767,-12.3019,0,11.2,-0.0753,-0.0003,0.2813,0,0,0
3598,Rally,None,1,-0.0117,54.2347,-1.3697,3.5,-16.665,-2.5231,0.5117,-10.7739,1,Backhand swing,1,0.0282,Drive,15.1805,-23.7878,-2.3365,0.7859,-11.4552,0.8431,1,1,Ready,0,9,18.5105,10.8651,0.0302,0,Perfect,,-2.5767,-12.3019,0,11.2,-0.0791,-0.0008,0.171,0,0,0
3599,Rally,None,1,-0.0117,54.1569,-1.3759,3.5,-16.6698,-2.6016,0.5649,-11.0662,1,Backhand swing,1,0.0169,Drive,11.5459,-15.2488,-2.3485,0.8425,-11.4365,5.6265,1,1,Ready,0,9,18.489,11.0209,0.0129,0,Perfect,,-2.5767,-12.3019,0,11.2,-0.0778,-0.0009,0.1348,0,0,0
