f,flow,shot,ts,hitstop,fov,camx,camy,camz,bx,by,bz,live,pstate,pswing,pttc,pkind,phy,pcy,phx,phy2,phz,pskate,paw,pchain,rstate,rswing,rttc,rhy,rcy,rskate,shake,grade,evt,pux,puz,rux,ruz,dfov
0,PlayerServeHold,None,1,0,52,-0.4665,2.535,-16.7498,1.9188,0.695,-12.05,0,Run,0,9,Drive,88.4147,89.735,1.8683,0.7479,-12.6821,0.1888,0,0,Ready,0,9,7.9235,-1.2277,0.2273,0,Missed,,1.8388,-12.35,-1.95,11.2,52
1,PlayerServeHold,None,1,0,52,-0.4499,2.535,-16.7498,1.93,0.695,-12.05,0,Run,0,9,Drive,89.3654,89.8939,1.8658,0.7479,-12.6798,0,0,0,Ready,0,9,6.2947,-2.1152,0.1969,0,Missed,,1.85,-12.35,-1.95,11.2,0
2,PlayerServeHold,None,1,0,52,-0.4328,2.535,-16.7498,1.9525,0.695,-12.05,0,Run,0,9,Drive,90.2706,90.0453,1.8754,0.7468,-12.6776,0,0,0,Ready,0,9,5.0544,-3.0005,0.1172,0,Missed,,1.8725,-12.35,-1.95,11.2,0
3,PlayerServeHold,None,1,0,52,-0.4161,2.535,-16.7499,1.9638,0.695,-12.05,0,Run,0,9,Drive,91.1845,90.198,1.8735,0.7441,-12.6753,0,0,0,Ready,0,9,4.2103,-3.7087,0.1364,0,Missed,,1.8838,-12.35,-1.95,11.2,0
4,PlayerServeHold,None,1,0,52,-0.399,2.535,-16.7499,1.9863,0.695,-12.05,0,Run,0,9,Drive,92.2156,90.3704,1.8811,0.739,-12.6724,0,0,0,Ready,0,9,3.9395,-4.0712,0.2226,0,Missed,,1.9063,-12.35,-1.95,11.2,0
5,PlayerServeHold,None,1,0,52,-0.3824,2.535,-16.7499,1.9975,0.695,-12.05,0,Run,0,9,Drive,93.1387,90.5247,1.8789,0.7331,-12.6699,0.614,0,0,Ready,0,9,4.0307,-4.0656,0.2767,0,Missed,,1.9175,-12.35,-1.95,11.2,0
6,PlayerServeHold,None,1,0,52,-0.3653,2.535,-16.7499,2.02,0.695,-12.05,0,Run,0,9,Drive,93.8786,90.6485,1.8906,0.7272,-12.6675,0.5894,0,0,Ready,0,9,4.3887,-3.5575,1.8432,0,Missed,,1.94,-12.35,-1.95,11.2,0
7,PlayerServeHold,None,1,0,52,-0.3486,2.535,-16.7499,2.0313,0.695,-12.05,0,Run,0,9,Drive,94.5203,90.7557,1.8925,0.721,-12.6653,0.105,0,0,Ready,0,9,4.8666,-2.7268,0,0,Missed,,1.9513,-12.35,-1.95,11.2,0
8,PlayerServeHold,None,1,0,52,-0.3315,2.535,-16.7499,2.0538,0.695,-12.05,0,Run,0,9,Drive,95.1112,90.8545,1.9064,0.7287,-12.7094,0.251,0,0,Ready,0,9,5.2831,-1.647,0,0,Missed,,1.9738,-12.35,-1.95,11.2,0
9,PlayerServeHold,None,1,0,52,-0.3149,2.535,-16.7499,2.065,0.695,-12.05,0,Run,0,9,Drive,95.5957,90.9355,1.9106,0.7229,-12.7078,0.2547,0,0,Ready,0,9,5.6727,-0.4839,0,0,Missed,,1.985,-12.35,-1.95,11.2,0
10,PlayerServeHold,None,1,0,52,-0.2978,2.535,-16.7499,2.0875,0.695,-12.05,0,Run,0,9,Drive,95.8678,90.981,1.9291,0.7196,-12.7068,0.0063,0,0,Ready,0,9,6.0095,0.5895,0,0,Missed,,2.0075,-12.35,-1.95,11.2,0
11,PlayerServeHold,None,1,0,52,-0.2811,2.535,-16.7499,2.0988,0.695,-12.05,0,Run,0,9,Drive,95.9859,91.0007,1.9385,0.7181,-12.7064,0.0012,0,0,Ready,0,9,6.2962,1.5468,0,0,Missed,,2.0188,-12.35,-1.95,11.2,0
12,PlayerServeHold,None,1,0,52,-0.264,2.535,-16.7499,2.1213,0.695,-12.05,0,Run,0,9,Drive,95.9405,90.9932,1.9622,0.7188,-12.7066,0.0031,0,0,Ready,0,9,6.5265,2.2986,0,0,Missed,,2.0413,-12.35,-1.95,11.2,0
13,PlayerServeHold,None,1,0,52,-0.2474,2.535,-16.7499,2.1325,0.695,-12.05,0,Run,0,9,Drive,95.73,90.958,1.9762,0.7213,-12.7073,0.0015,0,0,Ready,0,9,6.7016,2.8729,0,0,Missed,,2.0525,-12.35,-1.95,11.2,0
14,PlayerServeHold,None,1,0,52,-0.2303,2.535,-16.7499,2.1546,0.695,-12.05,0,Run,0,9,Drive,95.4075,90.904,2.0028,0.7252,-12.7084,0.0003,0,0,Ready,0,9,6.8356,3.2601,0,0,Missed,,2.0746,-12.35,-1.95,11.2,0
15,PlayerServeHold,None,1,0,52,-0.2138,2.535,-16.7499,2.1653,0.695,-12.05,0,Run,0,9,Drive,94.9702,90.8309,2.02,0.7301,-12.7099,0.0011,0,0,Ready,0,9,6.8778,3.4847,0,0,Missed,,2.0853,-12.35,-1.95,11.2,0
16,PlayerServeHold,None,1,0,52,-0.1969,2.535,-16.75,2.1861,0.695,-12.05,0,Run,0,9,Drive,94.4053,90.7365,2.049,0.7359,-12.7118,0.0016,0,0,Ready,0,9,6.7251,3.5605,0.779,0,Missed,,2.1061,-12.35,-1.95,11.2,0
17,PlayerServeHold,None,1,0,52,-0.1805,2.535,-16.75,2.1961,0.695,-12.05,0,Run,0,9,Drive,93.66,90.6119,2.0586,0.7288,-12.6681,0.0324,0,0,Ready,0,9,6.5539,3.5086,0.2256,0,Missed,,2.1161,-12.35,-1.95,11.2,0
18,PlayerServeHold,None,1,0,52,-0.1639,2.535,-16.75,2.2157,0.695,-12.05,0,Run,0,9,Drive,92.9053,90.4857,2.0891,0.735,-12.671,0.0914,0,0,Ready,0,9,6.5278,3.2772,0.7171,0,Missed,,2.1357,-12.35,-1.95,11.2,0
19,PlayerServeHold,None,1,0,52,-0.1478,2.535,-16.75,2.2251,0.695,-12.05,0,Run,0,9,Drive,92.202,90.3682,2.1089,0.7396,-12.6743,0.0328,0,0,Ready,0,9,6.5669,3.1018,0.7276,0,Missed,,2.1451,-12.35,-1.95,11.2,0
20,PlayerServeHold,None,1,0,52,-0.1316,2.535,-16.75,2.2434,0.695,-12.05,0,Run,0,9,Drive,91.4769,90.2469,2.1488,0.7429,-12.6746,0.2194,0,0,Ready,0,9,6.634,3.2128,0.62,0,Missed,,2.1634,-12.35,-1.95,11.2,0
21,PlayerServeHold,None,1,0,52,-0.1159,2.535,-16.75,2.2522,0.695,-12.05,0,Run,0,9,Drive,90.7273,90.1216,2.1686,0.7457,-12.6765,0,0,0,Ready,0,9,6.7674,3.5402,0.4818,0,Missed,,2.1722,-12.35,-1.95,11.2,0
22,PlayerServeHold,None,1,0,52,-0.1001,2.535,-16.75,2.2692,0.695,-12.05,0,Run,0,9,Drive,89.8676,89.9779,2.1979,0.7474,-12.6786,0,0,0,Ready,0,9,6.9785,4.103,0.3448,0,Missed,,2.1892,-12.35,-1.95,11.2,0
23,PlayerServeHold,None,1,0,52,-0.0849,2.535,-16.75,2.2774,0.695,-12.05,0,Run,0,9,Drive,89.4896,90.081,2.2332,0.7588,-12.7229,0,0,0,Ready,0,9,7.3022,4.8647,0.2575,0,Missed,,2.1974,-12.35,-1.95,11.2,0
24,PlayerServeHold,None,1,0,52,-0.0697,2.535,-16.75,2.2931,0.695,-12.05,0,Run,0,9,Drive,89.1536,90.1943,2.2666,0.7573,-12.7222,1.3949,0,0,Ready,0,9,7.7356,5.8539,0.1005,0,Missed,,2.2131,-12.35,-1.95,11.2,0
25,PlayerServeHold,None,1,0,52,-0.0551,2.535,-16.75,2.3007,0.695,-12.05,0,Run,0,9,Drive,89.2736,90.5902,2.2982,0.758,-12.7178,2.1385,0,0,Ready,0,9,8.405,6.8948,0.1805,0,Missed,,2.2207,-12.35,-1.95,11.2,0
26,PlayerServeHold,None,1,0,52,-0.0404,2.535,-16.75,2.3152,0.695,-12.05,0,Run,0,9,Drive,89.2942,90.8647,2.3265,0.7655,-12.7121,0.6675,0,0,Ready,0,9,9.5155,7.8068,0.1015,0,Missed,,2.2352,-12.35,-1.95,11.2,0
27,PlayerServeHold,None,1,0,52,-0.0264,2.535,-16.75,2.3221,0.695,-12.05,0,Run,0,9,Drive,89.8747,91.4499,2.3533,0.7714,-12.7001,0.7832,0,0,Ready,0,9,10.8051,8.6617,0.2464,0,Missed,,2.2421,-12.35,-1.95,11.2,0
28,PlayerServeHold,None,1,0,52,-0.0124,2.535,-16.75,2.3353,0.695,-12.05,0,Run,0,9,Drive,90.213,91.8487,2.3775,0.7709,-12.6933,0.9757,0,0,Ready,0,9,12.174,9.4961,0.4785,0,Missed,,2.2553,-12.35,-1.95,11.2,0
29,PlayerServeHold,None,1,0,52,0.0009,2.535,-16.75,2.3416,0.695,-12.05,0,Run,0,9,Drive,91.1547,92.5892,2.3998,0.7675,-12.6832,1.9175,0,0,Ready,0,9,13.3622,10.2314,0.4173,0,Missed,,2.2616,-12.35,-1.95,11.2,0
30,PlayerServeHold,None,1,0,52,0.0142,2.535,-16.75,2.3535,0.695,-12.05,0,Run,0,9,Drive,91.6465,93.0621,2.4217,0.7583,-12.6391,0.379,0,0,Ready,0,9,14.0826,10.8493,0,0,Missed,,2.2735,-12.35,-1.95,11.2,0
31,PlayerServeHold,None,1,0,52,0.0269,2.535,-16.75,2.3591,0.695,-12.05,0,Run,0,9,Drive,92.6505,93.8327,2.4407,0.7646,-12.6328,0.9294,0,0,Ready,0,9,14.3623,11.2112,0,0,Missed,,2.2791,-12.35,-1.95,11.2,0
32,PlayerServeHold,None,1,0,52,0.0394,2.535,-16.75,2.3698,0.695,-12.05,0,Run,0,9,Drive,92.9351,94.1329,2.4525,0.7672,-12.628,0.0961,0,0,Ready,0,9,14.0488,11.1621,0,0,Missed,,2.2898,-12.35,-1.95,11.2,0
33,PlayerServeHold,None,1,0,52,0.0514,2.535,-16.75,2.3748,0.695,-12.05,0,Run,0,9,Drive,93.6292,94.6085,2.4654,0.7713,-12.6116,0.2131,0,0,Ready,0,9,13.4061,10.7534,0,0,Missed,,2.2948,-12.35,-1.95,11.2,0
34,PlayerServeHold,None,1,0,52,0.0631,2.535,-16.75,2.3842,0.695,-12.05,0,Run,0,9,Drive,93.6751,94.5228,2.4959,0.7823,-12.6207,0.2062,0,0,Ready,0,9,12.5855,9.9409,0,0,Missed,,2.3042,-12.35,-1.95,11.2,0
35,PlayerServeHold,None,1,0,52,0.0743,2.535,-16.75,2.3885,0.695,-12.05,0,Run,0,9,Drive,94.1785,94.53,2.5248,0.7929,-12.5411,0.5069,0,0,Ready,0,9,11.743,8.8571,6.8522,0,Missed,,2.3085,-12.35,-1.95,11.2,0
36,PlayerServeHold,None,1,0,52,0.0852,2.535,-16.75,2.3966,0.695,-12.05,0,Run,0,9,Drive,94.2452,94.0358,2.5303,0.7943,-12.547,0.7181,0,0,Ready,0,9,11.0943,7.5445,0.6661,0,Missed,,2.3166,-12.35,-1.95,11.2,0
37,PlayerServeHold,None,1,0,52,0.0956,2.535,-16.75,2.4004,0.695,-12.05,0,Run,0,9,Drive,94.8325,93.6622,2.534,0.7982,-12.5516,3.1051,0,0,Ready,0,9,10.5788,6.2148,2.6748,0,Missed,,2.3204,-12.35,-1.95,11.2,0
38,PlayerServeHold,None,1,0,52,0.1057,2.535,-16.75,2.4072,0.695,-12.05,0,Run,0,9,Drive,95.0038,93.09,2.5576,0.8116,-12.528,0.5364,0,0,Ready,0,9,10.1837,5.063,0.6944,0,Missed,,2.3272,-12.35,-1.95,11.2,0
39,PlayerServeHold,None,1,0,52,0.1153,2.535,-16.75,2.4103,0.695,-12.05,0,Run,0,9,Drive,95.7465,92.7663,2.5794,0.8287,-12.496,0.6311,0,0,Ready,0,9,9.9816,4.1512,0.664,0,Missed,,2.3303,-12.35,-1.95,11.2,0
40,PlayerServeHold,None,1,0,52,0.1246,2.535,-16.75,2.4158,0.695,-12.05,0,Run,0,9,Drive,96.2349,92.5023,2.569,0.8229,-12.5509,0.4378,0,0,Ready,0,9,10.0502,3.6148,0.4964,0,Missed,,2.3358,-12.35,-1.95,11.2,0
41,PlayerServeHold,None,1,0,52,0.1333,2.535,-16.75,2.4182,0.695,-12.05,0,Run,0,9,Drive,97.3789,92.5943,2.5569,0.8219,-12.5208,0.4292,0,0,Ready,0,9,10.3515,3.4091,0.1802,0,Missed,,2.3382,-12.35,-1.95,11.2,0
42,PlayerServeHold,None,1,0,52,0.1417,2.535,-16.75,2.4224,0.695,-12.05,0,Run,0,9,Drive,98.2666,92.8609,2.5884,0.8249,-12.5208,0.5129,0,0,Ready,0,9,10.8625,3.5801,0.4284,0,Missed,,2.3424,-12.35,-1.95,11.2,0
43,PlayerServeHold,None,1,0,52,0.1496,2.535,-16.75,2.3871,0.695,-12.0425,0,Run,0,9,Drive,92.9082,86.4938,2.6271,0.8308,-12.4275,0.4125,0,0,Ready,0,9,11.6199,3.9905,0.7022,0,Missed,,2.3442,-12.35,-1.95,11.2,0
44,PlayerServeHold,None,1,0,52,0.1571,2.535,-16.75,2.3521,0.695,-12.0396,0,Run,0,9,Drive,87.4378,80.1381,2.6335,0.814,-12.4061,0.7989,0,0,Ready,0,9,12.7197,4.5275,0.7758,0,Missed,,2.3471,-12.35,-1.95,11.2,0
45,PlayerServeHold,None,1,0,52,0.1641,2.535,-16.75,2.3155,0.695,-12.0413,0,Run,0,9,Drive,82.7529,74.1199,2.6338,0.7947,-12.3818,0.8412,0,0,Ready,0,9,13.9579,5.1856,0.7583,0,Missed,,2.3483,-12.35,-1.95,11.2,0
46,PlayerServeHold,None,1,0,52,0.1707,2.535,-16.75,2.2798,0.695,-12.0476,0,Run,0,9,Drive,77.2127,67.9109,2.6452,0.7887,-12.3277,1.3089,0,0,Ready,0,9,15.2127,5.9109,0.659,0,Missed,,2.35,-12.35,-1.95,11.2,0
47,PlayerServeHold,None,1,0,52,0.1768,2.535,-16.75,2.2435,0.695,-12.0584,0,Serve prepare 0.00,0,9,Drive,80.382,66.8627,2.6149,0.7868,-12.3111,2.0337,0.2083,0.1667,Ready,0,9,16.3572,6.7437,0.5545,0,Missed,,2.35,-12.35,-1.95,11.2,0
48,PlayerServeHold,None,1,0,52,0.1824,2.535,-16.75,2.2087,0.695,-12.0735,0,Serve prepare 0.00,0,9,Drive,83.9059,66.2961,2.5692,0.777,-12.3345,1.5878,0.4167,0.3333,Ready,0,9,17.2239,7.7331,0.4195,0,Missed,,2.35,-12.35,-1.95,11.2,0
49,PlayerServeHold,None,1,0,52,0.1876,2.535,-16.75,2.1761,0.695,-12.0928,0,Serve prepare 0.00,0,9,Drive,87.739,65.9391,2.5328,0.7683,-12.3614,0,0.625,0.5,Ready,0,9,17.8358,8.7922,0.2839,0,Missed,,2.35,-12.35,-1.95,11.2,0
50,PlayerServeHold,None,1,0,52,0.1924,2.535,-16.75,2.146,0.695,-12.1159,0,Serve prepare 0.00,0,9,Drive,91.7124,65.5679,2.5369,0.7583,-12.3915,0,0.8333,0.6667,Ready,0,9,18.1128,9.8865,0.0335,0,Missed,,2.35,-12.35,-1.95,11.2,0
51,PlayerServeHold,None,1,0,52,0.1968,2.535,-16.75,2.119,0.695,-12.1425,0,Serve prepare 0.00,0,9,Drive,95.7487,65.7832,2.5324,0.7504,-12.4099,0,1,0.8333,Ready,0,9,18.2026,10.9161,0.0769,0,Missed,,2.35,-12.35,-1.95,11.2,0
52,PlayerServeHold,None,1,0,52,0.2009,2.535,-16.75,2.0955,0.695,-12.1722,0,Serve prepare 0.00,0,9,Drive,99.6741,68.708,2.5377,0.7516,-12.4442,0,1,1,Ready,0,9,18.175,11.7884,0.0326,0,Missed,,2.35,-12.35,-1.95,11.2,0
53,PlayerServeHold,None,1,0,52,0.2047,2.535,-16.75,2.0757,0.695,-12.2046,0,Serve prepare 0.00,0,9,Drive,102.9192,70.7733,2.5505,0.7532,-12.4702,0,1,1,Ready,0,9,18.1638,12.4602,0.0492,0,Missed,,2.35,-12.35,-1.95,11.2,0
54,PlayerServeHold,None,1,0,52,0.2082,2.535,-16.75,2.06,0.695,-12.2391,0,Serve prepare 0.00,0,9,Drive,105.737,71.7856,2.5692,0.7541,-12.4863,0,1,1,Ready,0,9,18.366,12.814,0.0395,0,Missed,,2.35,-12.35,-1.95,11.2,0
55,PlayerServeHold,None,1,0,52,0.2114,2.535,-16.75,2.5046,0.875,-11.9843,0,Serve prepare 0.00,0,9,Drive,108.9297,72.6897,2.5698,0.752,-12.4796,0,1,1,Ready,0,9,18.6363,12.9914,0.0402,0,Missed,,2.35,-12.35,-1.95,11.2,0
56,PlayerServeHold,None,1,0,52,0.2144,2.535,-16.75,2.4917,0.875,-11.9792,0,Serve prepare 0.00,0,9,Drive,113.3401,75.5457,2.5998,0.7466,-12.5075,0,1,1,Ready,0,9,18.9376,13.0973,0.0175,0,Missed,,2.35,-12.35,-1.95,11.2,0
57,PlayerServeHold,None,1,0,52,0.2171,2.535,-16.75,2.4787,0.875,-11.9745,0,Serve prepare 0.00,0,9,Drive,111.4317,73.6826,2.6045,0.7462,-12.5,0,1,1,Ready,0,9,19.1557,13.1064,0.0837,0,Missed,,2.35,-12.35,-1.95,11.2,0
58,PlayerServeHold,None,1,0,52,0.2196,2.535,-16.75,2.4655,0.875,-11.9702,0,Serve prepare 0.00,0,9,Drive,109.524,71.8209,2.609,0.7458,-12.4923,0,1,1,Ready,0,9,19.173,13.0337,0.2344,0,Missed,,2.35,-12.35,-1.95,11.2,0
59,PlayerServeHold,None,1,0,52,0.222,2.535,-16.75,2.4522,0.875,-11.9664,0,Serve prepare 0.00,0,9,Drive,107.617,69.9604,2.6132,0.7454,-12.4844,0,1,1,Ready,0,9,18.9807,12.8635,0.1348,0,Missed,,2.35,-12.35,-1.95,11.2,0
60,PlayerServeHold,None,1,0,52,0.2241,2.535,-16.75,2.4387,0.8533,-11.9631,0,Serve prepare 0.00,0,9,Drive,105.7108,68.1009,2.6172,0.7451,-12.4765,0,1,1,Ready,0,9,18.4895,12.5867,0.1478,0,Missed,,2.35,-12.35,-1.95,11.2,0
61,PlayerServeHold,None,1,0,52,0.2261,2.535,-16.75,2.4252,0.8422,-11.9602,0,Serve prepare 0.00,0,9,Drive,103.8053,66.2467,2.6208,0.7447,-12.4684,0,1,1,Ready,0,9,17.8306,12.2015,0.2501,0,Missed,,2.35,-12.35,-1.95,11.2,0
62,PlayerServeHold,None,1,0,52,0.228,2.535,-16.75,2.4115,0.82,-11.9578,0,Serve prepare 0.00,0,9,Drive,101.8977,64.398,2.6241,0.7444,-12.4602,0,1,1,Ready,0,9,17.0627,11.6828,0.5275,0,Missed,,2.35,-12.35,-1.95,11.2,0
63,PlayerServeHold,None,1,0,52,0.2296,2.535,-16.75,2.3978,0.8089,-11.9559,0,Serve prepare 0.00,0,9,Drive,99.9901,62.5496,2.6272,0.7442,-12.4519,0,1,1,Ready,0,9,16.2996,11.0946,0.4972,0,Missed,,2.35,-12.35,-1.95,11.2,0
64,PlayerServeHold,None,1,0,52,0.2312,2.535,-16.75,2.384,0.7729,-11.9545,0,Serve prepare 0.00,0,9,Drive,98.0828,60.7016,2.6411,0.756,-12.4312,0,1,1,Ready,0,9,15.6614,10.46,0.2117,0,Missed,,2.35,-12.35,-1.95,11.2,0
65,PlayerServeHold,None,1,0,52,0.2327,2.535,-16.75,2.3702,0.7429,-11.9535,0,Serve prepare 0.00,0,9,Drive,96.1759,58.8542,2.6431,0.7557,-12.4224,0,1,1,Ready,0,9,15.1686,9.8686,0.1825,0,Missed,,2.35,-12.35,-1.95,11.2,0
66,PlayerServeHold,None,1,0,52,0.234,2.535,-16.75,2.3702,0.6808,-11.9535,0,Serve prepare 0.00,0,9,Drive,96.2691,59.0071,2.6425,0.7555,-12.4238,0,1,1,Ready,0,9,14.8917,9.424,0.2317,0,Missed,,2.35,-12.35,-1.95,11.2,0
67,PlayerServeHold,None,1,0,52,0.2352,2.535,-16.75,2.3702,0.6487,-11.9535,0,Serve prepare 0.00,0,9,Drive,96.3628,59.162,2.6418,0.7552,-12.4252,0,1,1,Ready,0,9,14.7922,9.0924,0.2831,0,Missed,,2.35,-12.35,-1.95,11.2,0
68,PlayerServeHold,None,1,0,52,0.2364,2.535,-16.75,2.3702,0.5826,-11.9535,0,Serve prepare 0.00,0,9,Drive,96.4545,59.3157,2.6412,0.755,-12.4266,0,1,1,Ready,0,9,14.8765,8.8845,0.3479,0,Missed,,2.35,-12.35,-1.95,11.2,0
69,PlayerServeHold,None,1,0,52,0.2374,2.535,-16.75,2.3702,0.5485,-11.9535,0,Serve prepare 0.00,0,9,Drive,96.5458,59.4693,2.6405,0.7548,-12.428,0,1,1,Ready,0,9,15.0819,8.7716,0.3063,0,Missed,,2.35,-12.35,-1.95,11.2,0
70,PlayerServeHold,None,1,0,52,0.2384,2.535,-16.75,2.3702,0.4782,-11.9535,0,Serve prepare 0.00,0,9,Drive,96.6367,59.6232,2.6398,0.7545,-12.4294,0,1,1,Ready,0,9,15.3604,8.752,0.22,0,Missed,,2.35,-12.35,-1.95,11.2,0
71,PlayerServeHold,None,1,0,52,0.2393,2.535,-16.75,2.3702,0.4421,-11.9535,0,Serve prepare 0.00,0,9,Drive,96.7272,59.7771,2.6392,0.7542,-12.4308,0,1,1,Ready,0,9,15.6826,8.7586,0.1219,0,Missed,,2.35,-12.35,-1.95,11.2,0
72,PlayerServeHold,None,1,0,52,0.2401,2.535,-16.75,2.3702,0.3677,-11.9535,0,Serve prepare 0.00,0,9,Drive,96.8172,59.9312,2.6386,0.754,-12.4322,0,1,1,Ready,0,9,16.0046,8.7046,0.2523,0,Missed,,2.35,-12.35,-1.95,11.2,0
73,PlayerServeHold,None,1,0,52,0.2409,2.535,-16.75,2.3702,0.3295,-11.9535,0,Serve prepare 0.00,0,9,Drive,96.9062,60.0835,2.638,0.7537,-12.4335,0,1,1,Ready,0,9,16.33,8.66,0.4224,0,Missed,,2.35,-12.35,-1.95,11.2,0
74,PlayerServeHold,None,1,0,52,0.2416,2.535,-16.75,2.3702,0.2511,-11.9535,0,Serve prepare 0.00,0,9,Drive,96.9933,60.229,2.6374,0.7534,-12.4349,0,1,1,Ready,0,9,16.6424,8.6725,0.6229,0,Missed,,2.35,-12.35,-1.95,11.2,0
75,PlayerServeHold,None,1,0,52,0.2422,2.535,-16.75,2.3702,0.2109,-11.9535,0,Serve prepare 0.00,0,9,Drive,97.0796,60.3735,2.6369,0.7551,-12.4363,0,1,1,Ready,0,9,16.9598,8.7139,0.5226,0,Missed,,2.35,-12.35,-1.95,11.2,0
76,PlayerServeHold,None,1,0,52,0.2428,2.535,-16.75,2.3702,0.1397,-11.9535,0,Serve prepare 0.00,0,9,Drive,97.1652,60.518,2.6364,0.7548,-12.4377,0,1,1,Ready,0,9,17.3059,8.7449,0.1849,0,Missed,,2.35,-12.35,-1.95,11.2,0
77,PlayerServeHold,None,1,0,52,0.2434,2.535,-16.75,2.3702,0.1685,-11.9535,0,Serve prepare 0.00,0,9,Drive,97.25,60.662,2.636,0.7545,-12.4391,0,1,1,Ready,0,9,17.6435,8.8484,0.0741,0,Missed,,2.35,-12.35,-1.95,11.2,0
78,PlayerServeHold,None,1,0,52,0.2439,2.535,-16.75,2.3702,0.2241,-11.9535,0,Serve prepare 0.00,0,9,Drive,97.3339,60.8051,2.6355,0.7542,-12.4405,0,1,1,Ready,0,9,17.9524,9.1255,0.2407,0,Missed,,2.35,-12.35,-1.95,11.2,0
79,PlayerServeHold,None,1,0,52,0.2443,2.535,-16.75,2.3702,0.2509,-11.9535,0,Serve prepare 0.00,0,9,Drive,97.4181,60.9449,2.6351,0.7538,-12.4419,0,1,1,Ready,0,9,18.2116,9.4696,0.229,0,Missed,,2.35,-12.35,-1.95,11.2,0
80,PlayerServeHold,None,1,0,52,0.2448,2.535,-16.75,2.3702,0.3024,-11.9535,0,Serve prepare 0.00,0,9,Drive,97.5014,61.0863,2.6346,0.7535,-12.4432,0,1,1,Ready,0,9,18.3894,9.8016,0.0475,0,Missed,,2.35,-12.35,-1.95,11.2,0
81,PlayerServeHold,None,1,0,52,0.2452,2.535,-16.75,2.3702,0.3272,-11.9535,0,Serve prepare 0.00,0,9,Drive,97.5829,61.2236,2.6342,0.7532,-12.4445,0,1,1,Ready,0,9,18.5013,10.1521,0.1314,0,Missed,,2.35,-12.35,-1.95,11.2,0
82,PlayerServeHold,None,1,0,52,0.2455,2.535,-16.75,2.3702,0.3746,-11.9535,0,Serve prepare 0.00,0,9,Drive,97.6629,61.359,2.6337,0.7529,-12.4458,0,1,1,Ready,0,9,18.5419,10.5542,0.1331,0,Missed,,2.35,-12.35,-1.95,11.2,0
83,PlayerServeHold,None,1,0,52,0.2459,2.535,-16.75,2.3702,0.3973,-11.9535,0,Serve prepare 0.00,0,9,Drive,97.7416,61.492,2.6333,0.7526,-12.4471,0,1,1,Ready,0,9,18.5404,10.9168,0.1102,0,Missed,,2.35,-12.35,-1.95,11.2,0
84,PlayerServeHold,None,1,0,52,0.2462,2.535,-16.75,2.3702,0.4407,-11.9535,0,Serve prepare 0.00,0,9,Drive,97.8187,61.6225,2.6328,0.7523,-12.4483,0,1,1,Ready,0,9,18.511,11.1483,0.0308,0,Missed,,2.35,-12.35,-1.95,11.2,0
85,PlayerServeHold,None,1,0,52,0.2465,2.535,-16.75,2.3702,0.4614,-11.9535,0,Serve prepare 0.00,0,9,Drive,97.8941,61.75,2.6323,0.752,-12.4495,0,1,1,Ready,0,9,18.4889,11.2977,0.0129,0,Missed,,2.35,-12.35,-1.95,11.2,0
86,PlayerServeHold,None,1,0,52,0.2468,2.535,-16.75,2.3702,0.5006,-11.9535,0,Serve prepare 0.00,0,9,Drive,97.9706,61.8707,2.6319,0.7518,-12.4506,0,1,1,Ready,0,9,18.5303,11.3867,0.0148,0,Missed,,2.35,-12.35,-1.95,11.2,0
87,PlayerServeHold,None,1,0,52,0.247,2.535,-16.75,2.3702,0.5192,-11.9535,0,Serve prepare 0.00,0,9,Drive,98.0471,61.9939,2.6314,0.7515,-12.4517,0,1,1,Ready,0,9,18.5792,11.4014,0.0133,0,Missed,,2.35,-12.35,-1.95,11.2,0
88,PlayerServeHold,None,1,0,52,0.2472,2.535,-16.75,2.3702,0.5544,-11.9535,0,Serve prepare 0.00,0,9,Drive,98.1215,62.1157,2.6308,0.7513,-12.4527,0,1,1,Ready,0,9,18.6069,11.3226,0.0151,0,Missed,,2.35,-12.35,-1.95,11.2,0
89,PlayerServeHold,None,1,0,52,0.2475,2.535,-16.75,2.3702,0.571,-11.9535,0,Serve prepare 0.00,0,9,Drive,98.194,62.234,2.6302,0.751,-12.4537,0,1,1,Ready,0,9,18.5948,11.1898,0.0161,0,Missed,,2.35,-12.35,-1.95,11.2,0
90,PlayerServeHold,None,1,0,52,0.2477,2.535,-16.75,2.3702,0.6021,-11.9535,0,Serve prepare 0.00,0,9,Drive,98.2645,62.3488,2.6295,0.7507,-12.4547,0,1,1,Ready,0,9,18.498,11.0281,0.0062,0,Missed,,2.35,-12.35,-1.95,11.2,0
91,PlayerServeHold,None,1,0,52,0.2478,2.535,-16.75,2.3702,0.6166,-11.9535,0,Serve prepare 0.00,0,9,Drive,98.3329,62.46,2.6288,0.7503,-12.4558,0,1,1,Ready,0,9,18.3723,10.8545,0.0057,0,Missed,,2.35,-12.35,-1.95,11.2,0
92,PlayerServeHold,None,1,0,52,0.248,2.535,-16.75,2.3702,0.6436,-11.9535,0,Serve prepare 0.00,0,9,Drive,98.3992,62.5678,2.6281,0.75,-12.4568,0,1,1,Ready,0,9,18.2461,10.6924,0.0122,0,Missed,,2.35,-12.35,-1.95,11.2,0
93,PlayerServeHold,None,1,0,52,0.2482,2.535,-16.75,2.3702,0.6561,-11.9535,0,Serve prepare 0.00,0,9,Drive,98.4634,62.672,2.6274,0.7496,-12.4578,0,1,1,Ready,0,9,18.1503,10.5431,0.0152,0,Missed,,2.35,-12.35,-1.95,11.2,0
94,PlayerServeHold,None,1,0,52,0.2483,2.535,-16.75,2.3702,0.679,-11.9535,0,Serve prepare 0.00,0,9,Drive,98.5253,62.7726,2.6268,0.7492,-12.4588,0,1,1,Ready,0,9,18.11,10.4078,0.0201,0,Missed,,2.35,-12.35,-1.95,11.2,0
95,PlayerServeHold,None,1,0,52,0.2484,2.535,-16.75,2.3702,0.6895,-11.9535,0,Serve prepare 0.00,0,9,Drive,98.5853,62.869,2.6263,0.7489,-12.4598,0,1,1,Ready,0,9,18.1663,10.3089,0.0133,0,Missed,,2.35,-12.35,-1.95,11.2,0
96,PlayerServeHold,None,1,0,52,0.2485,2.535,-16.75,2.3702,0.7083,-11.9535,0,Serve prepare 0.00,0,9,Drive,98.6429,62.966,2.6259,0.7486,-12.4607,0,1,1,Ready,0,9,18.4073,10.2768,0.012,0,Missed,,2.35,-12.35,-1.95,11.2,0
97,PlayerServeHold,None,1,0,52,0.2487,2.535,-16.75,2.3702,0.7167,-11.9535,0,Serve prepare 0.00,0,9,Drive,98.698,63.0568,2.6255,0.7483,-12.4617,0,1,1,Ready,0,9,18.7064,10.285,0.0174,0,Missed,,2.35,-12.35,-1.95,11.2,0
98,PlayerServeHold,None,1,0,52,0.2488,2.535,-16.75,2.3702,0.7315,-11.9535,0,Serve prepare 0.00,0,9,Drive,98.7506,63.1438,2.6252,0.748,-12.4626,0,1,1,Ready,0,9,18.966,10.3138,0.0093,0,Missed,,2.35,-12.35,-1.95,11.2,0
99,PlayerServeHold,None,1,0,52,0.2489,2.535,-16.75,2.3702,0.7378,-11.9535,0,Serve prepare 0.00,0,9,Drive,98.8007,63.2271,2.625,0.7478,-12.4635,0,1,1,Ready,0,9,19.2031,10.3764,0.0074,0,Missed,,2.35,-12.35,-1.95,11.2,0
100,PlayerServeHold,None,1,0,52,0.2489,2.535,-16.75,2.3702,0.7485,-11.9535,0,Serve prepare 0.00,0,9,Drive,98.8483,63.3063,2.6248,0.7476,-12.4643,0,1,1,Ready,0,9,19.3897,10.4755,0.0166,0,Missed,,2.35,-12.35,-1.95,11.2,0
101,PlayerServeHold,None,1,0,52,0.249,2.535,-16.75,2.3702,0.7528,-11.9535,0,Serve prepare 0.00,0,9,Drive,98.8934,63.3817,2.6247,0.7474,-12.465,0,1,1,Ready,0,9,19.5646,10.6209,0.018,0,Missed,,2.35,-12.35,-1.95,11.2,0
102,PlayerServeHold,None,1,0,52,0.2491,2.535,-16.75,2.3702,0.7594,-11.9535,0,Serve prepare 0.00,0,9,Drive,98.9358,63.453,2.6246,0.7473,-12.4657,0,1,1,Ready,0,9,19.7555,10.8309,0.0116,0,Missed,,2.35,-12.35,-1.95,11.2,0
103,PlayerServeHold,None,1,0,52,0.2492,2.535,-16.75,2.3702,0.7616,-11.9535,0,Serve prepare 0.00,0,9,Drive,98.9756,63.5199,2.6246,0.7472,-12.4663,0,1,1,Ready,0,9,19.9633,11.0803,0.0099,0,Missed,,2.35,-12.35,-1.95,11.2,0
104,PlayerServeHold,None,1,0,52,0.2492,2.535,-16.75,2.3702,0.7641,-11.9535,0,Serve prepare 0.00,0,9,Drive,99.0128,63.5827,2.6246,0.7471,-12.4669,0,1,1,Ready,0,9,20.206,11.3521,0.0097,0,Missed,,2.35,-12.35,-1.95,11.2,0
105,PlayerServeHold,None,1,0,52,0.2493,2.535,-16.75,2.3702,0.7644,-11.9535,0,Serve prepare 0.00,0,9,Drive,99.0472,63.6412,2.6246,0.747,-12.4674,0,1,1,Ready,0,9,20.4591,11.6433,0.0096,0,Missed,,2.35,-12.35,-1.95,11.2,0
106,PlayerServeHold,None,1,0,52,0.2493,2.535,-16.75,2.3702,0.7675,-11.9535,0,Serve prepare 0.00,0,9,Drive,99.0789,63.6952,2.6247,0.747,-12.4679,0,1,1,Ready,0,9,20.749,11.9694,0.0057,0,Missed,,2.35,-12.35,-1.95,11.2,0
107,PlayerServeHold,None,1,0,52,0.2494,2.535,-16.75,2.3702,0.7708,-11.9535,0,Serve prepare 0.00,0,9,Drive,99.1079,63.7446,2.6247,0.747,-12.4683,0,1,1,Ready,0,9,20.9425,12.2589,0.0081,0,Missed,,2.35,-12.35,-1.95,11.2,0
108,PlayerServeHold,None,1,0,52,0.2494,2.535,-16.75,2.3702,0.7804,-11.9535,0,Serve prepare 0.00,0,9,Drive,99.1334,63.7899,2.6248,0.747,-12.4686,0,1,1,Ready,0,9,20.9204,12.4491,0.0116,0,Missed,,2.35,-12.35,-1.95,11.2,0
109,PlayerServeHold,None,1,0,52,0.2495,2.535,-16.75,2.3702,0.7863,-11.9535,0,Serve prepare 0.00,0,9,Drive,99.1556,63.831,2.6249,0.7471,-12.4689,0,1,1,Ready,0,9,20.6866,12.5406,0.0136,0,Missed,,2.35,-12.35,-1.95,11.2,0
110,PlayerServeHold,None,1,0,52,0.2495,2.535,-16.75,2.3702,0.7999,-11.9535,0,Serve prepare 0.00,0,9,Drive,99.1752,63.8671,2.625,0.7471,-12.4692,0,1,1,Ready,0,9,20.1766,12.5203,0.0178,0,Missed,,2.35,-12.35,-1.95,11.2,0
111,PlayerServeHold,None,1,0,52,0.2496,2.535,-16.75,2.3702,0.8073,-11.9535,0,Serve prepare 0.00,0,9,Drive,99.192,63.8991,2.625,0.7471,-12.4694,0,1,1,Ready,0,9,19.4811,12.3666,0.0151,0,Missed,,2.35,-12.35,-1.95,11.2,0
112,PlayerServeHold,None,1,0,52,0.2496,2.535,-16.75,2.3702,0.8226,-11.9535,0,Serve prepare 0.00,0,9,Drive,99.2061,63.9261,2.6251,0.7472,-12.4695,0,1,1,Ready,0,9,18.6395,12.0461,0.0031,0,Missed,,2.35,-12.35,-1.95,11.2,0
113,PlayerServeHold,None,1,0,52,0.2496,2.535,-16.75,2.3702,0.8302,-11.9535,0,Serve prepare 0.00,0,9,Drive,99.2174,63.9479,2.6252,0.7472,-12.4697,0,1,1,Ready,0,9,17.7314,11.5846,0.0048,0,Missed,,2.35,-12.35,-1.95,11.2,0
114,PlayerServeHold,None,1,0,52,0.2497,2.535,-16.75,2.3702,0.8448,-11.9535,0,Serve prepare 0.00,0,9,Drive,99.2261,63.9645,2.6252,0.7473,-12.4698,0,1,1,Ready,0,9,16.817,10.9932,0.0176,0,Missed,,2.35,-12.35,-1.95,11.2,0
115,PlayerServeHold,None,1,0,52,0.2497,2.535,-16.75,2.3702,0.8515,-11.9535,0,Serve prepare 0.00,0,9,Drive,99.232,63.9756,2.6252,0.7473,-12.4698,0,1,1,Ready,0,9,15.9822,10.2802,0.2052,0,Missed,,2.35,-12.35,-1.95,11.2,0
116,PlayerServeHold,None,1,0,52,0.2497,2.535,-16.75,2.3702,0.863,-11.9535,0,Serve prepare 0.00,0,9,Drive,99.235,63.9817,2.6253,0.7473,-12.4699,0,1,1,Ready,0,9,15.3502,9.4421,0.2918,0,Missed,,2.35,-12.35,-1.95,11.2,0
117,PlayerServeHold,None,1,0,52,0.2497,2.535,-16.75,2.3702,0.8675,-11.9535,0,Serve prepare 0.00,0,9,Drive,99.2354,63.9823,2.6253,0.7473,-12.4699,0,1,1,Ready,0,9,14.8543,8.5244,0.3007,0,Missed,,2.35,-12.35,-1.95,11.2,0
118,PlayerServeHold,None,1,0,52,0.2498,2.535,-16.75,2.3702,0.8736,-11.9535,0,Serve prepare 0.00,0,9,Drive,99.2329,63.9776,2.6252,0.7473,-12.4698,0,1,1,Ready,0,9,14.4751,7.5617,0.2944,0,Missed,,2.35,-12.35,-1.95,11.2,0
119,PlayerServeHold,None,1,0,52,0.2498,2.535,-16.75,2.3702,0.8749,-11.9535,0,Serve prepare 0.00,0,9,Drive,99.2277,63.9676,2.6252,0.7473,-12.4698,0,1,1,Ready,0,9,14.2001,6.5776,0.1599,0,Missed,,2.35,-12.35,-1.95,11.2,0
120,PlayerServeHold,None,1,0,52,0.2498,2.535,-16.75,2.3702,0.8575,-11.9535,0,Serve prepare 0.00,0,9,Drive,99.2198,63.9523,2.6252,0.7472,-12.4697,0,1,1,Ready,0,9,14.0303,5.5964,0.1549,0,Missed,,2.35,-12.35,-1.95,11.2,0
121,PlayerServeHold,None,1,0,52,0.2498,2.535,-16.75,2.3702,0.8464,-11.9535,0,Serve prepare 0.00,0,9,Drive,99.209,63.9317,2.6251,0.7472,-12.4696,0,1,1,Ready,0,9,13.9083,4.6478,0.2889,0,Missed,,2.35,-12.35,-1.95,11.2,0
122,PlayerServeHold,None,1,0,52,0.2498,2.535,-16.75,2.3702,0.8242,-11.9535,0,Serve prepare 0.00,0,9,Drive,99.1956,63.9059,2.625,0.7472,-12.4694,0,1,1,Ready,0,9,13.7776,3.7706,0.3516,0,Missed,,2.35,-12.35,-1.95,11.2,0
123,PlayerServeHold,None,1,0,52,0.2498,2.535,-16.75,2.3702,0.8131,-11.9535,0,Serve prepare 0.00,0,9,Drive,99.1794,63.875,2.625,0.7471,-12.4692,0,1,1,Ready,0,9,13.6459,2.9577,0.3127,0,Missed,,2.35,-12.35,-1.95,11.2,0
124,PlayerServeHold,None,1,0,52,0.2498,2.535,-16.75,2.3702,0.784,-11.9535,0,Serve prepare 0.00,0,9,Drive,99.1605,63.8399,2.6249,0.7471,-12.469,0,1,1,Ready,0,9,13.4988,2.2323,0.1048,0,Missed,,2.35,-12.35,-1.95,11.2,0
125,PlayerServeHold,None,1,0,52,0.2499,2.535,-16.75,2.3702,0.7542,-11.9535,0,Serve prepare 0.00,0,9,Drive,99.1389,63.8,2.6248,0.7471,-12.4687,0,1,1,Ready,0,9,13.343,1.5452,0.0424,0,Missed,,2.35,-12.35,-1.95,11.2,0
126,PlayerServeHold,None,1,0,52,0.2499,2.535,-16.75,2.3702,0.6927,-11.9535,0,Serve prepare 0.00,0,9,Drive,99.1143,63.7556,2.6247,0.747,-12.4684,0,1,1,Ready,0,9,12.9098,1.3256,0.2462,0,Missed,,2.35,-12.35,-1.95,11.2,0
127,PlayerServeHold,None,1,0,52,0.2499,2.535,-16.75,2.3702,0.6609,-11.9535,0,Serve prepare 0.00,0,9,Drive,99.086,63.7072,2.6247,0.747,-12.468,0,1,1,Ready,0,9,12.2732,0.9999,0.1557,0,Missed,,2.35,-12.35,-1.95,11.2,0
128,PlayerServeHold,None,1,0,52,0.2499,2.535,-16.75,2.3702,0.5952,-11.9535,0,Serve prepare 0.00,0,9,Drive,99.0549,63.6543,2.6246,0.747,-12.4675,0,1,1,Ready,0,9,11.0911,0.3906,0.1661,0,Missed,,2.35,-12.35,-1.95,11.2,0
129,PlayerServeHold,None,1,0,52,0.2499,2.535,-16.75,2.3702,0.5614,-11.9535,0,Serve prepare 0.00,0,9,Drive,99.0211,63.5969,2.6246,0.7471,-12.467,0,1,1,Ready,0,9,9.629,-0.367,0.261,0,Missed,,2.35,-12.35,-1.95,11.2,0
130,PlayerServeHold,None,1,0,52,0.2499,2.535,-16.75,2.3702,0.4916,-11.9535,0,Serve prepare 0.00,0,9,Drive,98.9846,63.5352,2.6246,0.7471,-12.4665,0,1,1,Ready,0,9,7.9235,-1.2272,0.2273,0,Missed,,2.35,-12.35,-1.95,11.2,0
131,PlayerServeHold,None,1,0,52,0.2499,2.535,-16.75,2.3702,0.4557,-11.9535,0,Serve prepare 0.00,0,9,Drive,98.9454,63.4691,2.6246,0.7472,-12.4659,0,1,1,Ready,0,9,6.2947,-2.1138,0.1969,0,Missed,,2.35,-12.35,-1.95,11.2,0
132,PlayerServeHold,None,1,0,52,0.2499,2.535,-16.75,2.3702,0.3819,-11.9535,0,Serve prepare 0.00,0,9,Drive,98.9036,63.3989,2.6247,0.7474,-12.4652,0,1,1,Ready,0,9,5.0544,-2.998,0.1172,0,Missed,,2.35,-12.35,-1.95,11.2,0
133,PlayerServeHold,None,1,0,52,0.2499,2.535,-16.75,2.3702,0.3439,-11.9535,0,Serve prepare 0.00,0,9,Drive,98.8591,63.3245,2.6248,0.7475,-12.4644,0,1,1,Ready,0,9,4.2103,-3.705,0.1364,0,Missed,,2.35,-12.35,-1.95,11.2,0
134,PlayerServeHold,None,1,0,52,0.2499,2.535,-16.75,2.3702,0.266,-11.9535,0,Serve prepare 0.00,0,9,Drive,98.8121,63.246,2.6249,0.7477,-12.4636,0,1,1,Ready,0,9,3.9395,-4.0664,0.2226,0,Missed,,2.35,-12.35,-1.95,11.2,0
135,PlayerServeHold,None,1,0,52,0.2499,2.535,-16.75,2.3702,0.226,-11.9535,0,Serve prepare 0.00,0,9,Drive,98.7626,63.1638,2.6251,0.7479,-12.4628,0,1,1,Ready,0,9,4.0307,-4.0601,0.2767,0,Missed,,2.35,-12.35,-1.95,11.2,0
136,PlayerServeHold,None,1,0,52,0.2499,2.535,-16.75,2.3702,0.144,-11.9535,0,Serve prepare 0.00,0,9,Drive,98.7106,63.0776,2.6254,0.7482,-12.4619,0,1,1,Ready,0,9,4.3887,-3.5521,0,0,Missed,,2.35,-12.35,-1.95,11.2,0
137,PlayerServeHold,None,1,0,52,0.2499,2.535,-16.75,2.3702,0.1577,-11.9535,0,Serve prepare 0.00,0,9,Drive,98.6561,62.9877,2.6258,0.7485,-12.461,0,1,1,Ready,0,9,4.8666,-2.7222,0,0,Missed,,2.35,-12.35,-1.95,11.2,0
138,PlayerServeHold,None,1,0,52,0.2499,2.535,-16.75,2.3702,0.2139,-11.9535,0,Serve prepare 0.00,0,9,Drive,98.5991,62.8922,2.6262,0.7488,-12.46,0,1,1,Ready,0,9,5.2831,-1.644,0,0,Missed,,2.35,-12.35,-1.95,11.2,0
139,PlayerServeHold,None,1,0,52,0.25,2.535,-16.75,2.3702,0.2409,-11.9535,0,Serve prepare 0.00,0,9,Drive,98.5396,62.7955,2.6267,0.7492,-12.459,0,1,1,Ready,0,9,5.6727,-0.483,0,0,Missed,,2.35,-12.35,-1.95,11.2,0
140,PlayerServeHold,None,1,0,52,0.25,2.535,-16.75,2.3702,0.293,-11.9535,0,Serve prepare 0.00,0,9,Drive,98.4781,62.696,2.6273,0.7495,-12.458,0,1,1,Ready,0,9,6.0095,0.5883,0,0,Missed,,2.35,-12.35,-1.95,11.2,0
141,PlayerServeHold,None,1,0,52,0.25,2.535,-16.75,2.3702,0.318,-11.9535,0,Serve prepare 0.00,0,9,Drive,98.4145,62.5927,2.6279,0.7499,-12.457,0,1,1,Ready,0,9,6.2962,1.5434,0,0,Missed,,2.35,-12.35,-1.95,11.2,0
142,PlayerServeHold,None,1,0,52,0.25,2.535,-16.75,2.3702,0.3659,-11.9535,0,Serve prepare 0.00,0,9,Drive,98.3487,62.4857,2.6286,0.7502,-12.456,0,1,1,Ready,0,9,6.5265,2.2935,0,0,Missed,,2.35,-12.35,-1.95,11.2,0
143,PlayerServeHold,None,1,0,52,0.25,2.535,-16.75,2.3702,0.3889,-11.9535,0,Serve prepare 0.00,0,9,Drive,98.2808,62.3753,2.6293,0.7506,-12.455,0,1,1,Ready,0,9,6.7015,2.8664,0,0,Missed,,2.35,-12.35,-1.95,11.2,0
144,PlayerServeHold,None,1,0,52,0.25,2.535,-16.75,2.3702,0.4328,-11.9535,0,Serve prepare 0.00,0,9,Drive,98.2108,62.2613,2.63,0.7509,-12.454,0,1,1,Ready,0,9,6.8356,3.2527,0,0,Missed,,2.35,-12.35,-1.95,11.2,0
145,PlayerServeHold,None,1,0,52,0.25,2.535,-16.75,2.3702,0.4537,-11.9535,0,Serve prepare 0.00,0,9,Drive,98.1388,62.1439,2.6307,0.7512,-12.453,0,1,1,Ready,0,9,6.8778,3.4768,0,0,Missed,,2.35,-12.35,-1.95,11.2,0
146,PlayerServeHold,None,1,0,52,0.25,2.535,-16.75,2.3702,0.4935,-11.9535,0,Serve prepare 0.00,0,9,Drive,98.0648,62.0229,2.6313,0.7515,-12.4519,0,1,1,Ready,0,9,6.7251,3.5525,0,0,Missed,,2.35,-12.35,-1.95,11.2,0
147,PlayerServeHold,None,1,0,52,0.25,2.535,-16.75,2.3702,0.5123,-11.9535,0,Serve prepare 0.00,0,9,Drive,97.9888,61.8989,2.6318,0.7517,-12.4508,0,1,1,Ready,0,9,6.5539,3.5009,0.2256,0,Missed,,2.35,-12.35,-1.95,11.2,0
148,PlayerServeHold,None,1,0,52,0.25,2.535,-16.75,2.3702,0.548,-11.9535,0,Serve prepare 0.00,0,9,Drive,97.9116,61.7796,2.6322,0.752,-12.4497,0,1,1,Ready,0,9,6.5278,3.2701,0.7171,0,Missed,,2.35,-12.35,-1.95,11.2,0
149,PlayerServeHold,None,1,0,52,0.25,2.535,-16.75,2.3702,0.5649,-11.9535,0,Serve prepare 0.00,0,9,Drive,97.8366,61.6527,2.6327,0.7522,-12.4486,0,1,1,Ready,0,9,6.5669,3.0952,0.7276,0,Missed,,2.35,-12.35,-1.95,11.2,0
150,PlayerServeHold,None,1,0,52,0.25,2.535,-16.75,2.3702,0.5965,-11.9535,0,Serve prepare 0.00,0,9,Drive,97.7599,61.523,2.6331,0.7525,-12.4474,0,1,1,Ready,0,9,6.634,3.2059,0.62,0,Missed,,2.35,-12.35,-1.95,11.2,0
151,PlayerServeHold,None,1,0,52,0.25,2.535,-16.75,2.3702,0.6112,-11.9535,0,Serve prepare 0.00,0,9,Drive,97.6816,61.3905,2.6336,0.7528,-12.4461,0,1,1,Ready,0,9,6.7674,3.5325,0.4818,0,Missed,,2.35,-12.35,-1.95,11.2,0
152,PlayerServeHold,None,1,0,52,0.25,2.535,-16.75,2.3702,0.6388,-11.9535,0,Serve prepare 0.00,0,9,Drive,97.6018,61.2557,2.634,0.7531,-12.4448,0,1,1,Ready,0,9,6.9785,4.0937,0.3448,0,Missed,,2.35,-12.35,-1.95,11.2,0
153,PlayerServeHold,None,1,0,52,0.25,2.535,-16.75,2.3702,0.6515,-11.9535,0,Serve prepare 0.00,0,9,Drive,97.5207,61.1188,2.6345,0.7534,-12.4435,0,1,1,Ready,0,9,7.3022,4.853,0.2575,0,Missed,,2.35,-12.35,-1.95,11.2,0
154,PlayerServeHold,None,1,0,52,0.25,2.535,-16.75,2.3702,0.6749,-11.9535,0,Serve prepare 0.00,0,9,Drive,97.4379,60.9786,2.6349,0.7537,-12.4422,0,1,1,Ready,0,9,7.7356,5.839,0.1005,0,Missed,,2.35,-12.35,-1.95,11.2,0
155,PlayerServeHold,None,1,0,52,0.25,2.535,-16.75,2.3702,0.6856,-11.9535,0,Serve prepare 0.00,0,9,Drive,97.3535,60.8386,2.6354,0.7541,-12.4408,0,1,1,Ready,0,9,8.405,6.876,0.1805,0,Missed,,2.35,-12.35,-1.95,11.2,0
156,PlayerServeHold,None,1,0,52,0.25,2.535,-16.75,2.3702,0.705,-11.9535,0,Serve prepare 0.00,0,9,Drive,97.2698,60.6958,2.6359,0.7544,-12.4394,0,1,1,Ready,0,9,9.5155,7.7841,0.1015,0,Missed,,2.35,-12.35,-1.95,11.2,0
157,PlayerServeHold,None,1,0,52,0.25,2.535,-16.75,2.3702,0.7136,-11.9535,0,Serve prepare 0.00,0,9,Drive,97.1852,60.552,2.6363,0.7547,-12.438,0,1,1,Ready,0,9,10.8051,8.635,0.2464,0,Missed,,2.35,-12.35,-1.95,11.2,0
158,PlayerServeHold,None,1,0,52,0.25,2.535,-16.75,2.3702,0.7289,-11.9535,0,Serve prepare 0.00,0,9,Drive,97.0998,60.4075,2.6368,0.755,-12.4366,0,1,1,Ready,0,9,12.174,9.4654,0.4785,0,Missed,,2.35,-12.35,-1.95,11.2,0
159,PlayerServeHold,None,1,0,52,0.25,2.535,-16.75,2.3702,0.7355,-11.9535,0,Serve prepare 0.00,0,9,Drive,97.0136,60.2631,2.6373,0.7533,-12.4352,0,1,1,Ready,0,9,13.3622,10.1966,0.4173,0,Missed,,2.35,-12.35,-1.95,11.2,0
160,PlayerServeHold,None,1,0,52,0.25,2.535,-16.75,2.3702,0.7467,-11.9535,0,Serve prepare 0.00,0,9,Drive,96.927,60.1186,2.6378,0.7536,-12.4338,0,1,1,Ready,0,9,14.0826,10.8107,0,0,Missed,,2.35,-12.35,-1.95,11.2,0
161,PlayerServeHold,None,1,0,52,0.25,2.535,-16.75,2.3702,0.7512,-11.9535,0,Serve prepare 0.00,0,9,Drive,96.8382,59.9672,2.6384,0.7539,-12.4325,0,1,1,Ready,0,9,14.3623,11.1693,0,0,Missed,,2.35,-12.35,-1.95,11.2,0
162,PlayerServeHold,None,1,0,52,0.25,2.535,-16.75,2.3702,0.7583,-11.9535,0,Serve prepare 0.00,0,9,Drive,96.7485,59.8134,2.639,0.7542,-12.4311,0,1,1,Ready,0,9,14.0488,11.1182,0,0,Missed,,2.35,-12.35,-1.95,11.2,0
163,PlayerServeHold,None,1,0,52,0.25,2.535,-16.75,2.3702,0.7608,-11.9535,0,Serve prepare 0.00,0,9,Drive,96.6581,59.6594,2.6397,0.7544,-12.4297,0,1,1,Ready,0,9,13.4061,10.7091,0,0,Missed,,2.35,-12.35,-1.95,11.2,0
164,PlayerServeHold,None,1,0,52,0.25,2.535,-16.75,2.3702,0.7638,-11.9535,0,Serve prepare 0.00,0,9,Drive,96.5672,59.5055,2.6404,0.7547,-12.4283,0,1,1,Ready,0,9,12.5855,9.8983,0,0,Missed,,2.35,-12.35,-1.95,11.2,0
165,PlayerServeHold,None,1,0,52,0.25,2.535,-16.75,2.3702,0.7643,-11.9535,0,Serve prepare 0.00,0,9,Drive,96.476,59.3519,2.641,0.7549,-12.4269,0,1,1,Ready,0,9,11.743,8.8179,6.8522,0,Missed,,2.35,-12.35,-1.95,11.2,0
166,PlayerServeHold,None,1,0,52,0.25,2.535,-16.75,2.3702,0.7665,-11.9535,0,Serve prepare 0.00,0,9,Drive,96.3845,59.1985,2.6417,0.7552,-12.4255,0,1,1,Ready,0,9,11.0943,7.5103,0.6661,0,Missed,,2.35,-12.35,-1.95,11.2,0
167,PlayerServeHold,None,1,0,52,0.25,2.535,-16.75,2.3702,0.7694,-11.9535,0,Serve prepare 0.00,0,9,Drive,96.2912,59.0429,2.6424,0.7554,-12.4242,0,1,1,Ready,0,9,10.5788,6.1863,2.6748,0,Missed,,2.35,-12.35,-1.95,11.2,0
168,PlayerServeHold,None,1,0,52,0.25,2.535,-16.75,2.3702,0.7783,-11.9535,0,Serve prepare 0.00,0,9,Drive,96.1978,58.8902,2.643,0.7557,-12.4228,0,1,1,Ready,0,9,10.1836,5.0399,0.6944,0,Missed,,2.35,-12.35,-1.95,11.2,0
169,PlayerServeHold,None,1,0,52,0.25,2.535,-16.75,2.3702,0.784,-11.9535,0,Serve prepare 0.00,0,9,Drive,96.1047,58.7375,2.6436,0.7559,-12.4214,0,1,1,Ready,0,9,9.9816,4.1324,0.664,0,Missed,,2.35,-12.35,-1.95,11.2,0
170,PlayerServeHold,None,1,0,52,0.25,2.535,-16.75,2.3702,0.7972,-11.9535,0,Serve prepare 0.00,0,9,Drive,96.0118,58.5853,2.6335,0.7441,-12.4327,0,1,1,Ready,0,9,10.0502,3.5988,0.4964,0,Missed,,2.35,-12.35,-1.95,11.2,0
171,PlayerServeHold,None,1,0,52,0.25,2.535,-16.75,2.3702,0.8045,-11.9535,0,Serve prepare 0.00,0,9,Drive,95.9194,58.4337,2.634,0.7444,-12.4313,0,1,1,Ready,0,9,10.3515,3.3945,0.1802,0,Missed,,2.35,-12.35,-1.95,11.2,0
172,PlayerServeHold,None,1,0,52,0.25,2.535,-16.75,2.3702,0.8197,-11.9535,0,Serve prepare 0.00,0,9,Drive,95.8275,58.2826,2.6345,0.7447,-12.4299,0,1,1,Ready,0,9,10.8625,3.5653,0.4284,0,Missed,,2.35,-12.35,-1.95,11.2,0
173,PlayerServeHold,None,1,0,52,0.25,2.535,-16.75,2.3702,0.8273,-11.9535,0,Serve prepare 0.00,0,9,Drive,95.733,58.1341,2.635,0.745,-12.4285,0,1,1,Ready,0,9,11.6199,3.9746,0.7022,0,Missed,,2.35,-12.35,-1.95,11.2,0
174,PlayerServeHold,None,1,0,52,0.25,2.535,-16.75,2.3702,0.8421,-11.9535,0,Serve prepare 0.00,0,9,Drive,95.6391,57.9933,2.6354,0.7453,-12.4271,0,1,1,Ready,0,9,12.7197,4.5102,0.7758,0,Missed,,2.35,-12.35,-1.95,11.2,0
175,PlayerServeHold,None,1,0,52,0.25,2.535,-16.75,2.3702,0.849,-11.9535,0,Serve prepare 0.00,0,9,Drive,95.5458,57.8536,2.6357,0.7457,-12.4257,0,1,1,Ready,0,9,13.9579,5.1665,0.7582,0,Missed,,2.35,-12.35,-1.95,11.2,0
176,PlayerServeHold,None,1,0,52,0.25,2.535,-16.75,2.3702,0.861,-11.9535,0,Serve prepare 0.00,0,9,Drive,95.4533,57.715,2.6359,0.7461,-12.4243,0,1,1,Ready,0,9,15.2127,5.8899,0.659,0,Missed,,2.35,-12.35,-1.95,11.2,0
177,PlayerServeHold,None,1,0,52,0.25,2.535,-16.75,2.3702,0.8659,-11.9535,0,Serve prepare 0.00,0,9,Drive,95.3616,57.5778,2.6362,0.7465,-12.423,0,1,1,Ready,0,9,16.3572,6.7203,0.5545,0,Missed,,2.35,-12.35,-1.95,11.2,0
178,PlayerServeHold,None,1,0,52,0.25,2.535,-16.75,2.3702,0.8728,-11.9535,0,Serve prepare 0.00,0,9,Drive,95.2706,57.442,2.6364,0.7469,-12.4216,0,1,1,Ready,0,9,17.2239,7.7068,0.4195,0,Missed,,2.35,-12.35,-1.95,11.2,0
179,PlayerServeHold,None,1,0,52,0.25,2.535,-16.75,2.3702,0.8746,-11.9535,0,Serve prepare 0.00,0,9,Drive,95.1785,57.3067,2.6367,0.7473,-12.4202,0,1,1,Ready,0,9,17.8358,8.7628,0.2839,0,Missed,,2.35,-12.35,-1.95,11.2,0
180,PlayerServeHold,None,1,0,52,0.25,2.535,-16.75,2.3702,0.875,-11.9535,0,Serve prepare 0.00,0,9,Drive,95.088,57.1765,2.6369,0.7477,-12.4189,0,1,1,Ready,0,9,18.1128,9.854,0.0335,0,Missed,,2.35,-12.35,-1.95,11.2,0
181,PlayerServeHold,None,1,0,52,0.25,2.535,-16.75,2.3702,0.875,-11.9535,0,Serve prepare 0.00,0,9,Drive,94.9984,57.0481,2.6372,0.748,-12.4175,0,1,1,Ready,0,9,18.2026,10.881,0.0769,0,Missed,,2.35,-12.35,-1.95,11.2,0
182,PlayerServeHold,None,1,0,52,0.25,2.535,-16.75,2.3702,0.875,-11.9535,0,Serve prepare 0.00,0,9,Drive,94.9095,56.9222,2.6374,0.7484,-12.4162,0,1,1,Ready,0,9,18.175,11.7516,0.0326,0,Missed,,2.35,-12.35,-1.95,11.2,0
183,PlayerServeHold,None,1,0,52,0.25,2.535,-16.75,2.3702,0.875,-11.9535,0,Serve prepare 0.00,0,9,Drive,94.8213,56.7989,2.6377,0.7487,-12.4149,0,1,1,Ready,0,9,18.1638,12.4227,0.0492,0,Missed,,2.35,-12.35,-1.95,11.2,0
184,PlayerServeHold,None,1,0,52,0.25,2.535,-16.75,2.3702,0.875,-11.9535,0,Serve prepare 0.00,0,9,Drive,94.7339,56.6785,2.6381,0.749,-12.4136,0,1,1,Ready,0,9,18.366,12.7773,0.0395,0,Missed,,2.35,-12.35,-1.95,11.2,0
185,PlayerServeHold,None,1,0,52,0.25,2.535,-16.75,2.3702,0.875,-11.9535,0,Serve prepare 0.00,0,9,Drive,94.6465,56.5553,2.6127,0.7492,-12.4042,0,1,1,Ready,0,9,18.6363,12.9561,0.0402,0,Missed,,2.35,-12.35,-1.95,11.2,0
186,PlayerServeHold,None,1,0,52,0.25,2.535,-16.75,2.3702,0.875,-11.9535,0,Serve prepare 0.00,0,9,Drive,94.5615,56.4371,2.6132,0.7494,-12.403,0,1,1,Ready,0,9,18.9376,13.0638,0.0175,0,Missed,,2.35,-12.35,-1.95,11.2,0
187,PlayerServeHold,None,1,0,52,0.25,2.535,-16.75,2.3702,0.875,-11.9535,0,Serve prepare 0.00,0,9,Drive,94.4782,56.321,2.6137,0.7496,-12.4018,0,1,1,Ready,0,9,19.1557,13.0749,0.0837,0,Missed,,2.35,-12.35,-1.95,11.2,0
188,PlayerServeHold,None,1,0,52,0.25,2.535,-16.75,2.3702,0.875,-11.9535,0,Serve prepare 0.00,0,9,Drive,94.3963,56.2079,2.6142,0.7498,-12.4006,0,1,1,Ready,0,9,19.173,13.0044,0.2344,0,Missed,,2.35,-12.35,-1.95,11.2,0
189,PlayerServeHold,None,1,0,52,0.25,2.535,-16.75,2.3702,0.875,-11.9535,0,Serve prepare 0.00,0,9,Drive,94.3155,56.0975,2.6147,0.75,-12.3995,0,1,1,Ready,0,9,18.9807,12.8367,0.1348,0,Missed,,2.35,-12.35,-1.95,11.2,0
190,PlayerServeHold,None,1,0,52,0.25,2.535,-16.75,2.3704,0.8754,-11.9536,0,Serve prepare 0.00,0,9,Drive,94.2361,55.9899,2.6152,0.7501,-12.3983,0,1,1,Ready,0,9,18.4895,12.5625,0.1478,0,Missed,,2.35,-12.35,-1.95,11.2,0
191,PlayerServeHold,None,1,0,52,0.25,2.535,-16.75,2.3709,0.8764,-11.954,0,Serve prepare 0.00,0,9,Drive,94.158,55.8827,2.6157,0.7503,-12.3972,0,1,1,Ready,0,9,17.8306,12.1802,0.2501,0,Missed,,2.35,-12.35,-1.95,11.2,0
192,PlayerServeHold,None,1,0,52,0.25,2.535,-16.75,2.3735,0.8806,-11.9553,0,Serve prepare 0.01,0,9,Drive,96.3407,59.09,2.6423,0.7554,-12.4244,0,1,1,Ready,0,9,17.0627,11.6646,0.5275,0,Missed,,2.35,-12.35,-1.95,11.2,0
193,PlayerServeHold,None,1,0,52,0.25,2.535,-16.75,2.3759,0.8837,-11.9563,0,Serve prepare 0.02,0,9,Drive,97.3821,60.7746,2.6359,0.7546,-12.4394,0,1,1,Ready,0,9,16.2996,11.0796,0.4972,0,Missed,,2.35,-12.35,-1.95,11.2,0
194,PlayerServeHold,None,1,0,52,0.25,2.535,-16.75,2.3804,0.8916,-11.9587,0,Serve prepare 0.03,0,9,Drive,97.9112,61.6313,2.6331,0.7527,-12.4474,0,1,1,Ready,0,9,15.6614,10.4482,0.2117,0,Missed,,2.35,-12.35,-1.95,11.2,0
195,PlayerServeHold,None,1,0,52,0.25,2.535,-16.75,2.3837,0.8964,-11.9603,0,Serve prepare 0.04,0,9,Drive,99.0199,63.38,2.6249,0.7483,-12.4633,0,1,1,Ready,0,9,15.1686,9.8598,0.1825,0,Missed,,2.35,-12.35,-1.95,11.2,0
196,PlayerServeHold,None,1,0,52,0.25,2.535,-16.75,2.3899,0.9076,-11.9638,0,Serve prepare 0.05,0,9,Drive,99.5802,64.3009,2.6243,0.7472,-12.4713,0,1,1,Ready,0,9,14.8917,9.4179,0.2317,0,Missed,,2.35,-12.35,-1.95,11.2,0
197,PlayerServeHold,None,1,0,52,0.25,2.535,-16.75,2.394,0.9139,-11.9659,0,Serve prepare 0.06,0,9,Drive,100.6578,66.2737,2.637,0.7431,-12.4995,0,1,1,Ready,0,9,14.7922,9.0888,0.2831,0,Missed,,2.35,-12.35,-1.95,11.2,0
198,PlayerServeHold,None,1,0,52,0.25,2.535,-16.75,2.4018,0.928,-11.9703,0,Serve prepare 0.07,0,9,Drive,101.2058,67.3373,2.6182,0.7423,-12.4971,0,1,1,Ready,0,9,14.8765,8.8832,0.3479,0,Missed,,2.35,-12.35,-1.95,11.2,0
199,PlayerServeHold,None,1,0,52,0.25,2.535,-16.75,2.4065,0.9357,-11.9728,0,Serve prepare 0.08,0,9,Drive,102.3891,69.5,2.6309,0.7379,-12.5275,0,1,1,Ready,0,9,15.0819,8.7726,0.3063,0,Missed,,2.35,-12.35,-1.95,11.2,0
200,PlayerServeHold,None,1,0,52,0.25,2.535,-16.75,2.4155,0.9522,-11.9781,0,Serve prepare 0.09,0,9,Drive,103.0368,70.5448,2.6266,0.7361,-12.5356,0,1,1,Ready,0,9,15.3604,8.7551,0.22,0,Missed,,2.35,-12.35,-1.95,11.2,0
201,PlayerServeHold,None,1,0,52,0.25,2.535,-16.75,2.4208,0.961,-11.9809,0,Serve prepare 0.10,0,9,Drive,104.3762,72.7518,2.618,0.7332,-12.5527,0,1,1,Ready,0,9,15.6826,8.7637,0.1218,0,Missed,,2.35,-12.35,-1.95,11.2,0
202,PlayerServeHold,None,1,0,52,0.25,2.535,-16.75,2.4308,0.9794,-11.9868,0,Serve prepare 0.11,0,9,Drive,105.0638,73.8935,2.5923,0.7321,-12.5457,0,1,1,Ready,0,9,16.0046,8.7116,0.2523,0,Missed,,2.35,-12.35,-1.95,11.2,0
203,PlayerServeHold,None,1,0,52,0.25,2.535,-16.75,2.4366,0.9891,-11.99,0,Serve prepare 0.12,0,9,Drive,106.581,75.9788,2.6198,0.7397,-12.5689,0.0675,1,1,Ready,0,9,16.33,8.6689,0.4224,0,Missed,,2.35,-12.35,-1.95,11.2,0
204,PlayerServeHold,None,1,0,52,0.25,2.535,-16.75,2.4474,1.0091,-11.9965,0,Serve prepare 0.13,0,9,Drive,107.3248,77.1314,2.6151,0.7372,-12.5777,0.0265,1,1,Ready,0,9,16.6424,8.6834,0.6229,0,Missed,,2.35,-12.35,-1.95,11.2,0
205,PlayerServeHold,None,1,0,52,0.25,2.535,-16.75,2.4534,1.0194,-11.9999,0,Serve prepare 0.14,0,9,Drive,108.7334,79.9046,2.6038,0.7323,-12.5983,0.041,1,1,Ready,0,9,16.9598,8.7268,0.5226,0,Missed,,2.35,-12.35,-1.95,11.2,0
206,PlayerServeHold,None,1,0,52,0.25,2.535,-16.75,2.4648,1.0405,-12.0068,0,Serve prepare 0.15,0,9,Drive,109.4675,81.3469,2.593,0.7247,-12.6157,0.0155,1,1,Ready,0,9,17.3059,8.7601,0.1849,0,Missed,,2.35,-12.35,-1.95,11.2,0
207,PlayerServeHold,None,1,0,52,0.25,2.535,-16.75,2.471,1.0513,-12.0104,0,Serve prepare 0.16,0,9,Drive,110.9808,84.5157,2.6058,0.7314,-12.6424,0.0317,1,1,Ready,0,9,17.6435,8.866,0.0741,0,Missed,,2.35,-12.35,-1.95,11.2,0
208,PlayerServeHold,None,1,0,52,0.25,2.535,-16.75,2.4827,1.073,-12.0175,0,Serve prepare 0.17,0,9,Drive,111.7266,86.2353,2.6136,0.7559,-12.6089,0.0212,1,1,Ready,0,9,17.9524,9.1462,0.2407,0,Missed,,2.35,-12.35,-1.95,11.2,0
209,PlayerServeHold,None,1,0,52,0.25,2.535,-16.75,2.489,1.084,-12.0213,0,Serve prepare 0.18,0,9,Drive,113.2198,89.635,2.5999,0.7503,-12.6261,0.0401,1,1,Ready,0,9,18.2116,9.4935,0.229,0,Missed,,2.35,-12.35,-1.95,11.2,0
210,PlayerServeHold,None,1,0,52,0.25,2.535,-16.75,2.5008,1.106,-12.0285,0,Serve prepare 0.19,0,9,Drive,113.9535,91.2839,2.6219,0.7779,-12.6137,0.0179,1,1,Ready,0,9,18.3894,9.8288,0.0475,0,Missed,,2.35,-12.35,-1.95,11.2,0
211,PlayerServeHold,None,1,0,52,0.25,2.535,-16.75,2.5071,1.117,-12.0323,0,Serve prepare 0.20,0,9,Drive,112.0389,93.487,2.6177,0.7701,-12.6383,0.5738,1,1,Ready,0,9,18.5013,10.1827,0.1314,0,Missed,,2.35,-12.35,-1.95,11.2,0
212,PlayerServeHold,None,1,0,52,0.25,2.535,-16.75,2.5187,1.1387,-12.0394,0,Serve prepare 0.21,0,9,Drive,112.7875,95.1351,2.6111,0.7679,-12.6478,0.0105,1,1,Ready,0,9,18.5419,10.5882,0.1332,0,Missed,,2.35,-12.35,-1.95,11.2,0
213,PlayerServeHold,None,1,0,52,0.25,2.535,-16.75,2.5249,1.1495,-12.0432,0,Serve prepare 0.22,0,9,Drive,114.26,98.3808,2.5831,0.7321,-12.7774,0.0198,1,1,Ready,0,9,18.5404,10.9541,0.1102,0,Missed,,2.35,-12.35,-1.95,11.2,0
214,PlayerServeHold,None,1,0,52,0.25,2.535,-16.75,2.5361,1.1706,-12.0503,0,Serve prepare 0.23,0,9,Drive,114.9921,99.9467,2.5534,0.7216,-12.7568,0.0105,1,1,Ready,0,9,18.511,11.1884,0.0308,0,Missed,,2.35,-12.35,-1.95,11.2,0
215,PlayerServeHold,None,1,0,52,0.25,2.535,-16.75,2.542,1.1809,-12.054,0,Serve prepare 0.24,0,9,Drive,116.3709,102.9362,2.5533,0.7317,-12.8026,0.0212,1,1,Ready,0,9,18.4889,11.3402,0.0129,0,Missed,,2.35,-12.35,-1.95,11.2,0
216,PlayerServeHold,None,1,0,52,0.25,2.535,-16.75,2.5527,1.2009,-12.0607,0,Serve prepare 0.25,0,9,Drive,116.9974,104.3503,2.5313,0.7239,-12.7961,0.0165,1,1,Ready,0,9,18.5303,11.4313,0.0148,0,Missed,,2.35,-12.35,-1.95,11.2,0
217,PlayerServeHold,None,1,0,52,0.25,2.535,-16.75,2.5582,1.2106,-12.0642,0,Serve prepare 0.26,0,9,Drive,118.0124,107.1628,2.5332,0.7339,-12.7857,0.0205,1,1,Ready,0,9,18.5792,11.4477,0.0133,0,Missed,,2.35,-12.35,-1.95,11.2,0
218,PlayerServeHold,None,1,0,52,0.25,2.535,-16.75,2.568,1.229,-12.0704,0,Serve prepare 0.27,0,9,Drive,119.6673,110.1283,2.517,0.7303,-12.7912,1.3791,1,1,Ready,0,9,18.6069,11.3702,0.0151,0,Missed,,2.35,-12.35,-1.95,11.2,0
219,PlayerServeHold,None,1,0,52,0.25,2.535,-16.75,2.5731,1.2378,-12.0737,0,Serve prepare 0.28,0,9,Drive,120.0534,112.619,2.5278,0.7455,-12.7944,0.312,1,1,Ready,0,9,18.5948,11.2381,0.0161,0,Missed,,2.35,-12.35,-1.95,11.2,0
220,PlayerServeHold,None,1,0,52,0.25,2.535,-16.75,2.5818,1.2543,-12.0793,0,Serve prepare 0.29,0,9,Drive,120.1091,113.7711,2.513,0.7394,-12.7965,0.1337,1,1,Ready,0,9,18.498,11.0771,0.0062,0,Missed,,2.35,-12.35,-1.95,11.2,0
221,PlayerServeHold,None,1,0,52,0.25,2.535,-16.75,2.5863,1.262,-12.0823,0,Serve prepare 0.30,0,9,Drive,120.0375,115.8858,2.466,0.7554,-12.9402,0.1159,1,1,Ready,0,9,18.3723,10.904,0.0057,0,Missed,,2.35,-12.35,-1.95,11.2,0
222,PlayerServeHold,None,1,0,52,0.25,2.535,-16.75,2.5938,1.2761,-12.0872,0,Serve prepare 0.31,0,9,Drive,119.9631,116.8651,2.5023,0.7388,-12.7791,0.0433,1,1,Ready,0,9,18.2461,10.7424,0.0122,0,Missed,,2.35,-12.35,-1.95,11.2,0
223,PlayerServeHold,None,1,0,52,0.25,2.535,-16.75,2.5975,1.2824,-12.0897,0,Serve prepare 0.32,0,9,Drive,119.6339,118.6044,2.4283,0.7427,-12.9429,0.1074,1,1,Ready,0,9,18.1503,10.5936,0.0152,0,Missed,,2.35,-12.35,-1.95,11.2,0
224,PlayerServeHold,None,1,0,52,0.25,2.535,-16.75,2.6035,1.2936,-12.0937,0,Serve prepare 0.33,0,9,Drive,119.3561,119.3851,2.3019,0.701,-12.9387,0.075,1,1,Ready,0,9,18.11,10.4589,0.0201,0,Missed,,2.35,-12.35,-1.95,11.2,0
225,PlayerServeHold,None,1,0,52,0.25,2.535,-16.75,2.6065,1.2984,-12.0958,0,Serve prepare 0.34,0,9,Drive,118.6315,120.9163,2.2786,0.6908,-12.9269,0.1719,1,1,Ready,0,9,18.1663,10.3607,0.0133,0,Missed,,2.35,-12.35,-1.95,11.2,0
226,PlayerServeHold,None,1,0,52,0.25,2.535,-16.75,2.6108,1.3063,-12.0986,0,Serve prepare 0.35,0,9,Drive,118.1688,121.7488,2.2683,0.6784,-12.9029,0.1076,1,1,Ready,0,9,18.4073,10.3294,0.012,0,Missed,,2.35,-12.35,-1.95,11.2,0
227,PlayerServeHold,None,1,0,52,0.25,2.535,-16.75,2.6128,1.3094,-12.1001,0,Serve prepare 0.36,0,9,Drive,119.6031,120.3561,2.2943,0.6984,-12.9221,0.4546,1,1,Ready,0,9,18.7064,10.3386,0.0174,0,Missed,,2.35,-12.35,-1.95,11.2,0
228,PlayerServeHold,None,1,0,52,0.25,2.535,-16.75,2.6152,1.3136,-12.1018,0,Serve prepare 0.37,0,9,Drive,119.2687,120.972,2.301,0.6969,-12.9198,0.0789,1,1,Ready,0,9,18.966,10.3684,0.0093,0,Missed,,2.35,-12.35,-1.95,11.2,0
229,PlayerServeHold,None,1,0,52,0.25,2.535,-16.75,2.6162,1.3146,-12.1026,0,Serve prepare 0.38,0,9,Drive,114.671,126.0212,2.2621,0.676,-12.9244,0.8388,1,1,Ready,0,9,19.2031,10.432,0.0074,0,Missed,,2.35,-12.35,-1.95,11.2,0
230,PlayerServeToss,Toss,1,0,48,1.8,0.455,-13.75,2.6166,1.315,-12.103,0,Serve prepare 0.39,0,9,Drive,113.7024,126.6877,2.2709,0.6793,-12.9322,0.0723,1,1,Ready,0,9,19.3897,10.532,0.0166,0,Missed,,2.35,-12.35,-1.95,11.2,-4
231,PlayerServeToss,Toss,1,0,48,1.8,0.455,-13.75,2.6143,1.3653,-12.1032,0,Serve prepare 0.40,0,9,Drive,111.6134,127.4686,2.2452,0.6865,-12.9553,0.1219,1,1,Ready,0,9,19.5646,10.6783,0.018,0,Missed,,2.35,-12.35,-1.95,11.2,0
232,PlayerServeToss,Toss,1,0,48,1.8,0.455,-13.75,2.6097,1.464,-12.1036,0,Serve prepare 0.40,0,9,Drive,111.6134,127.4685,2.2452,0.6865,-12.9553,0,1,1,Ready,0,9,19.7555,10.8893,0.0116,0,Missed,,2.35,-12.35,-1.95,11.2,0
233,PlayerServeToss,Toss,1,0,48,1.8,0.455,-13.75,2.6073,1.5123,-12.1039,0,Serve prepare 0.42,0,9,Drive,111.0274,127.7166,2.2349,0.6897,-12.9615,0.0188,1,1,Ready,0,9,19.9633,11.1394,0.0099,0,Missed,,2.35,-12.35,-1.95,11.2,0
234,PlayerServeToss,Toss,1,0,48,1.8,0.455,-13.75,2.6027,1.6068,-12.1043,0,Serve prepare 0.42,0,9,Drive,110.722,127.8206,2.2295,0.6917,-12.9645,0.0051,1,1,Ready,0,9,20.206,11.4117,0.0097,0,Missed,,2.35,-12.35,-1.95,11.2,0
235,PlayerServeToss,Toss,1,0,48,1.8,0.455,-13.75,2.6004,1.6531,-12.1045,0,Serve prepare 0.44,0,9,Drive,110.1707,128.0717,2.2177,0.6973,-12.9706,0.0556,1,1,Ready,0,9,20.4591,11.7033,0.0096,0,Missed,,2.35,-12.35,-1.95,11.2,0
236,PlayerServeToss,Toss,1,0,48,1.8,0.455,-13.75,2.5957,1.7436,-12.1049,0,Serve prepare 0.45,0,9,Drive,109.8867,128.1776,2.2115,0.7005,-12.9733,0.0564,1,1,Ready,0,9,20.749,12.0293,0.0057,0,Missed,,2.35,-12.35,-1.95,11.2,0
237,PlayerServeToss,Toss,1,0,48,1.8,0.455,-13.75,2.5934,1.7878,-12.1051,0,Serve prepare 0.46,0,9,Drive,109.3584,128.3801,2.199,0.7123,-12.9783,0.1202,1,1,Ready,0,9,20.9425,12.3182,0.0081,0,Missed,,2.35,-12.35,-1.95,11.2,0
238,PlayerServeToss,Toss,1,0,48,1.8,0.455,-13.75,2.5888,1.8742,-12.1056,0,Serve prepare 0.47,0,9,Drive,109.1048,128.4966,2.1927,0.7177,-12.9803,0.0496,1,1,Ready,0,9,20.9204,12.5072,0.0116,0,Missed,,2.35,-12.35,-1.95,11.2,0
239,PlayerServeToss,Toss,1,0,48,1.8,0.455,-13.75,2.5864,1.9163,-12.1058,0,Serve prepare 0.49,0,9,Drive,108.6468,128.7861,2.1802,0.7288,-12.9833,0.0467,1,1,Ready,0,9,20.6866,12.5968,0.0136,0,Missed,,2.35,-12.35,-1.95,11.2,0
240,PlayerServeToss,Toss,1,0,48,1.8,0.455,-13.75,2.5818,1.9986,-12.1062,0,Serve prepare 0.50,0,9,Drive,108.4429,128.9444,2.1741,0.7346,-12.9844,0.0444,1,1,Ready,0,9,20.1766,12.5742,0.0179,0,Missed,,2.35,-12.35,-1.95,11.2,0
241,PlayerServeToss,Toss,1,0,48,1.8,0.455,-13.75,2.5795,2.0388,-12.1064,0,Serve prepare 0.51,0,9,Drive,108.0328,129.2772,2.1618,0.7465,-12.9854,0.1411,1,1,Ready,0,9,19.4811,12.4177,0.0151,0,Missed,,2.35,-12.35,-1.95,11.2,0
242,PlayerServeToss,Toss,1,0,48,1.8,0.455,-13.75,2.5748,2.117,-12.1069,0,Serve prepare 0.52,0,9,Drive,107.8479,129.4567,2.1557,0.7528,-12.9855,0.0854,1,1,Ready,0,9,18.6395,12.0939,0.0031,0,Missed,,2.35,-12.35,-1.95,11.2,0
243,PlayerServeToss,Toss,1,0,48,1.8,0.455,-13.75,2.5725,2.1551,-12.1071,0,Serve prepare 0.54,0,9,Drive,107.4928,129.8553,2.1433,0.7656,-12.985,0.1665,1,1,Ready,0,9,17.7314,11.6289,0.0048,0,Missed,,2.35,-12.35,-1.95,11.2,0
244,PlayerServeToss,Toss,1,0,48,1.8,0.455,-13.75,2.5679,2.2292,-12.1075,0,Serve prepare 0.55,0,9,Drive,107.3523,130.0833,2.137,0.7726,-12.9846,0.0772,1,1,Ready,0,9,16.817,11.0337,0.0177,0,Missed,,2.35,-12.35,-1.95,11.2,0
245,PlayerServeToss,Toss,1,0,48,1.8,0.455,-13.75,2.5656,2.2652,-12.1077,0,Serve prepare 0.56,0,9,Drive,107.0514,130.5564,2.1244,0.7864,-12.9826,0.1369,1,1,Ready,0,9,15.9822,10.3168,0.2052,0,Missed,,2.35,-12.35,-1.95,11.2,0
246,PlayerServeToss,Toss,1,0,48,1.8,0.455,-13.75,2.5609,2.3352,-12.1081,0,Serve prepare 0.57,0,9,Drive,106.9172,130.8156,2.1181,0.7934,-12.9813,0.069,1,1,Ready,0,9,15.3502,9.4747,0.2918,0,Missed,,2.35,-12.35,-1.95,11.2,0
247,PlayerServeToss,Toss,1,0,48,1.8,0.455,-13.75,2.5586,2.3692,-12.1084,0,Serve prepare 0.59,0,9,Drive,106.6505,131.343,2.1057,0.8074,-12.9778,0.1194,1,1,Ready,0,9,14.8543,8.553,0.3007,0,Missed,,2.35,-12.35,-1.95,11.2,0
248,PlayerServeToss,Toss,1,0,48,1.8,0.455,-13.75,2.554,2.4352,-12.1088,0,Serve prepare 0.59,0,9,Drive,106.5303,131.6172,2.0996,0.8143,-12.9758,0.0507,1,1,Ready,0,9,14.4751,7.5862,0.2944,0,Missed,,2.35,-12.35,-1.95,11.2,0
249,PlayerServeToss,Toss,1,0,48,1.8,0.455,-13.75,2.5516,2.4671,-12.109,0,Serve prepare 0.61,0,9,Drive,106.3129,132.1324,2.0882,0.8277,-12.9715,0.0697,1,1,Ready,0,9,14.2001,6.5983,0.1599,0,Missed,,2.35,-12.35,-1.95,11.2,0
250,PlayerServeToss,Toss,1,0,48,1.8,0.455,-13.75,2.547,2.529,-12.1094,0,Serve prepare 0.62,0,9,Drive,106.2054,132.4069,2.0825,0.8344,-12.9692,0.0262,1,1,Ready,0,9,14.0303,5.6134,0.1549,0,Missed,,2.35,-12.35,-1.95,11.2,0
251,PlayerServeToss,Toss,1,0,48,1.8,0.455,-13.75,2.5447,2.5589,-12.1096,0,Serve prepare 0.63,0,9,Drive,106.0244,132.966,2.0711,0.8477,-12.964,0.0476,1,1,Ready,0,9,13.9083,4.6613,0.2889,0,Missed,,2.35,-12.35,-1.95,11.2,0
252,PlayerServeToss,Toss,1,0,48,1.8,0.455,-13.75,2.54,2.6167,-12.1101,0,Serve prepare 0.64,0,9,Drive,105.9311,133.2475,2.0655,0.8541,-12.9611,0.0235,1,1,Ready,0,9,13.7776,3.7811,0.3516,0,Missed,,2.35,-12.35,-1.95,11.2,0
253,PlayerServeToss,Toss,1,0,48,1.8,0.455,-13.75,2.5377,2.6445,-12.1103,0,Serve prepare 0.66,0,9,Drive,105.7856,133.7714,2.0544,0.8667,-12.9551,0.0532,1,1,Ready,0,9,13.6459,2.9655,0.3127,0,Missed,,2.35,-12.35,-1.95,11.2,0
254,PlayerServeToss,Toss,1,0,48,1.8,0.455,-13.75,2.5331,2.6982,-12.1107,0,Serve prepare 0.67,0,9,Drive,105.7139,134.0329,2.0488,0.8723,-12.9518,0.0341,1,1,Ready,0,9,13.4988,2.2379,0.1048,0,Missed,,2.35,-12.35,-1.95,11.2,0
255,PlayerServeToss,Toss,1,0,48,1.8,0.455,-13.75,2.5307,2.724,-12.1109,0,Serve prepare 0.68,0,9,Drive,105.5953,134.5553,2.0378,0.8832,-12.945,0.0831,1,1,Ready,0,9,13.343,1.5488,0.0424,0,Missed,,2.35,-12.35,-1.95,11.2,0
256,PlayerServeToss,Toss,1,0,48,1.8,0.455,-13.75,2.5261,2.7736,-12.1114,0,Serve prepare 0.69,0,9,Drive,105.5292,134.8349,2.0323,0.8884,-12.9412,0.0472,1,1,Ready,0,9,12.9098,1.3285,0.2462,0,Missed,,2.35,-12.35,-1.95,11.2,0
257,PlayerServeToss,Toss,1,0,48,1.8,0.455,-13.75,2.5238,2.7974,-12.1116,0,Serve prepare 0.71,0,9,Drive,105.3941,135.4061,2.0217,0.8983,-12.9332,0.0998,1,1,Ready,0,9,12.2732,1.0019,0.1556,0,Missed,,2.35,-12.35,-1.95,11.2,0
258,PlayerServeToss,Toss,1,0,48,1.8,0.455,-13.75,2.5191,2.8429,-12.112,0,Serve prepare 0.71,0,9,Drive,105.3079,135.7181,2.0165,0.9031,-12.9287,0.0505,1,1,Ready,0,9,11.0911,0.3913,0.1661,0,Missed,,2.35,-12.35,-1.95,11.2,0
259,PlayerServeToss,Toss,1,0,48,1.8,0.455,-13.75,2.5168,2.8646,-12.1122,0,Serve prepare 0.73,0,9,Drive,105.0987,136.4087,2.0064,0.9127,-12.9189,0.0976,1,1,Ready,0,9,9.629,-0.3677,0.261,0,Missed,,2.35,-12.35,-1.95,11.2,0
260,PlayerServeToss,Toss,1,0,48,1.8,0.455,-13.75,2.5122,2.9061,-12.1127,0,Serve prepare 0.74,0,9,Drive,104.9957,136.7557,2.0015,0.9174,-12.9137,0.0525,1,1,Ready,0,9,7.9235,-1.2292,0.2273,0,Missed,,2.35,-12.35,-1.95,11.2,0
261,PlayerServeToss,Toss,1,0,48,1.8,0.455,-13.75,2.5099,2.9257,-12.1129,0,Serve prepare 0.75,0,9,Drive,104.7217,137.5472,1.9916,0.9265,-12.9025,0.1053,1,1,Ready,0,9,6.2947,-2.117,0.1969,0,Missed,,2.35,-12.35,-1.95,11.2,0
262,PlayerServeToss,Toss,1,0,48,1.8,0.455,-13.75,2.5052,2.9631,-12.1133,0,Serve prepare 0.76,0,9,Drive,104.5872,137.9492,1.9868,0.9309,-12.8968,0.0497,1,1,Ready,0,9,5.0543,-3.0021,0.1172,0,Missed,,2.35,-12.35,-1.95,11.2,0
263,PlayerServeToss,Toss,1,0,48,1.8,0.455,-13.75,2.5029,2.9807,-12.1135,0,Serve prepare 0.78,0,9,Drive,104.2324,138.8793,1.9768,0.9396,-12.8847,0.0885,1,1,Ready,0,9,4.2103,-3.7094,0.1364,0,Missed,,2.35,-12.35,-1.95,11.2,0
264,PlayerServeToss,Toss,1,0,48,1.8,0.455,-13.75,2.4983,3.014,-12.1139,0,Serve prepare 0.79,0,9,Drive,104.0491,139.3654,1.972,0.9437,-12.8785,0.0407,1,1,Ready,0,9,3.9395,-4.0706,0.2226,0,Missed,,2.35,-12.35,-1.95,11.2,0
265,PlayerServeToss,Toss,1,0,48,1.8,0.455,-13.75,2.4959,3.0296,-12.1142,0,Serve prepare 0.80,0,9,Drive,103.6497,140.3858,1.9626,0.9518,-12.8656,0.0788,1,1,Ready,0,9,4.0307,-4.0636,0.2767,0,Missed,,2.35,-12.35,-1.95,11.2,0
266,PlayerServeToss,Toss,1,0,48,1.8,0.455,-13.75,2.4913,3.0587,-12.1146,0,Serve prepare 0.81,0,9,Drive,103.4312,140.9103,1.958,0.9557,-12.859,0.0386,1,1,Ready,0,9,4.3887,-3.5546,0.3454,0,Missed,,2.35,-12.35,-1.95,11.2,0
267,PlayerServeToss,Toss,1,0,48,1.8,0.455,-13.75,2.489,3.0723,-12.1148,0,Serve prepare 0.83,0,9,Drive,102.9323,142.0145,1.9487,0.963,-12.8451,0.0803,1,1,Ready,0,9,4.8666,-2.7236,0,0,Missed,,2.35,-12.35,-1.95,11.2,0
268,PlayerServeToss,Toss,1,0,48,1.8,0.455,-13.75,2.4843,3.0974,-12.1152,0,Serve prepare 0.84,0,9,Drive,102.6536,142.5652,1.9441,0.9667,-12.8378,0.0411,1,1,Ready,0,9,5.2831,-1.6446,0,0,Missed,,2.35,-12.35,-1.95,11.2,0
269,PlayerServeToss,Toss,1,0,48,1.8,0.455,-13.75,2.482,3.1089,-12.1154,0,Serve prepare 0.85,0,9,Drive,102.0891,143.6808,1.9353,0.9737,-12.8232,0.0759,1,1,Ready,0,9,5.6727,-0.483,0,0,Missed,,2.35,-12.35,-1.95,11.2,0
270,PlayerServeToss,Toss,1,0,48,1.8,0.455,-13.75,2.4774,3.1299,-12.1159,0,Serve prepare 0.86,0,9,Drive,101.7726,144.2589,1.9309,0.977,-12.8155,0.0407,1,1,Ready,0,9,6.0095,0.5883,0,0,Missed,,2.35,-12.35,-1.95,11.2,0
271,PlayerServeToss,Toss,1,0,48,1.8,0.455,-13.75,2.4751,3.1393,-12.1161,0,Serve prepare 0.88,0,9,Drive,101.1541,145.3624,1.9226,0.9832,-12.8002,0.0792,1,1,Ready,0,9,6.2962,1.5432,0,0,Missed,,2.35,-12.35,-1.95,11.2,0
272,PlayerServeToss,Toss,1,0,48,1.8,0.455,-13.75,2.4704,3.1562,-12.1165,0,Serve prepare 0.88,0,9,Drive,100.8183,145.9176,1.9186,0.986,-12.7924,0.0433,1,1,Ready,0,9,6.5265,2.2928,0,0,Missed,,2.35,-12.35,-1.95,11.2,0
273,PlayerServeToss,Toss,1,0,48,1.8,0.455,-13.75,2.4681,3.1636,-12.1167,0,Serve prepare 0.90,0,9,Drive,100.1771,146.944,1.9109,0.991,-12.7768,0.0969,1,1,Ready,0,9,6.7016,2.8652,0,0,Missed,,2.35,-12.35,-1.95,11.2,0
274,PlayerServeToss,Toss,1,0,48,1.8,0.455,-13.75,2.4634,3.1764,-12.1172,0,Serve prepare 0.91,0,9,Drive,99.8437,147.4589,1.9071,0.9933,-12.7688,0.0515,1,1,Ready,0,9,6.8356,3.2509,0,0,Missed,,2.35,-12.35,-1.95,11.2,0
275,PlayerServeToss,Toss,1,0,48,1.8,0.455,-13.75,2.4611,3.1818,-12.1174,0,Serve prepare 0.92,0,9,Drive,99.1399,148.4463,1.9,0.9974,-12.7529,0.1082,1,1,Ready,0,9,6.8778,3.4746,0,0,Missed,,2.35,-12.35,-1.95,11.2,0
276,PlayerServeToss,Toss,1,0,48,1.8,0.455,-13.75,2.4565,3.1905,-12.1178,0,Serve prepare 0.93,0,9,Drive,98.7849,148.9194,1.8968,0.9992,-12.7449,0.0524,1,1,Ready,0,9,6.7251,3.5499,0,0,Missed,,2.35,-12.35,-1.95,11.2,0
277,PlayerServeToss,Toss,1,0,48,1.8,0.455,-13.75,2.4542,3.1939,-12.118,0,Serve prepare 0.95,0,9,Drive,98.0172,149.8228,1.8909,1.0023,-12.729,0.0994,1,1,Ready,0,9,6.5539,3.4981,0.2256,0,Missed,,2.35,-12.35,-1.95,11.2,0
278,PlayerServeToss,Toss,1,0,48,1.8,0.455,-13.75,2.4495,3.1985,-12.1184,0,Serve prepare 0.96,0,9,Drive,97.6318,150.24,1.8883,1.0037,-12.7211,0.0449,1,1,Ready,0,9,6.5278,3.2673,0.7171,0,Missed,,2.35,-12.35,-1.95,11.2,0
279,PlayerServeToss,Toss,1,0,48,1.8,0.455,-13.75,2.4472,3.1998,-12.1187,0,Serve prepare 0.97,0,9,Drive,96.7908,151.0747,1.8835,1.0058,-12.7051,0.0918,1,1,Ready,0,9,6.5669,3.0925,0.7276,0,Missed,,2.35,-12.35,-1.95,11.2,0
280,PlayerServeToss,Toss,1,0,48,1.8,0.455,-13.75,2.4426,3.2004,-12.1191,0,Serve prepare 0.98,0,9,Drive,96.3646,151.4632,1.8814,1.0067,-12.6972,0.044,1,1,Ready,0,9,6.634,3.2029,0.62,0,Missed,,2.35,-12.35,-1.95,11.2,0
281,PlayerServeToss,Toss,1,0,48,1.8,0.455,-13.75,2.4402,3.1996,-12.1193,0,Serve prepare 1.00,0,9,Drive,95.4838,152.2076,1.8779,1.0081,-12.6814,0.0877,1,1,Ready,0,9,6.7674,3.5289,0.4818,0,Missed,,2.35,-12.35,-1.95,11.2,0
282,PlayerServeToss,Toss,1,0,48,1.8,0.455,-13.75,2.4356,3.1961,-12.1197,0,Serve prepare 1.00,0,9,Drive,95.2925,152.3396,1.8773,1.0083,-12.6783,0.0195,1,1,Ready,0,9,6.9785,4.0892,0.3448,0,Missed,,2.35,-12.35,-1.95,11.2,0
283,PlayerServeToss,Toss,1,0,48,1.8,0.455,-13.75,2.4333,3.1933,-12.1199,0,Serve prepare 1.00,0,9,Drive,95.2925,152.3396,1.8773,1.0083,-12.6783,0,1,1,Ready,0,9,7.3022,4.847,0.2575,0,Missed,,2.35,-12.35,-1.95,11.2,0
284,PlayerServeToss,Toss,1,0,48,1.8,0.455,-13.75,2.4286,3.1856,-12.1204,0,Serve prepare 1.00,0,9,Drive,95.2925,152.3396,1.8773,1.0083,-12.6783,0,1,1,Ready,0,9,7.7356,5.8308,0.1005,0,Missed,,2.35,-12.35,-1.95,11.2,0
285,PlayerServeToss,Toss,1,0,48,1.8,0.455,-13.75,2.4263,3.1808,-12.1206,0,Serve prepare 1.00,0,9,Drive,95.2925,152.3396,1.8773,1.0083,-12.6783,0,1,1,Ready,0,9,8.405,6.8653,0.1805,0,Missed,,2.35,-12.35,-1.95,11.2,0
286,PlayerServeToss,Toss,1,0,48,1.8,0.455,-13.75,2.4217,3.1691,-12.121,0,Serve prepare 1.00,0,9,Drive,95.2925,152.3396,1.8773,1.0083,-12.6783,0,1,1,Ready,0,9,9.5155,7.7707,0.1015,0,Missed,,2.35,-12.35,-1.95,11.2,0
287,PlayerServeToss,Toss,1,0,48,1.8,0.455,-13.75,2.4194,3.1622,-12.1212,0,Serve prepare 1.00,0,9,Drive,95.2925,152.3396,1.8773,1.0083,-12.6783,0,1,1,Ready,0,9,10.8051,8.6186,0.2465,0,Missed,,2.35,-12.35,-1.95,11.2,0
288,PlayerServeToss,Toss,1,0,48,1.8,0.455,-13.75,2.4147,3.1464,-12.1217,0,Serve prepare 1.00,0,9,Drive,95.2925,152.3396,1.8773,1.0083,-12.6783,0,1,1,Ready,0,9,12.174,9.4457,0.4785,0,Missed,,2.35,-12.35,-1.95,11.2,0
289,PlayerServeToss,Toss,1,0,48,1.8,0.455,-13.75,2.4124,3.1375,-12.1219,0,Serve prepare 1.00,0,9,Drive,95.2925,152.3396,1.8773,1.0083,-12.6783,0,1,1,Ready,0,9,13.3622,10.1736,0.4173,0,Missed,,2.35,-12.35,-1.95,11.2,0
290,PlayerServeToss,Toss,1,0,48,1.8,0.455,-13.75,2.4077,3.1176,-12.1223,0,Serve prepare 1.00,0,9,Drive,95.2925,152.3396,1.8773,1.0083,-12.6783,0,1,1,Ready,0,9,14.0826,10.7841,0,0,Missed,,2.35,-12.35,-1.95,11.2,0
291,PlayerServeToss,Toss,1,0,48,1.8,0.455,-13.75,2.4054,3.1066,-12.1225,0,Serve prepare 1.00,0,9,Drive,95.2925,152.3396,1.8773,1.0083,-12.6783,0,1,1,Ready,0,9,14.3623,11.1394,0,0,Missed,,2.35,-12.35,-1.95,11.2,0
292,PlayerServeToss,Toss,1,0,48,1.8,0.455,-13.75,2.4008,3.0826,-12.123,0,Serve prepare 1.00,0,9,Drive,95.2925,152.3396,1.8773,1.0083,-12.6783,0,1,1,Ready,0,9,14.0488,11.086,0,0,Missed,,2.35,-12.35,-1.95,11.2,0
293,PlayerServeToss,Toss,1,0,48,1.8,0.455,-13.75,2.3985,3.0696,-12.1232,0,Serve prepare 1.00,0,9,Drive,95.2925,152.3396,1.8773,1.0083,-12.6783,0,1,1,Ready,0,9,13.4061,10.6756,0,0,Missed,,2.35,-12.35,-1.95,11.2,0
294,PlayerServeToss,Toss,1,0,48,1.8,0.455,-13.75,2.3938,3.0416,-12.1236,0,Serve prepare 1.00,0,9,Drive,95.2925,152.3396,1.8773,1.0083,-12.6783,0,1,1,Ready,0,9,12.5855,9.865,0,0,Missed,,2.35,-12.35,-1.95,11.2,0
295,PlayerServeToss,Toss,1,0,48,1.8,0.455,-13.75,2.3915,3.0265,-12.1238,0,Serve prepare 1.00,0,9,Drive,95.2925,152.3396,1.8773,1.0083,-12.6783,0,1,1,Ready,0,9,11.743,8.7864,6.8521,0,Missed,,2.35,-12.35,-1.95,11.2,0
296,PlayerServeToss,Toss,1,0,48,1.8,0.455,-13.75,2.3869,2.9944,-12.1242,0,Serve prepare 1.00,0,9,Drive,95.2925,152.3396,1.8773,1.0083,-12.6783,0,1,1,Ready,0,9,11.0943,7.4821,0.6661,0,Missed,,2.35,-12.35,-1.95,11.2,0
297,PlayerServeToss,Toss,1,0,48,1.8,0.455,-13.75,2.3845,2.9773,-12.1245,0,Serve prepare 1.00,0,9,Drive,95.2925,152.3396,1.8773,1.0083,-12.6783,0,1,1,Ready,0,9,10.5788,6.1621,2.6748,0,Missed,,2.35,-12.35,-1.95,11.2,0
298,PlayerServeToss,Toss,1,0,48,1.8,0.455,-13.75,2.3799,2.941,-12.1249,0,Serve prepare 1.00,0,9,Drive,95.2925,152.3396,1.8773,1.0083,-12.6783,0,1,1,Ready,0,9,10.1836,5.0197,0.6944,0,Missed,,2.35,-12.35,-1.95,11.2,0
299,PlayerServeToss,Toss,1,0,48,1.8,0.455,-13.75,2.3776,2.9219,-12.1251,0,Serve prepare 1.00,0,9,Drive,95.2925,152.3396,1.8773,1.0083,-12.6783,0,1,1,Ready,0,9,9.9816,4.1156,0.664,0,Missed,,2.35,-12.35,-1.95,11.2,0
300,PlayerServeToss,Toss,1,0,48,1.8,0.455,-13.75,2.3729,2.8815,-12.1255,0,Serve prepare 1.00,0,9,Drive,95.2925,152.3396,1.8773,1.0083,-12.6783,0,1,1,Ready,0,9,10.0502,3.5841,0.4964,0,Missed,,2.35,-12.35,-1.95,11.2,0
301,PlayerServeToss,Toss,1,0,48,1.8,0.455,-13.75,2.3706,2.8603,-12.1257,0,Serve prepare 1.00,0,9,Drive,95.2925,152.3396,1.8773,1.0083,-12.6783,0,1,1,Ready,0,9,10.3515,3.3807,0.1802,0,Missed,,2.35,-12.35,-1.95,11.2,0
302,PlayerServeToss,Toss,1,0,48,1.8,0.455,-13.75,2.366,2.8159,-12.1262,0,Serve prepare 1.00,0,9,Drive,95.2925,152.3396,1.8773,1.0083,-12.6783,0,1,1,Ready,0,9,10.8625,3.551,0.4284,0,Missed,,2.35,-12.35,-1.95,11.2,0
303,PlayerServeToss,Toss,1,0,48,1.8,0.455,-13.75,2.3637,2.7927,-12.1264,0,Serve prepare 1.00,0,9,Drive,95.2925,152.3396,1.8773,1.0083,-12.6783,0,1,1,Ready,0,9,11.6199,3.959,0.7022,0,Missed,,2.35,-12.35,-1.95,11.2,0
304,PlayerServeToss,Toss,1,0,48,1.8,0.455,-13.75,2.359,2.7442,-12.1268,0,Serve prepare 1.00,1,0.1717,Serve,85.5024,154.4246,1.8955,1.0113,-12.558,0,1,1,Ready,0,9,12.7197,4.4928,0.7758,0,Missed,,2.35,-12.35,-1.95,11.2,0
305,PlayerServeToss,Toss,1,0,48,1.8,0.455,-13.75,2.3567,2.7189,-12.127,0,Serve swing,1,0.1633,Serve,95.2925,152.3396,1.8815,1.0226,-12.6754,0.1556,1,1,Ready,0,9,13.9579,5.1467,0.7583,0,Missed,,2.35,-12.35,-1.95,11.2,0
306,PlayerServeToss,Toss,1,0,48,1.8,0.455,-13.75,2.352,2.6663,-12.1275,0,Serve swing,1,0.1467,Serve,95.4977,152.5448,1.9121,1.0533,-12.6157,0.0225,1,1,Ready,0,9,15.2128,5.8675,0.659,0,Missed,,2.35,-12.35,-1.95,11.2,0
307,PlayerServeToss,Toss,1,0,48,1.8,0.455,-13.75,2.3497,2.639,-12.1277,0,Serve swing,1,0.1383,Serve,97.0159,154.0631,1.9459,1.0742,-12.531,0.2111,1,1,Ready,0,9,16.3573,6.6946,0.5544,0,Missed,,2.35,-12.35,-1.95,11.2,0
308,PlayerServeToss,Toss,1,0,48,1.8,0.455,-13.75,2.3451,2.5823,-12.1281,0,Serve swing,1,0.1217,Serve,97.0538,156.0949,2.0459,1.126,-12.3349,0.1743,1,1,Ready,0,9,17.2239,7.6769,0.4196,0,Missed,,2.35,-12.35,-1.95,11.2,0
309,PlayerServeToss,Toss,1,0,48,1.8,0.455,-13.75,2.3428,2.553,-12.1283,0,Serve swing,1,0.1133,Serve,97.2496,160.5525,2.085,1.1533,-12.2508,0.9888,1,1,Ready,0,9,17.8358,8.7281,0.2838,0,Missed,,2.35,-12.35,-1.95,11.2,0
310,PlayerServeToss,Toss,1,0,48,1.8,0.455,-13.75,2.3381,2.4922,-12.1287,0,Serve swing,1,0.0967,Serve,91.3409,162.1514,2.1773,1.2028,-12.223,0.5744,1,1,Ready,0,9,18.1128,9.8142,0.0335,0,Missed,,2.35,-12.35,-1.95,11.2,0
311,PlayerServeToss,Toss,1,0,48,1.8,0.455,-13.75,2.3358,2.4608,-12.129,0,Serve swing,1,0.0883,Serve,88.567,162.2353,2.2252,1.2332,-12.2474,3.3346,1,1,Ready,0,9,18.2026,10.8363,0.0769,0,Missed,,2.35,-12.35,-1.95,11.2,0
312,PlayerServeToss,Toss,1,0,48,1.8,0.455,-13.75,2.3312,2.3959,-12.1294,0,Serve swing,1,0.0717,Serve,77.9752,149.8453,2.274,1.3033,-12.4162,3.9045,1,1,Ready,0,9,18.175,11.7029,0.0326,0,Missed,,2.35,-12.35,-1.95,11.2,0
313,PlayerServeToss,Toss,1,0,48,1.8,0.455,-13.75,2.3288,2.3625,-12.1296,0,Serve swing,1,0.0633,Serve,73.7853,138.9159,2.1723,1.3104,-12.5265,10.7803,1,1,Ready,0,9,18.1638,12.371,0.0493,0,Missed,,2.35,-12.35,-1.95,11.2,0
314,PlayerServeToss,Toss,1,0,48,1.8,0.455,-13.75,2.3242,2.2936,-12.13,0,Serve swing,1,0.0467,Serve,55.8509,104.794,2.3241,1.6855,-12.3229,8.8943,1,1,Ready,0,9,18.366,12.7243,0.0395,0,Missed,,2.35,-12.35,-1.95,11.2,0
315,PlayerServeToss,Toss,1,0,48,1.8,0.455,-13.75,2.3219,2.2581,-12.1302,0,Serve swing,1,0.0383,Serve,48.0663,93.0119,2.3819,1.8202,-12.1032,19.9336,1,1,Ready,0,9,18.6363,12.9028,0.0402,0,Missed,,2.35,-12.35,-1.95,11.2,0
316,PlayerServeToss,Toss,1,0,48,1.8,0.455,-13.75,2.3172,2.185,-12.1307,0,Serve swing,1,0.0217,Serve,37.8122,70.6239,2.5544,1.8755,-11.9796,0,1,1,Ready,0,9,18.9376,13.0104,0.0175,0,Missed,,2.35,-12.35,-1.95,11.2,0
317,PlayerServeToss,Toss,1,0,48,1.8,0.455,-13.75,2.3149,2.1475,-12.1309,0,Serve swing,1,0.0133,Serve,35.9124,59.3936,2.6737,1.8827,-11.9844,0,1,1,Ready,0,9,19.1557,13.0219,0.0837,0,Missed,,2.35,-12.35,-1.95,11.2,0
318,Rally,None,1,0,53.5,1.2897,3.4955,-16.751,2.2613,2.1296,-11.8041,1,Serve swing,1,-0.0033,Serve,25.1088,49.2241,2.5073,1.7395,-12.2395,0,1,1,Ready,0,9,19.173,12.9519,0.2344,0.2417,Missed,,2.35,-12.35,-1.91,11.2,5.5
319,Rally,None,1,0,53.5327,1.2939,3.4992,-16.75,2.1561,2.1381,-11.3888,1,Serve follow,1,-0.02,Serve,26.7794,44.2795,2.4537,1.7247,-12.2525,0,1,1,Run,0,9,10.126,4.0928,2.2891,0.1833,Missed,,2.3481,-12.3491,-1.8299,11.2,0.0327
320,Rally,None,1,0,53.5937,1.2939,3.4997,-16.7495,2.0508,2.1437,-10.9736,1,Serve follow,1,-0.0367,Serve,26.4945,37.6374,2.4348,1.7189,-12.2486,0,1,1,Run,0,9,0.6922,-5.2366,4.4479,0.125,Missed,,2.3438,-12.347,-1.7498,11.2,0.0611
321,Rally,None,1,0,53.6795,1.2923,3.4981,-16.7488,1.893,2.1468,-10.3507,1,Serve follow,1,-0.0617,Serve,26.2408,27.959,2.4549,1.705,-12.2418,0,1,1,Run,0,9,-8.9559,-14.7667,1.3612,0.0667,Missed,,2.3325,-12.3415,-1.6297,11.2,0.0857
322,Rally,None,1,0,53.7867,1.2894,3.4983,-16.7472,1.7878,2.1452,-9.9355,1,Serve follow,1,-0.0783,Serve,28.2986,19.6616,2.4795,1.6638,-12.2253,0,1,1,Run,0,9,-18.7785,-24.1643,0.5098,0.0083,Missed,,2.3219,-12.3363,-1.5496,11.2,0.1072
323,Rally,None,1,0,53.9125,1.2863,3.4985,-16.7444,1.6299,2.1376,-9.3126,1,Serve follow,1,-0.1033,Serve,29.249,10.7764,2.5564,1.6305,-12.2596,0,1,1,Run,0,9,-28.6588,-33.1446,0.8833,0,Missed,,2.3013,-12.3262,-1.4295,11.2,0.1259
324,Rally,None,1,0,54.0546,1.2824,3.4987,-16.741,1.5247,2.1289,-8.8974,1,Serve follow,1,-0.12,Serve,28.3418,8.7729,2.4745,1.5185,-12.0844,0,1,1,Run,0,9,-38.51,-41.5368,1.0697,0,Missed,,2.2845,-12.318,-1.3494,11.2,0.1421
325,Rally,None,1,0,54.2108,1.2777,3.4989,-16.7367,1.4195,2.1173,-8.4821,1,Serve follow,1,-0.1367,Serve,27.059,5.925,2.4231,1.4618,-12.0219,0,1,1,Run,0,9,-48.4121,-49.1213,24.6785,0,Missed,,2.2652,-12.3085,-1.2693,11.2,0.1562
326,Rally,None,1,0,54.3792,1.2711,3.499,-16.7309,1.2617,2.0946,-7.8593,1,Serve follow,1,-0.1617,Serve,23.8472,-1.1789,2.4455,1.3115,-11.9616,0,1,1,Run,0,9,-51.0924,-49.8183,0.2916,0,Missed,,2.2315,-12.292,-1.1492,11.2,0.1684
327,Rally,None,1,0,54.5583,1.2635,3.4992,-16.7242,1.1564,2.0759,-7.444,1,Serve follow,1,-0.1783,Serve,21.0516,2.654,2.4974,1.2329,-11.973,0,1,1,Run,0,9,-51.8981,-48.9606,0.48,0,Missed,,2.2059,-12.2795,-1.0691,11.2,0.1791
328,Rally,None,1,0,54.7466,1.2539,3.4993,-16.7156,0.9986,2.0425,-6.8212,1,Serve follow,1,-0.2033,Serve,18.7334,-0.6264,2.5384,1.0874,-12.0168,0,1,1,Run,0,9,-52.4693,-48.3343,2.7256,0,Missed,,2.1629,-12.2584,-0.949,11.2,0.1884
329,Rally,None,1,0,54.9104,1.2432,3.4994,-16.7061,0.8934,2.0166,-6.4059,1,Serve follow,1,-0.22,Serve,17.867,-3.3325,2.5628,1.0154,-12.0524,0,1,1,Run,0,9,-52.6498,-48.0952,2.5008,0,Missed,,2.1311,-12.2429,-1.029,11.2,0.1637
330,Rally,None,1,0,55.0527,1.2314,3.4994,-16.6956,0.7882,1.9879,-5.9907,1,Serve follow,1,-0.2367,Serve,17.715,0.2828,2.5734,0.9814,-12.1005,0,1,1,Run,0,9,-38.9952,-36.2764,0,0,Missed,,2.0968,-12.2261,-1.1091,11.2,0.1424
331,Rally,None,1,0,55.1765,1.2172,3.4995,-16.683,0.6303,1.9394,-5.3678,1,Serve follow,1,-0.2617,Serve,16.9296,0.717,2.5467,0.9492,-12.151,2.2081,1,1,Run,0,9,-24.2988,-23.5618,0,0,Missed,,2.0406,-12.1986,-1.2293,11.2,0.1238
332,Rally,None,1,0,55.2841,1.2019,3.4996,-16.6693,0.5251,1.9035,-4.9526,1,Serve follow,1,-0.2783,Serve,16.7265,2.5917,2.5281,0.944,-12.1614,2.7291,1,1,Run,0,9,-9.0903,-9.9803,0,0,Missed,,2.0001,-12.1788,-1.3093,11.2,0.1076
333,Rally,None,1,0,55.3776,1.1839,3.4996,-16.6533,0.3673,1.8443,-4.3297,1,Serve follow,0,9,Serve,17.3545,6.0381,2.4786,0.9531,-12.1215,2.2022,1,1,Run,0,9,5.9717,4.3519,8.473,0,Missed,,1.9346,-12.1467,-1.4295,11.2,0.0935
334,Rally,None,1,0,55.4589,1.1648,3.4997,-16.6364,0.262,1.8013,-3.9145,1,Run,0,9,Serve,15.0359,1.8213,2.4211,0.9665,-12.0426,4.137,0.9167,0.8333,Backhand prepare 0.08,0,9,19.0355,18.5728,7.4056,0,Missed,,1.8878,-12.1238,-1.5095,11.2,0.0813
335,Rally,None,1,0,55.5296,1.1448,3.4997,-16.6185,0.1568,1.7554,-3.4993,1,Run,0,9,Serve,11.0179,-2.1898,2.3477,0.9381,-11.9781,2.149,0.8333,0.6667,Backhand prepare 0.17,0,9,28.7053,31.7707,2.6375,0,Missed,,1.8385,-12.0997,-1.5896,11.2,0.0707
336,Rally,None,1,0,55.5911,1.1217,3.4998,-16.598,-0.001,1.6812,-2.8764,1,Run,0,9,Serve,6.7845,-6.2498,2.2399,0.9162,-11.8988,0.8585,0.75,0.5,Backhand prepare 0.25,0,9,32.3255,37.7841,0.9576,0,Missed,,1.7599,-12.0612,-1.7098,11.2,0.0615
337,Rally,None,1,0,55.6445,1.0976,3.4998,-16.5766,-0.1063,1.6281,-2.4612,1,Run,0,9,Serve,2.2692,-10.3083,2.1497,0.8945,-11.8293,3.0234,0.6667,0.3333,Backhand prepare 0.32,0,9,26.7658,31.3954,0.7425,0,Missed,,1.7044,-12.0341,-1.7898,11.2,0.0534
338,Rally,None,1,0,55.6909,1.0704,3.4998,-16.5523,-0.2641,1.5432,-1.8383,1,Run,0,9,Serve,-2.6065,-14.3196,2.021,0.8746,-11.7418,15.4617,0.5833,0.1667,Backhand prepare 0.35,0,9,22.2438,26.3233,1.7352,0,Missed,,1.6165,-11.991,-1.91,11.2,0.0464
339,Rally,None,1,0,55.7313,1.0422,3.4998,-16.5273,-0.3693,1.483,-1.4231,1,Run,0,9,Serve,-7.9988,-18.1871,1.9102,0.8588,-11.6624,0.385,0.5,0,Backhand prepare 0.41,0,9,17.8372,20.5447,2.9106,0,Missed,,1.5547,-11.9608,-1.99,11.2,0.0404
340,Rally,None,1,0,55.7664,1.0133,3.4999,-16.5015,-0.4745,1.4199,-1.0078,1,Run,0,9,Serve,-13.9831,-21.9517,1.7876,0.8392,-11.5793,0.9845,0.4167,0,Backhand prepare 0.45,0,9,15.185,16.3369,16.4123,0,Missed,,1.4918,-11.93,-2.0701,11.2,0.0351
341,Rally,None,1,0,55.7969,0.9813,3.4999,-16.4731,-0.6324,1.3199,-0.385,1,Run,0,9,Serve,-20.6132,-25.7737,1.6207,0.8135,-11.4821,13.9069,0.3333,0,Backhand prepare 0.48,0,9,13.1912,12.7489,0.3106,0,Missed,,1.3975,-11.8839,-2.1903,11.2,0.0305
342,Rally,None,1,0,55.8195,0.949,3.4999,-16.4444,-0.7376,1.2497,0.0303,1,Run,0,9,Serve,-28.2292,-29.7219,1.4697,0.8198,-11.3991,15.1046,0.25,0,Backhand prepare 0.54,0,9,11.4885,8.7603,0.6531,0,Missed,,1.3346,-11.8531,-2.2703,11.2,0.0226
343,Rally,None,1,0,55.7578,0.9141,3.4999,-16.4134,-0.8954,1.139,0.6531,1,Run,0,9,Serve,-35.6705,-33.2861,1.2876,0.8218,-11.3158,5.1952,0.1667,0,Backhand prepare 0.58,0,9,12.8673,7.3808,4.8349,0,Missed,,1.2403,-11.807,-2.3905,11.2,-0.0617
344,Rally,None,1,0,55.6498,0.8793,3.4999,-16.3824,-1.0007,1.0616,1.0684,1,Run,0,9,Serve,-36.1273,-32.861,1.217,0.857,-11.2746,2.2513,0.0833,0,Backhand prepare 0.63,0,9,14.7815,6.5758,1.9176,0,Missed,,1.1775,-11.7762,-2.4705,11.2,-0.1079
345,Rally,None,1,0,55.5018,0.8445,3.4999,-16.3514,-1.1059,0.9813,1.4836,1,Run,0,9,Serve,-36.3767,-32.6385,1.1514,0.8719,-11.2422,6.1713,0,0,Backhand prepare 0.67,0,9,16.2216,7.2839,0,0,Missed,,1.1146,-11.7454,-2.5506,11.2,-0.1481
346,Rally,None,1,0,55.2917,0.8075,3.4999,-16.3185,-1.2637,0.8556,2.1065,1,Run,0,9,Serve,-36.3681,-32.669,1.0571,0.8702,-11.1975,0.2619,0,0,Backhand prepare 0.71,0,9,17.7931,7.5354,9.7116,0,Missed,,1.0203,-11.6993,-2.5691,11.2,-0.2101
347,Rally,None,1,0,55.0548,0.7708,3.4999,-16.2858,-1.3689,0.7682,2.5217,1,Run,0,9,Serve,-36.0365,-33.0168,0.9988,0.8438,-11.1729,3.4125,0,0,Backhand prepare 0.76,0,9,6.4403,-6.3088,8.9713,0,Missed,,0.9574,-11.6685,-2.5691,11.2,-0.2369
348,Rally,None,1,0,54.7674,0.7321,3.5,-16.2514,-1.5268,0.6317,3.1446,1,Run,0,9,Serve,-35.4614,-33.6034,0.9129,0.8046,-11.1377,3.9331,0,0,Backhand prepare 0.80,0,9,-3.13,-19.2434,2.4791,0,Missed,,0.8631,-11.6224,-2.5691,11.2,-0.2873
349,Rally,None,1,0,54.4634,0.694,3.5,-16.2175,-1.632,0.5372,3.5598,1,Run,0,9,Serve,-34.7829,-34.29,0.8607,0.7882,-11.1208,0,0,0,Backhand prepare 0.85,0,9,-12.7543,-34.0414,1.6166,0,Missed,,0.8002,-11.5916,-2.5691,11.2,-0.304
350,Rally,None,1,0,54.1448,0.6563,3.5,-16.1839,-1.7372,0.4398,3.9751,1,Run,0,9,Serve,-33.9297,-35.1475,0.8119,0.7702,-11.1071,0,0,0,Backhand prepare 0.89,0,9,-23.1702,-45.3384,1.4485,0,Missed,,0.7373,-11.5608,-2.5691,11.2,-0.3186
351,Rally,None,1,0,53.7865,0.6168,3.5,-16.1488,-1.8951,0.2883,4.5979,1,Run,0,9,Serve,-33.0419,-36.036,0.7344,0.7586,-11.0732,0,0,0,Backhand prepare 0.93,0,9,-35.178,-59.9666,1.0873,0,Missed,,0.643,-11.5147,-2.5691,11.2,-0.3583
352,Rally,None,1,0,53.4208,0.5779,3.5,-16.1142,-2.0003,0.1837,5.0132,1,Run,0,9,Serve,-32.3143,-36.7626,0.6833,0.7525,-11.055,2.8133,0,0,Backhand prepare 0.98,0,9,-37.9257,-71.6488,0.2391,0,Missed,,0.5801,-11.4839,-2.5691,11.2,-0.3658
353,Rally,None,1,0,53.0229,0.5374,3.5,-16.0781,-2.1553,0.133,5.6248,1,Run,0,9,Serve,-31.6707,-37.4033,0.6003,0.7741,-11.0269,0.4576,0,0,Backhand prepare 1.00,0,9,-41.4064,-79.5537,0.2511,0,Missed,,0.4874,-11.4385,-2.6092,11.2,-0.3979
354,Rally,None,1,0,52.628,0.498,3.5,-16.0431,-2.2548,0.1968,6.0176,1,Run,0,9,Serve,-31.2323,-37.8367,0.5484,0.7828,-11.0126,2.7086,0,0,Backhand prepare 1.00,0,9,-35.6582,-74.0869,2.1684,0,Missed,,0.4286,-11.4097,-2.6893,11.2,-0.3949
355,Rally,None,1,0,52.2847,0.4597,3.5,-16.009,-2.3544,0.2579,6.4104,1,Run,0,9,Serve,-31.0808,-37.9815,0.4515,0.7869,-10.9899,1.6261,0,0,Backhand prepare 1.00,1,0.1753,-20.9226,-70.0628,3.5632,0,Missed,,0.3723,-11.3822,-2.7694,11.2,-0.3433
356,Rally,None,1,0,51.9862,0.4206,3.5,-15.9743,-2.5037,0.3442,6.9997,1,Run,0,9,Serve,-31.1469,-37.9077,0.3701,0.7861,-10.9493,2.3836,0,0,Forehand swing,1,0.1514,-23.0231,-5.8304,16.2053,0,Missed,,0.2925,-11.3432,-2.8895,11.2,-0.2985
357,Rally,None,1,0,51.7267,0.3831,3.5,-15.9409,-2.6032,0.3983,7.3925,1,Run,0,9,Serve,-31.3629,-37.6818,0.316,0.785,-10.9198,3.1503,0,0,Forehand swing,1,0.1355,-1.2239,20.6146,7.6495,0,Missed,,0.2425,-11.3187,-2.9696,11.2,-0.2595
358,Rally,None,1,0,51.5011,0.3454,3.5,-15.9073,-2.7525,0.4743,7.9817,1,Run,0,9,Serve,-31.6967,-37.3348,0.2818,0.7884,-10.8787,0.2207,0,0,Forehand swing,1,0.1116,13.099,37.9177,2.0844,0,Missed,,0.1721,-11.2842,-3.0897,11.2,-0.2256
359,Rally,None,1,0,51.305,0.3095,3.5,-15.8754,-2.8521,0.5214,8.3745,1,Run,0,9,Serve,-32.1603,-36.8563,0.2292,0.7964,-10.8484,1.5477,0,0,Forehand swing,1,0.0956,23.28,47.7991,5.8479,0,Missed,,0.1282,-11.2628,-3.1698,11.2,-0.1961
360,Rally,None,1,0,51.1345,0.2753,3.5,-15.845,-2.9516,0.5658,8.7673,1,Run,0,9,Serve,-32.6804,-36.3193,0.1783,0.7994,-10.8183,1.4766,0,0,Forehand swing,1,0.0797,23.7346,44.6209,4.9711,0,Missed,,0.0869,-11.2425,-3.2499,11.2,-0.1705
361,Rally,None,1,0,50.9863,0.2415,3.5,-15.8149,-3.1009,0.6271,9.3566,1,Run,0,9,Serve,-33.1826,-35.7986,0.1118,0.7985,-10.7804,1.1447,0,0,Forehand swing,1,0.0558,24.9523,38.6932,1.207,0,Missed,,0.0296,-11.2145,-3.2874,11.2,-0.1482
362,Rally,None,1,0,50.8575,0.2099,3.5,-15.7868,-3.2005,0.6645,9.7494,1,Run,0,9,Serve,-33.6139,-35.3482,0.0745,0.7968,-10.757,3.4904,0,0,Forehand swing,1,0.0398,22.3428,25.4748,0.462,0,Missed,,0,-11.2,-3.2874,11.2,-0.1289
363,Rally,None,1,0,50.7454,0.1825,3.5,-15.7624,-3.3498,0.7154,10.3386,1,Ready,0,9,Serve,-27.6695,-30.2386,0.0705,0.8104,-10.7794,7.7296,0,0,Forehand swing,1,0.0159,18.1708,9.446,0.3862,0,Missed,,0,-11.2,-3.2874,11.2,-0.112
364,Rally,None,1,0,51.4319,0.1587,3.5,-15.7412,-3.4493,0.7458,10.6114,1,Ready,0,9,Serve,-20.5842,-24.3801,0.0597,0.8149,-10.8032,2.0294,0,0,Forehand swing,1,0,14.6223,-1.4759,0.5185,0,Missed,R;,0,-11.2,-3.2874,11.2,0.6865
365,Rally,None,1,0,52.0287,0.1379,3.5,-15.7227,-3.3588,0.8186,10.3357,1,Ready,0,9,Serve,-11.6575,-16.7672,0.0536,0.8128,-10.8183,2.5465,0,0,Forehand swing,1,-0.0167,9.7649,-8.8287,0.7112,0,Missed,,0,-11.2,-3.2073,11.2,0.5968
366,Rally,None,1,0,52.5475,0.1199,3.5,-15.7067,-3.2683,0.8889,10.0599,1,Ready,0,9,Serve,-1.6637,-7.5826,0.0721,0.8012,-10.8184,1.1515,0,0,Forehand follow,1,-0.0333,-6.2404,-26.7153,2.5568,0,Missed,,0,-11.2,-3.1273,11.2,0.5188
367,Rally,None,1,0,52.9985,0.1043,3.5,-15.6928,-3.1325,0.9896,9.6462,1,Ready,0,9,Serve,8.2614,1.3309,0.0918,0.8039,-10.8197,1.7012,0,0,Forehand follow,1,-0.0583,-18.8626,-39.7577,2.6783,0,Missed,,0,-11.2,-3.0071,11.2,0.451
368,Rally,None,1,0,53.3907,0.0906,3.5,-15.6806,-3.042,1.0536,9.3705,1,Ready,0,9,Serve,17.8597,9.8138,0.1103,0.8075,-10.8199,1.7348,0,0,Forehand follow,1,-0.075,-32.2484,-51.1393,8.9984,0,Missed,,0,-11.2,-2.9271,11.2,0.3921
369,Rally,None,1,0,53.7316,0.0791,3.5,-15.6701,-2.9062,1.1449,8.9568,1,Ready,0,9,Serve,20.6867,12.5043,0.1229,0.8114,-10.8172,0.5565,0,0,Forehand follow,1,-0.1,-46.436,-65.0358,21.1292,0,Missed,,0.0042,-11.2,-2.8069,11.2,0.3409
370,Rally,None,1,0,54.0279,0.0695,3.5,-15.6609,-2.8157,1.2027,8.6811,1,Run,0,9,Serve,23.5555,16.0753,0.1727,0.7986,-10.8489,0.3317,0,0,Forehand follow,1,-0.1167,-52.172,-70.4189,1.0785,0,Missed,,0.0104,-11.1999,-2.7268,11.2,0.2964
371,Rally,None,1,0,54.2855,0.0618,3.5,-15.6529,-2.7252,1.2579,8.4053,1,Run,0,9,Serve,27.3461,20.4619,0.2384,0.7732,-10.8987,9.8181,0,0,Forehand follow,1,-0.1333,-56.1508,-75.3492,0.674,0,Missed,,0.0194,-11.1998,-2.6468,11.2,0.2576
372,Rally,None,1,0,54.5095,0.0565,3.5,-15.646,-2.5894,1.336,7.9916,1,Run,0,9,Serve,31.3052,24.7601,0.3183,0.7633,-10.9609,0.7472,0,0,Forehand follow,1,-0.1583,-60.2424,-82.0353,0,0,Missed,,0.0382,-11.1996,-2.5266,11.2,0.224
373,Rally,None,1,0,54.7042,0.053,3.5,-15.6399,-2.4989,1.385,7.7159,1,Run,0,9,Serve,35.487,29.0257,0.3855,0.7596,-11.035,0.7165,0,0,Forehand follow,1,-0.175,-64.3318,-88.3426,9.1442,0,Missed,,0.0542,-11.1995,-2.4466,11.2,0.1947
374,Rally,None,1,0,54.8735,0.0521,3.5,-15.6346,-2.3631,1.4537,7.3022,1,Run,0,9,Serve,39.9948,33.3748,0.4493,0.756,-11.1175,2.3874,0,0,Forehand follow,1,-0.2,-64.2881,-90.3933,0.9896,0,Missed,,0.0833,-11.1992,-2.3264,11.2,0.1693
375,Rally,None,1,0,55.0207,0.0529,3.5,-15.6299,-2.2726,1.4964,7.0265,1,Run,0,9,Serve,44.8531,37.8931,0.4937,0.7465,-11.2081,10.7981,0,0,Forehand follow,1,-0.2167,-62.2504,-92.1265,5.5609,0,Missed,,0.1062,-11.199,-2.2463,11.2,0.1472
376,Rally,None,1,0,55.1486,0.0555,3.5,-15.6259,-2.1821,1.5365,6.7507,1,Run,0,9,Serve,49.9811,42.6241,0.5302,0.7427,-11.302,1.8129,0,0,Forehand follow,1,-0.2333,-59.4923,-92.807,0,0,Missed,,0.1319,-11.1987,-2.1663,11.2,0.1279
377,Rally,None,1,0,55.2599,0.0608,3.5,-15.6222,-2.0463,1.5921,6.337,1,Run,0,9,Serve,51.9884,44.3573,0.5732,0.7412,-11.3381,4.2763,0,0,Forehand follow,1,-0.2583,-56.5666,-94.7166,0,0,Missed,,0.1757,-11.1983,-2.0461,11.2,0.1112
378,Rally,None,1,0,55.3565,0.0679,3.5,-15.6191,-1.9558,1.626,6.0613,1,Run,0,9,Serve,52.0861,44.2838,0.6049,0.7378,-11.355,0.9684,0,0,Forehand follow,1,-0.275,-53.213,-97.1059,4.7503,0,Missed,,0.2083,-11.1979,-1.9661,11.2,0.0967
379,Rally,None,1,0,55.4406,0.0779,3.5,-15.6162,-1.82,1.6721,5.6476,1,Run,0,9,Serve,52.1382,44.2586,0.6996,0.7506,-11.3406,0.1745,0,0,Forehand follow,0,9,-51.4269,-97.0482,2.3909,0,Missed,,0.2625,-11.1974,-1.8459,11.2,0.0841
380,Rally,None,1,0,55.5137,0.0894,3.5,-15.6137,-1.7295,1.6998,5.3719,1,Run,0,9,Serve,52.1316,44.2964,0.7726,0.7623,-11.3527,1.0198,0,0,Run,0,9,-47.1508,-50.4124,4.8356,0,Missed,,0.3021,-11.197,-1.7658,11.2,0.0731
381,Rally,None,1,0,55.5772,0.1025,3.5,-15.6115,-1.639,1.7249,5.0961,1,Run,0,9,Serve,52.0505,44.4116,0.8169,0.7578,-11.3503,0.3028,0,0,Run,0,9,-47.1176,-50.3729,0.3941,0,Missed,,0.3444,-11.1966,-1.6858,11.2,0.0635
382,Rally,None,1,0,55.6325,0.1188,3.5,-15.6095,-1.5032,1.7578,4.6824,1,Run,0,9,Serve,51.8829,44.6165,0.8893,0.752,-11.3455,0.4451,0,0,Run,0,9,-47.4063,-50.0146,0.9454,0,Missed,,0.4132,-11.1959,-1.5656,11.2,0.0552
383,Rally,None,1,0,55.6805,0.1365,3.5,-15.6076,-1.4127,1.7767,4.4067,1,Run,0,9,Serve,51.5879,44.9534,0.9446,0.7493,-11.3381,1.4762,0,0,Run,0,9,-48.0749,-49.2785,0.5864,0,Missed,,0.4625,-11.1954,-1.4856,11.2,0.048
384,Rally,None,1,0,55.7222,0.1576,3.5,-15.6059,-1.2769,1.8002,3.993,1,Run,0,9,Serve,51.1297,45.4568,0.958,0.7152,-11.316,0,0,0,Run,0,9,-48.9264,-48.3624,2.2002,0,Missed,,0.5416,-11.1947,-1.3654,11.2,0.0417
385,Rally,None,1,0,55.7585,0.1799,3.5,-15.6044,-1.1864,1.8128,3.7173,1,Run,0,9,Serve,50.5388,46.0979,1.0274,0.7189,-11.3039,0,0,0,Run,0,9,-49.8828,-47.3451,2.0044,0,Missed,,0.5979,-11.1941,-1.2853,11.2,0.0363
386,Rally,None,1,0,55.7901,0.2036,3.5,-15.603,-1.0958,1.8228,3.4415,1,Run,0,9,Serve,49.9045,46.7859,1.1001,0.7257,-11.2914,0,0,0,Run,0,9,-50.9097,-46.2607,1.1356,0,Missed,,0.6569,-11.1935,-1.2053,11.2,0.0316
387,Rally,None,1,0,55.8175,0.231,3.5,-15.6016,-0.9601,1.8332,3.0278,1,Run,0,9,Serve,49.1876,47.5602,1.2072,0.7375,-11.2765,0,0,0,Run,0,9,-51.711,-45.4058,1.602,0,Missed,,0.7507,-11.1926,-1.0851,11.2,0.0274
388,Rally,None,1,0,55.8413,0.2595,3.5,-15.6004,-0.8695,1.837,2.7521,1,Run,0,9,Serve,48.379,48.4311,1.2869,0.7542,-11.2604,2.978,0,0,Run,0,9,-52.3393,-44.7282,2.4725,0,Missed,,0.8166,-11.1919,-1.0051,11.2,0.0238
389,Rally,None,1,0,55.8621,0.2917,3.5,-15.5991,-0.7338,1.838,2.3384,1,Run,0,9,Serve,47.6718,49.2034,1.407,0.7875,-11.2491,0.4067,0,0,Run,0,9,-52.6582,-44.3647,1.0811,0,Missed,,0.9208,-11.1909,-0.8849,11.2,0.0207
390,Rally,None,1,0,55.8801,0.325,3.5,-15.598,-0.6433,1.8355,2.0627,1,Run,0,9,Serve,47.1145,49.8308,1.4918,0.8154,-11.243,0.5238,0,0,Run,0,9,-52.5744,-44.4086,2.0565,0,Missed,,0.9937,-11.1902,-0.8048,11.2,0.018
391,Rally,None,1,0,55.8957,0.3594,3.5,-15.5968,-0.5527,1.8305,1.7869,1,Run,0,9,Serve,46.7195,50.2997,1.5743,0.8331,-11.2346,1.2906,0,0,Run,0,9,-52.1801,-44.7681,0.4586,0,Missed,,1.0694,-11.1895,-0.7248,11.2,0.0157
392,Rally,None,1,0,55.9094,0.3978,3.5,-15.5957,-0.417,1.8183,1.3732,1,Run,0,9,Serve,46.6347,50.461,1.6904,0.8486,-11.2298,0.6997,0,0,Run,0,9,-51.5143,-45.4047,0,0,Missed,,1.1881,-11.1883,-0.6046,11.2,0.0136
393,Rally,None,1,0,55.9212,0.4372,3.5,-15.5946,-0.3264,1.807,1.0975,1,Run,0,9,Serve,46.928,50.2489,1.768,0.8602,-11.2334,4.8506,0,0,Run,0,9,-50.5652,-46.3301,0,0,Missed,,1.2708,-11.1875,-0.5246,11.2,0.0118
394,Rally,None,1,0,55.9315,0.4806,3.5,-15.5935,-0.1907,1.7854,0.6838,1,Run,0,9,Serve,47.5092,49.7519,1.8888,0.8357,-11.241,2.5756,0,0,Run,0,9,-49.6189,-47.2591,0,0,Missed,,1.3999,-11.1862,-0.4044,11.2,0.0103
395,Rally,None,1,0,55.9405,0.5249,3.5,-15.5925,-0.1001,1.7678,0.4081,1,Run,0,9,Serve,48.432,48.918,1.9559,0.7925,-11.2526,11.4179,0,0,Run,0,9,-48.6467,-48.2203,4.2998,0,Missed,,1.4895,-11.1853,-0.3243,11.2,0.0089
396,Rally,None,1,0,55.9482,0.57,3.5,-15.5914,-0.0096,1.7478,0.1323,1,Forehand prepare 0.04,0,9,Serve,46.7036,43.044,1.9962,0.7271,-11.3985,0.805,0.2083,0.1667,Run,0,9,-47.8156,-49.0464,0.7493,0,Missed,,1.5819,-11.1844,-0.2443,11.2,0.0078
397,Rally,None,1,0,55.955,0.6195,3.5,-15.5903,0.1262,1.713,-0.2814,1,Forehand prepare 0.08,0,9,Serve,56.5481,43.8572,2.1176,0.7463,-11.2581,2.8211,0.4167,0.3333,Run,0,9,-47.3137,-49.5502,0.1052,0,Missed,,1.7256,-11.183,-0.1241,11.2,0.0068
398,Rally,None,1,0,55.9609,0.6695,3.5,-15.5892,0.2167,1.6867,-0.5571,1,Forehand prepare 0.13,0,9,Serve,58.3448,47.7743,2.197,0.7624,-11.3532,4.6545,0.625,0.5,Run,0,9,-47.0797,-49.7932,0.6487,0,Missed,,1.8225,-11.182,-0.0441,11.2,0.0059
399,Rally,None,1,0,55.9539,0.7231,3.5,-15.5881,0.3525,1.6425,-0.9708,1,Forehand prepare 0.17,0,9,Serve,58.9262,47.7886,2.3277,0.776,-11.3901,3.7609,0.8333,0.6667,Run,0,9,-47.2028,-49.6854,0.1117,0,Missed,,1.9626,-11.1806,0,11.2,-0.007
400,Rally,None,1,0,55.9387,0.7761,3.5,-15.587,0.443,1.6098,-1.2465,1,Forehand prepare 0.23,0,9,Serve,62.0441,49.6395,2.4017,0.7607,-11.3957,3.9274,1,0.8333,Ready,0,9,-40.0185,-42.4882,5.2613,0,Missed,,2.0525,-11.1798,0,11.2,-0.0152
401,Rally,None,1,0,55.9164,0.8284,3.5,-15.586,0.5335,1.5747,-1.5223,1,Forehand prepare 0.26,0,9,Serve,58.9325,51.132,2.5122,0.7562,-11.3908,0,1,1,Ready,0,9,-32.6284,-34.9951,0.8328,0,Missed,,2.1396,-11.1789,0,11.2,-0.0223
402,Rally,None,1,0,55.8834,0.883,3.5,-15.5849,0.6693,1.5174,-1.936,1,Forehand prepare 0.30,0,9,Serve,62.6142,52.9699,2.6192,0.7435,-11.3976,0,1,1,Ready,0,9,-25.0744,-27.3495,0.7442,0,Missed,,2.2652,-11.1777,0,11.2,-0.033
403,Rally,None,1,0,55.8456,0.9361,3.5,-15.5838,0.7598,1.476,-2.2117,1,Forehand prepare 0.36,0,9,Serve,61.7509,55.6292,2.7603,0.7641,-11.4383,0,1,1,Ready,0,9,-17.4185,-19.683,0.636,0,Missed,,2.3454,-11.1769,0,11.2,-0.0378
404,Rally,None,1,0,55.7991,0.9906,3.5,-15.5828,0.8956,1.4092,-2.6254,1,Forehand prepare 0.39,0,9,Serve,60.9364,58.2119,2.9173,0.7965,-11.4766,0,1,1,Ready,0,9,-9.7249,-12.1356,0.5981,0,Missed,,2.4605,-11.1757,0,11.2,-0.0465
405,Rally,None,1,0,55.7495,1.0433,3.5,-15.5818,0.9861,1.3615,-2.9011,1,Forehand prepare 0.45,0,9,Serve,59.7924,63.1428,3.021,0.8668,-11.5439,3.0483,1,1,Ready,0,9,-2.1078,-4.8138,0,0,Missed,,2.5337,-11.175,0,11.2,-0.0495
406,Rally,None,1,0,55.6974,1.0941,3.5,-15.5808,1.0766,1.3114,-3.1769,1,Forehand prepare 0.49,0,9,Serve,57.4769,65.9638,3.0987,0.9395,-11.5775,1.1055,1,1,Ready,0,9,5.2436,2.1931,0,0,Missed,,2.6042,-11.1743,0,11.2,-0.0522
407,Rally,None,1,0,55.6384,1.1455,3.5,-15.5798,1.2124,1.2314,-3.5905,1,Forehand prepare 0.52,0,9,Serve,55.1356,68.3366,3.1942,1.0127,-11.6128,0.9017,1,1,Ready,0,9,6.5539,3.5006,1.1401,0,Missed,,2.7047,-11.1733,0,11.2,-0.059
408,Rally,None,1,0,55.578,1.1948,3.5,-15.5789,1.3029,1.175,-3.8663,1,Forehand prepare 0.58,0,9,Serve,56.2592,70.3429,3.218,1.1145,-11.6715,0.9727,1,1,Ready,0,9,6.5278,3.2698,0.5612,0,Missed,,2.7682,-11.1727,0,11.2,-0.0604
409,Rally,None,1,0,55.5119,1.244,3.5,-15.5779,1.4387,1.0856,-4.28,1,Forehand prepare 0.62,0,9,Serve,56.4477,71.0486,3.2699,1.1838,-11.694,2.0549,1,1,Ready,0,9,6.5669,3.095,0.7276,0,Missed,,2.8583,-11.1718,0,11.2,-0.0661
410,Rally,None,1,0,55.4453,1.291,3.5,-15.5771,1.5292,1.0229,-4.5557,1,Forehand prepare 0.67,0,9,Serve,51.6499,75.1104,3.2656,1.2678,-11.7125,9.8279,1,1,Ready,0,9,6.634,3.2057,0.62,0,Missed,,2.9149,-11.1712,0,11.2,-0.0666
411,Rally,None,1,0,55.3783,1.3342,3.5,-15.5763,1.6197,0.9576,-4.8315,1,Forehand prepare 0.71,0,9,Serve,45.0267,79.4202,3.2569,1.3287,-11.7147,6.3672,1,1,Ready,0,9,6.7674,3.5322,0.4818,0,Missed,,2.9495,-11.1709,0,11.2,-0.067
412,Rally,None,1,0,55.3065,1.3719,3.5,-15.5756,1.7555,0.8551,-5.2451,1,Forehand prepare 0.75,0,9,Serve,39.7883,77.6369,3.2405,1.3299,-11.7131,6.6479,1,1,Ready,0,9,6.9785,4.0933,0.3448,0,Missed,,2.9495,-11.1709,0,11.2,-0.0718
413,Rally,None,1,0,55.235,1.4046,3.5,-15.575,1.846,0.7836,-5.5209,1,Forehand prepare 0.80,0,9,Serve,39.8854,73.7096,3.1947,1.3343,-11.7066,6.5356,1,1,Ready,0,9,7.3022,4.8526,0.2575,0,Missed,,2.9495,-11.1709,0,11.2,-0.0715
414,Rally,None,1,0,55.1592,1.433,3.5,-15.5744,1.9818,0.6716,-5.9346,1,Forehand prepare 0.84,0,9,Serve,37.5134,68.1962,3.2052,1.2903,-11.6953,1.5056,1,1,Ready,0,9,7.7356,5.8383,0.1005,0,Missed,,2.9495,-11.1709,0,11.2,-0.0758
415,Rally,None,1,0,55.0843,1.4577,3.5,-15.574,2.0723,0.5939,-6.2103,1,Forehand prepare 0.90,0,9,Serve,30.939,60.8891,3.2421,1.215,-11.6746,1.9851,1,1,Ready,0,9,8.405,6.8752,0.1805,0,Missed,,2.9495,-11.1709,0,11.2,-0.075
416,Rally,None,1,0,55.01,1.4792,3.5,-15.5736,2.1628,0.5136,-6.4861,1,Forehand prepare 0.93,0,9,Serve,23.6933,54.4301,3.2819,1.1245,-11.6408,3.3259,1,1,Ready,0,9,9.5155,7.7831,0.1015,0,Missed,,2.9495,-11.1709,0,11.2,-0.0742
417,Rally,None,1,0,54.9319,1.4979,3.5,-15.5732,2.2986,0.3884,-6.8997,1,Forehand prepare 0.97,0,9,Serve,19.2501,52.0694,3.2746,1.0226,-11.6207,1.772,1,1,Ready,0,9,10.8051,8.6338,0.2465,0,Missed,,2.9495,-11.1709,0,11.2,-0.0781
418,Rally,None,1,0,54.8549,1.5141,3.5,-15.5729,2.3891,0.3019,-7.1755,1,Forehand prepare 1.00,0,9,Serve,16.7076,49.3511,3.2659,0.9411,-11.5853,0.438,1,1,Ready,0,9,12.174,9.464,0.4785,0,Missed,,2.9495,-11.1709,0,11.2,-0.077
419,Rally,None,1,0,54.7743,1.5283,3.5,-15.5727,2.5249,0.1673,-7.5892,1,Forehand prepare 1.00,0,9,Serve,19.9055,52.2445,3.236,0.9405,-11.6035,0.5628,1,1,Ready,0,9,13.3622,10.195,0.4798,0,Missed,,2.9495,-11.1709,0,11.2,-0.0806
420,Rally,None,1,0,54.7019,1.5405,3.5,-15.5724,2.6154,0.1,-7.8649,1,Forehand prepare 1.00,1,0.1645,LowPickup,12.0386,40.753,3.2744,0.7899,-11.3666,0.7793,1,1,Ready,0,9,14.0826,10.8088,0.5892,0,Missed,,2.9495,-11.1709,0,11.2,-0.0724
421,Rally,None,1,0,54.6299,1.5512,3.5,-15.5722,2.6995,0.1656,-8.1211,1,Forehand swing,1,0.1478,LowPickup,11.561,39.4398,3.2793,0.7899,-11.3439,0.8875,1,1,Ready,0,9,14.3623,11.1672,0.359,0,Missed,,2.9495,-11.1709,0,11.2,-0.072
422,Rally,None,1,0,54.5537,1.5605,3.5,-15.5721,2.8256,0.259,-8.5053,1,Forehand swing,1,0.1228,LowPickup,9.6645,37.1138,3.2771,0.7724,-11.3192,0.3204,1,1,Ready,0,9,14.0488,11.116,0.3372,0,Missed,,2.9495,-11.1709,0,11.2,-0.0762
423,Rally,None,1,0,54.4783,1.5685,3.5,-15.5719,2.9097,0.318,-8.7614,1,Forehand swing,1,0.1062,LowPickup,8.5214,34.3876,3.2753,0.7575,-11.2896,0.5189,1,1,Ready,0,9,13.4061,10.7069,0,0,Missed,,2.9495,-11.1709,0,11.2,-0.0753
424,Rally,None,1,0,54.3992,1.5756,3.5,-15.5718,3.0358,0.4015,-9.1457,1,Forehand swing,1,0.0812,LowPickup,4.8151,27.3005,3.2763,0.7297,-11.1944,0.4166,1,1,Ready,0,9,12.5855,9.8961,0,0,Missed,,2.9495,-11.1709,0,11.2,-0.0791
425,Rally,None,1,0,54.3214,1.5817,3.5,-15.5717,3.1199,0.4539,-9.4018,1,Forehand swing,1,0.0645,LowPickup,3.0043,18.5284,3.2685,0.7104,-11.1369,0.5221,1,1,Ready,0,9,11.743,8.8158,0,0,Missed,,2.9495,-11.1709,0,11.2,-0.0778
426,Rally,None,1,0,54.2447,1.587,3.5,-15.5716,3.204,0.5037,-9.658,1,Forehand swing,1,0.0528,LowPickup,2.35,11.5894,3.3498,0.8792,-10.6343,3.2424,1,1,Ready,0,9,11.0943,7.5085,6.5496,0,Missed,,2.9495,-11.1709,0,11.2,-0.0767
427,Rally,None,1,0,54.1643,1.5916,3.5,-15.5715,3.3301,0.5734,-10.0422,1,Forehand swing,1,0.0352,LowPickup,-0.2443,0.975,3.2477,0.8664,-10.6587,21.1593,1,1,Ready,0,9,10.5788,6.1847,0.5286,0,Missed,,2.9495,-11.1709,0,11.2,-0.0803
428,Rally,None,1,0,54.0854,1.5956,3.5,-15.5714,3.4142,0.6166,-10.2983,1,Forehand swing,1,0.0235,LowPickup,-0.4644,-7.3481,3.2244,0.6962,-10.7416,0.2968,1,1,Ready,0,9,10.1836,5.0386,0.6944,0,Missed,,2.9495,-11.1709,0,11.2,-0.0789
429,Rally,None,1,0,54.0089,1.599,3.5,-15.5713,3.5403,0.6764,-10.6826,1,Forehand swing,1,0.0059,LowPickup,-2.4556,-18.1392,3.2155,0.9208,-10.8209,0.149,1,1,Ready,0,9,9.9816,4.1313,0.6641,0,Missed,,2.9495,-11.1709,0,11.2,-0.0765
430,Rally,None,1,0.055,54.2691,1.5976,3.5048,-15.5706,3.5065,0.7539,-10.3698,1,Forehand swing,1,-0.0083,LowPickup,-3.3263,-23.2238,3.2107,0.9101,-10.8403,0.0418,1,1,Ready,0,9,10.0502,3.5979,0.4964,0.6917,Perfect,P:Perfect;,2.9495,-11.1709,0,11.2,0.2601
431,Rally,None,1,0.0383,54.4952,1.5897,3.5007,-15.5718,3.5065,0.7539,-10.3698,1,Forehand follow,1,-0.0083,LowPickup,-3.2725,-21.1538,3.2107,0.9101,-10.8404,0.2234,1,1,Ready,0,9,10.3515,3.3936,0.1802,0.6333,Perfect,,2.9495,-11.1709,0,11.2,0.2261
432,Rally,None,1,0.0217,54.6918,1.5947,3.497,-15.5723,3.5065,0.7539,-10.3698,1,Forehand follow,1,-0.0083,LowPickup,-3.2725,-21.1538,3.2107,0.9101,-10.8404,0,1,1,Ready,0,9,10.8625,3.5644,0.4284,0.575,Perfect,,2.9495,-11.1709,0,11.2,0.1966
433,Rally,None,1,0.005,54.8627,1.6093,3.4863,-15.5737,3.5065,0.7539,-10.3698,1,Forehand follow,1,-0.0083,LowPickup,-3.2725,-21.1538,3.2107,0.9101,-10.8404,0.0001,1,1,Ready,0,9,11.6199,3.9737,0.7022,0.5167,Perfect,,2.9495,-11.1709,0,11.2,0.1709
434,Rally,None,1,-0.0117,55.0113,1.5967,3.4932,-15.5731,3.5065,0.7539,-10.3698,1,Forehand follow,1,-0.0083,LowPickup,-3.2725,-21.1538,3.2107,0.9101,-10.8404,0.0001,1,1,Ready,0,9,12.7197,4.5092,0.7758,0.4583,Perfect,,2.9495,-11.1709,0,11.2,0.1486
435,Rally,None,1,-0.0117,55.1404,1.5975,3.493,-15.5731,3.4306,0.8101,-10.049,1,Forehand follow,1,-0.025,LowPickup,-4.7905,-27.3915,3.2062,0.8891,-10.8589,0,1,1,Ready,0,9,13.9579,5.1654,0.7583,0.4,Perfect,,2.9474,-11.1709,0,11.2,0.1292
436,Rally,None,1,-0.0117,55.2527,1.6103,3.4879,-15.5735,3.3548,0.8638,-9.7282,1,Forehand follow,1,-0.0417,LowPickup,-6.4715,-30.38,3.203,0.8742,-10.8927,0.3499,1,1,Ready,0,9,15.2128,5.8886,0.659,0.3417,Perfect,,2.9425,-11.171,0,11.2,0.1123
437,Rally,None,1,-0.0117,55.3504,1.605,3.492,-15.573,3.241,0.9396,-9.247,1,Forehand follow,1,-0.0667,LowPickup,-8.997,-34.3721,3.2168,0.8787,-10.9282,0.1848,1,1,Ready,0,9,16.3573,6.7189,0.5545,0.2833,Perfect,,2.93,-11.1711,0,11.2,0.0976
438,Rally,None,1,-0.0117,55.4352,1.6038,3.4926,-15.5729,3.1651,0.987,-8.9262,1,Forehand follow,1,-0.0833,LowPickup,-10.5462,-35.0414,3.1789,0.8778,-10.9029,6.1687,1,1,Ready,0,9,17.2239,7.7051,0.4196,0.225,Perfect,,2.9182,-11.1712,0,11.2,0.0849
439,Rally,None,1,-0.0117,55.509,1.605,3.4904,-15.5732,3.0513,1.0532,-8.445,1,Forehand follow,1,-0.1083,LowPickup,-13.0582,-37.2657,3.1878,0.8382,-10.9269,29.1753,1,1,Ready,0,9,17.8358,8.7609,0.2838,0.1667,Perfect,,2.8953,-11.1714,0,11.2,0.0738
440,Rally,None,1,-0.0117,55.5732,1.6,3.4923,-15.5729,2.9755,1.0941,-8.1242,1,Forehand follow,1,-0.125,LowPickup,-17.4639,-39.1519,3.1433,0.9113,-10.8911,0.9307,1,1,Ready,0,9,18.1128,9.8518,0.0335,0.1083,Perfect,,2.8766,-11.1716,0,11.2,0.0641
441,Rally,None,1,-0.0117,55.6289,1.594,3.4934,-15.5729,2.8996,1.1326,-7.8034,1,Forehand follow,1,-0.1417,LowPickup,-22.6195,-42.6073,3.0563,0.9987,-10.8537,1.0733,1,1,Ready,0,9,18.2026,10.8786,0.0769,0.05,Perfect,,2.855,-11.1718,0,11.2,0.0558
442,Rally,None,1,-0.0117,55.6774,1.5889,3.4946,-15.5727,2.7858,1.1854,-7.3222,1,Forehand follow,1,-0.1667,LowPickup,-28.568,-47.9737,2.9075,1.1004,-10.8253,0.9938,1,1,Ready,0,9,18.175,11.749,0.0325,0,Perfect,,2.8175,-11.1722,0,11.2,0.0485
443,Rally,None,1,-0.0117,55.7195,1.5817,3.4953,-15.5727,2.71,1.2174,-7.0013,1,Forehand follow,1,-0.1833,LowPickup,-34.4118,-52.6292,2.7979,1.1287,-10.8173,1.1244,1,1,Ready,0,9,18.1638,12.42,0.0493,0,Perfect,,2.7891,-11.1725,0,11.2,0.0421
444,Rally,None,1,-0.0117,55.7562,1.572,3.4959,-15.5727,2.5962,1.2607,-6.5201,1,Forehand follow,1,-0.2083,LowPickup,-39.4824,-59.0373,2.6549,1.1801,-10.8342,3.3617,1,1,Ready,0,9,18.366,12.7746,0.0395,0,Perfect,,2.7412,-11.173,0,11.2,0.0366
445,Rally,None,1,-0.0117,55.788,1.5611,3.4964,-15.5728,2.5203,1.2864,-6.1993,1,Forehand follow,1,-0.225,LowPickup,-41.4023,-63.7146,2.5477,1.1868,-10.8479,13.8317,1,1,Ready,0,9,18.6363,12.9535,0.0402,0,Perfect,,2.7057,-11.1733,0,11.2,0.0319
446,Rally,None,1,-0.0117,55.8157,1.5488,3.4969,-15.5729,2.4445,1.3095,-5.8785,1,Forehand follow,1,-0.2417,LowPickup,-42.764,-67.7083,2.4472,1.1817,-10.8643,0.9322,1,1,Ready,0,9,18.9376,13.0611,0.0174,0,Perfect,,2.6676,-11.1737,0,11.2,0.0277
447,Rally,None,1,-0.0117,55.8398,1.5336,3.4973,-15.5731,2.3307,1.3394,-5.3973,1,Forehand follow,1,-0.2667,LowPickup,-43.9254,-73.1682,2.3137,1.1639,-10.9036,6.9545,1,1,Ready,0,9,19.1557,13.0723,0.0837,0,Perfect,,2.6051,-11.1743,-0.1201,11.2,0.0241
448,Rally,None,1,-0.0117,55.8607,1.5172,3.4977,-15.5733,2.2548,1.3562,-5.0765,1,Forehand follow,0,9,LowPickup,-42.8255,-75.0897,2.2434,1.1413,-10.9037,0,1,1,Run,0,9,23.0839,18.4718,0.51,0,Perfect,,2.5599,-11.1747,-0.2002,11.2,0.0209
449,Rally,None,1,-0.0117,55.8789,1.4977,3.498,-15.5736,2.141,1.3765,-4.5953,1,Run,0,9,LowPickup,-39.5629,-57.1131,2.2631,0.9524,-10.7737,9.0634,0.9167,0.8333,Run,0,9,26.8182,23.9256,0.287,0,Perfect,,2.487,-11.1755,-0.3203,11.2,0.0182
450,Rally,None,1,-0.0117,55.8947,1.477,3.4982,-15.5739,2.0652,1.3869,-4.2745,1,Run,0,9,LowPickup,-40.4053,-56.3228,2.2227,0.9018,-10.7668,1.6911,0.8333,0.6667,Run,0,9,30.5427,29.2914,0.7921,0,Perfect,,2.4349,-11.176,-0.4004,11.2,0.0158
451,Rally,None,1,-0.0117,55.9085,1.4551,3.4985,-15.5742,1.9893,1.3947,-3.9537,1,Run,0,9,LowPickup,-41.1593,-55.5945,2.184,0.8642,-10.7637,1.117,0.75,0.5,Run,0,9,34.5395,34.481,0,0,Perfect,,2.3801,-11.1765,-0.4805,11.2,0.0138
452,Rally,None,1,-0.0117,55.9205,1.4297,3.4987,-15.5747,1.8755,1.4016,-3.4725,1,Run,0,9,LowPickup,-42.3242,-54.4835,2.0762,0.8837,-10.7758,0.7729,0.6667,0.3333,Run,0,9,38.9568,39.4343,13.2639,0,Perfect,,2.2926,-11.1774,-0.6006,11.2,0.012
453,Rally,None,1,-0.0117,55.9308,1.4032,3.4988,-15.5751,1.7997,1.4031,-3.1517,1,Run,0,9,LowPickup,-44.1295,-52.7076,2.1476,0.8805,-10.6924,0.3993,0.5833,0.1667,Run,0,9,43.9685,44.0615,4.6546,0,Perfect,,2.2308,-11.178,-0.6807,11.2,0.0104
454,Rally,None,1,-0.0117,55.9399,1.3731,3.499,-15.5756,1.6859,1.4005,-2.6705,1,Run,0,9,LowPickup,-46.764,-49.9915,2.1056,0.7852,-10.8437,2.7086,0.5,0,Run,0,9,49.3907,48.5116,0,0,Perfect,,2.1329,-11.179,-0.6828,11.2,0.009
455,Rally,None,1,-0.0117,55.9477,1.3421,3.4991,-15.5761,1.61,1.3956,-2.3497,1,Run,0,9,LowPickup,-46.9549,-49.8112,2.0325,0.7875,-10.8422,11.2965,0.4167,0,Ready,0,9,44.8141,42.7605,9.1173,0,Perfect,,2.0641,-11.1796,-0.6828,11.2,0.0079
456,Rally,None,1,-0.0117,55.9546,1.31,3.4992,-15.5767,1.5342,1.3881,-2.0289,1,Run,0,9,LowPickup,-47.3683,-49.2799,1.9528,0.8053,-10.8352,0.5614,0.3333,0,Backhand prepare 0.02,0,9,37.2791,33.1897,4.8558,0,Perfect,,1.9941,-11.1803,-0.6828,11.2,0.0068
457,Rally,None,1,-0.0117,55.9605,1.2746,3.4993,-15.5773,1.4204,1.3721,-1.5476,1,Run,0,9,LowPickup,-48.0129,-48.507,1.8739,0.8152,-10.8243,0.8078,0.25,0,Backhand prepare 0.06,0,9,29.5129,27.0905,8.8121,0,Perfect,,1.8891,-11.1814,-0.6828,11.2,0.0059
458,Rally,None,1,-0.0117,55.9657,1.2388,3.4994,-15.5779,1.3445,1.3583,-1.2268,1,Run,0,9,LowPickup,-48.7134,-47.6611,1.7864,0.8154,-10.8126,2.3564,0.1667,0,Backhand prepare 0.12,0,9,21.3496,23.4378,0.4167,0,Perfect,,1.8191,-11.1821,-0.6828,11.2,0.0052
459,Rally,None,1,-0.0117,55.9701,1.2001,3.4995,-15.5786,1.2308,1.3327,-0.7456,1,Run,0,9,LowPickup,-49.5527,-46.7384,1.6624,0.8025,-10.8008,0.8067,0.0833,0,Backhand prepare 0.15,0,9,13.4593,17.1797,0.3418,0,Perfect,,1.7141,-11.1831,-0.6828,11.2,0.0045
460,Rally,None,1,-0.0117,55.974,1.1615,3.4996,-15.5793,1.1549,1.3125,-0.4248,1,Run,0,9,LowPickup,-50.428,-45.8119,1.5727,0.7955,-10.79,3.0029,0,0,Backhand prepare 0.21,0,9,3.6092,9.5741,0.4178,0,Perfect,,1.6441,-11.1838,-0.6828,11.2,0.0039
461,Rally,None,1,-0.0117,55.9774,1.1228,3.4996,-15.5799,1.079,1.2897,-0.104,1,Run,0,9,LowPickup,-51.1221,-45.0698,1.4851,0.8355,-10.7818,1.1831,0,0,Backhand prepare 0.25,0,9,-0.5735,4.7852,0.1264,0,Perfect,,1.5741,-11.1845,-0.6828,11.2,0.0034
462,Rally,None,1,-0.0117,55.9311,1.0817,3.4997,-15.5807,0.9653,1.2508,0.3772,1,Run,0,9,LowPickup,-51.6896,-44.4575,1.3665,0.8576,-10.776,0.7003,0,0,Backhand prepare 0.28,0,9,-4.179,-0.0599,0.1029,0,Perfect,,1.4691,-11.1855,-0.6828,11.2,-0.0463
463,Rally,None,1,-0.0117,55.8489,1.0409,3.4997,-15.5814,0.8894,1.2217,0.698,1,Run,0,9,LowPickup,-52.0624,-44.0437,1.2907,0.869,-10.7755,2.5859,0,0,Backhand prepare 0.34,0,9,-9.6622,-7.3139,5.7,0,Perfect,,1.3991,-11.1862,-0.6828,11.2,-0.0822
464,Rally,None,1,-0.0117,55.7146,0.9979,3.4998,-15.5822,0.7756,1.1732,1.1792,1,Run,0,9,LowPickup,-52.1342,-43.9348,1.1849,0.8714,-10.7761,0.8792,0,0,Backhand prepare 0.38,0,9,-14.8753,-13.7997,1.0572,0,Perfect,,1.2941,-11.1872,-0.6828,11.2,-0.1343
465,Rally,None,1,-0.0117,55.5559,0.9555,3.4998,-15.5829,0.6998,1.1377,1.5,1,Run,0,9,LowPickup,-51.9334,-44.1026,1.1189,0.8618,-10.778,1.566,0,0,Backhand prepare 0.43,0,9,-20.9204,-22.0816,0.5591,0,Perfect,,1.2242,-11.1879,-0.6828,11.2,-0.1587
466,Rally,None,1,-0.0117,55.3761,0.9136,3.4998,-15.5837,0.6239,1.0996,1.8208,1,Run,0,9,LowPickup,-51.5283,-44.4789,1.0573,0.8305,-10.7839,0.8472,0,0,Backhand prepare 0.47,0,9,-23.8108,-26.3599,0,0,Perfect,,1.1542,-11.1886,-0.6828,11.2,-0.1799
467,Rally,None,1,-0.0117,55.1568,0.8696,3.4998,-15.5844,0.5101,1.0377,2.302,1,Run,0,9,LowPickup,-50.9055,-45.0777,0.9664,0.8047,-10.7952,0,0,0,Backhand prepare 0.50,0,9,-26.4545,-31.1711,0,0,Perfect,,1.0492,-11.1896,-0.6828,11.2,-0.2192
468,Rally,None,1,-0.0117,54.9243,0.8264,3.4999,-15.5852,0.4343,0.9933,2.6228,1,Run,0,9,LowPickup,-50.0839,-45.8795,0.9147,0.7842,-10.8052,0,0,0,Backhand prepare 0.56,0,9,-31.4271,-39.8829,0.1886,0,Perfect,,0.9792,-11.1903,-0.6828,11.2,-0.2325
469,Rally,None,1,-0.0117,54.6593,0.7812,3.4999,-15.586,0.3205,0.9219,3.104,1,Run,0,9,LowPickup,-49.2705,-46.6783,0.8279,0.7691,-10.8158,0,0,0,Backhand prepare 0.60,0,9,-36.8486,-46.38,0.685,0,Perfect,,0.8742,-11.1914,-0.6828,11.2,-0.265
470,Rally,None,1,-0.0117,54.3871,0.737,3.4999,-15.5868,0.2446,0.8711,3.4249,1,Run,0,9,LowPickup,-48.4462,-47.4931,0.7763,0.7607,-10.8281,3.9527,0,0,Backhand prepare 0.65,0,9,-47.1066,-59.1382,3.2546,0,Perfect,,0.8042,-11.1921,-0.6828,11.2,-0.2723
471,Rally,None,1,-0.0117,54.1084,0.6934,3.4999,-15.5876,0.1688,0.8177,3.7457,1,Run,0,9,LowPickup,-47.6649,-48.2694,0.725,0.7605,-10.8427,0.9133,0,0,Backhand prepare 0.69,0,9,-53.8836,-69.1677,0.4626,0,Perfect,,0.7342,-11.1928,-0.6828,11.2,-0.2786
472,Rally,None,1,-0.0117,53.8034,0.6481,3.4999,-15.5884,0.055,0.7329,4.2269,1,Run,0,9,LowPickup,-47.1188,-48.815,0.6348,0.7727,-10.8547,0.615,0,0,Backhand prepare 0.73,0,9,-59.3189,-79.692,0.9986,0,Perfect,,0.6292,-11.1938,-0.6828,11.2,-0.3051
473,Rally,None,1,-0.0117,53.4962,0.6036,3.4999,-15.5892,-0.0209,0.6732,4.5477,1,Run,0,9,LowPickup,-46.7806,-49.1582,0.531,0.7823,-10.8618,0.6738,0,0,Backhand prepare 0.78,0,9,-65.8887,-93.0786,0.6374,0,Perfect,,0.5599,-11.1945,-0.6828,11.2,-0.3071
474,Rally,None,1,-0.0117,53.1663,0.5579,3.4999,-15.59,-0.1347,0.5788,5.0289,1,Run,0,9,LowPickup,-46.6626,-49.2858,0.4345,0.7851,-10.8649,1.2751,0,0,Backhand prepare 0.82,0,9,-70.0051,-99.489,1.3689,0,Perfect,,0.4612,-11.1955,-0.6828,11.2,-0.3299
475,Rally,None,1,-0.0117,52.8376,0.5137,3.4999,-15.5908,-0.2105,0.5127,5.3497,1,Run,0,9,LowPickup,-46.7975,-49.1637,0.3693,0.7956,-10.8631,0.4895,0,0,Backhand prepare 0.88,0,9,-72.1844,-108.9539,0.487,0,Perfect,,0.3989,-11.1961,-0.6828,11.2,-0.3287
476,Rally,None,1,-0.0117,52.51,0.471,3.5,-15.5916,-0.2864,0.444,5.6705,1,Run,0,9,LowPickup,-47.1627,-48.814,0.3439,0.8088,-10.8566,3.2741,0,0,Backhand prepare 0.91,0,9,-69.2484,-115.5001,0.9046,0,Perfect,,0.3394,-11.1967,-0.6828,11.2,-0.3277
477,Rally,None,1,-0.0117,52.1821,0.4278,3.5,-15.5923,-0.4002,0.3363,6.1517,1,Run,0,9,LowPickup,-47.6511,-48.3436,0.2476,0.8133,-10.8484,0.6399,0,0,Backhand prepare 0.95,0,9,-61.843,-120.2965,0,0,Perfect,,0.2553,-11.1975,-0.6828,11.2,-0.3279
478,Rally,None,1,-0.0117,51.897,0.3865,3.5,-15.5931,-0.476,0.2612,6.4725,1,Run,0,9,LowPickup,-48.1651,-47.8488,0.1827,0.8099,-10.8396,2.6706,0,0,Backhand prepare 1.00,0,9,-44.978,-118.1486,1.1354,0,Perfect,,0.2027,-11.198,-0.6828,11.2,-0.2851
479,Rally,None,1,-0.0117,51.6492,0.3452,3.5,-15.5938,-0.5898,0.1439,6.9537,1,Run,0,9,LowPickup,-48.7652,-47.2694,0.0953,0.8016,-10.8299,3.2549,0,0,Backhand prepare 1.00,1,0.1833,-28.5121,-106.387,0,0,Perfect,,0.129,-11.1987,-0.6828,11.2,-0.2478
480,Rally,None,1,-0.0117,51.4337,0.3061,3.5,-15.5945,-0.6657,0.1,7.2745,1,Run,0,9,LowPickup,-49.3767,-46.6788,0.0356,0.7842,-10.8208,0.5784,0,0,Forehand swing,1,0.1692,-74.6379,-97.2649,13.8499,0,Perfect,,0.0834,-11.1992,-0.6828,11.2,-0.2155
481,Rally,None,1,-0.0117,51.2464,0.269,3.5,-15.5952,-0.7364,0.1584,7.5735,1,Run,0,9,LowPickup,-49.9377,-46.1389,-0.0205,0.7887,-10.8135,0.1072,0,0,Forehand swing,1,0.1551,-60.2596,-73.9708,1.6604,0,Perfect,,0.0405,-11.1996,-0.7628,11.2,-0.1873
482,Rally,None,1,-0.0117,51.0836,0.2339,3.5,-15.5958,-0.8424,0.2409,8.022,1,Run,0,9,LowPickup,-50.3985,-45.6993,-0.0726,0.8107,-10.8079,0.2868,0,0,Forehand swing,1,0.1339,-39.6859,-41.858,2.0702,0,Perfect,,0,-11.2,-0.883,11.2,-0.1628
483,Rally,None,1,-0.0117,50.942,0.2033,3.5,-15.5964,-0.9131,0.2927,8.321,1,Ready,0,9,LowPickup,-41.5569,-37.9412,-0.037,0.8253,-10.8063,1.8812,0,0,Forehand swing,1,0.1198,-19.8114,-12.4437,1.0656,0,Perfect,,0,-11.2,-0.963,11.2,-0.1416
484,Rally,None,1,-0.0117,50.819,0.1768,3.5,-15.5968,-1.0192,0.3653,8.7695,1,Ready,0,9,LowPickup,-32.0741,-29.7998,-0.0017,0.8255,-10.8073,1.8024,0,0,Forehand swing,1,0.0987,-5.1029,9.6627,0.5045,0,Perfect,,0,-11.2,-1.0832,11.2,-0.1231
485,Rally,None,1,-0.0117,50.712,0.1537,3.5,-15.5972,-1.0899,0.4104,9.0685,1,Ready,0,9,LowPickup,-22.388,-21.7143,0.0288,0.8241,-10.812,1.7703,0,0,Forehand swing,1,0.0846,6.4357,24.8062,0.301,0,Perfect,,0,-11.2,-1.1633,11.2,-0.107
486,Rally,None,1,-0.0117,50.619,0.1336,3.5,-15.5976,-1.1606,0.4529,9.3675,1,Ready,0,9,LowPickup,-12.4901,-13.7336,0.06,0.8209,-10.8181,1.7223,0,0,Forehand swing,1,0.0705,12.1874,29.8855,0.8647,0,Perfect,,0,-11.2,-1.1655,11.2,-0.093
487,Rally,None,1,-0.0117,50.5381,0.1161,3.5,-15.5979,-1.2666,0.5116,9.816,1,Ready,0,9,LowPickup,-2.4749,-5.9218,0.088,0.8155,-10.8273,1.6321,0,0,Forehand swing,1,0.0493,5.4551,14.1832,0.6231,0,Perfect,,0,-11.2,-1.1655,11.2,-0.0809
488,Rally,None,1,-0.0117,50.4678,0.101,3.5,-15.5982,-1.3373,0.5474,10.115,1,Ready,0,9,LowPickup,7.5138,1.6536,0.1026,0.8065,-10.8408,1.4861,0,0,Forehand swing,1,0.0352,1.576,0.2851,0.8204,0,Perfect,,0,-11.2,-1.1655,11.2,-0.0703
489,Rally,None,1,-0.0117,50.4067,0.0878,3.5,-15.5984,-1.4434,0.5962,10.5634,1,Ready,0,9,LowPickup,17.3889,8.9547,0.1091,0.7994,-10.8534,1.3165,0,0,Forehand swing,1,0.0141,-0.8923,-12.4843,0.2467,0,Perfect,,0,-11.2,-1.1655,11.2,-0.0611
490,Rally,None,1,-0.0117,51.1374,0.0763,3.5,-15.5986,-1.5141,0.6254,10.7424,1,Ready,0,9,LowPickup,19.3897,10.3952,0.1107,0.7962,-10.8539,0.2284,0,0,Forehand swing,1,0,-1.9308,-20.0037,0.1477,0,Perfect,R;,0,-11.2,-1.1982,11.2,0.7307
491,Rally,None,1,-0.0117,51.7727,0.0663,3.5,-15.5988,-1.5188,0.7092,10.4617,1,Ready,0,9,LowPickup,19.5646,10.5444,0.113,0.7939,-10.8517,0.018,0,0,Forehand swing,1,-0.0167,0.6022,-18.5952,0.775,0,Perfect,,0,-11.2,-1.1181,11.2,0.6353
492,Rally,None,1,-0.0117,52.3249,0.0577,3.5,-15.599,-1.5236,0.7901,10.1809,1,Ready,0,9,LowPickup,19.7555,10.7585,0.115,0.7901,-10.8504,0.0116,0,0,Forehand follow,1,-0.0333,-12.8249,-34.0254,1.5509,0,Perfect,,0,-11.2,-1.038,11.2,0.5523
493,Rally,None,1,-0.0117,52.8051,0.0501,3.5,-15.5991,-1.5307,0.9057,9.7597,1,Ready,0,9,LowPickup,19.9633,11.0123,0.1155,0.7883,-10.8475,0.0098,0,0,Forehand follow,1,-0.0583,-19.0597,-40.1786,1.3902,0,Perfect,,0,-11.2,-0.9179,11.2,0.4801
494,Rally,None,1,-0.0117,53.2224,0.0436,3.5,-15.5992,-1.5355,0.9791,9.4789,1,Ready,0,9,LowPickup,20.206,11.2889,0.1099,0.7931,-10.8396,0.0098,0,0,Forehand follow,1,-0.075,-23.2846,-41.8442,0.8493,0,Perfect,,0,-11.2,-0.8378,11.2,0.4174
495,Rally,None,1,-0.0117,53.5853,0.0376,3.5,-15.5993,-1.5426,1.0835,9.0577,1,Ready,0,9,LowPickup,20.4591,11.5854,0.1009,0.7992,-10.8318,0.0097,0,0,Forehand follow,1,-0.1,-27.8146,-45.1325,0.705,0,Perfect,,-0.0042,-11.2,-0.7177,11.2,0.3629
496,Rally,None,1,-0.0117,53.9008,0.0319,3.5,-15.5994,-1.5474,1.1494,8.7769,1,Run,0,9,LowPickup,12.8881,6.0447,0.0829,0.7944,-10.8225,0.3321,0,0,Forehand follow,1,-0.1167,-31.8599,-47.2624,0.8494,0,Perfect,,-0.0104,-11.2,-0.6376,11.2,0.3155
497,Rally,None,1,-0.0117,54.175,0.0264,3.5,-15.5995,-1.5522,1.2122,8.4962,1,Run,0,9,LowPickup,2.9937,-1.3871,0.0564,0.7919,-10.8141,0,0,0,Forehand follow,1,-0.1333,-36.2437,-50.6983,1.0589,0,Perfect,,-0.0194,-11.2,-0.5575,11.2,0.2742
498,Rally,None,1,-0.0117,54.4134,0.0202,3.5,-15.5996,-1.5593,1.3009,8.075,1,Run,0,9,LowPickup,-7.2363,-9.2512,0.0153,0.796,-10.8076,0,0,0,Forehand follow,1,-0.1583,-41.2268,-56.0562,7.0936,0,Perfect,,-0.0382,-11.2001,-0.4374,11.2,0.2384
499,Rally,None,1,-0.0117,54.6207,0.0137,3.5,-15.5996,-1.5641,1.3563,7.7942,1,Run,0,9,LowPickup,-17.6033,-17.4371,-0.026,0.7991,-10.8034,0,0,0,Forehand follow,1,-0.175,-46.2898,-61.1104,0,0,Perfect,,-0.0542,-11.2001,-0.3573,11.2,0.2073
500,Rally,None,1,-0.0117,54.8009,0.0059,3.5,-15.5997,-1.5712,1.4338,7.373,1,Run,0,9,LowPickup,-27.935,-25.829,-0.084,0.8008,-10.8015,0,0,0,Forehand follow,1,-0.2,-50.2221,-67.2,8.7689,0,Perfect,,-0.0833,-11.2001,-0.2372,11.2,0.1802
501,Rally,None,1,-0.0117,54.9576,-0.0025,3.5,-15.5998,-1.576,1.4817,7.0922,1,Run,0,9,LowPickup,-37.9959,-34.2985,-0.1386,0.802,-10.8004,0,0,0,Forehand follow,1,-0.2167,-51.3831,-72.652,0,0,Perfect,,-0.1062,-11.2001,-0.1571,11.2,0.1567
502,Rally,None,1,-0.0117,55.0937,-0.0117,3.5,-15.5998,-1.5808,1.5267,6.8115,1,Run,0,9,LowPickup,-47.6137,-42.7076,-0.2006,0.8029,-10.8012,0,0,0,Forehand follow,1,-0.2333,-51.4912,-77.0662,0,0,Perfect,,-0.1319,-11.2002,-0.077,11.2,0.1362
503,Rally,None,1,-0.0117,55.2121,-0.0228,3.5,-15.5999,-1.5879,1.5884,6.3903,1,Run,0,9,LowPickup,-51.0832,-46.1918,-0.2566,0.7979,-10.805,0,0,0,Forehand follow,1,-0.2583,-51.1958,-82.503,0,0,Perfect,,-0.1757,-11.2002,0,11.2,0.1184
504,Rally,None,1,-0.0117,55.3151,-0.0348,3.5,-15.5999,-1.5927,1.6259,6.1095,1,Run,0,9,LowPickup,-50.7373,-46.5637,-0.2816,0.7896,-10.8085,0,0,0,Forehand follow,1,-0.275,-39.85,-75.0371,6.4399,0,Perfect,,-0.2083,-11.2003,0,11.2,0.1029
505,Rally,None,1,-0.0117,55.4045,-0.0491,3.5,-15.6,-1.5998,1.6764,5.6883,1,Run,0,9,LowPickup,-50.3682,-46.9618,-0.3276,0.7819,-10.8128,0,0,0,Forehand follow,0,9,-30.0884,-65.84,12.8496,0,Perfect,,-0.2625,-11.2003,0,11.2,0.0895
506,Rally,None,1,-0.0117,55.4823,-0.0644,3.5,-15.6,-1.6046,1.7064,5.4075,1,Run,0,9,LowPickup,-49.9271,-47.4361,-0.3571,0.774,-10.8183,0,0,0,Forehand finish,0,9,-21.8296,-59.9249,1.5712,0,Perfect,,-0.3021,-11.2004,0,11.2,0.0778
507,Rally,None,1,-0.0117,55.55,-0.0807,3.5,-15.6001,-1.6093,1.7334,5.1267,1,Run,0,9,LowPickup,-49.4115,-47.988,-0.3872,0.7663,-10.8253,0.9634,0,0,Forehand finish,0,9,-14.5277,-55.0517,1.3536,0,Perfect,,-0.3444,-11.2004,0,11.2,0.0676
508,Rally,None,1,-0.0117,55.6088,-0.0999,3.5,-15.6001,-1.6165,1.7682,4.7056,1,Run,0,9,LowPickup,-48.8609,-48.5779,-0.4428,0.7595,-10.8335,0.6468,0,0,Forehand finish,0,9,-10.7818,-54.6929,1.1436,0,Perfect,,-0.4132,-11.2005,0,11.2,0.0588
509,Rally,None,1,-0.0117,55.6599,-0.12,3.5,-15.6002,-1.6212,1.7877,4.4248,1,Run,0,9,LowPickup,-48.3198,-49.1626,-0.4794,0.764,-10.8428,1.6077,0,0,Forehand finish,0,9,-13.6032,-60.1296,0.4095,0,Perfect,,-0.4625,-11.2006,0,11.2,0.0511
510,Rally,None,1,-0.0117,55.7043,-0.1433,3.5,-15.6002,-1.6284,1.8113,4.0036,1,Run,0,9,LowPickup,-47.8697,-49.6595,-0.5484,0.7721,-10.8523,0.0739,0,0,Forehand finish,0,9,-16.4379,-65.1292,0.4189,0,Perfect,,-0.5417,-11.2007,0,11.2,0.0444
511,Rally,None,1,-0.0117,55.7429,-0.1675,3.5,-15.6003,-1.6332,1.8233,3.7228,1,Run,0,9,LowPickup,-47.4577,-50.1233,-0.5957,0.7761,-10.8621,0.4808,0,0,Forehand finish,0,9,-19.1989,-69.4988,0.3796,0,Perfect,,-0.5979,-11.2007,0,11.2,0.0386
512,Rally,None,1,-0.0117,55.7765,-0.1928,3.5,-15.6004,-1.6379,1.8323,3.442,1,Run,0,9,LowPickup,-47.1445,-50.492,-0.6477,0.7789,-10.8664,0.388,0,0,Forehand finish,0,9,-21.8034,-73.492,0.3413,0,Perfect,,-0.6569,-11.2008,0,11.2,0.0336
513,Rally,None,1,-0.0117,55.8057,-0.2216,3.5,-15.6004,-1.6451,1.8402,3.0209,1,Run,0,9,LowPickup,-47.011,-50.684,-0.7358,0.7861,-10.8662,0.3069,0,0,Forehand finish,0,9,-24.2587,-76.9547,0.2823,0,Perfect,,-0.7507,-11.2009,0,11.2,0.0292
514,Rally,None,1,-0.0117,55.8311,-0.2513,3.5,-15.6005,-1.6498,1.8417,2.7401,1,Run,0,9,LowPickup,-47.1251,-50.6334,-0.8014,0.8052,-10.8632,1.4219,0,0,Forehand finish,0,9,-26.5799,-79.8666,0.2735,0,Perfect,,-0.8167,-11.201,0,11.2,0.0254
515,Rally,None,1,-0.0117,55.8532,-0.2847,3.5,-15.6006,-1.657,1.8384,2.3189,1,Run,0,9,LowPickup,-47.4677,-50.3578,-0.9586,0.8194,-10.8568,2.0278,0,0,Forehand finish,0,9,-28.7836,-82.5375,0.2589,0,Perfect,,-0.9208,-11.2011,0,11.2,0.0221
516,Rally,None,1,-0.0117,55.8724,-0.3188,3.5,-15.6007,-1.6617,1.8324,2.0381,1,Run,0,9,LowPickup,-48.0025,-49.8948,-1.0444,0.8145,-10.8465,1.937,0,0,Forehand finish,0,9,-30.9288,-85.0916,0.219,0,Perfect,,-0.9928,-11.2012,0,11.2,0.0192
517,Rally,None,1,-0.0117,55.889,-0.3535,3.5,-15.6007,-1.6665,1.8235,1.7573,1,Run,0,9,LowPickup,-48.7863,-49.184,-1.0883,0.797,-10.8307,8.7899,0,0,Forehand finish,0,9,-33.0505,-87.7462,0.1815,0,Perfect,,-1.0624,-11.2013,0,11.2,0.0167
518,Rally,None,1,-0.0117,55.9035,-0.3908,3.5,-15.6008,-1.6736,1.8045,1.3362,1,Run,0,9,LowPickup,-49.6545,-48.386,-1.2091,0.7721,-10.817,0.2726,0,0,Forehand finish,0,9,-32.9642,-85.8168,0.199,0,Perfect,,-1.1615,-11.2014,0,11.2,0.0145
519,Rally,None,1,-0.0117,55.9161,-0.4277,3.5,-15.6009,-1.6784,1.788,1.0554,1,Run,0,9,LowPickup,-50.4042,-47.7017,-1.2913,0.7851,-10.8086,0,0,0,Forehand finish,0,9,-33.0151,-84.2897,0.438,0,Perfect,,-1.2242,-11.2015,0,11.2,0.0126
520,Rally,None,1,-0.0117,55.9271,-0.4661,3.5,-15.601,-1.6856,1.7578,0.6342,1,Run,0,9,LowPickup,-51.1321,-47.0369,-1.3983,0.803,-10.8005,1.3837,0,0,Forehand finish,0,9,-33.2672,-82.9137,0.6748,0,Perfect,,-1.3129,-11.2016,0,11.2,0.011
521,Rally,None,1,-0.0117,55.9366,-0.5036,3.5,-15.601,-1.6903,1.7339,0.3534,1,Backhand prepare 0.04,0,9,LowPickup,-45.7848,-42.2178,-1.4171,0.8229,-10.8163,2.4662,0.2083,0.1667,Forehand finish,0,9,-33.6799,-81.7334,0.0867,0,Perfect,,-1.369,-11.201,0,11.2,0.0095
522,Rally,None,1,-0.0117,55.9449,-0.5401,3.5,-15.6006,-1.6951,1.7069,0.0726,1,Backhand prepare 0.07,0,9,LowPickup,-40.591,-35.054,-1.3913,0.8148,-10.8394,1.3216,0.4167,0.3333,Forehand finish,0,9,-34.116,-80.5896,0.2553,0,Perfect,,-1.4238,-11.198,0,11.2,0.0083
523,Rally,None,1,-0.0117,55.9521,-0.5776,3.5,-15.5991,-1.7022,1.661,-0.3486,1,Backhand prepare 0.11,0,9,LowPickup,-35.6971,-27.8413,-1.3673,0.7945,-10.8811,0.984,0.625,0.5,Forehand finish,0,9,-34.5048,-79.5089,0,0,Perfect,,-1.503,-11.1892,0,11.2,0.0072
524,Rally,None,1,-0.0117,55.9517,-0.6137,3.5,-15.5967,-1.707,1.6266,-0.6293,1,Backhand prepare 0.17,0,9,LowPickup,-32.9165,-24.7321,-1.3651,0.7752,-10.9349,1.6466,0.8333,0.6667,Forehand finish,0,9,-34.7833,-78.4057,0,0,Perfect,,-1.5535,-11.1808,0,11.2,-0.0004
525,Rally,None,1,-0.0117,55.9372,-0.6503,3.5,-15.5926,-1.7141,1.5694,-1.0505,1,Backhand prepare 0.21,0,9,LowPickup,-32.2798,-23.4279,-1.4514,0.7657,-10.9488,0.2726,1,0.8333,Forehand finish,0,9,-34.8957,-77.3728,0,0,Perfect,,-1.6253,-11.1648,0,11.2,-0.0145
526,Rally,None,1,-0.0117,55.9151,-0.6854,3.5,-15.5873,-1.7189,1.5275,-1.3313,1,Backhand prepare 0.26,0,9,LowPickup,-31.557,-24.5393,-1.5507,0.7609,-10.9258,0,1,1,Forehand finish,0,9,-34.5216,-76.4543,0,0,Perfect,,-1.6702,-11.1522,0,11.2,-0.0221
527,Rally,None,1,-0.0117,55.8864,-0.7189,3.5,-15.5809,-1.7237,1.4827,-1.6121,1,Backhand prepare 0.30,0,9,LowPickup,-30.7253,-25.215,-1.708,0.7661,-10.8791,0,1,1,Forehand finish,0,9,-33.3383,-75.9109,0,0,Perfect,,-1.7126,-11.1384,0,11.2,-0.0287
528,Rally,None,1,-0.0117,55.8471,-0.7523,3.5,-15.5724,-1.7308,1.4097,-2.0333,1,Backhand prepare 0.34,0,9,LowPickup,-30.6383,-26.9911,-1.8668,0.7848,-10.8583,0,1,1,Forehand finish,0,9,-31.6234,-75.1568,0,0,Perfect,,-1.7714,-11.1159,0,11.2,-0.0393
529,Rally,None,1,-0.0117,55.8033,-0.7838,3.5,-15.5629,-1.7356,1.3574,-2.314,1,Backhand prepare 0.40,0,9,LowPickup,-31.802,-30.5389,-1.8839,0.8273,-10.7302,0,1,1,Forehand finish,0,9,-29.4269,-73.4925,0,0,Perfect,,-1.8073,-11.0999,0,11.2,-0.0438
530,Rally,None,1,-0.0117,55.7509,-0.8148,3.5,-15.5515,-1.7427,1.2733,-2.7352,1,Backhand prepare 0.44,0,9,LowPickup,-33.2297,-33.0747,-1.9412,0.8433,-10.6672,0,1,1,Forehand finish,0,9,-26.9894,-71.1891,0,0,Perfect,,-1.856,-11.075,0,11.2,-0.0524
531,Rally,None,1,-0.0117,55.6957,-0.8438,3.5,-15.5393,-1.7475,1.2134,-3.016,1,Backhand prepare 0.50,0,9,LowPickup,-34.6678,-37.6918,-2.0058,0.7819,-10.7059,0.7002,1,1,Forehand finish,0,9,-24.1376,-67.9726,0,0,Perfect,,-1.8849,-11.0581,0,11.2,-0.0552
532,Rally,None,1,-0.0117,55.6381,-0.8712,3.5,-15.5265,-1.7522,1.1506,-3.2968,1,Backhand prepare 0.54,0,9,LowPickup,-36.2754,-41.7567,-1.9986,0.7518,-10.7186,0,1,1,Forehand finish,0,9,-20.9701,-64.1717,0.6264,0,Perfect,,-1.9153,-11.0413,0,11.2,-0.0576
533,Rally,None,1,-0.0117,55.5736,-0.8986,3.5,-15.5121,-1.7594,1.0508,-3.718,1,Backhand prepare 0.58,0,9,LowPickup,-41.4127,-47.9826,-2.114,0.7594,-10.7157,0,1,1,Forehand finish,0,9,-17.3174,-59.7506,0.7218,0,Perfect,,-1.966,-11.0168,0,11.2,-0.0645
534,Rally,None,1,-0.0117,55.5079,-0.9252,3.5,-15.4976,-1.7642,0.9805,-3.9988,1,Backhand prepare 0.63,0,9,LowPickup,-48.1784,-58.2565,-2.2319,0.7816,-10.6882,0.2804,1,1,Forehand finish,0,9,-13.2534,-54.835,0.8085,0,Perfect,,-2.0032,-11.0012,0,11.2,-0.0656
535,Rally,None,1,-0.0117,55.4365,-0.9526,3.5,-15.4822,-1.7713,0.8694,-4.4199,1,Forehand prepare 0.67,0,9,LowPickup,-27.157,3.4957,-1.5266,1.2537,-10.8375,6.3159,1,1,Forehand finish,0,9,-8.8688,-49.5162,0.8903,0,Perfect,,-2.064,-10.9793,0,11.2,-0.0714
536,Rally,None,1,-0.0117,55.365,-0.9796,3.5,-15.467,-1.7761,0.7916,-4.7007,1,Forehand prepare 0.73,0,9,LowPickup,-31.6826,8.1788,-1.6336,1.3706,-10.9089,2.4187,1,1,Forehand finish,0,9,-4.3679,-43.7878,0.8924,0,Perfect,,-2.1077,-10.9661,0,11.2,-0.0716
537,Rally,None,1,-0.0117,55.2933,-1.0064,3.5,-15.4523,-1.7808,0.7108,-4.9815,1,Forehand prepare 0.77,0,9,LowPickup,-34.68,6.1638,-1.7584,1.453,-10.9384,0.4007,1,1,Forehand finish,0,9,-0.1031,-37.6194,0.8134,0,Perfect,,-2.1536,-10.9546,0,11.2,-0.0717
538,Rally,None,1,-0.0117,55.217,-1.0348,3.5,-15.4379,-1.788,0.584,-5.4027,1,Forehand prepare 0.81,0,9,LowPickup,-39.9995,3.044,-1.9026,1.5101,-10.952,0.3243,1,1,Forehand finish,0,9,3.8472,-31.0992,0.6924,0,Perfect,,-2.2253,-10.9416,0,11.2,-0.0763
539,Rally,None,1,-0.0117,55.1414,-1.0629,3.5,-15.4246,-1.7927,0.4958,-5.6835,1,Forehand prepare 0.87,0,9,LowPickup,-47.5483,-2.1142,-1.9203,1.4974,-10.9296,1.6795,1,1,Forehand finish,0,9,7.2585,-24.5695,0.5385,0,Perfect,,-2.2729,-10.9362,0,11.2,-0.0756
540,Rally,None,1,-0.0117,55.0619,-1.0922,3.5,-15.4124,-1.7999,0.3578,-6.1046,1,Forehand prepare 0.90,0,9,LowPickup,-54.4958,-7.2989,-1.9385,1.4463,-10.8944,7.6181,1,1,Forehand finish,0,9,10.0928,-18.1869,0.3133,0,Perfect,,-2.3406,-10.9317,0,11.2,-0.0795
541,Rally,None,1,-0.0117,54.9837,-1.1207,3.5,-15.4017,-1.8046,0.262,-6.3854,1,Forehand prepare 0.96,0,9,LowPickup,-64.2613,-17.5825,-1.911,1.2752,-10.8556,1.9664,1,1,Forehand finish,0,9,12.0378,-12.3233,0.1749,0,Perfect,,-2.3826,-10.9301,0,11.2,-0.0782
542,Rally,None,1,-0.0117,54.9066,-1.1483,3.5,-15.3922,-1.8094,0.1633,-6.6662,1,Forehand prepare 1.00,0,9,LowPickup,-65.0794,-24.1449,-1.9397,1.0958,-10.827,0.4615,1,1,Forehand finish,0,9,12.9882,-7.079,0.0537,0,Perfect,,-2.4219,-10.9292,0,11.2,-0.0771
543,Rally,None,1,-0.0117,54.8307,-1.1762,3.5,-15.3839,-1.8165,0.1402,-7.0815,1,Forehand prepare 1.00,0,9,LowPickup,-65.1821,-24.7927,-1.9988,1.0845,-10.8215,1.0755,1,1,Forehand finish,0,9,13.4103,-2.9798,0.0883,0,Perfect,,-2.4757,-10.9287,0,11.2,-0.0759
544,Rally,None,1,-0.0117,54.7557,-1.2028,3.5,-15.3767,-1.821,0.2185,-7.3504,1,Forehand prepare 1.00,1,0.1645,LowPickup,-61.9475,-25.243,-2.0796,0.9614,-10.8023,3.5426,1,1,Forehand finish,0,9,13.4027,-0.5003,0.1407,0,Perfect,,-2.5082,-10.929,0,11.2,-0.0751
545,Rally,None,1,-0.0117,54.677,-1.2261,3.5,-15.3712,-1.8279,0.3306,-7.7539,1,Forehand swing,1,0.1395,LowPickup,-56.7352,-23.4485,-2.103,0.9177,-10.8023,3.1757,1,1,Ready,0,9,9.3663,-2.8672,0.6246,0,Perfect,,-2.5119,-10.9343,0,11.2,-0.0787
546,Rally,None,1,-0.0117,54.5995,-1.2464,3.5,-15.3664,-1.8324,0.4017,-8.0228,1,Forehand swing,1,0.1228,LowPickup,-45.5632,-15.0717,-2.0998,0.8796,-10.8378,10.5025,1,1,Ready,0,9,9.4634,-1.7386,0.2893,0,Perfect,,-2.5119,-10.9343,0,11.2,-0.0775
547,Rally,None,1,-0.0117,54.5231,-1.2641,3.5,-15.3622,-1.837,0.4701,-8.2918,1,Forehand swing,1,0.1062,LowPickup,-34.0502,-6.7127,-2.1111,0.8188,-10.8581,8.4298,1,1,Ready,0,9,9.8105,-0.4532,0.3185,0,Perfect,,-2.5119,-10.9343,0,11.2,-0.0764
548,Rally,None,1,-0.0117,54.443,-1.2794,3.5,-15.3586,-1.8438,0.5672,-8.6952,1,Forehand swing,1,0.0812,LowPickup,-23.5744,-1.2757,-2.1432,0.7971,-10.8461,1.8734,1,1,Ready,0,9,10.4244,0.9969,0.2034,0,Perfect,,-2.5119,-10.9343,0,11.2,-0.0801
549,Rally,None,1,-0.0117,54.3643,-1.2928,3.5,-15.3554,-1.8484,0.6285,-8.9642,1,Forehand swing,1,0.0645,LowPickup,-12.6341,1.5095,-2.1715,0.8013,-10.8276,0.7813,1,1,Ready,0,9,11.2185,2.5831,0.193,0,Perfect,,-2.5119,-10.9343,0,11.2,-0.0787
550,Rally,None,1,-0.0117,54.2823,-1.3044,3.5,-15.3526,-1.8552,0.715,-9.3676,1,Forehand swing,1,0.0395,LowPickup,-3.6071,0.1672,-2.2041,0.8176,-10.7692,1.744,1,1,Ready,0,9,11.9961,4.2864,0.5044,0,Perfect,,-2.5119,-10.9343,0,11.2,-0.082
551,Rally,None,1,-0.0117,54.202,-1.3145,3.5,-15.3502,-1.8598,0.7691,-9.6366,1,Forehand swing,1,0.0282,LowPickup,2.8228,-2.5693,-1.974,1.2221,-10.3791,3.0778,1,1,Ready,0,9,12.6523,6.0112,0.6307,0,Perfect,,-2.5119,-10.9343,0,11.2,-0.0804
552,Rally,None,1,-0.0117,54.1231,-1.3232,3.5,-15.3482,-1.8644,0.8204,-9.9056,1,Forehand swing,1,0.0169,LowPickup,2.5051,-7.7611,-1.9544,1.2628,-10.3932,14.3503,1,1,Ready,0,9,12.9516,7.6063,0.2183,0,Perfect,,-2.5119,-10.9343,0,11.2,-0.0789
553,Rally,None,1,-0.0117,54.0417,-1.3309,3.5,-15.3464,-1.8712,0.892,-10.309,1,Forehand swing,1,0,LowPickup,1.1553,-15.1233,-1.938,1.3162,-10.3768,0.5464,1,1,Ready,0,9,12.9438,9.0551,0.3375,0,Perfect,,-2.5119,-10.9343,0,11.2,-0.0814
554,Rally,None,1,0.055,54.2975,-1.3398,3.497,-15.3453,-1.8474,0.9432,-9.8606,1,Forehand swing,1,-0.0083,LowPickup,0.3211,-16.0074,-1.9395,1.2933,-10.3725,0.4476,1,1,Ready,0,9,12.5855,9.9381,1.2195,0.6917,Perfect,P:Perfect;,-2.5119,-10.9343,0,11.2,0.2558
555,Rally,None,1,0.0383,54.5199,-1.3475,3.4913,-15.3449,-1.8474,0.9432,-9.8606,1,Forehand follow,1,-0.0083,LowPickup,-0.5071,-16.0606,-1.9487,1.2923,-10.3641,0.4153,1,1,Ready,0,9,11.743,8.8564,5.4789,0.6333,Perfect,,-2.5119,-10.9343,0,11.2,0.2224
556,Rally,None,1,0.0217,54.7133,-1.354,3.4876,-15.3444,-1.8474,0.9432,-9.8606,1,Forehand follow,1,-0.0083,LowPickup,-1.1549,-17.091,-1.9846,1.282,-10.3513,0.5161,1,1,Ready,0,9,11.0943,7.5459,0.6661,0.575,Perfect,,-2.5119,-10.9343,0,11.2,0.1934
557,Rally,None,1,0.005,54.8814,-1.3594,3.486,-15.3436,-1.8474,0.9432,-9.8606,1,Forehand follow,1,-0.0083,LowPickup,-1.7033,-18.0708,-2.0297,1.2702,-10.3433,0.4316,1,1,Ready,0,9,10.5788,6.216,2.6748,0.5167,Perfect,,-2.5119,-10.9343,0,11.2,0.1681
558,Rally,None,1,-0.0117,55.0275,-1.3723,3.4982,-15.34,-1.8474,0.9432,-9.8606,1,Forehand follow,1,-0.0083,LowPickup,-2.1749,-18.9656,-2.0751,1.2484,-10.3494,0.3183,1,1,Ready,0,9,10.1836,5.064,0.6944,0.4583,Perfect,,-2.5119,-10.9343,0,11.2,0.1461
559,Rally,None,1,-0.0117,55.1546,-1.3709,3.4943,-15.3402,-1.8236,0.9918,-9.5323,1,Forehand follow,1,-0.025,LowPickup,-3.94,-25.3975,-2.1364,1.164,-10.3693,0.3591,1,1,Ready,0,9,9.9816,4.1519,0.664,0.4,Perfect,,-2.5099,-10.9345,0,11.2,0.127
560,Rally,None,1,-0.0117,55.265,-1.3762,3.4966,-15.3391,-1.7998,1.0378,-9.2039,1,Forehand follow,1,-0.0417,LowPickup,-5.9704,-29.1551,-2.2012,1.0722,-10.4024,0.5538,1,1,Ready,0,9,10.0502,3.6155,0.4964,0.3417,Perfect,,-2.505,-10.9351,0,11.2,0.1105
561,Rally,None,1,-0.0117,55.361,-1.3663,3.492,-15.34,-1.7642,1.1021,-8.7113,1,Forehand follow,1,-0.0667,LowPickup,-8.997,-34.3721,-2.2143,0.9643,-10.4868,0.4933,1,1,Ready,0,9,10.3515,3.4097,0.1802,0.2833,Perfect,,-2.4926,-10.9364,0,11.2,0.096
562,Rally,None,1,-0.0117,55.4445,-1.3688,3.4925,-15.3397,-1.7404,1.1418,-8.3829,1,Forehand follow,1,-0.0833,LowPickup,-10.5462,-35.0414,-2.1822,0.9416,-10.5843,0.1973,1,1,Ready,0,9,10.8625,3.5807,0.4284,0.225,Perfect,,-2.4809,-10.9376,0,11.2,0.0835
563,Rally,None,1,-0.0117,55.5171,-1.3717,3.4954,-15.3392,-1.7047,1.1965,-7.8904,1,Forehand follow,1,-0.1083,LowPickup,-12.9085,-37.125,-2.1306,0.9088,-10.6185,0.1425,1,1,Ready,0,9,11.6199,3.9911,0.7021,0.1667,Perfect,,-2.4581,-10.94,0,11.2,0.0726
564,Rally,None,1,-0.0117,55.5802,-1.3639,3.4922,-15.3404,-1.6809,1.2298,-7.562,1,Forehand follow,1,-0.125,LowPickup,-12.4421,-34.4627,-2.1109,0.9466,-10.6082,0.23,1,1,Ready,0,9,12.7197,4.5282,0.7758,0.1083,Perfect,,-2.4394,-10.942,0,11.2,0.0631
565,Rally,None,1,-0.0117,55.635,-1.3598,3.493,-15.341,-1.6571,1.2606,-7.2336,1,Forehand follow,1,-0.1417,LowPickup,-12.1083,-32.7882,-2.1044,0.9914,-10.5949,0.2722,1,1,Ready,0,9,13.9579,5.1863,0.7583,0.05,Perfect,,-2.418,-10.9443,0,11.2,0.0548
566,Rally,None,1,-0.0117,55.6827,-1.3539,3.4935,-15.3419,-1.6214,1.3019,-6.7411,1,Forehand follow,1,-0.1667,LowPickup,-12.8423,-33.2817,-2.1254,1.0599,-10.5732,0.218,1,1,Ready,0,9,15.2128,5.9117,0.659,0,Perfect,,-2.3807,-10.9482,0,11.2,0.0477
567,Rally,None,1,-0.0117,55.7242,-1.346,3.4944,-15.3432,-1.5977,1.3263,-6.4127,1,Forehand follow,1,-0.1833,LowPickup,-13.373,-32.9408,-2.1312,1.083,-10.554,0.2932,1,1,Ready,0,9,16.3573,6.7445,0.5545,0,Perfect,,-2.3524,-10.9512,0,11.2,0.0415
568,Rally,None,1,-0.0117,55.7602,-1.3358,3.4951,-15.3449,-1.562,1.3581,-5.9201,1,Forehand follow,1,-0.2083,LowPickup,-13.1665,-34.3119,-2.1371,1.1355,-10.5429,0.3661,1,1,Ready,0,9,17.2239,7.734,0.4196,0,Perfect,,-2.3048,-10.9562,0,11.2,0.036
569,Rally,None,1,-0.0117,55.7915,-1.3244,3.4957,-15.3468,-1.5382,1.3761,-5.5918,1,Forehand follow,1,-0.225,LowPickup,-9.7403,-33.6896,-2.1362,1.152,-10.5351,0.3728,1,1,Ready,0,9,17.8358,8.7932,0.2838,0,Perfect,,-2.2695,-10.96,0,11.2,0.0313
570,Rally,None,1,-0.0117,55.8188,-1.3117,3.4963,-15.3491,-1.5144,1.3916,-5.2634,1,Forehand follow,1,-0.2417,LowPickup,-5.7796,-32.2384,-2.1297,1.1611,-10.5318,0.3479,1,1,Ready,0,9,18.1128,9.8876,0.0335,0,Perfect,,-2.2316,-10.964,0,11.2,0.0272
571,Rally,None,1,-0.0117,55.8424,-1.2962,3.4968,-15.3519,-1.4787,1.41,-4.7708,1,Forehand follow,1,-0.2667,LowPickup,-1.6508,-32.1655,-2.1262,1.1663,-10.5382,0.3385,1,1,Ready,0,9,18.2026,10.9172,0.0769,0,Perfect,,-2.1694,-10.9706,0.1201,11.2,0.0237
572,Rally,None,1,-0.0117,55.863,-1.2795,3.4972,-15.3549,-1.4549,1.4191,-4.4424,1,Forehand follow,0,9,LowPickup,4.7306,-28.3215,-2.0651,1.1664,-10.5356,0.3663,1,1,Run,0,9,15.3629,9.7377,2.1071,0,Perfect,,-2.1245,-10.9753,0.2002,11.2,0.0206
573,Rally,None,1,-0.0117,55.8809,-1.2598,3.4976,-15.3586,-1.4193,1.4279,-3.9499,1,Run,0,9,LowPickup,15.2854,-4.4114,-1.8053,0.9579,-10.5624,5.5509,0.9167,0.8333,Run,0,9,12.0078,7.6427,2.9276,0,Perfect,,-2.052,-10.983,0.2305,11.2,0.0179
574,Rally,None,1,-0.0117,55.8965,-1.2389,3.4979,-15.3625,-1.3955,1.4306,-3.6215,1,Run,0,9,LowPickup,19.5188,2.4047,-1.7115,0.9434,-10.5954,25.3843,0.8333,0.6667,Ready,0,9,15.1791,10.2826,15.8035,0,Perfect,,-2.0002,-10.9885,0.2305,11.2,0.0156
575,Rally,None,1,-0.0117,55.91,-1.2169,3.4982,-15.3666,-1.3717,1.4308,-3.2931,1,Run,0,9,LowPickup,23.3541,9.0388,-1.6205,0.9385,-10.6325,0.3498,0.75,0.5,Ready,0,9,18.6363,12.9922,1.8834,0,Perfect,,-1.9457,-10.9942,0.2305,11.2,0.0135
576,Rally,None,1,-0.0117,55.9218,-1.1915,3.4984,-15.3715,-1.336,1.4263,-2.8006,1,Run,0,9,LowPickup,28.1319,17.3633,-1.4759,0.9203,-10.709,0.4596,0.6667,0.3333,Ready,0,9,18.9376,13.098,0.0175,0,Perfect,,-1.8586,-11.0034,0.2305,11.2,0.0118
577,Rally,None,1,-0.0117,55.932,-1.1649,3.4986,-15.3765,-1.3122,1.42,-2.4722,1,Run,0,9,LowPickup,34.8069,28.9664,-1.3268,0.874,-10.85,0.4969,0.5833,0.1667,Ready,0,9,19.1557,13.107,0.0837,0,Perfect,,-1.7972,-11.0099,0.2305,11.2,0.0102
578,Rally,None,1,-0.0117,55.9409,-1.1349,3.4988,-15.3822,-1.2765,1.406,-1.9796,1,Run,0,9,LowPickup,43.5249,44.9417,-1.2125,0.7948,-11.0211,5.4242,0.5,0,Forehand prepare 0.04,0,9,23.3899,13.2771,0.4992,0,Perfect,,-1.6998,-11.0202,0.2305,11.2,0.0089
579,Rally,None,1,-0.0117,55.9486,-1.1038,3.499,-15.3881,-1.2527,1.3934,-1.6513,1,Run,0,9,LowPickup,43.9959,46.963,-1.1357,0.8101,-11.0404,25.6178,0.4167,0,Forehand prepare 0.10,0,9,32.8104,19.5369,0.9182,0,Perfect,,-1.6314,-11.0275,0.2305,11.2,0.0077
580,Rally,None,1,-0.0117,55.9553,-1.0719,3.4991,-15.3942,-1.229,1.3782,-1.3229,1,Run,0,9,LowPickup,43.4701,47.0245,-1.062,0.8281,-11.041,1.8769,0.3333,0,Forehand prepare 0.14,0,9,35.4459,25.4507,0.2085,0,Perfect,,-1.5618,-11.0348,0.2305,11.2,0.0067
581,Rally,None,1,-0.0117,55.9612,-1.0365,3.4992,-15.401,-1.1933,1.3508,-0.8303,1,Run,0,9,LowPickup,43.0602,46.7076,-0.9568,0.835,-11.0473,0.9267,0.25,0,Forehand prepare 0.17,0,9,40.1164,29.3632,0.1077,0,Perfect,,-1.4574,-11.0459,0.2305,11.2,0.0058
582,Rally,None,1,-0.0117,55.9662,-1.0008,3.4993,-15.4078,-1.1695,1.3292,-0.5019,1,Run,0,9,LowPickup,42.8056,46.0393,-0.8892,0.8359,-11.0528,0.6573,0.1667,0,Forehand prepare 0.23,0,9,47.3267,35.7668,0.2681,0,Perfect,,-1.3878,-11.0532,0.2305,11.2,0.0051
583,Rally,None,1,-0.0117,55.9706,-0.9623,3.4994,-15.4152,-1.1338,1.2922,-0.0094,1,Run,0,9,LowPickup,43.1316,45.412,-0.7912,0.838,-11.0702,0.2314,0.0833,0,Forehand prepare 0.27,0,9,53.2228,42.0928,0.1938,0,Perfect,,-1.2834,-11.0643,0.2305,11.2,0.0044
584,Rally,None,1,-0.0117,55.9328,-0.9238,3.4995,-15.4225,-1.11,1.2643,0.319,1,Run,0,9,LowPickup,43.8252,44.6685,-0.7321,0.8336,-11.089,3.9328,0,0,Forehand prepare 0.32,0,9,58.7335,49.935,0.2679,0,Perfect,,-1.2138,-11.0716,0.2305,11.2,-0.0378
585,Rally,None,1,-0.0117,55.857,-0.8853,3.4995,-15.4299,-1.0862,1.2339,0.6474,1,Run,0,9,LowPickup,44.5985,43.8468,-0.6766,0.8101,-11.1093,0.3642,0,0,Forehand prepare 0.36,0,9,64.3583,58.1181,0.3515,0,Perfect,,-1.1441,-11.079,0.2305,11.2,-0.0758
586,Rally,None,1,-0.0117,55.7268,-0.8444,3.4996,-15.4378,-1.0506,1.1835,1.1399,1,Run,0,9,LowPickup,45.4442,42.953,-0.5875,0.7679,-11.1367,4.5803,0,0,Forehand prepare 0.40,0,9,70.1309,67.6642,0.7849,0,Perfect,,-1.0397,-11.09,0.2305,11.2,-0.1302
587,Rally,None,1,-0.0117,55.5706,-0.8038,3.4997,-15.4456,-1.0268,1.1467,1.4683,1,Run,0,9,LowPickup,46.3143,42.0354,-0.5359,0.7313,-11.1623,4.0393,0,0,Forehand prepare 0.45,0,9,73.3321,79.0781,0,0,Perfect,,-0.9701,-11.0974,0.2305,11.2,-0.1561
588,Rally,None,1,-0.0117,55.3706,-0.761,3.4997,-15.4538,-0.9911,1.0867,1.9609,1,Run,0,9,LowPickup,47.0055,41.2983,-0.4446,0.7398,-11.1877,0.4242,0,0,Forehand prepare 0.49,0,9,72.473,84.7656,0,0,Perfect,,-0.8657,-11.1084,0.2305,11.2,-0.2001
589,Rally,None,1,-0.0117,55.1537,-0.7188,3.4997,-15.4619,-0.9673,1.0435,2.2892,1,Run,0,9,LowPickup,47.5432,40.716,-0.3846,0.7455,-11.2063,2.2858,0,0,Forehand prepare 0.54,0,9,73.6794,90.3627,0,0,Perfect,,-0.7961,-11.1158,0.2305,11.2,-0.2168
590,Rally,None,1,-0.0117,54.9223,-0.6771,3.4998,-15.4699,-0.9435,0.9978,2.6176,1,Run,0,9,LowPickup,47.8783,40.338,-0.3226,0.7464,-11.222,1.1747,0,0,Forehand prepare 0.58,0,9,75.9369,92.7955,0,0,Perfect,,-0.7265,-11.1232,0.2305,11.2,-0.2314
591,Rally,None,1,-0.0117,54.6568,-0.6333,3.4998,-15.4783,-0.9078,0.9244,3.1102,1,Run,0,9,LowPickup,47.9201,40.2562,-0.2192,0.7456,-11.2346,1.1373,0,0,Forehand prepare 0.62,0,9,77.0052,96.8877,0,0,Perfect,,-0.6221,-11.1342,0.2305,11.2,-0.2655
592,Rally,None,1,-0.0117,54.3831,-0.5903,3.4998,-15.4865,-0.884,0.8723,3.4385,1,Run,0,9,LowPickup,47.6875,40.4514,-0.1461,0.7352,-11.2374,1.9402,0,0,Forehand prepare 0.67,0,9,73.0613,105.9368,1.4307,0,Perfect,,-0.5534,-11.1415,0.2305,11.2,-0.2737
593,Rally,None,1,-0.0117,54.0807,-0.5459,3.4999,-15.4951,-0.8484,0.7894,3.9311,1,Run,0,9,LowPickup,47.2515,40.8541,-0.0399,0.721,-11.2391,0.4815,0,0,Forehand prepare 0.71,0,9,69.4542,108.9952,1.1078,0,Perfect,,-0.4556,-11.1518,0.2305,11.2,-0.3023
594,Rally,None,1,-0.0117,53.775,-0.5029,3.4999,-15.5033,-0.8246,0.7309,4.2595,1,Run,0,9,LowPickup,46.6836,41.3947,0.0331,0.7247,-11.2339,0,0,0,Forehand prepare 0.77,0,9,67.9968,106.4192,0.9068,0,Perfect,,-0.3938,-11.1584,0.2305,11.2,-0.3057
595,Rally,None,1,-0.0117,53.4663,-0.4613,3.4999,-15.5113,-0.8008,0.6699,4.5879,1,Run,0,9,LowPickup,45.9788,42.077,0.1065,0.7303,-11.2258,0,0,0,Forehand prepare 0.80,0,9,67.6477,104.3711,1.3616,0,Perfect,,-0.3348,-11.1646,0.2305,11.2,-0.3087
596,Rally,None,1,-0.0117,53.1336,-0.4191,3.4999,-15.5195,-0.7651,0.5736,5.0804,1,Run,0,9,LowPickup,45.2691,42.7684,0.2038,0.7378,-11.2205,0,0,0,Forehand prepare 0.84,0,9,65.7482,101.8738,0.1162,0,Perfect,,-0.2515,-11.1734,0.2305,11.2,-0.3327
597,Rally,None,1,-0.0117,52.8015,-0.3786,3.4999,-15.5272,-0.7413,0.5062,5.4088,1,Run,0,9,LowPickup,44.6731,43.3511,0.2658,0.7466,-11.2143,3.8959,0,0,Forehand prepare 0.90,0,9,57.8998,95.183,0.9052,0,Perfect,,-0.1994,-11.1789,0.2305,11.2,-0.3321
598,Rally,None,1,-0.0117,52.4484,-0.3383,3.4999,-15.535,-0.7056,0.4003,5.9014,1,Run,0,9,LowPickup,44.1396,43.8761,0.3473,0.7615,-11.2117,1.671,0,0,Forehand prepare 0.93,0,9,48.2396,86.9368,0.944,0,Perfect,,-0.1264,-11.1866,0.2305,11.2,-0.3531
599,Rally,None,1,-0.0117,52.1285,-0.2999,3.4999,-15.5424,-0.6819,0.3265,6.2297,1,Run,0,9,LowPickup,43.6659,44.3443,0.4021,0.7801,-11.2078,2.751,0,0,Forehand prepare 0.99,0,9,31.6958,67.8482,0.9344,0,Perfect,,-0.0812,-11.1914,0.2305,11.2,-0.3199
600,Rally,None,1,-0.0117,51.8504,-0.2635,3.4999,-15.5494,-0.6581,0.2502,6.5581,1,Run,0,9,LowPickup,43.233,44.7723,0.453,0.7968,-11.2045,0.9298,0,0,Forehand prepare 1.00,0,9,28.6857,63.6787,0.2321,0,Perfect,,-0.0388,-11.1959,0.2305,11.2,-0.2781
601,Rally,None,1,-0.0117,51.6087,-0.2291,3.5,-15.556,-0.6224,0.1309,7.0507,1,Run,0,9,LowPickup,-0.3013,-1.8562,0.2183,0.7736,-10.9454,10.4942,0,0,Forehand prepare 1.00,1,0.1762,24.5652,58.8134,0,0,Perfect,,0,-11.2,0.2305,11.2,-0.2417
602,Rally,None,1,-0.0117,51.3985,-0.1992,3.5,-15.5617,-0.5994,0.1295,7.3679,1,Ready,0,9,LowPickup,3.0685,-0.3223,0.1983,0.7702,-10.9803,4.3843,0,0,Forehand swing,1,0.1621,22.5078,55.4566,0.8002,0,Perfect,,0,-11.2,0.2705,11.2,-0.2102
603,Rally,None,1,-0.0117,51.2158,-0.1731,3.5,-15.5667,-0.5662,0.2141,7.8269,1,Ready,0,9,LowPickup,5.7991,1.6765,0.1877,0.7657,-10.9825,0.5598,0,0,Forehand swing,1,0.141,15.7785,47.3391,0.5698,0,Perfect,,0,-11.2,0.3807,11.2,-0.1827
604,Rally,None,1,-0.0117,51.057,-0.1505,3.5,-15.5711,-0.544,0.2672,8.133,1,Ready,0,9,LowPickup,8.4421,3.6721,0.177,0.7616,-10.9833,0.5034,0,0,Forehand swing,1,0.1269,9.8754,39.9738,2.6537,0,Perfect,,0,-11.2,0.3807,11.2,-0.1588
605,Rally,None,1,-0.0117,50.9189,-0.1309,3.5,-15.5749,-0.5218,0.3176,8.439,1,Ready,0,9,LowPickup,11.0122,5.6448,0.1641,0.7587,-10.977,0.4981,0,0,Forehand swing,1,0.1128,13.0605,42.0675,12.4947,0,Perfect,,0,-11.2,0.3807,11.2,-0.1381
606,Rally,None,1,-0.0117,50.7989,-0.1138,3.5,-15.5781,-0.4886,0.3883,8.8981,1,Ready,0,9,LowPickup,13.5501,7.5712,0.1449,0.7568,-10.9427,0.5303,0,0,Forehand swing,1,0.0916,9.2577,36.7355,0.4014,0,Perfect,,0,-11.2,0.3807,11.2,-0.12
607,Rally,None,1,-0.0117,50.6945,-0.0989,3.5,-15.581,-0.4664,0.4321,9.2041,1,Ready,0,9,LowPickup,16.0247,9.3997,0.1251,0.7612,-10.9029,0.5431,0,0,Forehand swing,1,0.0775,6.5448,28.6319,0.8729,0,Perfect,,0,-11.2,0.3807,11.2,-0.1044
608,Rally,None,1,-0.0117,50.6038,-0.086,3.5,-15.5835,-0.4331,0.4928,9.6632,1,Ready,0,9,LowPickup,18.392,11.0557,0.1149,0.7733,-10.889,0.5092,0,0,Forehand swing,1,0.0564,1.9194,16.5289,0.2342,0,Perfect,,0,-11.2,0.3807,11.2,-0.0907
609,Rally,None,1,-0.0117,50.5249,-0.0747,3.5,-15.5856,-0.411,0.53,9.9693,1,Ready,0,9,LowPickup,18.5948,11.0875,0.1193,0.7785,-10.8896,0.0324,0,0,Forehand swing,1,0.0423,0.9521,5.8304,0.3317,0,Perfect,,0,-11.2,0.3807,11.2,-0.0789
610,Rally,None,1,-0.0117,50.4563,-0.065,3.5,-15.5875,-0.3888,0.5645,10.2753,1,Ready,0,9,LowPickup,18.498,10.9345,0.1334,0.7853,-10.8842,0.0062,0,0,Forehand swing,1,0.0282,-0.3469,-4.11,0.247,0,Perfect,,0,-11.2,0.3807,11.2,-0.0686
611,Rally,None,1,-0.0117,50.3967,-0.0565,3.5,-15.5891,-0.3556,0.6113,10.7344,1,Ready,0,9,LowPickup,18.3723,10.7695,0.1473,0.7917,-10.8798,0.0057,0,0,Forehand swing,1,0.007,-2.6845,-17.7249,0.2165,0,Perfect,,0,-11.2,0.3826,11.2,-0.0596
612,Rally,None,1,-0.0117,51.1287,-0.0491,3.5,-15.5906,-0.3445,0.5362,10.7674,1,Ready,0,9,LowPickup,18.2461,10.6157,0.1509,0.7933,-10.879,0.0122,0,0,Forehand swing,1,0,-2.5086,-20.0203,0.0743,0,Perfect,R;,0,-11.2,0.392,11.2,0.732
613,Rally,None,1,-0.0117,51.7651,-0.0427,3.5,-15.5918,-0.377,0.627,10.4971,1,Ready,0,9,LowPickup,18.1503,10.4744,0.1487,0.7946,-10.877,0.0152,0,0,Forehand swing,1,-0.0167,-6.1714,-26.5245,0.6002,0,Perfect,,0,-11.2,0.312,11.2,0.6364
614,Rally,None,1,-0.0117,52.3184,-0.0371,3.5,-15.5929,-0.4095,0.7148,10.2268,1,Ready,0,9,LowPickup,18.11,10.347,0.1401,0.801,-10.8678,0.0201,0,0,Forehand follow,1,-0.0333,-1.9664,-23.6809,0.4142,0,Perfect,,0,-11.2,0.2319,11.2,0.5533
615,Rally,None,1,-0.0117,52.7993,-0.0323,3.5,-15.5938,-0.4583,0.8408,9.8214,1,Ready,0,9,LowPickup,18.1663,10.2556,0.1319,0.8066,-10.8592,0.0133,0,0,Forehand follow,1,-0.0583,-2.1023,-24.4529,0.4974,0,Perfect,,0,-11.2,0.1117,11.2,0.481
616,Rally,None,1,-0.0117,53.2175,-0.0281,3.5,-15.5946,-0.4909,0.921,9.5511,1,Ready,0,9,LowPickup,18.4073,10.2309,0.1337,0.8063,-10.8565,0.012,0,0,Forehand follow,1,-0.075,-1.2616,-21.1942,0.6165,0,Perfect,,0,-11.2,0.0317,11.2,0.4181
617,Rally,None,1,-0.0117,53.581,-0.0247,3.5,-15.5953,-0.5397,1.0358,9.1457,1,Ready,0,9,LowPickup,18.7064,10.2465,0.1303,0.803,-10.8558,0.0174,0,0,Forehand follow,1,-0.1,-0.6967,-19.3521,4.4156,0,Perfect,,-0.0041,-11.1996,0,11.2,0.3635
618,Rally,None,1,-0.0117,53.897,-0.0222,3.5,-15.5957,-0.5722,1.1085,8.8754,1,Run,0,9,LowPickup,16.1786,8.3454,0.1064,0.7702,-10.8644,0.9076,0,0,Forehand follow,1,-0.1167,-4.9855,-23.509,16.5788,0,Perfect,,-0.0104,-11.1989,0,11.2,0.316
619,Rally,None,1,-0.0117,54.1718,-0.0207,3.5,-15.596,-0.6047,1.1782,8.6052,1,Run,0,9,LowPickup,12.4322,5.5375,0.0865,0.7387,-10.8807,0,0,0,Forehand follow,1,-0.1333,-11.8029,-32.3974,1.2249,0,Perfect,,-0.0193,-11.198,0,11.2,0.2747
620,Rally,None,1,-0.0117,54.4106,-0.0207,3.5,-15.596,-0.6535,1.2771,8.1997,1,Run,0,9,LowPickup,8.4897,2.4825,0.0733,0.7252,-10.8957,0,0,0,Forehand follow,1,-0.1583,-16.8479,-39.0655,0.1943,0,Perfect,,-0.038,-11.1961,0,11.2,0.2388
621,Rally,None,1,-0.0117,54.6182,-0.0219,3.5,-15.5958,-0.6861,1.3393,7.9295,1,Run,0,9,LowPickup,4.3643,-0.8201,0.0728,0.717,-10.9079,0,0,0,Forehand follow,1,-0.175,-22.6178,-45.7844,0.2733,0,Perfect,,-0.0539,-11.1945,0,11.2,0.2076
622,Rally,None,1,-0.0117,54.7988,-0.025,3.5,-15.5953,-0.7349,1.427,7.524,1,Run,0,9,LowPickup,0.1323,-4.393,0.0623,0.7145,-10.9155,2.3894,0,0,Forehand follow,1,-0.2,-29.1277,-55.4008,0.2749,0,Perfect,,-0.0829,-11.1915,0,11.2,0.1805
623,Rally,None,1,-0.0117,54.9557,-0.0293,3.5,-15.5945,-0.7674,1.4816,7.2537,1,Run,0,9,LowPickup,-4.314,-8.3297,0.057,0.7235,-10.9177,1.0627,0,0,Forehand follow,1,-0.2167,-31.144,-60.7335,0.4266,0,Perfect,,-0.1057,-11.1891,0,11.2,0.1569
624,Rally,None,1,-0.0117,55.0921,-0.0349,3.5,-15.5934,-0.8,1.5333,6.9835,1,Run,0,9,LowPickup,-9.0422,-12.6376,0.0456,0.74,-10.913,1.8076,0,0,Forehand follow,1,-0.2333,-32.5015,-65.0388,0.1352,0,Perfect,,-0.1312,-11.1865,0,11.2,0.1364
625,Rally,None,1,-0.0117,55.2107,-0.0429,3.5,-15.5919,-0.8488,1.6051,6.578,1,Run,0,9,LowPickup,-10.0703,-13.8961,0.001,0.7437,-10.9107,2.3367,0,0,Forehand follow,1,-0.2583,-34.3909,-71.2548,0.1167,0,Perfect,,-0.1748,-11.182,0,11.2,0.1186
626,Rally,None,1,-0.0117,55.3138,-0.0522,3.5,-15.5902,-0.8813,1.6493,6.3078,1,Run,0,9,LowPickup,-10.7625,-14.9402,-0.0351,0.7442,-10.911,0.173,0,0,Forehand follow,1,-0.275,-33.7893,-75.6415,0.1464,0,Perfect,,-0.2072,-11.1787,0,11.2,0.1031
627,Rally,None,1,-0.0117,55.4035,-0.0641,3.5,-15.588,-0.9301,1.7098,5.9023,1,Run,0,9,LowPickup,-11.5352,-16.0761,-0.0921,0.7428,-10.9076,0.1376,0,0,Forehand follow,0,9,-32.7658,-75.9684,0.0309,0,Perfect,,-0.2611,-11.1731,0,11.2,0.0896
628,Rally,None,1,-0.0117,55.4814,-0.0774,3.5,-15.5855,-0.9626,1.7465,5.6321,1,Run,0,9,LowPickup,-12.4375,-17.3192,-0.1322,0.742,-10.902,0.0166,0,0,Forehand finish,0,9,-33.301,-80.0963,0.0254,0,Perfect,,-0.3005,-11.1691,0,11.2,0.0779
629,Rally,None,1,-0.0117,55.5492,-0.0919,3.5,-15.5828,-0.9952,1.7801,5.3618,1,Run,0,9,LowPickup,-13.4602,-18.5729,-0.1721,0.7474,-10.8918,0.2574,0,0,Forehand finish,0,9,-33.7644,-84.1485,0.0953,0,Perfect,,-0.3426,-11.1647,0,11.2,0.0677
630,Rally,None,1,-0.0117,55.6081,-0.1094,3.5,-15.5795,-1.044,1.8248,4.9564,1,Run,0,9,LowPickup,-14.6327,-19.7742,-0.2382,0.7619,-10.8775,1.1097,0,0,Forehand finish,0,9,-31.8578,-80.5811,0.3465,0,Perfect,,-0.411,-11.1577,0,11.2,0.0589
631,Rally,None,1,-0.0117,55.6593,-0.1282,3.5,-15.576,-1.0765,1.8509,4.6861,1,Run,0,9,LowPickup,-16.02,-20.9523,-0.2889,0.7736,-10.8626,6.6233,0,0,Forehand finish,0,9,-34.3027,-91.2518,0.2065,0,Perfect,,-0.4601,-11.1526,0,11.2,0.0512
632,Rally,None,1,-0.0117,55.7038,-0.1501,3.5,-15.5719,-1.1253,1.8844,4.2807,1,Run,0,9,LowPickup,-17.5754,-22.0681,-0.3759,0.7743,-10.8417,0.502,0,0,Forehand finish,0,9,-33.8046,-90.8337,0.4035,0,Perfect,,-0.5388,-11.1445,0,11.2,0.0445
633,Rally,None,1,-0.0117,55.7425,-0.1733,3.5,-15.5675,-1.1578,1.903,4.0104,1,Run,0,9,LowPickup,-19.3188,-23.1372,-0.4449,0.7724,-10.819,2.0713,0,0,Forehand finish,0,9,-33.6592,-91.2448,0.3825,0,Perfect,,-0.5948,-11.1387,0,11.2,0.0387
634,Rally,None,1,-0.0117,55.7761,-0.1976,3.5,-15.563,-1.1904,1.9185,3.7401,1,Run,0,9,LowPickup,-21.1929,-24.1013,-0.5155,0.77,-10.7942,4.0597,0,0,Forehand finish,0,9,-34.3326,-95.5474,0.3635,0,Perfect,,-0.6535,-11.1327,0,11.2,0.0336
635,Rally,None,1,-0.0117,55.8054,-0.2254,3.5,-15.5578,-1.2392,1.9362,3.3347,1,Run,0,9,LowPickup,-23.2697,-24.8905,-0.6223,0.7777,-10.7615,8.8383,0,0,Forehand finish,0,9,-34.0954,-95.07,0.1168,0,Perfect,,-0.7467,-11.1231,0,11.2,0.0292
636,Rally,None,1,-0.0117,55.8308,-0.2543,3.5,-15.5524,-1.2717,1.9442,3.0644,1,Run,0,9,LowPickup,-25.4827,-25.6102,-0.7079,0.7683,-10.7299,7.5026,0,0,Forehand finish,0,9,-34.4021,-95.6222,0.2933,0,Perfect,,-0.8124,-11.1163,0,11.2,0.0254
637,Rally,None,1,-0.0117,55.8529,-0.2869,3.5,-15.5463,-1.3205,1.9506,2.659,1,Run,0,9,LowPickup,-27.6193,-26.3696,-0.8322,0.7944,-10.7007,2.0932,0,0,Forehand finish,0,9,-34.478,-95.1581,0.0804,0,Perfect,,-0.916,-11.1056,0,11.2,0.0221
638,Rally,None,1,-0.0117,55.8721,-0.3205,3.5,-15.54,-1.353,1.9511,2.3887,1,Run,0,9,LowPickup,-29.7807,-27.1049,-0.9247,0.817,-10.677,0.7475,0,0,Forehand finish,0,9,-33.2263,-89.7826,0.0488,0,Perfect,,-0.9885,-11.0982,0,11.2,0.0192
639,Rally,None,1,-0.0117,55.8888,-0.355,3.5,-15.5335,-1.3856,1.9486,2.1184,1,Run,0,9,LowPickup,-31.7751,-27.93,-1.018,0.8338,-10.6531,1.1545,0,0,Forehand finish,0,9,-33.0505,-87.7462,0.1693,0,Perfect,,-1.0638,-11.0904,0,11.2,0.0167
640,Rally,None,1,-0.0117,55.9034,-0.3936,3.5,-15.5263,-1.4344,1.9392,1.713,1,Run,0,9,LowPickup,-33.4063,-29.0188,-1.1504,0.8377,-10.6329,2.6672,0,0,Forehand finish,0,9,-32.9642,-85.8168,0.199,0,Perfect,,-1.1819,-11.0782,0,11.2,0.0145
641,Rally,None,1,-0.0117,55.916,-0.433,3.5,-15.5189,-1.4669,1.9292,1.4427,1,Run,0,9,LowPickup,-34.7121,-30.3551,-1.2412,0.831,-10.6245,3.4009,0,0,Forehand finish,0,9,-33.0151,-84.2897,0.438,0,Perfect,,-1.2641,-11.0698,0,11.2,0.0126
642,Rally,None,1,-0.0117,55.927,-0.4765,3.5,-15.5108,-1.5157,1.9085,1.0373,1,Run,0,9,LowPickup,-35.628,-31.952,-1.3706,0.82,-10.6161,3.1804,0,0,Forehand finish,0,9,-33.2672,-82.9137,0.6748,0,Perfect,,-1.3926,-11.0565,0,11.2,0.011
643,Rally,None,1,-0.0117,55.9365,-0.5207,3.5,-15.5025,-1.5482,1.891,0.767,1,Run,0,9,LowPickup,-36.0475,-33.925,-1.4522,0.7895,-10.6218,2.5086,0,0,Forehand finish,0,9,-33.6799,-81.7334,0.0867,0,Perfect,,-1.4817,-11.0474,0,11.2,0.0095
644,Rally,None,1,-0.0117,55.9448,-0.5658,3.5,-15.494,-1.5808,1.8704,0.4967,1,Run,0,9,LowPickup,-36.2096,-35.9987,-1.5363,0.7702,-10.6289,0,0,0,Forehand finish,0,9,-34.116,-80.5896,0.2553,0,Perfect,,-1.5736,-11.0379,0,11.2,0.0083
645,Rally,None,1,-0.0117,55.952,-0.6146,3.5,-15.4849,-1.6296,1.8339,0.0913,1,Run,0,9,LowPickup,-36.1366,-38.1364,-1.6554,0.7549,-10.6354,0,0,0,Forehand finish,0,9,-34.5048,-79.5089,0,0,Perfect,,-1.7085,-11.024,0,11.2,0.0072
646,Rally,None,1,-0.0117,55.9583,-0.6633,3.5,-15.4758,-1.6621,1.8059,-0.179,1,Backhand prepare 0.08,0,9,LowPickup,-31.9404,-34.0473,-1.6882,0.7666,-10.6809,2.2491,0.2083,0.1667,Forehand finish,0,9,-34.7833,-78.4057,0,0,Perfect,,-1.7949,-11.0151,0,11.2,0.0063
647,Rally,None,1,-0.0117,55.9637,-0.7145,3.5,-15.4662,-1.7109,1.7581,-0.5844,1,Backhand prepare 0.12,0,9,LowPickup,-29.1214,-28.7914,-1.7465,0.7831,-10.7301,0.5466,0.4167,0.3333,Forehand finish,0,9,-34.8957,-77.3728,0,0,Perfect,,-1.9194,-11.0023,0,11.2,0.0055
648,Rally,None,1,-0.0117,55.9604,-0.7648,3.5,-15.4568,-1.7435,1.7225,-0.8547,1,Backhand prepare 0.17,0,9,LowPickup,-28.5946,-26.7032,-1.8039,0.7824,-10.7726,0.3515,0.625,0.5,Forehand finish,0,9,-34.5216,-76.4543,0,0,Perfect,,-1.999,-10.9941,0,11.2,-0.0033
649,Rally,None,1,-0.0117,55.9482,-0.8141,3.5,-15.4475,-1.776,1.6839,-1.125,1,Backhand prepare 0.21,0,9,LowPickup,-24.4605,-24.0933,-1.9085,0.7897,-10.7738,1.993,0.8333,0.6667,Forehand finish,0,9,-33.3383,-75.9109,0,0,Perfect,,-2.0757,-10.9862,0,11.2,-0.0122
650,Rally,None,1,-0.0117,55.9235,-0.8648,3.5,-15.438,-1.8248,1.6203,-1.5304,1,Backhand prepare 0.25,0,9,LowPickup,-24.5606,-24.0147,-2.0138,0.8079,-10.7329,13.4271,1,0.8333,Forehand finish,0,9,-31.6234,-75.1568,0,0,Perfect,,-2.1857,-10.9748,0,11.2,-0.0246
651,Rally,None,1,-0.0117,55.8928,-0.9139,3.5,-15.4288,-1.8573,1.5742,-1.8007,1,Backhand prepare 0.31,0,9,LowPickup,-31.563,-28.9987,-2.3303,0.8071,-10.7271,1.9088,1,1,Forehand finish,0,9,-29.4269,-73.4925,0,0,Perfect,,-2.2556,-10.9676,0,11.2,-0.0307
652,Rally,None,1,-0.0117,55.8521,-0.9637,3.5,-15.4195,-1.9061,1.4993,-2.2061,1,Backhand prepare 0.34,0,9,LowPickup,-32.6324,-30.9801,-2.4489,0.7949,-10.7277,9.3658,1,1,Forehand finish,0,9,-26.9894,-71.1891,0,0,Perfect,,-2.3552,-10.9574,0,11.2,-0.0407
653,Rally,None,1,-0.0117,55.8075,-1.0116,3.5,-15.4105,-1.9387,1.4457,-2.4764,1,Backhand prepare 0.40,0,9,LowPickup,-35.1791,-34.7377,-2.53,0.8474,-10.5929,0.5033,1,1,Forehand finish,0,9,-24.1376,-67.9726,0,0,Perfect,,-2.4182,-10.9509,0,11.2,-0.0446
654,Rally,None,1,-0.0117,55.7594,-1.0575,3.5,-15.4019,-1.9712,1.389,-2.7466,1,Backhand prepare 0.44,0,9,LowPickup,-37.203,-37.354,-2.5947,0.826,-10.5815,4.8792,1,1,Forehand finish,0,9,-20.9701,-64.1717,0.6264,0,Perfect,,-2.4784,-10.9447,0,11.2,-0.0481
655,Rally,None,1,-0.0117,55.7037,-1.1035,3.5,-15.3933,-2.02,1.2984,-3.1521,1,Backhand prepare 0.48,0,9,LowPickup,-39.4741,-41.4526,-2.6991,0.7888,-10.6067,1.3553,1,1,Forehand finish,0,9,-17.3174,-59.7506,0.7218,0,Perfect,,-2.5635,-10.9359,0,11.2,-0.0557
656,Rally,None,1,-0.0117,55.646,-1.1474,3.5,-15.3851,-2.0525,1.2342,-3.4223,1,Backhand prepare 0.53,0,9,LowPickup,-44.4607,-49.141,-2.7621,0.7777,-10.6523,0.8306,1,1,Forehand finish,0,9,-13.2534,-54.835,0.8085,0,Perfect,,-2.6168,-10.9304,0,11.2,-0.0577
657,Rally,None,1,-0.0117,55.5821,-1.188,3.5,-15.3775,-2.1013,1.1323,-3.8278,1,Backhand prepare 0.57,0,9,LowPickup,-50.2949,-55.5434,-2.8671,0.7984,-10.6755,0.7084,1,1,Forehand finish,0,9,-8.8688,-49.5162,0.8904,0,Perfect,,-2.6507,-10.9269,0,11.2,-0.0639
658,Rally,None,1,-0.0117,55.5175,-1.2232,3.5,-15.3709,-2.1339,1.0606,-4.098,1,Backhand prepare 0.63,0,9,LowPickup,-50.7563,-58.7717,-2.8866,0.8313,-10.6419,1.566,1,1,Forehand finish,0,9,-4.3679,-43.7878,0.8924,0,Perfect,,-2.6507,-10.9269,0,11.2,-0.0646
659,Rally,None,1,-0.0117,55.4523,-1.2539,3.5,-15.3652,-2.1664,0.9858,-4.3683,1,Backhand prepare 0.66,0,9,LowPickup,-45.5994,-57.9219,-2.8783,0.854,-10.6119,12.9063,1,1,Forehand finish,0,9,-0.1031,-37.6194,0.8134,0,Perfect,,-2.6507,-10.9269,0,11.2,-0.0652
660,Rally,None,1,-0.0117,55.3819,-1.2805,3.5,-15.3602,-2.2152,0.8681,-4.7737,1,Backhand prepare 0.70,0,9,LowPickup,-40.1855,-57.8885,-2.875,0.9014,-10.5861,2.002,1,1,Forehand finish,0,9,3.8472,-31.0992,0.6924,0,Perfect,,-2.6507,-10.9269,0,11.2,-0.0703
661,Rally,None,1,-0.0117,55.3117,-1.3037,3.5,-15.3558,-2.2477,0.7859,-5.044,1,Backhand prepare 0.76,0,9,LowPickup,-40.121,-62.0889,-2.9071,0.9777,-10.5887,0.5392,1,1,Forehand finish,0,9,7.2585,-24.5695,0.5385,0,Perfect,,-2.6507,-10.9269,0,11.2,-0.0702
662,Rally,None,1,-0.0117,55.2371,-1.3238,3.5,-15.3521,-2.2965,0.6569,-5.4494,1,Backhand prepare 0.79,0,9,LowPickup,-44.4637,-70.3489,-2.9562,1.0017,-10.6356,0.5905,1,1,Forehand finish,0,9,10.0928,-18.1869,0.3133,0,Perfect,,-2.6507,-10.9269,0,11.2,-0.0746
663,Rally,None,1,-0.0117,55.1631,-1.3414,3.5,-15.3488,-2.3291,0.5671,-5.7197,1,Backhand prepare 0.85,0,9,LowPickup,-43.757,-83.1709,-3.0007,1.0075,-10.7097,0.1512,1,1,Forehand finish,0,9,12.0378,-12.3233,0.1749,0,Perfect,,-2.6507,-10.9269,0,11.2,-0.074
664,Rally,None,1,-0.0117,55.0897,-1.3566,3.5,-15.3459,-2.3616,0.4743,-5.99,1,Backhand prepare 0.89,0,9,LowPickup,-39.7858,-92.4269,-3.0032,0.9949,-10.7811,0.5116,1,1,Forehand finish,0,9,12.9882,-7.079,0.0537,0,Perfect,,-2.6507,-10.9269,0,11.2,-0.0734
665,Rally,None,1,-0.0117,55.0123,-1.3698,3.5,-15.3434,-2.4104,0.3295,-6.3954,1,Backhand prepare 0.92,0,9,LowPickup,-31.8398,-96.191,-2.9487,1.0183,-10.8419,0.8458,1,1,Forehand finish,0,9,13.4103,-2.9798,0.0884,0,Perfect,,-2.6507,-10.9269,0,11.2,-0.0774
666,Rally,None,1,-0.0117,54.936,-1.3813,3.5,-15.3413,-2.443,0.2292,-6.6657,1,Backhand prepare 0.98,0,9,LowPickup,-18.6137,-85.2915,-2.9063,0.9371,-10.739,1.2306,1,1,Forehand finish,0,9,13.4027,-0.5003,0.1407,0,Perfect,,-2.6507,-10.9269,0,11.2,-0.0764
667,Rally,None,1,-0.0117,54.8605,-1.3913,3.5,-15.3394,-2.4918,0.1,-7.0711,1,Backhand prepare 1.00,0,9,LowPickup,-15.7836,-82.6361,-2.8743,0.9132,-10.7439,0.4053,1,1,Ready,0,9,9.2082,-3.1686,0.615,0,Perfect,,-2.6507,-10.9269,0,11.2,-0.0755
668,Rally,None,1,-0.0117,54.7859,-1.4,3.5,-15.3378,-2.523,0.1825,-7.3305,1,Backhand prepare 1.00,0,9,LowPickup,-18.2395,-87.4985,-2.8955,0.9367,-10.7481,0.3452,1,1,Ready,0,9,8.9397,-2.5388,0.2821,0,Perfect,,-2.6507,-10.9269,0,11.2,-0.0747
669,Rally,None,1,-0.0117,54.7119,-1.4076,3.5,-15.3364,-2.5542,0.2621,-7.5898,1,Backhand prepare 1.00,1,0.1645,Drive,-21.3175,-93.2977,-2.8905,0.9248,-10.7746,0.3329,1,1,Ready,0,9,8.6793,-1.9279,0.2412,0,Perfect,,-2.6507,-10.9269,0,11.2,-0.074
670,Rally,None,1,-0.0117,54.6339,-1.4142,3.5,-15.3351,-2.601,0.3762,-7.9789,1,Backhand swing,1,0.1395,Drive,-17.446,-89.4602,-2.9003,0.938,-10.7453,0.072,1,1,Ready,0,9,8.4302,-1.2379,0.0371,0,Perfect,,-2.6507,-10.9269,0,11.2,-0.0779
671,Rally,None,1,-0.0117,54.5571,-1.4199,3.5,-15.3341,-2.6322,0.4487,-8.2382,1,Backhand swing,1,0.1228,Drive,-14.0604,-84.6887,-2.9086,0.9517,-10.7138,0.3451,1,1,Ready,0,9,8.2179,-0.4189,0.1468,0,Perfect,,-2.6507,-10.9269,0,11.2,-0.0768
672,Rally,None,1,-0.0117,54.4767,-1.4248,3.5,-15.3331,-2.6791,0.5521,-8.6272,1,Backhand swing,1,0.0978,Drive,-8.1083,-76.0892,-2.9118,1.0683,-10.7064,0.3707,1,1,Ready,0,9,8.0685,0.608,0.2445,0,Perfect,,-2.6507,-10.9269,0,11.2,-0.0804
673,Rally,None,1,-0.0117,54.3978,-1.4292,3.5,-15.3323,-2.7103,0.6175,-8.8866,1,Backhand swing,1,0.0812,Drive,-4.2714,-66.9543,-2.8995,1.099,-10.67,0.8683,1,1,Ready,0,9,8.0273,1.9074,0.2106,0,Perfect,,-2.6507,-10.9269,0,11.2,-0.079
674,Rally,None,1,-0.0117,54.32,-1.4329,3.5,-15.3316,-2.7415,0.68,-9.1459,1,Backhand swing,1,0.0645,Drive,-0.1009,-56.537,-2.879,1.1121,-10.6307,0.444,1,1,Ready,0,9,8.1274,3.5996,0.1548,0,Perfect,,-2.6507,-10.9269,0,11.2,-0.0777
675,Rally,None,1,-0.0117,54.2389,-1.4362,3.5,-15.331,-2.7883,0.7685,-9.535,1,Backhand swing,1,0.0449,Drive,4.326,-42.9726,-2.7379,0.8667,-10.2747,0.3964,1,1,Ready,0,9,8.5186,5.6806,0.3856,0,Perfect,,-2.6507,-10.9269,0,11.2,-0.0812
676,Rally,None,1,-0.0117,54.1592,-1.439,3.5,-15.3305,-2.8196,0.8239,-9.7943,1,Backhand swing,1,0.0337,Drive,4.5485,-33.4455,-2.5517,1.0703,-10.3831,0.4864,1,1,Ready,0,9,9.5156,7.8315,0.6619,0,Perfect,,-2.6507,-10.9269,0,11.2,-0.0796
677,Rally,None,1,-0.0117,54.0764,-1.4415,3.5,-15.33,-2.8664,0.9017,-10.1834,1,Backhand swing,1,0.0169,Drive,7.1351,-20.5257,-2.5618,1.1911,-10.4469,13.2847,1,1,Ready,0,9,10.8051,8.6925,0.2465,0,Perfect,,-2.6507,-10.9269,0,11.2,-0.0828
678,Rally,None,1,-0.0117,54.0011,-1.4436,3.5,-15.3296,-2.8976,0.95,-10.4427,1,Backhand swing,1,0.0056,Drive,6.5272,-11.0503,-2.5446,1.1888,-10.4997,0.2257,1,1,Ready,0,9,12.174,9.534,0.4784,0,Perfect,,-2.6507,-10.9269,0,11.2,-0.0753
679,Rally,None,1,0.085,54.2622,-1.4485,3.5085,-15.3275,-2.8599,1.0431,-10.0891,1,Backhand swing,1,-0.0083,Drive,6.7891,-1.9715,-2.5278,1.1678,-10.5419,0.1488,1,1,Ready,0,9,13.3622,10.2728,0.6293,0.9417,Perfect,P:Perfect+S;,-2.6507,-10.9269,0,11.2,0.2611
680,Rally,None,1,0.0683,54.4892,-1.4527,3.5055,-15.3277,-2.8599,1.0431,-10.0891,1,Backhand follow,1,-0.0083,Drive,5.3498,-1.8789,-2.5278,1.168,-10.5419,0.1742,1,1,Ready,0,9,14.0826,10.8939,0,0.8833,Perfect,,-2.6507,-10.9269,0,11.2,0.227
681,Rally,None,1,0.0517,54.6866,-1.4701,3.5134,-15.3253,-2.8599,1.0431,-10.0891,1,Backhand follow,1,-0.0083,Drive,5.3498,-1.8789,-2.5278,1.168,-10.5419,0,1,1,Ready,0,9,14.3623,11.258,0,0.825,Perfect,,-2.6507,-10.9269,0,11.2,0.1974
682,Rally,None,1,0.035,54.8582,-1.4631,3.5035,-15.3273,-2.8599,1.0431,-10.0891,1,Backhand follow,1,-0.0083,Drive,5.3498,-1.8789,-2.5278,1.168,-10.5419,0,1,1,Ready,0,9,14.0488,11.2093,0,0.7667,Perfect,,-2.6507,-10.9269,0,11.2,0.1716
683,Rally,None,1,0.0183,55.0074,-1.4627,3.4996,-15.3279,-2.8599,1.0431,-10.0891,1,Backhand follow,1,-0.0083,Drive,5.3498,-1.8789,-2.5278,1.168,-10.5419,0,1,1,Ready,0,9,13.4061,10.7994,0,0.7083,Perfect,,-2.6507,-10.9269,0,11.2,0.1492
684,Rally,None,1,0.0017,55.137,-1.4551,3.5049,-15.327,-2.8599,1.0431,-10.0891,1,Backhand follow,1,-0.0083,Drive,5.3498,-1.8789,-2.5278,1.168,-10.5419,0,1,1,Ready,0,9,12.5855,9.9836,0,0.65,Perfect,,-2.6507,-10.9269,0,11.2,0.1297
685,Rally,None,1,-0.015,55.2498,-1.4601,3.5008,-15.3275,-2.8599,1.0431,-10.0891,1,Backhand follow,1,-0.0083,Drive,5.3498,-1.8789,-2.5278,1.168,-10.5419,0,1,1,Ready,0,9,11.743,8.895,11.0584,0.5917,Perfect,,-2.6507,-10.9269,0,11.2,0.1127
686,Rally,None,1,-0.015,55.3478,-1.4656,3.5031,-15.3267,-2.8066,1.11,-9.7257,1,Backhand follow,1,-0.025,Drive,6.9364,6.7409,-2.5182,1.1488,-10.5561,0,1,1,Ready,0,9,11.0943,7.5763,0.6661,0.5333,Perfect,,-2.6486,-10.9272,0,11.2,0.098
687,Rally,None,1,-0.015,55.433,-1.4614,3.4914,-15.3291,-2.7533,1.1739,-9.3624,1,Backhand follow,1,-0.0417,Drive,7.2536,14.7085,-2.5145,1.1434,-10.5879,0.2136,1,1,Ready,0,9,10.5788,6.2403,2.6747,0.475,Perfect,,-2.6438,-10.9277,0,11.2,0.0852
688,Rally,None,1,-0.015,55.5071,-1.46,3.4907,-15.3294,-2.6734,1.2639,-8.8174,1,Backhand follow,1,-0.0667,Drive,8.3593,25.7652,-2.5149,1.03,-10.7183,0.2022,1,1,Ready,0,9,10.1837,5.083,0.6944,0.4167,Perfect,,-2.6314,-10.9289,0,11.2,0.0741
689,Rally,None,1,-0.015,55.5715,-1.4568,3.4893,-15.33,-2.6201,1.3201,-8.4541,1,Backhand follow,1,-0.0833,Drive,10.2749,31.0517,-2.5543,0.881,-10.8265,0.4142,1,1,Ready,0,9,9.9816,4.1666,0.664,0.3583,Perfect,,-2.6196,-10.9302,0,11.2,0.0644
690,Rally,None,1,-0.015,55.6275,-1.4573,3.4945,-15.3295,-2.5401,1.3987,-7.9091,1,Backhand follow,1,-0.1083,Drive,13.6597,38.9491,-2.5594,0.8947,-10.8571,0.4173,1,1,Ready,0,9,10.0502,3.6275,0.4964,0.3,Perfect,,-2.5968,-10.9325,0,11.2,0.056
691,Rally,None,1,-0.015,55.6761,-1.451,3.4965,-15.3299,-2.4868,1.4472,-7.5457,1,Backhand follow,1,-0.125,Drive,20.3032,42.5951,-2.5693,0.9168,-10.8313,0.869,1,1,Ready,0,9,10.3515,3.4202,0.1802,0.2417,Perfect,,-2.5782,-10.9344,0,11.2,0.0487
692,Rally,None,1,-0.015,55.7184,-1.4496,3.4908,-15.3318,-2.4336,1.4926,-7.1824,1,Backhand follow,1,-0.1417,Drive,26.2894,48.0367,-2.534,0.9312,-10.8335,0.5801,1,1,Ready,0,9,10.8625,3.5908,0.4284,0.1833,Perfect,,-2.5568,-10.9366,0,11.2,0.0423
693,Rally,None,1,-0.015,55.7552,-1.4419,3.4928,-15.3327,-2.3536,1.5551,-6.6374,1,Backhand follow,1,-0.1667,Drive,33.4578,56.6483,-2.4635,0.9559,-10.8603,0.4279,1,1,Ready,0,9,11.6199,4.0013,0.7022,0.125,Perfect,,-2.5195,-10.9405,0,11.2,0.0368
694,Rally,None,1,-0.015,55.7872,-1.4329,3.4951,-15.3338,-2.3003,1.5929,-6.2741,1,Backhand follow,1,-0.1833,Drive,38.1896,63.4608,-2.3911,0.9752,-10.8845,3.8975,1,1,Ready,0,9,12.7197,4.5386,0.7758,0.0667,Perfect,,-2.4911,-10.9434,0,11.2,0.032
695,Rally,None,1,-0.015,55.815,-1.4222,3.4941,-15.336,-2.2204,1.6438,-5.7291,1,Backhand follow,1,-0.2083,Drive,43.102,72.6478,-2.2904,1.0172,-10.9285,1.4215,1,1,Ready,0,9,13.9579,5.1969,0.7582,0.0083,Perfect,,-2.4435,-10.9483,0,11.2,0.0278
696,Rally,None,1,-0.015,55.8392,-1.4095,3.4949,-15.3381,-2.1671,1.6739,-5.3657,1,Backhand follow,1,-0.225,Drive,45.8659,76.5572,-2.2078,1.0382,-10.9297,0.4889,1,1,Ready,0,9,15.2128,5.9225,0.659,0,Perfect,,-2.4082,-10.9519,0,11.2,0.0242
697,Rally,None,1,-0.015,55.8602,-1.3956,3.4956,-15.3404,-2.1138,1.7009,-5.0024,1,Backhand follow,1,-0.2417,Drive,48.7029,79.0251,-2.0567,1.0754,-10.9506,0.6623,1,1,Ready,0,9,16.3573,6.7554,0.5545,0,Perfect,,-2.3703,-10.9558,0,11.2,0.021
698,Rally,None,1,-0.015,55.8784,-1.3792,3.4961,-15.3432,-2.0338,1.7358,-4.4574,1,Backhand follow,1,-0.2667,Drive,52.5605,82.3956,-1.9463,1.0978,-11.0138,2.2719,1,1,Ready,0,9,17.2239,7.745,0.4196,0,Perfect,,-2.3081,-10.9622,-0.1047,11.2,0.0183
699,Rally,None,1,-0.015,55.8943,-1.3616,3.4966,-15.3463,-1.9805,1.7551,-4.0941,1,Backhand follow,0,9,Drive,53.711,80.5236,-1.8762,1.1028,-11.0212,4.1223,1,1,Run,0,9,21.8959,14.6053,2.4524,0,Perfect,,-2.2632,-10.9669,-0.1047,11.2,0.0159
700,Rally,None,1,-0.015,55.9081,-1.3411,3.4971,-15.35,-1.9006,1.7785,-3.5491,1,Run,0,9,Drive,40.4151,62.9634,-1.7178,0.9878,-11.0379,18.2083,0.9167,0.8333,Ready,0,9,18.1128,9.8977,2.5576,0,Perfect,,-2.1906,-10.9743,-0.1047,11.2,0.0138
701,Rally,None,1,-0.015,55.9201,-1.3196,3.4975,-15.3539,-1.8473,1.7902,-3.1858,1,Run,0,9,Drive,41.2565,60.4677,-1.6763,0.9566,-10.9756,0.6136,0.8333,0.6667,Forehand prepare 0.08,0,9,24.7465,13.4535,0.7579,0,Perfect,,-2.1388,-10.9797,-0.1047,11.2,0.012
702,Rally,None,1,-0.015,55.9306,-1.297,3.4978,-15.358,-1.794,1.7988,-2.8224,1,Run,0,9,Drive,42.1398,57.9883,-1.628,0.9211,-10.9559,2.4578,0.75,0.5,Forehand prepare 0.11,0,9,31.6327,19.9442,0.8444,0,Perfect,,-2.0843,-10.9853,-0.1047,11.2,0.0104
703,Rally,None,1,-0.015,55.9396,-1.271,3.4981,-15.3627,-1.7141,1.806,-2.2774,1,Run,0,9,Drive,43.3696,54.9086,-1.5545,0.8742,-10.9843,13.744,0.6667,0.3333,Forehand prepare 0.15,0,9,34.2208,25.2876,0.4127,0,Perfect,,-1.9972,-10.9943,-0.1047,11.2,0.0091
704,Rally,None,1,-0.015,55.9475,-1.2441,3.4983,-15.3677,-1.6608,1.807,-1.9141,1,Run,0,9,Drive,45.1425,50.6462,-1.5112,0.8128,-11.0251,0.8597,0.5833,0.1667,Forehand prepare 0.21,0,9,41.7718,30.8763,0.3347,0,Perfect,,-1.9357,-11.0006,-0.1047,11.2,0.0079
705,Rally,None,1,-0.015,55.9544,-1.2136,3.4986,-15.3733,-1.5808,1.8027,-1.3691,1,Run,0,9,Drive,47.5153,44.6139,-1.4306,0.7446,-11.0879,1.0123,0.5,0,Forehand prepare 0.24,0,9,48.221,37.0835,0.0698,0,Perfect,,-1.8383,-11.0106,-0.1047,11.2,0.0069
706,Rally,None,1,-0.015,55.9603,-1.1823,3.4987,-15.3791,-1.5275,1.796,-1.0058,1,Run,0,9,Drive,48.3917,44.274,-1.3716,0.7433,-11.1077,1.9975,0.4167,0,Forehand prepare 0.30,0,9,54.036,44.4577,0.2376,0,Perfect,,-1.77,-11.0177,-0.1047,11.2,0.006
707,Rally,None,1,-0.015,55.9655,-1.15,3.4989,-15.3851,-1.4742,1.7863,-0.6424,1,Run,0,9,Drive,48.3361,44.0426,-1.3008,0.7441,-11.1173,8.2884,0.3333,0,Forehand prepare 0.34,0,9,59.4153,52.0272,0.1051,0,Perfect,,-1.7003,-11.0249,-0.1047,11.2,0.0052
708,Rally,None,1,-0.015,55.97,-1.1144,3.499,-15.3917,-1.3943,1.7659,-0.0974,1,Run,0,9,Drive,47.8924,43.9329,-1.1939,0.7447,-11.1258,1.8689,0.25,0,Forehand prepare 0.37,0,9,64.7926,60.6527,0.2748,0,Perfect,,-1.5959,-11.0356,-0.1047,11.2,0.0045
709,Rally,None,1,-0.015,55.9392,-1.0785,3.4992,-15.3983,-1.341,1.7484,0.2659,1,Run,0,9,Drive,47.1092,43.9551,-1.0724,0.7664,-11.1191,3.2884,0.1667,0,Forehand prepare 0.43,0,9,70.1861,73.3805,0.6493,0,Perfect,,-1.5262,-11.0428,-0.1047,11.2,-0.0308
710,Rally,None,1,-0.015,55.8412,-1.0398,3.4993,-15.4056,-1.2611,1.7165,0.8109,1,Run,0,9,Drive,46.5402,44.3834,-0.9582,0.7576,-11.1164,0.9459,0.0833,0,Forehand prepare 0.47,0,9,72.7364,82.8785,0,0,Perfect,,-1.4218,-11.0535,-0.1047,11.2,-0.098
711,Rally,None,1,-0.015,55.7086,-1.0011,3.4994,-15.4128,-1.2078,1.6914,1.1742,1,Run,0,9,Drive,45.969,45.0644,-0.9188,0.7285,-11.1113,0,0,0,Forehand prepare 0.52,0,9,73.1378,89.5899,0,0,Perfect,,-1.3522,-11.0607,-0.1047,11.2,-0.1327
712,Rally,None,1,-0.015,55.5458,-0.9624,3.4995,-15.42,-1.1545,1.6633,1.5375,1,Run,0,9,Drive,45.2531,45.884,-0.8349,0.7393,-11.1027,0,0,0,Forehand prepare 0.56,0,9,75.3565,92.0261,0,0,Perfect,,-1.2825,-11.0679,-0.1047,11.2,-0.1628
713,Rally,None,1,-0.015,55.333,-0.9214,3.4995,-15.4276,-1.0745,1.6152,2.0825,1,Run,0,9,Drive,44.6001,46.6343,-0.7183,0.7533,-11.0987,0,0,0,Forehand prepare 0.59,0,9,76.89,95.6098,0,0,Perfect,,-1.1781,-11.0787,-0.1047,11.2,-0.2127
714,Rally,None,1,-0.015,55.1006,-0.8806,3.4996,-15.4352,-1.0212,1.5794,2.4459,1,Run,0,9,Drive,43.985,47.3409,-0.6382,0.7714,-11.0921,0,0,0,Forehand prepare 0.65,0,9,73.9722,104.6284,1.2752,0,Perfect,,-1.1085,-11.0858,-0.1047,11.2,-0.2324
715,Rally,None,1,-0.015,54.8274,-0.8377,3.4996,-15.4432,-0.9413,1.5199,2.9909,1,Run,0,9,Drive,43.4388,47.971,-0.5235,0.7936,-11.0917,1.8187,0,0,Forehand prepare 0.69,0,9,70.0803,108.812,1.2052,0,Perfect,,-1.004,-11.0966,-0.1047,11.2,-0.2732
716,Rally,None,1,-0.015,54.5424,-0.7954,3.4997,-15.4512,-0.888,1.4764,3.3542,1,Run,0,9,Drive,43.1069,48.3784,-0.4498,0.8143,-11.0949,3.9458,0,0,Forehand prepare 0.74,0,9,67.9877,106.809,0.897,0,Perfect,,-0.9344,-11.1038,-0.1047,11.2,-0.285
717,Rally,None,1,-0.015,54.2472,-0.7536,3.4997,-15.459,-0.8347,1.4298,3.7175,1,Run,0,9,Drive,42.9831,48.5702,-0.3788,0.8228,-11.0995,2.6508,0,0,Forehand prepare 0.78,0,9,67.708,104.6538,1.6332,0,Perfect,,-0.8647,-11.1109,-0.1047,11.2,-0.2952
718,Rally,None,1,-0.015,53.9193,-0.7098,3.4998,-15.4672,-0.7548,1.3542,4.2625,1,Run,0,9,Drive,43.0475,48.5666,-0.2749,0.8317,-11.1113,0.8926,0,0,Forehand prepare 0.82,0,9,66.0951,102.235,0.1881,0,Perfect,,-0.7603,-11.1217,-0.1047,11.2,-0.3279
719,Rally,None,1,-0.015,53.5868,-0.6667,3.4998,-15.4752,-0.7015,1.2999,4.6259,1,Run,0,9,Drive,43.3165,48.3514,-0.2105,0.834,-11.1234,0.0383,0,0,Forehand prepare 0.87,0,9,58.5277,95.7263,0.8667,0,Perfect,,-0.6907,-11.1289,-0.1047,11.2,-0.3325
720,Rally,None,1,-0.015,53.2265,-0.6217,3.4998,-15.4836,-0.6215,1.2128,5.1709,1,Run,0,9,Drive,43.8296,47.886,-0.1159,0.8326,-11.1431,0.8763,0,0,Forehand prepare 0.91,0,9,48.8909,87.5541,0.9591,0,Perfect,,-0.5864,-11.1396,-0.1047,11.2,-0.3603
721,Rally,None,1,-0.015,52.8659,-0.5778,3.4998,-15.4918,-0.5682,1.1509,5.5342,1,Run,0,9,Drive,44.4391,47.3196,-0.0586,0.8168,-11.1616,0.6856,0,0,Forehand prepare 0.97,0,9,31.9414,68.1796,0.9804,0,Perfect,,-0.5191,-11.1465,-0.1047,11.2,-0.3607
722,Rally,None,1,-0.015,52.5048,-0.535,3.4999,-15.4999,-0.5149,1.0859,5.8975,1,Run,0,9,Drive,45.0777,46.7188,-0.0067,0.7866,-11.1811,5.2611,0,0,Forehand prepare 1.00,0,9,22.6333,55.4437,1.2671,0,Perfect,,-0.4547,-11.1532,-0.1047,11.2,-0.361
723,Rally,None,1,-0.015,52.1776,-0.4912,3.4999,-15.5081,-0.435,0.9827,6.4425,1,Run,0,9,Drive,45.779,46.0512,0.0703,0.7446,-11.2052,0.7684,0,0,Forehand prepare 1.00,1,0.1833,26.0163,59.3041,0,0,Perfect,,-0.3631,-11.1626,-0.1047,11.2,-0.3272
724,Rally,None,1,-0.015,51.8931,-0.449,3.4999,-15.516,-0.3817,0.9101,6.8058,1,Run,0,9,Drive,46.3776,45.4824,0.1162,0.7316,-11.2236,2.1457,0,0,Backhand swing,1,0.1686,54.9478,43.3584,5.9361,0,Perfect,,-0.3055,-11.1685,-0.1047,11.2,-0.2845
725,Rally,None,1,-0.015,51.6458,-0.4064,3.4999,-15.5239,-0.3018,0.7953,7.3508,1,Run,0,9,Drive,46.8369,45.0498,0.19,0.7459,-11.2405,1.5565,0,0,Backhand swing,1,0.1466,43.5068,22.5699,0.2379,0,Perfect,,-0.2244,-11.1769,-0.1047,11.2,-0.2473
726,Rally,None,1,-0.015,51.4308,-0.3658,3.4999,-15.5315,-0.2485,0.715,7.7142,1,Run,0,9,Drive,47.2138,44.6966,0.2339,0.7497,-11.2535,1.8418,0,0,Backhand swing,1,0.132,30.8381,1.3189,1.0634,0,Perfect,,-0.1737,-11.1821,-0.1047,11.2,-0.215
727,Rally,None,1,-0.015,51.2439,-0.3271,3.4999,-15.5388,-0.1952,0.6316,8.0775,1,Run,0,9,Drive,47.4884,44.4432,0.2748,0.748,-11.2661,0.3262,0,0,Backhand swing,1,0.1173,19.1316,-19.0871,1.4037,0,Perfect,,-0.1258,-11.187,-0.1047,11.2,-0.1869
728,Rally,None,1,-0.015,51.0814,-0.2886,3.4999,-15.546,-0.1152,0.5008,8.6225,1,Run,0,9,Drive,47.6421,44.3088,0.3381,0.7429,-11.2773,0.3249,0,0,Backhand swing,1,0.0953,-9.7417,-40.4098,0,0,Perfect,,-0.0591,-11.1939,-0.1047,11.2,-0.1625
729,Rally,None,1,-0.015,50.9401,-0.2522,3.5,-15.5528,-0.0619,0.4097,8.9858,1,Run,0,9,Drive,47.6745,44.293,0.4219,0.7536,-11.2829,1.3852,0,0,Backhand swing,1,0.0806,4.3262,-46.6783,33.346,0,Perfect,,-0.0181,-11.1981,-0.1047,11.2,-0.1413
730,Rally,None,1,-0.015,50.8173,-0.2192,3.5,-15.559,0.018,0.2674,9.5308,1,Run,0,9,Drive,47.6208,44.3611,0.4415,0.749,-11.2837,0.3365,0,0,Backhand swing,1,0.0587,2.9217,-50.7115,2.7875,0,Perfect,,0,-11.2,-0.1047,11.2,-0.1228
731,Rally,None,1,-0.015,50.7105,-0.1906,3.5,-15.5643,0.0713,0.1687,9.8942,1,Ready,0,9,Drive,47.2953,42.7851,0.3973,0.7138,-11.2725,0,0,0,Backhand swing,1,0.044,3.7119,-42.0116,3.2991,0,Perfect,,0,-11.2,-0.1047,11.2,-0.1068
732,Rally,None,1,-0.015,50.6177,-0.1657,3.5,-15.569,0.1246,0.1,10.2575,1,Ready,0,9,Drive,42.5408,37.5954,0.3368,0.6959,-11.207,0,0,0,Backhand swing,1,0.0293,5.7003,-30.4525,2.2033,0,Perfect,,0,-11.2,-0.1047,11.2,-0.0928
733,Rally,None,1,-0.015,50.537,-0.1441,3.5,-15.573,0.2011,0.2184,10.7793,1,Ready,0,9,Drive,37.7628,32.4756,0.3107,0.6963,-11.1517,0,0,0,Backhand swing,1,0.0073,8.5446,-13.1699,0.2126,0,Perfect,,0,-11.2,0.0155,11.2,-0.0807
734,Rally,None,1,-0.015,51.2507,-0.1252,3.5,-15.5766,0.2267,0.3498,10.8333,1,Ready,0,9,Drive,32.977,27.3581,0.2767,0.7012,-11.1009,1.0588,0,0,Backhand swing,1,0,3.3796,-7.7599,0.3092,0,Perfect,R;,0,-11.2,0.0555,11.2,0.7137
735,Rally,None,1,-0.015,51.8712,-0.1089,3.5,-15.5796,0.2476,0.4452,10.5665,1,Ready,0,9,Drive,28.2191,22.2305,0.237,0.7335,-11.0485,0.6181,0,0,Backhand swing,1,-0.0167,1.4236,-1.353,0.309,0,Perfect,,0,-11.2,0,11.2,0.6205
736,Rally,None,1,-0.015,52.4106,-0.0947,3.5,-15.5823,0.2686,0.5375,10.2997,1,Ready,0,9,Drive,23.5638,17.0872,0.186,0.7485,-10.975,0.4005,0,0,Backhand follow,1,-0.0333,13.4604,18.4602,0.8555,0,Perfect,,0,-11.2,0,11.2,0.5394
737,Rally,None,1,-0.015,52.8795,-0.0823,3.5,-15.5846,0.3001,0.6702,9.8995,1,Ready,0,9,Drive,19.0181,11.8921,0.1217,0.7584,-10.9034,0.9203,0,0,Backhand follow,1,-0.0583,9.7194,23.2562,1.2626,0,Perfect,,0,-11.2,0,11.2,0.4689
738,Rally,None,1,-0.015,53.2872,-0.0715,3.5,-15.5866,0.321,0.7548,9.6327,1,Ready,0,9,Drive,18.6069,11.3164,0.1142,0.7635,-10.895,0.1158,0,0,Backhand follow,1,-0.075,10.084,28.176,0.5733,0,Perfect,,0,-11.2,0,11.2,0.4077
739,Rally,None,1,-0.015,53.6416,-0.0619,3.5,-15.5881,0.3525,0.876,9.2325,1,Ready,0,9,Drive,18.5948,11.1922,0.123,0.768,-10.8948,0.0161,0,0,Backhand follow,1,-0.1,12.047,36.9457,0.6046,0,Perfect,,0.0038,-11.1982,0,11.2,0.3544
740,Rally,None,1,-0.015,53.9497,-0.0532,3.5,-15.5891,0.3734,0.953,8.9657,1,Run,0,9,Drive,20.1265,13.7014,0.1765,0.7762,-10.9008,0.8481,0,0,Backhand follow,1,-0.1167,16.5344,39.8418,0.6037,0,Perfect,,0.0094,-11.1955,0,11.2,0.3081
741,Rally,None,1,-0.015,54.2175,-0.045,3.5,-15.5894,0.3944,1.027,8.6988,1,Run,0,9,Drive,22.5069,17.7979,0.2476,0.7821,-10.9191,1.3359,0,0,Backhand follow,1,-0.1333,20.349,44.1947,0.3002,0,Perfect,,0.0175,-11.1916,0,11.2,0.2679
742,Rally,None,1,-0.015,54.4504,-0.0366,3.5,-15.5886,0.4259,1.1321,8.2986,1,Run,0,9,Drive,24.8625,22.0401,0.3178,0.7761,-10.9406,0.8752,0,0,Backhand follow,1,-0.1583,26.2769,52.8027,0.1371,0,Perfect,,0.0344,-11.1835,0,11.2,0.2329
743,Rally,None,1,-0.015,54.6528,-0.0283,3.5,-15.5871,0.4468,1.1984,8.0318,1,Run,0,9,Drive,26.234,25.5789,0.3825,0.7788,-10.9571,0.14,0,0,Backhand follow,1,-0.175,30.7745,59.6627,0.1937,0,Perfect,,0.0488,-11.1766,0,11.2,0.2024
744,Rally,None,1,-0.015,54.8288,-0.0192,3.5,-15.5841,0.4783,1.292,7.6316,1,Run,0,9,Drive,27.9361,29.3095,0.4571,0.7946,-10.9706,0.5798,0,0,Backhand follow,1,-0.2,35.8646,70.6241,0.1309,0,Perfect,,0.0752,-11.164,0,11.2,0.176
745,Rally,None,1,-0.015,54.9818,-0.0098,3.5,-15.5801,0.4993,1.3506,7.3648,1,Run,0,9,Drive,30.7549,34.0382,0.5275,0.8143,-11.0037,0.7851,0,0,Backhand follow,1,-0.2167,38.8141,77.5645,0.2138,0,Perfect,,0.0958,-11.1541,0,11.2,0.153
746,Rally,None,1,-0.015,55.1149,0,3.5,-15.5753,0.5202,1.4061,7.098,1,Run,0,9,Drive,32.1767,36.6037,0.5795,0.8299,-11.0174,1.4262,0,0,Backhand follow,1,-0.2333,41.7871,82.1333,1.0188,0,Perfect,,0.119,-11.143,0,11.2,0.133
747,Rally,None,1,-0.015,55.2305,0.0114,3.5,-15.5686,0.5517,1.4837,6.6978,1,Run,0,9,Drive,32.0649,36.7091,0.622,0.8358,-10.997,9.9437,0,0,Backhand follow,1,-0.2583,46.5433,88.2018,0.7124,0,Perfect,,0.1584,-11.1241,0,11.2,0.1156
748,Rally,None,1,-0.015,55.331,0.0234,3.5,-15.5609,0.5726,1.5316,6.431,1,Run,0,9,Drive,31.9742,36.7923,0.6543,0.8406,-10.9818,1.6375,0,0,Backhand follow,1,-0.275,50.2342,90.2312,1.5661,0,Perfect,,0.1879,-11.11,0,11.2,0.1005
749,Rally,None,1,-0.015,55.4184,0.0374,3.5,-15.5512,0.6041,1.5977,6.0308,1,Run,0,9,Drive,31.9273,36.8304,0.7053,0.8435,-10.9579,1.0514,0,0,Backhand follow,0,9,50.2012,89.0167,2.4366,0,Perfect,,0.2367,-11.0866,0,11.2,0.0874
750,Rally,None,1,-0.015,55.4944,0.0521,3.5,-15.5405,0.6251,1.6379,5.764,1,Run,0,9,Drive,31.9377,36.809,0.742,0.8438,-10.941,2.2406,0,0,Backhand finish,0,9,52.8807,92.0892,10.8762,0,Perfect,,0.2724,-11.0695,0,11.2,0.076
751,Rally,None,1,-0.015,55.5605,0.0676,3.5,-15.5289,0.646,1.6751,5.4972,1,Run,0,9,Drive,31.9858,36.7472,0.7798,0.8392,-10.9235,1.6814,0,0,Backhand finish,0,9,54.9996,94.889,1.1697,0,Perfect,,0.3106,-11.0512,0,11.2,0.0661
752,Rally,None,1,-0.015,55.6179,0.0855,3.5,-15.5148,0.6775,1.725,5.097,1,Run,0,9,Drive,32.1081,36.609,0.8396,0.8304,-10.8961,1.5391,0,0,Backhand finish,0,9,56.8226,97.2138,5.7319,0,Perfect,,0.3726,-11.0214,0,11.2,0.0574
753,Rally,None,1,-0.015,55.6678,0.1043,3.5,-15.4998,0.6985,1.7545,4.8302,1,Run,0,9,Drive,32.3271,36.3707,0.88,0.8188,-10.8791,2.4472,0,0,Backhand finish,0,9,58.4488,98.8857,2.4197,0,Perfect,,0.4171,-11.0001,0,11.2,0.0499
754,Rally,None,1,-0.015,55.7112,0.1258,3.5,-15.4824,0.7299,1.7931,4.43,1,Run,0,9,Drive,32.6319,36.0427,0.9463,0.8079,-10.8511,0.3088,0,0,Backhand finish,0,9,60.318,100.0432,0.7361,0,Perfect,,0.4885,-10.9659,0,11.2,0.0434
755,Rally,None,1,-0.015,55.7489,0.1481,3.5,-15.464,0.7509,1.8149,4.1632,1,Run,0,9,Drive,33.0245,35.62,0.9936,0.8033,-10.8347,1.2627,0,0,Backhand finish,0,9,62.4555,100.7523,0.2938,0,Perfect,,0.5392,-10.9416,0,11.2,0.0377
756,Rally,None,1,-0.015,55.7817,0.1713,3.5,-15.4446,0.7718,1.8337,3.8964,1,Run,0,9,Drive,33.4922,35.1161,1.0433,0.7973,-10.8179,3.4132,0,0,Backhand finish,0,9,64.9675,101.1336,0.524,0,Perfect,,0.5924,-10.9161,0,11.2,0.0328
757,Rally,None,1,-0.015,55.8102,0.1976,3.5,-15.4226,0.8033,1.8561,3.4962,1,Run,0,9,Drive,33.9897,34.5767,1.123,0.7848,-10.7862,2.0971,0,0,Backhand finish,0,9,67.4445,101.1794,0.6448,0,Perfect,,0.677,-10.8756,0,11.2,0.0285
758,Rally,None,1,-0.015,55.835,0.2247,3.5,-15.3996,0.8243,1.8672,3.2294,1,Run,0,9,Drive,34.494,34.0239,1.1759,0.7892,-10.7689,3.5457,0,0,Backhand finish,0,9,69.7866,100.9774,0.3037,0,Perfect,,0.7365,-10.8471,0,11.2,0.0248
759,Rally,None,1,-0.015,55.8566,0.2546,3.5,-15.3742,0.8557,1.8781,2.8292,1,Run,0,9,Drive,34.9857,33.4768,1.2574,0.7848,-10.7393,2.0748,0,0,Backhand finish,0,9,71.4975,100.631,0.1396,0,Perfect,,0.8244,-10.8049,0,11.2,0.0216
760,Rally,None,1,-0.015,55.8753,0.2845,3.5,-15.3486,0.8767,1.8816,2.5624,1,Run,0,9,Drive,35.3264,33.0799,1.3088,0.7803,-10.7215,2.7946,0,0,Backhand finish,0,9,72.5384,100.0494,0.2612,0,Perfect,,0.8799,-10.7783,0,11.2,0.0187
761,Rally,None,1,-0.015,55.8916,0.3144,3.5,-15.3231,0.8977,1.882,2.2956,1,Run,0,9,Drive,35.5271,32.8235,1.3579,0.7777,-10.7032,1.1875,0,0,Backhand finish,0,9,72.9205,99.2637,0.3601,0,Perfect,,0.9329,-10.753,0,11.2,0.0163
762,Rally,None,1,-0.015,55.9058,0.3457,3.5,-15.2962,0.9291,1.8768,1.8954,1,Run,0,9,Drive,35.6378,32.6574,1.4296,0.7734,-10.6729,1.5435,0,0,Backhand finish,0,9,73.009,98.0926,0.3598,0,Perfect,,1.0077,-10.7171,0,11.2,0.0142
763,Rally,None,1,-0.015,55.9181,0.3763,3.5,-15.2698,0.9501,1.8696,1.6286,1,Run,0,9,Drive,35.6138,32.6283,1.4755,0.7669,-10.6524,3.0204,0,0,Backhand finish,0,9,72.8492,96.5083,0.2575,0,Perfect,,1.0544,-10.6947,0,11.2,0.0123
764,Rally,None,1,-0.015,55.9288,0.4076,3.5,-15.2429,0.9815,1.8529,1.2284,1,Run,0,9,Drive,35.4826,32.7091,1.5419,0.7588,-10.6198,1.2752,0,0,Backhand finish,0,9,72.8427,94.4837,0.0805,0,Perfect,,1.1198,-10.6634,0,11.2,0.0107
765,Rally,None,1,-0.015,55.9381,0.4377,3.5,-15.2169,1.0025,1.838,0.9616,1,Run,0,9,Drive,35.311,32.8351,1.5841,0.7492,-10.5977,2.9677,0,0,Backhand finish,0,9,73.028,92.2805,0.1398,0,Perfect,,1.1603,-10.644,0,11.2,0.0093
766,Rally,None,1,-0.015,55.9462,0.4667,3.5,-15.1919,1.0235,1.82,0.6948,1,Run,0,9,Drive,35.0948,33.0085,1.624,0.7369,-10.5757,2.896,0,0,Backhand finish,0,9,73.4436,90.0792,0.2299,0,Perfect,,1.1983,-10.6258,0,11.2,0.0081
767,Rally,None,1,-0.015,55.9532,0.4953,3.5,-15.1671,1.0549,1.7873,0.2946,1,Forehand prepare 0.03,0,9,Drive,36.0692,30.0613,1.641,0.729,-10.6998,0,0.2083,0.1667,Backhand finish,0,9,73.8812,88.0825,0.2259,0,Perfect,,1.2477,-10.6021,0,11.2,0.007
768,Rally,None,1,-0.015,55.9593,0.5203,3.5,-15.1456,1.0759,1.7617,0.0278,1,Forehand prepare 0.09,0,9,Drive,35.8867,30.8924,1.6194,0.7446,-10.6118,0,0.4167,0.3333,Backhand finish,0,9,74.3968,86.5383,0.1451,0,Perfect,,1.2477,-10.6021,0,11.2,0.0061
769,Rally,None,1,-0.015,55.9638,0.542,3.5,-15.1268,1.1073,1.7174,-0.3724,1,Forehand prepare 0.13,0,9,Drive,46.6677,36.3304,1.6156,0.7773,-10.6123,6.8195,0.625,0.5,Backhand finish,0,9,74.799,85.3714,0.0474,0,Perfect,,1.2477,-10.6021,0,11.2,0.0045
770,Rally,None,1,-0.015,55.9586,0.5608,3.5,-15.1105,1.1283,1.6841,-0.6392,1,Forehand prepare 0.18,0,9,Drive,45.2531,33.6197,1.6222,0.7814,-10.6099,2.0217,0.8333,0.6667,Backhand finish,0,9,75.0715,84.5097,0.0181,0,Perfect,,1.2477,-10.6021,0,11.2,-0.0052
771,Rally,None,1,-0.015,55.945,0.5772,3.5,-15.0964,1.1493,1.6478,-0.906,1,Forehand prepare 0.22,0,9,Drive,46.485,33.9625,1.6122,0.7905,-10.612,1.8222,1,0.8333,Backhand finish,0,9,75.2032,83.8853,0.379,0,Perfect,,1.2477,-10.6021,0,11.2,-0.0136
772,Rally,None,1,-0.015,55.9196,0.5914,3.5,-15.084,1.1807,1.5875,-1.3062,1,Forehand prepare 0.26,0,9,Drive,52.3054,39.9762,1.5951,0.7906,-10.6624,0.1895,1,1,Backhand finish,0,9,75.2921,83.4625,0.341,0,Perfect,,1.2477,-10.6021,0,11.2,-0.0254
773,Rally,None,1,-0.015,55.8884,0.6038,3.5,-15.0733,1.2017,1.5434,-1.573,1,Forehand prepare 0.31,0,9,Drive,58.2265,48.4684,1.6661,0.8099,-10.7745,0.1739,1,1,Backhand finish,0,9,75.2841,83.2069,0.1152,0,Perfect,,1.2477,-10.6021,0,11.2,-0.0312
774,Rally,None,1,-0.015,55.8477,0.6146,3.5,-15.064,1.2332,1.4717,-1.9732,1,Forehand prepare 0.35,0,9,Drive,64.1114,57.4341,1.6959,0.8314,-10.9151,0.3188,1,1,Backhand finish,0,9,75.2379,83.1097,0.0758,0,Perfect,,1.2477,-10.6021,0,11.2,-0.0407
775,Rally,None,1,-0.015,55.8032,0.624,3.5,-15.0559,1.2541,1.42,-2.24,1,Forehand prepare 0.40,0,9,Drive,69.9996,70.494,1.6723,0.9078,-11.1181,0.568,1,1,Backhand finish,0,9,74.681,83.2883,0.1448,0,Perfect,,1.2477,-10.6021,0,11.2,-0.0445
776,Rally,None,1,-0.015,55.7555,0.6321,3.5,-15.0489,1.2751,1.3652,-2.5068,1,Forehand prepare 0.44,0,9,Drive,73.1638,80.4533,1.595,0.991,-11.2352,0,1,1,Backhand finish,0,9,73.0107,83.9825,0.3043,0,Perfect,,1.2477,-10.6021,0,11.2,-0.0477
777,Rally,None,1,-0.015,55.7004,0.6392,3.5,-15.0428,1.3065,1.2774,-2.907,1,Forehand prepare 0.48,0,9,Drive,72.3925,86.1879,1.5288,1.0654,-11.2648,0,1,1,Backhand finish,0,9,70.4529,84.4876,0.4346,0,Perfect,,1.2477,-10.6021,0,11.2,-0.0551
778,Rally,None,1,-0.015,55.6434,0.6453,3.5,-15.0375,1.3275,1.2149,-3.1738,1,Forehand prepare 0.53,0,9,Drive,74.5148,91.1517,1.4035,1.164,-11.2598,0,1,1,Backhand finish,0,9,67.0388,83.7155,0.5732,0,Perfect,,1.2477,-10.6021,0,11.2,-0.057
779,Rally,None,1,-0.015,55.5803,0.6507,3.5,-15.0329,1.359,1.1156,-3.574,1,Forehand prepare 0.57,0,9,Drive,76.556,94.1247,1.3107,1.2251,-11.2299,0,1,1,Backhand finish,0,9,63.0282,81.998,0.6612,0,Perfect,,1.2477,-10.6021,0,11.2,-0.0631
780,Rally,None,1,-0.015,55.5163,0.6553,3.5,-15.0288,1.3799,1.0455,-3.8408,1,Forehand prepare 0.63,0,9,Drive,75.2047,102.6348,1.1766,1.3013,-11.1757,0,1,1,Backhand finish,0,9,58.3169,78.7831,0.6979,0,Perfect,,1.2477,-10.6021,0,11.2,-0.064
781,Rally,None,1,-0.015,55.4516,0.6593,3.5,-15.0253,1.4009,0.9724,-4.1076,1,Forehand prepare 0.66,0,9,Drive,71.0683,108.0643,1.1083,1.3387,-11.1484,1.2774,1,1,Backhand finish,0,9,53.3414,74.5434,0.6881,0,Perfect,,1.2477,-10.6021,0,11.2,-0.0647
782,Rally,None,1,-0.015,55.3818,0.6629,3.5,-15.0223,1.4324,0.8569,-4.5078,1,Forehand prepare 0.70,0,9,Drive,68.4253,108.5994,1.065,1.357,-11.1318,1.0219,1,1,Backhand finish,0,9,48.089,69.2019,0.6914,0,Perfect,,1.2477,-10.6021,0,11.2,-0.0698
783,Rally,None,1,-0.015,55.312,0.6659,3.5,-15.0197,1.4533,0.7762,-4.7746,1,Forehand prepare 0.76,0,9,Drive,67.8815,105.0826,1.0327,1.3479,-11.1162,1.9461,1,1,Backhand finish,0,9,42.7669,63.1094,0.6669,0,Perfect,,1.2477,-10.6021,0,11.2,-0.0698
784,Rally,None,1,-0.015,55.2377,0.6686,3.5,-15.0174,1.4848,0.6492,-5.1748,1,Forehand prepare 0.79,0,9,Drive,66.6903,102.7805,1.0246,1.3061,-11.1165,0.2365,1,1,Backhand finish,0,9,37.4453,56.4217,0.6294,0,Perfect,,1.2477,-10.6021,0,11.2,-0.0743
785,Rally,None,1,-0.015,55.1641,0.6709,3.5,-15.0154,1.5057,0.5608,-5.4416,1,Forehand prepare 0.85,0,9,Drive,59.814,96.8979,1.0467,1.2132,-11.142,0.7692,1,1,Backhand finish,0,9,32.3555,49.4308,0.5825,0,Perfect,,1.2477,-10.6021,0,11.2,-0.0736
786,Rally,None,1,-0.015,55.091,0.6729,3.5,-15.0136,1.5267,0.4693,-5.7084,1,Forehand prepare 0.89,0,9,Drive,50.7388,89.197,1.0976,1.115,-11.1627,0.9451,1,1,Backhand finish,0,9,27.6518,42.2947,0.5058,0,Perfect,,1.2477,-10.6021,0,11.2,-0.0731
787,Rally,None,1,-0.015,55.0138,0.6746,3.5,-15.0121,1.5582,0.3262,-6.1086,1,Forehand prepare 0.92,0,9,Drive,39.1635,76.8553,1.186,0.9821,-11.159,0.8765,1,1,Backhand finish,0,9,23.3786,35.1376,0.425,0,Perfect,,1.2477,-10.6021,0,11.2,-0.0772
788,Rally,None,1,-0.015,54.9377,0.6761,3.5,-15.0108,1.5791,0.2271,-6.3754,1,Forehand prepare 0.98,0,9,Drive,23.2214,56.1862,1.3924,0.7718,-10.9856,1.3869,1,1,Backhand finish,0,9,19.7384,28.2667,0.3212,0,Perfect,,1.2477,-10.6021,0,11.2,-0.0761
789,Rally,None,1,-0.015,54.8619,0.6775,3.5,-15.0097,1.6106,0.1,-6.7756,1,Forehand prepare 1.00,0,9,Drive,17.3469,48.2752,1.4524,0.7394,-10.899,0.9526,1,1,Backhand finish,0,9,16.7658,21.7371,3.6513,0,Perfect,,1.2477,-10.6021,0,11.2,-0.0757
790,Rally,None,1,-0.015,54.787,0.6786,3.5,-15.0087,1.6308,0.1825,-7.0328,1,Forehand prepare 1.00,0,9,Drive,17.3469,48.2752,1.4524,0.7394,-10.899,0,1,1,Backhand finish,0,9,14.7249,15.7798,18.5883,0,Perfect,,1.2477,-10.6021,0,11.2,-0.0749
791,Rally,None,1,-0.015,54.7128,0.6796,3.5,-15.0078,1.651,0.2622,-7.2899,1,Forehand prepare 1.00,1,0.1645,LowPickup,21.5687,53.0382,1.4222,0.7628,-10.9429,0,1,1,Backhand finish,0,9,13.7219,10.4361,0.3028,0,Perfect,,1.2477,-10.6021,0,11.2,-0.0742
792,Rally,None,1,-0.015,54.6347,0.6805,3.5,-15.0071,1.6813,0.3763,-7.6756,1,Forehand swing,1,0.1395,LowPickup,17.8475,49.7901,1.4421,0.7359,-10.9114,0.5461,1,1,Backhand finish,0,9,13.2828,6.2425,0.334,0,Perfect,,1.2477,-10.6021,0,11.2,-0.0781
793,Rally,None,1,-0.015,54.5577,0.6812,3.5,-15.0064,1.7015,0.4488,-7.9327,1,Forehand swing,1,0.1228,LowPickup,15.0267,45.9416,1.4655,0.7274,-10.8785,0.399,1,1,Backhand finish,0,9,13.2898,3.6846,0.3323,0,Perfect,,1.2477,-10.6021,0,11.2,-0.077
794,Rally,None,1,-0.015,54.4772,0.6819,3.5,-15.0059,1.7318,0.5521,-8.3184,1,Forehand swing,1,0.0978,LowPickup,10.0997,38.7167,1.5056,0.7072,-10.801,0.4271,1,1,Ready,0,9,16.4932,6.7586,0.7292,0,Perfect,,1.2477,-10.6021,0,11.2,-0.0805
795,Rally,None,1,-0.015,54.3981,0.6824,3.5,-15.0054,1.752,0.6174,-8.5755,1,Forehand swing,1,0.0812,LowPickup,7.0002,30.4338,1.5383,0.6979,-10.723,0.5086,1,1,Ready,0,9,15.5541,6.4626,0.4583,0,Perfect,,1.2477,-10.6021,0,11.2,-0.0791
796,Rally,None,1,-0.015,54.3203,0.6829,3.5,-15.0049,1.7722,0.6799,-8.8326,1,Forehand swing,1,0.0645,LowPickup,3.7503,20.786,1.5598,0.6881,-10.6279,5.3578,1,1,Ready,0,9,14.5578,6.1663,0.3372,0,Perfect,,1.2477,-10.6021,0,11.2,-0.0778
797,Rally,None,1,-0.015,54.239,0.6834,3.5,-15.0046,1.8026,0.7681,-9.2183,1,Forehand swing,1,0.0452,LowPickup,0.5356,8.2207,1.5703,0.9762,-9.9932,1.6918,1,1,Ready,0,9,13.5098,5.8319,0.3211,0,Perfect,,1.2477,-10.6021,0,11.2,-0.0813
798,Rally,None,1,-0.015,54.1593,0.6837,3.5,-15.0043,1.8228,0.8234,-9.4754,1,Forehand swing,1,0.0323,LowPickup,0.1624,-1.4084,1.5315,1.0765,-10.0097,15.1012,1,1,Ready,0,9,12.4707,5.3976,0.3486,0,Perfect,,1.2477,-10.6021,0,11.2,-0.0797
799,Rally,None,1,-0.015,54.0764,0.6841,3.5,-15.004,1.8531,0.9009,-9.8611,1,Forehand swing,1,0.0129,LowPickup,-2.128,-14.0765,1.5101,1.1497,-10.1161,0.2104,1,1,Ready,0,9,11.4281,4.9356,0.412,0,Perfect,,1.2477,-10.6021,0,11.2,-0.0829
800,Rally,None,1,-0.015,54.0011,0.6844,3.5,-15.0037,1.8733,0.949,-10.1183,1,Forehand swing,1,0,LowPickup,-2.703,-20.7331,1.5036,1.1768,-10.1382,0.1446,1,1,Ready,0,9,10.3618,4.6036,0.293,0,Perfect,,1.2477,-10.6021,0,11.2,-0.0753
801,Rally,None,1,0.055,54.2622,0.6838,3.4994,-15.0037,1.8421,0.9947,-9.6535,1,Forehand follow,1,-0.0083,LowPickup,-3.2358,-22.1383,1.5016,1.1508,-10.1479,0.124,1,1,Ready,0,9,9.2856,4.4271,0.4133,0.6917,Perfect,P:Perfect;,1.2477,-10.6021,0,11.2,0.2611
802,Rally,None,1,0.0383,54.4892,0.6767,3.5107,-15.0015,1.8421,0.9947,-9.6535,1,Forehand follow,1,-0.0083,LowPickup,-3.2725,-21.1538,1.5016,1.1508,-10.1481,0.146,1,1,Ready,0,9,8.1855,4.4855,0.451,0.6333,Perfect,,1.2477,-10.6021,0,11.2,0.227
803,Rally,None,1,0.0217,54.6866,0.6813,3.4971,-15.0038,1.8421,0.9947,-9.6535,1,Forehand follow,1,-0.0083,LowPickup,-3.2725,-21.1538,1.5016,1.1508,-10.148,0,1,1,Ready,0,9,7.3022,4.89,0.4341,0.575,Perfect,,1.2477,-10.6021,0,11.2,0.1974
804,Rally,None,1,0.005,54.8582,0.6779,3.4943,-15.0043,1.8421,0.9947,-9.6535,1,Forehand follow,1,-0.0083,LowPickup,-3.2725,-21.1538,1.5016,1.1508,-10.148,0,1,1,Ready,0,9,7.7356,5.8875,0.1005,0.5167,Perfect,,1.2477,-10.6021,0,11.2,0.1716
805,Rally,None,1,-0.0117,55.0074,0.6841,3.4989,-15.0032,1.8421,0.9947,-9.6535,1,Forehand follow,1,-0.0083,LowPickup,-3.2725,-21.1538,1.5016,1.1508,-10.148,0,1,1,Ready,0,9,8.405,6.9385,0.1805,0.4583,Perfect,,1.2477,-10.6021,0,11.2,0.1492
806,Rally,None,1,-0.0117,55.137,0.6828,3.497,-15.0036,1.8109,1.0379,-9.3088,1,Forehand follow,1,-0.025,LowPickup,-4.7905,-27.3915,1.4971,1.1033,-10.1666,0,1,1,Ready,0,9,9.5156,7.8566,0.1014,0.4,Perfect,,1.2458,-10.603,0,11.2,0.1297
807,Rally,None,1,-0.0117,55.2498,0.6815,3.4934,-15.0045,1.7798,1.0786,-8.9641,1,Forehand follow,1,-0.0417,LowPickup,-6.4715,-30.3799,1.494,1.062,-10.2005,0.3499,1,1,Ready,0,9,10.8051,8.7171,0.2465,0.3417,Perfect,,1.2414,-10.6051,0,11.2,0.1127
808,Rally,None,1,-0.0117,55.3478,0.6846,3.5013,-15.0039,1.733,1.1349,-8.4471,1,Forehand follow,1,-0.0667,LowPickup,-8.997,-34.3721,1.5084,1.0059,-10.3011,0.1848,1,1,Ready,0,9,12.174,9.5566,1.7459,0.2833,Perfect,,1.2302,-10.6105,0,11.2,0.098
809,Rally,None,1,-0.0117,55.433,0.6804,3.4992,-15.0059,1.7018,1.1692,-8.1024,1,Forehand follow,1,-0.0833,LowPickup,-10.5462,-35.0414,1.5242,0.9561,-10.3467,0.1973,1,1,Ready,0,9,13.3622,10.2959,6.2627,0.225,Perfect,,1.2195,-10.6156,0,11.2,0.0852
810,Rally,None,1,-0.0117,55.5071,0.6789,3.4978,-15.0087,1.6551,1.2159,-7.5853,1,Forehand follow,1,-0.1083,LowPickup,-13.0319,-37.2432,1.5306,0.9431,-10.3482,0.1312,1,1,Ready,0,9,14.0826,10.9172,0.5108,0.1667,Perfect,,1.1989,-10.6255,0,11.2,0.0741
811,Rally,None,1,-0.0117,55.5715,0.6719,3.4964,-15.0123,1.6239,1.2439,-7.2406,1,Forehand follow,1,-0.125,LowPickup,-16.5404,-38.453,1.501,0.9798,-10.3219,0.6205,1,1,Ready,0,9,14.3623,11.2805,1.2876,0.1083,Perfect,,1.1819,-10.6336,0,11.2,0.0644
812,Rally,None,1,-0.0117,55.6275,0.6673,3.4966,-15.0164,1.5928,1.2694,-6.8959,1,Forehand follow,1,-0.1417,LowPickup,-20.7073,-41.114,1.414,1.0364,-10.2883,0.6962,1,1,Ready,0,9,14.0488,11.2302,0.3002,0.05,Perfect,,1.1625,-10.6429,0,11.2,0.056
813,Rally,None,1,-0.0117,55.6761,0.6611,3.4967,-15.022,1.546,1.3027,-6.3789,1,Forehand follow,1,-0.1667,LowPickup,-25.7627,-45.6833,1.2668,1.1132,-10.2732,0.7585,1,1,Ready,0,9,13.4061,10.8178,2.2816,0,Perfect,,1.1287,-10.6591,0,11.2,0.0487
814,Rally,None,1,-0.0117,55.7184,0.654,3.4971,-15.0285,1.5148,1.3218,-6.0342,1,Forehand follow,1,-0.1833,LowPickup,-30.7468,-49.5083,1.164,1.1486,-10.272,3.4277,1,1,Ready,0,9,12.5855,9.9988,0.5099,0,Perfect,,1.103,-10.6714,0,11.2,0.0423
815,Rally,None,1,-0.0117,55.7552,0.6447,3.4975,-15.0368,1.4681,1.3457,-5.5171,1,Forehand follow,1,-0.2083,LowPickup,-35.0321,-55.0765,1.0269,1.2066,-10.3016,18.2983,1,1,Ready,0,9,11.743,8.9068,2.8327,0,Perfect,,1.0598,-10.6921,0,11.2,0.0368
816,Rally,None,1,-0.0117,55.7872,0.6343,3.4978,-15.046,1.4369,1.3584,-5.1724,1,Forehand follow,1,-0.225,LowPickup,-36.2444,-58.8964,0.9234,1.221,-10.3252,0.825,1,1,Ready,0,9,11.0943,7.5846,0.666,0,Perfect,,1.0279,-10.7074,0,11.2,0.032
817,Rally,None,1,-0.0117,55.815,0.6228,3.4981,-15.0562,1.4057,1.3686,-4.8277,1,Forehand follow,1,-0.2417,LowPickup,-36.9978,-62.0456,0.8253,1.2242,-10.3538,1.5929,1,1,Ready,0,9,10.5788,6.2456,2.6748,0,Perfect,,0.9934,-10.7239,0,11.2,0.0278
818,Rally,None,1,-0.0117,55.8392,0.6088,3.4984,-15.0686,1.359,1.3792,-4.3106,1,Forehand follow,1,-0.2667,LowPickup,-37.6584,-66.7124,0.6924,1.2158,-10.4138,9.0444,1,1,Ready,0,9,10.1837,5.086,0.6944,0,Perfect,,0.9371,-10.751,-0.1201,11.2,0.0242
819,Rally,None,1,-0.0117,55.8602,0.5937,3.4986,-15.0819,1.3278,1.383,-3.9659,1,Forehand follow,0,9,LowPickup,-36.1223,-67.8641,0.6275,1.1994,-10.4297,1.1907,1,1,Run,0,9,15.6084,10.3728,0.6075,0,Perfect,,0.8964,-10.7705,-0.2002,11.2,0.021
820,Rally,None,1,-0.0117,55.8784,0.5758,3.4988,-15.0976,1.281,1.384,-3.4489,1,Run,0,9,LowPickup,-32.2279,-47.8822,0.6634,1.0467,-10.3217,8.1471,0.9167,0.8333,Run,0,9,21.5796,16.0508,0.5416,0,Perfect,,0.8306,-10.802,-0.2045,11.2,0.0183
821,Rally,None,1,-0.0117,55.8943,0.5569,3.4989,-15.1142,1.2499,1.3815,-3.1042,1,Run,0,9,LowPickup,-32.7405,-45.8167,0.6252,1.0105,-10.3247,0.9158,0.8333,0.6667,Ready,0,9,16.0626,9.5813,0.6111,0,Perfect,,0.7836,-10.8245,-0.2045,11.2,0.0159
822,Rally,None,1,-0.0117,55.9081,0.5369,3.4991,-15.1317,1.2187,1.3765,-2.7595,1,Run,0,9,LowPickup,-33.1817,-43.8717,0.5884,0.974,-10.3315,5.4097,0.75,0.5,Backhand prepare 0.05,0,9,10.6745,4.489,0.3861,0,Perfect,,0.7342,-10.8482,-0.2045,11.2,0.0138
823,Rally,None,1,-0.0117,55.9201,0.5138,3.4992,-15.1518,1.172,1.3641,-2.2424,1,Run,0,9,LowPickup,-33.6259,-41.6644,0.5466,0.9353,-10.3689,0.709,0.6667,0.3333,Backhand prepare 0.08,0,9,10.3932,7.8947,0.6741,0,Perfect,,0.6553,-10.886,-0.2045,11.2,0.012
824,Rally,None,1,-0.0117,55.9306,0.4898,3.4993,-15.1728,1.1408,1.3527,-1.8977,1,Run,0,9,LowPickup,-34.1329,-38.7766,0.5746,0.872,-10.4044,6.3599,0.5833,0.1667,Backhand prepare 0.14,0,9,9.1301,9.9132,0.8027,0,Perfect,,0.5995,-10.9127,-0.2045,11.2,0.0104
825,Rally,None,1,-0.0117,55.9396,0.4625,3.4994,-15.1966,1.094,1.3309,-1.3806,1,Run,0,9,LowPickup,-35.5248,-35.1307,0.5379,0.8118,-10.485,3.3035,0.5,0,Backhand prepare 0.18,0,9,6.1438,9.5404,0.7503,0,Perfect,,0.5112,-10.955,-0.2045,11.2,0.0091
826,Rally,None,1,-0.0117,55.9475,0.4346,3.4995,-15.221,1.0629,1.3131,-1.0359,1,Run,0,9,LowPickup,-36.6474,-35.5478,0.5041,0.7781,-10.5417,5.4128,0.4167,0,Backhand prepare 0.23,0,9,1.7035,5.5247,0.614,0,Perfect,,0.452,-10.9834,-0.2045,11.2,0.0079
827,Rally,None,1,-0.0117,55.9544,0.4062,3.4995,-15.2458,1.0317,1.2928,-0.6912,1,Run,0,9,LowPickup,-36.2599,-36.302,0.4535,0.7717,-10.5796,4.3027,0.3333,0,Backhand prepare 0.27,0,9,-2.3002,0.7375,0.3407,0,Perfect,,0.3952,-11.0106,-0.2045,11.2,0.0069
828,Rally,None,1,-0.0117,55.9603,0.3758,3.4996,-15.2724,0.9849,1.2576,-0.1742,1,Run,0,9,LowPickup,-34.9633,-35.9336,0.3843,0.7797,-10.6232,1.7344,0.25,0,Backhand prepare 0.31,0,9,-6.3563,-4.4017,0.4302,0,Perfect,,0.3148,-11.0492,-0.2045,11.2,0.006
829,Rally,None,1,-0.0117,55.9432,0.3457,3.4996,-15.2986,0.9538,1.231,0.1705,1,Run,0,9,LowPickup,-33.1509,-34.9352,0.35,0.7824,-10.6534,1.3162,0.1667,0,Backhand prepare 0.36,0,9,-12.6566,-12.775,1.1092,0,Perfect,,0.2643,-11.0733,-0.2045,11.2,-0.0171
830,Rally,None,1,-0.0117,55.8608,0.3144,3.4997,-15.3259,0.907,1.1863,0.6876,1,Run,0,9,LowPickup,-32.6457,-35.3032,0.2874,0.7854,-10.6984,0.2691,0.0833,0,Backhand prepare 0.40,0,9,-18.6691,-19.9295,1.3731,0,Perfect,,0.1933,-11.1074,-0.2045,11.2,-0.0824
831,Rally,None,1,-0.0117,55.7442,0.284,3.4997,-15.3524,0.8758,1.1533,1.0323,1,Run,0,9,LowPickup,-32.3485,-35.6103,0.2493,0.7867,-10.7258,2.8545,0,0,Backhand prepare 0.45,0,9,-25.291,-28.8857,0,0,Perfect,,0.149,-11.1286,-0.2045,11.2,-0.1167
832,Rally,None,1,-0.0117,55.5977,0.2546,3.4998,-15.378,0.8447,1.1178,1.377,1,Run,0,9,LowPickup,-32.1221,-35.844,0.2126,0.7889,-10.7496,15.1121,0,0,Backhand prepare 0.49,0,9,-28.2023,-34.6633,0.0689,0,Perfect,,0.1073,-11.1486,-0.2045,11.2,-0.1465
833,Rally,None,1,-0.0117,55.4028,0.2249,3.4998,-15.4039,0.7979,1.0597,1.894,1,Run,0,9,LowPickup,-31.9636,-36.0087,0.1154,0.7957,-10.7794,0.725,0,0,Backhand prepare 0.53,0,9,-32.3924,-41.0894,0.2637,0,Perfect,,0.0494,-11.1763,-0.2045,11.2,-0.1949
834,Rally,None,1,-0.0117,55.1884,0.1965,3.4998,-15.4287,0.7667,1.0178,2.2388,1,Run,0,9,LowPickup,-31.8839,-36.0943,0.0809,0.7988,-10.7967,1.7278,0,0,Backhand prepare 0.58,0,9,-42.2896,-52.8651,1.9988,0,Perfect,,0.014,-11.1933,-0.2045,11.2,-0.2145
835,Rally,None,1,-0.0117,54.9344,0.1709,3.4998,-15.451,0.72,0.9502,2.7558,1,Run,0,9,LowPickup,-31.8801,-36.1043,0.0666,0.7973,-10.8024,1.75,0,0,Backhand prepare 0.62,0,9,-49.8845,-62.972,2.3236,0,Perfect,,0,-11.2,-0.2045,11.2,-0.254
836,Rally,None,1,-0.0117,54.6685,0.1485,3.4999,-15.4705,0.6888,0.902,3.1005,1,Ready,0,9,LowPickup,-26.6065,-30.5854,0.0959,0.8057,-10.8303,12.1025,0,0,Backhand prepare 0.68,0,9,-59.3671,-79.8022,1.0856,0,Perfect,,0,-11.2,-0.2045,11.2,-0.2658
837,Rally,None,1,-0.0117,54.3924,0.1291,3.4999,-15.4874,0.6576,0.8512,3.4452,1,Ready,0,9,LowPickup,-20.2905,-24.315,0.0743,0.7878,-10.8553,10.3913,0,0,Backhand prepare 0.71,0,9,-64.1024,-89.9378,2.2038,0,Perfect,,0,-11.2,-0.2045,11.2,-0.2761
838,Rally,None,1,-0.0117,54.0848,0.1123,3.4999,-15.5021,0.6109,0.7703,3.9623,1,Ready,0,9,LowPickup,-12.0505,-16.3786,0.0757,0.776,-10.8913,4.4072,0,0,Backhand prepare 0.75,0,9,-68.7772,-97.4488,1.4351,0,Perfect,,0,-11.2,-0.2045,11.2,-0.3076
839,Rally,None,1,-0.0117,53.7723,0.0976,3.4999,-15.5149,0.5797,0.7132,4.307,1,Ready,0,9,LowPickup,-2.7176,-7.3635,0.1005,0.8003,-10.927,2.5352,0,0,Backhand prepare 0.81,0,9,-72.2962,-107.4777,0.6444,0,Perfect,,0,-11.2,-0.2045,11.2,-0.3125
840,Rally,None,1,-0.0117,53.4331,0.0848,3.4999,-15.526,0.533,0.6227,4.824,1,Ready,0,9,LowPickup,6.2326,1.2354,0.1137,0.8213,-10.9398,1.2985,0,0,Backhand prepare 0.84,0,9,-69.942,-114.5762,0.9028,0,Perfect,,0,-11.2,-0.2045,11.2,-0.3392
841,Rally,None,1,-0.0117,53.0932,0.0738,3.4999,-15.5357,0.5018,0.5592,5.1687,1,Ready,0,9,LowPickup,14.7211,9.2898,0.1241,0.8382,-10.9466,1.6102,0,0,Backhand prepare 0.90,0,9,-56.3836,-121.413,7.2608,0,Perfect,,0,-11.2,-0.2045,11.2,-0.3399
842,Rally,None,1,-0.0117,52.7527,0.0641,3.4999,-15.5441,0.4706,0.4932,5.5134,1,Ready,0,9,LowPickup,17.0627,11.609,0.1242,0.8441,-10.9576,0.0883,0,0,Backhand prepare 0.93,0,9,-42.6193,-116.7618,31.8884,0,Perfect,,0,-11.2,-0.2045,11.2,-0.3405
843,Rally,None,1,-0.0117,52.3931,0.0557,3.5,-15.5514,0.4239,0.3894,6.0305,1,Ready,0,9,LowPickup,16.2996,11.0276,0.1239,0.8475,-10.9656,0.539,0,0,Backhand prepare 0.97,0,9,-29.4754,-104.0874,0.7636,0,Perfect,,0,-11.2,-0.2045,11.2,-0.3596
844,Rally,None,1,-0.0117,52.0804,0.0485,3.5,-15.5578,0.3927,0.3171,6.3752,1,Ready,0,9,LowPickup,15.6614,10.4003,0.1357,0.8575,-10.9709,0.2932,0,0,Backhand prepare 1.00,0,9,-20.5087,-92.4555,6.6914,0,Perfect,,0,-11.2,-0.2045,11.2,-0.3126
845,Rally,None,1,-0.0117,51.8086,0.0421,3.5,-15.5633,0.3459,0.2038,6.8923,1,Ready,0,9,LowPickup,15.1686,9.8159,0.1471,0.8657,-10.9762,0.2073,0,0,Backhand prepare 1.00,1,0.1762,-27.2607,-98.996,0.0001,0,Perfect,,0,-11.2,-0.2045,11.2,-0.2718
846,Rally,None,1,-0.0117,51.5724,0.0366,3.5,-15.5681,0.3148,0.125,7.237,1,Ready,0,9,LowPickup,14.8917,9.3776,0.1503,0.8702,-10.9769,0.2317,0,0,Backhand swing,1,0.1621,-23.0787,-96.2489,0.3026,0,Perfect,,0,-11.2,-0.2045,11.2,-0.2363
847,Rally,None,1,-0.0117,51.3669,0.0318,3.5,-15.5722,0.2847,0.129,7.5699,1,Ready,0,9,LowPickup,14.7922,9.0517,0.1485,0.8668,-10.975,0.2831,0,0,Backhand swing,1,0.148,-20.5945,-93.3814,0.1043,0,Perfect,,0,-11.2,-0.2445,11.2,-0.2054
848,Rally,None,1,-0.0117,51.1884,0.0277,3.5,-15.5759,0.2411,0.212,8.0518,1,Ready,0,9,LowPickup,14.8765,8.849,0.139,0.8551,-10.9697,0.3478,0,0,Backhand swing,1,0.1269,-12.0801,-80.9334,0.2972,0,Perfect,,0,-11.2,-0.3647,11.2,-0.1786
849,Rally,None,1,-0.0117,51.0331,0.0241,3.5,-15.579,0.212,0.2641,8.3731,1,Ready,0,9,LowPickup,15.0819,8.7411,0.1298,0.842,-10.9637,0.3063,0,0,Backhand swing,1,0.1128,-5.397,-69.6542,0.1825,0,Perfect,,0,-11.2,-0.3985,11.2,-0.1553
850,Rally,None,1,-0.0117,50.8981,0.0209,3.5,-15.5818,0.1685,0.3372,8.855,1,Ready,0,9,LowPickup,15.3604,8.726,0.1309,0.8339,-10.9564,0.2201,0,0,Backhand swing,1,0.0916,-4.9802,-69.344,14.6256,0,Perfect,,0,-11.2,-0.3985,11.2,-0.135
851,Rally,None,1,-0.0117,50.7808,0.0182,3.5,-15.5841,0.1394,0.3826,9.1763,1,Ready,0,9,LowPickup,15.6826,8.737,0.1371,0.8278,-10.9539,0.1218,0,0,Backhand swing,1,0.0775,-3.6644,-65.0651,0.7776,0,Perfect,,0,-11.2,-0.3985,11.2,-0.1173
852,Rally,None,1,-0.0117,50.6788,0.0158,3.5,-15.5862,0.1104,0.4254,9.4975,1,Ready,0,9,LowPickup,16.0046,8.6875,0.1497,0.826,-10.9696,0.2523,0,0,Backhand swing,1,0.0634,-0.1956,-55.9186,0.3204,0,Perfect,,0,-11.2,-0.3985,11.2,-0.102
853,Rally,None,1,-0.0117,50.5901,0.0137,3.5,-15.588,0.0668,0.4846,9.9794,1,Ready,0,9,LowPickup,16.33,8.6471,0.1569,0.8229,-10.9862,0.4223,0,0,Backhand swing,1,0.0423,5.016,-41.3428,0.3545,0,Perfect,,0,-11.2,-0.3985,11.2,-0.0887
854,Rally,None,1,-0.0117,50.513,0.012,3.5,-15.5896,0.0377,0.5208,10.3007,1,Ready,0,9,LowPickup,16.6424,8.6638,0.1444,0.8052,-10.9838,0.6229,0,0,Backhand swing,1,0.0282,5.7114,-29.4387,0.5295,0,Perfect,,0,-11.2,-0.3985,11.2,-0.0771
855,Rally,None,1,-0.0117,50.446,0.0104,3.5,-15.5909,-0.0059,0.5701,10.7826,1,Ready,0,9,LowPickup,16.9598,8.7091,0.1294,0.7851,-10.9779,0.5226,0,0,Backhand swing,1,0.007,8.3828,-12.8766,0.2007,0,Perfect,,0,-11.2,-0.404,11.2,-0.067
856,Rally,None,1,-0.0117,51.1716,0.009,3.5,-15.5921,-0.0204,0.5852,10.8232,1,Ready,0,9,LowPickup,17.3059,8.7443,0.1274,0.7746,-10.9769,0.1849,0,0,Backhand swing,1,0,5.999,-6.3533,0.2718,0,Perfect,R;,0,-11.2,-0.4164,11.2,0.7256
857,Rally,None,1,-0.0117,51.8024,0.0079,3.5,-15.5932,-0.0621,0.6707,10.4953,1,Ready,0,9,LowPickup,17.6435,8.8521,0.1292,0.7629,-10.9773,0.074,0,0,Backhand swing,1,-0.0167,9.2617,5.9136,0.2362,0,Perfect,,0,-11.2,-0.3363,11.2,0.6308
858,Rally,None,1,-0.0117,52.3508,0.0068,3.5,-15.5941,-0.1038,0.7531,10.1674,1,Ready,0,9,LowPickup,17.9524,9.1341,0.1326,0.7529,-10.9802,0.2406,0,0,Backhand follow,1,-0.0333,1.6514,6.0512,0.4005,0,Perfect,,0,-11.2,-0.2562,11.2,0.5484
859,Rally,None,1,-0.0117,52.8275,0.0059,3.5,-15.5948,-0.1663,0.8707,9.6756,1,Ready,0,9,LowPickup,18.2116,9.4835,0.1334,0.7427,-10.9818,0.229,0,0,Backhand follow,1,-0.0583,-0.4033,13.5978,0.204,0,Perfect,,0,-11.2,-0.1361,11.2,0.4767
860,Rally,None,1,-0.0117,53.242,0.0052,3.5,-15.5955,-0.208,0.9451,9.3477,1,Ready,0,9,LowPickup,18.3894,9.8212,0.1218,0.7292,-10.9759,0.0475,0,0,Backhand follow,1,-0.075,-2.1834,15.3247,0.2638,0,Perfect,,0,-11.2,-0.056,11.2,0.4145
861,Rally,None,1,-0.0117,53.6023,0.0042,3.5,-15.5963,-0.2706,1.0508,8.8558,1,Ready,0,9,LowPickup,18.5013,10.1778,0.1091,0.7219,-10.9724,0.1314,0,0,Backhand follow,1,-0.1,-2.9333,18.8267,0.2417,0,Perfect,,-0.0039,-11.2015,0,11.2,0.3603
862,Rally,None,1,-0.0117,53.9155,0.003,3.5,-15.5973,-0.3123,1.1173,8.5279,1,Run,0,9,LowPickup,12.4449,5.8826,0.117,0.7527,-10.9504,0.8507,0,0,Backhand follow,1,-0.1167,10.8449,29.0059,0.5948,0,Perfect,,-0.0097,-11.2037,0,11.2,0.3132
863,Rally,None,1,-0.0117,54.1878,0.0013,3.5,-15.5985,-0.354,1.1807,8.2,1,Run,0,9,LowPickup,2.8229,-1.3946,0.1141,0.7609,-10.9126,0.575,0,0,Backhand follow,1,-0.1333,21.9119,40.9961,0.498,0,Perfect,,-0.0182,-11.207,0,11.2,0.2723
864,Rally,None,1,-0.0117,54.4246,-0.0015,3.5,-15.6005,-0.4165,1.2697,7.7082,1,Run,0,9,LowPickup,-6.7444,-8.9424,0.086,0.7427,-10.8806,1.1934,0,0,Backhand follow,1,-0.1583,26.8906,49.593,0.4777,0,Perfect,,-0.0357,-11.2137,0,11.2,0.2367
865,Rally,None,1,-0.0117,54.6304,-0.0049,3.5,-15.603,-0.4582,1.3251,7.3803,1,Run,0,9,LowPickup,-15.5223,-15.8917,0.0554,0.7547,-10.8407,2.3241,0,0,Backhand follow,1,-0.175,30.9113,57.6279,0.4596,0,Perfect,,-0.0506,-11.2194,0,11.2,0.2058
866,Rally,None,1,-0.0117,54.8093,-0.0099,3.5,-15.6065,-0.5208,1.4023,6.8884,1,Run,0,9,LowPickup,-23.9529,-22.833,-0.0008,0.7745,-10.8049,2.4818,0,0,Backhand follow,1,-0.2,35.8646,70.6241,0.2552,0,Perfect,,-0.0778,-11.2298,0,11.2,0.1789
867,Rally,None,1,-0.0117,54.9649,-0.0157,3.5,-15.6106,-0.5625,1.4497,6.5605,1,Run,0,9,LowPickup,-32.8262,-30.5033,-0.0558,0.7993,-10.7809,2.4444,0,0,Backhand follow,1,-0.2167,38.8141,77.5645,0.2138,0,Perfect,,-0.0992,-11.238,0,11.2,0.1556
868,Rally,None,1,-0.0117,55.1001,-0.0225,3.5,-15.6154,-0.6042,1.494,6.2326,1,Run,0,9,LowPickup,-38.0623,-35.2714,-0.0973,0.8126,-10.7741,1.395,0,0,Backhand follow,1,-0.2333,41.7871,82.1333,1.0163,0,Perfect,,-0.1232,-11.2472,0,11.2,0.1352
869,Rally,None,1,-0.0117,55.2177,-0.0313,3.5,-15.6216,-0.6667,1.5545,5.7407,1,Run,0,9,LowPickup,-37.847,-35.499,-0.1349,0.7999,-10.7948,0.1907,0,0,Backhand follow,1,-0.2583,46.5433,88.2018,1.0623,0,Perfect,,-0.1641,-11.2629,0,11.2,0.1176
870,Rally,None,1,-0.0117,55.3199,-0.0412,3.5,-15.6285,-0.7084,1.5908,5.4128,1,Run,0,9,LowPickup,-37.5593,-35.8005,-0.1612,0.7927,-10.813,0.0747,0,0,Backhand follow,1,-0.275,50.2342,90.2312,2.5997,0,Perfect,,-0.1945,-11.2746,0,11.2,0.1022
871,Rally,None,1,-0.0117,55.4087,-0.0535,3.5,-15.6371,-0.771,1.6394,4.921,1,Run,0,9,LowPickup,-37.2113,-36.163,-0.2068,0.785,-10.8395,0,0,0,Backhand follow,0,9,50.2012,89.0167,10.5069,0,Perfect,,-0.2451,-11.294,0,11.2,0.0889
872,Rally,None,1,-0.0117,55.486,-0.0667,3.5,-15.6464,-0.8127,1.6678,4.5931,1,Run,0,9,LowPickup,-36.7948,-36.5945,-0.2375,0.7789,-10.8587,0.9252,0,0,Backhand finish,0,9,52.8807,92.0892,3.1999,0,Perfect,,-0.2821,-11.3081,0,11.2,0.0772
873,Rally,None,1,-0.0117,55.5531,-0.0811,3.5,-15.6564,-0.8544,1.6931,4.2652,1,Run,0,9,LowPickup,-36.3541,-37.0498,-0.2715,0.7832,-10.8794,2.384,0,0,Backhand finish,0,9,54.9996,94.889,1.1697,0,Perfect,,-0.3216,-11.3233,0,11.2,0.0672
874,Rally,None,1,-0.0117,55.6115,-0.0983,3.5,-15.6684,-0.9169,1.725,3.7733,1,Run,0,9,LowPickup,-35.8705,-37.5481,-0.328,0.7916,-10.9136,0.1456,0,0,Backhand finish,0,9,56.8226,97.2138,5.732,0,Perfect,,-0.3858,-11.3479,0,11.2,0.0584
875,Rally,None,1,-0.0117,55.6623,-0.1164,3.5,-15.6811,-0.9586,1.7423,3.4454,1,Run,0,9,LowPickup,-35.3389,-38.0948,-0.3655,0.7971,-10.9426,0.9694,0,0,Backhand finish,0,9,58.4488,98.8857,2.4197,0,Perfect,,-0.4318,-11.3656,0,11.2,0.0508
876,Rally,None,1,-0.0117,55.7064,-0.1376,3.5,-15.6958,-1.0212,1.7623,2.9536,1,Run,0,9,LowPickup,-34.8128,-38.6349,-0.4286,0.7977,-10.9847,0.1438,0,0,Backhand finish,0,9,60.318,100.0432,0.7361,0,Perfect,,-0.5058,-11.3939,0,11.2,0.0441
877,Rally,None,1,-0.0117,55.7447,-0.1597,3.5,-15.7113,-1.0629,1.7717,2.6257,1,Run,0,9,LowPickup,-34.324,-39.1353,-0.4706,0.7957,-11.0162,1.7072,0,0,Backhand finish,0,9,62.4555,100.7523,0.2937,0,Perfect,,-0.5583,-11.414,0,11.2,0.0384
878,Rally,None,1,-0.0117,55.7781,-0.1829,3.5,-15.7274,-1.1046,1.7779,2.2978,1,Run,0,9,LowPickup,-33.9446,-39.5248,-0.5597,0.7892,-11.0448,11.7447,0,0,Backhand finish,0,9,64.9675,101.1336,0.524,0,Perfect,,-0.6134,-11.4352,0,11.2,0.0333
879,Rally,None,1,-0.0117,55.8071,-0.2094,3.5,-15.7459,-1.1672,1.7813,1.8059,1,Backhand prepare 0.04,0,9,LowPickup,-29.3929,-34.8844,-0.588,0.7844,-11.1101,4.2481,0.2083,0.1667,Backhand finish,0,9,67.4445,101.1794,0.6447,0,Perfect,,-0.7009,-11.4687,0,11.2,0.029
880,Rally,None,1,-0.0117,55.8323,-0.2368,3.5,-15.765,-1.2089,1.7795,1.478,1,Backhand prepare 0.09,0,9,LowPickup,-26.4647,-27.5804,-0.6279,0.7828,-11.1886,0.1735,0.4167,0.3333,Backhand finish,0,9,69.7866,100.9774,0.3037,0,Perfect,,-0.7625,-11.4924,0,11.2,0.0252
881,Rally,None,1,-0.0117,55.8542,-0.2677,3.5,-15.7865,-1.2714,1.771,0.9862,1,Backhand prepare 0.12,0,9,LowPickup,-24.5506,-22.5711,-0.6264,0.8078,-11.2435,0.2465,0.625,0.5,Backhand finish,0,9,71.4975,100.631,0.9813,0,Perfect,,-0.8598,-11.5296,0,11.2,0.0219
882,Rally,None,1,-0.0117,55.8666,-0.2994,3.5,-15.8086,-1.3131,1.7613,0.6583,1,Backhand prepare 0.17,0,9,LowPickup,-25.5973,-21.1958,-0.7004,0.7959,-11.3476,2.0366,0.8333,0.6667,Backhand finish,0,9,72.5384,100.0494,5.5752,0,Perfect,,-0.9279,-11.5558,0,11.2,0.0124
883,Rally,None,1,-0.0117,55.869,-0.332,3.5,-15.8314,-1.3548,1.7485,0.3304,1,Backhand prepare 0.21,0,9,LowPickup,-26.6583,-21.0097,-0.8017,0.789,-11.3873,13.4952,1,0.8333,Backhand finish,0,9,72.9205,99.2637,0.3607,0,Perfect,,-0.9986,-11.5828,0,11.2,0.0025
884,Rally,None,1,-0.0117,55.8587,-0.3684,3.5,-15.8567,-1.4174,1.7233,-0.1615,1,Backhand prepare 0.24,0,9,LowPickup,-27.6814,-22.5906,-0.9564,0.7731,-11.4129,3.0302,1,1,Backhand finish,0,9,73.009,98.0926,0.3598,0,Perfect,,-1.1095,-11.6254,0,11.2,-0.0103
885,Rally,None,1,-0.0117,55.8415,-0.4055,3.5,-15.8826,-1.4591,1.7025,-0.4894,1,Backhand prepare 0.29,0,9,LowPickup,-28.8736,-24.8278,-1.2067,0.7843,-11.3872,4.0222,1,1,Backhand finish,0,9,72.8492,96.5083,0.2575,0,Perfect,,-1.1866,-11.6549,0,11.2,-0.0172
886,Rally,None,1,-0.0117,55.8142,-0.4464,3.5,-15.9112,-1.5216,1.6654,-0.9812,1,Backhand prepare 0.33,0,9,LowPickup,-30.0584,-26.8979,-1.4029,0.7992,-11.4349,4.3387,1,1,Backhand finish,0,9,72.8427,94.4837,0.0804,0,Perfect,,-1.3072,-11.7012,0,11.2,-0.0273
887,Rally,None,1,-0.0117,55.7823,-0.4881,3.5,-15.9402,-1.5633,1.6367,-1.3091,1,Backhand prepare 0.38,0,9,LowPickup,-32.4907,-30.9391,-1.4492,0.837,-11.3522,5.1159,1,1,Backhand finish,0,9,73.028,92.2805,0.1398,0,Perfect,,-1.3909,-11.7333,0,11.2,-0.0319
888,Rally,None,1,-0.0117,55.7464,-0.5304,3.5,-15.9697,-1.605,1.6048,-1.637,1,Backhand prepare 0.41,0,9,LowPickup,-34.7797,-33.992,-1.5799,0.8717,-11.354,6.7326,1,1,Backhand finish,0,9,73.4436,90.0792,0.2299,0,Perfect,,-1.4771,-11.7663,0,11.2,-0.0359
889,Rally,None,1,-0.0117,55.703,-0.5768,3.5,-16.0021,-1.6676,1.551,-2.1289,1,Backhand prepare 0.44,0,9,LowPickup,-37.137,-37.5013,-1.7113,0.7951,-11.4585,2.0344,1,1,Backhand finish,0,9,73.8812,88.0825,0.2259,0,Perfect,,-1.6101,-11.8173,0,11.2,-0.0434
890,Rally,None,1,-0.0117,55.6571,-0.6234,3.5,-16.0345,-1.7093,1.5112,-2.4568,1,Backhand prepare 0.49,0,9,LowPickup,-39.1347,-43.2477,-1.8184,0.7687,-11.5104,0,1,1,Backhand finish,0,9,74.3968,86.5383,0.1451,0,Perfect,,-1.6966,-11.8505,0,11.2,-0.0459
891,Rally,None,1,-0.0117,55.605,-0.6728,3.5,-16.069,-1.7718,1.4456,-2.9487,1,Backhand prepare 0.53,0,9,LowPickup,-41.6065,-47.7562,-1.944,0.7548,-11.5868,0,1,1,Backhand finish,0,9,74.799,85.3714,0.0474,0,Perfect,,-1.8215,-11.8983,0,11.2,-0.0522
892,Rally,None,1,-0.0117,55.5514,-0.7215,3.5,-16.103,-1.8135,1.3978,-3.2766,1,Backhand prepare 0.58,0,9,LowPickup,-46.8669,-55.2118,-2.0979,0.7652,-11.6153,0,1,1,Backhand finish,0,9,75.0715,84.5097,0.0181,0,Perfect,,-1.9015,-11.929,0,11.2,-0.0536
893,Rally,None,1,-0.0117,55.4965,-0.7695,3.5,-16.1364,-1.8552,1.3469,-3.6045,1,Backhand prepare 0.61,0,9,LowPickup,-48.5879,-60.3434,-2.2248,0.8017,-11.6513,0.7071,1,1,Backhand finish,0,9,75.2032,83.8853,0.379,0,Perfect,,-1.9789,-11.9587,0,11.2,-0.0548
894,Rally,None,1,-0.0117,55.4364,-0.8191,3.5,-16.171,-1.9178,1.2646,-4.0963,1,Backhand prepare 0.64,0,9,LowPickup,-47.6179,-65.098,-2.3852,0.8501,-11.7025,1.1643,1,1,Backhand finish,0,9,75.2921,83.4625,0.341,0,Perfect,,-2.0901,-12.0013,0,11.2,-0.0601
895,Rally,None,1,-0.0117,55.3759,-0.8674,3.5,-16.2046,-1.9595,1.2057,-4.4242,1,Backhand prepare 0.69,0,9,LowPickup,-43.3041,-70.9551,-2.5182,0.9111,-11.7304,1.1471,1,1,Backhand finish,0,9,75.2841,83.2069,0.1152,0,Perfect,,-2.161,-12.0285,0,11.2,-0.0606
896,Rally,None,1,-0.0117,55.3107,-0.9166,3.5,-16.239,-2.022,1.1115,-4.9161,1,Backhand prepare 0.73,0,9,LowPickup,-41.1006,-72.9988,-2.6467,0.966,-11.7614,1.3776,1,1,Backhand finish,0,9,75.2379,83.1097,0.0758,0,Perfect,,-2.2625,-12.0674,0,11.2,-0.0652
897,Rally,None,1,-0.0117,55.2456,-0.9641,3.5,-16.272,-2.0637,1.0447,-5.244,1,Backhand prepare 0.78,0,9,LowPickup,-39.4552,-75.3946,-2.7215,1.0454,-11.7918,11.6023,1,1,Backhand finish,0,9,74.681,83.2883,0.1448,0,Perfect,,-2.3269,-12.0921,0,11.2,-0.0651
898,Rally,None,1,-0.0117,55.1806,-1.0098,3.5,-16.3039,-2.1054,0.9747,-5.5719,1,Backhand prepare 0.81,0,9,LowPickup,-35.0101,-78.0959,-2.7908,1.0944,-11.8332,0.6478,1,1,Backhand finish,0,9,73.0107,83.9825,0.3043,0,Perfect,,-2.3888,-12.1158,0,11.2,-0.065
899,Rally,None,1,-0.0117,55.1115,-1.0558,3.5,-16.336,-2.168,0.8638,-6.0637,1,Backhand prepare 0.85,0,9,LowPickup,-28.7734,-82.4064,-2.8915,1.126,-11.9079,3.7827,1,1,Backhand finish,0,9,70.4529,84.4876,0.4346,0,Perfect,,-2.4767,-12.1495,0,11.2,-0.0692
900,Rally,None,1,-0.0117,55.0429,-1.0998,3.5,-16.3667,-2.2097,0.7859,-6.3916,1,Backhand prepare 0.90,0,9,LowPickup,-16.8948,-88.4725,-2.9395,1.1277,-12.0421,6.9287,1,1,Backhand finish,0,9,67.0388,83.7155,0.5732,0,Perfect,,-2.532,-12.1708,0,11.2,-0.0686
901,Rally,None,1,-0.0117,54.9704,-1.1437,3.5,-16.3972,-2.2722,0.6631,-6.8835,1,Backhand prepare 0.93,0,9,LowPickup,-12.5489,-89.1808,-2.9829,1.0963,-12.172,9.6518,1,1,Backhand finish,0,9,63.0282,81.998,0.6612,0,Perfect,,-2.6102,-12.2007,0,11.2,-0.0724
902,Rally,None,1,-0.0117,54.8987,-1.1841,3.5,-16.4254,-2.3139,0.5773,-7.2114,1,Backhand prepare 0.99,0,9,LowPickup,-14.3481,-88.4283,-3.0601,1.0174,-12.1771,1.2707,1,1,Backhand finish,0,9,58.3169,78.7831,0.6979,0,Perfect,,-2.6425,-12.2131,0,11.2,-0.0717
903,Rally,None,1,-0.0117,54.8273,-1.2193,3.5,-16.45,-2.3556,0.4883,-7.5393,1,Backhand prepare 1.00,0,9,LowPickup,-11.1765,-79.6612,-3.0516,0.9763,-12.0853,0.9251,1,1,Backhand finish,0,9,53.3414,74.5434,0.6882,0,Perfect,,-2.6425,-12.2131,0,11.2,-0.0714
904,Rally,None,1,-0.0117,54.7517,-1.2499,3.5,-16.4713,-2.4182,0.3488,-8.0311,1,Backhand prepare 1.00,0,9,LowPickup,-6.9866,-72.2055,-3.0082,0.9564,-12.0579,0.9645,1,1,Backhand finish,0,9,48.089,69.2019,0.6913,0,Perfect,,-2.6425,-12.2131,0,11.2,-0.0757
905,Rally,None,1,-0.0117,54.6768,-1.2765,3.5,-16.4898,-2.4599,0.2519,-8.359,1,Backhand prepare 1.00,1,0.1645,Drive,-0.3048,-63.6926,-2.9515,0.9328,-11.9887,0.5536,1,1,Backhand finish,0,9,42.7669,63.1094,0.667,0,Perfect,,-2.6425,-12.2131,0,11.2,-0.0749
906,Rally,None,1,-0.0117,54.5981,-1.2996,3.5,-16.5059,-2.5224,0.1005,-8.8509,1,Backhand swing,1,0.1395,Drive,8.6939,-55.0032,-2.9038,0.9327,-11.9027,0.4962,1,1,Backhand finish,0,9,37.4453,56.4217,0.6294,0,Perfect,,-2.6425,-12.2131,0,11.2,-0.0787
907,Rally,None,1,-0.0117,54.5231,-1.3197,3.5,-16.5199,-2.5634,0.1416,-9.1731,1,Backhand swing,1,0.1228,Drive,15.5091,-45.8673,-2.8447,0.9333,-11.8334,0.5682,1,1,Backhand finish,0,9,32.3555,49.4308,0.5825,0,Perfect,,-2.6425,-12.2131,0,11.2,-0.075
908,Rally,None,1,-0.0117,54.4489,-1.3371,3.5,-16.5321,-2.6037,0.2227,-9.4897,1,Backhand swing,1,0.1062,Drive,18.0551,-40.9227,-2.7941,0.9314,-11.8079,0.33,1,1,Backhand finish,0,9,27.6518,42.2947,0.5058,0,Perfect,,-2.6425,-12.2131,0,11.2,-0.0742
909,Rally,None,1,-0.0117,54.3707,-1.3523,3.5,-16.5427,-2.6641,0.3388,-9.9646,1,Backhand swing,1,0.0812,Drive,16.7456,-37.51,-2.7504,0.9147,-11.8234,0.3647,1,1,Backhand finish,0,9,23.3786,35.1376,0.425,0,Perfect,,-2.6425,-12.2131,0,11.2,-0.0782
910,Rally,None,1,-0.0117,54.2937,-1.3655,3.5,-16.5519,-2.7043,0.4126,-10.2811,1,Backhand swing,1,0.0645,Drive,14.5343,-32.2711,-2.6999,0.8986,-11.8449,0.6821,1,1,Backhand finish,0,9,19.7384,28.2667,0.3212,0,Perfect,,-2.6425,-12.2131,0,11.2,-0.077
911,Rally,None,1,-0.0117,54.2132,-1.377,3.5,-16.5599,-2.7647,0.5178,-10.756,1,Backhand swing,1,0.0437,Drive,13.6338,-24.7259,-2.5611,0.867,-11.6382,0.522,1,1,Backhand finish,0,9,16.7658,21.7371,3.6513,0,Perfect,,-2.6425,-12.2131,0,11.2,-0.0806
912,Rally,None,1,-0.0117,54.134,-1.387,3.5,-16.5668,-2.805,0.5843,-11.0726,1,Backhand swing,1,0.0312,Drive,10.7341,-18.5202,-2.4877,0.8568,-11.7994,0,1,1,Backhand finish,0,9,14.7249,15.7798,18.5883,0,Perfect,,-2.6425,-12.2131,0,11.2,-0.0791
913,Rally,None,1,-0.0117,54.0562,-1.3956,3.5,-16.5729,-2.8452,0.6478,-11.3891,1,Backhand swing,1,0.0187,Drive,9.4745,-12.4938,-2.4962,0.8971,-11.8291,7.6985,1,1,Backhand finish,0,9,13.7219,10.4361,0.3028,0,Perfect,,-2.6425,-12.2131,0,11.2,-0.0778
914,Rally,None,1,-0.0117,53.9835,-1.4032,3.5,-16.5781,-2.9056,0.7377,-11.864,1,Backhand swing,1,0,Drive,9.3351,-2.2436,-2.4935,0.8722,-11.8968,0.6448,1,1,Backhand finish,0,9,13.2828,6.2425,0.334,0,Perfect,,-2.6425,-12.2131,0,11.2,-0.0727
915,Rally,None,1,0.055,54.247,-1.4161,3.5032,-16.5818,-2.8397,0.7984,-11.3488,1,Backhand swing,1,-0.0083,Drive,6.8216,1.3496,-2.4891,0.864,-11.8962,0.614,1,1,Backhand finish,0,9,13.2898,3.6846,0.3323,0.6917,Perfect,P:Perfect;,-2.6425,-12.2131,0,11.2,0.2634
916,Rally,None,1,0.0383,54.476,-1.4273,3.4982,-16.5865,-2.8397,0.7984,-11.3488,1,Backhand follow,1,-0.0083,Drive,6.1278,0.9277,-2.4873,0.8535,-11.9069,0.4826,1,1,Ready,0,9,16.2797,6.152,0.5941,0.6333,Perfect,,-2.6425,-12.2131,0,11.2,0.229
917,Rally,None,1,0.0217,54.6751,-1.4237,3.5038,-16.5893,-2.8397,0.7984,-11.3488,1,Backhand follow,1,-0.0083,Drive,6.0116,0.4614,-2.49,0.864,-11.9033,0.4454,1,1,Ready,0,9,15.2021,5.3488,0.3162,0.575,Perfect,,-2.6425,-12.2131,0,11.2,0.1991
918,Rally,None,1,0.005,54.8482,-1.4304,3.5027,-16.5924,-2.8397,0.7984,-11.3488,1,Backhand follow,1,-0.0083,Drive,5.8358,-0.1349,-2.4952,0.8851,-11.8827,0.3526,1,1,Ready,0,9,14.1782,4.7529,0.4481,0.5167,Perfect,,-2.6425,-12.2131,0,11.2,0.1731
919,Rally,None,1,-0.0117,54.9987,-1.4409,3.5057,-16.5942,-2.8397,0.7984,-11.3488,1,Backhand follow,1,-0.0083,Drive,5.6135,-0.9073,-2.505,0.9115,-11.8582,0.2447,1,1,Ready,0,9,13.201,4.3701,0.4652,0.4583,Perfect,,-2.6425,-12.2131,0,11.2,0.1505
920,Rally,None,1,-0.0117,55.1295,-1.4423,3.5026,-16.597,-2.7739,0.856,-10.9537,1,Backhand follow,1,-0.025,Drive,6.9364,6.7408,-2.5106,0.937,-11.8478,0.1376,1,1,Ready,0,9,12.2465,4.1484,0.1847,0.4,Perfect,,-2.6405,-12.2124,0,11.2,0.1308
921,Rally,None,1,-0.0117,55.2432,-1.443,3.5001,-16.5992,-2.708,0.9105,-10.5585,1,Backhand follow,1,-0.0417,Drive,7.2536,14.7085,-2.5069,0.9472,-11.8793,0.2136,1,1,Ready,0,9,11.2932,4.0496,0.1164,0.3417,Perfect,,-2.636,-12.2106,0,11.2,0.1137
922,Rally,None,1,-0.0117,55.3421,-1.4469,3.5015,-16.5997,-2.6092,0.9864,-9.9658,1,Backhand follow,1,-0.0667,Drive,8.3593,25.7652,-2.5063,0.8764,-12.0046,0.2021,1,1,Ready,0,9,10.3086,3.9826,0.2903,0.2833,Perfect,,-2.6243,-12.2061,0,11.2,0.0989
923,Rally,None,1,-0.0117,55.428,-1.4396,3.499,-16.6007,-2.5433,1.0331,-9.5706,1,Backhand follow,1,-0.0833,Drive,10.2749,31.0516,-2.5378,0.8565,-12.1058,0.4142,1,1,Ready,0,9,9.2516,3.9043,0.4716,0.225,Perfect,,-2.6133,-12.2019,0,11.2,0.086
924,Rally,None,1,-0.0117,55.5028,-1.438,3.4989,-16.5998,-2.4445,1.0975,-8.9779,1,Backhand follow,1,-0.1083,Drive,13.6491,38.9278,-2.5468,0.8549,-12.1285,0.4238,1,1,Ready,0,9,8.0691,3.7393,2.0809,0.1667,Perfect,,-2.5919,-12.1937,0,11.2,0.0747
925,Rally,None,1,-0.0117,55.5677,-1.4349,3.4951,-16.5989,-2.3786,1.1365,-8.5827,1,Backhand follow,1,-0.125,Drive,20.0212,41.9483,-2.5619,0.8797,-12.0951,0.999,1,1,Ready,0,9,6.8778,3.5167,0,0.1083,Perfect,,-2.5744,-12.187,0,11.2,0.065
926,Rally,None,1,-0.0117,55.6242,-1.4327,3.4969,-16.596,-2.3127,1.1724,-8.1875,1,Backhand follow,1,-0.1417,Drive,25.6886,46.7645,-2.5311,0.9011,-12.0881,0.7352,1,1,Ready,0,9,6.7251,3.5931,0.4368,0.05,Perfect,,-2.5543,-12.1793,0,11.2,0.0565
927,Rally,None,1,-0.0117,55.6733,-1.4267,3.4975,-16.592,-2.2139,1.2204,-7.5948,1,Backhand follow,1,-0.1667,Drive,32.5074,54.8504,-2.4649,0.9417,-12.095,0.6287,1,1,Ready,0,9,6.5539,3.5407,0.1906,0,Perfect,,-2.5193,-12.1659,0,11.2,0.0491
928,Rally,None,1,-0.0117,55.716,-1.4194,3.4978,-16.5873,-2.148,1.2486,-7.1996,1,Backhand follow,1,-0.1833,Drive,36.8406,61.1907,-2.3958,0.9522,-12.1014,0.6739,1,1,Ready,0,9,6.5278,3.3051,0.5612,0,Perfect,,-2.4927,-12.1557,0,11.2,0.0427
929,Rally,None,1,-0.0117,55.7531,-1.4099,3.4981,-16.5809,-2.0492,1.285,-6.6069,1,Backhand follow,1,-0.2083,Drive,41.3027,69.9598,-2.2975,0.9796,-12.1175,0.6412,1,1,Ready,0,9,6.5669,3.1265,0.7276,0,Perfect,,-2.4479,-12.1385,0,11.2,0.0371
930,Rally,None,1,-0.0117,55.7853,-1.3992,3.4984,-16.5737,-1.9833,1.3054,-6.2117,1,Backhand follow,1,-0.225,Drive,43.516,73.4729,-2.2171,0.9878,-12.096,3.8148,1,1,Ready,0,9,6.634,3.2368,0.62,0,Perfect,,-2.4149,-12.1258,0,11.2,0.0323
931,Rally,None,1,-0.0117,55.8134,-1.3874,3.4986,-16.5657,-1.9174,1.3227,-5.8166,1,Backhand follow,1,-0.2417,Drive,45.7009,75.5427,-2.0674,1.0239,-12.0879,1.3633,1,1,Ready,0,9,6.7674,3.5654,0.4818,0,Perfect,,-2.3792,-12.1122,0,11.2,0.028
932,Rally,None,1,-0.0117,55.8378,-1.3729,3.4988,-16.5558,-1.8186,1.3429,-5.2238,1,Backhand follow,1,-0.2667,Drive,48.7935,78.4894,-1.958,1.0415,-12.1134,0.8066,1,1,Ready,0,9,6.9785,4.1314,0.3448,0,Perfect,,-2.3208,-12.0898,0.1201,11.2,0.0244
933,Rally,None,1,-0.0117,55.859,-1.3573,3.4989,-16.545,-1.7527,1.3524,-4.8287,1,Backhand follow,0,9,Drive,49.0397,76.1018,-1.8901,1.0439,-12.0912,0.82,1,1,Run,0,9,-0.717,-2.1808,0.9777,0,Perfect,,-2.2787,-12.0736,0.2002,11.2,0.0212
934,Rally,None,1,-0.0117,55.8774,-1.3388,3.4991,-16.5323,-1.6539,1.3609,-4.2359,1,Run,0,9,Drive,34.5375,58.3718,-1.7134,0.9503,-12.1058,2.2305,0.9167,0.8333,Run,0,9,-8.4005,-8.9172,0,0,Perfect,,-2.2106,-12.0475,0.3203,11.2,0.0184
935,Rally,None,1,-0.0117,55.8934,-1.3192,3.4992,-16.5188,-1.588,1.3628,-3.8407,1,Run,0,9,Drive,34.2873,55.8182,-1.7035,0.9081,-11.9796,0.2463,0.8333,0.6667,Forehand prepare 0.13,0,9,-9.6481,-11.0924,16.1406,0,Perfect,,-2.162,-12.0289,0.4004,11.2,0.016
936,Rally,None,1,-0.0117,55.9073,-1.2985,3.4993,-16.5045,-1.5221,1.3615,-3.4456,1,Run,0,9,Drive,34.0773,53.3246,-1.6349,0.9373,-11.8947,2.7319,0.75,0.5,Forehand prepare 0.17,0,9,-8.0999,-13.1284,2.7619,0,Perfect,,-2.1108,-12.0093,0.4711,11.2,0.0139
937,Rally,None,1,-0.0117,55.9194,-1.2747,3.4994,-16.4879,-1.4233,1.3537,-2.8528,1,Run,0,9,Drive,33.9477,50.3077,-1.5538,0.9229,-11.861,14.9391,0.6667,0.3333,Forehand prepare 0.20,0,9,-7.334,-15.0506,2.6976,0,Perfect,,-2.0291,-11.9779,0.4711,11.2,0.0121
938,Rally,None,1,-0.0117,55.93,-1.2498,3.4995,-16.4707,-1.3574,1.3447,-2.4577,1,Run,0,9,Drive,34.1575,46.1546,-1.495,0.9023,-11.8426,0.8906,0.5833,0.1667,Forehand prepare 0.26,0,9,10.9318,2.6699,9.3656,0,Perfect,,-1.9713,-11.9558,0.4711,11.2,0.0105
939,Rally,None,1,-0.0117,55.9391,-1.2216,3.4995,-16.4511,-1.2586,1.3254,-1.8649,1,Run,0,9,Drive,35.1436,40.1279,-1.3994,0.8672,-11.8303,4.3747,0.5,0,Forehand prepare 0.29,0,9,26.8903,18.9472,1.8295,0,Perfect,,-1.8799,-11.9208,0.4711,11.2,0.0092
940,Rally,None,1,-0.0117,55.9471,-1.1925,3.4996,-16.4309,-1.1927,1.3086,-1.4698,1,Run,0,9,Drive,36.9026,38.8965,-1.3367,0.8353,-11.8322,0.7714,0.4167,0,Forehand prepare 0.35,0,9,43.5164,39.1599,1.811,0,Perfect,,-1.8157,-11.8961,0.4711,11.2,0.008
941,Rally,None,1,-0.0117,55.954,-1.1625,3.4996,-16.41,-1.1269,1.2887,-1.0746,1,Run,0,9,Drive,37.7049,38.1508,-1.2875,0.7996,-11.8231,6.7699,0.3333,0,Forehand prepare 0.39,0,9,56.9918,55.9315,7.1619,0,Perfect,,-1.7504,-11.8711,0.4711,11.2,0.0069
942,Rally,None,1,-0.0117,55.96,-1.1293,3.4997,-16.3869,-1.028,1.2531,-0.4819,1,Run,0,9,Drive,37.856,36.4313,-1.204,0.7481,-11.7973,6.7958,0.25,0,Forehand prepare 0.42,0,9,63.6839,67.3553,0.4625,0,Perfect,,-1.6523,-11.8335,0.4711,11.2,0.006
943,Rally,None,1,-0.0117,55.9652,-1.0958,3.4997,-16.3636,-0.9622,1.2254,-0.0867,1,Run,0,9,Drive,37.4729,34.3607,-1.1497,0.7334,-11.7788,3.4962,0.1667,0,Forehand prepare 0.48,0,9,68.7754,81.8611,0.6259,0,Perfect,,-1.587,-11.8084,0.4711,11.2,0.0052
944,Rally,None,1,-0.0117,55.9037,-1.0596,3.4998,-16.3384,-0.8633,1.1782,0.506,1,Run,0,9,Drive,38.0569,33.4801,-1.0606,0.7482,-11.7569,1.3891,0.0833,0,Forehand prepare 0.52,0,9,73.3222,89.9131,0,0,Perfect,,-1.4889,-11.7708,0.4711,11.2,-0.0616
945,Rally,None,1,-0.0117,55.7985,-1.0235,3.4998,-16.3133,-0.7975,1.1428,0.9012,1,Run,0,9,Drive,38.661,32.9081,-1.0079,0.7531,-11.7484,1.1902,0,0,Forehand prepare 0.57,0,9,76.5365,94.0544,0,0,Perfect,,-1.4236,-11.7458,0.4711,11.2,-0.1051
946,Rally,None,1,-0.0117,55.6555,-0.9874,3.4998,-16.2881,-0.7316,1.1044,1.2964,1,Run,0,9,Drive,38.9618,32.6368,-0.95,0.7684,-11.7325,1.7307,0,0,Forehand prepare 0.61,0,9,76.613,99.2512,0,0,Perfect,,-1.3582,-11.7207,0.4711,11.2,-0.143
947,Rally,None,1,-0.0117,55.4537,-0.9489,3.4998,-16.2613,-0.6328,1.0408,1.8891,1,Run,0,9,Drive,38.9794,32.646,-0.774,0.808,-11.7004,4.9602,0,0,Forehand prepare 0.65,0,9,73.2219,105.6866,1.1298,0,Perfect,,-1.2602,-11.6831,0.4711,11.2,-0.2018
948,Rally,None,1,-0.0117,55.2266,-0.9108,3.4999,-16.2348,-0.5669,0.9946,2.2843,1,Run,0,9,Drive,38.7616,32.8886,-0.705,0.8049,-11.6691,1.8954,0,0,Forehand prepare 0.70,0,9,68.4683,108.6577,1.5494,0,Perfect,,-1.1948,-11.6581,0.4711,11.2,-0.227
949,Rally,None,1,-0.0117,54.9518,-0.8706,3.4999,-16.2068,-0.4681,0.9195,2.877,1,Run,0,9,Drive,38.2901,33.383,-0.6793,0.7736,-11.5712,0.1781,0,0,Forehand prepare 0.74,0,9,67.9849,106.3057,0.8964,0,Perfect,,-1.0968,-11.6205,0.4711,11.2,-0.2748
950,Rally,None,1,-0.0117,54.6613,-0.831,3.4999,-16.1792,-0.4022,0.8655,3.2722,1,Run,0,9,Drive,37.5543,34.1399,-0.6054,0.758,-11.5708,2.4016,0,0,Forehand prepare 0.79,0,9,66.7675,102.9148,1.1465,0,Perfect,,-1.0314,-11.5954,0.4711,11.2,-0.2905
951,Rally,None,1,-0.0117,54.3571,-0.7918,3.4999,-16.1519,-0.3363,0.8085,3.6673,1,Run,0,9,Drive,36.7534,34.962,-0.527,0.746,-11.5276,2.8188,0,0,Forehand prepare 0.83,0,9,63.0697,99.6174,0.3852,0,Perfect,,-0.966,-11.5704,0.4711,11.2,-0.3042
952,Rally,None,1,-0.0117,54.0152,-0.7508,3.4999,-16.1233,-0.2375,0.717,4.2601,1,Run,0,9,Drive,35.9219,35.8144,-0.4174,0.7499,-11.472,0,0,0,Forehand prepare 0.87,0,9,56.3719,93.8988,0.7799,0,Perfect,,-0.868,-11.5328,0.4711,11.2,-0.3419
953,Rally,None,1,-0.0117,53.6663,-0.7104,3.4999,-16.0951,-0.1716,0.6522,4.6552,1,Run,0,9,Drive,35.0554,36.7016,-0.3411,0.7676,-11.4264,3.0732,0,0,Forehand prepare 0.92,0,9,39.849,77.6838,1.393,0,Perfect,,-0.8026,-11.5077,0.4711,11.2,-0.3489
954,Rally,None,1,-0.0117,53.2856,-0.6682,3.4999,-16.0657,-0.0728,0.5492,5.248,1,Run,0,9,Drive,34.3815,37.3988,-0.2293,0.8074,-11.3724,1.9307,0,0,Forehand prepare 0.96,0,9,28.8423,63.8903,0.5237,0,Perfect,,-0.7046,-11.4701,0.4711,11.2,-0.3807
955,Rally,None,1,-0.0117,52.903,-0.6268,3.5,-16.0369,-0.0069,0.4766,5.6431,1,Run,0,9,Drive,33.9105,37.8964,-0.1549,0.8387,-11.3359,0.2058,0,0,Forehand prepare 1.00,0,9,18.4721,49.8941,1.0036,0,Perfect,,-0.6392,-11.4451,0.4711,11.2,-0.3826
956,Rally,None,1,-0.0117,52.5237,-0.5862,3.5,-16.0086,0.059,0.401,6.0383,1,Run,0,9,Drive,33.633,38.2034,-0.0878,0.85,-11.3088,0.477,0,0,Forehand prepare 1.00,0,9,18.4721,49.8941,9.1508,0,Perfect,,-0.5739,-11.42,0.4711,11.2,-0.3792
957,Rally,None,1,-0.0117,52.194,-0.544,3.5,-15.9792,0.1578,0.2817,6.631,1,Run,0,9,Drive,33.6388,38.2297,0.0055,0.8526,-11.2723,3.4807,0,0,Forehand prepare 1.00,1,0.168,24.0901,56.2849,0,0,Perfect,,-0.479,-11.3836,0.4711,11.2,-0.3297
958,Rally,None,1,-0.0117,51.9074,-0.503,3.5,-15.9506,0.2237,0.1983,7.0262,1,Run,0,9,Drive,33.929,37.9731,0.0609,0.8417,-11.2528,0.7512,0,0,Backhand swing,1,0.1527,50.1591,39.7447,5.3036,0,Perfect,,-0.419,-11.3606,0.4711,11.2,-0.2866
959,Rally,None,1,-0.0117,51.6582,-0.4613,3.5,-15.9215,0.3225,0.1,7.6189,1,Run,0,9,Drive,34.3777,37.5573,0.1393,0.8236,-11.2275,2.0048,0,0,Backhand swing,1,0.1298,40.1102,20.4184,0.283,0,Perfect,,-0.3338,-11.328,0.4711,11.2,-0.2492
960,Rally,None,1,-0.0117,51.4416,-0.4212,3.5,-15.8936,0.3856,0.1689,7.9973,1,Run,0,9,Drive,34.8887,37.076,0.1839,0.8101,-11.2164,10.5841,0,0,Backhand swing,1,0.1146,29.1759,1.3399,1.0113,0,Perfect,,-0.2803,-11.3075,0.5512,11.2,-0.2166
961,Rally,None,1,-0.0117,51.2532,-0.3826,3.5,-15.8667,0.4487,0.2349,8.3757,1,Run,0,9,Drive,35.5256,36.4667,0.2234,0.7934,-11.209,2.1811,0,0,Backhand swing,1,0.0993,16.5947,-19.6423,5.6825,0,Perfect,,-0.2293,-11.2879,0.6312,11.2,-0.1883
962,Rally,None,1,-0.0117,51.0895,-0.344,3.5,-15.8398,0.5433,0.3285,8.9432,1,Run,0,9,Drive,36.1897,35.828,0.286,0.7773,-11.1947,2.1412,0,0,Backhand swing,1,0.0764,-11.5163,-40.6263,27.3875,0,Perfect,,-0.1578,-11.2605,0.7514,11.2,-0.1637
963,Rally,None,1,-0.0117,50.9472,-0.3072,3.5,-15.8141,0.6064,0.3873,9.3216,1,Run,0,9,Drive,36.7604,35.2798,0.3229,0.7643,-11.1891,1.2697,0,0,Backhand swing,1,0.0611,-17.5791,-51.8226,3.2623,0,Perfect,,-0.1133,-11.2435,0.8314,11.2,-0.1423
964,Rally,None,1,-0.0117,50.8234,-0.2708,3.5,-15.7887,0.701,0.4701,9.8892,1,Run,0,9,Drive,37.2406,34.8203,0.3786,0.7555,-11.1754,4.5645,0,0,Backhand swing,1,0.0382,-3.5244,-40.0988,2.2834,0,Perfect,,-0.0515,-11.2197,0.9359,11.2,-0.1237
965,Rally,None,1,-0.0117,50.7159,-0.2364,3.5,-15.7648,0.7641,0.5217,10.2675,1,Run,0,9,Drive,37.6778,34.4014,0.4109,0.7548,-11.17,0.3799,0,0,Backhand swing,1,0.0229,-6.61,-30.562,2.088,0,Perfect,,-0.0135,-11.2052,0.9359,11.2,-0.1076
966,Rally,None,1,-0.0117,50.6223,-0.2055,3.5,-15.7432,0.8271,0.5704,10.6459,1,Run,0,9,Drive,38.0537,34.0424,0.4194,0.7644,-11.1729,0.6356,0,0,Backhand swing,1,0.0076,3.2926,-11.4952,0.8677,0,Perfect,,0,-11.2,0.9359,11.2,-0.0935
967,Rally,None,1,-0.0117,51.3249,-0.1786,3.5,-15.7245,0.8587,0.5936,10.7151,1,Ready,0,9,Drive,38.6161,34.3036,0.3808,0.768,-11.1633,1.1659,0,0,Backhand swing,1,0,9.2507,-0.8574,0.4849,0,Perfect,R;,0,-11.2,0.9495,11.2,0.7025
968,Rally,None,1,-0.0117,51.9357,-0.1553,3.5,-15.7083,0.8714,0.6762,10.4296,1,Ready,0,9,Drive,39.1929,34.613,0.3327,0.7628,-11.1601,2.2105,0,0,Backhand swing,1,-0.0167,-0.4061,-2.2374,0.4459,0,Perfect,,0,-11.2,0.8694,11.2,0.6108
969,Rally,None,1,-0.0117,52.4666,-0.135,3.5,-15.6941,0.884,0.756,10.1441,1,Ready,0,9,Drive,35.4798,30.3969,0.2851,0.7852,-11.1311,3.4094,0,0,Backhand follow,1,-0.0333,14.3987,18.1009,2.8397,0,Perfect,,0,-11.2,0.7893,11.2,0.531
970,Rally,None,1,-0.0117,52.9282,-0.1174,3.5,-15.6818,0.9031,0.8706,9.7158,1,Ready,0,9,Drive,30.6391,25.2597,0.2468,0.806,-11.0791,3.7404,0,0,Backhand follow,1,-0.0583,22.4076,34.5717,1.8318,0,Perfect,,0,-11.2,0.6692,11.2,0.4616
971,Rally,None,1,-0.0117,53.3295,-0.102,3.5,-15.6711,0.9157,0.9436,9.4303,1,Ready,0,9,Drive,25.4752,20.0215,0.2059,0.8232,-11.0223,2.8834,0,0,Backhand follow,1,-0.075,27.4077,42.3401,1.0555,0,Perfect,,0,-11.2,0.5891,11.2,0.4013
972,Rally,None,1,-0.0117,53.6784,-0.0884,3.5,-15.6621,0.9347,1.0479,9.0021,1,Ready,0,9,Drive,19.9944,14.6292,0.1581,0.8345,-10.9862,6.2356,0,0,Backhand follow,1,-0.1,31.7459,50.6368,1.1028,0,Perfect,,0.0037,-11.202,0.469,11.2,0.3489
973,Rally,None,1,-0.0117,53.9817,-0.0762,3.5,-15.6546,0.9474,1.114,8.7166,1,Run,0,9,Drive,18.374,13.0923,0.166,0.8319,-10.9886,0.785,0,0,Backhand follow,1,-0.1167,37.6259,53.9977,1.0819,0,Perfect,,0.0091,-11.205,0.3889,11.2,0.3033
974,Rally,None,1,-0.0117,54.2454,-0.065,3.5,-15.6487,0.9601,1.1773,8.4311,1,Run,0,9,Drive,21.1705,15.7099,0.2323,0.8139,-11.0227,0.3227,0,0,Backhand follow,1,-0.1333,42.4132,58.7693,0.6778,0,Perfect,,0.0171,-11.2093,0.3088,11.2,0.2637
975,Rally,None,1,-0.0117,54.4746,-0.0541,3.5,-15.6448,0.9791,1.2672,8.0029,1,Run,0,9,Drive,24.2855,18.5455,0.3019,0.785,-11.0653,0.2906,0,0,Backhand follow,1,-0.1583,47.7414,66.1355,1.0116,0,Perfect,,0.0335,-11.2184,0.1887,11.2,0.2292
976,Rally,None,1,-0.0117,54.6739,-0.0437,3.5,-15.6423,0.9918,1.3237,7.7174,1,Run,0,9,Drive,26.8908,20.825,0.3618,0.7626,-11.1018,0,0,0,Backhand follow,1,-0.175,51.687,72.5288,0.2376,0,Perfect,,0.0475,-11.226,0.1086,11.2,0.1993
977,Rally,None,1,-0.0117,54.8471,-0.0327,3.5,-15.642,1.0108,1.4033,7.2891,1,Run,0,9,Drive,29.7437,23.4597,0.4255,0.7456,-11.1482,4.8441,0,0,Backhand follow,1,-0.2,54.5855,81.3011,0.4307,0,Perfect,,0.0731,-11.24,0,11.2,0.1732
978,Rally,None,1,-0.0117,54.9977,-0.0217,3.5,-15.6432,1.0235,1.4529,7.0036,1,Run,0,9,Drive,33.6031,27.3142,0.4782,0.7513,-11.202,7.7673,0,0,Backhand follow,1,-0.2167,56.19,87.5972,2.2239,0,Perfect,,0.0932,-11.2511,0,11.2,0.1506
979,Rally,None,1,-0.0117,55.1287,-0.0106,3.5,-15.6458,1.0362,1.4998,6.7181,1,Run,0,9,Drive,35.3024,29.1534,0.5219,0.7546,-11.2482,3.681,0,0,Backhand follow,1,-0.2333,51.8269,82.604,11.144,0,Perfect,,0.1157,-11.2634,0,11.2,0.1309
980,Rally,None,1,-0.0117,55.2425,0.0019,3.5,-15.6509,1.0552,1.565,6.2899,1,Run,0,9,Drive,35.1983,29.2812,0.5997,0.7674,-11.252,0.239,0,0,Backhand follow,1,-0.2583,48.8458,78.6074,1.1037,0,Perfect,,0.1541,-11.2844,0,11.2,0.1138
981,Rally,None,1,-0.0117,55.3415,0.0148,3.5,-15.6573,1.0679,1.605,6.0044,1,Run,0,9,Drive,35.031,29.476,0.6309,0.7628,-11.2633,1.1434,0,0,Backhand follow,1,-0.275,46.4404,72.6971,0.7777,0,Perfect,,0.1827,-11.3001,0,11.2,0.099
982,Rally,None,1,-0.0117,55.4275,0.0294,3.5,-15.6663,1.0869,1.6599,5.5762,1,Run,0,9,Drive,34.7996,29.7371,0.6819,0.7584,-11.2831,0.4998,0,0,Backhand follow,0,9,42.684,66.5047,0.6154,0,Perfect,,0.2302,-11.3261,0,11.2,0.086
983,Rally,None,1,-0.0117,55.5023,0.0446,3.5,-15.6766,1.0996,1.693,5.2907,1,Run,0,9,Drive,34.4832,30.0865,0.7212,0.7558,-11.2937,1.9879,0,0,Backhand finish,0,9,41.5288,65.8965,0.8851,0,Perfect,,0.2649,-11.3451,0,11.2,0.0748
984,Rally,None,1,-0.0117,55.5673,0.0605,3.5,-15.6882,1.1123,1.7234,5.0052,1,Run,0,9,Drive,34.0698,30.5349,0.7226,0.7374,-11.3034,1.4987,0,0,Backhand finish,0,9,43.6376,68.8585,1.0386,0,Perfect,,0.3021,-11.3655,0,11.2,0.065
985,Rally,None,1,-0.0117,55.6238,0.0786,3.5,-15.7026,1.1313,1.7639,4.5769,1,Run,0,9,Drive,33.5312,31.1109,0.7908,0.7404,-11.3226,1.9724,0,0,Backhand finish,0,9,45.8257,72.1636,2.9922,0,Perfect,,0.3624,-11.3985,0,11.2,0.0565
986,Rally,None,1,-0.0117,55.673,0.0975,3.5,-15.7182,1.144,1.7874,4.2914,1,Run,0,9,Drive,32.8833,31.7998,0.8428,0.7476,-11.3295,4.2096,0,0,Backhand finish,0,9,48.2711,75.6941,1.5817,0,Perfect,,0.4056,-11.4222,0,11.2,0.0491
987,Rally,None,1,-0.0117,55.7157,0.1189,3.5,-15.7368,1.163,1.8176,3.8632,1,Run,0,9,Drive,32.2131,32.5134,0.9204,0.7566,-11.3504,4.2489,0,0,Backhand finish,0,9,51.3419,79.5083,0.3913,0,Perfect,,0.4751,-11.4602,0,11.2,0.0427
988,Rally,None,1,-0.0117,55.7528,0.141,3.5,-15.7564,1.1757,1.8343,3.5777,1,Run,0,9,Drive,31.5196,33.2528,0.9772,0.783,-11.3603,1.128,0,0,Backhand finish,0,9,55.01,83.562,0.4078,0,Perfect,,0.5244,-11.4873,0,11.2,0.0371
989,Rally,None,1,-0.0117,55.7851,0.164,3.5,-15.7772,1.1883,1.8482,3.2922,1,Run,0,9,Drive,30.7977,34.0227,1.0383,0.8148,-11.3753,2.0504,0,0,Backhand finish,0,9,59.2438,87.7663,0.5678,0,Perfect,,0.5762,-11.5156,0,11.2,0.0323
990,Rally,None,1,-0.0117,55.8132,0.1899,3.5,-15.8012,1.2073,1.864,2.8639,1,Run,0,9,Drive,30.1509,34.7203,1.1279,0.8391,-11.4107,0.4247,0,0,Backhand finish,0,9,63.5632,91.983,0.5913,0,Perfect,,0.6584,-11.5607,0,11.2,0.0281
991,Rally,None,1,-0.0117,55.8376,0.2165,3.5,-15.8262,1.22,1.871,2.5784,1,Run,0,9,Drive,29.6974,35.2289,1.1902,0.8501,-11.4351,0.1274,0,0,Backhand finish,0,9,67.7991,96.2483,0.3516,0,Perfect,,0.7162,-11.5923,0,11.2,0.0244
992,Rally,None,1,-0.0117,55.8588,0.2458,3.5,-15.854,1.239,1.8765,2.1502,1,Run,0,9,Drive,29.4644,35.5195,1.2772,0.8504,-11.4773,3.0678,0,0,Backhand finish,0,9,71.4975,100.631,0.4006,0,Perfect,,0.8015,-11.639,0,11.2,0.0212
993,Rally,None,1,-0.0117,55.8773,0.2752,3.5,-15.882,1.2517,1.8767,1.8647,1,Run,0,9,Drive,29.4684,35.5712,1.332,0.8487,-11.5066,17.2087,0,0,Backhand finish,0,9,72.5384,100.0494,0.2604,0,Perfect,,0.8552,-11.6685,0,11.2,0.0184
994,Rally,None,1,-0.0117,55.8933,0.3044,3.5,-15.91,1.2644,1.8741,1.5792,1,Run,0,9,Drive,29.7064,35.3877,1.3837,0.8454,-11.5383,0.5877,0,0,Backhand finish,0,9,72.9205,99.2637,0.3607,0,Perfect,,0.9065,-11.6966,0,11.2,0.016
995,Rally,None,1,-0.0117,55.9072,0.3349,3.5,-15.9396,1.2834,1.8652,1.151,1,Run,0,9,Drive,30.1652,34.9812,1.4546,0.8497,-11.5832,0.6085,0,0,Backhand finish,0,9,73.009,98.0926,0.3598,0,Perfect,,0.9789,-11.7362,0,11.2,0.0139
996,Rally,None,1,-0.0117,55.9194,0.3648,3.5,-15.9685,1.2961,1.8558,0.8655,1,Run,0,9,Drive,30.7308,34.4633,1.4933,0.85,-11.6185,6.4407,0,0,Backhand finish,0,9,72.8492,96.5083,0.2575,0,Perfect,,1.0242,-11.761,0,11.2,0.0121
997,Rally,None,1,-0.0117,55.9299,0.3953,3.5,-15.9982,1.3151,1.8365,0.4372,1,Run,0,9,Drive,31.3192,33.9188,1.5468,0.841,-11.6652,0.6147,0,0,Backhand finish,0,9,72.8427,94.4837,0.0804,0,Perfect,,1.0874,-11.7957,0,11.2,0.0105
998,Rally,None,1,-0.0117,55.9391,0.4246,3.5,-16.0268,1.3278,1.8202,0.1517,1,Run,0,9,Drive,31.9086,33.37,1.5795,0.8238,-11.6988,6.2462,0,0,Backhand finish,0,9,73.028,92.2805,0.1398,0,Perfect,,1.1266,-11.8171,0,11.2,0.0092
999,Rally,None,1,-0.0117,55.947,0.4527,3.5,-16.0543,1.3405,1.8012,-0.1338,1,Forehand prepare 0.05,0,9,Drive,35.4003,30.362,1.5737,0.9064,-11.568,2.376,0.2083,0.1667,Backhand finish,0,9,73.4436,90.0792,0.2299,0,Perfect,,1.1633,-11.8372,0,11.2,0.008
1000,Rally,None,1,-0.0117,55.9539,0.4805,3.5,-16.0815,1.3595,1.7676,-0.562,1,Forehand prepare 0.08,0,9,Drive,42.7446,32.2712,1.6087,0.7991,-11.7985,2.1927,0.4167,0.3333,Backhand finish,0,9,73.8812,88.0825,0.2259,0,Perfect,,1.2097,-11.8627,0,11.2,0.0069
1001,Rally,None,1,-0.0117,55.96,0.5046,3.5,-16.1052,1.3722,1.7417,-0.8475,1,Forehand prepare 0.13,0,9,Drive,45.2023,37.0095,1.5904,0.7978,-11.8983,1.0822,0.625,0.5,Backhand finish,0,9,74.3968,86.5383,0.1451,0,Perfect,,1.2097,-11.8627,0,11.2,0.006
1002,Rally,None,1,-0.0117,55.9544,0.5256,3.5,-16.1257,1.3912,1.6977,-1.2758,1,Forehand prepare 0.17,0,9,Drive,49.6241,38.9389,1.5716,0.7987,-11.9522,0.4539,0.8333,0.6667,Backhand finish,0,9,74.799,85.3714,0.0474,0,Perfect,,1.2097,-11.8627,0,11.2,-0.0056
1003,Rally,None,1,-0.0117,55.9404,0.5439,3.5,-16.1436,1.4039,1.665,-1.5612,1,Forehand prepare 0.22,0,9,Drive,50.1161,38.4157,1.5452,0.7882,-11.9343,0.318,1,0.8333,Backhand finish,0,9,75.0715,84.5097,0.0181,0,Perfect,,1.2097,-11.8627,0,11.2,-0.0139
1004,Rally,None,1,-0.0117,55.9192,0.5597,3.5,-16.1592,1.4166,1.6295,-1.8467,1,Forehand prepare 0.26,0,9,Drive,53.8821,42.4225,1.5317,0.7854,-11.9594,0.1553,1,1,Backhand finish,0,9,75.2032,83.8853,0.379,0,Perfect,,1.2097,-11.8627,0,11.2,-0.0212
1005,Rally,None,1,-0.0117,55.8872,0.5735,3.5,-16.1727,1.4356,1.5711,-2.275,1,Forehand prepare 0.30,0,9,Drive,59.4779,49.5966,1.5858,0.7977,-12.0478,0.1406,1,1,Backhand finish,0,9,75.2921,83.4625,0.341,0,Perfect,,1.2097,-11.8627,0,11.2,-0.032
1006,Rally,None,1,-0.0117,55.8503,0.5855,3.5,-16.1845,1.4483,1.5287,-2.5605,1,Forehand prepare 0.35,0,9,Drive,64.7926,59.3557,1.6435,0.8272,-12.2026,0.1189,1,1,Backhand finish,0,9,75.2841,83.2069,0.1152,0,Perfect,,1.2097,-11.8627,0,11.2,-0.0369
1007,Rally,None,1,-0.0117,55.8046,0.596,3.5,-16.1947,1.4673,1.46,-2.9887,1,Forehand prepare 0.39,0,9,Drive,70.2993,69.4861,1.6308,0.8804,-12.3652,0.4434,1,1,Backhand finish,0,9,75.2379,83.1097,0.0758,0,Perfect,,1.2097,-11.8627,0,11.2,-0.0457
1008,Rally,None,1,-0.0117,55.7557,0.605,3.5,-16.2036,1.4799,1.4108,-3.2742,1,Forehand prepare 0.45,0,9,Drive,72.9272,81.7686,1.5442,1.0074,-12.5042,0,1,1,Backhand finish,0,9,74.681,83.2883,0.1448,0,Perfect,,1.2097,-11.8627,0,11.2,-0.0488
1009,Rally,None,1,-0.0117,55.7042,0.6129,3.5,-16.2113,1.4926,1.3589,-3.5597,1,Forehand prepare 0.48,0,9,Drive,72.4517,87.2224,1.4732,1.0818,-12.5286,0,1,1,Backhand finish,0,9,73.0107,83.9825,0.3043,0,Perfect,,1.2097,-11.8627,0,11.2,-0.0515
1010,Rally,None,1,-0.0117,55.6459,0.6198,3.5,-16.218,1.5116,1.2758,-3.988,1,Forehand prepare 0.52,0,9,Drive,73.8387,90.5262,1.3887,1.1481,-12.5253,0,1,1,Backhand finish,0,9,70.4529,84.4876,0.4346,0,Perfect,,1.2097,-11.8627,0,11.2,-0.0584
1011,Rally,None,1,-0.0117,55.586,0.6257,3.5,-16.2238,1.5243,1.2169,-4.2735,1,Forehand prepare 0.57,0,9,Drive,76.8708,95.1799,1.2499,1.2394,-12.4811,0,1,1,Backhand finish,0,9,67.0388,83.7155,0.5732,0,Perfect,,1.2097,-11.8627,0,11.2,-0.0598
1012,Rally,None,1,-0.0117,55.5204,0.6309,3.5,-16.2289,1.5433,1.1235,-4.7017,1,Forehand prepare 0.61,0,9,Drive,76.0554,100.9735,1.159,1.2903,-12.444,0,1,1,Backhand finish,0,9,63.0282,81.998,0.6612,0,Perfect,,1.2097,-11.8627,0,11.2,-0.0656
1013,Rally,None,1,-0.0117,55.4543,0.6354,3.5,-16.2333,1.556,1.0578,-4.9872,1,Forehand prepare 0.67,0,9,Drive,70.1243,108.7921,1.056,1.3458,-12.4036,1.8083,1,1,Backhand finish,0,9,58.3169,78.7831,0.6979,0,Perfect,,1.2097,-11.8627,0,11.2,-0.0661
1014,Rally,None,1,-0.0117,55.3877,0.6393,3.5,-16.2371,1.5687,0.9894,-5.2727,1,Forehand prepare 0.70,0,9,Drive,68.1957,108.0446,1.0192,1.3573,-12.3888,0.9242,1,1,Backhand finish,0,9,53.3414,74.5434,0.6881,0,Perfect,,1.2097,-11.8627,0,11.2,-0.0666
1015,Rally,None,1,-0.0117,55.3163,0.6427,3.5,-16.2405,1.5877,0.8816,-5.7009,1,Forehand prepare 0.74,0,9,Drive,67.9345,105.5446,0.9983,1.3557,-12.3781,1.5688,1,1,Backhand finish,0,9,48.089,69.2019,0.6914,0,Perfect,,1.2097,-11.8627,0,11.2,-0.0715
1016,Rally,None,1,-0.0117,55.2451,0.6457,3.5,-16.2434,1.6004,0.8063,-5.9864,1,Forehand prepare 0.80,0,9,Drive,65.8354,101.967,0.9871,1.2927,-12.3796,0.3841,1,1,Backhand finish,0,9,42.7669,63.1094,0.6669,0,Perfect,,1.2097,-11.8627,0,11.2,-0.0712
1017,Rally,None,1,-0.0117,55.1696,0.6482,3.5,-16.2459,1.6194,0.6882,-6.4147,1,Forehand prepare 0.83,0,9,Drive,61.0686,97.9256,1.0029,1.2304,-12.3985,0.5418,1,1,Backhand finish,0,9,37.4453,56.4217,0.6294,0,Perfect,,1.2097,-11.8627,0,11.2,-0.0755
1018,Rally,None,1,-0.0117,55.0948,0.6505,3.5,-16.2481,1.6321,0.606,-6.7002,1,Forehand prepare 0.89,0,9,Drive,47.0847,85.8552,1.0816,1.0779,-12.4266,1.4171,1,1,Backhand finish,0,9,32.3555,49.4308,0.5825,0,Perfect,,1.2097,-11.8627,0,11.2,-0.0747
1019,Rally,None,1,-0.0117,55.0208,0.6524,3.5,-16.25,1.6448,0.5211,-6.9857,1,Forehand prepare 0.93,0,9,Drive,35.3617,72.3911,1.1879,0.9311,-12.4045,0.7448,1,1,Backhand finish,0,9,27.6518,42.2947,0.5058,0,Perfect,,1.2097,-11.8627,0,11.2,-0.074
1020,Rally,None,1,-0.0117,54.9428,0.6541,3.5,-16.2516,1.6638,0.3886,-7.4139,1,Forehand prepare 0.96,0,9,Drive,24.8991,58.3698,1.3316,0.7896,-12.2793,0.978,1,1,Backhand finish,0,9,23.3786,35.1376,0.425,0,Perfect,,1.2097,-11.8627,0,11.2,-0.078
1021,Rally,None,1,-0.0117,54.866,0.6556,3.5,-16.2531,1.6765,0.2968,-7.6994,1,Forehand prepare 1.00,0,9,Drive,15.1798,44.614,1.4346,0.7323,-12.1305,1.6197,1,1,Backhand finish,0,9,19.7384,28.2667,0.3212,0,Perfect,,1.2097,-11.8627,0,11.2,-0.0769
1022,Rally,None,1,-0.0117,54.7856,0.6569,3.5,-16.2543,1.6955,0.154,-8.1277,1,Forehand prepare 1.00,0,9,Drive,15.1798,44.614,1.4346,0.7323,-12.1305,0,1,1,Backhand finish,0,9,16.7658,21.7371,3.6513,0,Perfect,,1.2097,-11.8627,0,11.2,-0.0804
1023,Rally,None,1,-0.0117,54.7121,0.658,3.5,-16.2554,1.7082,0.1,-8.4132,1,Forehand prepare 1.00,1,0.1645,LowPickup,22.005,52.401,1.3874,0.7678,-12.2009,0,1,1,Backhand finish,0,9,14.7249,15.7798,18.5883,0,Perfect,,1.2097,-11.8627,0,11.2,-0.0734
1024,Rally,None,1,-0.0117,54.6392,0.6589,3.5,-16.2564,1.7201,0.1739,-8.6819,1,Forehand swing,1,0.1478,LowPickup,19.2114,51.3064,1.3946,0.743,-12.1854,0.8935,1,1,Backhand finish,0,9,13.7219,10.4361,0.3028,0,Perfect,,1.2097,-11.8627,0,11.2,-0.0729
1025,Rally,None,1,-0.0117,54.5622,0.6598,3.5,-16.2572,1.738,0.2797,-9.085,1,Forehand swing,1,0.1228,LowPickup,14.8202,46.0326,1.4266,0.7243,-12.1397,0.2254,1,1,Backhand finish,0,9,13.2828,6.2425,0.334,0,Perfect,,1.2097,-11.8627,0,11.2,-0.077
1026,Rally,None,1,-0.0117,54.4862,0.6605,3.5,-16.2579,1.7499,0.3468,-9.3538,1,Forehand swing,1,0.1062,LowPickup,11.9816,41.0465,1.4551,0.7158,-12.0896,0.6008,1,1,Backhand finish,0,9,13.2898,3.6846,0.3324,0,Perfect,,1.2097,-11.8627,0,11.2,-0.076
1027,Rally,None,1,-0.0117,54.4065,0.6611,3.5,-16.2585,1.7679,0.4422,-9.7569,1,Forehand swing,1,0.0812,LowPickup,6.5483,31.4169,1.498,0.696,-11.9874,0.5923,1,1,Ready,0,9,17.2019,7.2244,0.6868,0,Perfect,,1.2097,-11.8627,0,11.2,-0.0797
1028,Rally,None,1,-0.0117,54.3281,0.6617,3.5,-16.2591,1.7798,0.5025,-10.0257,1,Forehand swing,1,0.0645,LowPickup,3.7503,20.786,1.5218,0.6881,-11.8885,0.7193,1,1,Ready,0,9,16.9052,7.1852,0.1654,0,Perfect,,1.2097,-11.8627,0,11.2,-0.0784
1029,Rally,None,1,-0.0117,54.2509,0.6622,3.5,-16.2595,1.7917,0.56,-10.2944,1,Forehand swing,1,0.0478,LowPickup,1.2449,9.7675,1.5285,0.6872,-11.7833,0.23,1,1,Ready,0,9,16.5648,6.9696,0.1848,0,Perfect,,1.2097,-11.8627,0,11.2,-0.0772
1030,Rally,None,1,-0.0117,54.1702,0.6626,3.5,-16.2599,1.8096,0.6412,-10.6976,1,Forehand swing,1,0.0319,LowPickup,-0.2967,-1.5122,1.5012,0.9497,-11.3718,3.9842,1,1,Ready,0,9,16.207,6.5728,0.1047,0,Perfect,,1.2097,-11.8627,0,11.2,-0.0807
1031,Rally,None,1,-0.0117,54.091,0.6629,3.5,-16.2603,1.8216,0.6918,-10.9663,1,Forehand swing,1,0.0213,LowPickup,-0.5236,-8.6977,1.4857,0.9827,-11.4638,20.2541,1,1,Ready,0,9,15.8316,6.0043,0.0344,0,Perfect,,1.2097,-11.8627,0,11.2,-0.0792
1032,Rally,None,1,-0.0117,54.0138,0.6633,3.5,-16.2606,1.8395,0.7627,-11.3695,1,Forehand swing,1,0.0053,LowPickup,-2.3498,-18.2956,1.4783,1.008,-11.5149,0.1181,1,1,Ready,0,9,15.417,5.2851,0.0685,0,Perfect,,1.2097,-11.8627,0,11.2,-0.0772
1033,Rally,None,1,0.085,54.2733,0.6756,3.486,-16.2633,1.8175,0.8547,-11.0477,1,Forehand swing,1,-0.0083,LowPickup,-3.3176,-23.1229,1.4738,0.9954,-11.5335,0.05,1,1,Ready,0,9,14.9588,4.4166,0.1082,0.9417,Perfect,P:Perfect+S;,1.2097,-11.8627,0,11.2,0.2595
1034,Rally,None,1,0.0683,54.4988,0.6639,3.4863,-16.2637,1.8175,0.8547,-11.0477,1,Forehand follow,1,-0.0083,LowPickup,-3.2725,-21.1538,1.4738,0.9954,-11.5336,0.2174,1,1,Ready,0,9,14.4337,3.4117,0.0225,0.8833,Perfect,,1.2097,-11.8627,0,11.2,0.2256
1035,Rally,None,1,0.0517,54.695,0.6577,3.4947,-16.2625,1.8175,0.8547,-11.0477,1,Forehand follow,1,-0.0083,LowPickup,-3.2725,-21.1538,1.4738,0.9954,-11.5336,0.0001,1,1,Ready,0,9,13.8194,2.2116,0.0294,0.825,Perfect,,1.2097,-11.8627,0,11.2,0.1961
1036,Rally,None,1,0.035,54.8655,0.6467,3.4757,-16.2664,1.8175,0.8547,-11.0477,1,Forehand follow,1,-0.0083,LowPickup,-3.2725,-21.1538,1.4738,0.9954,-11.5336,0.0001,1,1,Ready,0,9,12.9097,1.3434,0.2223,0.7667,Perfect,,1.2097,-11.8627,0,11.2,0.1705
1037,Rally,None,1,0.0183,55.0137,0.6483,3.4783,-16.2661,1.8175,0.8547,-11.0477,1,Forehand follow,1,-0.0083,LowPickup,-3.2725,-21.1538,1.4738,0.9954,-11.5336,0.0001,1,1,Ready,0,9,12.2732,1.0143,0.1556,0.7083,Perfect,,1.2097,-11.8627,0,11.2,0.1482
1038,Rally,None,1,0.0017,55.1425,0.6656,3.4927,-16.2632,1.8175,0.8547,-11.0477,1,Forehand follow,1,-0.0083,LowPickup,-3.2725,-21.1538,1.4738,0.9954,-11.5336,0,1,1,Ready,0,9,11.0911,0.3966,0.1661,0.65,Perfect,,1.2097,-11.8627,0,11.2,0.1289
1039,Rally,None,1,-0.015,55.2546,0.6537,3.4879,-16.2644,1.8175,0.8547,-11.0477,1,Forehand follow,1,-0.0083,LowPickup,-3.2725,-21.1538,1.4738,0.9954,-11.5336,0,1,1,Ready,0,9,9.629,-0.3728,0.261,0.5917,Perfect,,1.2097,-11.8627,0,11.2,0.112
1040,Rally,None,1,-0.015,55.3519,0.6531,3.4899,-16.264,1.7896,0.9218,-10.7116,1,Forehand follow,1,-0.025,LowPickup,-4.7905,-27.3915,1.4693,0.965,-11.5521,0,1,1,Ready,0,9,7.9235,-1.2469,0.2273,0.5333,Perfect,,1.2079,-11.8617,0,11.2,0.0974
1041,Rally,None,1,-0.015,55.4366,0.6439,3.4779,-16.2661,1.7617,0.9863,-10.3755,1,Forehand follow,1,-0.0417,LowPickup,-6.4715,-30.38,1.4662,0.9408,-11.5858,0.3499,1,1,Ready,0,9,6.2947,-2.1485,0.1969,0.475,Perfect,,1.2036,-11.8593,0,11.2,0.0847
1042,Rally,None,1,-0.015,55.5102,0.6481,3.4849,-16.2636,1.7198,1.0784,-9.8713,1,Forehand follow,1,-0.0667,LowPickup,-8.997,-34.3721,1.4505,0.8915,-11.6053,0.1847,1,1,Ready,0,9,5.0543,-3.0481,0.1172,0.4167,Perfect,,1.1927,-11.8533,0,11.2,0.0736
1043,Rally,None,1,-0.015,55.5742,0.6437,3.4895,-16.2611,1.6919,1.1366,-9.5352,1,Forehand follow,1,-0.0833,LowPickup,-10.5462,-35.0414,1.4401,0.9215,-11.5822,0.1973,1,1,Ready,0,9,4.2103,-3.7678,0.1364,0.3583,Perfect,,1.1823,-11.8477,0,11.2,0.064
1044,Rally,None,1,-0.015,55.6298,0.6427,3.4818,-16.2597,1.65,1.2191,-9.0311,1,Forehand follow,1,-0.1083,LowPickup,-13.0343,-37.2549,1.4433,0.8844,-11.5918,0.1297,1,1,Ready,0,9,3.9395,-4.1361,0.2226,0.3,Perfect,,1.1622,-11.8366,0,11.2,0.0556
1045,Rally,None,1,-0.015,55.6782,0.6421,3.4849,-16.2553,1.6221,1.271,-8.6949,1,Forehand follow,1,-0.125,LowPickup,-16.3704,-38.482,1.4164,0.9329,-11.5579,0.4677,1,1,Ready,0,9,4.0307,-4.1301,0.2767,0.2417,Perfect,,1.1458,-11.8276,0,11.2,0.0484
1046,Rally,None,1,-0.015,55.7202,0.6431,3.49,-16.2497,1.5941,1.3203,-8.3588,1,Forehand follow,1,-0.1417,LowPickup,-20.2755,-41.0592,1.3389,1.0039,-11.5048,0.5544,1,1,Ready,0,9,4.3887,-3.6134,0.3454,0.1833,Perfect,,1.1269,-11.8173,0,11.2,0.042
1047,Rally,None,1,-0.015,55.7568,0.6323,3.4899,-16.2435,1.5523,1.3894,-7.8547,1,Forehand follow,1,-0.1667,LowPickup,-25.1052,-45.5658,1.2032,1.0974,-11.4463,0.6432,1,1,Ready,0,9,4.8666,-2.7689,0.2674,0.125,Perfect,,1.094,-11.7993,0,11.2,0.0366
1048,Rally,None,1,-0.015,55.7886,0.6261,3.491,-16.236,1.5243,1.4324,-7.5186,1,Forehand follow,1,-0.1833,LowPickup,-29.8605,-49.3007,1.1073,1.138,-11.4105,0.7462,1,1,Ready,0,9,5.2831,-1.6719,3.2994,0.0667,Perfect,,1.069,-11.7856,0,11.2,0.0318
1049,Rally,None,1,-0.015,55.8162,0.6175,3.4906,-16.2267,1.4825,1.492,-7.0144,1,Forehand follow,1,-0.2083,LowPickup,-33.9263,-54.7474,0.977,1.2061,-11.3859,0.8259,1,1,Ready,0,9,5.6727,-0.491,17.5508,0.0083,Perfect,,1.027,-11.7626,0,11.2,0.0276
1050,Rally,None,1,-0.015,55.8402,0.6084,3.4919,-16.2161,1.4545,1.5286,-6.6783,1,Forehand follow,1,-0.225,LowPickup,-34.9419,-58.4222,0.8798,1.2348,-11.368,0.66,1,1,Ready,0,9,6.0095,0.5978,0,0,Perfect,,0.996,-11.7456,0,11.2,0.024
1051,Rally,None,1,-0.015,55.8611,0.5981,3.4929,-16.2045,1.4266,1.5626,-6.3422,1,Forehand follow,1,-0.2417,LowPickup,-35.5347,-61.4045,0.7873,1.2494,-11.3538,2.9585,1,1,Ready,0,9,6.2962,1.5674,0,0,Perfect,,0.9625,-11.7272,0,11.2,0.0209
1052,Rally,None,1,-0.015,55.8792,0.5851,3.4938,-16.1905,1.3847,1.6089,-5.838,1,Forehand follow,1,-0.2667,LowPickup,-36.0799,-65.8936,0.6597,1.2469,-11.3507,15.5847,1,1,Ready,0,9,6.5265,2.3275,0,0,Perfect,,0.9076,-11.6972,-0.1201,11.2,0.0182
1053,Rally,None,1,-0.015,55.895,0.5711,3.4946,-16.1754,1.3568,1.6365,-5.5019,1,Forehand follow,0,9,LowPickup,-34.4995,-66.8691,0.5991,1.2371,-11.3229,1.5154,1,1,Run,0,9,12.9432,8.8191,0,0,Perfect,,0.8681,-11.6755,-0.2002,11.2,0.0158
1054,Rally,None,1,-0.015,55.9087,0.5542,3.4953,-16.1578,1.3149,1.6732,-4.9977,1,Run,0,9,LowPickup,-30.6053,-47.2465,0.6463,1.066,-11.1586,10.0231,0.9167,0.8333,Run,0,9,19.4528,15.0539,0,0,Perfect,,0.8041,-11.6405,-0.2351,11.2,0.0137
1055,Rally,None,1,-0.015,55.9206,0.5363,3.496,-16.1392,1.287,1.6945,-4.6616,1,Run,0,9,LowPickup,-31.293,-44.7918,0.6092,1.0356,-11.1135,0.4274,0.8333,0.6667,Ready,0,9,13.1445,9.3258,0.4776,0,Perfect,,0.7584,-11.6155,-0.2351,11.2,0.0119
1056,Rally,None,1,-0.015,55.931,0.5173,3.4965,-16.1196,1.2591,1.7133,-4.3255,1,Run,0,9,LowPickup,-32.0151,-42.3608,0.5701,1.0094,-11.0688,1.9291,0.75,0.5,Ready,0,9,6.7251,3.593,0.5471,0,Perfect,,0.7103,-11.5891,-0.2351,11.2,0.0104
1057,Rally,None,1,-0.015,55.94,0.4952,3.4969,-16.0971,1.2172,1.7366,-3.8213,1,Run,0,9,LowPickup,-32.8219,-39.5494,0.5219,0.9813,-11.0252,9.4667,0.6667,0.3333,Ready,0,9,6.5539,3.5378,0.1906,0,Perfect,,0.6336,-11.5471,-0.2351,11.2,0.009
1058,Rally,None,1,-0.015,55.9479,0.4722,3.4973,-16.0736,1.1893,1.749,-3.4852,1,Run,0,9,LowPickup,-33.7821,-35.8817,0.5436,0.9436,-10.9812,1.1609,0.5833,0.1667,Ready,0,9,6.5278,3.3019,0.5612,0,Perfect,,0.5794,-11.5174,-0.2351,11.2,0.0078
1059,Rally,None,1,-0.015,55.9547,0.4459,3.4977,-16.047,1.1474,1.7628,-2.9811,1,Run,0,9,LowPickup,-35.6097,-31.0101,0.4992,0.8903,-10.9753,6.1896,0.5,0,Ready,0,9,6.5669,3.1231,0.7276,0,Perfect,,0.4935,-11.4703,-0.2351,11.2,0.0068
1060,Rally,None,1,-0.015,55.9606,0.419,3.498,-16.0198,1.1195,1.7689,-2.645,1,Run,0,9,LowPickup,-37.426,-30.5819,0.4576,0.8734,-10.9592,3.0664,0.4167,0,Backhand prepare 0.02,0,9,7.086,2.9978,0.5964,0,Perfect,,0.4361,-11.4389,-0.2351,11.2,0.0059
1061,Rally,None,1,-0.015,55.9657,0.3917,3.4983,-15.9923,1.0916,1.7724,-2.3088,1,Run,0,9,LowPickup,-37.4257,-31.1074,0.4044,0.859,-10.933,0.3067,0.3333,0,Backhand prepare 0.06,0,9,6.9487,5.6744,0.3444,0,Perfect,,0.3811,-11.4088,-0.2351,11.2,0.0051
1062,Rally,None,1,-0.015,55.9702,0.3623,3.4985,-15.9627,1.0497,1.7728,-1.8047,1,Run,0,9,LowPickup,-36.1338,-30.771,0.3416,0.8345,-10.8936,0.3683,0.25,0,Backhand prepare 0.10,0,9,6.1765,9.3163,0.6799,0,Perfect,,0.3032,-11.3661,-0.2351,11.2,0.0045
1063,Rally,None,1,-0.015,55.9741,0.3332,3.4987,-15.9335,1.0218,1.7699,-1.4686,1,Run,0,9,LowPickup,-33.4032,-30.5084,0.2808,0.7944,-10.9662,0,0.1667,0,Backhand prepare 0.15,0,9,3.7277,9.0494,0.4877,0,Perfect,,0.2543,-11.3393,-0.2351,11.2,0.0039
1064,Rally,None,1,-0.015,55.9775,0.303,3.4989,-15.9032,0.9799,1.7608,-0.9644,1,Run,0,9,LowPickup,-32.9514,-31.0003,0.2218,0.794,-10.9333,1.1103,0.0833,0,Backhand prepare 0.19,0,9,0.0027,7.2896,0.4878,0,Perfect,,0.1856,-11.3017,-0.2351,11.2,0.0034
1065,Rally,None,1,-0.015,55.9804,0.2737,3.499,-15.8738,0.952,1.7516,-0.6283,1,Run,0,9,LowPickup,-32.5385,-31.4513,0.1881,0.8042,-10.9143,2.0829,0,0,Backhand prepare 0.24,0,9,-4.2988,1.497,0.7522,0,Perfect,,0.1428,-11.2782,-0.2351,11.2,0.0029
1066,Rally,None,1,-0.015,55.983,0.2453,3.4991,-15.8454,0.924,1.7398,-0.2922,1,Run,0,9,LowPickup,-32.1449,-31.881,0.1577,0.8018,-10.8964,5.2354,0,0,Backhand prepare 0.28,0,9,-7.3014,-2.8968,0.5486,0,Perfect,,0.1024,-11.2561,-0.2351,11.2,0.0026
1067,Rally,None,1,-0.015,55.9575,0.2166,3.4992,-15.8167,0.8822,1.7173,0.212,1,Run,0,9,LowPickup,-31.7823,-32.2771,0.1127,0.7931,-10.8694,1.8115,0,0,Backhand prepare 0.32,0,9,-11.1715,-8.4115,0.0745,0,Perfect,,0.0464,-11.2254,-0.2351,11.2,-0.0255
1068,Rally,None,1,-0.015,55.8915,0.1892,3.4993,-15.7892,0.8542,1.6992,0.5481,1,Run,0,9,LowPickup,-31.4871,-32.6024,0.0889,0.7844,-10.8534,2.7012,0,0,Backhand prepare 0.37,0,9,-17.5467,-17.6295,1.5667,0,Perfect,,0.0122,-11.2067,-0.2351,11.2,-0.0661
1069,Rally,None,1,-0.015,55.7682,0.1645,3.4994,-15.7645,0.8124,1.6672,1.0523,1,Run,0,9,LowPickup,-31.2664,-32.8509,0.0855,0.7778,-10.8484,1.2895,0,0,Backhand prepare 0.41,0,9,-22.3053,-24.107,0,0,Perfect,,0,-11.2,-0.2351,11.2,-0.1233
1070,Rally,None,1,-0.015,55.6171,0.143,3.4995,-15.743,0.7844,1.6427,1.3884,1,Ready,0,9,LowPickup,-26.0579,-27.9592,0.0941,0.7836,-10.8692,2.9855,0,0,Backhand prepare 0.47,0,9,-26.7511,-31.7627,0,0,Perfect,,0,-11.2,-0.2351,11.2,-0.1511
1071,Rally,None,1,-0.015,55.4418,0.1243,3.4996,-15.7243,0.7565,1.6156,1.7245,1,Ready,0,9,LowPickup,-19.9401,-22.1333,0.1008,0.7948,-10.8935,0.2319,0,0,Backhand prepare 0.50,0,9,-30.1814,-38.114,0.1188,0,Perfect,,0,-11.2,-0.2351,11.2,-0.1753
1072,Rally,None,1,-0.015,55.2236,0.1081,3.4996,-15.7081,0.7146,1.5703,2.2286,1,Ready,0,9,LowPickup,-12.9409,-15.3243,0.1089,0.8028,-10.9235,1.4198,0,0,Backhand prepare 0.54,0,9,-35.5958,-44.9873,0.598,0,Perfect,,0,-11.2,-0.2351,11.2,-0.2182
1073,Rally,None,1,-0.015,54.99,0.0939,3.4997,-15.694,0.6867,1.5368,2.5647,1,Ready,0,9,LowPickup,-4.6428,-7.0676,0.1217,0.7965,-10.9473,1.1238,0,0,Backhand prepare 0.60,0,9,-46.6253,-58.4945,3.2691,0,Perfect,,0,-11.2,-0.2351,11.2,-0.2336
1074,Rally,None,1,-0.015,54.721,0.0817,3.4997,-15.6817,0.6448,1.4819,3.0689,1,Ready,0,9,LowPickup,3.1271,0.5992,0.0936,0.8003,-10.9366,1.9976,0,0,Backhand prepare 0.63,0,9,-54.0269,-69.4168,0.5958,0,Perfect,,0,-11.2,-0.2351,11.2,-0.269
1075,Rally,None,1,-0.015,54.4432,0.071,3.4998,-15.671,0.6169,1.4421,3.405,1,Ready,0,9,LowPickup,10.3996,7.5739,0.0669,0.8466,-10.9154,1.3246,0,0,Backhand prepare 0.69,0,9,-62.2423,-86.2283,2.448,0,Perfect,,0,-11.2,-0.2351,11.2,-0.2777
1076,Rally,None,1,-0.015,54.1579,0.0617,3.4998,-15.6617,0.589,1.3998,3.7411,1,Ready,0,9,LowPickup,11.0943,7.5845,0.0902,0.8381,-10.9241,1.9053,0,0,Backhand prepare 0.73,0,9,-67.0246,-94.831,0.8297,0,Perfect,,0,-11.2,-0.2351,11.2,-0.2854
1077,Rally,None,1,-0.015,53.8439,0.0537,3.4998,-15.6537,0.5471,1.3315,4.2453,1,Ready,0,9,LowPickup,10.5788,6.2462,0.1178,0.8243,-10.9383,0.6788,0,0,Backhand prepare 0.76,0,9,-71.0606,-101.5665,1.1674,0,Perfect,,0,-11.2,-0.2351,11.2,-0.314
1078,Rally,None,1,-0.015,53.5271,0.0466,3.4998,-15.6467,0.5192,1.2829,4.5814,1,Ready,0,9,LowPickup,10.1837,5.087,0.0925,0.8411,-10.9239,0.6176,0,0,Backhand prepare 0.82,0,9,-71.2828,-112.1488,0.8418,0,Perfect,,0,-11.2,-0.2351,11.2,-0.3168
1079,Rally,None,1,-0.015,53.1858,0.0406,3.4999,-15.6406,0.4773,1.205,5.0856,1,Ready,0,9,LowPickup,9.9816,4.1693,0.0691,0.8563,-10.9156,0.9979,0,0,Backhand prepare 0.86,0,9,-65.6959,-118.5606,1.1036,0,Perfect,,0,-11.2,-0.2351,11.2,-0.3413
1080,Rally,None,1,-0.015,52.8451,0.0353,3.4999,-15.6353,0.4494,1.15,5.4217,1,Ready,0,9,LowPickup,10.0502,3.6292,0.0981,0.8399,-10.9438,3.4588,0,0,Backhand prepare 0.91,0,9,-47.0006,-119.3206,1.3229,0,Perfect,,0,-11.2,-0.2351,11.2,-0.3406
1081,Rally,None,1,-0.015,52.5051,0.0307,3.4999,-15.6307,0.4215,1.0924,5.7578,1,Ready,0,9,LowPickup,10.3515,3.4213,0.1275,0.8274,-10.9711,0.1801,0,0,Backhand prepare 0.95,0,9,-33.1039,-108.566,1.4134,0,Perfect,,0,-11.2,-0.2351,11.2,-0.34
1082,Rally,None,1,-0.015,52.1778,0.0266,3.4999,-15.6267,0.3796,1.0012,6.262,1,Ready,0,9,LowPickup,10.8625,3.5914,0.1066,0.8302,-10.9441,0.4284,0,0,Backhand prepare 0.98,0,9,-21.0067,-93.1037,7.9986,0,Perfect,,0,-11.2,-0.2351,11.2,-0.3273
1083,Rally,None,1,-0.015,51.8933,0.0232,3.4999,-15.6232,0.3517,0.9372,6.5981,1,Ready,0,9,LowPickup,11.6199,4.0014,0.0846,0.8341,-10.9185,0.7021,0,0,Backhand prepare 1.00,0,9,-16.2159,-86.3712,0.5255,0,Perfect,,0,-11.2,-0.2351,11.2,-0.2845
1084,Rally,None,1,-0.015,51.6459,0.0201,3.4999,-15.6201,0.3098,0.8365,7.1022,1,Ready,0,9,LowPickup,12.7197,4.538,0.1061,0.8134,-10.9296,0.7758,0,0,Backhand prepare 1.00,1,0.1686,-23.645,-94.1147,0,0,Perfect,,0,-11.2,-0.2351,11.2,-0.2473
1085,Rally,None,1,-0.015,51.4309,0.0175,3.4999,-15.6175,0.2819,0.7662,7.4383,1,Ready,0,9,LowPickup,13.9579,5.1956,0.1296,0.7924,-10.9458,0.7582,0,0,Backhand swing,1,0.154,-20.6949,-93.2013,0.6935,0,Perfect,,0,-11.2,-0.2351,11.2,-0.215
1086,Rally,None,1,-0.015,51.244,0.0152,3.4999,-15.6152,0.2539,0.6933,7.7745,1,Ready,0,9,LowPickup,15.2128,5.9202,0.1189,0.7868,-10.9305,0.659,0,0,Backhand swing,1,0.1393,-18.0087,-89.994,0.1724,0,Perfect,,0,-11.2,-0.2351,11.2,-0.1869
1087,Rally,None,1,-0.015,51.0815,0.0132,3.5,-15.6132,0.2121,0.5793,8.2786,1,Ready,0,9,LowPickup,16.3573,6.7519,0.1056,0.7834,-10.9199,0.5546,0,0,Backhand swing,1,0.1173,-12.8432,-83.4679,6.3886,0,Perfect,,0,-11.2,-0.2351,11.2,-0.1625
1088,Rally,None,1,-0.015,50.9402,0.0115,3.5,-15.6115,0.1841,0.5,8.6147,1,Ready,0,9,LowPickup,17.2239,7.7399,0.1138,0.7755,-10.948,0.42,0,0,Backhand swing,1,0.1026,-9.8694,-77.7148,1.9427,0,Perfect,,0,-11.2,-0.2351,11.2,-0.1413
1089,Rally,None,1,-0.015,50.8174,0.01,3.5,-15.61,0.1423,0.3764,9.1189,1,Ready,0,9,LowPickup,17.8358,8.797,0.1235,0.7745,-10.983,0.2838,0,0,Backhand swing,1,0.0806,-3.9127,-67.4646,13.4421,0,Perfect,,0,-11.2,-0.2351,11.2,-0.1228
1090,Rally,None,1,-0.015,50.7106,0.0087,3.5,-15.6087,0.1143,0.2908,9.455,1,Ready,0,9,LowPickup,18.1128,9.8883,0.1259,0.7721,-10.9874,0.0335,0,0,Backhand swing,1,0.066,-0.6722,-57.4293,0.6589,0,Perfect,,0,-11.2,-0.2351,11.2,-0.1068
1091,Rally,None,1,-0.015,50.6177,0.0076,3.5,-15.6076,0.0864,0.2027,9.7911,1,Ready,0,9,LowPickup,18.2026,10.9141,0.1268,0.7694,-10.9831,0.0769,0,0,Backhand swing,1,0.0513,2.4244,-47.236,14.988,0,Perfect,,0,-11.2,-0.2351,11.2,-0.0928
1092,Rally,None,1,-0.015,50.537,0.0066,3.5,-15.6066,0.0445,0.1,10.2953,1,Ready,0,9,LowPickup,18.175,11.7819,0.1278,0.7695,-10.9831,0.0326,0,0,Backhand swing,1,0.0293,7.0056,-31.0775,0.3734,0,Perfect,,0,-11.2,-0.2351,11.2,-0.0807
1093,Rally,None,1,-0.015,50.4669,0.0057,3.5,-15.6057,0.0185,0.166,10.6085,1,Ready,0,9,LowPickup,18.1638,12.4486,0.1281,0.773,-10.9825,0.0492,0,0,Backhand swing,1,0.0147,6.8165,-18.5819,0.3149,0,Perfect,,0,-11.2,-0.3151,11.2,-0.0702
1094,PointOver,Reaction,1,-0.015,38,0.9,1.185,-8.2,-0.0205,0.26,11.0784,0,Ready,0,9,LowPickup,18.366,12.7972,0.1278,0.7829,-10.9832,0.0395,0,0,Backhand swing,1,-0.0083,10.842,1.1936,0.9888,0.4417,Perfect,,0,-11.2,-0.4353,11.2,-12.4669
1095,PointOver,Reaction,1,-0.015,38,0.9,1.185,-8.2072,-0.0466,0.3194,11.3917,0,HitPerfect,0,9,LowPickup,18.2332,12.1587,0.1323,0.7997,-10.9681,0.3664,0.0641,0,MatchLose,1,-0.025,12.1284,12.9169,0.8846,0.3833,Perfect,,0,-11.2,-0.4833,11.2,0
1096,PointOver,Reaction,1,-0.015,38,0.9,1.185,-8.2145,-0.0726,0.3761,11.7049,0,HitPerfect,0,9,LowPickup,17.8555,11.1693,0.1307,0.8081,-10.9357,0.2807,0.1282,0,MatchLose,1,-0.0417,15.0318,22.7678,0.8221,0.325,Perfect,,0,-11.2,-0.5054,11.2,0
1097,PointOver,Reaction,1,-0.015,38,0.9,1.185,-8.2217,-0.1116,0.4562,12.1748,0,HitPerfect,0,9,LowPickup,16.8799,9.5385,0.1335,0.8203,-10.9139,0.2405,0.1923,0,MatchLose,1,-0.0667,18.6519,34.4562,0.8298,0.2667,Perfect,,0,-11.2,-0.5386,11.2,0
1098,PointOver,Reaction,1,-0.015,38,0.9,1.185,-8.229,-0.1376,0.5063,12.4881,0,HitPerfect,0,9,LowPickup,15.1601,7.222,0.1531,0.8438,-10.9278,0.2255,0.2564,0,MatchLose,1,-0.0833,23.0804,40.5156,5.5892,0.2083,Perfect,,0,-11.2,-0.5607,11.2,0
1099,PointOver,Reaction,1,-0.015,38,0.9,1.185,-8.2362,-0.1767,0.5765,12.958,0,HitPerfect,0,9,LowPickup,12.6651,4.1673,0.1762,0.8698,-10.9425,0.4168,0.3205,0,MatchLose,1,-0.1083,27.4704,47.354,27.0054,0.15,Perfect,,0,-11.2,-0.5939,11.2,0
1100,PointOver,Reaction,1,-0.015,38,0.9,1.185,-8.2435,-0.2027,0.6199,13.2712,0,HitPerfect,0,9,LowPickup,9.4309,0.4624,0.1965,0.8856,-10.9286,0.628,0.3846,0,MatchLose,1,-0.125,31.9214,49.003,0.5268,0.0917,Perfect,,0,-11.2,-0.616,11.2,0
1101,PointOver,Reaction,1,-0.015,38,0.9,1.185,-8.2507,-0.2287,0.6607,13.5845,0,HitPerfect,0,9,LowPickup,5.7203,-3.71,0.2168,0.9057,-10.915,0.8,0.4487,0,MatchLose,1,-0.1417,35.5475,52.6126,0.2452,0.0333,Perfect,,0,-11.2,-0.6381,11.2,0
1102,PointOver,Reaction,1,-0.015,38,0.9,1.185,-8.258,-0.2677,0.717,14.0544,0,HitPerfect,0,9,LowPickup,1.7329,-8.1764,0.2372,0.9452,-10.9161,0,0.5128,0,MatchLose,1,-0.1667,40.3011,59.4954,0.1626,0,Perfect,,0,-11.2,-0.6713,11.2,0
1103,PointOver,Reaction,1,-0.015,38,0.9,1.185,-8.2652,-0.2938,0.7512,14.3676,0,HitPerfect,0,9,LowPickup,-2.1188,-12.5031,0.2575,0.9888,-10.9195,0,0.5769,0,MatchLose,1,-0.1833,43.1829,65.3656,1.4949,0,Perfect,,0,-11.2,-0.6934,11.2,0
1104,PointOver,Reaction,1,-0.015,38,0.9,1.185,-8.2725,-0.3328,0.7975,14.8375,0,HitPerfect,0,9,LowPickup,-5.551,-16.408,0.2809,1.0431,-10.9185,0,0.641,0,MatchLose,1,-0.2083,46.5605,73.8782,7.8887,0,Perfect,,0,-11.2,-0.7266,11.2,0
1105,PointOver,Reaction,1,-0.015,38,0.9,1.185,-8.2797,-0.3588,0.8251,15.1507,0,HitPerfect,0,9,LowPickup,-8.0667,-19.3147,0.2974,1.09,-10.9157,0,0.7051,0,MatchLose,1,-0.225,48.3218,77.6364,0.9388,0,Perfect,,0,-11.2,-0.7487,11.2,0
1106,PointOver,Reaction,1,-0.015,38,0.9,1.185,-8.287,-0.3848,0.85,15.464,0,HitPerfect,0,9,LowPickup,-10.0883,-21.6538,0.3091,1.1234,-10.913,0,0.7692,0,MatchLose,1,-0.2417,50.4732,80.1461,6.7627,0,Perfect,,0,-11.2,-0.7709,11.2,0
1107,PointOver,Reaction,1,-0.015,38,0.9,1.185,-8.2942,-0.4239,0.8824,15.9339,0,HitPerfect,0,9,LowPickup,-11.8531,-23.6644,0.3187,1.1493,-10.9107,0,0.8333,0,MatchLose,1,-0.2667,54.1226,83.8862,1.2011,0,Perfect,,0,-11.2,-0.804,11.2,0
1108,PointOver,Reaction,1,-0.015,38,0.9,1.185,-8.3014,-0.4499,0.9007,16.2471,0,HitPerfect,0,9,LowPickup,-13.5299,-25.5107,0.3272,1.1675,-10.91,0,0.8974,0,MatchLose,1,-0.2833,56.8322,84.6104,7.4576,0,Perfect,,0,-11.2,-0.8262,11.2,0
1109,PointOver,Reaction,1,-0.015,38,0.9,1.185,-8.3087,-0.4889,0.9232,16.717,0,HitPerfect,0,9,LowPickup,-15.144,-27.2051,0.3353,1.1817,-10.9119,0,0.9615,0,MatchLose,0,9,56.4879,83.7536,4.3359,0,Perfect,,0,-11.2,-0.8593,11.2,0
1110,PointOver,Reaction,1,-0.015,38,0.9,1.185,-8.3159,-0.515,0.9349,17.0303,0,HitPerfect,0,9,LowPickup,-15.907,-27.8373,0.3414,1.1799,-10.9164,0,1,0,MatchLose,0,9,38.0412,65.0109,5.4412,0,Perfect,,0,-11.2,-0.8815,11.2,0
1111,PointOver,Reaction,1,-0.015,38,0.9,1.185,-8.3232,-0.541,0.9439,17.3435,0,HitPerfect,0,9,LowPickup,-15.4491,-27.0359,0.3461,1.1571,-10.9212,0,1,0,MatchLose,0,9,34.0144,56.0184,0.7789,0,Perfect,,0,-11.2,-0.9036,11.2,0
1112,PointOver,Reaction,1,-0.015,38,0.9,1.185,-8.3304,-0.58,0.9525,17.8134,0,HitPerfect,0,9,LowPickup,-14.9756,-26.2073,0.3509,1.1329,-10.9262,0,1,0,MatchLose,0,9,34.842,52.0643,0.9513,0,Perfect,,0,-11.2,-0.9368,11.2,0
1113,PointOver,Reaction,1,-0.015,38,0.9,1.185,-8.3377,-0.606,0.9549,18.1267,0,HitPerfect,0,9,LowPickup,-14.4888,-25.3554,0.3557,1.1102,-10.9315,0,1,0,MatchLose,0,9,36.665,47.9623,0.9797,0,Perfect,,0,-11.2,-0.9589,11.2,0
1114,PointOver,Reaction,1,-0.015,38,0.9,1.185,-8.3449,-0.6451,0.9535,18.5966,0,HitPerfect,0,9,LowPickup,-13.9895,-24.4816,0.3606,1.09,-10.937,0,1,0,MatchLose,0,9,38.3922,43.1197,1.0079,0,Perfect,,0,-11.2,-0.992,11.2,0
1115,PointOver,Reaction,1,-0.015,38,0.9,1.185,-8.3522,-0.6711,0.9493,18.9098,0,HitPerfect,0,9,LowPickup,-13.4794,-23.5889,0.3655,1.0749,-10.9426,0.0043,1,0,MatchLose,0,9,42,42,1.0763,0,Perfect,,0,-11.2,-1.0142,11.2,0
1116,PointOver,Reaction,1,-0.015,38,0.9,1.185,-8.3594,-0.6971,0.9424,19.2231,0,HitPerfect,0,9,LowPickup,-12.9601,-22.6802,0.3704,1.0663,-10.9485,0.005,1,0,MatchLose,0,9,49,49,1.171,0,Perfect,,0,-11.2,-1.0363,11.2,0
1117,PointOver,Reaction,1,-0.015,38,0.9,1.185,-8.3667,-0.7361,0.9271,19.693,0,HitPerfect,0,9,LowPickup,-12.4325,-21.7569,0.3753,1.0652,-10.9545,0.0047,1,0,MatchLose,0,9,56,56,1.1733,0,Perfect,,0,-11.2,-1.0695,11.2,0
1118,PointOver,Reaction,1,-0.015,38,0.9,1.185,-8.3739,-0.7622,0.9136,20.0062,0,HitPerfect,0,9,LowPickup,-11.8988,-20.823,0.3802,1.065,-10.9606,0.005,1,0,MatchLose,0,9,63,63,1.1734,0,Perfect,,0,-11.2,-1.0916,11.2,0
1119,PointOver,Reaction,1,-0.015,38,0.9,1.185,-8.3812,-0.8012,0.8884,20.4761,0,HitPerfect,0,9,LowPickup,-11.3599,-19.8798,0.385,1.0655,-10.9669,0.0048,1,0,MatchLose,0,9,70,70,3.0726,0,Perfect,,0,-11.2,-1.1248,11.2,0
1120,PointOver,Reaction,1,-0.015,38,0.9,1.185,-8.3884,-0.8272,0.8683,20.7893,0,HitPerfect,0,9,LowPickup,-10.8173,-18.9303,0.3897,1.066,-10.9733,0.0184,1,0,MatchLose,0,9,77,77,21.1214,0,Perfect,,0,-11.2,-1.1469,11.2,0
1121,PointOver,Reaction,1,-0.015,38,0.9,1.185,-8.3957,-0.8532,0.8455,21.1026,0,HitPerfect,0,9,LowPickup,-10.2728,-17.9774,0.3943,1.0666,-10.9799,0.0009,1,0,MatchLose,0,9,84,84,1.1729,0,Perfect,,0,-11.2,-1.169,11.2,0
1122,PointOver,Reaction,1,-0.015,38,0.9,1.185,-8.4029,-0.8923,0.8064,21.5725,0,HitPerfect,0,9,LowPickup,-9.7272,-17.0226,0.3989,1.0673,-10.9865,0.001,1,0,MatchLose,0,9,90,90,1.0124,0,Perfect,,0,-11.2,-1.2022,11.2,0
1123,PointOver,Reaction,1,-0.015,38,0.9,1.185,-8.4101,-0.9183,0.777,21.8857,0,HitPerfect,0,9,LowPickup,-9.1827,-16.0697,0.4033,1.0681,-10.9931,0.0008,1,0,MatchLose,0,9,90,90,0.0056,0,Perfect,,0,-11.2,-1.2243,11.2,0
1124,PointOver,Reaction,1,-0.015,38,0.9,1.185,-8.4174,-0.9573,0.7279,22.3556,0,HitPerfect,0,9,LowPickup,-8.6401,-15.1202,0.4076,1.0691,-10.9999,0.0009,1,0,MatchLose,0,9,90,90,0.001,0,Perfect,,0,-11.2,-1.2575,11.2,0
1125,PointOver,Reaction,1,-0.015,38,0.9,1.185,-8.4246,-0.9834,0.6919,22.6689,0,HitPerfect,0,9,LowPickup,-8.1012,-14.177,0.4117,1.0701,-11.0066,0.0198,1,0,MatchLose,0,9,90,90,0.0006,0,Perfect,,0,-11.2,-1.2796,11.2,0
1126,PointOver,Reaction,1,-0.015,38,0.9,1.185,-8.4319,-1.0094,0.6532,22.9821,0,HitPerfect,0,9,LowPickup,-7.5675,-13.2431,0.4157,1.0712,-11.0134,0.0018,1,0,MatchLose,0,9,90,90,0.0003,0,Perfect,,0,-11.2,-1.3017,11.2,0
1127,PointOver,Reaction,1,-0.015,38,0.9,1.185,-8.4391,-1.0484,0.5903,23.452,0,HitPerfect,0,9,LowPickup,-7.0399,-12.3199,0.4195,1.0724,-11.0201,0.0049,1,0,MatchLose,0,9,90,90,0.0002,0,Perfect,,0,-11.2,-1.3349,11.2,0
1128,PointOver,Reaction,1,-0.015,38,0.9,1.185,-8.4464,-1.0744,0.545,23.7653,0,HitPerfect,0,9,LowPickup,-6.5381,-11.4214,0.4234,1.0738,-11.027,0.0115,1,0,MatchLose,0,9,90,90,0.0002,0,Perfect,,0,-11.2,-1.357,11.2,0
1129,PointOver,Reaction,1,-0.015,38,0.9,1.185,-8.4536,-1.1135,0.4721,24.2352,0,HitPerfect,0,9,LowPickup,-6.0105,-10.5184,0.4267,1.0749,-11.0334,0.0106,1,0,MatchLose,0,9,90,90,0.0002,0,Perfect,,0,-11.2,-1.3902,11.2,0
1130,PointOver,Reaction,1,-0.015,38,0.9,1.185,-8.4609,-1.1395,0.4202,24.5484,0,HitPerfect,0,9,LowPickup,-5.3521,-9.5467,0.4286,1.0746,-11.0376,0.0555,1,0,MatchLose,0,9,90,90,3.1516,0,Perfect,,0,-11.2,-1.4123,11.2,0
1131,PointOver,Reaction,1,-0.015,38,0.9,1.185,-8.4681,-1.1655,0.3656,24.8617,0,HitPerfect,0,9,LowPickup,-4.5136,-8.501,0.4283,1.0719,-11.0383,0.1299,1,0,MatchLose,0,9,90,90,17.083,0,Perfect,,0,-11.2,-1.4344,11.2,0
1132,PointOver,Reaction,1,-0.015,38,0.9,1.185,-8.4754,-1.2045,0.2788,25.3315,0,HitPerfect,0,9,LowPickup,-3.4611,-7.3716,0.4253,1.0666,-11.0348,0.22,1,0,MatchLose,0,9,90,90,0,0,Perfect,,0,-11.2,-1.4676,11.2,0
1133,PointOver,Reaction,1,-0.015,38,0.9,1.185,-8.4826,-1.2306,0.2176,25.6448,0,HitPerfect,0,9,LowPickup,-2.2812,-6.2388,0.4199,1.062,-11.0279,0.2873,1,0,MatchLose,0,9,90,90,0,0,Perfect,,0,-11.2,-1.4897,11.2,0
1134,PointOver,Reaction,1,-0.015,38,0.9,1.185,-8.4899,-1.2696,0.1208,26.1147,0,HitPerfect,0,9,LowPickup,-0.9954,-5.1211,0.4123,1.0535,-11.018,0.3492,1,0,MatchLose,0,9,90,90,0,0,Perfect,,0,-11.2,-1.5229,11.2,0
1135,PointOver,Reaction,1,-0.015,38,0.9,1.185,-8.4971,-1.2948,0.1247,26.418,0,HitPerfect,0,9,LowPickup,0.3529,-4.058,0.4025,1.0431,-11.0057,0.3997,1,0,MatchLose,0,9,90,90,3.559,0,Perfect,,0,-11.2,-1.574,11.2,0
1136,PointOver,Reaction,1,-0.015,38,0.9,1.185,-8.5043,-1.3192,0.172,26.7113,0,HitPerfect,0,9,LowPickup,1.7304,-3.0709,0.3908,1.0309,-10.9917,0.4386,1,0,MatchLose,0,9,83,83,22.1011,0,Perfect,,0,-11.2,-1.6541,11.2,0
1137,PointOver,Reaction,1,-0.015,38,0.9,1.185,-8.5116,-1.3557,0.2379,27.1513,0,HitPerfect,0,9,LowPickup,3.1185,-2.1731,0.3772,1.0169,-10.9764,0.473,1,0,MatchLose,0,9,76,76,1.1722,0,Perfect,,0,-11.2,-1.7333,11.2,0
1138,PointOver,Reaction,1,-0.015,38,0.9,1.185,-8.5188,-1.3801,0.2785,27.4446,0,HitPerfect,0,9,LowPickup,4.4799,-1.3809,0.3624,1.0014,-10.9607,0.4822,1,0,MatchLose,0,9,83,83,3.2065,0,Perfect,,0,-11.2,-1.754,11.2,0
1139,PointOver,Reaction,1,-0.015,38,0.9,1.185,-8.5261,-1.4166,0.3343,27.8846,0,HitPerfect,0,9,LowPickup,5.803,-0.6951,0.3464,0.9846,-10.9449,0.4902,1,0,MatchLose,0,9,90,90,17.4623,0,Perfect,,0,-11.2,-1.7851,11.2,0
1140,PointOver,Reaction,1,-0.015,38,0.9,1.185,-8.5333,-1.441,0.3681,28.178,0,HitPerfect,0,9,LowPickup,7.0641,-0.1201,0.3297,0.9668,-10.9298,0.4998,1,0,MatchLose,0,9,90,90,0.0001,0,Perfect,,0,-11.2,-1.8058,11.2,0
1141,PointOver,Reaction,1,-0.015,38,0.9,1.185,-8.5406,-1.4654,0.3993,28.4713,0,HitPerfect,0,9,LowPickup,8.2458,0.3516,0.3129,0.9485,-10.9158,0.4891,1,0,MatchLose,0,9,90,90,0,0,Perfect,,0,-11.2,-1.8265,11.2,0
1142,PointOver,Reaction,1,-0.015,38,0.9,1.185,-8.5478,-1.5019,0.441,28.9113,0,HitPerfect,0,9,LowPickup,9.3386,0.7226,0.2964,0.9301,-10.9031,0.4715,1,0,MatchLose,0,9,90,90,0.0001,0,Perfect,,0,-11.2,-1.8575,11.2,0
1143,PointOver,Reaction,1,-0.015,38,0.9,1.185,-8.5551,-1.5263,0.4654,29.2046,0,HitPerfect,0,9,LowPickup,10.3225,1.0083,0.2808,0.9124,-10.892,0.4402,1,0,MatchLose,0,9,90,90,0.0001,0,Perfect,,0,-11.2,-1.8783,11.2,0
1144,PointOver,Reaction,1,-0.015,38,0.9,1.185,-8.5623,-1.5628,0.497,29.6446,0,HitPerfect,0,9,LowPickup,11.1908,1.2165,0.2663,0.8956,-10.8827,0.4006,1,0,MatchLose,0,9,90,90,0.0001,0,Perfect,,0,-11.2,-1.9093,11.2,0
1145,PointOver,Reaction,1,-0.015,38,0.9,1.185,-8.5696,-1.5872,0.5147,29.938,0,HitPerfect,0,9,LowPickup,11.9302,1.362,0.2531,0.8803,-10.8752,3.5614,1,0,MatchLose,0,9,90,90,3.0753,0,Perfect,,0,-11.2,-1.93,11.2,0
1146,PointOver,Reaction,1,-0.015,38,0.9,1.185,-8.5768,-1.6116,0.5297,30.2313,0,HitPerfect,0,9,LowPickup,12.5269,1.4595,0.2433,0.868,-10.8692,18.7351,1,0,MatchLose,0,9,90,90,16.6191,0,Perfect,,0,-11.2,-1.9508,11.2,0
1147,PointOver,Reaction,1,-0.015,38,0.9,1.185,-8.5841,-1.6481,0.5471,30.6713,0,HitPerfect,0,9,LowPickup,12.9745,1.5172,0.2352,0.8581,-10.865,0.2211,1,0,MatchLose,0,9,90,90,0.0001,0,Perfect,,0,-11.2,-1.9818,11.2,0
1148,PointOver,Reaction,1,-0.015,38,0.9,1.185,-8.5913,-1.6725,0.5554,30.9646,0,HitPerfect,0,9,LowPickup,13.2378,1.5484,0.2305,0.8523,-10.8626,0.1311,1,0,MatchLose,0,9,90,90,0.0001,0,Perfect,,0,-11.2,-2.0025,11.2,0
1149,PointOver,Reaction,1,-0.015,38,0.9,1.185,-8.5986,-1.709,0.5627,31.4046,0,Ready,0,9,LowPickup,13.8953,2.5181,0.2212,0.8457,-10.8586,0.075,0.9167,0,MatchLose,0,9,90,90,0,0,Perfect,,0,-11.2,-2.0336,11.2,0
1150,PointOver,Reaction,1,-0.015,38,0.9,1.185,-8.6058,-1.7334,0.5642,31.6979,0,Ready,0,9,LowPickup,14.4689,3.498,0.212,0.8396,-10.8541,0.0442,0.8333,0,MatchLose,0,9,90,90,0.0001,0,Perfect,,0,-11.2,-2.0543,11.2,0
1151,PointOver,Reaction,1,-0.015,38,0.9,1.185,-8.613,-1.7578,0.5631,31.9913,0,Ready,0,9,LowPickup,14.9096,4.4516,0.2039,0.8347,-10.8486,0.0262,0.75,0,MatchLose,0,9,90,90,3.0033,0,Perfect,,0,-11.2,-2.075,11.2,0
1152,PointOver,Reaction,1,-0.015,38,0.9,1.185,-8.6203,-1.7943,0.5563,32.4313,0,Ready,0,9,LowPickup,15.1809,5.3353,0.2009,0.8315,-10.8419,0.0159,0.6667,0,MatchLose,0,9,90,90,16.2591,0,Perfect,,0,-11.2,-2.1061,11.2,0
1153,PointOver,Reaction,1,-0.015,38,0.9,1.185,-8.6275,-1.8187,0.5484,32.7246,0,Ready,0,9,LowPickup,15.2772,6.1171,0.2018,0.8292,-10.8345,0.0252,0.5833,0,MatchLose,0,9,90,90,0.0001,0,Perfect,,0,-11.2,-2.1268,11.2,0
1154,PointOver,Reaction,1,-0.015,38,0.9,1.185,-8.6348,-1.8552,0.5315,33.1646,0,Ready,0,9,LowPickup,15.2102,6.7682,0.2016,0.8253,-10.828,0.0585,0.5,0,MatchLose,0,9,90,90,0.0001,0,Perfect,,0,-11.2,-2.1579,11.2,0
1155,PointOver,Reaction,1,-0.015,38,0.9,1.185,-8.642,-1.8796,0.5168,33.4579,0,Ready,0,9,LowPickup,15.0297,7.2634,0.2015,0.819,-10.8217,0.1196,0.4167,0,MatchLose,0,9,90,90,0.0001,0,Perfect,,0,-11.2,-2.1786,11.2,0
1156,PointOver,Reaction,1,-0.015,38,0.9,1.185,-8.6493,-1.904,0.4995,33.7513,0,Ready,0,9,LowPickup,14.8475,7.574,0.2032,0.8168,-10.8143,0.2325,0.3333,0,MatchLose,0,9,90,90,0.0001,0,Perfect,,0,-11.2,-2.1993,11.2,0
1157,PointOver,Reaction,1,-0.015,38,0.9,1.185,-8.6565,-1.9405,0.4685,34.1913,0,Ready,0,9,LowPickup,14.6657,7.7157,0.2058,0.8144,-10.8061,0.3177,0.25,0,MatchLose,0,9,90,90,0.0001,0,Perfect,,0,-11.2,-2.2304,11.2,0
1158,PointOver,Reaction,1,-0.015,38,0.9,1.185,-8.6638,-1.9649,0.4444,34.4846,0,Ready,0,9,LowPickup,14.4751,7.5611,0.2097,0.8101,-10.7956,0.3849,0.1667,0,MatchLose,0,9,90,90,3.0032,0,Perfect,,0,-11.2,-2.2511,11.2,0
1159,PointOver,Reaction,1,-0.015,38,0.9,1.185,-8.671,-2.0015,0.4033,34.9246,0,Ready,0,9,LowPickup,14.2001,6.5755,0.2159,0.8104,-10.7967,0.1599,0.0833,0,MatchLose,0,9,90,90,16.2591,0,Perfect,,0,-11.2,-2.2821,11.2,0
1160,PointOver,Reaction,1,-0.015,38,0.9,1.185,-8.6783,-2.0258,0.3725,35.218,0,Ready,0,9,LowPickup,14.0303,5.5933,0.2219,0.8215,-10.8188,0.1577,0,0,MatchLose,0,9,90,90,0.0001,0,Perfect,,0,-11.2,-2.3029,11.2,0
1161,PointOver,Reaction,1,-0.015,38,0.9,1.185,-8.6855,-2.0502,0.339,35.5113,0,Ready,0,9,LowPickup,13.9083,4.6465,0.2248,0.834,-10.8411,0.2863,0,0,MatchLose,0,9,90,90,0.0001,0,Perfect,,0,-11.2,-2.3236,11.2,0
1162,PointOver,Reaction,1,-0.015,38,0.9,1.185,-8.6928,-2.0867,0.2837,35.9513,0,Ready,0,9,LowPickup,13.7776,3.7707,0.2202,0.8348,-10.8326,0.3516,0,0,MatchLose,0,9,90,90,0.0001,0,Perfect,,0,-11.2,-2.3546,11.2,0
1163,PointOver,Reaction,1,-0.015,38,0.9,1.185,-8.7,-2.1111,0.2435,36.2446,0,Ready,0,9,LowPickup,13.6459,2.9586,0.2161,0.835,-10.8231,0.3127,0,0,MatchLose,0,9,90,90,0.0001,0,Perfect,,0,-11.2,-2.3754,11.2,0
1164,PointOver,Reaction,1,-0.015,38,-3.3064,1.185,8.2072,-2.1477,0.1781,36.6846,0,Ready,0,9,LowPickup,13.4988,2.2336,0.2213,0.844,-10.8375,0.1048,0,0,MatchLose,0,9,90,90,3.0032,0,Perfect,,0,-11.2,-2.4064,11.2,0
1165,PointOver,Reaction,1,-0.015,38,-3.3271,1.185,8.2145,-2.172,0.1312,36.978,0,Ready,0,9,LowPickup,13.343,1.5466,0.2285,0.8573,-10.8591,0.0424,0,0,MatchLose,0,9,90,90,16.8804,0,Perfect,,0,-11.2,-2.4271,11.2,0
1166,PointOver,Reaction,1,-0.015,38,-3.3478,1.185,8.2217,-2.1964,0.1,37.2713,0,Ready,0,9,LowPickup,12.9098,1.3271,0.232,0.8552,-10.8696,0.2462,0,0,MatchLose,0,9,90,90,0.0006,0,Perfect,,0,-11.2,-2.4478,11.2,0
1167,PointOver,Reaction,1,-0.015,38,-3.468,1.185,8.229,-2.2307,0.1539,37.6842,0,Ready,0,9,LowPickup,12.2732,1.0013,0.2355,0.855,-10.8799,0.1556,0,0,MatchLose,0,9,90,90,0.0087,0,Perfect,,0,-11.2,-2.568,11.2,0
1168,PointOver,Reaction,1,-0.015,38,-3.4944,1.185,8.2362,-2.2536,0.1864,37.9594,0,Ready,0,9,LowPickup,11.0911,0.3913,0.2389,0.8626,-10.8885,0.1661,0,0,MatchLose,0,9,83,83,3.3566,0,Perfect,,0,-11.2,-2.5944,11.2,0
1169,PointOver,Reaction,1,-0.015,38,-3.5236,1.185,8.2435,-2.2879,0.2301,38.3723,0,Ready,0,9,LowPickup,9.629,-0.3678,0.2426,0.8744,-10.8985,0.261,0,0,MatchLose,0,9,90,90,17.4589,0,Perfect,,0,-11.2,-2.6236,11.2,0
1170,PointOver,Reaction,1,-0.015,38,-3.543,1.185,8.2507,-2.3107,0.2559,38.6476,0,Ready,0,9,LowPickup,7.9235,-1.2301,0.2461,0.8958,-10.9148,0.2273,0,0,MatchLose,0,9,90,90,0.0005,0,Perfect,,0,-11.2,-2.643,11.2,0
1171,PointOver,Reaction,1,-0.015,38,-3.5625,1.185,8.258,-2.3336,0.2789,38.9228,0,Ready,0,9,LowPickup,6.2947,-2.1195,0.2542,0.9285,-10.9302,0.1969,0,0,MatchLose,0,9,90,90,0.0003,0,Perfect,,0,-11.2,-2.6625,11.2,0
1172,PointOver,Reaction,1,-0.015,38,-3.5916,1.185,8.2652,-2.3679,0.3084,39.3357,0,Ready,0,9,LowPickup,5.0543,-3.0071,0.2724,0.9777,-10.9439,0.1172,0,0,MatchLose,0,9,90,90,0.0003,0,Perfect,,0,-11.2,-2.6916,11.2,0
1173,PointOver,Reaction,1,-0.015,38,-3.611,1.185,8.2725,-2.3907,0.3246,39.611,0,Ready,0,9,LowPickup,4.2103,-3.7173,0.2932,1.0398,-10.9524,0.1364,0,0,MatchLose,0,9,90,90,2.8518,0,Perfect,,0,-11.2,-2.711,11.2,0
1174,PointOver,Reaction,1,-0.015,38,-3.6402,1.185,8.2797,-2.425,0.344,40.0238,0,Ready,0,9,LowPickup,3.9395,-4.0813,0.3064,1.1373,-10.9859,0.2225,0,0,MatchLose,0,9,90,90,15.4253,0,Perfect,,0,-11.2,-2.7402,11.2,0
1175,PointOver,Reaction,1,-0.015,38,-3.6596,1.185,8.287,-2.4479,0.3534,40.2991,0,Ready,0,9,LowPickup,4.0307,-4.0762,0.3025,1.1786,-10.9852,0.2767,0,0,MatchLose,0,9,90,90,0.0003,0,Perfect,,0,-11.2,-2.7596,11.2,0
1176,PointOver,Reaction,1,-0.015,38,-3.6791,1.185,8.2942,-2.4708,0.3602,40.5743,0,Ready,0,9,LowPickup,4.3887,-3.5672,0.2647,1.0224,-10.8298,0.3454,0,0,MatchLose,0,9,90,90,0.0004,0,Perfect,,0,-11.2,-2.7791,11.2,0
1177,PointOver,Reaction,1,-0.015,38,-3.7082,1.185,8.3014,-2.5051,0.3653,40.9872,0,Ready,0,9,LowPickup,4.8666,-2.7345,0.1811,0.8327,-10.8645,1.1034,0,0,MatchLose,0,9,90,90,0.0003,0,Perfect,,0,-11.2,-2.8082,11.2,0
1178,PointOver,Reaction,1,-0.015,38,-3.7277,1.185,8.3087,-2.5279,0.3653,41.2625,0,Ready,0,9,LowPickup,5.2831,-1.6518,0.1594,0.8268,-10.8927,0,0,0,MatchLose,0,9,90,90,0.0003,0,Perfect,,0,-11.2,-2.8277,11.2,0
1179,PointOver,Reaction,1,-0.015,38,-3.7568,1.185,8.3159,-2.5622,0.3602,41.6754,0,Ready,0,9,LowPickup,5.6727,-0.4853,0.1773,0.8455,-10.8933,0,0,0,MatchLose,0,9,90,90,0.0003,0,Perfect,,0,-11.2,-2.8568,11.2,0
1180,PointOver,Reaction,1,-0.015,38,-3.7762,1.185,8.3232,-2.5851,0.3534,41.9506,0,Ready,0,9,LowPickup,6.0095,0.5913,0.1877,0.849,-10.8981,0,0,0,MatchLose,0,9,90,90,0.0004,0,Perfect,,0,-11.2,-2.8762,11.2,0
1181,PointOver,Reaction,1,-0.015,38,-3.7957,1.185,8.3304,-2.608,0.3439,42.2259,0,Ready,0,9,LowPickup,6.2962,1.5514,0.1934,0.849,-10.9017,0,0,0,MatchLose,0,9,90,90,2.8182,0,Perfect,,0,-11.2,-2.8957,11.2,0
1182,PointOver,Reaction,1,-0.015,38,-3.8248,1.185,8.3377,-2.6423,0.3245,42.6387,0,Ready,0,9,LowPickup,6.5266,2.3054,0.1898,0.8401,-10.9105,0,0,0,MatchLose,0,9,90,90,15.2571,0,Perfect,,0,-11.2,-2.9248,11.2,0
1183,PointOver,Reaction,1,-0.015,38,-3.8443,1.185,8.3449,-2.6651,0.3083,42.914,0,Ready,0,9,LowPickup,6.7016,2.8814,0.1746,0.835,-10.9095,0,0,0,MatchLose,0,9,90,90,0.0003,0,Perfect,,0,-11.2,-2.9443,11.2,0
1184,PointOver,Reaction,1,-0.015,38,-3.8734,1.185,8.3522,-2.6994,0.2788,43.3269,0,Ready,0,9,LowPickup,6.8356,3.2695,0.1308,0.8575,-10.8757,0,0,0,MatchLose,0,9,90,90,0.0003,0,Perfect,,0,-11.2,-2.9734,11.2,0
1185,PointOver,Reaction,1,-0.015,38,-3.8929,1.185,8.3594,-2.7223,0.2557,43.6021,0,Ready,0,9,LowPickup,6.8778,3.4944,0.1227,0.8954,-10.826,0,0,0,MatchLose,0,9,90,90,2.6238,0,Perfect,,0,-11.2,-2.9929,11.2,0
1186,PointOver,Reaction,1,-0.015,38,-3.9123,1.185,8.3667,-2.7452,0.2299,43.8774,0,Ready,0,9,LowPickup,6.7251,3.57,0.1434,0.8387,-10.8758,0.779,0,0,MatchLose,0,9,90,90,14.2853,0,Perfect,,0,-11.2,-3.0123,11.2,0
1187,PointOver,Reaction,1,-0.015,38,-3.9415,1.185,8.3739,-2.7795,0.1862,44.2903,0,Ready,0,9,LowPickup,6.5539,3.5177,0.1948,0.7987,-10.9083,0.2256,0,0,MatchLose,0,9,90,90,0.0002,0,Perfect,,0,-11.2,-3.0415,11.2,0
1188,PointOver,Reaction,1,-0.015,38,-3.9609,1.185,8.3812,-2.8023,0.1537,44.5655,0,Ready,0,9,LowPickup,6.5278,3.2853,0.2025,0.7939,-10.9094,0.7171,0,0,MatchLose,0,9,90,90,0.0004,0,Perfect,,0,-11.2,-3.0609,11.2,0
1189,PointOver,Reaction,1,-0.015,38,-3.99,1.185,8.3884,-2.8366,0.1,44.9784,0,Ready,0,9,LowPickup,6.5669,3.1093,0.1983,0.7892,-10.9027,0.7276,0,0,MatchLose,0,9,90,90,0.0003,0,Perfect,,0,-11.2,-3.09,11.2,0
1190,PointOver,Reaction,1,-0.015,38,-4.0701,1.185,8.3957,-2.8581,0.127,45.2369,0,Ready,0,9,LowPickup,6.634,3.2204,0.2246,0.7774,-10.8942,0.6199,0,0,MatchLose,0,9,90,90,0.0003,0,Perfect,,0,-11.2,-3.1701,11.2,0
1191,PointOver,Reaction,1,-0.015,38,-4.0944,1.185,8.4029,-2.8796,0.1513,45.4955,0,Ready,0,9,LowPickup,6.7674,3.5485,0.1964,0.7641,-10.9045,0.4818,0,0,MatchLose,0,9,83,83,2.9583,0,Perfect,,0,-11.2,-3.1944,11.2,0
1192,PointOver,Reaction,1,-0.015,38,-4.1218,1.185,8.4101,-2.9118,0.1827,45.8833,0,Ready,0,9,LowPickup,6.9785,4.1128,0.1958,0.7551,-10.9261,0.3448,0,0,MatchLose,0,9,90,90,15.2123,0,Perfect,,0,-11.2,-3.2218,11.2,0
1193,PointOver,Reaction,1,-0.015,38,-4.14,1.185,8.4174,-2.9333,0.2002,46.1418,0,Ready,0,9,LowPickup,7.3022,4.8767,0.1952,0.7537,-10.9508,0.2575,0,0,MatchLose,0,9,90,90,0.0003,0,Perfect,,0,-11.2,-3.24,11.2,0
1194,PointOver,Reaction,1,-0.015,38,-4.1674,1.185,8.4246,-2.9655,0.2213,46.5296,0,Ready,0,9,LowPickup,7.7356,5.8689,0.1972,0.7577,-10.9636,0.1005,0,0,MatchLose,0,9,90,90,2.4718,0,Perfect,,0,-11.2,-3.2674,11.2,0
1195,PointOver,Reaction,1,-0.015,38,-4.1857,1.185,8.4319,-2.987,0.232,46.7882,0,Ready,0,9,LowPickup,8.405,6.9131,0.1945,0.7609,-10.9664,0.1805,0,0,MatchLose,0,9,90,90,14.0021,0,Perfect,,0,-11.2,-3.2857,11.2,0
1196,PointOver,Reaction,1,-0.015,38,-4.2039,1.185,8.4391,-3.0085,0.24,47.0467,0,Ready,0,9,LowPickup,9.5156,7.8282,0.1776,0.7639,-10.9525,0.1014,0,0,MatchLose,0,9,90,90,0.0002,0,Perfect,,0,-11.2,-3.3039,11.2,0
1197,PointOver,Reaction,1,-0.015,38,-4.2313,1.185,8.4464,-3.0407,0.2469,47.4345,0,Ready,0,9,LowPickup,10.8051,8.6862,0.1596,0.7705,-10.9411,0.2465,0,0,MatchLose,0,9,90,90,0.0003,0,Perfect,,0,-11.2,-3.3313,11.2,0
1198,PointOver,Reaction,1,-0.015,38,-4.2496,1.185,8.4536,-3.0621,0.2481,47.693,0,Ready,0,9,LowPickup,12.174,9.5237,0.1489,0.7772,-10.9446,0.4785,0,0,MatchLose,0,9,90,90,0.0002,0,Perfect,,0,-11.2,-3.3496,11.2,0
1199,PointOver,Reaction,1,-0.015,38,-4.277,1.185,8.4609,-3.0944,0.2448,48.0808,0,Ready,0,9,LowPickup,13.3622,10.2616,0.1447,0.7842,-10.9516,0.4173,0,0,MatchLose,0,9,90,90,0.0002,0,Perfect,,0,-11.2,-3.377,11.2,0
1200,PointOver,Reaction,1,-0.015,38,-4.2952,1.185,8.4681,-3.1158,0.2392,48.3394,0,Ready,0,9,LowPickup,14.0826,10.8821,0.1536,0.7969,-10.9566,0,0,0,MatchLose,0,9,90,90,0.0002,0,Perfect,,0,-11.2,-3.3952,11.2,0
1201,PointOver,Reaction,1,-0.015,38,-4.3135,1.185,8.4754,-3.1373,0.2308,48.5979,0,Ready,0,9,LowPickup,14.3623,11.2458,0.1627,0.8065,-10.9639,0,0,0,MatchLose,0,9,90,90,0.0002,0,Perfect,,0,-11.2,-3.4135,11.2,0
1202,PointOver,Reaction,1,-0.015,38,-4.3409,1.185,8.4826,-3.1695,0.2133,48.9857,0,Ready,0,9,LowPickup,14.0488,11.1973,0.1645,0.8048,-10.9787,0,0,0,MatchLose,0,9,90,90,0.0002,0,Perfect,,0,-11.2,-3.4409,11.2,0
1203,PointOver,Reaction,1,-0.015,38,-4.3591,1.185,8.4899,-3.191,0.1981,49.2443,0,Ready,0,9,LowPickup,13.4061,10.7879,0.1538,0.8044,-10.9806,0,0,0,MatchLose,0,9,90,90,2.4645,0,Perfect,,0,-11.2,-3.4591,11.2,0
1204,PointOver,Reaction,1,-0.015,38,-4.3865,1.185,8.4971,-3.2232,0.1703,49.6321,0,Ready,0,9,LowPickup,12.5855,9.9731,0.1074,0.8271,-10.9419,6.7369,0,0,MatchLose,0,9,90,90,13.4173,0,Perfect,,0,-11.2,-3.4865,11.2,0
1205,PointOver,Reaction,1,-0.015,38,-4.4048,1.185,8.5043,-3.2447,0.1484,49.8906,0,Ready,0,9,LowPickup,11.743,8.8859,0.0688,0.8541,-10.9136,0.6449,0,0,MatchLose,0,9,90,90,0.0002,0,Perfect,,0,-11.2,-3.5048,11.2,0
1206,PointOver,Reaction,1,-0.015,38,-4.423,1.185,8.5116,-3.2662,0.1238,50.1491,0,Ready,0,9,LowPickup,11.0943,7.5688,0.0902,0.8405,-10.9223,2.8147,0,0,MatchLose,0,9,90,90,2.3732,0,Perfect,,0,-11.2,-3.523,11.2,0
1207,PointOver,Reaction,1,-0.015,38,-4.4813,1.185,8.5188,-3.2977,0.1104,50.5291,0,Ready,0,9,LowPickup,10.5788,6.2344,0.1178,0.8263,-10.9365,0.5286,0,0,MatchLose,0,9,90,90,12.9615,0,Perfect,,0,-11.2,-3.5813,11.2,0
1208,PointOver,Reaction,1,-0.015,38,-4.5158,1.185,8.5261,-3.3179,0.1292,50.7721,0,Ready,0,9,LowPickup,10.1837,5.0785,0.0925,0.843,-10.9224,0.6944,0,0,MatchLose,0,9,83,83,1.1723,0,Perfect,,0,-11.2,-3.6158,11.2,0
1209,PointOver,Reaction,1,-0.015,38,-4.5415,1.185,8.5333,-3.3482,0.1523,51.1365,0,Ready,0,9,LowPickup,9.9816,4.1633,0.0691,0.858,-10.9144,0.9979,0,0,MatchLose,0,9,90,90,1.1722,0,Perfect,,0,-11.2,-3.6415,11.2,0
1210,PointOver,Reaction,1,-0.015,38,-4.5587,1.185,8.5406,-3.3684,0.1643,51.3794,0,Ready,0,9,LowPickup,10.0502,3.6248,0.0981,0.8412,-10.9427,3.4588,0,0,MatchLose,0,9,89.9874,89.9986,0.0064,0,Perfect,,0,-11.2,-3.6587,11.2,0
1211,PointOver,Reaction,1,-0.015,38,-4.5758,1.185,8.5478,-3.3886,0.1735,51.6224,0,Ready,0,9,LowPickup,10.3515,3.418,0.1275,0.8284,-10.9702,0.1801,0,0,MatchLose,0,9,90,90,0.0062,0,Perfect,,0,-11.2,-3.6758,11.2,0
1212,PointOver,Reaction,1,-0.015,38,-4.6016,1.185,8.5551,-3.4188,0.1823,51.9868,0,Ready,0,9,LowPickup,10.8625,3.5888,0.1066,0.8309,-10.9434,0.4284,0,0,MatchLose,0,9,90.1116,90.0124,2.1788,0,Perfect,,0,-11.2,-3.7016,11.2,0
1213,PointOver,Reaction,1,-0.015,38,-4.6187,1.185,8.5623,-3.439,0.1848,52.2297,0,Ready,0,9,LowPickup,11.6199,3.9994,0.0846,0.8347,-10.918,0.7021,0,0,MatchLose,0,9,90.3722,90.0413,12.4258,0,Perfect,,0,-11.2,-3.7187,11.2,0
1214,PlayerServeHold,Reaction,1,-0.015,38,-4.5958,1.185,8.5696,0.2588,0.875,-10.9333,0,Ready,0,9,LowPickup,12.7197,4.5368,0.1049,0.8138,-10.9627,0.7758,0,0,MatchLose,0,9,90.8123,90.0904,0.2231,0,Perfect,,-0.0013,-11.2333,-3.6958,11.2,0
1215,PlayerServeHold,Reaction,1,-0.015,38,-4.5558,1.185,8.5768,0.2469,0.875,-10.9578,0,Serve prepare 0.00,0,9,LowPickup,23.4413,11.1951,0.1533,0.8016,-11.0544,1.1499,0.2083,0.1667,Backhand prepare 1.00,0,9,80.1856,67.169,2.5888,0,Perfect,,-0.0025,-11.2667,-3.6558,11.2,0
1216,PlayerServeHold,Reaction,1,-0.015,38,-4.4757,1.185,8.5841,0.2334,0.875,-11.0159,0,Serve prepare 0.00,0,9,LowPickup,34.8837,18.483,0.1261,0.7951,-11.1609,1.0163,0.4167,0.3333,Backhand prepare 1.00,0,9,69.2271,45.2394,3.3141,0,Perfect,,-0.005,-11.3333,-3.5757,11.2,0
1217,PlayerServeHold,Reaction,1,-0.015,38,-4.4357,1.185,8.5913,0.243,0.875,-11.0578,0,Run,0,9,LowPickup,21.9699,11.5283,0.115,0.797,-11.1176,0.7021,0.3333,0.1667,Backhand prepare 1.00,0,9,58.4364,24.4707,2.1616,0,Perfect,,-0.0064,-11.3667,-3.5357,11.2,0
1218,PlayerServeHold,Reaction,1,-0.015,38,-4.3556,1.185,8.5986,0.25,0.875,-11.1333,0,Run,0,9,LowPickup,16.8025,7.5647,0.1084,0.7766,-11.1815,0.7694,0.25,0,Backhand prepare 1.00,0,9,33.9102,1.7009,3.4677,0,Perfect,,-0.01,-11.4333,-3.4556,11.2,0
1219,PlayerServeHold,Reaction,1,-0.015,38,-4.3155,1.185,8.6058,0.2478,0.875,-11.1667,0,Run,0,9,LowPickup,15.6718,7.8716,0.1334,0.7717,-11.253,0.5147,0.1667,0,Backhand prepare 1.00,0,9,38.5456,-12.6463,0.6426,0,Perfect,,-0.0122,-11.4667,-3.4155,11.2,0
1220,PlayerServeHold,Reaction,1,-0.015,38,-4.2354,1.185,8.613,-0.325,0.695,-11.4905,0,Run,0,9,LowPickup,8.0501,1.4578,0.1129,0.7673,-11.3085,1.5308,0.0833,0,Backhand prepare 1.00,0,9,29.3763,-28.1472,1.097,0,Perfect,,-0.0175,-11.5333,-3.3354,11.2,0
1221,PlayerServeHold,Reaction,1,-0.015,38,-4.1954,1.185,8.6203,-0.331,0.695,-11.5616,0,Run,0,9,LowPickup,-0.6268,-5.5381,0.1002,0.7642,-11.3253,0,0,0,Backhand prepare 1.00,0,9,21.1184,-36.5273,5.1926,0,Perfect,,-0.0206,-11.5667,-3.2954,11.2,0
1222,PlayerServeHold,Reaction,1,-0.015,38,-4.1153,1.185,8.6275,-0.3362,0.695,-11.6662,0,Run,0,9,LowPickup,-8.5137,-12.3241,0.0733,0.7652,-11.3783,0,0,0,Backhand prepare 1.00,0,9,13.7052,-43.7678,25.8101,0,Perfect,,-0.0275,-11.6333,-3.2153,11.2,0
1223,PlayerServeHold,Reaction,1,-0.015,38,-4.0753,1.185,8.6348,-0.3338,0.695,-11.7369,0,Run,0,9,LowPickup,-17.2565,-19.8186,0.0562,0.7671,-11.3985,0,0,0,Backhand prepare 1.00,0,9,6.1585,-51.2977,0.8136,0,Perfect,,-0.0314,-11.6667,-3.1753,11.2,0
1224,PlayerServeHold,Reaction,1,-0.015,38,-3.9952,1.185,8.642,-0.3316,0.695,-11.8399,0,Run,0,9,LowPickup,-24.9639,-27.0858,0.0236,0.7705,-11.4549,18.8461,0,0,Backhand prepare 1.00,0,9,-1.5873,-59.1707,0.8191,0,Perfect,,-0.04,-11.7333,-3.0952,11.2,0
1225,PlayerServeHold,Reaction,1,-0.015,38,-3.9552,1.185,8.6493,-0.3212,0.695,-11.908,0,Run,0,9,LowPickup,-33.5147,-34.9983,0,0.7701,-11.4774,1.7301,0,0,Backhand prepare 1.00,0,9,-9.517,-67.4506,0.5969,0,Perfect,,-0.0447,-11.7667,-3.0552,11.2,0
1226,PlayerServeHold,Reaction,1,-0.015,38,-3.8751,1.185,8.6565,-0.3122,0.695,-12.0073,0,Run,0,9,LowPickup,-41.1506,-42.4414,-0.0477,0.7664,-11.5388,1.4117,0,0,Backhand prepare 1.00,0,9,-17.6955,-76.2232,2.449,0,Perfect,,-0.055,-11.8333,-2.9751,11.2,0
1227,PlayerServeHold,Reaction,1,-0.015,38,-3.835,1.185,8.6638,-0.2946,0.695,-12.0707,0,Run,0,9,LowPickup,-49.7059,-50.4486,-0.0753,0.7622,-11.5695,1.69,0,0,Backhand prepare 1.00,0,9,-25.0739,-84.5533,1.3181,0,Perfect,,-0.0606,-11.8667,-2.935,11.2,0
1228,PlayerServeHold,Reaction,1,-0.015,38,-3.7549,1.185,8.671,-0.28,0.695,-12.1643,0,Run,0,9,LowPickup,-57.428,-57.967,-0.1049,0.7663,-11.6344,1.3794,0,0,Backhand prepare 1.00,0,9,-26.5003,-87.4289,1.6401,0,Perfect,,-0.0725,-11.9333,-2.8549,11.2,0
1229,PlayerServeHold,Reaction,1,-0.015,38,-3.7149,1.185,8.6783,-0.2567,0.695,-12.2212,0,Run,0,9,LowPickup,-66.0685,-66.0123,-0.1213,0.7668,-11.6601,3.4647,0,0,Backhand prepare 1.00,0,9,-28.0145,-90.8978,2.5116,0,Perfect,,-0.0789,-11.9667,-2.8149,11.2,0
1230,PlayerServeHold,Reaction,1,-0.015,38,-3.6348,1.185,8.6855,-0.2379,0.695,-12.3077,0,Run,0,9,LowPickup,-73.8493,-73.559,-0.1642,0.7658,-11.7267,10.6042,0,0,Backhand prepare 1.00,0,9,-29.3865,-94.8138,5.3264,0,Perfect,,-0.0925,-12.0333,-2.7348,11.2,0
1231,PlayerServeHold,Reaction,1,-0.015,38,-3.5948,1.185,8.6928,-0.2106,0.695,-12.3567,0,Run,0,9,LowPickup,-82.3719,-81.572,-0.1897,0.7608,-11.7587,1.8154,0,0,Backhand prepare 1.00,0,9,-30.5383,-99.0578,5.8643,0,Perfect,,-0.0997,-12.0667,-2.6948,11.2,0
1232,PlayerServeHold,None,1,-0.015,38,-3.5147,1.185,8.7,-0.195,0.695,-12.4334,0,Run,0,9,LowPickup,-88.948,-88.0837,-0.2223,0.7598,-11.8304,1.927,0,0,Backhand prepare 1.00,0,9,-31.4295,-103.5089,4.2122,0,Perfect,,-0.115,-12.1334,-2.6147,11.2,0
1233,PlayerServeHold,None,1,-0.015,52,-2.2231,2.535,-16.5667,-0.2031,0.695,-12.4667,0,Run,0,9,LowPickup,-90.0475,-88.9646,-0.2036,0.7526,-11.8513,6.2119,0,0,Backhand prepare 1.00,0,9,-31.0515,-103.1307,2.2242,0,Perfect,,-0.1231,-12.1667,-2.5747,11.2,14
1234,PlayerServeHold,None,1,-0.015,52,-2.2244,2.535,-16.5718,-0.22,0.695,-12.5334,0,Run,0,9,LowPickup,-90.1454,-89.33,-0.2012,0.7527,-11.9114,1.6783,0,0,Backhand prepare 1.00,0,9,-30.3497,-102.4279,3.8325,0,Perfect,,-0.14,-12.2334,-2.4946,11.2,0
1235,PlayerServeHold,None,1,-0.015,52,-2.2262,2.535,-16.5791,-0.2289,0.695,-12.5667,0,Run,0,9,LowPickup,-90.7374,-89.9945,-0.1768,0.7492,-11.9374,0,0,0,Backhand prepare 1.00,0,9,-29.5155,-101.5932,2.363,0,Perfect,,-0.1489,-12.2667,-2.4545,11.2,0
1236,PlayerServeHold,None,1,-0.015,52,-2.2294,2.535,-16.591,-0.2475,0.695,-12.6334,0,Run,0,9,LowPickup,-90.3298,-90.0552,-0.179,0.7478,-12.0043,0,0,0,Backhand prepare 1.00,0,9,-28.4842,-100.5615,2.3863,0,Perfect,,-0.1675,-12.3334,-2.3744,11.2,0
1237,PlayerServeHold,None,1,-0.015,52,-2.2331,2.535,-16.6032,-0.2572,0.695,-12.65,0,Run,0,9,LowPickup,-89.5693,-89.928,-0.1779,0.7464,-12.0228,0,0,0,Backhand prepare 1.00,0,9,-27.5184,-99.5948,1.5964,0,Perfect,,-0.1772,-12.35,-2.3344,11.2,0
1238,PlayerServeHold,None,1,-0.015,52,-2.238,2.535,-16.6145,-0.2775,0.695,-12.65,0,Run,0,9,LowPickup,-88.7753,-89.7953,-0.1867,0.744,-12.0248,0,0,0,Backhand prepare 1.00,0,9,-26.7284,-98.8046,1.8076,0,Perfect,,-0.1975,-12.35,-2.2543,11.2,0
1239,PlayerServeHold,None,1,-0.015,52,-2.2434,2.535,-16.6249,-0.2881,0.695,-12.65,0,Run,0,9,LowPickup,-87.831,-89.6374,-0.1836,0.7392,-12.0275,0,0,0,Backhand prepare 1.00,0,9,-26.1205,-98.1967,0.6328,0,Perfect,,-0.2081,-12.35,-2.2143,11.2,0
1240,PlayerServeHold,None,1,-0.015,52,-2.2501,2.535,-16.6345,-0.31,0.695,-12.65,0,Run,0,9,LowPickup,-86.9475,-89.4897,-0.1926,0.7337,-12.0299,0.6095,0,0,Backhand prepare 1.00,0,9,-25.8936,-97.9695,1.8957,0,Perfect,,-0.23,-12.35,-2.1342,11.2,0
1241,PlayerServeHold,None,1,-0.015,52,-2.2571,2.535,-16.6434,-0.3213,0.695,-12.65,0,Run,0,9,LowPickup,-86.2046,-89.3655,-0.1931,0.7279,-12.0322,0.1862,0,0,Backhand prepare 1.00,0,9,-26.0169,-98.0928,5.4157,0,Perfect,,-0.2413,-12.35,-2.0942,11.2,0
1242,PlayerServeHold,None,1,-0.015,52,-2.2653,2.535,-16.6516,-0.3438,0.695,-12.65,0,Run,0,9,LowPickup,-85.5512,-89.2563,-0.206,0.7217,-12.0345,0.573,0,0,Backhand prepare 1.00,0,9,-26.4274,-98.5036,8.1066,0,Perfect,,-0.2638,-12.35,-2.0141,11.2,0
1243,PlayerServeHold,None,1,-0.015,52,-2.2737,2.535,-16.6592,-0.355,0.695,-12.65,0,Run,0,9,LowPickup,-84.9578,-89.1571,-0.22,0.7157,-12.0353,0.024,0,0,Backhand prepare 1.00,0,9,-27.1881,-99.2646,2.119,0,Perfect,,-0.275,-12.35,-1.974,11.2,0
1244,PlayerServeHold,None,1,-0.015,52,-2.2832,2.535,-16.6661,-0.3775,0.695,-12.65,0,Run,0,9,LowPickup,-84.4492,-89.0721,-0.2237,0.7234,-11.9921,0.0376,0,0,Backhand prepare 1.00,0,9,-28.1263,-100.203,0.7911,0,Perfect,,-0.2975,-12.35,-1.8939,11.2,0
1245,PlayerServeHold,None,1,-0.015,52,-2.2929,2.535,-16.6726,-0.3888,0.695,-12.65,0,Run,0,9,LowPickup,-84.1557,-89.023,-0.2307,0.7199,-11.9931,0.0073,0,0,Backhand prepare 1.00,0,9,-29.0753,-101.1529,0,0,Perfect,,-0.3088,-12.35,-1.8539,11.2,0
1246,PlayerServeHold,None,1,-0.015,52,-2.3035,2.535,-16.6785,-0.4113,0.695,-12.65,0,Run,0,9,LowPickup,-84.0201,-89.0003,-0.2511,0.7182,-11.9936,0.0019,0,0,Backhand prepare 1.00,0,9,-30.0678,-102.1461,0.513,0,Perfect,,-0.3313,-12.35,-1.7738,11.2,0
1247,PlayerServeHold,None,1,-0.015,52,-2.3142,2.535,-16.684,-0.4225,0.695,-12.65,0,Run,0,9,LowPickup,-84.0446,-89.0044,-0.2631,0.7186,-11.9935,0.0032,0,0,Backhand prepare 1.00,0,9,-30.8064,-102.8851,1.3189,0,Perfect,,-0.3425,-12.35,-1.7338,11.2,0
1248,PlayerServeHold,None,1,-0.015,52,-2.3258,2.535,-16.6891,-0.445,0.695,-12.65,0,Run,0,9,LowPickup,-84.239,-89.0369,-0.2882,0.721,-11.9928,0.0014,0,0,Backhand prepare 1.00,0,9,-31.3,-103.3792,3.6712,0,Perfect,,-0.365,-12.35,-1.6537,11.2,0
1249,PlayerServeHold,None,1,-0.015,52,-2.3374,2.535,-16.6938,-0.4563,0.695,-12.65,0,Run,0,9,LowPickup,-84.548,-89.0886,-0.3039,0.7246,-11.9918,0.0005,0,0,Backhand prepare 1.00,0,9,-31.4925,-103.572,2.674,0,Perfect,,-0.3762,-12.35,-1.6137,11.2,0
1250,PlayerServeHold,None,1,-0.015,52,-2.3498,2.535,-16.6981,-0.4787,0.695,-12.65,0,Run,0,9,LowPickup,-84.9849,-89.1617,-0.3328,0.7296,-11.9902,0.0003,0,0,Backhand prepare 1.00,0,9,-31.2778,-103.357,4.2845,0,Perfect,,-0.3987,-12.35,-1.5336,11.2,0
1251,PlayerServeHold,None,1,-0.015,52,-2.3621,2.535,-16.7021,-0.49,0.695,-12.65,0,Run,0,9,LowPickup,-85.5661,-89.2588,-0.3525,0.7356,-11.9883,0.0002,0,0,Backhand prepare 1.00,0,9,-30.7406,-102.8192,2.1158,0,Perfect,,-0.41,-12.35,-1.4935,11.2,0
1252,PlayerServeHold,None,1,-0.015,52,-2.3752,2.535,-16.7058,-0.5125,0.695,-12.65,0,Run,0,9,LowPickup,-86.3783,-89.3946,-0.3755,0.7291,-12.0317,0.0315,0,0,Backhand prepare 1.00,0,9,-29.9986,-102.0768,0,0,Perfect,,-0.4325,-12.35,-1.4134,11.2,0
1253,PlayerServeHold,None,1,-0.015,52,-2.3882,2.535,-16.7092,-0.5237,0.695,-12.65,0,Run,0,9,LowPickup,-87.2142,-89.5343,-0.4104,0.7497,-11.9837,0.1091,0,0,Backhand prepare 1.00,0,9,-28.9984,-101.0759,0,0,Perfect,,-0.4437,-12.35,-1.3734,11.2,0
1254,PlayerServeHold,None,1,-0.015,52,-2.4019,2.535,-16.7123,-0.5462,0.695,-12.65,0,Run,0,9,LowPickup,-88.045,-89.6732,-0.4448,0.7407,-12.0268,0.1046,0,0,Backhand prepare 1.00,0,9,-28.0269,-100.1035,0,0,Perfect,,-0.4662,-12.35,-1.2933,11.2,0
1255,PlayerServeHold,None,1,-0.015,52,-2.4154,2.535,-16.7152,-0.5575,0.695,-12.65,0,Run,0,9,LowPickup,-88.9302,-89.8212,-0.4689,0.7446,-12.0244,0,0,0,Backhand prepare 1.00,0,9,-27.1272,-99.2035,1.4329,0,Perfect,,-0.4775,-12.35,-1.2533,11.2,0
1256,PlayerServeHold,None,1,-0.015,52,-2.4296,2.535,-16.7179,-0.58,0.695,-12.65,0,Run,0,9,LowPickup,-89.9769,-89.9962,-0.5065,0.7472,-12.0217,0,0,0,Backhand prepare 1.00,0,9,-26.3754,-98.4516,2.3038,0,Perfect,,-0.5,-12.35,-1.1732,11.2,0
1257,PlayerServeHold,None,1,-0.015,52,-2.4435,2.535,-16.7204,-0.5912,0.695,-12.65,0,Run,0,9,LowPickup,-91.0314,-90.1725,-0.5328,0.7483,-12.0193,0,0,0,Backhand prepare 1.00,0,9,-25.9883,-98.0642,3.8989,0,Perfect,,-0.5112,-12.35,-1.1332,11.2,0
1258,PlayerServeHold,None,1,-0.015,52,-2.4581,2.535,-16.7226,-0.6137,0.695,-12.65,0,Run,0,9,LowPickup,-91.9198,-90.321,-0.5677,0.7475,-12.0173,0,0,0,Backhand prepare 1.00,0,9,-25.9092,-97.9851,3.1936,0,Perfect,,-0.5337,-12.35,-1.0531,11.2,0
1259,PlayerServeHold,None,1,-0.015,52,-2.4725,2.535,-16.7247,-0.625,0.695,-12.65,0,Run,0,9,LowPickup,-92.7528,-90.4603,-0.5906,0.7452,-12.0154,0.347,0,0,Backhand prepare 1.00,0,9,-26.153,-98.2292,1.4568,0,Perfect,,-0.545,-12.35,-1.013,11.2,0
1260,PlayerServeHold,None,1,-0.015,52,-2.4875,2.535,-16.7267,-0.6475,0.695,-12.65,0,Run,0,9,LowPickup,-93.5859,-90.5995,-0.6127,0.7415,-12.0043,1.1982,0,0,Backhand prepare 1.00,0,9,-26.7828,-98.859,0.367,0,Perfect,,-0.5675,-12.35,-0.9329,11.2,0
1261,PlayerServeHold,None,1,-0.015,52,-2.5022,2.535,-16.7285,-0.6587,0.695,-12.65,0,Run,0,9,LowPickup,-94.4058,-90.7366,-0.6468,0.7369,-12.0125,0.7899,0,0,Backhand prepare 1.00,0,9,-27.616,-99.6924,1.3925,0,Perfect,,-0.5788,-12.35,-0.8929,11.2,0
1262,PlayerServeHold,None,1,-0.015,52,-2.5175,2.535,-16.7301,-0.6813,0.695,-12.65,0,Run,0,9,LowPickup,-94.9947,-90.835,-0.6772,0.7329,-12.0109,0.2124,0,0,Backhand prepare 1.00,0,9,-28.5587,-100.6359,4.8921,0,Perfect,,-0.6013,-12.35,-0.8128,11.2,0
1263,PlayerServeHold,None,1,-0.015,52,-2.5325,2.535,-16.7317,-0.6925,0.695,-12.65,0,Run,0,9,LowPickup,-95.4369,-90.9089,-0.6941,0.7291,-12.011,0.2161,0,0,Backhand prepare 1.00,0,9,-29.5958,-101.6737,1.8622,0,Perfect,,-0.6125,-12.35,-0.7728,11.2,0
1264,PlayerServeHold,None,1,-0.015,52,-2.5481,2.535,-16.7331,-0.715,0.695,-12.65,0,Run,0,9,LowPickup,-95.7505,-90.9614,-0.7208,0.7264,-12.0103,0.0094,0,0,Backhand prepare 1.00,0,9,-30.4231,-102.5014,3.1703,0,Perfect,,-0.635,-12.35,-0.6927,11.2,0
1265,PlayerServeHold,None,1,-0.015,52,-2.5633,2.535,-16.7344,-0.7263,0.695,-12.65,0,Run,0,9,LowPickup,-95.9506,-90.9949,-0.7346,0.7245,-12.01,0.0109,0,0,Backhand prepare 1.00,0,9,-31.0857,-103.1648,2.1761,0,Perfect,,-0.6463,-12.35,-0.6527,11.2,0
1266,PlayerServeHold,None,1,-0.015,52,-2.5791,2.535,-16.7356,-0.7488,0.695,-12.65,0,Run,0,9,LowPickup,-95.9823,-91.0001,-0.7579,0.7243,-12.01,0.0023,0,0,Backhand prepare 1.00,0,9,-31.4521,-103.5315,2.6818,0,Perfect,,-0.6688,-12.35,-0.5726,11.2,0
1267,PlayerServeHold,None,1,-0.015,52,-2.5945,2.535,-16.7367,-0.76,0.695,-12.65,0,Run,0,9,LowPickup,-95.8527,-90.9785,-0.7669,0.7253,-12.0101,0.0032,0,0,Backhand prepare 1.00,0,9,-31.4151,-103.4944,1.2329,0,Perfect,,-0.68,-12.35,-0.5325,11.2,0
1268,PlayerServeHold,None,1,-0.015,52,-2.6105,2.535,-16.7377,-0.7825,0.695,-12.65,0,Run,0,9,LowPickup,-95.5667,-90.9307,-0.7859,0.728,-12.0106,0.0006,0,0,Backhand prepare 1.00,0,9,-31.0616,-103.1406,3.2399,0,Perfect,,-0.7025,-12.35,-0.4524,11.2,0
1269,PlayerServeHold,None,1,-0.015,52,-2.6262,2.535,-16.7387,-0.7938,0.695,-12.65,0,Run,0,9,LowPickup,-95.0662,-90.847,-0.7906,0.7321,-12.0114,0.0003,0,0,Backhand prepare 1.00,0,9,-30.4323,-102.5109,2.2781,0,Perfect,,-0.7138,-12.35,-0.4124,11.2,0
1270,PlayerServeHold,None,1,-0.015,52,-2.6423,2.535,-16.7395,-0.8163,0.695,-12.65,0,Run,0,9,LowPickup,-94.4737,-90.7479,-0.8052,0.7365,-12.0124,0.0022,0,0,Backhand prepare 1.00,0,9,-29.5036,-101.5814,0,0,Perfect,,-0.7363,-12.35,-0.3323,11.2,0
1271,PlayerServeHold,None,1,-0.015,52,-2.6581,2.535,-16.7403,-0.8275,0.695,-12.65,0,Run,0,9,LowPickup,-93.8243,-90.6393,-0.8077,0.7405,-12.0135,0.0025,0,0,Backhand prepare 1.00,0,9,-28.5605,-100.6375,0,0,Perfect,,-0.7475,-12.35,-0.2923,11.2,0
1272,PlayerServeHold,None,1,-0.015,52,-2.6744,2.535,-16.7411,-0.85,0.695,-12.65,0,Run,0,9,LowPickup,-93.076,-90.5142,-0.82,0.744,-12.015,0.0291,0,0,Backhand prepare 1.00,0,9,-27.6684,-99.7453,0.9411,0,Perfect,,-0.77,-12.35,-0.2122,11.2,0
1273,PlayerServeHold,None,1,-0.015,52,-2.6903,2.535,-16.7418,-0.8613,0.695,-12.65,0,Run,0,9,LowPickup,-92.134,-90.3568,-0.8183,0.7468,-12.0167,0.1288,0,0,Backhand prepare 1.00,0,9,-26.7738,-98.8502,2.1752,0,Perfect,,-0.7813,-12.35,-0.1722,11.2,0
1274,PlayerServeHold,None,1,-0.015,52,-2.7067,2.535,-16.7424,-0.8838,0.695,-12.65,0,Run,0,9,LowPickup,-91.1112,-90.1858,-0.8263,0.7481,-12.0191,0,0,0,Backhand prepare 1.00,0,9,20.9087,-51.3993,0,0,Perfect,,-0.8038,-12.35,-0.0921,11.2,0
1275,PlayerServeHold,None,1,-0.015,52,-2.7227,2.535,-16.743,-0.895,0.695,-12.65,0,Run,0,9,LowPickup,-90.2006,-90.0336,-0.8247,0.7477,-12.0212,0,0,0,Backhand prepare 1.00,0,9,20.2985,-52.0028,0,0,Perfect,,-0.815,-12.35,-0.052,11.2,0
1276,PlayerServeHold,None,1,-0.015,52,-2.7392,2.535,-16.7435,-0.9175,0.695,-12.65,0,Run,0,9,LowPickup,-89.2953,-89.8822,-0.8342,0.7457,-12.0235,0,0,0,Backhand prepare 1.00,0,9,19.13,-53.1599,0,0,Perfect,,-0.8375,-12.35,0.0281,11.2,0
1277,PlayerServeHold,None,1,-0.015,52,-2.7553,2.535,-16.744,-0.9288,0.695,-12.65,0,Run,0,9,LowPickup,-88.3339,-89.7215,-0.8316,0.7419,-12.0261,0,0,0,Backhand prepare 1.00,0,9,17.2779,-54.9959,0,0,Perfect,,-0.8488,-12.35,0.0681,11.2,0
1278,PlayerServeHold,None,1,-0.015,52,-2.7719,2.535,-16.7445,-0.9513,0.695,-12.65,0,Run,0,9,LowPickup,-87.3048,-89.5495,-0.8391,0.7361,-12.029,0.5475,0,0,Backhand prepare 1.00,0,9,15.2524,-57.0054,0,0,Perfect,,-0.8713,-12.35,0.1482,11.2,0
1279,PlayerServeHold,None,1,-0.015,52,-2.7881,2.535,-16.7449,-0.9625,0.695,-12.65,0,Run,0,9,LowPickup,-86.4921,-89.4136,-0.8385,0.7302,-12.0312,0.4913,0,0,Backhand prepare 1.00,0,9,13.3561,-58.887,3.4541,0,Perfect,,-0.8825,-12.35,0.1882,11.2,0
1280,PlayerServeHold,None,1,-0.015,52,-2.8048,2.535,-16.7453,-0.985,0.695,-12.65,0,Run,0,9,LowPickup,-85.8001,-89.2979,-0.8509,0.7242,-12.0337,0.6547,0,0,Backhand prepare 1.00,0,9,11.4171,-60.8104,1.1694,0,Perfect,,-0.905,-12.35,0.2683,11.2,0
1281,PlayerServeHold,None,1,-0.015,52,-2.8211,2.535,-16.7457,-0.9963,0.695,-12.65,0,Run,0,9,LowPickup,-85.1949,-89.1968,-0.8533,0.7182,-12.0355,0.0312,0,0,Backhand prepare 1.00,0,9,9.3634,-62.8486,2.1847,0,Perfect,,-0.9163,-12.35,0.3083,11.2,0
1282,PlayerServeHold,None,1,-0.015,52,-2.8378,2.535,-16.746,-1.0188,0.695,-12.65,0,Run,0,9,LowPickup,-84.6273,-89.1019,-0.8676,0.7256,-11.9915,0.0148,0,0,Backhand prepare 1.00,0,9,7.2142,-64.9831,1.234,0,Perfect,,-0.9388,-12.35,0.3884,11.2,0
1283,PlayerServeHold,None,1,-0.015,52,-2.8541,2.535,-16.7463,-1.03,0.695,-12.65,0,Run,0,9,LowPickup,-84.2513,-89.039,-0.8733,0.721,-11.9927,0.0028,0,0,Backhand prepare 1.00,0,9,4.8756,-67.3061,2.2612,0,Perfect,,-0.95,-12.35,0.4285,11.2,0
1284,PlayerServeHold,None,1,-0.015,52,-2.8709,2.535,-16.7466,-1.0525,0.695,-12.65,0,Run,0,9,LowPickup,-84.0565,-89.0064,-0.893,0.7187,-11.9935,0.0039,0,0,Backhand prepare 1.00,0,9,2.2757,-69.8902,2.6701,0,Perfect,,-0.9725,-12.35,0.5086,11.2,0
1285,PlayerServeHold,None,1,-0.015,52,-2.8873,2.535,-16.7469,-1.0638,0.695,-12.65,0,Run,0,9,LowPickup,-84.0139,-88.9993,-0.9035,0.7181,-11.9936,0.0021,0,0,Backhand prepare 1.00,0,9,-0.4797,-72.6309,6.0049,0,Perfect,,-0.9838,-12.35,0.5486,11.2,0
1286,PlayerServeHold,None,1,-0.015,52,-2.9041,2.535,-16.7471,-1.0863,0.695,-12.65,0,Run,0,9,LowPickup,-84.1445,-89.0211,-0.9283,0.7199,-11.9931,0.002,0,0,Backhand prepare 1.00,0,9,-3.3254,-75.4627,6.026,0,Perfect,,-1.0063,-12.35,0.6287,11.2,0
1287,PlayerServeHold,None,1,-0.015,52,-2.9205,2.535,-16.7473,-1.0975,0.695,-12.65,0,Run,0,9,LowPickup,-84.4106,-89.0656,-0.9431,0.7229,-11.9922,0.0014,0,0,Backhand prepare 1.00,0,9,-6.271,-78.3954,8.3004,0,Perfect,,-1.0175,-12.35,0.6687,11.2,0
1288,PlayerServeHold,None,1,-0.015,52,-2.9374,2.535,-16.7475,-1.12,0.695,-12.65,0,Run,0,9,LowPickup,-84.7946,-89.1298,-0.9713,0.7275,-11.9909,0.0006,0,0,Backhand prepare 1.00,0,9,-9.0125,-81.1265,2.1007,0,Perfect,,-1.04,-12.35,0.7488,11.2,0
1289,PlayerServeHold,None,1,-0.015,52,-2.9538,2.535,-16.7477,-1.1313,0.695,-12.65,0,Run,0,9,LowPickup,-85.311,-89.2161,-0.99,0.7331,-11.9892,0.0055,0,0,Backhand prepare 1.00,0,9,-11.5778,-83.683,0.4476,0,Perfect,,-1.0513,-12.35,0.7888,11.2,0
1290,PlayerServeHold,None,1,-0.015,52,-2.9707,2.535,-16.7479,-1.1538,0.695,-12.65,0,Run,0,9,LowPickup,-86.0312,-89.3366,-1.023,0.7399,-11.9867,0.0154,0,0,Backhand prepare 1.00,0,9,-13.8212,-85.9197,0.1496,0,Perfect,,-1.0738,-12.35,0.8689,11.2,0
1291,PlayerServeHold,None,1,-0.015,52,-2.9872,2.535,-16.748,-1.165,0.695,-12.65,0,Run,0,9,LowPickup,-86.8891,-89.48,-1.0354,0.7333,-12.0297,0.0381,0,0,Backhand prepare 1.00,0,9,-15.5804,-87.6742,1.0418,0,Perfect,,-1.085,-12.35,0.909,11.2,0
1292,PlayerServeHold,None,1,-0.015,52,-3.0041,2.535,-16.7482,-1.1875,0.695,-12.65,0,Run,0,9,LowPickup,-87.7048,-89.6164,-1.0701,0.7392,-12.0262,0.0359,0,0,Backhand prepare 1.00,0,9,-16.9281,-89.0183,6.2128,0,Perfect,,-1.1075,-12.35,0.9891,11.2,0
1293,PlayerServeHold,None,1,-0.015,52,-3.0206,2.535,-16.7483,-1.1988,0.695,-12.65,0,Run,0,9,LowPickup,-88.5664,-89.7604,-1.1048,0.743,-12.0253,0.4674,0,0,Backhand prepare 1.00,0,9,-17.8611,-89.9494,4.1482,0,Perfect,,-1.1188,-12.35,1.0291,11.2,0
1294,PlayerServeHold,None,1,-0.015,52,-3.0376,2.535,-16.7485,-1.2213,0.695,-12.65,0,Run,0,9,LowPickup,-89.5311,-89.9217,-1.1414,0.7463,-12.0229,0,0,0,Backhand prepare 1.00,0,9,-18.3384,-90.4253,0,0,Perfect,,-1.1413,-12.35,1.1092,11.2,0
1295,PlayerServeHold,None,1,-0.015,52,-3.0541,2.535,-16.7486,-1.2325,0.695,-12.65,0,Run,0,9,LowPickup,-90.6381,-90.1067,-1.1684,0.7481,-12.0202,0,0,0,Backhand prepare 1.00,0,9,-18.6082,-90.6937,0,0,Perfect,,-1.1525,-12.35,1.1492,11.2,0
1296,PlayerServeHold,None,1,-0.015,52,-3.0711,2.535,-16.7487,-1.255,0.695,-12.65,0,Run,0,9,LowPickup,-91.5738,-90.2631,-1.2042,0.748,-12.018,0,0,0,Backhand prepare 1.00,0,9,-18.6949,-90.78,0,0,Perfect,,-1.175,-12.35,1.2293,11.2,0
1297,PlayerServeHold,None,1,-0.015,52,-3.0877,2.535,-16.7488,-1.2663,0.695,-12.65,0,Run,0,9,LowPickup,-92.427,-90.4058,-1.2273,0.7463,-12.0162,0.2958,0,0,Backhand prepare 1.00,0,9,-18.7044,-90.7888,1.9357,0,Perfect,,-1.1863,-12.35,1.2693,11.2,0
1298,PlayerServeHold,None,1,-0.015,52,-3.1046,2.535,-16.7489,-1.2888,0.695,-12.65,0,Run,0,9,LowPickup,-93.2421,-90.542,-1.261,0.7432,-12.0146,0.4519,0,0,Backhand prepare 1.00,0,9,-18.9056,-90.9889,4.0232,0,Perfect,,-1.2088,-12.35,1.3494,11.2,0
1299,PlayerServeHold,None,1,-0.015,52,-3.1212,2.535,-16.749,-1.3,0.695,-12.65,0,Run,0,9,LowPickup,-94.1015,-90.6857,-1.2723,0.7386,-12.0028,0.701,0,0,Backhand prepare 1.00,0,9,-19.2327,-91.3153,1.8096,0,Perfect,,-1.22,-12.35,1.3895,11.2,0
1300,PlayerServeHold,None,1,-0.015,52,-3.1382,2.535,-16.7491,-1.3225,0.695,-12.65,0,Run,0,9,LowPickup,-94.7815,-90.7994,-1.3156,0.7345,-12.0111,0.6206,0,0,Backhand prepare 1.00,0,9,-19.8259,-91.9075,1.2259,0,Perfect,,-1.2425,-12.35,1.4696,11.2,0
1301,PlayerServeHold,None,1,-0.015,52,-3.1548,2.535,-16.7491,-1.3338,0.695,-12.65,0,Run,0,9,LowPickup,-95.276,-90.8821,-1.3333,0.7305,-12.0112,0.4093,0,0,Backhand prepare 1.00,0,9,-20.7472,-92.8274,1.5356,0,Perfect,,-1.2538,-12.35,1.5096,11.2,0
1302,PlayerServeHold,None,1,-0.015,52,-3.1718,2.535,-16.7492,-1.3563,0.695,-12.65,0,Run,0,9,LowPickup,-95.6387,-90.9427,-1.3606,0.7273,-12.0105,0.0117,0,0,Backhand prepare 1.00,0,9,-21.8803,-93.9594,8.0371,0,Perfect,,-1.2763,-12.35,1.5897,11.2,0
1303,PlayerServeHold,None,1,-0.015,52,-3.1884,2.535,-16.7493,-1.3675,0.695,-12.65,0,Run,0,9,LowPickup,-95.8876,-90.9843,-1.375,0.7251,-12.0101,0.0064,0,0,Backhand prepare 1.00,0,9,-23.1937,-95.2721,9.7726,0,Perfect,,-1.2875,-12.35,1.6297,11.2,0
1304,PlayerServeHold,None,1,-0.015,52,-3.2054,2.535,-16.7493,-1.39,0.695,-12.65,0,Run,0,9,LowPickup,-95.9903,-91.0015,-1.399,0.7241,-12.0099,0.0073,0,0,Backhand prepare 1.00,0,9,-24.6616,-96.7393,3.7216,0,Perfect,,-1.31,-12.35,1.7098,11.2,0
1305,PlayerServeHold,None,1,-0.015,52,-3.222,2.535,-16.7494,-1.4013,0.695,-12.65,0,Run,0,9,LowPickup,-95.9222,-90.9901,-1.4094,0.7248,-12.01,0.0028,0,0,Backhand prepare 1.00,0,9,-26.0011,-98.0784,0,0,Perfect,,-1.3213,-12.35,1.7498,11.2,0
1306,PlayerServeHold,None,1,-0.015,52,-3.2391,2.535,-16.7494,-1.4238,0.695,-12.65,0,Run,0,9,LowPickup,-95.7031,-90.9535,-1.4288,0.7267,-12.0103,0.0006,0,0,Backhand prepare 1.00,0,9,-27.2632,-99.3408,1.4967,0,Perfect,,-1.3438,-12.35,1.8299,11.2,0
1307,PlayerServeHold,None,1,-0.015,52,-3.2557,2.535,-16.7495,-1.435,0.695,-12.65,0,Run,0,9,LowPickup,-95.2907,-90.8845,-1.4348,0.7303,-12.011,0.0021,0,0,Backhand prepare 1.00,0,9,-28.2621,-100.3398,2.0072,0,Perfect,,-1.355,-12.35,1.87,11.2,0
1308,PlayerServeHold,None,1,-0.015,52,-3.2727,2.535,-16.7495,-1.4575,0.695,-12.65,0,Run,0,9,LowPickup,-94.7116,-90.7877,-1.4496,0.7348,-12.012,0.0002,0,0,Backhand prepare 1.00,0,9,-28.8708,-100.9486,1.8489,0,Perfect,,-1.3775,-12.35,1.95,11.2,0
1309,PlayerServeHold,None,1,-0.015,52,-3.2893,2.535,-16.7495,-1.4688,0.695,-12.65,0,Run,0,9,LowPickup,-94.0968,-90.6849,-1.4527,0.7389,-12.013,0.0071,0,0,Backhand prepare 1.00,0,9,-29.1485,-101.2264,2.542,0,Perfect,,-1.3888,-12.35,1.95,11.2,0
1310,PlayerServeHold,None,1,-0.015,52,-3.3064,2.535,-16.7496,-1.4913,0.695,-12.65,0,Run,0,9,LowPickup,-93.3894,-90.5667,-1.4655,0.7427,-12.0144,0.0193,0,0,Backhand prepare 1.00,0,9,-21.1377,-89.2554,8.7188,0,Perfect,,-1.4113,-12.35,1.95,11.2,0
1311,PlayerServeHold,None,1,-0.015,52,-3.323,2.535,-16.7496,-1.5025,0.695,-12.65,0,Run,0,9,LowPickup,-92.5437,-90.4253,-1.4652,0.7457,-12.0159,0.0546,0,0,Backhand prepare 1.00,0,9,-13.4055,-78.2248,0,0,Perfect,,-1.4225,-12.35,1.95,11.2,0
1312,PlayerServeHold,None,1,-0.015,52,-3.3401,2.535,-16.7496,-1.525,0.695,-12.65,0,Run,0,9,LowPickup,-91.5013,-90.251,-1.4733,0.748,-12.0182,0.2005,0,0,Backhand prepare 1.00,0,9,-6.0035,-68.17,0,0,Perfect,,-1.445,-12.35,1.95,11.2,0
1313,PlayerServeHold,None,1,-0.015,52,-3.3567,2.535,-16.7497,-1.5363,0.695,-12.65,0,Run,0,9,LowPickup,-90.5609,-90.0938,-1.471,0.7479,-12.0204,0,0,0,Backhand prepare 1.00,0,9,0.9973,-59.1157,0,0,Perfect,,-1.4563,-12.35,1.95,11.2,0
1314,PlayerServeHold,None,1,-0.015,52,-3.3738,2.535,-16.7497,-1.5588,0.695,-12.65,0,Run,0,9,LowPickup,-89.6558,-89.9425,-1.4806,0.7466,-12.0226,0,0,0,Backhand prepare 1.00,0,9,7.5333,-51.0735,0,0,Perfect,,-1.4788,-12.35,1.95,11.2,0
1315,PlayerServeHold,None,1,-0.015,52,-3.3904,2.535,-16.7497,-1.57,0.695,-12.65,0,Run,0,9,LowPickup,-88.7373,-89.7889,-1.4787,0.7438,-12.0249,0,0,0,Backhand prepare 1.00,0,9,12.752,-45.0887,0,0,Perfect,,-1.49,-12.35,1.95,11.2,0
1316,PlayerServeHold,None,1,-0.015,52,-3.4075,2.535,-16.7497,-1.5925,0.695,-12.65,0,Run,0,9,LowPickup,-87.6993,-89.6154,-1.4861,0.7385,-12.0279,0.5436,0,0,Backhand prepare 1.00,0,9,11.104,-46.1135,0.8676,0,Perfect,,-1.5125,-12.35,1.95,11.2,0
1317,PlayerServeHold,None,1,-0.015,52,-3.4241,2.535,-16.7498,-1.6038,0.695,-12.65,0,Run,0,9,LowPickup,-86.7963,-89.4645,-1.4842,0.7326,-12.0303,0.6447,0,0,Backhand prepare 1.00,0,9,8.4476,-48.2976,0.7105,0,Perfect,,-1.5238,-12.35,1.95,11.2,0
1318,PlayerServeHold,None,1,-0.015,52,-3.4412,2.535,-16.7498,-1.6263,0.695,-12.65,0,Run,0,9,LowPickup,-86.0649,-89.3421,-1.496,0.7267,-12.0328,0.6277,0,0,Backhand prepare 1.00,0,9,5.8763,-50.7805,0.5914,0,Perfect,,-1.5463,-12.35,1.95,11.2,0
1319,PlayerServeHold,None,1,-0.015,52,-3.4578,2.535,-16.7498,-1.6375,0.695,-12.65,0,Run,0,9,LowPickup,-85.4308,-89.2362,-1.498,0.7205,-12.0348,0.0454,0,0,Backhand prepare 1.00,0,9,3.3446,-53.5382,0.5717,0,Perfect,,-1.5575,-12.35,1.95,11.2,0
1320,PlayerServeHold,None,1,-0.015,52,-3.4749,2.535,-16.7498,-1.66,0.695,-12.65,0,Run,0,9,LowPickup,-84.842,-89.1378,-1.512,0.7282,-11.9908,0.0382,0,0,Backhand prepare 1.00,0,9,0.8369,-56.5209,0.3368,0,Perfect,,-1.58,-12.35,1.95,11.2,0
1321,PlayerServeHold,None,1,-0.015,52,-3.4915,2.535,-16.7498,-1.6713,0.695,-12.65,0,Run,0,9,LowPickup,-84.3751,-89.0597,-1.5164,0.7225,-11.9923,0.0139,0,0,Backhand prepare 1.00,0,9,-1.6264,-59.7449,0.2126,0,Perfect,,-1.5913,-12.35,1.95,11.2,0
1322,PlayerServeHold,None,1,-0.015,52,-3.5086,2.535,-16.7498,-1.6938,0.695,-12.65,0,Run,0,9,LowPickup,-84.1171,-89.0166,-1.5352,0.7194,-11.9933,0.0057,0,0,Backhand prepare 1.00,0,9,-4.0403,-63.2157,0.4714,0,Perfect,,-1.6138,-12.35,1.95,11.2,0
1323,PlayerServeHold,None,1,-0.015,52,-3.5253,2.535,-16.7499,-1.705,0.695,-12.65,0,Run,0,9,LowPickup,-84.0114,-88.9989,-1.5447,0.718,-11.9937,0.0007,0,0,Backhand prepare 1.00,0,9,-6.397,-66.9503,0.386,0,Perfect,,-1.625,-12.35,1.95,11.2,0
1324,PlayerServeHold,None,1,-0.015,52,-3.5423,2.535,-16.7499,-1.7275,0.695,-12.65,0,Run,0,9,LowPickup,-84.0713,-89.0089,-1.5688,0.719,-11.9933,0.003,0,0,Backhand prepare 1.00,0,9,-8.7009,-70.9606,0.3189,0,Perfect,,-1.6475,-12.35,1.95,11.2,0
1325,PlayerServeHold,None,1,-0.015,52,-3.559,2.535,-16.7499,-1.7388,0.695,-12.65,0,Run,0,9,LowPickup,-84.2922,-89.0458,-1.5827,0.7216,-11.9926,0.0016,0,0,Backhand prepare 1.00,0,9,-10.9366,-75.2798,0.2938,0,Perfect,,-1.6588,-12.35,1.95,11.2,0
1326,PlayerServeHold,None,1,-0.015,52,-3.5761,2.535,-16.7499,-1.7613,0.695,-12.65,0,Run,0,9,LowPickup,-84.6245,-89.1014,-1.61,0.7256,-11.9915,0.0002,0,0,Backhand prepare 1.00,0,9,-13.111,-79.9182,0.4186,0,Perfect,,-1.6813,-12.35,1.95,11.2,0
1327,PlayerServeHold,None,1,-0.015,52,-3.5927,2.535,-16.7499,-1.7725,0.695,-12.65,0,Run,0,9,LowPickup,-85.0873,-89.1788,-1.628,0.7307,-11.9899,0.0022,0,0,Backhand prepare 1.00,0,9,-15.2788,-84.8479,0.7125,0,Perfect,,-1.6925,-12.35,1.95,11.2,0
1328,PlayerServeHold,None,1,-0.015,52,-3.6098,2.535,-16.7499,-1.795,0.695,-12.65,0,Run,0,9,LowPickup,-85.7093,-89.2828,-1.6596,0.7369,-11.9878,0.0022,0,0,Backhand prepare 1.00,0,9,-15.2788,-84.8479,0,0,Perfect,,-1.715,-12.35,1.95,11.2,0
1329,PlayerServeHold,None,1,-0.015,52,-3.6264,2.535,-16.7499,-1.8063,0.695,-12.65,0,Run,0,9,LowPickup,-86.553,-89.4238,-1.6718,0.7306,-12.031,0.0257,0,0,Backhand prepare 1.00,0,9,-15.2788,-84.8479,0,0,Perfect,,-1.7263,-12.35,1.95,11.2,0
1330,PlayerServeHold,None,1,-0.015,52,-3.6435,2.535,-16.7499,-1.8288,0.695,-12.65,0,Run,0,9,LowPickup,-87.3763,-89.5614,-1.7179,0.7509,-11.9832,0.1123,0,0,Backhand prepare 1.00,0,9,-15.2788,-84.8479,0,0,Perfect,,-1.7488,-12.35,1.95,11.2,0
1331,PlayerServeHold,None,1,-0.015,52,-3.6602,2.535,-16.7499,-1.84,0.695,-12.65,0,Run,0,9,LowPickup,-88.2173,-89.702,-1.741,0.7414,-12.0262,0.1591,0,0,Backhand prepare 1.00,0,9,-15.2788,-84.8479,0,0,Perfect,,-1.76,-12.35,1.95,11.2,0
1332,PlayerServeHold,None,1,-0.015,52,-3.6773,2.535,-16.7499,-1.8625,0.695,-12.65,0,Run,0,9,LowPickup,-89.121,-89.8531,-1.7767,0.7452,-12.0239,0,0,0,Backhand prepare 1.00,0,9,-15.2788,-84.8479,0,0,Perfect,,-1.7825,-12.35,1.95,11.2,0
1333,PlayerServeHold,None,1,-0.015,52,-3.6939,2.535,-16.7499,-1.8738,0.695,-12.65,0,Run,0,9,LowPickup,-90.2028,-90.0339,-1.8035,0.7475,-12.0212,0,0,0,Backhand prepare 1.00,0,9,-15.2788,-84.8479,0,0,Perfect,,-1.7938,-12.35,1.95,11.2,0
1334,PlayerServeHold,None,1,-0.015,52,-3.711,2.535,-16.7499,-1.8963,0.695,-12.65,0,Run,0,9,LowPickup,-91.2171,-90.2035,-1.8404,0.7482,-12.0188,0,0,0,Backhand prepare 1.00,0,9,-15.2788,-84.8479,0,0,Perfect,,-1.8163,-12.35,1.95,11.2,0
1335,PlayerServeHold,None,1,-0.015,52,-3.7277,2.535,-16.7499,-1.9075,0.695,-12.65,0,Run,0,9,LowPickup,-92.0919,-90.3497,-1.8639,0.7471,-12.0169,0,0,0,Backhand prepare 1.00,0,9,-15.2788,-84.8479,0,0,Perfect,,-1.8275,-12.35,1.95,11.2,0
1336,PlayerServeHold,None,1,-0.015,52,-3.7447,2.535,-16.75,-1.93,0.695,-12.65,0,Run,0,9,LowPickup,-92.9148,-90.4873,-1.8978,0.7446,-12.0151,0.4451,0,0,Backhand prepare 1.00,0,9,-15.2788,-84.8479,0,0,Perfect,,-1.85,-12.35,1.95,11.2,0
1337,PlayerServeHold,None,1,-0.015,52,-3.7614,2.535,-16.75,-1.9413,0.695,-12.65,0,Run,0,9,LowPickup,-93.7613,-90.6288,-1.9089,0.7405,-12.0039,1.3728,0,0,Backhand prepare 1.00,0,9,-15.2788,-84.8479,0,0,Perfect,,-1.8613,-12.35,1.95,11.2,0
1338,PlayerServeHold,None,1,-0.015,52,-3.7785,2.535,-16.75,-1.9638,0.695,-12.65,0,Run,0,9,LowPickup,-94.5398,-90.759,-1.9536,0.7361,-12.0119,1.493,0,0,Backhand prepare 1.00,0,9,-15.2788,-84.8479,0,0,Perfect,,-1.8838,-12.35,1.95,11.2,0
1339,PlayerServeHold,None,1,-0.015,52,-3.7951,2.535,-16.75,-1.975,0.695,-12.65,0,Run,0,9,LowPickup,-95.093,-90.8515,-1.9722,0.732,-12.0111,0.1092,0,0,Backhand prepare 1.00,0,9,-15.2788,-84.8479,0,0,Perfect,,-1.895,-12.35,1.95,11.2,0
1340,PlayerServeHold,None,1,-0.015,52,-3.8122,2.535,-16.75,-1.9975,0.695,-12.65,0,Run,0,9,LowPickup,-95.5092,-90.921,-2.0001,0.7285,-12.0109,0.0356,0,0,Backhand prepare 1.00,0,9,-15.2788,-84.8479,0,0,Perfect,,-1.9175,-12.35,1.95,11.2,0
1341,PlayerServeHold,None,1,-0.015,52,-3.8289,2.535,-16.75,-2.0088,0.695,-12.65,0,Run,0,9,LowPickup,-95.8009,-90.9698,-2.0152,0.7259,-12.0102,0.0044,0,0,Backhand prepare 1.00,0,9,-15.2788,-84.8479,0,0,Perfect,,-1.9288,-12.35,1.95,11.2,0
1342,PlayerServeHold,None,1,-0.015,52,-3.846,2.535,-16.75,-2.0313,0.695,-12.65,0,Run,0,9,LowPickup,-95.9714,-90.9983,-2.0399,0.7243,-12.0099,0.0108,0,0,Backhand prepare 1.00,0,9,-15.2788,-84.8479,0,0,Perfect,,-1.9513,-12.35,1.95,11.2,0
1343,PlayerServeHold,None,1,-0.015,52,-3.8626,2.535,-16.75,-2.0425,0.695,-12.65,0,Run,0,9,LowPickup,-95.9685,-90.9978,-2.0516,0.7244,-12.01,0.0002,0,0,Backhand prepare 1.00,0,9,-15.2788,-84.8479,0,0,Perfect,,-1.9625,-12.35,1.95,11.2,0
1344,PlayerServeHold,None,1,-0.015,52,-3.8797,2.535,-16.75,-2.065,0.695,-12.65,0,Run,0,9,LowPickup,-95.8094,-90.9712,-2.0713,0.7257,-12.0102,0.0024,0,0,Backhand prepare 1.00,0,9,-15.2788,-84.8479,0,0,Perfect,,-1.985,-12.35,1.95,11.2,0
1345,PlayerServeHold,None,1,-0.015,52,-3.8964,2.535,-16.75,-2.0763,0.695,-12.65,0,Run,0,9,LowPickup,-95.4854,-90.9171,-2.0786,0.7287,-12.0107,0.0018,0,0,Backhand prepare 1.00,0,9,-15.2788,-84.8479,0,0,Perfect,,-1.9963,-12.35,1.95,11.2,0
1346,PlayerServeHold,None,1,-0.015,52,-3.9135,2.535,-16.75,-2.0988,0.695,-12.65,0,Run,0,9,LowPickup,-94.9482,-90.8272,-2.094,0.733,-12.0116,0.0012,0,0,Backhand prepare 1.00,0,9,-15.2788,-84.8479,0,0,Perfect,,-2.0188,-12.35,1.95,11.2,0
1347,PlayerServeHold,None,1,-0.015,52,-3.9301,2.535,-16.75,-2.11,0.695,-12.65,0,Run,0,9,LowPickup,-94.3514,-90.7275,-2.0973,0.7373,-12.0126,0.0044,0,0,Backhand prepare 1.00,0,9,-15.2788,-84.8479,0,0,Perfect,,-2.03,-12.35,1.95,11.2,0
1348,PlayerServeHold,None,1,-0.015,52,-3.9472,2.535,-16.75,-2.1325,0.695,-12.65,0,Run,0,9,LowPickup,-93.6824,-90.6156,-2.1108,0.7412,-12.0138,0.0054,0,0,Backhand prepare 1.00,0,9,-15.2788,-84.8479,0,0,Perfect,,-2.0525,-12.35,1.95,11.2,0
1349,PlayerServeHold,None,1,-0.015,52,-3.9639,2.535,-16.75,-2.1436,0.695,-12.65,0,Run,0,9,LowPickup,-92.9085,-90.4863,-2.1113,0.7446,-12.0153,0.0161,0,0,Backhand prepare 1.00,0,9,-15.2788,-84.8479,0,0,Perfect,,-2.0636,-12.35,1.95,11.2,0
1350,PlayerServeHold,None,1,-0.015,52,-3.9809,2.535,-16.75,-2.1653,0.695,-12.65,0,Run,0,9,LowPickup,-91.9323,-90.3231,-2.1195,0.7473,-12.0171,0.1517,0,0,Backhand prepare 1.00,0,9,-15.2788,-84.8479,0,0,Perfect,,-2.0853,-12.35,1.95,11.2,0
1351,PlayerServeHold,None,1,-0.015,52,-3.9974,2.535,-16.75,-2.1758,0.695,-12.65,0,Run,0,9,LowPickup,-90.9785,-90.1636,-2.1164,0.7481,-12.0194,0,0,0,Backhand prepare 1.00,0,9,-15.2788,-84.8479,0,0,Perfect,,-2.0958,-12.35,1.95,11.2,0
1352,PlayerServeHold,None,1,-0.015,52,-4.0142,2.535,-16.75,-2.1961,0.695,-12.65,0,Run,0,9,LowPickup,-90.1321,-90.0221,-2.1249,0.7477,-12.0214,0,0,0,Backhand prepare 1.00,0,9,-15.2788,-84.8479,0,0,Perfect,,-2.1161,-12.35,1.95,11.2,0
1353,PlayerServeHold,None,1,-0.015,52,-4.0305,2.535,-16.75,-2.206,0.695,-12.65,0,Run,0,9,LowPickup,-89.3209,-89.8865,-2.1231,0.7458,-12.0234,0,0,0,Backhand prepare 1.00,0,9,-15.2788,-84.8479,0,0,Perfect,,-2.126,-12.35,1.95,11.2,0
1354,PlayerServeHold,None,1,-0.015,52,-4.047,2.535,-16.75,-2.2251,0.695,-12.65,0,Run,0,9,LowPickup,-88.4903,-89.7477,-2.1302,0.7427,-12.0256,0,0,0,Backhand prepare 1.00,0,9,-15.2788,-84.8479,0,0,Perfect,,-2.1451,-12.35,1.95,11.2,0
1355,PlayerServeHold,None,1,-0.015,52,-4.0629,2.535,-16.75,-2.2344,0.695,-12.65,0,Run,0,9,LowPickup,-87.6079,-89.6001,-2.1267,0.738,-12.0281,0.1031,0,0,Backhand prepare 1.00,0,9,-15.2788,-84.8479,0,0,Perfect,,-2.1544,-12.35,1.95,11.2,0
1356,PlayerServeHold,None,1,-0.015,52,-4.079,2.535,-16.75,-2.2522,0.695,-12.65,0,Run,0,9,LowPickup,-86.8677,-89.4764,-2.1337,0.7331,-12.0301,0.5873,0,0,Backhand prepare 1.00,0,9,-15.2788,-84.8479,0,0,Perfect,,-2.1722,-12.35,1.95,11.2,0
1357,PlayerServeHold,None,1,-0.015,52,-4.0945,2.535,-16.75,-2.2608,0.695,-12.65,0,Run,0,9,LowPickup,-86.2795,-89.378,-2.1337,0.7285,-12.0319,0.178,0,0,Backhand prepare 1.00,0,9,-15.2788,-84.8479,0,0,Perfect,,-2.1808,-12.35,1.95,11.2,0
1358,PlayerServeHold,None,1,-0.015,52,-4.1101,2.535,-16.75,-2.2774,0.695,-12.65,0,Run,0,9,LowPickup,-85.4679,-89.0613,-2.15,0.7259,-12.0364,0.8422,0,0,Backhand prepare 1.00,0,9,-15.2788,-84.8479,0,0,Perfect,,-2.1974,-12.35,1.95,11.2,0
1359,PlayerServeHold,None,1,-0.015,52,-4.1252,2.535,-16.75,-2.2854,0.695,-12.65,0,Run,0,9,LowPickup,-84.2055,-88.3255,-2.1719,0.7225,-12.044,0.6375,0,0,Backhand prepare 1.00,0,9,-15.2788,-84.8479,0,0,Perfect,,-2.2054,-12.35,1.95,11.2,0
1360,PlayerServeHold,None,1,-0.015,52,-4.1402,2.535,-16.75,-2.3007,0.695,-12.65,0,Run,0,9,LowPickup,-83.4647,-87.9577,-2.193,0.7181,-12.0481,0.3656,0,0,Backhand prepare 1.00,0,9,-15.2788,-84.8479,0,0,Perfect,,-2.2207,-12.35,1.95,11.2,0
1361,PlayerServeHold,None,1,-0.015,52,-4.1546,2.535,-16.75,-2.308,0.695,-12.65,0,Run,0,9,LowPickup,-82.4913,-87.3206,-2.2189,0.728,-12.01,0.1432,0,0,Backhand prepare 1.00,0,9,-15.2788,-84.8479,0,0,Perfect,,-2.228,-12.35,1.95,11.2,0
1362,PlayerServeHold,None,1,-0.015,52,-4.169,2.535,-16.75,-2.3221,0.695,-12.65,0,Run,0,9,LowPickup,-82.0745,-87.074,-2.241,0.7246,-12.0146,0.0145,0,0,Backhand prepare 1.00,0,9,-15.2788,-84.8479,0,0,Perfect,,-2.2421,-12.35,1.95,11.2,0
1363,PlayerServeHold,None,1,-0.015,52,-4.1829,2.535,-16.75,-2.3288,0.695,-12.65,0,Run,0,9,LowPickup,-81.4798,-86.6062,-2.2675,0.728,-12.0228,0.1073,0,0,Backhand prepare 1.00,0,9,-15.2788,-84.8479,0,0,Perfect,,-2.2488,-12.35,1.95,11.2,0
1364,PlayerServeHold,None,1,-0.015,52,-4.1966,2.535,-16.75,-2.3416,0.695,-12.65,0,Run,0,9,LowPickup,-81.2775,-86.4887,-2.2914,0.7333,-12.0229,0.1362,0,0,Backhand prepare 1.00,0,9,-15.2788,-84.8479,0,0,Perfect,,-2.2616,-12.35,1.95,11.2,0
1365,PlayerServeHold,None,1,-0.015,52,-4.2098,2.535,-16.75,-2.3476,0.695,-12.65,0,Run,0,9,LowPickup,-80.8467,-86.1548,-2.3199,0.7304,-12.07,0.2689,0,0,Backhand prepare 1.00,0,9,-15.2788,-84.8479,0,0,Perfect,,-2.2676,-12.35,1.95,11.2,0
1366,PlayerServeHold,None,1,-0.015,52,-4.2228,2.535,-16.75,-2.3591,0.695,-12.65,0,Run,0,9,LowPickup,-80.6856,-86.0695,-2.3429,0.7353,-12.0715,0,0,0,Backhand prepare 1.00,0,9,-15.2788,-84.8479,0,0,Perfect,,-2.2791,-12.35,1.95,11.2,0
1367,PlayerServeHold,None,1,-0.015,52,-4.2352,2.535,-16.75,-2.3646,0.695,-12.65,0,Run,0,9,LowPickup,-80.2481,-85.7429,-2.3699,0.7423,-12.0798,0,0,0,Backhand prepare 1.00,0,9,-15.2788,-84.8479,0,0,Perfect,,-2.2846,-12.35,1.95,11.2,0
1368,PlayerServeHold,None,1,-0.015,52,-4.2475,2.535,-16.75,-2.3748,0.695,-12.65,0,Run,0,9,LowPickup,-80.0141,-85.616,-2.3909,0.741,-12.0896,0,0,0,Backhand prepare 1.00,0,9,-15.2788,-84.8479,0,0,Perfect,,-2.2948,-12.35,1.95,11.2,0
1369,PlayerServeHold,None,1,-0.015,52,-4.2592,2.535,-16.75,-2.3796,0.695,-12.65,0,Run,0,9,LowPickup,-79.4592,-85.2353,-2.4159,0.7416,-12.1053,0,0,0,Backhand prepare 1.00,0,9,-15.2788,-84.8479,0,0,Perfect,,-2.2996,-12.35,1.95,11.2,0
1370,PlayerServeHold,None,1,-0.015,52,-4.2707,2.535,-16.75,-2.3885,0.695,-12.65,0,Run,0,9,LowPickup,-79.1144,-85.0343,-2.4381,0.74,-12.1098,0.383,0,0,Backhand prepare 1.00,0,9,-15.2788,-84.8479,0,0,Perfect,,-2.3085,-12.35,1.95,11.2,0
1371,PlayerServeHold,None,1,-0.015,52,-4.2816,2.535,-16.75,-2.3927,0.695,-12.65,0,Run,0,9,LowPickup,-78.4369,-84.5945,-2.4631,0.7424,-12.1168,0.6623,0,0,Backhand prepare 1.00,0,9,-15.2788,-84.8479,0,0,Perfect,,-2.3127,-12.35,1.95,11.2,0
1372,PlayerServeHold,None,1,-0.015,52,-4.2923,2.535,-16.75,-2.4004,0.695,-12.65,0,Run,0,9,LowPickup,-78.0128,-84.4121,-2.4747,0.7499,-12.114,0.2374,0,0,Backhand prepare 1.00,0,9,-15.2788,-84.8479,0,0,Perfect,,-2.3204,-12.35,1.95,11.2,0
1373,PlayerServeHold,None,1,-0.015,52,-4.3024,2.535,-16.75,-2.4039,0.695,-12.65,0,Run,0,9,LowPickup,-77.2437,-83.9991,-2.4866,0.7621,-12.1205,0.3934,0,0,Backhand prepare 1.00,0,9,-15.2788,-84.8479,0,0,Perfect,,-2.3239,-12.35,1.95,11.2,0
1374,PlayerServeHold,None,1,-0.015,52,-4.3122,2.535,-16.75,-2.4103,0.695,-12.65,0,Run,0,9,LowPickup,-76.7555,-83.7721,-2.5006,0.7564,-12.1362,0.3972,0,0,Backhand prepare 1.00,0,9,-15.2788,-84.8479,0,0,Perfect,,-2.3303,-12.35,1.95,11.2,0
1375,PlayerServeHold,None,1,-0.015,52,-4.3215,2.535,-16.75,-2.4131,0.695,-12.65,0,Run,0,9,LowPickup,-75.8934,-83.2882,-2.5185,0.7517,-12.1611,0.4824,0,0,Backhand prepare 1.00,0,9,-15.2788,-84.8479,0,0,Perfect,,-2.3331,-12.35,1.95,11.2,0
1376,PlayerServeHold,None,1,-0.015,52,-4.3305,2.535,-16.75,-2.4182,0.695,-12.65,0,Run,0,9,LowPickup,-75.3098,-83.0361,-2.5304,0.7464,-12.1693,0.2422,0,0,Backhand prepare 1.00,0,9,-15.2788,-84.8479,0,0,Perfect,,-2.3382,-12.35,1.95,11.2,0
1377,PlayerServeHold,None,1,-0.015,52,-4.3389,2.535,-16.75,-2.4204,0.695,-12.65,0,Run,0,9,LowPickup,-74.3363,-82.4784,-2.5427,0.744,-12.1816,0.4771,0,0,Backhand prepare 1.00,0,9,-15.2788,-84.8479,0,0,Perfect,,-2.3404,-12.35,1.95,11.2,0
1378,PlayerServeHold,None,1,-0.015,52,-4.347,2.535,-16.75,-2.4242,0.695,-12.65,0,Run,0,9,LowPickup,-73.7157,-81.9971,-2.5488,0.7411,-12.1858,0.424,0,0,Backhand prepare 1.00,0,9,-15.2788,-84.8479,0,0,Perfect,,-2.3442,-12.35,1.95,11.2,0
1379,PlayerServeHold,None,1,-0.015,52,-4.3546,2.535,-16.75,-2.4617,0.695,-12.638,0,Run,0,9,LowPickup,-65.7217,-74.1674,-2.5368,0.7391,-12.1749,1.7435,0,0,Backhand prepare 1.00,0,9,-15.2788,-84.8479,0,0,Perfect,,-2.3458,-12.35,1.95,11.2,0
1380,PlayerServeHold,None,1,-0.015,52,-4.3618,2.535,-16.75,-2.4985,0.695,-12.6217,0,Run,0,9,LowPickup,-58.1621,-66.5787,-2.5297,0.7279,-12.1688,1.313,0,0,Backhand prepare 1.00,0,9,-15.2788,-84.8479,0,0,Perfect,,-2.3483,-12.35,1.95,11.2,0
1381,PlayerServeHold,None,1,-0.015,52,-4.3686,2.535,-16.75,-2.5318,0.695,-12.6014,0,Run,0,9,LowPickup,-50.4988,-58.8401,-2.5241,0.7232,-12.162,1.3249,0,0,Backhand prepare 1.00,0,9,-15.2788,-84.8479,0,0,Perfect,,-2.3496,-12.35,1.95,11.2,0
1382,PlayerServeHold,None,1,-0.015,52,-4.3748,2.535,-16.75,-2.5615,0.695,-12.5773,0,Run,0,9,LowPickup,-43.4581,-51.4374,-2.4934,0.731,-12.1302,1.0744,0,0,Backhand prepare 1.00,0,9,-15.2788,-84.8479,0,0,Perfect,,-2.35,-12.35,1.95,11.2,0
1383,PlayerServeHold,None,1,-0.015,52,-4.3806,2.535,-16.75,-2.5876,0.695,-12.5499,0,Serve prepare 0.00,0,9,LowPickup,-27.861,-39.2786,-2.4822,0.7867,-12.0958,0.6083,0.2083,0.1667,Backhand prepare 1.00,0,9,-15.2788,-84.8479,0,0,Perfect,,-2.35,-12.35,1.95,11.2,0
1384,PlayerServeHold,None,1,-0.015,52,-4.3859,2.535,-16.75,-2.6102,0.695,-12.5194,0,Serve prepare 0.00,0,9,LowPickup,-10.8701,-26.7199,-2.3576,0.7352,-12.1377,0,0.4167,0.3333,Backhand prepare 1.00,0,9,-15.2788,-84.8479,0,0,Perfect,,-2.35,-12.35,1.95,11.2,0
1385,PlayerServeHold,None,1,-0.015,52,-4.3909,2.535,-16.75,-2.6289,0.695,-12.4864,0,Serve prepare 0.00,0,9,LowPickup,6.4259,-14.005,-2.3287,0.7341,-12.1767,0,0.625,0.5,Backhand prepare 1.00,0,9,-15.2788,-84.8479,0,0,Perfect,,-2.35,-12.35,1.95,11.2,0
1386,PlayerServeHold,None,1,-0.015,52,-4.3954,2.535,-16.75,-2.6434,0.695,-12.4514,0,Serve prepare 0.00,0,9,LowPickup,24.2312,-1.0815,-2.2929,0.7344,-12.1949,0,0.8333,0.6667,Backhand prepare 1.00,0,9,-15.2788,-84.8479,0,0,Perfect,,-2.35,-12.35,1.95,11.2,0
1387,PlayerServeHold,None,1,-0.015,52,-4.3996,2.535,-16.75,-2.6536,0.695,-12.4149,0,Serve prepare 0.00,0,9,LowPickup,42.2665,12.6932,-2.225,0.7379,-12.2179,0,1,0.8333,Backhand prepare 1.00,0,9,-15.2788,-84.8479,0,0,Perfect,,-2.35,-12.35,1.95,11.2,0
1388,PlayerServeHold,None,1,-0.015,52,-4.4035,2.535,-16.75,-2.6593,0.695,-12.3774,0,Serve prepare 0.00,0,9,LowPickup,60.2566,29.2234,-2.1693,0.7472,-12.2791,0,1,1,Backhand prepare 1.00,0,9,-15.2788,-84.8479,0,0,Perfect,,-2.35,-12.35,1.95,11.2,0
1389,PlayerServeHold,None,1,-0.015,52,-4.4071,2.535,-16.75,-2.6603,0.695,-12.3395,0,Serve prepare 0.00,0,9,LowPickup,77.5336,45.0781,-2.1323,0.7522,-12.3513,0,1,1,Backhand prepare 1.00,0,9,-15.2788,-84.8479,0,0,Perfect,,-2.35,-12.35,1.95,11.2,0
1390,PlayerServeHold,None,1,-0.015,52,-4.4104,2.535,-16.75,-2.6567,0.695,-12.3018,0,Serve prepare 0.00,0,9,LowPickup,94.3061,60.1386,-2.1139,0.753,-12.4265,0,1,1,Backhand prepare 1.00,0,9,-15.2788,-84.8479,0,0,Perfect,,-2.35,-12.35,1.95,11.2,0
1391,PlayerServeHold,None,1,-0.015,52,-4.4134,2.535,-16.75,-2.1954,0.875,-11.9843,0,Serve prepare 0.00,0,9,LowPickup,109.4551,73.2651,-2.1121,0.7491,-12.4946,0,1,1,Backhand prepare 1.00,0,9,-15.2788,-84.8479,0,0,Perfect,,-2.35,-12.35,1.95,11.2,0
1392,PlayerServeHold,None,1,-0.015,52,-4.4162,2.535,-16.75,-2.2083,0.875,-11.9792,0,Serve prepare 0.00,0,9,LowPickup,113.8465,76.314,-2.1043,0.7446,-12.5141,0,1,1,Backhand prepare 1.00,0,9,-15.2788,-84.8479,0,0,Perfect,,-2.35,-12.35,1.95,11.2,0
1393,PlayerServeHold,None,1,-0.015,52,-4.4188,2.535,-16.75,-2.2213,0.875,-11.9745,0,Serve prepare 0.00,0,9,LowPickup,111.9386,74.4652,-2.0996,0.7443,-12.5067,0,1,1,Backhand prepare 1.00,0,9,-15.2788,-84.8479,0,0,Perfect,,-2.35,-12.35,1.95,11.2,0
1394,PlayerServeHold,None,1,-0.015,52,-4.4212,2.535,-16.75,-2.2345,0.875,-11.9702,0,Serve prepare 0.00,0,9,LowPickup,110.0311,72.6169,-2.0951,0.7441,-12.499,0,1,1,Backhand prepare 1.00,0,9,-15.2788,-84.8479,0,0,Perfect,,-2.35,-12.35,1.95,11.2,0
1395,PlayerServeHold,None,1,-0.015,52,-4.4234,2.535,-16.75,-2.2478,0.8644,-11.9664,0,Serve prepare 0.00,0,9,LowPickup,108.124,70.7692,-2.0778,0.7559,-12.4811,0,1,1,Backhand prepare 1.00,0,9,-15.2788,-84.8479,0,0,Perfect,,-2.35,-12.35,1.95,11.2,0
1396,PlayerServeHold,None,1,-0.015,52,-4.4255,2.535,-16.75,-2.2613,0.8422,-11.9631,0,Serve prepare 0.00,0,9,LowPickup,106.2172,68.9221,-2.0743,0.7556,-12.4728,0,1,1,Backhand prepare 1.00,0,9,-15.2788,-84.8479,0,0,Perfect,,-2.35,-12.35,1.95,11.2,0
1397,PlayerServeHold,None,1,-0.015,52,-4.4274,2.535,-16.75,-2.2748,0.8311,-11.9602,0,Serve prepare 0.00,0,9,LowPickup,104.3106,67.0744,-2.071,0.7554,-12.4644,0,1,1,Backhand prepare 1.00,0,9,-15.2788,-84.8479,0,0,Perfect,,-2.35,-12.35,1.95,11.2,0
1398,PlayerServeHold,None,1,-0.015,52,-4.4291,2.535,-16.75,-2.2885,0.8089,-11.9578,0,Serve prepare 0.00,0,9,LowPickup,102.4035,65.2303,-2.068,0.7551,-12.4559,0,1,1,Backhand prepare 1.00,0,9,-15.2788,-84.8479,0,0,Perfect,,-2.35,-12.35,1.95,11.2,0
1399,PlayerServeHold,None,1,-0.015,52,-4.4307,2.535,-16.75,-2.3022,0.7978,-11.9559,0,Serve prepare 0.00,0,9,LowPickup,100.495,63.3837,-2.0652,0.7549,-12.4473,0,1,1,Backhand prepare 1.00,0,9,-15.2788,-84.8479,0,0,Perfect,,-2.35,-12.35,1.95,11.2,0
1400,PlayerServeHold,None,1,-0.015,52,-4.4322,2.535,-16.75,-2.316,0.7429,-11.9545,0,Serve prepare 0.00,0,9,LowPickup,98.5861,61.5374,-2.0627,0.7546,-12.4387,0,1,1,Backhand prepare 1.00,0,9,-15.2788,-84.8479,0,0,Perfect,,-2.35,-12.35,1.95,11.2,0
1401,PlayerServeHold,None,1,-0.015,52,-4.4336,2.535,-16.75,-2.3298,0.7122,-11.9535,0,Serve prepare 0.00,0,9,LowPickup,96.6769,59.6914,-2.0604,0.7544,-12.43,0,1,1,Backhand prepare 1.00,0,9,-15.2788,-84.8479,0,0,Perfect,,-2.35,-12.35,1.95,11.2,0
1402,PlayerServeHold,None,1,-0.015,52,-4.4348,2.535,-16.75,-2.3298,0.6487,-11.9535,0,Serve prepare 0.00,0,9,LowPickup,96.7672,59.8455,-2.0611,0.7541,-12.4314,0,1,1,Backhand prepare 1.00,0,9,-15.2788,-84.8479,0,0,Perfect,,-2.35,-12.35,1.95,11.2,0
1403,PlayerServeHold,None,1,-0.015,52,-4.436,2.535,-16.75,-2.3298,0.616,-11.9535,0,Serve prepare 0.00,0,9,LowPickup,96.8567,59.9989,-2.0617,0.7538,-12.4328,0,1,1,Backhand prepare 1.00,0,9,-15.2788,-84.8479,0,0,Perfect,,-2.35,-12.35,1.95,11.2,0
1404,PlayerServeHold,None,1,-0.015,52,-4.4371,2.535,-16.75,-2.3298,0.5485,-11.9535,0,Serve prepare 0.00,0,9,LowPickup,96.945,60.1486,-2.0623,0.7535,-12.4341,0,1,1,Backhand prepare 1.00,0,9,-15.2788,-84.8479,0,0,Perfect,,-2.35,-12.35,1.95,11.2,0
1405,PlayerServeHold,None,1,-0.015,52,-4.4381,2.535,-16.75,-2.3298,0.5137,-11.9535,0,Serve prepare 0.00,0,9,LowPickup,97.0316,60.293,-2.0628,0.7552,-12.4355,0,1,1,Backhand prepare 1.00,0,9,-15.2788,-84.8479,0,0,Perfect,,-2.35,-12.35,1.95,11.2,0
1406,PlayerServeHold,None,1,-0.015,52,-4.439,2.535,-16.75,-2.3298,0.4421,-11.9535,0,Serve prepare 0.00,0,9,LowPickup,97.1176,60.4375,-2.0633,0.7549,-12.4369,0,1,1,Backhand prepare 1.00,0,9,-15.2788,-84.8479,0,0,Perfect,,-2.35,-12.35,1.95,11.2,0
1407,PlayerServeHold,None,1,-0.015,52,-4.4398,2.535,-16.75,-2.3298,0.4052,-11.9535,0,Serve prepare 0.00,0,9,LowPickup,97.2029,60.5819,-2.0638,0.7546,-12.4383,0,1,1,Backhand prepare 1.00,0,9,-15.2788,-84.8479,0,0,Perfect,,-2.35,-12.35,1.95,11.2,0
1408,PlayerServeHold,None,1,-0.015,52,-4.4406,2.535,-16.75,-2.3298,0.3295,-11.9535,0,Serve prepare 0.00,0,9,LowPickup,97.2873,60.7255,-2.0642,0.7543,-12.4397,0,1,1,Backhand prepare 1.00,0,9,-15.2788,-84.8479,0,0,Perfect,,-2.35,-12.35,1.95,11.2,0
1409,PlayerServeHold,None,1,-0.015,52,-4.4413,2.535,-16.75,-2.3298,0.2906,-11.9535,0,Serve prepare 0.00,0,9,LowPickup,97.371,60.8677,-2.0647,0.754,-12.4411,0,1,1,Backhand prepare 1.00,0,9,-15.2788,-84.8479,0,0,Perfect,,-2.35,-12.35,1.95,11.2,0
1410,PlayerServeHold,None,1,-0.015,52,-4.442,2.535,-16.75,-2.3298,0.2109,-11.9535,0,Serve prepare 0.00,0,9,LowPickup,97.4553,61.0083,-2.0652,0.7537,-12.4425,0,1,1,Backhand prepare 1.00,0,9,-15.2788,-84.8479,0,0,Perfect,,-2.35,-12.35,1.95,11.2,0
1411,PlayerServeHold,None,1,-0.015,52,-4.4426,2.535,-16.75,-2.3298,0.1699,-11.9535,0,Serve prepare 0.00,0,9,LowPickup,97.5376,61.1474,-2.0656,0.7534,-12.4438,0,1,1,Backhand prepare 1.00,0,9,-15.2788,-84.8479,0,0,Perfect,,-2.35,-12.35,1.95,11.2,0
1412,PlayerServeHold,None,1,-0.015,52,-4.4432,2.535,-16.75,-2.3298,0.1685,-11.9535,0,Serve prepare 0.00,0,9,LowPickup,97.6185,61.2839,-2.066,0.753,-12.4451,0,1,1,Backhand prepare 1.00,0,9,-15.2788,-84.8479,0,0,Perfect,,-2.35,-12.35,1.95,11.2,0
1413,PlayerServeHold,None,1,-0.015,52,-4.4437,2.535,-16.75,-2.3298,0.1966,-11.9535,0,Serve prepare 0.00,0,9,LowPickup,97.698,61.4182,-2.0665,0.7527,-12.4464,0,1,1,Backhand prepare 1.00,0,9,-15.2788,-84.8479,0,0,Perfect,,-2.35,-12.35,1.95,11.2,0
1414,PlayerServeHold,None,1,-0.015,52,-4.4442,2.535,-16.75,-2.3298,0.2509,-11.9535,0,Serve prepare 0.00,0,9,LowPickup,97.776,61.5501,-2.0669,0.7525,-12.4476,0,1,1,Backhand prepare 1.00,0,9,-15.2788,-84.8479,0,0,Perfect,,-2.35,-12.35,1.95,11.2,0
1415,PlayerServeHold,None,1,-0.015,52,-4.4446,2.535,-16.75,-2.3298,0.277,-11.9535,0,Serve prepare 0.00,0,9,LowPickup,97.8523,61.6793,-2.0674,0.7522,-12.4488,0,1,1,Backhand prepare 1.00,0,9,-15.2788,-84.8479,0,0,Perfect,,-2.35,-12.35,1.95,11.2,0
1416,PlayerServeHold,None,1,-0.015,52,-4.445,2.535,-16.75,-2.3298,0.3272,-11.9535,0,Serve prepare 0.00,0,9,LowPickup,97.9273,61.8052,-2.0679,0.7519,-12.45,0,1,1,Backhand prepare 1.00,0,9,-15.2788,-84.8479,0,0,Perfect,,-2.35,-12.35,1.95,11.2,0
1417,PlayerServeHold,None,1,-0.015,52,-4.4454,2.535,-16.75,-2.3298,0.3512,-11.9535,0,Serve prepare 0.00,0,9,LowPickup,98.0048,61.9249,-2.0683,0.7517,-12.4511,0,1,1,Backhand prepare 1.00,0,9,-15.2788,-84.8479,0,0,Perfect,,-2.35,-12.35,1.95,11.2,0
1418,PlayerServeHold,None,1,-0.015,52,-4.4458,2.535,-16.75,-2.3298,0.3973,-11.9535,0,Serve prepare 0.00,0,9,LowPickup,98.0803,62.0483,-2.0688,0.7514,-12.4521,0,1,1,Backhand prepare 1.00,0,9,-15.2788,-84.8479,0,0,Perfect,,-2.35,-12.35,1.95,11.2,0
1419,PlayerServeHold,None,1,-0.015,52,-4.4461,2.535,-16.75,-2.3298,0.4194,-11.9535,0,Serve prepare 0.00,0,9,LowPickup,98.1539,62.1685,-2.0695,0.7511,-12.4532,0,1,1,Backhand prepare 1.00,0,9,-15.2788,-84.8479,0,0,Perfect,,-2.35,-12.35,1.95,11.2,0
1420,PlayerServeHold,None,1,-0.015,52,-4.4464,2.535,-16.75,-2.3298,0.4614,-11.9535,0,Serve prepare 0.00,0,9,LowPickup,98.2255,62.2853,-2.0701,0.7508,-12.4542,0,1,1,Backhand prepare 1.00,0,9,-15.2788,-84.8479,0,0,Perfect,,-2.35,-12.35,1.95,11.2,0
1421,PlayerServeHold,None,1,-0.015,52,-4.4467,2.535,-16.75,-2.3298,0.4813,-11.9535,0,Serve prepare 0.00,0,9,LowPickup,98.2951,62.3985,-2.0709,0.7505,-12.4552,0,1,1,Backhand prepare 1.00,0,9,-15.2788,-84.8479,0,0,Perfect,,-2.35,-12.35,1.95,11.2,0
1422,PlayerServeHold,None,1,-0.015,52,-4.4469,2.535,-16.75,-2.3298,0.5192,-11.9535,0,Serve prepare 0.00,0,9,LowPickup,98.3626,62.5082,-2.0716,0.7502,-12.4562,0,1,1,Backhand prepare 1.00,0,9,-15.2788,-84.8479,0,0,Perfect,,-2.35,-12.35,1.95,11.2,0
1423,PlayerServeHold,None,1,-0.015,52,-4.4472,2.535,-16.75,-2.3298,0.5372,-11.9535,0,Serve prepare 0.00,0,9,LowPickup,98.4279,62.6145,-2.0722,0.7498,-12.4572,0,1,1,Backhand prepare 1.00,0,9,-15.2788,-84.8479,0,0,Perfect,,-2.35,-12.35,1.95,11.2,0
1424,PlayerServeHold,None,1,-0.015,52,-4.4474,2.535,-16.75,-2.3298,0.571,-11.9535,0,Serve prepare 0.00,0,9,LowPickup,98.491,62.7171,-2.0729,0.7494,-12.4582,0,1,1,Backhand prepare 1.00,0,9,-15.2788,-84.8479,0,0,Perfect,,-2.35,-12.35,1.95,11.2,0
1425,PlayerServeHold,None,1,-0.015,52,-4.4476,2.535,-16.75,-2.3298,0.5869,-11.9535,0,Serve prepare 0.00,0,9,LowPickup,98.5521,62.8156,-2.0734,0.7491,-12.4592,0,1,1,Backhand prepare 1.00,0,9,-15.2788,-84.8479,0,0,Perfect,,-2.35,-12.35,1.95,11.2,0
1426,PlayerServeHold,None,1,-0.015,52,-4.4478,2.535,-16.75,-2.3298,0.6166,-11.9535,0,Serve prepare 0.00,0,9,LowPickup,98.6111,62.9125,-2.0739,0.7487,-12.4602,0,1,1,Backhand prepare 1.00,0,9,-15.2788,-84.8479,0,0,Perfect,,-2.35,-12.35,1.95,11.2,0
1427,PlayerServeHold,None,1,-0.015,52,-4.4479,2.535,-16.75,-2.3298,0.6305,-11.9535,0,Serve prepare 0.00,0,9,LowPickup,98.6676,63.0066,-2.0743,0.7484,-12.4612,0,1,1,Backhand prepare 1.00,0,9,-15.2788,-84.8479,0,0,Perfect,,-2.35,-12.35,1.95,11.2,0
1428,PlayerServeHold,None,1,-0.015,52,-4.4481,2.535,-16.75,-2.3298,0.6561,-11.9535,0,Serve prepare 0.00,0,9,LowPickup,98.7216,63.0958,-2.0746,0.7481,-12.4621,0,1,1,Backhand prepare 1.00,0,9,-15.2788,-84.8479,0,0,Perfect,,-2.35,-12.35,1.95,11.2,0
1429,PlayerServeHold,None,1,-0.015,52,-4.4483,2.535,-16.75,-2.3298,0.6679,-11.9535,0,Serve prepare 0.00,0,9,LowPickup,98.7731,63.1811,-2.0749,0.7479,-12.463,0,1,1,Backhand prepare 1.00,0,9,-15.2788,-84.8479,0,0,Perfect,,-2.35,-12.35,1.95,11.2,0
1430,PlayerServeHold,None,1,-0.015,52,-4.4484,2.535,-16.75,-2.3298,0.6895,-11.9535,0,Serve prepare 0.00,0,9,LowPickup,98.8221,63.2627,-2.0751,0.7477,-12.4638,0,1,1,Backhand prepare 1.00,0,9,-15.2788,-84.8479,0,0,Perfect,,-2.35,-12.35,1.95,11.2,0
1431,PlayerServeHold,None,1,-0.015,52,-4.4485,2.535,-16.75,-2.3298,0.6992,-11.9535,0,Serve prepare 0.00,0,9,LowPickup,98.8686,63.3402,-2.0753,0.7475,-12.4646,0,1,1,Backhand prepare 1.00,0,9,-15.2788,-84.8479,0,0,Perfect,,-2.35,-12.35,1.95,11.2,0
1432,PlayerServeHold,None,1,-0.015,52,-4.4486,2.535,-16.75,-2.3298,0.7167,-11.9535,0,Serve prepare 0.00,0,9,LowPickup,98.9125,63.4138,-2.0753,0.7473,-12.4653,0,1,1,Backhand prepare 1.00,0,9,-15.2788,-84.8479,0,0,Perfect,,-2.35,-12.35,1.95,11.2,0
1433,PlayerServeHold,None,1,-0.015,52,-4.4487,2.535,-16.75,-2.3298,0.7244,-11.9535,0,Serve prepare 0.00,0,9,LowPickup,98.9538,63.4832,-2.0754,0.7472,-12.466,0,1,1,Backhand prepare 1.00,0,9,-15.2788,-84.8479,0,0,Perfect,,-2.35,-12.35,1.95,11.2,0
1434,PlayerServeHold,None,1,-0.015,52,-4.4488,2.535,-16.75,-2.3298,0.7378,-11.9535,0,Serve prepare 0.00,0,9,LowPickup,98.9924,63.5483,-2.0754,0.7471,-12.4666,0,1,1,Backhand prepare 1.00,0,9,-15.2788,-84.8479,0,0,Perfect,,-2.35,-12.35,1.95,11.2,0
1435,PlayerServeHold,None,1,-0.015,52,-4.4489,2.535,-16.75,-2.3298,0.7435,-11.9535,0,Serve prepare 0.00,0,9,LowPickup,99.0284,63.6092,-2.0754,0.7471,-12.4671,0,1,1,Backhand prepare 1.00,0,9,-15.2788,-84.8479,0,0,Perfect,,-2.35,-12.35,1.95,11.2,0
1436,PlayerServeHold,None,1,-0.015,52,-4.449,2.535,-16.75,-2.3298,0.7528,-11.9535,0,Serve prepare 0.00,0,9,LowPickup,99.0616,63.6657,-2.0754,0.747,-12.4676,0,1,1,Backhand prepare 1.00,0,9,-15.2788,-84.8479,0,0,Perfect,,-2.35,-12.35,1.95,11.2,0
1437,PlayerServeHold,None,1,-0.015,52,-4.4491,2.535,-16.75,-2.3298,0.7564,-11.9535,0,Serve prepare 0.00,0,9,LowPickup,99.0921,63.7177,-2.0753,0.747,-12.4681,0,1,1,Backhand prepare 1.00,0,9,-15.2788,-84.8479,0,0,Perfect,,-2.35,-12.35,1.95,11.2,0
1438,PlayerServeHold,None,1,-0.015,52,-4.4491,2.535,-16.75,-2.3298,0.7616,-11.9535,0,Serve prepare 0.00,0,9,LowPickup,99.1198,63.7651,-2.0752,0.747,-12.4684,0,1,1,Backhand prepare 1.00,0,9,-15.2788,-84.8479,0,0,Perfect,,-2.35,-12.35,1.95,11.2,0
1439,PlayerServeHold,None,1,-0.015,52,-4.4492,2.535,-16.75,-2.3298,0.7632,-11.9535,0,Serve prepare 0.00,0,9,LowPickup,99.1436,63.8087,-2.0752,0.7471,-12.4687,0,1,1,Backhand prepare 1.00,0,9,-15.2788,-84.8479,0,0,Perfect,,-2.35,-12.35,1.95,11.2,0
1440,PlayerServeHold,None,1,-0.015,52,-4.4493,2.535,-16.75,-2.3298,0.7644,-11.9535,0,Serve prepare 0.00,0,9,LowPickup,99.1646,63.8476,-2.0751,0.7471,-12.469,0,1,1,Backhand prepare 1.00,0,9,-15.2788,-84.8479,0,0,Perfect,,-2.35,-12.35,1.95,11.2,0
1441,PlayerServeHold,None,1,-0.015,52,-4.4493,2.535,-16.75,-2.3298,0.7653,-11.9535,0,Serve prepare 0.00,0,9,LowPickup,99.183,63.8818,-2.075,0.7471,-12.4693,0,1,1,Backhand prepare 1.00,0,9,-15.2788,-84.8479,0,0,Perfect,,-2.35,-12.35,1.95,11.2,0
1442,PlayerServeHold,None,1,-0.015,52,-4.4494,2.535,-16.75,-2.3298,0.7708,-11.9535,0,Serve prepare 0.00,0,9,LowPickup,99.1986,63.9117,-2.0749,0.7472,-12.4694,0,1,1,Backhand prepare 1.00,0,9,-15.2788,-84.8479,0,0,Perfect,,-2.35,-12.35,1.95,11.2,0
1443,PlayerServeHold,None,1,-0.015,52,-4.4494,2.535,-16.75,-2.3298,0.7751,-11.9535,0,Serve prepare 0.00,0,9,LowPickup,99.2115,63.9364,-2.0749,0.7472,-12.4696,0,1,1,Backhand prepare 1.00,0,9,-15.2788,-84.8479,0,0,Perfect,,-2.35,-12.35,1.95,11.2,0
1444,PlayerServeHold,None,1,-0.015,52,-4.4495,2.535,-16.75,-2.3298,0.7863,-11.9535,0,Serve prepare 0.00,0,9,LowPickup,99.2216,63.9559,-2.0748,0.7472,-12.4697,0,1,1,Backhand prepare 1.00,0,9,-15.2788,-84.8479,0,0,Perfect,,-2.35,-12.35,1.95,11.2,0
1445,PlayerServeHold,None,1,-0.015,52,-4.4495,2.535,-16.75,-2.3298,0.7929,-11.9535,0,Serve prepare 0.00,0,9,LowPickup,99.229,63.9701,-2.0748,0.7473,-12.4698,0,1,1,Backhand prepare 1.00,0,9,-15.2788,-84.8479,0,0,Perfect,,-2.35,-12.35,1.95,11.2,0
1446,PlayerServeHold,None,1,-0.015,52,-4.4496,2.535,-16.75,-2.3298,0.8073,-11.9535,0,Serve prepare 0.00,0,9,LowPickup,99.2336,63.979,-2.0748,0.7473,-12.4699,0,1,1,Backhand prepare 1.00,0,9,-15.2788,-84.8479,0,0,Perfect,,-2.35,-12.35,1.95,11.2,0
1447,PlayerServeHold,None,1,-0.015,52,-4.4496,2.535,-16.75,-2.3298,0.8149,-11.9535,0,Serve prepare 0.00,0,9,LowPickup,99.2355,63.9826,-2.0747,0.7473,-12.4699,0,1,1,Backhand prepare 1.00,0,9,-15.2788,-84.8479,0,0,Perfect,,-2.35,-12.35,1.95,11.2,0
1448,PlayerServeHold,None,1,-0.015,52,-4.4496,2.535,-16.75,-2.3298,0.8302,-11.9535,0,Serve prepare 0.00,0,9,LowPickup,99.2346,63.9808,-2.0748,0.7473,-12.4699,0,1,1,Backhand prepare 1.00,0,9,-15.2788,-84.8479,0,0,Perfect,,-2.35,-12.35,1.95,11.2,0
1449,PlayerServeHold,None,1,-0.015,52,-4.4496,2.535,-16.75,-2.3298,0.8376,-11.9535,0,Serve prepare 0.00,0,9,LowPickup,99.2309,63.9738,-2.0748,0.7473,-12.4698,0,1,1,Backhand prepare 1.00,0,9,-15.2788,-84.8479,0,0,Perfect,,-2.35,-12.35,1.95,11.2,0
1450,PlayerServeHold,None,1,-0.015,52,-4.4497,2.535,-16.75,-2.3298,0.8515,-11.9535,0,Serve prepare 0.00,0,9,LowPickup,99.2245,63.9614,-2.0748,0.7472,-12.4698,0,1,1,Backhand prepare 1.00,0,9,-15.2788,-84.8479,0,0,Perfect,,-2.35,-12.35,1.95,11.2,0
1451,PlayerServeHold,None,1,-0.015,52,-4.4497,2.535,-16.75,-2.3298,0.8576,-11.9535,0,Serve prepare 0.00,0,9,LowPickup,99.2153,63.9438,-2.0749,0.7472,-12.4696,0,1,1,Backhand prepare 1.00,0,9,-15.2788,-84.8479,0,0,Perfect,,-2.35,-12.35,1.95,11.2,0
1452,PlayerServeHold,None,1,-0.015,52,-4.4497,2.535,-16.75,-2.3298,0.8675,-11.9535,0,Serve prepare 0.00,0,9,LowPickup,99.2034,63.9209,-2.0749,0.7472,-12.4695,0,1,1,Backhand prepare 1.00,0,9,-15.2788,-84.8479,0,0,Perfect,,-2.35,-12.35,1.95,11.2,0
1453,PlayerServeHold,None,1,-0.015,52,-4.4497,2.535,-16.75,-2.3298,0.8711,-11.9535,0,Serve prepare 0.00,0,9,LowPickup,99.1887,63.8929,-2.075,0.7471,-12.4693,0,1,1,Backhand prepare 1.00,0,9,-15.2788,-84.8479,0,0,Perfect,,-2.35,-12.35,1.95,11.2,0
1454,PlayerServeHold,None,1,-0.015,52,-4.4498,2.535,-16.75,-2.3298,0.8749,-11.9535,0,Serve prepare 0.00,0,9,LowPickup,99.1713,63.86,-2.0751,0.7471,-12.4691,0,1,1,Backhand prepare 1.00,0,9,-15.2788,-84.8479,0,0,Perfect,,-2.35,-12.35,1.95,11.2,0
1455,PlayerServeHold,None,1,-0.015,52,-4.4498,2.535,-16.75,-2.3298,0.8686,-11.9535,0,Serve prepare 0.00,0,9,LowPickup,99.1512,63.8229,-2.0751,0.7471,-12.4688,0,1,1,Backhand prepare 1.00,0,9,-15.2788,-84.8479,0,0,Perfect,,-2.35,-12.35,1.95,11.2,0
1456,PlayerServeHold,None,1,-0.015,52,-4.4498,2.535,-16.75,-2.3298,0.8464,-11.9535,0,Serve prepare 0.00,0,9,LowPickup,99.1284,63.7809,-2.0752,0.747,-12.4685,0,1,1,Backhand prepare 1.00,0,9,-15.2788,-84.8479,0,0,Perfect,,-2.35,-12.35,1.95,11.2,0
1457,PlayerServeHold,None,1,-0.015,52,-4.4498,2.535,-16.75,-2.3298,0.8353,-11.9535,0,Serve prepare 0.00,0,9,LowPickup,99.1021,63.7347,-2.0753,0.747,-12.4682,0,1,1,Backhand prepare 1.00,0,9,-15.2788,-84.8479,0,0,Perfect,,-2.35,-12.35,1.95,11.2,0
1458,PlayerServeHold,None,1,-0.015,52,-4.4498,2.535,-16.75,-2.3298,0.8131,-11.9535,0,Serve prepare 0.00,0,9,LowPickup,99.0726,63.6843,-2.0753,0.747,-12.4678,0,1,1,Backhand prepare 1.00,0,9,-15.2788,-84.8479,0,0,Perfect,,-2.35,-12.35,1.95,11.2,0
1459,PlayerServeHold,None,1,-0.015,52,-4.4498,2.535,-16.75,-2.3298,0.8019,-11.9535,0,Serve prepare 0.00,0,9,LowPickup,99.0403,63.6295,-2.0754,0.7471,-12.4673,0,1,1,Backhand prepare 1.00,0,9,-15.2788,-84.8479,0,0,Perfect,,-2.35,-12.35,1.95,11.2,0
1460,PlayerServeHold,None,1,-0.015,52,-4.4499,2.535,-16.75,-2.3298,0.7542,-11.9535,0,Serve prepare 0.00,0,9,LowPickup,99.0053,63.5701,-2.0754,0.7471,-12.4668,0,1,1,Backhand prepare 1.00,0,9,-15.2788,-84.8479,0,0,Perfect,,-2.35,-12.35,1.95,11.2,0
1461,PlayerServeHold,None,1,-0.015,52,-4.4499,2.535,-16.75,-2.3298,0.7238,-11.9535,0,Serve prepare 0.00,0,9,LowPickup,98.9676,63.5064,-2.0754,0.7472,-12.4662,0,1,1,Backhand prepare 1.00,0,9,-15.2788,-84.8479,0,0,Perfect,,-2.35,-12.35,1.95,11.2,0
1462,PlayerServeHold,None,1,-0.015,52,-4.4499,2.535,-16.75,-2.3298,0.6609,-11.9535,0,Serve prepare 0.00,0,9,LowPickup,98.9272,63.4384,-2.0754,0.7473,-12.4656,0,1,1,Backhand prepare 1.00,0,9,-15.2788,-84.8479,0,0,Perfect,,-2.35,-12.35,1.95,11.2,0
1463,PlayerServeHold,None,1,-0.015,52,-4.4499,2.535,-16.75,-2.3298,0.6284,-11.9535,0,Serve prepare 0.00,0,9,LowPickup,98.8842,63.3664,-2.0753,0.7474,-12.4649,0,1,1,Backhand prepare 1.00,0,9,-15.2788,-84.8479,0,0,Perfect,,-2.35,-12.35,1.95,11.2,0
1464,PlayerServeHold,None,1,-0.015,52,-4.4499,2.535,-16.75,-2.3298,0.5614,-11.9535,0,Serve prepare 0.00,0,9,LowPickup,98.8387,63.2903,-2.0752,0.7476,-12.4641,0,1,1,Backhand prepare 1.00,0,9,-15.2788,-84.8479,0,0,Perfect,,-2.35,-12.35,1.95,11.2,0
1465,PlayerServeHold,None,1,-0.015,52,-4.4499,2.535,-16.75,-2.3298,0.5268,-11.9535,0,Serve prepare 0.00,0,9,LowPickup,98.7905,63.2101,-2.075,0.7478,-12.4633,0,1,1,Backhand prepare 1.00,0,9,-15.2788,-84.8479,0,0,Perfect,,-2.35,-12.35,1.95,11.2,0
1466,PlayerServeHold,None,1,-0.015,52,-4.4499,2.535,-16.75,-2.3298,0.4557,-11.9535,0,Serve prepare 0.00,0,9,LowPickup,98.7398,63.126,-2.0747,0.7481,-12.4624,0,1,1,Backhand prepare 1.00,0,9,-15.2788,-84.8479,0,0,Perfect,,-2.35,-12.35,1.95,11.2,0
1467,PlayerServeHold,None,1,-0.015,52,-4.4499,2.535,-16.75,-2.3298,0.4191,-11.9535,0,Serve prepare 0.00,0,9,LowPickup,98.6867,63.0382,-2.0744,0.7483,-12.4615,0,1,1,Backhand prepare 1.00,0,9,-15.2788,-84.8479,0,0,Perfect,,-2.35,-12.35,1.95,11.2,0
1468,PlayerServeHold,None,1,-0.015,52,-4.4499,2.535,-16.75,-2.3298,0.3439,-11.9535,0,Serve prepare 0.00,0,9,LowPickup,98.6311,62.9462,-2.0741,0.7486,-12.4605,0,1,1,Backhand prepare 1.00,0,9,-15.2788,-84.8479,0,0,Perfect,,-2.35,-12.35,1.95,11.2,0
1469,PlayerServeHold,None,1,-0.015,52,-4.4499,2.535,-16.75,-2.3298,0.3053,-11.9535,0,Serve prepare 0.00,0,9,LowPickup,98.573,62.8489,-2.0736,0.749,-12.4596,0,1,1,Backhand prepare 1.00,0,9,-15.2788,-84.8479,0,0,Perfect,,-2.35,-12.35,1.95,11.2,0
1470,PlayerServeHold,None,1,-0.015,52,-4.4499,2.535,-16.75,-2.3298,0.226,-11.9535,0,Serve prepare 0.00,0,9,LowPickup,98.5125,62.7521,-2.0731,0.7493,-12.4586,0,1,1,Backhand prepare 1.00,0,9,-15.2788,-84.8479,0,0,Perfect,,-2.35,-12.35,1.95,11.2,0
1471,PlayerServeHold,None,1,-0.015,52,-4.4499,2.535,-16.75,-2.3298,0.1854,-11.9535,0,Serve prepare 0.00,0,9,LowPickup,98.4502,62.6506,-2.0725,0.7497,-12.4576,0,1,1,Backhand prepare 1.00,0,9,-15.2788,-84.8479,0,0,Perfect,,-2.35,-12.35,1.95,11.2,0
1472,PlayerServeHold,None,1,-0.015,52,-4.4499,2.535,-16.75,-2.3298,0.1577,-11.9535,0,Serve prepare 0.00,0,9,LowPickup,98.3856,62.5457,-2.0718,0.75,-12.4566,0,1,1,Backhand prepare 1.00,0,9,-15.2788,-84.8479,0,0,Perfect,,-2.35,-12.35,1.95,11.2,0
1473,PlayerServeHold,None,1,-0.015,52,-4.4499,2.535,-16.75,-2.3298,0.1861,-11.9535,0,Serve prepare 0.00,0,9,LowPickup,98.3189,62.4372,-2.0711,0.7504,-12.4555,0,1,1,Backhand prepare 1.00,0,9,-15.2788,-84.8479,0,0,Perfect,,-2.35,-12.35,1.95,11.2,0
1474,PlayerServeHold,None,1,-0.015,52,-4.45,2.535,-16.75,-2.3298,0.2409,-11.9535,0,Serve prepare 0.00,0,9,LowPickup,98.2501,62.3252,-2.0704,0.7507,-12.4545,0,1,1,Backhand prepare 1.00,0,9,-15.2788,-84.8479,0,0,Perfect,,-2.35,-12.35,1.95,11.2,0
1475,PlayerServeHold,None,1,-0.015,52,-4.45,2.535,-16.75,-2.3298,0.2673,-11.9535,0,Serve prepare 0.00,0,9,LowPickup,98.1791,62.2098,-2.0697,0.751,-12.4535,0,1,1,Backhand prepare 1.00,0,9,-15.2788,-84.8479,0,0,Perfect,,-2.35,-12.35,1.95,11.2,0
1476,PlayerServeHold,None,1,-0.015,52,-4.45,2.535,-16.75,-2.3298,0.318,-11.9535,0,Serve prepare 0.00,0,9,LowPickup,98.1062,62.0907,-2.069,0.7513,-12.4525,0,1,1,Backhand prepare 1.00,0,9,-15.2788,-84.8479,0,0,Perfect,,-2.35,-12.35,1.95,11.2,0
1477,PlayerServeHold,None,1,-0.015,52,-4.45,2.535,-16.75,-2.3298,0.3423,-11.9535,0,Serve prepare 0.00,0,9,LowPickup,98.0314,61.9682,-2.0685,0.7516,-12.4514,0,1,1,Backhand prepare 1.00,0,9,-15.2788,-84.8479,0,0,Perfect,,-2.35,-12.35,1.95,11.2,0
1478,PlayerServeHold,None,1,-0.015,52,-4.45,2.535,-16.75,-2.3298,0.3889,-11.9535,0,Serve prepare 0.00,0,9,LowPickup,97.9545,61.8464,-2.068,0.7518,-12.4504,0,1,1,Backhand prepare 1.00,0,9,-15.2788,-84.8479,0,0,Perfect,,-2.35,-12.35,1.95,11.2,0
1479,PlayerServeHold,None,1,-0.015,52,-4.45,2.535,-16.75,-2.3298,0.4112,-11.9535,0,Serve prepare 0.00,0,9,LowPickup,97.8786,61.7237,-2.0676,0.7521,-12.4492,0,1,1,Backhand prepare 1.00,0,9,-15.2788,-84.8479,0,0,Perfect,,-2.35,-12.35,1.95,11.2,0
1480,PlayerServeHold,None,1,-0.015,52,-4.45,2.535,-16.75,-2.3298,0.4537,-11.9535,0,Serve prepare 0.00,0,9,LowPickup,97.8028,61.5955,-2.0671,0.7524,-12.4481,0,1,1,Backhand prepare 1.00,0,9,-15.2788,-84.8479,0,0,Perfect,,-2.35,-12.35,1.95,11.2,0
1481,PlayerServeHold,None,1,-0.015,52,-4.45,2.535,-16.75,-2.3298,0.4739,-11.9535,0,Serve prepare 0.00,0,9,LowPickup,97.7254,61.4646,-2.0667,0.7526,-12.4468,0,1,1,Backhand prepare 1.00,0,9,-15.2788,-84.8479,0,0,Perfect,,-2.35,-12.35,1.95,11.2,0
1482,PlayerServeHold,None,1,-0.015,52,-4.45,2.535,-16.75,-2.3298,0.5123,-11.9535,0,Serve prepare 0.00,0,9,LowPickup,97.6464,61.331,-2.0662,0.7529,-12.4456,0,1,1,Backhand prepare 1.00,0,9,-15.2788,-84.8479,0,0,Perfect,,-2.35,-12.35,1.95,11.2,0
1483,PlayerServeHold,None,1,-0.015,52,-4.45,2.535,-16.75,-2.3298,0.5305,-11.9535,0,Serve prepare 0.00,0,9,LowPickup,97.5661,61.1952,-2.0658,0.7533,-12.4443,0,1,1,Backhand prepare 1.00,0,9,-15.2788,-84.8479,0,0,Perfect,,-2.35,-12.35,1.95,11.2,0
1484,PlayerServeHold,None,1,-0.015,52,-4.45,2.535,-16.75,-2.3298,0.5649,-11.9535,0,Serve prepare 0.00,0,9,LowPickup,97.4843,61.0574,-2.0653,0.7536,-12.4429,0,1,1,Backhand prepare 1.00,0,9,-15.2788,-84.8479,0,0,Perfect,,-2.35,-12.35,1.95,11.2,0
1485,PlayerServeHold,None,1,-0.015,52,-4.45,2.535,-16.75,-2.3298,0.581,-11.9535,0,Serve prepare 0.00,0,9,LowPickup,97.4005,60.9161,-2.0649,0.7539,-12.4416,0,1,1,Backhand prepare 1.00,0,9,-15.2788,-84.8479,0,0,Perfect,,-2.35,-12.35,1.95,11.2,0
1486,PlayerServeHold,None,1,-0.015,52,-4.45,2.535,-16.75,-2.3298,0.6112,-11.9535,0,Serve prepare 0.00,0,9,LowPickup,97.3165,60.7754,-2.0644,0.7542,-12.4402,0,1,1,Backhand prepare 1.00,0,9,-15.2788,-84.8479,0,0,Perfect,,-2.35,-12.35,1.95,11.2,0
1487,PlayerServeHold,None,1,-0.015,52,-4.45,2.535,-16.75,-2.3298,0.6253,-11.9535,0,Serve prepare 0.00,0,9,LowPickup,97.2324,60.6321,-2.0639,0.7545,-12.4388,0,1,1,Backhand prepare 1.00,0,9,-15.2788,-84.8479,0,0,Perfect,,-2.35,-12.35,1.95,11.2,0
1488,PlayerServeHold,None,1,-0.015,52,-4.45,2.535,-16.75,-2.3298,0.6515,-11.9535,0,Serve prepare 0.00,0,9,LowPickup,97.1474,60.488,-2.0635,0.7548,-12.4374,0,1,1,Backhand prepare 1.00,0,9,-15.2788,-84.8479,0,0,Perfect,,-2.35,-12.35,1.95,11.2,0
1489,PlayerServeHold,None,1,-0.015,52,-4.45,2.535,-16.75,-2.3298,0.6636,-11.9535,0,Serve prepare 0.00,0,9,LowPickup,97.0617,60.3435,-2.063,0.7551,-12.436,0,1,1,Backhand prepare 1.00,0,9,-15.2788,-84.8479,0,0,Perfect,,-2.35,-12.35,1.95,11.2,0
1490,PlayerServeHold,None,1,-0.015,52,-4.45,2.535,-16.75,-2.3298,0.6856,-11.9535,0,Serve prepare 0.00,0,9,LowPickup,96.9753,60.199,-2.0625,0.7534,-12.4346,0,1,1,Backhand prepare 1.00,0,9,-15.2788,-84.8479,0,0,Perfect,,-2.35,-12.35,1.95,11.2,0
1491,PlayerServeHold,None,1,-0.015,52,-4.45,2.535,-16.75,-2.3298,0.6957,-11.9535,0,Serve prepare 0.00,0,9,LowPickup,96.8878,60.0519,-2.0619,0.7537,-12.4332,0,1,1,Backhand prepare 1.00,0,9,-15.2788,-84.8479,0,0,Perfect,,-2.35,-12.35,1.95,11.2,0
1492,PlayerServeHold,None,1,-0.015,52,-4.45,2.535,-16.75,-2.3298,0.7136,-11.9535,0,Serve prepare 0.00,0,9,LowPickup,96.7986,59.8993,-2.0613,0.754,-12.4319,0,1,1,Backhand prepare 1.00,0,9,-15.2788,-84.8479,0,0,Perfect,,-2.35,-12.35,1.95,11.2,0
1493,PlayerServeHold,None,1,-0.015,52,-4.45,2.535,-16.75,-2.3298,0.7216,-11.9535,0,Serve prepare 0.00,0,9,LowPickup,96.7085,59.7452,-2.0607,0.7543,-12.4305,0,1,1,Backhand prepare 1.00,0,9,-15.2788,-84.8479,0,0,Perfect,,-2.35,-12.35,1.95,11.2,0
1494,PlayerServeHold,None,1,-0.015,52,-4.45,2.535,-16.75,-2.3298,0.7355,-11.9535,0,Serve prepare 0.00,0,9,LowPickup,96.6178,59.5911,-2.06,0.7546,-12.4291,0,1,1,Backhand prepare 1.00,0,9,-15.2788,-84.8479,0,0,Perfect,,-2.35,-12.35,1.95,11.2,0
1495,PlayerServeHold,None,1,-0.015,52,-4.45,2.535,-16.75,-2.3298,0.7414,-11.9535,0,Serve prepare 0.00,0,9,LowPickup,96.5268,59.4374,-2.0594,0.7548,-12.4277,0,1,1,Backhand prepare 1.00,0,9,-15.2788,-84.8479,0,0,Perfect,,-2.35,-12.35,1.95,11.2,0
1496,PlayerServeHold,None,1,-0.015,52,-4.45,2.535,-16.75,-2.3298,0.7512,-11.9535,0,Serve prepare 0.00,0,9,LowPickup,96.4355,59.2839,-2.0587,0.755,-12.4263,0,1,1,Backhand prepare 1.00,0,9,-15.2788,-84.8479,0,0,Perfect,,-2.35,-12.35,1.95,11.2,0
1497,PlayerServeHold,None,1,-0.015,52,-4.45,2.535,-16.75,-2.3298,0.7551,-11.9535,0,Serve prepare 0.00,0,9,LowPickup,96.3433,59.1292,-2.058,0.7553,-12.4249,0,1,1,Backhand prepare 1.00,0,9,-15.2788,-84.8479,0,0,Perfect,,-2.35,-12.35,1.95,11.2,0
1498,PlayerServeHold,None,1,-0.015,52,-4.45,2.535,-16.75,-2.3298,0.7608,-11.9535,0,Serve prepare 0.00,0,9,LowPickup,96.2497,58.9754,-2.0574,0.7555,-12.4235,0,1,1,Backhand prepare 1.00,0,9,-15.2788,-84.8479,0,0,Perfect,,-2.35,-12.35,1.95,11.2,0
1499,PlayerServeHold,None,1,-0.015,52,-4.45,2.535,-16.75,-2.3298,0.7627,-11.9535,0,Serve prepare 0.00,0,9,LowPickup,96.1565,58.8225,-2.0567,0.7558,-12.4221,0,1,1,Backhand prepare 1.00,0,9,-15.2788,-84.8479,0,0,Perfect,,-2.35,-12.35,1.95,11.2,0
1500,PlayerServeHold,None,1,-0.015,52,-4.45,2.535,-16.75,-2.3298,0.7643,-11.9535,0,Serve prepare 0.00,0,9,LowPickup,96.0635,58.67,-2.0561,0.756,-12.4207,0,1,1,Backhand prepare 1.00,0,9,-15.2788,-84.8479,0,0,Perfect,,-2.35,-12.35,1.95,11.2,0
1501,PlayerServeHold,None,1,-0.015,52,-4.45,2.535,-16.75,-2.3298,0.7648,-11.9535,0,Serve prepare 0.00,0,9,LowPickup,95.9708,58.518,-2.0663,0.7442,-12.432,0,1,1,Backhand prepare 1.00,0,9,-15.2788,-84.8479,0,0,Perfect,,-2.35,-12.35,1.95,11.2,0
1502,PlayerServeHold,None,1,-0.015,52,-4.45,2.535,-16.75,-2.3298,0.7694,-11.9535,0,Serve prepare 0.00,0,9,LowPickup,95.8786,58.3666,-2.0657,0.7445,-12.4307,0,1,1,Backhand prepare 1.00,0,9,-15.2788,-84.8479,0,0,Perfect,,-2.35,-12.35,1.95,11.2,0
1503,PlayerServeHold,None,1,-0.015,52,-4.45,2.535,-16.75,-2.3298,0.7734,-11.9535,0,Serve prepare 0.00,0,9,LowPickup,95.7856,58.215,-2.0653,0.7448,-12.4293,0,1,1,Backhand prepare 1.00,0,9,-15.2788,-84.8479,0,0,Perfect,,-2.35,-12.35,1.95,11.2,0
1504,PlayerServeHold,None,1,-0.015,52,-4.45,2.535,-16.75,-2.3298,0.784,-11.9535,0,Serve prepare 0.00,0,9,LowPickup,95.6912,58.0716,-2.0648,0.7451,-12.4279,0,1,1,Backhand prepare 1.00,0,9,-15.2788,-84.8479,0,0,Perfect,,-2.35,-12.35,1.95,11.2,0
1505,PlayerServeHold,None,1,-0.015,52,-4.45,2.535,-16.75,-2.3298,0.7903,-11.9535,0,Serve prepare 0.00,0,9,LowPickup,95.5976,57.9313,-2.0645,0.7455,-12.4265,0,1,1,Backhand prepare 1.00,0,9,-15.2788,-84.8479,0,0,Perfect,,-2.35,-12.35,1.95,11.2,0
1506,PlayerServeHold,None,1,-0.015,52,-4.45,2.535,-16.75,-2.3298,0.8045,-11.9535,0,Serve prepare 0.00,0,9,LowPickup,95.5047,57.7921,-2.0642,0.7459,-12.4251,0,1,1,Backhand prepare 1.00,0,9,-15.2788,-84.8479,0,0,Perfect,,-2.35,-12.35,1.95,11.2,0
1507,PlayerServeHold,None,1,-0.015,52,-4.45,2.535,-16.75,-2.3298,0.812,-11.9535,0,Serve prepare 0.00,0,9,LowPickup,95.4126,57.654,-2.0639,0.7463,-12.4237,0,1,1,Backhand prepare 1.00,0,9,-15.2788,-84.8479,0,0,Perfect,,-2.35,-12.35,1.95,11.2,0
1508,PlayerServeHold,None,1,-0.015,52,-4.45,2.535,-16.75,-2.3298,0.8273,-11.9535,0,Serve prepare 0.00,0,9,LowPickup,95.3212,57.5175,-2.0637,0.7467,-12.4223,0,1,1,Backhand prepare 1.00,0,9,-15.2788,-84.8479,0,0,Perfect,,-2.35,-12.35,1.95,11.2,0
1509,PlayerServeHold,None,1,-0.015,52,-4.45,2.535,-16.75,-2.3298,0.8349,-11.9535,0,Serve prepare 0.00,0,9,LowPickup,95.2297,57.3802,-2.0635,0.747,-12.421,0,1,1,Backhand prepare 1.00,0,9,-15.2788,-84.8479,0,0,Perfect,,-2.35,-12.35,1.95,11.2,0
1510,PlayerServeHold,None,1,-0.015,52,-4.45,2.535,-16.75,-2.3298,0.849,-11.9535,0,Serve prepare 0.00,0,9,LowPickup,95.1383,57.2488,-2.0632,0.7474,-12.4196,0,1,1,Backhand prepare 1.00,0,9,-15.2788,-84.8479,0,0,Perfect,,-2.35,-12.35,1.95,11.2,0
1511,PlayerServeHold,None,1,-0.015,52,-4.45,2.535,-16.75,-2.3298,0.8553,-11.9535,0,Serve prepare 0.00,0,9,LowPickup,95.0482,57.1193,-2.063,0.7478,-12.4183,0,1,1,Backhand prepare 1.00,0,9,-15.2788,-84.8479,0,0,Perfect,,-2.35,-12.35,1.95,11.2,0
1512,PlayerServeHold,None,1,-0.015,52,-4.45,2.535,-16.75,-2.3298,0.8659,-11.9535,0,Serve prepare 0.00,0,9,LowPickup,94.9589,56.992,-2.0627,0.7482,-12.4169,0,1,1,Backhand prepare 1.00,0,9,-15.2788,-84.8479,0,0,Perfect,,-2.35,-12.35,1.95,11.2,0
1513,PlayerServeHold,None,1,-0.015,52,-4.45,2.535,-16.75,-2.3298,0.8699,-11.9535,0,Serve prepare 0.00,0,9,LowPickup,94.8703,56.8672,-2.0624,0.7485,-12.4156,0,1,1,Backhand prepare 1.00,0,9,-15.2788,-84.8479,0,0,Perfect,,-2.35,-12.35,1.95,11.2,0
1514,PlayerServeHold,None,1,-0.015,52,-4.45,2.535,-16.75,-2.3298,0.8746,-11.9535,0,Serve prepare 0.00,0,9,LowPickup,94.7825,56.7452,-2.0621,0.7488,-12.4143,0,1,1,Backhand prepare 1.00,0,9,-15.2788,-84.8479,0,0,Perfect,,-2.35,-12.35,1.95,11.2,0
1515,PlayerServeHold,None,1,-0.015,52,-4.45,2.535,-16.75,-2.3298,0.875,-11.9535,0,Serve prepare 0.00,0,9,LowPickup,94.695,56.6228,-2.0875,0.7491,-12.4049,0,1,1,Backhand prepare 1.00,0,9,-15.2788,-84.8479,0,0,Perfect,,-2.35,-12.35,1.95,11.2,0
1516,PlayerServeHold,None,1,-0.015,52,-4.45,2.535,-16.75,-2.3298,0.875,-11.9535,0,Serve prepare 0.00,0,9,LowPickup,94.6084,56.5031,-2.0871,0.7493,-12.4037,0,1,1,Backhand prepare 1.00,0,9,-15.2788,-84.8479,0,0,Perfect,,-2.35,-12.35,1.95,11.2,0
1517,PlayerServeHold,None,1,-0.015,52,-4.45,2.535,-16.75,-2.3298,0.875,-11.9535,0,Serve prepare 0.00,0,9,LowPickup,94.5244,56.3854,-2.0866,0.7495,-12.4025,0,1,1,Backhand prepare 1.00,0,9,-15.2788,-84.8479,0,0,Perfect,,-2.35,-12.35,1.95,11.2,0
1518,PlayerServeHold,None,1,-0.015,52,-4.45,2.535,-16.75,-2.3298,0.875,-11.9535,0,Serve prepare 0.00,0,9,LowPickup,94.4418,56.2705,-2.0861,0.7497,-12.4013,0,1,1,Backhand prepare 1.00,0,9,-15.2788,-84.8479,0,0,Perfect,,-2.35,-12.35,1.95,11.2,0
1519,PlayerServeHold,None,1,-0.015,52,-4.45,2.535,-16.75,-2.3298,0.875,-11.9535,0,Serve prepare 0.00,0,9,LowPickup,94.3604,56.1587,-2.0856,0.7499,-12.4001,0,1,1,Backhand prepare 1.00,0,9,-15.2788,-84.8479,0,0,Perfect,,-2.35,-12.35,1.95,11.2,0
1520,PlayerServeHold,None,1,-0.015,52,-4.45,2.535,-16.75,-2.3298,0.875,-11.9535,0,Serve prepare 0.00,0,9,LowPickup,94.2802,56.0496,-2.0851,0.75,-12.399,0,1,1,Backhand prepare 1.00,0,9,-15.2788,-84.8479,0,0,Perfect,,-2.35,-12.35,1.95,11.2,0
1521,PlayerServeHold,None,1,-0.015,52,-4.45,2.535,-16.75,-2.3298,0.875,-11.9535,0,Serve prepare 0.00,0,9,LowPickup,94.2013,55.943,-2.0846,0.7502,-12.3979,0,1,1,Backhand prepare 1.00,0,9,-15.2788,-84.8479,0,0,Perfect,,-2.35,-12.35,1.95,11.2,0
1522,PlayerServeHold,None,1,-0.015,52,-4.45,2.535,-16.75,-2.3298,0.875,-11.9535,0,Serve prepare 0.00,0,9,LowPickup,94.1239,55.8367,-2.0841,0.7503,-12.3968,0,1,1,Backhand prepare 1.00,0,9,-15.2788,-84.8479,0,0,Perfect,,-2.35,-12.35,1.95,11.2,0
1523,PlayerServeHold,None,1,-0.015,52,-4.45,2.535,-16.75,-2.3298,0.875,-11.9535,0,Serve prepare 0.00,0,9,LowPickup,94.0487,55.7366,-2.0836,0.7504,-12.3957,0,1,1,Backhand prepare 1.00,0,9,-15.2788,-84.8479,0,0,Perfect,,-2.35,-12.35,1.95,11.2,0
1524,PlayerServeHold,None,1,-0.015,52,-4.45,2.535,-16.75,-2.3298,0.875,-11.9535,0,Serve prepare 0.00,0,9,LowPickup,93.9756,55.6375,-2.0831,0.7506,-12.3947,0,1,1,Backhand prepare 1.00,0,9,-15.2788,-84.8479,0,0,Perfect,,-2.35,-12.35,1.95,11.2,0
1525,PlayerServeHold,None,1,-0.015,52,-4.45,2.535,-16.75,-2.3298,0.875,-11.9535,0,Serve prepare 0.00,0,9,LowPickup,93.9036,55.5405,-2.057,0.7507,-12.4015,0,1,1,Backhand prepare 1.00,0,9,-15.2788,-84.8479,0,0,Perfect,,-2.35,-12.35,1.95,11.2,0
1526,PlayerServeHold,None,1,-0.015,52,-4.45,2.535,-16.75,-2.3291,0.8764,-11.954,0,Serve prepare 0.00,0,9,LowPickup,93.8329,55.4456,-2.0565,0.7508,-12.4005,0,1,1,Backhand prepare 1.00,0,9,-15.2788,-84.8479,0,0,Perfect,,-2.35,-12.35,1.95,11.2,0
1527,PlayerServeHold,None,1,-0.015,52,-4.45,2.535,-16.75,-2.3278,0.8782,-11.9545,0,Serve prepare 0.01,0,9,LowPickup,96.3407,59.09,-2.0577,0.7554,-12.4244,0,1,1,Backhand prepare 1.00,0,9,-15.2788,-84.8479,0,0,Perfect,,-2.35,-12.35,1.95,11.2,0
1528,PlayerServeHold,None,1,-0.015,52,-4.45,2.535,-16.75,-2.3245,0.8837,-11.9562,0,Serve prepare 0.01,0,9,LowPickup,96.8624,59.9326,-2.0612,0.7542,-12.4317,0,1,1,Backhand prepare 1.00,0,9,-15.2788,-84.8479,0,0,Perfect,,-2.35,-12.35,1.95,11.2,0
1529,PlayerServeHold,None,1,-0.015,52,-4.45,2.535,-16.75,-2.3218,0.8873,-11.9574,0,Serve prepare 0.03,0,9,LowPickup,97.9112,61.6313,-2.0669,0.7527,-12.4474,0,1,1,Backhand prepare 1.00,0,9,-15.2788,-84.8479,0,0,Perfect,,-2.35,-12.35,1.95,11.2,0
1530,PlayerServeHold,None,1,-0.015,52,-4.45,2.535,-16.75,-2.3167,0.8964,-11.9603,0,Serve prepare 0.03,0,9,LowPickup,98.4578,62.4959,-2.0703,0.751,-12.455,0,1,1,Backhand prepare 1.00,0,9,-15.2788,-84.8479,0,0,Perfect,,-2.35,-12.35,1.95,11.2,0
1531,PlayerServeHold,None,1,-0.015,52,-4.45,2.535,-16.75,-2.3131,0.9017,-11.962,0,Serve prepare 0.05,0,9,LowPickup,99.5802,64.3009,-2.0757,0.7472,-12.4713,0,1,1,Backhand prepare 1.00,0,9,-15.2788,-84.8479,0,0,Perfect,,-2.35,-12.35,1.95,11.2,0
1532,PlayerServeHold,None,1,-0.015,52,-4.45,2.535,-16.75,-2.3064,0.9139,-11.9658,0,Serve prepare 0.05,0,9,LowPickup,100.1202,65.2639,-2.0674,0.7519,-12.4762,0,1,1,Backhand prepare 1.00,0,9,-15.2788,-84.8479,0,0,Perfect,,-2.35,-12.35,1.95,11.2,0
1533,PlayerServeHold,None,1,-0.015,52,-4.45,2.535,-16.75,-2.3021,0.9208,-11.968,0,Serve prepare 0.07,0,9,LowPickup,101.2058,67.3373,-2.0818,0.7423,-12.4971,0,1,1,Backhand prepare 1.00,0,9,-15.2788,-84.8479,0,0,Perfect,,-2.35,-12.35,1.95,11.2,0
1534,PlayerServeHold,None,1,-0.015,52,-4.45,2.535,-16.75,-2.2939,0.9357,-11.9728,0,Serve prepare 0.07,0,9,LowPickup,101.7809,68.4237,-2.0634,0.7401,-12.5199,0,1,1,Backhand prepare 1.00,0,9,-15.2788,-84.8479,0,0,Perfect,,-2.35,-12.35,1.95,11.2,0
1535,PlayerServeHold,None,1,-0.015,52,-4.45,2.535,-16.75,-2.2889,0.9437,-11.9754,0,Serve prepare 0.09,0,9,LowPickup,103.0368,70.5448,-2.0734,0.7361,-12.5356,0,1,1,Backhand prepare 1.00,0,9,-15.2788,-84.8479,0,0,Perfect,,-2.35,-12.35,1.95,11.2,0
1536,PlayerServeHold,None,1,-0.015,52,-4.45,2.535,-16.75,-2.2795,0.961,-11.9809,0,Serve prepare 0.09,0,9,LowPickup,103.7067,71.6,-2.0777,0.7344,-12.5439,0,1,1,Backhand prepare 1.00,0,9,-15.2788,-84.8479,0,0,Perfect,,-2.35,-12.35,1.95,11.2,0
1537,PlayerServeHold,None,1,-0.015,52,-4.45,2.535,-16.75,-2.2741,0.97,-11.9839,0,Serve prepare 0.11,0,9,LowPickup,105.0638,73.8935,-2.1077,0.7321,-12.5457,0,1,1,Backhand prepare 1.00,0,9,-15.2788,-84.8479,0,0,Perfect,,-2.35,-12.35,1.95,11.2,0
1538,PlayerServeHold,None,1,-0.015,52,-4.45,2.535,-16.75,-2.2638,0.9891,-11.99,0,Serve prepare 0.11,0,9,LowPickup,105.8096,74.9338,-2.0908,0.7304,-12.5693,0.0353,1,1,Backhand prepare 1.00,0,9,-15.2788,-84.8479,0,0,Perfect,,-2.35,-12.35,1.95,11.2,0
1539,PlayerServeHold,None,1,-0.015,52,-4.45,2.535,-16.75,-2.2579,0.999,-11.9933,0,Serve prepare 0.13,0,9,LowPickup,107.3248,77.1314,-2.0849,0.7372,-12.5777,0.0586,1,1,Backhand prepare 1.00,0,9,-15.2788,-84.8479,0,0,Perfect,,-2.35,-12.35,1.95,11.2,0
1540,PlayerServeHold,None,1,-0.015,52,-4.45,2.535,-16.75,-2.2469,1.0194,-11.9998,0,Serve prepare 0.13,0,9,LowPickup,108.0322,78.4703,-2.092,0.734,-12.5876,0.0225,1,1,Backhand prepare 1.00,0,9,-15.2788,-84.8479,0,0,Perfect,,-2.35,-12.35,1.95,11.2,0
1541,PlayerServeHold,None,1,-0.015,52,-4.45,2.535,-16.75,-2.2408,1.0299,-12.0034,0,Serve prepare 0.15,0,9,LowPickup,109.4675,81.3469,-2.107,0.7247,-12.6157,0.0341,1,1,Backhand prepare 1.00,0,9,-15.2788,-84.8479,0,0,Perfect,,-2.35,-12.35,1.95,11.2,0
1542,PlayerServeHold,None,1,-0.015,52,-4.45,2.535,-16.75,-2.2293,1.0513,-12.0103,0,Serve prepare 0.15,0,9,LowPickup,110.2283,82.8713,-2.0958,0.73,-12.63,0.015,1,1,Backhand prepare 1.00,0,9,-15.2788,-84.8479,0,0,Perfect,,-2.35,-12.35,1.95,11.2,0
1543,PlayerServeHold,None,1,-0.015,52,-4.45,2.535,-16.75,-2.223,1.0621,-12.014,0,Serve prepare 0.17,0,9,LowPickup,111.7266,86.2353,-2.0864,0.7559,-12.6089,0.0382,1,1,Backhand prepare 1.00,0,9,-15.2788,-84.8479,0,0,Perfect,,-2.35,-12.35,1.95,11.2,0
1544,PlayerServeHold,None,1,-0.015,52,-4.45,2.535,-16.75,-2.2113,1.084,-12.0211,0,Serve prepare 0.17,0,9,LowPickup,112.478,87.9696,-2.0938,0.7526,-12.6174,0.0211,1,1,Backhand prepare 1.00,0,9,-15.2788,-84.8479,0,0,Perfect,,-2.35,-12.35,1.95,11.2,0
1545,PlayerServeHold,None,1,-0.015,52,-4.45,2.535,-16.75,-2.2049,1.095,-12.0249,0,Serve prepare 0.19,0,9,LowPickup,113.9535,91.2839,-2.0781,0.7779,-12.6137,0.0375,1,1,Backhand prepare 1.00,0,9,-15.2788,-84.8479,0,0,Perfect,,-2.35,-12.35,1.95,11.2,0
1546,PlayerServeHold,None,1,-0.015,52,-4.45,2.535,-16.75,-2.1932,1.117,-12.0321,0,Serve prepare 0.19,0,9,LowPickup,112.9827,92.3679,-2.08,0.7728,-12.6256,0.2892,1,1,Backhand prepare 1.00,0,9,-15.2788,-84.8479,0,0,Perfect,,-2.35,-12.35,1.95,11.2,0
1547,PlayerServeHold,None,1,-0.015,52,-4.45,2.535,-16.75,-2.1869,1.1279,-12.0359,0,Serve prepare 0.21,0,9,LowPickup,112.7875,95.1351,-2.0889,0.7679,-12.6478,0.2752,1,1,Backhand prepare 1.00,0,9,-15.2788,-84.8479,0,0,Perfect,,-2.35,-12.35,1.95,11.2,0
1548,PlayerServeHold,None,1,-0.015,52,-4.45,2.535,-16.75,-2.1754,1.1495,-12.0431,0,Serve prepare 0.21,0,9,LowPickup,113.528,96.7748,-2.1098,0.7314,-12.7671,0.0099,1,1,Backhand prepare 1.00,0,9,-15.2788,-84.8479,0,0,Perfect,,-2.35,-12.35,1.95,11.2,0
1549,PlayerServeHold,None,1,-0.015,52,-4.45,2.535,-16.75,-2.1693,1.1601,-12.0469,0,Serve prepare 0.23,0,9,LowPickup,114.9921,99.9467,-2.1466,0.7216,-12.7568,0.0201,1,1,Backhand prepare 1.00,0,9,-15.2788,-84.8479,0,0,Perfect,,-2.35,-12.35,1.95,11.2,0
1550,PlayerServeHold,None,1,-0.015,52,-4.45,2.535,-16.75,-2.1583,1.1809,-12.0538,0,Serve prepare 0.23,0,9,LowPickup,115.7041,101.4706,-2.1548,0.722,-12.767,0.0103,1,1,Backhand prepare 1.00,0,9,-15.2788,-84.8479,0,0,Perfect,,-2.35,-12.35,1.95,11.2,0
1551,PlayerServeHold,None,1,-0.015,52,-4.45,2.535,-16.75,-2.1525,1.191,-12.0574,0,Serve prepare 0.25,0,9,LowPickup,116.9974,104.3503,-2.1687,0.7239,-12.7961,0.0288,1,1,Backhand prepare 1.00,0,9,-15.2788,-84.8479,0,0,Perfect,,-2.35,-12.35,1.95,11.2,0
1552,PlayerServeHold,None,1,-0.015,52,-4.45,2.535,-16.75,-2.1421,1.2106,-12.064,0,Serve prepare 0.25,0,9,LowPickup,117.5483,105.7545,-2.1756,0.727,-12.7416,0.012,1,1,Backhand prepare 1.00,0,9,-15.2788,-84.8479,0,0,Perfect,,-2.35,-12.35,1.95,11.2,0
1553,PlayerServeHold,None,1,-0.015,52,-4.45,2.535,-16.75,-2.1367,1.22,-12.0675,0,Serve prepare 0.27,0,9,LowPickup,119.6673,110.1283,-2.183,0.7303,-12.7912,1.6376,1,1,Backhand prepare 1.00,0,9,-15.2788,-84.8479,0,0,Perfect,,-2.35,-12.35,1.95,11.2,0
1554,PlayerServeHold,None,1,-0.015,52,-4.45,2.535,-16.75,-2.1272,1.2378,-12.0735,0,Serve prepare 0.27,0,9,LowPickup,119.881,111.4171,-2.1614,0.7482,-12.7822,0.1579,1,1,Backhand prepare 1.00,0,9,-15.2788,-84.8479,0,0,Perfect,,-2.35,-12.35,1.95,11.2,0
1555,PlayerServeHold,None,1,-0.015,52,-4.45,2.535,-16.75,-2.1223,1.2463,-12.0767,0,Serve prepare 0.29,0,9,LowPickup,120.1091,113.7711,-2.187,0.7394,-12.7965,0.0664,1,1,Backhand prepare 1.00,0,9,-15.2788,-84.8479,0,0,Perfect,,-2.35,-12.35,1.95,11.2,0
1556,PlayerServeHold,None,1,-0.015,52,-4.45,2.535,-16.75,-2.114,1.262,-12.0821,0,Serve prepare 0.29,0,9,LowPickup,120.085,114.8644,-2.1733,0.7509,-12.7675,0.0616,1,1,Backhand prepare 1.00,0,9,-15.2788,-84.8479,0,0,Perfect,,-2.35,-12.35,1.95,11.2,0
1557,PlayerServeHold,None,1,-0.015,52,-4.45,2.535,-16.75,-2.1097,1.2692,-12.0849,0,Serve prepare 0.31,0,9,LowPickup,119.9631,116.8651,-2.1977,0.7388,-12.7791,0.0971,1,1,Backhand prepare 1.00,0,9,-15.2788,-84.8479,0,0,Perfect,,-2.35,-12.35,1.95,11.2,0
1558,PlayerServeHold,None,1,-0.015,52,-4.45,2.535,-16.75,-2.1027,1.2824,-12.0895,0,Serve prepare 0.31,0,9,LowPickup,119.8277,117.794,-2.4129,0.7009,-12.9395,0.0471,1,1,Backhand prepare 1.00,0,9,-15.2788,-84.8479,0,0,Perfect,,-2.35,-12.35,1.95,11.2,0
1559,PlayerServeHold,None,1,-0.015,52,-4.45,2.535,-16.75,-2.0992,1.2883,-12.0919,0,Serve prepare 0.33,0,9,LowPickup,119.3561,119.3851,-2.3981,0.701,-12.9387,0.136,1,1,Backhand prepare 1.00,0,9,-15.2788,-84.8479,0,0,Perfect,,-2.35,-12.35,1.95,11.2,0
1560,PlayerServeHold,None,1,-0.015,52,-4.45,2.535,-16.75,-2.0937,1.2984,-12.0955,0,Serve prepare 0.33,0,9,LowPickup,119.0235,120.1505,-2.446,0.696,-12.9398,0.0831,1,1,Backhand prepare 1.00,0,9,-15.2788,-84.8479,0,0,Perfect,,-2.35,-12.35,1.95,11.2,0
1561,PlayerServeHold,None,1,-0.015,52,-4.45,2.535,-16.75,-2.0911,1.3027,-12.0974,0,Serve prepare 0.35,0,9,LowPickup,118.1688,121.7488,-2.4317,0.6784,-12.9029,0.1962,1,1,Backhand prepare 1.00,0,9,-15.2788,-84.8479,0,0,Perfect,,-2.35,-12.35,1.95,11.2,0
1562,PlayerServeHold,None,1,-0.015,52,-4.45,2.535,-16.75,-2.0874,1.3094,-12.0999,0,Serve prepare 0.35,0,9,LowPickup,119.8745,119.8209,-2.4323,0.7016,-12.9325,0.5167,1,1,Backhand prepare 1.00,0,9,-15.2788,-84.8479,0,0,Perfect,,-2.35,-12.35,1.95,11.2,0
1563,PlayerServeHold,None,1,-0.015,52,-4.45,2.535,-16.75,-2.0857,1.3118,-12.1012,0,Serve prepare 0.37,0,9,LowPickup,119.2687,120.972,-2.399,0.6969,-12.9198,0.1799,1,1,Backhand prepare 1.00,0,9,-15.2788,-84.8479,0,0,Perfect,,-2.35,-12.35,1.95,11.2,0
1564,PlayerServeHold,None,1,-0.015,52,-4.45,2.535,-16.75,-2.084,1.3146,-12.1024,0,Serve prepare 0.37,0,9,LowPickup,117.2191,123.4297,-2.4178,0.687,-12.9227,0.4203,1,1,Backhand prepare 1.00,0,9,-15.2788,-84.8479,0,0,Perfect,,-2.35,-12.35,1.95,11.2,0
1565,PlayerServeHold,None,1,-0.015,52,-4.45,2.535,-16.75,-2.0834,1.315,-12.103,0,Serve prepare 0.39,0,9,LowPickup,113.7024,126.6877,-2.4291,0.6793,-12.9322,0.4215,1,1,Backhand prepare 1.00,0,9,-15.2788,-84.8479,0,0,Perfect,,-2.35,-12.35,1.95,11.2,0
1566,PlayerServeToss,None,1,-0.015,52,-4.45,2.535,-16.75,-2.0859,1.3653,-12.1049,0,Serve prepare 0.39,0,9,LowPickup,112.6731,127.1775,-2.4413,0.6819,-12.9431,0.0646,1,1,Backhand prepare 1.00,0,9,-15.2788,-84.8479,0,0,Perfect,,-2.35,-12.35,1.95,11.2,0
1567,PlayerServeToss,None,1,-0.015,52,-4.45,2.535,-16.75,-2.0886,1.415,-12.1065,0,Serve prepare 0.40,0,9,LowPickup,111.6134,127.4685,-2.4548,0.6865,-12.9553,0.0578,1,1,Backhand prepare 1.00,0,9,-15.2788,-84.8479,0,0,Perfect,,-2.35,-12.35,1.95,11.2,0
1568,PlayerServeToss,None,1,-0.015,52,-4.45,2.535,-16.75,-2.0941,1.5123,-12.1098,0,Serve prepare 0.41,0,9,LowPickup,111.3255,127.5984,-2.4599,0.688,-12.9585,0.0132,1,1,Backhand prepare 1.00,0,9,-15.2788,-84.8479,0,0,Perfect,,-2.35,-12.35,1.95,11.2,0
1569,PlayerServeToss,None,1,-0.015,52,-4.45,2.535,-16.75,-2.0968,1.5599,-12.1115,0,Serve prepare 0.42,0,9,LowPickup,110.722,127.8206,-2.4705,0.6917,-12.9645,0.0055,1,1,Backhand prepare 1.00,0,9,-15.2788,-84.8479,0,0,Perfect,,-2.35,-12.35,1.95,11.2,0
1570,PlayerServeToss,None,1,-0.015,52,-4.45,2.535,-16.75,-2.1023,1.6531,-12.1148,0,Serve prepare 0.43,0,9,LowPickup,110.4419,127.9453,-2.4763,0.6944,-12.9677,0.0156,1,1,Backhand prepare 1.00,0,9,-15.2788,-84.8479,0,0,Perfect,,-2.35,-12.35,1.95,11.2,0
1571,PlayerServeToss,None,1,-0.015,52,-4.45,2.535,-16.75,-2.105,1.6987,-12.1164,0,Serve prepare 0.45,0,9,LowPickup,109.8867,128.1776,-2.4885,0.7005,-12.9733,0.0968,1,1,Backhand prepare 1.00,0,9,-15.2788,-84.8479,0,0,Perfect,,-2.35,-12.35,1.95,11.2,0
1572,PlayerServeToss,None,1,-0.015,52,-4.45,2.535,-16.75,-2.1104,1.7878,-12.1197,0,Serve prepare 0.46,0,9,LowPickup,109.6094,128.2703,-2.4947,0.707,-12.976,0.0606,1,1,Backhand prepare 1.00,0,9,-15.2788,-84.8479,0,0,Perfect,,-2.35,-12.35,1.95,11.2,0
1573,PlayerServeToss,None,1,-0.015,52,-4.45,2.535,-16.75,-2.1132,1.8313,-12.1213,0,Serve prepare 0.47,0,9,LowPickup,109.1048,128.4966,-2.5073,0.7177,-12.9803,0.1092,1,1,Backhand prepare 1.00,0,9,-15.2788,-84.8479,0,0,Perfect,,-2.35,-12.35,1.95,11.2,0
1574,PlayerServeToss,None,1,-0.015,52,-4.45,2.535,-16.75,-2.1186,1.9163,-12.1246,0,Serve prepare 0.48,0,9,LowPickup,108.8526,128.6267,-2.5135,0.7232,-12.982,0.0314,1,1,Backhand prepare 1.00,0,9,-15.2788,-84.8479,0,0,Perfect,,-2.35,-12.35,1.95,11.2,0
1575,PlayerServeToss,None,1,-0.015,52,-4.45,2.535,-16.75,-2.1214,1.9578,-12.1263,0,Serve prepare 0.50,0,9,LowPickup,108.4429,128.9444,-2.5259,0.7346,-12.9844,0.0668,1,1,Backhand prepare 1.00,0,9,-15.2788,-84.8479,0,0,Perfect,,-2.35,-12.35,1.95,11.2,0
1576,PlayerServeToss,None,1,-0.015,52,-4.45,2.535,-16.75,-2.1268,2.0388,-12.1296,0,Serve prepare 0.50,0,9,LowPickup,108.2311,129.1086,-2.532,0.7405,-12.985,0.0623,1,1,Backhand prepare 1.00,0,9,-15.2788,-84.8479,0,0,Perfect,,-2.35,-12.35,1.95,11.2,0
1577,PlayerServeToss,None,1,-0.015,52,-4.45,2.535,-16.75,-2.1295,2.0782,-12.1312,0,Serve prepare 0.52,0,9,LowPickup,107.8479,129.4567,-2.5443,0.7528,-12.9855,0.1643,1,1,Backhand prepare 1.00,0,9,-15.2788,-84.8479,0,0,Perfect,,-2.35,-12.35,1.95,11.2,0
1578,PlayerServeToss,None,1,-0.015,52,-4.45,2.535,-16.75,-2.135,2.1551,-12.1345,0,Serve prepare 0.53,0,9,LowPickup,107.6666,129.6454,-2.5504,0.7591,-12.9853,0.0858,1,1,Backhand prepare 1.00,0,9,-15.2788,-84.8479,0,0,Perfect,,-2.35,-12.35,1.95,11.2,0
1579,PlayerServeToss,None,1,-0.015,52,-4.45,2.535,-16.75,-2.1377,2.1925,-12.1361,0,Serve prepare 0.55,0,9,LowPickup,107.3523,130.0833,-2.563,0.7726,-12.9846,0.1578,1,1,Backhand prepare 1.00,0,9,-15.2788,-84.8479,0,0,Perfect,,-2.35,-12.35,1.95,11.2,0
1580,PlayerServeToss,None,1,-0.015,52,-4.45,2.535,-16.75,-2.1432,2.2652,-12.1394,0,Serve prepare 0.55,0,9,LowPickup,107.2007,130.3087,-2.5692,0.7794,-12.9838,0.0681,1,1,Backhand prepare 1.00,0,9,-15.2788,-84.8479,0,0,Perfect,,-2.35,-12.35,1.95,11.2,0
1581,PlayerServeToss,None,1,-0.015,52,-4.45,2.535,-16.75,-2.1459,2.3006,-12.1411,0,Serve prepare 0.57,0,9,LowPickup,106.9172,130.8156,-2.5819,0.7934,-12.9813,0.1378,1,1,Backhand prepare 1.00,0,9,-15.2788,-84.8479,0,0,Perfect,,-2.35,-12.35,1.95,11.2,0
1582,PlayerServeToss,None,1,-0.015,52,-4.45,2.535,-16.75,-2.1514,2.3692,-12.1444,0,Serve prepare 0.58,0,9,LowPickup,106.7826,131.0779,-2.5881,0.8005,-12.9796,0.0628,1,1,Backhand prepare 1.00,0,9,-15.2788,-84.8479,0,0,Perfect,,-2.35,-12.35,1.95,11.2,0
1583,PlayerServeToss,None,1,-0.015,52,-4.45,2.535,-16.75,-2.1541,2.4025,-12.146,0,Serve prepare 0.59,0,9,LowPickup,106.5303,131.6172,-2.6004,0.8143,-12.9758,0.1073,1,1,Backhand prepare 1.00,0,9,-15.2788,-84.8479,0,0,Perfect,,-2.35,-12.35,1.95,11.2,0
1584,PlayerServeToss,None,1,-0.015,52,-4.45,2.535,-16.75,-2.1596,2.4671,-12.1493,0,Serve prepare 0.60,0,9,LowPickup,106.4317,131.8754,-2.6062,0.821,-12.9737,0.0402,1,1,Backhand prepare 1.00,0,9,-15.2788,-84.8479,0,0,Perfect,,-2.35,-12.35,1.95,11.2,0
1585,PlayerServeToss,None,1,-0.015,52,-4.45,2.535,-16.75,-2.1623,2.4984,-12.1509,0,Serve prepare 0.62,0,9,LowPickup,106.2054,132.4069,-2.6175,0.8344,-12.9692,0.0555,1,1,Backhand prepare 1.00,0,9,-15.2788,-84.8479,0,0,Perfect,,-2.35,-12.35,1.95,11.2,0
1586,PlayerServeToss,None,1,-0.015,52,-4.45,2.535,-16.75,-2.1678,2.5589,-12.1542,0,Serve prepare 0.63,0,9,LowPickup,106.1151,132.6867,-2.6232,0.8411,-12.9667,0.0251,1,1,Backhand prepare 1.00,0,9,-15.2788,-84.8479,0,0,Perfect,,-2.35,-12.35,1.95,11.2,0
1587,PlayerServeToss,None,1,-0.015,52,-4.45,2.535,-16.75,-2.1705,2.5881,-12.1559,0,Serve prepare 0.64,0,9,LowPickup,105.9311,133.2475,-2.6345,0.8541,-12.9611,0.0462,1,1,Backhand prepare 1.00,0,9,-15.2788,-84.8479,0,0,Perfect,,-2.35,-12.35,1.95,11.2,0
1588,PlayerServeToss,None,1,-0.015,52,-4.45,2.535,-16.75,-2.1759,2.6445,-12.1592,0,Serve prepare 0.65,0,9,LowPickup,105.8455,133.5251,-2.6402,0.8604,-12.9581,0.0252,1,1,Backhand prepare 1.00,0,9,-15.2788,-84.8479,0,0,Perfect,,-2.35,-12.35,1.95,11.2,0
1589,PlayerServeToss,None,1,-0.015,52,-4.45,2.535,-16.75,-2.1787,2.6717,-12.1608,0,Serve prepare 0.67,0,9,LowPickup,105.7139,134.0329,-2.6512,0.8723,-12.9518,0.0612,1,1,Backhand prepare 1.00,0,9,-15.2788,-84.8479,0,0,Perfect,,-2.35,-12.35,1.95,11.2,0
1590,PlayerServeToss,None,1,-0.015,52,-4.45,2.535,-16.75,-2.1841,2.724,-12.1641,0,Serve prepare 0.67,0,9,LowPickup,105.6513,134.2938,-2.6567,0.8778,-12.9484,0.0394,1,1,Backhand prepare 1.00,0,9,-15.2788,-84.8479,0,0,Perfect,,-2.35,-12.35,1.95,11.2,0
1591,PlayerServeToss,None,1,-0.015,52,-4.45,2.535,-16.75,-2.1869,2.7492,-12.1658,0,Serve prepare 0.69,0,9,LowPickup,105.5292,134.8349,-2.6677,0.8884,-12.9412,0.0908,1,1,Backhand prepare 1.00,0,9,-15.2788,-84.8479,0,0,Perfect,,-2.35,-12.35,1.95,11.2,0
1592,PlayerServeToss,None,1,-0.015,52,-4.45,2.535,-16.75,-2.1923,2.7974,-12.169,0,Serve prepare 0.70,0,9,LowPickup,105.4592,135.1217,-2.6731,0.8934,-12.9373,0.0495,1,1,Backhand prepare 1.00,0,9,-15.2788,-84.8479,0,0,Perfect,,-2.35,-12.35,1.95,11.2,0
1593,PlayerServeToss,None,1,-0.015,52,-4.45,2.535,-16.75,-2.195,2.8205,-12.1707,0,Serve prepare 0.71,0,9,LowPickup,105.3079,135.7181,-2.6835,0.9031,-12.9287,0.1007,1,1,Backhand prepare 1.00,0,9,-15.2788,-84.8479,0,0,Perfect,,-2.35,-12.35,1.95,11.2,0
1594,PlayerServeToss,None,1,-0.015,52,-4.45,2.535,-16.75,-2.2005,2.8646,-12.174,0,Serve prepare 0.72,0,9,LowPickup,105.2003,136.0656,-2.6886,0.908,-12.9239,0.0472,1,1,Backhand prepare 1.00,0,9,-15.2788,-84.8479,0,0,Perfect,,-2.35,-12.35,1.95,11.2,0
1595,PlayerServeToss,None,1,-0.015,52,-4.45,2.535,-16.75,-2.2032,2.8857,-12.1756,0,Serve prepare 0.74,0,9,LowPickup,104.9957,136.7557,-2.6985,0.9174,-12.9137,0.1029,1,1,Backhand prepare 1.00,0,9,-15.2788,-84.8479,0,0,Perfect,,-2.35,-12.35,1.95,11.2,0
1596,PlayerServeToss,None,1,-0.015,52,-4.45,2.535,-16.75,-2.2087,2.9257,-12.1789,0,Serve prepare 0.75,0,9,LowPickup,104.8609,137.1469,-2.7035,0.922,-12.9082,0.0533,1,1,Backhand prepare 1.00,0,9,-15.2788,-84.8479,0,0,Perfect,,-2.35,-12.35,1.95,11.2,0
1597,PlayerServeToss,None,1,-0.015,52,-4.45,2.535,-16.75,-2.2114,2.9448,-12.1806,0,Serve prepare 0.76,0,9,LowPickup,104.5872,137.9492,-2.7132,0.9309,-12.8968,0.1018,1,1,Backhand prepare 1.00,0,9,-15.2788,-84.8479,0,0,Perfect,,-2.35,-12.35,1.95,11.2,0
1598,PlayerServeToss,None,1,-0.015,52,-4.45,2.535,-16.75,-2.2169,2.9807,-12.1838,0,Serve prepare 0.77,0,9,LowPickup,104.4263,138.3913,-2.7182,0.9353,-12.8909,0.045,1,1,Backhand prepare 1.00,0,9,-15.2788,-84.8479,0,0,Perfect,,-2.35,-12.35,1.95,11.2,0
1599,PlayerServeToss,None,1,-0.015,52,-4.45,2.535,-16.75,-2.2196,2.9977,-12.1855,0,Serve prepare 0.79,0,9,LowPickup,104.0491,139.3654,-2.728,0.9437,-12.8785,0.0844,1,1,Backhand prepare 1.00,0,9,-15.2788,-84.8479,0,0,Perfect,,-2.35,-12.35,1.95,11.2,0
1600,PlayerServeToss,None,1,-0.015,52,-4.45,2.535,-16.75,-2.2251,3.0296,-12.1888,0,Serve prepare 0.80,0,9,LowPickup,103.8678,139.8567,-2.7326,0.9478,-12.8722,0.0388,1,1,Backhand prepare 1.00,0,9,-15.2788,-84.8479,0,0,Perfect,,-2.35,-12.35,1.95,11.2,0
1601,PlayerServeToss,None,1,-0.015,52,-4.45,2.535,-16.75,-2.2278,3.0445,-12.1904,0,Serve prepare 0.81,0,9,LowPickup,103.4312,140.9103,-2.742,0.9557,-12.859,0.0787,1,1,Backhand prepare 1.00,0,9,-15.2788,-84.8479,0,0,Perfect,,-2.35,-12.35,1.95,11.2,0
1602,PlayerServeToss,None,1,-0.015,52,-4.45,2.535,-16.75,-2.2333,3.0723,-12.1937,0,Serve prepare 0.82,0,9,LowPickup,103.2039,141.4428,-2.7466,0.9595,-12.8522,0.0381,1,1,Backhand prepare 1.00,0,9,-15.2788,-84.8479,0,0,Perfect,,-2.35,-12.35,1.95,11.2,0
1603,PlayerServeToss,None,1,-0.015,52,-4.45,2.535,-16.75,-2.236,3.0852,-12.1954,0,Serve prepare 0.84,0,9,LowPickup,102.6536,142.5652,-2.7559,0.9667,-12.8378,0.0833,1,1,Backhand prepare 1.00,0,9,-15.2788,-84.8479,0,0,Perfect,,-2.35,-12.35,1.95,11.2,0
1604,PlayerServeToss,None,1,-0.015,52,-4.45,2.535,-16.75,-2.2414,3.1089,-12.1987,0,Serve prepare 0.84,0,9,LowPickup,102.375,143.1185,-2.7604,0.9702,-12.8306,0.0385,1,1,Backhand prepare 1.00,0,9,-15.2788,-84.8479,0,0,Perfect,,-2.35,-12.35,1.95,11.2,0
1605,PlayerServeToss,None,1,-0.015,52,-4.45,2.535,-16.75,-2.2442,3.1197,-12.2003,0,Serve prepare 0.86,0,9,LowPickup,101.7726,144.2589,-2.7691,0.977,-12.8155,0.078,1,1,Backhand prepare 1.00,0,9,-15.2788,-84.8479,0,0,Perfect,,-2.35,-12.35,1.95,11.2,0
1606,PlayerServeToss,None,1,-0.015,52,-4.45,2.535,-16.75,-2.2496,3.1393,-12.2036,0,Serve prepare 0.87,0,9,LowPickup,101.4696,144.8097,-2.7733,0.9801,-12.8079,0.0392,1,1,Backhand prepare 1.00,0,9,-15.2788,-84.8479,0,0,Perfect,,-2.35,-12.35,1.95,11.2,0
1607,PlayerServeToss,None,1,-0.015,52,-4.45,2.535,-16.75,-2.2524,3.1481,-12.2052,0,Serve prepare 0.88,0,9,LowPickup,100.8183,145.9176,-2.7814,0.986,-12.7924,0.0834,1,1,Backhand prepare 1.00,0,9,-15.2788,-84.8479,0,0,Perfect,,-2.35,-12.35,1.95,11.2,0
1608,PlayerServeToss,None,1,-0.015,52,-4.45,2.535,-16.75,-2.2578,3.1636,-12.2085,0,Serve prepare 0.89,0,9,LowPickup,100.4983,146.4323,-2.7853,0.9886,-12.7846,0.0472,1,1,Backhand prepare 1.00,0,9,-15.2788,-84.8479,0,0,Perfect,,-2.35,-12.35,1.95,11.2,0
1609,PlayerServeToss,None,1,-0.015,52,-4.45,2.535,-16.75,-2.2605,3.1704,-12.2102,0,Serve prepare 0.91,0,9,LowPickup,99.8437,147.4589,-2.7929,0.9933,-12.7688,0.1012,1,1,Backhand prepare 1.00,0,9,-15.2788,-84.8479,0,0,Perfect,,-2.35,-12.35,1.95,11.2,0
1610,PlayerServeToss,None,1,-0.015,52,-4.45,2.535,-16.75,-2.266,3.1818,-12.2135,0,Serve prepare 0.92,0,9,LowPickup,99.4817,147.9709,-2.7966,0.9954,-12.7608,0.0551,1,1,Backhand prepare 1.00,0,9,-15.2788,-84.8479,0,0,Perfect,,-2.35,-12.35,1.95,11.2,0
1611,PlayerServeToss,None,1,-0.015,52,-4.45,2.535,-16.75,-2.2687,3.1865,-12.2151,0,Serve prepare 0.93,0,9,LowPickup,98.7849,148.9194,-2.8032,0.9992,-12.7449,0.1056,1,1,Backhand prepare 1.00,0,9,-15.2788,-84.8479,0,0,Perfect,,-2.35,-12.35,1.95,11.2,0
1612,PlayerServeToss,None,1,-0.015,52,-4.45,2.535,-16.75,-2.2742,3.1939,-12.2184,0,Serve prepare 0.94,0,9,LowPickup,98.4016,149.401,-2.8064,1.0008,-12.7368,0.052,1,1,Backhand prepare 1.00,0,9,-15.2788,-84.8479,0,0,Perfect,,-2.35,-12.35,1.95,11.2,0
1613,PlayerServeToss,None,1,-0.015,52,-4.45,2.535,-16.75,-2.2769,3.1965,-12.22,0,Serve prepare 0.96,0,9,LowPickup,97.6318,150.24,-2.8117,1.0037,-12.7211,0.0924,1,1,Backhand prepare 1.00,0,9,-15.2788,-84.8479,0,0,Perfect,,-2.35,-12.35,1.95,11.2,0
1614,PlayerServeToss,None,1,-0.015,52,-4.45,2.535,-16.75,-2.2824,3.1998,-12.2233,0,Serve prepare 0.96,0,9,LowPickup,97.2312,150.6582,-2.8142,1.0049,-12.7132,0.0444,1,1,Backhand prepare 1.00,0,9,-15.2788,-84.8479,0,0,Perfect,,-2.35,-12.35,1.95,11.2,0
1615,PlayerServeToss,None,1,-0.015,52,-4.45,2.535,-16.75,-2.2851,3.2004,-12.225,0,Serve prepare 0.98,0,9,LowPickup,96.3646,151.4632,-2.8186,1.0067,-12.6972,0.0914,1,1,Backhand prepare 1.00,0,9,-15.2788,-84.8479,0,0,Perfect,,-2.35,-12.35,1.95,11.2,0
1616,PlayerServeToss,None,1,-0.015,52,-4.45,2.535,-16.75,-2.2906,3.1996,-12.2283,0,Serve prepare 0.99,0,9,LowPickup,95.9323,151.8381,-2.8204,1.0075,-12.6893,0.0432,1,1,Backhand prepare 1.00,0,9,-15.2788,-84.8479,0,0,Perfect,,-2.35,-12.35,1.95,11.2,0
1617,PlayerServeToss,None,1,-0.015,52,-4.45,2.535,-16.75,-2.2933,3.1982,-12.2299,0,Serve prepare 1.00,0,9,LowPickup,95.2925,152.3396,-2.8227,1.0083,-12.6783,0.064,1,1,Backhand prepare 1.00,0,9,-15.2788,-84.8479,0,0,Perfect,,-2.35,-12.35,1.95,11.2,0
1618,PlayerServeToss,None,1,-0.015,52,-4.45,2.535,-16.75,-2.2987,3.1933,-12.2332,0,Serve prepare 1.00,0,9,LowPickup,95.2925,152.3396,-2.8227,1.0083,-12.6783,0,1,1,Backhand prepare 1.00,0,9,-15.2788,-84.8479,0,0,Perfect,,-2.35,-12.35,1.95,11.2,0
1619,PlayerServeToss,None,1,-0.015,52,-4.45,2.535,-16.75,-2.3015,3.1898,-12.2348,0,Serve prepare 1.00,0,9,LowPickup,95.2925,152.3396,-2.8227,1.0083,-12.6783,0,1,1,Backhand prepare 1.00,0,9,-15.2788,-84.8479,0,0,Perfect,,-2.35,-12.35,1.95,11.2,0
1620,PlayerServeToss,None,1,-0.015,52,-4.45,2.535,-16.75,-2.3069,3.1808,-12.2381,0,Serve prepare 1.00,0,9,LowPickup,95.2925,152.3396,-2.8227,1.0083,-12.6783,0,1,1,Backhand prepare 1.00,0,9,-15.2788,-84.8479,0,0,Perfect,,-2.35,-12.35,1.95,11.2,0
1621,PlayerServeToss,None,1,-0.015,52,-4.45,2.535,-16.75,-2.3097,3.1753,-12.2398,0,Serve prepare 1.00,0,9,LowPickup,95.2925,152.3396,-2.8227,1.0083,-12.6783,0,1,1,Backhand prepare 1.00,0,9,-15.2788,-84.8479,0,0,Perfect,,-2.35,-12.35,1.95,11.2,0
1622,PlayerServeToss,None,1,-0.015,52,-4.45,2.535,-16.75,-2.3151,3.1622,-12.2431,0,Serve prepare 1.00,0,9,LowPickup,95.2925,152.3396,-2.8227,1.0083,-12.6783,0,1,1,Backhand prepare 1.00,0,9,-15.2788,-84.8479,0,0,Perfect,,-2.35,-12.35,1.95,11.2,0
1623,PlayerServeToss,None,1,-0.015,52,-4.45,2.535,-16.75,-2.3179,3.1546,-12.2447,0,Serve prepare 1.00,0,9,LowPickup,95.2925,152.3396,-2.8227,1.0083,-12.6783,0,1,1,Backhand prepare 1.00,0,9,-15.2788,-84.8479,0,0,Perfect,,-2.35,-12.35,1.95,11.2,0
1624,PlayerServeToss,None,1,-0.015,52,-4.45,2.535,-16.75,-2.3233,3.1375,-12.248,0,Serve prepare 1.00,0,9,LowPickup,95.2925,152.3396,-2.8227,1.0083,-12.6783,0,1,1,Backhand prepare 1.00,0,9,-15.2788,-84.8479,0,0,Perfect,,-2.35,-12.35,1.95,11.2,0
1625,PlayerServeToss,None,1,-0.015,52,-4.45,2.535,-16.75,-2.326,3.1279,-12.2497,0,Serve prepare 1.00,0,9,LowPickup,95.2925,152.3396,-2.8227,1.0083,-12.6783,0,1,1,Backhand prepare 1.00,0,9,-15.2788,-84.8479,0,0,Perfect,,-2.35,-12.35,1.95,11.2,0
1626,PlayerServeToss,None,1,-0.015,52,-4.45,2.535,-16.75,-2.3315,3.1066,-12.2529,0,Serve prepare 1.00,0,9,LowPickup,95.2925,152.3396,-2.8227,1.0083,-12.6783,0,1,1,Backhand prepare 1.00,0,9,-15.2788,-84.8479,0,0,Perfect,,-2.35,-12.35,1.95,11.2,0
1627,PlayerServeToss,None,1,-0.015,52,-4.45,2.535,-16.75,-2.3342,3.095,-12.2546,0,Serve prepare 1.00,0,9,LowPickup,95.2925,152.3396,-2.8227,1.0083,-12.6783,0,1,1,Backhand prepare 1.00,0,9,-15.2788,-84.8479,0,0,Perfect,,-2.35,-12.35,1.95,11.2,0
1628,PlayerServeToss,None,1,-0.015,52,-4.45,2.535,-16.75,-2.3397,3.0696,-12.2579,0,Serve prepare 1.00,0,9,LowPickup,95.2925,152.3396,-2.8227,1.0083,-12.6783,0,1,1,Backhand prepare 1.00,0,9,-15.2788,-84.8479,0,0,Perfect,,-2.35,-12.35,1.95,11.2,0
1629,PlayerServeToss,None,1,-0.015,52,-4.45,2.535,-16.75,-2.3424,3.0559,-12.2595,0,Serve prepare 1.00,0,9,LowPickup,95.2925,152.3396,-2.8227,1.0083,-12.6783,0,1,1,Backhand prepare 1.00,0,9,-15.2788,-84.8479,0,0,Perfect,,-2.35,-12.35,1.95,11.2,0
1630,PlayerServeToss,None,1,-0.015,52,-4.45,2.535,-16.75,-2.3479,3.0265,-12.2628,0,Serve prepare 1.00,0,9,LowPickup,95.2925,152.3396,-2.8227,1.0083,-12.6783,0,1,1,Backhand prepare 1.00,0,9,-15.2788,-84.8479,0,0,Perfect,,-2.35,-12.35,1.95,11.2,0
1631,PlayerServeToss,None,1,-0.015,52,-4.45,2.535,-16.75,-2.3506,3.0108,-12.2645,0,Serve prepare 1.00,0,9,LowPickup,95.2925,152.3396,-2.8227,1.0083,-12.6783,0,1,1,Backhand prepare 1.00,0,9,-15.2788,-84.8479,0,0,Perfect,,-2.35,-12.35,1.95,11.2,0
1632,PlayerServeToss,None,1,-0.015,52,-4.45,2.535,-16.75,-2.3561,2.9773,-12.2677,0,Serve prepare 1.00,0,9,LowPickup,95.2925,152.3396,-2.8227,1.0083,-12.6783,0,1,1,Backhand prepare 1.00,0,9,-15.2788,-84.8479,0,0,Perfect,,-2.35,-12.35,1.95,11.2,0
1633,PlayerServeToss,None,1,-0.015,52,-4.45,2.535,-16.75,-2.3588,2.9595,-12.2694,0,Serve prepare 1.00,0,9,LowPickup,95.2925,152.3396,-2.8227,1.0083,-12.6783,0,1,1,Backhand prepare 1.00,0,9,-15.2788,-84.8479,0,0,Perfect,,-2.35,-12.35,1.95,11.2,0
1634,PlayerServeToss,None,1,-0.015,52,-4.45,2.535,-16.75,-2.3642,2.9219,-12.2727,0,Serve prepare 1.00,0,9,LowPickup,95.2925,152.3396,-2.8227,1.0083,-12.6783,0,1,1,Backhand prepare 1.00,0,9,-15.2788,-84.8479,0,0,Perfect,,-2.35,-12.35,1.95,11.2,0
1635,PlayerServeToss,None,1,-0.015,52,-4.45,2.535,-16.75,-2.367,2.902,-12.2743,0,Serve prepare 1.00,0,9,LowPickup,95.2925,152.3396,-2.8227,1.0083,-12.6783,0,1,1,Backhand prepare 1.00,0,9,-15.2788,-84.8479,0,0,Perfect,,-2.35,-12.35,1.95,11.2,0
1636,PlayerServeToss,None,1,-0.015,52,-4.45,2.535,-16.75,-2.3724,2.8603,-12.2776,0,Serve prepare 1.00,0,9,LowPickup,95.2925,152.3396,-2.8227,1.0083,-12.6783,0,1,1,Backhand prepare 1.00,0,9,-15.2788,-84.8479,0,0,Perfect,,-2.35,-12.35,1.95,11.2,0
1637,PlayerServeToss,None,1,-0.015,52,-4.45,2.535,-16.75,-2.3752,2.8385,-12.2793,0,Serve prepare 1.00,0,9,LowPickup,95.2925,152.3396,-2.8227,1.0083,-12.6783,0,1,1,Backhand prepare 1.00,0,9,-15.2788,-84.8479,0,0,Perfect,,-2.35,-12.35,1.95,11.2,0
1638,PlayerServeToss,None,1,-0.015,52,-4.45,2.535,-16.75,-2.3806,2.7927,-12.2826,0,Serve prepare 1.00,0,9,LowPickup,95.2925,152.3396,-2.8227,1.0083,-12.6783,0,1,1,Backhand prepare 1.00,0,9,-15.2788,-84.8479,0,0,Perfect,,-2.35,-12.35,1.95,11.2,0
1639,PlayerServeToss,None,1,-0.015,52,-4.45,2.535,-16.75,-2.3834,2.7688,-12.2842,0,Serve prepare 1.00,1,0.18,Serve,95.2925,152.3396,-2.8216,1.0124,-12.6776,0,1,1,Backhand prepare 1.00,0,9,-15.2788,-84.8479,0,0,Perfect,,-2.35,-12.35,1.95,11.2,0
1640,PlayerServeToss,None,1,-0.015,52,-4.45,2.535,-16.75,-2.3888,2.7189,-12.2875,0,Serve swing,1,0.1633,Serve,95.2925,152.3396,-2.8185,1.0226,-12.6754,0.1036,1,1,Backhand prepare 1.00,0,9,-15.2788,-84.8479,0,0,Perfect,,-2.35,-12.35,1.95,11.2,0
1641,PlayerServeToss,None,1,-0.015,52,-4.45,2.535,-16.75,-2.3915,2.693,-12.2891,0,Serve swing,1,0.155,Serve,96.0165,153.0636,-2.8116,1.0355,-12.6522,0.0722,1,1,Backhand prepare 1.00,0,9,-15.2788,-84.8479,0,0,Perfect,,-2.35,-12.35,1.95,11.2,0
1642,PlayerServeToss,None,1,-0.015,52,-4.45,2.535,-16.75,-2.397,2.639,-12.2924,0,Serve swing,1,0.1383,Serve,96.8678,153.915,-2.7571,1.0792,-12.5542,0.1061,1,1,Backhand prepare 1.00,0,9,-15.2788,-84.8479,0,0,Perfect,,-2.35,-12.35,1.95,11.2,0
1643,PlayerServeToss,None,1,-0.015,52,-4.45,2.535,-16.75,-2.3997,2.611,-12.2941,0,Serve swing,1,0.13,Serve,98.8056,156.8163,-2.7033,1.107,-12.4381,0.3141,1,1,Backhand prepare 1.00,0,9,-15.2788,-84.8479,0,0,Perfect,,-2.35,-12.35,1.95,11.2,0
1644,PlayerServeToss,None,1,-0.015,52,-4.45,2.535,-16.75,-2.4052,2.553,-12.2974,0,Serve swing,1,0.1133,Serve,95.1271,160.5011,-2.5792,1.1682,-12.2892,0.2395,1,1,Backhand prepare 1.00,0,9,-15.2788,-84.8479,0,0,Perfect,,-2.35,-12.35,1.95,11.2,0
1645,PlayerServeToss,None,1,-0.015,52,-4.45,2.535,-16.75,-2.4079,2.5229,-12.299,0,Serve swing,1,0.105,Serve,93.5354,163.576,-2.5295,1.1876,-12.2854,1.1012,1,1,Backhand prepare 1.00,0,9,-15.2788,-84.8479,0,0,Perfect,,-2.35,-12.35,1.95,11.2,0
1646,PlayerServeToss,None,1,-0.015,52,-4.45,2.535,-16.75,-2.4134,2.4608,-12.3023,0,Serve swing,1,0.0883,Serve,85.7634,159.5941,-2.4568,1.243,-12.3992,2.2199,1,1,Backhand prepare 1.00,0,9,-15.2788,-84.8479,0,0,Perfect,,-2.35,-12.35,1.95,11.2,0
1647,PlayerServeToss,None,1,-0.015,52,-4.45,2.535,-16.75,-2.4161,2.4287,-12.3039,0,Serve swing,1,0.08,Serve,81.9908,154.7682,-2.4545,1.2733,-12.5092,6.6793,1,1,Backhand prepare 1.00,0,9,-15.2788,-84.8479,0,0,Perfect,,-2.35,-12.35,1.95,11.2,0
1648,PlayerServeToss,None,1,-0.015,52,-4.45,2.535,-16.75,-2.4216,2.3625,-12.3072,0,Serve swing,1,0.0633,Serve,70.9647,133.8704,-2.5708,1.3371,-12.7255,8.7783,1,1,Backhand prepare 1.00,0,9,-15.2788,-84.8479,0,0,Perfect,,-2.35,-12.35,1.95,11.2,0
1649,PlayerServeToss,None,1,-0.015,52,-4.45,2.535,-16.75,-2.4243,2.3284,-12.3089,0,Serve swing,1,0.055,Serve,62.409,117.8303,-2.557,1.5255,-12.6708,15.9981,1,1,Backhand prepare 1.00,0,9,-15.2788,-84.8479,0,0,Perfect,,-2.35,-12.35,1.95,11.2,0
1650,PlayerServeToss,None,1,-0.015,52,-4.45,2.535,-16.75,-2.4297,2.2581,-12.3122,0,Serve swing,1,0.0383,Serve,43.5229,88.8427,-2.329,1.8169,-12.2128,1.8321,1,1,Backhand prepare 1.00,0,9,-15.2788,-84.8479,0,0,Perfect,,-2.35,-12.35,1.95,11.2,0
1651,PlayerServeToss,None,1,-0.015,52,-4.45,2.535,-16.75,-2.4325,2.2219,-12.3138,0,Serve swing,1,0.03,Serve,44.5261,80.2779,-2.2447,1.8638,-12.0926,0,1,1,Backhand prepare 1.00,0,9,-15.2788,-84.8479,0,0,Perfect,,-2.35,-12.35,1.95,11.2,0
1652,PlayerServeToss,None,1,-0.015,52,-4.45,2.535,-16.75,-2.4379,2.1475,-12.3171,0,Serve swing,1,0.0133,Serve,34.3798,57.883,-2.0632,1.8882,-12.1517,0,1,1,Backhand prepare 1.00,0,9,-15.2788,-84.8479,0,0,Perfect,,-2.35,-12.35,1.95,11.2,0
1653,PlayerServeToss,None,1,-0.015,52,-4.45,2.535,-16.75,-2.4407,2.1093,-12.3187,0,Serve swing,1,0.005,Serve,29.7434,53.89,-2.123,1.8233,-12.3322,0,1,1,Backhand prepare 1.00,0,9,-15.2788,-84.8479,0,0,Perfect,,-2.35,-12.35,1.95,11.2,0
1654,Rally,None,1,-0.015,52.196,-4.0327,2.6624,-16.7511,-2.3816,2.1272,-11.9678,1,Serve swing,1,-0.0033,Serve,27.2474,50.0117,-2.2418,1.7415,-12.4239,0,1,1,Backhand prepare 1.00,0,9,-15.2788,-84.8479,0,0.2417,Perfect,,-2.35,-12.35,1.91,11.2,0.196
1655,Rally,None,1,-0.015,52.399,-3.6738,2.7702,-16.7512,-2.2694,2.1287,-11.5087,1,Serve follow,1,-0.02,Serve,26.7794,44.2795,-2.289,1.728,-12.4261,0,1,1,Backhand prepare 1.00,0,9,-11.4129,-78.6701,0.6002,0.1833,Perfect,,-2.3481,-12.3491,1.8299,11.2,0.203
1656,Rally,None,1,-0.015,52.6081,-3.3654,2.8648,-16.7501,-2.1572,2.1274,-11.0496,1,Serve follow,1,-0.0367,Serve,26.4945,37.6374,-2.2932,1.7218,-12.4049,0,1,1,Backhand prepare 1.00,0,9,-7.2813,-72.4564,0,0.125,Perfect,,-2.3438,-12.347,1.7498,11.2,0.2092
1657,Rally,None,1,-0.015,52.8226,-3.0935,2.9486,-16.7488,-1.9888,2.12,-10.3609,1,Serve follow,1,-0.0617,Serve,26.2408,27.959,-2.2468,1.7111,-12.3655,0,1,1,Backhand prepare 1.00,0,9,-2.9392,-66.2051,10.6217,0.0667,Perfect,,-2.3325,-12.3415,1.6297,11.2,0.2145
1658,Rally,None,1,-0.015,53.0418,-2.8556,3.0212,-16.7472,-1.8766,2.1115,-9.9018,1,Serve follow,1,-0.0783,Serve,28.2986,19.6616,-2.1988,1.6829,-12.315,0,1,1,Backhand prepare 1.00,0,9,1.5412,-59.9314,2.2407,0.0083,Perfect,,-2.3219,-12.3363,1.5496,11.2,0.2191
1659,Rally,None,1,-0.015,53.2649,-2.6479,3.0838,-16.7445,-1.7082,2.0933,-9.2131,1,Serve follow,1,-0.1033,Serve,29.249,10.7764,-2.0816,1.6506,-12.2795,0,1,1,Backhand prepare 1.00,0,9,6.1658,-53.7012,10.3403,0,Perfect,,-2.3013,-12.3262,1.4295,11.2,0.2232
1660,Rally,None,1,-0.015,53.4916,-2.4661,3.1382,-16.741,-1.596,2.0776,-8.754,1,Serve follow,1,-0.12,Serve,28.3418,8.7729,-2.1527,1.527,-12.1185,0,1,1,Backhand prepare 1.00,0,9,10.9169,-47.5803,0.5605,0,Perfect,,-2.2845,-12.318,1.3494,11.2,0.2267
1661,Rally,None,1,-0.015,53.7213,-2.3067,3.1854,-16.7367,-1.4838,2.059,-8.2949,1,Serve follow,1,-0.1367,Serve,27.059,5.925,-2.1115,1.4586,-12.0358,0,1,1,Backhand prepare 1.00,0,9,15.7851,-41.6451,6.6174,0,Perfect,,-2.2652,-12.3085,1.2693,11.2,0.2297
1662,Rally,None,1,-0.015,53.9537,-2.1657,3.2265,-16.7309,-1.3154,2.0257,-7.6062,1,Serve follow,1,-0.1617,Serve,23.8472,-1.1789,-2.0083,1.3115,-11.9741,0,1,1,Backhand prepare 1.00,0,9,20.8447,-35.9773,34.3677,0,Perfect,,-2.2315,-12.292,1.1492,11.2,0.2324
1663,Rally,None,1,-0.015,54.1884,-2.0413,3.2623,-16.7242,-1.2032,1.9999,-7.147,1,Serve follow,1,-0.1783,Serve,21.0516,2.654,-1.9065,1.2329,-11.9837,0,1,1,Backhand prepare 1.00,0,9,26.0596,-30.6235,0.2212,0,Perfect,,-2.2059,-12.2795,1.0691,11.2,0.2347
1664,Rally,None,1,-0.015,54.4251,-1.93,3.2933,-16.7156,-1.0348,1.9559,-6.4584,1,Serve follow,1,-0.2033,Serve,18.7334,-0.6264,-1.7808,1.0874,-12.0257,0,1,1,Backhand prepare 1.00,0,9,31.4412,-25.6172,0.6016,0,Perfect,,-2.1629,-12.2584,0.949,11.2,0.2367
1665,Rally,None,1,-0.015,54.6308,-1.831,3.3203,-16.7061,-0.9226,1.9229,-5.9992,1,Serve follow,1,-0.22,Serve,17.867,-3.3325,-1.6941,1.0154,-12.0595,0,1,1,Backhand prepare 1.00,0,9,37.0168,-20.9555,2.5362,0,Perfect,,-2.1311,-12.2429,1.029,11.2,0.2058
1666,Rally,None,1,-0.015,54.8097,-1.7424,3.3438,-16.6956,-0.8104,1.887,-5.5401,1,Serve follow,1,-0.2367,Serve,17.715,0.2828,-1.6161,0.9814,-12.1058,0,1,1,Backhand prepare 1.00,0,9,25.1181,-34.4279,6.8319,0,Perfect,,-2.0968,-12.2261,1.1091,11.2,0.1789
1667,Rally,None,1,-0.015,54.9652,-1.6614,3.3642,-16.683,-0.642,1.8279,-4.8514,1,Serve follow,1,-0.2617,Serve,16.9296,0.717,-1.5319,0.9492,-12.1545,5.2218,1,1,Backhand prepare 1.00,0,9,13.081,-47.7033,2.7226,0,Perfect,,-2.0406,-12.1986,1.2293,11.2,0.1555
1668,Rally,None,1,-0.015,55.1004,-1.5881,3.3819,-16.6694,-0.5298,1.7849,-4.3923,1,Serve follow,1,-0.2783,Serve,16.7265,2.5917,-1.4707,0.944,-12.1632,6.3066,1,1,Backhand prepare 1.00,0,9,0.0712,-61.9424,2.5232,0,Perfect,,-2.0001,-12.1788,1.3093,11.2,0.1352
1669,Rally,None,1,-0.015,55.2179,-1.5196,3.3974,-16.6533,-0.3614,1.7149,-3.7036,1,Serve follow,0,9,Serve,17.3545,6.0381,-1.3899,0.9531,-12.1224,4.8846,1,1,Backhand prepare 1.00,0,9,-13.8809,-77.4527,2.3378,0,Perfect,,-1.9346,-12.1467,1.4295,11.2,0.1175
1670,Rally,None,1,-0.015,55.3201,-1.4567,3.4108,-16.6364,-0.2492,1.6647,-3.2445,1,Run,0,9,Serve,20.3618,7.9359,-1.3418,0.9629,-12.078,5.3925,0.9167,0.8333,Forehand prepare 0.92,0,9,-58.8383,-15.3983,0,0,Perfect,,-1.8878,-12.1238,1.5095,11.2,0.1022
1671,Rally,None,1,-0.015,55.4089,-1.3985,3.4224,-16.6186,-0.137,1.6116,-2.7854,1,Run,0,9,Serve,21.7296,10.2921,-1.2991,0.9325,-12.0454,0,0.8333,0.6667,Forehand prepare 0.83,0,9,-53.4968,-9.821,14.9231,0,Perfect,,-1.8385,-12.0997,1.5896,11.2,0.0888
1672,Rally,None,1,-0.015,55.4861,-1.3423,3.4326,-16.598,0.0314,1.5265,-2.0967,1,Run,0,9,Serve,23.0406,12.7615,-1.2275,0.9054,-11.9969,0,0.75,0.5,Forehand prepare 0.75,0,9,-53.4202,-10.3969,5.1583,0,Perfect,,-1.7599,-12.0612,1.7098,11.2,0.0772
1673,Rally,None,1,-0.015,55.5533,-1.2894,3.4414,-16.5766,0.1436,1.4662,-1.6376,1,Run,0,9,Serve,24.3413,15.3069,-1.1801,0.8809,-11.961,0,0.6667,0.3333,Forehand prepare 0.62,0,9,-53.6394,-24.9606,2.3743,0,Perfect,,-1.7044,-12.0341,1.7898,11.2,0.0671
1674,Rally,None,1,-0.015,55.6116,-1.2371,3.449,-16.5523,0.312,1.3704,-0.9489,1,Run,0,9,Serve,25.7031,17.8751,-1.1014,0.858,-11.9115,0,0.5833,0.1667,Forehand prepare 0.54,0,9,-49.231,-31.1476,3.9218,0,Perfect,,-1.6165,-11.991,1.91,11.2,0.0584
1675,Rally,None,1,-0.015,55.6624,-1.1872,3.4557,-16.5273,0.4242,1.3029,-0.4898,1,Run,0,9,Serve,27.1936,20.4305,-1.0507,0.8348,-11.8786,0,0.5,0,Forehand prepare 0.59,0,9,-48.2372,-27.3642,0,0,Perfect,,-1.5547,-11.9608,1.99,11.2,0.0507
1676,Rally,None,1,-0.015,55.7065,-1.1393,3.4615,-16.5015,0.5364,1.2326,-0.0306,1,Run,0,9,Serve,28.8826,22.9559,-1.002,0.8094,-11.8502,0.9106,0.4167,0,Forehand prepare 0.62,0,9,-51.2846,-22.8384,0,0,Perfect,,-1.4918,-11.93,2.0701,11.2,0.0441
1677,Rally,None,1,-0.015,55.6589,-1.0909,3.4665,-16.4731,0.7048,1.1216,0.658,1,Run,0,9,Serve,30.8092,25.5091,-0.9256,0.7809,-11.812,5.2149,0.3333,0,Forehand prepare 0.66,0,9,-54.7349,-16.5344,0,0,Perfect,,-1.3975,-11.8839,2.1903,11.2,-0.0476
1678,Rally,None,1,-0.015,55.5575,-1.0442,3.4709,-16.4444,0.817,1.0441,1.1172,1,Run,0,9,Serve,32.932,28.3098,-0.8819,0.7693,-11.7911,5.4203,0.25,0,Forehand prepare 0.72,0,9,-51.6572,-8.2799,3.7098,0,Perfect,,-1.3346,-11.8531,2.2703,11.2,-0.1014
1679,Rally,None,1,-0.015,55.3794,-0.9969,3.4747,-16.4134,0.9854,0.9223,1.8058,1,Run,0,9,Serve,35.0133,30.8836,-0.8096,0.7468,-11.7562,0.2725,0.1667,0,Forehand prepare 0.75,0,9,-48.2838,-5.3058,0.6571,0,Perfect,,-1.2403,-11.807,2.3905,11.2,-0.1781
1680,Rally,None,1,-0.015,55.1646,-0.9513,3.478,-16.3824,1.0976,0.8376,2.265,1,Run,0,9,Serve,35.7027,30.1897,-0.7563,0.7587,-11.7413,0,0.0833,0,Forehand prepare 0.81,0,9,-50.4434,-6.0705,1.1636,0,Perfect,,-1.1775,-11.7762,2.4705,11.2,-0.2148
1681,Rally,None,1,-0.015,54.9178,-0.9071,3.4809,-16.3514,1.2098,0.75,2.7241,1,Run,0,9,Serve,36.1554,29.7336,-0.7005,0.7589,-11.7225,18.3504,0,0,Forehand prepare 0.85,0,9,-54.9972,-8.6778,1.7181,0,Perfect,,-1.1146,-11.7454,2.5506,11.2,-0.2467
1682,Rally,None,1,-0.015,54.6133,-0.8619,3.4834,-16.3185,1.3782,0.6132,3.4128,1,Run,0,9,Serve,36.3689,29.5172,-0.6121,0.7652,-11.6841,1.7935,0,0,Forehand prepare 0.88,0,9,-61.2559,-12.9535,2.2311,0,Perfect,,-1.0203,-11.6993,2.6708,11.2,-0.3045
1683,Rally,None,1,-0.015,54.2887,-0.8181,3.4855,-16.2858,1.4904,0.5184,3.8719,1,Run,0,9,Serve,36.2924,29.5921,-0.5063,0.7848,-11.6516,2.4214,0,0,Forehand prepare 0.94,0,9,-67.9699,-23.0361,3.6533,0,Perfect,,-0.9574,-11.6685,2.6838,11.2,-0.3247
1684,Rally,None,1,-0.015,53.9164,-0.7732,3.4874,-16.2514,1.6588,0.3708,4.5606,1,Run,0,9,Serve,35.9535,29.9316,-0.45,0.7711,-11.5539,0.5957,0,0,Forehand prepare 0.98,0,9,-54.5075,-18.6614,8.5567,0,Perfect,,-0.8631,-11.6224,2.6838,11.2,-0.3722
1685,Rally,None,1,-0.015,53.5329,-0.7297,3.4891,-16.2175,1.771,0.2688,5.0197,1,Run,0,9,Serve,35.3699,30.5173,-0.3789,0.7599,-11.5101,2.8913,0,0,Forehand prepare 1.00,0,9,-41.9474,-11.7777,7.9656,0,Perfect,,-0.8002,-11.5916,2.6838,11.2,-0.3836
1686,Rally,None,1,-0.015,53.1394,-0.6874,3.4905,-16.1839,1.8832,0.1639,5.4788,1,Run,0,9,Serve,34.6344,31.2578,-0.3064,0.73,-11.5055,3.5923,0,0,Forehand prepare 1.00,1,0.1833,-28.9947,1.9293,2.8632,0,Perfect,,-0.7373,-11.5608,2.6838,11.2,-0.3935
1687,Rally,None,1,-0.015,52.7293,-0.6438,3.4917,-16.1488,2.0486,0.1331,6.1551,1,Run,0,9,Serve,33.7999,32.1024,-0.2014,0.7404,-11.4406,0,0,0,Backhand swing,1,0.1604,7.2397,-57.5983,8.2634,0,Perfect,,-0.643,-11.5147,2.7239,11.2,-0.4101
1688,Rally,None,1,-0.015,52.3727,-0.6014,3.4928,-16.1142,2.1547,0.1971,6.5894,1,Run,0,9,Serve,32.9416,32.9748,-0.1301,0.7543,-11.3891,0,0,0,Backhand swing,1,0.1451,-3.9065,-70.1509,0.8997,0,Perfect,,-0.5801,-11.4839,2.804,11.2,-0.3566
1689,Rally,None,1,-0.015,52.0627,-0.5578,3.4938,-16.0781,2.314,0.2879,7.2409,1,Run,0,9,Serve,32.2017,33.7335,-0.0268,0.773,-11.3261,1.9063,0,0,Backhand swing,1,0.1222,-12.5846,-79.8084,9.7469,0,Perfect,,-0.4874,-11.4385,2.9241,11.2,-0.31
1690,Rally,None,1,-0.015,51.7933,-0.5157,3.4946,-16.0431,2.4202,0.345,7.6753,1,Run,0,9,Serve,31.6045,34.3548,0.0411,0.8057,-11.2847,2.3335,0,0,Backhand swing,1,0.1069,-22.8989,-90.8594,6.212,0,Perfect,,-0.4286,-11.4097,3.0042,11.2,-0.2695
1691,Rally,None,1,-0.015,51.559,-0.4751,3.4953,-16.009,2.5263,0.3993,8.1096,1,Run,0,9,Serve,31.2246,34.7621,0.1025,0.8383,-11.2515,1.1951,0,0,Backhand swing,1,0.0916,-31.7719,-100.415,4.6274,0,Perfect,,-0.3723,-11.3822,3.0842,11.2,-0.2343
1692,Rally,None,1,-0.015,51.3553,-0.4341,3.4959,-15.9743,2.6856,0.4754,8.7611,1,Run,0,9,Serve,31.0852,34.9312,0.1841,0.8489,-11.2106,0.248,0,0,Backhand swing,1,0.0687,-32.9173,-95.36,0.1428,0,Perfect,,-0.2925,-11.3432,3.2044,11.2,-0.2037
1693,Rally,None,1,-0.015,51.1783,-0.3948,3.4964,-15.9409,2.7918,0.5227,9.1954,1,Run,0,9,Serve,31.1142,34.933,0.2339,0.8458,-11.1867,0.3699,0,0,Backhand swing,1,0.0535,-35.3755,-88.898,0,0,Perfect,,-0.2425,-11.3187,3.2845,11.2,-0.1771
1694,Rally,None,1,-0.015,51.0243,-0.3556,3.4969,-15.9073,2.951,0.5884,9.8469,1,Run,0,9,Serve,31.3185,34.7609,0.3023,0.8321,-11.1559,0.1215,0,0,Backhand swing,1,0.0305,-37.3215,-78.6148,13.0768,0,Perfect,,-0.1721,-11.2842,3.4046,11.2,-0.1539
1695,Rally,None,1,-0.015,50.8905,-0.3183,3.4973,-15.8754,3.0572,0.6288,10.2813,1,Run,0,9,Serve,31.6381,34.472,0.3425,0.8171,-11.1402,0.1509,0,0,Backhand swing,1,0.0153,-40.7971,-68.4568,0.717,0,Perfect,,-0.1282,-11.2628,3.4537,11.2,-0.1338
1696,Rally,None,1,-0.015,51.558,-0.283,3.4977,-15.845,3.3089,0.6917,10.7141,1,Run,0,9,Serve,32.035,34.1037,0.3784,0.8102,-11.1269,1.2522,0,0,Backhand swing,1,0,-40.403,-54.1655,0.5256,0,Perfect,R;,-0.0869,-11.2425,3.4537,11.2,0.6675
1697,Rally,None,1,-0.015,52.1383,-0.2495,3.498,-15.816,3.2932,0.7649,10.4129,1,Run,0,9,Serve,32.4758,33.6897,0.4101,0.8066,-11.1157,8.0799,0,0,Backhand swing,1,-0.0167,-32.3927,-35.5564,3.4422,0,Perfect,,-0.0481,-11.2235,3.3736,11.2,0.5803
1698,Rally,None,1,-0.015,52.6428,-0.2177,3.4982,-15.7886,3.2776,0.8355,10.1117,1,Run,0,9,Serve,32.9428,33.2483,0.4377,0.7998,-11.1064,0.1794,0,0,Backhand follow,1,-0.0333,-25.5475,-22.4837,4.2856,0,Perfect,,-0.0117,-11.2057,3.2935,11.2,0.5045
1699,Rally,None,1,-0.015,53.0814,-0.1865,3.4985,-15.7615,3.2541,0.9365,9.6598,1,Run,0,9,Serve,33.387,32.828,0.4806,0.79,-11.0906,0.1157,0,0,Backhand follow,1,-0.0583,-12.8877,-0.1955,10.4236,0,Perfect,,0.0381,-11.1814,3.1734,11.2,0.4386
1700,Rally,None,1,-0.015,53.4627,-0.1573,3.4987,-15.736,3.2385,1.0006,9.3586,1,Run,0,9,Serve,33.7854,32.4506,0.5057,0.7767,-11.0841,1.1118,0,0,Backhand follow,1,-0.075,2.2774,19.1053,5.8075,0,Perfect,,0.0682,-11.1666,3.0933,11.2,0.3813
1701,Rally,None,1,-0.015,53.7942,-0.1284,3.4988,-15.7115,3.215,1.0918,8.9068,1,Run,0,9,Serve,34.1575,32.0974,0.5484,0.7603,-11.0732,7.2043,0,0,Backhand follow,1,-0.1,17.8052,40.4935,0,0,Perfect,,0.1155,-11.1478,2.9732,11.2,0.3315
1702,Rally,None,1,-0.015,54.0824,-0.1009,3.499,-15.6887,3.1993,1.1494,8.6055,1,Run,0,9,Serve,37.6272,34.9205,0.5851,0.7459,-11.1028,3.186,0,0,Backhand follow,1,-0.1167,34.481,55.7034,7.093,0,Perfect,,0.1495,-11.1377,2.8931,11.2,0.2882
1703,Rally,None,1,-0.015,54.3329,-0.0744,3.4991,-15.6679,3.1837,1.2044,8.3043,1,Run,0,9,Serve,40.0914,36.657,0.6199,0.7453,-11.1245,0.7008,0,0,Backhand follow,1,-0.1333,49.4188,71.3444,3.6672,0,Perfect,,0.1855,-11.1295,2.813,11.2,0.2505
1704,Rally,None,1,-0.015,54.5507,-0.0472,3.4992,-15.6487,3.1602,1.2821,7.8525,1,Run,0,9,Serve,42.5687,38.4031,0.6751,0.7503,-11.1458,0.1874,0,0,Backhand follow,1,-0.1583,61.2319,86.2021,1.0435,0,Perfect,,0.2431,-11.121,2.6929,11.2,0.2178
1705,Rally,None,1,-0.015,54.74,-0.0206,3.4993,-15.6316,3.1446,1.3306,7.5513,1,Run,0,9,Serve,46.1467,41.2499,0.7132,0.7528,-11.1833,1.0759,0,0,Backhand follow,1,-0.175,62.9094,90.7315,1.39,0,Perfect,,0.2838,-11.1179,2.6128,11.2,0.1893
1706,Rally,None,1,-0.015,54.9046,0.0071,3.4994,-15.6167,3.1211,1.3985,7.0994,1,Run,0,9,Serve,48.7481,43.0445,0.7709,0.7514,-11.2134,4.8786,0,0,Backhand follow,1,-0.2,63.4428,97.7702,0.0267,0,Perfect,,0.3482,-11.1172,2.4927,11.2,0.1646
1707,Rally,None,1,-0.015,55.0477,0.0344,3.4995,-15.604,3.1054,1.4405,6.7982,1,Run,0,9,Serve,51.2219,44.6388,0.8058,0.7472,-11.2452,0.6601,0,0,Backhand follow,1,-0.2167,63.4883,102.4866,0,0,Perfect,,0.3933,-11.1196,2.4126,11.2,0.1431
1708,Rally,None,1,-0.015,55.1721,0.0615,3.4996,-15.5936,3.0898,1.4799,6.497,1,Run,0,9,Serve,49.4593,42.3338,0.8437,0.7485,-11.2368,1.3469,0,0,Backhand follow,1,-0.2333,64.1525,105.233,2.7983,0,Perfect,,0.44,-11.1241,2.3325,11.2,0.1244
1709,Rally,None,1,-0.015,55.2803,0.0904,3.4996,-15.586,3.0663,1.5342,6.0451,1,Run,0,9,Serve,47.8224,40.3919,0.9114,0.7467,-11.2349,0.3295,0,0,Backhand follow,1,-0.2583,65.219,108.037,2.1164,0,Perfect,,0.513,-11.1353,2.2124,11.2,0.1082
1710,Rally,None,1,-0.015,55.3743,0.119,3.4997,-15.5807,3.0507,1.5671,5.7439,1,Run,0,9,Serve,45.4601,38.0647,1.0041,0.759,-11.2235,1.2317,0,0,Backhand follow,1,-0.275,66.503,107.7329,4.3127,0,Perfect,,0.5634,-11.1457,2.1323,11.2,0.094
1711,Rally,None,1,-0.015,55.4561,0.1496,3.4997,-15.5788,3.0272,1.6116,5.2921,1,Run,0,9,Serve,43.9533,36.808,1.1179,0.7673,-11.236,0.3044,0,0,Backhand follow,0,9,66.8575,106.9653,1.4241,0,Perfect,,0.6415,-11.1659,2.0122,11.2,0.0817
1712,Rally,None,1,-0.015,55.5271,0.18,3.4998,-15.5793,3.0115,1.6381,4.9908,1,Run,0,9,Serve,41.7596,35.2287,1.1757,0.7609,-11.2263,2.0681,0,0,Run,0,9,52.5673,47.422,2.6937,0,Perfect,,0.6951,-11.1826,1.9321,11.2,0.0711
1713,Rally,None,1,-0.015,55.5889,0.2103,3.4998,-15.5822,2.9959,1.6619,4.6896,1,Run,0,9,Serve,40.1355,34.5406,1.2028,0.745,-11.2169,1.5366,0,0,Run,0,9,52.0995,47.9664,2.2883,0,Perfect,,0.7496,-11.2018,1.852,11.2,0.0618
1714,Rally,None,1,-0.015,55.6426,0.2427,3.4998,-15.5892,2.9724,1.6928,4.2378,1,Run,0,9,Serve,38.3492,34.1275,1.2542,0.7316,-11.2225,1.8915,0,0,Run,0,9,51.4184,48.7238,2.0916,0,Perfect,,0.8328,-11.2356,1.7319,11.2,0.0537
1715,Rally,None,1,-0.015,55.6893,0.2749,3.4998,-15.5986,2.9568,1.7101,3.9365,1,Run,0,9,Serve,35.9181,33.3932,1.3216,0.7354,-11.2112,3.4659,0,0,Run,0,9,50.4805,49.7372,0,0,Perfect,,0.889,-11.2616,1.6518,11.2,0.0467
1716,Rally,None,1,-0.015,55.7299,0.3089,3.4999,-15.6126,2.9333,1.7313,3.4847,1,Run,0,9,Serve,34.0385,33.2279,1.4163,0.7595,-11.2242,2.1822,0,0,Run,0,9,49.4591,50.8331,0,0,Perfect,,0.9737,-11.3057,1.5317,11.2,0.0406
1717,Rally,None,1,-0.015,55.7652,0.3426,3.4999,-15.6291,2.9176,1.7421,3.1835,1,Run,0,9,Serve,31.5315,32.6818,1.4795,0.8012,-11.219,0.4882,0,0,Run,0,9,48.565,51.8006,0,0,Perfect,,1.0298,-11.3385,1.4516,11.2,0.0353
1718,Rally,None,1,-0.015,55.7959,0.3758,3.4999,-15.648,2.902,1.7504,2.8822,1,Run,0,9,Serve,29.6247,32.5497,1.5458,0.8297,-11.2249,1.7712,0,0,Run,0,9,47.7472,52.6903,0.9004,0,Perfect,,1.0853,-11.3741,1.3715,11.2,0.0307
1719,Rally,None,1,-0.015,55.8225,0.4105,3.4999,-15.6721,2.8785,1.7579,2.4304,1,Run,0,9,Serve,27.9264,32.1877,1.6318,0.845,-11.258,0.3372,0,0,Run,0,9,47.2515,53.2556,2.6336,0,Perfect,,1.1662,-11.432,1.2514,11.2,0.0267
1720,Rally,None,1,-0.015,55.8457,0.4444,3.4999,-15.6983,2.8629,1.7597,2.1292,1,Run,0,9,Serve,25.8683,31.1278,1.6815,0.8502,-11.2719,1.6065,0,0,Run,0,9,47.0939,53.4811,4.1418,0,Perfect,,1.2178,-11.4732,1.1713,11.2,0.0232
1721,Rally,None,1,-0.015,55.8659,0.4791,3.4999,-15.7296,2.8394,1.7575,1.6773,1,Run,0,9,Serve,24.6323,30.3331,1.7501,0.8471,-11.3214,11.8668,0,0,Run,0,9,47.2454,53.3957,1.801,0,Perfect,,1.2907,-11.5376,1.0512,11.2,0.0202
1722,Rally,None,1,-0.015,55.8834,0.5125,3.4999,-15.7625,2.8237,1.7527,1.3761,1,Run,0,9,Serve,23.2978,28.818,1.7896,0.8551,-11.3504,0.2928,0,0,Run,0,9,47.7659,52.9387,0.626,0,Perfect,,1.336,-11.5814,0.9711,11.2,0.0175
1723,Rally,None,1,-0.015,55.8986,0.5446,3.4999,-15.7968,2.8081,1.7454,1.0749,1,Run,0,9,Serve,22.8394,27.5724,1.8291,0.8653,-11.3911,1.7614,0,0,Run,0,9,48.5746,52.1905,0.7388,0,Perfect,,1.3785,-11.6253,0.891,11.2,0.0152
1724,Rally,None,1,-0.015,55.9119,0.5767,3.5,-15.8352,2.7846,1.7295,0.623,1,Forehand prepare 0.03,0,9,Serve,25.4992,23.4937,1.8396,0.9037,-11.3883,11.3944,0.2083,0.1667,Run,0,9,49.4662,51.3563,0.9564,0,Perfect,,1.4371,-11.6903,0.7709,11.2,0.0132
1725,Rally,None,1,-0.015,55.9234,0.6072,3.5,-15.8741,2.769,1.7157,0.3218,1,Forehand prepare 0.08,0,9,Serve,33.9595,25.7016,1.8713,0.8463,-11.5697,8.1499,0.4167,0.3333,Run,0,9,50.5055,50.3714,8.7932,0,Perfect,,1.4728,-11.7328,0.6908,11.2,0.0115
1726,Rally,None,1,-0.015,55.9334,0.6372,3.5,-15.9159,2.7455,1.6901,-0.13,1,Forehand prepare 0.11,0,9,Serve,37.9529,29.2756,1.9258,0.8219,-11.7237,0.8948,0.625,0.5,Run,0,9,51.4111,49.516,0.2281,0,Perfect,,1.5216,-11.7946,0.5707,11.2,0.01
1727,Rally,None,1,-0.015,55.9394,0.6654,3.5,-15.9575,2.7298,1.6698,-0.4313,1,Forehand prepare 0.16,0,9,Serve,38.9782,30.1184,1.9595,0.8042,-11.8424,7.5317,0.8333,0.6667,Run,0,9,52.11,48.8638,0.9595,0,Perfect,,1.5509,-11.8344,0.4906,11.2,0.006
1728,Rally,None,1,-0.015,55.9366,0.6918,3.5,-15.9987,2.7142,1.6469,-0.7325,1,Forehand prepare 0.19,0,9,Serve,43.2983,32.2411,1.9732,0.8028,-11.9155,3.0644,1,0.8333,Run,0,9,52.5781,48.4386,1.1463,0,Perfect,,1.5778,-11.8728,0.4105,11.2,-0.0027
1729,Rally,None,1,-0.015,55.9223,0.7174,3.5,-16.0416,2.6907,1.6077,-1.1843,1,Forehand prepare 0.22,0,9,Serve,45.9863,34.9239,1.999,0.7876,-11.9886,3.0674,1,1,Run,0,9,52.6516,48.4032,0.4156,0,Perfect,,1.6141,-11.9272,0.2904,11.2,-0.0143
1730,Rally,None,1,-0.015,55.9018,0.7412,3.5,-16.0834,2.6751,1.5783,-1.4855,1,Forehand prepare 0.27,0,9,Serve,46.7721,37.1706,2.0126,0.7714,-12.0399,2.2066,1,1,Run,0,9,52.3716,48.717,1.9184,0,Perfect,,1.6358,-11.9611,0.2103,11.2,-0.0205
1731,Rally,None,1,-0.015,55.8717,0.764,3.5,-16.1258,2.6516,1.5293,-1.9374,1,Forehand prepare 0.31,0,9,Serve,47.1992,39.0145,2.0773,0.7728,-12.1101,0.4621,1,1,Run,0,9,51.8312,49.2863,2.0616,0,Perfect,,1.6648,-12.008,0.0902,11.2,-0.03
1732,Rally,None,1,-0.015,55.8374,0.785,3.5,-16.1664,2.6359,1.4934,-2.2386,1,Forehand prepare 0.36,0,9,Serve,46.6807,42.334,2.162,0.8017,-12.179,0.6271,1,1,Run,0,9,50.9678,50.1735,0,0,Perfect,,1.6819,-12.0367,0.0101,11.2,-0.0343
1733,Rally,None,1,-0.015,55.7993,0.8044,3.5,-16.2052,2.6203,1.4549,-2.5398,1,Forehand prepare 0.39,0,9,Serve,45.131,44.3738,2.2171,0.8413,-12.2308,0.1918,1,1,Run,0,9,49.9896,51.17,0,0,Perfect,,1.6972,-12.0632,0,11.2,-0.0381
1734,Rally,None,1,-0.015,55.7536,0.8227,3.5,-16.2435,2.5968,1.3923,-2.9917,1,Forehand prepare 0.42,0,9,Serve,42.0064,45.4637,2.2619,0.8877,-12.2746,4.142,1,1,Ready,0,9,44.6669,44.8981,4.6205,0,Perfect,,1.7169,-12.0989,0,11.2,-0.0457
1735,Rally,None,1,-0.015,55.7055,0.8394,3.5,-16.2797,2.5812,1.3473,-3.2929,1,Forehand prepare 0.47,0,9,Serve,43.6788,54.384,2.2674,0.9544,-12.404,0,1,1,Ready,0,9,39.6769,38.7007,2.1322,0,Perfect,,1.728,-12.1199,0,11.2,-0.0481
1736,Rally,None,1,-0.015,55.6508,0.8549,3.5,-16.3146,2.5577,1.275,-3.7447,1,Forehand prepare 0.51,0,9,Serve,47.3908,59.671,2.2486,1,-12.5143,0,1,1,Ready,0,9,35.066,32.6346,1.7568,0,Perfect,,1.7414,-12.1473,0,11.2,-0.0546
1737,Rally,None,1,-0.015,55.5947,0.8688,3.5,-16.347,2.542,1.2235,-4.046,1,Forehand prepare 0.56,0,9,Serve,53.2383,64.6642,2.1801,1.0654,-12.6088,0.5699,1,1,Ready,0,9,30.8092,26.7707,2.1162,0,Perfect,,1.7484,-12.1627,0,11.2,-0.0561
1738,Rally,None,1,-0.015,55.5373,0.8813,3.5,-16.3769,2.5264,1.1694,-4.3472,1,Forehand prepare 0.60,0,9,Serve,55.7242,70.8022,2.1007,1.1063,-12.6702,0.4075,1,1,Ready,0,9,26.7726,21.2051,1.7736,0,Perfect,,1.7537,-12.1759,0,11.2,-0.0574
1739,Rally,None,1,-0.015,55.4742,0.8925,3.5,-16.405,2.5029,1.0834,-4.799,1,Forehand prepare 0.63,0,9,Serve,55.2183,78.9414,2.003,1.1776,-12.7299,1.0734,1,1,Ready,0,9,22.8736,15.9445,1.0007,0,Perfect,,1.7587,-12.1914,0,11.2,-0.0631
1740,Rally,None,1,-0.015,55.4105,0.9024,3.5,-16.4303,2.4873,1.0229,-5.1003,1,Forehand prepare 0.68,0,9,Serve,52.9962,86.2869,1.881,1.2516,-12.7784,4.2709,1,1,Ready,0,9,18.9333,11.0013,1.3509,0,Perfect,,1.7601,-12.1989,0,11.2,-0.0637
1741,Rally,None,1,-0.015,55.3417,0.9109,3.5,-16.4532,2.4638,0.9271,-5.5521,1,Forehand prepare 0.72,0,9,Serve,55.9651,88.3096,1.7919,1.2794,-12.8033,13.236,1,1,Ready,0,9,18.2026,10.8508,0.2884,0,Perfect,,1.7592,-12.2058,0,11.2,-0.0688
1742,Rally,None,1,-0.015,55.2729,0.9181,3.5,-16.4734,2.4481,0.8601,-5.8533,1,Forehand prepare 0.77,0,9,Serve,59.0149,89.4718,1.6996,1.2638,-12.8064,1.5127,1,1,Ready,0,9,18.175,11.7111,0.0325,0,Perfect,,1.7568,-12.2075,0,11.2,-0.0688
1743,Rally,None,1,-0.015,55.204,0.9241,3.5,-16.4908,2.4325,0.7904,-6.1546,1,Forehand prepare 0.81,0,9,Serve,59.2248,91.3903,1.6407,1.2438,-12.7931,0.721,1,1,Ready,0,9,18.1638,12.3717,0.0492,0,Perfect,,1.7528,-12.2069,0,11.2,-0.0689
1744,Rally,None,1,-0.015,55.1303,0.9287,3.5,-16.5053,2.409,0.6811,-6.6064,1,Forehand prepare 0.85,0,9,Serve,56.2494,91.4327,1.6044,1.1898,-12.7744,1.1758,1,1,Ready,0,9,18.366,12.7166,0.0395,0,Perfect,,1.744,-12.2015,0,11.2,-0.0737
1745,Rally,None,1,-0.015,55.057,0.9321,3.5,-16.517,2.3934,0.6049,-6.9076,1,Forehand prepare 0.90,0,9,Serve,43.5634,82.0356,1.6342,1.038,-12.7589,1.4885,1,1,Ready,0,9,18.6363,12.8865,0,0,Perfect,,1.7363,-12.195,0,11.2,-0.0733
1746,Rally,None,1,-0.015,54.9792,0.9341,3.5,-16.5253,2.3699,0.4858,-7.3595,1,Forehand prepare 0.94,0,9,Serve,31.8175,68.0128,1.7426,0.8814,-12.6982,0.5858,1,1,Ready,0,9,18.9376,12.9852,0,0,Perfect,,1.7221,-12.1808,0,11.2,-0.0778
1747,Rally,None,1,-0.015,54.9022,0.935,3.5,-16.5309,2.3542,0.4032,-7.6607,1,Forehand prepare 1.00,0,9,Serve,14.8776,44.6841,1.9504,0.7326,-12.4321,2.1193,1,1,Ready,0,9,19.1557,12.9878,0,0,Perfect,,1.7108,-12.1683,0,11.2,-0.0771
1748,Rally,None,1,-0.015,54.8257,0.9349,3.5,-16.5339,2.3386,0.318,-7.9619,1,Forehand prepare 1.00,0,9,Serve,11.4951,40.3685,1.9814,0.7263,-12.3746,0.65,1,1,Ready,0,9,19.173,12.9087,11.4924,0,Perfect,,1.6982,-12.1534,0,11.2,-0.0765
1749,Rally,None,1,-0.015,54.7447,0.9332,3.5,-16.5329,2.3151,0.1852,-8.4138,1,Forehand prepare 1.00,1,0.1562,LowPickup,15.1651,44.2768,1.9618,0.7556,-12.3987,0.5013,1,1,Ready,0,9,18.9807,12.733,0.1117,0,Perfect,,1.6768,-12.1265,0,11.2,-0.0809
1750,Rally,Ultimate,0,-0.015,54.6705,0.9306,3.5,-16.5293,2.2995,0.1,-8.715,1,Forehand swing,1,0.1395,LowPickup,6.6558,35.4036,1.9936,0.7171,-12.2717,0.6293,1,1,Ready,0,9,18.4895,12.4516,0.0942,0,Perfect,,1.6609,-12.1055,0,11.2,-0.0742
1751,Rally,Ultimate,0,-0.015,34,2.0609,1.535,-10.3064,2.2995,0.1,-8.715,1,Forehand swing,1,0.1395,LowPickup,3.3796,29.7686,2.0219,0.7244,-12.2201,0.36,1,1,Ready,0,9,17.8306,12.0635,0.2426,0,Perfect,,1.6609,-12.1055,0,11.2,-20.6705
1752,Rally,Ultimate,0,-0.015,34,2.0609,1.535,-10.3092,2.2995,0.1,-8.715,1,Forehand swing,1,0.1395,LowPickup,2.7129,27.713,2.0285,0.7227,-12.203,0,1,1,Ready,0,9,17.8306,12.0635,0,0,Perfect,,1.6609,-12.1055,0,11.2,0
1753,Rally,Ultimate,0,-0.015,34,2.0609,1.535,-10.3136,2.2995,0.1,-8.715,1,Forehand swing,1,0.1395,LowPickup,2.0463,25.6635,2.0345,0.7212,-12.1856,0,1,1,Ready,0,9,17.8306,12.0635,0,0,Perfect,,1.6609,-12.1055,0,11.2,0
1754,Rally,Ultimate,0,-0.015,34,2.0609,1.535,-10.3196,2.2995,0.1,-8.715,1,Forehand swing,1,0.1395,LowPickup,1.3796,23.6211,2.0397,0.72,-12.168,0,1,1,Ready,0,9,17.8306,12.0635,0,0,Perfect,,1.6609,-12.1055,0,11.2,0
1755,Rally,Ultimate,0,-0.015,34,2.0609,1.535,-10.3271,2.2995,0.1,-8.715,1,Forehand swing,1,0.1395,LowPickup,0.7129,21.5854,2.0443,0.7191,-12.15,0,1,1,Ready,0,9,17.8306,12.0635,0,0,Perfect,,1.6609,-12.1055,0,11.2,0
1756,Rally,Ultimate,0,-0.015,34,2.0609,1.535,-10.336,2.2995,0.1,-8.715,1,Forehand swing,1,0.1395,LowPickup,0.0463,19.5568,2.0482,0.7184,-12.1318,0,1,1,Ready,0,9,17.8306,12.0635,0,0,Perfect,,1.6609,-12.1055,0,11.2,0
1757,Rally,Ultimate,0,-0.015,34,2.0609,1.535,-10.346,2.2995,0.1,-8.715,1,Forehand swing,1,0.1395,LowPickup,-0.6204,17.5353,2.0514,0.7181,-12.1134,0,1,1,Ready,0,9,17.8306,12.0635,0,0,Perfect,,1.6609,-12.1055,0,11.2,0
1758,Rally,Ultimate,0,-0.015,34,2.0609,1.535,-10.3572,2.2995,0.1,-8.715,1,Forehand swing,1,0.1395,LowPickup,-1.2871,15.5207,2.054,0.718,-12.0949,0,1,1,Ready,0,9,17.8306,12.0635,0,0,Perfect,,1.6609,-12.1055,0,11.2,0
1759,Rally,Ultimate,0,-0.015,34,2.0609,1.535,-10.3694,2.2995,0.1,-8.715,1,Forehand swing,1,0.1395,LowPickup,-1.9537,13.5126,2.0559,0.7181,-12.0764,0,1,1,Ready,0,9,17.8306,12.0635,0,0,Perfect,,1.6609,-12.1055,0,11.2,0
1760,Rally,Ultimate,0,-0.015,34,2.0609,1.535,-10.3824,2.2995,0.1,-8.715,1,Forehand swing,1,0.1395,LowPickup,-2.6204,11.5104,2.0571,0.7185,-12.0579,0,1,1,Ready,0,9,17.8306,12.0635,0,0,Perfect,,1.6609,-12.1055,0,11.2,0
1761,Rally,Ultimate,0,-0.015,34,2.0609,1.535,-10.3962,2.2995,0.1,-8.715,1,Forehand swing,1,0.1395,LowPickup,-3.2871,9.513,2.0578,0.719,-12.0395,0,1,1,Ready,0,9,17.8306,12.0635,0,0,Perfect,,1.6609,-12.1055,0,11.2,0
1762,Rally,Ultimate,0,-0.015,34,2.0609,1.535,-10.4106,2.2995,0.1,-8.715,1,Forehand swing,1,0.1395,LowPickup,-3.9537,7.5196,2.0579,0.7197,-12.0213,0,1,1,Ready,0,9,17.8306,12.0635,0,0,Perfect,,1.6609,-12.1055,0,11.2,0
1763,Rally,Ultimate,0,-0.015,34,2.0609,1.535,-10.4256,2.2995,0.1,-8.715,1,Forehand swing,1,0.1395,LowPickup,-4.6204,5.5292,2.0574,0.7206,-12.0031,0,1,1,Ready,0,9,17.8306,12.0635,0,0,Perfect,,1.6609,-12.1055,0,11.2,0
1764,Rally,Ultimate,0,-0.015,34,2.0609,1.535,-10.441,2.2995,0.1,-8.715,1,Forehand swing,1,0.1395,LowPickup,-5.2871,3.5409,2.0564,0.7215,-11.9852,0,1,1,Ready,0,9,17.8306,12.0635,0,0,Perfect,,1.6609,-12.1055,0,11.2,0
1765,Rally,Ultimate,0,-0.015,34,2.0609,1.535,-10.4567,2.2995,0.1,-8.715,1,Forehand swing,1,0.1395,LowPickup,-5.9537,1.5539,2.0548,0.7225,-11.9675,0,1,1,Ready,0,9,17.8306,12.0635,0,0,Perfect,,1.6609,-12.1055,0,11.2,0
1766,Rally,Ultimate,0,-0.015,34,2.0609,1.535,-10.4725,2.2995,0.1,-8.715,1,Forehand swing,1,0.1395,LowPickup,-6.6204,-0.4326,2.0528,0.7235,-11.95,0,1,1,Ready,0,9,17.8306,12.0635,0,0,Perfect,,1.6609,-12.1055,0,11.2,0
1767,Rally,Ultimate,0,-0.015,34,2.0609,1.535,-10.4884,2.2995,0.1,-8.715,1,Forehand swing,1,0.1395,LowPickup,-7.2871,-2.4193,2.0502,0.7245,-11.9327,0,1,1,Ready,0,9,17.8306,12.0635,0,0,Perfect,,1.6609,-12.1055,0,11.2,0
1768,Rally,Ultimate,0,-0.015,34,2.0609,1.535,-10.5043,2.2995,0.1,-8.715,1,Forehand swing,1,0.1395,LowPickup,-7.9537,-4.4066,2.0471,0.7256,-11.9157,0,1,1,Ready,0,9,17.8306,12.0635,0,0,Perfect,,1.6609,-12.1055,0,11.2,0
1769,Rally,Ultimate,0,-0.015,34,2.0609,1.535,-10.5199,2.2995,0.1,-8.715,1,Forehand swing,1,0.1395,LowPickup,-8.6204,-6.3947,2.0434,0.7266,-11.8989,0,1,1,Ready,0,9,17.8306,12.0635,0,0,Perfect,,1.6609,-12.1055,0,11.2,0
1770,Rally,Ultimate,0,-0.015,34,2.0609,1.535,-10.5353,2.2995,0.1,-8.715,1,Forehand swing,1,0.1395,LowPickup,-9.2871,-8.384,2.0393,0.7277,-11.8824,0,1,1,Ready,0,9,17.8306,12.0635,0,0,Perfect,,1.6609,-12.1055,0,11.2,0
1771,Rally,Ultimate,0,-0.015,34,2.0609,1.535,-10.5503,2.2995,0.1,-8.715,1,Forehand swing,1,0.1395,LowPickup,-9.9538,-10.3744,2.0346,0.7288,-11.866,0,1,1,Ready,0,9,17.8306,12.0635,0,0,Perfect,,1.6609,-12.1055,0,11.2,0
1772,Rally,Ultimate,0,-0.015,34,2.0609,1.535,-10.5647,2.2995,0.1,-8.715,1,Forehand swing,1,0.1395,LowPickup,-9.9538,-10.3771,2.0353,0.7275,-11.8668,0,1,1,Ready,0,9,17.8306,12.0635,0,0,Perfect,,1.6609,-12.1055,0,11.2,0
1773,Rally,Ultimate,0,-0.015,34,2.0609,1.535,-10.5785,2.2995,0.1,-8.715,1,Forehand swing,1,0.1395,LowPickup,-9.9538,-10.3795,2.036,0.7264,-11.8676,0,1,1,Ready,0,9,17.8306,12.0635,0,0,Perfect,,1.6609,-12.1055,0,11.2,0
1774,Rally,Ultimate,0,-0.015,34,2.0609,1.535,-10.5916,2.2995,0.1,-8.715,1,Forehand swing,1,0.1395,LowPickup,-9.9538,-10.3814,2.0365,0.7254,-11.8682,0,1,1,Ready,0,9,17.8306,12.0635,0,0,Perfect,,1.6609,-12.1055,0,11.2,0
1775,Rally,Ultimate,0,-0.015,34,2.0609,1.535,-10.6037,2.2995,0.1,-8.715,1,Forehand swing,1,0.1395,LowPickup,-9.9538,-10.3827,2.037,0.7247,-11.8686,0,1,1,Ready,0,9,17.8306,12.0635,0,0,Perfect,,1.6609,-12.1055,0,11.2,0
1776,Rally,Ultimate,0,-0.015,34,2.0609,1.535,-10.6149,2.2995,0.1,-8.715,1,Forehand swing,1,0.1395,LowPickup,-9.9538,-10.3835,2.0372,0.7243,-11.8689,0,1,1,Ready,0,9,17.8306,12.0635,0,0,Perfect,,1.6609,-12.1055,0,11.2,0
1777,Rally,Ultimate,0,-0.015,34,2.0609,1.535,-10.625,2.2995,0.1,-8.715,1,Forehand swing,1,0.1395,LowPickup,-9.9538,-10.3837,2.0373,0.7241,-11.869,0,1,1,Ready,0,9,17.8306,12.0635,0,0,Perfect,,1.6609,-12.1055,0,11.2,0
1778,Rally,Ultimate,0,-0.015,34,2.0609,1.535,-10.6338,2.2995,0.1,-8.715,1,Forehand swing,1,0.1395,LowPickup,-9.9538,-10.3836,2.0373,0.7242,-11.8689,0,1,1,Ready,0,9,17.8306,12.0635,0,0,Perfect,,1.6609,-12.1055,0,11.2,0
1779,Rally,Ultimate,0,-0.015,34,2.0609,1.535,-10.6413,2.2995,0.1,-8.715,1,Forehand swing,1,0.1395,LowPickup,-9.9538,-10.383,2.0371,0.7245,-11.8687,0,1,1,Ready,0,9,17.8306,12.0635,0,0,Perfect,,1.6609,-12.1055,0,11.2,0
1780,Rally,Ultimate,0,-0.015,34,2.0609,1.535,-10.6473,2.2995,0.1,-8.715,1,Forehand swing,1,0.1395,LowPickup,-9.9538,-10.3821,2.0368,0.725,-11.8684,0,1,1,Ready,0,9,17.8306,12.0635,0,0,Perfect,,1.6609,-12.1055,0,11.2,0
1781,Rally,Ultimate,0,-0.015,34,2.0609,1.535,-10.6518,2.2995,0.1,-8.715,1,Forehand swing,1,0.1395,LowPickup,-9.9538,-10.3806,2.0364,0.7258,-11.8679,0,1,1,Ready,0,9,17.8306,12.0635,0,0,Perfect,,1.6609,-12.1055,0,11.2,0
1782,Rally,Ultimate,0,-0.015,34,2.0609,1.535,-10.6545,2.2995,0.1,-8.715,1,Forehand swing,1,0.1395,LowPickup,-9.9538,-10.3786,2.0358,0.7268,-11.8672,0,1,1,Ready,0,9,17.8306,12.0635,0,0,Perfect,,1.6609,-12.1055,0,11.2,0
1783,Rally,Ultimate,0,-0.015,43,3.4609,0.835,-9.8055,2.2995,0.1,-8.715,1,Forehand swing,1,0.1395,LowPickup,-9.9538,-10.3763,2.0352,0.7279,-11.8665,0,1,1,Ready,0,9,17.8306,12.0635,0,0,Perfect,,1.6609,-12.1055,0,11.2,9
1784,Rally,Ultimate,0,-0.015,43,3.44,0.835,-9.8055,2.2995,0.1,-8.715,1,Forehand swing,1,0.1395,LowPickup,-9.9538,-10.3736,2.0345,0.7292,-11.8657,0,1,1,Ready,0,9,17.8306,12.0635,0,0,Perfect,,1.6609,-12.1055,0,11.2,0
1785,Rally,Ultimate,0,-0.015,43,3.4192,0.835,-9.8055,2.2995,0.1,-8.715,1,Forehand swing,1,0.1395,LowPickup,-9.9538,-10.3705,2.0337,0.7305,-11.8649,0,1,1,Ready,0,9,17.8306,12.0635,0,0,Perfect,,1.6609,-12.1055,0,11.2,0
1786,Rally,Ultimate,0,-0.015,43,3.3984,0.835,-9.8055,2.2995,0.1,-8.715,1,Forehand swing,1,0.1395,LowPickup,-9.9538,-10.367,2.0328,0.732,-11.864,0,1,1,Ready,0,9,17.8306,12.0635,0,0,Perfect,,1.6609,-12.1055,0,11.2,0
1787,Rally,Ultimate,0,-0.015,43,3.3775,0.835,-9.8055,2.2995,0.1,-8.715,1,Forehand swing,1,0.1395,LowPickup,-9.9538,-10.3633,2.032,0.7335,-11.863,0,1,1,Ready,0,9,17.8306,12.0635,0,0,Perfect,,1.6609,-12.1055,0,11.2,0
1788,Rally,Ultimate,0,-0.015,43,3.3567,0.835,-9.8055,2.2995,0.1,-8.715,1,Forehand swing,1,0.1395,LowPickup,-9.9538,-10.3596,2.0312,0.7349,-11.8622,0,1,1,Ready,0,9,17.8306,12.0635,0,0,Perfect,,1.6609,-12.1055,0,11.2,0
1789,Rally,Ultimate,0,-0.015,43,3.3359,0.835,-9.8055,2.2995,0.1,-8.715,1,Forehand swing,1,0.1395,LowPickup,-9.9538,-10.3561,2.0304,0.7362,-11.8614,0,1,1,Ready,0,9,17.8306,12.0635,0,0,Perfect,,1.6609,-12.1055,0,11.2,0
1790,Rally,Ultimate,0,-0.015,43,3.315,0.835,-9.8055,2.2995,0.1,-8.715,1,Forehand swing,1,0.1395,LowPickup,-9.9538,-10.3527,2.0298,0.7374,-11.8607,0,1,1,Ready,0,9,17.8306,12.0635,0,0,Perfect,,1.6609,-12.1055,0,11.2,0
1791,Rally,Ultimate,0,-0.015,43,3.2942,0.835,-9.8055,2.2995,0.1,-8.715,1,Forehand swing,1,0.1395,LowPickup,-9.9538,-10.3497,2.0292,0.7384,-11.86,0,1,1,Ready,0,9,17.8306,12.0635,0,0,Perfect,,1.6609,-12.1055,0,11.2,0
1792,Rally,Ultimate,0,-0.015,43,3.2734,0.835,-9.8055,2.2995,0.1,-8.715,1,Forehand swing,1,0.1395,LowPickup,-9.9538,-10.3472,2.0287,0.7393,-11.8595,0,1,1,Ready,0,9,17.8306,12.0635,0,0,Perfect,,1.6609,-12.1055,0,11.2,0
1793,Rally,Ultimate,0,-0.015,43,3.2525,0.835,-9.8055,2.2995,0.1,-8.715,1,Forehand swing,1,0.1395,LowPickup,-9.9538,-10.3455,2.0284,0.7398,-11.8592,0,1,1,Ready,0,9,17.8306,12.0635,0,0,Perfect,,1.6609,-12.1055,0,11.2,0
1794,Rally,Ultimate,0,-0.015,43,3.2317,0.835,-9.8055,2.2995,0.1,-8.715,1,Forehand swing,1,0.1395,LowPickup,-9.9538,-10.3449,2.0282,0.7401,-11.8591,0,1,1,Ready,0,9,17.8306,12.0635,0,0,Perfect,,1.6609,-12.1055,0,11.2,0
1795,Rally,Ultimate,0,-0.015,43,3.2109,0.835,-9.8055,2.2995,0.1,-8.715,1,Forehand swing,1,0.1395,LowPickup,-9.9538,-10.345,2.0282,0.74,-11.8591,0,1,1,Ready,0,9,17.8306,12.0635,0,0,Perfect,,1.6609,-12.1055,0,11.2,0
1796,Rally,Ultimate,0,-0.015,43,3.19,0.835,-9.8055,2.2995,0.1,-8.715,1,Forehand swing,1,0.1395,LowPickup,-9.9538,-10.3458,2.0284,0.7398,-11.8593,0,1,1,Ready,0,9,17.8306,12.0635,0,0,Perfect,,1.6609,-12.1055,0,11.2,0
1797,Rally,Ultimate,0,-0.015,43,3.1692,0.835,-9.8055,2.2995,0.1,-8.715,1,Forehand swing,1,0.1395,LowPickup,-9.9538,-10.3473,2.0287,0.7393,-11.8596,0,1,1,Ready,0,9,17.8306,12.0635,0,0,Perfect,,1.6609,-12.1055,0,11.2,0
1798,Rally,Ultimate,0,-0.015,43,3.1484,0.835,-9.8055,2.2995,0.1,-8.715,1,Forehand swing,1,0.1395,LowPickup,-9.9538,-10.3494,2.029,0.7385,-11.86,0,1,1,Ready,0,9,17.8306,12.0635,0,0,Perfect,,1.6609,-12.1055,0,11.2,0
1799,Rally,Ultimate,0,-0.015,43,3.1275,0.835,-9.8055,2.2995,0.1,-8.715,1,Forehand swing,1,0.1395,LowPickup,-9.9538,-10.352,2.0295,0.7376,-11.8606,0,1,1,Ready,0,9,17.8306,12.0635,0,0,Perfect,,1.6609,-12.1055,0,11.2,0
1800,Rally,Ultimate,0,-0.015,43,3.1067,0.835,-9.8055,2.2995,0.1,-8.715,1,Forehand swing,1,0.1395,LowPickup,-9.9538,-10.3551,2.0302,0.7365,-11.8613,0,1,1,Ready,0,9,17.8306,12.0635,0,0,Perfect,,1.6609,-12.1055,0,11.2,0
1801,Rally,Ultimate,0,-0.015,43,3.0859,0.835,-9.8055,2.2995,0.1,-8.715,1,Forehand swing,1,0.1395,LowPickup,-9.9538,-10.3585,2.0309,0.7353,-11.862,0,1,1,Ready,0,9,17.8306,12.0635,0,0,Perfect,,1.6609,-12.1055,0,11.2,0
1802,Rally,Ultimate,0,-0.015,43,3.065,0.835,-9.8055,2.2995,0.1,-8.715,1,Forehand swing,1,0.1395,LowPickup,-9.9538,-10.3624,2.0317,0.7338,-11.8629,0,1,1,Ready,0,9,17.8306,12.0635,0,0,Perfect,,1.6609,-12.1055,0,11.2,0
1803,Rally,Ultimate,0,-0.015,43,3.0442,0.835,-9.8055,2.2995,0.1,-8.715,1,Forehand swing,1,0.1395,LowPickup,-9.9538,-10.366,2.0325,0.7324,-11.8638,0,1,1,Ready,0,9,17.8306,12.0635,0,0,Perfect,,1.6609,-12.1055,0,11.2,0
1804,Rally,Ultimate,0,-0.015,43,3.0234,0.835,-9.8055,2.2995,0.1,-8.715,1,Forehand swing,1,0.1395,LowPickup,-9.9538,-10.3695,2.0333,0.731,-11.8647,0,1,1,Ready,0,9,17.8306,12.0635,0,0,Perfect,,1.6609,-12.1055,0,11.2,0
1805,Rally,Ultimate,0,-0.015,43,3.0025,0.835,-9.8055,2.2995,0.1,-8.715,1,Forehand swing,1,0.1395,LowPickup,-9.9538,-10.3731,2.0342,0.7294,-11.8657,0,1,1,Ready,0,9,17.8306,12.0635,0,0,Perfect,,1.6609,-12.1055,0,11.2,0
1806,Rally,Ultimate,0,-0.015,43,2.9817,0.835,-9.8055,2.2995,0.1,-8.715,1,Forehand swing,1,0.1395,LowPickup,-9.9538,-10.3762,2.035,0.728,-11.8666,0,1,1,Ready,0,9,17.8306,12.0635,0,0,Perfect,,1.6609,-12.1055,0,11.2,0
1807,Rally,Ultimate,0,-0.015,43,2.9609,0.835,-9.8055,2.2995,0.1,-8.715,1,Forehand swing,1,0.1395,LowPickup,-9.9538,-10.3787,2.0358,0.7268,-11.8673,0,1,1,Ready,0,9,17.8306,12.0635,0,0,Perfect,,1.6609,-12.1055,0,11.2,0
1808,Rally,Ultimate,0,-0.015,43,2.94,0.835,-9.8055,2.2995,0.1,-8.715,1,Forehand swing,1,0.1395,LowPickup,-9.9538,-10.3807,2.0363,0.7258,-11.868,0,1,1,Ready,0,9,17.8306,12.0635,0,0,Perfect,,1.6609,-12.1055,0,11.2,0
1809,Rally,Ultimate,0,-0.015,43,2.9192,0.835,-9.8055,2.2995,0.1,-8.715,1,Forehand swing,1,0.1395,LowPickup,-9.9538,-10.3823,2.0368,0.7249,-11.8685,0,1,1,Ready,0,9,17.8306,12.0635,0,0,Perfect,,1.6609,-12.1055,0,11.2,0
1810,Rally,Ultimate,0,-0.015,43,2.8984,0.835,-9.8055,2.2995,0.1,-8.715,1,Forehand swing,1,0.1395,LowPickup,-9.9538,-10.3832,2.0371,0.7245,-11.8688,0,1,1,Ready,0,9,17.8306,12.0635,0,0,Perfect,,1.6609,-12.1055,0,11.2,0
1811,Rally,Ultimate,0,-0.015,43,2.8775,0.835,-9.8055,2.2995,0.1,-8.715,1,Forehand swing,1,0.1395,LowPickup,-9.9538,-10.3836,2.0373,0.7242,-11.8689,0,1,1,Ready,0,9,17.8306,12.0635,0,0,Perfect,,1.6609,-12.1055,0,11.2,0
1812,Rally,Ultimate,0,-0.015,43,2.8567,0.835,-9.8055,2.2995,0.1,-8.715,1,Forehand swing,1,0.1395,LowPickup,-9.9538,-10.3837,2.0373,0.7242,-11.869,0,1,1,Ready,0,9,17.8306,12.0635,0,0,Perfect,,1.6609,-12.1055,0,11.2,0
1813,Rally,Ultimate,0,-0.015,43,2.8359,0.835,-9.8055,2.2995,0.1,-8.715,1,Forehand swing,1,0.1395,LowPickup,-9.9538,-10.3833,2.0372,0.7244,-11.8688,0,1,1,Ready,0,9,17.8306,12.0635,0,0,Perfect,,1.6609,-12.1055,0,11.2,0
1814,Rally,Ultimate,0,-0.015,43,2.815,0.835,-9.8055,2.2995,0.1,-8.715,1,Forehand swing,1,0.1395,LowPickup,-9.9538,-10.3825,2.037,0.7248,-11.8685,0,1,1,Ready,0,9,17.8306,12.0635,0,0,Perfect,,1.6609,-12.1055,0,11.2,0
1815,Rally,Ultimate,0,-0.015,43,2.7942,0.835,-9.8055,2.2995,0.1,-8.715,1,Forehand swing,1,0.1395,LowPickup,-9.9538,-10.3812,2.0366,0.7255,-11.8681,0,1,1,Ready,0,9,17.8306,12.0635,0,0,Perfect,,1.6609,-12.1055,0,11.2,0
1816,Rally,Ultimate,0,-0.015,43,2.7734,0.835,-9.8055,2.2995,0.1,-8.715,1,Forehand swing,1,0.1395,LowPickup,-9.9538,-10.3796,2.0361,0.7263,-11.8676,0,1,1,Ready,0,9,17.8306,12.0635,0,0,Perfect,,1.6609,-12.1055,0,11.2,0
1817,Rally,Ultimate,0,-0.015,43,2.7525,0.835,-9.8055,2.2995,0.1,-8.715,1,Forehand swing,1,0.1395,LowPickup,-9.9538,-10.3776,2.0355,0.7273,-11.8669,0,1,1,Ready,0,9,17.8306,12.0635,0,0,Perfect,,1.6609,-12.1055,0,11.2,0
1818,Rally,Ultimate,0,-0.015,43,2.7317,0.835,-9.8055,2.2995,0.1,-8.715,1,Forehand swing,1,0.1395,LowPickup,-9.9538,-10.3751,2.0349,0.7285,-11.8662,0,1,1,Ready,0,9,17.8306,12.0635,0,0,Perfect,,1.6609,-12.1055,0,11.2,0
1819,Rally,Ultimate,0,-0.015,43,2.7109,0.835,-9.8055,2.2995,0.1,-8.715,1,Forehand swing,1,0.1395,LowPickup,-9.9538,-10.3723,2.0341,0.7297,-11.8654,0,1,1,Ready,0,9,17.8306,12.0635,0,0,Perfect,,1.6609,-12.1055,0,11.2,0
1820,Rally,Ultimate,0,-0.015,43,2.69,0.835,-9.8055,2.2995,0.1,-8.715,1,Forehand swing,1,0.1395,LowPickup,-9.9538,-10.369,2.0333,0.7312,-11.8645,0,1,1,Ready,0,9,17.8306,12.0635,0,0,Perfect,,1.6609,-12.1055,0,11.2,0
1821,Rally,Ultimate,0,-0.015,43,2.6692,0.835,-9.8055,2.2995,0.1,-8.715,1,Forehand swing,1,0.1395,LowPickup,-9.9538,-10.3655,2.0325,0.7326,-11.8636,0,1,1,Ready,0,9,17.8306,12.0635,0,0,Perfect,,1.6609,-12.1055,0,11.2,0
1822,Rally,Ultimate,0,-0.015,43,2.6484,0.835,-9.8055,2.2995,0.1,-8.715,1,Forehand swing,1,0.1395,LowPickup,-9.9538,-10.3618,2.0317,0.734,-11.8627,0,1,1,Ready,0,9,17.8306,12.0635,0,0,Perfect,,1.6609,-12.1055,0,11.2,0
1823,Rally,Ultimate,0,-0.015,43,2.6275,0.835,-9.8055,2.2995,0.1,-8.715,1,Forehand swing,1,0.1395,LowPickup,-9.9538,-10.3582,2.0309,0.7354,-11.8619,0,1,1,Ready,0,9,17.8306,12.0635,0,0,Perfect,,1.6609,-12.1055,0,11.2,0
1824,Rally,Ultimate,0,-0.015,43,2.6067,0.835,-9.8055,2.2995,0.1,-8.715,1,Forehand swing,1,0.1395,LowPickup,-9.9538,-10.3546,2.0302,0.7367,-11.8611,0,1,1,Ready,0,9,17.8306,12.0635,0,0,Perfect,,1.6609,-12.1055,0,11.2,0
1825,Rally,Ultimate,0,-0.015,43,2.5859,0.835,-9.8055,2.2995,0.1,-8.715,1,Forehand swing,1,0.1395,LowPickup,-9.9538,-10.3512,2.0295,0.7379,-11.8603,0,1,1,Ready,0,9,17.8306,12.0635,0,0,Perfect,,1.6609,-12.1055,0,11.2,0
1826,Rally,Ultimate,0,-0.015,43,2.565,0.835,-9.8055,2.2995,0.1,-8.715,1,Forehand swing,1,0.1395,LowPickup,-9.9538,-10.3484,2.0289,0.7389,-11.8598,0,1,1,Ready,0,9,17.8306,12.0635,0,0,Perfect,,1.6609,-12.1055,0,11.2,0
1827,Rally,Ultimate,0,-0.015,43,2.5442,0.835,-9.8055,2.2995,0.1,-8.715,1,Forehand swing,1,0.1395,LowPickup,-9.9538,-10.3465,2.0285,0.7395,-11.8594,0,1,1,Ready,0,9,17.8306,12.0635,0,0,Perfect,,1.6609,-12.1055,0,11.2,0
1828,Rally,Ultimate,0,-0.015,43,2.5234,0.835,-9.8055,2.2995,0.1,-8.715,1,Forehand swing,1,0.1395,LowPickup,-9.9538,-10.3453,2.0283,0.7399,-11.8592,0,1,1,Ready,0,9,17.8306,12.0635,0,0,Perfect,,1.6609,-12.1055,0,11.2,0
1829,Rally,Ultimate,0,-0.015,43,2.5025,0.835,-9.8055,2.2995,0.1,-8.715,1,Forehand swing,1,0.1395,LowPickup,-9.9538,-10.3448,2.0282,0.7401,-11.8591,0,1,1,Ready,0,9,17.8306,12.0635,0,0,Perfect,,1.6609,-12.1055,0,11.2,0
1830,Rally,Ultimate,0,-0.015,43,2.4817,0.835,-9.8055,2.2995,0.1,-8.715,1,Forehand swing,1,0.1395,LowPickup,-9.9538,-10.3451,2.0283,0.74,-11.8591,0,1,1,Ready,0,9,17.8306,12.0635,0,0,Perfect,,1.6609,-12.1055,0,11.2,0
1831,Rally,Ultimate,0,-0.015,43,2.4609,0.835,-9.8055,2.2995,0.1,-8.715,1,Forehand swing,1,0.1395,LowPickup,-9.9538,-10.3461,2.0284,0.7397,-11.8593,0,1,1,Ready,0,9,17.8306,12.0635,0,0,Perfect,,1.6609,-12.1055,0,11.2,0
1832,Rally,Ultimate,0,-0.015,44,0.1609,0.685,-8.606,2.2995,0.1,-8.715,1,Forehand swing,1,0.1395,LowPickup,-9.9538,-10.3477,2.0287,0.7391,-11.8597,0,1,1,Ready,0,9,17.8306,12.0635,0,0,Perfect,,1.6609,-12.1055,0,11.2,1
1833,Rally,Ultimate,0,-0.015,44,0.1609,0.685,-8.6077,2.2995,0.1,-8.715,1,Forehand swing,1,0.1395,LowPickup,-9.9538,-10.3499,2.0291,0.7384,-11.8601,0,1,1,Ready,0,9,17.8306,12.0635,0,0,Perfect,,1.6609,-12.1055,0,11.2,0
1834,Rally,Ultimate,0,-0.015,44,0.1609,0.685,-8.6104,2.2995,0.1,-8.715,1,Forehand swing,1,0.1395,LowPickup,-9.9538,-10.3528,2.0297,0.7374,-11.8607,0,1,1,Ready,0,9,17.8306,12.0635,0,0,Perfect,,1.6609,-12.1055,0,11.2,0
1835,Rally,Ultimate,0,-0.015,44,0.1609,0.685,-8.6142,2.2995,0.1,-8.715,1,Forehand swing,1,0.1395,LowPickup,-9.9538,-10.3562,2.0304,0.7361,-11.8615,0,1,1,Ready,0,9,17.8306,12.0635,0,0,Perfect,,1.6609,-12.1055,0,11.2,0
1836,Rally,Ultimate,0,-0.015,44,0.1609,0.685,-8.6189,2.2995,0.1,-8.715,1,Forehand swing,1,0.1395,LowPickup,-9.9538,-10.3598,2.0311,0.7348,-11.8623,0,1,1,Ready,0,9,17.8306,12.0635,0,0,Perfect,,1.6609,-12.1055,0,11.2,0
1837,Rally,Ultimate,0,-0.015,44,0.1609,0.685,-8.6246,2.2995,0.1,-8.715,1,Forehand swing,1,0.1395,LowPickup,-9.9538,-10.3633,2.0319,0.7335,-11.8631,0,1,1,Ready,0,9,17.8306,12.0635,0,0,Perfect,,1.6609,-12.1055,0,11.2,0
1838,Rally,Ultimate,0,-0.015,44,0.1609,0.685,-8.6311,2.2995,0.1,-8.715,1,Forehand swing,1,0.1395,LowPickup,-9.9538,-10.3669,2.0327,0.732,-11.864,0,1,1,Ready,0,9,17.8306,12.0635,0,0,Perfect,,1.6609,-12.1055,0,11.2,0
1839,Rally,Ultimate,0,-0.015,44,0.1609,0.685,-8.6385,2.2995,0.1,-8.715,1,Forehand swing,1,0.1395,LowPickup,-9.9538,-10.3704,2.0335,0.7306,-11.8649,0,1,1,Ready,0,9,17.8306,12.0635,0,0,Perfect,,1.6609,-12.1055,0,11.2,0
1840,Rally,Ultimate,0,-0.015,44,0.1609,0.685,-8.6467,2.2995,0.1,-8.715,1,Forehand swing,1,0.1395,LowPickup,-9.9538,-10.374,2.0344,0.729,-11.8659,0,1,1,Ready,0,9,17.8306,12.0635,0,0,Perfect,,1.6609,-12.1055,0,11.2,0
1841,Rally,Ultimate,0,-0.015,44,0.1609,0.685,-8.6556,2.2995,0.1,-8.715,1,Forehand swing,1,0.1395,LowPickup,-9.9538,-10.377,2.0353,0.7276,-11.8668,0,1,1,Ready,0,9,17.8306,12.0635,0,0,Perfect,,1.6609,-12.1055,0,11.2,0
1842,Rally,Ultimate,0,-0.015,44,0.1609,0.685,-8.6652,2.2995,0.1,-8.715,1,Forehand swing,1,0.1395,LowPickup,-9.9538,-10.3794,2.036,0.7264,-11.8676,0,1,1,Ready,0,9,17.8306,12.0635,0,0,Perfect,,1.6609,-12.1055,0,11.2,0
1843,Rally,Ultimate,0,-0.015,44,0.1609,0.685,-8.6755,2.2995,0.1,-8.715,1,Forehand swing,1,0.1395,LowPickup,-9.9538,-10.3812,2.0365,0.7255,-11.8681,0,1,1,Ready,0,9,17.8306,12.0635,0,0,Perfect,,1.6609,-12.1055,0,11.2,0
1844,Rally,Ultimate,0,-0.015,44,0.1609,0.685,-8.6864,2.2995,0.1,-8.715,1,Forehand swing,1,0.1395,LowPickup,-9.9538,-10.3824,2.0369,0.7249,-11.8685,0,1,1,Ready,0,9,17.8306,12.0635,0,0,Perfect,,1.6609,-12.1055,0,11.2,0
1845,Rally,Ultimate,0,-0.015,44,0.1609,0.685,-8.6978,2.2995,0.1,-8.715,1,Forehand swing,1,0.1395,LowPickup,-9.9538,-10.3833,2.0372,0.7244,-11.8688,0,1,1,Ready,0,9,17.8306,12.0635,0,0,Perfect,,1.6609,-12.1055,0,11.2,0
1846,Rally,Ultimate,0,-0.015,44,0.1609,0.685,-8.7098,2.2995,0.1,-8.715,1,Forehand swing,1,0.1395,LowPickup,-9.9538,-10.3837,2.0373,0.7242,-11.869,0,1,1,Ready,0,9,17.8306,12.0635,0,0,Perfect,,1.6609,-12.1055,0,11.2,0
1847,Rally,Ultimate,0,-0.015,44,0.1609,0.685,-8.7222,2.2995,0.1,-8.715,1,Forehand swing,1,0.1395,LowPickup,-9.9538,-10.3837,2.0373,0.7242,-11.869,0,1,1,Ready,0,9,17.8306,12.0635,0,0,Perfect,,1.6609,-12.1055,0,11.2,0
1848,Rally,Ultimate,0,-0.015,44,0.1609,0.685,-8.7351,2.2995,0.1,-8.715,1,Forehand swing,1,0.1395,LowPickup,-9.9538,-10.3832,2.0372,0.7244,-11.8688,0,1,1,Ready,0,9,17.8306,12.0635,0,0,Perfect,,1.6609,-12.1055,0,11.2,0
1849,Rally,Ultimate,0,-0.015,44,0.1609,0.685,-8.7483,2.2995,0.1,-8.715,1,Forehand swing,1,0.1395,LowPickup,-9.9538,-10.3823,2.0369,0.7249,-11.8685,0,1,1,Ready,0,9,17.8306,12.0635,0,0,Perfect,,1.6609,-12.1055,0,11.2,0
1850,Rally,Ultimate,0,-0.015,44,0.1609,0.685,-8.7619,2.2995,0.1,-8.715,1,Forehand swing,1,0.1395,LowPickup,-9.9538,-10.381,2.0365,0.7256,-11.868,0,1,1,Ready,0,9,17.8306,12.0635,0,0,Perfect,,1.6609,-12.1055,0,11.2,0
1851,Rally,Ultimate,0,-0.015,44,0.1609,0.685,-8.7758,2.2995,0.1,-8.715,1,Forehand swing,1,0.1395,LowPickup,-9.9538,-10.3791,2.0359,0.7266,-11.8674,0,1,1,Ready,0,9,17.8306,12.0635,0,0,Perfect,,1.6609,-12.1055,0,11.2,0
1852,Rally,Ultimate,0,-0.015,44,0.1609,0.685,-8.79,2.2995,0.1,-8.715,1,Forehand swing,1,0.1395,LowPickup,-9.9538,-10.3769,2.0353,0.7276,-11.8667,0,1,1,Ready,0,9,17.8306,12.0635,0,0,Perfect,,1.6609,-12.1055,0,11.2,0
1853,Rally,Ultimate,0,-0.015,44,0.1609,0.685,-8.8043,2.2995,0.1,-8.715,1,Forehand swing,1,0.1395,LowPickup,-9.9538,-10.3742,2.0346,0.7289,-11.8659,0,1,1,Ready,0,9,17.8306,12.0635,0,0,Perfect,,1.6609,-12.1055,0,11.2,0
1854,Rally,Ultimate,0,-0.015,44,0.1609,0.685,-8.8188,2.2995,0.1,-8.715,1,Forehand swing,1,0.1395,LowPickup,-9.9538,-10.3709,2.0338,0.7303,-11.865,0,1,1,Ready,0,9,17.8306,12.0635,0,0,Perfect,,1.6609,-12.1055,0,11.2,0
1855,Rally,Ultimate,0,-0.015,44,0.1609,0.685,-8.8334,2.2995,0.1,-8.715,1,Forehand swing,1,0.1395,LowPickup,-9.9538,-10.3675,2.033,0.7318,-11.8641,0,1,1,Ready,0,9,17.8306,12.0635,0,0,Perfect,,1.6609,-12.1055,0,11.2,0
1856,Rally,Ultimate,0,-0.015,44,0.1609,0.685,-8.8481,2.2995,0.1,-8.715,1,Forehand swing,1,0.1395,LowPickup,-9.9538,-10.3638,2.0321,0.7333,-11.8632,0,1,1,Ready,0,9,17.8306,12.0635,0,0,Perfect,,1.6609,-12.1055,0,11.2,0
1857,Rally,Ultimate,0,-0.015,44,0.1609,0.685,-8.8628,2.2995,0.1,-8.715,1,Forehand swing,1,0.1395,LowPickup,-9.9538,-10.3601,2.0313,0.7347,-11.8623,0,1,1,Ready,0,9,17.8306,12.0635,0,0,Perfect,,1.6609,-12.1055,0,11.2,0
1858,Rally,Ultimate,0,-0.015,44,0.1609,0.685,-8.8775,2.2995,0.1,-8.715,1,Forehand swing,1,0.1395,LowPickup,-9.9538,-10.3565,2.0305,0.736,-11.8615,0,1,1,Ready,0,9,17.8306,12.0635,0,0,Perfect,,1.6609,-12.1055,0,11.2,0
1859,Rally,Ultimate,0,-0.015,44,0.1609,0.685,-8.8921,2.2995,0.1,-8.715,1,Forehand swing,1,0.1395,LowPickup,-9.9538,-10.3534,2.0299,0.7372,-11.8608,0,1,1,Ready,0,9,17.8306,12.0635,0,0,Perfect,,1.6609,-12.1055,0,11.2,0
1860,Rally,Ultimate,0,-0.015,44,0.1609,0.685,-8.9066,2.2995,0.1,-8.715,1,Forehand swing,1,0.1395,LowPickup,-9.9538,-10.3505,2.0293,0.7382,-11.8602,0,1,1,Ready,0,9,17.8306,12.0635,0,0,Perfect,,1.6609,-12.1055,0,11.2,0
1861,Rally,Ultimate,0,-0.015,44,0.1609,0.685,-8.9209,2.2995,0.1,-8.715,1,Forehand swing,1,0.1395,LowPickup,-9.9538,-10.3482,2.0289,0.739,-11.8597,0,1,1,Ready,0,9,17.8306,12.0635,0,0,Perfect,,1.6609,-12.1055,0,11.2,0
1862,Rally,Ultimate,0,-0.015,44,0.1609,0.685,-8.9351,2.2995,0.1,-8.715,1,Forehand swing,1,0.1395,LowPickup,-9.9538,-10.3463,2.0285,0.7396,-11.8594,0,1,1,Ready,0,9,17.8306,12.0635,0,0,Perfect,,1.6609,-12.1055,0,11.2,0
1863,Rally,Ultimate,0,-0.015,44,0.1609,0.685,-8.949,2.2995,0.1,-8.715,1,Forehand swing,1,0.1395,LowPickup,-9.9538,-10.3452,2.0283,0.74,-11.8592,0,1,1,Ready,0,9,17.8306,12.0635,0,0,Perfect,,1.6609,-12.1055,0,11.2,0
1864,Rally,Ultimate,0,-0.015,44,0.1609,0.685,-8.9626,2.2995,0.1,-8.715,1,Forehand swing,1,0.1395,LowPickup,-9.9538,-10.3448,2.0282,0.7401,-11.8591,0,1,1,Ready,0,9,17.8306,12.0635,0,0,Perfect,,1.6609,-12.1055,0,11.2,0
1865,Rally,Ultimate,0,-0.015,44,0.1609,0.685,-8.9758,2.2995,0.1,-8.715,1,Forehand swing,1,0.1395,LowPickup,-9.9538,-10.3453,2.0283,0.7399,-11.8592,0,1,1,Ready,0,9,17.8306,12.0635,0,0,Perfect,,1.6609,-12.1055,0,11.2,0
1866,Rally,Ultimate,0,-0.015,44,0.1609,0.685,-8.9887,2.2995,0.1,-8.715,1,Forehand swing,1,0.1395,LowPickup,-9.9538,-10.3465,2.0285,0.7395,-11.8594,0,1,1,Ready,0,9,17.8306,12.0635,0,0,Perfect,,1.6609,-12.1055,0,11.2,0
1867,Rally,Ultimate,0,-0.015,44,0.1609,0.685,-9.0011,2.2995,0.1,-8.715,1,Forehand swing,1,0.1395,LowPickup,-9.9538,-10.3484,2.0289,0.7389,-11.8598,0,1,1,Ready,0,9,17.8306,12.0635,0,0,Perfect,,1.6609,-12.1055,0,11.2,0
1868,Rally,Ultimate,0,-0.015,44,0.1609,0.685,-9.0131,2.2995,0.1,-8.715,1,Forehand swing,1,0.1395,LowPickup,-9.9538,-10.3511,2.0294,0.7379,-11.8604,0,1,1,Ready,0,9,17.8306,12.0635,0,0,Perfect,,1.6609,-12.1055,0,11.2,0
1869,Rally,Ultimate,0,-0.015,44,0.1609,0.685,-9.0246,2.2995,0.1,-8.715,1,Forehand swing,1,0.1395,LowPickup,-9.9538,-10.3543,2.03,0.7368,-11.8611,0,1,1,Ready,0,9,17.8306,12.0635,0,0,Perfect,,1.6609,-12.1055,0,11.2,0
1870,Rally,Ultimate,0,-0.015,44,0.1609,0.685,-9.0354,2.2995,0.1,-8.715,1,Forehand swing,1,0.1395,LowPickup,-9.9538,-10.3579,2.0307,0.7355,-11.8619,0,1,1,Ready,0,9,17.8306,12.0635,0,0,Perfect,,1.6609,-12.1055,0,11.2,0
1871,Rally,Ultimate,0,-0.015,44,0.1609,0.685,-9.0457,2.2995,0.1,-8.715,1,Forehand swing,1,0.1395,LowPickup,-9.9538,-10.3619,2.0316,0.734,-11.8628,0,1,1,Ready,0,9,17.8306,12.0635,0,0,Perfect,,1.6609,-12.1055,0,11.2,0
1872,Rally,Ultimate,0,-0.015,44,0.1609,0.685,-9.0553,2.2995,0.1,-8.715,1,Forehand swing,1,0.1395,LowPickup,-9.9538,-10.3659,2.0325,0.7324,-11.8638,0,1,1,Ready,0,9,17.8306,12.0635,0,0,Perfect,,1.6609,-12.1055,0,11.2,0
1873,Rally,Ultimate,0,-0.015,44,0.1609,0.685,-9.0642,2.2995,0.1,-8.715,1,Forehand swing,1,0.1395,LowPickup,-9.9538,-10.3698,2.0334,0.7308,-11.8648,0,1,1,Ready,0,9,17.8306,12.0635,0,0,Perfect,,1.6609,-12.1055,0,11.2,0
1874,Rally,Ultimate,0,-0.015,44,0.1609,0.685,-9.0724,2.2995,0.1,-8.715,1,Forehand swing,1,0.1395,LowPickup,-9.9538,-10.3738,2.0344,0.7291,-11.8659,0,1,1,Ready,0,9,17.8306,12.0635,0,0,Perfect,,1.6609,-12.1055,0,11.2,0
1875,Rally,Ultimate,0,-0.015,44,0.1609,0.685,-9.0798,2.2995,0.1,-8.715,1,Forehand swing,1,0.1395,LowPickup,-9.9538,-10.3765,2.0351,0.7278,-11.8666,0,1,1,Ready,0,9,17.8306,12.0635,0,0,Perfect,,1.6609,-12.1055,0,11.2,0
1876,Rally,Ultimate,0,-0.015,44,0.1609,0.685,-9.0863,2.2995,0.1,-8.715,1,Forehand swing,1,0.1395,LowPickup,-9.9538,-10.3787,2.0358,0.7267,-11.8673,0,1,1,Ready,0,9,17.8306,12.0635,0,0,Perfect,,1.6609,-12.1055,0,11.2,0
1877,Rally,Ultimate,0,-0.015,44,0.1609,0.685,-9.092,2.2995,0.1,-8.715,1,Forehand swing,1,0.1395,LowPickup,-9.9538,-10.3806,2.0363,0.7258,-11.8679,0,1,1,Ready,0,9,17.8306,12.0635,0,0,Perfect,,1.6609,-12.1055,0,11.2,0
1878,Rally,Ultimate,0,-0.015,44,0.1609,0.685,-9.0967,2.2995,0.1,-8.715,1,Forehand swing,1,0.1395,LowPickup,-9.9538,-10.3821,2.0368,0.725,-11.8684,0,1,1,Ready,0,9,17.8306,12.0635,0,0,Perfect,,1.6609,-12.1055,0,11.2,0
1879,Rally,Ultimate,0,-0.015,44,0.1609,0.685,-9.1005,2.2995,0.1,-8.715,1,Forehand swing,1,0.1395,LowPickup,-9.9538,-10.3831,2.0371,0.7245,-11.8688,0,1,1,Ready,0,9,17.8306,12.0635,0,0,Perfect,,1.6609,-12.1055,0,11.2,0
1880,Rally,Ultimate,0,-0.015,44,0.1609,0.685,-9.1032,2.2995,0.1,-8.715,1,Forehand swing,1,0.1395,LowPickup,-9.9538,-10.3836,2.0373,0.7242,-11.8689,0,1,1,Ready,0,9,17.8306,12.0635,0,0,Perfect,,1.6609,-12.1055,0,11.2,0
1881,Rally,Ultimate,0,-0.015,44,0.1609,0.685,-9.1049,2.2995,0.1,-8.715,1,Forehand swing,1,0.1395,LowPickup,-9.9538,-10.3837,2.0373,0.7242,-11.869,0,1,1,Ready,0,9,17.8306,12.0635,0,0,Perfect,,1.6609,-12.1055,0,11.2,0
1882,Rally,None,1,-0.015,54.1767,0.9135,3.5,-16.5055,2.2995,0.1,-8.715,1,Forehand swing,1,0.1395,LowPickup,-9.9538,-10.3834,2.0372,0.7243,-11.8688,0,1,1,Ready,0,9,17.8306,12.0635,0,0,Perfect,,1.6609,-12.1055,0,11.2,10.1767
1883,Rally,None,1,-0.015,54.1619,0.9116,3.5,-16.5007,2.2776,0.1985,-9.1368,1,Forehand swing,1,0.1145,LowPickup,-1.7951,20.5403,2.0101,0.7101,-12.0911,0,1,1,Ready,0,9,17.8306,12.0635,0,0,Perfect,,1.6348,-12.0692,0,11.2,-0.0148
1884,Rally,None,1,-0.015,54.1392,0.9087,3.5,-16.4932,2.2629,0.2609,-9.4181,1,Forehand swing,1,0.0978,LowPickup,-3.7757,20.0315,1.9877,0.7177,-12.0431,0,1,1,Ready,0,9,17.0627,11.544,0.5379,0,Perfect,,1.6168,-12.0431,0,11.2,-0.0228
1885,Rally,None,1,-0.015,54.1095,0.905,3.5,-16.4835,2.2483,0.3206,-9.6993,1,Forehand swing,1,0.0812,LowPickup,-8.1722,11.3539,1.9647,0.7249,-11.9391,0,1,1,Ready,0,9,16.2996,10.957,0.539,0,Perfect,,1.6003,-12.0192,0,11.2,-0.0296
1886,Rally,None,1,-0.015,54.0691,0.9002,3.5,-16.471,2.2264,0.4051,-10.1212,1,Forehand swing,1,0.0562,LowPickup,1.7321,8.4379,1.9788,0.7663,-11.8418,0,1,1,Ready,0,9,15.6614,10.3255,0.2932,0,Perfect,,1.5786,-11.9877,0,11.2,-0.0404
1887,Rally,None,1,-0.015,54.0244,0.8951,3.5,-16.4578,2.2118,0.4581,-10.4024,1,Forehand swing,1,0.0395,LowPickup,-0.508,2.1616,1.8623,0.7391,-11.7681,0,1,1,Ready,0,9,15.1686,9.738,0.2073,0,Perfect,,1.5661,-11.9695,0,11.2,-0.0448
1888,Rally,None,1,-0.015,53.9711,0.8895,3.5,-16.4432,2.1899,0.5326,-10.8243,1,Forehand swing,1,0.0226,LowPickup,-10.7178,-17.7136,2.0563,1.0032,-11.3519,0,1,1,Ready,0,9,14.8917,9.2966,0.2317,0,Perfect,,1.5502,-11.9466,0,11.2,-0.0533
1889,Rally,None,1,-0.015,53.9153,0.8841,3.5,-16.429,2.1753,0.579,-11.1055,1,Forehand swing,1,0.0113,LowPickup,-8.7678,-21.0444,2.0366,1.0199,-11.3685,0,1,1,Ready,0,9,14.7922,8.9678,0.2831,0,Perfect,,1.5417,-11.9342,0,11.2,-0.0558
1890,Rally,None,1,-0.015,53.8611,0.8789,3.5,-16.4153,2.1607,0.6226,-11.3867,1,Forehand swing,1,0,LowPickup,-6.6143,-22.9894,2.0031,1.0276,-11.3976,0,1,1,Ready,0,9,14.8765,8.762,0.3478,0,Perfect,,1.5347,-11.924,0,11.2,-0.0543
1891,Rally,None,1,0.06,53.4873,0.8676,3.4851,-16.4058,2.086,0.7033,-10.9799,1,Forehand swing,1,-0.0083,LowPickup,-4.989,-22.3868,1.9623,0.9955,-11.421,0.5233,1,1,Ready,0,9,15.0819,8.6508,0.3063,0.9417,Perfect,P:Perfect;,1.5318,-11.9198,0,11.2,-0.3738
1892,Rally,None,1,0.0433,53.195,0.8576,3.4849,-16.3951,2.086,0.7033,-10.9799,1,Forehand follow,1,-0.0083,LowPickup,-4.0828,-20.9065,1.9141,0.9674,-11.4273,0.1725,1,1,Ready,0,9,15.3604,8.6323,0.2201,0.8833,Perfect,,1.5318,-11.9198,0,11.2,-0.2923
1893,Rally,None,1,0.0267,52.9736,0.8467,3.495,-16.384,2.086,0.7033,-10.9799,1,Forehand follow,1,-0.0083,LowPickup,-3.7385,-20.9815,1.8603,0.9253,-11.4255,0.1077,1,1,Ready,0,9,15.6826,8.6401,0.1218,0.825,Perfect,,1.5318,-11.9198,0,11.2,-0.2214
1894,Rally,None,1,0.01,52.8137,0.8436,3.489,-16.3769,2.086,0.7033,-10.9799,1,Forehand follow,1,-0.0083,LowPickup,-3.4009,-21.0989,1.8076,0.8677,-11.4201,2.4863,1,1,Ready,0,9,16.0046,8.5882,0.2523,0.7667,Perfect,,1.5318,-11.9198,0,11.2,-0.1598
1895,Rally,None,1,-0.0067,52.7074,0.8411,3.4898,-16.3697,2.086,0.7033,-10.9799,1,Forehand follow,1,-0.0083,LowPickup,-3.2725,-21.1538,1.7891,0.8415,-11.4165,14.0119,1,1,Ready,0,9,16.33,8.5452,0.4224,0.7083,Perfect,,1.5318,-11.9198,0,11.2,-0.1063
1896,Rally,None,1,-0.0067,52.6477,0.8268,3.4742,-16.3655,2.0154,0.7812,-10.6973,1,Forehand follow,1,-0.025,LowPickup,-4.7905,-27.3915,1.7844,0.828,-11.4348,0.0001,1,1,Ready,0,9,16.6424,8.5577,0.6229,0.65,Perfect,,1.524,-11.9107,0,11.2,-0.0598
1897,Rally,None,1,-0.0067,52.6284,0.8366,3.4804,-16.3562,1.9459,0.8564,-10.4147,1,Forehand follow,1,-0.0417,LowPickup,-6.5074,-30.3541,1.7836,0.8241,-11.4691,0.3556,1,1,Ready,0,9,16.9598,8.5978,0.5226,0.5917,Perfect,,1.5136,-11.9006,0,11.2,-0.0193
1898,Rally,None,1,-0.0067,52.6443,0.838,3.4784,-16.3475,1.8438,0.9641,-9.9908,1,Forehand follow,1,-0.0667,LowPickup,-9.6985,-34.1134,1.8423,0.8685,-11.5521,0.2951,1,1,Ready,0,9,17.3059,8.6266,0.1849,0.5333,Perfect,,1.4932,-11.8836,0,11.2,0.0159
1899,Rally,None,1,-0.0067,52.6907,0.8248,3.4924,-16.3357,1.777,1.0325,-9.7082,1,Forehand follow,1,-0.0833,LowPickup,-12.9028,-34.9977,1.8181,0.8927,-11.567,0.3446,1,1,Ready,0,9,17.6435,8.7265,0.0741,0.475,Perfect,,1.4763,-11.8712,0,11.2,0.0465
1900,Rally,None,1,-0.0067,52.7638,0.82,3.4893,-16.3254,1.679,1.1299,-9.2843,1,Forehand follow,1,-0.1083,LowPickup,-16.4802,-37.0477,1.8379,0.8829,-11.5705,0.2982,1,1,Ready,0,9,17.9524,8.9977,0.2407,0.4167,Perfect,,1.446,-11.8507,0,11.2,0.0731
1901,Rally,None,1,-0.0067,52.86,0.8191,3.4884,-16.314,1.6151,1.1915,-9.0016,1,Forehand follow,1,-0.125,LowPickup,-19.8265,-38.4823,1.7404,0.9287,-11.5184,0.6173,1,1,Ready,0,9,18.2116,9.3352,0.229,0.3583,Perfect,,1.4225,-11.836,0,11.2,0.0962
1902,Rally,None,1,-0.0067,52.9763,0.8013,3.4923,-16.3016,1.5523,1.2503,-8.719,1,Forehand follow,1,-0.1417,LowPickup,-23.5396,-41.0873,1.645,0.9865,-11.4677,0.5935,1,1,Ready,0,9,18.3894,9.662,0.0475,0.3,Perfect,,1.3964,-11.8203,0,11.2,0.1163
1903,Rally,None,1,-0.0067,53.11,0.7934,3.4921,-16.288,1.4601,1.3335,-8.2951,1,Forehand follow,1,-0.1667,LowPickup,-28.1755,-45.5572,1.4901,1.072,-11.4091,0.61,1,1,Ready,0,9,18.5013,10.008,0.1375,0.2417,Perfect,,1.3523,-11.7952,0,11.2,0.1337
1904,Rally,None,1,-0.0067,53.2589,0.782,3.488,-16.2745,1.4,1.3855,-8.0125,1,Forehand follow,1,-0.1833,LowPickup,-32.8665,-49.5649,1.3775,1.1112,-11.3776,0.6673,1,1,Ready,0,9,18.5419,10.4063,0.131,0.1833,Perfect,,1.3197,-11.7773,0,11.2,0.1489
1905,Rally,None,1,-0.0067,53.4211,0.7718,3.4913,-16.2578,1.312,1.4585,-7.5886,1,Forehand follow,1,-0.2083,LowPickup,-36.5614,-55.0115,1.2267,1.1794,-11.3561,0.745,1,1,Ready,0,9,18.5404,10.7665,0.1102,0.125,Perfect,,1.2657,-11.749,0,11.2,0.1621
1906,Rally,None,1,-0.0067,53.5947,0.7582,3.4921,-16.241,1.2548,1.5037,-7.306,1,Forehand follow,1,-0.225,LowPickup,-37.4811,-59.1572,1.112,1.212,-11.3488,3.3748,1,1,Ready,0,9,18.511,10.9979,0.0308,0.0667,Perfect,,1.2264,-11.729,0,11.2,0.1736
1907,Rally,None,1,-0.0067,53.7783,0.7449,3.493,-16.2237,1.1986,1.5462,-7.0234,1,Forehand follow,1,-0.2417,LowPickup,-37.9537,-62.6564,1.0035,1.2337,-11.3479,17.3261,1,1,Ready,0,9,18.4889,11.1489,0.0129,0.0083,Perfect,,1.1844,-11.7082,0,11.2,0.1836
1908,Rally,None,1,-0.0067,53.9705,0.7278,3.4939,-16.2043,1.1164,1.6048,-6.5995,1,Forehand follow,1,-0.2667,LowPickup,-38.3016,-67.7159,0.858,1.2381,-11.3599,0.4584,1,1,Ready,0,9,18.5303,11.2408,0.0148,0,Perfect,,1.1165,-11.6755,-0.1201,11.2,0.1923
1909,Rally,None,1,-0.0067,54.1704,0.7095,3.4947,-16.1845,1.0631,1.6405,-6.3169,1,Forehand follow,0,9,LowPickup,-37.012,-69.916,0.782,1.2351,-11.3447,0,1,1,Run,0,9,23.3095,16.2519,0.5405,0,Perfect,,1.0679,-11.6527,-0.2002,11.2,0.1998
1910,Rally,None,1,-0.0067,54.3767,0.6879,3.4954,-16.1627,0.9851,1.6889,-5.893,1,Run,0,9,LowPickup,-33.6141,-41.2374,0.909,0.9794,-11.1249,15.7445,0.9167,0.8333,Run,0,9,27.9813,21.3432,1.0816,0,Perfect,,0.99,-11.6171,-0.3203,11.2,0.2064
1911,Rally,None,1,-0.0067,54.5888,0.6652,3.496,-16.1404,0.9344,1.7178,-5.6104,1,Run,0,9,LowPickup,-34.8934,-37.5129,0.9223,0.926,-11.0816,0.878,0.8333,0.6667,Run,0,9,32.376,26.7083,6.991,0,Perfect,,0.9347,-11.5925,-0.4004,11.2,0.2121
1912,Rally,None,1,-0.0067,54.7732,0.6413,3.4965,-16.1178,0.8849,1.7439,-5.3277,1,Run,0,9,LowPickup,-36.8448,-32.763,0.8978,0.8535,-11.0904,1.2545,0.75,0.5,Run,0,9,36.4395,32.4111,33.59,0,Perfect,,0.8767,-11.5671,-0.4805,11.2,0.1844
1913,Rally,None,1,-0.0067,54.9334,0.6139,3.497,-16.093,0.8128,1.778,-4.9038,1,Run,0,9,LowPickup,-39.2731,-33.974,0.7992,0.8367,-11.0631,0,0.6667,0.3333,Run,0,9,40.2,38.4735,0.5384,0,Perfect,,0.7847,-11.5278,-0.6006,11.2,0.1603
1914,Rally,None,1,-0.0067,55.0728,0.5855,3.4974,-16.0679,0.7661,1.7973,-4.6212,1,Run,0,9,LowPickup,-40.1539,-34.7521,0.7249,0.8268,-11.0426,0,0.5833,0.1667,Run,0,9,43.6503,44.9036,0.9263,0,Perfect,,0.7204,-11.5009,-0.6807,11.2,0.1393
1915,Rally,None,1,-0.0067,55.1939,0.5538,3.4977,-16.0408,0.6981,1.8212,-4.1973,1,Run,0,9,LowPickup,-39.9185,-34.9124,0.6315,0.8159,-11.0137,0,0.5,0,Run,0,9,47.0319,51.4459,0.6113,0,Perfect,,0.6235,-11.4604,-0.798,11.2,0.1211
1916,Rally,None,1,-0.0067,55.2992,0.5216,3.498,-16.0137,0.6541,1.8337,-3.9147,1,Run,0,9,LowPickup,-38.9939,-34.8548,0.5787,0.8048,-10.996,0,0.4167,0,Run,0,9,47.3132,53.072,2.1057,0,Perfect,,0.5589,-11.4334,-0.7487,11.2,0.1053
1917,Rally,None,1,-0.0067,55.3908,0.4891,3.4983,-15.9867,0.6113,1.8435,-3.6321,1,Run,0,9,LowPickup,-37.7162,-34.6517,0.5316,0.7951,-10.975,0,0.3333,0,Run,0,9,35.2,39.922,6.9506,0,Perfect,,0.4962,-11.4073,-0.7004,11.2,0.0916
1918,Rally,None,1,-0.0067,55.4704,0.4545,3.4985,-15.9584,0.5491,1.8531,-3.2082,1,Run,0,9,LowPickup,-36.2264,-34.2736,0.4591,0.7855,-10.9441,0,0.25,0,Run,0,9,22.181,25.552,2.1999,0,Perfect,,0.407,-11.37,-0.6296,11.2,0.0796
1919,Rally,None,1,-0.0067,55.5396,0.4203,3.4987,-15.9307,0.5091,1.8561,-2.9256,1,Run,0,9,LowPickup,-34.8618,-34.0122,0.4181,0.7751,-10.9278,6.6699,0.1667,0,Run,0,9,8.4464,10.3961,1.8653,0,Perfect,,0.3507,-11.3465,-0.5837,11.2,0.0692
1920,Rally,None,1,-0.0067,55.5997,0.3849,3.4989,-15.9023,0.4511,1.8555,-2.5017,1,Run,0,9,LowPickup,-34.439,-34.3935,0.3451,0.7918,-10.9013,0.6353,0.0833,0,Run,0,9,-5.6588,-4.9855,5.9951,0,Perfect,,0.2711,-11.3132,-0.5165,11.2,0.0602
1921,Rally,None,1,-0.0067,55.652,0.3505,3.499,-15.8749,0.4138,1.8516,-2.2191,1,Run,0,9,LowPickup,-34.1762,-34.6211,0.2999,0.7987,-10.8868,1.578,0,0,Run,0,9,-19.6941,-20.0162,2.6369,0,Perfect,,0.2212,-11.2924,-0.4728,11.2,0.0523
1922,Rally,None,1,-0.0067,55.6975,0.3172,3.4991,-15.8485,0.3776,1.8451,-1.9365,1,Run,0,9,LowPickup,-33.968,-34.7981,0.2554,0.8026,-10.8728,1.6141,0,0,Run,0,9,-33.2391,-34.2017,2.4553,0,Perfect,,0.1739,-11.2726,-0.4302,11.2,0.0455
1923,Rally,None,1,-0.0067,55.737,0.2835,3.4993,-15.8219,0.3255,1.8301,-1.5125,1,Run,0,9,LowPickup,-33.8019,-34.9357,0.1922,0.8027,-10.8522,10.0857,0,0,Run,0,9,-46.0321,-47.1479,5.3094,0,Perfect,,0.1077,-11.245,-0.3679,11.2,0.0395
1924,Rally,None,1,-0.0067,55.7714,0.2512,3.4994,-15.7965,0.2921,1.8168,-1.2299,1,Run,0,9,LowPickup,-33.7453,-34.9674,0.1528,0.8013,-10.8404,2.6311,0,0,Run,0,9,-48.8802,-49.2071,4.9201,0,Perfect,,0.0668,-11.2279,-0.3276,11.2,0.0344
1925,Rally,None,1,-0.0067,55.8012,0.2192,3.4994,-15.7714,0.2441,1.7916,-0.806,1,Run,0,9,LowPickup,-33.7922,-34.8976,0.0957,0.7996,-10.8186,1.2174,0,0,Run,0,9,-49.3882,-48.7401,0.1151,0,Perfect,,0.0103,-11.2043,-0.2689,11.2,0.0299
1926,Rally,None,1,-0.0067,55.8272,0.1905,3.4995,-15.749,0.2135,1.7714,-0.5234,1,Run,0,9,LowPickup,-33.8836,-34.785,0.0837,0.7966,-10.8141,2.5278,0,0,Backhand prepare 0.02,0,9,-44.0034,-43.898,1.464,0,Perfect,,0,-11.2,-0.231,11.2,0.026
1927,Rally,None,1,-0.0067,55.8498,0.1656,3.4996,-15.7296,0.184,1.7485,-0.2408,1,Ready,0,9,LowPickup,-28.1051,-30.5392,0.0726,0.7908,-10.836,4.9828,0,0,Backhand prepare 0.06,0,9,-39.7997,-37.1722,2.8118,0,Perfect,,0,-11.2,-0.194,11.2,0.0226
1928,Rally,None,1,-0.0067,55.8455,0.144,3.4996,-15.7126,0.1418,1.709,0.1831,1,Ready,0,9,LowPickup,-21.2557,-25.6214,0.0569,0.7784,-10.8583,1.391,0,0,Backhand prepare 0.10,0,9,-36.8119,-30.4747,1.6062,0,Perfect,,0,-11.2,-0.1402,11.2,-0.0043
1929,Rally,None,1,-0.0067,55.8048,0.1252,3.4997,-15.6979,0.1151,1.6793,0.4657,1,Ready,0,9,LowPickup,-12.0716,-17.6282,0.0588,0.7652,-10.86,1.7185,0,0,Backhand prepare 0.15,0,9,-35.9272,-28.3221,1.9758,0,Perfect,,0,-11.2,-0.1056,11.2,-0.0407
1930,Rally,None,1,-0.0067,55.7141,0.1088,3.4997,-15.6851,0.0771,1.6296,0.8896,1,Ready,0,9,LowPickup,-2.4699,-8.662,0.0715,0.767,-10.8465,1.484,0,0,Backhand prepare 0.19,0,9,-36.553,-27.5442,1.0954,0,Perfect,,0,-11.2,-0.0554,11.2,-0.0907
1931,Rally,None,1,-0.0067,55.5983,0.0946,3.4998,-15.674,0.0531,1.5931,1.1722,1,Ready,0,9,LowPickup,6.8303,0.0534,0.0889,0.7788,-10.8318,2.6242,0,0,Backhand prepare 0.25,0,9,-37.3228,-29.632,1.1318,0,Perfect,,0,-11.2,-0.0231,11.2,-0.1158
1932,Rally,None,1,-0.0067,55.4607,0.0823,3.4998,-15.6643,0.0303,1.5539,1.4548,1,Ready,0,9,LowPickup,15.5979,8.3762,0.1094,0.8006,-10.8184,1.6001,0,0,Backhand prepare 0.28,0,9,-37.1819,-30.6372,0.4055,0,Perfect,,0,-11.2,0.0082,11.2,-0.1376
1933,Rally,None,1,-0.0067,55.2857,0.0715,3.4998,-15.6559,-0.0019,1.4899,1.8788,1,Ready,0,9,LowPickup,19.4811,12.3396,0.1263,0.8165,-10.8104,0.8154,0,0,Backhand prepare 0.32,0,9,-37.7332,-32.7552,0.3478,0,Perfect,,0,-11.2,0.0535,11.2,-0.175
1934,Rally,None,1,-0.0067,55.0967,0.0622,3.4998,-15.6486,-0.0219,1.4438,2.1614,1,Ready,0,9,LowPickup,18.6394,12.0252,0.146,0.8199,-10.8057,0.0031,0,0,Forehand prepare 0.38,0,9,-22.0956,-19.9096,3.6721,0,Perfect,,0,-11.2,0.0825,11.2,-0.189
1935,Rally,None,1,-0.0067,54.8769,0.054,3.4999,-15.6423,-0.0499,1.3696,2.5853,1,Ready,0,9,LowPickup,17.7314,11.5697,0.1669,0.8222,-10.802,0.0048,0,0,Forehand prepare 0.41,0,9,-11.7947,-6.3086,4.22,0,Perfect,,0,-11.2,0.1242,11.2,-0.2197
1936,Rally,None,1,-0.0067,54.649,0.047,3.4999,-15.6368,-0.0672,1.3167,2.8679,1,Ready,0,9,LowPickup,16.8169,10.9837,0.1781,0.819,-10.8014,0.0177,0,0,Forehand prepare 0.47,0,9,-2.6158,10.6705,1.3259,0,Perfect,,0,-11.2,0.1508,11.2,-0.2279
1937,Rally,None,1,-0.0067,54.4139,0.0408,3.4999,-15.632,-0.0834,1.2611,3.1505,1,Ready,0,9,LowPickup,15.9822,10.2756,0.1862,0.8161,-10.8017,0.2052,0,0,Forehand prepare 0.51,0,9,6.2216,21.9602,2.8602,0,Perfect,,0,-11.2,0.1764,11.2,-0.2351
1938,Rally,None,1,-0.0067,54.1542,0.0355,3.4999,-15.6278,-0.1055,1.1726,3.5744,1,Ready,0,9,LowPickup,15.3502,9.4417,0.1948,0.8141,-10.8009,0.2918,0,0,Forehand prepare 0.54,0,9,15.8831,30.4077,1.8214,0,Perfect,,0,-11.2,0.2132,11.2,-0.2598
1939,Rally,None,1,-0.0067,53.8914,0.0309,3.4999,-15.6242,-0.1189,1.1102,3.857,1,Ready,0,9,LowPickup,14.8543,8.5277,0.2025,0.8119,-10.7999,0.3007,0,0,Forehand prepare 0.60,0,9,24.5428,42.6744,3.2399,0,Perfect,,0,-11.2,0.2365,11.2,-0.2627
1940,Rally,None,1,-0.0067,53.6076,0.0268,3.4999,-15.621,-0.1369,1.0114,4.2809,1,Ready,0,9,LowPickup,14.475,7.5677,0.2097,0.8078,-10.7962,0.2944,0,0,Forehand prepare 0.63,0,9,28.9524,56.2853,0.7584,0,Perfect,,0,-11.2,0.2697,11.2,-0.2838
1941,Rally,None,1,-0.0067,53.324,0.0233,3.4999,-15.6183,-0.1475,0.9422,4.5635,1,Ready,0,9,LowPickup,14.2001,6.5856,0.2159,0.8063,-10.7979,0.1599,0,0,Forehand prepare 0.69,0,9,31.8305,68.3401,13.716,0,Perfect,,0,-11.2,0.2906,11.2,-0.2836
1942,Rally,None,1,-0.0067,53.0405,0.0203,3.4999,-15.6159,-0.157,0.8702,4.8461,1,Ready,0,9,LowPickup,14.0303,5.6056,0.2219,0.816,-10.8202,0.1549,0,0,Forehand prepare 0.73,0,9,39.4742,73.8754,1.7409,0,Perfect,,0,-11.2,0.3106,11.2,-0.2835
1943,Rally,None,1,-0.0067,52.7386,0.0176,3.5,-15.6138,-0.1692,0.7572,5.27,1,Ready,0,9,LowPickup,13.9083,4.6574,0.2248,0.8284,-10.8425,0.2888,0,0,Forehand prepare 0.76,0,9,46.5797,79.121,1.8468,0,Perfect,,0,-11.2,0.3389,11.2,-0.3018
1944,Rally,None,1,-0.0067,52.4393,0.0153,3.5,-15.612,-0.1759,0.6784,5.5527,1,Ready,0,9,LowPickup,13.7776,3.78,0.2202,0.8289,-10.8341,0.3516,0,0,Forehand prepare 0.82,0,9,49.3611,82.3372,0.4869,0,Perfect,,0,-11.2,0.3565,11.2,-0.2993
1945,Rally,None,1,-0.0067,52.1237,0.0133,3.5,-15.6104,-0.1839,0.5552,5.9766,1,Ready,0,9,LowPickup,13.6459,2.9663,0.2161,0.8287,-10.8246,0.3127,0,0,Forehand prepare 0.86,0,9,47.572,82.4867,0.2403,0,Perfect,,0,-11.2,0.3812,11.2,-0.3156
1946,Rally,None,1,-0.0067,51.8462,0.0116,3.5,-15.6091,-0.1878,0.4696,6.2592,1,Ready,0,9,LowPickup,13.4988,2.2397,0.2213,0.8377,-10.839,0.1048,0,0,Forehand prepare 0.91,0,9,36.5239,73.6213,0.8385,0,Perfect,,0,-11.2,0.3965,11.2,-0.2774
1947,Rally,None,1,-0.0067,51.605,0.0101,3.5,-15.6079,-0.1907,0.3813,6.5418,1,Ready,0,9,LowPickup,13.343,1.5509,0.2285,0.8512,-10.8604,0.0424,0,0,Forehand prepare 0.95,0,9,27.5647,62.6773,0.3671,0,Perfect,,0,-11.2,0.4109,11.2,-0.2412
1948,Rally,None,1,-0.0067,51.3954,0.0088,3.5,-15.6069,-0.1928,0.2437,6.9657,1,Ready,0,9,LowPickup,12.9098,1.3311,0.232,0.8514,-10.871,0.2462,0,0,Forehand prepare 0.99,0,9,19.1806,51.0605,1.5603,0,Perfect,,0,-11.2,0.4306,11.2,-0.2097
1949,Rally,None,1,-0.0067,51.2131,0.0076,3.5,-15.606,-0.1929,0.1486,7.2483,1,Ready,0,9,LowPickup,12.2731,1.0044,0.2355,0.8534,-10.8813,0.1556,0,0,Forehand prepare 1.00,0,9,16.7983,47.5003,0.6463,0,Perfect,,0,-11.2,0.4426,11.2,-0.1823
1950,Rally,None,1,-0.0067,51.0546,0.0066,3.5,-15.6052,-0.1909,0.1369,7.6637,1,Ready,0,9,LowPickup,11.0911,0.3925,0.2389,0.8595,-10.8901,0.1661,0,0,Forehand prepare 1.00,1,0.1692,25.7348,57.7299,0.0351,0,Perfect,,0,-11.2,0.4936,11.2,-0.1585
1951,Rally,None,1,-0.0067,50.9168,0.0058,3.5,-15.6045,-0.1883,0.2085,7.9294,1,Ready,0,9,LowPickup,9.6289,-0.369,0.2426,0.8714,-10.9,0.261,0,0,Forehand swing,1,0.1551,16.4612,48.1874,0.974,0,Perfect,,0,-11.2,0.5737,11.2,-0.1378
1952,Rally,None,1,-0.0067,50.797,0.005,3.5,-15.6039,-0.1846,0.2775,8.195,1,Ready,0,9,LowPickup,7.9235,-1.2344,0.2461,0.8928,-10.9161,0.2273,0,0,Forehand swing,1,0.141,10.1654,40.6521,2.4057,0,Perfect,,0,-11.2,0.6538,11.2,-0.1198
1953,Rally,None,1,-0.0067,50.6929,0.0043,3.5,-15.6034,-0.1769,0.3758,8.5935,1,Ready,0,9,LowPickup,6.2946,-2.1272,0.2542,0.9253,-10.9312,0.1969,0,0,Forehand swing,1,0.1198,2.2636,30.9536,13.3496,0,Perfect,,0,-11.2,0.7516,11.2,-0.1041
1954,Rally,None,1,-0.0067,50.6024,0.0038,3.5,-15.603,-0.1704,0.438,8.8592,1,Ready,0,9,LowPickup,5.0543,-3.0183,0.2724,0.971,-10.9443,0.1171,0,0,Forehand swing,1,0.1057,-3.9692,21.9805,0.5484,0,Perfect,,0,-11.2,0.7585,11.2,-0.0905
1955,Rally,None,1,-0.0067,50.5237,0.0033,3.5,-15.6026,-0.1585,0.5261,9.2576,1,Ready,0,9,LowPickup,4.2103,-3.7318,0.2932,1.0331,-10.952,0.1364,0,0,Forehand swing,1,0.0846,-0.0911,22.0305,1.0307,0,Perfect,,0,-11.2,0.7672,11.2,-0.0787
1956,Rally,None,1,-0.0067,50.4553,0.0029,3.5,-15.6022,-0.1492,0.5814,9.5233,1,Ready,0,9,LowPickup,3.9395,-4.0975,0.3064,1.1311,-10.9839,0.2226,0,0,Forehand swing,1,0.0705,2.3317,19.5002,8.6439,0,Perfect,,0,-11.2,0.7718,11.2,-0.0684
1957,Rally,None,1,-0.0067,50.3958,0.0025,3.5,-15.6019,-0.1388,0.634,9.7889,1,Ready,0,9,LowPickup,4.0307,-4.0928,0.3025,1.1722,-10.9826,0.2767,0,0,Forehand swing,1,0.0564,1.7898,13.4745,0.377,0,Perfect,,0,-11.2,0.7754,11.2,-0.0595
1958,Rally,None,1,-0.0067,50.3441,0.0022,3.5,-15.6017,-0.1211,0.7078,10.1874,1,Ready,0,9,LowPickup,4.3887,-3.582,0.2647,1.0128,-10.8305,0.3454,0,0,Forehand swing,1,0.0352,-0.764,1.4466,0.3842,0,Perfect,,0,-11.2,0.7791,11.2,-0.0517
1959,Rally,None,1,-0.0067,50.2991,0.0019,3.5,-15.6015,-0.1079,0.7536,10.4531,1,Ready,0,9,LowPickup,4.8666,-2.746,0.1585,0.824,-10.8797,1.3737,0,0,Forehand swing,1,0.0211,-0.9442,-8.8331,0.3588,0,Perfect,,0,-11.2,0.7804,11.2,-0.045
1960,Rally,None,1,-0.0067,51.0439,0.0016,3.5,-15.6013,-0.0861,0.8172,10.7316,1,Ready,0,9,LowPickup,5.2831,-1.6588,0.1594,0.8182,-10.8975,8.1578,0,0,Forehand swing,1,0,-3.1685,-21.5738,0.1727,0,Perfect,R;,0,-11.2,0.7886,11.2,0.7448
1961,Rally,None,1,-0.0067,51.6914,0.0014,3.5,-15.6011,-0.1067,0.8994,10.4476,1,Ready,0,9,LowPickup,5.6727,-0.4874,0.1773,0.8368,-10.898,0,0,0,Forehand swing,1,-0.0167,-4.0638,-25.4103,0.1217,0,Perfect,,0,-11.2,0.7085,11.2,0.6475
1962,Rally,None,1,-0.0067,52.2543,0.0012,3.5,-15.601,-0.1274,0.9787,10.1636,1,Ready,0,9,LowPickup,6.0095,0.5938,0.1877,0.8403,-10.9027,0,0,0,Forehand follow,1,-0.0333,-3.2398,-25.1782,0.5211,0,Perfect,,0,-11.2,0.6284,11.2,0.5629
1963,Rally,None,1,-0.0067,52.7436,0.0011,3.5,-15.6008,-0.1583,1.0919,9.7377,1,Ready,0,9,LowPickup,6.2962,1.5578,0.1934,0.8404,-10.9063,0,0,0,Forehand follow,1,-0.0583,-3.1271,-25.5363,0.454,0,Perfect,,0,-11.2,0.5083,11.2,0.4893
1964,Rally,None,1,-0.0067,53.169,0.0009,3.5,-15.6007,-0.1789,1.1635,9.4537,1,Ready,0,9,LowPickup,6.5266,2.3146,0.1898,0.8316,-10.9152,0,0,0,Forehand follow,1,-0.075,-1.9047,-21.9527,0.1701,0,Perfect,,0,-11.2,0.4282,11.2,0.4254
1965,Rally,None,1,-0.0067,53.5389,0.0005,3.5,-15.6006,-0.2099,1.2653,9.0277,1,Ready,0,9,LowPickup,6.7016,2.8925,0.1704,0.8264,-10.9141,0,0,0,Forehand follow,1,-0.1,-0.886,-20.0067,0.1685,0,Perfect,,-0.0042,-11.2,0.3081,11.2,0.3698
1966,Rally,None,1,-0.0067,53.8604,-0.0003,3.5,-15.6006,-0.2305,1.3294,8.7438,1,Run,0,9,LowPickup,0.5408,-1.8987,0.1079,0.84,-10.8731,0,0,0,Forehand follow,1,-0.1167,0.9234,-16.6046,0.5126,0,Perfect,,-0.0104,-11.2,0.228,11.2,0.3215
1967,Rally,None,1,-0.0067,54.1399,-0.0017,3.5,-15.6005,-0.2511,1.3904,8.4598,1,Run,0,9,LowPickup,-7.376,-8.4391,0.0803,0.841,-10.836,0,0,0,Forehand follow,1,-0.1333,2.5056,-14.3246,3.604,0,Perfect,,-0.0194,-11.1999,0.1479,11.2,0.2795
1968,Rally,None,1,-0.0067,54.3829,-0.0042,3.5,-15.6004,-0.2821,1.4762,8.0339,1,Run,0,9,LowPickup,-15.4444,-15.3429,0.0458,0.8073,-10.8561,0,0,0,Forehand follow,1,-0.1583,3.2879,-13.9581,21.5978,0,Perfect,,-0.0382,-11.1999,0.0278,11.2,0.243
1969,Rally,None,1,-0.0067,54.5942,-0.0075,3.5,-15.6003,-0.3027,1.5297,7.7499,1,Run,0,9,LowPickup,-23.4409,-22.4806,0.0357,0.7842,-10.856,1.8592,0,0,Forehand follow,1,-0.175,3.8933,-13.0394,6.3558,0,Perfect,,-0.0542,-11.1998,0,11.2,0.2113
1970,Rally,None,1,-0.0067,54.7778,-0.0125,3.5,-15.6002,-0.3337,1.6041,7.3239,1,Run,0,9,LowPickup,-31.2721,-29.7747,-0.0284,0.7749,-10.8444,0.5614,0,0,Forehand follow,1,-0.2,-6.4763,-24.8398,1.0472,0,Perfect,,-0.0833,-11.1997,0,11.2,0.1837
1971,Rally,None,1,-0.0067,54.9375,-0.0185,3.5,-15.6002,-0.3543,1.65,7.04,1,Run,0,9,LowPickup,-38.9852,-37.0577,-0.0942,0.7694,-10.8351,0.8247,0,0,Forehand follow,1,-0.2167,-14.7016,-36.2182,1.8204,0,Perfect,,-0.1062,-11.1996,0,11.2,0.1597
1972,Rally,None,1,-0.0067,55.0763,-0.0256,3.5,-15.6001,-0.3749,1.6928,6.756,1,Run,0,9,LowPickup,-46.5648,-44.2821,-0.1617,0.7673,-10.8286,0,0,0,Forehand follow,1,-0.2333,-24.0149,-50.0551,15.1214,0,Perfect,,-0.1319,-11.1995,0,11.2,0.1388
1973,Rally,None,1,-0.0067,55.197,-0.0349,3.5,-15.6,-0.4059,1.7513,6.33,1,Run,0,9,LowPickup,-49.258,-47.2907,-0.2169,0.7651,-10.8293,0,0,0,Forehand follow,1,-0.2583,-26.8966,-57.8067,0.4206,0,Perfect,,-0.1757,-11.1994,0,11.2,0.1207
1974,Rally,None,1,-0.0067,55.3019,-0.0453,3.5,-15.5999,-0.4265,1.7865,6.0461,1,Run,0,9,LowPickup,-48.887,-47.6575,-0.2413,0.7616,-10.8344,0,0,0,Forehand follow,1,-0.275,-27.9394,-64.7003,0.3369,0,Perfect,,-0.2083,-11.1993,0,11.2,0.1049
1975,Rally,None,1,-0.0067,55.3931,-0.0582,3.5,-15.5998,-0.4574,1.8337,5.6201,1,Run,0,9,LowPickup,-48.4843,-48.0566,-0.2865,0.7585,-10.8403,0.042,0,0,Forehand follow,0,9,-28.8501,-68.3922,0.0499,0,Perfect,,-0.2625,-11.1991,0,11.2,0.0912
1976,Rally,None,1,-0.0067,55.4724,-0.0723,3.5,-15.5997,-0.4781,1.8613,5.3362,1,Run,0,9,LowPickup,-48.0615,-48.4766,-0.3158,0.7554,-10.8477,0.0113,0,0,Forehand finish,0,9,-27.8176,-68.8681,0.3709,0,Perfect,,-0.3021,-11.199,0,11.2,0.0793
1977,Rally,None,1,-0.0067,55.5413,-0.0876,3.5,-15.5996,-0.4987,1.8859,5.0522,1,Run,0,9,LowPickup,-47.6792,-48.8574,-0.3476,0.7634,-10.8556,0.0458,0,0,Forehand finish,0,9,-30.8646,-76.6127,0.1698,0,Perfect,,-0.3444,-11.1988,0,11.2,0.0689
1978,Rally,None,1,-0.0067,55.6012,-0.1059,3.5,-15.5994,-0.5296,1.9171,4.6262,1,Run,0,9,LowPickup,-47.3784,-49.1584,-0.4083,0.7714,-10.8611,0.1032,0,0,Forehand finish,0,9,-31.8578,-80.5811,0.1118,0,Perfect,,-0.4132,-11.1986,0,11.2,0.0599
1979,Rally,None,1,-0.0067,55.6533,-0.1253,3.5,-15.5993,-0.5503,1.9341,4.3423,1,Run,0,9,LowPickup,-47.1286,-49.411,-0.4943,0.7811,-10.8655,0.1277,0,0,Forehand finish,0,9,-34.3027,-91.2518,0.2065,0,Perfect,,-0.4625,-11.1984,0,11.2,0.0521
1980,Rally,None,1,-0.0067,55.6986,-0.1478,3.5,-15.5992,-0.5812,1.954,3.9163,1,Run,0,9,LowPickup,-46.9664,-49.5787,-0.5699,0.7836,-10.8682,0.0871,0,0,Forehand finish,0,9,-33.8046,-90.8337,0.4035,0,Perfect,,-0.5417,-11.1981,0,11.2,0.0453
1981,Rally,None,1,-0.0067,55.738,-0.1715,3.5,-15.599,-0.6018,1.9634,3.6323,1,Run,0,9,LowPickup,-46.9346,-49.6193,-0.6682,0.7955,-10.8686,0,0,0,Forehand finish,0,9,-33.6592,-91.2448,0.3825,0,Perfect,,-0.5979,-11.1979,0,11.2,0.0394
1982,Rally,None,1,-0.0067,55.7722,-0.1963,3.5,-15.5988,-0.6225,1.9698,3.3484,1,Run,0,9,LowPickup,-47.0975,-49.4685,-0.6883,0.7986,-10.8655,14.894,0,0,Forehand finish,0,9,-34.3326,-95.5474,0.3635,0,Perfect,,-0.6569,-11.1977,0,11.2,0.0342
1983,Rally,None,1,-0.0067,55.802,-0.2246,3.5,-15.5986,-0.6534,1.9736,2.9224,1,Run,0,9,LowPickup,-47.4769,-49.1052,-0.7484,0.8099,-10.858,0.676,0,0,Forehand finish,0,9,-34.0954,-95.07,0.1167,0,Perfect,,-0.7507,-11.1974,0,11.2,0.0298
1984,Rally,None,1,-0.0067,55.8279,-0.2539,3.5,-15.5985,-0.674,1.9724,2.6384,1,Run,0,9,LowPickup,-48.0279,-48.5746,-0.8281,0.8121,-10.8478,0.4843,0,0,Forehand finish,0,9,-34.4021,-95.6222,0.2934,0,Perfect,,-0.8167,-11.1972,0,11.2,0.0259
1985,Rally,None,1,-0.0067,55.8503,-0.2865,3.5,-15.5982,-0.705,1.9649,2.2125,1,Run,0,9,LowPickup,-48.7026,-47.9251,-0.9422,0.8066,-10.8354,2.5008,0,0,Forehand finish,0,9,-34.478,-95.1581,0.0804,0,Perfect,,-0.9148,-11.1968,0,11.2,0.0225
1986,Rally,None,1,-0.0067,55.8699,-0.3192,3.5,-15.598,-0.7256,1.9562,1.9285,1,Run,0,9,LowPickup,-49.5115,-47.144,-1.0226,0.789,-10.8221,6.2419,0,0,Forehand finish,0,9,-33.2263,-89.7826,0.0487,0,Perfect,,-0.9767,-11.1966,0,11.2,0.0196
1987,Rally,None,1,-0.0067,55.8869,-0.352,3.5,-15.5978,-0.7463,1.9443,1.6446,1,Run,0,9,LowPickup,-50.291,-46.3939,-1.1002,0.7887,-10.8111,0.3697,0,0,Forehand finish,0,9,-33.0505,-87.7462,0.1693,0,Perfect,,-1.0359,-11.1964,0,11.2,0.017
1988,Rally,None,1,-0.0067,55.9017,-0.3864,3.5,-15.5976,-0.7772,1.9209,1.2186,1,Run,0,9,LowPickup,-50.9253,-45.7902,-1.2001,0.8218,-10.8027,0.8216,0,0,Forehand finish,0,9,-32.9642,-85.8168,0.199,0,Perfect,,-1.1195,-11.1961,0,11.2,0.0148
1989,Rally,None,1,-0.0067,55.9145,-0.4201,3.5,-15.5974,-0.7978,1.9015,0.9346,1,Run,0,9,LowPickup,-51.4871,-45.2595,-1.2664,0.8453,-10.7963,1.383,0,0,Forehand finish,0,9,-33.0151,-84.2897,0.4381,0,Perfect,,-1.1717,-11.196,0,11.2,0.0128
1990,Rally,None,1,-0.0067,55.9257,-0.4547,3.5,-15.5972,-0.8288,1.8667,0.5087,1,Run,0,9,LowPickup,-51.9498,-44.8282,-1.3479,0.8598,-10.7904,0.178,0,0,Forehand finish,0,9,-33.2672,-82.9137,0.6748,0,Perfect,,-1.2448,-11.1957,0,11.2,0.0112
1991,Rally,None,1,-0.0067,55.9354,-0.488,3.5,-15.597,-0.8494,1.8396,0.2247,1,Backhand prepare 0.07,0,9,LowPickup,-46.5409,-39.4944,-1.3257,0.8366,-10.8129,1.1921,0.2083,0.1667,Forehand finish,0,9,-33.6799,-81.7334,0.0867,0,Perfect,,-1.2901,-11.1955,0,11.2,0.0097
1992,Rally,None,1,-0.0067,55.9438,-0.52,3.5,-15.5967,-0.87,1.8096,-0.0593,1,Backhand prepare 0.11,0,9,LowPickup,-42.2878,-33.6902,-1.2737,0.8096,-10.846,0.3696,0.4167,0.3333,Forehand finish,0,9,-34.116,-80.5896,0.2553,0,Perfect,,-1.3326,-11.1954,0,11.2,0.0084
1993,Rally,None,1,-0.0067,55.946,-0.552,3.5,-15.5965,-0.901,1.7588,-0.4852,1,Backhand prepare 0.14,0,9,LowPickup,-39.2154,-30.5705,-1.2636,0.7861,-10.8954,0.7011,0.625,0.5,Forehand finish,0,9,-34.5048,-79.5089,0,0,Perfect,,-1.3905,-11.1952,0,11.2,0.0021
1994,Rally,None,1,-0.0067,55.9388,-0.5798,3.5,-15.5964,-0.9216,1.7212,-0.7692,1,Backhand prepare 0.20,0,9,LowPickup,-30.8415,-22.6652,-1.2464,0.7756,-10.9711,3.1777,0.8333,0.6667,Forehand finish,0,9,-34.7833,-78.4057,0,0,Perfect,,-1.3905,-11.1952,0,11.2,-0.0072
1995,Rally,None,1,-0.0067,55.9189,-0.6039,3.5,-15.5962,-0.9526,1.6591,-1.1951,1,Backhand prepare 0.24,0,9,LowPickup,-21.5688,-15.3387,-1.2544,0.7698,-11.0206,6.0242,1,0.8333,Forehand finish,0,9,-34.8957,-77.3728,0,0,Perfect,,-1.3905,-11.1952,0,11.2,-0.0199
1996,Rally,None,1,-0.0067,55.8925,-0.625,3.5,-15.5961,-0.9732,1.6139,-1.4791,1,Backhand prepare 0.29,0,9,LowPickup,-14.5602,-11.1353,-1.4011,0.8058,-10.9636,2.5523,1,1,Forehand finish,0,9,-34.5216,-76.4543,0,0,Perfect,,-1.3905,-11.1952,0,11.2,-0.0264
1997,Rally,None,1,-0.0067,55.8605,-0.6432,3.5,-15.596,-0.9938,1.5656,-1.7631,1,Backhand prepare 0.33,0,9,LowPickup,-10.8606,-9.947,-1.4224,0.8231,-10.9713,1.1938,1,1,Forehand finish,0,9,-33.3383,-75.9109,0,0,Perfect,,-1.3905,-11.1952,0,11.2,-0.032
1998,Rally,None,1,-0.0067,55.8191,-0.6591,3.5,-15.5959,-1.0248,1.4875,-2.189,1,Backhand prepare 0.37,0,9,LowPickup,-13.9151,-14.7092,-1.407,0.8322,-10.9314,1.3192,1,1,Forehand finish,0,9,-31.6234,-75.1568,0,0,Perfect,,-1.3905,-11.1952,0,11.2,-0.0414
1999,Rally,None,1,-0.0067,55.774,-0.6729,3.5,-15.5958,-1.0454,1.4317,-2.473,1,Backhand prepare 0.42,0,9,LowPickup,-21.4637,-24.0586,-1.4966,0.8895,-10.892,0.7,1,1,Forehand finish,0,9,-29.4269,-73.4925,0,0,Perfect,,-1.3905,-11.1952,0,11.2,-0.0451
2000,Rally,None,1,-0.0067,55.7212,-0.6849,3.5,-15.5957,-1.0763,1.3422,-2.8989,1,Backhand prepare 0.46,0,9,LowPickup,-26.5094,-31.2826,-1.5182,0.7953,-10.9685,0,1,1,Forehand finish,0,9,-26.9894,-71.1891,0,0,Perfect,,-1.3905,-11.1952,0,11.2,-0.0528
2001,Rally,None,1,-0.0067,55.6663,-0.6954,3.5,-15.5956,-1.097,1.2788,-3.1829,1,Backhand prepare 0.51,0,9,LowPickup,-32.2435,-40.9113,-1.5092,0.7694,-10.9902,0.2564,1,1,Forehand finish,0,9,-24.1376,-67.9726,0,0,Perfect,,-1.3905,-11.1952,0,11.2,-0.055
2002,Rally,None,1,-0.0067,55.6094,-0.7044,3.5,-15.5956,-1.1176,1.2123,-3.4669,1,Backhand prepare 0.55,0,9,LowPickup,-38.6225,-48.4232,-1.5868,0.8177,-10.9755,0.958,1,1,Forehand finish,0,9,-20.9701,-64.1717,0.6264,0,Perfect,,-1.3905,-11.1952,0,11.2,-0.0569
2003,Rally,None,1,-0.0067,55.5464,-0.7123,3.5,-15.5955,-1.1485,1.1069,-3.8928,1,Backhand prepare 0.59,0,9,LowPickup,-46.2324,-57.9686,-1.6233,0.8194,-11.0089,2.5881,1,1,Forehand finish,0,9,-17.3174,-59.7506,0.7218,0,Perfect,,-1.3905,-11.1952,0,11.2,-0.063
2004,Rally,None,1,-0.0067,55.4825,-0.7192,3.5,-15.5955,-1.1692,1.0329,-4.1768,1,Backhand prepare 0.64,0,9,LowPickup,-56.9439,-74.7401,-1.7009,0.868,-11.0062,0.6337,1,1,Forehand finish,0,9,-13.2534,-54.835,0.8085,0,Perfect,,-1.3905,-11.1952,0,11.2,-0.0639
2005,Rally,None,1,-0.0067,55.4133,-0.7251,3.5,-15.5954,-1.2001,0.9161,-4.6028,1,Backhand prepare 0.68,0,9,LowPickup,-62.109,-85.9396,-1.7504,0.9013,-11.0482,2.1235,1,1,Forehand finish,0,9,-8.8688,-49.5162,0.8904,0,Perfect,,-1.3905,-11.1952,0,11.2,-0.0691
2006,Rally,None,1,-0.0067,55.3442,-0.7303,3.5,-15.5954,-1.2207,0.8344,-4.8867,1,Backhand prepare 0.74,0,9,LowPickup,-69.223,-98.1584,-1.7903,0.971,-11.1095,1.5526,1,1,Forehand finish,0,9,-4.3679,-43.7878,0.8924,0,Perfect,,-1.3905,-11.1952,0,11.2,-0.0692
2007,Rally,None,1,-0.0067,55.2749,-0.7348,3.5,-15.5954,-1.2414,0.7497,-5.1707,1,Backhand prepare 0.77,0,9,LowPickup,-72.1102,-104.8802,-1.7874,0.9955,-11.1528,0.4706,1,1,Forehand finish,0,9,-0.1031,-37.6194,0.8134,0,Perfect,,-1.3905,-11.1952,0,11.2,-0.0692
2008,Rally,None,1,-0.0067,55.2012,-0.7387,3.5,-15.5954,-1.2723,0.617,-5.5967,1,Backhand prepare 0.81,0,9,LowPickup,-71.2702,-112.1723,-1.7697,1.0068,-11.194,0.7424,1,1,Forehand finish,0,9,3.8472,-31.0992,0.6924,0,Perfect,,-1.3905,-11.1952,0,11.2,-0.0738
2009,Rally,None,1,-0.0067,55.1279,-0.7421,3.5,-15.5953,-1.293,0.5247,-5.8806,1,Backhand prepare 0.87,0,9,LowPickup,-60.3583,-120.7829,-1.7088,1.0103,-11.242,2.0571,1,1,Forehand finish,0,9,7.2585,-24.5695,0.5385,0,Perfect,,-1.3905,-11.1952,0,11.2,-0.0732
2010,Rally,None,1,-0.0067,55.0507,-0.7451,3.5,-15.5953,-1.3239,0.3806,-6.3066,1,Backhand prepare 0.90,0,9,LowPickup,-46.6428,-119.1173,-1.6252,1.0299,-11.2451,1.028,1,1,Forehand finish,0,9,10.0928,-18.1869,0.3133,0,Perfect,,-1.3905,-11.1952,0,11.2,-0.0773
2011,Rally,None,1,-0.0067,54.9744,-0.7477,3.5,-15.5953,-1.3445,0.2808,-6.5905,1,Backhand prepare 0.96,0,9,LowPickup,-26.5756,-100.2515,-1.5981,0.9437,-11.1259,1.4202,1,1,Forehand finish,0,9,12.0378,-12.3233,0.1749,0,Perfect,,-1.3905,-11.1952,0,11.2,-0.0762
2012,Rally,None,1,-0.0067,54.8991,-0.7499,3.5,-15.5953,-1.3652,0.1779,-6.8745,1,Backhand prepare 1.00,0,9,LowPickup,-14.6203,-83.7549,-1.647,0.9704,-10.9908,6.7027,1,1,Forehand finish,0,9,12.9882,-7.079,0.0537,0,Perfect,,-1.3905,-11.1952,0,11.2,-0.0754
2013,Rally,None,1,-0.0067,54.8244,-0.7519,3.5,-15.5953,-1.3957,0.1421,-7.2948,1,Backhand prepare 1.00,0,9,LowPickup,-13.5179,-81.848,-1.6463,0.9721,-10.9803,0.1462,1,1,Forehand finish,0,9,13.4103,-2.9798,0.0884,0,Perfect,,-1.3905,-11.1952,0,11.2,-0.0747
2014,Rally,None,1,-0.0067,54.7504,-0.7535,3.5,-15.5953,-1.4155,0.2243,-7.5676,1,Backhand prepare 1.00,1,0.1645,Drive,-22.8309,-91.9005,-1.6271,0.9201,-11.0401,0,1,1,Forehand finish,0,9,13.4027,-0.5003,0.1407,0,Perfect,,-1.3905,-11.1952,0,11.2,-0.074
2015,Rally,None,1,-0.0067,54.6725,-0.755,3.5,-15.5953,-1.4452,0.3421,-7.9767,1,Backhand swing,1,0.1395,Drive,-17.446,-89.4602,-1.6401,0.938,-11.0136,0.8804,1,1,Ready,0,9,10.0701,-2.5261,0.7479,0,Perfect,,-1.3905,-11.1952,0,11.2,-0.0779
2016,Rally,None,1,-0.0067,54.5957,-0.7563,3.5,-15.5952,-1.465,0.4171,-8.2494,1,Backhand swing,1,0.1228,Drive,-14.0604,-84.6887,-1.6484,0.9517,-10.982,0.3451,1,1,Ready,0,9,10.5662,-1.3191,0.2374,0,Perfect,,-1.3905,-11.1952,0,11.2,-0.0768
2017,Rally,None,1,-0.0067,54.5199,-0.7574,3.5,-15.5952,-1.4849,0.4892,-8.5222,1,Backhand swing,1,0.1062,Drive,-10.3926,-78.9145,-1.643,0.9504,-10.9491,0.3699,1,1,Ready,0,9,10.9946,-0.1957,0.1714,0,Perfect,,-1.3905,-11.1952,0,11.2,-0.0759
2018,Rally,None,1,-0.0067,54.4403,-0.7584,3.5,-15.5952,-1.5146,0.592,-8.9313,1,Backhand swing,1,0.0812,Drive,-3.8227,-67.8537,-1.6425,1.0999,-10.9378,0.5446,1,1,Ready,0,9,11.4199,0.8955,0.2042,0,Perfect,,-1.3905,-11.1952,0,11.2,-0.0796
2019,Rally,None,1,-0.0067,54.3621,-0.7592,3.5,-15.5952,-1.5344,0.657,-9.204,1,Backhand swing,1,0.0645,Drive,-0.1009,-56.537,-1.6188,1.1121,-10.899,0.7643,1,1,Ready,0,9,11.8859,1.9852,0.2751,0,Perfect,,-1.3905,-11.1952,0,11.2,-0.0782
2020,Rally,None,1,-0.0067,54.2805,-0.7599,3.5,-15.5952,-1.5641,0.7491,-9.6131,1,Backhand swing,1,0.0425,Drive,5.0964,-41.429,-1.4094,1.0759,-10.4546,0.3964,1,1,Ready,0,9,12.4504,3.1201,0.3761,0,Perfect,,-1.3905,-11.1952,0,11.2,-0.0816
2021,Rally,None,1,-0.0067,54.2004,-0.7606,3.5,-15.5952,-1.5839,0.8069,-9.8859,1,Backhand swing,1,0.0319,Drive,4.6523,-31.9599,-1.2767,1.068,-10.5423,7.0862,1,1,Ready,0,9,13.1355,4.3329,0.4054,0,Perfect,,-1.3905,-11.1952,0,11.2,-0.08
2022,Rally,None,1,-0.0067,54.1218,-0.7611,3.5,-15.5952,-1.6037,0.8618,-10.1586,1,Backhand swing,1,0.0213,Drive,5.6489,-23.5497,-1.2801,1.1499,-10.5596,11.7063,1,1,Ready,0,9,13.9601,5.6805,0.3641,0,Perfect,,-1.3905,-11.1952,0,11.2,-0.0786
2023,Rally,None,1,-0.0067,54.0406,-0.7616,3.5,-15.5952,-1.6335,0.9389,-10.5677,1,Backhand swing,1,0.0053,Drive,7.4099,-11.1078,-1.2739,1.1784,-10.6332,0.1461,1,1,Ready,0,9,14.9588,7.1927,0.265,0,Perfect,,-1.3905,-11.1952,0,11.2,-0.0812
2024,Rally,None,1,0.055,54.2965,-0.7644,3.4998,-15.5952,-1.6077,1.0157,-10.1974,1,Backhand swing,1,-0.0083,Drive,6.7442,-1.9653,-1.258,1.1584,-10.6736,0.2083,1,1,Ready,0,9,16.0046,8.5819,0.34,0.6917,Perfect,P:Perfect;,-1.3905,-11.1952,0,11.2,0.256
2025,Rally,None,1,0.0383,54.5191,-0.7666,3.5033,-15.5945,-1.6077,1.0157,-10.1974,1,Backhand follow,1,-0.0083,Drive,5.3498,-1.879,-1.258,1.1586,-10.6736,0.17,1,1,Ready,0,9,16.33,8.5356,0.4224,0.6333,Perfect,,-1.3905,-11.1952,0,11.2,0.2225
2026,Rally,None,1,0.0217,54.7126,-0.7594,3.4868,-15.5978,-1.6077,1.0157,-10.1974,1,Backhand follow,1,-0.0083,Drive,5.3498,-1.879,-1.258,1.1586,-10.6736,0.0001,1,1,Ready,0,9,16.6424,8.5449,0.6229,0.575,Perfect,,-1.3905,-11.1952,0,11.2,0.1935
2027,Rally,None,1,0.005,54.8807,-0.7651,3.49,-15.5971,-1.6077,1.0157,-10.1974,1,Backhand follow,1,-0.0083,Drive,5.3498,-1.879,-1.258,1.1586,-10.6736,0,1,1,Ready,0,9,16.9598,8.5862,0.5226,0.5167,Perfect,,-1.3905,-11.1952,0,11.2,0.1682
2028,Rally,None,1,-0.0117,55.027,-0.7621,3.4979,-15.5956,-1.6077,1.0157,-10.1974,1,Backhand follow,1,-0.0083,Drive,5.3498,-1.879,-1.258,1.1586,-10.6736,0,1,1,Ready,0,9,17.3059,8.6161,0.1849,0.4583,Perfect,,-1.3905,-11.1952,0,11.2,0.1462
2029,Rally,None,1,-0.0117,55.1541,-0.7759,3.4878,-15.5972,-1.5721,1.0651,-9.8107,1,Backhand follow,1,-0.025,Drive,6.9364,6.7408,-1.2484,1.1405,-10.6879,0,1,1,Ready,0,9,17.6435,8.717,0.0741,0.4,Perfect,,-1.3885,-11.1952,0,11.2,0.1271
2030,Rally,None,1,-0.0117,55.2646,-0.7752,3.4884,-15.5971,-1.5365,1.1115,-9.424,1,Backhand follow,1,-0.0417,Drive,7.2536,14.7085,-1.2446,1.1361,-10.7196,0.2136,1,1,Ready,0,9,17.9524,8.9893,0.2407,0.3417,Perfect,,-1.3836,-11.1952,0,11.2,0.1105
2031,Rally,None,1,-0.0117,55.3607,-0.7701,3.496,-15.5958,-1.483,1.1752,-8.844,1,Backhand follow,1,-0.0667,Drive,8.3593,25.7652,-1.245,1.0242,-10.8498,0.2021,1,1,Ready,0,9,18.2116,9.328,0.229,0.2833,Perfect,,-1.3711,-11.1953,0,11.2,0.0961
2032,Rally,None,1,-0.0117,55.4442,-0.7696,3.4928,-15.5964,-1.4474,1.2138,-8.4573,1,Backhand follow,1,-0.0833,Drive,10.2749,31.0516,-1.2845,0.8796,-10.9576,0.4142,1,1,Ready,0,9,18.3894,9.6562,0.0475,0.225,Perfect,,-1.3593,-11.1953,0,11.2,0.0835
2033,Rally,None,1,-0.0117,55.5168,-0.7671,3.4931,-15.5963,-1.394,1.266,-7.8773,1,Backhand follow,1,-0.1083,Drive,13.6769,38.9626,-1.3422,0.8948,-11.0337,0.4139,1,1,Ready,0,9,18.5013,10.0039,0.1315,0.1667,Perfect,,-1.3364,-11.1954,0,11.2,0.0726
2034,Rally,None,1,-0.0117,55.5799,-0.7597,3.4916,-15.5967,-1.3583,1.2969,-7.4906,1,Backhand follow,1,-0.125,Drive,20.6787,42.8636,-1.333,0.9231,-11.0285,0.8052,1,1,Ready,0,9,18.5419,10.4039,0.1332,0.1083,Perfect,,-1.3176,-11.1954,0,11.2,0.0631
2035,Rally,None,1,-0.0117,55.6348,-0.754,3.4934,-15.5964,-1.3227,1.3247,-7.1039,1,Backhand follow,1,-0.1417,Drive,27.0482,48.5265,-1.2904,0.9439,-11.0386,0.5924,1,1,Ready,0,9,18.5404,10.7661,0.1101,0.05,Perfect,,-1.2961,-11.1955,0,11.2,0.0549
2036,Rally,None,1,-0.0117,55.6825,-0.746,3.4947,-15.5962,-1.2692,1.3607,-6.5239,1,Backhand follow,1,-0.1667,Drive,34.6317,57.3589,-1.2169,0.978,-11.0707,0.555,1,1,Ready,0,9,18.511,10.9997,0.0308,0,Perfect,,-1.2586,-11.1957,0,11.2,0.0477
2037,Rally,None,1,-0.0117,55.724,-0.737,3.4954,-15.5962,-1.2336,1.3808,-6.1372,1,Backhand follow,1,-0.1833,Drive,39.8074,64.3931,-1.1429,1.004,-11.1035,0.6195,1,1,Ready,0,9,18.4889,11.1528,0.0129,0,Perfect,,-1.2301,-11.1957,0,11.2,0.0415
2038,Rally,None,1,-0.0117,55.7601,-0.7256,3.496,-15.5961,-1.1802,1.4051,-5.5571,1,Backhand follow,1,-0.2083,Drive,45.1739,73.8097,-1.0252,1.0637,-11.154,0.6514,1,1,Ready,0,9,18.5303,11.2469,0.0148,0,Perfect,,-1.1822,-11.1959,0,11.2,0.0361
2039,Rally,None,1,-0.0117,55.7914,-0.7132,3.4965,-15.5961,-1.1445,1.4175,-5.1705,1,Backhand follow,1,-0.225,Drive,48.4217,77.9688,-0.9349,1.0623,-11.1865,0.7566,1,1,Ready,0,9,18.5792,11.2678,0.0133,0,Perfect,,-1.1468,-11.196,0,11.2,0.0313
2040,Rally,None,1,-0.0117,55.8187,-0.6997,3.497,-15.5961,-1.1089,1.4268,-4.7838,1,Backhand follow,1,-0.2417,Drive,51.7605,80.7186,-0.8024,1.074,-11.2062,0.856,1,1,Ready,0,9,18.6069,11.1965,0.0151,0,Perfect,,-1.1086,-11.1962,0,11.2,0.0273
2041,Rally,None,1,-0.0117,55.8423,-0.6835,3.4974,-15.5962,-1.0555,1.435,-4.2037,1,Backhand follow,1,-0.2667,Drive,56.1006,84.4129,-0.6913,1.1007,-11.2653,1.3032,1,1,Ready,0,9,18.5948,11.0715,0.0162,0,Perfect,,-1.0461,-11.1964,-0.0004,11.2,0.0237
2042,Rally,None,1,-0.0117,55.8629,-0.6661,3.4977,-15.5962,-1.0198,1.4365,-3.817,1,Backhand follow,0,9,Drive,57.6944,82.9216,-0.6133,1.0915,-11.3101,0,1,1,Ready,0,9,18.498,10.9179,0.0062,0,Perfect,,-1.001,-11.1965,-0.0004,11.2,0.0206
2043,Rally,None,1,-0.0117,55.8808,-0.6458,3.498,-15.5963,-0.9664,1.4331,-3.237,1,Run,0,9,Drive,44.9209,64.0076,-0.5052,0.9426,-11.236,14.4045,0.9167,0.8333,Ready,0,9,18.3723,10.7522,0.0057,0,Perfect,,-0.928,-11.1968,-0.0004,11.2,0.0179
2044,Rally,None,1,-0.0117,55.8964,-0.6243,3.4983,-15.5964,-0.9308,1.427,-2.8503,1,Run,0,9,Drive,46.049,61.6707,-0.4582,0.9063,-11.2174,5.3415,0.8333,0.6667,Forehand prepare 0.13,0,9,24.6451,15.0872,0.8145,0,Perfect,,-0.876,-11.197,-0.0004,11.2,0.0156
2045,Rally,None,1,-0.0117,55.91,-0.6018,3.4985,-15.5965,-0.8951,1.4177,-2.4636,1,Run,0,9,Drive,47.0798,59.4442,-0.3947,0.8734,-11.2285,3.0141,0.75,0.5,Forehand prepare 0.21,0,9,30.0033,20.309,0.4259,0,Perfect,,-0.8211,-11.1972,-0.0004,11.2,0.0135
2046,Rally,None,1,-0.0117,55.9217,-0.5759,3.4987,-15.5966,-0.8417,1.3981,-1.8836,1,Run,0,9,Drive,48.3467,56.5375,-0.32,0.8341,-11.2499,1.6897,0.6667,0.3333,Forehand prepare 0.27,0,9,36.118,26.3929,0.3104,0,Perfect,,-0.7336,-11.1975,-0.0004,11.2,0.0118
2047,Rally,None,1,-0.0117,55.9319,-0.5489,3.4989,-15.5967,-0.806,1.3812,-1.4969,1,Run,0,9,Drive,49.9264,52.6,-0.2709,0.7889,-11.2808,3.6165,0.5833,0.1667,Forehand prepare 0.32,0,9,41.7011,33.6959,0.2937,0,Perfect,,-0.6718,-11.1977,-0.0004,11.2,0.0102
2048,Rally,None,1,-0.0117,55.9408,-0.5184,3.499,-15.5969,-0.7526,1.3499,-0.9169,1,Run,0,9,Drive,51.8154,47.4051,-0.1746,0.7475,-11.3218,1.0205,0.5,0,Forehand prepare 0.36,0,9,47.2165,42.3167,0.4052,0,Perfect,,-0.5739,-11.198,-0.0004,11.2,0.0089
2049,Rally,None,1,-0.0117,55.9486,-0.4872,3.4991,-15.5971,-0.717,1.3253,-0.5302,1,Run,0,9,Drive,51.1886,47.9961,-0.0913,0.7405,-11.311,1.8089,0.4167,0,Forehand prepare 0.42,0,9,52.93,54.7294,0.4639,0,Perfect,,-0.5078,-11.1982,-0.0004,11.2,0.0077
2050,Rally,None,1,-0.0117,55.9553,-0.4555,3.4992,-15.5973,-0.6813,1.2975,-0.1435,1,Run,0,9,Drive,50.4736,48.6326,-0.0111,0.7278,-11.2991,3.572,0.3333,0,Forehand prepare 0.45,0,9,58.1655,65.5794,0.3555,0,Perfect,,-0.4444,-11.1985,-0.0004,11.2,0.0067
2051,Rally,None,1,-0.0117,55.9041,-0.4214,3.4993,-15.5975,-0.6279,1.2501,0.4365,1,Run,0,9,Drive,49.6509,49.3764,0.0952,0.7397,-11.2852,0,0.25,0,Forehand prepare 0.49,0,9,63.73,76.4297,0.5946,0,Perfect,,-0.3546,-11.1988,-0.0004,11.2,-0.0512
2052,Rally,None,1,-0.0117,55.8091,-0.3878,3.4994,-15.5977,-0.5923,1.2146,0.8232,1,Run,0,9,Drive,48.8886,50.0574,0.1669,0.7567,-11.2711,1.8047,0.1667,0,Forehand prepare 0.55,0,9,72.278,87.3521,1.1322,0,Perfect,,-0.2982,-11.199,-0.0004,11.2,-0.095
2053,Rally,None,1,-0.0117,55.6507,-0.3529,3.4995,-15.5979,-0.5388,1.1556,1.4032,1,Run,0,9,Drive,48.2907,50.5989,0.2574,0.7881,-11.2603,1.8484,0.0833,0,Forehand prepare 0.58,0,9,76.9019,95.8653,0,0,Perfect,,-0.2189,-11.1992,-0.0004,11.2,-0.1584
2054,Rally,None,1,-0.0117,55.4625,-0.319,3.4996,-15.5981,-0.5032,1.1124,1.7899,1,Run,0,9,Drive,47.7865,51.0626,0.3181,0.8071,-11.2523,0.6957,0,0,Forehand prepare 0.64,0,9,73.5986,105.1646,1.3543,0,Perfect,,-0.1694,-11.1994,-0.0004,11.2,-0.1882
2055,Rally,None,1,-0.0117,55.2484,-0.2861,3.4996,-15.5983,-0.4675,1.0662,2.1766,1,Run,0,9,Drive,47.374,51.4374,0.3733,0.8207,-11.2455,0.792,0,0,Forehand prepare 0.67,0,9,69.7273,108.9379,1.1984,0,Perfect,,-0.1227,-11.1996,-0.0004,11.2,-0.2141
2056,Rally,None,1,-0.0117,54.9864,-0.2529,3.4997,-15.5985,-0.4141,0.991,2.7567,1,Run,0,9,Drive,47.0898,51.686,0.4409,0.8342,-11.2428,0.2893,0,0,Forehand prepare 0.71,0,9,68.1229,107.7465,0.8455,0,Perfect,,-0.0579,-11.1998,-0.0004,11.2,-0.2619
2057,Rally,None,1,-0.0117,54.7082,-0.2212,3.4997,-15.5987,-0.3785,0.937,3.1433,1,Run,0,9,Drive,46.9529,51.79,0.4814,0.8464,-11.241,1.1186,0,0,Forehand prepare 0.77,0,9,67.6083,104.3048,1.9703,0,Perfect,,-0.0182,-11.1999,-0.0004,11.2,-0.2782
2058,Rally,None,1,-0.0117,54.3905,-0.1923,3.4998,-15.5988,-0.325,0.8502,3.7234,1,Run,0,9,Drive,46.9185,51.7938,0.4992,0.8544,-11.24,6.2195,0,0,Forehand prepare 0.80,0,9,65.4374,101.59,0.1029,0,Perfect,,0,-11.2,-0.0004,11.2,-0.3177
2059,Rally,None,1,-0.0117,54.0638,-0.1671,3.4998,-15.599,-0.2894,0.7885,4.1101,1,Ready,0,9,Drive,43.5666,46.3257,0.4485,0.8394,-11.1603,0.3653,0,0,Forehand prepare 0.86,0,9,56.6298,94.1433,1.014,0,Perfect,,0,-11.2,-0.0004,11.2,-0.3267
2060,Rally,None,1,-0.0117,53.7293,-0.1453,3.4998,-15.5991,-0.2538,0.7237,4.4968,1,Ready,0,9,Drive,40.0016,40.7654,0.4009,0.8288,-11.0864,0.5445,0,0,Forehand prepare 0.90,0,9,45.9346,84.7236,0.9974,0,Perfect,,0,-11.2,-0.0004,11.2,-0.3345
2061,Rally,None,1,-0.0117,53.3627,-0.1263,3.4998,-15.5992,-0.2003,0.6207,5.0768,1,Ready,0,9,Drive,36.2948,35.2395,0.3497,0.8247,-11.0182,0.6399,0,0,Forehand prepare 0.93,0,9,34.3186,71.0906,0.6885,0,Perfect,,0,-11.2,-0.0004,11.2,-0.3666
2062,Rally,None,1,-0.0117,52.9935,-0.1098,3.4999,-15.5993,-0.1647,0.5481,5.4635,1,Ready,0,9,Drive,32.3281,29.7175,0.2954,0.8189,-10.9562,0.6464,0,0,Forehand prepare 0.99,0,9,18.8989,50.4813,1.9738,0,Perfect,,0,-11.2,-0.0004,11.2,-0.3692
2063,Rally,None,1,-0.0117,52.6024,-0.0955,3.4999,-15.5994,-0.1112,0.4336,6.0435,1,Ready,0,9,Drive,28.0588,24.1558,0.2434,0.8119,-10.902,0.6449,0,0,Forehand prepare 1.00,0,9,16.1664,46.3398,0.4202,0,Perfect,,0,-11.2,-0.0004,11.2,-0.3911
2064,Rally,None,1,-0.0117,52.2624,-0.083,3.4999,-15.5995,-0.0756,0.3533,6.4302,1,Ready,0,9,Drive,23.4545,18.4911,0.2054,0.809,-10.8553,0.7601,0,0,Forehand prepare 1.00,1,0.176,25.0713,56.5034,0,0,Perfect,,0,-11.2,-0.0004,11.2,-0.34
2065,Rally,None,1,-0.0117,51.9669,-0.0722,3.4999,-15.5996,-0.04,0.27,6.8169,1,Ready,0,9,Drive,18.5467,12.7046,0.1759,0.811,-10.8134,1.012,0,0,Backhand swing,1,0.1613,47.7414,36.1724,5.1609,0,Perfect,,0,-11.2,-0.0004,11.2,-0.2956
2066,Rally,None,1,-0.0117,51.7099,-0.0627,3.4999,-15.5996,0.0135,0.1392,7.3969,1,Ready,0,9,Drive,16.8169,11.0686,0.1781,0.8088,-10.8058,0.2472,0,0,Backhand swing,1,0.1393,37.664,16.8341,0.2753,0,Perfect,,0,-11.2,-0.0004,11.2,-0.257
2067,Rally,None,1,-0.0117,51.4865,-0.0545,3.4999,-15.5997,0.0483,0.1354,7.7754,1,Ready,0,9,Drive,15.9822,10.3563,0.1862,0.8046,-10.8064,0.2157,0,0,Backhand swing,1,0.1246,26.7339,-2.5171,1.0381,0,Perfect,,0,-11.2,0.0396,11.2,-0.2234
2068,Rally,None,1,-0.0117,51.2923,-0.0474,3.4999,-15.5997,0.0995,0.2372,8.3308,1,Ready,0,9,Drive,15.3502,9.5173,0.1948,0.8017,-10.8059,0.2918,0,0,Backhand swing,1,0.1026,17.7864,-20.4585,1.3172,0,Perfect,,0,-11.2,0.1598,11.2,-0.1942
2069,Rally,None,1,-0.0117,51.1235,-0.0412,3.4999,-15.5998,0.1336,0.3014,8.701,1,Ready,0,9,Drive,14.8543,8.5972,0.2025,0.7989,-10.8051,0.3007,0,0,Backhand swing,1,0.088,-10.2827,-41.1632,1.4532,0,Perfect,,0,-11.2,0.2399,11.2,-0.1688
2070,Rally,None,1,-0.0117,50.9767,-0.0358,3.5,-15.5998,0.1678,0.3628,9.0713,1,Ready,0,9,Drive,14.475,7.6307,0.2097,0.7944,-10.8017,0.2945,0,0,Backhand swing,1,0.0733,-14.7549,-52.0408,3.3899,0,Perfect,,0,-11.2,0.2538,11.2,-0.1468
2071,Rally,None,1,-0.0117,50.8491,-0.0312,3.5,-15.5998,0.2189,0.4495,9.6267,1,Ready,0,9,Drive,14.2001,6.6415,0.2159,0.7929,-10.8035,0.1598,0,0,Backhand swing,1,0.0513,6.3741,-40.915,1.1818,0,Perfect,,0,-11.2,0.2538,11.2,-0.1276
2072,Rally,None,1,-0.0117,50.7382,-0.0271,3.5,-15.5998,0.2531,0.5037,9.9969,1,Ready,0,9,Drive,14.0303,5.6539,0.2219,0.8034,-10.8255,0.1548,0,0,Backhand swing,1,0.0367,6.0413,-33.299,1.0156,0,Perfect,,0,-11.2,0.2538,11.2,-0.1109
2073,Rally,None,1,-0.0117,50.6418,-0.0235,3.5,-15.5999,0.3042,0.5796,10.5523,1,Ready,0,9,Drive,13.9083,4.6982,0.2248,0.8171,-10.8473,0.2889,0,0,Backhand swing,1,0.0147,8.2593,-19.1945,0.3108,0,Perfect,,0,-11.2,0.2538,11.2,-0.0964
2074,Rally,None,1,-0.0117,51.3418,-0.0205,3.5,-15.5999,0.3383,0.6266,10.8026,1,Ready,0,9,Drive,13.7776,3.8134,0.2202,0.818,-10.8389,0.3516,0,0,Backhand swing,1,0,7.2809,-6.715,0.2903,0,Perfect,R;,0,-11.2,0.2685,11.2,0.7
2075,Rally,None,1,-0.0117,51.9503,-0.0178,3.5,-15.5999,0.3323,0.6717,10.5026,1,Ready,0,9,Drive,13.6459,2.9926,0.2161,0.8184,-10.8294,0.3127,0,0,Backhand swing,1,-0.0167,5.8527,2.074,0.4569,0,Perfect,,0,-11.2,0.1884,11.2,0.6086
2076,Rally,None,1,-0.0117,52.4794,-0.0155,3.5,-15.5999,0.3263,0.7141,10.2027,1,Ready,0,9,Drive,13.4988,2.2596,0.2213,0.8292,-10.8433,0.1048,0,0,Backhand follow,1,-0.0333,9.0028,13.5295,0.3352,0,Perfect,,0,-11.2,0.1084,11.2,0.5291
2077,Rally,None,1,-0.0117,52.9393,-0.0134,3.5,-15.5999,0.3173,0.7726,9.7528,1,Ready,0,9,Drive,13.343,1.5647,0.2285,0.8449,-10.8641,0.0424,0,0,Backhand follow,1,-0.0583,11.1534,25.0132,0.2096,0,Perfect,,0,-11.2,0,11.2,0.4599
2078,Rally,None,1,-0.0117,53.3392,-0.0117,3.5,-15.5999,0.3113,0.8082,9.4528,1,Ready,0,9,Drive,12.9098,1.3428,0.232,0.8439,-10.8747,0.2462,0,0,Backhand follow,1,-0.075,13.8462,30.7217,0.6857,0,Perfect,,0,-11.2,0,11.2,0.3999
2079,Rally,None,1,-0.0117,53.6868,-0.0102,3.5,-15.5999,0.3022,0.8564,9.0029,1,Ready,0,9,Drive,12.2731,1.0133,0.2355,0.8462,-10.885,0.1557,0,0,Backhand follow,1,-0.1,14.3783,34.7325,0.6339,0,Perfect,,0,-11.2,0,11.2,0.3476
2080,Rally,None,1,-0.0117,53.989,-0.0088,3.5,-15.6,0.2962,0.8852,8.703,1,Ready,0,9,Drive,11.0911,0.396,0.2389,0.8524,-10.8938,0.1661,0,0,Backhand follow,1,-0.1167,16.9179,36.9511,0.2552,0,Perfect,,0,-11.2,0,11.2,0.3022
2081,Rally,None,1,-0.0117,54.2517,-0.0077,3.5,-15.6,0.2902,0.9113,8.403,1,Ready,0,9,Drive,9.6289,-0.3723,0.2426,0.8645,-10.9037,0.261,0,0,Backhand follow,1,-0.1333,20.3796,42.3265,0.1367,0,Perfect,,0,-11.2,0,11.2,0.2627
2082,Rally,None,1,-0.0117,54.4801,-0.0067,3.5,-15.6,0.2812,0.9452,7.9531,1,Ready,0,9,Drive,7.9235,-1.2452,0.2461,0.8863,-10.9193,0.2273,0,0,Backhand follow,1,-0.1583,26.2769,52.8027,0.1441,0,Perfect,,0,-11.2,0,11.2,0.2284
2083,Rally,None,1,-0.0117,54.6787,-0.0058,3.5,-15.6,0.2752,0.9645,7.6532,1,Ready,0,9,Drive,6.2946,-2.1458,0.2542,0.9193,-10.9334,0.1969,0,0,Backhand follow,1,-0.175,30.7745,59.6627,0.1937,0,Perfect,,0,-11.2,0,11.2,0.1986
2084,Rally,None,1,-0.0117,54.8513,-0.005,3.5,-15.6,0.2661,0.9882,7.2033,1,Ready,0,9,Drive,5.0543,-3.0446,0.2724,0.9671,-10.9452,3.3277,0,0,Backhand follow,1,-0.2,35.8646,70.6241,0.1309,0,Perfect,,0,-11.2,0,11.2,0.1726
2085,Rally,None,1,-0.0117,55.0014,-0.0044,3.5,-15.6,0.2601,1.0006,6.9033,1,Ready,0,9,Drive,4.2103,-3.764,0.2932,1.027,-10.9513,17.3435,0,0,Backhand follow,1,-0.2167,38.8141,77.5645,0.2138,0,Perfect,,0,-11.2,0,11.2,0.1501
2086,Rally,None,1,-0.0117,55.1318,-0.0038,3.5,-15.6,0.2541,1.0103,6.6034,1,Ready,0,9,Drive,3.9395,-4.1324,0.3064,1.1241,-10.9802,0.2226,0,0,Backhand follow,1,-0.2333,41.7871,82.1333,1.0213,0,Perfect,,0,-11.2,0,11.2,0.1305
2087,Rally,None,1,-0.0117,55.2452,-0.0033,3.5,-15.5994,0.2451,1.0198,6.1535,1,Ready,0,9,Drive,4.0307,-4.127,0.3027,1.1631,-10.974,0.2767,0,0,Backhand follow,1,-0.2583,46.5433,88.2018,0.7839,0,Perfect,,0.0002,-11.1958,0,11.2,0.1134
2088,Rally,None,1,-0.0117,55.3439,-0.0028,3.5,-15.5982,0.239,1.0227,5.8535,1,Run,0,9,Drive,4.4586,-3.3447,0.2631,0.9642,-10.8107,0.4752,0,0,Backhand follow,1,-0.275,50.2342,90.2312,1.5779,0,Perfect,,0.0006,-11.1896,0,11.2,0.0986
2089,Rally,None,1,-0.0117,55.4296,-0.0023,3.5,-15.5951,0.23,1.0219,5.4036,1,Run,0,9,Drive,4.9451,-2.1885,0.2084,0.7934,-10.8457,4.4785,0,0,Backhand follow,0,9,50.2012,89.0167,2.4486,0,Perfect,,0.0015,-11.1751,0,11.2,0.0857
2090,Rally,None,1,-0.0117,55.5041,-0.0019,3.5,-15.5908,0.224,1.018,5.1037,1,Run,0,9,Drive,5.4262,-0.7885,0.2427,0.7849,-10.8346,0.3951,0,0,Backhand finish,0,9,52.8807,92.0892,10.9967,0,Perfect,,0.0023,-11.1619,0,11.2,0.0745
2091,Rally,None,1,-0.0117,55.5689,-0.0014,3.5,-15.5849,0.218,1.0113,4.8038,1,Run,0,9,Drive,5.4528,0.1847,0.2804,0.7907,-10.8063,0.2811,0,0,Backhand finish,0,9,54.9996,94.889,1.1697,0,Perfect,,0.0033,-11.1459,0,11.2,0.0648
2092,Rally,None,1,-0.0117,55.6252,-0.0008,3.5,-15.576,0.209,0.9962,4.3538,1,Run,0,9,Drive,5.2614,0.8659,0.3116,0.7846,-10.7637,0.2815,0,0,Backhand finish,0,9,56.8226,97.2138,6.8815,0,Perfect,,0.0052,-11.1168,0,11.2,0.0563
2093,Rally,None,1,-0.0117,55.6742,-0.0003,3.5,-15.5653,0.2029,0.9828,4.0539,1,Run,0,9,Drive,4.5395,1.0137,0.3354,0.7648,-10.7218,8.2053,0,0,Backhand finish,0,9,58.4488,98.8857,24.1013,0,Perfect,,0.0066,-11.094,0,11.2,0.049
2094,Rally,None,1,-0.0117,55.7167,0.0004,3.5,-15.5508,0.1939,0.9575,3.604,1,Run,0,9,Drive,3.4011,0.8055,0.3555,0.746,-10.6561,5.6606,0,0,Backhand finish,0,9,60.318,100.0432,0.7361,0,Perfect,,0.0091,-11.0545,0,11.2,0.0426
2095,Rally,None,1,-0.0117,55.7537,0.0012,3.5,-15.5343,0.1879,0.9372,3.3041,1,Run,0,9,Drive,2.7875,1.1228,0.3629,0.7465,-10.6102,1.3568,0,0,Backhand finish,0,9,62.4555,100.7523,0.2937,0,Perfect,,0.011,-11.0247,0,11.2,0.037
2096,Rally,None,1,-0.0117,55.7859,0.002,3.5,-15.5158,0.1819,0.9142,3.0041,1,Run,0,9,Drive,2.2989,1.6146,0.3649,0.7574,-10.566,3.6863,0,0,Backhand finish,0,9,64.9675,101.1336,0.524,0,Perfect,,0.0131,-10.9921,0,11.2,0.0322
2097,Rally,None,1,-0.0117,55.8139,0.0029,3.5,-15.4925,0.1729,0.8746,2.5542,1,Run,0,9,Drive,1.8082,2.1474,0.3684,0.7718,-10.5,17.6569,0,0,Backhand finish,0,9,67.4445,101.1794,0.6448,0,Perfect,,0.0167,-10.938,0,11.2,0.028
2098,Rally,None,1,-0.0117,55.8382,0.0039,3.5,-15.4672,0.1668,0.8448,2.2543,1,Run,0,9,Drive,1.3309,2.6797,0.3711,0.7942,-10.4481,0.2591,0,0,Backhand finish,0,9,69.7866,100.9774,0.3039,0,Perfect,,0.0193,-10.8985,0,11.2,0.0243
2099,Rally,None,1,-0.0117,55.8593,0.0051,3.5,-15.4367,0.1578,0.7949,1.8044,1,Run,0,9,Drive,0.8976,3.1334,0.3754,0.8244,-10.371,0.791,0,0,Backhand finish,0,9,71.4975,100.631,0.1392,0,Perfect,,0.0236,-10.8341,0,11.2,0.0211
2100,Rally,None,1,-0.0117,55.8777,0.0063,3.5,-15.4042,0.1518,0.7583,1.5044,1,Backhand prepare 0.03,0,9,Drive,1.5104,2.8175,0.345,0.8211,-10.3489,0.7266,0.2083,0.1667,Backhand finish,0,9,72.5384,100.0494,0.2603,0,Perfect,,0.0267,-10.7877,0,11.2,0.0184
2101,Rally,None,1,-0.0117,55.8937,0.0077,3.5,-15.3695,0.1458,0.719,1.2045,1,Backhand prepare 0.07,0,9,Drive,1.3406,5.3576,0.3493,0.8025,-10.3772,0.2055,0.4167,0.3333,Backhand finish,0,9,72.9205,99.2637,0.3605,0,Perfect,,0.03,-10.7385,0,11.2,0.016
2102,Rally,None,1,-0.0117,55.9066,0.0092,3.5,-15.329,0.1367,0.6548,0.7546,1,Backhand prepare 0.11,0,9,Drive,0.4883,7.3859,0.3881,0.7959,-10.4044,0.3031,0.625,0.5,Backhand finish,0,9,73.009,98.0926,0.3599,0,Perfect,,0.0354,-10.6595,0,11.2,0.0129
2103,Rally,None,1,-0.0117,55.907,0.0108,3.5,-15.2865,0.1307,0.6087,0.4546,1,Backhand prepare 0.18,0,9,Drive,-2.9968,4.9082,0.3637,0.7865,-10.4006,4.4875,0.8333,0.6667,Backhand finish,0,9,72.8492,96.5083,0.2575,0,Perfect,,0.0392,-10.6034,0,11.2,0.0004
2104,Rally,None,1,-0.0117,55.891,0.0127,3.5,-15.2378,0.1217,0.5343,0.0047,1,Backhand prepare 0.22,0,9,Drive,-5.3431,1.7351,0.3196,0.7712,-10.3209,2.8222,1,0.8333,Backhand finish,0,9,72.8427,94.4837,0.0804,0,Perfect,,0.0453,-10.514,0,11.2,-0.0159
2105,PointOver,Reaction,1,-0.0117,38,0.9496,1.185,-7.4523,0.1184,0.5332,0.062,0,Backhand prepare 0.29,0,9,Drive,-7.9622,-3.2052,0.1815,0.7726,-10.1433,5.7751,1,1,Backhand finish,0,9,73.028,92.2805,0.1399,0,Perfect,,0.0496,-10.4524,0,11.2,-17.891
2106,PointOver,Reaction,1,-0.0117,38,0.9537,1.185,-7.4007,0.1178,0.5304,0.086,0,CelebratePoint,0,9,Drive,1.6514,-1.0191,0.19,0.787,-10.1693,0.3225,1,0.8333,SadPointLost,0,9,65.214,84.5754,0.571,0,Perfect,,0.0537,-10.3935,0,11.2,0
2107,PointOver,Reaction,1,-0.0117,38,0.9596,1.185,-7.3248,0.1169,0.5212,0.122,0,CelebratePoint,0,9,Drive,4.6569,-0.3492,0.2195,0.7895,-10.0589,0.143,1,0.6667,SadPointLost,0,9,56.9628,71.2064,0.6183,0,Perfect,,0.0596,-10.3103,0,11.2,0
2108,PointOver,Reaction,1,-0.0117,38,0.9632,1.185,-7.2801,0.1163,0.5117,0.146,0,CelebratePoint,0,9,Drive,8.0866,0.4363,0.2521,0.8068,-9.9687,6.2907,1,0.5,SadPointLost,0,9,48.3346,57.4713,0.6039,0,Perfect,,0.0632,-10.2584,0,11.2,0
2109,PointOver,Reaction,1,-0.0117,38,0.9683,1.185,-7.2146,0.1154,0.4923,0.182,0,CelebratePoint,0,9,Drive,10.8958,1.0755,0.2802,0.8352,-9.8632,16.9012,1,0.3333,SadPointLost,0,9,39.5636,43.6279,0.5606,0,Perfect,,0.0683,-10.1857,0,11.2,0
2110,PointOver,Reaction,1,-0.0117,38,0.9715,1.185,-7.1769,0.1148,0.4759,0.206,0,CelebratePoint,0,9,Drive,12.5198,1.4347,0.2934,0.8483,-9.8064,17.0263,1,0.1667,SadPointLost,0,9,30.9017,29.9462,0.4943,0,Perfect,,0.0715,-10.1406,0,11.2,0
2111,PointOver,Reaction,1,-0.0117,38,0.9744,1.185,-7.1418,0.1142,0.4569,0.23,0,CelebratePoint,0,9,Drive,13.3491,1.5588,0.3029,0.8497,-9.76,0.9454,1,0,SadPointLost,0,9,22.5881,16.6731,0.4154,0,Perfect,,0.0744,-10.0984,0,11.2,0
2112,PointOver,Reaction,1,-0.0117,38,0.9786,1.185,-7.0909,0.1133,0.4231,0.266,0,CelebratePoint,0,9,Drive,13.3491,1.5588,0.307,0.8497,-9.7018,0.0001,1,0,SadPointLost,0,9,14.8226,4.0064,0.8682,0,Perfect,,0.0786,-10.0402,0,11.2,0
2113,PointOver,Reaction,1,-0.0117,38,0.9811,1.185,-7.0628,0.1127,0.3972,0.29,0,CelebratePoint,0,9,Drive,16.9864,5.5595,0.3321,0.8493,-9.686,4.2843,1,0,SadPointLost,0,9,12.9452,1.5184,0.4579,0,Perfect,,0.0811,-10.0049,0,11.2,0
2114,PointOver,Reaction,1,-0.0117,38,0.9844,1.185,-7.0223,0.1118,0.3533,0.3259,0,CelebratePoint,0,9,Drive,16.2448,5.4895,0.3358,0.8512,-9.6444,20.9357,1,0,SadPointLost,0,9,12.1951,1.441,0.3815,0,Perfect,,0.0844,-9.9571,0,11.2,0
2115,PointOver,Reaction,1,-0.0117,38,0.9865,1.185,-7.0011,0.1112,0.3206,0.3499,0,CelebratePoint,0,9,Drive,14.9685,5.3649,0.3402,0.8565,-9.6277,2.3576,1,0,SadPointLost,0,9,10.9033,1.3037,0.6583,0,Perfect,,0.0865,-9.9287,0,11.2,0
2116,PointOver,Reaction,1,-0.0117,38,0.9883,1.185,-6.9827,0.1106,0.2852,0.3739,0,CelebratePoint,0,9,Drive,13.4196,5.1985,0.3459,0.8652,-9.6186,11.9478,1,0,SadPointLost,0,9,9.3426,1.1296,0.7765,0,Perfect,,0.0883,-9.903,0,11.2,0
2117,PointOver,Reaction,1,-0.0117,38,0.9907,1.185,-6.9567,0.1097,0.2269,0.4099,0,CelebratePoint,0,9,Drive,11.6743,5.0047,0.3541,0.8779,-9.6054,0.8781,1,0,SadPointLost,0,9,7.5823,0.9253,0.8622,0,Perfect,,0.0907,-9.8698,0,11.2,0
2118,PointOver,Reaction,1,-0.0117,38,0.992,1.185,-6.9453,0.1091,0.1847,0.4339,0,CelebratePoint,0,9,Drive,9.8828,4.8122,0.3606,0.9004,-9.6098,0.9015,1,0,SadPointLost,0,9,5.7627,0.7064,2.3693,0,Perfect,,0.092,-9.8511,0,11.2,0
2119,PointOver,Reaction,1,-0.0117,38,0.9937,1.185,-6.9297,0.1082,0.1162,0.4699,0,CelebratePoint,0,9,Drive,8.1668,4.6258,0.3657,0.9289,-9.6095,0,1,0,SadPointLost,0,9,4.0199,0.4922,14.2183,0,Perfect,,0.0937,-9.8282,0,11.2,0
2120,PointOver,Reaction,1,-0.0117,38,0.9946,1.185,-6.9252,0.1076,0.1181,0.4932,0,CelebratePoint,0,9,Drive,6.6319,4.4906,0.3662,0.9631,-9.6203,0,1,0,SadPointLost,0,9,2.4279,0.2951,13.118,0,Perfect,,0.0946,-9.8165,0,11.2,0
2121,PointOver,Reaction,1,-0.0117,38,0.9953,1.185,-6.9234,0.107,0.1521,0.5157,0,CelebratePoint,0,9,Drive,5.4411,4.4035,0.3637,0.9901,-9.6306,0,1,0,SadPointLost,0,9,1.1744,0.1409,0.6247,0,Perfect,,0.0953,-9.8075,0,11.2,0
2122,PointOver,Reaction,1,-0.0117,38,0.9959,1.185,-6.9223,0.1062,0.1981,0.5496,0,CelebratePoint,0,9,Drive,4.6788,4.4042,0.3606,1.0143,-9.6358,0,1,0,SadPointLost,0,9,0.3108,0.0366,0.433,0,Perfect,,0.0959,-9.7992,0,11.2,0
2123,PointOver,Reaction,1,-0.0117,38,0.9961,1.185,-6.9275,0.1056,0.2254,0.5721,0,CelebratePoint,0,9,Drive,0.0373,0.0044,0.3451,1.0386,-9.6213,0,1,0,SadPointLost,0,9,0.0375,0.0044,0.136,0,Perfect,,0.0961,-9.7971,0,11.2,0
2124,PointOver,Reaction,1,-0.0117,38,0.9961,1.185,-6.9369,0.1047,0.2611,0.606,0,CelebratePoint,0,9,Drive,-0.02,-0.0024,0.3444,1.0814,-9.6281,0,1,0,SadPointLost,0,9,-0.0198,-0.0022,0.0286,0,Perfect,,0.0961,-9.7992,0,11.2,0
2125,PointOver,Reaction,1,-0.0117,38,0.9958,1.185,-6.949,0.1042,0.2816,0.6285,0,CelebratePoint,0,9,Drive,-0.005,-0.0006,0.3412,1.1497,-9.6444,0,1,0,SadPointLost,0,9,-0.0049,-0.0005,0.008,0,Perfect,,0.0958,-9.804,0,11.2,0
2126,PointOver,Reaction,1,-0.0117,38,0.9953,1.185,-6.9638,0.1036,0.2993,0.6511,0,CelebratePoint,0,9,Drive,-7,-7,0.3199,1.2322,-9.6387,0,1,0,SadPointLost,0,9,0,0,0.003,0,Perfect,,0.0953,-9.8117,0,11.2,0
2127,PointOver,Reaction,1,-0.0117,38,0.9943,1.185,-6.9877,0.1028,0.3207,0.6849,0,CelebratePoint,0,9,Drive,-14,-14,0.2979,1.3277,-9.6551,0,1,0,SadPointLost,0,9,0,0,0.0005,0,Perfect,,0.0943,-9.8283,0,11.2,0
2128,PointOver,Reaction,1,-0.0117,38,0.9933,1.185,-7.0095,0.1022,0.3316,0.7075,0,CelebratePoint,0,9,Drive,-21,-21,0.2817,1.4276,-9.6759,0,1,0,SadPointLost,0,9,0,0,0.0004,0,Perfect,,0.0933,-9.8428,0,11.2,0
2129,PointOver,Reaction,1,-0.0117,38,0.9915,1.185,-7.0438,0.1014,0.3429,0.7413,0,CelebratePoint,0,9,Drive,-28,-28,0.2738,1.5263,-9.7187,0,1,0,SadPointLost,0,9,0,0,0.0003,0,Perfect,,0.0915,-9.8699,0,11.2,0
2130,PointOver,Reaction,1,-0.0117,38,0.9901,1.185,-7.0725,0.1008,0.347,0.7639,0,CelebratePoint,0,9,Drive,-35,-35,0.2747,1.6193,-9.7557,0,1,0,SadPointLost,0,9,0,0,0.0003,0,Perfect,,0.0901,-9.8913,0,11.2,0
2131,PointOver,Reaction,1,-0.0117,38,0.9885,1.185,-7.104,0.1002,0.3483,0.7864,0,CelebratePoint,0,9,Drive,-42,-42,0.283,1.7031,-9.7972,0,1,0,SadPointLost,0,9,0,0,0.0002,0,Perfect,,0.0885,-9.9156,0,11.2,0
2132,PointOver,Reaction,1,-0.0117,38,0.9857,1.185,-7.1528,0.0994,0.3452,0.8202,0,CelebratePoint,0,9,Drive,-49,-49,0.2899,1.7672,-9.8391,0,1,0,SadPointLost,0,9,0,0,0.0001,0,Perfect,,0.0857,-9.9572,0,11.2,0
2133,PointOver,Reaction,1,-0.0117,38,0.9835,1.185,-7.1913,0.0988,0.3398,0.8428,0,CelebratePoint,0,9,Drive,-56,-56,0.2846,1.8068,-9.8481,0,1,0,SadPointLost,0,9,0,0,0.0001,0,Perfect,,0.0835,-9.9884,0,11.2,0
2134,PointOver,Reaction,1,-0.0117,38,0.98,1.185,-7.2505,0.098,0.3265,0.8766,0,CelebratePoint,0,9,Drive,-63,-63,0.3158,1.8166,-9.8632,0,1,0,SadPointLost,0,9,0,0,0.0001,0,Perfect,,0.08,-10.0403,0,11.2,0
2135,PointOver,Reaction,1,-0.0117,38,0.9774,1.185,-7.2958,0.0974,0.3143,0.8992,0,CelebratePoint,0,9,Drive,-70,-70,0.2874,1.8165,-9.8706,0,1,0,SadPointLost,0,9,0,0,0,0,Perfect,,0.0774,-10.0784,0,11.2,0
2136,PointOver,Reaction,1,-0.0117,38,0.9746,1.185,-7.3439,0.0968,0.2993,0.9217,0,CelebratePoint,0,9,Drive,-77,-77,0.2512,1.8091,-9.8852,0,1,0,SadPointLost,0,9,0,0,0.0001,0,Perfect,,0.0746,-10.1193,0,11.2,0
2137,PointOver,Reaction,1,-0.0117,38,0.9701,1.185,-7.4177,0.096,0.2717,0.9556,0,CelebratePoint,0,9,Drive,-70,-70,0.2637,1.7951,-9.9712,0,1,0,SadPointLost,0,9,0,0,0.0001,0,Perfect,,0.0701,-10.1858,0,11.2,0
2138,PointOver,Reaction,1,-0.0117,38,0.9668,1.185,-7.4728,0.0954,0.2499,0.9781,0,CelebratePoint,0,9,Drive,-63,-63,0.2505,1.7783,-10.0803,0,1,0,SadPointLost,0,9,0,0,0.0001,0,Perfect,,0.0668,-10.2336,0,11.2,0
2139,PointOver,Reaction,1,-0.0117,38,0.9615,1.185,-7.5569,0.0946,0.2121,1.012,0,CelebratePoint,0,9,Drive,-56,-56,0.2483,1.7551,-10.1711,0,1,0,SadPointLost,0,9,0,0,0.0001,0,Perfect,,0.0615,-10.3105,0,11.2,0
2140,PointOver,Reaction,1,-0.0117,38,0.9577,1.185,-7.6189,0.094,0.1835,1.0345,0,CelebratePoint,0,9,Drive,-49,-49,0.2715,1.7269,-10.2065,0,1,0,SadPointLost,0,9,0,0,0.0001,0,Perfect,,0.0577,-10.3653,0,11.2,0
2141,PointOver,Reaction,1,-0.0117,38,0.9538,1.185,-7.6836,0.0934,0.1521,1.0571,0,CelebratePoint,0,9,Drive,-42,-42,0.2699,1.699,-10.2745,0,1,0,SadPointLost,0,9,0,0,0.0001,0,Perfect,,0.0538,-10.4228,0,11.2,0
2142,PointOver,Reaction,1,-0.0117,38,0.9475,1.185,-7.7823,0.0926,0.1,1.0909,0,CelebratePoint,0,9,Drive,-35,-35,0.2668,1.6706,-10.3751,0,1,0,SadPointLost,0,9,0,0,0.0001,0,Perfect,,0.0475,-10.5142,0,11.2,0
2143,PointOver,Reaction,1,-0.0117,38,0.943,1.185,-7.854,0.0921,0.1262,1.1121,0,CelebratePoint,0,9,Drive,-28,-28,0.2673,1.6434,-10.4491,0,1,0,SadPointLost,0,9,0,0,0.0001,0,Perfect,,0.043,-10.5787,0,11.2,0
2144,PointOver,Reaction,1,-0.0117,38,0.9361,1.185,-7.9614,0.0913,0.1605,1.1439,0,CelebratePoint,0,9,Drive,-21,-21,0.2675,1.6194,-10.561,0,1,0,SadPointLost,0,9,0,0,0.0001,0,Perfect,,0.0361,-10.6788,0,11.2,0
2145,PointOver,Reaction,1,-0.0117,38,0.9317,1.185,-8.0327,0.0907,0.1799,1.1651,0,CelebratePoint,0,9,Drive,-14,-14,0.2717,1.5997,-10.6404,7.2313,1,0,SadPointLost,0,9,0,0,0.0001,0,Perfect,,0.0317,-10.7429,0,11.2,0
2146,PointOver,Reaction,1,-0.0117,38,0.9274,1.185,-8.1013,0.0902,0.1966,1.1863,0,CelebratePoint,0,9,Drive,-7,-7,0.2767,1.5876,-10.7232,1.7322,1,0,SadPointLost,0,9,0,0,0.0001,0,Perfect,,0.0274,-10.8042,0,11.2,0
2147,PointOver,Reaction,1,-0.0117,38,0.9214,1.185,-8.1953,0.0894,0.2165,1.2181,0,CelebratePoint,0,9,Drive,0,0,0.2785,1.5821,-10.8371,2.4803,1,0,SadPointLost,0,9,0,0,0.0001,0,Perfect,,0.0214,-10.891,0,11.2,0
2148,PointOver,Reaction,1,-0.0117,38,0.9176,1.185,-8.2569,0.0889,0.2264,1.2393,0,CelebratePoint,0,9,Drive,0,0,0.2748,1.5816,-10.8912,2.6953,1,0,SadPointLost,0,9,0,0,0.0001,0,Perfect,,0.0176,-10.9453,0,11.2,0
2149,PointOver,Reaction,1,-0.0117,38,0.9123,1.185,-8.3406,0.0881,0.2361,1.2711,0,CelebratePoint,0,9,Drive,0,0,0.2695,1.5824,-10.9682,16.7474,1,0,SadPointLost,0,9,0,0,0.0002,0,Perfect,,0.0123,-11.0217,0,11.2,0
2150,PointOver,Reaction,1,-0.0117,38,0.9091,1.185,-8.3953,0.0875,0.2391,1.2923,0,CelebratePoint,0,9,Drive,0,0,0.2662,1.5829,-11.0162,2.929,1,0,SadPointLost,0,9,0,0,0.0001,0,Perfect,,0.0091,-11.0692,0,11.2,0
2151,PointOver,Reaction,1,-0.0117,38,0.906,1.185,-8.4472,0.087,0.2395,1.3135,0,CelebratePoint,0,9,Drive,0,0,0.2632,1.5834,-11.0615,17.4932,1,0,SadPointLost,0,9,0,0,0.0001,0,Perfect,,0.006,-11.1139,0,11.2,0
2152,PointOver,Reaction,1,-0.0117,38,0.9017,1.185,-8.5163,0.0862,0.2349,1.3453,0,CelebratePoint,0,9,Drive,0,0,0.2589,1.5842,-11.1241,0.0002,1,0,SadPointLost,0,9,0,0,0.0001,0,Perfect,,0.0017,-11.1757,0,11.2,0
2153,PointOver,Reaction,1,-0.0117,38,0.9,1.185,-8.5478,0.0857,0.2284,1.3665,0,CelebratePoint,0,9,Drive,-7,-7,0.2492,1.585,-11.1184,1.1724,1,0,SadPointLost,0,9,0,0,0.0002,0,Perfect,,0,-11.2,0,11.2,0
2154,PointOver,Reaction,1,-0.0117,38,0.9,1.185,-8.5551,0.0849,0.2136,1.3983,0,CelebratePoint,0,9,Drive,0,0,0.2573,1.586,-11.1504,2.4698,1,0,SadPointLost,0,9,0,0,0.0002,0,Perfect,,0,-11.2,0,11.2,0
2155,PointOver,Reaction,1,-0.0117,38,0.9,1.185,-8.5623,0.0843,0.2003,1.4195,0,CelebratePoint,0,9,Drive,0,0,0.2574,1.5871,-11.1516,12.7641,1,0,SadPointLost,0,9,0,0,0.0002,0,Perfect,,0,-11.2,0,11.2,0
2156,PointOver,Reaction,1,-0.0117,38,0.9,1.185,-8.5696,0.0838,0.1843,1.4407,0,CelebratePoint,0,9,Drive,0,0,0.2574,1.5883,-11.1529,0.0012,1,0,SadPointLost,0,9,0,0,0.0002,0,Perfect,,0,-11.2,0,11.2,0
2157,PointOver,Reaction,1,-0.0117,38,0.9,1.185,-8.5768,0.083,0.1552,1.4725,0,CelebratePoint,0,9,Drive,0,0,0.2575,1.5896,-11.1543,0.0004,1,0,SadPointLost,0,9,0,0,0.0002,0,Perfect,,0,-11.2,0,11.2,0
2158,PointOver,Reaction,1,-0.0117,38,0.9,1.185,-8.5841,0.0825,0.1324,1.4938,0,CelebratePoint,0,9,Drive,0,0,0.2575,1.591,-11.1559,0.0009,1,0,SadPointLost,0,9,0,0,0.0001,0,Perfect,,0,-11.2,0,11.2,0
2159,PointOver,Reaction,1,-0.0117,38,0.9,1.185,-8.5913,0.0817,0.1,1.5256,0,CelebratePoint,0,9,Drive,0,0,0.2576,1.5925,-11.1575,0.0015,1,0,SadPointLost,0,9,0,0,0.0001,0,Perfect,,0,-11.2,0,11.2,0
2160,PointOver,Reaction,1,-0.0117,38,0.9,1.185,-8.5986,0.0812,0.1198,1.5455,0,CelebratePoint,0,9,Drive,0,0,0.2577,1.594,-11.1592,0.0006,1,0,SadPointLost,0,9,0,0,0.0001,0,Perfect,,0,-11.2,0,11.2,0
2161,PointOver,Reaction,1,-0.0117,38,0.9,1.185,-8.6058,0.0807,0.137,1.5654,0,CelebratePoint,0,9,Drive,0,0,0.2578,1.5956,-11.161,0.0011,1,0,SadPointLost,0,9,0,0,0.0001,0,Perfect,,0,-11.2,0,11.2,0
2162,PointOver,Reaction,1,-0.0117,38,0.9,1.185,-8.613,0.0799,0.1575,1.5953,0,CelebratePoint,0,9,Drive,0,0,0.2578,1.5972,-11.1628,0.0005,1,0,SadPointLost,0,9,0,0,0.0002,0,Perfect,,0,-11.2,0,11.2,0
2163,PointOver,Reaction,1,-0.0117,38,0.9,1.185,-8.6203,0.0794,0.1678,1.6152,0,CelebratePoint,0,9,Drive,0,0,0.2579,1.5989,-11.1647,0.0004,1,0,SadPointLost,0,9,0,0,0.0001,0,Perfect,,0,-11.2,0,11.2,0
2164,PointOver,Reaction,1,-0.0117,38,0.9,1.185,-8.6275,0.0787,0.1782,1.6451,0,CelebratePoint,0,9,Drive,0,0,0.258,1.6006,-11.1666,0.0004,1,0,SadPointLost,0,9,0,0,0.0002,0,Perfect,,0,-11.2,0,11.2,0
2165,PointOver,Reaction,1,-0.0117,38,0.9,1.185,-8.6348,0.0782,0.1817,1.6651,0,CelebratePoint,0,9,Drive,0,0,0.2581,1.6024,-11.1685,0.0004,1,0,SadPointLost,0,9,0,0,0.0001,0,Perfect,,0,-11.2,0,11.2,0
2166,PointOver,Reaction,1,-0.0117,38,0.9,1.185,-8.642,0.0777,0.1824,1.685,0,CelebratePoint,0,9,Drive,-0.0126,-0.0017,0.2576,1.6044,-11.1715,0.012,1,0,SadPointLost,0,9,0,0,0.0001,0,Perfect,,0,-11.2,0,11.2,0
2167,PointOver,Reaction,1,-0.0117,38,0.9,1.185,-8.6493,0.0769,0.1785,1.7149,0,CelebratePoint,0,9,Drive,0,0,0.2582,1.6059,-11.1725,0.0112,1,0,SadPointLost,0,9,0,0,0.0001,0,Perfect,,0,-11.2,0,11.2,0
2168,PointOver,Reaction,1,-0.0117,38,0.9,1.185,-8.6565,0.0764,0.1724,1.7348,0,CelebratePoint,0,9,Drive,0.1115,0.0147,0.263,1.6052,-11.1666,0.0559,1,0,SadPointLost,0,9,0,0,0.0002,0,Perfect,,0,-11.2,0,11.2,0
2169,PointOver,Reaction,1,-0.0117,38,0.9,1.185,-8.6638,0.0757,0.1582,1.7647,0,CelebratePoint,0,9,Drive,0.3722,0.049,0.2361,1.6058,-11.1617,0.1302,1,0,SadPointLost,0,9,0,0,0.0001,0,Perfect,,0,-11.2,0,11.2,0
2170,PointOver,Reaction,1,-0.0117,38,0.9,1.185,-8.671,0.0752,0.1454,1.7846,0,CelebratePoint,0,9,Drive,0.8122,0.1068,0.2548,1.5994,-11.134,0.2203,1,0,SadPointLost,0,9,0,0,0.0001,0,Perfect,,0,-11.2,0,11.2,0
2171,PointOver,Reaction,1,-0.0117,38,0.9,1.185,-8.6783,0.0747,0.1298,1.8046,0,CelebratePoint,0,9,Drive,1.3874,0.1816,0.2777,1.5857,-11.0978,0.2866,1,0,SadPointLost,0,9,0,0,0.0001,0,Perfect,,0,-11.2,0,11.2,0
2172,PointOver,Reaction,1,-0.0117,38,0.9,1.185,-8.6855,0.0739,0.1013,1.8345,0,CelebratePoint,0,9,Drive,2.0855,0.2716,0.3036,1.5637,-11.0551,0.3492,1,0,SadPointLost,0,9,0,0,0.0001,0,Perfect,,0,-11.2,0,11.2,0
2173,PointOver,Reaction,1,-0.0117,38,0.9,1.185,-8.6928,0.0735,0.1081,1.8538,0,CelebratePoint,0,9,Drive,2.8838,0.3732,0.3298,1.5316,-11.0089,0.3996,1,0,SadPointLost,0,9,0,0,0.0001,0,Perfect,,0,-11.2,0,11.2,0
2174,PointOver,Reaction,1,-0.0117,38,0.9,1.185,-8.7,0.0727,0.1281,1.8819,0,CelebratePoint,0,9,Drive,3.7594,0.4829,0.3539,1.4888,-10.9621,0.4387,1,0,SadPointLost,0,9,0,0,0.0001,0,Perfect,,0,-11.2,0,11.2,0
2175,PointOver,Reaction,1,-0.0117,38,-0.9,1.185,8.2072,0.0723,0.1381,1.9006,0,CelebratePoint,0,9,Drive,4.7001,0.5987,0.3734,1.4352,-10.9176,0.4736,1,0,SadPointLost,0,9,0,0,0.0001,0,Perfect,,0,-11.2,0,11.2,0
2176,PointOver,Reaction,1,-0.0117,38,-0.9,1.185,8.2145,0.0718,0.1454,1.9194,0,CelebratePoint,0,9,Drive,5.6759,0.7166,0.3863,1.3725,-10.8784,0.4816,1,0,SadPointLost,0,9,-0.0126,-0.0016,0.0064,0,Perfect,,0,-11.2,0,11.2,0
2177,PointOver,Reaction,1,-0.0117,38,-0.9,1.185,8.2217,0.0711,0.1512,1.9475,0,CelebratePoint,0,9,Drive,6.6745,0.8348,0.3913,1.3029,-10.847,0.4913,1,0,SadPointLost,0,9,0,0,0.0062,0,Perfect,,0,-11.2,0,11.2,0
2178,PointOver,Reaction,1,-0.0117,38,-0.9,1.185,8.229,0.0706,0.1516,1.9662,0,CelebratePoint,0,9,Drive,7.6733,0.9505,0.3876,1.2297,-10.8245,0.4987,1,0,SadPointLost,0,9,0.1116,0.0142,0.0559,0,Perfect,,0,-11.2,0,11.2,0
2179,PointOver,Reaction,1,-0.0117,38,-0.9,1.185,8.2362,0.0699,0.1472,1.9943,0,CelebratePoint,0,9,Drive,8.6489,1.061,0.3763,1.1567,-10.8113,0.4891,1,0,SadPointLost,0,9,0.3722,0.0476,0.1299,0,Perfect,,0,-11.2,0,11.2,0
2180,PointOver,Reaction,1,-0.0117,38,-0.9,1.185,8.2435,0.0695,0.1408,2.013,0,CelebratePoint,0,9,Drive,9.5898,1.1652,0.3578,1.087,-10.807,0.4715,1,0,SadPointLost,0,9,0.8122,0.1041,0.2202,0,Perfect,,0,-11.2,0,11.2,0
2181,PointOver,Reaction,1,-0.0117,38,-0.9,1.185,8.2507,0.069,0.1317,2.0318,0,CelebratePoint,0,9,Drive,10.4653,1.2602,0.3352,1.0244,-10.81,0.4403,1,0,SadPointLost,0,9,1.3873,0.1777,0.2872,0,Perfect,,0,-11.2,0,11.2,0
2182,PointOver,Reaction,1,-0.0117,38,-0.9,1.185,8.258,0.0683,0.113,2.0599,0,CelebratePoint,0,9,Drive,11.2636,1.3451,0.3098,0.9704,-10.8184,0.4007,1,0,SadPointLost,0,9,2.0855,0.2667,0.3484,0,Perfect,,0,-11.2,0,11.2,0
2183,PointOver,Reaction,1,-0.0117,38,-0.9,1.185,8.2652,0.0678,0.1,2.0786,0,CelebratePoint,0,9,Drive,11.9618,1.4179,0.2849,0.9262,-10.8296,0.3422,1,0,SadPointLost,0,9,2.8838,0.3677,0.4022,0,Perfect,,0,-11.2,0,11.2,0
2184,PointOver,Reaction,1,-0.0117,38,-0.9,1.185,8.2725,0.0672,0.1164,2.105,0,CelebratePoint,0,9,Drive,12.5368,1.4769,0.2623,0.8927,-10.8415,0.2829,1,0,SadPointLost,0,9,3.7594,0.4773,0.4369,0,Perfect,,0,-11.2,0,11.2,0
2185,PointOver,Reaction,1,-0.0117,38,-0.9,1.185,8.2797,0.0667,0.1239,2.1226,0,CelebratePoint,0,9,Drive,12.9769,1.5215,0.2442,0.8685,-10.8519,0.2211,1,0,SadPointLost,0,9,4.7001,0.5934,0.4729,0,Perfect,,0,-11.2,0,11.2,0
2186,PointOver,Reaction,1,-0.0117,38,-0.9,1.185,8.287,0.0663,0.1286,2.1402,0,CelebratePoint,0,9,Drive,13.2248,1.5464,0.2343,0.8563,-10.8581,0.1247,1,0,SadPointLost,0,9,5.6759,0.7118,0.4832,0,Perfect,,0,-11.2,0,11.2,0
2187,PointOver,Reaction,1,-0.0117,38,-0.9,1.185,8.2942,0.0656,0.1307,2.1667,0,Ready,0,9,Drive,13.8642,2.4314,0.2238,0.849,-10.8554,0.1066,0.9167,0,SadPointLost,0,9,6.6745,0.8307,0.4926,0,Perfect,,0,-11.2,0,11.2,0
2188,PointOver,Reaction,1,-0.0117,38,-0.9,1.185,8.3014,0.0652,0.1286,2.1843,0,Ready,0,9,Drive,14.5613,3.388,0.2132,0.8422,-10.8522,0.0773,0.8333,0,SadPointLost,0,9,7.6733,0.9473,0.4985,0,Perfect,,0,-11.2,0,11.2,0
2189,PointOver,Reaction,1,-0.0117,38,-0.9,1.185,8.3087,0.0645,0.1205,2.2107,0,Ready,0,9,Drive,15.2936,4.4086,0.2032,0.8361,-10.8486,0.0457,0.75,0,SadPointLost,0,9,8.6489,1.0586,0.4891,0,Perfect,,0,-11.2,0,11.2,0
2190,PointOver,Reaction,1,-0.0117,38,-0.9,1.185,8.3159,0.0641,0.1116,2.2283,0,Ready,0,9,Drive,15.9956,5.467,0.1933,0.8308,-10.8443,0.0157,0.6667,0,SadPointLost,0,9,9.5898,1.1636,0.4715,0,Perfect,,0,-11.2,0,11.2,0
2191,PointOver,Reaction,1,-0.0117,38,-0.9,1.185,8.3232,0.0636,0.1001,2.2459,0,Ready,0,9,Drive,16.6141,6.5417,0.1836,0.8263,-10.8392,0.0072,0.5833,0,SadPointLost,0,9,10.4653,1.2592,0.4404,0,Perfect,,0,-11.2,0,11.2,0
2192,PointOver,Reaction,1,-0.0117,38,-0.9,1.185,8.3304,0.063,0.1094,2.2713,0,Ready,0,9,Drive,17.0584,7.607,0.1731,0.822,-10.8337,0.027,0.5,0,SadPointLost,0,9,11.2636,1.3445,0.4007,0,Perfect,,0,-11.2,0,11.2,0
2193,PointOver,Reaction,1,-0.0117,38,-0.9,1.185,8.3377,0.0626,0.116,2.2878,0,Ready,0,9,Drive,17.3119,8.6312,0.165,0.8187,-10.8272,0.0398,0.4167,0,SadPointLost,0,9,11.9618,1.4177,0.3423,0,Perfect,,0,-11.2,0,11.2,0
2194,PointOver,Reaction,1,-0.0117,38,-0.9,1.185,8.3449,0.0619,0.1208,2.3126,0,Ready,0,9,Drive,17.3525,9.5728,0.1675,0.8182,-10.8187,0.0461,0.3333,0,SadPointLost,0,9,12.5368,1.4768,0.283,0,Perfect,,0,-11.2,0,11.2,0
2195,PointOver,Reaction,1,-0.0117,38,-0.9,1.185,8.3522,0.0615,0.1207,2.3292,0,Ready,0,9,Drive,17.2063,10.4426,0.1749,0.8182,-10.8097,0.0485,0.25,0,SadPointLost,0,9,12.9769,1.5215,0.2211,0,Perfect,,0,-11.2,0,11.2,0
2196,PointOver,Reaction,1,-0.0117,38,-0.9,1.185,8.3594,0.0611,0.1178,2.3458,0,Ready,0,9,Drive,16.8169,11.0246,0.1781,0.8141,-10.8036,0.0422,0.1667,0,SadPointLost,0,9,13.2375,1.5477,0.1311,0,Perfect,,0,-11.2,0,11.2,0
2197,PointOver,Reaction,1,-0.0117,38,-0.9,1.185,8.3667,0.0605,0.1083,2.3706,0,Ready,0,9,Drive,15.9822,10.3127,0.1862,0.8101,-10.8039,0.2052,0.0833,0,Ready,0,9,13.4792,2.3224,0.0287,0,Perfect,,0,-11.2,0,11.2,0
2198,PointOver,Reaction,1,-0.0117,38,-0.9,1.185,8.3739,0.0601,0.1,2.3871,0,Ready,0,9,Drive,15.3502,9.4755,0.1948,0.8074,-10.8032,0.2918,0,0,Ready,0,9,13.6116,2.9565,0.0719,0,Perfect,,0,-11.2,0,11.2,0
2199,PointOver,Reaction,1,-0.0117,38,-0.9,1.185,8.3812,0.0595,0.1094,2.4105,0,Ready,0,9,Drive,14.8543,8.5592,0.2025,0.8025,-10.8024,0.3007,0,0,Ready,0,9,13.6698,3.429,0.1232,0,Perfect,,0,-11.2,0,11.2,0
2200,PointOver,Reaction,1,-0.0117,38,-0.9,1.185,8.3884,0.0591,0.1122,2.426,0,Ready,0,9,Drive,14.475,7.5966,0.2097,0.7982,-10.7988,0.2944,0,0,Ready,0,9,13.6821,3.7285,0.1758,0,Perfect,,0,-11.2,0,11.2,0
2201,PointOver,Reaction,1,-0.0117,38,-0.9,1.185,8.3957,0.0587,0.1124,2.4416,0,Ready,0,9,Drive,14.2001,6.6117,0.2159,0.7966,-10.8006,0.1599,0,0,Ready,0,9,13.674,3.852,0.1737,0,Perfect,,0,-11.2,0,11.2,0
2202,PointOver,Reaction,1,-0.0117,38,-0.9,1.185,8.4029,0.0581,0.1075,2.4649,0,Ready,0,9,Drive,14.0303,5.6285,0.2219,0.8066,-10.8228,0.1548,0,0,Ready,0,9,13.6741,3.8039,0.0404,0,Perfect,,0,-11.2,0,11.2,0
2203,PointOver,Reaction,1,-0.0117,38,-0.9,1.185,8.4101,0.0577,0.1008,2.4805,0,Ready,0,9,Drive,13.9083,4.677,0.2248,0.8195,-10.8449,0.2889,0,0,Ready,0,9,13.6753,3.5998,0.0761,0,Perfect,,0,-11.2,0,11.2,0
2204,PointOver,Reaction,1,-0.0117,38,-0.9,1.185,8.4174,0.0572,0.1057,2.5029,0,Ready,0,9,Drive,13.7776,3.7962,0.2202,0.8224,-10.8365,0.3516,0,0,Ready,0,9,13.649,3.2717,0.1778,0,Perfect,,0,-11.2,0,11.2,0
2205,PointOver,Reaction,1,-0.0117,38,-0.9,1.185,8.4246,0.0568,0.1087,2.5175,0,Ready,0,9,Drive,13.6459,2.9793,0.2161,0.823,-10.8271,0.3127,0,0,Ready,0,9,13.5982,2.8241,0.2185,0,Perfect,,0,-11.2,0,11.2,0
2206,PointOver,Reaction,1,-0.0117,38,-0.9,1.185,8.4319,0.0564,0.1089,2.5322,0,Ready,0,9,Drive,13.4988,2.2496,0.2213,0.8333,-10.8412,0.1048,0,0,Ready,0,9,13.4988,2.2616,0.0857,0,Perfect,,0,-11.2,0,11.2,0
2207,PointOver,Reaction,1,-0.0117,38,-0.9,1.185,8.4391,0.0559,0.1042,2.5541,0,Ready,0,9,Drive,13.343,1.5579,0.2285,0.8485,-10.8623,0.0424,0,0,Ready,0,9,13.343,1.5669,0.0424,0,Perfect,,0,-11.2,0,11.2,0
2208,PointOver,Reaction,1,-0.0117,38,-0.9,1.185,8.4464,0.0555,0.1,2.5687,0,Ready,0,9,Drive,12.9097,1.3371,0.232,0.8473,-10.8729,0.2462,0,0,Ready,0,9,12.9097,1.3456,0.2462,0,Perfect,,0,-11.2,0,11.2,0
2209,PointOver,Reaction,1,-0.0117,38,-0.9,1.185,8.4536,0.055,0.1059,2.5894,0,Ready,0,9,Drive,12.2731,1.009,0.2355,0.8495,-10.8833,0.1556,0,0,Ready,0,9,12.2731,1.0152,0.1556,0,Perfect,,0,-11.2,0,11.2,0
2210,PointOver,Reaction,1,-0.0117,38,-0.9,1.185,8.4609,0.0547,0.1064,2.6031,0,Ready,0,9,Drive,11.0911,0.3943,0.2389,0.8556,-10.8921,0.1661,0,0,Ready,0,9,11.0911,0.3967,0.1661,0,Perfect,,0,-11.2,0,11.2,0
2211,PointOver,Reaction,1,-0.0117,38,-0.9,1.185,8.4681,0.0543,0.1041,2.6168,0,Ready,0,9,Drive,9.6289,-0.3708,0.2426,0.8675,-10.9021,0.261,0,0,Ready,0,9,9.6289,-0.3729,0.261,0,Perfect,,0,-11.2,0,11.2,0
2212,PointOver,Reaction,1,-0.0117,38,-0.9,1.185,8.4754,0.0538,0.102,2.6371,0,Ready,0,9,Drive,7.9235,-1.2403,0.2461,0.8891,-10.9179,0.2273,0,0,Ready,0,9,7.9235,-1.2471,0.2273,0,Perfect,,0,-11.2,0,11.2,0
2213,PointOver,Reaction,1,-0.0117,38,-0.9,1.185,8.4826,0.0535,0.104,2.65,0,Ready,0,9,Drive,6.2946,-2.1375,0.2542,0.9218,-10.9324,0.1969,0,0,Ready,0,9,6.2946,-2.1487,0.1969,0,Perfect,,0,-11.2,0,11.2,0
2214,PointOver,Reaction,1,-0.0117,38,-0.9,1.185,8.4899,0.053,0.1019,2.6694,0,Ready,0,9,Drive,5.0543,-3.0331,0.2724,0.9695,-10.9448,0.1172,0,0,Ready,0,9,5.0543,-3.0484,0.1172,0,Perfect,,0,-11.2,0,11.2,0
2215,PointOver,Reaction,1,-0.0117,38,-0.9,1.185,8.4971,0.0527,0.1015,2.6819,0,Ready,0,9,Drive,4.2103,-3.7502,0.2932,1.0292,-10.9515,0.1364,0,0,Ready,0,9,4.2103,-3.768,0.1364,0,Perfect,,0,-11.2,0,11.2,0
2216,PointOver,Reaction,1,-0.0117,38,-0.9,1.185,8.5043,0.0524,0.1023,2.6941,0,Ready,0,9,Drive,3.9395,-4.1178,0.3064,1.124,-10.9817,0.2225,0,0,Ready,0,9,3.9395,-4.1362,0.2226,0,Perfect,,0,-11.2,0,11.2,0
2217,PointOver,Reaction,1,-0.0117,38,-0.9,1.185,8.5116,0.0519,0.1,2.7123,0,Ready,0,9,Drive,4.0307,-4.1131,0.3025,1.1651,-10.9799,0.2767,0,0,Ready,0,9,4.0307,-4.1302,0.2767,0,Perfect,,0,-11.2,0,11.2,0
2218,PointOver,Reaction,1,-0.0117,38,-0.9,1.185,8.5188,0.0516,0.1021,2.7237,0,Ready,0,9,Drive,4.3887,-3.5996,0.2647,1.0025,-10.8314,0.9644,0,0,Ready,0,9,4.3887,-3.6133,0.8112,0,Perfect,,0,-11.2,0,11.2,0
2219,PointOver,Reaction,1,-0.0117,38,-0.9,1.185,8.5261,0.0512,0.1001,2.7408,0,Ready,0,9,Drive,4.8666,-2.7593,0.1585,0.8149,-10.8846,6.6825,0,0,Ready,0,9,4.8666,-2.7688,5.9689,0,Perfect,,0,-11.2,0,11.2,0
2220,PointOver,Reaction,1,-0.0117,38,-0.9,1.185,8.5333,0.0509,0.1014,2.7519,0,Ready,0,9,Drive,5.2831,-1.6667,0.1794,0.8096,-10.8919,0.164,0,0,Ready,0,9,5.2831,-1.6718,0.1684,0,Perfect,,0,-11.2,0,11.2,0
2221,PointOver,Reaction,1,-0.0117,38,-0.9,1.185,8.5406,0.0507,0.1023,2.7626,0,Ready,0,9,Drive,5.6727,-0.4896,0.1982,0.8283,-10.8939,0,0,0,Ready,0,9,5.6727,-0.4909,0.6404,0,Perfect,,0,-11.2,0,11.2,0
2222,PointOver,Reaction,1,-0.0117,38,-0.9,1.185,8.5478,0.0503,0.1,2.7787,0,Ready,0,9,Drive,6.0095,0.5964,0.1877,0.8321,-10.9073,0,0,0,Ready,0,9,6.0095,0.5978,0,0,Perfect,,0,-11.2,0,11.2,0
2223,PointOver,Reaction,1,-0.0117,38,-0.9,1.185,8.5551,0.05,0.1021,2.7888,0,Ready,0,9,Drive,6.2962,1.5644,0.1934,0.8323,-10.9107,0,0,0,Ready,0,9,6.2962,1.5672,0,0,Perfect,,0,-11.2,0,11.2,0
2224,PointOver,Reaction,1,-0.0117,38,-0.9,1.185,8.5623,0.0496,0.1001,2.804,0,Ready,0,9,Drive,6.5266,2.3239,0.1898,0.8239,-10.9196,0,0,0,Ready,0,9,6.5266,2.3272,0,0,Perfect,,0,-11.2,0,11.2,0
2225,PlayerServeHold,Reaction,1,-0.0117,38,-0.94,1.185,8.5696,0.2613,0.875,-10.9333,0,Ready,0,9,Drive,6.7016,2.9034,0.1758,0.8189,-10.9517,0,0,0,Ready,0,9,6.7016,2.9063,0,0,Perfect,,0.0013,-11.2333,-0.04,11.2,0
2226,PlayerServeHold,Reaction,1,-0.0117,38,-0.9801,1.185,8.5768,0.2519,0.875,-10.9578,0,Serve prepare 0.33,0,9,Drive,16.9527,14.3958,0.2224,0.8246,-11.0119,6.4948,0.2083,0.1667,Run,0,9,12.5861,9.8132,5.0395,0,Perfect,,0.0025,-11.2667,-0.0801,11.2,0
2227,PlayerServeHold,Reaction,1,-0.0117,38,-1.0602,1.185,8.5841,0.2434,0.875,-11.0159,0,Serve prepare 0.29,0,9,Drive,29.6368,26.5156,0.2103,0.8384,-11.1414,1.7054,0.4167,0.3333,Run,0,9,18.2271,16.8593,1.2678,0,Perfect,,0.005,-11.3333,-0.1602,11.2,0
2228,PlayerServeHold,Reaction,1,-0.0117,38,-1.1002,1.185,8.5913,0.2336,0.875,-11.0411,0,Serve prepare 0.21,0,9,Drive,43.7396,34.59,0.2329,0.8411,-11.2421,3.1568,0.625,0.5,Run,0,9,23.6231,24.0291,1.0323,0,Perfect,,0.0064,-11.3667,-0.2002,11.2,0
2229,PlayerServeHold,Reaction,1,-0.0117,38,-1.1803,1.185,8.5986,0.2257,0.875,-11.1001,0,Serve prepare 0.17,0,9,Drive,57.4659,42.3466,0.2507,0.8244,-11.3861,11.7728,0.8333,0.6667,Run,0,9,29.0807,31.186,0.3382,0,Perfect,,0.01,-11.4333,-0.2803,11.2,0
2230,PlayerServeHold,Reaction,1,-0.0117,38,-1.2203,1.185,8.6058,0.2162,0.875,-11.1261,0,Serve prepare 0.08,0,9,Drive,68.9105,45.1391,0.2384,0.7891,-11.445,1.0713,1,0.8333,Run,0,9,34.7475,38.2076,0.7121,0,Perfect,,0.0122,-11.4667,-0.3203,11.2,0
2231,PlayerServeHold,Reaction,1,-0.0117,38,-1.3004,1.185,8.613,0.2094,0.875,-11.1858,0,Serve prepare 0.04,0,9,Drive,80.1679,52.427,0.2632,0.7793,-11.5478,0.915,1,1,Run,0,9,40.6285,45.0536,0.9702,0,Perfect,,0.0175,-11.5333,-0.4004,11.2,0
2232,PlayerServeHold,Reaction,1,-0.0117,38,-1.3405,1.185,8.6203,-0.2675,0.695,-11.4507,0,Run,0,9,Drive,69.2051,55.9151,0.2665,0.7816,-11.5982,0.6521,0.9167,0.8333,Run,0,9,46.8563,51.46,0.2943,0,Perfect,,0.0206,-11.5667,-0.4405,11.2,0
2233,PlayerServeHold,Reaction,1,-0.0117,38,-1.4205,1.185,8.6275,-0.2442,0.695,-11.4831,0,Run,0,9,Drive,63.5036,52.4838,0.2807,0.7712,-11.6509,0.8164,0.8333,0.6667,Run,0,9,48.8562,52.0275,0.5047,0,Perfect,,0.0275,-11.6333,-0.5205,11.2,0
2234,PlayerServeHold,Reaction,1,-0.0117,38,-1.4606,1.185,8.6348,-0.22,0.695,-11.4845,0,Run,0,9,Drive,57.8002,49.108,0.2897,0.7562,-11.6877,0.8736,0.75,0.5,Run,0,9,49.7991,51.1385,0.5806,0,Perfect,,0.0314,-11.6667,-0.5606,11.2,0
2235,PlayerServeHold,Reaction,1,-0.0117,38,-1.5407,1.185,8.642,-0.1873,0.695,-11.5219,0,Run,0,9,Drive,51.9742,45.7503,0.3268,0.7479,-11.77,1.2498,0.6667,0.3333,Run,0,9,50.8361,50.149,1.0147,0,Perfect,,0.04,-11.7333,-0.6407,11.2,0
2236,PlayerServeHold,Reaction,1,-0.0117,38,-1.5807,1.185,8.6493,-0.1551,0.695,-11.5291,0,Run,0,9,Drive,45.4275,41.9322,0.3372,0.744,-11.8033,4.7238,0.5833,0.1667,Run,0,9,51.6599,49.3658,0.7072,0,Perfect,,0.0447,-11.7667,-0.6807,11.2,0
2237,PlayerServeHold,Reaction,1,-0.0117,38,-1.6608,1.185,8.6565,-0.1144,0.695,-11.5732,0,Run,0,9,Drive,48.1036,45.9431,0.3519,0.7505,-11.9068,22.5343,0.5,0,Run,0,9,52.2825,48.7776,2.3727,0,Perfect,,0.055,-11.8333,-0.7608,11.2,0
2238,PlayerServeHold,Reaction,1,-0.0117,38,-1.7008,1.185,8.6638,-0.0759,0.695,-11.5878,0,Run,0,9,Drive,55.0222,52.8627,0.3626,0.7626,-12.0211,1.1635,0.4167,0,Run,0,9,52.6211,48.4667,0.2177,0,Perfect,,0.0606,-11.8667,-0.8008,11.2,0
2239,PlayerServeHold,Reaction,1,-0.0117,38,-1.7809,1.185,8.671,-0.0289,0.695,-11.6399,0,Run,0,9,Drive,62.087,59.9198,0.3443,0.7619,-12.1252,1.4091,0.3333,0,Run,0,9,52.5518,48.5568,2.7702,0,Perfect,,0.0725,-11.9333,-0.8809,11.2,0
2240,PlayerServeHold,Reaction,1,-0.0117,38,-1.821,1.185,8.6783,0.014,0.695,-11.6631,0,Run,0,9,Drive,68.6386,66.5533,0.3172,0.7521,-12.1931,2.8157,0.25,0,Run,0,9,52.1532,48.9693,1.4824,0,Perfect,,0.0789,-11.9667,-0.921,11.2,0
2241,PlayerServeHold,Reaction,1,-0.0117,38,-1.901,1.185,8.6855,0.0651,0.695,-11.7241,0,Run,0,9,Drive,75.2911,73.3903,0.2944,0.7435,-12.2958,13.591,0.1667,0,Run,0,9,51.5081,49.6215,2.8149,0,Perfect,,0.0925,-12.0333,-1.001,11.2,0
2242,PlayerServeHold,Reaction,1,-0.0117,38,-1.9411,1.185,8.6928,0.1102,0.695,-11.7564,0,Run,0,9,Drive,81.1292,79.7261,0.2459,0.7463,-12.3826,5.2396,0.0833,0,Run,0,9,50.566,50.5633,0,0,Perfect,,0.0997,-12.0667,-1.0411,11.2,0
2243,PlayerServeHold,None,1,-0.0117,38,-2.0212,1.185,8.7,0.1632,0.695,-11.8266,0,Run,0,9,Drive,87.1431,86.3129,0.219,0.754,-12.4742,0,0,0,Run,0,9,49.6012,51.5215,0,0,Perfect,,0.115,-12.1334,-1.1212,11.2,0
2244,PlayerServeHold,None,1,-0.0117,52,-1.9769,2.535,-16.5667,0.2031,0.695,-11.8667,0,Run,0,9,Drive,91.3561,91.3652,0.1763,0.7591,-12.5277,0,0,0,Run,0,9,48.6545,52.4555,1.6861,0,Perfect,,0.1231,-12.1667,-1.1612,11.2,14
2245,PlayerServeHold,None,1,-0.0117,52,-1.9756,2.535,-16.5718,0.22,0.695,-11.9334,0,Run,0,9,Drive,90.1137,90.8052,0.191,0.7609,-12.5987,0,0,0,Run,0,9,47.8098,53.2808,0.9314,0,Perfect,,0.14,-12.2334,-1.2413,11.2,0
2246,PlayerServeHold,None,1,-0.0117,52,-1.9738,2.535,-16.5791,0.2289,0.695,-11.9667,0,Run,0,9,Drive,88.311,89.8626,0.178,0.7476,-12.6047,0,0,0,Run,0,9,47.3031,53.7625,1.2716,0,Perfect,,0.1489,-12.2667,-1.2813,11.2,0
2247,PlayerServeHold,None,1,-0.0117,52,-1.9706,2.535,-16.591,0.2475,0.695,-12.0334,0,Run,0,9,Drive,87.3699,89.5603,0.2114,0.7457,-12.6677,1.4467,0,0,Run,0,9,47.0758,53.9597,2.579,0,Perfect,,0.1675,-12.3334,-1.3614,11.2,0
2248,PlayerServeHold,None,1,-0.0117,52,-1.9669,2.535,-16.6032,0.2572,0.695,-12.05,0,Run,0,9,Drive,86.6839,89.4457,0.2305,0.7429,-12.6854,4.5653,0,0,Run,0,9,47.1836,53.8172,0.8102,0,Perfect,,0.1772,-12.35,-1.4015,11.2,0
2249,PlayerServeHold,None,1,-0.0117,52,-1.962,2.535,-16.6145,0.2775,0.695,-12.05,0,Run,0,9,Drive,85.9377,89.3209,0.2492,0.7388,-12.6971,1.7441,0,0,Run,0,9,47.6899,53.2712,2.3087,0,Perfect,,0.1975,-12.35,-1.4815,11.2,0
2250,PlayerServeHold,None,1,-0.0117,52,-1.9566,2.535,-16.6249,0.2881,0.695,-12.05,0,Run,0,9,Drive,85.2961,89.2136,0.2801,0.7351,-12.6887,0.6089,0,0,Run,0,9,48.4338,52.483,2.0306,0,Perfect,,0.2081,-12.35,-1.5216,11.2,0
2251,PlayerServeHold,None,1,-0.0117,52,-1.9499,2.535,-16.6345,0.31,0.695,-12.05,0,Run,0,9,Drive,84.8113,89.1326,0.3084,0.7312,-12.6888,0.3539,0,0,Run,0,9,49.3378,51.5311,0.7371,0,Perfect,,0.23,-12.35,-1.6017,11.2,0
2252,PlayerServeHold,None,1,-0.0117,52,-1.9429,2.535,-16.6434,0.3213,0.695,-12.05,0,Run,0,9,Drive,84.4264,89.0682,0.3247,0.7279,-12.6893,0.0071,0,0,Run,0,9,50.385,50.4317,1.0949,0,Perfect,,0.2413,-12.35,-1.6417,11.2,0
2253,PlayerServeHold,None,1,-0.0117,52,-1.9347,2.535,-16.6516,0.3438,0.695,-12.05,0,Run,0,9,Drive,84.1551,89.0229,0.3507,0.7255,-12.6899,0.0011,0,0,Run,0,9,51.2694,49.4914,2.7041,0,Perfect,,0.2638,-12.35,-1.7218,11.2,0
2254,PlayerServeHold,None,1,-0.0117,52,-1.9263,2.535,-16.6592,0.355,0.695,-12.05,0,Run,0,9,Drive,84.0161,88.9996,0.3639,0.7242,-12.6901,0.0095,0,0,Run,0,9,52.0393,48.6625,0.6475,0,Perfect,,0.275,-12.35,-1.7618,11.2,0
2255,PlayerServeHold,None,1,-0.0117,52,-1.9168,2.535,-16.6661,0.3775,0.695,-12.05,0,Run,0,9,Drive,84.0507,89.0055,0.3863,0.7246,-12.69,0.0017,0,0,Run,0,9,52.5365,48.1038,2.3995,0,Perfect,,0.2975,-12.35,-1.8419,11.2,0
2256,PlayerServeHold,None,1,-0.0117,52,-1.9071,2.535,-16.6726,0.3888,0.695,-12.05,0,Run,0,9,Drive,84.2381,89.0368,0.3945,0.7261,-12.6898,0.0014,0,0,Run,0,9,52.6435,47.9323,0.7997,0,Perfect,,0.3088,-12.35,-1.882,11.2,0
2257,PlayerServeHold,None,1,-0.0117,52,-1.8965,2.535,-16.6785,0.4113,0.695,-12.05,0,Run,0,9,Drive,84.6032,89.0979,0.4124,0.7294,-12.6892,0.0023,0,0,Run,0,9,52.435,48.0738,2.7715,0,Perfect,,0.3313,-12.35,-1.95,11.2,0
2258,PlayerServeHold,None,1,-0.0117,52,-1.8858,2.535,-16.684,0.4225,0.695,-12.05,0,Run,0,9,Drive,85.1659,89.1919,0.4162,0.7339,-12.6882,0.0013,0,0,Run,0,9,52.1152,48.3457,0.888,0,Perfect,,0.3425,-12.35,-1.95,11.2,0
2259,PlayerServeHold,None,1,-0.0117,52,-1.8742,2.535,-16.6891,0.445,0.695,-12.05,0,Run,0,9,Drive,85.7689,89.2927,0.4307,0.7381,-12.6872,0.0062,0,0,Ready,0,9,47.0438,42.6582,0,0,Perfect,,0.365,-12.35,-1.95,11.2,0
2260,PlayerServeHold,None,1,-0.0117,52,-1.8626,2.535,-16.6938,0.4562,0.695,-12.05,0,Run,0,9,Drive,86.4562,89.4076,0.4326,0.742,-12.6859,0.0103,0,0,Ready,0,9,42.1904,37.2059,3.2279,0,Perfect,,0.3762,-12.35,-1.95,11.2,0
2261,PlayerServeHold,None,1,-0.0117,52,-1.8502,2.535,-16.6981,0.4787,0.695,-12.05,0,Run,0,9,Drive,87.2601,89.542,0.4441,0.7451,-12.6844,0.0123,0,0,Ready,0,9,37.4918,32.0196,1.1089,0,Perfect,,0.3987,-12.35,-1.95,11.2,0
2262,PlayerServeHold,None,1,-0.0117,52,-1.8379,2.535,-16.7021,0.49,0.695,-12.05,0,Run,0,9,Drive,88.2824,89.7129,0.4413,0.7477,-12.6824,0.1736,0,0,Ready,0,9,32.8281,27.1086,0.376,0,Perfect,,0.41,-12.35,-1.95,11.2,0
2263,PlayerServeHold,None,1,-0.0117,52,-1.8248,2.535,-16.7058,0.5125,0.695,-12.05,0,Run,0,9,Drive,89.2509,89.8748,0.4499,0.748,-12.6801,0,0,0,Ready,0,9,28.1865,22.422,0.565,0,Perfect,,0.4325,-12.35,-1.95,11.2,0
2264,PlayerServeHold,None,1,-0.0117,52,-1.8118,2.535,-16.7092,0.5237,0.695,-12.05,0,Run,0,9,Drive,90.1563,90.0262,0.4483,0.7472,-12.6779,0,0,0,Ready,0,9,23.5634,17.8641,1.4017,0,Perfect,,0.4437,-12.35,-1.95,11.2,0
2265,PlayerServeHold,None,1,-0.0117,52,-1.7981,2.535,-16.7123,0.5462,0.695,-12.05,0,Run,0,9,Drive,91.0652,90.1781,0.4578,0.7446,-12.6756,0,0,0,Ready,0,9,19.0512,13.3378,2.0033,0,Perfect,,0.4662,-12.35,-1.95,11.2,0
2266,PlayerServeHold,None,1,-0.0117,52,-1.7846,2.535,-16.7152,0.5575,0.695,-12.05,0,Run,0,9,Drive,92.0821,90.3481,0.4543,0.7397,-12.6728,0,0,0,Ready,0,9,18.366,12.6668,0.4032,0,Perfect,,0.4775,-12.35,-1.95,11.2,0
2267,PlayerServeHold,None,1,-0.0117,52,-1.7704,2.535,-16.7179,0.58,0.695,-12.05,0,Run,0,9,Drive,93.0357,90.5075,0.4629,0.7338,-12.6702,0.6256,0,0,Ready,0,9,18.6363,12.837,0.1271,0,Perfect,,0.5,-12.35,-1.95,11.2,0
2268,PlayerServeHold,None,1,-0.0117,52,-1.7565,2.535,-16.7204,0.5912,0.695,-12.05,0,Run,0,9,Drive,93.7897,90.6336,0.4632,0.7279,-12.6678,0.1945,0,0,Ready,0,9,18.9376,12.9362,0,0,Perfect,,0.5112,-12.35,-1.95,11.2,0
2269,PlayerServeHold,None,1,-0.0117,52,-1.7419,2.535,-16.7226,0.6137,0.695,-12.05,0,Run,0,9,Drive,94.444,90.743,0.4761,0.7218,-12.6655,0.5734,0,0,Ready,0,9,19.1557,12.9396,2.001,0,Perfect,,0.5337,-12.35,-1.95,11.2,0
2270,PlayerServeHold,None,1,-0.0117,52,-1.7275,2.535,-16.7247,0.625,0.695,-12.05,0,Run,0,9,Drive,95.0375,90.8422,0.4901,0.7158,-12.6647,0.023,0,0,Ready,0,9,19.173,12.8614,11.0994,0,Perfect,,0.545,-12.35,-1.95,11.2,0
2271,PlayerServeHold,None,1,-0.0117,52,-1.7125,2.535,-16.7267,0.6475,0.695,-12.05,0,Run,0,9,Drive,95.5477,90.9275,0.4938,0.7235,-12.7079,0.0372,0,0,Ready,0,9,18.9807,12.6869,0.1117,0,Perfect,,0.5675,-12.35,-1.95,11.2,0
2272,PlayerServeHold,None,1,-0.0117,52,-1.6978,2.535,-16.7285,0.6587,0.695,-12.05,0,Run,0,9,Drive,95.8427,90.9768,0.5007,0.7199,-12.7069,0.0074,0,0,Ready,0,9,18.4894,12.4069,0.0942,0,Perfect,,0.5788,-12.35,-1.95,11.2,0
2273,PlayerServeHold,None,1,-0.0117,52,-1.6825,2.535,-16.7301,0.6813,0.695,-12.05,0,Run,0,9,Drive,95.9795,90.9997,0.5211,0.7182,-12.7064,0.002,0,0,Ready,0,9,17.8306,12.0207,0.2426,0,Perfect,,0.6013,-12.35,-1.95,11.2,0
2274,PlayerServeHold,None,1,-0.0117,52,-1.6675,2.535,-16.7317,0.6925,0.695,-12.05,0,Run,0,9,Drive,95.9564,90.9958,0.5331,0.7186,-12.7065,0.0032,0,0,Ready,0,9,17.0627,11.5036,0.5379,0,Perfect,,0.6125,-12.35,-1.95,11.2,0
2275,PlayerServeHold,None,1,-0.0117,52,-1.6519,2.535,-16.7331,0.715,0.695,-12.05,0,Run,0,9,Drive,95.7632,90.9635,0.5582,0.721,-12.7072,0.0013,0,0,Ready,0,9,16.2996,10.9195,0.539,0,Perfect,,0.635,-12.35,-1.95,11.2,0
2276,PlayerServeHold,None,1,-0.0117,52,-1.6367,2.535,-16.7344,0.7263,0.695,-12.05,0,Run,0,9,Drive,95.4551,90.912,0.5738,0.7246,-12.7083,0.0006,0,0,Ready,0,9,15.6614,10.2912,0.2932,0,Perfect,,0.6463,-12.35,-1.95,11.2,0
2277,PlayerServeHold,None,1,-0.0117,52,-1.6209,2.535,-16.7356,0.7488,0.695,-12.05,0,Run,0,9,Drive,95.0192,90.8391,0.6027,0.7296,-12.7098,0.0002,0,0,Ready,0,9,15.1686,9.7069,0.2073,0,Perfect,,0.6688,-12.35,-1.95,11.2,0
2278,PlayerServeHold,None,1,-0.0117,52,-1.6055,2.535,-16.7367,0.76,0.695,-12.05,0,Run,0,9,Drive,94.4395,90.7422,0.6224,0.7355,-12.7117,0.0004,0,0,Ready,0,9,14.8917,9.2683,0.2317,0,Perfect,,0.68,-12.35,-1.95,11.2,0
2279,PlayerServeHold,None,1,-0.0117,52,-1.5895,2.535,-16.7377,0.7825,0.695,-12.05,0,Run,0,9,Drive,93.6289,90.6067,0.6454,0.729,-12.6682,0.0313,0,0,Ready,0,9,14.7922,8.942,0.2831,0,Perfect,,0.7025,-12.35,-1.95,11.2,0
2280,PlayerServeHold,None,1,-0.0117,52,-1.5738,2.535,-16.7387,0.7938,0.695,-12.05,0,Run,0,9,Drive,92.7925,90.4668,0.6803,0.7497,-12.7163,0.1084,0,0,Ready,0,9,14.8765,8.7384,0.3478,0,Perfect,,0.7138,-12.35,-1.95,11.2,0
2281,PlayerServeHold,None,1,-0.0117,52,-1.5577,2.535,-16.7395,0.8163,0.695,-12.05,0,Run,0,9,Drive,91.9619,90.328,0.7147,0.7406,-12.6732,0.1022,0,0,Ready,0,9,15.0819,8.6293,0.3063,0,Perfect,,0.7363,-12.35,-1.95,11.2,0
2282,PlayerServeHold,None,1,-0.0117,52,-1.5419,2.535,-16.7403,0.8275,0.695,-12.05,0,Run,0,9,Drive,91.0774,90.1802,0.7388,0.7445,-12.6756,0,0,0,Ready,0,9,15.3604,8.6127,0.2201,0,Perfect,,0.7475,-12.35,-1.95,11.2,0
2283,PlayerServeHold,None,1,-0.0117,52,-1.5256,2.535,-16.7411,0.85,0.695,-12.05,0,Run,0,9,Drive,90.0323,90.0054,0.7764,0.7472,-12.6782,0,0,0,Ready,0,9,15.6826,8.6222,0.1218,0,Perfect,,0.77,-12.35,-1.95,11.2,0
2284,PlayerServeHold,None,1,-0.0117,52,-1.5097,2.535,-16.7418,0.8613,0.695,-12.05,0,Run,0,9,Drive,88.9763,89.8289,0.8027,0.7483,-12.6807,0,0,0,Ready,0,9,16.0046,8.5722,0.2523,0,Perfect,,0.7813,-12.35,-1.95,11.2,0
2285,PlayerServeHold,None,1,-0.0117,52,-1.4933,2.535,-16.7424,0.8838,0.695,-12.05,0,Run,0,9,Drive,88.0872,89.6803,0.8377,0.7475,-12.6827,0,0,0,Ready,0,9,16.33,8.5309,0.4224,0,Perfect,,0.8038,-12.35,-1.95,11.2,0
2286,PlayerServeHold,None,1,-0.0117,52,-1.4773,2.535,-16.743,0.895,0.695,-12.05,0,Run,0,9,Drive,87.2538,89.541,0.8605,0.7452,-12.6846,0.3462,0,0,Ready,0,9,16.6424,8.5448,0.6229,0,Perfect,,0.815,-12.35,-1.95,11.2,0
2287,PlayerServeHold,None,1,-0.0117,52,-1.4608,2.535,-16.7435,0.9175,0.695,-12.05,0,Run,0,9,Drive,86.4212,89.4017,0.8826,0.7415,-12.6957,1.1852,0,0,Ready,0,9,16.9598,8.5861,0.5226,0,Perfect,,0.8375,-12.35,-1.95,11.2,0
2288,PlayerServeHold,None,1,-0.0117,52,-1.4447,2.535,-16.744,0.9288,0.695,-12.05,0,Run,0,9,Drive,85.5999,89.2644,0.9167,0.7369,-12.6875,0.7679,0,0,Ready,0,9,17.3059,8.6161,0.1849,0,Perfect,,0.8488,-12.35,-1.95,11.2,0
2289,PlayerServeHold,None,1,-0.0117,52,-1.4281,2.535,-16.7445,0.9513,0.695,-12.05,0,Run,0,9,Drive,85.0094,89.1657,0.9471,0.7329,-12.6891,0.2158,0,0,Ready,0,9,17.6435,8.717,0.074,0,Perfect,,0.8713,-12.35,-1.95,11.2,0
2290,PlayerServeHold,None,1,-0.0117,52,-1.4119,2.535,-16.7449,0.9625,0.695,-12.05,0,Run,0,9,Drive,84.5662,89.0916,0.9641,0.7292,-12.689,0.2182,0,0,Ready,0,9,17.9525,8.9893,0.2406,0,Perfect,,0.8825,-12.35,-1.95,11.2,0
2291,PlayerServeHold,None,1,-0.0117,52,-1.3952,2.535,-16.7453,0.985,0.695,-12.05,0,Run,0,9,Drive,84.2517,89.039,0.9907,0.7264,-12.6897,0.0095,0,0,Ready,0,9,18.2116,9.3281,0.229,0,Perfect,,0.905,-12.35,-1.95,11.2,0
2292,PlayerServeHold,None,1,-0.0117,52,-1.3789,2.535,-16.7457,0.9963,0.695,-12.05,0,Run,0,9,Drive,84.0504,89.0054,1.0046,0.7245,-12.69,0.0109,0,0,Ready,0,9,18.3894,9.6563,0.0475,0,Perfect,,0.9163,-12.35,-1.95,11.2,0
2293,PlayerServeHold,None,1,-0.0117,52,-1.3622,2.535,-16.746,1.0188,0.695,-12.05,0,Run,0,9,Drive,84.0174,88.9999,1.0279,0.7243,-12.69,0.0023,0,0,Ready,0,9,18.5013,10.004,0.1375,0,Perfect,,0.9388,-12.35,-1.95,11.2,0
2294,PlayerServeHold,None,1,-0.0117,52,-1.3459,2.535,-16.7463,1.03,0.695,-12.05,0,Run,0,9,Drive,84.1458,89.0213,1.0369,0.7253,-12.6899,0.0031,0,0,Ready,0,9,18.5419,10.4042,0.1311,0,Perfect,,0.95,-12.35,-1.95,11.2,0
2295,PlayerServeHold,None,1,-0.0117,52,-1.3291,2.535,-16.7466,1.0525,0.695,-12.05,0,Run,0,9,Drive,84.4302,89.0689,1.0559,0.728,-12.6894,0.0006,0,0,Ready,0,9,18.5404,10.7664,0.1101,0,Perfect,,0.9725,-12.35,-1.95,11.2,0
2296,PlayerServeHold,None,1,-0.0117,52,-1.3127,2.535,-16.7469,1.0638,0.695,-12.05,0,Run,0,9,Drive,84.9292,89.1523,1.0606,0.7321,-12.6886,0.0004,0,0,Ready,0,9,18.511,11,0.0308,0,Perfect,,0.9838,-12.35,-1.95,11.2,0
2297,PlayerServeHold,None,1,-0.0117,52,-1.2959,2.535,-16.7471,1.0863,0.695,-12.05,0,Run,0,9,Drive,85.5215,89.2513,1.0753,0.7364,-12.6876,0.0021,0,0,Ready,0,9,18.4889,11.1532,0.0129,0,Perfect,,1.0063,-12.35,-1.95,11.2,0
2298,PlayerServeHold,None,1,-0.0117,52,-1.2795,2.535,-16.7473,1.0975,0.695,-12.05,0,Run,0,9,Drive,86.1701,89.3598,1.0778,0.7405,-12.6865,0.0022,0,0,Ready,0,9,18.5303,11.2473,0.0148,0,Perfect,,1.0175,-12.35,-1.95,11.2,0
2299,PlayerServeHold,None,1,-0.0117,52,-1.2626,2.535,-16.7475,1.12,0.695,-12.05,0,Run,0,9,Drive,86.9175,89.4847,1.0901,0.744,-12.685,0.0292,0,0,Ready,0,9,18.5792,11.2683,0.0132,0,Perfect,,1.04,-12.35,-1.95,11.2,0
2300,PlayerServeHold,None,1,-0.0117,52,-1.2462,2.535,-16.7477,1.1313,0.695,-12.05,0,Run,0,9,Drive,87.8575,89.6419,1.0884,0.7468,-12.6833,0.1276,0,0,Ready,0,9,18.6069,11.197,0.0152,0,Perfect,,1.0513,-12.35,-1.95,11.2,0
2301,PlayerServeHold,None,1,-0.0117,52,-1.2293,2.535,-16.7479,1.1538,0.695,-12.05,0,Run,0,9,Drive,88.8813,89.813,1.0964,0.7481,-12.6809,0,0,0,Ready,0,9,18.5948,11.0721,0.0161,0,Perfect,,1.0738,-12.35,-1.95,11.2,0
2302,PlayerServeHold,None,1,-0.0117,52,-1.2128,2.535,-16.748,1.165,0.695,-12.05,0,Run,0,9,Drive,89.7922,89.9653,1.0948,0.7477,-12.6788,0,0,0,Ready,0,9,18.498,10.9185,0.0062,0,Perfect,,1.085,-12.35,-1.95,11.2,0
2303,PlayerServeHold,None,1,-0.0117,52,-1.1959,2.535,-16.7482,1.1875,0.695,-12.05,0,Run,0,9,Drive,90.6974,90.1166,1.1043,0.7457,-12.6766,0,0,0,Ready,0,9,18.3723,10.7529,0.0057,0,Perfect,,1.1075,-12.35,-1.95,11.2,0
2304,PlayerServeHold,None,1,-0.0117,52,-1.1794,2.535,-16.7483,1.1988,0.695,-12.05,0,Run,0,9,Drive,91.6577,90.2772,1.1017,0.742,-12.674,0,0,0,Ready,0,9,18.2461,10.5984,0.0122,0,Perfect,,1.1188,-12.35,-1.95,11.2,0
2305,PlayerServeHold,None,1,-0.0117,52,-1.1624,2.535,-16.7485,1.2213,0.695,-12.05,0,Run,0,9,Drive,92.6877,90.4493,1.1092,0.7362,-12.6711,0.5478,0,0,Ready,0,9,18.1503,10.4565,0.0152,0,Perfect,,1.1413,-12.35,-1.95,11.2,0
2306,PlayerServeHold,None,1,-0.0117,52,-1.1459,2.535,-16.7486,1.2325,0.695,-12.05,0,Run,0,9,Drive,93.502,90.5855,1.1086,0.7303,-12.6688,0.4993,0,0,Ready,0,9,18.11,10.3283,0.0201,0,Perfect,,1.1525,-12.35,-1.95,11.2,0
2307,PlayerServeHold,None,1,-0.0117,52,-1.1289,2.535,-16.7487,1.255,0.695,-12.05,0,Run,0,9,Drive,94.1948,90.7013,1.121,0.7243,-12.6663,0.6565,0,0,Ready,0,9,18.1663,10.2363,0.0133,0,Perfect,,1.175,-12.35,-1.95,11.2,0
2308,PlayerServeHold,None,1,-0.0117,52,-1.1124,2.535,-16.7488,1.2663,0.695,-12.05,0,Run,0,9,Drive,94.8004,90.8026,1.1234,0.7182,-12.6645,0.0324,0,0,Ready,0,9,18.4073,10.2107,0.0121,0,Perfect,,1.1863,-12.35,-1.95,11.2,0
2309,PlayerServeHold,None,1,-0.0117,52,-1.0954,2.535,-16.7489,1.2888,0.695,-12.05,0,Run,0,9,Drive,95.3687,90.8976,1.1377,0.7257,-12.7085,0.0149,0,0,Ready,0,9,18.7064,10.2254,0.0173,0,Perfect,,1.2088,-12.35,-1.95,11.2,0
2310,PlayerServeHold,None,1,-0.0117,52,-1.0788,2.535,-16.749,1.3,0.695,-12.05,0,Run,0,9,Drive,95.7466,90.9607,1.1434,0.7211,-12.7073,0.0025,0,0,Ready,0,9,18.966,10.261,0.0093,0,Perfect,,1.22,-12.35,-1.95,11.2,0
2311,PlayerServeHold,None,1,-0.0117,52,-1.0618,2.535,-16.7491,1.3225,0.695,-12.05,0,Run,0,9,Drive,95.9426,90.9935,1.163,0.7187,-12.7065,0.0039,0,0,Ready,0,9,19.2031,10.3304,0.0074,0,Perfect,,1.2425,-12.35,-1.95,11.2,0
2312,PlayerServeHold,None,1,-0.0117,52,-1.0452,2.535,-16.7491,1.3338,0.695,-12.05,0,Run,0,9,Drive,95.9865,91.0009,1.1735,0.7181,-12.7064,0.0021,0,0,Ready,0,9,19.3897,10.4366,0.0166,0,Perfect,,1.2538,-12.35,-1.95,11.2,0
2313,PlayerServeHold,None,1,-0.0117,52,-1.0282,2.535,-16.7492,1.3563,0.695,-12.05,0,Run,0,9,Drive,95.8572,90.9793,1.1983,0.7199,-12.7069,0.002,0,0,Ready,0,9,19.5646,10.5892,0.018,0,Perfect,,1.2763,-12.35,-1.95,11.2,0
2314,PlayerServeHold,None,1,-0.0117,52,-1.0116,2.535,-16.7493,1.3675,0.695,-12.05,0,Run,0,9,Drive,95.592,90.9349,1.2131,0.7229,-12.7078,0.0015,0,0,Ready,0,9,19.7555,10.8068,0.0116,0,Perfect,,1.2875,-12.35,-1.95,11.2,0
2315,PlayerServeHold,None,1,-0.0117,52,-0.9946,2.535,-16.7493,1.39,0.695,-12.05,0,Run,0,9,Drive,95.2092,90.8709,1.2412,0.7275,-12.7091,0.0006,0,0,Ready,0,9,19.9633,11.0641,0.0098,0,Perfect,,1.31,-12.35,-1.95,11.2,0
2316,PlayerServeHold,None,1,-0.0117,52,-0.978,2.535,-16.7494,1.4013,0.695,-12.05,0,Run,0,9,Drive,94.6939,90.7847,1.26,0.733,-12.7108,0.0054,0,0,Ready,0,9,20.206,11.3441,0.0098,0,Perfect,,1.3213,-12.35,-1.95,11.2,0
2317,PlayerServeHold,None,1,-0.0117,52,-0.9609,2.535,-16.7494,1.4238,0.695,-12.05,0,Run,0,9,Drive,93.9758,90.6647,1.2929,0.7398,-12.7133,0.015,0,0,Ready,0,9,20.4591,11.6438,0.0096,0,Perfect,,1.3438,-12.35,-1.95,11.2,0
2318,PlayerServeHold,None,1,-0.0117,52,-0.9443,2.535,-16.7495,1.435,0.695,-12.05,0,Run,0,9,Drive,93.1176,90.5212,1.3053,0.7333,-12.6703,0.0364,0,0,Ready,0,9,20.749,11.9785,0.0058,0,Perfect,,1.355,-12.35,-1.95,11.2,0
2319,PlayerServeHold,None,1,-0.0117,52,-0.9273,2.535,-16.7495,1.4575,0.695,-12.05,0,Run,0,9,Drive,92.3019,90.3849,1.34,0.7392,-12.6737,0.0383,0,0,Ready,0,9,20.9425,12.2767,0.008,0,Perfect,,1.3775,-12.35,-1.95,11.2,0
2320,PlayerServeHold,None,1,-0.0117,52,-0.9107,2.535,-16.7495,1.4688,0.695,-12.05,0,Run,0,9,Drive,91.4409,90.2409,1.3747,0.743,-12.6747,0.4703,0,0,Ready,0,9,20.9204,12.4753,0.0117,0,Perfect,,1.3888,-12.35,-1.95,11.2,0
2321,PlayerServeHold,None,1,-0.0117,52,-0.8936,2.535,-16.7496,1.4913,0.695,-12.05,0,Run,0,9,Drive,90.4777,90.0799,1.4112,0.7463,-12.6771,0,0,0,Ready,0,9,20.6866,12.5747,0.0136,0,Perfect,,1.4113,-12.35,-1.95,11.2,0
2322,PlayerServeHold,None,1,-0.0117,52,-0.877,2.535,-16.7496,1.5025,0.695,-12.05,0,Run,0,9,Drive,89.3704,89.8948,1.4383,0.7481,-12.6798,0,0,0,Ready,0,9,20.1766,12.5617,0.0178,0,Perfect,,1.4225,-12.35,-1.95,11.2,0
2323,PlayerServeHold,None,1,-0.0117,52,-0.8599,2.535,-16.7496,1.525,0.695,-12.05,0,Run,0,9,Drive,88.4333,89.7381,1.4741,0.748,-12.6819,0,0,0,Ready,0,9,19.4811,12.4145,0.0151,0,Perfect,,1.445,-12.35,-1.95,11.2,0
2324,PlayerServeHold,None,1,-0.0117,52,-0.8433,2.535,-16.7497,1.5363,0.695,-12.05,0,Run,0,9,Drive,87.5797,89.5954,1.4972,0.7463,-12.6838,0.2957,0,0,Ready,0,9,18.6394,12.0992,0.0031,0,Perfect,,1.4563,-12.35,-1.95,11.2,0
2325,PlayerServeHold,None,1,-0.0117,52,-0.8262,2.535,-16.7497,1.5588,0.695,-12.05,0,Run,0,9,Drive,86.7647,89.4591,1.5309,0.7432,-12.6854,0.4425,0,0,Ready,0,9,17.7314,11.642,0.0048,0,Perfect,,1.4788,-12.35,-1.95,11.2,0
2326,PlayerServeHold,None,1,-0.0117,52,-0.8096,2.535,-16.7497,1.57,0.695,-12.05,0,Run,0,9,Drive,85.9051,89.3155,1.5422,0.7386,-12.6972,0.7263,0,0,Ready,0,9,16.8169,11.0536,0.0177,0,Perfect,,1.49,-12.35,-1.95,11.2,0
2327,PlayerServeHold,None,1,-0.0117,52,-0.7925,2.535,-16.7497,1.5925,0.695,-12.05,0,Run,0,9,Drive,85.2231,89.2015,1.5855,0.7346,-12.6889,0.6288,0,0,Ready,0,9,15.9822,10.3423,0.2052,0,Perfect,,1.5125,-12.35,-1.95,11.2,0
2328,PlayerServeHold,None,1,-0.0117,52,-0.7759,2.535,-16.7498,1.6038,0.695,-12.05,0,Run,0,9,Drive,84.7275,89.1186,1.6033,0.7305,-12.6888,0.4132,0,0,Ready,0,9,15.3502,9.5045,0.2918,0,Perfect,,1.5238,-12.35,-1.95,11.2,0
2329,PlayerServeHold,None,1,-0.0117,52,-0.7588,2.535,-16.7498,1.6263,0.695,-12.05,0,Run,0,9,Drive,84.3638,89.0578,1.6305,0.7274,-12.6895,0.0115,0,0,Ready,0,9,14.8543,8.5857,0.3007,0,Perfect,,1.5463,-12.35,-1.95,11.2,0
2330,PlayerServeHold,None,1,-0.0117,52,-0.7422,2.535,-16.7498,1.6375,0.695,-12.05,0,Run,0,9,Drive,84.114,89.016,1.645,0.7251,-12.6899,0.0062,0,0,Ready,0,9,14.475,7.6204,0.2944,0,Perfect,,1.5575,-12.35,-1.95,11.2,0
2331,PlayerServeHold,None,1,-0.0117,52,-0.7251,2.535,-16.7498,1.66,0.695,-12.05,0,Run,0,9,Drive,84.0098,88.9986,1.669,0.7241,-12.6901,0.0075,0,0,Ready,0,9,14.2001,6.6326,0.1599,0,Perfect,,1.58,-12.35,-1.95,11.2,0
2332,PlayerServeHold,None,1,-0.0117,52,-0.7085,2.535,-16.7498,1.6713,0.695,-12.05,0,Run,0,9,Drive,84.0767,89.0098,1.6794,0.7248,-12.69,0.0028,0,0,Ready,0,9,14.0303,5.6464,0.1549,0,Perfect,,1.5913,-12.35,-1.95,11.2,0
2333,PlayerServeHold,None,1,-0.0117,52,-0.6914,2.535,-16.7498,1.6938,0.695,-12.05,0,Run,0,9,Drive,84.2945,89.0462,1.6988,0.7267,-12.6897,0.0006,0,0,Ready,0,9,13.9083,4.692,0.2889,0,Perfect,,1.6138,-12.35,-1.95,11.2,0
2334,PlayerServeHold,None,1,-0.0117,52,-0.6747,2.535,-16.7499,1.705,0.695,-12.05,0,Run,0,9,Drive,84.7051,89.1149,1.7048,0.7303,-12.689,0.0021,0,0,Ready,0,9,13.7776,3.8084,0.3516,0,Perfect,,1.625,-12.35,-1.95,11.2,0
2335,PlayerServeHold,None,1,-0.0117,52,-0.6577,2.535,-16.7499,1.7275,0.695,-12.05,0,Run,0,9,Drive,85.2837,89.2116,1.7197,0.7348,-12.688,0.0002,0,0,Ready,0,9,13.6459,2.9888,0.3127,0,Perfect,,1.6475,-12.35,-1.95,11.2,0
2336,PlayerServeHold,None,1,-0.0117,52,-0.641,2.535,-16.7499,1.7388,0.695,-12.05,0,Run,0,9,Drive,85.898,89.3143,1.7227,0.7389,-12.687,0.0071,0,0,Ready,0,9,13.4988,2.2568,0.1048,0,Perfect,,1.6588,-12.35,-1.95,11.2,0
2337,PlayerServeHold,None,1,-0.0117,52,-0.6239,2.535,-16.7499,1.7613,0.695,-12.05,0,Run,0,9,Drive,86.6046,89.4324,1.7356,0.7427,-12.6856,0.019,0,0,Ready,0,9,13.343,1.5628,0.0424,0,Perfect,,1.6813,-12.35,-1.95,11.2,0
2338,PlayerServeHold,None,1,-0.0117,52,-0.6073,2.535,-16.7499,1.7725,0.695,-12.05,0,Run,0,9,Drive,87.4485,89.5735,1.7353,0.7457,-12.6841,0.0529,0,0,Ready,0,9,12.9097,1.3413,0.2462,0,Perfect,,1.6925,-12.35,-1.95,11.2,0
2339,PlayerServeHold,None,1,-0.0117,52,-0.5902,2.535,-16.7499,1.795,0.695,-12.05,0,Run,0,9,Drive,88.4906,89.7477,1.7434,0.748,-12.6819,0.1993,0,0,Ready,0,9,12.2731,1.0121,0.1556,0,Perfect,,1.715,-12.35,-1.95,11.2,0
2340,PlayerServeHold,None,1,-0.0117,52,-0.5736,2.535,-16.7499,1.8063,0.695,-12.05,0,Run,0,9,Drive,89.4319,89.905,1.7411,0.7479,-12.6797,0,0,0,Ready,0,9,11.0911,0.3955,0.1661,0,Perfect,,1.7263,-12.35,-1.95,11.2,0
2341,PlayerServeHold,None,1,-0.0117,52,-0.5565,2.535,-16.7499,1.8288,0.695,-12.05,0,Run,0,9,Drive,90.337,90.0564,1.7507,0.7467,-12.6775,0,0,0,Ready,0,9,9.6289,-0.3719,0.261,0,Perfect,,1.7488,-12.35,-1.95,11.2,0
2342,PlayerServeHold,None,1,-0.0117,52,-0.5398,2.535,-16.7499,1.84,0.695,-12.05,0,Run,0,9,Drive,91.255,90.2099,1.7488,0.7438,-12.6751,0,0,0,Ready,0,9,7.9235,-1.2439,0.2273,0,Perfect,,1.76,-12.35,-1.95,11.2,0
2343,PlayerServeHold,None,1,-0.0117,52,-0.5227,2.535,-16.7499,1.8625,0.695,-12.05,0,Run,0,9,Drive,92.2924,90.3833,1.7562,0.7385,-12.6722,0.5423,0,0,Ready,0,9,6.2946,-2.1437,0.1969,0,Perfect,,1.7825,-12.35,-1.95,11.2,0
2344,PlayerServeHold,None,1,-0.0117,52,-0.5061,2.535,-16.7499,1.8738,0.695,-12.05,0,Run,0,9,Drive,93.1974,90.5346,1.7543,0.7327,-12.6698,0.6424,0,0,Ready,0,9,5.0543,-3.0418,0.1172,0,Perfect,,1.7938,-12.35,-1.95,11.2,0
2345,PlayerServeHold,None,1,-0.0117,52,-0.489,2.535,-16.7499,1.8963,0.695,-12.05,0,Run,0,9,Drive,93.9297,90.657,1.7661,0.7267,-12.6673,0.6243,0,0,Ready,0,9,4.2103,-3.7606,0.1364,0,Perfect,,1.8163,-12.35,-1.95,11.2,0
2346,PlayerServeHold,None,1,-0.0117,52,-0.4723,2.535,-16.7499,1.9075,0.695,-12.05,0,Run,0,9,Drive,94.5644,90.7631,1.7681,0.7205,-12.6652,0.0445,0,0,Ready,0,9,3.9395,-4.129,0.2226,0,Perfect,,1.8275,-12.35,-1.95,11.2,0
2347,PlayerServeHold,None,1,-0.0117,52,-0.4553,2.535,-16.75,1.93,0.695,-12.05,0,Run,0,9,Drive,95.1534,90.8616,1.7821,0.7282,-12.7093,0.0381,0,0,Ready,0,9,4.0307,-4.1238,0.2767,0,Perfect,,1.85,-12.35,-1.95,11.2,0
2348,PlayerServeHold,None,1,-0.0117,52,-0.4386,2.535,-16.75,1.9413,0.695,-12.05,0,Run,0,9,Drive,95.6221,90.9399,1.7864,0.7226,-12.7077,0.0142,0,0,Ready,0,9,4.3887,-3.6086,1.9282,0,Perfect,,1.8613,-12.35,-1.95,11.2,0
2349,PlayerServeHold,None,1,-0.0117,52,-0.4215,2.535,-16.75,1.9638,0.695,-12.05,0,Run,0,9,Drive,95.8815,90.9833,1.8052,0.7194,-12.7068,0.0058,0,0,Ready,0,9,4.8666,-2.7659,11.1684,0,Perfect,,1.8838,-12.35,-1.95,11.2,0
2350,PlayerServeHold,None,1,-0.0117,52,-0.4049,2.535,-16.75,1.975,0.695,-12.05,0,Run,0,9,Drive,95.9884,91.0012,1.8147,0.718,-12.7063,0.0008,0,0,Ready,0,9,5.2831,-1.6704,0.164,0,Perfect,,1.895,-12.35,-1.95,11.2,0
2351,PlayerServeHold,None,1,-0.0117,52,-0.3878,2.535,-16.75,1.9975,0.695,-12.05,0,Run,0,9,Drive,95.93,90.9914,1.8388,0.719,-12.7067,0.003,0,0,Ready,0,9,5.6727,-0.4906,0,0,Perfect,,1.9175,-12.35,-1.95,11.2,0
2352,PlayerServeHold,None,1,-0.0117,52,-0.3711,2.535,-16.75,2.0088,0.695,-12.05,0,Run,0,9,Drive,95.71,90.9546,1.8527,0.7216,-12.7074,0.0016,0,0,Ready,0,9,6.0095,0.5976,0,0,Perfect,,1.9288,-12.35,-1.95,11.2,0
2353,PlayerServeHold,None,1,-0.0117,52,-0.354,2.535,-16.75,2.0313,0.695,-12.05,0,Run,0,9,Drive,95.3788,90.8992,1.8799,0.7255,-12.7085,0.0002,0,0,Ready,0,9,6.2962,1.5671,0,0,Perfect,,1.9513,-12.35,-1.95,11.2,0
2354,PlayerServeHold,None,1,-0.0117,52,-0.3374,2.535,-16.75,2.0425,0.695,-12.05,0,Run,0,9,Drive,94.917,90.822,1.898,0.7307,-12.7101,0.0021,0,0,Ready,0,9,6.5266,2.3275,0,0,Perfect,,1.9625,-12.35,-1.95,11.2,0
2355,PlayerServeHold,None,1,-0.0117,52,-0.3203,2.535,-16.75,2.065,0.695,-12.05,0,Run,0,9,Drive,94.2968,90.7183,1.9295,0.7369,-12.7121,0.0024,0,0,Ready,0,9,6.7016,2.9073,0,0,Perfect,,1.985,-12.35,-1.95,11.2,0
2356,PlayerServeHold,None,1,-0.0117,52,-0.3036,2.535,-16.75,2.0763,0.695,-12.05,0,Run,0,9,Drive,93.454,90.5774,1.9417,0.7305,-12.669,0.0263,0,0,Ready,0,9,6.8356,3.297,0,0,Perfect,,1.9963,-12.35,-1.95,11.2,0
2357,PlayerServeHold,None,1,-0.0117,52,-0.2865,2.535,-16.75,2.0988,0.695,-12.05,0,Run,0,9,Drive,92.6302,90.4397,1.9878,0.7509,-12.7168,0.1127,0,0,Ready,0,9,6.8778,3.5217,0.9366,0,Perfect,,2.0188,-12.35,-1.95,11.2,0
2358,PlayerServeHold,None,1,-0.0117,52,-0.2699,2.535,-16.75,2.11,0.695,-12.05,0,Run,0,9,Drive,91.7897,90.2993,2.0109,0.7414,-12.6738,0.1572,0,0,Ready,0,9,6.7251,3.5956,0.4998,0,Perfect,,2.03,-12.35,-1.95,11.2,0
2359,PlayerServeHold,None,1,-0.0117,52,-0.2528,2.535,-16.75,2.1325,0.695,-12.05,0,Run,0,9,Drive,90.8869,90.1483,2.0466,0.7452,-12.6761,0,0,0,Ready,0,9,6.5539,3.5408,0.324,0,Perfect,,2.0525,-12.35,-1.95,11.2,0
2360,PlayerServeHold,None,1,-0.0117,52,-0.2361,2.535,-16.75,2.1436,0.695,-12.05,0,Run,0,9,Drive,89.8063,89.9677,2.0732,0.7475,-12.6788,0,0,0,Ready,0,9,6.5278,3.3051,0.5612,0,Perfect,,2.0636,-12.35,-1.95,11.2,0
2361,PlayerServeHold,None,1,-0.0117,52,-0.2191,2.535,-16.75,2.1653,0.695,-12.05,0,Run,0,9,Drive,88.7998,89.7994,2.1092,0.7483,-12.6811,0,0,0,Ready,0,9,6.5669,3.1264,0.7276,0,Perfect,,2.0853,-12.35,-1.95,11.2,0
2362,PlayerServeHold,None,1,-0.0117,52,-0.2026,2.535,-16.75,2.1758,0.695,-12.05,0,Run,0,9,Drive,87.965,89.6599,2.1314,0.7473,-12.683,0,0,0,Ready,0,9,6.634,3.2367,0.62,0,Perfect,,2.0958,-12.35,-1.95,11.2,0
2363,PlayerServeHold,None,1,-0.0117,52,-0.1858,2.535,-16.75,2.1961,0.695,-12.05,0,Run,0,9,Drive,87.1926,89.5307,2.1625,0.745,-12.6847,0.4356,0,0,Ready,0,9,6.7674,3.5652,0.4818,0,Perfect,,2.1161,-12.35,-1.95,11.2,0
2364,PlayerServeHold,None,1,-0.0117,52,-0.1695,2.535,-16.75,2.206,0.695,-12.05,0,Run,0,9,Drive,86.446,89.4059,2.1708,0.7417,-12.6956,1.16,0,0,Ready,0,9,6.9785,4.1312,0.3448,0,Perfect,,2.126,-12.35,-1.95,11.2,0
2365,PlayerServeHold,None,1,-0.0117,52,-0.153,2.535,-16.75,2.2251,0.695,-12.05,0,Run,0,9,Drive,85.7091,89.2827,2.2116,0.7375,-12.6871,0.9564,0,0,Ready,0,9,7.3022,4.8973,0.2575,0,Perfect,,2.1451,-12.35,-1.95,11.2,0
2366,PlayerServeHold,None,1,-0.0117,52,-0.1371,2.535,-16.75,2.2344,0.695,-12.05,0,Run,0,9,Drive,85.1733,89.1931,2.2281,0.7342,-12.689,0.3012,0,0,Ready,0,9,7.7356,5.8924,0.1005,0,Perfect,,2.1544,-12.35,-1.95,11.2,0
2367,PlayerServeHold,None,1,-0.0117,52,-0.121,2.535,-16.75,2.2522,0.695,-12.05,0,Run,0,9,Drive,84.7669,89.1252,2.2512,0.7309,-12.6888,0.2165,0,0,Ready,0,9,8.4051,6.9393,0.1805,0,Perfect,,2.1722,-12.35,-1.95,11.2,0
2368,PlayerServeHold,None,1,-0.0117,52,-0.1055,2.535,-16.75,2.2608,0.695,-12.05,0,Run,0,9,Drive,84.4614,89.0741,2.2638,0.7282,-12.6892,0.0064,0,0,Ready,0,9,9.5156,7.8558,0.1015,0,Perfect,,2.1808,-12.35,-1.95,11.2,0
2369,PlayerServeHold,None,1,-0.0117,52,-0.0899,2.535,-16.75,2.2774,0.695,-12.05,0,Run,0,9,Drive,84.5613,89.2204,2.2767,0.7282,-12.7006,0.1171,0,0,Ready,0,9,10.8051,8.7143,0.2465,0,Perfect,,2.1974,-12.35,-1.95,11.2,0
2370,PlayerServeHold,None,1,-0.0117,52,-0.0748,2.535,-16.75,2.2854,0.695,-12.05,0,Run,0,9,Drive,85.4783,89.8025,2.3099,0.7438,-12.7223,0.3253,0,0,Ready,0,9,12.1741,9.5513,0.4785,0,Perfect,,2.2054,-12.35,-1.95,11.2,0
2371,PlayerServeHold,None,1,-0.0117,52,-0.0598,2.535,-16.75,2.3007,0.695,-12.05,0,Run,0,9,Drive,86.0616,90.1648,2.3318,0.7453,-12.7173,0.2167,0,0,Ready,0,9,13.3622,10.2877,0.4402,0,Perfect,,2.2207,-12.35,-1.95,11.2,0
2372,PlayerServeHold,None,1,-0.0117,52,-0.0454,2.535,-16.75,2.308,0.695,-12.05,0,Run,0,9,Drive,87.3055,90.902,2.3514,0.7405,-12.666,0.5143,0,0,Ready,0,9,14.0826,10.9057,0.5095,0,Perfect,,2.228,-12.35,-1.95,11.2,0
2373,PlayerServeHold,None,1,-0.0117,52,-0.031,2.535,-16.75,2.3221,0.695,-12.05,0,Run,0,9,Drive,88.0059,91.3179,2.3712,0.7458,-12.6638,0.3462,0,0,Ready,0,9,14.3623,11.2657,0,0,Perfect,,2.2421,-12.35,-1.95,11.2,0
2374,PlayerServeHold,None,1,-0.0117,52,-0.0171,2.535,-16.75,2.3288,0.695,-12.05,0,Run,0,9,Drive,89.199,92.016,2.3853,0.7523,-12.6555,0.4103,0,0,Ready,0,9,14.0488,11.2123,0,0,Perfect,,2.2488,-12.35,-1.95,11.2,0
2375,PlayerServeHold,None,1,-0.0117,52,-0.0034,2.535,-16.75,2.3416,0.695,-12.05,0,Run,0,9,Drive,89.7391,92.2747,2.4006,0.7553,-12.6472,0.1472,0,0,Ready,0,9,13.4061,10.7974,0,0,Perfect,,2.2616,-12.35,-1.95,11.2,0
2376,PlayerServeHold,None,1,-0.0117,52,0.0097,2.535,-16.75,2.3476,0.695,-12.05,0,Run,0,9,Drive,90.7317,92.7012,2.4246,0.7703,-12.6617,0.4871,0,0,Ready,0,9,12.5854,9.9769,0,0,Perfect,,2.2676,-12.35,-1.95,11.2,0
2377,PlayerServeHold,None,1,-0.0117,52,0.0228,2.535,-16.75,2.3591,0.695,-12.05,0,Run,0,9,Drive,91.1393,92.6554,2.4485,0.7699,-12.5956,0.3546,0,0,Ready,0,9,11.743,8.8846,6.4835,0,Perfect,,2.2791,-12.35,-1.95,11.2,0
2378,PlayerServeHold,None,1,-0.0117,52,0.0352,2.535,-16.75,2.3646,0.695,-12.05,0,Run,0,9,Drive,91.9981,92.6922,2.4577,0.7767,-12.5902,0.6016,0,0,Ready,0,9,11.0943,7.5635,0.666,0,Perfect,,2.2846,-12.35,-1.95,11.2,0
2379,PlayerServeHold,None,1,-0.0117,52,0.0475,2.535,-16.75,2.3748,0.695,-12.05,0,Run,0,9,Drive,92.3756,92.3667,2.464,0.7804,-12.597,2.4379,0,0,Ready,0,9,10.5788,6.2266,2.6748,0,Perfect,,2.2948,-12.35,-1.95,11.2,0
2380,PlayerServeHold,None,1,-0.0117,52,0.0592,2.535,-16.75,2.3796,0.695,-12.05,0,Run,0,9,Drive,93.1635,92.2072,2.4885,0.7931,-12.5724,0.6916,0,0,Ready,0,9,10.1836,5.0694,0.6944,0,Perfect,,2.2996,-12.35,-1.95,11.2,0
2381,PlayerServeHold,None,1,-0.0117,52,0.0707,2.535,-16.75,2.3885,0.695,-12.05,0,Run,0,9,Drive,93.5901,91.9073,2.5106,0.8036,-12.5536,0.5711,0,0,Ready,0,9,9.9816,4.1537,0.664,0,Perfect,,2.3085,-12.35,-1.95,11.2,0
2382,PlayerServeHold,None,1,-0.0117,52,0.0816,2.535,-16.75,2.3927,0.695,-12.05,0,Run,0,9,Drive,94.5188,91.8797,2.5099,0.8083,-12.5568,0.8563,0,0,Ready,0,9,10.0502,3.6147,0.4964,0,Perfect,,2.3127,-12.35,-1.95,11.2,0
2383,PlayerServeHold,None,1,-0.0117,52,0.0923,2.535,-16.75,2.4004,0.695,-12.05,0,Run,0,9,Drive,95.1858,91.8843,2.5053,0.8083,-12.5687,2.0104,0,0,Ready,0,9,10.3515,3.4069,0.1802,0,Perfect,,2.3204,-12.35,-1.95,11.2,0
2384,PlayerServeHold,None,1,-0.0117,52,0.1024,2.535,-16.75,2.4039,0.695,-12.05,0,Run,0,9,Drive,96.3762,92.2328,2.5331,0.8117,-12.5416,0.6014,0,0,Ready,0,9,10.8625,3.5757,0.4284,0,Perfect,,2.3239,-12.35,-1.95,11.2,0
2385,PlayerServeHold,None,1,-0.0117,52,0.1122,2.535,-16.75,2.4103,0.695,-12.05,0,Run,0,9,Drive,97.3704,92.6432,2.5609,0.8125,-12.5189,0.6075,0,0,Ready,0,9,11.6199,3.9833,0.7022,0,Perfect,,2.3303,-12.35,-1.95,11.2,0
2386,PlayerServeHold,None,1,-0.0117,52,0.1215,2.535,-16.75,2.4131,0.695,-12.05,0,Run,0,9,Drive,99.0762,93.3109,2.5647,0.8041,-12.52,0.6763,0,0,Ready,0,9,12.7197,4.517,0.7758,0,Perfect,,2.3331,-12.35,-1.95,11.2,0
2387,PlayerServeHold,None,1,-0.0117,52,0.1305,2.535,-16.75,2.4182,0.695,-12.05,0,Run,0,9,Drive,100.5344,93.9751,2.5612,0.7917,-12.5317,0.6218,0,0,Ready,0,9,13.9579,5.1709,0.7582,0,Perfect,,2.3382,-12.35,-1.95,11.2,0
2388,PlayerServeHold,None,1,-0.0117,52,0.1389,2.535,-16.75,2.4204,0.695,-12.05,0,Run,0,9,Drive,102.5488,94.9146,2.5852,0.7891,-12.5091,0.5806,0,0,Ready,0,9,15.2128,5.8913,0.659,0,Perfect,,2.3404,-12.35,-1.95,11.2,0
2389,PlayerServeHold,None,1,-0.0117,52,0.147,2.535,-16.75,2.4242,0.695,-12.05,0,Run,0,9,Drive,104.0682,95.8267,2.6057,0.7876,-12.5171,0.5017,0,0,Ready,0,9,16.3573,6.7178,0.5545,0,Perfect,,2.3442,-12.35,-1.95,11.2,0
2390,PlayerServeHold,None,1,-0.0117,52,0.1546,2.535,-16.75,2.3886,0.695,-12.0425,0,Run,0,9,Drive,98.9353,90.1675,2.6036,0.7769,-12.4516,1.0932,0,0,Ready,0,9,17.2239,7.6991,0.4196,0,Perfect,,2.3458,-12.35,-1.95,11.2,0
2391,PlayerServeHold,None,1,-0.0117,52,0.1618,2.535,-16.75,2.3534,0.695,-12.0396,0,Run,0,9,Drive,93.0772,84.4245,2.5885,0.7738,-12.428,1.0577,0,0,Ready,0,9,17.8358,8.7486,0.2838,0,Perfect,,2.3483,-12.35,-1.95,11.2,0
2392,PlayerServeHold,None,1,-0.0117,52,0.1686,2.535,-16.75,2.3168,0.695,-12.0413,0,Run,0,9,Drive,87.1128,78.8895,2.5931,0.772,-12.3914,1.2055,0,0,Ready,0,9,18.1128,9.8315,0.0335,0,Perfect,,2.3496,-12.35,-1.95,11.2,0
2393,PlayerServeHold,None,1,-0.0117,52,0.1748,2.535,-16.75,2.2798,0.695,-12.0476,0,Run,0,9,Drive,80.2026,72.9156,2.601,0.7693,-12.3601,1.2965,0,0,Ready,0,9,18.2026,10.8488,0.0769,0,Perfect,,2.35,-12.35,-1.95,11.2,0
2394,PlayerServeHold,None,1,-0.0117,52,0.1806,2.535,-16.75,2.2435,0.695,-12.0584,0,Serve prepare 0.00,0,9,Drive,82.1179,71.4186,2.5888,0.7659,-12.375,0,0.2083,0.1667,Ready,0,9,18.175,11.709,0.0326,0,Perfect,,2.35,-12.35,-1.95,11.2,0
2395,PlayerServeHold,None,1,-0.0117,52,0.1859,2.535,-16.75,2.2087,0.695,-12.0735,0,Serve prepare 0.00,0,9,Drive,84.7627,69.9314,2.5499,0.7631,-12.3558,0,0.4167,0.3333,Ready,0,9,18.1638,12.3694,0.0493,0,Perfect,,2.35,-12.35,-1.95,11.2,0
2396,PlayerServeHold,None,1,-0.0117,52,0.1909,2.535,-16.75,2.1761,0.695,-12.0928,0,Serve prepare 0.00,0,9,Drive,88.15,68.4259,2.5277,0.7621,-12.3626,0,0.625,0.5,Ready,0,9,18.366,12.7143,0.0395,0,Perfect,,2.35,-12.35,-1.95,11.2,0
2397,PlayerServeHold,None,1,-0.0117,52,0.1954,2.535,-16.75,2.146,0.695,-12.1159,0,Serve prepare 0.00,0,9,Drive,91.9703,67.0019,2.5122,0.7595,-12.3718,0,0.8333,0.6667,Ready,0,9,18.6363,12.8841,0.0402,0,Perfect,,2.35,-12.35,-1.95,11.2,0
2398,PlayerServeHold,None,1,-0.0117,52,0.1996,2.535,-16.75,2.119,0.695,-12.1425,0,Serve prepare 0.00,0,9,Drive,95.9719,66.499,2.5087,0.757,-12.3846,0,1,0.8333,Ready,0,9,18.9377,12.9828,0.0175,0,Perfect,,2.35,-12.35,-1.95,11.2,0
2399,PlayerServeHold,None,1,-0.0117,52,0.2035,2.535,-16.75,2.0955,0.695,-12.1722,0,Serve prepare 0.00,0,9,Drive,99.8569,68.9311,2.5174,0.762,-12.4151,0,1,1,Ready,0,9,19.1557,12.9854,0.0837,0,Perfect,,2.35,-12.35,-1.95,11.2,0
2400,PlayerServeHold,None,1,-0.0117,52,0.2071,2.535,-16.75,2.0757,0.695,-12.2046,0,Serve prepare 0.00,0,9,Drive,102.9832,70.6143,2.5473,0.764,-12.4617,0,1,1,Ready,0,9,19.173,12.9064,0.2344,0,Perfect,,2.35,-12.35,-1.95,11.2,0
2401,PlayerServeHold,None,1,-0.0117,52,0.2104,2.535,-16.75,2.06,0.695,-12.2391,0,Serve prepare 0.00,0,9,Drive,105.6267,71.4511,2.543,0.7619,-12.4671,0,1,1,Ready,0,9,18.9807,12.7307,0.1348,0,Perfect,,2.35,-12.35,-1.95,11.2,0
2402,PlayerServeHold,None,1,-0.0117,52,0.2134,2.535,-16.75,2.5046,0.875,-11.9843,0,Serve prepare 0.00,0,9,Drive,108.7029,72.3287,2.5696,0.7557,-12.4763,0,1,1,Ready,0,9,18.4894,12.4494,0.1478,0,Perfect,,2.35,-12.35,-1.95,11.2,0
2403,PlayerServeHold,None,1,-0.0117,52,0.2162,2.535,-16.75,2.4917,0.875,-11.9792,0,Serve prepare 0.00,0,9,Drive,113.1033,75.1985,2.6015,0.7476,-12.5044,0,1,1,Ready,0,9,17.8306,12.0613,0.2501,0,Perfect,,2.35,-12.35,-1.95,11.2,0
2404,PlayerServeHold,None,1,-0.0117,52,0.2188,2.535,-16.75,2.4787,0.875,-11.9745,0,Serve prepare 0.00,0,9,Drive,111.1941,73.3287,2.6061,0.7472,-12.4967,0,1,1,Ready,0,9,17.0627,11.5419,0.5275,0,Perfect,,2.35,-12.35,-1.95,11.2,0
2405,PlayerServeHold,None,1,-0.0117,52,0.2212,2.535,-16.75,2.4655,0.875,-11.9702,0,Serve prepare 0.00,0,9,Drive,109.286,71.4651,2.6105,0.7468,-12.489,0,1,1,Ready,0,9,16.2995,10.955,0.4972,0,Perfect,,2.35,-12.35,-1.95,11.2,0
2406,PlayerServeHold,None,1,-0.0117,52,0.2234,2.535,-16.75,2.4522,0.8644,-11.9664,0,Serve prepare 0.00,0,9,Drive,107.3771,69.601,2.6147,0.7464,-12.4811,0,1,1,Ready,0,9,15.6614,10.3237,0.2117,0,Perfect,,2.35,-12.35,-1.95,11.2,0
2407,PlayerServeHold,None,1,-0.0117,52,0.2255,2.535,-16.75,2.4387,0.8422,-11.9631,0,Serve prepare 0.00,0,9,Drive,105.469,67.7385,2.6186,0.746,-12.4731,0,1,1,Ready,0,9,15.1686,9.7363,0.1825,0,Perfect,,2.35,-12.35,-1.95,11.2,0
2408,PlayerServeHold,None,1,-0.0117,52,0.2274,2.535,-16.75,2.4252,0.8311,-11.9602,0,Serve prepare 0.00,0,9,Drive,103.5616,65.8773,2.6223,0.7456,-12.465,0,1,1,Ready,0,9,14.8917,9.295,0.2317,0,Perfect,,2.35,-12.35,-1.95,11.2,0
2409,PlayerServeHold,None,1,-0.0117,52,0.2291,2.535,-16.75,2.4115,0.8089,-11.9578,0,Serve prepare 0.00,0,9,Drive,101.655,64.0173,2.6256,0.7453,-12.4567,0,1,1,Ready,0,9,14.7922,8.9663,0.2832,0,Perfect,,2.35,-12.35,-1.95,11.2,0
2410,PlayerServeHold,None,1,-0.0117,52,0.2307,2.535,-16.75,2.3978,0.7978,-11.9559,0,Serve prepare 0.00,0,9,Drive,99.7491,62.1581,2.6287,0.7449,-12.4484,0,1,1,Ready,0,9,14.8765,8.7606,0.3478,0,Perfect,,2.35,-12.35,-1.95,11.2,0
2411,PlayerServeHold,None,1,-0.0117,52,0.2322,2.535,-16.75,2.384,0.7429,-11.9545,0,Serve prepare 0.00,0,9,Drive,97.8431,60.3082,2.6315,0.7446,-12.44,0,1,1,Ready,0,9,15.0819,8.6495,0.3063,0,Perfect,,2.35,-12.35,-1.95,11.2,0
2412,PlayerServeHold,None,1,-0.0117,52,0.2336,2.535,-16.75,2.3702,0.7122,-11.9535,0,Serve prepare 0.00,0,9,Drive,95.9351,58.4594,2.6339,0.7443,-12.4315,0,1,1,Ready,0,9,15.3604,8.6311,0.2201,0,Perfect,,2.35,-12.35,-1.95,11.2,0
2413,PlayerServeHold,None,1,-0.0117,52,0.2348,2.535,-16.75,2.3702,0.6487,-11.9535,0,Serve prepare 0.00,0,9,Drive,96.0276,58.6111,2.6334,0.7441,-12.4329,0,1,1,Ready,0,9,15.6826,8.6389,0.1218,0,Perfect,,2.35,-12.35,-1.95,11.2,0
2414,PlayerServeHold,None,1,-0.0117,52,0.236,2.535,-16.75,2.3702,0.616,-11.9535,0,Serve prepare 0.00,0,9,Drive,96.1205,58.7635,2.6435,0.7559,-12.4216,0,1,1,Ready,0,9,16.0046,8.5872,0.2523,0,Perfect,,2.35,-12.35,-1.95,11.2,0
2415,PlayerServeHold,None,1,-0.0117,52,0.2371,2.535,-16.75,2.3702,0.5485,-11.9535,0,Serve prepare 0.00,0,9,Drive,96.2136,58.9162,2.6429,0.7556,-12.423,0,1,1,Ready,0,9,16.33,8.5442,0.4224,0,Perfect,,2.35,-12.35,-1.95,11.2,0
2416,PlayerServeHold,None,1,-0.0117,52,0.2381,2.535,-16.75,2.3702,0.5137,-11.9535,0,Serve prepare 0.00,0,9,Drive,96.3071,59.0687,2.6422,0.7554,-12.4244,0,1,1,Ready,0,9,16.6424,8.5568,0.6229,0,Perfect,,2.35,-12.35,-1.95,11.2,0
2417,PlayerServeHold,None,1,-0.0117,52,0.239,2.535,-16.75,2.3702,0.4421,-11.9535,0,Serve prepare 0.00,0,9,Drive,96.4001,59.2245,2.6416,0.7551,-12.4258,0,1,1,Ready,0,9,16.9598,8.5969,0.5226,0,Perfect,,2.35,-12.35,-1.95,11.2,0
2418,PlayerServeHold,None,1,-0.0117,52,0.2398,2.535,-16.75,2.3702,0.4052,-11.9535,0,Serve prepare 0.00,0,9,Drive,96.4914,59.3779,2.6409,0.7549,-12.4272,0,1,1,Ready,0,9,17.3059,8.6258,0.1848,0,Perfect,,2.35,-12.35,-1.95,11.2,0
2419,PlayerServeHold,None,1,-0.0117,52,0.2406,2.535,-16.75,2.3702,0.3295,-11.9535,0,Serve prepare 0.00,0,9,Drive,96.5827,59.5316,2.6402,0.7547,-12.4285,0,1,1,Ready,0,9,17.6435,8.7257,0.0741,0,Perfect,,2.35,-12.35,-1.95,11.2,0
2420,PlayerServeHold,None,1,-0.0117,52,0.2413,2.535,-16.75,2.3702,0.2906,-11.9535,0,Serve prepare 0.00,0,9,Drive,96.6735,59.6855,2.6396,0.7544,-12.4299,0,1,1,Ready,0,9,17.9525,8.9969,0.2407,0,Perfect,,2.35,-12.35,-1.95,11.2,0
2421,PlayerServeHold,None,1,-0.0117,52,0.242,2.535,-16.75,2.3702,0.2109,-11.9535,0,Serve prepare 0.00,0,9,Drive,96.7637,59.8396,2.6389,0.7541,-12.4313,0,1,1,Ready,0,9,18.2116,9.3345,0.229,0,Perfect,,2.35,-12.35,-1.95,11.2,0
2422,PlayerServeHold,None,1,-0.0117,52,0.2426,2.535,-16.75,2.3702,0.1699,-11.9535,0,Serve prepare 0.00,0,9,Drive,96.8533,59.993,2.6383,0.7538,-12.4327,0,1,1,Ready,0,9,18.3894,9.6613,0.0475,0,Perfect,,2.35,-12.35,-1.95,11.2,0
2423,PlayerServeHold,None,1,-0.0117,52,0.2432,2.535,-16.75,2.3702,0.1685,-11.9535,0,Serve prepare 0.00,0,9,Drive,96.9417,60.1431,2.6377,0.7535,-12.4341,0,1,1,Ready,0,9,18.5013,10.0073,0.1314,0,Perfect,,2.35,-12.35,-1.95,11.2,0
2424,PlayerServeHold,None,1,-0.0117,52,0.2437,2.535,-16.75,2.3702,0.1966,-11.9535,0,Serve prepare 0.00,0,9,Drive,97.0283,60.2876,2.6372,0.7552,-12.4355,0,1,1,Ready,0,9,18.5419,10.4056,0.1332,0,Perfect,,2.35,-12.35,-1.95,11.2,0
2425,PlayerServeHold,None,1,-0.0117,52,0.2442,2.535,-16.75,2.3702,0.2509,-11.9535,0,Serve prepare 0.00,0,9,Drive,97.1143,60.4321,2.6367,0.7549,-12.4369,0,1,1,Ready,0,9,18.5404,10.7659,0.1101,0,Perfect,,2.35,-12.35,-1.95,11.2,0
2426,PlayerServeHold,None,1,-0.0117,52,0.2446,2.535,-16.75,2.3702,0.277,-11.9535,0,Serve prepare 0.00,0,9,Drive,97.1996,60.5763,2.6362,0.7547,-12.4383,0,1,1,Ready,0,9,18.511,10.9974,0.0308,0,Perfect,,2.35,-12.35,-1.95,11.2,0
2427,PlayerServeHold,None,1,-0.0117,52,0.245,2.535,-16.75,2.3702,0.3272,-11.9535,0,Serve prepare 0.00,0,9,Drive,97.2841,60.7201,2.6358,0.7543,-12.4397,0,1,1,Ready,0,9,18.4889,11.1485,0.0129,0,Perfect,,2.35,-12.35,-1.95,11.2,0
2428,PlayerServeHold,None,1,-0.0117,52,0.2454,2.535,-16.75,2.3702,0.3512,-11.9535,0,Serve prepare 0.00,0,9,Drive,97.3678,60.8625,2.6353,0.754,-12.4411,0,1,1,Ready,0,9,18.5303,11.2405,0.0148,0,Perfect,,2.35,-12.35,-1.95,11.2,0
2429,PlayerServeHold,None,1,-0.0117,52,0.2458,2.535,-16.75,2.3702,0.3973,-11.9535,0,Serve prepare 0.00,0,9,Drive,97.4521,61.0029,2.6349,0.7537,-12.4424,0,1,1,Ready,0,9,18.5792,11.2594,0.0132,0,Perfect,,2.35,-12.35,-1.95,11.2,0
2430,PlayerServeHold,None,1,-0.0117,52,0.2461,2.535,-16.75,2.3702,0.4194,-11.9535,0,Serve prepare 0.00,0,9,Drive,97.5346,61.1422,2.6344,0.7534,-12.4438,0,1,1,Ready,0,9,18.6069,11.1861,0.0152,0,Perfect,,2.35,-12.35,-1.95,11.2,0
2431,PlayerServeHold,None,1,-0.0117,52,0.2464,2.535,-16.75,2.3702,0.4614,-11.9535,0,Serve prepare 0.00,0,9,Drive,97.6155,61.2788,2.634,0.7531,-12.4451,0,1,1,Ready,0,9,18.5948,11.0594,0.0161,0,Perfect,,2.35,-12.35,-1.95,11.2,0
2432,PlayerServeHold,None,1,-0.0117,52,0.2467,2.535,-16.75,2.3702,0.4813,-11.9535,0,Serve prepare 0.00,0,9,Drive,97.695,61.4131,2.6335,0.7528,-12.4463,0,1,1,Ready,0,9,18.498,10.904,0.0062,0,Perfect,,2.35,-12.35,-1.95,11.2,0
2433,PlayerServeHold,None,1,-0.0117,52,0.2469,2.535,-16.75,2.3702,0.5192,-11.9535,0,Serve prepare 0.00,0,9,Drive,97.773,61.5451,2.6331,0.7525,-12.4476,0,1,1,Ready,0,9,18.3723,10.7367,0.0057,0,Perfect,,2.35,-12.35,-1.95,11.2,0
2434,PlayerServeHold,None,1,-0.0117,52,0.2472,2.535,-16.75,2.3702,0.5372,-11.9535,0,Serve prepare 0.00,0,9,Drive,97.8495,61.6745,2.6326,0.7522,-12.4488,0,1,1,Ready,0,9,18.2461,10.5805,0.0121,0,Perfect,,2.35,-12.35,-1.95,11.2,0
2435,PlayerServeHold,None,1,-0.0117,52,0.2474,2.535,-16.75,2.3702,0.571,-11.9535,0,Serve prepare 0.00,0,9,Drive,97.9243,61.8006,2.6322,0.7519,-12.4499,0,1,1,Ready,0,9,18.1503,10.4368,0.0152,0,Perfect,,2.35,-12.35,-1.95,11.2,0
2436,PlayerServeHold,None,1,-0.0117,52,0.2476,2.535,-16.75,2.3702,0.5869,-11.9535,0,Serve prepare 0.00,0,9,Drive,98.0018,61.9202,2.6317,0.7517,-12.451,0,1,1,Ready,0,9,18.11,10.3069,0.0201,0,Perfect,,2.35,-12.35,-1.95,11.2,0
2437,PlayerServeHold,None,1,-0.0117,52,0.2478,2.535,-16.75,2.3702,0.6166,-11.9535,0,Serve prepare 0.00,0,9,Drive,98.0775,62.0437,2.6312,0.7514,-12.4521,0,1,1,Ready,0,9,18.1663,10.213,0.0133,0,Perfect,,2.35,-12.35,-1.95,11.2,0
2438,PlayerServeHold,None,1,-0.0117,52,0.2479,2.535,-16.75,2.3702,0.6305,-11.9535,0,Serve prepare 0.00,0,9,Drive,98.1511,62.1641,2.6306,0.7512,-12.4531,0,1,1,Ready,0,9,18.4073,10.1855,0.0121,0,Perfect,,2.35,-12.35,-1.95,11.2,0
2439,PlayerServeHold,None,1,-0.0117,52,0.2481,2.535,-16.75,2.3702,0.6561,-11.9535,0,Serve prepare 0.00,0,9,Drive,98.2229,62.281,2.6299,0.7508,-12.4541,0,1,1,Ready,0,9,18.7064,10.1981,0.0173,0,Perfect,,2.35,-12.35,-1.95,11.2,0
2440,PlayerServeHold,None,1,-0.0117,52,0.2482,2.535,-16.75,2.3702,0.6679,-11.9535,0,Serve prepare 0.00,0,9,Drive,98.2925,62.3942,2.6292,0.7505,-12.4552,0,1,1,Ready,0,9,18.966,10.2315,0.0093,0,Perfect,,2.35,-12.35,-1.95,11.2,0
2441,PlayerServeHold,None,1,-0.0117,52,0.2484,2.535,-16.75,2.3702,0.6895,-11.9535,0,Serve prepare 0.00,0,9,Drive,98.3601,62.5041,2.6285,0.7502,-12.4562,0,1,1,Ready,0,9,19.2031,10.2987,0.0074,0,Perfect,,2.35,-12.35,-1.95,11.2,0
2442,PlayerServeHold,None,1,-0.0117,52,0.2485,2.535,-16.75,2.3702,0.6992,-11.9535,0,Serve prepare 0.00,0,9,Drive,98.4255,62.6105,2.6278,0.7498,-12.4572,0,1,1,Ready,0,9,19.3897,10.4027,0.0166,0,Perfect,,2.35,-12.35,-1.95,11.2,0
2443,PlayerServeHold,None,1,-0.0117,52,0.2486,2.535,-16.75,2.3702,0.7167,-11.9535,0,Serve prepare 0.00,0,9,Drive,98.4887,62.7133,2.6272,0.7495,-12.4582,0,1,1,Ready,0,9,19.5646,10.553,0.018,0,Perfect,,2.35,-12.35,-1.95,11.2,0
2444,PlayerServeHold,None,1,-0.0117,52,0.2487,2.535,-16.75,2.3702,0.7244,-11.9535,0,Serve prepare 0.00,0,9,Drive,98.5498,62.8119,2.6266,0.7491,-12.4592,0,1,1,Ready,0,9,19.7555,10.7682,0.0116,0,Perfect,,2.35,-12.35,-1.95,11.2,0
2445,PlayerServeHold,None,1,-0.0117,52,0.2488,2.535,-16.75,2.3702,0.7378,-11.9535,0,Serve prepare 0.00,0,9,Drive,98.6089,62.9088,2.6261,0.7488,-12.4602,0,1,1,Ready,0,9,19.9633,11.0231,0.0098,0,Perfect,,2.35,-12.35,-1.95,11.2,0
2446,PlayerServeHold,None,1,-0.0117,52,0.2489,2.535,-16.75,2.3702,0.7435,-11.9535,0,Serve prepare 0.00,0,9,Drive,98.6655,63.0032,2.6257,0.7484,-12.4611,0,1,1,Ready,0,9,20.206,11.3008,0.0098,0,Perfect,,2.35,-12.35,-1.95,11.2,0
2447,PlayerServeHold,None,1,-0.0117,52,0.249,2.535,-16.75,2.3702,0.7528,-11.9535,0,Serve prepare 0.00,0,9,Drive,98.7196,63.0925,2.6254,0.7482,-12.4621,0,1,1,Ready,0,9,20.4591,11.5984,0.0096,0,Perfect,,2.35,-12.35,-1.95,11.2,0
2448,PlayerServeHold,None,1,-0.0117,52,0.2491,2.535,-16.75,2.3702,0.7564,-11.9535,0,Serve prepare 0.00,0,9,Drive,98.7712,63.178,2.6251,0.7479,-12.4629,0,1,1,Ready,0,9,20.749,11.9311,0.0057,0,Perfect,,2.35,-12.35,-1.95,11.2,0
2449,PlayerServeHold,None,1,-0.0117,52,0.2491,2.535,-16.75,2.3702,0.7616,-11.9535,0,Serve prepare 0.00,0,9,Drive,98.8203,63.2597,2.6249,0.7477,-12.4638,0,1,1,Ready,0,9,20.9425,12.2276,0.008,0,Perfect,,2.35,-12.35,-1.95,11.2,0
2450,PlayerServeHold,None,1,-0.0117,52,0.2492,2.535,-16.75,2.3702,0.7632,-11.9535,0,Serve prepare 0.00,0,9,Drive,98.8669,63.3374,2.6248,0.7475,-12.4646,0,1,1,Ready,0,9,20.9204,12.4252,0.0117,0,Perfect,,2.35,-12.35,-1.95,11.2,0
2451,PlayerServeHold,None,1,-0.0117,52,0.2493,2.535,-16.75,2.3702,0.7644,-11.9535,0,Serve prepare 0.00,0,9,Drive,98.9109,63.4111,2.6247,0.7473,-12.4653,0,1,1,Ready,0,9,20.6866,12.524,0.0136,0,Perfect,,2.35,-12.35,-1.95,11.2,0
2452,PlayerServeHold,None,1,-0.0117,52,0.2493,2.535,-16.75,2.3702,0.7653,-11.9535,0,Serve prepare 0.00,0,9,Drive,98.9523,63.4806,2.6246,0.7472,-12.466,0,1,1,Ready,0,9,20.1766,12.5109,0.0178,0,Perfect,,2.35,-12.35,-1.95,11.2,0
2453,PlayerServeHold,None,1,-0.0117,52,0.2494,2.535,-16.75,2.3702,0.7708,-11.9535,0,Serve prepare 0.00,0,9,Drive,98.991,63.546,2.6246,0.7471,-12.4666,0,1,1,Ready,0,9,19.4811,12.3642,0.0151,0,Perfect,,2.35,-12.35,-1.95,11.2,0
2454,PlayerServeHold,None,1,-0.0117,52,0.2494,2.535,-16.75,2.3702,0.7751,-11.9535,0,Serve prepare 0.00,0,9,Drive,99.0271,63.607,2.6246,0.7471,-12.4671,0,1,1,Ready,0,9,18.6394,12.05,0.0031,0,Perfect,,2.35,-12.35,-1.95,11.2,0
2455,PlayerServeHold,None,1,-0.0117,52,0.2495,2.535,-16.75,2.3702,0.7863,-11.9535,0,Serve prepare 0.00,0,9,Drive,99.0604,63.6636,2.6246,0.747,-12.4676,0,1,1,Ready,0,9,17.7314,11.5943,0.0048,0,Perfect,,2.35,-12.35,-1.95,11.2,0
2456,PlayerServeHold,None,1,-0.0117,52,0.2495,2.535,-16.75,2.3702,0.7929,-11.9535,0,Serve prepare 0.00,0,9,Drive,99.091,63.7158,2.6247,0.747,-12.468,0,1,1,Ready,0,9,16.8169,11.0079,0.0177,0,Perfect,,2.35,-12.35,-1.95,11.2,0
2457,PlayerServeHold,None,1,-0.0117,52,0.2496,2.535,-16.75,2.3702,0.8073,-11.9535,0,Serve prepare 0.00,0,9,Drive,99.1188,63.7634,2.6248,0.747,-12.4684,0,1,1,Ready,0,9,15.9822,10.2991,0.2052,0,Perfect,,2.35,-12.35,-1.95,11.2,0
2458,PlayerServeHold,None,1,-0.0117,52,0.2496,2.535,-16.75,2.3702,0.8149,-11.9535,0,Serve prepare 0.00,0,9,Drive,99.1427,63.8072,2.6248,0.7471,-12.4687,0,1,1,Ready,0,9,15.3502,9.4642,0.2918,0,Perfect,,2.35,-12.35,-1.95,11.2,0
2459,PlayerServeHold,None,1,-0.0117,52,0.2496,2.535,-16.75,2.3702,0.8302,-11.9535,0,Serve prepare 0.00,0,9,Drive,99.1639,63.8462,2.6249,0.7471,-12.469,0,1,1,Ready,0,9,14.8543,8.5487,0.3007,0,Perfect,,2.35,-12.35,-1.95,11.2,0
2460,PlayerServeHold,None,1,-0.0117,52,0.2496,2.535,-16.75,2.3702,0.8376,-11.9535,0,Serve prepare 0.00,0,9,Drive,99.1823,63.8806,2.625,0.7471,-12.4692,0,1,1,Ready,0,9,14.475,7.5871,0.2944,0,Perfect,,2.35,-12.35,-1.95,11.2,0
2461,PlayerServeHold,None,1,-0.0117,52,0.2497,2.535,-16.75,2.3702,0.8515,-11.9535,0,Serve prepare 0.00,0,9,Drive,99.1981,63.9107,2.6251,0.7472,-12.4694,0,1,1,Ready,0,9,14.2001,6.6032,0.1598,0,Perfect,,2.35,-12.35,-1.95,11.2,0
2462,PlayerServeHold,None,1,-0.0117,52,0.2497,2.535,-16.75,2.3702,0.8576,-11.9535,0,Serve prepare 0.00,0,9,Drive,99.211,63.9355,2.6251,0.7472,-12.4696,0,1,1,Ready,0,9,14.0303,5.6211,0.1549,0,Perfect,,2.35,-12.35,-1.95,11.2,0
2463,PlayerServeHold,None,1,-0.0117,52,0.2497,2.535,-16.75,2.3702,0.8675,-11.9535,0,Serve prepare 0.00,0,9,Drive,99.2213,63.9552,2.6252,0.7472,-12.4697,0,1,1,Ready,0,9,13.9083,4.6707,0.2888,0,Perfect,,2.35,-12.35,-1.95,11.2,0
2464,PlayerServeHold,None,1,-0.0117,52,0.2497,2.535,-16.75,2.3702,0.8711,-11.9535,0,Serve prepare 0.00,0,9,Drive,99.2288,63.9697,2.6252,0.7473,-12.4698,0,1,1,Ready,0,9,13.7776,3.7911,0.3516,0,Perfect,,2.35,-12.35,-1.95,11.2,0
2465,PlayerServeHold,None,1,-0.0117,52,0.2498,2.535,-16.75,2.3702,0.8749,-11.9535,0,Serve prepare 0.00,0,9,Drive,99.2335,63.9787,2.6252,0.7473,-12.4699,0,1,1,Ready,0,9,13.6459,2.9752,0.3127,0,Perfect,,2.35,-12.35,-1.95,11.2,0
2466,PlayerServeHold,None,1,-0.0117,52,0.2498,2.535,-16.75,2.3702,0.8686,-11.9535,0,Serve prepare 0.00,0,9,Drive,99.2355,63.9825,2.6253,0.7473,-12.4699,0,1,1,Ready,0,9,13.4988,2.2466,0.1048,0,Perfect,,2.35,-12.35,-1.95,11.2,0
2467,PlayerServeHold,None,1,-0.0117,52,0.2498,2.535,-16.75,2.3702,0.8464,-11.9535,0,Serve prepare 0.00,0,9,Drive,99.2347,63.981,2.6253,0.7473,-12.4699,0,1,1,Ready,0,9,13.343,1.5558,0.0424,0,Perfect,,2.35,-12.35,-1.95,11.2,0
2468,PlayerServeHold,None,1,-0.0117,52,0.2498,2.535,-16.75,2.3702,0.8353,-11.9535,0,Serve prepare 0.00,0,9,Drive,99.2311,63.9741,2.6252,0.7473,-12.4698,0,1,1,Ready,0,9,12.9097,1.3353,0.2462,0,Perfect,,2.35,-12.35,-1.95,11.2,0
2469,PlayerServeHold,None,1,-0.0117,52,0.2498,2.535,-16.75,2.3702,0.8131,-11.9535,0,Serve prepare 0.00,0,9,Drive,99.2248,63.962,2.6252,0.7472,-12.4698,0,1,1,Ready,0,9,12.2731,1.0076,0.1556,0,Perfect,,2.35,-12.35,-1.95,11.2,0
2470,PlayerServeHold,None,1,-0.0117,52,0.2498,2.535,-16.75,2.3702,0.8019,-11.9535,0,Serve prepare 0.00,0,9,Drive,99.2157,63.9445,2.6251,0.7472,-12.4697,0,1,1,Ready,0,9,11.0911,0.3938,0.1661,0,Perfect,,2.35,-12.35,-1.95,11.2,0
2471,PlayerServeHold,None,1,-0.0117,52,0.2499,2.535,-16.75,2.3702,0.7542,-11.9535,0,Serve prepare 0.00,0,9,Drive,99.2039,63.9219,2.6251,0.7472,-12.4695,0,1,1,Ready,0,9,9.6289,-0.3703,0.261,0,Perfect,,2.35,-12.35,-1.95,11.2,0
2472,PlayerServeHold,None,1,-0.0117,52,0.2499,2.535,-16.75,2.3702,0.7238,-11.9535,0,Serve prepare 0.00,0,9,Drive,99.1893,63.894,2.625,0.7471,-12.4693,0,1,1,Ready,0,9,7.9235,-1.2385,0.2273,0,Perfect,,2.35,-12.35,-1.95,11.2,0
2473,PlayerServeHold,None,1,-0.0117,52,0.2499,2.535,-16.75,2.3702,0.6609,-11.9535,0,Serve prepare 0.00,0,9,Drive,99.172,63.8613,2.6249,0.7471,-12.4691,0,1,1,Ready,0,9,6.2946,-2.1345,0.1969,0,Perfect,,2.35,-12.35,-1.95,11.2,0
2474,PlayerServeHold,None,1,-0.0117,52,0.2499,2.535,-16.75,2.3702,0.6284,-11.9535,0,Serve prepare 0.00,0,9,Drive,99.152,63.8243,2.6249,0.7471,-12.4689,0,1,1,Ready,0,9,5.0543,-3.0289,0.1171,0,Perfect,,2.35,-12.35,-1.95,11.2,0
2475,PlayerServeHold,None,1,-0.0117,52,0.2499,2.535,-16.75,2.3702,0.5614,-11.9535,0,Serve prepare 0.00,0,9,Drive,99.1293,63.7825,2.6248,0.747,-12.4686,0,1,1,Ready,0,9,4.2102,-3.745,0.1364,0,Perfect,,2.35,-12.35,-1.95,11.2,0
2476,PlayerServeHold,None,1,-0.0117,52,0.2499,2.535,-16.75,2.3702,0.5268,-11.9535,0,Serve prepare 0.00,0,9,Drive,99.1031,63.7366,2.6247,0.747,-12.4682,0,1,1,Ready,0,9,3.9395,-4.1121,0.2226,0,Perfect,,2.35,-12.35,-1.95,11.2,0
2477,PlayerServeHold,None,1,-0.0117,52,0.2499,2.535,-16.75,2.3702,0.4557,-11.9535,0,Serve prepare 0.00,0,9,Drive,99.0737,63.6863,2.6247,0.747,-12.4678,0,1,1,Ready,0,9,4.0307,-4.1075,0.2767,0,Perfect,,2.35,-12.35,-1.95,11.2,0
2478,PlayerServeHold,None,1,-0.0117,52,0.2499,2.535,-16.75,2.3702,0.4191,-11.9535,0,Serve prepare 0.00,0,9,Drive,99.0416,63.6316,2.6246,0.7471,-12.4673,0,1,1,Ready,0,9,4.3887,-3.5948,0.3455,0,Perfect,,2.35,-12.35,-1.95,11.2,0
2479,PlayerServeHold,None,1,-0.0117,52,0.2499,2.535,-16.75,2.3702,0.3439,-11.9535,0,Serve prepare 0.00,0,9,Drive,99.0066,63.5724,2.6246,0.7471,-12.4668,0,1,1,Ready,0,9,4.8666,-2.7557,0.2673,0,Perfect,,2.35,-12.35,-1.95,11.2,0
2480,PlayerServeHold,None,1,-0.0117,52,0.2499,2.535,-16.75,2.3702,0.3053,-11.9535,0,Serve prepare 0.00,0,9,Drive,98.9691,63.5089,2.6246,0.7472,-12.4662,0,1,1,Ready,0,9,5.2831,-1.6646,0.1639,0,Perfect,,2.35,-12.35,-1.95,11.2,0
2481,PlayerServeHold,None,1,-0.0117,52,0.2499,2.535,-16.75,2.3702,0.226,-11.9535,0,Serve prepare 0.00,0,9,Drive,98.9288,63.4411,2.6246,0.7473,-12.4656,0,1,1,Ready,0,9,5.6727,-0.489,0,0,Perfect,,2.35,-12.35,-1.95,11.2,0
2482,PlayerServeHold,None,1,-0.0117,52,0.2499,2.535,-16.75,2.3702,0.1854,-11.9535,0,Serve prepare 0.00,0,9,Drive,98.8859,63.3692,2.6247,0.7474,-12.4649,0,1,1,Ready,0,9,6.0095,0.5957,0,0,Perfect,,2.35,-12.35,-1.95,11.2,0
2483,PlayerServeHold,None,1,-0.0117,52,0.2499,2.535,-16.75,2.3702,0.1577,-11.9535,0,Serve prepare 0.00,0,9,Drive,98.8404,63.2932,2.6248,0.7476,-12.4641,0,1,1,Ready,0,9,6.2962,1.5627,0,0,Perfect,,2.35,-12.35,-1.95,11.2,0
2484,PlayerServeHold,None,1,-0.0117,52,0.2499,2.535,-16.75,2.3702,0.1861,-11.9535,0,Serve prepare 0.00,0,9,Drive,98.7923,63.2132,2.625,0.7478,-12.4633,0,1,1,Ready,0,9,6.5266,2.3216,0,0,Perfect,,2.35,-12.35,-1.95,11.2,0
2485,PlayerServeHold,None,1,-0.0117,52,0.25,2.535,-16.75,2.3702,0.2409,-11.9535,0,Serve prepare 0.00,0,9,Drive,98.7418,63.1293,2.6252,0.748,-12.4624,0,1,1,Ready,0,9,6.7016,2.9007,0,0,Perfect,,2.35,-12.35,-1.95,11.2,0
2486,PlayerServeHold,None,1,-0.0117,52,0.25,2.535,-16.75,2.3702,0.2673,-11.9535,0,Serve prepare 0.00,0,9,Drive,98.6888,63.0416,2.6256,0.7483,-12.4615,0,1,1,Ready,0,9,6.8356,3.2903,0,0,Perfect,,2.35,-12.35,-1.95,11.2,0
2487,PlayerServeHold,None,1,-0.0117,52,0.25,2.535,-16.75,2.3702,0.318,-11.9535,0,Serve prepare 0.00,0,9,Drive,98.6333,62.9499,2.6259,0.7486,-12.4606,0,1,1,Ready,0,9,6.8778,3.5154,0,0,Perfect,,2.35,-12.35,-1.95,11.2,0
2488,PlayerServeHold,None,1,-0.0117,52,0.25,2.535,-16.75,2.3702,0.3423,-11.9535,0,Serve prepare 0.00,0,9,Drive,98.5752,62.8525,2.6264,0.749,-12.4596,0,1,1,Ready,0,9,6.7251,3.5902,0.4368,0,Perfect,,2.35,-12.35,-1.95,11.2,0
2489,PlayerServeHold,None,1,-0.0117,52,0.25,2.535,-16.75,2.3702,0.3889,-11.9535,0,Serve prepare 0.00,0,9,Drive,98.5148,62.7559,2.6269,0.7493,-12.4586,0,1,1,Ready,0,9,6.5539,3.5363,0.1906,0,Perfect,,2.35,-12.35,-1.95,11.2,0
2490,PlayerServeHold,None,1,-0.0117,52,0.25,2.535,-16.75,2.3702,0.4112,-11.9535,0,Serve prepare 0.00,0,9,Drive,98.4526,62.6546,2.6275,0.7497,-12.4576,0,1,1,Ready,0,9,6.5278,3.3015,0.5612,0,Perfect,,2.35,-12.35,-1.95,11.2,0
2491,PlayerServeHold,None,1,-0.0117,52,0.25,2.535,-16.75,2.3702,0.4537,-11.9535,0,Serve prepare 0.00,0,9,Drive,98.3881,62.5497,2.6282,0.75,-12.4566,0,1,1,Ready,0,9,6.5669,3.1237,0.7277,0,Perfect,,2.35,-12.35,-1.95,11.2,0
2492,PlayerServeHold,None,1,-0.0117,52,0.25,2.535,-16.75,2.3702,0.4739,-11.9535,0,Serve prepare 0.00,0,9,Drive,98.3215,62.4414,2.6289,0.7504,-12.4556,0,1,1,Ready,0,9,6.634,3.2345,0.6199,0,Perfect,,2.35,-12.35,-1.95,11.2,0
2493,PlayerServeHold,None,1,-0.0117,52,0.25,2.535,-16.75,2.3702,0.5123,-11.9535,0,Serve prepare 0.00,0,9,Drive,98.2527,62.3295,2.6296,0.7507,-12.4546,0,1,1,Ready,0,9,6.7674,3.5634,0.4818,0,Perfect,,2.35,-12.35,-1.95,11.2,0
2494,PlayerServeHold,None,1,-0.0117,52,0.25,2.535,-16.75,2.3702,0.5305,-11.9535,0,Serve prepare 0.00,0,9,Drive,98.1819,62.2142,2.6303,0.751,-12.4536,0,1,1,Ready,0,9,6.9785,4.1297,0.3448,0,Perfect,,2.35,-12.35,-1.95,11.2,0
2495,PlayerServeHold,None,1,-0.0117,52,0.25,2.535,-16.75,2.3702,0.5649,-11.9535,0,Serve prepare 0.00,0,9,Drive,98.109,62.0952,2.6309,0.7513,-12.4525,0,1,1,Ready,0,9,7.3022,4.8964,0.2575,0,Perfect,,2.35,-12.35,-1.95,11.2,0
2496,PlayerServeHold,None,1,-0.0117,52,0.25,2.535,-16.75,2.3702,0.581,-11.9535,0,Serve prepare 0.00,0,9,Drive,98.0343,61.9729,2.6315,0.7516,-12.4515,0,1,1,Ready,0,9,7.7356,5.8922,0.1005,0,Perfect,,2.35,-12.35,-1.95,11.2,0
2497,PlayerServeHold,None,1,-0.0117,52,0.25,2.535,-16.75,2.3702,0.6112,-11.9535,0,Serve prepare 0.00,0,9,Drive,97.9575,61.8508,2.632,0.7518,-12.4504,0,1,1,Ready,0,9,8.4051,6.9403,0.1805,0,Perfect,,2.35,-12.35,-1.95,11.2,0
2498,PlayerServeHold,None,1,-0.0117,52,0.25,2.535,-16.75,2.3702,0.6253,-11.9535,0,Serve prepare 0.00,0,9,Drive,97.8814,61.7285,2.6324,0.7521,-12.4493,0,1,1,Ready,0,9,9.5156,7.8584,0.1014,0,Perfect,,2.35,-12.35,-1.95,11.2,0
2499,PlayerServeHold,None,1,-0.0117,52,0.25,2.535,-16.75,2.3702,0.6515,-11.9535,0,Serve prepare 0.00,0,9,Drive,97.8057,61.6004,2.6329,0.7523,-12.4481,0,1,1,Ready,0,9,10.8051,8.7188,0.2465,0,Perfect,,2.35,-12.35,-1.95,11.2,0
2500,PlayerServeHold,None,1,-0.0117,52,0.25,2.535,-16.75,2.3702,0.6636,-11.9535,0,Serve prepare 0.00,0,9,Drive,97.7284,61.4696,2.6333,0.7526,-12.4469,0,1,1,Ready,0,9,12.1741,9.5581,0.4789,0,Perfect,,2.35,-12.35,-1.95,11.2,0
2501,PlayerServeHold,None,1,-0.0117,52,0.25,2.535,-16.75,2.3702,0.6856,-11.9535,0,Serve prepare 0.00,0,9,Drive,97.6495,61.3361,2.6338,0.7529,-12.4456,0,1,1,Ready,0,9,13.3622,10.2972,0.4801,0,Perfect,,2.35,-12.35,-1.95,11.2,0
2502,PlayerServeHold,None,1,-0.0117,52,0.25,2.535,-16.75,2.3702,0.6957,-11.9535,0,Serve prepare 0.00,0,9,Drive,97.5691,61.2004,2.6342,0.7532,-12.4443,0,1,1,Ready,0,9,14.0826,10.9181,0.6004,0,Perfect,,2.35,-12.35,-1.95,11.2,0
2503,PlayerServeHold,None,1,-0.0117,52,0.25,2.535,-16.75,2.3702,0.7136,-11.9535,0,Serve prepare 0.00,0,9,Drive,97.4874,61.0627,2.6347,0.7536,-12.443,0,1,1,Ready,0,9,14.3623,11.281,0.3792,0,Perfect,,2.35,-12.35,-1.95,11.2,0
2504,PlayerServeHold,None,1,-0.0117,52,0.25,2.535,-16.75,2.3702,0.7216,-11.9535,0,Serve prepare 0.00,0,9,Drive,97.4038,60.9214,2.6351,0.7539,-12.4416,0,1,1,Ready,0,9,14.0488,11.2302,0.2796,0,Perfect,,2.35,-12.35,-1.95,11.2,0
2505,PlayerServeHold,None,1,-0.0117,52,0.25,2.535,-16.75,2.3702,0.7355,-11.9535,0,Serve prepare 0.00,0,9,Drive,97.3197,60.7808,2.6356,0.7542,-12.4403,0,1,1,Ready,0,9,13.4061,10.8173,0.4243,0,Perfect,,2.35,-12.35,-1.95,11.2,0
2506,PlayerServeHold,None,1,-0.0117,52,0.25,2.535,-16.75,2.3702,0.7414,-11.9535,0,Serve prepare 0.00,0,9,Drive,97.2356,60.6375,2.636,0.7545,-12.4389,0,1,1,Ready,0,9,12.5854,9.9978,0.3075,0,Perfect,,2.35,-12.35,-1.95,11.2,0
2507,PlayerServeHold,None,1,-0.0117,52,0.25,2.535,-16.75,2.3702,0.7512,-11.9535,0,Serve prepare 0.00,0,9,Drive,97.1507,60.4935,2.6365,0.7548,-12.4375,0,1,1,Ready,0,9,11.743,8.9054,0.4337,0,Perfect,,2.35,-12.35,-1.95,11.2,0
2508,PlayerServeHold,None,1,-0.0117,52,0.25,2.535,-16.75,2.3702,0.7551,-11.9535,0,Serve prepare 0.00,0,9,Drive,97.065,60.349,2.637,0.7551,-12.4361,0,1,1,Ready,0,9,11.0943,7.5831,0.4766,0,Perfect,,2.35,-12.35,-1.95,11.2,0
2509,PlayerServeHold,None,1,-0.0117,52,0.25,2.535,-16.75,2.3702,0.7608,-11.9535,0,Serve prepare 0.00,0,9,Drive,96.9785,60.2045,2.6375,0.7534,-12.4347,0,1,1,Ready,0,9,10.5788,6.2441,0.5286,0,Perfect,,2.35,-12.35,-1.95,11.2,0
2510,PlayerServeHold,None,1,-0.0117,52,0.25,2.535,-16.75,2.3702,0.7627,-11.9535,0,Serve prepare 0.00,0,9,Drive,96.8911,60.0577,2.6381,0.7537,-12.4333,0,1,1,Ready,0,9,10.1836,5.0845,0.6944,0,Perfect,,2.35,-12.35,-1.95,11.2,0
2511,PlayerServeHold,None,1,-0.0117,52,0.25,2.535,-16.75,2.3702,0.7643,-11.9535,0,Serve prepare 0.00,0,9,Drive,96.8019,59.9051,2.6387,0.754,-12.4319,0,1,1,Ready,0,9,9.9816,4.1666,0.664,0,Perfect,,2.35,-12.35,-1.95,11.2,0
2512,PlayerServeHold,None,1,-0.0117,52,0.25,2.535,-16.75,2.3702,0.7648,-11.9535,0,Serve prepare 0.00,0,9,Drive,96.7119,59.751,2.6393,0.7543,-12.4305,0,1,1,Ready,0,9,10.0502,3.6264,0.4964,0,Perfect,,2.35,-12.35,-1.95,11.2,0
2513,PlayerServeHold,None,1,-0.0117,52,0.25,2.535,-16.75,2.3702,0.7694,-11.9535,0,Serve prepare 0.00,0,9,Drive,96.6213,59.5971,2.64,0.7545,-12.4291,0,1,1,Ready,0,9,10.3515,3.4182,0.1801,0,Perfect,,2.35,-12.35,-1.95,11.2,0
2514,PlayerServeHold,None,1,-0.0117,52,0.25,2.535,-16.75,2.3702,0.7734,-11.9535,0,Serve prepare 0.00,0,9,Drive,96.5302,59.4432,2.6406,0.7548,-12.4277,0,1,1,Ready,0,9,10.8625,3.5877,0.4284,0,Perfect,,2.35,-12.35,-1.95,11.2,0
2515,PlayerServeHold,None,1,-0.0117,52,0.25,2.535,-16.75,2.3702,0.784,-11.9535,0,Serve prepare 0.00,0,9,Drive,96.439,59.2897,2.6413,0.755,-12.4264,0,1,1,Ready,0,9,11.6199,3.9969,0.7022,0,Perfect,,2.35,-12.35,-1.95,11.2,0
2516,PlayerServeHold,None,1,-0.0117,52,0.25,2.535,-16.75,2.3702,0.7903,-11.9535,0,Serve prepare 0.00,0,9,Drive,96.3469,59.1352,2.642,0.7553,-12.425,0,1,1,Ready,0,9,12.7197,4.5325,0.7758,0,Perfect,,2.35,-12.35,-1.95,11.2,0
2517,PlayerServeHold,None,1,-0.0117,52,0.25,2.535,-16.75,2.3702,0.8045,-11.9535,0,Serve prepare 0.00,0,9,Drive,96.2532,58.9812,2.6426,0.7555,-12.4236,0,1,1,Ready,0,9,13.9579,5.1888,0.7582,0,Perfect,,2.35,-12.35,-1.95,11.2,0
2518,PlayerServeHold,None,1,-0.0117,52,0.25,2.535,-16.75,2.3702,0.812,-11.9535,0,Serve prepare 0.00,0,9,Drive,96.16,58.8283,2.6433,0.7558,-12.4222,0,1,1,Ready,0,9,15.2128,5.9119,0.659,0,Perfect,,2.35,-12.35,-1.95,11.2,0
2519,PlayerServeHold,None,1,-0.0117,52,0.25,2.535,-16.75,2.3702,0.8273,-11.9535,0,Serve prepare 0.00,0,9,Drive,96.067,58.6758,2.6439,0.756,-12.4208,0,1,1,Ready,0,9,16.3573,6.7418,0.5545,0,Perfect,,2.35,-12.35,-1.95,11.2,0
2520,PlayerServeHold,None,1,-0.0117,52,0.25,2.535,-16.75,2.3702,0.8349,-11.9535,0,Serve prepare 0.00,0,9,Drive,95.9743,58.5238,2.6337,0.7442,-12.4321,0,1,1,Ready,0,9,17.2239,7.7274,0.4196,0,Perfect,,2.35,-12.35,-1.95,11.2,0
2521,PlayerServeHold,None,1,-0.0117,52,0.25,2.535,-16.75,2.3702,0.849,-11.9535,0,Serve prepare 0.00,0,9,Drive,95.8821,58.3723,2.6342,0.7445,-12.4307,0,1,1,Ready,0,9,17.8358,8.7817,0.2838,0,Perfect,,2.35,-12.35,-1.95,11.2,0
2522,PlayerServeHold,None,1,-0.0117,52,0.25,2.535,-16.75,2.3702,0.8553,-11.9535,0,Serve prepare 0.00,0,9,Drive,95.7892,58.2208,2.6347,0.7448,-12.4293,0,1,1,Ready,0,9,18.1128,9.87,0.0335,0,Perfect,,2.35,-12.35,-1.95,11.2,0
2523,PlayerServeHold,None,1,-0.0117,52,0.25,2.535,-16.75,2.3702,0.8659,-11.9535,0,Serve prepare 0.00,0,9,Drive,95.6948,58.077,2.6351,0.7451,-12.4279,0,1,1,Ready,0,9,18.2026,10.8925,0.0769,0,Perfect,,2.35,-12.35,-1.95,11.2,0
2524,PlayerServeHold,None,1,-0.0117,52,0.25,2.535,-16.75,2.3702,0.8699,-11.9535,0,Serve prepare 0.00,0,9,Drive,95.6012,57.9366,2.6355,0.7455,-12.4265,0,1,1,Ready,0,9,18.175,11.7572,0.0326,0,Perfect,,2.35,-12.35,-1.95,11.2,0
2525,PlayerServeHold,None,1,-0.0117,52,0.25,2.535,-16.75,2.3702,0.8746,-11.9535,0,Serve prepare 0.00,0,9,Drive,95.5083,57.7973,2.6358,0.7459,-12.4252,0,1,1,Ready,0,9,18.1638,12.4212,0.0492,0,Perfect,,2.35,-12.35,-1.95,11.2,0
2526,PlayerServeHold,None,1,-0.0117,52,0.25,2.535,-16.75,2.3702,0.875,-11.9535,0,Serve prepare 0.00,0,9,Drive,95.4161,57.6592,2.6361,0.7462,-12.4238,0,1,1,Ready,0,9,18.366,12.7681,0.0395,0,Perfect,,2.35,-12.35,-1.95,11.2,0
2527,PlayerServeHold,None,1,-0.0117,52,0.25,2.535,-16.75,2.3702,0.875,-11.9535,0,Serve prepare 0.00,0,9,Drive,95.3247,57.5226,2.6363,0.7466,-12.4224,0,1,1,Ready,0,9,18.6363,12.9389,0.0402,0,Perfect,,2.35,-12.35,-1.95,11.2,0
2528,PlayerServeHold,None,1,-0.0117,52,0.25,2.535,-16.75,2.3702,0.875,-11.9535,0,Serve prepare 0.00,0,9,Drive,95.2332,57.3855,2.6365,0.747,-12.421,0,1,1,Ready,0,9,18.9377,13.0384,0.0175,0,Perfect,,2.35,-12.35,-1.95,11.2,0
2529,PlayerServeHold,None,1,-0.0117,52,0.25,2.535,-16.75,2.3702,0.875,-11.9535,0,Serve prepare 0.00,0,9,Drive,95.1417,57.2538,2.6368,0.7474,-12.4197,0,1,1,Ready,0,9,19.1557,13.0414,0.0837,0,Perfect,,2.35,-12.35,-1.95,11.2,0
2530,PlayerServeHold,None,1,-0.0117,52,0.25,2.535,-16.75,2.3702,0.875,-11.9535,0,Serve prepare 0.00,0,9,Drive,95.0516,57.1241,2.637,0.7478,-12.4183,0,1,1,Ready,0,9,19.173,12.9628,0.2344,0,Perfect,,2.35,-12.35,-1.95,11.2,0
2531,PlayerServeHold,None,1,-0.0117,52,0.25,2.535,-16.75,2.3702,0.875,-11.9535,0,Serve prepare 0.00,0,9,Drive,94.9622,56.9967,2.6373,0.7482,-12.417,0,1,1,Ready,0,9,18.9807,12.7871,0.1348,0,Perfect,,2.35,-12.35,-1.95,11.2,0
2532,PlayerServeHold,None,1,-0.0117,52,0.25,2.535,-16.75,2.3702,0.875,-11.9535,0,Serve prepare 0.00,0,9,Drive,94.8737,56.8719,2.6375,0.7485,-12.4157,0,1,1,Ready,0,9,18.4894,12.5053,0.1478,0,Perfect,,2.35,-12.35,-1.95,11.2,0
2533,PlayerServeHold,None,1,-0.0117,52,0.25,2.535,-16.75,2.3702,0.875,-11.9535,0,Serve prepare 0.00,0,9,Drive,94.7858,56.7497,2.6379,0.7488,-12.4144,0,1,1,Ready,0,9,17.8306,12.1162,0.2501,0,Perfect,,2.35,-12.35,-1.95,11.2,0
2534,PlayerServeHold,None,1,-0.0117,52,0.25,2.535,-16.75,2.3702,0.875,-11.9535,0,Serve prepare 0.00,0,9,Drive,94.6984,56.6276,2.6382,0.7491,-12.4131,0,1,1,Ready,0,9,17.0627,11.595,0.5275,0,Perfect,,2.35,-12.35,-1.95,11.2,0
2535,PlayerServeHold,None,1,-0.0117,52,0.25,2.535,-16.75,2.3702,0.875,-11.9535,0,Serve prepare 0.00,0,9,Drive,94.6116,56.5076,2.6129,0.7493,-12.4038,0,1,1,Ready,0,9,16.2995,11.0057,0.4972,0,Perfect,,2.35,-12.35,-1.95,11.2,0
2536,PlayerServeHold,None,1,-0.0117,52,0.25,2.535,-16.75,2.3702,0.875,-11.9535,0,Serve prepare 0.00,0,9,Drive,94.5276,56.3897,2.6134,0.7495,-12.4025,0,1,1,Ready,0,9,15.6614,10.3714,0.2117,0,Perfect,,2.35,-12.35,-1.95,11.2,0
2537,PlayerServeHold,None,1,-0.0117,52,0.25,2.535,-16.75,2.3709,0.8764,-11.954,0,Serve prepare 0.00,0,9,Drive,94.4449,56.2748,2.6139,0.7497,-12.4013,0,1,1,Ready,0,9,15.1686,9.781,0.1825,0,Perfect,,2.35,-12.35,-1.95,11.2,0
2538,PlayerServeHold,None,1,-0.0117,52,0.25,2.535,-16.75,2.3722,0.8782,-11.9545,0,Serve prepare 0.01,0,9,Drive,96.3407,59.09,2.6423,0.7554,-12.4244,0,1,1,Ready,0,9,14.8917,9.3371,0.2317,0,Perfect,,2.35,-12.35,-1.95,11.2,0
2539,PlayerServeHold,None,1,-0.0117,52,0.25,2.535,-16.75,2.3755,0.8837,-11.9562,0,Serve prepare 0.01,0,9,Drive,96.8624,59.9326,2.6388,0.7542,-12.4317,0,1,1,Ready,0,9,14.7922,9.006,0.2832,0,Perfect,,2.35,-12.35,-1.95,11.2,0
2540,PlayerServeHold,None,1,-0.0117,52,0.25,2.535,-16.75,2.3782,0.8873,-11.9574,0,Serve prepare 0.03,0,9,Drive,97.9112,61.6313,2.6331,0.7527,-12.4474,0,1,1,Ready,0,9,14.8765,8.7982,0.3478,0,Perfect,,2.35,-12.35,-1.95,11.2,0
2541,PlayerServeHold,None,1,-0.0117,52,0.25,2.535,-16.75,2.3833,0.8964,-11.9603,0,Serve prepare 0.03,0,9,Drive,98.4578,62.4959,2.6297,0.751,-12.455,0,1,1,Ready,0,9,15.0819,8.6853,0.3063,0,Perfect,,2.35,-12.35,-1.95,11.2,0
2542,PlayerServeHold,None,1,-0.0117,52,0.25,2.535,-16.75,2.3869,0.9017,-11.962,0,Serve prepare 0.05,0,9,Drive,99.5802,64.3009,2.6243,0.7472,-12.4713,0,1,1,Ready,0,9,15.3604,8.6652,0.2201,0,Perfect,,2.35,-12.35,-1.95,11.2,0
2543,PlayerServeHold,None,1,-0.0117,52,0.25,2.535,-16.75,2.3936,0.9139,-11.9658,0,Serve prepare 0.05,0,9,Drive,100.1202,65.2639,2.6326,0.7519,-12.4762,0,1,1,Ready,0,9,15.6826,8.6714,0.1218,0,Perfect,,2.35,-12.35,-1.95,11.2,0
2544,PlayerServeHold,None,1,-0.0117,52,0.25,2.535,-16.75,2.3979,0.9208,-11.968,0,Serve prepare 0.07,0,9,Drive,101.2058,67.3373,2.6182,0.7423,-12.4971,0,1,1,Ready,0,9,16.0046,8.6179,0.2523,0,Perfect,,2.35,-12.35,-1.95,11.2,0
2545,PlayerServeHold,None,1,-0.0117,52,0.25,2.535,-16.75,2.4061,0.9357,-11.9728,0,Serve prepare 0.07,0,9,Drive,101.7809,68.4237,2.6366,0.7401,-12.5199,0,1,1,Ready,0,9,16.33,8.5734,0.4224,0,Perfect,,2.35,-12.35,-1.95,11.2,0
2546,PlayerServeHold,None,1,-0.0117,52,0.25,2.535,-16.75,2.4111,0.9437,-11.9754,0,Serve prepare 0.09,0,9,Drive,103.0368,70.5448,2.6266,0.7361,-12.5356,0,1,1,Ready,0,9,16.6424,8.5849,0.6229,0,Perfect,,2.35,-12.35,-1.95,11.2,0
2547,PlayerServeHold,None,1,-0.0117,52,0.25,2.535,-16.75,2.4205,0.961,-11.9809,0,Serve prepare 0.09,0,9,Drive,103.7067,71.6,2.6223,0.7344,-12.5439,0,1,1,Ready,0,9,16.9598,8.6243,0.5226,0,Perfect,,2.35,-12.35,-1.95,11.2,0
2548,PlayerServeHold,None,1,-0.0117,52,0.25,2.535,-16.75,2.4259,0.97,-11.9839,0,Serve prepare 0.11,0,9,Drive,105.0638,73.8935,2.5923,0.7321,-12.5457,0,1,1,Ready,0,9,17.3059,8.6527,0.1848,0,Perfect,,2.35,-12.35,-1.95,11.2,0
2549,PlayerServeHold,None,1,-0.0117,52,0.25,2.535,-16.75,2.4362,0.9891,-11.99,0,Serve prepare 0.11,0,9,Drive,105.8096,74.9338,2.6092,0.7304,-12.5693,0.0353,1,1,Ready,0,9,17.6435,8.7524,0.0741,0,Perfect,,2.35,-12.35,-1.95,11.2,0
2550,PlayerServeHold,None,1,-0.0117,52,0.25,2.535,-16.75,2.4421,0.999,-11.9933,0,Serve prepare 0.13,0,9,Drive,107.3248,77.1314,2.6151,0.7372,-12.5777,0.0586,1,1,Ready,0,9,17.9525,9.0238,0.2407,0,Perfect,,2.35,-12.35,-1.95,11.2,0
2551,PlayerServeHold,None,1,-0.0117,52,0.25,2.535,-16.75,2.4531,1.0194,-11.9998,0,Serve prepare 0.13,0,9,Drive,108.0322,78.4703,2.608,0.734,-12.5876,0.0224,1,1,Ready,0,9,18.2116,9.3616,0.229,0,Perfect,,2.35,-12.35,-1.95,11.2,0
2552,PlayerServeHold,None,1,-0.0117,52,0.25,2.535,-16.75,2.4592,1.0299,-12.0034,0,Serve prepare 0.15,0,9,Drive,109.4675,81.3469,2.593,0.7247,-12.6157,0.0341,1,1,Ready,0,9,18.3894,9.6883,0.0475,0,Perfect,,2.35,-12.35,-1.95,11.2,0
2553,PlayerServeHold,None,1,-0.0117,52,0.25,2.535,-16.75,2.4707,1.0513,-12.0103,0,Serve prepare 0.15,0,9,Drive,110.2283,82.8713,2.6042,0.73,-12.63,0.0149,1,1,Ready,0,9,18.5013,10.0339,0.1314,0,Perfect,,2.35,-12.35,-1.95,11.2,0
2554,PlayerServeHold,None,1,-0.0117,52,0.25,2.535,-16.75,2.477,1.0621,-12.014,0,Serve prepare 0.17,0,9,Drive,111.7266,86.2353,2.6136,0.7559,-12.6089,0.0382,1,1,Ready,0,9,18.5419,10.4316,0.1332,0,Perfect,,2.35,-12.35,-1.95,11.2,0
2555,PlayerServeHold,None,1,-0.0117,52,0.25,2.535,-16.75,2.4887,1.084,-12.0211,0,Serve prepare 0.17,0,9,Drive,112.478,87.9696,2.6062,0.7526,-12.6174,0.0211,1,1,Ready,0,9,18.5404,10.7909,0.1101,0,Perfect,,2.35,-12.35,-1.95,11.2,0
2556,PlayerServeHold,None,1,-0.0117,52,0.25,2.535,-16.75,2.4951,1.095,-12.0249,0,Serve prepare 0.19,0,9,Drive,113.9535,91.2839,2.6219,0.7779,-12.6137,0.0375,1,1,Ready,0,9,18.511,11.021,0.0308,0,Perfect,,2.35,-12.35,-1.95,11.2,0
2557,PlayerServeHold,None,1,-0.0117,52,0.25,2.535,-16.75,2.5068,1.117,-12.0321,0,Serve prepare 0.19,0,9,Drive,112.9827,92.3679,2.62,0.7728,-12.6256,0.2892,1,1,Ready,0,9,18.4889,11.1703,0.0129,0,Perfect,,2.35,-12.35,-1.95,11.2,0
2558,PlayerServeHold,None,1,-0.0117,52,0.25,2.535,-16.75,2.5131,1.1279,-12.0359,0,Serve prepare 0.21,0,9,Drive,112.7875,95.1351,2.6111,0.7679,-12.6478,0.2752,1,1,Ready,0,9,18.5303,11.2604,0.0148,0,Perfect,,2.35,-12.35,-1.95,11.2,0
2559,PlayerServeHold,None,1,-0.0117,52,0.25,2.535,-16.75,2.5246,1.1495,-12.0431,0,Serve prepare 0.21,0,9,Drive,113.528,96.7748,2.5902,0.7314,-12.7671,0.01,1,1,Ready,0,9,18.5792,11.2772,0.0133,0,Perfect,,2.35,-12.35,-1.95,11.2,0
2560,PlayerServeHold,None,1,-0.0117,52,0.25,2.535,-16.75,2.5307,1.1601,-12.0469,0,Serve prepare 0.23,0,9,Drive,114.9921,99.9467,2.5534,0.7216,-12.7568,0.02,1,1,Ready,0,9,18.6069,11.2018,0.0151,0,Perfect,,2.35,-12.35,-1.95,11.2,0
2561,PlayerServeHold,None,1,-0.0117,52,0.25,2.535,-16.75,2.5417,1.1809,-12.0538,0,Serve prepare 0.23,0,9,Drive,115.7041,101.4706,2.5452,0.722,-12.767,0.0103,1,1,Ready,0,9,18.5948,11.0728,0.0162,0,Perfect,,2.35,-12.35,-1.95,11.2,0
2562,PlayerServeHold,None,1,-0.0117,52,0.25,2.535,-16.75,2.5475,1.191,-12.0574,0,Serve prepare 0.25,0,9,Drive,116.9974,104.3503,2.5313,0.7239,-12.7961,0.0288,1,1,Ready,0,9,18.498,10.9153,0.0062,0,Perfect,,2.35,-12.35,-1.95,11.2,0
2563,PlayerServeHold,None,1,-0.0117,52,0.25,2.535,-16.75,2.5579,1.2106,-12.064,0,Serve prepare 0.25,0,9,Drive,117.5483,105.7545,2.5244,0.727,-12.7416,0.0119,1,1,Ready,0,9,18.3723,10.7458,0.0057,0,Perfect,,2.35,-12.35,-1.95,11.2,0
2564,PlayerServeHold,None,1,-0.0117,52,0.25,2.535,-16.75,2.5633,1.22,-12.0675,0,Serve prepare 0.27,0,9,Drive,119.6673,110.1283,2.517,0.7303,-12.7912,1.6376,1,1,Ready,0,9,18.2461,10.5876,0.0121,0,Perfect,,2.35,-12.35,-1.95,11.2,0
2565,PlayerServeHold,None,1,-0.0117,52,0.25,2.535,-16.75,2.5728,1.2378,-12.0735,0,Serve prepare 0.27,0,9,Drive,119.881,111.4171,2.5386,0.7482,-12.7822,0.1579,1,1,Ready,0,9,18.1503,10.4419,0.0152,0,Perfect,,2.35,-12.35,-1.95,11.2,0
2566,PlayerServeHold,None,1,-0.0117,52,0.25,2.535,-16.75,2.5777,1.2463,-12.0767,0,Serve prepare 0.29,0,9,Drive,120.1091,113.7711,2.513,0.7394,-12.7965,0.0664,1,1,Ready,0,9,18.11,10.31,0.0201,0,Perfect,,2.35,-12.35,-1.95,11.2,0
2567,PlayerServeHold,None,1,-0.0117,52,0.25,2.535,-16.75,2.586,1.262,-12.0821,0,Serve prepare 0.29,0,9,Drive,120.085,114.8644,2.5267,0.7509,-12.7675,0.0616,1,1,Ready,0,9,18.1663,10.2142,0.0133,0,Perfect,,2.35,-12.35,-1.95,11.2,0
2568,PlayerServeHold,None,1,-0.0117,52,0.25,2.535,-16.75,2.5903,1.2692,-12.0849,0,Serve prepare 0.31,0,9,Drive,119.9631,116.8651,2.5023,0.7388,-12.7791,0.0971,1,1,Ready,0,9,18.4073,10.1847,0.0121,0,Perfect,,2.35,-12.35,-1.95,11.2,0
2569,PlayerServeHold,None,1,-0.0117,52,0.25,2.535,-16.75,2.5973,1.2824,-12.0895,0,Serve prepare 0.31,0,9,Drive,119.8277,117.794,2.2871,0.7009,-12.9395,0.0471,1,1,Ready,0,9,18.7064,10.1953,0.0174,0,Perfect,,2.35,-12.35,-1.95,11.2,0
2570,PlayerServeHold,None,1,-0.0117,52,0.25,2.535,-16.75,2.6008,1.2883,-12.0919,0,Serve prepare 0.33,0,9,Drive,119.3561,119.3851,2.3019,0.701,-12.9387,0.136,1,1,Ready,0,9,18.966,10.2267,0.0092,0,Perfect,,2.35,-12.35,-1.95,11.2,0
2571,PlayerServeHold,None,1,-0.0117,52,0.25,2.535,-16.75,2.6063,1.2984,-12.0955,0,Serve prepare 0.33,0,9,Drive,119.0235,120.1505,2.2541,0.696,-12.9398,0.0831,1,1,Ready,0,9,19.2031,10.2919,0.0074,0,Perfect,,2.35,-12.35,-1.95,11.2,0
2572,PlayerServeHold,None,1,-0.0117,52,0.25,2.535,-16.75,2.6089,1.3027,-12.0974,0,Serve prepare 0.35,0,9,Drive,118.1688,121.7488,2.2683,0.6784,-12.9029,0.1962,1,1,Ready,0,9,19.3897,10.3936,0.0166,0,Perfect,,2.35,-12.35,-1.95,11.2,0
2573,PlayerServeHold,None,1,-0.0117,52,0.25,2.535,-16.75,2.6126,1.3094,-12.0999,0,Serve prepare 0.35,0,9,Drive,119.8745,119.8209,2.2677,0.7016,-12.9325,0.5167,1,1,Ready,0,9,19.5646,10.5417,0.018,0,Perfect,,2.35,-12.35,-1.95,11.2,0
2574,PlayerServeHold,None,1,-0.0117,52,0.25,2.535,-16.75,2.6143,1.3118,-12.1012,0,Serve prepare 0.37,0,9,Drive,119.2687,120.972,2.301,0.6969,-12.9198,0.1799,1,1,Ready,0,9,19.7555,10.7546,0.0116,0,Perfect,,2.35,-12.35,-1.95,11.2,0
2575,PlayerServeHold,None,1,-0.0117,52,0.25,2.535,-16.75,2.616,1.3146,-12.1024,0,Serve prepare 0.37,0,9,Drive,117.2191,123.4297,2.2822,0.687,-12.9227,0.4203,1,1,Ready,0,9,19.9633,11.0072,0.0098,0,Perfect,,2.35,-12.35,-1.95,11.2,0
2576,PlayerServeHold,None,1,-0.0117,52,0.25,2.535,-16.75,2.6166,1.315,-12.103,0,Serve prepare 0.39,0,9,Drive,113.7024,126.6877,2.2709,0.6793,-12.9322,0.4215,1,1,Ready,0,9,20.206,11.2825,0.0098,0,Perfect,,2.35,-12.35,-1.95,11.2,0
2577,PlayerServeToss,Toss,1,-0.0117,48,1.8,0.455,-13.75,2.615,1.3653,-12.1038,0,Serve prepare 0.39,0,9,Drive,112.6731,127.1775,2.2587,0.6819,-12.9431,0.0646,1,1,Ready,0,9,20.4591,11.5778,0.0096,0,Perfect,,2.35,-12.35,-1.95,11.2,-4
2578,PlayerServeToss,Toss,1,-0.0117,48,1.8,0.455,-13.75,2.6131,1.415,-12.1044,0,Serve prepare 0.40,0,9,Drive,111.6134,127.4685,2.2452,0.6865,-12.9553,0.0578,1,1,Ready,0,9,20.749,11.9083,0.0058,0,Perfect,,2.35,-12.35,-1.95,11.2,0
2579,PlayerServeToss,Toss,1,-0.0117,48,1.8,0.455,-13.75,2.6094,1.5123,-12.1055,0,Serve prepare 0.41,0,9,Drive,111.3255,127.5984,2.2401,0.688,-12.9585,0.0132,1,1,Ready,0,9,20.9425,12.2026,0.008,0,Perfect,,2.35,-12.35,-1.95,11.2,0
2580,PlayerServeToss,Toss,1,-0.0117,48,1.8,0.455,-13.75,2.6075,1.5599,-12.1061,0,Serve prepare 0.42,0,9,Drive,110.722,127.8206,2.2295,0.6917,-12.9645,0.0055,1,1,Ready,0,9,20.9204,12.3984,0.0117,0,Perfect,,2.35,-12.35,-1.95,11.2,0
2581,PlayerServeToss,Toss,1,-0.0117,48,1.8,0.455,-13.75,2.6038,1.6531,-12.1072,0,Serve prepare 0.43,0,9,Drive,110.4419,127.9453,2.2237,0.6944,-12.9677,0.0156,1,1,Ready,0,9,20.6866,12.4957,0.0136,0,Perfect,,2.35,-12.35,-1.95,11.2,0
2582,PlayerServeToss,Toss,1,-0.0117,48,1.8,0.455,-13.75,2.6019,1.6987,-12.1078,0,Serve prepare 0.45,0,9,Drive,109.8867,128.1776,2.2115,0.7005,-12.9733,0.0968,1,1,Ready,0,9,20.1766,12.4814,0.0179,0,Perfect,,2.35,-12.35,-1.95,11.2,0
2583,PlayerServeToss,Toss,1,-0.0117,48,1.8,0.455,-13.75,2.5982,1.7878,-12.1089,0,Serve prepare 0.46,0,9,Drive,109.6094,128.2703,2.2053,0.707,-12.976,0.0606,1,1,Ready,0,9,19.4811,12.3338,0.0151,0,Perfect,,2.35,-12.35,-1.95,11.2,0
2584,PlayerServeToss,Toss,1,-0.0117,48,1.8,0.455,-13.75,2.5963,1.8313,-12.1095,0,Serve prepare 0.47,0,9,Drive,109.1048,128.4966,2.1927,0.7177,-12.9803,0.1092,1,1,Ready,0,9,18.6394,12.0192,0.0031,0,Perfect,,2.35,-12.35,-1.95,11.2,0
2585,PlayerServeToss,Toss,1,-0.0117,48,1.8,0.455,-13.75,2.5926,1.9163,-12.1106,0,Serve prepare 0.48,0,9,Drive,108.8526,128.6267,2.1865,0.7232,-12.982,0.0314,1,1,Ready,0,9,17.7314,11.5635,0.0048,0,Perfect,,2.35,-12.35,-1.95,11.2,0
2586,PlayerServeToss,Toss,1,-0.0117,48,1.8,0.455,-13.75,2.5907,1.9578,-12.1112,0,Serve prepare 0.50,0,9,Drive,108.4429,128.9444,2.1741,0.7346,-12.9844,0.0668,1,1,Ready,0,9,16.8169,10.9775,0.0177,0,Perfect,,2.35,-12.35,-1.95,11.2,0
2587,PlayerServeToss,Toss,1,-0.0117,48,1.8,0.455,-13.75,2.587,2.0388,-12.1123,0,Serve prepare 0.50,0,9,Drive,108.2311,129.1086,2.168,0.7405,-12.985,0.0623,1,1,Ready,0,9,15.9822,10.2694,0.2052,0,Perfect,,2.35,-12.35,-1.95,11.2,0
2588,PlayerServeToss,Toss,1,-0.0117,48,1.8,0.455,-13.75,2.5851,2.0782,-12.1129,0,Serve prepare 0.52,0,9,Drive,107.8479,129.4567,2.1557,0.7528,-12.9855,0.1643,1,1,Ready,0,9,15.3502,9.4357,0.2918,0,Perfect,,2.35,-12.35,-1.95,11.2,0
2589,PlayerServeToss,Toss,1,-0.0117,48,1.8,0.455,-13.75,2.5814,2.1551,-12.114,0,Serve prepare 0.53,0,9,Drive,107.6666,129.6454,2.1496,0.7591,-12.9853,0.0858,1,1,Ready,0,9,14.8543,8.5219,0.3007,0,Perfect,,2.35,-12.35,-1.95,11.2,0
2590,PlayerServeToss,Toss,1,-0.0117,48,1.8,0.455,-13.75,2.5795,2.1925,-12.1146,0,Serve prepare 0.55,0,9,Drive,107.3523,130.0833,2.137,0.7726,-12.9846,0.1578,1,1,Ready,0,9,14.475,7.5622,0.2944,0,Perfect,,2.35,-12.35,-1.95,11.2,0
2591,PlayerServeToss,Toss,1,-0.0117,48,1.8,0.455,-13.75,2.5758,2.2652,-12.1157,0,Serve prepare 0.55,0,9,Drive,107.2007,130.3087,2.1308,0.7794,-12.9838,0.0681,1,1,Ready,0,9,14.2001,6.5806,0.1598,0,Perfect,,2.35,-12.35,-1.95,11.2,0
2592,PlayerServeToss,Toss,1,-0.0117,48,1.8,0.455,-13.75,2.5739,2.3006,-12.1163,0,Serve prepare 0.57,0,9,Drive,106.9172,130.8156,2.1181,0.7934,-12.9813,0.1378,1,1,Ready,0,9,14.0303,5.601,0.1549,0,Perfect,,2.35,-12.35,-1.95,11.2,0
2593,PlayerServeToss,Toss,1,-0.0117,48,1.8,0.455,-13.75,2.5702,2.3692,-12.1174,0,Serve prepare 0.58,0,9,Drive,106.7826,131.0779,2.1119,0.8005,-12.9796,0.0628,1,1,Ready,0,9,13.9083,4.6535,0.2888,0,Perfect,,2.35,-12.35,-1.95,11.2,0
2594,PlayerServeToss,Toss,1,-0.0117,48,1.8,0.455,-13.75,2.5683,2.4025,-12.118,0,Serve prepare 0.59,0,9,Drive,106.5303,131.6172,2.0996,0.8143,-12.9758,0.1073,1,1,Ready,0,9,13.7776,3.7767,0.3516,0,Perfect,,2.35,-12.35,-1.95,11.2,0
2595,PlayerServeToss,Toss,1,-0.0117,48,1.8,0.455,-13.75,2.5646,2.4671,-12.1191,0,Serve prepare 0.60,0,9,Drive,106.4317,131.8754,2.0938,0.821,-12.9737,0.0402,1,1,Ready,0,9,13.6459,2.9636,0.3127,0,Perfect,,2.35,-12.35,-1.95,11.2,0
2596,PlayerServeToss,Toss,1,-0.0117,48,1.8,0.455,-13.75,2.5627,2.4984,-12.1197,0,Serve prepare 0.62,0,9,Drive,106.2054,132.4069,2.0825,0.8344,-12.9692,0.0555,1,1,Ready,0,9,13.4988,2.2376,0.1048,0,Perfect,,2.35,-12.35,-1.95,11.2,0
2597,PlayerServeToss,Toss,1,-0.0117,48,1.8,0.455,-13.75,2.559,2.5589,-12.1208,0,Serve prepare 0.63,0,9,Drive,106.1151,132.6867,2.0768,0.8411,-12.9667,0.0251,1,1,Ready,0,9,13.343,1.5494,0.0424,0,Perfect,,2.35,-12.35,-1.95,11.2,0
2598,PlayerServeToss,Toss,1,-0.0117,48,1.8,0.455,-13.75,2.5571,2.5881,-12.1214,0,Serve prepare 0.64,0,9,Drive,105.9311,133.2475,2.0655,0.8541,-12.9611,0.0462,1,1,Ready,0,9,12.9097,1.3297,0.2462,0,Perfect,,2.35,-12.35,-1.95,11.2,0
2599,PlayerServeToss,Toss,1,-0.0117,48,1.8,0.455,-13.75,2.5534,2.6445,-12.1225,0,Serve prepare 0.65,0,9,Drive,105.8455,133.5251,2.0598,0.8604,-12.9581,0.0252,1,1,Ready,0,9,12.2731,1.0034,0.1556,0,Perfect,,2.35,-12.35,-1.95,11.2,0
2600,PlayerServeToss,Toss,1,-0.0117,48,1.8,0.455,-13.75,2.5515,2.6717,-12.1231,0,Serve prepare 0.67,0,9,Drive,105.7139,134.0329,2.0488,0.8723,-12.9518,0.0612,1,1,Ready,0,9,11.0911,0.3921,0.1661,0,Perfect,,2.35,-12.35,-1.95,11.2,0
2601,PlayerServeToss,Toss,1,-0.0117,48,1.8,0.455,-13.75,2.5478,2.724,-12.1242,0,Serve prepare 0.67,0,9,Drive,105.6513,134.2938,2.0433,0.8778,-12.9484,0.0394,1,1,Ready,0,9,9.6289,-0.3686,0.261,0,Perfect,,2.35,-12.35,-1.95,11.2,0
2602,PlayerServeToss,Toss,1,-0.0117,48,1.8,0.455,-13.75,2.5459,2.7492,-12.1248,0,Serve prepare 0.69,0,9,Drive,105.5292,134.8349,2.0323,0.8884,-12.9412,0.0908,1,1,Ready,0,9,7.9235,-1.233,0.2273,0,Perfect,,2.35,-12.35,-1.95,11.2,0
2603,PlayerServeToss,Toss,1,-0.0117,48,1.8,0.455,-13.75,2.5422,2.7974,-12.1259,0,Serve prepare 0.70,0,9,Drive,105.4592,135.1217,2.0269,0.8934,-12.9373,0.0495,1,1,Ready,0,9,6.2946,-2.1247,0.1968,0,Perfect,,2.35,-12.35,-1.95,11.2,0
2604,PlayerServeToss,Toss,1,-0.0117,48,1.8,0.455,-13.75,2.5403,2.8205,-12.1265,0,Serve prepare 0.71,0,9,Drive,105.3079,135.7181,2.0165,0.9031,-12.9287,0.1007,1,1,Ready,0,9,5.0543,-3.0147,0.1172,0,Perfect,,2.35,-12.35,-1.95,11.2,0
2605,PlayerServeToss,Toss,1,-0.0117,48,1.8,0.455,-13.75,2.5365,2.8646,-12.1276,0,Serve prepare 0.72,0,9,Drive,105.2003,136.0656,2.0114,0.908,-12.9239,0.0472,1,1,Ready,0,9,4.2102,-3.7272,0.1364,0,Perfect,,2.35,-12.35,-1.95,11.2,0
2606,PlayerServeToss,Toss,1,-0.0117,48,1.8,0.455,-13.75,2.5347,2.8857,-12.1282,0,Serve prepare 0.74,0,9,Drive,104.9957,136.7557,2.0015,0.9174,-12.9137,0.1029,1,1,Ready,0,9,3.9395,-4.0924,0.2226,0,Perfect,,2.35,-12.35,-1.95,11.2,0
2607,PlayerServeToss,Toss,1,-0.0117,48,1.8,0.455,-13.75,2.5309,2.9257,-12.1293,0,Serve prepare 0.75,0,9,Drive,104.8609,137.1469,1.9965,0.922,-12.9082,0.0533,1,1,Ready,0,9,4.0307,-4.0876,0.2766,0,Perfect,,2.35,-12.35,-1.95,11.2,0
2608,PlayerServeToss,Toss,1,-0.0117,48,1.8,0.455,-13.75,2.5291,2.9448,-12.1299,0,Serve prepare 0.76,0,9,Drive,104.5872,137.9492,1.9868,0.9309,-12.8968,0.1018,1,1,Ready,0,9,4.3887,-3.5774,0.3455,0,Perfect,,2.35,-12.35,-1.95,11.2,0
2609,PlayerServeToss,Toss,1,-0.0117,48,1.8,0.455,-13.75,2.5253,2.9807,-12.131,0,Serve prepare 0.77,0,9,Drive,104.4263,138.3913,1.9818,0.9353,-12.8909,0.045,1,1,Ready,0,9,4.8666,-2.7424,0.2673,0,Perfect,,2.35,-12.35,-1.95,11.2,0
2610,PlayerServeToss,Toss,1,-0.0117,48,1.8,0.455,-13.75,2.5235,2.9977,-12.1316,0,Serve prepare 0.79,0,9,Drive,104.0491,139.3654,1.972,0.9437,-12.8785,0.0844,1,1,Ready,0,9,5.2831,-1.6566,0.1639,0,Perfect,,2.35,-12.35,-1.95,11.2,0
2611,PlayerServeToss,Toss,1,-0.0117,48,1.8,0.455,-13.75,2.5197,3.0296,-12.1327,0,Serve prepare 0.80,0,9,Drive,103.8678,139.8567,1.9674,0.9478,-12.8722,0.0388,1,1,Ready,0,9,5.6727,-0.4867,0,0,Perfect,,2.35,-12.35,-1.95,11.2,0
2612,PlayerServeToss,Toss,1,-0.0117,48,1.8,0.455,-13.75,2.5179,3.0445,-12.1333,0,Serve prepare 0.81,0,9,Drive,103.4312,140.9103,1.958,0.9557,-12.859,0.0787,1,1,Ready,0,9,6.0095,0.5931,0,0,Perfect,,2.35,-12.35,-1.95,11.2,0
2613,PlayerServeToss,Toss,1,-0.0117,48,1.8,0.455,-13.75,2.5141,3.0723,-12.1344,0,Serve prepare 0.82,0,9,Drive,103.2039,141.4428,1.9534,0.9595,-12.8522,0.0381,1,1,Ready,0,9,6.2962,1.5559,0,0,Perfect,,2.35,-12.35,-1.95,11.2,0
2614,PlayerServeToss,Toss,1,-0.0117,48,1.8,0.455,-13.75,2.5123,3.0852,-12.135,0,Serve prepare 0.84,0,9,Drive,102.6536,142.5652,1.9441,0.9667,-12.8378,0.0833,1,1,Ready,0,9,6.5266,2.3119,0,0,Perfect,,2.35,-12.35,-1.95,11.2,0
2615,PlayerServeToss,Toss,1,-0.0117,48,1.8,0.455,-13.75,2.5085,3.1089,-12.1361,0,Serve prepare 0.84,0,9,Drive,102.375,143.1185,1.9396,0.9702,-12.8306,0.0385,1,1,Ready,0,9,6.7016,2.8892,0,0,Perfect,,2.35,-12.35,-1.95,11.2,0
2616,PlayerServeToss,Toss,1,-0.0117,48,1.8,0.455,-13.75,2.5067,3.1197,-12.1367,0,Serve prepare 0.86,0,9,Drive,101.7726,144.2589,1.9309,0.977,-12.8155,0.078,1,1,Ready,0,9,6.8356,3.278,0,0,Perfect,,2.35,-12.35,-1.95,11.2,0
2617,PlayerServeToss,Toss,1,-0.0117,48,1.8,0.455,-13.75,2.5029,3.1393,-12.1378,0,Serve prepare 0.87,0,9,Drive,101.4696,144.8097,1.9267,0.9801,-12.8079,0.0392,1,1,Ready,0,9,6.8778,3.5032,0,0,Perfect,,2.35,-12.35,-1.95,11.2,0
2618,PlayerServeToss,Toss,1,-0.0117,48,1.8,0.455,-13.75,2.5011,3.1481,-12.1384,0,Serve prepare 0.88,0,9,Drive,100.8183,145.9176,1.9186,0.986,-12.7924,0.0834,1,1,Ready,0,9,6.7251,3.5785,0.4368,0,Perfect,,2.35,-12.35,-1.95,11.2,0
2619,PlayerServeToss,Toss,1,-0.0117,48,1.8,0.455,-13.75,2.4973,3.1636,-12.1395,0,Serve prepare 0.89,0,9,Drive,100.4983,146.4323,1.9147,0.9886,-12.7846,0.0472,1,1,Ready,0,9,6.5539,3.5256,0.1906,0,Perfect,,2.35,-12.35,-1.95,11.2,0
2620,PlayerServeToss,Toss,1,-0.0117,48,1.8,0.455,-13.75,2.4955,3.1704,-12.1401,0,Serve prepare 0.91,0,9,Drive,99.8437,147.4589,1.9071,0.9933,-12.7688,0.1012,1,1,Ready,0,9,6.5278,3.2924,0.5612,0,Perfect,,2.35,-12.35,-1.95,11.2,0
2621,PlayerServeToss,Toss,1,-0.0117,48,1.8,0.455,-13.75,2.4917,3.1818,-12.1412,0,Serve prepare 0.92,0,9,Drive,99.4817,147.9709,1.9034,0.9954,-12.7608,0.0551,1,1,Ready,0,9,6.5669,3.1157,0.7275,0,Perfect,,2.35,-12.35,-1.95,11.2,0
2622,PlayerServeToss,Toss,1,-0.0117,48,1.8,0.455,-13.75,2.4899,3.1865,-12.1418,0,Serve prepare 0.93,0,9,Drive,98.7849,148.9194,1.8968,0.9992,-12.7449,0.1056,1,1,Ready,0,9,6.634,3.2267,0.62,0,Perfect,,2.35,-12.35,-1.95,11.2,0
2623,PlayerServeToss,Toss,1,-0.0117,48,1.8,0.455,-13.75,2.4861,3.1939,-12.1429,0,Serve prepare 0.94,0,9,Drive,98.4016,149.401,1.8936,1.0008,-12.7368,0.052,1,1,Ready,0,9,6.7674,3.5553,0.4817,0,Perfect,,2.35,-12.35,-1.95,11.2,0
2624,PlayerServeToss,Toss,1,-0.0117,48,1.8,0.455,-13.75,2.4843,3.1965,-12.1435,0,Serve prepare 0.96,0,9,Drive,97.6318,150.24,1.8883,1.0037,-12.7211,0.0924,1,1,Ready,0,9,6.9785,4.1207,0.3448,0,Perfect,,2.35,-12.35,-1.95,11.2,0
2625,PlayerServeToss,Toss,1,-0.0117,48,1.8,0.455,-13.75,2.4805,3.1998,-12.1446,0,Serve prepare 0.96,0,9,Drive,97.2312,150.6582,1.8858,1.0049,-12.7132,0.0444,1,1,Ready,0,9,7.3022,4.8861,0.2575,0,Perfect,,2.35,-12.35,-1.95,11.2,0
2626,PlayerServeToss,Toss,1,-0.0117,48,1.8,0.455,-13.75,2.4787,3.2004,-12.1452,0,Serve prepare 0.98,0,9,Drive,96.3646,151.4632,1.8814,1.0067,-12.6972,0.0914,1,1,Ready,0,9,7.7356,5.8803,0.1005,0,Perfect,,2.35,-12.35,-1.95,11.2,0
2627,PlayerServeToss,Toss,1,-0.0117,48,1.8,0.455,-13.75,2.4749,3.1996,-12.1463,0,Serve prepare 0.99,0,9,Drive,95.9323,151.8381,1.8796,1.0075,-12.6893,0.0432,1,1,Ready,0,9,8.4051,6.9268,0.1805,0,Perfect,,2.35,-12.35,-1.95,11.2,0
2628,PlayerServeToss,Toss,1,-0.0117,48,1.8,0.455,-13.75,2.4731,3.1982,-12.1469,0,Serve prepare 1.00,0,9,Drive,95.2925,152.3396,1.8773,1.0083,-12.6783,0.064,1,1,Ready,0,9,9.5156,7.8438,0.1014,0,Perfect,,2.35,-12.35,-1.95,11.2,0
2629,PlayerServeToss,Toss,1,-0.0117,48,1.8,0.455,-13.75,2.4693,3.1933,-12.148,0,Serve prepare 1.00,0,9,Drive,95.2925,152.3396,1.8773,1.0083,-12.6783,0,1,1,Ready,0,9,10.8051,8.7035,0.2465,0,Perfect,,2.35,-12.35,-1.95,11.2,0
2630,PlayerServeToss,Toss,1,-0.0117,48,1.8,0.455,-13.75,2.4675,3.1898,-12.1486,0,Serve prepare 1.00,0,9,Drive,95.2925,152.3396,1.8773,1.0083,-12.6783,0,1,1,Ready,0,9,12.1741,9.5425,0.4789,0,Perfect,,2.35,-12.35,-1.95,11.2,0
2631,PlayerServeToss,Toss,1,-0.0117,48,1.8,0.455,-13.75,2.4637,3.1808,-12.1497,0,Serve prepare 1.00,0,9,Drive,95.2925,152.3396,1.8773,1.0083,-12.6783,0,1,1,Ready,0,9,13.3622,10.2817,0.4801,0,Perfect,,2.35,-12.35,-1.95,11.2,0
2632,PlayerServeToss,Toss,1,-0.0117,48,1.8,0.455,-13.75,2.4618,3.1753,-12.1503,0,Serve prepare 1.00,0,9,Drive,95.2925,152.3396,1.8773,1.0083,-12.6783,0,1,1,Ready,0,9,14.0826,10.9033,0.6004,0,Perfect,,2.35,-12.35,-1.95,11.2,0
2633,PlayerServeToss,Toss,1,-0.0117,48,1.8,0.455,-13.75,2.4581,3.1622,-12.1514,0,Serve prepare 1.00,0,9,Drive,95.2925,152.3396,1.8773,1.0083,-12.6783,0,1,1,Ready,0,9,14.3623,11.2674,0.3792,0,Perfect,,2.35,-12.35,-1.95,11.2,0
2634,PlayerServeToss,Toss,1,-0.0117,48,1.8,0.455,-13.75,2.4562,3.1546,-12.152,0,Serve prepare 1.00,0,9,Drive,95.2925,152.3396,1.8773,1.0083,-12.6783,0,1,1,Ready,0,9,14.0488,11.2185,0.2796,0,Perfect,,2.35,-12.35,-1.95,11.2,0
2635,PlayerServeToss,Toss,1,-0.0117,48,1.8,0.455,-13.75,2.4525,3.1375,-12.1531,0,Serve prepare 1.00,0,9,Drive,95.2925,152.3396,1.8773,1.0083,-12.6783,0,1,1,Ready,0,9,13.4061,10.8079,0.4243,0,Perfect,,2.35,-12.35,-1.95,11.2,0
2636,PlayerServeToss,Toss,1,-0.0117,48,1.8,0.455,-13.75,2.4506,3.1279,-12.1536,0,Serve prepare 1.00,0,9,Drive,95.2925,152.3396,1.8773,1.0083,-12.6783,0,1,1,Ready,0,9,12.5854,9.9911,0.3075,0,Perfect,,2.35,-12.35,-1.95,11.2,0
2637,PlayerServeToss,Toss,1,-0.0117,48,1.8,0.455,-13.75,2.4469,3.1066,-12.1548,0,Serve prepare 1.00,0,9,Drive,95.2925,152.3396,1.8773,1.0083,-12.6783,0,1,1,Ready,0,9,11.743,8.9013,0.4337,0,Perfect,,2.35,-12.35,-1.95,11.2,0
2638,PlayerServeToss,Toss,1,-0.0117,48,1.8,0.455,-13.75,2.445,3.095,-12.1553,0,Serve prepare 1.00,0,9,Drive,95.2925,152.3396,1.8773,1.0083,-12.6783,0,1,1,Ready,0,9,11.0943,7.5812,0.4767,0,Perfect,,2.35,-12.35,-1.95,11.2,0
2639,PlayerServeToss,Toss,1,-0.0117,48,1.8,0.455,-13.75,2.4413,3.0696,-12.1565,0,Serve prepare 1.00,0,9,Drive,95.2925,152.3396,1.8773,1.0083,-12.6783,0,1,1,Ready,0,9,10.5788,6.244,0.5286,0,Perfect,,2.35,-12.35,-1.95,11.2,0
2640,PlayerServeToss,Toss,1,-0.0117,48,1.8,0.455,-13.75,2.4394,3.0559,-12.157,0,Serve prepare 1.00,0,9,Drive,95.2925,152.3396,1.8773,1.0083,-12.6783,0,1,1,Ready,0,9,10.1836,5.0857,0.6944,0,Perfect,,2.35,-12.35,-1.95,11.2,0
2641,PlayerServeToss,Toss,1,-0.0117,48,1.8,0.455,-13.75,2.4357,3.0265,-12.1582,0,Serve prepare 1.00,0,9,Drive,95.2925,152.3396,1.8773,1.0083,-12.6783,0,1,1,Ready,0,9,9.9816,4.1686,0.664,0,Perfect,,2.35,-12.35,-1.95,11.2,0
2642,PlayerServeToss,Toss,1,-0.0117,48,1.8,0.455,-13.75,2.4338,3.0108,-12.1587,0,Serve prepare 1.00,0,9,Drive,95.2925,152.3396,1.8773,1.0083,-12.6783,0,1,1,Ready,0,9,10.0502,3.6289,0.4964,0,Perfect,,2.35,-12.35,-1.95,11.2,0
2643,PlayerServeToss,Toss,1,-0.0117,48,1.8,0.455,-13.75,2.4301,2.9773,-12.1599,0,Serve prepare 1.00,0,9,Drive,95.2925,152.3396,1.8773,1.0083,-12.6783,0,1,1,Ready,0,9,10.3515,3.4213,0.1801,0,Perfect,,2.35,-12.35,-1.95,11.2,0
2644,PlayerServeToss,Toss,1,-0.0117,48,1.8,0.455,-13.75,2.4282,2.9595,-12.1604,0,Serve prepare 1.00,0,9,Drive,95.2925,152.3396,1.8773,1.0083,-12.6783,0,1,1,Ready,0,9,10.8625,3.5916,0.4284,0,Perfect,,2.35,-12.35,-1.95,11.2,0
2645,PlayerServeToss,Toss,1,-0.0117,48,1.8,0.455,-13.75,2.4245,2.9219,-12.1616,0,Serve prepare 1.00,0,9,Drive,95.2925,152.3396,1.8773,1.0083,-12.6783,0,1,1,Ready,0,9,11.6199,4.002,0.7022,0,Perfect,,2.35,-12.35,-1.95,11.2,0
2646,PlayerServeToss,Toss,1,-0.0117,48,1.8,0.455,-13.75,2.4226,2.902,-12.1621,0,Serve prepare 1.00,0,9,Drive,95.2925,152.3396,1.8773,1.0083,-12.6783,0,1,1,Ready,0,9,12.7197,4.539,0.7758,0,Perfect,,2.35,-12.35,-1.95,11.2,0
2647,PlayerServeToss,Toss,1,-0.0117,48,1.8,0.455,-13.75,2.4189,2.8603,-12.1633,0,Serve prepare 1.00,0,9,Drive,95.2925,152.3396,1.8773,1.0083,-12.6783,0,1,1,Ready,0,9,13.9579,5.1971,0.7582,0,Perfect,,2.35,-12.35,-1.95,11.2,0
2648,PlayerServeToss,Toss,1,-0.0117,48,1.8,0.455,-13.75,2.417,2.8385,-12.1638,0,Serve prepare 1.00,0,9,Drive,95.2925,152.3396,1.8773,1.0083,-12.6783,0,1,1,Ready,0,9,15.2128,5.9223,0.659,0,Perfect,,2.35,-12.35,-1.95,11.2,0
2649,PlayerServeToss,Toss,1,-0.0117,48,1.8,0.455,-13.75,2.4133,2.7927,-12.165,0,Serve prepare 1.00,0,9,Drive,95.2925,152.3396,1.8773,1.0083,-12.6783,0,1,1,Ready,0,9,16.3573,6.7548,0.5545,0,Perfect,,2.35,-12.35,-1.95,11.2,0
2650,PlayerServeToss,Toss,1,-0.0117,48,1.8,0.455,-13.75,2.4114,2.7688,-12.1655,0,Serve prepare 1.00,1,0.18,Serve,95.2925,152.3396,1.8784,1.0124,-12.6776,0,1,1,Ready,0,9,17.2239,7.7437,0.4196,0,Perfect,,2.35,-12.35,-1.95,11.2,0
2651,PlayerServeToss,Toss,1,-0.0117,48,1.8,0.455,-13.75,2.4077,2.7189,-12.1667,0,Serve swing,1,0.1633,Serve,95.2925,152.3396,1.8815,1.0226,-12.6754,0.1036,1,1,Ready,0,9,17.8358,8.802,0.2838,0,Perfect,,2.35,-12.35,-1.95,11.2,0
2652,PlayerServeToss,Toss,1,-0.0117,48,1.8,0.455,-13.75,2.4058,2.693,-12.1672,0,Serve swing,1,0.155,Serve,96.0165,153.0636,1.8894,1.0343,-12.6515,0.0722,1,1,Ready,0,9,18.1128,9.8948,0.0335,0,Perfect,,2.35,-12.35,-1.95,11.2,0
2653,PlayerServeToss,Toss,1,-0.0117,48,1.8,0.455,-13.75,2.4021,2.639,-12.1684,0,Serve swing,1,0.1383,Serve,96.8678,153.915,1.9479,1.0739,-12.551,0.1059,1,1,Ready,0,9,18.2026,10.9221,0.0769,0,Perfect,,2.35,-12.35,-1.95,11.2,0
2654,PlayerServeToss,Toss,1,-0.0117,48,1.8,0.455,-13.75,2.4002,2.611,-12.1689,0,Serve swing,1,0.13,Serve,98.8056,156.8163,2.004,1.0991,-12.4322,0.3149,1,1,Ready,0,9,18.175,11.7914,0.0326,0,Perfect,,2.35,-12.35,-1.95,11.2,0
2655,PlayerServeToss,Toss,1,-0.0117,48,1.8,0.455,-13.75,2.3965,2.553,-12.1701,0,Serve swing,1,0.1133,Serve,95.1271,160.5011,2.1279,1.1543,-12.265,0.2399,1,1,Ready,0,9,18.1638,12.4594,0.0492,0,Perfect,,2.35,-12.35,-1.95,11.2,0
2656,PlayerServeToss,Toss,1,-0.0117,48,1.8,0.455,-13.75,2.3946,2.5229,-12.1706,0,Serve swing,1,0.105,Serve,93.5354,163.576,2.1758,1.1725,-12.2418,0.9435,1,1,Ready,0,9,18.366,12.8093,0.0395,0,Perfect,,2.35,-12.35,-1.95,11.2,0
2657,PlayerServeToss,Toss,1,-0.0117,48,1.8,0.455,-13.75,2.3909,2.4608,-12.1718,0,Serve swing,1,0.0883,Serve,85.7634,159.5941,2.2659,1.2339,-12.3192,1.7443,1,1,Ready,0,9,18.6363,12.9825,0.0402,0,Perfect,,2.35,-12.35,-1.95,11.2,0
2658,PlayerServeToss,Toss,1,-0.0117,48,1.8,0.455,-13.75,2.389,2.4287,-12.1723,0,Serve swing,1,0.08,Serve,81.9908,154.7682,2.2843,1.2713,-12.3997,5.2473,1,1,Ready,0,9,18.9377,13.0843,0.0175,0,Perfect,,2.35,-12.35,-1.95,11.2,0
2659,PlayerServeToss,Toss,1,-0.0117,48,1.8,0.455,-13.75,2.3853,2.3625,-12.1735,0,Serve swing,1,0.0633,Serve,70.9647,133.8704,2.2018,1.2972,-12.5937,6.5236,1,1,Ready,0,9,19.1557,13.0892,0.0837,0,Perfect,,2.35,-12.35,-1.95,11.2,0
2660,PlayerServeToss,Toss,1,-0.0117,48,1.8,0.455,-13.75,2.3834,2.3284,-12.174,0,Serve swing,1,0.055,Serve,62.409,117.8303,2.2535,1.5257,-12.5304,12.1229,1,1,Ready,0,9,19.173,13.0123,0.2344,0,Perfect,,2.35,-12.35,-1.95,11.2,0
2661,PlayerServeToss,Toss,1,-0.0117,48,1.8,0.455,-13.75,2.3797,2.2581,-12.1752,0,Serve swing,1,0.0383,Serve,43.5229,88.8427,2.441,1.8223,-12.13,2.4925,1,1,Ready,0,9,18.9807,12.8382,0.1348,0,Perfect,,2.35,-12.35,-1.95,11.2,0
2662,PlayerServeToss,Toss,1,-0.0117,48,1.8,0.455,-13.75,2.3778,2.2219,-12.1757,0,Serve swing,1,0.03,Serve,44.5261,80.2779,2.5041,1.8671,-12.0511,0,1,1,Ready,0,9,18.4894,12.5575,0.1479,0,Perfect,,2.35,-12.35,-1.95,11.2,0
2663,PlayerServeToss,Toss,1,-0.0117,48,1.8,0.455,-13.75,2.3741,2.1475,-12.1769,0,Serve swing,1,0.0133,Serve,34.3798,57.883,2.7284,1.88,-12.0285,0,1,1,Ready,0,9,17.8306,12.1689,0.2501,0,Perfect,,2.35,-12.35,-1.95,11.2,0
2664,PlayerServeToss,Toss,1,-0.0117,48,1.8,0.455,-13.75,2.3722,2.1093,-12.1774,0,Serve swing,1,0.005,Serve,29.7434,53.89,2.689,1.8233,-12.1919,0,1,1,Ready,0,9,17.0627,11.6473,0.5275,0,Perfect,,2.35,-12.35,-1.95,11.2,0
2665,Rally,None,1,-0.0117,53.5,1.2955,3.4926,-16.7513,2.3169,2.1266,-11.8374,1,Serve swing,1,-0.0033,Serve,27.2474,50.0117,2.5693,1.7405,-12.2844,0,1,1,Ready,0,9,16.2995,11.057,0.4972,0.2417,Perfect,,2.35,-12.35,-1.91,11.2,5.5
2666,Rally,None,1,-0.0117,53.5327,1.2932,3.4937,-16.7511,2.2039,2.129,-11.3964,1,Serve follow,1,-0.02,Serve,26.7794,44.2795,2.5132,1.7247,-12.2987,0,1,1,Run,0,9,6.6561,3.0089,0.999,0.1833,Perfect,,2.3481,-12.3491,-1.8299,11.2,0.0327
2667,Rally,None,1,-0.0117,53.5937,1.288,3.4929,-16.751,2.091,2.1285,-10.9554,1,Serve follow,1,-0.0367,Serve,26.4945,37.6374,2.4942,1.7189,-12.2948,0,1,1,Run,0,9,-2.6604,-5.3467,0,0.125,Perfect,,2.3438,-12.347,-1.7498,11.2,0.0611
2668,Rally,None,1,-0.0117,53.6795,1.29,3.4942,-16.7496,1.9215,2.1225,-10.2939,1,Serve follow,1,-0.0617,Serve,26.2408,27.959,2.5133,1.7048,-12.2877,0,1,1,Run,0,9,-11.6071,-13.881,7.0626,0.0667,Perfect,,2.3325,-12.3415,-1.6297,11.2,0.0857
2669,Rally,None,1,-0.0117,53.7867,1.2883,3.4947,-16.7479,1.8085,2.1149,-9.8528,1,Serve follow,1,-0.0783,Serve,28.2986,19.6616,2.54,1.6656,-12.2648,0,1,1,Run,0,9,-20.1972,-22.6194,2.7565,0.0083,Perfect,,2.3219,-12.3363,-1.5496,11.2,0.1072
2670,Rally,None,1,-0.0117,53.9125,1.2853,3.4954,-16.745,1.6391,2.098,-9.1913,1,Serve follow,1,-0.1033,Serve,29.249,10.7764,2.6134,1.6328,-12.2834,0,1,1,Run,0,9,-28.5988,-31.3638,1.2644,0,Perfect,,2.3013,-12.3262,-1.4295,11.2,0.1259
2671,Rally,None,1,-0.0117,54.0546,1.2816,3.496,-16.7415,1.5261,2.0832,-8.7503,1,Serve follow,1,-0.12,Serve,28.3418,8.7729,2.524,1.5206,-12.1032,0,1,1,Run,0,9,-36.965,-39.9436,0.3749,0,Perfect,,2.2845,-12.318,-1.3494,11.2,0.1421
2672,Rally,None,1,-0.0117,54.2108,1.2769,3.4965,-16.7372,1.4131,2.0656,-8.3092,1,Serve follow,1,-0.1367,Serve,27.059,5.925,2.462,1.4623,-12.055,0,1,1,Run,0,9,-45.3864,-48.1908,0.3514,0,Perfect,,2.2652,-12.3085,-1.2693,11.2,0.1562
2673,Rally,None,1,-0.0117,54.3792,1.2704,3.497,-16.7313,1.2437,2.0337,-7.6477,1,Serve follow,1,-0.1617,Serve,23.8472,-1.1789,2.4725,1.3115,-11.9948,0,1,1,Run,0,9,-47.3333,-49.5613,0.4175,0,Perfect,,2.2315,-12.292,-1.1492,11.2,0.1684
2674,Rally,None,1,-0.0117,54.5583,1.2629,3.4974,-16.7245,1.1307,2.0088,-7.2067,1,Serve follow,1,-0.1783,Serve,21.0516,2.654,2.5206,1.2329,-12.0015,0,1,1,Run,0,9,-47.9368,-48.9812,0,0,Perfect,,2.2059,-12.2795,-1.0691,11.2,0.1791
2675,Rally,None,1,-0.0117,54.7466,1.2534,3.4977,-16.7159,0.9613,1.9662,-6.5452,1,Serve follow,1,-0.2033,Serve,18.7334,-0.6264,2.5577,1.0874,-12.0405,0,1,1,Run,0,9,-48.7091,-48.2379,6.9524,0,Perfect,,2.1629,-12.2584,-0.949,11.2,0.1884
2676,Rally,None,1,-0.0117,54.9104,1.2427,3.498,-16.7063,0.8483,1.9342,-6.1041,1,Serve follow,1,-0.22,Serve,17.867,-3.3325,2.5783,1.0154,-12.0713,0,1,1,Run,0,9,-49.7129,-47.269,7.5726,0,Perfect,,2.1311,-12.2429,-1.029,11.2,0.1637
2677,Rally,None,1,-0.0117,55.0527,1.231,3.4983,-16.6959,0.7353,1.8993,-5.6631,1,Serve follow,1,-0.2367,Serve,17.715,0.2828,2.585,0.9814,-12.1147,0,1,1,Run,0,9,-37.7291,-33.9609,15.3516,0,Perfect,,2.0968,-12.2261,-1.1091,11.2,0.1424
2678,Rally,None,1,-0.0117,55.1765,1.2168,3.4985,-16.6832,0.5659,1.8415,-5.0016,1,Serve follow,1,-0.2617,Serve,16.9296,0.717,2.5544,0.9492,-12.1604,2.4247,1,1,Run,0,9,-24.0835,-20.2755,11.8799,0,Perfect,,2.0406,-12.1986,-1.2293,11.2,0.1238
2679,Rally,None,1,-0.0117,55.2841,1.2016,3.4987,-16.6695,0.4529,1.7995,-4.5605,1,Serve follow,1,-0.2783,Serve,16.7265,2.5917,2.532,0.944,-12.1662,3.0783,1,1,Run,0,9,-9.2466,-6.412,17.0181,0,Perfect,,2.0001,-12.1788,-1.3093,11.2,0.1076
2680,Rally,None,1,-0.0117,55.3776,1.1836,3.4989,-16.6535,0.2835,1.731,-3.899,1,Serve follow,0,9,Serve,17.3545,6.0381,2.4805,0.9531,-12.1238,2.5339,1,1,Run,0,9,6.2073,7.3561,0,0,Perfect,,1.9346,-12.1467,-1.4295,11.2,0.0935
2681,Rally,None,1,-0.0117,55.4589,1.1646,3.499,-16.6365,0.1705,1.6817,-3.458,1,Run,0,9,Serve,14.8448,2.0498,2.4218,0.9678,-12.0368,3.0078,0.9167,0.8333,Backhand prepare 0.08,0,9,19.9942,20.541,0,0,Perfect,,1.8878,-12.1238,-1.5095,11.2,0.0813
2682,Rally,None,1,-0.0117,55.5296,1.1446,3.4991,-16.6187,0.0575,1.6296,-3.017,1,Run,0,9,Serve,10.5463,-1.6245,2.3484,0.9414,-11.964,1.8724,0.8333,0.6667,Backhand prepare 0.17,0,9,30.1316,31.4996,0,0,Perfect,,1.8385,-12.0997,-1.5896,11.2,0.0707
2683,Rally,None,1,-0.0117,55.5911,1.1215,3.4993,-16.5981,-0.1119,1.546,-2.3554,1,Run,0,9,Serve,5.9717,-5.2698,2.2391,0.9101,-11.8753,0.5234,0.75,0.5,Backhand prepare 0.25,0,9,34.49,36.0397,0,0,Perfect,,1.7599,-12.0612,-1.7098,11.2,0.0615
2684,Rally,None,1,-0.0117,55.6445,1.0975,3.4994,-16.5767,-0.2249,1.4867,-1.9144,1,Run,0,9,Serve,1.1032,-8.8857,2.1456,0.879,-11.797,0.8743,0.6667,0.3333,Backhand prepare 0.38,0,9,26.4696,25.3144,0,0,Perfect,,1.7044,-12.0341,-1.7898,11.2,0.0534
2685,Rally,None,1,-0.0117,55.6909,1.0702,3.4994,-16.5524,-0.3943,1.3924,-1.2529,1,Run,0,9,Serve,-4.0477,-12.5184,2.0122,0.8554,-11.7028,3.3604,0.5833,0.1667,Backhand prepare 0.46,0,9,18.8478,16.0258,0,0,Perfect,,1.6165,-11.991,-1.91,11.2,0.0464
2686,Rally,None,1,-0.0117,55.7313,1.0421,3.4995,-16.5274,-0.5073,1.326,-0.8119,1,Run,0,9,Serve,-9.5211,-16.1866,1.8971,0.837,-11.6231,0,0.5,0,Backhand prepare 0.52,0,9,11.059,6.7404,0,0,Perfect,,1.5547,-11.9608,-1.99,11.2,0.0404
2687,Rally,None,1,-0.0117,55.7664,1.0132,3.4996,-16.5016,-0.6203,1.2566,-0.3708,1,Run,0,9,Serve,-15.3507,-19.9646,1.7732,0.8228,-11.5493,0,0.4167,0,Backhand prepare 0.56,0,9,3.6598,-0.3917,1.1629,0,Perfect,,1.4918,-11.93,-2.0701,11.2,0.0351
2688,Rally,None,1,-0.0117,55.7589,0.9812,3.4996,-16.4732,-0.7897,1.1472,0.2907,1,Run,0,9,Serve,-21.5497,-24.0412,1.6094,0.8117,-11.4673,10.367,0.3333,0,Backhand prepare 0.60,0,9,-2.9359,-8.5638,1.3074,0,Perfect,,1.3975,-11.8839,-2.1903,11.2,-0.0075
2689,Rally,None,1,-0.0117,55.6948,0.9489,3.4997,-16.4444,-0.9027,1.0707,0.7317,1,Run,0,9,Serve,-28.3952,-28.5345,1.4655,0.8147,-11.409,11.6869,0.25,0,Backhand prepare 0.65,0,9,-8.151,-19.8669,0.3617,0,Perfect,,1.3346,-11.8531,-2.2703,11.2,-0.0641
2690,Rally,None,1,-0.0117,55.5527,0.9141,3.4997,-16.4134,-1.0722,0.9505,1.3933,1,Run,0,9,Serve,-34.8391,-32.8368,1.2951,0.8155,-11.35,8.4729,0.1667,0,Backhand prepare 0.69,0,9,-6.2408,-24.2697,3.7652,0,Perfect,,1.2403,-11.807,-2.3905,11.2,-0.1422
2691,Rally,None,1,-0.0117,55.3715,0.8793,3.4998,-16.3824,-1.1851,0.8668,1.8343,1,Run,0,9,Serve,-34.4343,-33.174,1.2408,0.7967,-11.3282,0,0.0833,0,Backhand prepare 0.75,0,9,-1.2633,-23.5265,24.1646,0,Perfect,,1.1775,-11.7762,-2.4705,11.2,-0.1812
2692,Rally,None,1,-0.0117,55.1564,0.8445,3.4998,-16.3515,-1.2981,0.7803,2.2753,1,Run,0,9,Serve,-33.959,-33.5863,1.1888,0.7869,-11.3044,0,0,0,Backhand prepare 0.78,0,9,6.7482,-20.0346,0.6193,0,Perfect,,1.1146,-11.7454,-2.5506,11.2,-0.2151
2693,Rally,None,1,-0.0117,54.8829,0.8075,3.4998,-16.3185,-1.4675,0.645,2.9368,1,Run,0,9,Serve,-33.4967,-33.9899,1.1011,0.7784,-11.2635,0,0,0,Backhand prepare 0.82,0,9,18.9835,-17.252,0.0293,0,Perfect,,1.0203,-11.6993,-2.5813,11.2,-0.2735
2694,Rally,None,1,-0.0117,54.5875,0.7708,3.4998,-16.2858,-1.5805,0.5513,3.3779,1,Run,0,9,Serve,-33.0771,-34.3552,1.0438,0.7942,-11.239,2.3216,0,0,Backhand prepare 0.87,0,9,21.873,-31.3057,4.0416,0,Perfect,,0.9574,-11.6685,-2.5813,11.2,-0.2953
2695,Rally,None,1,-0.0117,54.2444,0.7321,3.4999,-16.2514,-1.75,0.4053,4.0394,1,Run,0,9,Serve,-32.6706,-34.7122,0.9564,0.798,-11.1998,1.6471,0,0,Backhand prepare 0.91,0,9,21.7931,-40.4631,0.3183,0,Perfect,,0.8631,-11.6224,-2.5813,11.2,-0.3432
2696,Rally,None,1,-0.0117,53.8884,0.6939,3.4999,-16.2175,-1.8629,0.3044,4.4804,1,Run,0,9,Serve,-32.4319,-34.9039,0.8976,0.8037,-11.1734,2.7157,0,0,Backhand prepare 0.97,0,9,21.0122,-40.2184,2.0747,0,Perfect,,0.8002,-11.5916,-2.5813,11.2,-0.356
2697,Rally,None,1,-0.0117,53.5213,0.6563,3.4999,-16.1839,-1.9759,0.2006,4.9214,1,Run,0,9,Serve,-32.318,-34.9706,0.8359,0.802,-11.1463,1.7368,0,0,Backhand prepare 1.00,0,9,16.4856,-40.7348,1.4496,0,Perfect,,0.7373,-11.5608,-2.5813,11.2,-0.3671
2698,Rally,None,1,-0.0117,53.1173,0.6167,3.4999,-16.1488,-2.1423,0.1327,5.5711,1,Run,0,9,Serve,-32.2826,-34.9579,0.7424,0.7942,-11.1065,1.8465,0,0,Backhand prepare 1.00,0,9,8.3891,-50.072,0.6676,0,Perfect,,0.643,-11.5147,-2.6214,11.2,-0.404
2699,Rally,None,1,-0.0117,52.7116,0.5778,3.4999,-16.1142,-2.2492,0.1961,5.9883,1,Run,0,9,Serve,-32.4302,-34.7588,0.6774,0.7873,-11.078,3.5489,0,0,Backhand prepare 1.00,1,0.1833,7.4963,-51.7336,0.6702,0,Perfect,,0.5801,-11.4839,-2.7014,11.2,-0.4057
2700,Rally,None,1,-0.0117,52.3574,0.5374,3.4999,-16.0782,-2.4095,0.2859,6.6141,1,Run,0,9,Serve,-32.6849,-34.446,0.5794,0.7865,-11.0295,3.4909,0,0,Forehand swing,1,0.1594,-8.6452,7.7526,4.241,0,Perfect,,0.4874,-11.4385,-2.8216,11.2,-0.3542
2701,Rally,None,1,-0.0117,52.0494,0.498,3.4999,-16.0431,-2.5163,0.3423,7.0313,1,Run,0,9,Serve,-32.9847,-34.0846,0.5136,0.7878,-10.9945,6.1106,0,0,Forehand swing,1,0.1434,8.065,29.1056,3.1369,0,Perfect,,0.4286,-11.4097,-2.9016,11.2,-0.308
2702,Rally,Ultimate,0,-0.0117,51.7816,0.4597,3.4999,-16.009,-2.6232,0.3959,7.4485,1,Run,0,9,Serve,-33.3134,-33.693,0.4509,0.7934,-10.9588,0,0,0,Forehand swing,1,0.1275,20.1817,44.3717,0,0,Perfect,,0.3723,-11.3822,-2.9817,11.2,-0.2677
2703,Rally,Ultimate,0,-0.0117,34,-3.3817,1.535,9.4009,-2.6232,0.3959,7.4485,1,Run,0,9,Serve,-33.6849,-33.2572,0.4447,0.7952,-10.948,3.8435,0,0,Forehand swing,1,0.1275,28.8415,53.1784,0,0,Perfect,,0.3723,-11.3822,-2.9817,11.2,-17.7816
2704,Rally,Ultimate,0,-0.0117,34,-3.3817,1.535,9.4037,-2.6232,0.3959,7.4485,1,Run,0,9,Serve,-33.6849,-33.2572,0.4447,0.7952,-10.948,0,0,0,Forehand swing,1,0.1275,28.1748,51.0124,0,0,Perfect,,0.3723,-11.3822,-2.9817,11.2,0
2705,Rally,Ultimate,0,-0.0117,34,-3.3817,1.535,9.4082,-2.6232,0.3959,7.4485,1,Run,0,9,Serve,-33.6849,-33.2572,0.4447,0.7952,-10.948,0,0,0,Forehand swing,1,0.1275,27.5082,48.8539,0,0,Perfect,,0.3723,-11.3822,-2.9817,11.2,0
2706,Rally,Ultimate,0,-0.0117,34,-3.3817,1.535,9.4142,-2.6232,0.3959,7.4485,1,Run,0,9,Serve,-33.6849,-33.2572,0.4447,0.7952,-10.948,0,0,0,Forehand swing,1,0.1275,26.8415,46.7014,0,0,Perfect,,0.3723,-11.3822,-2.9817,11.2,0
2707,Rally,Ultimate,0,-0.0117,34,-3.3817,1.535,9.4217,-2.6232,0.3959,7.4485,1,Run,0,9,Serve,-33.6849,-33.2572,0.4447,0.7952,-10.948,0,0,0,Forehand swing,1,0.1275,26.1748,44.5541,0,0,Perfect,,0.3723,-11.3822,-2.9817,11.2,0
2708,Rally,Ultimate,0,-0.0117,34,-3.3817,1.535,9.4305,-2.6232,0.3959,7.4485,1,Run,0,9,Serve,-33.6849,-33.2572,0.4447,0.7952,-10.948,0,0,0,Forehand swing,1,0.1275,25.5082,42.4111,0,0,Perfect,,0.3723,-11.3822,-2.9817,11.2,0
2709,Rally,Ultimate,0,-0.0117,34,-3.3817,1.535,9.4406,-2.6232,0.3959,7.4485,1,Run,0,9,Serve,-33.6849,-33.2572,0.4447,0.7952,-10.948,0,0,0,Forehand swing,1,0.1275,24.8415,40.2717,0,0,Perfect,,0.3723,-11.3822,-2.9817,11.2,0
2710,Rally,Ultimate,0,-0.0117,34,-3.3817,1.535,9.4517,-2.6232,0.3959,7.4485,1,Run,0,9,Serve,-33.6849,-33.2572,0.4447,0.7952,-10.948,0,0,0,Forehand swing,1,0.1275,24.1748,38.1374,0,0,Perfect,,0.3723,-11.3822,-2.9817,11.2,0
2711,Rally,Ultimate,0,-0.0117,34,-3.3817,1.535,9.4639,-2.6232,0.3959,7.4485,1,Run,0,9,Serve,-33.6849,-33.2572,0.4447,0.7952,-10.948,0,0,0,Forehand swing,1,0.1275,23.5082,36.0073,0,0,Perfect,,0.3723,-11.3822,-2.9817,11.2,0
2712,Rally,Ultimate,0,-0.0117,34,-3.3817,1.535,9.4769,-2.6232,0.3959,7.4485,1,Run,0,9,Serve,-33.6849,-33.2572,0.4447,0.7952,-10.948,0,0,0,Forehand swing,1,0.1275,22.8415,33.8849,0,0,Perfect,,0.3723,-11.3822,-2.9817,11.2,0
2713,Rally,Ultimate,0,-0.0117,34,-3.3817,1.535,9.4907,-2.6232,0.3959,7.4485,1,Run,0,9,Serve,-33.6849,-33.2572,0.4447,0.7952,-10.948,0,0,0,Forehand swing,1,0.1275,22.1748,31.7697,0,0,Perfect,,0.3723,-11.3822,-2.9817,11.2,0
2714,Rally,Ultimate,0,-0.0117,34,-3.3817,1.535,9.5052,-2.6232,0.3959,7.4485,1,Run,0,9,Serve,-33.6849,-33.2572,0.4447,0.7952,-10.948,0,0,0,Forehand swing,1,0.1275,21.5082,29.669,0,0,Perfect,,0.3723,-11.3822,-2.9817,11.2,0
2715,Rally,Ultimate,0,-0.0117,34,-3.3817,1.535,9.5202,-2.6232,0.3959,7.4485,1,Run,0,9,Serve,-33.6849,-33.2572,0.4447,0.7952,-10.948,0,0,0,Forehand swing,1,0.1275,20.8415,27.5816,0,0,Perfect,,0.3723,-11.3822,-2.9817,11.2,0
2716,Rally,Ultimate,0,-0.0117,34,-3.3817,1.535,9.5355,-2.6232,0.3959,7.4485,1,Run,0,9,Serve,-33.6849,-33.2572,0.4447,0.7952,-10.948,0,0,0,Forehand swing,1,0.1275,20.1748,25.5096,0,0,Perfect,,0.3723,-11.3822,-2.9817,11.2,0
2717,Rally,Ultimate,0,-0.0117,34,-3.3817,1.535,9.5512,-2.6232,0.3959,7.4485,1,Run,0,9,Serve,-33.6849,-33.2572,0.4447,0.7952,-10.948,0,0,0,Forehand swing,1,0.1275,19.5082,23.4552,0,0,Perfect,,0.3723,-11.3822,-2.9817,11.2,0
2718,Rally,Ultimate,0,-0.0117,34,-3.3817,1.535,9.567,-2.6232,0.3959,7.4485,1,Run,0,9,Serve,-33.6849,-33.2572,0.4447,0.7952,-10.948,0,0,0,Forehand swing,1,0.1275,18.8415,21.4153,0,0,Perfect,,0.3723,-11.3822,-2.9817,11.2,0
2719,Rally,Ultimate,0,-0.0117,34,-3.3817,1.535,9.583,-2.6232,0.3959,7.4485,1,Run,0,9,Serve,-33.6849,-33.2572,0.4447,0.7952,-10.948,0,0,0,Forehand swing,1,0.1275,18.1748,19.389,0,0,Perfect,,0.3723,-11.3822,-2.9817,11.2,0
2720,Rally,Ultimate,0,-0.0117,34,-3.3817,1.535,9.5988,-2.6232,0.3959,7.4485,1,Run,0,9,Serve,-33.6849,-33.2572,0.4447,0.7952,-10.948,0,0,0,Forehand swing,1,0.1275,17.5082,17.3753,0,0,Perfect,,0.3723,-11.3822,-2.9817,11.2,0
2721,Rally,Ultimate,0,-0.0117,34,-3.3817,1.535,9.6145,-2.6232,0.3959,7.4485,1,Run,0,9,Serve,-33.6849,-33.2572,0.4447,0.7952,-10.948,0,0,0,Forehand swing,1,0.1275,16.8415,15.3731,0,0,Perfect,,0.3723,-11.3822,-2.9817,11.2,0
2722,Rally,Ultimate,0,-0.0117,34,-3.3817,1.535,9.6298,-2.6232,0.3959,7.4485,1,Run,0,9,Serve,-33.6849,-33.2572,0.4447,0.7952,-10.948,0,0,0,Forehand swing,1,0.1275,16.1748,13.3803,0,0,Perfect,,0.3723,-11.3822,-2.9817,11.2,0
2723,Rally,Ultimate,0,-0.0117,34,-3.3817,1.535,9.6448,-2.6232,0.3959,7.4485,1,Run,0,9,Serve,-33.6849,-33.2572,0.4447,0.7952,-10.948,0,0,0,Forehand swing,1,0.1275,15.5082,11.3958,0,0,Perfect,,0.3723,-11.3822,-2.9817,11.2,0
2724,Rally,Ultimate,0,-0.0117,34,-3.3817,1.535,9.6593,-2.6232,0.3959,7.4485,1,Run,0,9,Serve,-33.6849,-33.2572,0.4447,0.7952,-10.948,0,0,0,Forehand swing,1,0.1275,15.5082,11.4042,0,0,Perfect,,0.3723,-11.3822,-2.9817,11.2,0
2725,Rally,Ultimate,0,-0.0117,34,-3.3817,1.535,9.6731,-2.6232,0.3959,7.4485,1,Run,0,9,Serve,-33.6849,-33.2572,0.4447,0.7952,-10.948,0,0,0,Forehand swing,1,0.1275,15.5082,11.4148,0,0,Perfect,,0.3723,-11.3822,-2.9817,11.2,0
2726,Rally,Ultimate,0,-0.0117,34,-3.3817,1.535,9.6861,-2.6232,0.3959,7.4485,1,Run,0,9,Serve,-33.6849,-33.2572,0.4447,0.7952,-10.948,0,0,0,Forehand swing,1,0.1275,15.5082,11.4266,0,0,Perfect,,0.3723,-11.3822,-2.9817,11.2,0
2727,Rally,Ultimate,0,-0.0117,34,-3.3817,1.535,9.6983,-2.6232,0.3959,7.4485,1,Run,0,9,Serve,-33.6849,-33.2572,0.4447,0.7952,-10.948,0,0,0,Forehand swing,1,0.1275,15.5082,11.4417,0,0,Perfect,,0.3723,-11.3822,-2.9817,11.2,0
2728,Rally,Ultimate,0,-0.0117,34,-3.3817,1.535,9.7094,-2.6232,0.3959,7.4485,1,Run,0,9,Serve,-33.6849,-33.2572,0.4447,0.7952,-10.948,0,0,0,Forehand swing,1,0.1275,15.5082,11.4571,0,0,Perfect,,0.3723,-11.3822,-2.9817,11.2,0
2729,Rally,Ultimate,0,-0.0117,34,-3.3817,1.535,9.7195,-2.6232,0.3959,7.4485,1,Run,0,9,Serve,-33.6849,-33.2572,0.4447,0.7952,-10.948,0,0,0,Forehand swing,1,0.1275,15.5082,11.4714,0,0,Perfect,,0.3723,-11.3822,-2.9817,11.2,0
2730,Rally,Ultimate,0,-0.0117,34,-3.3817,1.535,9.7283,-2.6232,0.3959,7.4485,1,Run,0,9,Serve,-33.6849,-33.2572,0.4447,0.7952,-10.948,0,0,0,Forehand swing,1,0.1275,15.5082,11.4869,0,0,Perfect,,0.3723,-11.3822,-2.9817,11.2,0
2731,Rally,Ultimate,0,-0.0117,34,-3.3817,1.535,9.7358,-2.6232,0.3959,7.4485,1,Run,0,9,Serve,-33.6849,-33.2572,0.4447,0.7952,-10.948,0,0,0,Forehand swing,1,0.1275,15.5082,11.4985,0,0,Perfect,,0.3723,-11.3822,-2.9817,11.2,0
2732,Rally,Ultimate,0,-0.0117,34,-3.3817,1.535,9.7418,-2.6232,0.3959,7.4485,1,Run,0,9,Serve,-33.6849,-33.2572,0.4447,0.7952,-10.948,0,0,0,Forehand swing,1,0.1275,15.5082,11.5082,0,0,Perfect,,0.3723,-11.3822,-2.9817,11.2,0
2733,Rally,Ultimate,0,-0.0117,34,-3.3817,1.535,9.7463,-2.6232,0.3959,7.4485,1,Run,0,9,Serve,-33.6849,-33.2572,0.4447,0.7952,-10.948,0,0,0,Forehand swing,1,0.1275,15.5082,11.5154,0,0,Perfect,,0.3723,-11.3822,-2.9817,11.2,0
2734,Rally,Ultimate,0,-0.0117,34,-3.3817,1.535,9.7491,-2.6232,0.3959,7.4485,1,Run,0,9,Serve,-33.6849,-33.2572,0.4447,0.7952,-10.948,0,0,0,Forehand swing,1,0.1275,15.5082,11.5197,0,0,Perfect,,0.3723,-11.3822,-2.9817,11.2,0
2735,Rally,Ultimate,0,-0.0117,43,-4.7817,0.835,8.9,-2.6232,0.3959,7.4485,1,Run,0,9,Serve,-33.6849,-33.2572,0.4447,0.7952,-10.948,0,0,0,Forehand swing,1,0.1275,15.5082,11.5207,0,0,Perfect,,0.3723,-11.3822,-2.9817,11.2,9
2736,Rally,Ultimate,0,-0.0117,43,-4.7609,0.835,8.9,-2.6232,0.3959,7.4485,1,Run,0,9,Serve,-33.6849,-33.2572,0.4447,0.7952,-10.948,0,0,0,Forehand swing,1,0.1275,15.5082,11.5181,0,0,Perfect,,0.3723,-11.3822,-2.9817,11.2,0
2737,Rally,Ultimate,0,-0.0117,43,-4.7401,0.835,8.9,-2.6232,0.3959,7.4485,1,Run,0,9,Serve,-33.6849,-33.2572,0.4447,0.7952,-10.948,0,0,0,Forehand swing,1,0.1275,15.5082,11.5123,0,0,Perfect,,0.3723,-11.3822,-2.9817,11.2,0
2738,Rally,Ultimate,0,-0.0117,43,-4.7192,0.835,8.9,-2.6232,0.3959,7.4485,1,Run,0,9,Serve,-33.6849,-33.2572,0.4447,0.7952,-10.948,0,0,0,Forehand swing,1,0.1275,15.5082,11.5038,0,0,Perfect,,0.3723,-11.3822,-2.9817,11.2,0
2739,Rally,Ultimate,0,-0.0117,43,-4.6984,0.835,8.9,-2.6232,0.3959,7.4485,1,Run,0,9,Serve,-33.6849,-33.2572,0.4447,0.7952,-10.948,0,0,0,Forehand swing,1,0.1275,15.5082,11.4923,0,0,Perfect,,0.3723,-11.3822,-2.9817,11.2,0
2740,Rally,Ultimate,0,-0.0117,43,-4.6776,0.835,8.9,-2.6232,0.3959,7.4485,1,Run,0,9,Serve,-33.6849,-33.2572,0.4447,0.7952,-10.948,0,0,0,Forehand swing,1,0.1275,15.5082,11.4795,0,0,Perfect,,0.3723,-11.3822,-2.9817,11.2,0
2741,Rally,Ultimate,0,-0.0117,43,-4.6567,0.835,8.9,-2.6232,0.3959,7.4485,1,Run,0,9,Serve,-33.6849,-33.2572,0.4447,0.7952,-10.948,0,0,0,Forehand swing,1,0.1275,15.5082,11.4653,0,0,Perfect,,0.3723,-11.3822,-2.9817,11.2,0
2742,Rally,Ultimate,0,-0.0117,43,-4.6359,0.835,8.9,-2.6232,0.3959,7.4485,1,Run,0,9,Serve,-33.6849,-33.2572,0.4447,0.7952,-10.948,0,0,0,Forehand swing,1,0.1275,15.5082,11.4501,0,0,Perfect,,0.3723,-11.3822,-2.9817,11.2,0
2743,Rally,Ultimate,0,-0.0117,43,-4.6151,0.835,8.9,-2.6232,0.3959,7.4485,1,Run,0,9,Serve,-33.6849,-33.2572,0.4447,0.7952,-10.948,0,0,0,Forehand swing,1,0.1275,15.5082,11.4356,0,0,Perfect,,0.3723,-11.3822,-2.9817,11.2,0
2744,Rally,Ultimate,0,-0.0117,43,-4.5942,0.835,8.9,-2.6232,0.3959,7.4485,1,Run,0,9,Serve,-33.6849,-33.2572,0.4447,0.7952,-10.948,0,0,0,Forehand swing,1,0.1275,15.5082,11.4223,0,0,Perfect,,0.3723,-11.3822,-2.9817,11.2,0
2745,Rally,Ultimate,0,-0.0117,43,-4.5734,0.835,8.9,-2.6232,0.3959,7.4485,1,Run,0,9,Serve,-33.6849,-33.2572,0.4447,0.7952,-10.948,0,0,0,Forehand swing,1,0.1275,15.5082,11.4117,0,0,Perfect,,0.3723,-11.3822,-2.9817,11.2,0
2746,Rally,Ultimate,0,-0.0117,43,-4.5526,0.835,8.9,-2.6232,0.3959,7.4485,1,Run,0,9,Serve,-33.6849,-33.2572,0.4447,0.7952,-10.948,0,0,0,Forehand swing,1,0.1275,15.5082,11.4024,0,0,Perfect,,0.3723,-11.3822,-2.9817,11.2,0
2747,Rally,Ultimate,0,-0.0117,43,-4.5317,0.835,8.9,-2.6232,0.3959,7.4485,1,Run,0,9,Serve,-33.6849,-33.2572,0.4447,0.7952,-10.948,0,0,0,Forehand swing,1,0.1275,15.5082,11.3947,0,0,Perfect,,0.3723,-11.3822,-2.9817,11.2,0
2748,Rally,Ultimate,0,-0.0117,43,-4.5109,0.835,8.9,-2.6232,0.3959,7.4485,1,Run,0,9,Serve,-33.6849,-33.2572,0.4447,0.7952,-10.948,0,0,0,Forehand swing,1,0.1275,15.5082,11.3885,0,0,Perfect,,0.3723,-11.3822,-2.9817,11.2,0
2749,Rally,Ultimate,0,-0.0117,43,-4.4901,0.835,8.9,-2.6232,0.3959,7.4485,1,Run,0,9,Serve,-33.6849,-33.2572,0.4447,0.7952,-10.948,0,0,0,Forehand swing,1,0.1275,15.5082,11.3845,0,0,Perfect,,0.3723,-11.3822,-2.9817,11.2,0
2750,Rally,Ultimate,0,-0.0117,43,-4.4692,0.835,8.9,-2.6232,0.3959,7.4485,1,Run,0,9,Serve,-33.6849,-33.2572,0.4447,0.7952,-10.948,0,0,0,Forehand swing,1,0.1275,15.5082,11.382,0,0,Perfect,,0.3723,-11.3822,-2.9817,11.2,0
2751,Rally,Ultimate,0,-0.0117,43,-4.4484,0.835,8.9,-2.6232,0.3959,7.4485,1,Run,0,9,Serve,-33.6849,-33.2572,0.4447,0.7952,-10.948,0,0,0,Forehand swing,1,0.1275,15.5082,11.3816,0,0,Perfect,,0.3723,-11.3822,-2.9817,11.2,0
2752,Rally,Ultimate,0,-0.0117,43,-4.4276,0.835,8.9,-2.6232,0.3959,7.4485,1,Run,0,9,Serve,-33.6849,-33.2572,0.4447,0.7952,-10.948,0,0,0,Forehand swing,1,0.1275,15.5082,11.3831,0,0,Perfect,,0.3723,-11.3822,-2.9817,11.2,0
2753,Rally,Ultimate,0,-0.0117,43,-4.4067,0.835,8.9,-2.6232,0.3959,7.4485,1,Run,0,9,Serve,-33.6849,-33.2572,0.4447,0.7952,-10.948,0,0,0,Forehand swing,1,0.1275,15.5082,11.3871,0,0,Perfect,,0.3723,-11.3822,-2.9817,11.2,0
2754,Rally,Ultimate,0,-0.0117,43,-4.3859,0.835,8.9,-2.6232,0.3959,7.4485,1,Run,0,9,Serve,-33.6849,-33.2572,0.4447,0.7952,-10.948,0,0,0,Forehand swing,1,0.1275,15.5082,11.3934,0,0,Perfect,,0.3723,-11.3822,-2.9817,11.2,0
2755,Rally,Ultimate,0,-0.0117,43,-4.3651,0.835,8.9,-2.6232,0.3959,7.4485,1,Run,0,9,Serve,-33.6849,-33.2572,0.4447,0.7952,-10.948,0,0,0,Forehand swing,1,0.1275,15.5082,11.4027,0,0,Perfect,,0.3723,-11.3822,-2.9817,11.2,0
2756,Rally,Ultimate,0,-0.0117,43,-4.3442,0.835,8.9,-2.6232,0.3959,7.4485,1,Run,0,9,Serve,-33.6849,-33.2572,0.4447,0.7952,-10.948,0,0,0,Forehand swing,1,0.1275,15.5082,11.414,0,0,Perfect,,0.3723,-11.3822,-2.9817,11.2,0
2757,Rally,Ultimate,0,-0.0117,43,-4.3234,0.835,8.9,-2.6232,0.3959,7.4485,1,Run,0,9,Serve,-33.6849,-33.2572,0.4447,0.7952,-10.948,0,0,0,Forehand swing,1,0.1275,15.5082,11.4282,0,0,Perfect,,0.3723,-11.3822,-2.9817,11.2,0
2758,Rally,Ultimate,0,-0.0117,43,-4.3026,0.835,8.9,-2.6232,0.3959,7.4485,1,Run,0,9,Serve,-33.6849,-33.2572,0.4447,0.7952,-10.948,0,0,0,Forehand swing,1,0.1275,15.5082,11.4435,0,0,Perfect,,0.3723,-11.3822,-2.9817,11.2,0
2759,Rally,Ultimate,0,-0.0117,43,-4.2817,0.835,8.9,-2.6232,0.3959,7.4485,1,Run,0,9,Serve,-33.6849,-33.2572,0.4447,0.7952,-10.948,0,0,0,Forehand swing,1,0.1275,15.5082,11.4578,0,0,Perfect,,0.3723,-11.3822,-2.9817,11.2,0
2760,Rally,Ultimate,0,-0.0117,43,-4.2609,0.835,8.9,-2.6232,0.3959,7.4485,1,Run,0,9,Serve,-33.6849,-33.2572,0.4447,0.7952,-10.948,0,0,0,Forehand swing,1,0.1275,15.5082,11.4717,0,0,Perfect,,0.3723,-11.3822,-2.9817,11.2,0
2761,Rally,Ultimate,0,-0.0117,43,-4.2401,0.835,8.9,-2.6232,0.3959,7.4485,1,Run,0,9,Serve,-33.6849,-33.2572,0.4447,0.7952,-10.948,0,0,0,Forehand swing,1,0.1275,15.5082,11.4856,0,0,Perfect,,0.3723,-11.3822,-2.9817,11.2,0
2762,Rally,Ultimate,0,-0.0117,43,-4.2192,0.835,8.9,-2.6232,0.3959,7.4485,1,Run,0,9,Serve,-33.6849,-33.2572,0.4447,0.7952,-10.948,0,0,0,Forehand swing,1,0.1275,15.5082,11.4977,0,0,Perfect,,0.3723,-11.3822,-2.9817,11.2,0
2763,Rally,Ultimate,0,-0.0117,43,-4.1984,0.835,8.9,-2.6232,0.3959,7.4485,1,Run,0,9,Serve,-33.6849,-33.2572,0.4447,0.7952,-10.948,0,0,0,Forehand swing,1,0.1275,15.5082,11.5083,0,0,Perfect,,0.3723,-11.3822,-2.9817,11.2,0
2764,Rally,Ultimate,0,-0.0117,43,-4.1776,0.835,8.9,-2.6232,0.3959,7.4485,1,Run,0,9,Serve,-33.6849,-33.2572,0.4447,0.7952,-10.948,0,0,0,Forehand swing,1,0.1275,15.5082,11.5159,0,0,Perfect,,0.3723,-11.3822,-2.9817,11.2,0
2765,Rally,Ultimate,0,-0.0117,43,-4.1567,0.835,8.9,-2.6232,0.3959,7.4485,1,Run,0,9,Serve,-33.6849,-33.2572,0.4447,0.7952,-10.948,0,0,0,Forehand swing,1,0.1275,15.5082,11.5198,0,0,Perfect,,0.3723,-11.3822,-2.9817,11.2,0
2766,Rally,Ultimate,0,-0.0117,43,-4.1359,0.835,8.9,-2.6232,0.3959,7.4485,1,Run,0,9,Serve,-33.6849,-33.2572,0.4447,0.7952,-10.948,0,0,0,Forehand swing,1,0.1275,15.5082,11.5207,0,0,Perfect,,0.3723,-11.3822,-2.9817,11.2,0
2767,Rally,Ultimate,0,-0.0117,43,-4.1151,0.835,8.9,-2.6232,0.3959,7.4485,1,Run,0,9,Serve,-33.6849,-33.2572,0.4447,0.7952,-10.948,0,0,0,Forehand swing,1,0.1275,15.5082,11.5182,0,0,Perfect,,0.3723,-11.3822,-2.9817,11.2,0
2768,Rally,Ultimate,0,-0.0117,43,-4.0942,0.835,8.9,-2.6232,0.3959,7.4485,1,Run,0,9,Serve,-33.6849,-33.2572,0.4447,0.7952,-10.948,0,0,0,Forehand swing,1,0.1275,15.5082,11.5124,0,0,Perfect,,0.3723,-11.3822,-2.9817,11.2,0
2769,Rally,Ultimate,0,-0.0117,43,-4.0734,0.835,8.9,-2.6232,0.3959,7.4485,1,Run,0,9,Serve,-33.6849,-33.2572,0.4447,0.7952,-10.948,0,0,0,Forehand swing,1,0.1275,15.5082,11.5034,0,0,Perfect,,0.3723,-11.3822,-2.9817,11.2,0
2770,Rally,Ultimate,0,-0.0117,43,-4.0526,0.835,8.9,-2.6232,0.3959,7.4485,1,Run,0,9,Serve,-33.6849,-33.2572,0.4447,0.7952,-10.948,0,0,0,Forehand swing,1,0.1275,15.5082,11.4902,0,0,Perfect,,0.3723,-11.3822,-2.9817,11.2,0
2771,Rally,Ultimate,0,-0.0117,43,-4.0317,0.835,8.9,-2.6232,0.3959,7.4485,1,Run,0,9,Serve,-33.6849,-33.2572,0.4447,0.7952,-10.948,0,0,0,Forehand swing,1,0.1275,15.5082,11.4765,0,0,Perfect,,0.3723,-11.3822,-2.9817,11.2,0
2772,Rally,Ultimate,0,-0.0117,43,-4.0109,0.835,8.9,-2.6232,0.3959,7.4485,1,Run,0,9,Serve,-33.6849,-33.2572,0.4447,0.7952,-10.948,0,0,0,Forehand swing,1,0.1275,15.5082,11.4608,0,0,Perfect,,0.3723,-11.3822,-2.9817,11.2,0
2773,Rally,Ultimate,0,-0.0117,43,-3.9901,0.835,8.9,-2.6232,0.3959,7.4485,1,Run,0,9,Serve,-33.6849,-33.2572,0.4447,0.7952,-10.948,0,0,0,Forehand swing,1,0.1275,15.5082,11.4449,0,0,Perfect,,0.3723,-11.3822,-2.9817,11.2,0
2774,Rally,Ultimate,0,-0.0117,43,-3.9692,0.835,8.9,-2.6232,0.3959,7.4485,1,Run,0,9,Serve,-33.6849,-33.2572,0.4447,0.7952,-10.948,0,0,0,Forehand swing,1,0.1275,15.5082,11.4301,0,0,Perfect,,0.3723,-11.3822,-2.9817,11.2,0
2775,Rally,Ultimate,0,-0.0117,43,-3.9484,0.835,8.9,-2.6232,0.3959,7.4485,1,Run,0,9,Serve,-33.6849,-33.2572,0.4447,0.7952,-10.948,0,0,0,Forehand swing,1,0.1275,15.5082,11.4181,0,0,Perfect,,0.3723,-11.3822,-2.9817,11.2,0
2776,Rally,Ultimate,0,-0.0117,43,-3.9276,0.835,8.9,-2.6232,0.3959,7.4485,1,Run,0,9,Serve,-33.6849,-33.2572,0.4447,0.7952,-10.948,0,0,0,Forehand swing,1,0.1275,15.5082,11.4074,0,0,Perfect,,0.3723,-11.3822,-2.9817,11.2,0
2777,Rally,Ultimate,0,-0.0117,43,-3.9067,0.835,8.9,-2.6232,0.3959,7.4485,1,Run,0,9,Serve,-33.6849,-33.2572,0.4447,0.7952,-10.948,0,0,0,Forehand swing,1,0.1275,15.5082,11.3976,0,0,Perfect,,0.3723,-11.3822,-2.9817,11.2,0
2778,Rally,Ultimate,0,-0.0117,43,-3.8859,0.835,8.9,-2.6232,0.3959,7.4485,1,Run,0,9,Serve,-33.6849,-33.2572,0.4447,0.7952,-10.948,0,0,0,Forehand swing,1,0.1275,15.5082,11.3902,0,0,Perfect,,0.3723,-11.3822,-2.9817,11.2,0
2779,Rally,Ultimate,0,-0.0117,43,-3.8651,0.835,8.9,-2.6232,0.3959,7.4485,1,Run,0,9,Serve,-33.6849,-33.2572,0.4447,0.7952,-10.948,0,0,0,Forehand swing,1,0.1275,15.5082,11.3851,0,0,Perfect,,0.3723,-11.3822,-2.9817,11.2,0
2780,Rally,Ultimate,0,-0.0117,43,-3.8442,0.835,8.9,-2.6232,0.3959,7.4485,1,Run,0,9,Serve,-33.6849,-33.2572,0.4447,0.7952,-10.948,0,0,0,Forehand swing,1,0.1275,15.5082,11.3822,0,0,Perfect,,0.3723,-11.3822,-2.9817,11.2,0
2781,Rally,Ultimate,0,-0.0117,43,-3.8234,0.835,8.9,-2.6232,0.3959,7.4485,1,Run,0,9,Serve,-33.6849,-33.2572,0.4447,0.7952,-10.948,0,0,0,Forehand swing,1,0.1275,15.5082,11.3815,0,0,Perfect,,0.3723,-11.3822,-2.9817,11.2,0
2782,Rally,Ultimate,0,-0.0117,43,-3.8026,0.835,8.9,-2.6232,0.3959,7.4485,1,Run,0,9,Serve,-33.6849,-33.2572,0.4447,0.7952,-10.948,0,0,0,Forehand swing,1,0.1275,15.5082,11.3829,0,0,Perfect,,0.3723,-11.3822,-2.9817,11.2,0
2783,Rally,Ultimate,0,-0.0117,43,-3.7817,0.835,8.9,-2.6232,0.3959,7.4485,1,Run,0,9,Serve,-33.6849,-33.2572,0.4447,0.7952,-10.948,0,0,0,Forehand swing,1,0.1275,15.5082,11.3865,0,0,Perfect,,0.3723,-11.3822,-2.9817,11.2,0
2784,Rally,Ultimate,0,-0.0117,44,-1.4817,0.685,7.7006,-2.6232,0.3959,7.4485,1,Run,0,9,Serve,-33.6849,-33.2572,0.4447,0.7952,-10.948,0,0,0,Forehand swing,1,0.1275,15.5082,11.3924,0,0,Perfect,,0.3723,-11.3822,-2.9817,11.2,1
2785,Rally,Ultimate,0,-0.0117,44,-1.4817,0.685,7.7022,-2.6232,0.3959,7.4485,1,Run,0,9,Serve,-33.6849,-33.2572,0.4447,0.7952,-10.948,0,0,0,Forehand swing,1,0.1275,15.5082,11.4012,0,0,Perfect,,0.3723,-11.3822,-2.9817,11.2,0
2786,Rally,Ultimate,0,-0.0117,44,-1.4817,0.685,7.705,-2.6232,0.3959,7.4485,1,Run,0,9,Serve,-33.6849,-33.2572,0.4447,0.7952,-10.948,0,0,0,Forehand swing,1,0.1275,15.5082,11.4121,0,0,Perfect,,0.3723,-11.3822,-2.9817,11.2,0
2787,Rally,Ultimate,0,-0.0117,44,-1.4817,0.685,7.7087,-2.6232,0.3959,7.4485,1,Run,0,9,Serve,-33.6849,-33.2572,0.4447,0.7952,-10.948,0,0,0,Forehand swing,1,0.1275,15.5082,11.4251,0,0,Perfect,,0.3723,-11.3822,-2.9817,11.2,0
2788,Rally,Ultimate,0,-0.0117,44,-1.4817,0.685,7.7135,-2.6232,0.3959,7.4485,1,Run,0,9,Serve,-33.6849,-33.2572,0.4447,0.7952,-10.948,0,0,0,Forehand swing,1,0.1275,15.5082,11.441,0,0,Perfect,,0.3723,-11.3822,-2.9817,11.2,0
2789,Rally,Ultimate,0,-0.0117,44,-1.4817,0.685,7.7191,-2.6232,0.3959,7.4485,1,Run,0,9,Serve,-33.6849,-33.2572,0.4447,0.7952,-10.948,0,0,0,Forehand swing,1,0.1275,15.5082,11.455,0,0,Perfect,,0.3723,-11.3822,-2.9817,11.2,0
2790,Rally,Ultimate,0,-0.0117,44,-1.4817,0.685,7.7257,-2.6232,0.3959,7.4485,1,Run,0,9,Serve,-33.6849,-33.2572,0.4447,0.7952,-10.948,0,0,0,Forehand swing,1,0.1275,15.5082,11.4684,0,0,Perfect,,0.3723,-11.3822,-2.9817,11.2,0
2791,Rally,Ultimate,0,-0.0117,44,-1.4817,0.685,7.733,-2.6232,0.3959,7.4485,1,Run,0,9,Serve,-33.6849,-33.2572,0.4447,0.7952,-10.948,0,0,0,Forehand swing,1,0.1275,15.5082,11.4813,0,0,Perfect,,0.3723,-11.3822,-2.9817,11.2,0
2792,Rally,Ultimate,0,-0.0117,44,-1.4817,0.685,7.7412,-2.6232,0.3959,7.4485,1,Run,0,9,Serve,-33.6849,-33.2572,0.4447,0.7952,-10.948,0,0,0,Forehand swing,1,0.1275,15.5082,11.4934,0,0,Perfect,,0.3723,-11.3822,-2.9817,11.2,0
2793,Rally,Ultimate,0,-0.0117,44,-1.4817,0.685,7.7501,-2.6232,0.3959,7.4485,1,Run,0,9,Serve,-33.6849,-33.2572,0.4447,0.7952,-10.948,0,0,0,Forehand swing,1,0.1275,15.5082,11.5043,0,0,Perfect,,0.3723,-11.3822,-2.9817,11.2,0
2794,Rally,Ultimate,0,-0.0117,44,-1.4817,0.685,7.7597,-2.6232,0.3959,7.4485,1,Run,0,9,Serve,-33.6849,-33.2572,0.4447,0.7952,-10.948,0,0,0,Forehand swing,1,0.1275,15.5082,11.5123,0,0,Perfect,,0.3723,-11.3822,-2.9817,11.2,0
2795,Rally,Ultimate,0,-0.0117,44,-1.4817,0.685,7.77,-2.6232,0.3959,7.4485,1,Run,0,9,Serve,-33.6849,-33.2572,0.4447,0.7952,-10.948,0,0,0,Forehand swing,1,0.1275,15.5082,11.5178,0,0,Perfect,,0.3723,-11.3822,-2.9817,11.2,0
2796,Rally,Ultimate,0,-0.0117,44,-1.4817,0.685,7.7809,-2.6232,0.3959,7.4485,1,Run,0,9,Serve,-33.6849,-33.2572,0.4447,0.7952,-10.948,0,0,0,Forehand swing,1,0.1275,15.5082,11.5206,0,0,Perfect,,0.3723,-11.3822,-2.9817,11.2,0
2797,Rally,Ultimate,0,-0.0117,44,-1.4817,0.685,7.7923,-2.6232,0.3959,7.4485,1,Run,0,9,Serve,-33.6849,-33.2572,0.4447,0.7952,-10.948,0,0,0,Forehand swing,1,0.1275,15.5082,11.5201,0,0,Perfect,,0.3723,-11.3822,-2.9817,11.2,0
2798,Rally,Ultimate,0,-0.0117,44,-1.4817,0.685,7.8043,-2.6232,0.3959,7.4485,1,Run,0,9,Serve,-33.6849,-33.2572,0.4447,0.7952,-10.948,0,0,0,Forehand swing,1,0.1275,15.5082,11.5163,0,0,Perfect,,0.3723,-11.3822,-2.9817,11.2,0
2799,Rally,Ultimate,0,-0.0117,44,-1.4817,0.685,7.8168,-2.6232,0.3959,7.4485,1,Run,0,9,Serve,-33.6849,-33.2572,0.4447,0.7952,-10.948,0,0,0,Forehand swing,1,0.1275,15.5082,11.5094,0,0,Perfect,,0.3723,-11.3822,-2.9817,11.2,0
2800,Rally,Ultimate,0,-0.0117,44,-1.4817,0.685,7.8296,-2.6232,0.3959,7.4485,1,Run,0,9,Serve,-33.6849,-33.2572,0.4447,0.7952,-10.948,0,0,0,Forehand swing,1,0.1275,15.5082,11.4989,0,0,Perfect,,0.3723,-11.3822,-2.9817,11.2,0
2801,Rally,Ultimate,0,-0.0117,44,-1.4817,0.685,7.8429,-2.6232,0.3959,7.4485,1,Run,0,9,Serve,-33.6849,-33.2572,0.4447,0.7952,-10.948,0,0,0,Forehand swing,1,0.1275,15.5082,11.4864,0,0,Perfect,,0.3723,-11.3822,-2.9817,11.2,0
2802,Rally,Ultimate,0,-0.0117,44,-1.4817,0.685,7.8565,-2.6232,0.3959,7.4485,1,Run,0,9,Serve,-33.6849,-33.2572,0.4447,0.7952,-10.948,0,0,0,Forehand swing,1,0.1275,15.5082,11.4719,0,0,Perfect,,0.3723,-11.3822,-2.9817,11.2,0
2803,Rally,Ultimate,0,-0.0117,44,-1.4817,0.685,7.8704,-2.6232,0.3959,7.4485,1,Run,0,9,Serve,-33.6849,-33.2572,0.4447,0.7952,-10.948,0,0,0,Forehand swing,1,0.1275,15.5082,11.459,0,0,Perfect,,0.3723,-11.3822,-2.9817,11.2,0
2804,Rally,Ultimate,0,-0.0117,44,-1.4817,0.685,7.8845,-2.6232,0.3959,7.4485,1,Run,0,9,Serve,-33.6849,-33.2572,0.4447,0.7952,-10.948,0,0,0,Forehand swing,1,0.1275,15.5082,11.4462,0,0,Perfect,,0.3723,-11.3822,-2.9817,11.2,0
2805,Rally,Ultimate,0,-0.0117,44,-1.4817,0.685,7.8989,-2.6232,0.3959,7.4485,1,Run,0,9,Serve,-33.6849,-33.2572,0.4447,0.7952,-10.948,0,0,0,Forehand swing,1,0.1275,15.5082,11.4335,0,0,Perfect,,0.3723,-11.3822,-2.9817,11.2,0
2806,Rally,Ultimate,0,-0.0117,44,-1.4817,0.685,7.9134,-2.6232,0.3959,7.4485,1,Run,0,9,Serve,-33.6849,-33.2572,0.4447,0.7952,-10.948,0,0,0,Forehand swing,1,0.1275,15.5082,11.4215,0,0,Perfect,,0.3723,-11.3822,-2.9817,11.2,0
2807,Rally,Ultimate,0,-0.0117,44,-1.4817,0.685,7.928,-2.6232,0.3959,7.4485,1,Run,0,9,Serve,-33.6849,-33.2572,0.4447,0.7952,-10.948,0,0,0,Forehand swing,1,0.1275,15.5082,11.4111,0,0,Perfect,,0.3723,-11.3822,-2.9817,11.2,0
2808,Rally,Ultimate,0,-0.0117,44,-1.4817,0.685,7.9426,-2.6232,0.3959,7.4485,1,Run,0,9,Serve,-33.6849,-33.2572,0.4447,0.7952,-10.948,0,0,0,Forehand swing,1,0.1275,15.5082,11.4018,0,0,Perfect,,0.3723,-11.3822,-2.9817,11.2,0
2809,Rally,Ultimate,0,-0.0117,44,-1.4817,0.685,7.9574,-2.6232,0.3959,7.4485,1,Run,0,9,Serve,-33.6849,-33.2572,0.4447,0.7952,-10.948,0,0,0,Forehand swing,1,0.1275,15.5082,11.3943,0,0,Perfect,,0.3723,-11.3822,-2.9817,11.2,0
2810,Rally,Ultimate,0,-0.0117,44,-1.4817,0.685,7.972,-2.6232,0.3959,7.4485,1,Run,0,9,Serve,-33.6849,-33.2572,0.4447,0.7952,-10.948,0,0,0,Forehand swing,1,0.1275,15.5082,11.3881,0,0,Perfect,,0.3723,-11.3822,-2.9817,11.2,0
2811,Rally,Ultimate,0,-0.0117,44,-1.4817,0.685,7.9866,-2.6232,0.3959,7.4485,1,Run,0,9,Serve,-33.6849,-33.2572,0.4447,0.7952,-10.948,0,0,0,Forehand swing,1,0.1275,15.5082,11.3841,0,0,Perfect,,0.3723,-11.3822,-2.9817,11.2,0
2812,Rally,Ultimate,0,-0.0117,44,-1.4817,0.685,8.0011,-2.6232,0.3959,7.4485,1,Run,0,9,Serve,-33.6849,-33.2572,0.4447,0.7952,-10.948,0,0,0,Forehand swing,1,0.1275,15.5082,11.3819,0,0,Perfect,,0.3723,-11.3822,-2.9817,11.2,0
2813,Rally,Ultimate,0,-0.0117,44,-1.4817,0.685,8.0155,-2.6232,0.3959,7.4485,1,Run,0,9,Serve,-33.6849,-33.2572,0.4447,0.7952,-10.948,0,0,0,Forehand swing,1,0.1275,15.5082,11.3816,0,0,Perfect,,0.3723,-11.3822,-2.9817,11.2,0
2814,Rally,Ultimate,0,-0.0117,44,-1.4817,0.685,8.0296,-2.6232,0.3959,7.4485,1,Run,0,9,Serve,-33.6849,-33.2572,0.4447,0.7952,-10.948,0,0,0,Forehand swing,1,0.1275,15.5082,11.3834,0,0,Perfect,,0.3723,-11.3822,-2.9817,11.2,0
2815,Rally,Ultimate,0,-0.0117,44,-1.4817,0.685,8.0435,-2.6232,0.3959,7.4485,1,Run,0,9,Serve,-33.6849,-33.2572,0.4447,0.7952,-10.948,0,0,0,Forehand swing,1,0.1275,15.5082,11.3873,0,0,Perfect,,0.3723,-11.3822,-2.9817,11.2,0
2816,Rally,Ultimate,0,-0.0117,44,-1.4817,0.685,8.0571,-2.6232,0.3959,7.4485,1,Run,0,9,Serve,-33.6849,-33.2572,0.4447,0.7952,-10.948,0,0,0,Forehand swing,1,0.1275,15.5082,11.3932,0,0,Perfect,,0.3723,-11.3822,-2.9817,11.2,0
2817,Rally,Ultimate,0,-0.0117,44,-1.4817,0.685,8.0704,-2.6232,0.3959,7.4485,1,Run,0,9,Serve,-33.6849,-33.2572,0.4447,0.7952,-10.948,0,0,0,Forehand swing,1,0.1275,15.5082,11.4014,0,0,Perfect,,0.3723,-11.3822,-2.9817,11.2,0
2818,Rally,Ultimate,0,-0.0117,44,-1.4817,0.685,8.0832,-2.6232,0.3959,7.4485,1,Run,0,9,Serve,-33.6849,-33.2572,0.4447,0.7952,-10.948,0,0,0,Forehand swing,1,0.1275,15.5082,11.4102,0,0,Perfect,,0.3723,-11.3822,-2.9817,11.2,0
2819,Rally,Ultimate,0,-0.0117,44,-1.4817,0.685,8.0957,-2.6232,0.3959,7.4485,1,Run,0,9,Serve,-33.6849,-33.2572,0.4447,0.7952,-10.948,0,0,0,Forehand swing,1,0.1275,15.5082,11.4204,0,0,Perfect,,0.3723,-11.3822,-2.9817,11.2,0
2820,Rally,Ultimate,0,-0.0117,44,-1.4817,0.685,8.1077,-2.6232,0.3959,7.4485,1,Run,0,9,Serve,-33.6849,-33.2572,0.4447,0.7952,-10.948,0,0,0,Forehand swing,1,0.1275,15.5082,11.4317,0,0,Perfect,,0.3723,-11.3822,-2.9817,11.2,0
2821,Rally,Ultimate,0,-0.0117,44,-1.4817,0.685,8.1191,-2.6232,0.3959,7.4485,1,Run,0,9,Serve,-33.6849,-33.2572,0.4447,0.7952,-10.948,0,0,0,Forehand swing,1,0.1275,15.5082,11.4444,0,0,Perfect,,0.3723,-11.3822,-2.9817,11.2,0
2822,Rally,Ultimate,0,-0.0117,44,-1.4817,0.685,8.13,-2.6232,0.3959,7.4485,1,Run,0,9,Serve,-33.6849,-33.2572,0.4447,0.7952,-10.948,0,0,0,Forehand swing,1,0.1275,15.5082,11.4576,0,0,Perfect,,0.3723,-11.3822,-2.9817,11.2,0
2823,Rally,Ultimate,0,-0.0117,44,-1.4817,0.685,8.1403,-2.6232,0.3959,7.4485,1,Run,0,9,Serve,-33.6849,-33.2572,0.4447,0.7952,-10.948,0,0,0,Forehand swing,1,0.1275,15.5082,11.4705,0,0,Perfect,,0.3723,-11.3822,-2.9817,11.2,0
2824,Rally,Ultimate,0,-0.0117,44,-1.4817,0.685,8.1499,-2.6232,0.3959,7.4485,1,Run,0,9,Serve,-33.6849,-33.2572,0.4447,0.7952,-10.948,0,0,0,Forehand swing,1,0.1275,15.5082,11.4834,0,0,Perfect,,0.3723,-11.3822,-2.9817,11.2,0
2825,Rally,Ultimate,0,-0.0117,44,-1.4817,0.685,8.1588,-2.6232,0.3959,7.4485,1,Run,0,9,Serve,-33.6849,-33.2572,0.4447,0.7952,-10.948,0,0,0,Forehand swing,1,0.1275,15.5082,11.4952,0,0,Perfect,,0.3723,-11.3822,-2.9817,11.2,0
2826,Rally,Ultimate,0,-0.0117,44,-1.4817,0.685,8.167,-2.6232,0.3959,7.4485,1,Run,0,9,Serve,-33.6849,-33.2572,0.4447,0.7952,-10.948,0,0,0,Forehand swing,1,0.1275,15.5082,11.5058,0,0,Perfect,,0.3723,-11.3822,-2.9817,11.2,0
2827,Rally,Ultimate,0,-0.0117,44,-1.4817,0.685,8.1743,-2.6232,0.3959,7.4485,1,Run,0,9,Serve,-33.6849,-33.2572,0.4447,0.7952,-10.948,0,0,0,Forehand swing,1,0.1275,15.5082,11.5138,0,0,Perfect,,0.3723,-11.3822,-2.9817,11.2,0
2828,Rally,Ultimate,0,-0.0117,44,-1.4817,0.685,8.1809,-2.6232,0.3959,7.4485,1,Run,0,9,Serve,-33.6849,-33.2572,0.4447,0.7952,-10.948,0,0,0,Forehand swing,1,0.1275,15.5082,11.5188,0,0,Perfect,,0.3723,-11.3822,-2.9817,11.2,0
2829,Rally,Ultimate,0,-0.0117,44,-1.4817,0.685,8.1865,-2.6232,0.3959,7.4485,1,Run,0,9,Serve,-33.6849,-33.2572,0.4447,0.7952,-10.948,0,0,0,Forehand swing,1,0.1275,15.5082,11.5208,0,0,Perfect,,0.3723,-11.3822,-2.9817,11.2,0
2830,Rally,Ultimate,0,-0.0117,44,-1.4817,0.685,8.1913,-2.6232,0.3959,7.4485,1,Run,0,9,Serve,-33.6849,-33.2572,0.4447,0.7952,-10.948,0,0,0,Forehand swing,1,0.1275,15.5082,11.519,0,0,Perfect,,0.3723,-11.3822,-2.9817,11.2,0
2831,Rally,Ultimate,0,-0.0117,44,-1.4817,0.685,8.195,-2.6232,0.3959,7.4485,1,Run,0,9,Serve,-33.6849,-33.2572,0.4447,0.7952,-10.948,0,0,0,Forehand swing,1,0.1275,15.5082,11.5136,0,0,Perfect,,0.3723,-11.3822,-2.9817,11.2,0
2832,Rally,Ultimate,0,-0.0117,44,-1.4817,0.685,8.1978,-2.6232,0.3959,7.4485,1,Run,0,9,Serve,-33.6849,-33.2572,0.4447,0.7952,-10.948,0,0,0,Forehand swing,1,0.1275,15.5082,11.5045,0,0,Perfect,,0.3723,-11.3822,-2.9817,11.2,0
2833,Rally,Ultimate,0,-0.0117,44,-1.4817,0.685,8.1994,-2.6232,0.3959,7.4485,1,Run,0,9,Serve,-33.6849,-33.2572,0.4447,0.7952,-10.948,0,0,0,Forehand swing,1,0.1275,15.5082,11.4929,0,0,Perfect,,0.3723,-11.3822,-2.9817,11.2,0
2834,Rally,None,1,-0.0117,50,0.2048,3.5,-15.7822,-2.6232,0.3959,7.4485,1,Run,0,9,Serve,-33.6849,-33.2572,0.4447,0.7952,-10.948,0,0,0,Forehand swing,1,0.1275,15.5082,11.4809,0,0,Perfect,,0.3723,-11.3822,-2.9817,11.2,6
2835,Rally,None,1,-0.0117,50,0.199,3.5,-15.7771,-2.7835,0.4711,8.0743,1,Run,0,9,Serve,-33.6849,-33.2572,0.365,0.7952,-10.909,0,0,0,Forehand swing,1,0.1036,17.6542,21.0334,0,0,Perfect,,0.2925,-11.3432,-3.1019,11.2,0
2836,Rally,None,1,-0.0117,50,0.1905,3.5,-15.7695,-2.8904,0.5178,8.4915,1,Run,0,9,Serve,-34.0056,-32.8732,0.3104,0.8165,-10.8748,5.947,0,0,Forehand swing,1,0.0877,26.3025,43.2559,16.5392,0,Perfect,,0.2425,-11.3187,-3.1819,11.2,0
2837,Rally,None,1,-0.0117,50,0.1779,3.5,-15.7583,-3.0507,0.5825,9.1173,1,Run,0,9,Serve,-34.2381,-32.5787,0.2372,0.8346,-10.8335,5.7268,0,0,Forehand swing,1,0.0638,29.2198,45.7935,19.0539,0,Perfect,,0.1721,-11.2842,-3.3021,11.2,0
2838,Rally,None,1,-0.0117,50,0.1639,3.5,-15.7458,-3.1575,0.6222,9.5345,1,Run,0,9,Serve,-34.4364,-32.3226,0.1905,0.8435,-10.807,4.6634,0,0,Forehand swing,1,0.0478,32.536,40.1733,0.8375,0,Perfect,,0.1282,-11.2628,-3.3433,11.2,0
2839,Rally,None,1,-0.0117,50,0.1487,3.5,-15.7323,-3.2644,0.6591,9.9517,1,Run,0,9,Serve,-34.6299,-32.074,0.1457,0.847,-10.7829,2.5406,0,0,Forehand swing,1,0.0319,28.6409,27.067,0.558,0,Perfect,,0.0869,-11.2425,-3.3433,11.2,0
2840,Rally,None,1,-0.0117,50,0.1314,3.5,-15.7169,-3.4247,0.7092,10.5776,1,Run,0,9,Serve,-34.7471,-31.904,0.0858,0.8468,-10.7528,2.1056,0,0,Forehand swing,1,0.008,24.1931,11.1137,0.6647,0,Perfect,,0.0296,-11.2145,-3.3433,11.2,0
2841,Rally,None,1,-0.0117,50.1306,0.1151,3.5,-15.7024,-3.4781,0.7245,10.6662,1,Run,0,9,Serve,-34.7852,-31.8182,0.0668,0.8442,-10.7435,2.9963,0,0,Forehand swing,1,0,20.0289,4.2888,2.6024,0,Perfect,R;,0.0117,-11.2057,-3.3493,11.2,0.1306
2842,Rally,None,1,-0.0117,50.2769,0.0985,3.5,-15.6876,-3.4171,0.8036,10.3945,1,Run,0,9,Serve,-34.777,-31.7809,0.033,0.8399,-10.7281,0.1953,0,0,Forehand swing,1,-0.0167,19.5305,1.8578,11.5331,0,Perfect,,-0.0221,-11.1892,-3.2692,11.2,0.1462
2843,Rally,None,1,-0.0117,50.4367,0.0818,3.5,-15.6728,-3.3572,0.88,10.1228,1,Run,0,9,Serve,-34.7693,-31.7473,0.0019,0.8341,-10.7142,1.2594,0,0,Forehand follow,1,-0.0333,4.5311,-14.6596,2.4385,0,Perfect,,-0.0535,-11.1738,-3.1891,11.2,0.1598
2844,Rally,None,1,-0.0117,50.6083,0.0642,3.5,-15.6571,-3.2694,0.9894,9.7153,1,Run,0,9,Serve,-34.7509,-31.7283,-0.0404,0.825,-10.6955,1.7693,0,0,Forehand follow,1,-0.0583,-14.7697,-35.7087,2.6724,0,Perfect,,-0.0958,-11.1531,-3.069,11.2,0.1716
2845,Rally,None,1,-0.0117,50.7901,0.0471,3.5,-15.6419,-3.2123,1.059,9.4436,1,Run,0,9,Serve,-34.7104,-31.7363,-0.0656,0.8185,-10.6861,2.8014,0,0,Forehand follow,1,-0.075,-31.3488,-51.6977,4.8434,0,Perfect,,-0.1209,-11.1408,-2.9889,11.2,0.1818
2846,Rally,None,1,-0.0117,50.9808,0.0293,3.5,-15.6264,-3.1286,1.1582,9.0361,1,Run,0,9,Serve,-34.6543,-31.7633,-0.1063,0.8104,-10.6718,2.2996,0,0,Forehand follow,1,-0.1,-46.9573,-68.4789,4.4285,0,Perfect,,-0.1618,-11.1232,-2.8688,11.2,0.1907
2847,Rally,None,1,-0.0117,51.1793,0.0117,3.5,-15.6115,-3.0743,1.221,8.7645,1,Run,0,9,Serve,-36.8112,-33.5225,-0.1552,0.8082,-10.6663,0,0,0,Forehand follow,1,-0.1167,-53.1523,-74.8197,11.6694,0,Perfect,,-0.1925,-11.1118,-2.7887,11.2,0.1985
2848,Rally,None,1,-0.0117,51.3845,-0.0061,3.5,-15.597,-3.021,1.281,8.4928,1,Run,0,9,Serve,-38.0023,-34.5836,-0.1978,0.8083,-10.6603,0,0,0,Forehand follow,1,-0.1333,-57.1002,-79.8471,4.3172,0,Perfect,,-0.226,-11.1007,-2.7086,11.2,0.2052
2849,Rally,None,1,-0.0117,51.5955,-0.0255,3.5,-15.5823,-2.9432,1.366,8.0853,1,Run,0,9,Serve,-39.0359,-35.5835,-0.2608,0.8073,-10.6483,0,0,0,Forehand follow,1,-0.1583,-59.3757,-83.1767,2.0572,0,Perfect,,-0.2814,-11.0847,-2.5885,11.2,0.2111
2850,Rally,None,1,-0.0117,51.8117,-0.0453,3.5,-15.5682,-2.8927,1.4192,7.8136,1,Run,0,9,Serve,-40.429,-36.9315,-0.3124,0.8061,-10.6417,0,0,0,Forehand follow,1,-0.175,-62.2858,-86.252,0,0,Perfect,,-0.3217,-11.0744,-2.5084,11.2,0.2161
2851,Rally,None,1,-0.0117,52.0322,-0.0672,3.5,-15.5541,-2.8191,1.4939,7.4061,1,Run,0,9,Serve,-41.1548,-37.8533,-0.3829,0.8024,-10.6302,0,0,0,Forehand follow,1,-0.2,-63.7831,-89.878,2.5369,0,Perfect,,-0.3874,-11.0598,-2.3883,11.2,0.2206
2852,Rally,None,1,-0.0117,52.2567,-0.0897,3.5,-15.5406,-2.7714,1.5403,7.1344,1,Run,0,9,Serve,-42.1972,-39.1197,-0.4373,0.7979,-10.6256,0,0,0,Forehand follow,1,-0.2167,-63.2226,-93.1128,2.4216,0,Perfect,,-0.4346,-11.0507,-2.3082,11.2,0.2244
2853,Rally,None,1,-0.0117,52.4844,-0.1128,3.5,-15.5277,-2.7248,1.5839,6.8627,1,Run,0,9,Serve,-42.6456,-40.1053,-0.4876,0.7897,-10.6235,0,0,0,Forehand follow,1,-0.2333,-61.9526,-95.2919,0.5304,0,Perfect,,-0.4846,-11.042,-2.2281,11.2,0.2278
2854,Rally,None,1,-0.0117,52.7151,-0.1386,3.5,-15.5149,-2.657,1.6444,6.4552,1,Run,0,9,Serve,-42.9516,-41.1811,-0.5647,0.779,-10.6202,0,0,0,Forehand follow,1,-0.2583,-60.153,-98.3271,2.0328,0,Perfect,,-0.5646,-11.0301,-2.108,11.2,0.2307
2855,Rally,None,1,-0.0117,52.9483,-0.1651,3.5,-15.5029,-2.6132,1.6812,6.1836,1,Run,0,9,Serve,-43.544,-42.6236,-0.6194,0.7683,-10.624,0,0,0,Forehand follow,1,-0.275,-57.4423,-101.3439,2.7585,0,Perfect,,-0.6214,-11.0229,-2.0279,11.2,0.2332
2856,Rally,None,1,-0.0117,53.1836,-0.1947,3.5,-15.4912,-2.5496,1.7314,5.776,1,Run,0,9,Serve,-43.7772,-43.7173,-0.7044,0.7612,-10.625,3.6031,0,0,Forehand follow,0,9,-55.8156,-101.4378,1.9184,0,Perfect,,-0.7115,-11.0136,-1.9078,11.2,0.2354
2857,Rally,None,1,-0.0117,53.4209,-0.2249,3.5,-15.4804,-2.5085,1.7614,5.5044,1,Run,0,9,Serve,-44.2854,-45.2527,-0.7639,0.7576,-10.6336,1.4417,0,0,Run,0,9,-51.1122,-48.879,0,0,Perfect,,-0.7748,-11.0085,-1.8277,11.2,0.2373
2858,Rally,None,1,-0.0117,53.6599,-0.256,3.5,-15.4705,-2.4686,1.7888,5.2327,1,Run,0,9,Serve,-44.4914,-46.4505,-0.8223,0.7588,-10.6439,1.3364,0,0,Run,0,9,-50.1023,-49.9655,0,0,Perfect,,-0.8408,-11.0044,-1.7476,11.2,0.239
2859,Rally,None,1,-0.0117,53.9003,-0.2904,3.5,-15.4614,-2.4108,1.8247,4.8252,1,Run,0,9,Serve,-44.9002,-47.5373,-0.9213,0.7694,-10.6514,0.2161,0,0,Run,0,9,-49.1446,-50.9992,0,0,Perfect,,-0.9444,-11.0005,-1.6275,11.2,0.2404
2860,Rally,None,1,-0.0117,54.1419,-0.3254,3.5,-15.4529,-2.3737,1.8452,4.5535,1,Run,0,9,Serve,-45.9757,-49.0594,-1.0386,0.7813,-10.6572,0.2699,0,0,Run,0,9,-48.2471,-51.9725,3.8751,0,Perfect,,-1.0158,-10.9968,-1.5474,11.2,0.2416
2861,Rally,None,1,-0.0117,54.3847,-0.3637,3.5,-15.4442,-2.32,1.8708,4.146,1,Run,0,9,Serve,-44.7719,-47.3312,-1.1435,0.7832,-10.6388,0.7451,0,0,Run,0,9,-47.5209,-52.7731,1.417,0,Perfect,,-1.1243,-10.9863,-1.4273,11.2,0.2427
2862,Rally,None,1,-0.0117,54.5957,-0.4022,3.5,-15.4353,-2.2857,1.8845,3.8743,1,Run,0,9,Serve,-43.093,-44.5093,-1.1714,0.7931,-10.6116,1.4733,0,0,Run,0,9,-47.1628,-53.2039,5.3784,0,Perfect,,-1.1964,-10.9759,-1.3472,11.2,0.211
2863,Rally,None,1,-0.0117,54.7792,-0.4407,3.5,-15.4259,-2.2524,1.8955,3.6027,1,Run,0,9,Serve,-42.2954,-42.3806,-1.247,0.8194,-10.5812,10.6905,0,0,Run,0,9,-47.1092,-53.3293,0.7251,0,Perfect,,-1.267,-10.9632,-1.2671,11.2,0.1835
2864,Rally,None,1,-0.0117,54.9387,-0.4814,3.5,-15.4149,-2.2046,1.9069,3.1952,1,Run,0,9,Serve,-41.672,-40.5381,-1.3538,0.8308,-10.5432,0.2158,0,0,Run,0,9,-47.3837,-53.1252,1.6078,0,Perfect,,-1.3684,-10.9416,-1.147,11.2,0.1595
2865,Rally,None,1,-0.0117,55.0773,-0.5215,3.5,-15.4033,-2.1742,1.911,2.9235,1,Run,0,9,Serve,-40.9666,-38.7318,-1.421,0.8269,-10.5133,7.7075,0,0,Run,0,9,-48.0395,-52.5376,0.0228,0,Perfect,,-1.4326,-10.9264,-1.0669,11.2,0.1387
2866,Rally,None,1,-0.0117,55.1979,-0.5628,3.5,-15.3902,-2.1305,1.9121,2.516,1,Run,0,9,Serve,-40.9203,-37.6406,-1.5183,0.8317,-10.4807,0.8834,0,0,Run,0,9,-48.8774,-51.7652,0.598,0,Perfect,,-1.5238,-10.9032,-0.9468,11.2,0.1205
2867,Rally,None,1,-0.0117,55.3026,-0.6029,3.5,-15.3769,-2.1028,1.9095,2.2443,1,Run,0,9,Serve,-40.6585,-36.6835,-1.5785,0.8339,-10.4596,0.2618,0,0,Run,0,9,-49.836,-50.8701,2.6049,0,Perfect,,-1.5811,-10.8879,-0.8667,11.2,0.1048
2868,Rally,None,1,-0.0117,55.3937,-0.6417,3.5,-15.3633,-2.0762,1.9041,1.9726,1,Run,0,9,Serve,-40.5788,-36.1083,-1.6363,0.8339,-10.4417,0.3196,0,0,Run,0,9,-50.8647,-49.9018,0.9257,0,Perfect,,-1.6356,-10.8728,-0.7866,11.2,0.0911
2869,Rally,None,1,-0.0117,55.473,-0.6809,3.5,-15.3486,-2.0384,1.891,1.5651,1,Run,0,9,Serve,-40.5026,-35.6097,-1.7146,0.8313,-10.4179,1.4308,0,0,Run,0,9,-51.6729,-49.1506,1.1148,0,Perfect,,-1.7123,-10.8508,-0.6665,11.2,0.0792
2870,Rally,None,1,-0.0117,55.5418,-0.7184,3.5,-15.334,-2.0146,1.8788,1.2934,1,Run,0,9,Serve,-40.2122,-35.124,-1.7594,0.8228,-10.4025,8.9204,0,0,Run,0,9,-52.318,-48.5597,2.6124,0,Perfect,,-1.7599,-10.8366,-0.5864,11.2,0.0689
2871,Rally,None,1,-0.0117,55.6017,-0.7557,3.5,-15.3186,-1.981,1.8554,0.8859,1,Run,0,9,Serve,-39.9472,-34.8429,-1.8221,0.8146,-10.3816,2.3028,0,0,Run,0,9,-52.6508,-48.2775,0.241,0,Perfect,,-1.8263,-10.8161,-0.4663,11.2,0.0599
2872,Rally,None,1,-0.0117,55.6537,-0.7912,3.5,-15.3034,-1.96,1.8364,0.6143,1,Run,0,9,Serve,-39.5345,-34.5766,-1.8579,0.8137,-10.3685,0,0,0,Run,0,9,-52.5842,-48.3906,2.3953,0,Perfect,,-1.8672,-10.8027,-0.3862,11.2,0.052
2873,Rally,None,1,-0.0117,55.6989,-0.8247,3.5,-15.2884,-1.94,1.8146,0.3426,1,Backhand prepare 0.04,0,9,Serve,-33.7684,-30.4546,-1.8515,0.7963,-10.3871,0,0.2083,0.1667,Run,0,9,-52.209,-48.8085,0.7666,0,Perfect,,-1.9056,-10.7881,-0.3061,11.2,0.0452
2874,Rally,None,1,-0.0117,55.7383,-0.8577,3.5,-15.2721,-1.9122,1.777,-0.0649,1,Backhand prepare 0.08,0,9,Serve,-28.9236,-23.8709,-1.8246,0.7803,-10.4125,0,0.4167,0.3333,Run,0,9,-51.5522,-49.5035,0.4797,0,Perfect,,-1.9584,-10.7642,-0.186,11.2,0.0393
2875,Rally,None,1,-0.0117,55.7718,-0.8887,3.5,-15.2558,-1.8951,1.7484,-0.3366,1,Backhand prepare 0.14,0,9,Serve,-25.4619,-19.1382,-1.77,0.7697,-10.4729,0,0.625,0.5,Run,0,9,-50.6116,-50.4779,0,0,Perfect,,-1.9903,-10.7474,-0.1059,11.2,0.0335
2876,Rally,None,1,-0.0117,55.7865,-0.9186,3.5,-15.2382,-1.8715,1.7005,-0.7441,1,Backhand prepare 0.18,0,9,Serve,-24.9398,-17.3853,-1.8133,0.7593,-10.4935,0,0.8333,0.6667,Run,0,9,-49.6775,-51.4406,0,0,Perfect,,-2.033,-10.7211,0,11.2,0.0147
2877,Rally,None,1,-0.0117,55.7896,-0.9466,3.5,-15.2206,-1.8571,1.6652,-1.0158,1,Backhand prepare 0.24,0,9,Serve,-24.6948,-18.4565,-1.8914,0.7459,-10.4949,1.0847,1,0.8333,Run,0,9,-49.1027,-52.0302,4.4845,0,Perfect,,-2.0594,-10.7032,0,11.2,0.0031
2878,Rally,None,1,-0.0117,55.7826,-0.973,3.5,-15.2029,-1.8439,1.6271,-1.2874,1,Backhand prepare 0.28,0,9,Serve,-25.5592,-20.1459,-1.9552,0.751,-10.444,1.2494,1,1,Ready,0,9,-41.218,-44.6019,1.0839,0,Perfect,,-2.0885,-10.6854,0,11.2,-0.007
2879,Rally,None,1,-0.0117,55.7621,-0.9995,3.5,-15.1842,-1.8261,1.5649,-1.695,1,Backhand prepare 0.32,0,9,Serve,-26.8335,-23.0031,-2.2068,0.791,-10.3845,0.3084,1,1,Ready,0,9,-33.2509,-36.9101,1.6201,0,Perfect,,-2.1375,-10.6593,0,11.2,-0.0205
2880,Rally,None,1,-0.0117,55.7346,-1.0251,3.5,-15.1657,-1.8156,1.52,-1.9666,1,Forehand prepare 0.38,0,9,Serve,-11.481,-9.9892,-1.858,0.8394,-10.3653,2.1805,1,1,Ready,0,9,-25.3406,-29.085,1.4863,0,Perfect,,-2.1735,-10.6425,0,11.2,-0.0275
2881,Rally,None,1,-0.0117,55.6962,-1.0516,3.5,-15.1464,-1.8019,1.4475,-2.3741,1,Forehand prepare 0.42,0,9,Serve,0.0258,5.0371,-1.8108,0.8694,-10.4251,3.4059,1,1,Ready,0,9,-17.5358,-21.2505,1.6089,0,Perfect,,-2.2326,-10.6186,0,11.2,-0.0383
2882,Rally,None,1,-0.0117,55.6534,-1.0777,3.5,-15.1278,-1.7942,1.3958,-2.6458,1,Forehand prepare 0.48,0,9,Serve,9.5784,22.6606,-1.7053,0.9849,-10.586,1.4136,1,1,Ready,0,9,4.6182,1.8319,4.1444,0,Perfect,,-2.2752,-10.604,0,11.2,-0.0429
2883,Rally,None,1,-0.0117,55.6066,-1.1036,3.5,-15.11,-1.7877,1.3414,-2.9175,1,Forehand prepare 0.51,0,9,Serve,5.9824,20.4423,-1.732,1.0572,-10.5767,0.3623,1,1,Ready,0,9,5.4864,2.3435,1.8715,0,Perfect,,-2.3201,-10.591,0,11.2,-0.0468
2884,Rally,None,1,-0.0117,55.5518,-1.1312,3.5,-15.0924,-1.7799,1.2547,-3.325,1,Forehand prepare 0.55,0,9,Serve,1.0486,14.5871,-1.8081,1.1246,-10.5393,4.714,1,1,Ready,0,9,6.4472,3.1013,2.5881,0,Perfect,,-2.3904,-10.5756,0,11.2,-0.0548
2885,Rally,None,1,-0.0117,55.4949,-1.1585,3.5,-15.0763,-1.7761,1.1934,-3.5967,1,Forehand prepare 0.61,0,9,Serve,-9.791,10.8171,-1.8781,1.2016,-10.5246,24.3825,1,1,Ready,0,9,6.7674,3.5635,0.502,0,Perfect,,-2.4372,-10.5687,0,11.2,-0.0569
2886,Rally,None,1,-0.0117,55.4316,-1.1871,3.5,-15.0613,-1.7724,1.0965,-4.0042,1,Forehand prepare 0.65,0,9,Serve,-23.1688,8.066,-1.9696,1.2557,-10.5014,1.4798,1,1,Ready,0,9,6.9785,4.1298,0.3448,0,Perfect,,-2.5039,-10.5621,0,11.2,-0.0633
2887,Rally,None,1,-0.0117,55.3673,-1.2149,3.5,-15.048,-1.7714,1.0284,-4.2758,1,Forehand prepare 0.71,0,9,Serve,-31.9007,6.0379,-2.0619,1.3508,-10.534,0.6803,1,1,Ready,0,9,7.3022,4.8965,0.2575,0,Perfect,,-2.5453,-10.5591,0,11.2,-0.0642
2888,Rally,None,1,-0.0117,55.3024,-1.2418,3.5,-15.0361,-1.7715,0.9576,-4.5475,1,Forehand prepare 0.74,0,9,Serve,-35.4168,3.1258,-2.1595,1.4296,-10.5579,0.1301,1,1,Ready,0,9,7.7356,5.8924,0.1005,0,Perfect,,-2.584,-10.557,0,11.2,-0.065
2889,Rally,None,1,-0.0117,55.2322,-1.2691,3.5,-15.0255,-1.7737,0.8464,-4.955,1,Forehand prepare 0.78,0,9,Serve,-41.1114,-0.4338,-2.2649,1.4871,-10.566,0.442,1,1,Ready,0,9,8.4051,6.9405,0.1805,0,Perfect,,-2.6369,-10.5549,0,11.2,-0.0702
2890,Rally,None,1,-0.0117,55.1621,-1.295,3.5,-15.0162,-1.7765,0.7688,-5.2267,1,Forehand prepare 0.84,0,9,Serve,-42.1197,-1.2978,-2.2295,1.3974,-10.5585,0.8897,1,1,Ready,0,9,9.5156,7.8585,0.1015,0,Perfect,,-2.6688,-10.5541,0,11.2,-0.0701
2891,Rally,None,1,-0.0117,55.0875,-1.3207,3.5,-15.0079,-1.7829,0.6473,-5.6342,1,Forehand prepare 0.87,0,9,Serve,-42.4943,-1.6715,-2.222,1.2865,-10.558,1.8742,1,1,Ready,0,9,10.8051,8.7189,0.2087,0,Perfect,,-2.7115,-10.553,0,11.2,-0.0746
2892,Rally,None,1,-0.0117,55.0136,-1.3448,3.5,-15.0007,-1.7885,0.5629,-5.9059,1,Forehand prepare 0.93,0,9,Serve,-45.6702,-6.8602,-2.2387,1.0852,-10.5497,8.4898,1,1,Ready,0,9,12.1741,9.5582,0,0,Perfect,,-2.7364,-10.5525,0,11.2,-0.0739
2893,Rally,None,1,-0.0117,54.9402,-1.3673,3.5,-14.9944,-1.7953,0.4758,-6.1776,1,Forehand prepare 0.97,0,9,Serve,-41.9661,-9.0108,-2.3146,0.9237,-10.5018,0.5233,1,1,Ready,0,9,13.3622,10.2973,1.3802,0,Perfect,,-2.7589,-10.5528,0,11.2,-0.0733
2894,Rally,None,1,-0.0117,54.863,-1.3891,3.5,-14.9896,-1.8075,0.34,-6.5851,1,Forehand prepare 1.00,0,9,Serve,-37.9698,-10.0275,-2.4037,0.8451,-10.4541,0.662,1,1,Ready,0,9,14.0826,10.9181,9.1893,0,Perfect,,-2.7895,-10.5572,0,11.2,-0.0772
2895,Rally,None,1,-0.0117,54.787,-1.4094,3.5,-14.9861,-1.817,0.246,-6.8567,1,Forehand prepare 1.00,0,9,Serve,-29.3373,-1.7062,-2.4123,0.8276,-10.4857,3.3227,1,1,Ready,0,9,14.3623,11.2809,0.3523,0,Perfect,,-2.8075,-10.5628,0,11.2,-0.076
2896,Rally,None,1,-0.0117,54.7077,-1.4287,3.5,-14.9846,-1.8334,0.1,-7.2643,1,Forehand prepare 1.00,1,0.1562,LowPickup,-19.4553,9.1972,-2.4043,0.8512,-10.5789,0.956,1,1,Ready,0,9,14.0488,11.2301,1.7374,0,Perfect,,-2.8309,-10.5748,0,11.2,-0.0793
2897,Rally,None,1,-0.0117,54.6354,-1.4464,3.5,-14.9845,-1.8453,0.1374,-7.5278,1,Forehand swing,1,0.1395,LowPickup,-14.9113,13.8718,-2.4419,0.8184,-10.5802,0.8829,1,1,Ready,0,9,13.4061,10.8171,0.4402,0,Perfect,,-2.8438,-10.5842,0,11.2,-0.0723
2898,Rally,None,1,-0.0117,54.5638,-1.4625,3.5,-14.9855,-1.858,0.2103,-7.7831,1,Forehand swing,1,0.1228,LowPickup,-9.5895,18.1421,-2.4672,0.8032,-10.5999,0.9156,1,1,Ready,0,9,12.5854,9.9976,2.6991,0,Perfect,,-2.8545,-10.592,0,11.2,-0.0716
2899,Rally,None,1,-0.0117,54.4882,-1.4774,3.5,-14.9875,-1.8791,0.3144,-8.1662,1,Forehand swing,1,0.0978,LowPickup,-6.3654,18.8354,-2.5015,0.7834,-10.578,0.9534,1,1,Ready,0,9,11.743,8.9052,0.6449,0,Perfect,,-2.8663,-10.6006,0,11.2,-0.0756
2900,Rally,None,1,-0.0117,54.4136,-1.4907,3.5,-14.9897,-1.8945,0.3804,-8.4216,1,Forehand swing,1,0.0812,LowPickup,-2.1621,17.7296,-2.5301,0.7663,-10.5435,1.3869,1,1,Ready,0,9,11.0942,7.5828,2.8146,0,Perfect,,-2.8713,-10.6043,0,11.2,-0.0746
2901,Rally,None,1,-0.0117,54.3352,-1.5025,3.5,-14.9919,-1.9198,0.4744,-8.8046,1,Forehand swing,1,0.0562,LowPickup,-2.3301,9.9281,-2.5179,0.7615,-10.4866,1.0312,1,1,Ready,0,9,10.5788,6.2438,0.5286,0,Perfect,,-2.8747,-10.6067,0,11.2,-0.0784
2902,Rally,None,1,-0.0117,54.2579,-1.5128,3.5,-14.9939,-1.938,0.5336,-9.06,1,Forehand swing,1,0.0395,LowPickup,-0.0662,1.5643,-2.58,0.7402,-10.4137,1.052,1,1,Ready,0,9,10.1836,5.0843,0.6944,0,Perfect,,-2.8747,-10.6067,0,11.2,-0.0772
2903,Rally,None,1,-0.0117,54.1817,-1.5217,3.5,-14.9955,-1.9574,0.5901,-9.3154,1,Forehand swing,1,0.0228,LowPickup,-0.7836,-8.2674,-2.605,0.7389,-10.3307,0.6216,1,1,Ready,0,9,9.9816,4.1664,0.9979,0,Perfect,,-2.8747,-10.6067,0,11.2,-0.0762
2904,Rally,None,1,-0.0117,54.1018,-1.5295,3.5,-14.997,-1.9885,0.6697,-9.6984,1,Forehand swing,1,0.0078,LowPickup,-1.5728,-16.2721,-2.2765,1.0797,-10.1137,0.5512,1,1,Ready,0,9,10.0502,3.6262,3.4588,0,Perfect,,-2.8747,-10.6067,0,11.2,-0.0799
2905,Rally,None,1,-0.0117,54.0233,-1.5362,3.5,-14.9983,-2.0106,0.7194,-9.9538,1,Forehand swing,1,-0.0036,LowPickup,-2.5351,-20.9849,-2.3381,1.0336,-10.1156,0.5954,1,1,Ready,0,9,10.3515,3.418,0.1802,0,Perfect,,-2.8747,-10.6067,0,11.2,-0.0785
2906,Rally,None,1,0.055,54.2815,-1.5655,3.4953,-14.9993,-1.9854,0.7831,-9.6342,1,Forehand follow,1,-0.0203,LowPickup,-4.3425,-26.3574,-2.3967,0.9367,-10.1232,0.7077,1,1,Ready,0,9,10.8625,3.5875,0.4284,0.6917,Perfect,P:Perfect;,-2.8747,-10.6067,0,11.2,0.2582
2907,Rally,None,1,0.0383,54.506,-1.5579,3.5011,-14.9997,-1.9854,0.7831,-9.6342,1,Forehand follow,1,-0.0203,LowPickup,-4.4666,-24.1758,-2.3964,0.9366,-10.1239,0.3488,1,1,Ready,0,9,11.6199,3.9967,0.7022,0.6333,Perfect,,-2.8747,-10.6067,0,11.2,0.2245
2908,Rally,None,1,0.0217,54.7012,-1.5573,3.5,-15.001,-1.9854,0.7831,-9.6342,1,Forehand follow,1,-0.0203,LowPickup,-4.4666,-24.1758,-2.3965,0.9366,-10.1239,0,1,1,Ready,0,9,12.7197,4.5323,0.7758,0.575,Perfect,,-2.8747,-10.6067,0,11.2,0.1952
2909,Rally,None,1,0.005,54.8709,-1.571,3.4919,-15.0028,-1.9854,0.7831,-9.6342,1,Forehand follow,1,-0.0203,LowPickup,-4.4666,-24.1758,-2.3965,0.9366,-10.1239,0,1,1,Ready,0,9,13.9579,5.1885,0.7582,0.5167,Perfect,,-2.8747,-10.6067,0,11.2,0.1697
2910,Rally,None,1,-0.0117,55.0184,-1.5734,3.4953,-15.0028,-1.9854,0.7831,-9.6342,1,Forehand follow,1,-0.0203,LowPickup,-4.4666,-24.1758,-2.3965,0.9366,-10.1239,0,1,1,Ready,0,9,15.2128,5.9115,0.659,0.4583,Perfect,,-2.8747,-10.6067,0,11.2,0.1475
2911,Rally,None,1,-0.0117,55.1466,-1.5697,3.5007,-15.0027,-1.9488,0.8357,-9.3072,1,Forehand follow,1,-0.0369,LowPickup,-5.985,-29.699,-2.4004,0.9141,-10.1535,0,1,1,Ready,0,9,16.3573,6.7413,0.5546,0.4,Perfect,,-2.8727,-10.6072,0,11.2,0.1282
2912,Rally,None,1,-0.0117,55.2581,-1.5786,3.4946,-15.0042,-1.9121,0.8857,-8.9801,1,Forehand follow,1,-0.0536,LowPickup,-7.6855,-32.0786,-2.3769,0.9018,-10.201,0.2333,1,1,Ready,0,9,17.2239,7.7268,0.4201,0.3417,Perfect,,-2.8679,-10.6082,0,11.2,0.1115
2913,Rally,None,1,-0.0117,55.355,-1.5786,3.4945,-15.0051,-1.8571,0.956,-8.4895,1,Forehand follow,1,-0.0786,LowPickup,-10.1724,-35.3446,-2.4466,0.9013,-10.2373,0.1301,1,1,Ready,0,9,17.8358,8.781,0.2838,0.2833,Perfect,,-2.8557,-10.6107,0,11.2,0.0969
2914,Rally,None,1,-0.0117,55.4393,-1.5732,3.4911,-15.0071,-1.8204,0.9996,-8.1624,1,Forehand follow,1,-0.0953,LowPickup,-11.6922,-35.9967,-2.4249,0.8726,-10.2693,0.2354,1,1,Ready,0,9,18.1128,9.8692,0.0335,0.225,Perfect,,-2.8441,-10.6131,0,11.2,0.0843
2915,Rally,None,1,-0.0117,55.5126,-1.5745,3.4943,-15.0079,-1.7654,1.0603,-7.6718,1,Forehand follow,1,-0.1203,LowPickup,-14.1095,-38.0503,-2.4509,0.879,-10.2625,0.0681,1,1,Ready,0,9,18.2026,10.8916,0.0769,0.1667,Perfect,,-2.8217,-10.6177,0,11.2,0.0733
2916,Rally,None,1,-0.0117,55.5762,-1.5708,3.4947,-15.0097,-1.7287,1.0976,-7.3447,1,Forehand follow,1,-0.1369,LowPickup,-14.4777,-36.187,-2.4738,0.9632,-10.2434,0.2327,1,1,Ready,0,9,18.175,11.7562,0.0326,0.1083,Perfect,,-2.8033,-10.6215,0,11.2,0.0637
2917,Rally,None,1,-0.0117,55.6316,-1.5658,3.4951,-15.0119,-1.692,1.1323,-7.0177,1,Forehand follow,1,-0.1536,LowPickup,-14.7003,-35.2959,-2.4888,1.0401,-10.2325,0.2659,1,1,Ready,0,9,18.1638,12.42,0.0492,0.05,Perfect,,-2.7822,-10.6258,0,11.2,0.0554
2918,Rally,None,1,-0.0117,55.6797,-1.5585,3.4955,-15.0147,-1.637,1.1796,-6.5271,1,Forehand follow,1,-0.1786,LowPickup,-16.0513,-36.0491,-2.5013,1.1108,-10.2264,0.2448,1,1,Ready,0,9,18.366,12.7668,0.0395,0,Perfect,,-2.7455,-10.6334,0,11.2,0.0481
2919,Rally,None,1,-0.0117,55.7216,-1.5502,3.4961,-15.0179,-1.6004,1.2079,-6.2,1,Forehand follow,1,-0.1953,LowPickup,-16.1466,-36.1421,-2.5153,1.145,-10.2161,0.5135,1,1,Ready,0,9,18.6363,12.9376,0.0402,0,Perfect,,-2.7176,-10.6392,0,11.2,0.0418
2920,Rally,None,1,-0.0117,55.7579,-1.5396,3.4966,-15.022,-1.5453,1.2457,-5.7094,1,Forehand follow,1,-0.2203,LowPickup,-15.5732,-37.6732,-2.5279,1.2027,-10.2205,0.4244,1,1,Ready,0,9,18.9377,13.0371,0.0175,0,Perfect,,-2.6707,-10.6489,0,11.2,0.0364
2921,Rally,None,1,-0.0117,55.7896,-1.5278,3.4971,-15.0264,-1.5087,1.2677,-5.3823,1,Forehand follow,1,-0.2369,LowPickup,-11.602,-36.6575,-2.5304,1.2161,-10.222,4.8362,1,1,Ready,0,9,19.1557,13.0401,0.0837,0,Perfect,,-2.636,-10.656,0,11.2,0.0316
2922,Rally,None,1,-0.0117,55.8171,-1.515,3.4975,-15.0313,-1.472,1.2871,-5.0552,1,Forehand follow,1,-0.2536,LowPickup,-7.554,-35.5206,-2.5324,1.2251,-10.2244,24.301,1,1,Ready,0,9,19.173,12.9614,0.2217,0,Perfect,,-2.5986,-10.6637,0,11.2,0.0275
2923,Rally,None,1,-0.0117,55.841,-1.4994,3.4978,-15.0372,-1.417,1.3114,-4.5646,1,Forehand follow,1,-0.2786,LowPickup,-3.5472,-35.6238,-2.5369,1.2242,-10.2424,0.6669,1,1,Ready,0,9,18.9807,12.7857,0.1657,0,Perfect,,-2.5374,-10.6764,-0.0363,11.2,0.0239
2924,Rally,None,1,-0.0117,55.8617,-1.4826,3.4981,-15.0435,-1.3803,1.3245,-4.2376,1,Forehand follow,0,9,LowPickup,2.1612,-31.9696,-2.4822,1.2251,-10.2414,0.4985,1,1,Ready,0,9,18.4894,12.5039,0.1018,0,Perfect,,-2.4932,-10.6855,-0.0363,11.2,0.0208
2925,Rally,None,1,-0.0117,55.8798,-1.4629,3.4983,-15.0509,-1.3253,1.3393,-3.747,1,Run,0,9,LowPickup,11.7717,-5.8618,-2.2161,1.038,-10.2475,0.6522,0.9167,0.8333,Ready,0,9,17.8306,12.1148,0.2557,0,Perfect,,-2.4217,-10.7002,-0.0363,11.2,0.0181
2926,Rally,None,1,-0.0117,55.8955,-1.4422,3.4985,-15.0587,-1.2886,1.346,-3.4199,1,Run,0,9,LowPickup,15.8994,1.0249,-2.1213,1.0076,-10.2792,0.1628,0.8333,0.6667,Ready,0,9,17.0627,11.5936,0.5327,0,Perfect,,-2.3707,-10.7108,-0.0363,11.2,0.0157
2927,Rally,None,1,-0.0117,55.9092,-1.4202,3.4987,-15.067,-1.252,1.3501,-3.0928,1,Run,0,9,LowPickup,19.6954,7.6786,-2.0286,0.9795,-10.3171,0.2669,0.75,0.5,Ready,0,9,16.2995,11.0044,0.5143,0,Perfect,,-2.317,-10.7218,-0.0363,11.2,0.0137
2928,Rally,None,1,-0.0117,55.921,-1.395,3.4989,-15.0764,-1.197,1.3515,-2.6022,1,Run,0,9,LowPickup,24.0379,15.4298,-1.8831,0.9461,-10.39,0.4419,0.6667,0.3333,Ready,0,9,15.6614,10.3701,0.2932,0,Perfect,,-2.2313,-10.7395,-0.0363,11.2,0.0119
2929,Rally,None,1,-0.0117,55.9313,-1.3688,3.499,-15.0863,-1.1603,1.3492,-2.2751,1,Run,0,9,LowPickup,30.4594,26.5681,-1.7222,0.9134,-10.5062,3.7024,0.5833,0.1667,Forehand prepare 0.02,0,9,18.0742,9.28,0.2158,0,Perfect,,-2.1708,-10.752,-0.0363,11.2,0.0103
2930,Rally,None,1,-0.0117,55.9403,-1.339,3.4992,-15.0975,-1.1053,1.3411,-1.7845,1,Run,0,9,LowPickup,39.2458,42.3541,-1.6,0.8165,-10.7064,22.1501,0.5,0,Forehand prepare 0.06,0,9,27.218,12.8817,1.0292,0,Perfect,,-2.0749,-10.7718,-0.0363,11.2,0.009
2931,Rally,None,1,-0.0117,55.9481,-1.3083,3.4993,-15.109,-1.0686,1.3325,-1.4575,1,Run,0,9,LowPickup,41.2389,46.1144,-1.5244,0.8092,-10.76,0.0998,0.4167,0,Forehand prepare 0.12,0,9,34.3911,22.42,0.7532,0,Perfect,,-2.0076,-10.7857,-0.0363,11.2,0.0078
2932,Rally,None,1,-0.0117,55.9549,-1.2767,3.4994,-15.1209,-1.0319,1.3213,-1.1304,1,Run,0,9,LowPickup,41.0604,45.8523,-1.456,0.8216,-10.7691,0.4389,0.3333,0,Forehand prepare 0.15,0,9,37.8455,27.2672,0.4738,0,Perfect,,-1.939,-10.7999,-0.0363,11.2,0.0068
2933,Rally,None,1,-0.0117,55.9608,-1.2419,3.4995,-15.134,-0.9769,1.2998,-0.6398,1,Run,0,9,LowPickup,40.7755,44.9198,-1.3585,0.8334,-10.7896,1.7884,0.25,0,Forehand prepare 0.19,0,9,45.6574,33.3226,0.7314,0,Perfect,,-1.8362,-10.8211,-0.0363,11.2,0.0059
2934,Rally,None,1,-0.0117,55.9659,-1.2066,3.4995,-15.1472,-0.9402,1.2822,-0.3127,1,Run,0,9,LowPickup,40.4332,43.6117,-1.2968,0.8289,-10.8046,9.8252,0.1667,0,Forehand prepare 0.25,0,9,52.842,41.0587,0.1754,0,Perfect,,-1.7676,-10.8352,-0.0363,11.2,0.0051
2935,Rally,None,1,-0.0117,55.9471,-1.1686,3.4996,-15.1615,-0.8852,1.2511,0.1779,1,Run,0,9,LowPickup,40.6982,42.8943,-1.2009,0.8087,-10.8339,2.5125,0.0833,0,Forehand prepare 0.28,0,9,58.8521,48.2083,0.168,0,Perfect,,-1.6648,-10.8564,-0.0363,11.2,-0.0188
2936,Rally,None,1,-0.0117,55.8881,-1.1306,3.4996,-15.1757,-0.8486,1.2272,0.505,1,Run,0,9,LowPickup,41.2805,42.2353,-1.1436,0.7718,-10.8606,7.9456,0,0,Forehand prepare 0.34,0,9,64.55,57.5439,0.3676,0,Perfect,,-1.5962,-10.8706,-0.0363,11.2,-0.0591
2937,Rally,None,1,-0.0117,55.794,-1.0927,3.4997,-15.19,-0.8119,1.2007,0.832,1,Run,0,9,LowPickup,41.8643,41.5724,-1.0847,0.7392,-10.8884,0.308,0,0,Forehand prepare 0.38,0,9,70.2471,67.1582,0.6383,0,Perfect,,-1.5277,-10.8847,-0.0363,11.2,-0.0941
2938,Rally,None,1,-0.0117,55.6481,-1.0523,3.4997,-15.2051,-0.7569,1.1563,1.3226,1,Run,0,9,LowPickup,42.3407,41.0157,-0.989,0.7331,-10.9214,0,0,0,Forehand prepare 0.41,0,9,73.5966,75.9551,0,0,Perfect,,-1.4248,-10.906,-0.0363,11.2,-0.1459
2939,Rally,None,1,-0.0117,55.4786,-1.0123,3.4998,-15.2201,-0.7202,1.1234,1.6497,1,Run,0,9,LowPickup,42.8217,40.4554,-0.9292,0.7311,-10.9466,1.1338,0,0,Forehand prepare 0.47,0,9,72.4715,84.807,0,0,Perfect,,-1.3563,-10.9201,-0.0363,11.2,-0.1695
2940,Rally,None,1,-0.0117,55.2671,-0.9701,3.4998,-15.236,-0.6652,1.0694,2.1403,1,Run,0,9,LowPickup,43.1617,40.0381,-0.8341,0.7384,-10.9757,0.9733,0,0,Forehand prepare 0.50,0,9,72.8974,89.1675,0,0,Perfect,,-1.2534,-10.9413,-0.0363,11.2,-0.2115
2941,Rally,None,1,-0.0117,55.0405,-0.9285,3.4998,-15.2516,-0.6285,1.0302,2.4674,1,Run,0,9,LowPickup,43.2929,39.8318,-0.77,0.7442,-10.9954,0,0,0,Forehand prepare 0.56,0,9,76.1225,93.1831,0,0,Perfect,,-1.1849,-10.9555,-0.0363,11.2,-0.2266
2942,Rally,None,1,-0.0117,54.8008,-0.8874,3.4998,-15.267,-0.5918,0.9884,2.7944,1,Run,0,9,LowPickup,43.3057,39.7481,-0.7025,0.7433,-11.0117,7.0793,0,0,Forehand prepare 0.60,0,9,76.8993,97.7911,0,0,Perfect,,-1.1163,-10.9696,-0.0363,11.2,-0.2397
2943,Rally,None,1,-0.0117,54.5283,-0.8443,3.4999,-15.2832,-0.5368,0.921,3.2851,1,Run,0,9,LowPickup,43.1707,39.8168,-0.5986,0.7366,-11.0298,1.5993,0,0,Forehand prepare 0.63,0,9,74.2486,104.2233,0,0,Perfect,,-1.0135,-10.9908,-0.0363,11.2,-0.2725
2944,Rally,None,1,-0.0117,54.2486,-0.8019,3.4999,-15.2991,-0.5002,0.8728,3.6121,1,Run,0,9,LowPickup,42.8335,40.0921,-0.5266,0.7346,-11.0355,2.1288,0,0,Forehand prepare 0.69,0,9,68.8773,108.9438,1.6558,0,Perfect,,-0.9449,-11.005,-0.0363,11.2,-0.2796
2945,Rally,None,1,-0.0117,53.9415,-0.7577,3.4999,-15.3157,-0.4451,0.7959,4.1027,1,Run,0,9,LowPickup,42.3797,40.4884,-0.4148,0.7344,-11.047,0,0,0,Forehand prepare 0.73,0,9,67.9882,106.8484,0.7065,0,Perfect,,-0.8421,-11.0262,-0.0363,11.2,-0.3072
2946,Rally,None,1,-0.0117,53.6317,-0.7143,3.4999,-15.332,-0.4085,0.7413,4.4298,1,Run,0,9,LowPickup,41.9217,40.8939,-0.3348,0.7374,-11.051,0,0,0,Forehand prepare 0.78,0,9,67.1949,103.4982,1.5215,0,Perfect,,-0.7736,-11.0404,-0.0363,11.2,-0.3098
2947,Rally,None,1,-0.0117,53.3196,-0.6716,3.4999,-15.348,-0.3718,0.6843,4.7569,1,Run,0,9,LowPickup,41.3556,41.4112,-0.2546,0.7448,-11.0518,0,0,0,Forehand prepare 0.82,0,9,64.0827,100.4514,0.2708,0,Perfect,,-0.705,-11.0545,-0.0363,11.2,-0.312
2948,Rally,None,1,-0.0117,52.9843,-0.6271,3.4999,-15.3647,-0.3168,0.5939,5.2475,1,Run,0,9,LowPickup,40.7995,41.9205,-0.1413,0.7569,-11.0593,0.9895,0,0,Forehand prepare 0.86,0,9,58.1033,95.3332,0.7098,0,Perfect,,-0.6022,-11.0757,-0.0363,11.2,-0.3354
2949,Rally,None,1,-0.0117,52.65,-0.5837,3.4999,-15.381,-0.2801,0.5305,5.5745,1,Run,0,9,LowPickup,40.3978,42.2783,-0.0675,0.7765,-11.0638,0.2034,0,0,Forehand prepare 0.91,0,9,42.2181,80.5166,1.437,0,Perfect,,-0.5351,-11.0896,-0.0363,11.2,-0.3343
2950,Rally,None,1,-0.0117,52.3038,-0.539,3.4999,-15.3978,-0.2251,0.4305,6.0652,1,Run,0,9,LowPickup,40.0457,42.5884,0.0351,0.7864,-11.0763,1.2911,0,0,Forehand prepare 0.95,0,9,30.844,66.6436,0.5177,0,Perfect,,-0.4397,-11.1093,-0.0363,11.2,-0.3462
2951,Rally,None,1,-0.0117,52.0028,-0.4958,3.5,-15.414,-0.1884,0.3607,6.3922,1,Run,0,9,LowPickup,39.8181,42.7736,0.0989,0.8031,-11.0844,0.3961,0,0,Forehand prepare 1.00,0,9,17.2202,48.0935,2.0621,0,Perfect,,-0.3794,-11.1217,-0.0363,11.2,-0.301
2952,Rally,None,1,-0.0117,51.7412,-0.4542,3.5,-15.4296,-0.1518,0.2884,6.7193,1,Run,0,9,LowPickup,39.7711,42.7765,0.1552,0.8174,-11.095,2.965,0,0,Forehand prepare 1.00,0,9,17.2202,48.0935,0,0,Perfect,,-0.3219,-11.1336,-0.0363,11.2,-0.2617
2953,Rally,None,1,-0.0117,51.5137,-0.4121,3.5,-15.4454,-0.0967,0.1751,7.2099,1,Run,0,9,LowPickup,39.8405,42.662,0.2332,0.8149,-11.1134,13.785,0,0,Forehand prepare 1.00,1,0.1692,25.6958,57.7614,0,0,Perfect,,-0.2407,-11.1503,-0.0363,11.2,-0.2275
2954,Rally,None,1,-0.0117,51.3159,-0.372,3.5,-15.4604,-0.0601,0.1,7.537,1,Run,0,9,LowPickup,39.9767,42.4803,0.2824,0.818,-11.1276,0.5506,0,0,Backhand swing,1,0.1551,48.7741,38.0692,5.1877,0,Perfect,,-0.19,-11.1608,-0.0363,11.2,-0.1978
2955,Rally,None,1,-0.0117,51.144,-0.3319,3.5,-15.4755,-0.0088,0.1837,7.9942,1,Run,0,9,LowPickup,40.1609,42.2492,0.3523,0.8178,-11.1465,2.2288,0,0,Backhand swing,1,0.1339,38.7723,18.7655,0.2776,0,Perfect,,-0.119,-11.1754,0.0838,11.2,-0.1719
2956,Rally,None,1,-0.0117,50.9946,-0.2939,3.5,-15.4897,0.0254,0.2361,8.299,1,Run,0,9,LowPickup,40.4218,41.9421,0.3936,0.8033,-11.161,2.1,0,0,Backhand swing,1,0.1198,25.1442,-5.0472,1.3595,0,Perfect,,-0.0751,-11.1845,0.1639,11.2,-0.1495
2957,Rally,None,1,-0.0117,50.8646,-0.258,3.5,-15.5032,0.0596,0.2859,8.6039,1,Run,0,9,LowPickup,40.7333,41.585,0.4318,0.7828,-11.1762,1.616,0,0,Backhand swing,1,0.1057,13.1882,-25.6408,2.4138,0,Perfect,,-0.0339,-11.193,0.1873,11.2,-0.1299
2958,Rally,None,1,-0.0117,50.7517,-0.2243,3.5,-15.5159,0.1108,0.3557,9.0611,1,Run,0,9,LowPickup,41.0462,41.2282,0.4614,0.7641,-11.19,1.0627,0,0,Backhand swing,1,0.0846,-8.2553,-39.8153,23.1918,0,Perfect,,0,-11.2,0.1873,11.2,-0.113
2959,Rally,None,1,-0.0117,50.6535,-0.195,3.5,-15.5268,0.145,0.3989,9.3659,1,Ready,0,9,LowPickup,42.6551,41.1976,0.4181,0.7882,-11.1771,8.3999,0,0,Backhand swing,1,0.0705,4.3023,-45.1098,2.0637,0,Perfect,,0,-11.2,0.1873,11.2,-0.0982
2960,Rally,None,1,-0.0117,50.5681,-0.1695,3.5,-15.5364,0.1963,0.4587,9.8232,1,Ready,0,9,LowPickup,40.0195,36.8758,0.3739,0.7953,-11.1227,5.619,0,0,Backhand swing,1,0.0493,3.6706,-46.5844,1.2389,0,Perfect,,0,-11.2,0.1873,11.2,-0.0854
2961,Rally,None,1,-0.0117,50.4939,-0.1474,3.5,-15.5447,0.2305,0.4952,10.128,1,Ready,0,9,LowPickup,35.9679,31.2574,0.3278,0.7951,-11.0602,4.2814,0,0,Backhand swing,1,0.0352,4.8778,-34.9798,0.5323,0,Perfect,,0,-11.2,0.1873,11.2,-0.0742
2962,Rally,None,1,-0.0117,50.4294,-0.1281,3.5,-15.5519,0.2646,0.5291,10.4328,1,Ready,0,9,LowPickup,31.8785,25.7619,0.2729,0.7901,-11.0005,0.9027,0,0,Backhand swing,1,0.0211,6.3214,-23.7569,0.2061,0,Perfect,,0,-11.2,0.1873,11.2,-0.0645
2963,Rally,None,1,-0.0117,51.1571,-0.1114,3.5,-15.5582,0.3159,0.575,10.7701,1,Ready,0,9,LowPickup,27.754,20.4284,0.2135,0.7874,-10.9464,1.5065,0,0,Backhand swing,1,0,8.4609,-7.1003,0.1934,0,Perfect,R;,0,-11.2,0.2052,11.2,0.7278
2964,Rally,None,1,-0.0117,51.7898,-0.0968,3.5,-15.5637,0.3467,0.6635,10.4846,1,Ready,0,9,LowPickup,23.5721,15.2892,0.1603,0.7891,-10.8976,0.8214,0,0,Backhand swing,1,-0.0167,4.5386,0.7712,0.535,0,Perfect,,0,-11.2,0.1251,11.2,0.6327
2965,Rally,None,1,-0.0117,52.3398,-0.0842,3.5,-15.5684,0.3775,0.7488,10.1991,1,Ready,0,9,LowPickup,19.5646,10.6038,0.113,0.7873,-10.8554,1.3854,0,0,Backhand follow,1,-0.0333,11.3448,16.1364,0.7619,0,Perfect,,0,-11.2,0.0451,11.2,0.55
2966,Rally,None,1,-0.0117,52.818,-0.0732,3.5,-15.5725,0.4237,0.8708,9.7709,1,Ready,0,9,LowPickup,19.7555,10.822,0.115,0.7833,-10.8544,0.0116,0,0,Backhand follow,1,-0.0583,14.4479,28.6972,2.4098,0,Perfect,,0,-11.2,0,11.2,0.4782
2967,Rally,None,1,-0.0117,53.2337,-0.0636,3.5,-15.5761,0.4545,0.9482,9.4854,1,Ready,0,9,LowPickup,19.9634,11.0799,0.1155,0.7812,-10.8515,0.0098,0,0,Backhand follow,1,-0.075,11.9663,29.0309,0.3078,0,Perfect,,0,-11.2,0,11.2,0.4157
2968,Rally,None,1,-0.0117,53.5951,-0.055,3.5,-15.5792,0.5007,1.0583,9.0572,1,Ready,0,9,LowPickup,20.206,11.3604,0.1141,0.7855,-10.8431,0.0098,0,0,Backhand follow,1,-0.1,12.8024,36.3216,0.3298,0,Perfect,,0.0041,-11.1996,0,11.2,0.3614
2969,Rally,None,1,-0.0117,53.9093,-0.0471,3.5,-15.5818,0.5315,1.1278,8.7717,1,Run,0,9,LowPickup,23.5312,15.0045,0.1554,0.7809,-10.8674,0.9065,0,0,Backhand follow,1,-0.1167,16.5344,39.8418,0.6718,0,Perfect,,0.0104,-11.1991,0,11.2,0.3142
2970,Rally,None,1,-0.0117,54.1824,-0.0395,3.5,-15.5839,0.5623,1.1941,8.4863,1,Run,0,9,LowPickup,27.8268,19.6676,0.2194,0.7652,-10.9154,0.6864,0,0,Backhand follow,1,-0.1333,20.349,44.1947,0.3002,0,Perfect,,0.0194,-11.1982,0,11.2,0.2731
2971,Rally,None,1,-0.0117,54.4199,-0.0316,3.5,-15.5856,0.6085,1.2876,8.058,1,Run,0,9,LowPickup,31.9424,24.1396,0.291,0.7468,-10.9731,0.5337,0,0,Backhand follow,1,-0.1583,26.2769,52.8027,0.1371,0,Perfect,,0.038,-11.1965,0,11.2,0.2375
2972,Rally,None,1,-0.0117,54.6263,-0.0236,3.5,-15.5868,0.6393,1.346,7.7726,1,Run,0,9,LowPickup,35.6049,28.1752,0.3542,0.7272,-11.0368,1.3224,0,0,Backhand follow,1,-0.175,30.7745,59.6627,0.1937,0,Perfect,,0.0539,-11.1951,0,11.2,0.2064
2973,Rally,None,1,-0.0117,54.8058,-0.0146,3.5,-15.5876,0.6855,1.4276,7.3443,1,Run,0,9,LowPickup,39.3688,32.2648,0.4225,0.7269,-11.1095,0,0,0,Backhand follow,1,-0.2,35.8646,70.6241,0.1309,0,Perfect,,0.083,-11.1925,0,11.2,0.1795
2974,Rally,None,1,-0.0117,54.9618,-0.0051,3.5,-15.5879,0.7163,1.478,7.0589,1,Run,0,9,LowPickup,43.5156,36.6593,0.4762,0.7319,-11.1913,9.5913,0,0,Backhand follow,1,-0.2167,38.8141,77.5645,0.2138,0,Perfect,,0.1058,-11.1904,0,11.2,0.156
2975,Rally,None,1,-0.0117,55.0974,0.005,3.5,-15.588,0.7471,1.5253,6.7734,1,Run,0,9,LowPickup,47.9915,41.2615,0.5251,0.7416,-11.279,7.7111,0,0,Backhand follow,1,-0.2333,41.7871,82.1333,1.0173,0,Perfect,,0.1314,-11.1881,0,11.2,0.1356
2976,Rally,None,1,-0.0117,55.2153,0.0169,3.5,-15.5875,0.7934,1.5903,6.3452,1,Run,0,9,LowPickup,48.5749,41.8779,0.5704,0.745,-11.2892,1.2959,0,0,Backhand follow,1,-0.2583,46.5433,88.2018,0.6837,0,Perfect,,0.175,-11.1841,0,11.2,0.1179
2977,Rally,None,1,-0.0117,55.3178,0.0296,3.5,-15.5866,0.8242,1.6296,6.0597,1,Run,0,9,LowPickup,48.488,41.9366,0.6041,0.7439,-11.2862,0.5965,0,0,Backhand follow,1,-0.275,50.2342,90.2312,1.5661,0,Perfect,,0.2075,-11.1812,0,11.2,0.1025
2978,Rally,None,1,-0.0117,55.407,0.0446,3.5,-15.5853,0.8704,1.6827,5.6315,1,Run,0,9,LowPickup,48.3271,42.0664,0.6615,0.7418,-11.2786,0.3418,0,0,Backhand follow,0,9,50.2012,89.0167,2.433,0,Perfect,,0.2614,-11.1763,0,11.2,0.0891
2979,Rally,None,1,-0.0117,55.4844,0.0604,3.5,-15.5836,0.9012,1.7142,5.346,1,Run,0,9,LowPickup,48.0806,42.2779,0.7493,0.7554,-11.2697,0.8476,0,0,Backhand finish,0,9,52.8807,92.0892,10.8039,0,Perfect,,0.3008,-11.1727,0,11.2,0.0775
2980,Rally,None,1,-0.0117,55.5518,0.0771,3.5,-15.5817,0.932,1.7424,5.0605,1,Run,0,9,LowPickup,47.7601,42.5611,0.7982,0.7476,-11.2585,0.671,0,0,Backhand finish,0,9,54.9996,94.889,1.1697,0,Perfect,,0.343,-11.1688,0,11.2,0.0674
2981,Rally,None,1,-0.0117,55.6103,0.0966,3.5,-15.5792,0.9782,1.7789,4.6323,1,Run,0,9,LowPickup,47.3798,42.9022,0.8742,0.7409,-11.2443,1.5358,0,0,Backhand finish,0,9,56.8226,97.2138,5.7319,0,Perfect,,0.4115,-11.1626,0,11.2,0.0586
2982,Rally,None,1,-0.0117,55.6613,0.1171,3.5,-15.5765,1.009,1.7992,4.3468,1,Run,0,9,LowPickup,46.8892,43.3499,0.8914,0.7253,-11.2304,0,0,0,Backhand finish,0,9,58.4488,98.8857,2.4197,0,Perfect,,0.4606,-11.1582,0,11.2,0.0509
2983,Rally,None,1,-0.0117,55.7055,0.1405,3.5,-15.5731,1.0552,1.8238,3.9186,1,Run,0,9,LowPickup,46.269,43.925,0.9827,0.7327,-11.2107,0,0,0,Backhand finish,0,9,60.318,100.0432,0.7361,0,Perfect,,0.5394,-11.151,0,11.2,0.0443
2984,Rally,None,1,-0.0117,55.744,0.165,3.5,-15.5696,1.086,1.8362,3.6331,1,Run,0,9,LowPickup,45.5765,44.5695,1.0519,0.7431,-11.191,0,0,0,Backhand finish,0,9,62.4555,100.7523,0.2937,0,Perfect,,0.5955,-11.1459,0,11.2,0.0385
2985,Rally,None,1,-0.0117,55.7774,0.1904,3.5,-15.5658,1.1168,1.8455,3.3476,1,Run,0,9,LowPickup,44.9354,45.1615,1.1219,0.7556,-11.1721,0,0,0,Backhand finish,0,9,64.9675,101.1336,0.5241,0,Perfect,,0.6543,-11.1406,0,11.2,0.0334
2986,Rally,None,1,-0.0117,55.8065,0.2193,3.5,-15.5614,1.163,1.8534,2.9194,1,Run,0,9,LowPickup,44.306,45.7408,1.2282,0.7729,-11.1515,1.3177,0,0,Backhand finish,0,9,67.4445,101.1794,0.6448,0,Perfect,,0.7476,-11.1321,0,11.2,0.0291
2987,Rally,None,1,-0.0117,55.8318,0.2491,3.5,-15.5568,1.1938,1.8547,2.6339,1,Run,0,9,LowPickup,43.7068,46.2878,1.3059,0.805,-11.1358,2.2782,0,0,Backhand finish,0,9,69.7866,100.9774,0.3037,0,Perfect,,0.8133,-11.1261,0,11.2,0.0253
2988,Rally,None,1,-0.0117,55.8538,0.2824,3.5,-15.5516,1.24,1.8508,2.2057,1,Run,0,9,LowPickup,43.303,46.6384,1.4153,0.8291,-11.1218,1.2212,0,0,Backhand finish,0,9,71.4975,100.631,0.1397,0,Perfect,,0.9171,-11.1167,0,11.2,0.022
2989,Rally,None,1,-0.0117,55.8729,0.3166,3.5,-15.5461,1.2708,1.8442,1.9202,1,Run,0,9,LowPickup,43.1537,46.7332,1.4902,0.8396,-11.113,3.7129,0,0,Backhand finish,0,9,72.5384,100.0494,0.2603,0,Perfect,,0.9897,-11.1101,0,11.2,0.0191
2990,Rally,None,1,-0.0117,55.8895,0.3518,3.5,-15.5405,1.3016,1.8344,1.6348,1,Run,0,9,LowPickup,43.2448,46.587,1.5651,0.841,-11.1076,0.3049,0,0,Backhand finish,0,9,72.9205,99.2637,0.3607,0,Perfect,,1.0651,-11.1033,0,11.2,0.0166
2991,Rally,None,1,-0.0117,55.9039,0.3909,3.5,-15.5343,1.3478,1.8138,1.2066,1,Run,0,9,LowPickup,43.6184,46.1573,1.6779,0.8378,-11.1036,0.4391,0,0,Backhand finish,0,9,73.009,98.0926,0.3598,0,Perfect,,1.1833,-11.0925,0,11.2,0.0144
2992,Rally,None,1,-0.0117,55.9165,0.4305,3.5,-15.5279,1.3786,1.7961,0.9211,1,Run,0,9,LowPickup,44.3577,45.359,1.7451,0.8314,-11.1095,1.2599,0,0,Backhand finish,0,9,72.8492,96.5083,0.2575,0,Perfect,,1.2618,-11.0854,0,11.2,0.0126
2993,Rally,None,1,-0.0117,55.9274,0.473,3.5,-15.521,1.4248,1.7637,0.4929,1,Forehand prepare 0.04,0,9,LowPickup,44.5467,40.2915,1.9102,0.8828,-11.0715,0.7515,0.2083,0.1667,Backhand finish,0,9,72.8427,94.4837,0.0804,0,Perfect,,1.3744,-11.0752,0,11.2,0.0109
2994,Rally,None,1,-0.0117,55.9369,0.5151,3.5,-15.5142,1.4556,1.738,0.2074,1,Forehand prepare 0.10,0,9,LowPickup,53.7821,43.1741,1.8613,0.7942,-11.1398,9.4307,0.4167,0.3333,Backhand finish,0,9,73.028,92.2805,0.1398,0,Perfect,,1.446,-11.0687,0,11.2,0.0095
2995,Rally,None,1,-0.0117,55.9451,0.5566,3.5,-15.5074,1.4864,1.7093,-0.0781,1,Forehand prepare 0.13,0,9,LowPickup,54.0096,45.2111,1.9105,0.7823,-11.2093,1.308,0.625,0.5,Backhand finish,0,9,73.4436,90.0792,0.2299,0,Perfect,,1.5148,-11.0624,0,11.2,0.0082
2996,Rally,None,1,-0.0117,55.9402,0.5998,3.5,-15.5004,1.5326,1.6601,-0.5063,1,Forehand prepare 0.17,0,9,LowPickup,56.5233,45.3313,1.9983,0.785,-11.2371,1.3862,0.8333,0.6667,Backhand finish,0,9,73.8812,88.0825,0.2258,0,Perfect,,1.6129,-11.0535,0,11.2,-0.0049
2997,Rally,None,1,-0.0117,55.9267,0.6418,3.5,-15.4935,1.5634,1.6234,-0.7918,1,Forehand prepare 0.23,0,9,LowPickup,59.5625,47.6488,2.028,0.7666,-11.2416,3.3585,1,0.8333,Backhand finish,0,9,74.3968,86.5383,0.1451,0,Perfect,,1.6748,-11.0479,0,11.2,-0.0135
2998,Rally,None,1,-0.0117,55.9011,0.6846,3.5,-15.4865,1.6096,1.5624,-1.22,1,Forehand prepare 0.27,0,9,LowPickup,60.6896,49.5571,2.1063,0.7498,-11.2403,0.4896,1,1,Backhand finish,0,9,74.799,85.3714,0.0474,0,Perfect,,1.7624,-11.0399,0,11.2,-0.0256
2999,Rally,None,1,-0.0117,55.8696,0.7257,3.5,-15.4798,1.6404,1.5178,-1.5055,1,Forehand prepare 0.32,0,9,LowPickup,60.5461,52.6322,2.2187,0.7598,-11.2804,1.1154,1,1,Backhand finish,0,9,75.0715,84.5097,0.0181,0,Perfect,,1.8174,-11.0349,0,11.2,-0.0315
3000,Rally,None,1,-0.0117,55.833,0.7653,3.5,-15.4733,1.6712,1.47,-1.791,1,Forehand prepare 0.36,0,9,LowPickup,60.4559,55.8716,2.3118,0.7878,-11.3263,0,1,1,Backhand finish,0,9,75.2032,83.8853,0.379,0,Perfect,,1.8697,-11.0302,0,11.2,-0.0366
3001,Rally,None,1,-0.0117,55.7873,0.8049,3.5,-15.4668,1.7174,1.3924,-2.2192,1,Forehand prepare 0.40,0,9,LowPickup,60.4132,60.0992,2.411,0.8328,-11.382,0,1,1,Backhand finish,0,9,75.2921,83.4625,0.341,0,Perfect,,1.9428,-11.0236,0,11.2,-0.0456
3002,Rally,None,1,-0.0117,55.7385,0.8426,3.5,-15.4606,1.7482,1.3367,-2.5047,1,Forehand prepare 0.45,0,9,LowPickup,58.8963,66.6874,2.449,0.9074,-11.4623,0,1,1,Backhand finish,0,9,75.2841,83.2069,0.1152,0,Perfect,,1.9881,-11.0194,0,11.2,-0.0489
3003,Rally,None,1,-0.0117,55.6823,0.8757,3.5,-15.4552,1.7945,1.2471,-2.9329,1,Forehand prepare 0.49,0,9,LowPickup,57.3485,69.037,2.4416,0.967,-11.5044,0,1,1,Backhand finish,0,9,75.2379,83.1097,0.0758,0,Perfect,,1.9931,-11.019,0,11.2,-0.0561
3004,Rally,None,1,-0.0117,55.6245,0.9045,3.5,-15.4504,1.8253,1.1835,-3.2184,1,Forehand prepare 0.55,0,9,LowPickup,58.3805,68.5925,2.4004,1.0287,-11.5375,0,1,1,Backhand finish,0,9,74.681,83.2883,0.1448,0,Perfect,,1.9931,-11.019,0,11.2,-0.0579
3005,Rally,None,1,-0.0117,55.5651,0.9296,3.5,-15.4463,1.8561,1.1167,-3.5038,1,Forehand prepare 0.58,0,9,LowPickup,53.6225,65.9786,2.3919,1.0768,-11.5078,2.1784,1,1,Backhand finish,0,9,73.0107,83.9825,0.3043,0,Perfect,,1.9931,-11.019,0,11.2,-0.0594
3006,Rally,None,1,-0.0117,55.4999,0.9513,3.5,-15.4428,1.9023,1.0105,-3.9321,1,Forehand prepare 0.62,0,9,LowPickup,46.3179,66.6217,2.3604,1.1132,-11.4958,4.989,1,1,Backhand finish,0,9,70.4529,84.4876,0.4346,0,Perfect,,1.9931,-11.019,0,11.2,-0.0652
3007,Rally,None,1,-0.0117,55.4341,0.9702,3.5,-15.4397,1.9331,0.9358,-4.2175,1,Forehand prepare 0.68,0,9,LowPickup,42.5804,74.3471,2.2468,1.175,-11.5498,17.2307,1,1,Backhand finish,0,9,67.0388,83.7155,0.5733,0,Perfect,,1.9931,-11.019,0,11.2,-0.0658
3008,Rally,None,1,-0.0117,55.3633,0.9867,3.5,-15.437,1.9793,0.8177,-4.6458,1,Forehand prepare 0.71,0,9,LowPickup,46.734,77.3776,2.1684,1.1875,-11.5866,1.0547,1,1,Backhand finish,0,9,63.0282,81.998,0.6612,0,Perfect,,1.9931,-11.019,0,11.2,-0.0708
3009,Rally,None,1,-0.0117,55.2927,1.001,3.5,-15.4346,2.0101,0.7351,-4.9312,1,Forehand prepare 0.77,0,9,LowPickup,50.6961,78.9538,2.0903,1.1767,-11.6074,2.2113,1,1,Backhand finish,0,9,58.3169,78.7831,0.6979,0,Perfect,,1.9931,-11.019,0,11.2,-0.0706
3010,Rally,None,1,-0.0117,55.2222,1.0134,3.5,-15.4326,2.0409,0.6493,-5.2167,1,Forehand prepare 0.81,0,9,LowPickup,51.4082,80.8926,2.0302,1.1719,-11.6126,0.6221,1,1,Backhand finish,0,9,53.3414,74.5434,0.6881,0,Perfect,,1.9931,-11.019,0,11.2,-0.0705
3011,Rally,None,1,-0.0117,55.1474,1.0242,3.5,-15.4308,2.0871,0.5146,-5.6449,1,Forehand prepare 0.84,0,9,LowPickup,49.248,81.3881,1.9931,1.1375,-11.6082,0.6743,1,1,Backhand finish,0,9,48.089,69.2019,0.6913,0,Perfect,,1.9931,-11.019,0,11.2,-0.0749
3012,Rally,None,1,-0.0117,55.0732,1.0336,3.5,-15.4293,2.1179,0.4208,-5.9304,1,Forehand prepare 0.90,0,9,LowPickup,37.5099,73.129,2.0273,0.9919,-11.5798,1.2721,1,1,Backhand finish,0,9,42.7669,63.1094,0.667,0,Perfect,,1.9931,-11.019,0,11.2,-0.0742
3013,Rally,None,1,-0.0117,54.9951,1.0418,3.5,-15.4279,2.1641,0.2743,-6.3586,1,Forehand prepare 0.94,0,9,LowPickup,29.2262,64.1661,2.0783,0.8611,-11.5163,0.6121,1,1,Backhand finish,0,9,37.4453,56.4217,0.6294,0,Perfect,,1.9931,-11.019,0,11.2,-0.0781
3014,Rally,None,1,-0.0117,54.9182,1.0489,3.5,-15.4267,2.1949,0.1726,-6.6441,1,Forehand prepare 0.99,0,9,LowPickup,16.4889,46.8915,2.2055,0.7366,-11.3053,1.5772,1,1,Backhand finish,0,9,32.3555,49.4308,0.5825,0,Perfect,,1.9931,-11.019,0,11.2,-0.077
3015,Rally,None,1,-0.0117,54.8457,1.0551,3.5,-15.4257,2.2257,0.1,-6.9296,1,Forehand prepare 1.00,0,9,LowPickup,14.4639,43.2634,2.2251,0.7291,-11.2747,0.3459,1,1,Backhand finish,0,9,27.6518,42.2947,0.5058,0,Perfect,,1.9931,-11.019,0,11.2,-0.0725
3016,Rally,None,1,-0.0117,54.7691,1.0605,3.5,-15.4248,2.2705,0.2257,-7.3445,1,Forehand prepare 1.00,0,9,LowPickup,14.4639,43.2634,2.2251,0.7291,-11.2747,0,1,1,Backhand finish,0,9,23.3786,35.1376,0.425,0,Perfect,,1.9931,-11.019,0,11.2,-0.0766
3017,Rally,None,1,-0.0117,54.6934,1.0651,3.5,-15.4241,2.3003,0.3059,-7.6212,1,Forehand prepare 1.00,1,0.1645,LowPickup,22.1736,52.1107,2.1719,0.7691,-11.3563,0,1,1,Backhand finish,0,9,19.7384,28.2667,0.3212,0,Perfect,,1.9931,-11.019,0,11.2,-0.0757
3018,Rally,None,1,-0.0117,54.614,1.0692,3.5,-15.4234,2.3451,0.4206,-8.0361,1,Forehand swing,1,0.1395,LowPickup,17.8475,49.7901,2.1874,0.7359,-11.3282,1.0248,1,1,Backhand finish,0,9,16.7658,21.7371,3.6513,0,Perfect,,1.9931,-11.019,0,11.2,-0.0794
3019,Rally,None,1,-0.0117,54.5359,1.0727,3.5,-15.4228,2.3749,0.4935,-8.3127,1,Forehand swing,1,0.1228,LowPickup,15.0267,45.9416,2.2109,0.7274,-11.2954,0.399,1,1,Backhand finish,0,9,14.7249,15.7798,18.5883,0,Perfect,,1.9931,-11.019,0,11.2,-0.0781
3020,Rally,None,1,-0.0117,54.4589,1.0758,3.5,-15.4223,2.4048,0.5634,-8.5894,1,Forehand swing,1,0.1062,LowPickup,11.9816,41.0465,2.2384,0.7158,-11.2459,0.4272,1,1,Backhand finish,0,9,13.7219,10.4361,0.3028,0,Perfect,,1.9931,-11.019,0,11.2,-0.077
3021,Rally,None,1,-0.0117,54.3784,1.0784,3.5,-15.4219,2.4496,0.6629,-9.0043,1,Forehand swing,1,0.0812,LowPickup,6.5483,31.4169,2.2813,0.696,-11.1437,0.5923,1,1,Backhand finish,0,9,13.2828,6.2425,0.334,0,Perfect,,1.9931,-11.019,0,11.2,-0.0805
3022,Rally,None,1,-0.0117,54.2993,1.0808,3.5,-15.4215,2.4794,0.7255,-9.2809,1,Forehand swing,1,0.0645,LowPickup,3.7503,20.786,2.3051,0.6881,-11.0448,0.7193,1,1,Backhand finish,0,9,13.2898,3.6846,0.3323,0,Perfect,,1.9931,-11.019,0,11.2,-0.0791
3023,Rally,None,1,-0.0117,54.217,1.0828,3.5,-15.4212,2.5242,0.814,-9.6959,1,Forehand swing,1,0.043,LowPickup,-0.0191,6.9665,2.3058,0.9934,-10.4092,0.23,1,1,Ready,0,9,17.0648,7.3746,0.8277,0,Perfect,,1.9931,-11.019,0,11.2,-0.0824
3024,Rally,None,1,-0.0117,54.1363,1.0845,3.5,-15.4209,2.554,0.8694,-9.9725,1,Forehand swing,1,0.0287,LowPickup,-0.3335,-3.8329,2.2643,1.0989,-10.4426,0,1,1,Ready,0,9,16.8261,7.766,0.6926,0,Perfect,,1.9931,-11.019,0,11.2,-0.0807
3025,Rally,None,1,-0.0117,54.0571,1.086,3.5,-15.4206,2.5839,0.9218,-10.2492,1,Forehand swing,1,0.0143,LowPickup,-1.4967,-13.0592,2.2512,1.1659,-10.5195,13.3774,1,1,Ready,0,9,16.5963,8.205,0.3457,0,Perfect,,1.9931,-11.019,0,11.2,-0.0792
3026,Rally,None,1,0.055,54.3109,1.0924,3.4926,-15.4217,2.5738,1.0181,-10.0616,1,Forehand swing,1,-0.0083,LowPickup,-3.6115,-24.3238,2.242,1.172,-10.5555,0.0948,1,1,Ready,0,9,16.201,8.5656,0.1608,0.6917,Perfect,P:Perfect;,1.9931,-11.019,0,11.2,0.2538
3027,Rally,None,1,0.0383,54.5316,1.0699,3.5003,-15.4208,2.5738,1.0181,-10.0616,1,Forehand follow,1,-0.0083,LowPickup,-3.2725,-21.1538,2.2421,1.172,-10.5556,0.2687,1,1,Ready,0,9,15.5921,8.762,2.3077,0.6333,Perfect,,1.9931,-11.019,0,11.2,0.2207
3028,Rally,None,1,0.0217,54.7234,1.0752,3.499,-15.4207,2.5738,1.0181,-10.0616,1,Forehand follow,1,-0.0083,LowPickup,-3.2725,-21.1538,2.2421,1.172,-10.5556,0,1,1,Ready,0,9,14.7507,8.6688,13.5201,0.575,Perfect,,1.9931,-11.019,0,11.2,0.1918
3029,Rally,None,1,0.005,54.8902,1.0792,3.504,-15.4195,2.5738,1.0181,-10.0616,1,Forehand follow,1,-0.0083,LowPickup,-3.2725,-21.1538,2.2421,1.172,-10.5556,0,1,1,Ready,0,9,13.7097,8.25,0.3193,0.5167,Perfect,,1.9931,-11.019,0,11.2,0.1668
3030,Rally,None,1,-0.0117,55.0352,1.085,3.4997,-15.4201,2.5738,1.0181,-10.0616,1,Forehand follow,1,-0.0083,LowPickup,-3.2725,-21.1538,2.2421,1.172,-10.5556,0.0001,1,1,Ready,0,9,12.5973,7.4411,0.5377,0.4583,Perfect,,1.9931,-11.019,0,11.2,0.145
3031,Rally,None,1,-0.0117,55.1612,1.0849,3.4987,-15.4202,2.5339,1.0624,-9.7174,1,Forehand follow,1,-0.025,LowPickup,-4.7905,-27.3915,2.2376,1.1222,-10.5741,0,1,1,Ready,0,9,11.3758,6.3201,1.1394,0.4,Perfect,,1.991,-11.0192,0,11.2,0.126
3032,Rally,None,1,-0.0117,55.2708,1.0806,3.4998,-15.4201,2.494,1.1041,-9.3733,1,Forehand follow,1,-0.0417,LowPickup,-6.4715,-30.38,2.2344,1.0785,-10.6079,0.3499,1,1,Ready,0,9,10.1836,5.0638,4.4944,0.3417,Perfect,,1.9861,-11.0196,0,11.2,0.1096
3033,Rally,None,1,-0.0117,55.3661,1.0821,3.4953,-15.421,2.4342,1.1619,-8.857,1,Forehand follow,1,-0.0667,LowPickup,-8.997,-34.3721,2.2486,1.0189,-10.7079,0.1848,1,1,Ready,0,9,9.9816,4.1511,0.664,0.2833,Perfect,,1.9737,-11.0207,0,11.2,0.0953
3034,Rally,None,1,-0.0117,55.4489,1.0825,3.4952,-15.4212,2.3943,1.1973,-8.5128,1,Forehand follow,1,-0.0833,LowPickup,-10.5462,-35.0414,2.2651,0.9625,-10.7538,0.1972,1,1,Ready,0,9,10.0502,3.6139,0.4964,0.225,Perfect,,1.9619,-11.0218,0,11.2,0.0828
3035,Rally,None,1,-0.0117,55.5209,1.0765,3.4953,-15.4218,2.3344,1.2455,-7.9966,1,Forehand follow,1,-0.1083,LowPickup,-12.9901,-37.2036,2.2698,0.9541,-10.7504,0.1293,1,1,Ready,0,9,10.3515,3.4062,0.1802,0.1667,Perfect,,1.9391,-11.0239,0,11.2,0.072
3036,Rally,None,1,-0.0117,55.5835,1.0731,3.4955,-15.4224,2.2945,1.2746,-7.6524,1,Forehand follow,1,-0.125,LowPickup,-15.1153,-37.0437,2.2419,0.982,-10.723,0.7862,1,1,Ready,0,9,10.8625,3.5749,0.4284,0.1083,Perfect,,1.9204,-11.0256,0,11.2,0.0626
3037,Rally,None,1,-0.0117,55.6379,1.0677,3.4958,-15.4232,2.2546,1.301,-7.3082,1,Forehand follow,1,-0.1417,LowPickup,-17.7582,-38.2431,2.1581,1.0163,-10.6857,0.9711,1,1,Ready,0,9,11.6199,3.9826,0.7022,0.05,Perfect,,1.899,-11.0275,0,11.2,0.0544
3038,Rally,None,1,-0.0117,55.6852,1.0633,3.4962,-15.4242,2.1948,1.336,-6.792,1,Forehand follow,1,-0.1667,LowPickup,-21.4063,-41.5437,2.0126,1.055,-10.6582,0.9224,1,1,Ready,0,9,12.7197,4.5162,0.7758,0,Perfect,,1.8617,-11.0309,0,11.2,0.0473
3039,Rally,None,1,-0.0117,55.7263,1.0561,3.4967,-15.4254,2.1549,1.3561,-6.4478,1,Forehand follow,1,-0.1833,LowPickup,-25.008,-44.1884,1.9145,1.0676,-10.6452,1.0089,1,1,Ready,0,9,13.9579,5.1699,0.7582,0,Perfect,,1.8333,-11.0335,0,11.2,0.0411
3040,Rally,None,1,-0.0117,55.7621,1.0465,3.4972,-15.427,2.095,1.3815,-5.9315,1,Forehand follow,1,-0.2083,LowPickup,-27.9607,-48.6649,1.7809,1.1069,-10.6462,0.907,1,1,Ready,0,9,15.2128,5.8901,0.659,0,Perfect,,1.7856,-11.0378,0,11.2,0.0358
3041,Rally,None,1,-0.0117,55.7932,1.0355,3.4975,-15.4288,2.0551,1.3953,-5.5874,1,Forehand follow,1,-0.225,LowPickup,-27.9127,-51.4837,1.6801,1.1184,-10.6464,0,1,1,Ready,0,9,16.3573,6.7165,0.5545,0,Perfect,,1.7503,-11.041,0,11.2,0.0311
3042,Rally,None,1,-0.0117,55.8202,1.0233,3.4979,-15.4309,2.0152,1.4065,-5.2432,1,Forehand follow,1,-0.2417,LowPickup,-27.508,-53.7121,1.583,1.1198,-10.65,0.5231,1,1,Ready,0,9,17.2239,7.6976,0.4196,0,Perfect,,1.7123,-11.0445,0,11.2,0.027
3043,Rally,None,1,-0.0117,55.8437,1.0081,3.4981,-15.4334,1.9554,1.4186,-4.7269,1,Forehand follow,1,-0.2667,LowPickup,-27.1022,-57.5498,1.4444,1.1125,-10.6756,1.0221,1,1,Ready,0,9,17.8358,8.7468,0.2838,0,Perfect,,1.65,-11.0501,-0.021,11.2,0.0235
3044,Rally,None,1,-0.0117,55.8641,0.9918,3.4984,-15.4361,1.9155,1.4235,-4.3828,1,Forehand follow,0,9,LowPickup,-24.6649,-57.9987,1.3796,1.1101,-10.6673,18.2529,1,1,Ready,0,9,18.1128,9.8295,0.0335,0,Perfect,,1.6051,-11.0542,-0.021,11.2,0.0204
3045,Rally,None,1,-0.0117,55.8819,0.9723,3.4986,-15.4394,1.8556,1.4261,-3.8665,1,Run,0,9,LowPickup,-19.5998,-39.4034,1.4402,0.9007,-10.6099,1.2874,0.9167,0.8333,Ready,0,9,18.2026,10.8466,0.0769,0,Perfect,,1.5325,-11.0608,-0.021,11.2,0.0178
3046,Rally,None,1,-0.0117,55.8973,0.9517,3.4988,-15.4428,1.8157,1.4246,-3.5223,1,Run,0,9,LowPickup,-19.6622,-37.4628,1.4064,0.8801,-10.6007,14.0504,0.8333,0.6667,Ready,0,9,18.175,11.7066,0.0326,0,Perfect,,1.4806,-11.0655,-0.021,11.2,0.0154
3047,Rally,None,1,-0.0117,55.9107,0.9298,3.4989,-15.4464,1.7758,1.4206,-3.1781,1,Run,0,9,LowPickup,-20.0369,-35.7314,1.3675,0.8771,-10.5987,15.3275,0.75,0.5,Ready,0,9,18.1638,12.3669,0.0492,0,Perfect,,1.4259,-11.0705,-0.021,11.2,0.0134
3048,Rally,None,1,-0.0117,55.9224,0.9045,3.4991,-15.4506,1.716,1.4098,-2.6619,1,Run,0,9,LowPickup,-20.6029,-33.471,1.3186,0.9403,-10.5358,0.6414,0.6667,0.3333,Backhand prepare 0.04,0,9,17.4735,12.2095,0.5816,0,Perfect,,1.3388,-11.0784,-0.021,11.2,0.0117
3049,Rally,None,1,-0.0117,55.9325,0.8781,3.4992,-15.4549,1.6761,1.3995,-2.3177,1,Run,0,9,LowPickup,-21.3976,-30.0835,1.3115,0.9008,-10.5648,0,0.5833,0.1667,Backhand prepare 0.09,0,9,15.7812,15.0085,0.4396,0,Perfect,,1.2773,-11.084,-0.021,11.2,0.0101
3050,Rally,None,1,-0.0117,55.9413,0.8482,3.4993,-15.4599,1.6162,1.3792,-1.8014,1,Run,0,9,LowPickup,-22.5481,-24.9024,1.2993,0.7705,-10.7406,7.1876,0.5,0,Backhand prepare 0.13,0,9,13.6602,15.6244,0.3377,0,Perfect,,1.1797,-11.0929,-0.021,11.2,0.0088
3051,Rally,None,1,-0.0117,55.949,0.8172,3.4994,-15.465,1.5763,1.3625,-1.4573,1,Run,0,9,LowPickup,-24.9091,-25.7148,1.2197,0.7766,-10.7297,9.5185,0.4167,0,Backhand prepare 0.18,0,9,8.4766,12.9158,0.5531,0,Perfect,,1.1113,-11.0991,-0.021,11.2,0.0077
3052,Rally,None,1,-0.0117,55.9557,0.7853,3.4995,-15.4703,1.5364,1.3432,-1.1131,1,Run,0,9,LowPickup,-27.0711,-26.5509,1.1296,0.7784,-10.7139,12.991,0.3333,0,Backhand prepare 0.22,0,9,3.8747,8.8785,0.3898,0,Perfect,,1.0416,-11.1054,-0.021,11.2,0.0067
3053,Rally,None,1,-0.0117,55.9615,0.75,3.4995,-15.4761,1.4766,1.3096,-0.5968,1,Run,0,9,LowPickup,-28.9624,-27.3325,1.0072,0.8008,-10.7064,3.2188,0.25,0,Backhand prepare 0.26,0,9,-1.0213,3.1189,0.4535,0,Perfect,,0.937,-11.1149,-0.021,11.2,0.0058
3054,Rally,None,1,-0.0117,55.9665,0.7144,3.4996,-15.482,1.4367,1.284,-0.2527,1,Run,0,9,LowPickup,-30.6318,-28.0003,0.923,0.8174,-10.6987,2.4328,0.1667,0,Backhand prepare 0.31,0,9,-6.7812,-4.6709,2.1405,0,Perfect,,0.8673,-11.1212,-0.021,11.2,0.005
3055,Rally,None,1,-0.0117,55.9364,0.6758,3.4997,-15.4884,1.3768,1.2408,0.2636,1,Run,0,9,LowPickup,-32.2069,-28.9176,0.8051,0.8241,-10.6986,0.5151,0.0833,0,Backhand prepare 0.35,0,9,-12.3311,-11.7701,0.7707,0,Perfect,,0.7627,-11.1307,-0.021,11.2,-0.0301
3056,Rally,None,1,-0.0117,55.8653,0.6373,3.4997,-15.4947,1.3369,1.2089,0.6078,1,Run,0,9,LowPickup,-33.5363,-30.0529,0.7247,0.8183,-10.7024,0.8066,0,0,Backhand prepare 0.41,0,9,-19.9108,-21.5481,0.9622,0,Perfect,,0.693,-11.1371,-0.021,11.2,-0.0711
3057,Rally,None,1,-0.0117,55.7586,0.5989,3.4997,-15.5011,1.297,1.1744,0.9519,1,Run,0,9,LowPickup,-34.6053,-31.2759,0.6493,0.816,-10.7114,0,0,0,Backhand prepare 0.44,0,9,-25.0455,-28.4222,0,0,Perfect,,0.6233,-11.1434,-0.021,11.2,-0.1068
3058,Rally,None,1,-0.0117,55.5983,0.5581,3.4998,-15.5078,1.2372,1.1179,1.4682,1,Run,0,9,LowPickup,-35.4294,-32.5877,0.5457,0.8068,-10.725,0,0,0,Backhand prepare 0.48,0,9,-27.9645,-34.2062,0.0696,0,Perfect,,0.5211,-11.1527,-0.021,11.2,-0.1603
3059,Rally,None,1,-0.0117,55.414,0.518,3.4998,-15.5145,1.1973,1.0771,1.8124,1,Run,0,9,LowPickup,-35.9282,-33.9812,0.4855,0.7919,-10.737,0,0,0,Backhand prepare 0.54,0,9,-34.9922,-44.2489,0.587,0,Perfect,,0.4565,-11.1585,-0.021,11.2,-0.1843
3060,Rally,None,1,-0.0117,55.1863,0.4765,3.4998,-15.5213,1.1374,1.011,2.3286,1,Run,0,9,LowPickup,-36.2253,-35.3677,0.3979,0.7774,-10.7547,0,0,0,Backhand prepare 0.57,0,9,-42.0361,-52.5447,1.6283,0,Perfect,,0.3647,-11.1669,-0.021,11.2,-0.2277
3061,Rally,None,1,-0.0117,54.9435,0.4363,3.4999,-15.5279,1.0975,0.9639,2.6728,1,Run,0,9,LowPickup,-36.464,-36.6029,0.3438,0.7674,-10.7685,0,0,0,Backhand prepare 0.63,0,9,-53.4208,-68.3577,2.259,0,Perfect,,0.307,-11.1721,-0.021,11.2,-0.2429
3062,Rally,None,1,-0.0117,54.6874,0.3974,3.4999,-15.5344,1.0576,0.9141,3.017,1,Run,0,9,LowPickup,-36.5953,-37.7807,0.2959,0.7593,-10.7831,0,0,0,Backhand prepare 0.67,0,9,-59.3937,-79.8638,1.0577,0,Perfect,,0.252,-11.1771,-0.021,11.2,-0.2561
3063,Rally,None,1,-0.0117,54.3972,0.3581,3.4999,-15.5409,0.9978,0.8348,3.5332,1,Run,0,9,LowPickup,-36.6627,-38.8747,0.2261,0.7539,-10.8001,1.6126,0,0,Backhand prepare 0.70,0,9,-64.1963,-90.1215,2.2186,0,Perfect,,0.1748,-11.1841,-0.021,11.2,-0.2901
3064,Rally,None,1,-0.0117,54.1001,0.3204,3.4999,-15.5471,0.9579,0.7787,3.8774,1,Run,0,9,LowPickup,-36.7596,-39.7869,0.1824,0.7587,-10.8141,0.4335,0,0,Backhand prepare 0.76,0,9,-70.7959,-101.0102,1.9831,0,Perfect,,0.1267,-11.1885,-0.021,11.2,-0.2972
3065,Rally,None,1,-0.0117,53.7743,0.2828,3.4999,-15.5533,0.898,0.6898,4.3937,1,Run,0,9,LowPickup,-36.9341,-40.5139,0.1172,0.7664,-10.8287,0.6495,0,0,Backhand prepare 0.80,0,9,-72.2709,-107.9255,0.3604,0,Perfect,,0.0599,-11.1946,-0.021,11.2,-0.3258
3066,Rally,None,1,-0.0117,53.4461,0.2472,3.4999,-15.5592,0.8581,0.6274,4.7379,1,Run,0,9,LowPickup,-37.1122,-41.1082,0.0768,0.7664,-10.8394,0.2879,0,0,Backhand prepare 0.85,0,9,-66.3308,-118.1603,1.4953,0,Perfect,,0.0187,-11.1983,-0.021,11.2,-0.3282
3067,Rally,None,1,-0.0117,53.1158,0.2149,3.4999,-15.5645,0.8182,0.5624,5.082,1,Run,0,9,LowPickup,-37.3065,-41.597,0.0586,0.7661,-10.8444,0.1625,0,0,Backhand prepare 0.89,0,9,-55.0472,-121.3632,0.8884,0,Perfect,,0,-11.2,-0.021,11.2,-0.3303
3068,Rally,None,1,-0.0117,52.7612,0.1868,3.4999,-15.5691,0.7584,0.4602,5.5983,1,Ready,0,9,LowPickup,-31.9208,-37.4972,0.0675,0.776,-10.8811,0.5408,0,0,Backhand prepare 0.92,0,9,-41.0298,-115.6763,1.0471,0,Perfect,,0,-11.2,-0.021,11.2,-0.3546
3069,Rally,None,1,-0.0117,52.408,0.1624,3.5,-15.5732,0.7185,0.3889,5.9425,1,Ready,0,9,LowPickup,-23.9569,-29.9454,0.0817,0.7732,-10.8994,0.5999,0,0,Backhand prepare 0.98,0,9,-21.8712,-94.211,8.8218,0,Perfect,,0,-11.2,-0.021,11.2,-0.3532
3070,Rally,None,1,-0.0117,52.0934,0.1412,3.5,-15.5767,0.6587,0.2771,6.4587,1,Ready,0,9,LowPickup,-15.7936,-22.2754,0.0925,0.7644,-10.9154,0.424,0,0,Backhand prepare 1.00,0,9,-15.6101,-85.3905,0.6984,0,Perfect,,0,-11.2,-0.021,11.2,-0.3146
3071,Rally,None,1,-0.0117,51.82,0.1228,3.5,-15.5797,0.6188,0.1994,6.8029,1,Ready,0,9,LowPickup,-7.4881,-14.5191,0.1024,0.7477,-10.929,0.2272,0,0,Backhand prepare 1.00,1,0.1762,-26.4102,-96.4919,0,0,Perfect,,0,-11.2,-0.021,11.2,-0.2735
3072,Rally,None,1,-0.0117,51.5822,0.1067,3.5,-15.5824,0.5789,0.1192,7.1471,1,Ready,0,9,LowPickup,0.8932,-6.6571,0.1139,0.7236,-10.9432,0.7814,0,0,Backhand swing,1,0.1621,-23.0787,-96.2489,0.4466,0,Perfect,,0,-11.2,-0.021,11.2,-0.2378
3073,Rally,None,1,-0.0117,51.3755,0.0928,3.5,-15.5847,0.5217,0.1584,7.6399,1,Ready,0,9,LowPickup,9.265,1.2033,0.1242,0.7283,-10.9581,1.2803,0,0,Backhand swing,1,0.141,-18.9458,-91.6929,0.1042,0,Perfect,,0,-11.2,-0.1011,11.2,-0.2067
3074,Rally,None,1,-0.0117,51.1958,0.0807,3.5,-15.5867,0.4845,0.2142,7.9607,1,Ready,0,9,LowPickup,17.5146,8.925,0.1211,0.7355,-10.9674,2.0428,0,0,Backhand swing,1,0.1269,-12.4091,-80.737,6.2035,0,Perfect,,0,-11.2,-0.1812,11.2,-0.1797
3075,Rally,None,1,-0.0117,51.0396,0.0701,3.5,-15.5884,0.4288,0.2929,8.4419,1,Ready,0,9,LowPickup,18.5013,10.0741,0.113,0.7305,-10.9636,0.0736,0,0,Backhand swing,1,0.1057,-3.5366,-67.4081,35.5281,0,Perfect,,0,-11.2,-0.2744,11.2,-0.1562
3076,Rally,None,1,-0.0117,50.9038,0.061,3.5,-15.5899,0.3916,0.3421,8.7626,1,Ready,0,9,LowPickup,18.5419,10.4806,0.1268,0.7376,-10.9648,0.1331,0,0,Backhand swing,1,0.0916,3.1083,-54.8761,19.8029,0,Perfect,,0,-11.2,-0.2744,11.2,-0.1358
3077,Rally,None,1,-0.0117,50.7857,0.053,3.5,-15.5913,0.3544,0.3886,9.0834,1,Ready,0,9,LowPickup,18.5404,10.8487,0.1427,0.7496,-10.969,0.1101,0,0,Backhand swing,1,0.0775,2.0558,-53.9608,1.6389,0,Perfect,,0,-11.2,-0.2744,11.2,-0.1181
3078,Rally,None,1,-0.0117,50.6831,0.0461,3.5,-15.5924,0.2986,0.4534,9.5645,1,Ready,0,9,LowPickup,18.511,11.0872,0.1472,0.7584,-10.9769,0.0308,0,0,Backhand swing,1,0.0564,3.9361,-48.0898,0.7128,0,Perfect,,0,-11.2,-0.2744,11.2,-0.1026
3079,Rally,None,1,-0.0117,50.5938,0.0401,3.5,-15.5934,0.2614,0.4933,9.8853,1,Ready,0,9,LowPickup,18.4889,11.2445,0.1451,0.763,-10.9733,0.0129,0,0,Backhand swing,1,0.0423,3.9009,-40.5491,0.8087,0,Perfect,,0,-11.2,-0.2744,11.2,-0.0892
3080,Rally,None,1,-0.0117,50.5162,0.0348,3.5,-15.5943,0.2056,0.5481,10.3665,1,Ready,0,9,LowPickup,18.5303,11.3421,0.1314,0.7597,-10.9342,0.0148,0,0,Backhand swing,1,0.0211,7.6894,-24.4002,0.3488,0,Perfect,,0,-11.2,-0.2744,11.2,-0.0776
3081,Rally,None,1,-0.0117,50.4488,0.0303,3.5,-15.595,0.1684,0.5814,10.6872,1,Ready,0,9,LowPickup,18.5792,11.3657,0.1163,0.7614,-10.8987,0.0133,0,0,Backhand swing,1,0.007,7.0221,-12.404,0.2915,0,Perfect,,0,-11.2,-0.2744,11.2,-0.0674
3082,Rally,None,1,-0.0117,51.174,0.0263,3.5,-15.5957,0.1499,0.597,10.7276,1,Ready,0,9,LowPickup,18.6069,11.2962,0.1142,0.7654,-10.8938,0.0152,0,0,Backhand swing,1,0,5.999,-6.3533,0.1846,0,Perfect,R;,0,-11.2,-0.2879,11.2,0.7252
3083,Rally,None,1,-0.0117,51.8045,0.0229,3.5,-15.5962,0.1205,0.6842,10.454,1,Ready,0,9,LowPickup,18.5948,11.1725,0.1193,0.7698,-10.8954,0.0161,0,0,Backhand swing,1,-0.0167,9.332,5.9043,0.5411,0,Perfect,,0,-11.2,-0.2078,11.2,0.6305
3084,Rally,None,1,-0.0117,52.3526,0.0199,3.5,-15.5967,0.0912,0.7685,10.1803,1,Ready,0,9,LowPickup,18.498,11.0198,0.1334,0.7765,-10.8899,0.0062,0,0,Backhand follow,1,-0.0333,1.4589,6.3222,0.5239,0,Perfect,,0,-11.2,-0.1277,11.2,0.5481
3085,Rally,None,1,-0.0117,52.8291,0.0173,3.5,-15.5971,0.0473,0.8894,9.7698,1,Ready,0,9,LowPickup,18.3723,10.8548,0.1473,0.7828,-10.8855,0.0057,0,0,Backhand follow,1,-0.0583,-0.7104,13.9864,0.0752,0,Perfect,,0,-11.2,-0.0076,11.2,0.4765
3086,Rally,None,1,-0.0117,53.2434,0.015,3.5,-15.5975,0.018,0.9663,9.4961,1,Ready,0,9,LowPickup,18.2461,10.7012,0.1509,0.7844,-10.8848,0.0122,0,0,Backhand follow,1,-0.075,-2.5459,15.7761,0.1984,0,Perfect,,0,-11.2,0,11.2,0.4143
3087,Rally,None,1,-0.0117,53.6035,0.0128,3.5,-15.5979,-0.026,1.0763,9.0856,1,Ready,0,9,LowPickup,18.1503,10.5602,0.1446,0.7857,-10.8835,0.0152,0,0,Backhand follow,1,-0.1,9.3609,30.7004,0.7248,0,Perfect,,-0.0041,-11.2006,0,11.2,0.3601
3088,Rally,None,1,-0.0117,53.9166,0.0104,3.5,-15.5984,-0.0553,1.146,8.8119,1,Run,0,9,LowPickup,11.755,5.1726,0.1208,0.791,-10.8672,1.1586,0,0,Backhand follow,1,-0.1167,17.6962,38.0098,0.802,0,Perfect,,-0.0103,-11.2015,0,11.2,0.3131
3089,Rally,None,1,-0.0117,54.1888,0.0076,3.5,-15.599,-0.0846,1.2127,8.5382,1,Run,0,9,LowPickup,2.7477,-2.3552,0.0905,0.7962,-10.8496,1.4849,0,0,Backhand follow,1,-0.1333,20.8497,42.8975,0.3824,0,Perfect,,-0.0193,-11.2027,0,11.2,0.2722
3090,Rally,None,1,-0.0117,54.4254,0.0039,3.5,-15.5998,-0.1286,1.3073,8.1277,1,Run,0,9,LowPickup,-6.2183,-9.8039,0.0562,0.8026,-10.8363,1.34,0,0,Backhand follow,1,-0.1583,26.2769,52.8027,0.1976,0,Perfect,,-0.0378,-11.2054,0,11.2,0.2366
3091,Rally,None,1,-0.0117,54.6311,-0.0005,3.5,-15.6008,-0.1579,1.3668,7.854,1,Run,0,9,LowPickup,-14.9905,-16.9581,0.0232,0.8079,-10.8225,1.2427,0,0,Backhand follow,1,-0.175,30.7745,59.6627,0.1937,0,Perfect,,-0.0536,-11.2076,0,11.2,0.2057
3092,Rally,None,1,-0.0117,54.8099,-0.0063,3.5,-15.6022,-0.2019,1.4505,7.4435,1,Run,0,9,LowPickup,-23.9313,-24.0833,-0.0327,0.8147,-10.8115,1.4365,0,0,Backhand follow,1,-0.2,35.8646,70.6241,0.1309,0,Perfect,,-0.0825,-11.2117,0,11.2,0.1788
3093,Rally,None,1,-0.0117,54.9654,-0.0131,3.5,-15.6039,-0.2312,1.5026,7.1698,1,Run,0,9,LowPickup,-33.3474,-31.4535,-0.0908,0.8274,-10.7983,3.3825,0,0,Backhand follow,1,-0.2167,38.8141,77.5645,0.2138,0,Perfect,,-0.1052,-11.2149,0,11.2,0.1555
3094,Rally,None,1,-0.0117,55.1006,-0.0207,3.5,-15.6058,-0.2605,1.5518,6.8961,1,Run,0,9,LowPickup,-43.0756,-38.9603,-0.1591,0.8441,-10.7827,14.5372,0,0,Backhand follow,1,-0.2333,41.7871,82.1333,1.0218,0,Perfect,,-0.1306,-11.2185,0,11.2,0.1352
3095,Rally,None,1,-0.0117,55.2181,-0.0305,3.5,-15.6083,-0.3045,1.6202,6.4856,1,Run,0,9,LowPickup,-43.3708,-38.9233,-0.2056,0.8497,-10.7864,0.8774,0,0,Backhand follow,1,-0.2583,46.5433,88.2018,0.9308,0,Perfect,,-0.174,-11.2247,0,11.2,0.1175
3096,Rally,None,1,-0.0117,55.3202,-0.0414,3.5,-15.611,-0.3338,1.6621,6.2119,1,Run,0,9,LowPickup,-43.6275,-38.8555,-0.2411,0.8559,-10.7887,1.4928,0,0,Backhand follow,1,-0.275,50.2342,90.2312,2.6175,0,Perfect,,-0.2063,-11.2293,0,11.2,0.1022
3097,Rally,None,1,-0.0117,55.409,-0.0546,3.5,-15.6144,-0.3777,1.7195,5.8014,1,Run,0,9,LowPickup,-43.8687,-38.8107,-0.2977,0.8619,-10.7941,0.7036,0,0,Backhand follow,0,9,50.2012,89.0167,10.4306,0,Perfect,,-0.2599,-11.2369,0,11.2,0.0888
3098,Rally,None,1,-0.0117,55.4862,-0.069,3.5,-15.6181,-0.407,1.7542,5.5277,1,Run,0,9,LowPickup,-44.0847,-38.8047,-0.3393,0.8668,-10.7978,1.349,0,0,Backhand finish,0,9,52.8807,92.0892,3.1998,0,Perfect,,-0.2991,-11.2425,0,11.2,0.0772
3099,Rally,None,1,-0.0117,55.5534,-0.0845,3.5,-15.622,-0.4364,1.7859,5.254,1,Run,0,9,LowPickup,-44.2423,-38.861,-0.3822,0.8684,-10.8024,0.8193,0,0,Backhand finish,0,9,54.9996,94.889,1.1698,0,Perfect,,-0.341,-11.2484,0,11.2,0.0671
3100,Rally,None,1,-0.0117,55.6117,-0.1028,3.5,-15.6267,-0.4803,1.828,4.8435,1,Run,0,9,LowPickup,-44.3132,-39.0065,-0.4488,0.8658,-10.8116,0.8007,0,0,Backhand finish,0,9,56.8226,97.2138,5.7319,0,Perfect,,-0.4091,-11.2581,0,11.2,0.0583
3101,Rally,None,1,-0.0117,55.6624,-0.1223,3.5,-15.6317,-0.5096,1.8524,4.5698,1,Run,0,9,LowPickup,-44.2596,-39.2813,-0.4925,0.8583,-10.8192,1.5416,0,0,Backhand finish,0,9,58.4488,98.8857,2.4197,0,Perfect,,-0.4579,-11.265,0,11.2,0.0507
3102,Rally,None,1,-0.0117,55.7065,-0.1449,3.5,-15.6375,-0.5536,1.8835,4.1593,1,Run,0,9,LowPickup,-44.0815,-39.6756,-0.564,0.8439,-10.8346,0.655,0,0,Backhand finish,0,9,60.318,100.0432,0.7361,0,Perfect,,-0.5363,-11.2761,0,11.2,0.0441
3103,Rally,None,1,-0.0117,55.7449,-0.1685,3.5,-15.6436,-0.5829,1.9006,3.8856,1,Run,0,9,LowPickup,-43.7955,-40.177,-0.6131,0.8214,-10.8505,2.5388,0,0,Backhand finish,0,9,62.4555,100.7523,0.2938,0,Perfect,,-0.592,-11.284,0,11.2,0.0383
3104,Rally,None,1,-0.0117,55.7782,-0.1932,3.5,-15.65,-0.6122,1.9148,3.612,1,Run,0,9,LowPickup,-43.426,-40.7534,-0.663,0.7932,-10.8667,2.393,0,0,Backhand finish,0,9,64.9675,101.1336,0.524,0,Perfect,,-0.6504,-11.2923,0,11.2,0.0333
3105,Rally,None,1,-0.0117,55.8072,-0.2214,3.5,-15.6572,-0.6562,1.9306,3.2014,1,Run,0,9,LowPickup,-42.897,-41.4755,-0.7429,0.7779,-10.8907,0,0,0,Backhand finish,0,9,67.4445,101.1794,0.6448,0,Perfect,,-0.7432,-11.3055,0,11.2,0.029
3106,Rally,None,1,-0.0117,55.8324,-0.2505,3.5,-15.6647,-0.6855,1.9375,2.9278,1,Run,0,9,LowPickup,-42.282,-42.2731,-0.795,0.7675,-10.9128,0,0,0,Backhand finish,0,9,69.7866,100.9774,0.3037,0,Perfect,,-0.8086,-11.3148,0,11.2,0.0252
3107,Rally,None,1,-0.0117,55.8543,-0.2833,3.5,-15.6732,-0.7295,1.9424,2.5172,1,Run,0,9,LowPickup,-41.7343,-42.9894,-0.8868,0.7696,-10.9397,1.6657,0,0,Backhand finish,0,9,71.4975,100.631,0.1397,0,Perfect,,-0.9117,-11.3294,0,11.2,0.0219
3108,Rally,None,1,-0.0117,55.8733,-0.317,3.5,-15.6819,-0.7588,1.942,2.2436,1,Run,0,9,LowPickup,-41.1899,-43.686,-0.9477,0.7709,-10.9622,0.5199,0,0,Backhand finish,0,9,72.5384,100.0494,0.2603,0,Perfect,,-0.9839,-11.3397,0,11.2,0.019
3109,Rally,None,1,-0.0117,55.8899,-0.3517,3.5,-15.6908,-0.7881,1.9387,1.9699,1,Run,0,9,LowPickup,-40.766,-44.2427,-1.0117,0.7763,-10.984,0.3623,0,0,Backhand finish,0,9,72.9205,99.2637,0.9054,0,Perfect,,-1.0588,-11.3503,0,11.2,0.0166
3110,Rally,None,1,-0.0117,55.9043,-0.3902,3.5,-15.7007,-0.832,1.9282,1.5594,1,Run,0,9,LowPickup,-40.6248,-44.4991,-1.1207,0.7905,-11.0052,2.3003,0,0,Backhand finish,0,9,73.009,98.0926,6.3091,0,Perfect,,-1.1755,-11.3669,0,11.2,0.0144
3111,Rally,None,1,-0.0117,55.9168,-0.4291,3.5,-15.7108,-0.8614,1.9176,1.2857,1,Run,0,9,LowPickup,-40.745,-44.4722,-1.2404,0.8046,-11.0152,8.7016,0,0,Backhand finish,0,9,72.8492,96.5083,0.2575,0,Perfect,,-1.2515,-11.3776,0,11.2,0.0125
3112,Rally,None,1,-0.0117,55.9276,-0.4708,3.5,-15.7215,-0.9053,1.8962,0.8752,1,Run,0,9,LowPickup,-41.1037,-44.1883,-1.3577,0.8081,-11.0249,3.9515,0,0,Backhand finish,0,9,72.8427,94.4837,0.0805,0,Perfect,,-1.3603,-11.3931,0,11.2,0.0109
3113,Rally,None,1,-0.0117,55.9371,-0.5121,3.5,-15.7321,-0.9346,1.8783,0.6015,1,Run,0,9,LowPickup,-41.7176,-43.6312,-1.3972,0.7957,-11.023,2.7616,0,0,Backhand finish,0,9,73.028,92.2805,0.1398,0,Perfect,,-1.4299,-11.4023,0,11.2,0.0095
3114,Rally,None,1,-0.0117,55.9453,-0.5528,3.5,-15.7421,-0.9639,1.8574,0.3278,1,Run,0,9,LowPickup,-43.2088,-43.5573,-1.4872,0.7893,-11.0177,2.3656,0,0,Backhand finish,0,9,73.4436,90.0792,0.2299,0,Perfect,,-1.4986,-11.4089,0,11.2,0.0082
3115,Rally,None,1,-0.0117,55.9525,-0.5955,3.5,-15.7516,-1.0079,1.8207,-0.0827,1,Run,0,9,LowPickup,-45.5096,-44.102,-1.6182,0.7763,-11.0142,1.6649,0,0,Backhand finish,0,9,73.8812,88.0825,0.2259,0,Perfect,,-1.5993,-11.4142,0,11.2,0.0071
3116,Rally,None,1,-0.0117,55.9587,-0.6373,3.5,-15.7598,-1.0372,1.7926,-0.3564,1,Backhand prepare 0.07,0,9,LowPickup,-43.3309,-39.8227,-1.661,0.7948,-11.035,0.3207,0.2083,0.1667,Backhand finish,0,9,74.3968,86.5383,0.1451,0,Perfect,,-1.6644,-11.4149,0,11.2,0.0062
3117,Rally,None,1,-0.0117,55.9641,-0.6804,3.5,-15.7666,-1.0812,1.7449,-0.7669,1,Backhand prepare 0.10,0,9,LowPickup,-41.2529,-34.4158,-1.6871,0.8036,-11.0617,1.1455,0.4167,0.3333,Backhand finish,0,9,74.799,85.3714,0.0474,0,Perfect,,-1.7587,-11.4119,0,11.2,0.0054
3118,Rally,None,1,-0.0117,55.9643,-0.7222,3.5,-15.772,-1.1105,1.7094,-1.0406,1,Backhand prepare 0.16,0,9,LowPickup,-37.5605,-30.0384,-1.677,0.7872,-11.1071,1.2722,0.625,0.5,Backhand finish,0,9,75.0715,84.5097,0.0181,0,Perfect,,-1.819,-11.4077,0,11.2,0.0002
3119,Rally,None,1,-0.0117,55.9552,-0.7628,3.5,-15.7759,-1.1398,1.6711,-1.3143,1,Backhand prepare 0.20,0,9,LowPickup,-36.2831,-27.7339,-1.731,0.7713,-11.1456,1.0512,0.8333,0.6667,Backhand finish,0,9,75.2032,83.8853,0.379,0,Perfect,,-1.8771,-11.4017,0,11.2,-0.0091
3120,Rally,None,1,-0.0117,55.9333,-0.8039,3.5,-15.7777,-1.1838,1.6081,-1.7248,1,Backhand prepare 0.23,0,9,LowPickup,-35.0223,-27.4013,-1.8407,0.7607,-11.1648,0,1,0.8333,Backhand finish,0,9,75.2921,83.4625,0.341,0,Perfect,,-1.9597,-11.3902,0,11.2,-0.0219
3121,Rally,None,1,-0.0117,55.9049,-0.8434,3.5,-15.7782,-1.2131,1.5624,-1.9985,1,Backhand prepare 0.29,0,9,LowPickup,-34.7174,-28.5268,-2.0632,0.7796,-11.1143,0,1,1,Backhand finish,0,9,75.2841,83.2069,0.1152,0,Perfect,,-2.0116,-11.3811,0,11.2,-0.0284
3122,Rally,None,1,-0.0117,55.8661,-0.883,3.5,-15.7766,-1.257,1.4885,-2.409,1,Backhand prepare 0.33,0,9,LowPickup,-34.2887,-29.918,-2.1967,0.7896,-11.1119,0,1,1,Backhand finish,0,9,75.2379,83.1097,0.0758,0,Perfect,,-2.0845,-11.366,0,11.2,-0.0388
3123,Rally,None,1,-0.0117,55.8229,-0.9207,3.5,-15.7738,-1.2864,1.4355,-2.6827,1,Backhand prepare 0.39,0,9,LowPickup,-35.3424,-33.3336,-2.2107,0.8447,-10.9713,0,1,1,Backhand finish,0,9,74.681,83.2883,0.1448,0,Perfect,,-2.1297,-11.3551,0,11.2,-0.0432
3124,Rally,None,1,-0.0117,55.7759,-0.9565,3.5,-15.7699,-1.3157,1.3797,-2.9564,1,Backhand prepare 0.43,0,9,LowPickup,-36.3556,-35.631,-2.2837,0.8425,-10.9634,0,1,1,Backhand finish,0,9,73.0107,83.9825,0.3043,0,Perfect,,-2.1722,-11.3438,0,11.2,-0.047
3125,Rally,None,1,-0.0117,55.7209,-0.9924,3.5,-15.7642,-1.3596,1.2904,-3.3669,1,Backhand prepare 0.46,0,9,LowPickup,-37.6115,-39.2248,-2.3542,0.7828,-10.9892,0,1,1,Backhand finish,0,9,70.4529,84.4876,0.4346,0,Perfect,,-2.239,-11.3263,0,11.2,-0.055
3126,Rally,None,1,-0.0117,55.6636,-1.0271,3.5,-15.7577,-1.3889,1.2272,-3.6406,1,Forehand prepare 0.52,0,9,LowPickup,-20.1887,-8.9359,-1.8396,0.969,-11.0332,0,1,1,Backhand finish,0,9,67.0388,83.7155,0.5732,0,Perfect,,-2.287,-11.3144,0,11.2,-0.0573
3127,Rally,None,1,-0.0117,55.5996,-1.0628,3.5,-15.7497,-1.4329,1.127,-4.0511,1,Forehand prepare 0.56,0,9,LowPickup,-7.9156,4.9802,-1.8027,1.0841,-11.1735,1.519,1,1,Backhand finish,0,9,63.0282,81.998,0.6612,0,Perfect,,-2.3642,-11.2965,0,11.2,-0.064
3128,Rally,None,1,-0.0117,55.5345,-1.0977,3.5,-15.7413,-1.4622,1.0565,-4.3248,1,Forehand prepare 0.62,0,9,LowPickup,-11.2646,12.5864,-1.8543,1.1995,-11.2384,10.1331,1,1,Backhand finish,0,9,58.3169,78.7831,0.6979,0,Perfect,,-2.419,-11.2853,0,11.2,-0.0651
3129,Rally,None,1,-0.0117,55.4685,-1.132,3.5,-15.7326,-1.4915,0.9831,-4.5985,1,Forehand prepare 0.66,0,9,LowPickup,-23.4891,10.6005,-1.9329,1.2509,-11.2204,3.118,1,1,Backhand finish,0,9,53.3414,74.5434,0.6882,0,Perfect,,-2.4724,-11.2752,0,11.2,-0.066
3130,Rally,None,1,-0.0117,55.397,-1.1671,3.5,-15.7233,-1.5355,0.8676,-5.009,1,Forehand prepare 0.70,0,9,LowPickup,-29.8233,8.5169,-2.0503,1.3261,-11.2249,0,1,1,Backhand finish,0,9,48.089,69.2019,0.6914,0,Perfect,,-2.5474,-11.2611,0,11.2,-0.0715
3131,Rally,None,1,-0.0117,55.3255,-1.201,3.5,-15.714,-1.5648,0.7869,-5.2827,1,Forehand prepare 0.75,0,9,LowPickup,-31.3863,7.1151,-2.169,1.4092,-11.27,0,1,1,Backhand finish,0,9,42.7669,63.1094,0.6669,0,Perfect,,-2.594,-11.2524,0,11.2,-0.0715
3132,Rally,None,1,-0.0117,55.2494,-1.2352,3.5,-15.7044,-1.6088,0.6604,-5.6932,1,Forehand prepare 0.79,0,9,LowPickup,-37.6194,3.3964,-2.2789,1.4523,-11.2584,0.8458,1,1,Backhand finish,0,9,37.4453,56.4217,0.6294,0,Perfect,,-2.6588,-11.2402,0,11.2,-0.0762
3133,Rally,None,1,-0.0117,55.1738,-1.2677,3.5,-15.695,-1.6381,0.5724,-5.9668,1,Forehand prepare 0.85,0,9,LowPickup,-49.2653,-2.9791,-2.3134,1.4459,-11.2232,0.8808,1,1,Backhand finish,0,9,32.3555,49.4308,0.5825,0,Perfect,,-2.6986,-11.2328,0,11.2,-0.0755
3134,Rally,None,1,-0.0117,55.0989,-1.2987,3.5,-15.686,-1.6674,0.4815,-6.2405,1,Forehand prepare 0.89,0,9,LowPickup,-55.5167,-7.4793,-2.2925,1.3577,-11.1973,0.9672,1,1,Backhand finish,0,9,27.6518,42.2947,0.5058,0,Perfect,,-2.7356,-11.2258,0,11.2,-0.075
3135,Rally,None,1,-0.0117,55.0198,-1.3292,3.5,-15.6769,-1.7114,0.3397,-6.651,1,Forehand prepare 0.92,0,9,LowPickup,-57.3246,-13.0492,-2.2929,1.1828,-11.1774,0.4097,1,1,Backhand finish,0,9,23.3786,35.1376,0.425,0,Perfect,,-2.7861,-11.2163,0,11.2,-0.0791
3136,Rally,None,1,-0.0117,54.9419,-1.3566,3.5,-15.6687,-1.7407,0.2415,-6.9247,1,Forehand prepare 0.98,0,9,LowPickup,-51.9332,-18.293,-2.3635,0.882,-11.1256,0.7271,1,1,Backhand finish,0,9,19.7384,28.2667,0.3212,0,Perfect,,-2.7986,-11.214,0,11.2,-0.0779
3137,Rally,None,1,-0.0117,54.8658,-1.3805,3.5,-15.6615,-1.7846,0.1,-7.3352,1,Forehand prepare 1.00,0,9,LowPickup,-44.2733,-15.5405,-2.3842,0.8363,-11.1325,0.4932,1,1,Backhand finish,0,9,16.7658,21.7371,3.6513,0,Perfect,,-2.7986,-11.214,0,11.2,-0.0761
3138,Rally,None,1,-0.0117,54.7906,-1.4012,3.5,-15.6553,-1.8126,0.1794,-7.5961,1,Forehand prepare 1.00,0,9,LowPickup,-34.497,-6.9951,-2.3811,0.8122,-11.157,0.9987,1,1,Backhand finish,0,9,14.7249,15.7798,18.5883,0,Perfect,,-2.7986,-11.214,0,11.2,-0.0752
3139,Rally,None,1,-0.0117,54.7161,-1.4192,3.5,-15.6499,-1.8405,0.256,-7.857,1,Forehand prepare 1.00,1,0.1645,LowPickup,-22.5077,5.3565,-2.3549,0.8198,-11.2241,4.8104,1,1,Backhand finish,0,9,13.7219,10.4361,0.3028,0,Perfect,,-2.7986,-11.214,0,11.2,-0.0745
3140,Rally,None,1,-0.0117,54.6378,-1.4349,3.5,-15.6452,-1.8824,0.3655,-8.2483,1,Forehand swing,1,0.1395,LowPickup,-14.4876,14.4224,-2.3726,0.7928,-11.2462,2.729,1,1,Backhand finish,0,9,13.2828,6.2425,0.334,0,Perfect,,-2.7986,-11.214,0,11.2,-0.0783
3141,Rally,None,1,-0.0117,54.5606,-1.4485,3.5,-15.6412,-1.9104,0.4351,-8.5092,1,Forehand swing,1,0.1228,LowPickup,-6.0082,20.9675,-2.3801,0.7815,-11.254,0.1898,1,1,Backhand finish,0,9,13.2898,3.6846,0.3323,0,Perfect,,-2.7986,-11.214,0,11.2,-0.0772
3142,Rally,None,1,-0.0117,54.4799,-1.4604,3.5,-15.6376,-1.9523,0.5342,-8.9005,1,Forehand swing,1,0.0978,LowPickup,-2.0056,22.4123,-2.3961,0.7657,-11.2169,0.5021,1,1,Ready,0,9,16.4641,6.7659,0.821,0,Perfect,,-2.7986,-11.214,0,11.2,-0.0807
3143,Rally,None,1,-0.0117,54.4006,-1.4707,3.5,-15.6345,-1.9802,0.5967,-9.1614,1,Forehand swing,1,0.0812,LowPickup,-1.7246,17.5584,-2.4102,0.761,-11.1592,0.3616,1,1,Ready,0,9,15.4945,6.4051,0.4572,0,Perfect,,-2.7986,-11.214,0,11.2,-0.0792
3144,Rally,None,1,-0.0117,54.3227,-1.4796,3.5,-15.6318,-2.0082,0.6564,-9.4223,1,Forehand swing,1,0.0645,LowPickup,13.0597,21.1549,-2.3735,0.7733,-11.1331,0.4475,1,1,Ready,0,9,14.5244,6.0859,0.1279,0,Perfect,,-2.7986,-11.214,0,11.2,-0.078
3145,Rally,None,1,-0.0117,54.2413,-1.4874,3.5,-15.6295,-2.0501,0.7407,-9.8136,1,Forehand swing,1,0.0425,LowPickup,-2.588,1.9391,-2.2501,1.114,-10.8532,2.114,1,1,Ready,0,9,13.5725,5.8549,0.0239,0,Perfect,,-2.7986,-11.214,0,11.2,-0.0814
3146,Rally,None,1,-0.0117,54.1615,-1.4942,3.5,-15.6275,-2.078,0.7934,-10.0745,1,Forehand swing,1,0.0319,LowPickup,-0.6748,-4.1808,-2.2456,1.1524,-10.8724,0.4822,1,1,Ready,0,9,12.6594,5.7794,0.1303,0,Perfect,,-2.7986,-11.214,0,11.2,-0.0798
3147,Rally,None,1,-0.0117,54.0785,-1.5001,3.5,-15.6257,-2.1199,0.8672,-10.4658,1,Forehand swing,1,0.0159,LowPickup,-1.3952,-11.6828,-2.2697,1.2124,-10.9258,0.4787,1,1,Ready,0,9,11.8197,5.9081,0.0967,0,Perfect,,-2.7986,-11.214,0,11.2,-0.083
3148,Rally,None,1,-0.0117,54.0029,-1.5052,3.5,-15.6242,-2.1479,0.9129,-10.7267,1,Forehand swing,1,0.0053,LowPickup,-1.3518,-15.9384,-2.3062,1.2575,-10.9259,0.4298,1,1,Ready,0,9,11.0741,6.324,0.2217,0,Perfect,,-2.7986,-11.214,0,11.2,-0.0756
3149,Rally,None,1,0.085,54.2638,-1.5166,3.4977,-15.623,-2.1278,0.9602,-10.409,1,Forehand swing,1,-0.0083,LowPickup,-2.3444,-20.3071,-2.3528,1.2636,-10.9236,0.2446,1,1,Ready,0,9,10.5333,6.9771,0.3318,0.9417,Perfect,P:Perfect+S;,-2.7986,-11.214,0,11.2,0.2609
3150,Rally,None,1,0.0683,54.4906,-1.5146,3.5067,-15.6204,-2.1278,0.9602,-10.409,1,Forehand follow,1,-0.0083,LowPickup,-2.4336,-18.951,-2.4008,1.2568,-10.9086,0.277,1,1,Ready,0,9,10.4294,7.7517,0.4303,0.8833,Perfect,,-2.7986,-11.214,0,11.2,0.2268
3151,Rally,None,1,0.0517,54.6878,-1.5349,3.4872,-15.6224,-2.1278,0.9602,-10.409,1,Forehand follow,1,-0.0083,LowPickup,-2.6764,-19.7383,-2.4547,1.2282,-10.8969,0.3206,1,1,Ready,0,9,10.8051,8.683,0.7899,0.825,Perfect,,-2.7986,-11.214,0,11.2,0.1972
3152,Rally,None,1,0.035,54.8592,-1.5381,3.4856,-15.6218,-2.1278,0.9602,-10.409,1,Forehand follow,1,-0.0083,LowPickup,-3.0581,-20.6894,-2.5107,1.1692,-10.8904,0.4586,1,1,Ready,0,9,12.1741,9.5178,0.4785,0.7667,Perfect,,-2.7986,-11.214,0,11.2,0.1714
3153,Rally,None,1,0.0183,55.0083,-1.5405,3.5022,-15.6179,-2.1278,0.9602,-10.409,1,Forehand follow,1,-0.0083,LowPickup,-3.2725,-21.1538,-2.5334,1.1372,-10.887,0.201,1,1,Ready,0,9,13.3622,10.2522,0.4798,0.7083,Perfect,,-2.7986,-11.214,0,11.2,0.149
3154,Rally,None,1,0.0017,55.1378,-1.5426,3.4954,-15.6185,-2.1278,0.9602,-10.409,1,Forehand follow,1,-0.0083,LowPickup,-3.2725,-21.1538,-2.5335,1.1372,-10.8869,0.0001,1,1,Ready,0,9,14.0826,10.8658,0.8798,0.65,Perfect,,-2.7986,-11.214,0,11.2,0.1296
3155,Rally,None,1,-0.015,55.2505,-1.5442,3.4979,-15.6175,-2.1278,0.9602,-10.409,1,Forehand follow,1,-0.0083,LowPickup,-3.2725,-21.1538,-2.5335,1.1372,-10.8869,0.0001,1,1,Ready,0,9,14.3623,11.2219,1.7395,0.5917,Perfect,,-2.7986,-11.214,0,11.2,0.1126
3156,Rally,None,1,-0.015,55.3484,-1.5543,3.483,-15.6194,-2.0938,1.0252,-10.0809,1,Forehand follow,1,-0.025,LowPickup,-4.7905,-27.3915,-2.5379,1.0913,-10.9054,0,1,1,Ready,0,9,14.0487,11.166,0.3002,0.5333,Perfect,,-2.7965,-11.214,0,11.2,0.0979
3157,Rally,None,1,-0.015,55.4335,-1.5493,3.4872,-15.6184,-2.0599,1.0877,-9.7527,1,Forehand follow,1,-0.0417,LowPickup,-6.4715,-30.38,-2.5405,1.0515,-10.9393,0.3499,1,1,Ready,0,9,13.4061,10.7501,2.2816,0.475,Perfect,,-2.7916,-11.214,0,11.2,0.0851
3158,Rally,None,1,-0.015,55.5075,-1.5461,3.4892,-15.6178,-2.0089,1.1767,-9.2605,1,Forehand follow,1,-0.0667,LowPickup,-8.997,-34.3721,-2.5385,0.9311,-10.9835,0.1848,1,1,Ready,0,9,12.5854,9.931,0.5099,0.4167,Perfect,,-2.7791,-11.2139,0,11.2,0.074
3159,Rally,None,1,-0.015,55.5719,-1.5442,3.4933,-15.6167,-1.9749,1.2329,-8.9324,1,Forehand follow,1,-0.0833,LowPickup,-10.5462,-35.0414,-2.5306,0.944,-10.9666,0.1753,1,1,Ready,0,9,11.743,8.8419,2.8327,0.3583,Perfect,,-2.7673,-11.2139,0,11.2,0.0643
3160,Rally,None,1,-0.015,55.6278,-1.5408,3.4928,-15.6165,-1.9239,1.3123,-8.4402,1,Forehand follow,1,-0.1083,LowPickup,-12.9023,-37.1115,-2.4611,0.9344,-11.0041,0.1682,1,1,Ready,0,9,11.0942,7.5259,0.6661,0.3,Perfect,,-2.7444,-11.2137,0,11.2,0.0559
3161,Rally,None,1,-0.015,55.6764,-1.5316,3.4874,-15.6175,-1.8899,1.3621,-8.112,1,Forehand follow,1,-0.125,LowPickup,-12.2369,-34.122,-2.4547,0.9626,-10.9839,0.0827,1,1,Ready,0,9,10.5788,6.1949,2.6748,0.2417,Perfect,,-2.7257,-11.2136,0,11.2,0.0486
3162,Rally,None,1,-0.015,55.7187,-1.5302,3.4913,-15.6164,-1.8559,1.4093,-7.7839,1,Forehand follow,1,-0.1417,LowPickup,-11.6606,-32.0926,-2.452,1.0005,-10.9487,0.1234,1,1,Ready,0,9,10.1836,5.0433,0.6944,0.1833,Perfect,,-2.7041,-11.2135,0,11.2,0.0423
3163,Rally,None,1,-0.015,55.7554,-1.5225,3.492,-15.616,-1.805,1.4753,-7.2917,1,Forehand follow,1,-0.1667,LowPickup,-12.1658,-32.2491,-2.4688,1.0591,-10.8985,0.1828,1,1,Ready,0,9,9.9816,4.1322,0.664,0.125,Perfect,,-2.6666,-11.2133,0,11.2,0.0368
3164,Rally,None,1,-0.015,55.7874,-1.5136,3.4912,-15.616,-1.771,1.5162,-6.9636,1,Forehand follow,1,-0.1833,LowPickup,-12.4585,-31.5688,-2.4626,1.0851,-10.8688,0.3165,1,1,Ready,0,9,10.0502,3.5962,0.4964,0.0667,Perfect,,-2.6382,-11.2132,0,11.2,0.0319
3165,Rally,None,1,-0.015,55.8152,-1.5021,3.4926,-15.6155,-1.72,1.5727,-6.4713,1,Forehand follow,1,-0.2083,LowPickup,-12.0099,-32.6059,-2.4558,1.1437,-10.8443,0.3914,1,1,Ready,0,9,10.3515,3.3898,0.1802,0.0083,Perfect,,-2.5902,-11.213,0,11.2,0.0278
3166,Rally,None,1,-0.015,55.8393,-1.4895,3.4936,-15.6152,-1.686,1.6071,-6.1432,1,Forehand follow,1,-0.225,LowPickup,-8.3223,-31.6417,-2.4424,1.1666,-10.8251,0.3688,1,1,Ready,0,9,10.8625,3.5582,0.4284,0,Perfect,,-2.5548,-11.2128,0,11.2,0.0241
3167,Rally,None,1,-0.015,55.8603,-1.4757,3.4944,-15.6148,-1.652,1.6391,-5.8151,1,Forehand follow,1,-0.2417,LowPickup,-4.0788,-29.8484,-2.4236,1.1821,-10.81,0.2155,1,1,Ready,0,9,11.6199,3.9645,0.7022,0,Perfect,,-2.5166,-11.2126,0,11.2,0.021
3168,Rally,None,1,-0.015,55.8786,-1.4593,3.4951,-15.6145,-1.6011,1.6822,-5.3229,1,Forehand follow,1,-0.2667,LowPickup,0.3571,-29.4346,-2.4082,1.1931,-10.801,0.2969,1,1,Ready,0,9,12.7197,4.4963,0.7758,0,Perfect,,-2.4541,-11.2123,-0.1201,11.2,0.0182
3169,Rally,None,1,-0.015,55.8944,-1.4417,3.4958,-15.6142,-1.5671,1.7077,-4.9947,1,Forehand follow,0,9,LowPickup,7.0569,-25.2505,-2.3403,1.1945,-10.7911,4.064,1,1,Run,0,9,18.6785,11.4382,0.6126,0,Perfect,,-2.409,-11.2121,-0.2002,11.2,0.0159
3170,Rally,None,1,-0.015,55.9082,-1.4212,3.4963,-15.6139,-1.5161,1.7413,-4.5025,1,Run,0,9,LowPickup,18.0118,-0.0074,-2.0805,0.9872,-10.8192,22.8141,0.9167,0.8333,Run,0,9,24.1935,18.5112,0.4321,0,Perfect,,-2.3361,-11.2117,-0.2257,11.2,0.0138
3171,Rally,None,1,-0.015,55.9202,-1.3997,3.4968,-15.6135,-1.4821,1.7604,-4.1744,1,Run,0,9,LowPickup,22.517,7.3304,-1.9846,0.9636,-10.8458,0.8191,0.8333,0.6667,Ready,0,9,20.6407,12.8765,0.9808,0,Perfect,,-2.284,-11.2114,-0.2257,11.2,0.012
3172,Rally,None,1,-0.015,55.9306,-1.377,3.4972,-15.6132,-1.4481,1.7771,-3.8462,1,Run,0,9,LowPickup,26.6355,14.4149,-1.8919,0.9444,-10.8769,0.4076,0.75,0.5,Ready,0,9,17.2239,7.6661,0.9445,0,Perfect,,-2.2291,-11.2112,-0.2257,11.2,0.0104
3173,Rally,None,1,-0.015,55.9397,-1.351,3.4976,-15.6129,-1.3971,1.7972,-3.354,1,Run,0,9,LowPickup,32.0718,23.7845,-1.7482,0.9111,-10.9534,0.1977,0.6667,0.3333,Ready,0,9,17.8358,8.711,0.2838,0,Perfect,,-2.1416,-11.2107,-0.2257,11.2,0.0091
3174,Rally,None,1,-0.015,55.9476,-1.3239,3.4979,-15.6126,-1.3632,1.8075,-3.0259,1,Run,0,9,LowPickup,39.1615,36.5529,-1.5686,0.9076,-11.0737,4.2575,0.5833,0.1667,Ready,0,9,18.1128,9.7891,0.0335,0,Perfect,,-2.0798,-11.2104,-0.2257,11.2,0.0079
3175,Rally,None,1,-0.015,55.9544,-1.2934,3.4982,-15.6122,-1.3122,1.8181,-2.5337,1,Run,0,9,LowPickup,47.7052,53.0047,-1.5024,0.7908,-11.2491,25.9099,0.5,0,Ready,0,9,18.2026,10.8018,0.0769,0,Perfect,,-1.9819,-11.2099,-0.2257,11.2,0.0069
3176,Rally,None,1,-0.015,55.9604,-1.2619,3.4984,-15.6119,-1.2782,1.822,-2.2055,1,Run,0,9,LowPickup,47.2491,53.4764,-1.4242,0.8203,-11.2425,2.7284,0.4167,0,Forehand prepare 0.04,0,9,22.0275,11.7596,0.5264,0,Perfect,,-1.9132,-11.2096,-0.2257,11.2,0.006
3177,Rally,None,1,-0.015,55.9656,-1.2294,3.4986,-15.6115,-1.2442,1.8233,-1.8774,1,Run,0,9,LowPickup,46.952,53.7193,-1.3495,0.837,-11.2374,0.5993,0.3333,0,Forehand prepare 0.07,0,9,31.0683,16.7608,1.097,0,Perfect,,-1.8432,-11.2092,-0.2257,11.2,0.0052
3178,Rally,None,1,-0.015,55.9701,-1.1937,3.4988,-15.6112,-1.1932,1.8205,-1.3852,1,Run,0,9,LowPickup,46.8804,53.7276,-1.2438,0.8406,-11.236,0.5222,0.25,0,Forehand prepare 0.11,0,9,37.3649,24.6199,0.5309,0,Perfect,,-1.7382,-11.2087,-0.2257,11.2,0.0045
3179,Rally,None,1,-0.015,55.974,-1.1576,3.499,-15.6108,-1.1592,1.8155,-1.057,1,Run,0,9,LowPickup,47.0915,53.4398,-1.1778,0.8425,-11.2398,0.5633,0.1667,0,Forehand prepare 0.17,0,9,40.5579,29.7641,0.1137,0,Perfect,,-1.6682,-11.2083,-0.2257,11.2,0.0039
3180,Rally,None,1,-0.015,55.9774,-1.1187,3.4991,-15.6104,-1.1083,1.8032,-0.5648,1,Run,0,9,LowPickup,47.6029,52.878,-1.0817,0.8424,-11.2479,0.4836,0.0833,0,Forehand prepare 0.20,0,9,47.8759,35.841,0.185,0,Perfect,,-1.5632,-11.2078,-0.2257,11.2,0.0034
3181,Rally,None,1,-0.015,55.9803,-1.0799,3.4992,-15.61,-1.0743,1.7918,-0.2367,1,Run,0,9,LowPickup,48.2688,52.1735,-1.0232,0.8227,-11.2589,3.1365,0,0,Forehand prepare 0.26,0,9,54.2705,43.082,0.259,0,Perfect,,-1.4932,-11.2075,-0.2257,11.2,0.003
3182,Rally,None,1,-0.015,55.971,-1.041,3.4993,-15.6096,-1.0403,1.7778,0.0914,1,Run,0,9,LowPickup,49.0577,51.3429,-0.9678,0.7853,-11.273,1.0688,0,0,Forehand prepare 0.30,0,9,59.7087,49.9651,0.1477,0,Perfect,,-1.4232,-11.2071,-0.2257,11.2,-0.0094
3183,Rally,None,1,-0.015,55.8985,-0.9998,3.4994,-15.6092,-0.9893,1.7521,0.5836,1,Run,0,9,LowPickup,49.9726,50.383,-0.8817,0.7316,-11.2901,6.8948,0,0,Forehand prepare 0.33,0,9,65.0482,57.7455,0.0638,0,Perfect,,-1.3182,-11.2066,-0.2257,11.2,-0.0725
3184,Rally,None,1,-0.015,55.7926,-0.9588,3.4995,-15.6089,-0.9553,1.7318,0.9118,1,Run,0,9,LowPickup,50.7834,49.5241,-0.8278,0.7376,-11.3054,0.4781,0,0,Forehand prepare 0.39,0,9,70.2793,69.1156,0.5009,0,Perfect,,-1.2482,-11.2062,-0.2257,11.2,-0.1059
3185,Rally,None,1,-0.015,55.6363,-0.9157,3.4996,-15.6084,-0.9043,1.6965,1.404,1,Run,0,9,LowPickup,51.487,48.77,-0.7361,0.7495,-11.318,0.4571,0,0,Forehand prepare 0.43,0,9,73.4364,78.1293,0,0,Perfect,,-1.1432,-11.2057,-0.2257,11.2,-0.1563
3186,Rally,None,1,-0.015,55.4575,-0.8732,3.4996,-15.608,-0.8704,1.6698,1.7321,1,Run,0,9,LowPickup,52.0613,48.1428,-0.6808,0.7487,-11.331,3.1809,0,0,Forehand prepare 0.48,0,9,72.4172,86.7231,0,0,Perfect,,-1.0732,-11.2054,-0.2257,11.2,-0.1788
3187,Rally,None,1,-0.015,55.2592,-0.8312,3.4997,-15.6077,-0.8364,1.6405,2.0603,1,Run,0,9,LowPickup,52.3564,47.793,-0.5747,0.7588,-11.3381,0.5731,0,0,Forehand prepare 0.52,0,9,73.5747,90.2398,0,0,Perfect,,-1.0032,-11.205,-0.2257,11.2,-0.1983
3188,Rally,None,1,-0.015,55.0226,-0.7871,3.4997,-15.6072,-0.7854,1.5919,2.5525,1,Run,0,9,LowPickup,52.3715,47.7208,-0.4365,0.7648,-11.3524,0.438,0,0,Forehand prepare 0.55,0,9,75.9344,92.7897,0,0,Perfect,,-0.8982,-11.2045,-0.2257,11.2,-0.2367
3189,Rally,None,1,-0.015,54.7739,-0.7438,3.4997,-15.6068,-0.7514,1.5562,2.8806,1,Run,0,9,LowPickup,52.153,47.8804,-0.3219,0.7843,-11.3468,2.0354,0,0,Forehand prepare 0.61,0,9,76.3216,100.1597,0,0,Perfect,,-0.8282,-11.2041,-0.2257,11.2,-0.2486
3190,Rally,None,1,-0.015,54.4935,-0.6986,3.4998,-15.6064,-0.7004,1.498,3.3728,1,Run,0,9,LowPickup,51.7011,48.2724,-0.2479,0.7531,-11.3348,0.6278,0,0,Forehand prepare 0.65,0,9,72.6099,106.5412,1.1964,0,Perfect,,-0.7232,-11.2036,-0.2257,11.2,-0.2805
3191,Rally,None,1,-0.015,54.2068,-0.6543,3.4998,-15.606,-0.6664,1.456,3.701,1,Run,0,9,LowPickup,50.9841,48.9276,-0.2386,0.7208,-11.3078,0,0,0,Forehand prepare 0.70,0,9,68.2622,108.3373,1.4609,0,Perfect,,-0.6532,-11.2033,-0.2257,11.2,-0.2867
3192,Rally,None,1,-0.015,53.9147,-0.6107,3.4998,-15.6056,-0.6325,1.4115,4.0291,1,Run,0,9,LowPickup,50.1784,49.6706,-0.1495,0.7291,-11.2931,0,0,0,Forehand prepare 0.74,0,9,67.9819,105.8764,1.2639,0,Perfect,,-0.5835,-11.2029,-0.2257,11.2,-0.2921
3193,Rally,None,1,-0.015,53.5964,-0.5657,3.4999,-15.6052,-0.5815,1.3399,4.5213,1,Run,0,9,LowPickup,49.3613,50.425,-0.0323,0.7428,-11.2773,1.465,0,0,Forehand prepare 0.78,0,9,67.3415,103.7604,0.7431,0,Perfect,,-0.4837,-11.2024,-0.2257,11.2,-0.3182
3194,Rally,None,1,-0.015,53.2769,-0.522,3.4999,-15.6048,-0.5475,1.289,4.8495,1,Run,0,9,LowPickup,48.5393,51.187,0.0457,0.7607,-11.2616,4.1169,0,0,Forehand prepare 0.83,0,9,62.0137,98.7458,0.4926,0,Perfect,,-0.4206,-11.2021,-0.2257,11.2,-0.3195
3195,Rally,None,1,-0.015,52.9348,-0.4776,3.4999,-15.6044,-0.4965,1.2078,5.3417,1,Run,0,9,LowPickup,47.8693,51.7987,0.1483,0.7924,-11.2509,0.2315,0,0,Forehand prepare 0.87,0,9,54.4977,92.3108,0.849,0,Perfect,,-0.3311,-11.2017,-0.2257,11.2,-0.3421
3196,Rally,None,1,-0.015,52.5945,-0.435,3.4999,-15.604,-0.4625,1.1505,5.6698,1,Run,0,9,LowPickup,47.4101,52.2033,0.2155,0.8186,-11.2467,1.8946,0,0,Forehand prepare 0.93,0,9,37.4288,74.7877,1.3201,0,Perfect,,-0.275,-11.2014,-0.2257,11.2,-0.3403
3197,Rally,None,1,-0.015,52.2559,-0.3941,3.4999,-15.6036,-0.4285,1.0907,5.9979,1,Run,0,9,LowPickup,47.07,52.4912,0.2756,0.8333,-11.2424,0.251,0,0,Forehand prepare 0.96,0,9,26.6946,60.8311,0.7221,0,Perfect,,-0.2216,-11.2011,-0.2257,11.2,-0.3387
3198,Rally,None,1,-0.015,51.9611,-0.3531,3.4999,-15.6032,-0.3776,0.9961,6.4902,1,Run,0,9,LowPickup,46.8765,52.635,0.3525,0.8403,-11.2369,0.2821,0,0,Forehand prepare 1.00,0,9,16.7049,47.2583,1.6923,0,Perfect,,-0.1468,-11.2007,-0.2257,11.2,-0.2947
3199,Rally,None,1,-0.015,51.7049,-0.3142,3.4999,-15.6029,-0.3436,0.9299,6.8183,1,Run,0,9,LowPickup,46.8456,52.62,0.3968,0.8468,-11.2353,0.2079,0,0,Forehand prepare 1.00,1,0.1833,27.125,59.0648,0.0367,0,Perfect,,-0.1004,-11.2005,-0.2257,11.2,-0.2562
3200,Rally,None,1,-0.015,51.4822,-0.2757,3.4999,-15.6025,-0.2926,0.8258,7.3105,1,Run,0,9,LowPickup,46.9586,52.4636,0.4581,0.858,-11.2371,0.479,0,0,Backhand swing,1,0.1621,48.2998,35.8871,5.2923,0,Perfect,,-0.0359,-11.2002,-0.2257,11.2,-0.2227
3201,Rally,None,1,-0.015,51.2886,-0.2397,3.5,-15.6022,-0.2586,0.7532,7.6386,1,Run,0,9,LowPickup,47.1607,52.2218,0.4916,0.8618,-11.2404,2.7806,0,0,Backhand swing,1,0.148,37.5001,16.2649,0.3225,0,Perfect,,0,-11.2,-0.2257,11.2,-0.1936
3202,Rally,None,1,-0.015,51.1202,-0.2084,3.5,-15.6019,-0.2246,0.6781,7.9668,1,Ready,0,9,LowPickup,43.5219,46.2648,0.4405,0.8567,-11.189,4.2683,0,0,Backhand swing,1,0.1339,26.1959,-3.9767,0.9729,0,Perfect,,0,-11.2,-0.2257,11.2,-0.1683
3203,Rally,None,1,-0.015,50.9739,-0.1812,3.5,-15.6017,-0.1736,0.5606,8.459,1,Ready,0,9,LowPickup,39.6589,40.1925,0.3915,0.8477,-11.143,0.7483,0,0,Backhand swing,1,0.1128,16.9125,-21.8413,1.3726,0,Perfect,,0,-11.2,-0.2257,11.2,-0.1463
3204,Rally,None,1,-0.015,50.8467,-0.1575,3.5,-15.6014,-0.1397,0.4791,8.7871,1,Ready,0,9,LowPickup,35.742,34.2477,0.3378,0.8303,-11.0985,0.3889,0,0,Backhand swing,1,0.0987,-12.3627,-43.5405,0,0,Perfect,,0,-11.2,-0.2257,11.2,-0.1272
3205,Rally,None,1,-0.015,50.736,-0.1369,3.5,-15.6013,-0.0887,0.352,9.2793,1,Ready,0,9,LowPickup,31.7579,28.4677,0.2817,0.8101,-11.0585,0.2735,0,0,Backhand swing,1,0.0775,4.5838,-46.8353,36.1409,0,Perfect,,0,-11.2,-0.2257,11.2,-0.1106
3206,Rally,None,1,-0.015,50.6399,-0.119,3.5,-15.6011,-0.0547,0.2642,9.6075,1,Ready,0,9,LowPickup,27.6949,22.901,0.236,0.7948,-11.0291,1.0252,0,0,Backhand swing,1,0.0634,0.8726,-53.1681,1.6035,0,Perfect,,0,-11.2,-0.2257,11.2,-0.0962
3207,Rally,None,1,-0.015,50.5563,-0.1035,3.5,-15.601,-0.0207,0.1737,9.9356,1,Ready,0,9,LowPickup,23.5541,17.5174,0.1977,0.7775,-11.0053,1.6713,0,0,Backhand swing,1,0.0493,2.7006,-45.9852,0.5748,0,Perfect,,0,-11.2,-0.2257,11.2,-0.0836
3208,Rally,None,1,-0.015,50.4836,-0.09,3.5,-15.6008,0.0291,0.1337,10.4167,1,Ready,0,9,LowPickup,19.3344,12.2382,0.1557,0.7535,-10.9871,1.705,0,0,Backhand swing,1,0.0282,7.0153,-30.1912,0.3635,0,Perfect,,0,-11.2,-0.1857,11.2,-0.0727
3209,Rally,None,1,-0.015,50.4204,-0.0782,3.5,-15.6007,0.0608,0.1991,10.7225,1,Ready,0,9,LowPickup,18.4889,11.3431,0.1451,0.7565,-10.9787,0.2985,0,0,Backhand swing,1,0.0141,4.0676,-18.9517,0.3107,0,Perfect,,0,-11.2,-0.1056,11.2,-0.0632
3210,PointOver,Reaction,1,-0.015,38,0.9,1.185,-8.2,0.1083,0.2922,11.1812,0,Ready,0,9,LowPickup,18.5303,11.4384,0.1314,0.7522,-10.9398,0.0148,0,0,Backhand swing,1,-0.0083,2.5399,-5.7227,0.4683,0.4417,Perfect,,0,-11.2,0.0145,11.2,-12.4204
3211,PointOver,Reaction,1,-0.015,38,0.9,1.185,-8.2072,0.14,0.351,11.4871,0,HitPerfect,0,9,LowPickup,18.1814,10.7329,0.124,0.7601,-10.8991,0.1491,0.0641,0,MatchLose,1,-0.025,-1.5285,0.1675,7.6891,0.3833,Perfect,,0,-11.2,0.0883,11.2,0
3212,PointOver,Reaction,1,-0.015,38,0.9,1.185,-8.2145,0.1717,0.4071,11.7929,0,HitPerfect,0,9,LowPickup,17.57,9.676,0.1309,0.7718,-10.8899,0.0877,0.1282,0,MatchLose,1,-0.0417,-3.993,4.212,39.396,0.325,Perfect,,0,-11.2,0.1152,11.2,0
3213,PointOver,Reaction,1,-0.015,38,0.9,1.185,-8.2217,0.2192,0.4863,12.2516,0,HitPerfect,0,9,LowPickup,16.4303,8.0322,0.1457,0.7868,-10.8874,0.1277,0.1923,0,MatchLose,1,-0.0667,-5.8226,10.116,0.2555,0.2667,Perfect,,0,-11.2,0.1556,11.2,0
3214,PointOver,Reaction,1,-0.015,38,0.9,1.185,-8.229,0.2508,0.5358,12.5575,0,HitPerfect,0,9,LowPickup,14.6612,5.7584,0.1686,0.8053,-10.8801,0.2478,0.2564,0,MatchLose,1,-0.0833,-6.8943,10.6186,0.3784,0.2083,Perfect,,0,-11.2,0.1825,11.2,0
3215,PointOver,Reaction,1,-0.015,38,0.9,1.185,-8.2362,0.2983,0.6051,13.0162,0,HitPerfect,0,9,LowPickup,12.254,2.8158,0.1921,0.8263,-10.8752,0.3954,0.3205,0,MatchLose,1,-0.1083,-6.9413,12.7595,0.3805,0.15,Perfect,,0,-11.2,0.2229,11.2,0
3216,PointOver,Reaction,1,-0.015,38,0.9,1.185,-8.2435,0.33,0.648,13.322,0,HitPerfect,0,9,LowPickup,9.2829,-0.701,0.2111,0.8464,-10.8754,0.5473,0.3846,0,MatchLose,1,-0.125,-5.8276,10.7431,0.4932,0.0917,Perfect,,0,-11.2,0.2498,11.2,0
3217,PointOver,Reaction,1,-0.015,38,0.9,1.185,-8.2507,0.3617,0.6882,13.6278,0,HitPerfect,0,9,LowPickup,5.8978,-4.6293,0.229,0.869,-10.8766,0.6629,0.4487,0,MatchLose,1,-0.1417,-5.8301,10.541,0.2662,0.0333,Perfect,,0,-11.2,0.2767,11.2,0
3218,PointOver,Reaction,1,-0.015,38,0.9,1.185,-8.258,0.4092,0.7435,14.0866,0,HitPerfect,0,9,LowPickup,2.242,-8.805,0.2449,0.9086,-10.8758,0.753,0.5128,0,MatchLose,1,-0.1667,-5.6254,12.8602,0.2763,0,Perfect,,0,-11.2,0.3171,11.2,0
3219,PointOver,Reaction,1,-0.015,38,0.9,1.185,-8.2652,0.4409,0.7771,14.3924,0,HitPerfect,0,9,LowPickup,-1.3348,-12.8428,0.261,0.9546,-10.8773,0,0.5769,0,MatchLose,1,-0.1833,-3.859,17.6525,0,0,Perfect,,0,-11.2,0.344,11.2,0
3220,PointOver,Reaction,1,-0.015,38,0.9,1.185,-8.2725,0.4884,0.8225,14.8511,0,HitPerfect,0,9,LowPickup,-4.5775,-16.4821,0.2822,1.0046,-10.8807,0,0.641,0,MatchLose,1,-0.2083,-1.9228,24.5791,18.1863,0,Perfect,,0,-11.2,0.3844,11.2,0
3221,PointOver,Reaction,1,-0.015,38,0.9,1.185,-8.2797,0.5201,0.8495,15.157,0,HitPerfect,0,9,LowPickup,-7.0419,-19.202,0.2983,1.0495,-10.8836,0,0.7051,0,MatchLose,1,-0.225,-1.1125,27.2591,0.1767,0,Perfect,,0,-11.2,0.4113,11.2,0
3222,PointOver,Reaction,1,-0.015,38,0.9,1.185,-8.287,0.5517,0.8738,15.4628,0,HitPerfect,0,9,LowPickup,-9.1697,-21.4599,0.3087,1.087,-10.8878,0,0.7692,0,MatchLose,1,-0.2417,0.2267,28.8286,1.2421,0,Perfect,,0,-11.2,0.4383,11.2,0
3223,PointOver,Reaction,1,-0.015,38,0.9,1.185,-8.2942,0.5993,0.9053,15.9215,0,HitPerfect,0,9,LowPickup,-11.1387,-23.4615,0.3181,1.1224,-10.8927,0,0.8333,0,MatchLose,1,-0.2667,2.65,31.2089,8.1546,0,Perfect,,0,-11.2,0.4787,11.2,0
3224,PointOver,Reaction,1,-0.015,38,0.9,1.185,-8.3014,0.6309,0.9229,16.2274,0,HitPerfect,0,9,LowPickup,-13.0821,-25.3571,0.3275,1.1535,-10.8993,0,0.8974,0,MatchLose,1,-0.2833,4.5123,30.959,0.5235,0,Perfect,,0,-11.2,0.5056,11.2,0
3225,PointOver,Reaction,1,-0.015,38,0.9,1.185,-8.3087,0.6784,0.9445,16.6861,0,HitPerfect,0,9,LowPickup,-14.9779,-27.1385,0.3355,1.1775,-10.9081,0,0.9615,0,MatchLose,0,9,4.1659,30.0141,5.4619,0,Perfect,,0,-11.2,0.546,11.2,0
3226,PointOver,Reaction,1,-0.015,38,0.9,1.185,-8.3159,0.7101,0.9555,16.9919,0,HitPerfect,0,9,LowPickup,-15.907,-27.8373,0.3414,1.1799,-10.9164,0,1,0,MatchLose,0,9,-14.632,-1.5529,2.9485,0,Perfect,,0,-11.2,0.5729,11.2,0
3227,PointOver,Reaction,1,-0.015,38,0.9,1.185,-8.3232,0.7418,0.9639,17.2977,0,HitPerfect,0,9,LowPickup,-15.4491,-27.0359,0.3461,1.1571,-10.9212,0,1,0,MatchLose,0,9,-19.6393,-13.7368,9.383,0,Perfect,,0,-11.2,0.5998,11.2,0
3228,PointOver,Reaction,1,-0.015,38,0.9,1.185,-8.3304,0.7893,0.9716,17.7565,0,HitPerfect,0,9,LowPickup,-14.9756,-26.2073,0.3509,1.1329,-10.9262,0,1,0,MatchLose,0,9,-24.8236,-25.7349,0.4735,0,Perfect,,0,-11.2,0.6402,11.2,0
3229,PointOver,Reaction,1,-0.015,38,0.9,1.185,-8.3377,0.821,0.9733,18.0623,0,HitPerfect,0,9,LowPickup,-14.4888,-25.3554,0.3557,1.1102,-10.9315,0,1,0,MatchLose,0,9,-26.8317,-28.0769,2.5587,0,Perfect,,0,-11.2,0.6671,11.2,0
3230,PointOver,Reaction,1,-0.015,38,0.9,1.185,-8.3449,0.8685,0.971,18.521,0,HitPerfect,0,9,LowPickup,-13.9895,-24.4816,0.3606,1.09,-10.937,0,1,0,MatchLose,0,9,-34.1745,-34.8661,1.4579,0,Perfect,,0,-11.2,0.7075,11.2,0
3231,PointOver,Reaction,1,-0.015,38,0.9,1.185,-8.3522,0.9002,0.9662,18.8269,0,HitPerfect,0,9,LowPickup,-13.4794,-23.5889,0.3655,1.0749,-10.9426,0.0043,1,0,MatchLose,0,9,-41.5574,-41.929,1.3815,0,Perfect,,0,-11.2,0.7344,11.2,0
3232,PointOver,Reaction,1,-0.015,38,0.9,1.185,-8.3594,0.9318,0.9587,19.1327,0,HitPerfect,0,9,LowPickup,-12.9601,-22.6802,0.3704,1.0663,-10.9485,0.005,1,0,MatchLose,0,9,-48.8474,-48.9758,1.2721,0,Perfect,,0,-11.2,0.7614,11.2,0
3233,PointOver,Reaction,1,-0.015,38,0.9,1.185,-8.3667,0.9794,0.9424,19.5914,0,HitPerfect,0,9,LowPickup,-12.4325,-21.7569,0.3753,1.0652,-10.9545,0.0047,1,0,MatchLose,0,9,-56.0439,-56.0068,1.2831,0,Perfect,,0,-11.2,0.8017,11.2,0
3234,PointOver,Reaction,1,-0.015,38,0.9,1.185,-8.3739,1.011,0.9283,19.8973,0,HitPerfect,0,9,LowPickup,-11.8988,-20.823,0.3802,1.065,-10.9606,0.005,1,0,MatchLose,0,9,-63.0884,-63.0135,1.2941,0,Perfect,,0,-11.2,0.8287,11.2,0
3235,PointOver,Reaction,1,-0.015,38,0.9,1.185,-8.3812,1.0585,0.9021,20.356,0,HitPerfect,0,9,LowPickup,-11.3599,-19.8798,0.385,1.0655,-10.9669,0.0048,1,0,MatchLose,0,9,-70.0052,-70.0008,1.3012,0,Perfect,,0,-11.2,0.869,11.2,0
3236,PointOver,Reaction,1,-0.015,38,0.9,1.185,-8.3884,1.0902,0.8814,20.6618,0,HitPerfect,0,9,LowPickup,-10.8173,-18.9303,0.3897,1.066,-10.9733,0.0184,1,0,MatchLose,0,9,-77,-77,3.4058,0,Perfect,,0,-11.2,0.896,11.2,0
3237,PointOver,Reaction,1,-0.015,38,0.9,1.185,-8.3957,1.1219,0.8579,20.9676,0,HitPerfect,0,9,LowPickup,-10.2728,-17.9774,0.3943,1.0666,-10.9799,0.0009,1,0,MatchLose,0,9,-84,-84,20.2471,0,Perfect,,0,-11.2,0.9229,11.2,0
3238,PointOver,Reaction,1,-0.015,38,0.9,1.185,-8.4029,1.1694,0.8178,21.4264,0,HitPerfect,0,9,LowPickup,-9.7272,-17.0226,0.3989,1.0673,-10.9865,0.001,1,0,MatchLose,0,9,-90,-90,1.0125,0,Perfect,,0,-11.2,0.9633,11.2,0
3239,PointOver,Reaction,1,-0.015,38,0.9,1.185,-8.4101,1.2011,0.7878,21.7322,0,HitPerfect,0,9,LowPickup,-9.1827,-16.0697,0.4033,1.0681,-10.9931,0.0008,1,0,MatchLose,0,9,-90,-90,0.0055,0,Perfect,,0,-11.2,0.9902,11.2,0
3240,PointOver,Reaction,1,-0.015,38,0.9,1.185,-8.4174,1.2486,0.7378,22.1909,0,HitPerfect,0,9,LowPickup,-8.6401,-15.1202,0.4076,1.0691,-10.9999,0.0009,1,0,MatchLose,0,9,-90,-90,0.0009,0,Perfect,,0,-11.2,1.0306,11.2,0
3241,PointOver,Reaction,1,-0.015,38,0.9,1.185,-8.4246,1.2803,0.7011,22.4968,0,HitPerfect,0,9,LowPickup,-8.1012,-14.177,0.4117,1.0701,-11.0066,0.0198,1,0,MatchLose,0,9,-90,-90,0.0006,0,Perfect,,0,-11.2,1.0575,11.2,0
3242,PointOver,Reaction,1,-0.015,38,0.9,1.185,-8.4319,1.3119,0.6618,22.8026,0,HitPerfect,0,9,LowPickup,-7.5675,-13.2431,0.4157,1.0712,-11.0134,0.0018,1,0,MatchLose,0,9,-90,-90,0.0252,0,Perfect,,0,-11.2,1.0844,11.2,0
3243,PointOver,Reaction,1,-0.015,38,0.9,1.185,-8.4391,1.3595,0.5978,23.2613,0,HitPerfect,0,9,LowPickup,-7.0399,-12.3199,0.4195,1.0724,-11.0201,0.0049,1,0,MatchLose,0,9,-90,-90,3.5377,0,Perfect,,0,-11.2,1.1248,11.2,0
3244,PointOver,Reaction,1,-0.015,38,0.9,1.185,-8.4464,1.3911,0.5519,23.5671,0,HitPerfect,0,9,LowPickup,-6.5381,-11.4214,0.4234,1.0738,-11.027,0.0115,1,0,MatchLose,0,9,-90,-90,20.2177,0,Perfect,,0,-11.2,1.1517,11.2,0
3245,PointOver,Reaction,1,-0.015,38,0.9,1.185,-8.4536,1.4386,0.478,24.0259,0,HitPerfect,0,9,LowPickup,-6.0105,-10.5184,0.4267,1.0749,-11.0334,0.0106,1,0,MatchLose,0,9,-90,-90,0.0002,0,Perfect,,0,-11.2,1.1921,11.2,0
3246,PointOver,Reaction,1,-0.015,38,0.9,1.185,-8.4609,1.4703,0.4254,24.3317,0,HitPerfect,0,9,LowPickup,-5.3521,-9.5467,0.4286,1.0746,-11.0376,0.0555,1,0,MatchLose,0,9,-90,-90,3.1946,0,Perfect,,0,-11.2,1.2191,11.2,0
3247,PointOver,Reaction,1,-0.015,38,0.9,1.185,-8.4681,1.502,0.3702,24.6375,0,HitPerfect,0,9,LowPickup,-4.5136,-8.501,0.4283,1.0719,-11.0383,0.1299,1,0,MatchLose,0,9,-90,-90,17.5878,0,Perfect,,0,-11.2,1.246,11.2,0
3248,PointOver,Reaction,1,-0.015,38,0.9,1.185,-8.4754,1.5495,0.2824,25.0963,0,HitPerfect,0,9,LowPickup,-3.4611,-7.3716,0.4253,1.0666,-11.0348,0.22,1,0,MatchLose,0,9,-90,-90,0,0,Perfect,,0,-11.2,1.2864,11.2,0
3249,PointOver,Reaction,1,-0.015,38,0.9,1.185,-8.4826,1.5812,0.2205,25.4021,0,HitPerfect,0,9,LowPickup,-2.2812,-6.2388,0.4199,1.062,-11.0279,0.2873,1,0,MatchLose,0,9,-90,-90,0.0001,0,Perfect,,0,-11.2,1.3133,11.2,0
3250,PointOver,Reaction,1,-0.015,38,0.9,1.185,-8.4899,1.6287,0.1227,25.8608,0,HitPerfect,0,9,LowPickup,-0.9954,-5.1211,0.4123,1.0535,-11.018,0.3492,1,0,MatchLose,0,9,-90,-90,0.0001,0,Perfect,,0,-11.2,1.3537,11.2,0
3251,PointOver,Reaction,1,-0.015,38,0.9,1.185,-8.4971,1.6594,0.1249,26.1569,0,HitPerfect,0,9,LowPickup,0.3529,-4.058,0.4025,1.0431,-11.0057,0.3997,1,0,MatchLose,0,9,-90,-90,0.0001,0,Perfect,,0,-11.2,1.4072,11.2,0
3252,PointOver,Reaction,1,-0.015,38,0.9,1.185,-8.5043,1.689,0.1727,26.4433,0,HitPerfect,0,9,LowPickup,1.7304,-3.0709,0.3908,1.0309,-10.9917,0.4386,1,0,MatchLose,0,9,-83,-83,1.1722,0,Perfect,,0,-11.2,1.4873,11.2,0
3253,PointOver,Reaction,1,-0.015,38,0.9,1.185,-8.5116,1.7335,0.2394,26.8729,0,HitPerfect,0,9,LowPickup,3.1185,-2.1731,0.3772,1.0169,-10.9764,0.473,1,0,MatchLose,0,9,-76,-76,3.9136,0,Perfect,,0,-11.2,1.6074,11.2,0
3254,PointOver,Reaction,1,-0.015,38,0.9,1.185,-8.5188,1.7632,0.2805,27.1592,0,HitPerfect,0,9,LowPickup,4.4799,-1.3809,0.3624,1.0014,-10.9607,0.4822,1,0,MatchLose,0,9,-69,-69,29.2967,0,Perfect,,0,-11.2,1.6364,11.2,0
3255,PointOver,Reaction,1,-0.015,38,0.9,1.185,-8.5261,1.8077,0.337,27.5888,0,HitPerfect,0,9,LowPickup,5.803,-0.6951,0.3464,0.9846,-10.9449,0.4902,1,0,MatchLose,0,9,-76,-76,19.0213,0,Perfect,,0,-11.2,1.6742,11.2,0
3256,PointOver,Reaction,1,-0.015,38,0.9,1.185,-8.5333,1.8373,0.3713,27.8752,0,HitPerfect,0,9,LowPickup,7.0641,-0.1201,0.3297,0.9668,-10.9298,0.4998,1,0,MatchLose,0,9,-83,-83,1.1755,0,Perfect,,0,-11.2,1.6995,11.2,0
3257,PointOver,Reaction,1,-0.015,38,0.9,1.185,-8.5406,1.867,0.403,28.1616,0,HitPerfect,0,9,LowPickup,8.2458,0.3516,0.3129,0.9485,-10.9158,0.4891,1,0,MatchLose,0,9,-90,-90,1.1721,0,Perfect,,0,-11.2,1.7247,11.2,0
3258,PointOver,Reaction,1,-0.015,38,0.9,1.185,-8.5478,1.9115,0.4454,28.5911,0,HitPerfect,0,9,LowPickup,9.3386,0.7226,0.2964,0.9301,-10.9031,0.4715,1,0,MatchLose,0,9,-90,-90,0.0001,0,Perfect,,0,-11.2,1.7625,11.2,0
3259,PointOver,Reaction,1,-0.015,38,0.9,1.185,-8.5551,1.9411,0.4703,28.8775,0,HitPerfect,0,9,LowPickup,10.3225,1.0083,0.2808,0.9124,-10.892,0.4402,1,0,MatchLose,0,9,-90,-90,0.0001,0,Perfect,,0,-11.2,1.7877,11.2,0
3260,PointOver,Reaction,1,-0.015,38,0.9,1.185,-8.5623,1.9856,0.5026,29.3071,0,HitPerfect,0,9,LowPickup,11.1908,1.2165,0.2663,0.8956,-10.8827,0.4006,1,0,MatchLose,0,9,-90,-90,0.0001,0,Perfect,,0,-11.2,1.8255,11.2,0
3261,PointOver,Reaction,1,-0.015,38,0.9,1.185,-8.5696,2.0153,0.5208,29.5935,0,HitPerfect,0,9,LowPickup,11.9302,1.362,0.2531,0.8803,-10.8752,3.5614,1,0,MatchLose,0,9,-90,-90,0.0001,0,Perfect,,0,-11.2,1.8507,11.2,0
3262,PointOver,Reaction,1,-0.015,38,0.9,1.185,-8.5768,2.0449,0.5363,29.8798,0,HitPerfect,0,9,LowPickup,12.5269,1.4595,0.2433,0.868,-10.8692,18.7351,1,0,MatchLose,0,9,-90,-90,0.0001,0,Perfect,,0,-11.2,1.8759,11.2,0
3263,PointOver,Reaction,1,-0.015,38,0.9,1.185,-8.5841,2.0894,0.5545,30.3094,0,HitPerfect,0,9,LowPickup,12.9745,1.5172,0.2352,0.8581,-10.865,0.2211,1,0,MatchLose,0,9,-90,-90,0.0001,0,Perfect,,0,-11.2,1.9138,11.2,0
3264,PointOver,Reaction,1,-0.015,38,0.9,1.185,-8.5913,2.1191,0.5632,30.5958,0,HitPerfect,0,9,LowPickup,13.2378,1.5484,0.2305,0.8523,-10.8626,0.1311,1,0,MatchLose,0,9,-90,-90,3.3073,0,Perfect,,0,-11.2,1.939,11.2,0
3265,PointOver,Reaction,1,-0.015,38,0.9,1.185,-8.5986,2.1636,0.5713,31.0253,0,Ready,0,9,LowPickup,12.625,1.5484,0.2281,0.8548,-10.862,0.2557,0.9167,0,MatchLose,0,9,-90,-90,18.0465,0,Perfect,,0,-11.2,1.9768,11.2,0
3266,PointOver,Reaction,1,-0.015,38,0.9,1.185,-8.6058,2.1932,0.5733,31.3117,0,Ready,0,9,LowPickup,12.0465,1.6833,0.2249,0.8519,-10.8629,0.3016,0.8333,0,MatchLose,0,9,-90,-90,0.0001,0,Perfect,,0,-11.2,2.002,11.2,0
3267,PointOver,Reaction,1,-0.015,38,0.9,1.185,-8.613,2.2229,0.5726,31.5981,0,Ready,0,9,LowPickup,11.4861,1.9076,0.2178,0.8455,-10.8626,0.1596,0.75,0,MatchLose,0,9,-90,-90,3.1035,0,Perfect,,0,-11.2,2.0272,11.2,0
3268,PointOver,Reaction,1,-0.015,38,0.9,1.185,-8.6203,2.2674,0.5665,32.0277,0,Ready,0,9,LowPickup,10.9317,2.1728,0.1971,0.8439,-10.8508,0.2598,0.6667,0,MatchLose,0,9,-90,-90,17.0301,0,Perfect,,0,-11.2,2.065,11.2,0
3269,PointOver,Reaction,1,-0.015,38,0.9,1.185,-8.6275,2.2971,0.5591,32.314,0,Ready,0,9,LowPickup,10.3463,2.4405,0.1732,0.8482,-10.8382,0.3556,0.5833,0,MatchLose,0,9,-90,-90,0.0001,0,Perfect,,0,-11.2,2.0902,11.2,0
3270,PointOver,Reaction,1,-0.015,38,0.9,1.185,-8.6348,2.3415,0.5429,32.7436,0,Ready,0,9,LowPickup,9.6424,2.6745,0.1828,0.8416,-10.8515,0.4147,0.5,0,MatchLose,0,9,-90,-90,0.0001,0,Perfect,,0,-11.2,2.128,11.2,0
3271,PointOver,Reaction,1,-0.015,38,0.9,1.185,-8.642,2.3712,0.5288,33.03,0,Ready,0,9,LowPickup,8.8665,2.8475,0.2072,0.8287,-10.8768,0.312,0.4167,0,MatchLose,0,9,-90,-90,0.0001,0,Perfect,,0,-11.2,2.1533,11.2,0
3272,PointOver,Reaction,1,-0.015,38,0.9,1.185,-8.6493,2.4009,0.5119,33.3164,0,Ready,0,9,LowPickup,8.117,2.8831,0.209,0.8196,-10.8846,0.3271,0.3333,0,MatchLose,0,9,-90,-90,0.0001,0,Perfect,,0,-11.2,2.1785,11.2,0
3273,PointOver,Reaction,1,-0.015,38,0.9,1.185,-8.6565,2.4454,0.4816,33.7459,0,Ready,0,9,LowPickup,7.3395,2.9297,0.2018,0.8074,-10.8875,0.4685,0.25,0,MatchLose,0,9,-90,-90,0.0001,0,Perfect,,0,-11.2,2.2163,11.2,0
3274,PointOver,Reaction,1,-0.015,38,0.9,1.185,-8.6638,2.475,0.458,34.0323,0,Ready,0,9,LowPickup,6.634,3.2072,0.1977,0.7858,-10.8938,0.6127,0.1667,0,MatchLose,0,9,-90,-90,0.0001,0,Perfect,,0,-11.2,2.2415,11.2,0
3275,PointOver,Reaction,1,-0.015,38,0.9,1.185,-8.671,2.5195,0.4176,34.4619,0,Ready,0,9,LowPickup,6.7674,3.5321,0.1964,0.774,-10.897,0.4817,0.0833,0,MatchLose,0,9,-90,-90,3.0253,0,Perfect,,0,-11.2,2.2793,11.2,0
3276,PointOver,Reaction,1,-0.015,38,0.9,1.185,-8.6783,2.5492,0.3873,34.7482,0,Ready,0,9,LowPickup,6.9785,4.0912,0.1958,0.7657,-10.9176,0.3448,0,0,MatchLose,0,9,-90,-90,17.3957,0,Perfect,,0,-11.2,2.3045,11.2,0
3277,PointOver,Reaction,1,-0.015,38,0.9,1.185,-8.6855,2.5788,0.3543,35.0346,0,Ready,0,9,LowPickup,7.3022,4.8489,0.1952,0.7642,-10.9418,0.2574,0,0,MatchLose,0,9,-90,-90,0.0001,0,Perfect,,0,-11.2,2.3297,11.2,0
3278,PointOver,Reaction,1,-0.015,38,0.9,1.185,-8.6928,2.6233,0.2997,35.4642,0,Ready,0,9,LowPickup,7.7356,5.8323,0.1972,0.7684,-10.9543,0.1005,0,0,MatchLose,0,9,-90,-90,3.0253,0,Perfect,,0,-11.2,2.3676,11.2,0
3279,PointOver,Reaction,1,-0.015,38,0.9,1.185,-8.7,2.653,0.26,35.7506,0,Ready,0,9,LowPickup,8.4051,6.8661,0.1945,0.7721,-10.9566,0.1805,0,0,MatchLose,0,9,-90,-90,17.3957,0,Perfect,,0,-11.2,2.3928,11.2,0
3280,PointOver,Reaction,1,-0.015,38,1.5306,1.185,8.2072,2.6975,0.1953,36.1801,0,Ready,0,9,LowPickup,9.5156,7.7704,0.1776,0.7765,-10.9421,0.1014,0,0,MatchLose,0,9,-90,-90,0.0001,0,Perfect,,0,-11.2,2.4306,11.2,0
3281,PointOver,Reaction,1,-0.015,38,1.5558,1.185,8.2145,2.7271,0.1488,36.4665,0,Ready,0,9,LowPickup,10.8051,8.6168,0.1596,0.7844,-10.9301,0.2465,0,0,MatchLose,0,9,-90,-90,0.0008,0,Perfect,,0,-11.2,2.4558,11.2,0
3282,PointOver,Reaction,1,-0.015,38,1.581,1.185,8.2217,2.7568,0.1,36.7529,0,Ready,0,9,LowPickup,12.1741,9.4421,0.1785,0.7914,-10.9277,0.4785,0,0,MatchLose,0,9,-90,-90,0.0006,0,Perfect,,0,-11.2,2.481,11.2,0
3283,PointOver,Reaction,1,-0.015,38,1.7011,1.185,8.229,2.7985,0.1534,37.156,0,Ready,0,9,LowPickup,13.3622,10.1677,0.1739,0.7985,-10.9347,0.4799,0,0,MatchLose,0,9,-90,-90,0.0088,0,Perfect,,0,-11.2,2.6011,11.2,0
3284,PointOver,Reaction,1,-0.015,38,1.7567,1.185,8.2362,2.8264,0.1855,37.4247,0,Ready,0,9,LowPickup,14.0826,10.7756,0.1536,0.8113,-10.9445,0.6004,0,0,MatchLose,0,9,-83,-83,3.2658,0,Perfect,,0,-11.2,2.6567,11.2,0
3285,PointOver,Reaction,1,-0.015,38,1.7922,1.185,8.2435,2.8681,0.2287,37.8278,0,Ready,0,9,LowPickup,14.3623,11.1282,0.1627,0.8209,-10.9517,0.3791,0,0,MatchLose,0,9,-90,-90,19.5959,0,Perfect,,0,-11.2,2.6922,11.2,0
3286,PointOver,Reaction,1,-0.015,38,1.8159,1.185,8.2507,2.896,0.2541,38.0965,0,Ready,0,9,LowPickup,14.0488,11.072,0.1645,0.8188,-10.9659,0.2796,0,0,MatchLose,0,9,-90,-90,16.5878,0,Perfect,,0,-11.2,2.7159,11.2,0
3287,PointOver,Reaction,1,-0.015,38,1.8395,1.185,8.258,2.9238,0.2768,38.3653,0,Ready,0,9,LowPickup,13.4061,10.6593,0.1538,0.8264,-10.9672,0.4243,0,0,MatchLose,0,9,-90,-90,0.0004,0,Perfect,,0,-11.2,2.7395,11.2,0
3288,PointOver,Reaction,1,-0.015,38,1.875,1.185,8.2652,2.9655,0.3058,38.7684,0,Ready,0,9,LowPickup,12.5854,9.8473,0.1377,0.8536,-10.922,0.309,0,0,MatchLose,0,9,-90,-90,0.0003,0,Perfect,,0,-11.2,2.775,11.2,0
3289,PointOver,Reaction,1,-0.015,38,1.8987,1.185,8.2725,2.9934,0.3217,39.0371,0,Ready,0,9,LowPickup,11.743,8.7681,0.0688,0.8819,-10.9016,0.135,0,0,MatchLose,0,9,-90,-90,0.0003,0,Perfect,,0,-11.2,2.7987,11.2,0
3290,PointOver,Reaction,1,-0.015,38,1.9342,1.185,8.2797,3.0351,0.3404,39.4402,0,Ready,0,9,LowPickup,11.0943,7.4645,0.0902,0.8701,-10.9087,0.8393,0,0,MatchLose,0,9,-90,-90,0.0003,0,Perfect,,0,-11.2,2.8342,11.2,0
3291,PointOver,Reaction,1,-0.015,38,1.9578,1.185,8.287,3.0629,0.3496,39.7089,0,Ready,0,9,LowPickup,10.5788,6.146,0.1475,0.8566,-10.9156,0.5286,0,0,MatchLose,0,9,-90,-90,0.0003,0,Perfect,,0,-11.2,2.8578,11.2,0
3292,PointOver,Reaction,1,-0.015,38,1.9815,1.185,8.2942,3.0908,0.356,39.9776,0,Ready,0,9,LowPickup,10.1836,5.0055,0.0925,0.8732,-10.908,0.6944,0,0,MatchLose,0,9,-90,-90,0.0004,0,Perfect,,0,-11.2,2.8815,11.2,0
3293,PointOver,Reaction,1,-0.015,38,2.017,1.185,8.3014,3.1325,0.3605,40.3807,0,Ready,0,9,LowPickup,9.9816,4.1032,0.0691,0.8868,-10.9008,0.664,0,0,MatchLose,0,9,-90,-90,0.0003,0,Perfect,,0,-11.2,2.917,11.2,0
3294,PointOver,Reaction,1,-0.015,38,2.0406,1.185,8.3087,3.1604,0.3602,40.6495,0,Ready,0,9,LowPickup,10.0502,3.5728,0.0981,0.8649,-10.9277,0.4964,0,0,MatchLose,0,9,-90,-90,0.0003,0,Perfect,,0,-11.2,2.9406,11.2,0
3295,PointOver,Reaction,1,-0.015,38,2.0761,1.185,8.3159,3.2021,0.3545,41.0526,0,Ready,0,9,LowPickup,10.3515,3.3696,0.1275,0.8467,-10.9543,0.1802,0,0,MatchLose,0,9,-90,-90,2.8389,0,Perfect,,0,-11.2,2.9761,11.2,0
3296,PointOver,Reaction,1,-0.015,38,2.0998,1.185,8.3232,3.2299,0.3474,41.3213,0,Ready,0,9,LowPickup,10.8625,3.5391,0.1066,0.8505,-10.9282,0.4284,0,0,MatchLose,0,9,-90,-90,16.3238,0,Perfect,,0,-11.2,2.9998,11.2,0
3297,PointOver,Reaction,1,-0.015,38,2.1234,1.185,8.3304,3.2578,0.3375,41.59,0,Ready,0,9,LowPickup,11.6199,3.9454,0.1151,0.8558,-10.8952,0.7022,0,0,MatchLose,0,9,-90,-90,15.614,0,Perfect,,0,-11.2,3.0234,11.2,0
3298,PointOver,Reaction,1,-0.015,38,2.1589,1.185,8.3377,3.2995,0.3177,41.9931,0,Ready,0,9,LowPickup,12.7197,4.4771,0.1061,0.8347,-10.9145,0.7758,0,0,MatchLose,0,9,-90,-90,0.0003,0,Perfect,,0,-11.2,3.0589,11.2,0
3299,PointOver,Reaction,1,-0.015,38,2.1826,1.185,8.3449,3.3274,0.301,42.2618,0,Ready,0,9,LowPickup,13.9579,5.1284,0.1296,0.8123,-10.9304,0.7583,0,0,MatchLose,0,9,-90,-90,0.0003,0,Perfect,,0,-11.2,3.0826,11.2,0
3300,PointOver,Reaction,1,-0.015,38,2.218,1.185,8.3522,3.3691,0.271,42.6649,0,Ready,0,9,LowPickup,15.2128,5.8459,0.1189,0.8077,-10.916,0.6589,0,0,MatchLose,0,9,-90,-90,0.0003,0,Perfect,,0,-11.2,3.118,11.2,0
3301,PointOver,Reaction,1,-0.015,38,2.2417,1.185,8.3594,3.3969,0.2476,42.9337,0,Ready,0,9,LowPickup,16.3573,6.6691,0.1056,0.8039,-10.9064,0.5545,0,0,MatchLose,0,9,-90,-89.9999,0.0003,0,Perfect,,0,-11.2,3.1417,11.2,0
3302,PointOver,Reaction,1,-0.015,38,2.2654,1.185,8.3667,3.4248,0.2215,43.2024,0,Ready,0,9,LowPickup,17.2239,7.6461,0.1138,0.7928,-10.9346,0.4196,0,0,MatchLose,0,9,-90,-90,0.0003,0,Perfect,,0,-11.2,3.1654,11.2,0
3303,PointOver,Reaction,1,-0.015,38,2.3009,1.185,8.3739,3.4665,0.1772,43.6055,0,Ready,0,9,LowPickup,17.8358,8.6912,0.1235,0.7891,-10.9698,0.2838,0,0,MatchLose,0,9,-90,-90,0.0003,0,Perfect,,0,-11.2,3.2009,11.2,0
3304,PointOver,Reaction,1,-0.015,38,2.3245,1.185,8.3812,3.4944,0.1443,43.8742,0,Ready,0,9,LowPickup,18.1128,9.7703,0.1259,0.7863,-10.9747,0.0335,0,0,MatchLose,0,9,-90,-90,0.0003,0,Perfect,,0,-11.2,3.2245,11.2,0
3305,PointOver,Reaction,1,-0.015,38,2.36,1.185,8.3884,3.5361,0.1,44.2773,0,Ready,0,9,LowPickup,18.2026,10.7851,0.1268,0.7836,-10.9709,0.0769,0,0,MatchLose,0,9,-90,-90,0.0003,0,Perfect,,0,-11.2,3.26,11.2,0
3306,PointOver,Reaction,1,-0.015,38,2.4401,1.185,8.3957,3.5622,0.1273,44.5297,0,Ready,0,9,LowPickup,18.175,11.6452,0.1278,0.7832,-10.9715,0.0326,0,0,MatchLose,0,9,-90,-90,2.8389,0,Perfect,,0,-11.2,3.3401,11.2,0
3307,PointOver,Reaction,1,-0.015,38,2.4889,1.185,8.4029,3.5884,0.1519,44.7821,0,Ready,0,9,LowPickup,18.1638,12.3076,0.1281,0.7861,-10.9714,0.0492,0,0,MatchLose,0,9,-83,-83,19.2323,0,Perfect,,0,-11.2,3.3889,11.2,0
3308,PointOver,Reaction,1,-0.015,38,2.5222,1.185,8.4101,3.6276,0.1836,45.1608,0,Ready,0,9,LowPickup,18.366,12.6573,0.1278,0.7953,-10.9726,0.0395,0,0,MatchLose,0,9,-90,-90,1.1724,0,Perfect,,0,-11.2,3.4222,11.2,0
3309,PointOver,Reaction,1,-0.015,38,2.5444,1.185,8.4174,3.6537,0.2014,45.4132,0,Ready,0,9,LowPickup,18.6363,12.8331,0.1249,0.8049,-10.9682,0.0402,0,0,MatchLose,0,9,-90,-90,0.0003,0,Perfect,,0,-11.2,3.4444,11.2,0
3310,PointOver,Reaction,1,-0.015,38,2.5778,1.185,8.4246,3.693,0.2229,45.7918,0,Ready,0,9,LowPickup,18.9377,12.9382,0.1137,0.8088,-10.9437,0.0175,0,0,MatchLose,0,9,-90,-90,0.0002,0,Perfect,,0,-11.2,3.4778,11.2,0
3311,PointOver,Reaction,1,-0.015,38,2.6,1.185,8.4319,3.7191,0.2339,46.0442,0,Ready,0,9,LowPickup,19.1557,12.9476,0.1045,0.815,-10.9285,0.0837,0,0,MatchLose,0,9,-90,-90,0.0002,0,Perfect,,0,-11.2,3.5,11.2,0
3312,PointOver,Reaction,1,-0.015,38,2.6222,1.185,8.4391,3.7452,0.2422,46.2966,0,Ready,0,9,LowPickup,19.173,12.8756,0.1112,0.8266,-10.9525,0.2344,0,0,MatchLose,0,9,-90,-90,0.0002,0,Perfect,,0,-11.2,3.5222,11.2,0
3313,PointOver,Reaction,1,-0.015,38,2.6556,1.185,8.4464,3.7845,0.2494,46.6752,0,Ready,0,9,LowPickup,18.9807,12.7073,0.1199,0.8421,-10.9813,0.1423,0,0,MatchLose,0,9,-90,-90,0.0002,0,Perfect,,0,-11.2,3.5556,11.2,0
3314,PointOver,Reaction,1,-0.015,38,2.6778,1.185,8.4536,3.8106,0.2509,46.9276,0,Ready,0,9,LowPickup,18.4894,12.4335,0.1247,0.8471,-10.9682,0.1441,0,0,MatchLose,0,9,-90,-90,2.4263,0,Perfect,,0,-11.2,3.5778,11.2,0
3315,PointOver,Reaction,1,-0.015,38,2.7111,1.185,8.4609,3.8498,0.248,47.3063,0,Ready,0,9,LowPickup,17.8306,12.053,0.127,0.8488,-10.9498,0.2483,0,0,MatchLose,0,9,-90,-90,13.4641,0,Perfect,,0,-11.2,3.6111,11.2,0
3316,PointOver,Reaction,1,-0.015,38,2.7333,1.185,8.4681,3.876,0.2426,47.5587,0,Ready,0,9,LowPickup,17.0627,11.5412,0.1242,0.8501,-10.9527,0.5269,0,0,MatchLose,0,9,-90,-90,2.4325,0,Perfect,,0,-11.2,3.6333,11.2,0
3317,PointOver,Reaction,1,-0.015,38,2.7556,1.185,8.4754,3.9021,0.2346,47.8111,0,Ready,0,9,LowPickup,16.2995,10.9615,0.1239,0.8533,-10.9607,0.4979,0,0,MatchLose,0,9,-90,-90,13.4956,0,Perfect,,0,-11.2,3.6556,11.2,0
3318,PointOver,Reaction,1,-0.015,38,2.7889,1.185,8.4826,3.9413,0.2174,48.1897,0,Ready,0,9,LowPickup,15.6614,10.3367,0.1357,0.8652,-10.9664,0.2111,0,0,MatchLose,0,9,-90,-90,0.0002,0,Perfect,,0,-11.2,3.6889,11.2,0
3319,PointOver,Reaction,1,-0.015,38,2.8111,1.185,8.4899,3.9675,0.2025,48.4421,0,Ready,0,9,LowPickup,15.1686,9.7552,0.1471,0.8767,-10.972,0.1886,0,0,MatchLose,0,9,-90,-90,0.0002,0,Perfect,,0,-11.2,3.7111,11.2,0
3320,PointOver,Reaction,1,-0.015,38,2.8444,1.185,8.4971,4.0067,0.1751,48.8207,0,Ready,0,9,LowPickup,14.8917,9.3193,0.1503,0.8791,-10.9728,0.2317,0,0,MatchLose,0,9,-90,-90,0.0002,0,Perfect,,0,-11.2,3.7444,11.2,0
3321,PointOver,Reaction,1,-0.015,38,2.8667,1.185,8.5043,4.0328,0.1535,49.0731,0,Ready,0,9,LowPickup,14.7922,8.9957,0.1485,0.873,-10.9709,0.2832,0,0,MatchLose,0,9,-90,-90,0.0001,0,Perfect,,0,-11.2,3.7667,11.2,0
3322,PointOver,Reaction,1,-0.015,38,2.8889,1.185,8.5116,4.059,0.1291,49.3255,0,Ready,0,9,LowPickup,14.8766,8.7948,0.139,0.8606,-10.9654,0.3478,0,0,MatchLose,0,9,-90,-90,0.0002,0,Perfect,,0,-11.2,3.7889,11.2,0
3323,PointOver,Reaction,1,-0.015,38,2.9222,1.185,8.5188,4.0982,0.1,49.7042,0,Ready,0,9,LowPickup,15.0819,8.6883,0.1298,0.8476,-10.9593,0.3063,0,0,MatchLose,0,9,-90,-90,0.0002,0,Perfect,,0,-11.2,3.8222,11.2,0
3324,PointOver,Reaction,1,-0.015,38,3.0023,1.185,8.5261,4.1227,0.121,49.9413,0,Ready,0,9,LowPickup,15.3604,8.6745,0.1309,0.8395,-10.952,0.2201,0,0,MatchLose,0,9,-90,-90,2.4443,0,Perfect,,0,-11.2,3.9023,11.2,0
3325,PointOver,Reaction,1,-0.015,38,3.0372,1.185,8.5333,4.1596,0.1473,50.2971,0,Ready,0,9,LowPickup,15.6826,8.6868,0.1371,0.8335,-10.9497,0.1218,0,0,MatchLose,0,9,-83,-83,15.552,0,Perfect,,0,-11.2,3.9372,11.2,0
3326,PointOver,Reaction,1,-0.015,38,3.0581,1.185,8.5406,4.1841,0.1615,50.5343,0,Ready,0,9,LowPickup,16.0046,8.6389,0.1497,0.8311,-10.9657,0.2523,0,0,MatchLose,0,9,-90.0126,-90.0014,15.5523,0,Perfect,,0,-11.2,3.9581,11.2,0
3327,PointOver,Reaction,1,-0.015,38,3.079,1.185,8.5478,4.2087,0.1729,50.7715,0,Ready,0,9,LowPickup,16.33,8.5999,0.1569,0.8275,-10.9826,0.4224,0,0,MatchLose,0,9,-90,-90,0.0062,0,Perfect,,0,-11.2,3.979,11.2,0
3328,PointOver,Reaction,1,-0.015,38,3.1103,1.185,8.5551,4.2456,0.185,51.1273,0,Ready,0,9,LowPickup,16.6424,8.6173,0.1444,0.8097,-10.9802,0.6229,0,0,MatchLose,0,9,-89.8884,-89.9876,0.0558,0,Perfect,,0,-11.2,4.0103,11.2,0
3329,PointOver,Reaction,1,-0.015,38,3.1312,1.185,8.5623,4.2701,0.1896,51.3644,0,Ready,0,9,LowPickup,16.9598,8.663,0.1294,0.7898,-10.9742,0.5226,0,0,MatchLose,0,9,-89.6278,-89.9587,0.1302,0,Perfect,,0,-11.2,4.0312,11.2,0
3330,PlayerServeHold,Reaction,1,-0.015,38,3.112,1.185,8.5696,0.2588,0.875,-10.9333,0,Ready,0,9,LowPickup,17.3059,8.6981,0.1261,0.7792,-11.0066,0.1849,0,0,MatchLose,0,9,-89.1877,-89.9095,0.2204,0,Perfect,,-0.0013,-11.2333,4.012,11.2,0
3331,PlayerServeHold,Reaction,1,-0.015,38,3.072,1.185,8.5768,0.2469,0.875,-10.9578,0,Serve prepare 0.00,0,9,LowPickup,26.6058,13.8118,0.0884,0.7565,-11.0775,0.5716,0.2083,0.1667,Backhand prepare 1.00,0,9,-80.5176,-94.3531,2.9676,0,Perfect,,-0.0025,-11.2667,3.972,11.2,0
3332,PlayerServeHold,Reaction,1,-0.015,38,2.9919,1.185,8.5841,0.2334,0.875,-11.0159,0,Serve prepare 0.00,0,9,LowPickup,36.5477,19.4397,0.1427,0.7364,-11.1813,0,0.4167,0.3333,Backhand prepare 1.00,0,9,-72.1987,-97.6334,2.727,0,Perfect,,-0.005,-11.3333,3.8919,11.2,0
3333,PlayerServeHold,Reaction,1,-0.015,38,2.9518,1.185,8.5913,0.243,0.875,-11.0578,0,Run,0,9,LowPickup,23.6034,13.7579,0.1345,0.7515,-11.1742,0.7016,0.3333,0.1667,Backhand prepare 1.00,0,9,-63.9226,-99.7957,2.5227,0,Perfect,,-0.0064,-11.3667,3.8518,11.2,0
3334,PlayerServeHold,Reaction,1,-0.015,38,2.8718,1.185,8.5986,0.25,0.875,-11.1333,0,Run,0,9,LowPickup,18.1636,9.5915,0.1164,0.731,-11.2078,0.4585,0.25,0,Backhand prepare 1.00,0,9,-69.9151,-104.0047,1.3589,0,Perfect,,-0.01,-11.4333,3.7718,11.2,0
3335,PlayerServeHold,Reaction,1,-0.015,38,2.8317,1.185,8.6058,0.2478,0.875,-11.1667,0,Run,0,9,LowPickup,17.3506,9.2323,0.1244,0.7138,-11.2497,0.628,0.1667,0,Backhand prepare 1.00,0,9,-46.7469,-100.4329,2.851,0,Perfect,,-0.0122,-11.4667,3.7317,11.2,0
3336,PlayerServeHold,Reaction,1,-0.015,38,2.7516,1.185,8.613,-0.325,0.695,-11.4905,0,Run,0,9,LowPickup,9.9134,2.232,0.1142,0.7145,-11.306,1.5222,0.0833,0,Backhand prepare 1.00,0,9,-36.4231,-96.7616,8.8105,0,Perfect,,-0.0175,-11.5333,3.6516,11.2,0
3337,PlayerServeHold,Reaction,1,-0.015,38,2.7116,1.185,8.6203,-0.331,0.695,-11.5616,0,Run,0,9,LowPickup,1.9528,-5.214,0.1166,0.7151,-11.333,4.2134,0,0,Backhand prepare 1.00,0,9,-24.2584,-84.5673,2.3836,0,Perfect,,-0.0206,-11.5667,3.6116,11.2,0
3338,PlayerServeHold,Reaction,1,-0.015,38,2.6315,1.185,8.6275,-0.3362,0.695,-11.6662,0,Run,0,9,LowPickup,-5.5729,-12.4203,0.0951,0.7181,-11.3916,19.2515,0,0,Backhand prepare 1.00,0,9,-11.7645,-71.6081,7.3062,0,Perfect,,-0.0275,-11.6333,3.5315,11.2,0
3339,PlayerServeHold,Reaction,1,-0.015,38,2.5915,1.185,8.6348,-0.3338,0.695,-11.7369,0,Run,0,9,LowPickup,-13.5997,-20.0987,0.0792,0.7134,-11.4168,1.6855,0,0,Backhand prepare 1.00,0,9,0.5842,-58.9083,0,0,Perfect,,-0.0314,-11.6667,3.4915,11.2,0
3340,PlayerServeHold,Reaction,1,-0.015,38,2.5114,1.185,8.642,-0.3316,0.695,-11.8399,0,Run,0,9,LowPickup,-21.1246,-27.4396,0.0313,0.707,-11.4621,1.427,0,0,Backhand prepare 1.00,0,9,12.7869,-46.5883,29.2998,0,Perfect,,-0.04,-11.7333,3.4114,11.2,0
3341,PlayerServeHold,Reaction,1,-0.015,38,2.4713,1.185,8.6493,-0.3212,0.695,-11.908,0,Run,0,9,LowPickup,-29.194,-35.2329,0.0013,0.7008,-11.4873,8.0071,0,0,Backhand prepare 1.00,0,9,24.815,-34.7571,1.3963,0,Perfect,,-0.0447,-11.7667,3.3713,11.2,0
3342,PlayerServeHold,Reaction,1,-0.015,38,2.3913,1.185,8.6565,-0.3122,0.695,-12.0073,0,Run,0,9,LowPickup,-36.8187,-42.6857,-0.0318,0.7046,-11.5518,2.0663,0,0,Backhand prepare 1.00,0,9,36.6098,-23.5208,1.191,0,Perfect,,-0.055,-11.8333,3.2913,11.2,0
3343,PlayerServeHold,Reaction,1,-0.015,38,2.3512,1.185,8.6638,-0.2946,0.695,-12.0707,0,Run,0,9,LowPickup,-45.0742,-50.5593,-0.0404,0.7081,-11.584,1.6731,0,0,Backhand prepare 1.00,0,9,47.3095,-13.896,3.6281,0,Perfect,,-0.0606,-11.8667,3.2512,11.2,0
3344,PlayerServeHold,Reaction,1,-0.015,38,2.2711,1.185,8.671,-0.28,0.695,-12.1643,0,Run,0,9,LowPickup,-52.9027,-58.0528,-0.0725,0.7176,-11.6417,1.3941,0,0,Backhand prepare 1.00,0,9,51.8656,-10.91,13.3467,0,Perfect,,-0.0725,-11.9333,3.1711,11.2,0
3345,PlayerServeHold,Reaction,1,-0.015,38,2.2311,1.185,8.6783,-0.2567,0.695,-12.2212,0,Run,0,9,LowPickup,-61.3618,-65.9271,-0.0712,0.7376,-11.6268,4.1811,0,0,Backhand prepare 1.00,0,9,56.3517,-8.5031,0.4847,0,Perfect,,-0.0789,-11.9667,3.1311,11.2,0
3346,PlayerServeHold,Reaction,1,-0.015,38,2.151,1.185,8.6855,-0.2379,0.695,-12.3077,0,Run,0,9,LowPickup,-69.2891,-73.4058,-0.1141,0.7446,-11.6904,22.7886,0,0,Backhand prepare 1.00,0,9,60.8693,-6.5367,1.5275,0,Perfect,,-0.0925,-12.0333,3.051,11.2,0
3347,PlayerServeHold,Reaction,1,-0.015,38,2.111,1.185,8.6928,-0.2106,0.695,-12.3567,0,Run,0,9,LowPickup,-77.8728,-81.2511,-0.1375,0.7493,-11.7204,2.3464,0,0,Backhand prepare 1.00,0,9,65.3745,-4.9396,6.6514,0,Perfect,,-0.0997,-12.0667,3.011,11.2,0
3348,PlayerServeHold,None,1,-0.015,38,2.0309,1.185,8.7,-0.195,0.695,-12.4334,0,Run,0,9,LowPickup,-84.9266,-87.7198,-0.1831,0.7487,-11.7879,10.7303,0,0,Backhand prepare 1.00,0,9,69.8441,-3.6331,0.2079,0,Perfect,,-0.115,-12.1334,2.9309,11.2,0
3349,PlayerServeHold,None,1,-0.015,52,-2.2231,2.535,-16.5667,-0.2031,0.695,-12.4667,0,Run,0,9,LowPickup,-86.7157,-88.5566,-0.1707,0.7509,-11.8107,0.5805,0,0,Backhand prepare 1.00,0,9,70.8375,-2.6474,4.8514,0,Perfect,,-0.1231,-12.1667,2.8908,11.2,14
3350,PlayerServeHold,None,1,-0.015,52,-2.2244,2.535,-16.5718,-0.22,0.695,-12.5334,0,Run,0,9,LowPickup,-88.0198,-89.0374,-0.1821,0.7552,-11.8708,0,0,0,Backhand prepare 1.00,0,9,71.787,-1.7051,0,0,Perfect,,-0.14,-12.2334,2.8108,11.2,0
3351,PlayerServeHold,None,1,-0.015,52,-2.2262,2.535,-16.5791,-0.2289,0.695,-12.5667,0,Run,0,9,LowPickup,-90.23,-89.9134,-0.1605,0.7472,-11.9324,0,0,0,Backhand prepare 1.00,0,9,72.7107,-0.7887,0,0,Perfect,,-0.1489,-12.2667,2.7707,11.2,0
3352,PlayerServeHold,None,1,-0.015,52,-2.2294,2.535,-16.591,-0.2475,0.695,-12.6334,0,Run,0,9,LowPickup,-91.3533,-90.2262,-0.1936,0.7482,-12.0019,0,0,0,Backhand prepare 1.00,0,9,73.4633,-0.0418,1.8531,0,Perfect,,-0.1675,-12.3334,2.6906,11.2,0
3353,PlayerServeHold,None,1,-0.015,52,-2.2331,2.535,-16.6032,-0.2572,0.695,-12.65,0,Run,0,9,LowPickup,-92.0834,-90.3483,-0.2135,0.7472,-12.017,0,0,0,Backhand prepare 1.00,0,9,73.8607,0.3526,1.0926,0,Perfect,,-0.1772,-12.35,2.6506,11.2,0
3354,PlayerServeHold,None,1,-0.015,52,-2.238,2.535,-16.6145,-0.2775,0.695,-12.65,0,Run,0,9,LowPickup,-92.7968,-90.4676,-0.2437,0.745,-12.0153,1.2759,0,0,Backhand prepare 1.00,0,9,73.967,0.4581,3.6651,0,Perfect,,-0.1975,-12.35,2.5705,11.2,0
3355,PlayerServeHold,None,1,-0.015,52,-2.2434,2.535,-16.6249,-0.2881,0.695,-12.65,0,Run,0,9,LowPickup,-93.5578,-90.5948,-0.2529,0.7417,-12.0044,1.1596,0,0,Backhand prepare 1.00,0,9,73.7317,0.2245,2.3062,0,Perfect,,-0.2081,-12.35,2.5305,11.2,0
3356,PlayerServeHold,None,1,-0.015,52,-2.2501,2.535,-16.6345,-0.31,0.695,-12.65,0,Run,0,9,LowPickup,-94.3391,-90.7254,-0.2971,0.7372,-12.0128,1.0625,0,0,Backhand prepare 1.00,0,9,73.115,-0.3874,3.8291,0,Perfect,,-0.23,-12.35,2.4504,11.2,0
3357,PlayerServeHold,None,1,-0.015,52,-2.2571,2.535,-16.6434,-0.3213,0.695,-12.65,0,Run,0,9,LowPickup,-94.9404,-90.8259,-0.3165,0.7333,-12.0109,0.1807,0,0,Backhand prepare 1.00,0,9,72.3144,-1.1817,2.4663,0,Perfect,,-0.2413,-12.35,2.4103,11.2,0
3358,PlayerServeHold,None,1,-0.015,52,-2.2653,2.535,-16.6516,-0.3438,0.695,-12.65,0,Run,0,9,LowPickup,-95.3964,-90.9022,-0.3449,0.7295,-12.0111,0.1359,0,0,Backhand prepare 1.00,0,9,71.3565,-2.1324,0,0,Perfect,,-0.2638,-12.35,2.3303,11.2,0
3359,PlayerServeHold,None,1,-0.015,52,-2.2737,2.535,-16.6592,-0.355,0.695,-12.65,0,Run,0,9,LowPickup,-95.7223,-90.9567,-0.3604,0.7266,-12.0103,0.0113,0,0,Backhand prepare 1.00,0,9,70.3277,-3.1531,1.5287,0,Perfect,,-0.275,-12.35,2.2902,11.2,0
3360,PlayerServeHold,None,1,-0.015,52,-2.2832,2.535,-16.6661,-0.3775,0.695,-12.65,0,Run,0,9,LowPickup,-95.9365,-90.9925,-0.3856,0.7246,-12.01,0.0105,0,0,Backhand prepare 1.00,0,9,69.5025,-3.9717,5.0184,0,Perfect,,-0.2975,-12.35,2.2101,11.2,0
3361,PlayerServeHold,None,1,-0.015,52,-2.2929,2.535,-16.6726,-0.3888,0.695,-12.65,0,Run,0,9,LowPickup,-95.987,-91.0009,-0.3979,0.7242,-12.01,0.0036,0,0,Backhand prepare 1.00,0,9,68.8167,-4.6522,1.2982,0,Perfect,,-0.3088,-12.35,2.1701,11.2,0
3362,PlayerServeHold,None,1,-0.015,52,-2.3035,2.535,-16.6785,-0.4113,0.695,-12.65,0,Run,0,9,LowPickup,-95.8733,-90.9819,-0.4184,0.7251,-12.0101,0.0034,0,0,Backhand prepare 1.00,0,9,68.4482,-5.0179,1.5421,0,Perfect,,-0.3313,-12.35,2.09,11.2,0
3363,PlayerServeHold,None,1,-0.015,52,-2.3142,2.535,-16.684,-0.4225,0.695,-12.65,0,Run,0,9,LowPickup,-95.6061,-90.9372,-0.4264,0.7276,-12.0105,0.0003,0,0,Backhand prepare 1.00,0,9,68.4669,-4.9992,0.778,0,Perfect,,-0.3425,-12.35,2.05,11.2,0
3364,PlayerServeHold,None,1,-0.015,52,-2.3258,2.535,-16.6891,-0.445,0.695,-12.65,0,Run,0,9,LowPickup,-95.1277,-90.8573,-0.4426,0.7316,-12.0113,0.0009,0,0,Backhand prepare 1.00,0,9,68.791,-4.6777,7.9601,0,Perfect,,-0.365,-12.35,1.9699,11.2,0
3365,PlayerServeHold,None,1,-0.015,52,-2.3374,2.535,-16.6938,-0.4563,0.695,-12.65,0,Run,0,9,LowPickup,-94.5376,-90.7586,-0.4461,0.736,-12.0123,0.0011,0,0,Backhand prepare 1.00,0,9,69.4198,-4.054,3.4787,0,Perfect,,-0.3762,-12.35,1.95,11.2,0
3366,PlayerServeHold,None,1,-0.015,52,-2.3498,2.535,-16.6981,-0.4787,0.695,-12.65,0,Run,0,9,LowPickup,-93.8986,-90.6518,-0.46,0.7401,-12.0134,0.0013,0,0,Backhand prepare 1.00,0,9,69.8433,-3.6225,0.9052,0,Perfect,,-0.3987,-12.35,1.95,11.2,0
3367,PlayerServeHold,None,1,-0.015,52,-2.3621,2.535,-16.7021,-0.49,0.695,-12.65,0,Run,0,9,LowPickup,-93.1617,-90.5286,-0.4612,0.7437,-12.0148,0.0288,0,0,Backhand prepare 1.00,0,9,62.4002,-7.6085,10.3022,0,Perfect,,-0.41,-12.35,1.95,11.2,0
3368,PlayerServeHold,None,1,-0.015,52,-2.3752,2.535,-16.7058,-0.5125,0.695,-12.65,0,Run,0,9,LowPickup,-92.2456,-90.3755,-0.4711,0.7465,-12.0165,0.1124,0,0,Backhand prepare 1.00,0,9,54.2998,-12.7226,8.2153,0,Perfect,,-0.4325,-12.35,1.95,11.2,0
3369,PlayerServeHold,None,1,-0.015,52,-2.3882,2.535,-16.7092,-0.5237,0.695,-12.65,0,Run,0,9,LowPickup,-91.2119,-90.2026,-0.4678,0.7481,-12.0189,0.477,0,0,Backhand prepare 1.00,0,9,45.7792,-18.7029,1.0157,0,Perfect,,-0.4437,-12.35,1.95,11.2,0
3370,PlayerServeHold,None,1,-0.015,52,-2.4019,2.535,-16.7123,-0.5462,0.695,-12.65,0,Run,0,9,LowPickup,-90.2965,-90.0496,-0.4773,0.7477,-12.021,0,0,0,Backhand prepare 1.00,0,9,37.1617,-25.2223,7.7148,0,Perfect,,-0.4662,-12.35,1.95,11.2,0
3371,PlayerServeHold,None,1,-0.015,52,-2.4154,2.535,-16.7152,-0.5575,0.695,-12.65,0,Run,0,9,LowPickup,-89.3914,-89.8983,-0.4756,0.7459,-12.0232,0,0,0,Backhand prepare 1.00,0,9,28.7182,-32.0091,3.7558,0,Perfect,,-0.4775,-12.35,1.95,11.2,0
3372,PlayerServeHold,None,1,-0.015,52,-2.4296,2.535,-16.7179,-0.58,0.695,-12.65,0,Run,0,9,LowPickup,-88.4444,-89.74,-0.4844,0.7425,-12.0257,0,0,0,Backhand prepare 1.00,0,9,19.8737,-39.8791,20.2017,0,Perfect,,-0.5,-12.35,1.95,11.2,0
3373,PlayerServeHold,None,1,-0.015,52,-2.4435,2.535,-16.7204,-0.5912,0.695,-12.65,0,Run,0,9,LowPickup,-87.405,-89.5662,-0.4806,0.7367,-12.0287,0.1393,0,0,Backhand prepare 1.00,0,9,15.389,-43.9253,0.8253,0,Perfect,,-0.5112,-12.35,1.95,11.2,0
3374,PlayerServeHold,None,1,-0.015,52,-2.4581,2.535,-16.7226,-0.6137,0.695,-12.65,0,Run,0,9,LowPickup,-86.5709,-89.4267,-0.4909,0.7309,-12.0309,0.621,0,0,Backhand prepare 1.00,0,9,12.1774,-46.9285,0.3252,0,Perfect,,-0.5337,-12.35,1.95,11.2,0
3375,PlayerServeHold,None,1,-0.015,52,-2.4725,2.535,-16.7247,-0.625,0.695,-12.65,0,Run,0,9,LowPickup,-85.8686,-89.3094,-0.4919,0.7249,-12.0335,0.3482,0,0,Backhand prepare 1.00,0,9,9.0067,-50.1805,0.2829,0,Perfect,,-0.545,-12.35,1.95,11.2,0
3376,PlayerServeHold,None,1,-0.015,52,-2.4875,2.535,-16.7267,-0.6475,0.695,-12.65,0,Run,0,9,LowPickup,-85.2574,-89.2072,-0.5055,0.7188,-12.0353,0.2034,0,0,Backhand prepare 1.00,0,9,5.8598,-53.6608,0.2551,0,Perfect,,-0.5675,-12.35,1.95,11.2,0
3377,PlayerServeHold,None,1,-0.015,52,-2.5022,2.535,-16.7285,-0.6587,0.695,-12.65,0,Run,0,9,LowPickup,-84.6815,-89.1109,-0.5084,0.7263,-11.9913,0.2058,0,0,Backhand prepare 1.00,0,9,2.7559,-57.3441,0.2467,0,Perfect,,-0.5788,-12.35,1.95,11.2,0
3378,PlayerServeHold,None,1,-0.015,52,-2.5175,2.535,-16.7301,-0.6813,0.695,-12.65,0,Run,0,9,LowPickup,-84.2812,-89.044,-0.525,0.7214,-11.9926,0.0013,0,0,Backhand prepare 1.00,0,9,-0.2972,-61.2046,0.2458,0,Perfect,,-0.6013,-12.35,1.95,11.2,0
3379,PlayerServeHold,None,1,-0.015,52,-2.5325,2.535,-16.7317,-0.6925,0.695,-12.65,0,Run,0,9,LowPickup,-84.0703,-89.0088,-0.5332,0.7188,-11.9934,0.0043,0,0,Backhand prepare 1.00,0,9,-3.2821,-65.2301,0.255,0,Perfect,,-0.6125,-12.35,1.95,11.2,0
3380,PlayerServeHold,None,1,-0.015,52,-2.5481,2.535,-16.7331,-0.715,0.695,-12.65,0,Run,0,9,LowPickup,-84.0106,-88.9987,-0.5547,0.718,-11.9937,0.0015,0,0,Backhand prepare 1.00,0,9,-6.254,-69.3491,0.3118,0,Perfect,,-0.635,-12.35,1.95,11.2,0
3381,PlayerServeHold,None,1,-0.015,52,-2.5633,2.535,-16.7344,-0.7263,0.695,-12.65,0,Run,0,9,LowPickup,-84.1227,-89.0175,-0.568,0.7196,-11.9932,0.0023,0,0,Backhand prepare 1.00,0,9,-9.1331,-73.6369,0.4029,0,Perfect,,-0.6463,-12.35,1.95,11.2,0
3382,PlayerServeHold,None,1,-0.015,52,-2.5791,2.535,-16.7356,-0.7488,0.695,-12.65,0,Run,0,9,LowPickup,-84.3775,-89.0601,-0.5939,0.7226,-11.9923,0.0017,0,0,Backhand prepare 1.00,0,9,-11.9121,-78.0865,0.3796,0,Perfect,,-0.6688,-12.35,1.95,11.2,0
3383,PlayerServeHold,None,1,-0.015,52,-2.5945,2.535,-16.7367,-0.76,0.695,-12.65,0,Run,0,9,LowPickup,-84.7471,-89.1219,-0.6106,0.727,-11.9911,0.0001,0,0,Backhand prepare 1.00,0,9,-14.4884,-82.6445,0.358,0,Perfect,,-0.68,-12.35,1.95,11.2,0
3384,PlayerServeHold,None,1,-0.015,52,-2.6105,2.535,-16.7377,-0.7825,0.695,-12.65,0,Run,0,9,LowPickup,-85.2488,-89.2058,-0.6404,0.7324,-11.9894,0.0048,0,0,Backhand prepare 1.00,0,9,-16.8116,-87.2848,0.1343,0,Perfect,,-0.7025,-12.35,1.95,11.2,0
3385,PlayerServeHold,None,1,-0.015,52,-2.6262,2.535,-16.7387,-0.7938,0.695,-12.65,0,Run,0,9,LowPickup,-85.9421,-89.3217,-0.6617,0.7391,-11.987,0.0095,0,0,Backhand prepare 1.00,0,9,-16.8116,-87.2848,0,0,Perfect,,-0.7138,-12.35,1.95,11.2,0
3386,PlayerServeHold,None,1,-0.015,52,-2.6423,2.535,-16.7395,-0.8163,0.695,-12.65,0,Run,0,9,LowPickup,-86.8018,-89.4654,-0.6854,0.7326,-12.03,0.0159,0,0,Backhand prepare 1.00,0,9,-16.8116,-87.2848,0,0,Perfect,,-0.7363,-12.35,1.95,11.2,0
3387,PlayerServeHold,None,1,-0.015,52,-2.6581,2.535,-16.7403,-0.8275,0.695,-12.65,0,Run,0,9,LowPickup,-87.6167,-89.6016,-0.7088,0.7387,-12.0267,0.0656,0,0,Backhand prepare 1.00,0,9,-16.8116,-87.2848,0,0,Perfect,,-0.7475,-12.35,1.95,11.2,0
3388,PlayerServeHold,None,1,-0.015,52,-2.6744,2.535,-16.7411,-0.85,0.695,-12.65,0,Run,0,9,LowPickup,-88.4727,-89.7447,-0.7547,0.7426,-12.0255,0.2265,0,0,Backhand prepare 1.00,0,9,-16.8116,-87.2848,0,0,Perfect,,-0.77,-12.35,1.95,11.2,0
3389,PlayerServeHold,None,1,-0.015,52,-2.6903,2.535,-16.7418,-0.8613,0.695,-12.65,0,Run,0,9,LowPickup,-89.4175,-89.9027,-0.7797,0.746,-12.0232,0,0,0,Backhand prepare 1.00,0,9,-16.8116,-87.2848,0,0,Perfect,,-0.7813,-12.35,1.95,11.2,0
3390,PlayerServeHold,None,1,-0.015,52,-2.7067,2.535,-16.7424,-0.8838,0.695,-12.65,0,Run,0,9,LowPickup,-90.526,-90.088,-0.8181,0.748,-12.0204,0,0,0,Backhand prepare 1.00,0,9,-16.8116,-87.2848,0,0,Perfect,,-0.8038,-12.35,1.95,11.2,0
3391,PlayerServeHold,None,1,-0.015,52,-2.7227,2.535,-16.743,-0.895,0.695,-12.65,0,Run,0,9,LowPickup,-91.4806,-90.2475,-0.8428,0.7481,-12.0183,0,0,0,Backhand prepare 1.00,0,9,-16.8116,-87.2848,0,0,Perfect,,-0.815,-12.35,1.95,11.2,0
3392,PlayerServeHold,None,1,-0.015,52,-2.7392,2.535,-16.7435,-0.9175,0.695,-12.65,0,Run,0,9,LowPickup,-92.3393,-90.3911,-0.8774,0.7466,-12.0164,0.3778,0,0,Backhand prepare 1.00,0,9,-16.8116,-87.2848,0,0,Perfect,,-0.8375,-12.35,1.95,11.2,0
3393,PlayerServeHold,None,1,-0.015,52,-2.7553,2.535,-16.744,-0.9288,0.695,-12.65,0,Run,0,9,LowPickup,-93.1544,-90.5274,-0.8999,0.7436,-12.0147,0.3327,0,0,Backhand prepare 1.00,0,9,-16.8116,-87.2848,0,0,Perfect,,-0.8488,-12.35,1.95,11.2,0
3394,PlayerServeHold,None,1,-0.015,52,-2.7719,2.535,-16.7445,-0.9513,0.695,-12.65,0,Run,0,9,LowPickup,-94.0136,-90.671,-0.9223,0.7391,-12.0031,1.187,0,0,Backhand prepare 1.00,0,9,-16.8116,-87.2848,0,0,Perfect,,-0.8713,-12.35,1.95,11.2,0
3395,PlayerServeHold,None,1,-0.015,52,-2.7881,2.535,-16.7449,-0.9625,0.695,-12.65,0,Run,0,9,LowPickup,-94.7204,-90.7891,-0.9548,0.735,-12.0112,0.6508,0,0,Backhand prepare 1.00,0,9,-16.8116,-87.2848,0,0,Perfect,,-0.8825,-12.35,1.95,11.2,0
3396,PlayerServeHold,None,1,-0.015,52,-2.8048,2.535,-16.7453,-0.985,0.695,-12.65,0,Run,0,9,LowPickup,-95.2294,-90.8742,-0.984,0.7309,-12.0112,0.3698,0,0,Backhand prepare 1.00,0,9,-16.8116,-87.2848,0,0,Perfect,,-0.905,-12.35,1.95,11.2,0
3397,PlayerServeHold,None,1,-0.015,52,-2.8211,2.535,-16.7457,-0.9963,0.695,-12.65,0,Run,0,9,LowPickup,-95.6061,-90.9373,-1.0001,0.7276,-12.0106,0.0097,0,0,Backhand prepare 1.00,0,9,-16.8116,-87.2848,0,0,Perfect,,-0.9163,-12.35,1.95,11.2,0
3398,PlayerServeHold,None,1,-0.015,52,-2.8378,2.535,-16.746,-1.0188,0.695,-12.65,0,Run,0,9,LowPickup,-95.8666,-90.9808,-1.026,0.7253,-12.0101,0.0039,0,0,Backhand prepare 1.00,0,9,-16.8116,-87.2848,0,0,Perfect,,-0.9388,-12.35,1.95,11.2,0
3399,PlayerServeHold,None,1,-0.015,52,-2.8541,2.535,-16.7463,-1.03,0.695,-12.65,0,Run,0,9,LowPickup,-95.988,-91.0011,-1.039,0.7241,-12.0099,0.0085,0,0,Backhand prepare 1.00,0,9,-16.8116,-87.2848,0,0,Perfect,,-0.95,-12.35,1.95,11.2,0
3400,PlayerServeHold,None,1,-0.015,52,-2.8709,2.535,-16.7466,-1.0525,0.695,-12.65,0,Run,0,9,LowPickup,-95.9368,-90.9926,-1.061,0.7247,-12.01,0.0023,0,0,Backhand prepare 1.00,0,9,-16.8116,-87.2848,0,0,Perfect,,-0.9725,-12.35,1.95,11.2,0
3401,PlayerServeHold,None,1,-0.015,52,-2.8873,2.535,-16.7469,-1.0638,0.695,-12.65,0,Run,0,9,LowPickup,-95.7341,-90.9586,-1.0691,0.7264,-12.0103,0.001,0,0,Backhand prepare 1.00,0,9,-16.8116,-87.2848,0,0,Perfect,,-0.9838,-12.35,1.95,11.2,0
3402,PlayerServeHold,None,1,-0.015,52,-2.9041,2.535,-16.7471,-1.0863,0.695,-12.65,0,Run,0,9,LowPickup,-95.346,-90.8937,-1.0868,0.7298,-12.0109,0.0023,0,0,Backhand prepare 1.00,0,9,-16.8116,-87.2848,0,0,Perfect,,-1.0063,-12.35,1.95,11.2,0
3403,PlayerServeHold,None,1,-0.015,52,-2.9205,2.535,-16.7473,-1.0975,0.695,-12.65,0,Run,0,9,LowPickup,-94.7739,-90.7981,-1.0904,0.7343,-12.0119,0.0007,0,0,Backhand prepare 1.00,0,9,-16.8116,-87.2848,0,0,Perfect,,-1.0175,-12.35,1.95,11.2,0
3404,PlayerServeHold,None,1,-0.015,52,-2.9374,2.535,-16.7475,-1.12,0.695,-12.65,0,Run,0,9,LowPickup,-94.1659,-90.6965,-1.1048,0.7385,-12.0129,0.0068,0,0,Backhand prepare 1.00,0,9,-16.8116,-87.2848,0,0,Perfect,,-1.04,-12.35,1.95,11.2,0
3405,PlayerServeHold,None,1,-0.015,52,-2.9538,2.535,-16.7477,-1.1313,0.695,-12.65,0,Run,0,9,LowPickup,-93.4688,-90.5799,-1.1066,0.7423,-12.0142,0.0146,0,0,Backhand prepare 1.00,0,9,-16.8116,-87.2848,0,0,Perfect,,-1.0513,-12.35,1.95,11.2,0
3406,PlayerServeHold,None,1,-0.015,52,-2.9707,2.535,-16.7479,-1.1538,0.695,-12.65,0,Run,0,9,LowPickup,-92.6458,-90.4424,-1.1178,0.7454,-12.0158,0.0321,0,0,Backhand prepare 1.00,0,9,-16.8116,-87.2848,0,0,Perfect,,-1.0738,-12.35,1.95,11.2,0
3407,PlayerServeHold,None,1,-0.015,52,-2.9872,2.535,-16.748,-1.165,0.695,-12.65,0,Run,0,9,LowPickup,-91.6108,-90.2693,-1.1149,0.7479,-12.0179,0.506,0,0,Backhand prepare 1.00,0,9,-16.8116,-87.2848,0,0,Perfect,,-1.085,-12.35,1.95,11.2,0
3408,PlayerServeHold,None,1,-0.015,52,-3.0041,2.535,-16.7482,-1.1875,0.695,-12.65,0,Run,0,9,LowPickup,-90.6567,-90.1098,-1.1236,0.7479,-12.0202,0,0,0,Backhand prepare 1.00,0,9,-16.8116,-87.2848,0,0,Perfect,,-1.1075,-12.35,1.95,11.2,0
3409,PlayerServeHold,None,1,-0.015,52,-3.0206,2.535,-16.7483,-1.1988,0.695,-12.65,0,Run,0,9,LowPickup,-89.7516,-89.9585,-1.122,0.7469,-12.0223,0,0,0,Backhand prepare 1.00,0,9,-16.8116,-87.2848,0,0,Perfect,,-1.1188,-12.35,1.95,11.2,0
3410,PlayerServeHold,None,1,-0.015,52,-3.0376,2.535,-16.7485,-1.2213,0.695,-12.65,0,Run,0,9,LowPickup,-88.8388,-89.8059,-1.1314,0.7442,-12.0247,0,0,0,Backhand prepare 1.00,0,9,-16.8116,-87.2848,0,0,Perfect,,-1.1413,-12.35,1.95,11.2,0
3411,PlayerServeHold,None,1,-0.015,52,-3.0541,2.535,-16.7486,-1.2325,0.695,-12.65,0,Run,0,9,LowPickup,-87.8102,-89.634,-1.1277,0.7391,-12.0276,0,0,0,Backhand prepare 1.00,0,9,-16.8116,-87.2848,0,0,Perfect,,-1.1525,-12.35,1.95,11.2,0
3412,PlayerServeHold,None,1,-0.015,52,-3.0711,2.535,-16.7487,-1.255,0.695,-12.65,0,Run,0,9,LowPickup,-86.8811,-89.4786,-1.1367,0.7332,-12.0301,0.6576,0,0,Backhand prepare 1.00,0,9,-16.8116,-87.2848,0,0,Perfect,,-1.175,-12.35,1.95,11.2,0
3413,PlayerServeHold,None,1,-0.015,52,-3.0877,2.535,-16.7488,-1.2663,0.695,-12.65,0,Run,0,9,LowPickup,-86.1386,-89.3545,-1.1371,0.7273,-12.0325,0.2501,0,0,Backhand prepare 1.00,0,9,-16.8116,-87.2848,0,0,Perfect,,-1.1863,-12.35,1.95,11.2,0
3414,PlayerServeHold,None,1,-0.015,52,-3.1046,2.535,-16.7489,-1.2888,0.695,-12.65,0,Run,0,9,LowPickup,-85.4944,-89.2468,-1.1502,0.7211,-12.0346,0.573,0,0,Backhand prepare 1.00,0,9,-16.8116,-87.2848,0,0,Perfect,,-1.2088,-12.35,1.95,11.2,0
3415,PlayerServeHold,None,1,-0.015,52,-3.1212,2.535,-16.749,-1.3,0.695,-12.65,0,Run,0,9,LowPickup,-84.903,-89.1479,-1.1529,0.7288,-11.9906,0.0334,0,0,Backhand prepare 1.00,0,9,-16.8116,-87.2848,0,0,Perfect,,-1.22,-12.35,1.95,11.2,0
3416,PlayerServeHold,None,1,-0.015,52,-3.1382,2.535,-16.7491,-1.3225,0.695,-12.65,0,Run,0,9,LowPickup,-84.4134,-89.0661,-1.1682,0.723,-11.9922,0.0412,0,0,Backhand prepare 1.00,0,9,-16.8116,-87.2848,0,0,Perfect,,-1.2425,-12.35,1.95,11.2,0
3417,PlayerServeHold,None,1,-0.015,52,-3.1548,2.535,-16.7491,-1.3338,0.695,-12.65,0,Run,0,9,LowPickup,-84.1369,-89.0199,-1.1754,0.7196,-11.9932,0.0065,0,0,Backhand prepare 1.00,0,9,-16.8116,-87.2848,0,0,Perfect,,-1.2538,-12.35,1.95,11.2,0
3418,PlayerServeHold,None,1,-0.015,52,-3.1718,2.535,-16.7492,-1.3563,0.695,-12.65,0,Run,0,9,LowPickup,-84.0152,-88.9995,-1.196,0.7181,-11.9936,0.0014,0,0,Backhand prepare 1.00,0,9,-16.8116,-87.2848,0,0,Perfect,,-1.2763,-12.35,1.95,11.2,0
3419,PlayerServeHold,None,1,-0.015,52,-3.1884,2.535,-16.7493,-1.3675,0.695,-12.65,0,Run,0,9,LowPickup,-84.0562,-89.0063,-1.2084,0.7188,-11.9934,0.0032,0,0,Backhand prepare 1.00,0,9,-16.8116,-87.2848,0,0,Perfect,,-1.2875,-12.35,1.95,11.2,0
3420,PlayerServeHold,None,1,-0.015,52,-3.2054,2.535,-16.7493,-1.39,0.695,-12.65,0,Run,0,9,LowPickup,-84.2635,-89.041,-1.2336,0.7213,-11.9927,0.0014,0,0,Backhand prepare 1.00,0,9,-16.8116,-87.2848,0,0,Perfect,,-1.31,-12.35,1.95,11.2,0
3421,PlayerServeHold,None,1,-0.015,52,-3.222,2.535,-16.7494,-1.4013,0.695,-12.65,0,Run,0,9,LowPickup,-84.5832,-89.0945,-1.2494,0.7251,-11.9916,0.0003,0,0,Backhand prepare 1.00,0,9,-16.8116,-87.2848,0,0,Perfect,,-1.3213,-12.35,1.95,11.2,0
3422,PlayerServeHold,None,1,-0.015,52,-3.2391,2.535,-16.7494,-1.4238,0.695,-12.65,0,Run,0,9,LowPickup,-85.0323,-89.1696,-1.2785,0.7301,-11.9901,0.0012,0,0,Backhand prepare 1.00,0,9,-16.8116,-87.2848,0,0,Perfect,,-1.3438,-12.35,1.95,11.2,0
3423,PlayerServeHold,None,1,-0.015,52,-3.2557,2.535,-16.7495,-1.435,0.695,-12.65,0,Run,0,9,LowPickup,-85.6316,-89.2697,-1.2985,0.7362,-11.9881,0.0024,0,0,Backhand prepare 1.00,0,9,-16.8116,-87.2848,0,0,Perfect,,-1.355,-12.35,1.95,11.2,0
3424,PlayerServeHold,None,1,-0.015,52,-3.2727,2.535,-16.7495,-1.4575,0.695,-12.65,0,Run,0,9,LowPickup,-86.4605,-89.4083,-1.3217,0.7298,-12.0314,0.0314,0,0,Backhand prepare 1.00,0,9,-16.8116,-87.2848,0,0,Perfect,,-1.3775,-12.35,1.95,11.2,0
3425,PlayerServeHold,None,1,-0.015,52,-3.2893,2.535,-16.7495,-1.4688,0.695,-12.65,0,Run,0,9,LowPickup,-87.2902,-89.5471,-1.3566,0.7503,-11.9835,0.1142,0,0,Backhand prepare 1.00,0,9,-16.8116,-87.2848,0,0,Perfect,,-1.3888,-12.35,1.95,11.2,0
3426,PlayerServeHold,None,1,-0.015,52,-3.3064,2.535,-16.7496,-1.4913,0.695,-12.65,0,Run,0,9,LowPickup,-88.1258,-89.6867,-1.3909,0.741,-12.0265,0.1316,0,0,Backhand prepare 1.00,0,9,-16.8116,-87.2848,0,0,Perfect,,-1.4113,-12.35,1.95,11.2,0
3427,PlayerServeHold,None,1,-0.015,52,-3.323,2.535,-16.7496,-1.5025,0.695,-12.65,0,Run,0,9,LowPickup,-89.0189,-89.836,-1.4152,0.7449,-12.0242,0,0,0,Backhand prepare 1.00,0,9,-16.8116,-87.2848,0,0,Perfect,,-1.4225,-12.35,1.95,11.2,0
3428,PlayerServeHold,None,1,-0.015,52,-3.3401,2.535,-16.7496,-1.525,0.695,-12.65,0,Run,0,9,LowPickup,-90.0831,-90.0139,-1.453,0.7474,-12.0215,0,0,0,Backhand prepare 1.00,0,9,-16.8116,-87.2848,0,0,Perfect,,-1.445,-12.35,1.95,11.2,0
3429,PlayerServeHold,None,1,-0.015,52,-3.3567,2.535,-16.7497,-1.5363,0.695,-12.65,0,Run,0,9,LowPickup,-91.1193,-90.1871,-1.479,0.7483,-12.0191,0,0,0,Backhand prepare 1.00,0,9,-16.8116,-87.2848,0,0,Perfect,,-1.4563,-12.35,1.95,11.2,0
3430,PlayerServeHold,None,1,-0.015,52,-3.3738,2.535,-16.7497,-1.5588,0.695,-12.65,0,Run,0,9,LowPickup,-92.0006,-90.3345,-1.5139,0.7473,-12.0171,0,0,0,Backhand prepare 1.00,0,9,-16.8116,-87.2848,0,0,Perfect,,-1.4788,-12.35,1.95,11.2,0
3431,PlayerServeHold,None,1,-0.015,52,-3.3904,2.535,-16.7497,-1.57,0.695,-12.65,0,Run,0,9,LowPickup,-92.8288,-90.4729,-1.5367,0.7449,-12.0153,0.3513,0,0,Backhand prepare 1.00,0,9,-16.8116,-87.2848,0,0,Perfect,,-1.49,-12.35,1.95,11.2,0
3432,PlayerServeHold,None,1,-0.015,52,-3.4075,2.535,-16.7497,-1.5925,0.695,-12.65,0,Run,0,9,LowPickup,-93.6683,-90.6133,-1.5589,0.7411,-12.0041,1.3247,0,0,Backhand prepare 1.00,0,9,-16.8116,-87.2848,0,0,Perfect,,-1.5125,-12.35,1.95,11.2,0
3433,PlayerServeHold,None,1,-0.015,52,-3.4241,2.535,-16.7498,-1.6038,0.695,-12.65,0,Run,0,9,LowPickup,-94.4699,-90.7473,-1.5927,0.7365,-12.0122,1.0128,0,0,Backhand prepare 1.00,0,9,-16.8116,-87.2848,0,0,Perfect,,-1.5238,-12.35,1.95,11.2,0
3434,PlayerServeHold,None,1,-0.015,52,-3.4412,2.535,-16.7498,-1.6263,0.695,-12.65,0,Run,0,9,LowPickup,-95.0414,-90.8428,-1.6228,0.7325,-12.011,0.1966,0,0,Backhand prepare 1.00,0,9,-16.8116,-87.2848,0,0,Perfect,,-1.5463,-12.35,1.95,11.2,0
3435,PlayerServeHold,None,1,-0.015,52,-3.4578,2.535,-16.7498,-1.6375,0.695,-12.65,0,Run,0,9,LowPickup,-95.4715,-90.9147,-1.6396,0.7288,-12.0109,0.2007,0,0,Backhand prepare 1.00,0,9,-16.8116,-87.2848,0,0,Perfect,,-1.5575,-12.35,1.95,11.2,0
3436,PlayerServeHold,None,1,-0.015,52,-3.4749,2.535,-16.7498,-1.66,0.695,-12.65,0,Run,0,9,LowPickup,-95.7746,-90.9654,-1.6661,0.7261,-12.0103,0.0072,0,0,Backhand prepare 1.00,0,9,-16.8116,-87.2848,0,0,Perfect,,-1.58,-12.35,1.95,11.2,0
3437,PlayerServeHold,None,1,-0.015,52,-3.4915,2.535,-16.7498,-1.6713,0.695,-12.65,0,Run,0,9,LowPickup,-95.9614,-90.9966,-1.6797,0.7244,-12.01,0.0109,0,0,Backhand prepare 1.00,0,9,-16.8116,-87.2848,0,0,Perfect,,-1.5913,-12.35,1.95,11.2,0
3438,PlayerServeHold,None,1,-0.015,52,-3.5086,2.535,-16.7498,-1.6938,0.695,-12.65,0,Run,0,9,LowPickup,-95.9766,-90.9992,-1.7029,0.7243,-12.01,0.0012,0,0,Backhand prepare 1.00,0,9,-16.8116,-87.2848,0,0,Perfect,,-1.6138,-12.35,1.95,11.2,0
3439,PlayerServeHold,None,1,-0.015,52,-3.5253,2.535,-16.7499,-1.705,0.695,-12.65,0,Run,0,9,LowPickup,-95.8331,-90.9752,-1.7116,0.7255,-12.0101,0.0028,0,0,Backhand prepare 1.00,0,9,-16.8116,-87.2848,0,0,Perfect,,-1.625,-12.35,1.95,11.2,0
3440,PlayerServeHold,None,1,-0.015,52,-3.5423,2.535,-16.7499,-1.7275,0.695,-12.65,0,Run,0,9,LowPickup,-95.5299,-90.9245,-1.7304,0.7283,-12.0106,0.0011,0,0,Backhand prepare 1.00,0,9,-16.8116,-87.2848,0,0,Perfect,,-1.6475,-12.35,1.95,11.2,0
3441,PlayerServeHold,None,1,-0.015,52,-3.559,2.535,-16.7499,-1.7388,0.695,-12.65,0,Run,0,9,LowPickup,-95.0111,-90.8378,-1.7348,0.7326,-12.0115,0.0006,0,0,Backhand prepare 1.00,0,9,-16.8116,-87.2848,0,0,Perfect,,-1.6588,-12.35,1.95,11.2,0
3442,PlayerServeHold,None,1,-0.015,52,-3.5761,2.535,-16.7499,-1.7613,0.695,-12.65,0,Run,0,9,LowPickup,-94.4166,-90.7384,-1.7494,0.7369,-12.0125,0.0032,0,0,Backhand prepare 1.00,0,9,-16.8116,-87.2848,0,0,Perfect,,-1.6813,-12.35,1.95,11.2,0
3443,PlayerServeHold,None,1,-0.015,52,-3.5927,2.535,-16.7499,-1.7725,0.695,-12.65,0,Run,0,9,LowPickup,-93.7579,-90.6283,-1.7518,0.7408,-12.0137,0.0042,0,0,Backhand prepare 1.00,0,9,-16.8116,-87.2848,0,0,Perfect,,-1.6925,-12.35,1.95,11.2,0
3444,PlayerServeHold,None,1,-0.015,52,-3.6098,2.535,-16.7499,-1.795,0.695,-12.65,0,Run,0,9,LowPickup,-92.9984,-90.5013,-1.7639,0.7443,-12.0151,0.0252,0,0,Backhand prepare 1.00,0,9,-16.8116,-87.2848,0,0,Perfect,,-1.715,-12.35,1.95,11.2,0
3445,PlayerServeHold,None,1,-0.015,52,-3.6264,2.535,-16.7499,-1.8063,0.695,-12.65,0,Run,0,9,LowPickup,-92.0344,-90.3401,-1.7619,0.747,-12.0169,0.1412,0,0,Backhand prepare 1.00,0,9,-16.8116,-87.2848,0,0,Perfect,,-1.7263,-12.35,1.95,11.2,0
3446,PlayerServeHold,None,1,-0.015,52,-3.6435,2.535,-16.7499,-1.8288,0.695,-12.65,0,Run,0,9,LowPickup,-91.0232,-90.1711,-1.77,0.7481,-12.0193,0,0,0,Backhand prepare 1.00,0,9,-16.8116,-87.2848,0,0,Perfect,,-1.7488,-12.35,1.95,11.2,0
3447,PlayerServeHold,None,1,-0.015,52,-3.6602,2.535,-16.7499,-1.84,0.695,-12.65,0,Run,0,9,LowPickup,-90.1155,-90.0193,-1.7685,0.7477,-12.0214,0,0,0,Backhand prepare 1.00,0,9,-16.8116,-87.2848,0,0,Perfect,,-1.76,-12.35,1.95,11.2,0
3448,PlayerServeHold,None,1,-0.015,52,-3.6773,2.535,-16.7499,-1.8625,0.695,-12.65,0,Run,0,9,LowPickup,-89.2099,-89.8679,-1.778,0.7454,-12.0237,0,0,0,Backhand prepare 1.00,0,9,-16.8116,-87.2848,0,0,Perfect,,-1.7825,-12.35,1.95,11.2,0
3449,PlayerServeHold,None,1,-0.015,52,-3.6939,2.535,-16.7499,-1.8738,0.695,-12.65,0,Run,0,9,LowPickup,-88.2349,-89.705,-1.7751,0.7414,-12.0263,0,0,0,Backhand prepare 1.00,0,9,-16.8116,-87.2848,0,0,Perfect,,-1.7938,-12.35,1.95,11.2,0
3450,PlayerServeHold,None,1,-0.015,52,-3.711,2.535,-16.7499,-1.8963,0.695,-12.65,0,Run,0,9,LowPickup,-87.2198,-89.5352,-1.7829,0.7356,-12.0292,0.5501,0,0,Backhand prepare 1.00,0,9,-16.8116,-87.2848,0,0,Perfect,,-1.8163,-12.35,1.95,11.2,0
3451,PlayerServeHold,None,1,-0.015,52,-3.7277,2.535,-16.7499,-1.9075,0.695,-12.65,0,Run,0,9,LowPickup,-86.4235,-89.4021,-1.7825,0.7297,-12.0314,0.3877,0,0,Backhand prepare 1.00,0,9,-16.8116,-87.2848,0,0,Perfect,,-1.8275,-12.35,1.95,11.2,0
3452,PlayerServeHold,None,1,-0.015,52,-3.7447,2.535,-16.75,-1.93,0.695,-12.65,0,Run,0,9,LowPickup,-85.7404,-89.2879,-1.795,0.7236,-12.0339,0.6307,0,0,Backhand prepare 1.00,0,9,-16.8116,-87.2848,0,0,Perfect,,-1.85,-12.35,1.95,11.2,0
3453,PlayerServeHold,None,1,-0.015,52,-3.7614,2.535,-16.75,-1.9413,0.695,-12.65,0,Run,0,9,LowPickup,-85.1392,-89.1874,-1.7975,0.7176,-12.0357,0.0316,0,0,Backhand prepare 1.00,0,9,-16.8116,-87.2848,0,0,Perfect,,-1.8613,-12.35,1.95,11.2,0
3454,PlayerServeHold,None,1,-0.015,52,-3.7785,2.535,-16.75,-1.9638,0.695,-12.65,0,Run,0,9,LowPickup,-84.5816,-89.0942,-1.8119,0.7251,-11.9917,0.0297,0,0,Backhand prepare 1.00,0,9,-16.8116,-87.2848,0,0,Perfect,,-1.8838,-12.35,1.95,11.2,0
3455,PlayerServeHold,None,1,-0.015,52,-3.7951,2.535,-16.75,-1.975,0.695,-12.65,0,Run,0,9,LowPickup,-84.2264,-89.0349,-1.818,0.7207,-11.9928,0.0057,0,0,Backhand prepare 1.00,0,9,-16.8116,-87.2848,0,0,Perfect,,-1.895,-12.35,1.95,11.2,0
3456,PlayerServeHold,None,1,-0.015,52,-3.8122,2.535,-16.75,-1.9975,0.695,-12.65,0,Run,0,9,LowPickup,-84.0457,-89.0046,-1.8378,0.7185,-11.9935,0.0035,0,0,Backhand prepare 1.00,0,9,-16.8116,-87.2848,0,0,Perfect,,-1.9175,-12.35,1.95,11.2,0
3457,PlayerServeHold,None,1,-0.015,52,-3.8289,2.535,-16.75,-2.0088,0.695,-12.65,0,Run,0,9,LowPickup,-84.0184,-89,-1.8487,0.7182,-11.9936,0.0026,0,0,Backhand prepare 1.00,0,9,-16.8116,-87.2848,0,0,Perfect,,-1.9288,-12.35,1.95,11.2,0
3458,PlayerServeHold,None,1,-0.015,52,-3.846,2.535,-16.75,-2.0313,0.695,-12.65,0,Run,0,9,LowPickup,-84.165,-89.0245,-1.8735,0.7201,-11.9931,0.0018,0,0,Backhand prepare 1.00,0,9,-16.8116,-87.2848,0,0,Perfect,,-1.9513,-12.35,1.95,11.2,0
3459,PlayerServeHold,None,1,-0.015,52,-3.8626,2.535,-16.75,-2.0425,0.695,-12.65,0,Run,0,9,LowPickup,-84.4411,-89.0707,-1.8885,0.7233,-11.9921,0.0013,0,0,Backhand prepare 1.00,0,9,-16.8116,-87.2848,0,0,Perfect,,-1.9625,-12.35,1.95,11.2,0
3460,PlayerServeHold,None,1,-0.015,52,-3.8797,2.535,-16.75,-2.065,0.695,-12.65,0,Run,0,9,LowPickup,-84.8378,-89.1371,-1.9169,0.728,-11.9907,0.0011,0,0,Backhand prepare 1.00,0,9,-16.8116,-87.2848,0,0,Perfect,,-1.985,-12.35,1.95,11.2,0
3461,PlayerServeHold,None,1,-0.015,52,-3.8964,2.535,-16.75,-2.0763,0.695,-12.65,0,Run,0,9,LowPickup,-85.3678,-89.2257,-1.9359,0.7336,-11.989,0.0056,0,0,Backhand prepare 1.00,0,9,-16.8116,-87.2848,0,0,Perfect,,-1.9963,-12.35,1.95,11.2,0
3462,PlayerServeHold,None,1,-0.015,52,-3.9135,2.535,-16.75,-2.0988,0.695,-12.65,0,Run,0,9,LowPickup,-86.1114,-89.3499,-1.9692,0.7406,-11.9864,0.0205,0,0,Backhand prepare 1.00,0,9,-16.8116,-87.2848,0,0,Perfect,,-2.0188,-12.35,1.95,11.2,0
3463,PlayerServeHold,None,1,-0.015,52,-3.9301,2.535,-16.75,-2.11,0.695,-12.65,0,Run,0,9,LowPickup,-86.9659,-89.4928,-1.9816,0.7339,-12.0294,0.0587,0,0,Backhand prepare 1.00,0,9,-16.8116,-87.2848,0,0,Perfect,,-2.03,-12.35,1.95,11.2,0
3464,PlayerServeHold,None,1,-0.015,52,-3.9472,2.535,-16.75,-2.1325,0.695,-12.65,0,Run,0,9,LowPickup,-87.7835,-89.6295,-2.0161,0.7396,-12.0258,0.0158,0,0,Backhand prepare 1.00,0,9,-16.8116,-87.2848,0,0,Perfect,,-2.0525,-12.35,1.95,11.2,0
3465,PlayerServeHold,None,1,-0.015,52,-3.9639,2.535,-16.75,-2.1436,0.695,-12.65,0,Run,0,9,LowPickup,-88.6501,-89.7744,-2.0509,0.7434,-12.0251,0.4345,0,0,Backhand prepare 1.00,0,9,-16.8116,-87.2848,0,0,Perfect,,-2.0636,-12.35,1.95,11.2,0
3466,PlayerServeHold,None,1,-0.015,52,-3.9809,2.535,-16.75,-2.1653,0.695,-12.65,0,Run,0,9,LowPickup,-89.6224,-89.9369,-2.0867,0.7465,-12.0226,0,0,0,Backhand prepare 1.00,0,9,-16.8116,-87.2848,0,0,Perfect,,-2.0853,-12.35,1.95,11.2,0
3467,PlayerServeHold,None,1,-0.015,52,-3.9974,2.535,-16.75,-2.1758,0.695,-12.65,0,Run,0,9,LowPickup,-90.6751,-90.1129,-2.1122,0.7481,-12.0201,0,0,0,Backhand prepare 1.00,0,9,-16.8116,-87.2848,0,0,Perfect,,-2.0958,-12.35,1.95,11.2,0
3468,PlayerServeHold,None,1,-0.015,52,-4.0142,2.535,-16.75,-2.1961,0.695,-12.65,0,Run,0,9,LowPickup,-91.5471,-90.2586,-2.1449,0.748,-12.0181,0,0,0,Backhand prepare 1.00,0,9,-16.8116,-87.2848,0,0,Perfect,,-2.1161,-12.35,1.95,11.2,0
3469,PlayerServeHold,None,1,-0.015,52,-4.0305,2.535,-16.75,-2.206,0.695,-12.65,0,Run,0,9,LowPickup,-92.3158,-90.3872,-2.1655,0.7466,-12.0164,0,0,0,Backhand prepare 1.00,0,9,-16.8116,-87.2848,0,0,Perfect,,-2.126,-12.35,1.95,11.2,0
3470,PlayerServeHold,None,1,-0.015,52,-4.047,2.535,-16.75,-2.2251,0.695,-12.65,0,Run,0,9,LowPickup,-93.031,-90.5067,-2.1946,0.7441,-12.0149,0.344,0,0,Backhand prepare 1.00,0,9,-16.8116,-87.2848,0,0,Perfect,,-2.1451,-12.35,1.95,11.2,0
3471,PlayerServeHold,None,1,-0.015,52,-4.0629,2.535,-16.75,-2.2344,0.695,-12.65,0,Run,0,9,LowPickup,-93.7463,-90.6263,-2.2018,0.7406,-12.004,1.2721,0,0,Backhand prepare 1.00,0,9,-16.8116,-87.2848,0,0,Perfect,,-2.1544,-12.35,1.95,11.2,0
3472,PlayerServeHold,None,1,-0.015,52,-4.079,2.535,-16.75,-2.2522,0.695,-12.65,0,Run,0,9,LowPickup,-94.4087,-90.7371,-2.2403,0.7368,-12.0125,1.2544,0,0,Backhand prepare 1.00,0,9,-16.8116,-87.2848,0,0,Perfect,,-2.1722,-12.35,1.95,11.2,0
3473,PlayerServeHold,None,1,-0.015,52,-4.0945,2.535,-16.75,-2.2608,0.695,-12.65,0,Run,0,9,LowPickup,-94.8848,-90.8167,-2.2553,0.7337,-12.0109,0.1293,0,0,Backhand prepare 1.00,0,9,-16.8116,-87.2848,0,0,Perfect,,-2.1808,-12.35,1.95,11.2,0
3474,PlayerServeHold,None,1,-0.015,52,-4.1101,2.535,-16.75,-2.2774,0.695,-12.65,0,Run,0,9,LowPickup,-94.7932,-90.6589,-2.2826,0.7304,-12.0137,0.2688,0,0,Backhand prepare 1.00,0,9,-16.8116,-87.2848,0,0,Perfect,,-2.1974,-12.35,1.95,11.2,0
3475,PlayerServeHold,None,1,-0.015,52,-4.1252,2.535,-16.75,-2.2854,0.695,-12.65,0,Run,0,9,LowPickup,-93.6997,-90.0643,-2.2999,0.7319,-12.006,0.385,0,0,Backhand prepare 1.00,0,9,-16.8116,-87.2848,0,0,Perfect,,-2.2054,-12.35,1.95,11.2,0
3476,PlayerServeHold,None,1,-0.015,52,-4.1402,2.535,-16.75,-2.3007,0.695,-12.65,0,Run,0,9,LowPickup,-93.2161,-89.7885,-2.3374,0.7313,-12.0234,0.1804,0,0,Backhand prepare 1.00,0,9,-16.8116,-87.2848,0,0,Perfect,,-2.2207,-12.35,1.95,11.2,0
3477,PlayerServeHold,None,1,-0.015,52,-4.1546,2.535,-16.75,-2.308,0.695,-12.65,0,Run,0,9,LowPickup,-91.9822,-89.1894,-2.3631,0.7325,-12.0317,0.358,0,0,Backhand prepare 1.00,0,9,-16.8116,-87.2848,0,0,Perfect,,-2.228,-12.35,1.95,11.2,0
3478,PlayerServeHold,None,1,-0.015,52,-4.169,2.535,-16.75,-2.3221,0.695,-12.65,0,Run,0,9,LowPickup,-91.3672,-88.9047,-2.3889,0.7334,-12.0374,0.1769,0,0,Backhand prepare 1.00,0,9,-16.8116,-87.2848,0,0,Perfect,,-2.2421,-12.35,1.95,11.2,0
3479,PlayerServeHold,None,1,-0.015,52,-4.1829,2.535,-16.75,-2.3288,0.695,-12.65,0,Run,0,9,LowPickup,-89.9809,-88.2931,-2.4154,0.7367,-12.0487,0.3735,0,0,Backhand prepare 1.00,0,9,-16.8116,-87.2848,0,0,Perfect,,-2.2488,-12.35,1.95,11.2,0
3480,PlayerServeHold,None,1,-0.015,52,-4.1966,2.535,-16.75,-2.3416,0.695,-12.65,0,Run,0,9,LowPickup,-89.1874,-87.9774,-2.4362,0.7385,-12.0533,0.1979,0,0,Backhand prepare 1.00,0,9,-16.8116,-87.2848,0,0,Perfect,,-2.2616,-12.35,1.95,11.2,0
3481,PlayerServeHold,None,1,-0.015,52,-4.2098,2.535,-16.75,-2.3476,0.695,-12.65,0,Run,0,9,LowPickup,-87.6354,-87.3298,-2.4578,0.7414,-12.0637,0.3902,0,0,Backhand prepare 1.00,0,9,-16.8116,-87.2848,0,0,Perfect,,-2.2676,-12.35,1.95,11.2,0
3482,PlayerServeHold,None,1,-0.015,52,-4.2228,2.535,-16.75,-2.3591,0.695,-12.65,0,Run,0,9,LowPickup,-86.7551,-86.9861,-2.4764,0.7414,-12.0739,0.2001,0,0,Backhand prepare 1.00,0,9,-16.8116,-87.2848,0,0,Perfect,,-2.2791,-12.35,1.95,11.2,0
3483,PlayerServeHold,None,1,-0.015,52,-4.2352,2.535,-16.75,-2.3646,0.695,-12.65,0,Run,0,9,LowPickup,-85.1484,-86.3041,-2.4964,0.7428,-12.0912,0.3924,0,0,Backhand prepare 1.00,0,9,-16.8116,-87.2848,0,0,Perfect,,-2.2846,-12.35,1.95,11.2,0
3484,PlayerServeHold,None,1,-0.015,52,-4.2475,2.535,-16.75,-2.3748,0.695,-12.65,0,Run,0,9,LowPickup,-84.2347,-85.916,-2.5138,0.7441,-12.0982,0.2026,0,0,Backhand prepare 1.00,0,9,-16.8116,-87.2848,0,0,Perfect,,-2.2948,-12.35,1.95,11.2,0
3485,PlayerServeHold,None,1,-0.015,52,-4.2592,2.535,-16.75,-2.3796,0.695,-12.65,0,Run,0,9,LowPickup,-82.619,-85.1718,-2.5338,0.747,-12.1102,0.3927,0,0,Backhand prepare 1.00,0,9,-16.8116,-87.2848,0,0,Perfect,,-2.2996,-12.35,1.95,11.2,0
3486,PlayerServeHold,None,1,-0.015,52,-4.2707,2.535,-16.75,-2.3885,0.695,-12.65,0,Run,0,9,LowPickup,-81.7018,-84.7093,-2.5498,0.7477,-12.1159,0.2053,0,0,Backhand prepare 1.00,0,9,-16.8116,-87.2848,0,0,Perfect,,-2.3085,-12.35,1.95,11.2,0
3487,PlayerServeHold,None,1,-0.015,52,-4.2816,2.535,-16.75,-2.3927,0.695,-12.65,0,Run,0,9,LowPickup,-80.0928,-83.8731,-2.57,0.7501,-12.1293,0.3925,0,0,Backhand prepare 1.00,0,9,-16.8116,-87.2848,0,0,Perfect,,-2.3127,-12.35,1.95,11.2,0
3488,PlayerServeHold,None,1,-0.015,52,-4.2923,2.535,-16.75,-2.4004,0.695,-12.65,0,Run,0,9,LowPickup,-79.1629,-83.343,-2.5916,0.7542,-12.1397,0.1963,0,0,Backhand prepare 1.00,0,9,-16.8116,-87.2848,0,0,Perfect,,-2.3204,-12.35,1.95,11.2,0
3489,PlayerServeHold,None,1,-0.015,52,-4.3024,2.535,-16.75,-2.4039,0.695,-12.65,0,Run,0,9,LowPickup,-77.532,-82.4267,-2.6167,0.7612,-12.1576,0.3837,0,0,Backhand prepare 1.00,0,9,-16.8116,-87.2848,0,0,Perfect,,-2.3239,-12.35,1.95,11.2,0
3490,PlayerServeHold,None,1,-0.015,52,-4.3122,2.535,-16.75,-2.4103,0.695,-12.65,0,Run,0,9,LowPickup,-76.5708,-81.821,-2.6332,0.7651,-12.1636,0.1857,0,0,Backhand prepare 1.00,0,9,-16.8116,-87.2848,0,0,Perfect,,-2.3303,-12.35,1.95,11.2,0
3491,PlayerServeHold,None,1,-0.015,52,-4.3215,2.535,-16.75,-2.4131,0.695,-12.65,0,Run,0,9,LowPickup,-74.9771,-80.845,-2.6521,0.7708,-12.1755,0.3706,0,0,Backhand prepare 1.00,0,9,-16.8116,-87.2848,0,0,Perfect,,-2.3331,-12.35,1.95,11.2,0
3492,PlayerServeHold,None,1,-0.015,52,-4.3305,2.535,-16.75,-2.4182,0.695,-12.65,0,Run,0,9,LowPickup,-74.2552,-80.301,-2.6673,0.7759,-12.1803,0.1722,0,0,Backhand prepare 1.00,0,9,-16.8116,-87.2848,0,0,Perfect,,-2.3382,-12.35,1.95,11.2,0
3493,PlayerServeHold,None,1,-0.015,52,-4.3389,2.535,-16.75,-2.4204,0.695,-12.65,0,Run,0,9,LowPickup,-73.0342,-79.4389,-2.6859,0.7831,-12.1922,0.366,0,0,Backhand prepare 1.00,0,9,-16.8116,-87.2848,0,0,Perfect,,-2.3404,-12.35,1.95,11.2,0
3494,PlayerServeHold,None,1,-0.015,52,-4.347,2.535,-16.75,-2.4242,0.695,-12.65,0,Run,0,9,LowPickup,-72.7716,-79.0564,-2.699,0.7874,-12.1983,0.1732,0,0,Backhand prepare 1.00,0,9,-16.8116,-87.2848,0,0,Perfect,,-2.3442,-12.35,1.95,11.2,0
3495,PlayerServeHold,None,1,-0.015,52,-4.3546,2.535,-16.75,-2.4617,0.695,-12.638,0,Run,0,9,LowPickup,-65.0624,-71.4076,-2.6951,0.7936,-12.1632,1.5587,0,0,Backhand prepare 1.00,0,9,-16.8116,-87.2848,0,0,Perfect,,-2.3458,-12.35,1.95,11.2,0
3496,PlayerServeHold,None,1,-0.015,52,-4.3618,2.535,-16.75,-2.4985,0.695,-12.6217,0,Run,0,9,LowPickup,-58.2106,-64.3218,-2.6791,0.7989,-12.1079,1.3773,0,0,Backhand prepare 1.00,0,9,-16.8116,-87.2848,0,0,Perfect,,-2.3483,-12.35,1.95,11.2,0
3497,PlayerServeHold,None,1,-0.015,52,-4.3686,2.535,-16.75,-2.5318,0.695,-12.6014,0,Run,0,9,LowPickup,-51.2687,-57.2649,-2.6543,0.8038,-12.0542,1.4519,0,0,Backhand prepare 1.00,0,9,-16.8116,-87.2848,0,0,Perfect,,-2.3496,-12.35,1.95,11.2,0
3498,PlayerServeHold,None,1,-0.015,52,-4.3748,2.535,-16.75,-2.5615,0.695,-12.5773,0,Run,0,9,LowPickup,-45.1832,-50.8614,-2.6115,0.8014,-12.0093,1.1681,0,0,Backhand prepare 1.00,0,9,-16.8116,-87.2848,0,0,Perfect,,-2.35,-12.35,1.95,11.2,0
3499,PlayerServeHold,None,1,-0.015,52,-4.3806,2.535,-16.75,-2.5876,0.695,-12.5499,0,Serve prepare 0.00,0,9,LowPickup,-29.581,-39.0844,-2.5254,0.7981,-12.0275,0.7463,0.2083,0.1667,Backhand prepare 1.00,0,9,-16.8116,-87.2848,0,0,Perfect,,-2.35,-12.35,1.95,11.2,0
3500,PlayerServeHold,None,1,-0.015,52,-4.3859,2.535,-16.75,-2.6102,0.695,-12.5194,0,Serve prepare 0.00,0,9,LowPickup,-13.6318,-27.0016,-2.424,0.7971,-12.0249,0.2656,0.4167,0.3333,Backhand prepare 1.00,0,9,-16.8116,-87.2848,0,0,Perfect,,-2.35,-12.35,1.95,11.2,0
3501,PlayerServeHold,None,1,-0.015,52,-4.3909,2.535,-16.75,-2.6289,0.695,-12.4864,0,Serve prepare 0.00,0,9,LowPickup,4.7888,-13.9355,-2.3711,0.7823,-12.0919,0.6239,0.625,0.5,Backhand prepare 1.00,0,9,-16.8116,-87.2848,0,0,Perfect,,-2.35,-12.35,1.95,11.2,0
3502,PlayerServeHold,None,1,-0.015,52,-4.3954,2.535,-16.75,-2.6434,0.695,-12.4514,0,Serve prepare 0.00,0,9,LowPickup,23.167,-0.5303,-2.2891,0.7807,-12.1075,2.3149,0.8333,0.6667,Backhand prepare 1.00,0,9,-16.8116,-87.2848,0,0,Perfect,,-2.35,-12.35,1.95,11.2,0
3503,PlayerServeHold,None,1,-0.015,52,-4.3996,2.535,-16.75,-2.6536,0.695,-12.4149,0,Serve prepare 0.00,0,9,LowPickup,41.9761,13.9556,-2.2261,0.7767,-12.1704,0,1,0.8333,Backhand prepare 1.00,0,9,-16.8116,-87.2848,0,0,Perfect,,-2.35,-12.35,1.95,11.2,0
3504,PlayerServeHold,None,1,-0.015,52,-4.4035,2.535,-16.75,-2.6593,0.695,-12.3774,0,Serve prepare 0.00,0,9,LowPickup,60.8404,31.0945,-2.1695,0.7786,-12.2573,0,1,1,Backhand prepare 1.00,0,9,-16.8116,-87.2848,0,0,Perfect,,-2.35,-12.35,1.95,11.2,0
3505,PlayerServeHold,None,1,-0.015,52,-4.4071,2.535,-16.75,-2.6603,0.695,-12.3395,0,Serve prepare 0.00,0,9,LowPickup,78.9347,47.638,-2.1394,0.7758,-12.3489,0,1,1,Backhand prepare 1.00,0,9,-16.8116,-87.2848,0,0,Perfect,,-2.35,-12.35,1.95,11.2,0
3506,PlayerServeHold,None,1,-0.015,52,-4.4104,2.535,-16.75,-2.6567,0.695,-12.3018,0,Serve prepare 0.00,0,9,LowPickup,96.3898,63.4404,-2.1277,0.7693,-12.4334,0,1,1,Backhand prepare 1.00,0,9,-16.8116,-87.2848,0,0,Perfect,,-2.35,-12.35,1.95,11.2,0
3507,PlayerServeHold,None,1,-0.015,52,-4.4134,2.535,-16.75,-2.1954,0.875,-11.9843,0,Serve prepare 0.00,0,9,LowPickup,112.0136,77.3353,-2.1296,0.7576,-12.5114,0,1,1,Backhand prepare 1.00,0,9,-16.8116,-87.2848,0,0,Perfect,,-2.35,-12.35,1.95,11.2,0
3508,PlayerServeHold,None,1,-0.015,52,-4.4162,2.535,-16.75,-2.2083,0.875,-11.9792,0,Serve prepare 0.00,0,9,LowPickup,116.5171,80.7596,-2.1202,0.7493,-12.5389,0,1,1,Backhand prepare 1.00,0,9,-16.8116,-87.2848,0,0,Perfect,,-2.35,-12.35,1.95,11.2,0
3509,PlayerServeHold,None,1,-0.015,52,-4.4188,2.535,-16.75,-2.2213,0.875,-11.9745,0,Serve prepare 0.00,0,9,LowPickup,114.455,78.6585,-2.1129,0.7496,-12.53,0,1,1,Backhand prepare 1.00,0,9,-16.8116,-87.2848,0,0,Perfect,,-2.35,-12.35,1.95,11.2,0
3510,PlayerServeHold,None,1,-0.015,52,-4.4212,2.535,-16.75,-2.2345,0.875,-11.9702,0,Serve prepare 0.00,0,9,LowPickup,112.3906,76.5538,-2.1059,0.75,-12.5208,0,1,1,Backhand prepare 1.00,0,9,-16.8116,-87.2848,0,0,Perfect,,-2.35,-12.35,1.95,11.2,0
3511,PlayerServeHold,None,1,-0.015,52,-4.4234,2.535,-16.75,-2.2478,0.8644,-11.9664,0,Serve prepare 0.00,0,9,LowPickup,110.324,74.4455,-2.0992,0.7504,-12.5113,0,1,1,Backhand prepare 1.00,0,9,-16.8116,-87.2848,0,0,Perfect,,-2.35,-12.35,1.95,11.2,0
3512,PlayerServeHold,None,1,-0.015,52,-4.4255,2.535,-16.75,-2.2613,0.8422,-11.9631,0,Serve prepare 0.00,0,9,LowPickup,108.2553,72.3338,-2.0929,0.7507,-12.5016,0,1,1,Backhand prepare 1.00,0,9,-16.8116,-87.2848,0,0,Perfect,,-2.35,-12.35,1.95,11.2,0
3513,PlayerServeHold,None,1,-0.015,52,-4.4274,2.535,-16.75,-2.2748,0.8311,-11.9602,0,Serve prepare 0.00,0,9,LowPickup,106.1846,70.2186,-2.0869,0.751,-12.4916,0,1,1,Backhand prepare 1.00,0,9,-16.8116,-87.2848,0,0,Perfect,,-2.35,-12.35,1.95,11.2,0
3514,PlayerServeHold,None,1,-0.015,52,-4.4291,2.535,-16.75,-2.2885,0.8089,-11.9578,0,Serve prepare 0.00,0,9,LowPickup,104.1118,68.0998,-2.0813,0.7513,-12.4814,0,1,1,Backhand prepare 1.00,0,9,-16.8116,-87.2848,0,0,Perfect,,-2.35,-12.35,1.95,11.2,0
3515,PlayerServeHold,None,1,-0.015,52,-4.4307,2.535,-16.75,-2.3022,0.7978,-11.9559,0,Serve prepare 0.00,0,9,LowPickup,102.0371,65.9776,-2.0763,0.7516,-12.4709,0,1,1,Backhand prepare 1.00,0,9,-16.8116,-87.2848,0,0,Perfect,,-2.35,-12.35,1.95,11.2,0
3516,PlayerServeHold,None,1,-0.015,52,-4.4322,2.535,-16.75,-2.316,0.7429,-11.9545,0,Serve prepare 0.00,0,9,LowPickup,99.9605,63.8553,-2.0717,0.7518,-12.4602,0,1,1,Backhand prepare 1.00,0,9,-16.8116,-87.2848,0,0,Perfect,,-2.35,-12.35,1.95,11.2,0
3517,PlayerServeHold,None,1,-0.015,52,-4.4336,2.535,-16.75,-2.3298,0.7122,-11.9535,0,Serve prepare 0.00,0,9,LowPickup,97.8843,61.7333,-2.0676,0.7521,-12.4493,0,1,1,Backhand prepare 1.00,0,9,-16.8116,-87.2848,0,0,Perfect,,-2.35,-12.35,1.95,11.2,0
3518,PlayerServeHold,None,1,-0.015,52,-4.4348,2.535,-16.75,-2.3298,0.6487,-11.9535,0,Serve prepare 0.00,0,9,LowPickup,97.8086,61.6054,-2.0671,0.7523,-12.4481,0,1,1,Backhand prepare 1.00,0,9,-16.8116,-87.2848,0,0,Perfect,,-2.35,-12.35,1.95,11.2,0
3519,PlayerServeHold,None,1,-0.015,52,-4.436,2.535,-16.75,-2.3298,0.616,-11.9535,0,Serve prepare 0.00,0,9,LowPickup,97.7313,61.4746,-2.0667,0.7526,-12.4469,0,1,1,Backhand prepare 1.00,0,9,-16.8116,-87.2848,0,0,Perfect,,-2.35,-12.35,1.95,11.2,0
3520,PlayerServeHold,None,1,-0.015,52,-4.4371,2.535,-16.75,-2.3298,0.5485,-11.9535,0,Serve prepare 0.00,0,9,LowPickup,97.6525,61.3413,-2.0662,0.7529,-12.4457,0,1,1,Backhand prepare 1.00,0,9,-16.8116,-87.2848,0,0,Perfect,,-2.35,-12.35,1.95,11.2,0
3521,PlayerServeHold,None,1,-0.015,52,-4.4381,2.535,-16.75,-2.3298,0.5137,-11.9535,0,Serve prepare 0.00,0,9,LowPickup,97.5722,61.2056,-2.0658,0.7532,-12.4444,0,1,1,Backhand prepare 1.00,0,9,-16.8116,-87.2848,0,0,Perfect,,-2.35,-12.35,1.95,11.2,0
3522,PlayerServeHold,None,1,-0.015,52,-4.439,2.535,-16.75,-2.3298,0.4421,-11.9535,0,Serve prepare 0.00,0,9,LowPickup,97.4905,61.068,-2.0653,0.7535,-12.443,0,1,1,Backhand prepare 1.00,0,9,-16.8116,-87.2848,0,0,Perfect,,-2.35,-12.35,1.95,11.2,0
3523,PlayerServeHold,None,1,-0.015,52,-4.4398,2.535,-16.75,-2.3298,0.4052,-11.9535,0,Serve prepare 0.00,0,9,LowPickup,97.4069,60.9266,-2.0649,0.7539,-12.4417,0,1,1,Backhand prepare 1.00,0,9,-16.8116,-87.2848,0,0,Perfect,,-2.35,-12.35,1.95,11.2,0
3524,PlayerServeHold,None,1,-0.015,52,-4.4406,2.535,-16.75,-2.3298,0.3295,-11.9535,0,Serve prepare 0.00,0,9,LowPickup,97.3229,60.7862,-2.0644,0.7542,-12.4403,0,1,1,Backhand prepare 1.00,0,9,-16.8116,-87.2848,0,0,Perfect,,-2.35,-12.35,1.95,11.2,0
3525,PlayerServeHold,None,1,-0.015,52,-4.4413,2.535,-16.75,-2.3298,0.2906,-11.9535,0,Serve prepare 0.00,0,9,LowPickup,97.2388,60.643,-2.064,0.7545,-12.4389,0,1,1,Backhand prepare 1.00,0,9,-16.8116,-87.2848,0,0,Perfect,,-2.35,-12.35,1.95,11.2,0
3526,PlayerServeHold,None,1,-0.015,52,-4.442,2.535,-16.75,-2.3298,0.2109,-11.9535,0,Serve prepare 0.00,0,9,LowPickup,97.1539,60.4989,-2.0635,0.7548,-12.4375,0,1,1,Backhand prepare 1.00,0,9,-16.8116,-87.2848,0,0,Perfect,,-2.35,-12.35,1.95,11.2,0
3527,PlayerServeHold,None,1,-0.015,52,-4.4426,2.535,-16.75,-2.3298,0.1699,-11.9535,0,Serve prepare 0.00,0,9,LowPickup,97.0682,60.3544,-2.063,0.7551,-12.4361,0,1,1,Backhand prepare 1.00,0,9,-16.8116,-87.2848,0,0,Perfect,,-2.35,-12.35,1.95,11.2,0
3528,PlayerServeHold,None,1,-0.015,52,-4.4432,2.535,-16.75,-2.3298,0.1685,-11.9535,0,Serve prepare 0.00,0,9,LowPickup,96.9818,60.2099,-2.0625,0.7534,-12.4347,0,1,1,Backhand prepare 1.00,0,9,-16.8116,-87.2848,0,0,Perfect,,-2.35,-12.35,1.95,11.2,0
3529,PlayerServeHold,None,1,-0.015,52,-4.4437,2.535,-16.75,-2.3298,0.1966,-11.9535,0,Serve prepare 0.00,0,9,LowPickup,96.8945,60.0634,-2.062,0.7537,-12.4333,0,1,1,Backhand prepare 1.00,0,9,-16.8116,-87.2848,0,0,Perfect,,-2.35,-12.35,1.95,11.2,0
3530,PlayerServeHold,None,1,-0.015,52,-4.4442,2.535,-16.75,-2.3298,0.2509,-11.9535,0,Serve prepare 0.00,0,9,LowPickup,96.8053,59.9109,-2.0613,0.754,-12.432,0,1,1,Backhand prepare 1.00,0,9,-16.8116,-87.2848,0,0,Perfect,,-2.35,-12.35,1.95,11.2,0
3531,PlayerServeHold,None,1,-0.015,52,-4.4446,2.535,-16.75,-2.3298,0.277,-11.9535,0,Serve prepare 0.00,0,9,LowPickup,96.7153,59.7569,-2.0607,0.7543,-12.4306,0,1,1,Backhand prepare 1.00,0,9,-16.8116,-87.2848,0,0,Perfect,,-2.35,-12.35,1.95,11.2,0
3532,PlayerServeHold,None,1,-0.015,52,-4.445,2.535,-16.75,-2.3298,0.3272,-11.9535,0,Serve prepare 0.00,0,9,LowPickup,96.6247,59.6028,-2.0601,0.7545,-12.4292,0,1,1,Backhand prepare 1.00,0,9,-16.8116,-87.2848,0,0,Perfect,,-2.35,-12.35,1.95,11.2,0
3533,PlayerServeHold,None,1,-0.015,52,-4.4454,2.535,-16.75,-2.3298,0.3512,-11.9535,0,Serve prepare 0.00,0,9,LowPickup,96.5337,59.449,-2.0594,0.7548,-12.4278,0,1,1,Backhand prepare 1.00,0,9,-16.8116,-87.2848,0,0,Perfect,,-2.35,-12.35,1.95,11.2,0
3534,PlayerServeHold,None,1,-0.015,52,-4.4458,2.535,-16.75,-2.3298,0.3973,-11.9535,0,Serve prepare 0.00,0,9,LowPickup,96.4424,59.2955,-2.0587,0.755,-12.4264,0,1,1,Backhand prepare 1.00,0,9,-16.8116,-87.2848,0,0,Perfect,,-2.35,-12.35,1.95,11.2,0
3535,PlayerServeHold,None,1,-0.015,52,-4.4461,2.535,-16.75,-2.3298,0.4194,-11.9535,0,Serve prepare 0.00,0,9,LowPickup,96.3505,59.1413,-2.0581,0.7553,-12.425,0,1,1,Backhand prepare 1.00,0,9,-16.8116,-87.2848,0,0,Perfect,,-2.35,-12.35,1.95,11.2,0
3536,PlayerServeHold,None,1,-0.015,52,-4.4464,2.535,-16.75,-2.3298,0.4614,-11.9535,0,Serve prepare 0.00,0,9,LowPickup,96.2568,58.9871,-2.0574,0.7555,-12.4236,0,1,1,Backhand prepare 1.00,0,9,-16.8116,-87.2848,0,0,Perfect,,-2.35,-12.35,1.95,11.2,0
3537,PlayerServeHold,None,1,-0.015,52,-4.4467,2.535,-16.75,-2.3298,0.4813,-11.9535,0,Serve prepare 0.00,0,9,LowPickup,96.1636,58.8341,-2.0568,0.7558,-12.4223,0,1,1,Backhand prepare 1.00,0,9,-16.8116,-87.2848,0,0,Perfect,,-2.35,-12.35,1.95,11.2,0
3538,PlayerServeHold,None,1,-0.015,52,-4.4469,2.535,-16.75,-2.3298,0.5192,-11.9535,0,Serve prepare 0.00,0,9,LowPickup,96.0705,58.6816,-2.0562,0.756,-12.4209,0,1,1,Backhand prepare 1.00,0,9,-16.8116,-87.2848,0,0,Perfect,,-2.35,-12.35,1.95,11.2,0
3539,PlayerServeHold,None,1,-0.015,52,-4.4472,2.535,-16.75,-2.3298,0.5372,-11.9535,0,Serve prepare 0.00,0,9,LowPickup,95.9778,58.5296,-2.0663,0.7442,-12.4322,0,1,1,Backhand prepare 1.00,0,9,-16.8116,-87.2848,0,0,Perfect,,-2.35,-12.35,1.95,11.2,0
3540,PlayerServeHold,None,1,-0.015,52,-4.4474,2.535,-16.75,-2.3298,0.571,-11.9535,0,Serve prepare 0.00,0,9,LowPickup,95.8856,58.3781,-2.0658,0.7445,-12.4308,0,1,1,Backhand prepare 1.00,0,9,-16.8116,-87.2848,0,0,Perfect,,-2.35,-12.35,1.95,11.2,0
3541,PlayerServeHold,None,1,-0.015,52,-4.4476,2.535,-16.75,-2.3298,0.5869,-11.9535,0,Serve prepare 0.00,0,9,LowPickup,95.7928,58.2266,-2.0653,0.7448,-12.4294,0,1,1,Backhand prepare 1.00,0,9,-16.8116,-87.2848,0,0,Perfect,,-2.35,-12.35,1.95,11.2,0
3542,PlayerServeHold,None,1,-0.015,52,-4.4478,2.535,-16.75,-2.3298,0.6166,-11.9535,0,Serve prepare 0.00,0,9,LowPickup,95.6984,58.0824,-2.0649,0.7451,-12.428,0,1,1,Backhand prepare 1.00,0,9,-16.8116,-87.2848,0,0,Perfect,,-2.35,-12.35,1.95,11.2,0
3543,PlayerServeHold,None,1,-0.015,52,-4.4479,2.535,-16.75,-2.3298,0.6305,-11.9535,0,Serve prepare 0.00,0,9,LowPickup,95.6047,57.9419,-2.0645,0.7455,-12.4266,0,1,1,Backhand prepare 1.00,0,9,-16.8116,-87.2848,0,0,Perfect,,-2.35,-12.35,1.95,11.2,0
3544,PlayerServeHold,None,1,-0.015,52,-4.4481,2.535,-16.75,-2.3298,0.6561,-11.9535,0,Serve prepare 0.00,0,9,LowPickup,95.5118,57.8026,-2.0642,0.7458,-12.4252,0,1,1,Backhand prepare 1.00,0,9,-16.8116,-87.2848,0,0,Perfect,,-2.35,-12.35,1.95,11.2,0
3545,PlayerServeHold,None,1,-0.015,52,-4.4483,2.535,-16.75,-2.3298,0.6679,-11.9535,0,Serve prepare 0.00,0,9,LowPickup,95.4196,57.6644,-2.064,0.7462,-12.4238,0,1,1,Backhand prepare 1.00,0,9,-16.8116,-87.2848,0,0,Perfect,,-2.35,-12.35,1.95,11.2,0
3546,PlayerServeHold,None,1,-0.015,52,-4.4484,2.535,-16.75,-2.3298,0.6895,-11.9535,0,Serve prepare 0.00,0,9,LowPickup,95.3281,57.5278,-2.0637,0.7466,-12.4224,0,1,1,Backhand prepare 1.00,0,9,-16.8116,-87.2848,0,0,Perfect,,-2.35,-12.35,1.95,11.2,0
3547,PlayerServeHold,None,1,-0.015,52,-4.4485,2.535,-16.75,-2.3298,0.6992,-11.9535,0,Serve prepare 0.00,0,9,LowPickup,95.2367,57.3908,-2.0635,0.747,-12.4211,0,1,1,Backhand prepare 1.00,0,9,-16.8116,-87.2848,0,0,Perfect,,-2.35,-12.35,1.95,11.2,0
3548,PlayerServeHold,None,1,-0.015,52,-4.4486,2.535,-16.75,-2.3298,0.7167,-11.9535,0,Serve prepare 0.00,0,9,LowPickup,95.1451,57.2588,-2.0632,0.7474,-12.4197,0,1,1,Backhand prepare 1.00,0,9,-16.8116,-87.2848,0,0,Perfect,,-2.35,-12.35,1.95,11.2,0
3549,PlayerServeHold,None,1,-0.015,52,-4.4487,2.535,-16.75,-2.3298,0.7244,-11.9535,0,Serve prepare 0.00,0,9,LowPickup,95.055,57.129,-2.063,0.7478,-12.4184,0,1,1,Backhand prepare 1.00,0,9,-16.8116,-87.2848,0,0,Perfect,,-2.35,-12.35,1.95,11.2,0
3550,PlayerServeHold,None,1,-0.015,52,-4.4488,2.535,-16.75,-2.3298,0.7378,-11.9535,0,Serve prepare 0.00,0,9,LowPickup,94.9656,57.0016,-2.0628,0.7482,-12.417,0,1,1,Backhand prepare 1.00,0,9,-16.8116,-87.2848,0,0,Perfect,,-2.35,-12.35,1.95,11.2,0
3551,PlayerServeHold,None,1,-0.015,52,-4.4489,2.535,-16.75,-2.3298,0.7435,-11.9535,0,Serve prepare 0.00,0,9,LowPickup,94.877,56.8766,-2.0625,0.7485,-12.4157,0,1,1,Backhand prepare 1.00,0,9,-16.8116,-87.2848,0,0,Perfect,,-2.35,-12.35,1.95,11.2,0
3552,PlayerServeHold,None,1,-0.015,52,-4.449,2.535,-16.75,-2.3298,0.7528,-11.9535,0,Serve prepare 0.00,0,9,LowPickup,94.7891,56.7544,-2.0621,0.7488,-12.4144,0,1,1,Backhand prepare 1.00,0,9,-16.8116,-87.2848,0,0,Perfect,,-2.35,-12.35,1.95,11.2,0
3553,PlayerServeHold,None,1,-0.015,52,-4.4491,2.535,-16.75,-2.3298,0.7564,-11.9535,0,Serve prepare 0.00,0,9,LowPickup,94.7017,56.6324,-2.0618,0.7491,-12.4132,0,1,1,Backhand prepare 1.00,0,9,-16.8116,-87.2848,0,0,Perfect,,-2.35,-12.35,1.95,11.2,0
3554,PlayerServeHold,None,1,-0.015,52,-4.4491,2.535,-16.75,-2.3298,0.7616,-11.9535,0,Serve prepare 0.00,0,9,LowPickup,94.6148,56.5122,-2.0871,0.7493,-12.4038,0,1,1,Backhand prepare 1.00,0,9,-16.8116,-87.2848,0,0,Perfect,,-2.35,-12.35,1.95,11.2,0
3555,PlayerServeHold,None,1,-0.015,52,-4.4492,2.535,-16.75,-2.3298,0.7632,-11.9535,0,Serve prepare 0.00,0,9,LowPickup,94.5307,56.3941,-2.0866,0.7495,-12.4026,0,1,1,Backhand prepare 1.00,0,9,-16.8116,-87.2848,0,0,Perfect,,-2.35,-12.35,1.95,11.2,0
3556,PlayerServeHold,None,1,-0.015,52,-4.4493,2.535,-16.75,-2.3298,0.7644,-11.9535,0,Serve prepare 0.00,0,9,LowPickup,94.448,56.2791,-2.0862,0.7497,-12.4014,0,1,1,Backhand prepare 1.00,0,9,-16.8116,-87.2848,0,0,Perfect,,-2.35,-12.35,1.95,11.2,0
3557,PlayerServeHold,None,1,-0.015,52,-4.4493,2.535,-16.75,-2.3298,0.7653,-11.9535,0,Serve prepare 0.00,0,9,LowPickup,94.3665,56.1671,-2.0857,0.7499,-12.4002,0,1,1,Backhand prepare 1.00,0,9,-16.8116,-87.2848,0,0,Perfect,,-2.35,-12.35,1.95,11.2,0
3558,PlayerServeHold,None,1,-0.015,52,-4.4494,2.535,-16.75,-2.3298,0.7708,-11.9535,0,Serve prepare 0.00,0,9,LowPickup,94.2862,56.0576,-2.0852,0.75,-12.3991,0,1,1,Backhand prepare 1.00,0,9,-16.8116,-87.2848,0,0,Perfect,,-2.35,-12.35,1.95,11.2,0
3559,PlayerServeHold,None,1,-0.015,52,-4.4494,2.535,-16.75,-2.3298,0.7751,-11.9535,0,Serve prepare 0.00,0,9,LowPickup,94.2073,55.951,-2.0846,0.7502,-12.3979,0,1,1,Backhand prepare 1.00,0,9,-16.8116,-87.2848,0,0,Perfect,,-2.35,-12.35,1.95,11.2,0
3560,PlayerServeHold,None,1,-0.015,52,-4.4495,2.535,-16.75,-2.3298,0.7863,-11.9535,0,Serve prepare 0.00,0,9,LowPickup,94.1297,55.8442,-2.0841,0.7503,-12.3968,0,1,1,Backhand prepare 1.00,0,9,-16.8116,-87.2848,0,0,Perfect,,-2.35,-12.35,1.95,11.2,0
3561,PlayerServeHold,None,1,-0.015,52,-4.4495,2.535,-16.75,-2.3298,0.7929,-11.9535,0,Serve prepare 0.00,0,9,LowPickup,94.0543,55.7442,-2.0836,0.7504,-12.3958,0,1,1,Backhand prepare 1.00,0,9,-16.8116,-87.2848,0,0,Perfect,,-2.35,-12.35,1.95,11.2,0
3562,PlayerServeHold,None,1,-0.015,52,-4.4496,2.535,-16.75,-2.3298,0.8073,-11.9535,0,Serve prepare 0.00,0,9,LowPickup,93.981,55.6449,-2.0831,0.7505,-12.3947,0,1,1,Backhand prepare 1.00,0,9,-16.8116,-87.2848,0,0,Perfect,,-2.35,-12.35,1.95,11.2,0
3563,PlayerServeHold,None,1,-0.015,52,-4.4496,2.535,-16.75,-2.3298,0.8149,-11.9535,0,Serve prepare 0.00,0,9,LowPickup,93.909,55.5477,-2.057,0.7507,-12.4016,0,1,1,Backhand prepare 1.00,0,9,-16.8116,-87.2848,0,0,Perfect,,-2.35,-12.35,1.95,11.2,0
3564,PlayerServeHold,None,1,-0.015,52,-4.4496,2.535,-16.75,-2.3298,0.8302,-11.9535,0,Serve prepare 0.00,0,9,LowPickup,93.8382,55.4527,-2.0566,0.7508,-12.4006,0,1,1,Backhand prepare 1.00,0,9,-16.8116,-87.2848,0,0,Perfect,,-2.35,-12.35,1.95,11.2,0
3565,PlayerServeHold,None,1,-0.015,52,-4.4496,2.535,-16.75,-2.3298,0.8376,-11.9535,0,Serve prepare 0.00,0,9,LowPickup,93.7687,55.3597,-2.0561,0.7509,-12.3996,0,1,1,Backhand prepare 1.00,0,9,-16.8116,-87.2848,0,0,Perfect,,-2.35,-12.35,1.95,11.2,0
3566,PlayerServeHold,None,1,-0.015,52,-4.4497,2.535,-16.75,-2.3298,0.8515,-11.9535,0,Serve prepare 0.00,0,9,LowPickup,93.7003,55.2687,-2.0558,0.751,-12.3987,0,1,1,Backhand prepare 1.00,0,9,-16.8116,-87.2848,0,0,Perfect,,-2.35,-12.35,1.95,11.2,0
3567,PlayerServeHold,None,1,-0.015,52,-4.4497,2.535,-16.75,-2.3298,0.8576,-11.9535,0,Serve prepare 0.00,0,9,LowPickup,93.6344,55.1788,-2.0554,0.7512,-12.3978,0,1,1,Backhand prepare 1.00,0,9,-16.8116,-87.2848,0,0,Perfect,,-2.35,-12.35,1.95,11.2,0
3568,PlayerServeHold,None,1,-0.015,52,-4.4497,2.535,-16.75,-2.3298,0.8675,-11.9535,0,Serve prepare 0.00,0,9,LowPickup,93.5706,55.0976,-2.055,0.7513,-12.3969,0,1,1,Backhand prepare 1.00,0,9,-16.8116,-87.2848,0,0,Perfect,,-2.35,-12.35,1.95,11.2,0
3569,PlayerServeHold,None,1,-0.015,52,-4.4497,2.535,-16.75,-2.3298,0.8711,-11.9535,0,Serve prepare 0.00,0,9,LowPickup,93.5107,55.0182,-2.0547,0.7514,-12.3961,0,1,1,Backhand prepare 1.00,0,9,-16.8116,-87.2848,0,0,Perfect,,-2.35,-12.35,1.95,11.2,0
3570,PlayerServeHold,None,1,-0.015,52,-4.4498,2.535,-16.75,-2.3298,0.8749,-11.9535,0,Serve prepare 0.00,0,9,LowPickup,93.4525,54.9412,-2.0544,0.7516,-12.3953,0,1,1,Backhand prepare 1.00,0,9,-16.8116,-87.2848,0,0,Perfect,,-2.35,-12.35,1.95,11.2,0
3571,PlayerServeHold,None,1,-0.015,52,-4.4498,2.535,-16.75,-2.3298,0.8686,-11.9535,0,Serve prepare 0.00,0,9,LowPickup,93.3959,54.8667,-2.0541,0.7517,-12.3945,0,1,1,Backhand prepare 1.00,0,9,-16.8116,-87.2848,0,0,Perfect,,-2.35,-12.35,1.95,11.2,0
3572,PlayerServeHold,None,1,-0.015,52,-4.4498,2.535,-16.75,-2.3298,0.8464,-11.9535,0,Serve prepare 0.00,0,9,LowPickup,93.341,54.7949,-2.0538,0.7518,-12.3938,0,1,1,Backhand prepare 1.00,0,9,-16.8116,-87.2848,0,0,Perfect,,-2.35,-12.35,1.95,11.2,0
3573,PlayerServeHold,None,1,-0.015,52,-4.4498,2.535,-16.75,-2.3298,0.8353,-11.9535,0,Serve prepare 0.00,0,9,LowPickup,93.2879,54.7257,-2.0535,0.752,-12.393,0,1,1,Backhand prepare 1.00,0,9,-16.8116,-87.2848,0,0,Perfect,,-2.35,-12.35,1.95,11.2,0
3574,PlayerServeHold,None,1,-0.015,52,-4.4498,2.535,-16.75,-2.3298,0.8131,-11.9535,0,Serve prepare 0.00,0,9,LowPickup,93.2366,54.6593,-2.0532,0.7521,-12.3924,0,1,1,Backhand prepare 1.00,0,9,-16.8116,-87.2848,0,0,Perfect,,-2.35,-12.35,1.95,11.2,0
3575,PlayerServeHold,None,1,-0.015,52,-4.4498,2.535,-16.75,-2.3298,0.8019,-11.9535,0,Serve prepare 0.00,0,9,LowPickup,93.1872,54.5955,-2.053,0.7522,-12.3917,0,1,1,Backhand prepare 1.00,0,9,-16.8116,-87.2848,0,0,Perfect,,-2.35,-12.35,1.95,11.2,0
3576,PlayerServeHold,None,1,-0.015,52,-4.4499,2.535,-16.75,-2.3298,0.7542,-11.9535,0,Serve prepare 0.00,0,9,LowPickup,93.1401,54.5335,-2.0527,0.7523,-12.3911,0,1,1,Backhand prepare 1.00,0,9,-16.8116,-87.2848,0,0,Perfect,,-2.35,-12.35,1.95,11.2,0
3577,PlayerServeHold,None,1,-0.015,52,-4.4499,2.535,-16.75,-2.3298,0.7238,-11.9535,0,Serve prepare 0.00,0,9,LowPickup,93.0952,54.4752,-2.0525,0.7524,-12.3905,0,1,1,Backhand prepare 1.00,0,9,-16.8116,-87.2848,0,0,Perfect,,-2.35,-12.35,1.95,11.2,0
3578,PlayerServeHold,None,1,-0.015,52,-4.4499,2.535,-16.75,-2.3298,0.6609,-11.9535,0,Serve prepare 0.00,0,9,LowPickup,93.0526,54.4209,-2.0523,0.7525,-12.3899,0,1,1,Backhand prepare 1.00,0,9,-16.8116,-87.2848,0,0,Perfect,,-2.35,-12.35,1.95,11.2,0
3579,PlayerServeHold,None,1,-0.015,52,-4.4499,2.535,-16.75,-2.3298,0.6284,-11.9535,0,Serve prepare 0.00,0,9,LowPickup,93.0126,54.3681,-2.0521,0.7526,-12.3894,0,1,1,Backhand prepare 1.00,0,9,-16.8116,-87.2848,0,0,Perfect,,-2.35,-12.35,1.95,11.2,0
3580,PlayerServeHold,None,1,-0.015,52,-4.4499,2.535,-16.75,-2.3298,0.5614,-11.9535,0,Serve prepare 0.00,0,9,LowPickup,92.9747,54.3183,-2.0519,0.7527,-12.3889,0,1,1,Backhand prepare 1.00,0,9,-16.8116,-87.2848,0,0,Perfect,,-2.35,-12.35,1.95,11.2,0
3581,PlayerServeHold,None,1,-0.015,52,-4.4499,2.535,-16.75,-2.3298,0.5268,-11.9535,0,Serve prepare 0.00,0,9,LowPickup,92.939,54.2712,-2.0517,0.7528,-12.3884,0,1,1,Backhand prepare 1.00,0,9,-16.8116,-87.2848,0,0,Perfect,,-2.35,-12.35,1.95,11.2,0
3582,PlayerServeHold,None,1,-0.015,52,-4.4499,2.535,-16.75,-2.3298,0.4557,-11.9535,0,Serve prepare 0.00,0,9,LowPickup,92.9054,54.2271,-2.0515,0.7528,-12.388,0,1,1,Backhand prepare 1.00,0,9,-16.8116,-87.2848,0,0,Perfect,,-2.35,-12.35,1.95,11.2,0
3583,PlayerServeHold,None,1,-0.015,52,-4.4499,2.535,-16.75,-2.3298,0.4191,-11.9535,0,Serve prepare 0.00,0,9,LowPickup,92.8739,54.1858,-2.0514,0.7529,-12.3875,0,1,1,Backhand prepare 1.00,0,9,-16.8116,-87.2848,0,0,Perfect,,-2.35,-12.35,1.95,11.2,0
3584,PlayerServeHold,None,1,-0.015,52,-4.4499,2.535,-16.75,-2.3298,0.3439,-11.9535,0,Serve prepare 0.00,0,9,LowPickup,92.8447,54.1476,-2.0512,0.7529,-12.3872,0,1,1,Backhand prepare 1.00,0,9,-16.8116,-87.2848,0,0,Perfect,,-2.35,-12.35,1.95,11.2,0
3585,PlayerServeHold,None,1,-0.015,52,-4.4499,2.535,-16.75,-2.3298,0.3053,-11.9535,0,Serve prepare 0.00,0,9,LowPickup,92.8177,54.1123,-2.0511,0.753,-12.3868,0,1,1,Backhand prepare 1.00,0,9,-16.8116,-87.2848,0,0,Perfect,,-2.35,-12.35,1.95,11.2,0
3586,PlayerServeHold,None,1,-0.015,52,-4.4499,2.535,-16.75,-2.3298,0.226,-11.9535,0,Serve prepare 0.00,0,9,LowPickup,92.7929,54.08,-2.0509,0.7531,-12.3865,0,1,1,Backhand prepare 1.00,0,9,-16.8116,-87.2848,0,0,Perfect,,-2.35,-12.35,1.95,11.2,0
3587,PlayerServeHold,None,1,-0.015,52,-4.4499,2.535,-16.75,-2.3298,0.1854,-11.9535,0,Serve prepare 0.00,0,9,LowPickup,92.7705,54.0507,-2.0508,0.7531,-12.3862,0,1,1,Backhand prepare 1.00,0,9,-16.8116,-87.2848,0,0,Perfect,,-2.35,-12.35,1.95,11.2,0
3588,PlayerServeHold,None,1,-0.015,52,-4.4499,2.535,-16.75,-2.3298,0.1577,-11.9535,0,Serve prepare 0.00,0,9,LowPickup,92.7502,54.0244,-2.0507,0.7531,-12.3859,0,1,1,Backhand prepare 1.00,0,9,-16.8116,-87.2848,0,0,Perfect,,-2.35,-12.35,1.95,11.2,0
3589,PlayerServeHold,None,1,-0.015,52,-4.4499,2.535,-16.75,-2.3298,0.1861,-11.9535,0,Serve prepare 0.00,0,9,LowPickup,92.7324,54.0011,-2.0506,0.7532,-12.3857,0,1,1,Backhand prepare 1.00,0,9,-16.8116,-87.2848,0,0,Perfect,,-2.35,-12.35,1.95,11.2,0
3590,PlayerServeHold,None,1,-0.015,52,-4.45,2.535,-16.75,-2.3298,0.2409,-11.9535,0,Serve prepare 0.00,0,9,LowPickup,92.7168,53.9809,-2.0506,0.7532,-12.3855,0,1,1,Backhand prepare 1.00,0,9,-16.8116,-87.2848,0,0,Perfect,,-2.35,-12.35,1.95,11.2,0
3591,PlayerServeHold,None,1,-0.015,52,-4.45,2.535,-16.75,-2.3298,0.2673,-11.9535,0,Serve prepare 0.00,0,9,LowPickup,92.7035,53.9637,-2.0505,0.7532,-12.3853,0,1,1,Backhand prepare 1.00,0,9,-16.8116,-87.2848,0,0,Perfect,,-2.35,-12.35,1.95,11.2,0
3592,PlayerServeHold,None,1,-0.015,52,-4.45,2.535,-16.75,-2.3298,0.318,-11.9535,0,Serve prepare 0.00,0,9,LowPickup,92.6926,53.9495,-2.0505,0.7532,-12.3851,0,1,1,Backhand prepare 1.00,0,9,-16.8116,-87.2848,0,0,Perfect,,-2.35,-12.35,1.95,11.2,0
3593,PlayerServeHold,None,1,-0.015,52,-4.45,2.535,-16.75,-2.3298,0.3423,-11.9535,0,Serve prepare 0.00,0,9,LowPickup,92.6841,53.9383,-2.0504,0.7532,-12.385,0,1,1,Backhand prepare 1.00,0,9,-16.8116,-87.2848,0,0,Perfect,,-2.35,-12.35,1.95,11.2,0
3594,PlayerServeHold,None,1,-0.015,52,-4.45,2.535,-16.75,-2.3298,0.3889,-11.9535,0,Serve prepare 0.00,0,9,LowPickup,92.6779,53.9303,-2.0504,0.7532,-12.3849,0,1,1,Backhand prepare 1.00,0,9,-16.8116,-87.2848,0,0,Perfect,,-2.35,-12.35,1.95,11.2,0
3595,PlayerServeHold,None,1,-0.015,52,-4.45,2.535,-16.75,-2.3298,0.4112,-11.9535,0,Serve prepare 0.00,0,9,LowPickup,92.674,53.9253,-2.0504,0.7532,-12.3849,0,1,1,Backhand prepare 1.00,0,9,-16.8116,-87.2848,0,0,Perfect,,-2.35,-12.35,1.95,11.2,0
3596,PlayerServeHold,None,1,-0.015,52,-4.45,2.535,-16.75,-2.3298,0.4537,-11.9535,0,Serve prepare 0.00,0,9,LowPickup,92.6726,53.9234,-2.0504,0.7532,-12.3849,0,1,1,Backhand prepare 1.00,0,9,-16.8116,-87.2848,0,0,Perfect,,-2.35,-12.35,1.95,11.2,0
3597,PlayerServeHold,None,1,-0.015,52,-4.45,2.535,-16.75,-2.3298,0.4739,-11.9535,0,Serve prepare 0.00,0,9,LowPickup,92.6734,53.9245,-2.0504,0.7532,-12.3849,0,1,1,Backhand prepare 1.00,0,9,-16.8116,-87.2848,0,0,Perfect,,-2.35,-12.35,1.95,11.2,0
3598,PlayerServeHold,None,1,-0.015,52,-4.45,2.535,-16.75,-2.3298,0.5123,-11.9535,0,Serve prepare 0.00,0,9,LowPickup,92.6766,53.9287,-2.0504,0.7532,-12.3849,0,1,1,Backhand prepare 1.00,0,9,-16.8116,-87.2848,0,0,Perfect,,-2.35,-12.35,1.95,11.2,0
3599,PlayerServeHold,None,1,-0.015,52,-4.45,2.535,-16.75,-2.3298,0.5305,-11.9535,0,Serve prepare 0.00,0,9,LowPickup,92.6822,53.9359,-2.0504,0.7532,-12.385,0,1,1,Backhand prepare 1.00,0,9,-16.8116,-87.2848,0,0,Perfect,,-2.35,-12.35,1.95,11.2,0
