f,flow,shot,ts,hitstop,fov,camx,camy,camz,bx,by,bz,live,pstate,pswing,pttc,pkind,phy,pcy,phx,phy2,phz,pskate,paw,pchain,rstate,rswing,rttc,rhy,rcy,rskate,shake,grade,evt,pux,puz,rux,ruz,dfov,pdip,plean,povershoot,rdip,rlean
0,PlayerServeHold,None,1,0,52,-0.6336,2.7369,-16.6848,1.9188,0.695,-12.05,0,Run,0,9,Drive,88.4149,89.9317,1.8672,0.7479,-12.6823,0.1888,0,0,Ready,0,9,7.9218,-2.167,0.2273,0,Missed,,1.8388,-12.35,-1.95,11.2,52,0,0,0.233,0,0
1,PlayerServeHold,None,1,0,52,-0.6176,2.7368,-16.6848,1.93,0.695,-12.05,0,Run,0,9,Drive,89.3656,90.0878,1.8647,0.748,-12.68,0,0,0,Ready,0,9,6.2934,-3.1011,0.1968,0,Missed,,1.85,-12.35,-1.95,11.2,0,0,0,0.2296,0,0
2,PlayerServeHold,None,1,0,52,-0.6012,2.7367,-16.6849,1.9525,0.695,-12.05,0,Run,0,9,Drive,90.2708,90.226,1.8744,0.7469,-12.6778,0,0,0,Ready,0,9,5.0533,-3.8375,0.1171,0,Missed,,1.8725,-12.35,-1.95,11.2,0,0,0,0.2144,0,0
3,PlayerServeHold,None,1,0,52,-0.5851,2.7365,-16.6849,1.9638,0.695,-12.05,0,Run,0,9,Drive,91.1847,90.3631,1.8726,0.7441,-12.6754,0,0,0,Ready,0,9,4.2097,-4.2971,0,0,Missed,,1.8838,-12.35,-1.95,11.2,0,0,0,0.1961,0,0
4,PlayerServeHold,None,1,0,52,-0.5686,2.7363,-16.6849,1.9863,0.695,-12.05,0,Run,0,9,Drive,92.2158,90.5282,1.8802,0.739,-12.6725,0,0,0,Ready,0,9,3.9395,-4.3483,0,0,Missed,,1.9063,-12.35,-1.95,11.2,0,0,0,0.1872,0,0
5,PlayerServeHold,None,1,0,52,-0.5526,2.736,-16.685,1.9975,0.695,-12.05,0,Run,0,9,Drive,93.1389,90.6661,1.8781,0.7331,-12.6699,0.614,0,0,Ready,0,9,4.0308,-4.0767,0,0,Missed,,1.9175,-12.35,-1.95,11.2,0,0,0,0.1679,0,0
6,PlayerServeHold,None,1,0,52,-0.536,2.7357,-16.6851,2.02,0.695,-12.05,0,Run,0,9,Drive,93.8787,90.7608,1.89,0.7272,-12.6675,0.5896,0,0,Ready,0,9,4.3892,-3.4344,0,0,Missed,,1.94,-12.35,-1.95,11.2,0,0,0,0.1342,0,0
7,PlayerServeHold,None,1,0,52,-0.5199,2.7354,-16.6851,2.0313,0.695,-12.05,0,Run,0,9,Drive,94.5205,90.8371,1.892,0.721,-12.6653,0.105,0,0,Ready,0,9,4.867,-2.5833,0,0,Missed,,1.9513,-12.35,-1.95,11.2,0,0,0,0.0989,0,0
8,PlayerServeHold,None,1,0,52,-0.5033,2.7351,-16.6852,2.0538,0.695,-12.05,0,Run,0,9,Drive,95.1113,90.9091,1.9061,0.7287,-12.7094,0.2511,0,0,Ready,0,9,5.2835,-1.6126,0,0,Missed,,1.9738,-12.35,-1.95,11.2,0,0,0,0.0678,0,0
9,PlayerServeHold,None,1,0,52,-0.4871,2.7347,-16.6853,2.065,0.695,-12.05,0,Run,0,9,Drive,95.5958,90.9642,1.9104,0.7229,-12.7078,0.2547,0,0,Ready,0,9,5.673,-0.5973,0,0,Missed,,1.985,-12.35,-1.95,11.2,0,0,0,0.0408,0,0
10,PlayerServeHold,None,1,0,52,-0.4705,2.7343,-16.6854,2.0875,0.695,-12.05,0,Run,0,9,Drive,95.8679,90.9773,1.9292,0.7196,-12.7068,0.0064,0,0,Ready,0,9,6.0098,0.3569,0,0,Missed,,2.0075,-12.35,-1.95,11.2,0,0,0,0,0,0
11,PlayerServeHold,None,1,0,52,-0.4543,2.7338,-16.6855,2.0988,0.695,-12.05,0,Run,0,9,Drive,95.9859,90.9657,1.9387,0.7181,-12.7064,0.0012,0,0,Ready,0,9,6.2964,1.237,0,0,Missed,,2.0188,-12.35,-1.95,11.2,0,0,0,0.0464,0,0
12,PlayerServeHold,None,1,0,52,-0.4376,2.7333,-16.6857,2.1213,0.695,-12.05,0,Run,0,9,Drive,95.9405,90.9273,1.9626,0.7188,-12.7066,0.0031,0,0,Ready,0,9,6.5268,1.9787,0,0,Missed,,2.0413,-12.35,-1.95,11.2,0,0,0,0.0804,0,0
13,PlayerServeHold,None,1,0,52,-0.4214,2.7328,-16.6858,2.1325,0.695,-12.05,0,Run,0,9,Drive,95.73,90.8624,1.9767,0.7213,-12.7073,0.0015,0,0,Ready,0,9,6.7017,2.5907,0,0,Missed,,2.0525,-12.35,-1.95,11.2,0,0,0,0.1141,0,0
14,PlayerServeHold,None,1,0,52,-0.4047,2.7323,-16.686,2.1546,0.695,-12.05,0,Run,0,9,Drive,95.4074,90.7849,2.0035,0.7252,-12.7084,0.0002,0,0,Ready,0,9,6.8357,3.0579,0,0,Missed,,2.0746,-12.35,-1.95,11.2,0,0,0,0.142,0,0
15,PlayerServeHold,None,1,0,52,-0.3885,2.7317,-16.6861,2.1653,0.695,-12.05,0,Run,0,9,Drive,94.9698,90.6934,2.0215,0.73,-12.7099,0.0081,0,0,Ready,0,9,6.8777,3.3688,0,0,Missed,,2.0853,-12.35,-1.95,11.2,0,0.0002,0.3737,0.1634,0,0
16,PlayerServeHold,None,1,0,52,-0.3719,2.7311,-16.6863,2.1861,0.695,-12.05,0,Run,0,9,Drive,94.4049,90.5838,2.051,0.7358,-12.7118,0.0034,0,0,Ready,0,9,6.7249,3.4915,0.7789,0,Missed,,2.1061,-12.35,-1.95,11.2,0,0.0007,0.5354,0.1808,0,0
17,PlayerServeHold,None,1,0,52,-0.3559,2.7304,-16.6865,2.1961,0.695,-12.05,0,Run,0,9,Drive,93.6595,90.442,2.0614,0.7289,-12.6688,0.0343,0,0,Ready,0,9,6.5538,3.5019,0.2251,0,Missed,,2.1161,-12.35,-1.95,11.2,0,0.0015,0.9034,0.2008,0,0
18,PlayerServeHold,None,1,0,52,-0.3396,2.7297,-16.6867,2.2157,0.695,-12.05,0,Run,0,9,Drive,92.9048,90.3101,2.1035,0.7465,-12.716,0.0912,0,0,Ready,0,9,6.5278,3.4114,0.7176,0,Missed,,2.1357,-12.35,-1.95,11.2,0,0.0025,0.9529,0.2077,0,0
19,PlayerServeHold,None,1,0,52,-0.3238,2.729,-16.6869,2.2251,0.695,-12.05,0,Run,0,9,Drive,92.2015,90.0143,2.1134,0.7366,-12.6751,0.0327,0,0,Ready,0,9,6.567,3.3423,0.7274,0,Missed,,2.1451,-12.35,-1.95,11.2,0,0.0036,1.2327,0.4187,0,0
20,PlayerServeHold,None,1,0,52,-0.3078,2.7283,-16.6871,2.2434,0.695,-12.05,0,Run,0,9,Drive,91.4765,89.812,2.1422,0.7389,-12.6783,0.2176,0,0,Ready,0,9,6.6341,3.4449,0.62,0,Missed,,2.1634,-12.35,-1.95,11.2,0,0.0047,1.2124,0.5152,0,0
21,PlayerServeHold,None,1,0,52,-0.2924,2.7275,-16.6873,2.2522,0.695,-12.05,0,Run,0,9,Drive,90.727,89.7247,2.1622,0.7411,-12.6814,0,0,0,Ready,0,9,6.7675,3.6966,0.4815,0,Missed,,2.1722,-12.35,-1.95,11.2,0,0.0058,1.4378,0.4708,0,0
22,PlayerServeHold,None,1,0,52,-0.2768,2.7267,-16.6876,2.2692,0.695,-12.05,0,Run,0,9,Drive,89.8674,89.5979,2.1912,0.7422,-12.6847,0,0,0,Ready,0,9,6.9787,4.1305,0.3449,0,Missed,,2.1892,-12.35,-1.95,11.2,0,0.0067,1.3743,0.4525,0,0
23,PlayerServeHold,None,1,0,52,-0.2619,2.7259,-16.6878,2.2774,0.695,-12.05,0,Run,0,9,Drive,89.1199,89.5295,2.2123,0.7427,-12.6877,0,0,0,Ready,0,9,7.3026,4.7498,0.2572,0,Missed,,2.1974,-12.35,-1.95,11.2,0,0.0074,1.5657,0.4051,0,0
24,PlayerServeHold,None,1,0,52,-0.2468,2.725,-16.6881,2.2931,0.695,-12.05,0,Run,0,9,Drive,88.583,89.5705,2.2409,0.7416,-12.6898,0,0,0,Ready,0,9,7.7361,5.5855,0.1005,0,Missed,,2.2131,-12.35,-1.95,11.2,0,0.0079,1.4754,0.3289,0,0
25,PlayerServeHold,None,1,0,52,-0.2323,2.7241,-16.6884,2.3007,0.695,-12.05,0,Run,0,9,Drive,88.2399,89.7237,2.2746,0.7536,-12.7255,0.8691,0,0,Ready,0,9,8.4059,6.5639,0.1805,0,Missed,,2.2207,-12.35,-1.95,11.2,0,0.0083,1.6459,0.2699,0,0
26,PlayerServeHold,None,1,0,52,-0.2178,2.7231,-16.6886,2.3152,0.695,-12.05,0,Run,0,9,Drive,88.092,89.981,2.3036,0.7506,-12.7231,0.4851,0,0,Ready,0,9,9.5167,7.6087,0.1013,0,Missed,,2.2352,-12.35,-1.95,11.2,0,0.0085,1.5388,0.2656,0,0
27,PlayerServeHold,None,1,0,52,-0.2039,2.7222,-16.6889,2.3221,0.695,-12.05,0,Run,0,9,Drive,88.1584,90.3457,2.3256,0.7566,-12.7179,0.3325,0,0,Ready,0,9,10.8062,8.6611,0.2468,0,Missed,,2.2421,-12.35,-1.95,11.2,0,0.0087,1.6962,0.3312,0,0
28,PlayerServeHold,None,1,0,52,-0.1901,2.7212,-16.6893,2.3353,0.695,-12.05,0,Run,0,9,Drive,88.3888,90.7873,2.3533,0.7586,-12.7122,0.3307,0,0,Ready,0,9,12.1753,9.6985,0.4786,0,Missed,,2.2553,-12.35,-1.95,11.2,0,0.0087,1.5787,0.4264,0,0
29,PlayerServeHold,None,1,0,52,-0.1768,2.7201,-16.6896,2.3416,0.695,-12.05,0,Run,0,9,Drive,88.8181,91.3123,2.3736,0.7575,-12.7069,0.1577,0,0,Ready,0,9,13.363,10.5685,0.4172,0,Missed,,2.2616,-12.35,-1.95,11.2,0,0.0087,1.7287,0.5298,0,0
30,PlayerServeHold,None,1,0,52,-0.1636,2.7191,-16.6899,2.3535,0.695,-12.05,0,Run,0,9,Drive,89.3791,91.8834,2.3989,0.7576,-12.7037,0.1593,0,0,Ready,0,9,14.0831,11.1725,0,0,Missed,,2.2735,-12.35,-1.95,11.2,0,0.0087,1.6047,0.6174,0,0
31,PlayerServeHold,None,1,0,52,-0.1509,2.718,-16.6903,2.3591,0.695,-12.05,0,Run,0,9,Drive,90.0104,92.4515,2.4166,0.7513,-12.6574,0.4125,0,0,Ready,0,9,14.3623,11.4421,0,0,Missed,,2.2791,-12.35,-1.95,11.2,0,0.0086,1.7497,0.6879,0,0
32,PlayerServeHold,None,1,0,52,-0.1384,2.7169,-16.6906,2.3698,0.695,-12.05,0,Run,0,9,Drive,90.5556,92.9092,2.4338,0.7551,-12.6509,0.2474,0,0,Ready,0,9,14.0482,11.243,0,0,Missed,,2.2898,-12.35,-1.95,11.2,0,0.0086,1.6217,0.727,0,0
33,PlayerServeHold,None,1,0,52,-0.1264,2.7157,-16.691,2.3748,0.695,-12.05,0,Run,0,9,Drive,91.0306,93.2484,2.4467,0.7588,-12.6393,0.1356,0,0,Ready,0,9,13.4055,10.709,0,0,Missed,,2.2948,-12.35,-1.95,11.2,0,0.0086,1.7642,0.7447,0,0
34,PlayerServeHold,None,1,0,52,-0.1147,2.7146,-16.6913,2.3842,0.695,-12.05,0,Run,0,9,Drive,91.4179,93.4174,2.4758,0.7648,-12.6112,0.2747,0,0,Ready,0,9,12.5846,9.8588,0,0,Missed,,2.3042,-12.35,-1.95,11.2,0,0.0085,1.6338,0.7385,0,0
35,PlayerServeHold,None,1,0,52,-0.1034,2.7133,-16.6917,2.3885,0.695,-12.05,0,Run,0,9,Drive,91.7671,93.4389,2.4997,0.7748,-12.5818,0.3534,0,0,Ready,0,9,11.7423,8.8254,6.8528,0,Missed,,2.3085,-12.35,-1.95,11.2,0,0.0086,1.7748,0.7264,0,0
36,PlayerServeHold,None,1,0,52,-0.0924,2.7121,-16.6921,2.3966,0.695,-12.05,0,Run,0,9,Drive,92.1467,93.3141,2.5093,0.779,-12.5811,0.416,0,0,Ready,0,9,11.0937,7.6863,0.6661,0,Missed,,2.3166,-12.35,-1.95,11.2,0,0.0086,1.6429,0.728,0,0
37,PlayerServeHold,None,1,0,52,-0.082,2.7109,-16.6925,2.4004,0.695,-12.05,0,Run,0,9,Drive,92.5619,93.0921,2.5127,0.7884,-12.6267,0.453,0,0,Ready,0,9,10.5784,6.5454,2.6745,0,Missed,,2.3204,-12.35,-1.95,11.2,0,0.0086,1.7836,0.7524,0,0
38,PlayerServeHold,None,1,0,52,-0.0717,2.7096,-16.6929,2.4072,0.695,-12.05,0,Run,0,9,Drive,93.0054,92.8337,2.537,0.7962,-12.5624,0.5063,0,0,Ready,0,9,10.1833,5.5212,0.6945,0,Missed,,2.3272,-12.35,-1.95,11.2,0,0.0086,1.651,0.774,0,0
39,PlayerServeHold,None,1,0,52,-0.062,2.7082,-16.6933,2.4103,0.695,-12.05,0,Run,0,9,Drive,93.548,92.6028,2.5563,0.8103,-12.5378,1.3195,0,0,Ready,0,9,9.9815,4.6786,0.6638,0,Missed,,2.3303,-12.35,-1.95,11.2,0,0.0087,1.7924,0.7984,0,0
40,PlayerServeHold,None,1,0,52,-0.0526,2.7069,-16.6938,2.4158,0.695,-12.05,0,Run,0,9,Drive,94.2471,92.4983,2.5518,0.8104,-12.5703,5.0197,0,0,Ready,0,9,10.0504,4.1417,0.4963,0,Missed,,2.3358,-12.35,-1.95,11.2,0,0.0087,1.659,0.8017,0,0
41,PlayerServeHold,None,1,0,52,-0.0437,2.7055,-16.6942,2.4182,0.695,-12.05,0,Run,0,9,Drive,95.1218,92.5445,2.5432,0.8098,-12.555,0.3223,0,0,Ready,0,9,10.3519,3.88,0.1797,0,Missed,,2.3382,-12.35,-1.95,11.2,0,0.0088,1.8023,0.7873,0,0
42,PlayerServeHold,None,1,0,52,-0.0352,2.7041,-16.6946,2.4224,0.695,-12.05,0,Run,0,9,Drive,96.1698,92.7997,2.5702,0.8134,-12.5545,0.5445,0,0,Ready,0,9,10.8631,3.9315,0.4289,0,Missed,,2.3424,-12.35,-1.95,11.2,0,0.0088,1.6689,0.7359,0,0
43,PlayerServeHold,None,1,0,52,-0.0271,2.7027,-16.6951,2.3871,0.695,-12.0425,0,Run,0,9,Drive,90.4616,86.2919,2.6119,0.8189,-12.4697,0.3593,0,0,Ready,0,9,11.6207,4.2366,0.7022,0,Missed,,2.3442,-12.35,-1.95,11.2,0,0.0088,1.8156,0.6896,0,0
44,PlayerServeHold,None,1,0,52,-0.0193,2.7013,-16.6955,2.3521,0.695,-12.0396,0,Run,0,9,Drive,85.0943,79.9842,2.6254,0.807,-12.4433,0.617,0,0,Ready,0,9,12.7209,4.7592,0.776,0,Missed,,2.3471,-12.35,-1.95,11.2,0,0.0088,1.6833,0.6846,0,0
45,PlayerServeHold,None,1,0,52,-0.0121,2.6998,-16.696,2.3155,0.695,-12.0413,0,Run,0,9,Drive,79.9523,73.8546,2.6317,0.7934,-12.4208,0.7908,0,0,Ready,0,9,13.959,5.4181,0.7581,0,Missed,,2.3483,-12.35,-1.95,11.2,0,0.0089,1.8378,0.6985,0,0
46,PlayerServeHold,None,1,0,52,-0.0052,2.6983,-16.6965,2.2798,0.695,-12.0476,0,Run,0,9,Drive,74.8852,67.788,2.6466,0.7875,-12.3608,0.9706,0,0,Ready,0,9,15.214,6.1318,0.659,0,Missed,,2.35,-12.35,-1.95,11.2,0,0.0088,1.5387,0.7077,0,0
47,PlayerServeHold,None,1,0,52,0.0012,2.6968,-16.6969,2.2435,0.695,-12.0584,0,Serve prepare 0.00,0,9,Drive,69.2115,59.7586,2.6357,0.7865,-12.2839,1.3958,0.2083,0.1667,Ready,0,9,16.3582,6.8959,0.5543,0,Missed,,2.35,-12.35,-1.95,11.2,0,0.0076,1.8716,2.4931,0,0
48,PlayerServeHold,None,1,0,52,0.0071,2.6952,-16.6974,2.2087,0.695,-12.0735,0,Serve prepare 0.00,0,9,Drive,65.2945,52.991,2.6173,0.7746,-12.2753,1.3404,0.4167,0.3333,Ready,0,9,17.2246,7.7098,0.4195,0,Missed,,2.35,-12.35,-1.95,11.2,0,0.0058,1.5762,3.9215,0,0
49,PlayerServeHold,None,1,0,52,0.0126,2.6937,-16.6979,2.1761,0.695,-12.0928,0,Serve prepare 0.00,0,9,Drive,63.1587,47.4865,2.5557,0.7672,-12.2561,1.4128,0.625,0.5,Ready,0,9,17.8362,8.5402,0.2836,0,Missed,,2.35,-12.35,-1.95,11.2,0,0.0039,1.0033,5.0807,0,0
50,PlayerServeHold,None,1,0,52,0.0178,2.6921,-16.6984,2.146,0.695,-12.1159,0,Serve prepare 0.00,0,9,Drive,62.5445,43.0235,2.5274,0.7584,-12.2488,1.6031,0.8333,0.6667,Ready,0,9,18.1129,9.3568,0.0335,0,Missed,,2.35,-12.35,-1.95,11.2,0,0.0021,0.6025,5.9927,0,0
51,PlayerServeHold,None,1,0,52,0.0226,2.6905,-16.6989,2.119,0.695,-12.1425,0,Serve prepare 0.00,0,9,Drive,63.3374,39.9309,2.5071,0.7509,-12.2534,0,1,0.8333,Ready,0,9,18.2027,10.1595,0.0768,0,Missed,,2.35,-12.35,-1.95,11.2,0,0.0006,0.3264,6.078,0,0
52,PlayerServeHold,None,1,0,52,0.027,2.6888,-16.6994,2.0955,0.695,-12.1722,0,Serve prepare 0.00,0,9,Drive,65.3132,39.7645,2.503,0.7497,-12.2799,0,1,1,Ready,0,9,18.175,10.9123,0.0327,0,Missed,,2.35,-12.35,-1.95,11.2,0,-0.0005,0.1403,3.7779,0,0
53,PlayerServeHold,None,1,0,52,0.0312,2.6872,-16.6999,2.0757,0.695,-12.2046,0,Serve prepare 0.00,0,9,Drive,67.6406,40.3782,2.5061,0.7498,-12.3083,0,1,1,Ready,0,9,18.1639,11.6095,0.0492,0,Missed,,2.35,-12.35,-1.95,11.2,0,-0.0012,0.0184,1.9102,0,0
54,PlayerServeHold,None,1,0,52,0.0351,2.6855,-16.7004,2.06,0.695,-12.2391,0,Serve prepare 0.00,0,9,Drive,70.6245,41.4873,2.5391,0.7519,-12.3405,0,1,1,Ready,0,9,18.3662,12.1979,0.0395,0,Missed,,2.35,-12.35,-1.95,11.2,0,-0.0015,0,1.5102,0,0
55,PlayerServeHold,None,1,0,52,0.0387,2.6838,-16.7009,2.5046,0.875,-11.9843,0,Serve prepare 0.00,0,9,Drive,74.8053,43.7386,2.5538,0.7527,-12.3646,0,1,1,Ready,0,9,18.6366,12.6793,0.0401,0,Missed,,2.35,-12.35,-1.95,11.2,0,-0.0015,0,1.9249,0,0
56,PlayerServeHold,None,1,0,52,0.0422,2.6821,-16.7014,2.4917,0.875,-11.9792,0,Serve prepare 0.00,0,9,Drive,84.3248,51.279,2.5449,0.752,-12.3887,0,1,1,Ready,0,9,18.9379,13.0742,0.0175,0,Missed,,2.35,-12.35,-1.95,11.2,0,-0.0013,0,2.1919,0,0
57,PlayerServeHold,None,1,0,52,0.0454,2.6804,-16.7019,2.4787,0.875,-11.9745,0,Serve prepare 0.00,0,9,Drive,91.9204,57.0798,2.557,0.7507,-12.4131,0,1,1,Ready,0,9,19.1557,13.3125,0.0839,0,Missed,,2.35,-12.35,-1.95,11.2,0,-0.001,0,2.2756,0,0
58,PlayerServeHold,None,1,0,52,0.0484,2.6787,-16.7024,2.4655,0.875,-11.9702,0,Serve prepare 0.00,0,9,Drive,96.8635,60.7379,2.5994,0.7603,-12.4332,0,1,1,Ready,0,9,19.173,13.3646,0.2345,0,Missed,,2.35,-12.35,-1.95,11.2,0,-0.0007,0,2.1642,0,0
59,PlayerServeHold,None,1,0,52,0.0512,2.6769,-16.7029,2.4522,0.875,-11.9664,0,Serve prepare 0.00,0,9,Drive,99.7063,62.6677,2.6065,0.7582,-12.4458,0,1,1,Ready,0,9,18.9804,13.2243,0.1347,0,Missed,,2.35,-12.35,-1.95,11.2,0,-0.0004,0,1.8388,0,0
60,PlayerServeHold,None,1,0,52,0.0539,2.6751,-16.7035,2.4387,0.8533,-11.9631,0,Serve prepare 0.00,0,9,Drive,100.9868,63.3069,2.6159,0.7545,-12.4487,0,1,1,Ready,0,9,18.4889,12.8745,0.1479,0,Missed,,2.35,-12.35,-1.95,11.2,0,-0.0001,0,1.3802,0,0
61,PlayerServeHold,None,1,0,52,0.0565,2.6733,-16.704,2.4252,0.8422,-11.9602,0,Serve prepare 0.00,0,9,Drive,101.1836,63.0464,2.6238,0.7553,-12.4473,0,1,1,Ready,0,9,17.83,12.3787,0.2503,0,Missed,,2.35,-12.35,-1.95,11.2,0,0.0001,0,0.9005,0,0
62,PlayerServeHold,None,1,0,52,0.0589,2.6715,-16.7045,2.4115,0.82,-11.9578,0,Serve prepare 0.00,0,9,Drive,100.6433,62.1836,2.6296,0.7557,-12.4436,0,1,1,Ready,0,9,17.0619,11.7575,0.5278,0,Missed,,2.35,-12.35,-1.95,11.2,0,0.0002,0,0.5279,0,0
63,PlayerServeHold,None,1,0,52,0.0611,2.6697,-16.705,2.3978,0.8089,-11.9559,0,Serve prepare 0.00,0,9,Drive,99.6178,60.9318,2.6345,0.7561,-12.4379,0,1,1,Ready,0,9,16.2989,11.0976,0.4969,0,Missed,,2.35,-12.35,-1.95,11.2,0,0.0002,0,0.4476,0,0
64,PlayerServeHold,None,1,0,52,0.0633,2.6679,-16.7055,2.384,0.7729,-11.9545,0,Serve prepare 0.00,0,9,Drive,98.2745,59.4371,2.627,0.7446,-12.4433,0,1,1,Ready,0,9,15.6608,10.4522,0.2116,0,Missed,,2.35,-12.35,-1.95,11.2,0,0.0003,0,0.5908,0,0
65,PlayerServeHold,None,1,0,52,0.0653,2.666,-16.7061,2.3702,0.7429,-11.9535,0,Serve prepare 0.00,0,9,Drive,96.7249,57.7976,2.6306,0.7448,-12.4356,0,1,1,Ready,0,9,15.1683,9.8838,0.1826,0,Missed,,2.35,-12.35,-1.95,11.2,0,0.0002,0,0.7155,0,0
66,PlayerServeHold,None,1,0,52,0.0673,2.6642,-16.7066,2.3702,0.6808,-11.9535,0,Serve prepare 0.00,0,9,Drive,97.0431,58.0759,2.6419,0.7567,-12.4244,0,1,1,Ready,0,9,14.8916,9.4785,0.2317,0,Missed,,2.35,-12.35,-1.95,11.2,0,0.0002,0,0.7621,0,0
67,PlayerServeHold,None,1,0,52,0.0692,2.6623,-16.7071,2.3702,0.6487,-11.9535,0,Serve prepare 0.00,0,9,Drive,97.2766,58.3099,2.6415,0.7565,-12.4258,0,1,1,Ready,0,9,14.7922,9.1945,0.2831,0,Missed,,2.35,-12.35,-1.95,11.2,0,0.0001,0,0.7306,0,0
68,PlayerServeHold,None,1,0,52,0.071,2.6604,-16.7076,2.3702,0.5826,-11.9535,0,Serve prepare 0.00,0,9,Drive,97.4547,58.5212,2.6409,0.7562,-12.4271,0,1,1,Ready,0,9,14.8767,9.0335,0.3479,0,Missed,,2.35,-12.35,-1.95,11.2,0,0.0001,0,0.6367,0,0
69,PlayerServeHold,None,1,0,52,0.0727,2.6585,-16.7081,2.3702,0.5485,-11.9535,0,Serve prepare 0.00,0,9,Drive,97.6807,58.79,2.6402,0.7556,-12.4287,0,1,1,Ready,0,9,15.0821,8.9577,0.3061,0,Missed,,2.35,-12.35,-1.95,11.2,0,0,0,0.502,0,0
70,PlayerServeHold,None,1,0,52,0.0743,2.6566,-16.7087,2.3702,0.4782,-11.9535,0,Serve prepare 0.00,0,9,Drive,97.7722,58.9562,2.6392,0.7551,-12.4299,0,1,1,Ready,0,9,15.3607,8.9528,0.2201,0,Missed,,2.35,-12.35,-1.95,11.2,0,0,0,0.3753,0,0
71,PlayerServeHold,None,1,0,52,0.0759,2.6547,-16.7092,2.3702,0.4421,-11.9535,0,Serve prepare 0.00,0,9,Drive,97.8631,59.1288,2.6383,0.7546,-12.4312,0,1,1,Ready,0,9,15.6829,8.9688,0.1217,0,Missed,,2.35,-12.35,-1.95,11.2,0,0,0,0.2564,0,0
72,PlayerServeHold,None,1,0,52,0.0775,2.6528,-16.7097,2.3702,0.3677,-11.9535,0,Serve prepare 0.00,0,9,Drive,97.9535,59.3035,2.6373,0.754,-12.4326,0,1,1,Ready,0,9,16.0049,8.9367,0.2525,0,Missed,,2.35,-12.35,-1.95,11.2,0,0,0,0.1938,0,0
73,PlayerServeHold,None,1,0,52,0.0789,2.6508,-16.7102,2.3702,0.3295,-11.9535,0,Serve prepare 0.00,0,9,Drive,98.0431,59.477,2.6365,0.7534,-12.4339,0,1,1,Ready,0,9,16.3303,8.9046,0.4225,0,Missed,,2.35,-12.35,-1.95,11.2,0,0,0,0.1856,0,0
74,PlayerServeHold,None,1,0,52,0.0804,2.6489,-16.7107,2.3702,0.2511,-11.9535,0,Serve prepare 0.00,0,9,Drive,98.1301,59.6457,2.6358,0.7529,-12.4354,0,1,1,Ready,0,9,16.6427,8.9052,0.6231,0,Missed,,2.35,-12.35,-1.95,11.2,0,0,0,0.2131,0,0
75,PlayerServeHold,None,1,0,52,0.0818,2.647,-16.7113,2.3702,0.2109,-11.9535,0,Serve prepare 0.00,0,9,Drive,98.2185,59.808,2.6352,0.7524,-12.4369,0,1,1,Ready,0,9,16.9601,8.9241,0.5222,0,Missed,,2.35,-12.35,-1.95,11.2,0,0,0,0.2341,0,0
76,PlayerServeHold,None,1,0,52,0.0831,2.645,-16.7118,2.3702,0.1397,-11.9535,0,Serve prepare 0.00,0,9,Drive,98.3068,59.9631,2.6346,0.752,-12.4383,0,1,1,Ready,0,9,17.3062,8.9413,0.1847,0,Missed,,2.35,-12.35,-1.95,11.2,0,0,0,0.2407,0,0
77,PlayerServeHold,None,1,0,52,0.0845,2.6431,-16.7123,2.3702,0.1685,-11.9535,0,Serve prepare 0.00,0,9,Drive,98.3942,60.1112,2.6342,0.7516,-12.4398,0,1,1,Ready,0,9,17.6438,9.0062,0.074,0,Missed,,2.35,-12.35,-1.95,11.2,0,0,0,0.2307,0,0
78,PlayerServeHold,None,1,0,52,0.0858,2.6411,-16.7128,2.3702,0.2241,-11.9535,0,Serve prepare 0.00,0,9,Drive,98.4806,60.2537,2.6337,0.7513,-12.4412,0,1,1,Ready,0,9,17.9527,9.1891,0.2409,0,Missed,,2.35,-12.35,-1.95,11.2,0,0,0,0.2131,0,0
79,PlayerServeHold,None,1,0,52,0.087,2.6391,-16.7134,2.3702,0.2509,-11.9535,0,Serve prepare 0.00,0,9,Drive,98.566,60.3911,2.6333,0.751,-12.4426,0,1,1,Ready,0,9,18.2118,9.4232,0.2288,0,Missed,,2.35,-12.35,-1.95,11.2,0,0,0,0.1813,0,0
80,PlayerServeHold,None,1,0,52,0.0883,2.6372,-16.7139,2.3702,0.3024,-11.9535,0,Serve prepare 0.00,0,9,Drive,98.6496,60.5242,2.6329,0.7507,-12.4439,0,1,1,Ready,0,9,18.3896,9.6533,0.0477,0,Missed,,2.35,-12.35,-1.95,11.2,0,0,0,0,0,0
81,PlayerServeHold,None,1,0,52,0.0895,2.6352,-16.7144,2.3702,0.3272,-11.9535,0,Serve prepare 0.00,0,9,Drive,98.7325,60.6536,2.6326,0.7504,-12.4452,0,1,1,Ready,0,9,18.5014,9.9123,0.1314,0,Missed,,2.35,-12.35,-1.95,11.2,0,0,0,0,0,0
82,PlayerServeHold,None,1,0,52,0.0907,2.6332,-16.7149,2.3702,0.3746,-11.9535,0,Serve prepare 0.00,0,9,Drive,98.8194,60.7787,2.6322,0.7501,-12.4465,0,1,1,Ready,0,9,18.5419,10.2275,0.1332,0,Missed,,2.35,-12.35,-1.95,11.2,0,0,0,0,0,0
83,PlayerServeHold,None,1,0,52,0.0919,2.6313,-16.7154,2.3702,0.3973,-11.9535,0,Serve prepare 0.00,0,9,Drive,98.9047,60.9007,2.6318,0.7499,-12.4477,0,1,1,Ready,0,9,18.5404,10.5427,0.1101,0,Missed,,2.35,-12.35,-1.95,11.2,0,0,0,0,0,0
84,PlayerServeHold,None,1,0,52,0.093,2.6293,-16.716,2.3702,0.4407,-11.9535,0,Serve prepare 0.00,0,9,Drive,98.9882,61.0205,2.6314,0.7496,-12.4488,0,1,1,Ready,0,9,18.511,10.7903,0.0307,0,Missed,,2.35,-12.35,-1.95,11.2,0,0,0,0,0,0
85,PlayerServeHold,None,1,0,52,0.0942,2.6273,-16.7165,2.3702,0.4614,-11.9535,0,Serve prepare 0.00,0,9,Drive,99.07,61.1396,2.631,0.7493,-12.4499,0,1,1,Ready,0,9,18.4889,11.0021,0.0129,0,Missed,,2.35,-12.35,-1.95,11.2,0,0,0,0,0,0
86,PlayerServeHold,None,1,0,52,0.0953,2.6253,-16.717,2.3702,0.5006,-11.9535,0,Serve prepare 0.00,0,9,Drive,99.1498,61.2572,2.6305,0.7491,-12.451,0,1,1,Ready,0,9,18.5303,11.1946,0.0148,0,Missed,,2.35,-12.35,-1.95,11.2,0,0,0,0,0,0
87,PlayerServeHold,None,1,0,52,0.0964,2.6234,-16.7175,2.3702,0.5192,-11.9535,0,Serve prepare 0.00,0,9,Drive,99.2276,61.3737,2.63,0.7488,-12.452,0,1,1,Ready,0,9,18.5792,11.327,0.0133,0,Missed,,2.35,-12.35,-1.95,11.2,0,0,0,0,0,0
88,PlayerServeHold,None,1,0,52,0.0976,2.6214,-16.718,2.3702,0.5544,-11.9535,0,Serve prepare 0.00,0,9,Drive,99.3035,61.4891,2.6294,0.7485,-12.453,0,1,1,Ready,0,9,18.6069,11.3662,0.0151,0,Missed,,2.35,-12.35,-1.95,11.2,0,0,0,0,0,0
89,PlayerServeHold,None,1,0,52,0.0987,2.6194,-16.7185,2.3702,0.571,-11.9535,0,Serve prepare 0.00,0,9,Drive,99.3778,61.6028,2.6287,0.7482,-12.454,0,1,1,Ready,0,9,18.5948,11.326,0.0161,0,Missed,,2.35,-12.35,-1.95,11.2,0,0,0,0,0,0
90,PlayerServeHold,None,1,0,52,0.0998,2.6175,-16.719,2.3702,0.6021,-11.9535,0,Serve prepare 0.00,0,9,Drive,99.4502,61.7145,2.628,0.7478,-12.455,0,1,1,Ready,0,9,18.4979,11.2097,0.0062,0,Missed,,2.35,-12.35,-1.95,11.2,0,0,0,0,0,0
91,PlayerServeHold,None,1,0,52,0.1008,2.6155,-16.7195,2.3702,0.6166,-11.9535,0,Serve prepare 0.00,0,9,Drive,99.5205,61.8236,2.6273,0.7474,-12.4559,0,1,1,Ready,0,9,18.3722,11.0494,0.0057,0,Missed,,2.35,-12.35,-1.95,11.2,0,0,0,0,0,0
92,PlayerServeHold,None,1,0,52,0.1019,2.6136,-16.72,2.3702,0.6436,-11.9535,0,Serve prepare 0.00,0,9,Drive,99.5886,61.93,2.6266,0.747,-12.4569,0,1,1,Ready,0,9,18.246,10.8759,0.0122,0,Missed,,2.35,-12.35,-1.95,11.2,0,0,0,0,0,0
93,PlayerServeHold,None,1,0,52,0.103,2.6116,-16.7205,2.3702,0.6561,-11.9535,0,Serve prepare 0.00,0,9,Drive,99.6544,62.0341,2.6259,0.7467,-12.4579,0,1,1,Ready,0,9,18.1502,10.705,0.0152,0,Missed,,2.35,-12.35,-1.95,11.2,0,0,0,0,0,0
94,PlayerServeHold,None,1,0,52,0.104,2.6097,-16.721,2.3702,0.679,-11.9535,0,Serve prepare 0.00,0,9,Drive,99.7178,62.1354,2.6254,0.7463,-12.4589,0.0008,1,1,Ready,0,9,18.11,10.5488,0.0201,0,Missed,,2.35,-12.35,-1.95,11.2,0,0,0,0,0,0
95,PlayerServeHold,None,1,0,52,0.1051,2.6077,-16.7215,2.3702,0.6895,-11.9535,0,Serve prepare 0.00,0,9,Drive,99.7789,62.2336,2.6248,0.7459,-12.4599,0.0008,1,1,Ready,0,9,18.1664,10.4406,0.0132,0,Missed,,2.35,-12.35,-1.95,11.2,0,0,0,0,0,0
96,PlayerServeHold,None,1,0,52,0.1062,2.6058,-16.722,2.3702,0.7083,-11.9535,0,Serve prepare 0.00,0,9,Drive,99.8375,62.3285,2.6244,0.7456,-12.4608,0.0008,1,1,Ready,0,9,18.4076,10.4299,0.0121,0,Missed,,2.35,-12.35,-1.95,11.2,0,0,0,0,0,0
97,PlayerServeHold,None,1,0,52,0.1072,2.6039,-16.7225,2.3702,0.7167,-11.9535,0,Serve prepare 0.00,0,9,Drive,99.8934,62.4195,2.6241,0.7453,-12.4617,0.0007,1,1,Ready,0,9,18.7066,10.4564,0.0173,0,Missed,,2.35,-12.35,-1.95,11.2,0,0,0,0,0,0
98,PlayerServeHold,None,1,0,52,0.1082,2.602,-16.723,2.3702,0.7315,-11.9535,0,Serve prepare 0.00,0,9,Drive,99.9467,62.5066,2.6238,0.745,-12.4626,0.0007,1,1,Ready,0,9,18.9663,10.4776,0.0093,0,Missed,,2.35,-12.35,-1.95,11.2,0,0,0,0,0,0
99,PlayerServeHold,None,1,0,52,0.1093,2.6001,-16.7235,2.3702,0.7378,-11.9535,0,Serve prepare 0.00,0,9,Drive,99.9945,62.5903,2.6236,0.7447,-12.4635,0.0006,1,1,Ready,0,9,19.2033,10.5121,0.0074,0,Missed,,2.35,-12.35,-1.95,11.2,0,0,0,0,0,0
100,PlayerServeHold,None,1,0,52,0.1103,2.5982,-16.724,2.3702,0.7485,-11.9535,0,Serve prepare 0.00,0,9,Drive,100.0398,62.67,2.6235,0.7445,-12.4643,0.0005,1,1,Ready,0,9,19.3898,10.5591,0.0166,0,Missed,,2.35,-12.35,-1.95,11.2,0,0,0,0,0,0
101,PlayerServeHold,None,1,0,52,0.1114,2.5963,-16.7245,2.3702,0.7528,-11.9535,0,Serve prepare 0.00,0,9,Drive,100.0827,62.7458,2.6234,0.7443,-12.465,0.0005,1,1,Ready,0,9,19.5648,10.6437,0.018,0,Missed,,2.35,-12.35,-1.95,11.2,0,0,0,0,0,0
102,PlayerServeHold,None,1,0,52,0.1124,2.5944,-16.725,2.3702,0.7594,-11.9535,0,Serve prepare 0.00,0,9,Drive,100.1231,62.8176,2.6233,0.7442,-12.4657,0.0005,1,1,Ready,0,9,19.7557,10.7917,0.0115,0,Missed,,2.35,-12.35,-1.95,11.2,0,0,0,0,0,0
103,PlayerServeHold,None,1,0,52,0.1134,2.5926,-16.7254,2.3702,0.7616,-11.9535,0,Serve prepare 0.00,0,9,Drive,100.1609,62.8853,2.6233,0.7441,-12.4663,0.0004,1,1,Ready,0,9,19.9636,10.9904,0.0099,0,Missed,,2.35,-12.35,-1.95,11.2,0,0,0,0,0,0
104,PlayerServeHold,None,1,0,52,0.1144,2.5907,-16.7259,2.3702,0.7641,-11.9535,0,Serve prepare 0.00,0,9,Drive,100.1961,62.9491,2.6233,0.744,-12.4669,0.0004,1,1,Ready,0,9,20.2063,11.2346,0.0098,0,Missed,,2.35,-12.35,-1.95,11.2,0,0,0,0,0,0
105,PlayerServeHold,None,1,0,52,0.1154,2.5889,-16.7264,2.3702,0.7644,-11.9535,0,Serve prepare 0.00,0,9,Drive,100.2287,63.009,2.6234,0.744,-12.4674,0.0004,1,1,Ready,0,9,20.4593,11.5126,0.0096,0,Missed,,2.35,-12.35,-1.95,11.2,0,0,0,0,0,0
106,PlayerServeHold,None,1,0,52,0.1164,2.587,-16.7269,2.3702,0.7675,-11.9535,0,Serve prepare 0.00,0,9,Drive,100.2587,63.0648,2.6234,0.744,-12.4678,0.0004,1,1,Ready,0,9,20.7493,11.8406,0.0057,0,Missed,,2.35,-12.35,-1.95,11.2,0,0,0,0,0,0
107,PlayerServeHold,None,1,0,52,0.1175,2.5852,-16.7273,2.3702,0.7708,-11.9535,0,Serve prepare 0.00,0,9,Drive,100.286,63.1164,2.6235,0.744,-12.4682,0.0002,1,1,Ready,0,9,20.9426,12.1238,0.0081,0,Missed,,2.35,-12.35,-1.95,11.2,0,0,0,0,0,0
108,PlayerServeHold,None,1,0,52,0.1185,2.5834,-16.7278,2.3702,0.7804,-11.9535,0,Serve prepare 0.00,0,9,Drive,100.3106,63.1638,2.6236,0.744,-12.4685,0.0003,1,1,Ready,0,9,20.9203,12.282,0.0117,0,Missed,,2.35,-12.35,-1.95,11.2,0,0,0,0,0,0
109,PlayerServeHold,None,1,0,52,0.1195,2.5816,-16.7282,2.3702,0.7863,-11.9535,0,Serve prepare 0.00,0,9,Drive,100.3325,63.2037,2.6236,0.744,-12.4688,0.0002,1,1,Ready,0,9,20.6863,12.3206,0.0135,0,Missed,,2.35,-12.35,-1.95,11.2,0,0,0,0,0,0
110,PlayerServeHold,None,1,0,52,0.1205,2.5798,-16.7287,2.3702,0.7999,-11.9535,0,Serve prepare 0.00,0,9,Drive,100.3517,63.237,2.6237,0.7441,-12.469,0.0002,1,1,Ready,0,9,20.176,12.216,0.0179,0,Missed,,2.35,-12.35,-1.95,11.2,0,0,0,0,0,0
111,PlayerServeHold,None,1,0,52,0.1215,2.5781,-16.7291,2.3702,0.8073,-11.9535,0,Serve prepare 0.00,0,9,Drive,100.3682,63.2647,2.6238,0.7441,-12.4692,0.0001,1,1,Ready,0,9,19.4804,11.9898,0.0151,0,Missed,,2.35,-12.35,-1.95,11.2,0,0,0,0,0,0
112,PlayerServeHold,None,1,0,52,0.1224,2.5763,-16.7296,2.3702,0.8226,-11.9535,0,Serve prepare 0.00,0,9,Drive,100.3818,63.2902,2.6238,0.7441,-12.4693,0.0001,1,1,Ready,0,9,18.6386,11.6332,0.0031,0,Missed,,2.35,-12.35,-1.95,11.2,0,0,0,0,0,0
113,PlayerServeHold,None,1,0,52,0.1234,2.5746,-16.73,2.3702,0.8302,-11.9535,0,Serve prepare 0.00,0,9,Drive,100.3927,63.3102,2.6239,0.7442,-12.4694,0.0001,1,1,Ready,0,9,17.7306,11.1831,0.0048,0,Missed,,2.35,-12.35,-1.95,11.2,0,0,0,0,0,0
114,PlayerServeHold,None,1,0,52,0.1244,2.5728,-16.7305,2.3702,0.8448,-11.9535,0,Serve prepare 0.00,0,9,Drive,100.4008,63.325,2.6239,0.7442,-12.4695,0.0001,1,1,Ready,0,9,16.8161,10.6547,0.0177,0,Missed,,2.35,-12.35,-1.95,11.2,0,0,0,0,0,0
115,PlayerServeHold,None,1,0,52,0.1254,2.5711,-16.7309,2.3702,0.8515,-11.9535,0,Serve prepare 0.00,0,9,Drive,100.4061,63.3351,2.624,0.7442,-12.4696,0,1,1,Ready,0,9,15.9815,10.0663,0.2052,0,Missed,,2.35,-12.35,-1.95,11.2,0,0,0,0,0,0
116,PlayerServeHold,None,1,0,52,0.1263,2.5694,-16.7313,2.3702,0.863,-11.9535,0,Serve prepare 0.00,0,9,Drive,100.4087,63.3407,2.624,0.7442,-12.4696,0,1,1,Ready,0,9,15.3497,9.4329,0.2919,0,Missed,,2.35,-12.35,-1.95,11.2,0,0,0,0,0,0
117,PlayerServeHold,None,1,0,52,0.1273,2.5677,-16.7318,2.3702,0.8675,-11.9535,0,Serve prepare 0.00,0,9,Drive,100.4084,63.3421,2.624,0.7442,-12.4696,0,1,1,Ready,0,9,14.8539,8.7415,0.3006,0,Missed,,2.35,-12.35,-1.95,11.2,0,0,0,0,0,0
118,PlayerServeHold,None,1,0,52,0.1283,2.5661,-16.7322,2.3702,0.8736,-11.9535,0,Serve prepare 0.00,0,9,Drive,100.4054,63.3394,2.624,0.7442,-12.4696,0.0001,1,1,Ready,0,9,14.4748,7.9923,0.2945,0,Missed,,2.35,-12.35,-1.95,11.2,0,0,0,0,0,0
119,PlayerServeHold,None,1,0,52,0.1292,2.5644,-16.7326,2.3702,0.8749,-11.9535,0,Serve prepare 0.00,0,9,Drive,100.3995,63.3327,2.624,0.7442,-12.4696,0.0001,1,1,Ready,0,9,14.1999,7.1879,0.1596,0,Missed,,2.35,-12.35,-1.95,11.2,0,0,0,0,0,0
120,PlayerServeHold,None,1,0,52,0.1302,2.5628,-16.733,2.3702,0.8575,-11.9535,0,Serve prepare 0.00,0,9,Drive,100.3909,63.3221,2.6239,0.7442,-12.4695,0.0001,1,1,Ready,0,9,14.0302,6.3423,0.1551,0,Missed,,2.35,-12.35,-1.95,11.2,0,0,0,0,0,0
121,PlayerServeHold,None,1,0,52,0.1311,2.5612,-16.7334,2.3702,0.8464,-11.9535,0,Serve prepare 0.00,0,9,Drive,100.3794,63.3077,2.6239,0.7441,-12.4694,0.0001,1,1,Ready,0,9,13.9082,5.462,0.2889,0,Missed,,2.35,-12.35,-1.95,11.2,0,0,0,0,0,0
122,PlayerServeHold,None,1,0,52,0.132,2.5596,-16.7338,2.3702,0.8242,-11.9535,0,Serve prepare 0.00,0,9,Drive,100.3652,63.2896,2.6238,0.7441,-12.4693,0.0002,1,1,Ready,0,9,13.7775,4.5694,0.3517,0,Missed,,2.35,-12.35,-1.95,11.2,0,0,0,0,0,0
123,PlayerServeHold,None,1,0,52,0.133,2.558,-16.7342,2.3702,0.8131,-11.9535,0,Serve prepare 0.00,0,9,Drive,100.3483,63.2679,2.6238,0.7441,-12.4692,0.0001,1,1,Ready,0,9,13.6457,3.6799,0.3125,0,Missed,,2.35,-12.35,-1.95,11.2,0,0,0,0,0,0
124,PlayerServeHold,None,1,0,52,0.1339,2.5564,-16.7346,2.3702,0.784,-11.9535,0,Serve prepare 0.00,0,9,Drive,100.3286,63.2395,2.6237,0.7441,-12.469,0.0002,1,1,Ready,0,9,13.4986,2.8253,0.1047,0,Missed,,2.35,-12.35,-1.95,11.2,0,0,0,0,0,0
125,PlayerServeHold,None,1,0,52,0.1348,2.5548,-16.735,2.3702,0.7542,-11.9535,0,Serve prepare 0.00,0,9,Drive,100.3061,63.2042,2.6237,0.7441,-12.4687,0.0002,1,1,Ready,0,9,13.3425,1.9953,0.0423,0,Missed,,2.35,-12.35,-1.95,11.2,0,0,0,0,0,0
126,PlayerServeHold,None,1,0,52,0.1357,2.5533,-16.7354,2.3702,0.6927,-11.9535,0,Serve prepare 0.00,0,9,Drive,100.281,63.1623,2.6236,0.744,-12.4684,0.0003,1,1,Ready,0,9,12.9093,1.4274,0.2463,0,Missed,,2.35,-12.35,-1.95,11.2,0,0,0,0,0,0
127,PlayerServeHold,None,1,0,52,0.1366,2.5517,-16.7358,2.3702,0.6609,-11.9535,0,Serve prepare 0.00,0,9,Drive,100.2531,63.114,2.6236,0.7441,-12.4681,0.0004,1,1,Ready,0,9,12.2723,0.791,0.1556,0,Missed,,2.35,-12.35,-1.95,11.2,0,0,0,0,0,0
128,PlayerServeHold,None,1,0,52,0.1375,2.5502,-16.7362,2.3702,0.5952,-11.9535,0,Serve prepare 0.00,0,9,Drive,100.2227,63.0597,2.6235,0.7441,-12.4676,0.0003,1,1,Ready,0,9,11.0898,-0.1249,0.1664,0,Missed,,2.35,-12.35,-1.95,11.2,0,0,0,0,0,0
129,PlayerServeHold,None,1,0,52,0.1384,2.5487,-16.7365,2.3702,0.5614,-11.9535,0,Serve prepare 0.00,0,9,Drive,100.1895,62.9999,2.6235,0.7441,-12.4671,0.0004,1,1,Ready,0,9,9.6275,-1.1263,0.261,0,Missed,,2.35,-12.35,-1.95,11.2,0,0,0,0,0,0
130,PlayerServeHold,None,1,0,52,0.1392,2.5472,-16.7369,2.3702,0.4916,-11.9535,0,Serve prepare 0.00,0,9,Drive,100.1538,62.9354,2.6235,0.7442,-12.4666,0.0004,1,1,Ready,0,9,7.9218,-2.1665,0.2273,0,Missed,,2.35,-12.35,-1.95,11.2,0,0,0,0,0,0
131,PlayerServeHold,None,1,0,52,0.1401,2.5458,-16.7373,2.3702,0.4557,-11.9535,0,Serve prepare 0.00,0,9,Drive,100.1155,62.8666,2.6235,0.7443,-12.466,0.0004,1,1,Ready,0,9,6.2934,-3.0999,0.1968,0,Missed,,2.35,-12.35,-1.95,11.2,0,0,0,0,0,0
132,PlayerServeHold,None,1,0,52,0.141,2.5443,-16.7376,2.3702,0.3819,-11.9535,0,Serve prepare 0.00,0,9,Drive,100.0747,62.794,2.6236,0.7445,-12.4653,0.0005,1,1,Ready,0,9,5.0533,-3.8356,0.1171,0,Missed,,2.35,-12.35,-1.95,11.2,0,0,0,0,0,0
133,PlayerServeHold,None,1,0,52,0.1418,2.5428,-16.738,2.3702,0.3439,-11.9535,0,Serve prepare 0.00,0,9,Drive,100.0313,62.7177,2.6237,0.7447,-12.4645,0.0005,1,1,Ready,0,9,4.2097,-4.2944,0.1365,0,Missed,,2.35,-12.35,-1.95,11.2,0,0,0,0,0,0
134,PlayerServeHold,None,1,0,52,0.1426,2.5414,-16.7384,2.3702,0.266,-11.9535,0,Serve prepare 0.00,0,9,Drive,99.9855,62.6382,2.6239,0.7449,-12.4637,0.0005,1,1,Ready,0,9,3.9395,-4.345,0.2227,0,Missed,,2.35,-12.35,-1.95,11.2,0,0,0,0,0,0
135,PlayerServeHold,None,1,0,52,0.1435,2.54,-16.7387,2.3702,0.226,-11.9535,0,Serve prepare 0.00,0,9,Drive,99.9368,62.5555,2.6241,0.7451,-12.4629,0.0006,1,1,Ready,0,9,4.0308,-4.0732,0.2767,0,Missed,,2.35,-12.35,-1.95,11.2,0,0,0,0,0,0
136,PlayerServeHold,None,1,0,52,0.1443,2.5386,-16.7391,2.3702,0.144,-11.9535,0,Serve prepare 0.00,0,9,Drive,99.8829,62.4701,2.6244,0.7454,-12.462,0.0007,1,1,Ready,0,9,4.3892,-3.4309,0,0,Missed,,2.35,-12.35,-1.95,11.2,0,0,0,0,0,0
137,PlayerServeHold,None,1,0,52,0.1451,2.5371,-16.7394,2.3702,0.1577,-11.9535,0,Serve prepare 0.00,0,9,Drive,99.8266,62.3819,2.6247,0.7458,-12.4611,0.0007,1,1,Ready,0,9,4.867,-2.5802,0,0,Missed,,2.35,-12.35,-1.95,11.2,0,0,0,0,0,0
138,PlayerServeHold,None,1,0,52,0.1459,2.5357,-16.7397,2.3702,0.2139,-11.9535,0,Serve prepare 0.00,0,9,Drive,99.7674,62.2902,2.6252,0.7461,-12.4602,0.0008,1,1,Ready,0,9,5.2835,-1.6103,0,0,Missed,,2.35,-12.35,-1.95,11.2,0,0,0,0,0,0
139,PlayerServeHold,None,1,0,52,0.1466,2.5344,-16.7401,2.3702,0.2409,-11.9535,0,Serve prepare 0.00,0,9,Drive,99.7059,62.1953,2.6257,0.7465,-12.4592,0.0008,1,1,Ready,0,9,5.673,-0.5964,0,0,Missed,,2.35,-12.35,-1.95,11.2,0,0,0,0,0,0
140,PlayerServeHold,None,1,0,52,0.1474,2.533,-16.7404,2.3702,0.293,-11.9535,0,Serve prepare 0.00,0,9,Drive,99.642,62.0969,2.6263,0.7468,-12.4583,0,1,1,Ready,0,9,6.0098,0.3555,0,0,Missed,,2.35,-12.35,-1.95,11.2,0,0,0,0,0,0
141,PlayerServeHold,None,1,0,52,0.1482,2.5316,-16.7407,2.3702,0.318,-11.9535,0,Serve prepare 0.00,0,9,Drive,99.5757,61.9948,2.627,0.7472,-12.4573,0,1,1,Ready,0,9,6.2964,1.233,0,0,Missed,,2.35,-12.35,-1.95,11.2,0,0,0,0,0,0
142,PlayerServeHold,None,1,0,52,0.1489,2.5303,-16.7411,2.3702,0.3659,-11.9535,0,Serve prepare 0.00,0,9,Drive,99.5073,61.8904,2.6277,0.7476,-12.4563,0,1,1,Ready,0,9,6.5267,1.9719,0,0,Missed,,2.35,-12.35,-1.95,11.2,0,0,0,0,0,0
143,PlayerServeHold,None,1,0,52,0.1496,2.5289,-16.7414,2.3702,0.3889,-11.9535,0,Serve prepare 0.00,0,9,Drive,99.4365,61.7831,2.6284,0.748,-12.4553,0,1,1,Ready,0,9,6.7017,2.5813,0,0,Missed,,2.35,-12.35,-1.95,11.2,0,0,0,0,0,0
144,PlayerServeHold,None,1,0,52,0.1504,2.5275,-16.7417,2.3702,0.4328,-11.9535,0,Serve prepare 0.00,0,9,Drive,99.3637,61.673,2.6291,0.7483,-12.4543,0,1,1,Ready,0,9,6.8357,3.0465,0,0,Missed,,2.35,-12.35,-1.95,11.2,0,0,0,0,0,0
145,PlayerServeHold,None,1,0,52,0.1511,2.5262,-16.742,2.3702,0.4537,-11.9535,0,Serve prepare 0.00,0,9,Drive,99.2892,61.5599,2.6297,0.7487,-12.4533,0,1,1,Ready,0,9,6.8777,3.3562,0,0,Missed,,2.35,-12.35,-1.95,11.2,0,0,0,0,0,0
146,PlayerServeHold,None,1,0,52,0.1518,2.5249,-16.7424,2.3702,0.4935,-11.9535,0,Serve prepare 0.00,0,9,Drive,99.2129,61.4436,2.6303,0.7489,-12.4523,0,1,1,Ready,0,9,6.7249,3.4791,0,0,Missed,,2.35,-12.35,-1.95,11.2,0,0,0,0,0,0
147,PlayerServeHold,None,1,0,52,0.1524,2.5235,-16.7427,2.3702,0.5123,-11.9535,0,Serve prepare 0.00,0,9,Drive,99.1347,61.3244,2.6308,0.7492,-12.4513,0,1,1,Ready,0,9,6.5538,3.4902,0.2251,0,Missed,,2.35,-12.35,-1.95,11.2,0,0,0,0,0,0
148,PlayerServeHold,None,1,0,52,0.1531,2.5222,-16.743,2.3702,0.548,-11.9535,0,Serve prepare 0.00,0,9,Drive,99.0545,61.2021,2.6313,0.7495,-12.4502,0,1,1,Ready,0,9,6.5278,3.3999,0.7176,0,Missed,,2.35,-12.35,-1.95,11.2,0,0,0,0,0,0
149,PlayerServeHold,None,1,0,52,0.1538,2.5209,-16.7433,2.3702,0.5649,-11.9535,0,Serve prepare 0.00,0,9,Drive,98.9724,61.0767,2.6318,0.7498,-12.4491,0,1,1,Ready,0,9,6.567,3.3307,0.7274,0,Missed,,2.35,-12.35,-1.95,11.2,0,0,0,0,0,0
150,PlayerServeHold,None,1,0,52,0.1544,2.5196,-16.7436,2.3702,0.5965,-11.9535,0,Serve prepare 0.00,0,9,Drive,98.8885,60.9505,2.6322,0.7501,-12.4479,0,1,1,Ready,0,9,6.6341,3.433,0.62,0,Missed,,2.35,-12.35,-1.95,11.2,0,0,0,0,0,0
151,PlayerServeHold,None,1,0,52,0.155,2.5183,-16.7439,2.3702,0.6112,-11.9535,0,Serve prepare 0.00,0,9,Drive,98.8029,60.823,2.6327,0.7504,-12.4467,0,1,1,Ready,0,9,6.7675,3.6844,0.4815,0,Missed,,2.35,-12.35,-1.95,11.2,0,0,0,0,0,0
152,PlayerServeHold,None,1,0,52,0.1556,2.517,-16.7442,2.3702,0.6388,-11.9535,0,Serve prepare 0.00,0,9,Drive,98.7158,60.6946,2.6331,0.7508,-12.4455,0,1,1,Ready,0,9,6.9787,4.1186,0.3449,0,Missed,,2.35,-12.35,-1.95,11.2,0,0,0,0,0,0
153,PlayerServeHold,None,1,0,52,0.1562,2.5157,-16.7445,2.3702,0.6515,-11.9535,0,Serve prepare 0.00,0,9,Drive,98.6338,60.5636,2.6336,0.7511,-12.4442,0,1,1,Ready,0,9,7.3026,4.7385,0.2572,0,Missed,,2.35,-12.35,-1.95,11.2,0,0,0,0,0,0
154,PlayerServeHold,None,1,0,52,0.1568,2.5144,-16.7448,2.3702,0.6749,-11.9535,0,Serve prepare 0.00,0,9,Drive,98.5498,60.4304,2.634,0.7515,-12.4429,0,1,1,Ready,0,9,7.7361,5.575,0.1005,0,Missed,,2.35,-12.35,-1.95,11.2,0,0,0,0,0,0
155,PlayerServeHold,None,1,0,52,0.1574,2.5131,-16.745,2.3702,0.6856,-11.9535,0,Serve prepare 0.00,0,9,Drive,98.4642,60.2948,2.6345,0.7518,-12.4416,0,1,1,Ready,0,9,8.4059,6.5537,0.1805,0,Missed,,2.35,-12.35,-1.95,11.2,0,0,0,0,0,0
156,PlayerServeHold,None,1,0,52,0.1579,2.5119,-16.7453,2.3702,0.705,-11.9535,0,Serve prepare 0.00,0,9,Drive,98.3776,60.1569,2.635,0.7522,-12.4403,0,1,1,Ready,0,9,9.5168,7.5981,0.1014,0,Missed,,2.35,-12.35,-1.95,11.2,0,0,0,0,0,0
157,PlayerServeHold,None,1,0,52,0.1585,2.5106,-16.7456,2.3702,0.7136,-11.9535,0,Serve prepare 0.00,0,9,Drive,98.29,60.0179,2.6355,0.7525,-12.4389,0,1,1,Ready,0,9,10.8062,8.6484,0.2467,0,Missed,,2.35,-12.35,-1.95,11.2,0,0,0,0,0,0
158,PlayerServeHold,None,1,0,52,0.159,2.5094,-16.7459,2.3702,0.7289,-11.9535,0,Serve prepare 0.00,0,9,Drive,98.2016,59.8779,2.6359,0.7529,-12.4375,0,1,1,Ready,0,9,12.1754,9.6811,0.4786,0,Missed,,2.35,-12.35,-1.95,11.2,0,0,0,0,0,0
159,PlayerServeHold,None,1,0,52,0.1595,2.5081,-16.7462,2.3702,0.7355,-11.9535,0,Serve prepare 0.00,0,9,Drive,98.1135,59.7369,2.6365,0.7532,-12.4362,0,1,1,Ready,0,9,13.363,10.545,0.4172,0,Missed,,2.35,-12.35,-1.95,11.2,0,0,0,0,0,0
160,PlayerServeHold,None,1,0,52,0.16,2.5069,-16.7464,2.3702,0.7467,-11.9535,0,Serve prepare 0.00,0,9,Drive,98.0261,59.5949,2.637,0.7535,-12.4348,0,1,1,Ready,0,9,14.0831,11.1426,0,0,Missed,,2.35,-12.35,-1.95,11.2,0,0,0,0,0,0
161,PlayerServeHold,None,1,0,52,0.1605,2.5057,-16.7467,2.3702,0.7512,-11.9535,0,Serve prepare 0.00,0,9,Drive,97.9363,59.451,2.6376,0.7538,-12.4335,0,1,1,Ready,0,9,14.3623,11.4061,0,0,Missed,,2.35,-12.35,-1.95,11.2,0,0,0,0,0,0
162,PlayerServeHold,None,1,0,52,0.1609,2.5044,-16.747,2.3702,0.7583,-11.9535,0,Serve prepare 0.00,0,9,Drive,97.8458,59.3056,2.6382,0.7541,-12.4322,0,1,1,Ready,0,9,14.0482,11.2019,0,0,Missed,,2.35,-12.35,-1.95,11.2,0,0,0,0,0,0
163,PlayerServeHold,None,1,0,52,0.1614,2.5032,-16.7472,2.3702,0.7608,-11.9535,0,Serve prepare 0.00,0,9,Drive,97.7547,59.1587,2.6389,0.7543,-12.4309,0,1,1,Ready,0,9,13.4055,10.6645,0,0,Missed,,2.35,-12.35,-1.95,11.2,0,0,0,0,0,0
164,PlayerServeHold,None,1,0,52,0.1618,2.502,-16.7475,2.3702,0.7638,-11.9535,0,Serve prepare 0.00,0,9,Drive,97.6633,59.0106,2.6395,0.7546,-12.4295,0,1,1,Ready,0,9,12.5846,9.8132,0,0,Missed,,2.35,-12.35,-1.95,11.2,0,0,0,0,0,0
165,PlayerServeHold,None,1,0,52,0.1622,2.5008,-16.7477,2.3702,0.7643,-11.9535,0,Serve prepare 0.00,0,9,Drive,97.5714,58.8613,2.6402,0.7548,-12.4282,0,1,1,Ready,0,9,11.7423,8.7806,6.8527,0,Missed,,2.35,-12.35,-1.95,11.2,0,0,0,0,0,0
166,PlayerServeHold,None,1,0,52,0.1626,2.4997,-16.748,2.3702,0.7665,-11.9535,0,Serve prepare 0.00,0,9,Drive,97.4789,58.7111,2.6409,0.7551,-12.4268,0,1,1,Ready,0,9,11.0937,7.6442,0.6661,0,Missed,,2.35,-12.35,-1.95,11.2,0,0,0,0,0,0
167,PlayerServeHold,None,1,0,52,0.163,2.4985,-16.7482,2.3702,0.7694,-11.9535,0,Serve prepare 0.00,0,9,Drive,97.3837,58.5594,2.6416,0.7553,-12.4255,0,1,1,Ready,0,9,10.5784,6.5075,2.6745,0,Missed,,2.35,-12.35,-1.95,11.2,0,0,0,0,0,0
168,PlayerServeHold,None,1,0,52,0.1634,2.4974,-16.7485,2.3702,0.7783,-11.9535,0,Serve prepare 0.00,0,9,Drive,97.2885,58.407,2.6422,0.7555,-12.4242,0,1,1,Ready,0,9,10.1833,5.488,0.6946,0,Missed,,2.35,-12.35,-1.95,11.2,0,0,0,0,0,0
169,PlayerServeHold,None,1,0,52,0.1638,2.4962,-16.7487,2.3702,0.784,-11.9535,0,Serve prepare 0.00,0,9,Drive,97.1936,58.2549,2.6428,0.7558,-12.4228,0,1,1,Ready,0,9,9.9815,4.6503,0.6638,0,Missed,,2.35,-12.35,-1.95,11.2,0,0,0,0,0,0
170,PlayerServeHold,None,1,0,52,0.1641,2.4951,-16.7489,2.3702,0.7972,-11.9535,0,Serve prepare 0.00,0,9,Drive,97.0989,58.1036,2.6323,0.7441,-12.4342,0,1,1,Ready,0,9,10.0504,4.118,0.4963,0,Missed,,2.35,-12.35,-1.95,11.2,0,0,0,0,0,0
171,PlayerServeHold,None,1,0,52,0.1644,2.494,-16.7492,2.3702,0.8045,-11.9535,0,Serve prepare 0.00,0,9,Drive,97.0048,57.9532,2.6329,0.7444,-12.4328,0,1,1,Ready,0,9,10.3519,3.8604,0.1797,0,Missed,,2.35,-12.35,-1.95,11.2,0,0,0,0,0,0
172,PlayerServeHold,None,1,0,52,0.1648,2.4929,-16.7494,2.3702,0.8197,-11.9535,0,Serve prepare 0.00,0,9,Drive,96.911,57.8037,2.6333,0.7447,-12.4314,0,1,1,Ready,0,9,10.8631,3.9154,0.4289,0,Missed,,2.35,-12.35,-1.95,11.2,0,0,0,0,0,0
173,PlayerServeHold,None,1,0,52,0.1651,2.4918,-16.7496,2.3702,0.8273,-11.9535,0,Serve prepare 0.00,0,9,Drive,96.814,57.6552,2.6338,0.745,-12.4301,0,1,1,Ready,0,9,11.6207,4.2224,0.7021,0,Missed,,2.35,-12.35,-1.95,11.2,0,0,0,0,0,0
174,PlayerServeHold,None,1,0,52,0.1653,2.4907,-16.7498,2.3702,0.8421,-11.9535,0,Serve prepare 0.00,0,9,Drive,96.7178,57.5078,2.6342,0.7454,-12.4287,0,1,1,Ready,0,9,12.7209,4.7449,0.776,0,Missed,,2.35,-12.35,-1.95,11.2,0,0,0,0,0,0
175,PlayerServeHold,None,1,0,52,0.1656,2.4896,-16.75,2.3702,0.849,-11.9535,0,Serve prepare 0.00,0,9,Drive,96.6224,57.3637,2.6345,0.7458,-12.4273,0,1,1,Ready,0,9,13.959,5.4027,0.7581,0,Missed,,2.35,-12.35,-1.95,11.2,0,0,0,0,0,0
176,PlayerServeHold,None,1,0,52,0.1659,2.4886,-16.7502,2.3702,0.861,-11.9535,0,Serve prepare 0.00,0,9,Drive,96.5278,57.2227,2.6348,0.7462,-12.4259,0,1,1,Ready,0,9,15.214,6.1151,0.659,0,Missed,,2.35,-12.35,-1.95,11.2,0,0,0,0,0,0
177,PlayerServeHold,None,1,0,52,0.1661,2.4876,-16.7504,2.3702,0.8659,-11.9535,0,Serve prepare 0.00,0,9,Drive,96.4338,57.0849,2.635,0.7466,-12.4245,0,1,1,Ready,0,9,16.3582,6.8774,0.5543,0,Missed,,2.35,-12.35,-1.95,11.2,0,0,0,0,0,0
178,PlayerServeHold,None,1,0,52,0.1664,2.4866,-16.7506,2.3702,0.8728,-11.9535,0,Serve prepare 0.00,0,9,Drive,96.34,56.9502,2.6353,0.747,-12.4231,0,1,1,Ready,0,9,17.2246,7.6885,0.4195,0,Missed,,2.35,-12.35,-1.95,11.2,0,0,0,0,0,0
179,PlayerServeHold,None,1,0,52,0.1666,2.4856,-16.7508,2.3702,0.8746,-11.9535,0,Serve prepare 0.00,0,9,Drive,96.2453,56.818,2.6355,0.7474,-12.4218,0,1,1,Ready,0,9,17.8362,8.5158,0.2836,0,Missed,,2.35,-12.35,-1.95,11.2,0,0,0,0,0,0
180,PlayerServeHold,None,1,0,52,0.1668,2.4846,-16.751,2.3702,0.875,-11.9535,0,Serve prepare 0.00,0,9,Drive,96.1512,56.6883,2.6358,0.7478,-12.4205,0,1,1,Ready,0,9,18.1129,9.3295,0.0334,0,Missed,,2.35,-12.35,-1.95,11.2,0,0,0,0,0,0
181,PlayerServeHold,None,1,0,52,0.167,2.4836,-16.7512,2.3702,0.875,-11.9535,0,Serve prepare 0.00,0,9,Drive,96.0579,56.5628,2.636,0.7481,-12.4192,0,1,1,Ready,0,9,18.2027,10.1293,0.0768,0,Missed,,2.35,-12.35,-1.95,11.2,0,0,0,0,0,0
182,PlayerServeHold,None,1,0,52,0.1672,2.4827,-16.7514,2.3702,0.875,-11.9535,0,Serve prepare 0.00,0,9,Drive,95.9654,56.4406,2.6363,0.7485,-12.4179,0,1,1,Ready,0,9,18.175,10.879,0.0327,0,Missed,,2.35,-12.35,-1.95,11.2,0,0,0,0,0,0
183,PlayerServeHold,None,1,0,52,0.1673,2.4817,-16.7516,2.3702,0.875,-11.9535,0,Serve prepare 0.00,0,9,Drive,95.8742,56.3218,2.6366,0.7488,-12.4166,0,1,1,Ready,0,9,18.1639,11.5735,0.0492,0,Missed,,2.35,-12.35,-1.95,11.2,0,0,0,0,0,0
184,PlayerServeHold,None,1,0,52,0.1675,2.4808,-16.7517,2.3702,0.875,-11.9535,0,Serve prepare 0.00,0,9,Drive,95.7842,56.2057,2.637,0.7491,-12.4154,0,1,1,Ready,0,9,18.3662,12.16,0.0395,0,Missed,,2.35,-12.35,-1.95,11.2,0,0,0,0,0,0
185,PlayerServeHold,None,1,0,52,0.1676,2.4799,-16.7519,2.3702,0.875,-11.9535,0,Serve prepare 0.00,0,9,Drive,95.6942,56.0916,2.6121,0.7493,-12.4063,0,1,1,Ready,0,9,18.6366,12.6407,0.0401,0,Missed,,2.35,-12.35,-1.95,11.2,0,0,0,0,0,0
186,PlayerServeHold,None,1,0,52,0.1678,2.479,-16.7521,2.3702,0.875,-11.9535,0,Serve prepare 0.00,0,9,Drive,95.6056,55.9797,2.6125,0.7495,-12.4052,0,1,1,Ready,0,9,18.9379,13.0361,0.0175,0,Missed,,2.35,-12.35,-1.95,11.2,0,0,0,0,0,0
187,PlayerServeHold,None,1,0,52,0.1679,2.4782,-16.7522,2.3702,0.875,-11.9535,0,Serve prepare 0.00,0,9,Drive,95.5184,55.8707,2.613,0.7497,-12.404,0,1,1,Ready,0,9,19.1557,13.2758,0.0839,0,Missed,,2.35,-12.35,-1.95,11.2,0,0,0,0,0,0
188,PlayerServeHold,None,1,0,52,0.168,2.4773,-16.7524,2.3702,0.875,-11.9535,0,Serve prepare 0.00,0,9,Drive,95.4325,55.7643,2.6135,0.7499,-12.4029,0,1,1,Ready,0,9,19.173,13.3299,0.2345,0,Missed,,2.35,-12.35,-1.95,11.2,0,0,0,0,0,0
189,PlayerServeHold,None,1,0,52,0.1681,2.4765,-16.7525,2.3702,0.875,-11.9535,0,Serve prepare 0.00,0,9,Drive,95.348,55.6605,2.6393,0.7501,-12.4096,0,1,1,Ready,0,9,18.9804,13.1921,0.1347,0,Missed,,2.35,-12.35,-1.95,11.2,0,0,0,0,0,0
190,PlayerServeHold,None,1,0,52,0.1682,2.4757,-16.7527,2.3704,0.8754,-11.9536,0,Serve prepare 0.00,0,9,Drive,95.2667,55.5584,2.6398,0.7502,-12.4085,0,1,1,Ready,0,9,18.4889,12.8451,0.1479,0,Missed,,2.35,-12.35,-1.95,11.2,0,0,0,0,0,0
191,PlayerServeHold,None,1,0,52,0.1683,2.4749,-16.7528,2.3709,0.8764,-11.954,0,Serve prepare 0.00,0,9,Drive,95.1868,55.4577,2.6403,0.7503,-12.4074,0,1,1,Ready,0,9,17.83,12.3524,0.2503,0,Missed,,2.35,-12.35,-1.95,11.2,0,0,0,0,0,0
192,PlayerServeHold,None,1,0,52,0.1684,2.4741,-16.753,2.3735,0.8806,-11.9553,0,Serve prepare 0.01,0,9,Drive,97.4534,57.8173,2.6382,0.754,-12.4204,0,1,1,Ready,0,9,17.0619,11.7344,0.5278,0,Missed,,2.35,-12.35,-1.95,11.2,0,0,0,1.0943,0,0
193,PlayerServeHold,None,1,0,52,0.1684,2.4734,-16.7531,2.3759,0.8837,-11.9563,0,Serve prepare 0.02,0,9,Drive,98.5069,59.2183,2.6311,0.7508,-12.4334,0,1,1,Ready,0,9,16.2989,11.0778,0.4969,0,Missed,,2.35,-12.35,-1.95,11.2,0,0,0,1.4254,0,0
194,PlayerServeHold,None,1,0,52,0.1685,2.4727,-16.7532,2.3804,0.8916,-11.9587,0,Serve prepare 0.03,0,9,Drive,99.0523,60.1164,2.6287,0.7489,-12.4415,0,1,1,Ready,0,9,15.6608,10.436,0.2116,0,Missed,,2.35,-12.35,-1.95,11.2,0,0,0,1.3388,0,0
195,PlayerServeHold,None,1,0,52,0.1686,2.472,-16.7533,2.3837,0.8964,-11.9603,0,Serve prepare 0.04,0,9,Drive,100.2037,61.7494,2.6203,0.744,-12.4564,0.0295,1,1,Ready,0,9,15.1683,9.8712,0.1826,0,Missed,,2.35,-12.35,-1.95,11.2,0,0,0,1.4188,0,0
196,PlayerServeHold,None,1,0,52,0.1686,2.4713,-16.7535,2.3899,0.9076,-11.9638,0,Serve prepare 0.05,0,9,Drive,100.7532,62.8006,2.6204,0.7429,-12.4653,0.0134,1,1,Ready,0,9,14.8916,9.4694,0.2317,0,Missed,,2.35,-12.35,-1.95,11.2,0,0,0,1.1948,0,0
197,PlayerServeHold,None,1,0,52,0.1687,2.4706,-16.7536,2.394,0.9139,-11.9659,0,Serve prepare 0.06,0,9,Drive,101.8477,64.6559,2.6088,0.7382,-12.4794,0.0238,1,1,Ready,0,9,14.7922,9.1887,0.2831,0,Missed,,2.35,-12.35,-1.95,11.2,0,0,0,1.2667,0,0
198,PlayerServeHold,None,1,0,52,0.1687,2.4699,-16.7537,2.4018,0.928,-11.9703,0,Serve prepare 0.07,0,9,Drive,102.4113,65.8599,2.6393,0.7376,-12.5056,0.0108,1,1,Ready,0,9,14.8767,9.0309,0.3479,0,Missed,,2.35,-12.35,-1.95,11.2,0,0,0,1.0423,0,0
199,PlayerServeHold,None,1,0,52,0.1687,2.4693,-16.7538,2.4065,0.9357,-11.9728,0,Serve prepare 0.08,0,9,Drive,103.6817,67.8908,2.6052,0.7332,-12.506,0.0294,1,1,Ready,0,9,15.0821,8.9579,0.3061,0,Missed,,2.35,-12.35,-1.95,11.2,0,0,0,1.1057,0,0
200,PlayerServeHold,None,1,0,52,0.1688,2.4687,-16.7539,2.4155,0.9522,-11.9781,0,Serve prepare 0.09,0,9,Drive,104.3896,69.1467,2.6019,0.7339,-12.5152,0.0222,1,1,Ready,0,9,15.3607,8.9554,0.2201,0,Missed,,2.35,-12.35,-1.95,11.2,0,0,0,0.7933,0,0
201,PlayerServeHold,None,1,0,52,0.1688,2.4681,-16.754,2.4208,0.961,-11.9809,0,Serve prepare 0.10,0,9,Drive,105.8251,71.2475,2.6168,0.7312,-12.5459,0.0452,1,1,Ready,0,9,15.6829,8.9735,0.1217,0,Missed,,2.35,-12.35,-1.95,11.2,0,0,0,0.8686,0,0
202,PlayerServeHold,None,1,0,52,0.1688,2.4676,-16.7541,2.4308,0.9794,-11.9868,0,Serve prepare 0.11,0,9,Drive,106.5916,72.5145,2.6128,0.7304,-12.5555,0.0261,1,1,Ready,0,9,16.0049,8.9433,0.2525,0,Missed,,2.35,-12.35,-1.95,11.2,0,0,0,0.5948,0,0
203,PlayerServeHold,None,1,0,52,0.1688,2.467,-16.7542,2.4366,0.9891,-11.99,0,Serve prepare 0.12,0,9,Drive,108.199,74.6726,2.6188,0.7378,-12.5632,0.0497,1,1,Ready,0,9,16.3303,8.9131,0.4225,0,Missed,,2.35,-12.35,-1.95,11.2,0,0,0,0.4073,0,0
204,PlayerServeHold,None,1,0,52,0.1688,2.4665,-16.7543,2.4474,1.0091,-11.9965,0,Serve prepare 0.13,0,9,Drive,108.9198,75.9532,2.6141,0.7356,-12.5728,0.0171,1,1,Ready,0,9,16.6427,8.9156,0.6231,0,Missed,,2.35,-12.35,-1.95,11.2,0,0,0,0.2341,0,0
205,PlayerServeHold,None,1,0,52,0.1688,2.466,-16.7544,2.4534,1.0194,-11.9999,0,Serve prepare 0.14,0,9,Drive,110.3682,78.2,2.6037,0.7313,-12.5907,0.0324,1,1,Ready,0,9,16.9601,8.9365,0.5222,0,Missed,,2.35,-12.35,-1.95,11.2,0,0,0,0.7306,0,0
206,PlayerServeHold,None,1,0,52,0.1688,2.4655,-16.7545,2.4648,1.0405,-12.0068,0,Serve prepare 0.15,0,9,Drive,111.1078,79.6262,2.5935,0.7239,-12.6085,0.0129,1,1,Ready,0,9,17.3062,8.9558,0.1847,0,Missed,,2.35,-12.35,-1.95,11.2,0,0,0,0.7641,0,0
207,PlayerServeHold,None,1,0,52,0.1688,2.465,-16.7545,2.471,1.0513,-12.0104,0,Serve prepare 0.16,0,9,Drive,112.6274,82.3474,2.6076,0.7308,-12.632,0.0285,1,1,Ready,0,9,17.6438,9.0227,0.074,0,Missed,,2.35,-12.35,-1.95,11.2,0,0,0,1.3417,0,0
208,PlayerServeHold,None,1,0,52,0.1688,2.4646,-16.7546,2.4827,1.073,-12.0175,0,Serve prepare 0.17,0,9,Drive,113.3859,84.0001,2.6152,0.7556,-12.5988,0.0183,1,1,Ready,0,9,17.9527,9.2079,0.2409,0,Missed,,2.35,-12.35,-1.95,11.2,0,0,0,1.4161,0,0
209,PlayerServeHold,None,1,0,52,0.1688,2.4642,-16.7547,2.489,1.084,-12.0213,0,Serve prepare 0.18,0,9,Drive,114.8752,87.0448,2.6305,0.7799,-12.5939,0.0347,1,1,Ready,0,9,18.2118,9.4445,0.2288,0,Missed,,2.35,-12.35,-1.95,11.2,0,0,0,1.7373,0,0
210,PlayerServeHold,None,1,0,52,0.1688,2.4638,-16.7547,2.5008,1.106,-12.0285,0,Serve prepare 0.19,0,9,Drive,115.6028,88.9675,2.6242,0.7771,-12.6038,0.0151,1,1,Ready,0,9,18.3895,9.6773,0.0477,0,Missed,,2.35,-12.35,-1.95,11.2,0,0,0,1.4499,0,0
211,PlayerServeHold,None,1,0,52,0.1687,2.4634,-16.7548,2.5071,1.117,-12.0323,0,Serve prepare 0.20,0,9,Drive,112.0389,92.218,2.6195,0.7694,-12.6332,0.406,1,1,Ready,0,9,18.5014,9.9392,0.1314,0,Missed,,2.35,-12.35,-1.95,11.2,0,0,0,1.4935,0,0
212,PlayerServeHold,None,1,0,52,0.1687,2.4631,-16.7548,2.5187,1.1387,-12.0394,0,Serve prepare 0.21,0,9,Drive,112.7875,94.1316,2.6126,0.7673,-12.6437,0.0105,1,1,Ready,0,9,18.5419,10.2579,0.1332,0,Missed,,2.35,-12.35,-1.95,11.2,0,0,0,1.1677,0,0
213,PlayerServeHold,None,1,0,52,0.1686,2.4627,-16.7549,2.5249,1.1495,-12.0432,0,Serve prepare 0.22,0,9,Drive,114.26,97.2714,2.5851,0.73,-12.773,0.0198,1,1,Ready,0,9,18.5404,10.5766,0.1101,0,Missed,,2.35,-12.35,-1.95,11.2,0,0,0,1.2741,0,0
214,PlayerServeHold,None,1,0,52,0.1686,2.4624,-16.7549,2.5361,1.1706,-12.0503,0,Serve prepare 0.23,0,9,Drive,114.9921,99.1363,2.5549,0.7203,-12.7536,0.0104,1,1,Ready,0,9,18.511,10.8276,0.0307,0,Missed,,2.35,-12.35,-1.95,11.2,0,0,0,0.9371,0,0
215,PlayerServeHold,None,1,0,52,0.1685,2.4621,-16.755,2.542,1.1809,-12.054,0,Serve prepare 0.24,0,9,Drive,116.3709,102.0844,2.5548,0.7299,-12.7998,0.0212,1,1,Ready,0,9,18.4889,11.0425,0.0129,0,Missed,,2.35,-12.35,-1.95,11.2,0,0,0,1.0249,0,0
216,PlayerServeHold,None,1,0,52,0.1684,2.4619,-16.755,2.5527,1.2009,-12.0607,0,Serve prepare 0.25,0,9,Drive,116.9974,103.7743,2.5322,0.7228,-12.7944,0.0166,1,1,Ready,0,9,18.5303,11.2376,0.0148,0,Missed,,2.35,-12.35,-1.95,11.2,0,0,0,0.7559,0,0
217,PlayerServeHold,None,1,0,52,0.1683,2.4616,-16.755,2.5582,1.2106,-12.0642,0,Serve prepare 0.26,0,9,Drive,118.0124,106.4112,2.5346,0.7327,-12.7839,0.0205,1,1,Ready,0,9,18.5792,11.3722,0.0133,0,Missed,,2.35,-12.35,-1.95,11.2,0,0,0,1.0821,0,0
218,PlayerServeHold,None,1,0,52,0.1683,2.4614,-16.7551,2.568,1.229,-12.0704,0,Serve prepare 0.27,0,9,Drive,119.3111,108.0781,2.5208,0.7301,-12.7945,0.1329,1,1,Ready,0,9,18.6069,11.4131,0.0151,0,Missed,,2.35,-12.35,-1.95,11.2,0,0,0,2.4882,0,0
219,PlayerServeHold,None,1,0,52,0.1682,2.4612,-16.7551,2.5731,1.2378,-12.0737,0,Serve prepare 0.28,0,9,Drive,120.3006,110.716,2.5288,0.7436,-12.7949,0.7464,1,1,Ready,0,9,18.5948,11.3742,0.0161,0,Missed,,2.35,-12.35,-1.95,11.2,0,0,0,4.7734,0,0
220,PlayerServeHold,None,1,0,52,0.168,2.461,-16.7551,2.5818,1.2543,-12.0793,0,Serve prepare 0.29,0,9,Drive,120.2306,112.292,2.5125,0.7378,-12.7976,0.3612,1,1,Ready,0,9,18.4979,11.2591,0.0062,0,Missed,,2.35,-12.35,-1.95,11.2,0,0,0,4.2263,0,0
221,PlayerServeHold,None,1,0,52,0.1679,2.4608,-16.7551,2.5863,1.262,-12.0823,0,Serve prepare 0.30,0,9,Drive,119.9578,114.5321,2.5109,0.7407,-12.7699,0.1474,1,1,Ready,0,9,18.3722,11.0996,0.0057,0,Missed,,2.35,-12.35,-1.95,11.2,0,0,0,4.3873,0,0
222,PlayerServeHold,None,1,0,52,0.1678,2.4607,-16.7551,2.5938,1.2761,-12.0872,0,Serve prepare 0.31,0,9,Drive,119.7459,115.9836,2.5002,0.7364,-12.7803,0.0636,1,1,Ready,0,9,18.246,10.9268,0.0122,0,Missed,,2.35,-12.35,-1.95,11.2,0,0,0,3.5687,0,0
223,PlayerServeHold,None,1,0,52,0.1676,2.4606,-16.7551,2.5975,1.2824,-12.0897,0,Serve prepare 0.32,0,9,Drive,119.1138,117.8989,2.268,0.6948,-12.9183,0.1495,1,1,Ready,0,9,18.1502,10.7561,0.0152,0,Missed,,2.35,-12.35,-1.95,11.2,0,0,0,3.7007,0,0
224,PlayerServeHold,None,1,0,52,0.1675,2.4605,-16.7551,2.6035,1.2936,-12.0937,0,Serve prepare 0.33,0,9,Drive,118.7074,119.1211,2.2598,0.6953,-12.9284,0.0972,1,1,Ready,0,9,18.11,10.5997,0.0201,0,Missed,,2.35,-12.35,-1.95,11.2,0,0,0,2.8831,0,0
225,PlayerServeHold,None,1,0,52,0.1673,2.4604,-16.7551,2.6065,1.2984,-12.0958,0,Serve prepare 0.34,0,9,Drive,117.6991,120.6548,2.2755,0.6979,-12.9275,0.2172,1,1,Ready,0,9,18.1664,10.4912,0.0132,0,Missed,,2.35,-12.35,-1.95,11.2,0,0,0,3.3708,0,0
226,PlayerServeHold,None,1,0,52,0.1671,2.4603,-16.7551,2.6108,1.3063,-12.0986,0,Serve prepare 0.35,0,9,Drive,117.0887,121.7547,2.2661,0.6845,-12.9017,0.1284,1,1,Ready,0,9,18.4076,10.4806,0.0121,0,Missed,,2.35,-12.35,-1.95,11.2,0,0,0,2.791,0,0
227,PlayerServeHold,None,1,0,52,0.167,2.4603,-16.7551,2.6128,1.3094,-12.1001,0,Serve prepare 0.36,0,9,Drive,119.6031,121.9874,2.2908,0.6823,-12.9102,0.7636,1,1,Ready,0,9,18.7066,10.5073,0.0173,0,Missed,,2.35,-12.35,-1.95,11.2,0,0,0,4.4382,0,0
228,PlayerServeHold,None,1,0,52,0.1668,2.4603,-16.7551,2.6152,1.3136,-12.1018,0,Serve prepare 0.37,0,9,Drive,119.2687,122.3948,2.2814,0.6871,-12.9252,0.0789,1,1,Ready,0,9,18.9663,10.5292,0.0093,0,Missed,,2.35,-12.35,-1.95,11.2,0,0,0,3.8406,0,0
229,PlayerServeHold,None,1,0,52,0.1665,2.4603,-16.7551,2.6162,1.3146,-12.1026,0,Serve prepare 0.38,0,9,Drive,112.6249,124.2749,2.2882,0.6984,-12.9276,1.2395,1,1,Ready,0,9,19.2033,10.5646,0.0074,0,Missed,,2.35,-12.35,-1.95,11.2,0,0,0,7.3427,0,0
230,PlayerServeToss,Toss,1,0,48,1.8,0.455,-13.75,2.6166,1.315,-12.103,0,Serve prepare 0.39,0,9,Drive,111.4755,125.2809,2.2752,0.6996,-12.9411,0.0905,1,1,Ready,0,9,19.3898,10.6127,0.0165,0,Missed,,2.35,-12.35,-1.95,11.2,-4,0,0,6.8191,0,0
231,PlayerServeToss,Toss,1,0,48,1.8,0.455,-13.75,2.6143,1.3653,-12.1032,0,Serve prepare 0.40,0,9,Drive,109.1196,126.2779,2.2483,0.707,-12.9646,0.1538,1,1,Ready,0,9,19.5648,10.6983,0.018,0,Missed,,2.35,-12.35,-1.95,11.2,0,0,0,6.7929,0,0
232,PlayerServeToss,Toss,1,0,48,1.8,0.455,-13.75,2.6097,1.464,-12.1036,0,Serve prepare 0.40,0,9,Drive,109.1196,127.4995,2.2428,0.6969,-12.9573,0,1,1,Ready,0,9,19.7557,10.8474,0.0115,0,Missed,,2.35,-12.35,-1.95,11.2,0,0,0,4.3533,0,0
233,PlayerServeToss,Toss,1,0,48,1.8,0.455,-13.75,2.6073,1.5123,-12.1039,0,Serve prepare 0.42,0,9,Drive,108.5179,128.6198,2.2282,0.6928,-12.9581,0.0419,1,1,Ready,0,9,19.9636,11.0471,0.0099,0,Missed,,2.35,-12.35,-1.95,11.2,0,0,0,2.6471,0,0
234,PlayerServeToss,Toss,1,0,48,1.8,0.455,-13.75,2.6027,1.6068,-12.1043,0,Serve prepare 0.42,0,9,Drive,108.2107,129.6219,2.2188,0.6874,-12.9554,0.0115,1,1,Ready,0,9,20.2063,11.2921,0.0098,0,Missed,,2.35,-12.35,-1.95,11.2,0,0,0,0.9354,0,0
235,PlayerServeToss,Toss,1,0,48,1.8,0.455,-13.75,2.6004,1.6531,-12.1045,0,Serve prepare 0.44,0,9,Drive,107.6668,130.3657,2.2045,0.6889,-12.9576,0.0443,1,1,Ready,0,9,20.4593,11.5707,0.0096,0,Missed,,2.35,-12.35,-1.95,11.2,0,0,0,0.4388,0,0
236,PlayerServeToss,Toss,1,0,48,1.8,0.455,-13.75,2.5957,1.7436,-12.1049,0,Serve prepare 0.45,0,9,Drive,107.412,130.9508,2.1961,0.6887,-12.957,0.047,1,1,Ready,0,9,20.7493,11.8993,0.0057,0,Missed,,2.35,-12.35,-1.95,11.2,0,0,0,1.2143,0,0
237,PlayerServeToss,Toss,1,0,48,1.8,0.455,-13.75,2.5934,1.7878,-12.1051,0,Serve prepare 0.46,0,9,Drive,106.9168,131.2468,2.183,0.6964,-12.9606,0.1095,1,1,Ready,0,9,20.9426,12.1825,0.0081,0,Missed,,2.35,-12.35,-1.95,11.2,0,0,0,1.5552,0,0
238,PlayerServeToss,Toss,1,0,48,1.8,0.455,-13.75,2.5888,1.8742,-12.1056,0,Serve prepare 0.47,0,9,Drive,106.7301,131.4732,2.176,0.7007,-12.962,0.0461,1,1,Ready,0,9,20.9203,12.3399,0.0117,0,Missed,,2.35,-12.35,-1.95,11.2,0,0,0,1.8018,0,0
239,PlayerServeToss,Toss,1,0,48,1.8,0.455,-13.75,2.5864,1.9163,-12.1058,0,Serve prepare 0.49,0,9,Drive,106.3603,131.5276,2.1649,0.7124,-12.9661,0.0573,1,1,Ready,0,9,20.6863,12.3769,0.0135,0,Missed,,2.35,-12.35,-1.95,11.2,0,0,0,1.6027,0,0
240,PlayerServeToss,Toss,1,0,48,1.8,0.455,-13.75,2.5818,1.9986,-12.1062,0,Serve prepare 0.50,0,9,Drive,106.2127,131.5858,2.1591,0.7194,-12.9683,0.0592,1,1,Ready,0,9,20.176,12.27,0.0179,0,Missed,,2.35,-12.35,-1.95,11.2,0,0,0,1.4396,0,0
241,PlayerServeToss,Toss,1,0,48,1.8,0.455,-13.75,2.5795,2.0388,-12.1064,0,Serve prepare 0.51,0,9,Drive,105.9258,131.5319,2.149,0.7335,-12.9718,0.1723,1,1,Ready,0,9,19.4804,12.041,0.0151,0,Missed,,2.35,-12.35,-1.95,11.2,0,0,0,1.1467,0,0
242,PlayerServeToss,Toss,1,0,48,1.8,0.455,-13.75,2.5748,2.117,-12.1069,0,Serve prepare 0.52,0,9,Drive,105.7827,131.5617,2.1435,0.7423,-12.9736,0.0963,1,1,Ready,0,9,18.6386,11.6814,0.0031,0,Missed,,2.35,-12.35,-1.95,11.2,0,0,0,0.8523,0,0
243,PlayerServeToss,Toss,1,0,48,1.8,0.455,-13.75,2.5725,2.1551,-12.1071,0,Serve prepare 0.54,0,9,Drive,105.5759,131.5673,2.1335,0.7542,-12.9758,0.779,1,1,Ready,0,9,17.7306,11.2279,0.0048,0,Missed,,2.35,-12.35,-1.95,11.2,0,0,0,0.8605,0,0
244,PlayerServeToss,Toss,1,0,48,1.8,0.455,-13.75,2.5679,2.2292,-12.1075,0,Serve prepare 0.55,0,9,Drive,105.4794,131.6993,2.1277,0.764,-12.9767,0.047,1,1,Ready,0,9,16.8161,10.696,0.0177,0,Missed,,2.35,-12.35,-1.95,11.2,0,0,0,0.7569,0,0
245,PlayerServeToss,Toss,1,0,48,1.8,0.455,-13.75,2.5656,2.2652,-12.1077,0,Serve prepare 0.56,0,9,Drive,105.3055,131.8656,2.117,0.7807,-12.9767,0.0909,1,1,Ready,0,9,15.9815,10.1039,0.2052,0,Missed,,2.35,-12.35,-1.95,11.2,0,0,0,0.9022,0,0
246,PlayerServeToss,Toss,1,0,48,1.8,0.455,-13.75,2.5609,2.3352,-12.1081,0,Serve prepare 0.57,0,9,Drive,105.2307,132.1161,2.1106,0.79,-12.976,0.0452,1,1,Ready,0,9,15.3497,9.4668,0.2919,0,Missed,,2.35,-12.35,-1.95,11.2,0,0,0,0.8242,0,0
247,PlayerServeToss,Toss,1,0,48,1.8,0.455,-13.75,2.5586,2.3692,-12.1084,0,Serve prepare 0.59,0,9,Drive,105.067,132.4318,2.0996,0.8057,-12.9737,0.0789,1,1,Ready,0,9,14.8539,8.7717,0.3006,0,Missed,,2.35,-12.35,-1.95,11.2,0,0,0,0.9569,0,0
248,PlayerServeToss,Toss,1,0,48,1.8,0.455,-13.75,2.554,2.4352,-12.1088,0,Serve prepare 0.59,0,9,Drive,105.0084,132.7718,2.0928,0.814,-12.9716,0.0309,1,1,Ready,0,9,14.4748,8.0188,0.2945,0,Missed,,2.35,-12.35,-1.95,11.2,0,0,0,0.7913,0,0
249,PlayerServeToss,Toss,1,0,48,1.8,0.455,-13.75,2.5516,2.4671,-12.109,0,Serve prepare 0.61,0,9,Drive,104.876,133.1876,2.082,0.8282,-12.9678,0.0397,1,1,Ready,0,9,14.1999,7.2108,0.1596,0,Missed,,2.35,-12.35,-1.95,11.2,0,0,0,0.8252,0,0
250,PlayerServeToss,Toss,1,0,48,1.8,0.455,-13.75,2.547,2.529,-12.1094,0,Serve prepare 0.62,0,9,Drive,104.8228,133.5778,2.0752,0.8356,-12.9649,0.0142,1,1,Ready,0,9,14.0302,6.3618,0.1551,0,Missed,,2.35,-12.35,-1.95,11.2,0,0,0,0.6193,0,0
251,PlayerServeToss,Toss,1,0,48,1.8,0.455,-13.75,2.5447,2.5589,-12.1096,0,Serve prepare 0.63,0,9,Drive,104.719,134.0587,2.0645,0.8489,-12.9599,0.0298,1,1,Ready,0,9,13.9082,5.4785,0.2889,0,Missed,,2.35,-12.35,-1.95,11.2,0,0,0,0.6343,0,0
252,PlayerServeToss,Toss,1,0,48,1.8,0.455,-13.75,2.54,2.6167,-12.1101,0,Serve prepare 0.64,0,9,Drive,104.6855,134.4453,2.0578,0.8555,-12.9565,0.0195,1,1,Ready,0,9,13.7775,4.5831,0.3517,0,Missed,,2.35,-12.35,-1.95,11.2,0,0,0,0.4334,0,0
253,PlayerServeToss,Toss,1,0,48,1.8,0.455,-13.75,2.5377,2.6445,-12.1103,0,Serve prepare 0.66,0,9,Drive,104.6399,134.8927,2.0473,0.8674,-12.9506,0.0475,1,1,Ready,0,9,13.6457,3.6911,0.3125,0,Missed,,2.35,-12.35,-1.95,11.2,0,0,0,0.458,0,0
254,PlayerServeToss,Toss,1,0,48,1.8,0.455,-13.75,2.5331,2.6982,-12.1107,0,Serve prepare 0.67,0,9,Drive,104.5914,135.2337,2.0411,0.8732,-12.9468,0.0312,1,1,Ready,0,9,13.4986,2.8339,0.1047,0,Missed,,2.35,-12.35,-1.95,11.2,0,0,0,0.319,0,0
255,PlayerServeToss,Toss,1,0,48,1.8,0.455,-13.75,2.5307,2.724,-12.1109,0,Serve prepare 0.68,0,9,Drive,104.5127,135.6596,2.031,0.8833,-12.9402,0.0792,1,1,Ready,0,9,13.3425,2.0016,0.0423,0,Missed,,2.35,-12.35,-1.95,11.2,0,0,0,0.4168,0,0
256,PlayerServeToss,Toss,1,0,48,1.8,0.455,-13.75,2.5261,2.7736,-12.1114,0,Serve prepare 0.69,0,9,Drive,104.467,135.9746,2.0252,0.8886,-12.9363,0.0434,1,1,Ready,0,9,12.9093,1.4318,0.2463,0,Missed,,2.35,-12.35,-1.95,11.2,0,0,0,0.3239,0,0
257,PlayerServeToss,Toss,1,0,48,1.8,0.455,-13.75,2.5238,2.7974,-12.1116,0,Serve prepare 0.71,0,9,Drive,104.2856,136.4185,2.016,0.8981,-12.9288,0.0954,1,1,Ready,0,9,12.2723,0.7936,0.1556,0,Missed,,2.35,-12.35,-1.95,11.2,0,0,0,0.4894,0,0
258,PlayerServeToss,Toss,1,0,48,1.8,0.455,-13.75,2.5191,2.8429,-12.112,0,Serve prepare 0.71,0,9,Drive,104.1978,136.7517,2.0108,0.9033,-12.9242,0.046,1,1,Ready,0,9,11.0898,-0.1245,0.1664,0,Missed,,2.35,-12.35,-1.95,11.2,0,0,0,0.4298,0,0
259,PlayerServeToss,Toss,1,0,48,1.8,0.455,-13.75,2.5168,2.8646,-12.1122,0,Serve prepare 0.73,0,9,Drive,103.9322,137.2511,2.0025,0.9131,-12.9156,0.0952,1,1,Ready,0,9,9.6275,-1.1278,0.261,0,Missed,,2.35,-12.35,-1.95,11.2,0,0,0,0.71,0,0
260,PlayerServeToss,Toss,1,0,48,1.8,0.455,-13.75,2.5122,2.9061,-12.1127,0,Serve prepare 0.74,0,9,Drive,103.7923,137.653,1.9974,0.918,-12.9101,0.0508,1,1,Ready,0,9,7.9218,-2.1697,0.2273,0,Missed,,2.35,-12.35,-1.95,11.2,0,0,0,0.6807,0,0
261,PlayerServeToss,Toss,1,0,48,1.8,0.455,-13.75,2.5099,2.9257,-12.1129,0,Serve prepare 0.75,0,9,Drive,103.4453,138.2561,1.9893,0.9273,-12.9003,0.1005,1,1,Ready,0,9,6.2934,-3.1043,0.1968,0,Missed,,2.35,-12.35,-1.95,11.2,0,0,0,0.9899,0,0
262,PlayerServeToss,Toss,1,0,48,1.8,0.455,-13.75,2.5052,2.9631,-12.1133,0,Serve prepare 0.76,0,9,Drive,103.2352,138.7696,1.9837,0.9318,-12.8939,0.0468,1,1,Ready,0,9,5.0533,-3.8405,0.1171,0,Missed,,2.35,-12.35,-1.95,11.2,0,0,0,0.9463,0,0
263,PlayerServeToss,Toss,1,0,48,1.8,0.455,-13.75,2.5029,2.9807,-12.1135,0,Serve prepare 0.78,0,9,Drive,102.786,139.5242,1.9756,0.9404,-12.8831,0.0843,1,1,Ready,0,9,4.2097,-4.2993,0.1365,0,Missed,,2.35,-12.35,-1.95,11.2,0,0,0,1.2784,0,0
264,PlayerServeToss,Toss,1,0,48,1.8,0.455,-13.75,2.4983,3.014,-12.1139,0,Serve prepare 0.79,0,9,Drive,102.5074,140.1777,1.9697,0.9445,-12.8758,0.036,1,1,Ready,0,9,3.9395,-4.3496,0.2227,0,Missed,,2.35,-12.35,-1.95,11.2,0,0,0,1.1902,0,0
265,PlayerServeToss,Toss,1,0,48,1.8,0.455,-13.75,2.4959,3.0296,-12.1142,0,Serve prepare 0.80,0,9,Drive,101.9683,141.0882,1.9616,0.9525,-12.8639,0.0652,1,1,Ready,0,9,4.0308,-4.0772,0.2767,0,Missed,,2.35,-12.35,-1.95,11.2,0,0,0,1.4841,0,0
266,PlayerServeToss,Toss,1,0,48,1.8,0.455,-13.75,2.4913,3.0587,-12.1146,0,Serve prepare 0.81,0,9,Drive,101.6532,141.8602,1.9553,0.9561,-12.8555,0.0308,1,1,Ready,0,9,4.3892,-3.4342,0.3455,0,Missed,,2.35,-12.35,-1.95,11.2,0,0,0,1.3074,0,0
267,PlayerServeToss,Toss,1,0,48,1.8,0.455,-13.75,2.489,3.0723,-12.1148,0,Serve prepare 0.83,0,9,Drive,100.9485,142.8922,1.9471,0.9635,-12.8422,0.0607,1,1,Ready,0,9,4.867,-2.5828,0,0,Missed,,2.35,-12.35,-1.95,11.2,0,0,0,1.6222,0,0
268,PlayerServeToss,Toss,1,0,48,1.8,0.455,-13.75,2.4843,3.0974,-12.1152,0,Serve prepare 0.84,0,9,Drive,100.6074,143.746,1.9404,0.9667,-12.8326,0.0296,1,1,Ready,0,9,5.2835,-1.6123,0,0,Missed,,2.35,-12.35,-1.95,11.2,0,0,0,1.3423,0,0
269,PlayerServeToss,Toss,1,0,48,1.8,0.455,-13.75,2.482,3.1089,-12.1154,0,Serve prepare 0.85,0,9,Drive,99.8466,144.8446,1.9322,0.9737,-12.8181,0.0545,1,1,Ready,0,9,5.673,-0.5978,0,0,Missed,,2.35,-12.35,-1.95,11.2,0,0,0,1.5806,0,0
270,PlayerServeToss,Toss,1,0,48,1.8,0.455,-13.75,2.4774,3.1299,-12.1159,0,Serve prepare 0.86,0,9,Drive,99.4689,145.7493,1.9257,0.9764,-12.8079,0.026,1,1,Ready,0,9,6.0098,0.3546,0,0,Missed,,2.35,-12.35,-1.95,11.2,0,0,0,1.2642,0,0
271,PlayerServeToss,Toss,1,0,48,1.8,0.455,-13.75,2.4751,3.1393,-12.1161,0,Serve prepare 0.88,0,9,Drive,98.7185,146.845,1.9179,0.9825,-12.7926,0.0541,1,1,Ready,0,9,6.2964,1.2323,0,0,Missed,,2.35,-12.35,-1.95,11.2,0,0,0,1.4243,0,0
272,PlayerServeToss,Toss,1,0,48,1.8,0.455,-13.75,2.4704,3.1562,-12.1165,0,Serve prepare 0.88,0,9,Drive,98.3194,147.7299,1.9118,0.9846,-12.782,0.0294,1,1,Ready,0,9,6.5267,1.9709,0,0,Missed,,2.35,-12.35,-1.95,11.2,0,0,0,1.0893,0,0
273,PlayerServeToss,Toss,1,0,48,1.8,0.455,-13.75,2.4681,3.1636,-12.1167,0,Serve prepare 0.90,0,9,Drive,97.5494,148.7591,1.9046,0.9897,-12.7663,0.0685,1,1,Ready,0,9,6.7017,2.5798,0,0,Missed,,2.35,-12.35,-1.95,11.2,0,0,0,1.2386,0,0
274,PlayerServeToss,Toss,1,0,48,1.8,0.455,-13.75,2.4634,3.1764,-12.1172,0,Serve prepare 0.91,0,9,Drive,97.1361,149.5919,1.899,0.9913,-12.7556,0.0374,1,1,Ready,0,9,6.8357,3.0442,0,0,Missed,,2.35,-12.35,-1.95,11.2,0,0,0,0.9279,0,0
275,PlayerServeToss,Toss,1,0,48,1.8,0.455,-13.75,2.4611,3.1818,-12.1174,0,Serve prepare 0.92,0,9,Drive,96.3186,150.5378,1.8926,0.9955,-12.7398,0.0767,1,1,Ready,0,9,6.8777,3.3533,0,0,Missed,,2.35,-12.35,-1.95,11.2,0,0,0,1.0857,0,0
276,PlayerServeToss,Toss,1,0,48,1.8,0.455,-13.75,2.4565,3.1905,-12.1178,0,Serve prepare 0.93,0,9,Drive,95.8769,151.3048,1.8879,0.9967,-12.7294,0.0377,1,1,Ready,0,9,6.7249,3.4757,0,0,Missed,,2.35,-12.35,-1.95,11.2,0,0,0,0.8356,0,0
277,PlayerServeToss,Toss,1,0,48,1.8,0.455,-13.75,2.4542,3.1939,-12.118,0,Serve prepare 0.95,0,9,Drive,94.999,152.1373,1.8828,1.0001,-12.7138,0.07,1,1,Ready,0,9,6.5538,3.4864,0.2251,0,Missed,,2.35,-12.35,-1.95,11.2,0,0,0,0.9732,0,0
278,PlayerServeToss,Toss,1,0,48,1.8,0.455,-13.75,2.4495,3.1985,-12.1184,0,Serve prepare 0.96,0,9,Drive,94.5319,152.8239,1.8789,1.0009,-12.7035,0.0338,1,1,Ready,0,9,6.5278,3.3956,0.7176,0,Missed,,2.35,-12.35,-1.95,11.2,0,0,0,0.7496,0,0
279,PlayerServeToss,Toss,1,0,48,1.8,0.455,-13.75,2.4472,3.1998,-12.1187,0,Serve prepare 0.97,0,9,Drive,93.5592,153.5601,1.8751,1.0034,-12.6881,0.0662,1,1,Ready,0,9,6.567,3.3259,0.7274,0,Missed,,2.35,-12.35,-1.95,11.2,0,0,0,0.9388,0,0
280,PlayerServeToss,Toss,1,0,48,1.8,0.455,-13.75,2.4426,3.2004,-12.1191,0,Serve prepare 0.98,0,9,Drive,93.0748,154.1774,1.8721,1.0038,-12.6781,0.0322,1,1,Ready,0,9,6.6341,3.4274,0.62,0,Missed,,2.35,-12.35,-1.95,11.2,0,0,0,0.7317,0,0
281,PlayerServeToss,Toss,1,0,48,1.8,0.455,-13.75,2.4402,3.1996,-12.1193,0,Serve prepare 1.00,0,9,Drive,92.0284,154.8258,1.8694,1.0055,-12.6629,0.0628,1,1,Ready,0,9,6.7675,3.6782,0.4815,0,Missed,,2.35,-12.35,-1.95,11.2,0,0,0,0.9699,0,0
282,PlayerServeToss,Toss,1,0,48,1.8,0.455,-13.75,2.4356,3.1961,-12.1197,0,Serve prepare 1.00,0,9,Drive,91.8183,155.3429,1.867,1.0046,-12.6564,0,1,1,Ready,0,9,6.9787,4.1121,0.3449,0,Missed,,2.35,-12.35,-1.95,11.2,0,0,0,0.5264,0,0
283,PlayerServeToss,Toss,1,0,48,1.8,0.455,-13.75,2.4333,3.1933,-12.1199,0,Serve prepare 1.00,0,9,Drive,91.8183,155.7613,1.865,1.0034,-12.6527,0,1,1,Ready,0,9,7.3026,4.7318,0.2572,0,Missed,,2.35,-12.35,-1.95,11.2,0,0,0,0,0,0
284,PlayerServeToss,Toss,1,0,48,1.8,0.455,-13.75,2.4286,3.1856,-12.1204,0,Serve prepare 1.00,0,9,Drive,91.8183,156.0716,1.8635,1.0024,-12.65,0,1,1,Ready,0,9,7.7361,5.5685,0.1005,0,Missed,,2.35,-12.35,-1.95,11.2,0,0,0,0.3561,0,0
285,PlayerServeToss,Toss,1,0,48,1.8,0.455,-13.75,2.4263,3.1808,-12.1206,0,Serve prepare 1.00,0,9,Drive,91.8183,156.2693,1.8626,1.0017,-12.6482,0,1,1,Ready,0,9,8.4059,6.5473,0.1805,0,Missed,,2.35,-12.35,-1.95,11.2,0,0,0,0.5948,0,0
286,PlayerServeToss,Toss,1,0,48,1.8,0.455,-13.75,2.4217,3.1691,-12.121,0,Serve prepare 1.00,0,9,Drive,91.8183,156.3628,1.8621,1.0013,-12.6474,0,1,1,Ready,0,9,9.5168,7.5915,0.1014,0,Missed,,2.35,-12.35,-1.95,11.2,0,0,0,0.71,0,0
287,PlayerServeToss,Toss,1,0,48,1.8,0.455,-13.75,2.4194,3.1622,-12.1212,0,Serve prepare 1.00,0,9,Drive,91.8183,156.3693,1.8621,1.0013,-12.6474,0,1,1,Ready,0,9,10.8063,8.6406,0.2468,0,Missed,,2.35,-12.35,-1.95,11.2,0,0,0,0.7198,0,0
288,PlayerServeToss,Toss,1,0,48,1.8,0.455,-13.75,2.4147,3.1464,-12.1217,0,Serve prepare 1.00,0,9,Drive,91.8183,156.3108,1.8624,1.0014,-12.6479,0.8725,1,1,Ready,0,9,12.1754,9.6703,0.4786,0,Missed,,2.35,-12.35,-1.95,11.2,0,0,0,0.6525,0,0
289,PlayerServeToss,Toss,1,0,48,1.8,0.455,-13.75,2.4124,3.1375,-12.1219,0,Serve prepare 1.00,0,9,Drive,91.8183,156.2104,1.8629,1.0016,-12.6488,0.0276,1,1,Ready,0,9,13.363,10.5302,0.4172,0,Missed,,2.35,-12.35,-1.95,11.2,0,0,0,0.5338,0,0
290,PlayerServeToss,Toss,1,0,48,1.8,0.455,-13.75,2.4077,3.1176,-12.1223,0,Serve prepare 1.00,0,9,Drive,91.8183,156.0894,1.8634,1.002,-12.6499,0,1,1,Ready,0,9,14.0831,11.1232,0,0,Missed,,2.35,-12.35,-1.95,11.2,0,0,0,0.3877,0,0
291,PlayerServeToss,Toss,1,0,48,1.8,0.455,-13.75,2.4054,3.1066,-12.1225,0,Serve prepare 1.00,0,9,Drive,91.8183,155.966,1.864,1.0023,-12.651,0,1,1,Ready,0,9,14.3623,11.382,0,0,Missed,,2.35,-12.35,-1.95,11.2,0,0,0,0.2407,0,0
292,PlayerServeToss,Toss,1,0,48,1.8,0.455,-13.75,2.4008,3.0826,-12.123,0,Serve prepare 1.00,0,9,Drive,91.8183,155.8537,1.8646,1.0026,-12.652,0,1,1,Ready,0,9,14.0482,11.1737,0,0,Missed,,2.35,-12.35,-1.95,11.2,0,0,0,0,0,0
293,PlayerServeToss,Toss,1,0,48,1.8,0.455,-13.75,2.3985,3.0696,-12.1232,0,Serve prepare 1.00,0,9,Drive,91.8183,155.7616,1.865,1.0029,-12.6528,0,1,1,Ready,0,9,13.4055,10.6331,0,0,Missed,,2.35,-12.35,-1.95,11.2,0,0,0,0,0,0
294,PlayerServeToss,Toss,1,0,48,1.8,0.455,-13.75,2.3938,3.0416,-12.1236,0,Serve prepare 1.00,0,9,Drive,91.8183,155.6934,1.8653,1.0031,-12.6534,0,1,1,Ready,0,9,12.5846,9.7801,0,0,Missed,,2.35,-12.35,-1.95,11.2,0,0,0,0,0,0
295,PlayerServeToss,Toss,1,0,48,1.8,0.455,-13.75,2.3915,3.0265,-12.1238,0,Serve prepare 1.00,0,9,Drive,91.8183,155.6508,1.8656,1.0033,-12.6538,0,1,1,Ready,0,9,11.7423,8.7473,6.8527,0,Missed,,2.35,-12.35,-1.95,11.2,0,0,0,0,0,0
296,PlayerServeToss,Toss,1,0,48,1.8,0.455,-13.75,2.3869,2.9944,-12.1242,0,Serve prepare 1.00,0,9,Drive,91.8183,155.6316,1.8656,1.0034,-12.6539,0,1,1,Ready,0,9,11.0937,7.6123,0.6661,0,Missed,,2.35,-12.35,-1.95,11.2,0,0,0,0.1631,0,0
297,PlayerServeToss,Toss,1,0,48,1.8,0.455,-13.75,2.3845,2.9773,-12.1245,0,Serve prepare 1.00,0,9,Drive,91.8183,155.6318,1.8656,1.0034,-12.6539,0,1,1,Ready,0,9,10.5784,6.4779,2.6745,0,Missed,,2.35,-12.35,-1.95,11.2,0,0,0,0.1631,0,0
298,PlayerServeToss,Toss,1,0,48,1.8,0.455,-13.75,2.3799,2.941,-12.1249,0,Serve prepare 1.00,0,9,Drive,91.8183,155.6463,1.8656,1.0033,-12.6538,0,1,1,Ready,0,9,10.1833,5.4613,0.6946,0,Missed,,2.35,-12.35,-1.95,11.2,0,0,0,0,0,0
299,PlayerServeToss,Toss,1,0,48,1.8,0.455,-13.75,2.3776,2.9219,-12.1251,0,Serve prepare 1.00,0,9,Drive,91.8183,155.6698,1.8655,1.0033,-12.6536,0,1,1,Ready,0,9,9.9815,4.6268,0.6638,0,Missed,,2.35,-12.35,-1.95,11.2,0,0,0,0,0,0
300,PlayerServeToss,Toss,1,0,48,1.8,0.455,-13.75,2.3729,2.8815,-12.1255,0,Serve prepare 1.00,0,9,Drive,91.8183,155.6977,1.8653,1.0032,-12.6534,0,1,1,Ready,0,9,10.0504,4.0975,0.4963,0,Missed,,2.35,-12.35,-1.95,11.2,0,0,0,0,0,0
301,PlayerServeToss,Toss,1,0,48,1.8,0.455,-13.75,2.3706,2.8603,-12.1257,0,Serve prepare 1.00,0,9,Drive,91.8183,155.7257,1.8652,1.0031,-12.6531,0,1,1,Ready,0,9,10.3519,3.8425,0.1797,0,Missed,,2.35,-12.35,-1.95,11.2,0,0,0,0,0,0
302,PlayerServeToss,Toss,1,0,48,1.8,0.455,-13.75,2.366,2.8159,-12.1262,0,Serve prepare 1.00,0,9,Drive,91.8183,155.7509,1.8651,1.0031,-12.6529,0,1,1,Ready,0,9,10.8631,3.8998,0.4289,0,Missed,,2.35,-12.35,-1.95,11.2,0,0,0,0,0,0
303,PlayerServeToss,Toss,1,0,48,1.8,0.455,-13.75,2.3637,2.7927,-12.1264,0,Serve prepare 1.00,0,9,Drive,91.8183,155.7696,1.865,1.003,-12.6527,0,1,1,Ready,0,9,11.6207,4.2079,0.7022,0,Missed,,2.35,-12.35,-1.95,11.2,0,0,0,0,0,0
304,PlayerServeToss,Toss,1,0,48,1.8,0.455,-13.75,2.359,2.7442,-12.1268,0,Serve prepare 1.00,1,0.1717,Serve,37.0388,168.699,1.8244,0.9871,-12.4161,0,1,1,Ready,0,9,12.7209,4.7293,0.776,0,Missed,,2.35,-12.35,-1.95,11.2,0,0,0,18.8253,0,0
305,PlayerServeToss,Toss,1,0,48,1.8,0.455,-13.75,2.3567,2.7189,-12.127,0,Serve swing,1,0.1633,Serve,78.5118,167.2597,1.8338,0.9921,-12.5554,0.015,1,1,Ready,0,9,13.959,5.3852,0.7581,0,Missed,,2.35,-12.35,-1.95,11.2,0,0,0,1.2087,0,0
306,PlayerServeToss,Toss,1,0,48,1.8,0.455,-13.75,2.352,2.6663,-12.1275,0,Serve swing,1,0.1467,Serve,63.0274,-176.1931,1.8413,0.9918,-12.3592,0.1381,1,1,Ready,0,9,15.214,6.0957,0.659,0,Missed,,2.35,-12.35,-1.95,11.2,0,0,0,0,0,0
307,PlayerServeToss,Toss,1,0,48,1.8,0.455,-13.75,2.3497,2.639,-12.1277,0,Serve swing,1,0.1383,Serve,55.3692,-168.0531,1.8945,1.0083,-12.2335,0.6617,1,1,Ready,0,9,16.3582,6.8555,0.5543,0,Missed,,2.35,-12.35,-1.95,11.2,0,0,0,0,0,0
308,PlayerServeToss,Toss,1,0,48,1.8,0.455,-13.75,2.3451,2.5823,-12.1281,0,Serve swing,1,0.1217,Serve,30.9216,-151.6752,2.0599,1.105,-12.0246,0.4114,1,1,Ready,0,9,17.2246,7.6629,0.4195,0,Missed,,2.35,-12.35,-1.95,11.2,0,0,0,0,0,0
309,PlayerServeToss,Toss,1,0,48,1.8,0.455,-13.75,2.3428,2.553,-12.1283,0,Serve swing,1,0.1133,Serve,21.0238,-145.4517,2.1439,1.1849,-11.9853,0.5062,1,1,Ready,0,9,17.8362,8.4862,0.2836,0,Missed,,2.35,-12.35,-1.95,11.2,0,0,0,0,0,0
310,PlayerServeToss,Toss,1,0,48,1.8,0.455,-13.75,2.3381,2.4922,-12.1287,0,Serve swing,1,0.0967,Serve,2.4891,-159.2012,2.2151,1.3491,-12.035,1.7263,1,1,Ready,0,9,18.1129,9.296,0.0334,0,Missed,,2.35,-12.35,-1.95,11.2,0,0,0,0,0,0
311,PlayerServeToss,Toss,1,0,48,1.8,0.455,-13.75,2.3358,2.4608,-12.129,0,Serve swing,1,0.0883,Serve,1.2855,-175.466,2.2243,1.4281,-12.097,0.6893,1,1,Ready,0,9,18.2027,10.0914,0.0768,0,Missed,,2.35,-12.35,-1.95,11.2,0,0,0,0,0,0
312,PlayerServeToss,Toss,1,0,48,1.8,0.455,-13.75,2.3312,2.3959,-12.1294,0,Serve swing,1,0.0717,Serve,-12.739,142.7601,2.1151,1.5609,-12.3342,2.1737,1,1,Ready,0,9,18.175,10.8361,0.0326,0,Missed,,2.35,-12.35,-1.95,11.2,0,0,0,0,0,0
313,PlayerServeToss,Toss,1,0,48,1.8,0.455,-13.75,2.3288,2.3625,-12.1296,0,Serve swing,1,0.0633,Serve,41.7957,130.9695,2.1532,1.507,-12.5608,0,1,1,Ready,0,9,18.1639,11.5258,0.0492,0,Missed,,2.35,-12.35,-1.95,11.2,0,0,0,0,0,0
314,PlayerServeToss,Toss,1,0,48,1.8,0.455,-13.75,2.3242,2.2936,-12.13,0,Serve swing,1,0.0467,Serve,29.2541,88.92,2.3538,1.7866,-12.2801,11.8638,1,1,Ready,0,9,18.3662,12.1082,0.0395,0,Missed,,2.35,-12.35,-1.95,11.2,0,0,0,0,0,0
315,PlayerServeToss,Toss,1,0,48,1.8,0.455,-13.75,2.3219,2.2581,-12.1302,0,Serve swing,1,0.0383,Serve,0.7394,76.4353,2.4782,1.8582,-12.0032,0,1,1,Ready,0,9,18.6366,12.5858,0.0401,0,Missed,,2.35,-12.35,-1.95,11.2,0,0,0,0,0,0
316,PlayerServeToss,Toss,1,0,48,1.8,0.455,-13.75,2.3172,2.185,-12.1307,0,Serve swing,1,0.0217,Serve,-1.7668,60.81,2.6291,1.8571,-11.9299,0,1,1,Ready,0,9,18.9379,12.9798,0.0175,0,Missed,,2.35,-12.35,-1.95,11.2,0,0,0,0,0,0
317,PlayerServeToss,Toss,1,0,48,1.8,0.455,-13.75,2.3149,2.1475,-12.1309,0,Serve swing,1,0.0133,Serve,13.6299,56.4426,2.7026,1.8778,-12.0068,0,1,1,Ready,0,9,19.1557,13.2191,0.0839,0,Missed,,2.35,-12.35,-1.95,11.2,0,0,0,0,0,0
318,Rally,None,1,0,55.1,1.2908,3.4973,-16.7506,2.2609,2.13,-11.8033,1,Serve swing,1,-0.0033,Serve,9.6889,43.9106,2.4756,1.7379,-12.2769,0,1,1,Ready,0,9,19.173,13.2732,0.2345,0.1217,Missed,,2.35,-12.35,-1.91,11.2,7.1,0,0,0,0,0
319,Rally,None,1,0,55.1216,1.281,3.4888,-16.7524,2.1557,2.1385,-11.3881,1,Serve follow,1,-0.02,Serve,20.8632,32.6077,2.4331,1.7174,-12.2592,0,1,1,Run,0,9,12.1235,6.2697,1.8631,0.0633,Missed,,2.3481,-12.3491,-1.8299,11.2,0.0216,0,0,0,0,0
320,Rally,None,1,0,55.1619,1.2703,3.4801,-16.7541,2.0504,2.1441,-10.9728,1,Serve follow,1,-0.0367,Serve,26.3114,19.8818,2.466,1.7059,-12.2386,0,1,1,Run,0,9,-1.1639,-6.7985,6.0199,0.005,Missed,,2.3438,-12.347,-1.7498,11.2,0.0403,0,0,0,0,0
321,Rally,None,1,0,55.2184,1.26,3.4724,-16.7548,1.8926,2.1471,-10.35,1,Serve follow,1,-0.0617,Serve,30.0276,5.6384,2.2421,1.6382,-12.0022,0,1,1,Run,0,9,-14.315,-19.8468,1.6482,0,Missed,,2.3325,-12.3415,-1.6297,11.2,0.0566,0,0,0,0,0
322,Rally,None,1,0,55.2892,1.2501,3.4658,-16.7547,1.7874,2.1456,-9.9347,1,Serve follow,1,-0.0783,Serve,27.0657,6.1466,2.3599,1.578,-11.9305,0,1,1,Run,0,9,-25.1336,-30.3312,1.0324,0,Missed,,2.3219,-12.3363,-1.5496,11.2,0.0708,0,0,3.2178,0,0
323,Rally,None,1,0,55.3723,1.24,3.46,-16.7533,1.6296,2.1379,-9.3119,1,Serve follow,1,-0.1033,Serve,22.4479,-2.4294,2.445,1.2744,-11.9162,0,1,1,Run,0,9,-33.3259,-37.7704,0.6656,0,Missed,,2.3013,-12.3262,-1.4295,11.2,0.0831,0,0,9.3772,0,0
324,Rally,None,1,0,55.4543,1.23,3.4551,-16.7511,1.5243,2.1292,-8.8966,1,Serve follow,1,-0.12,Serve,21.6597,-11.2461,2.4678,1.0815,-11.9413,1.522,1,1,Run,0,9,-39.3269,-42.6167,0.8149,0,Missed,,2.2845,-12.318,-1.3494,11.2,0.082,0,0,14.4674,0,0
325,Rally,None,1,0,55.5256,1.2198,3.4509,-16.7478,1.4191,2.1176,-8.4814,1,Serve follow,1,-0.1367,Serve,21.2946,-13.1077,2.4745,0.9649,-11.9985,1.828,1,1,Run,0,9,-43.8011,-45.4562,1.1823,0,Missed,,2.2652,-12.3085,-1.2693,11.2,0.0713,0,0,16.558,0,0
326,Rally,None,1,0,55.5875,1.2085,3.4472,-16.7428,1.2613,2.0949,-7.8585,1,Serve follow,1,-0.1617,Serve,19.1214,-11.832,2.4848,0.888,-12.0936,0.3244,1,1,Run,0,9,-46.9892,-47.0007,0,0,Missed,,2.2315,-12.292,-1.1492,11.2,0.062,0,0,12.7803,0,0
327,Rally,None,1,0,55.6414,1.1967,3.4441,-16.7368,1.1561,2.0762,-7.4433,1,Serve follow,1,-0.1783,Serve,19.434,-8.3274,2.4888,0.9139,-12.1637,0.5056,1,1,Run,0,9,-49.2795,-47.6705,7.5814,0,Missed,,2.2059,-12.2795,-1.0691,11.2,0.0539,0,0,7.6172,0,0
328,Rally,None,1,0,55.6883,1.1833,3.4415,-16.7289,0.9982,2.0427,-6.8204,1,Serve follow,1,-0.2033,Serve,18.1025,-2.8887,2.4688,0.946,-12.1999,0.1223,1,1,Run,0,9,-50.8132,-47.8828,0.6012,0,Missed,,2.1629,-12.2584,-0.949,11.2,0.0468,0,0,5.8954,0,0
329,Rally,None,1,0,55.729,1.1692,3.4392,-16.7199,0.893,2.0168,-6.4052,1,Serve follow,1,-0.22,Serve,17.9889,0.3201,2.5091,0.9792,-12.157,0.184,1,1,Run,0,9,-51.6143,-47.9458,0.4288,0,Missed,,2.1311,-12.2429,-1.029,11.2,0.0407,0,0,3.3815,0,0
330,Rally,None,1,0,55.7644,1.1545,3.4373,-16.7099,0.7878,1.9881,-5.9899,1,Serve follow,1,-0.2367,Serve,17.6257,3.0301,2.461,0.9531,-12.1755,0.1679,1,1,Run,0,9,-41.4525,-38.6152,0,0,Missed,,2.0968,-12.2261,-1.1091,11.2,0.0354,0,0,4.5659,0,0
331,Rally,None,1,0,55.7952,1.1376,3.4358,-16.6976,0.63,1.9396,-5.3671,1,Serve follow,1,-0.2617,Serve,17.2375,6.5423,2.4411,0.9453,-12.1298,0.2093,1,1,Run,0,9,-20.895,-19.9707,0,0,Missed,,2.0406,-12.1986,-1.2293,11.2,0.0308,0,0,4.1859,0,0
332,Rally,None,1,0,55.8219,1.1199,3.4345,-16.6843,0.5248,1.9037,-4.9518,1,Serve follow,1,-0.2783,Serve,17.2069,8.4358,2.4296,0.9202,-12.0836,0.4413,1,1,Run,0,9,-0.0678,-0.6569,0,0,Missed,,2.0001,-12.1788,-1.3093,11.2,0.0268,0,0,4.2353,0,0
333,Rally,None,1,0,55.8452,1.0997,3.4334,-16.6685,0.3669,1.8445,-4.329,1,Serve follow,0,9,Serve,17.0954,8.0019,2.3786,0.9225,-12.0568,0.1698,1,1,Run,0,9,16.3407,15.2567,12.9842,0,Missed,,1.9346,-12.1467,-1.4295,11.2,0.0233,0,0,4.2353,0,0
334,Rally,None,1,0,55.8654,1.0787,3.4325,-16.6518,0.2617,1.8014,-3.9137,1,Run,0,9,Serve,16.5954,17.04,2.3658,0.9704,-12.0746,0.3681,0.9555,0.8333,Backhand prepare 0.08,0,9,26.2026,27.753,6.595,0,Missed,,1.8878,-12.1238,-1.5095,11.2,0.0202,0,1.1806,6.6423,0,0
335,Rally,None,1,0,55.883,1.0568,3.4319,-16.6341,0.1565,1.7555,-3.4985,1,Run,0,9,Serve,15.2169,19.1061,2.3069,0.9665,-12.0563,0.2144,0.856,0.6667,Backhand prepare 0.17,0,9,30.109,34.2266,3.1825,0,Missed,,1.8385,-12.0997,-1.5896,11.2,0.0176,0,2.3611,2.3897,0,0
336,Rally,None,1,0,55.8983,1.032,3.4313,-16.6137,-0.0013,1.6813,-2.8756,1,Run,0,9,Serve,12.6103,16.8768,2.2249,0.9582,-11.9927,0.4206,0.7361,0.5,Backhand prepare 0.25,0,9,28.2686,35.5764,1.1712,0,Missed,,1.7599,-12.0612,-1.7098,11.2,0.0153,0,3.536,1.932,0,0
337,Rally,None,1,0,55.9116,1.0064,3.431,-16.5924,-0.1066,1.6282,-2.4604,1,Run,0,9,Serve,8.6376,12.7696,2.1654,0.9597,-11.9518,0,0.6155,0.3333,Backhand prepare 0.32,0,9,27.8613,35.564,0.683,0,Missed,,1.7044,-12.0341,-1.7898,11.2,0.0133,0,4.7222,1.634,0,0
338,Rally,None,1,0,55.9231,0.9777,3.4307,-16.5682,-0.2644,1.5432,-1.8375,1,Run,0,9,Serve,3.4376,7.1254,2.0663,0.94,-11.8482,0,0.5041,0.1667,Backhand prepare 0.35,0,9,26.3828,34.742,1.3104,0,Missed,,1.6165,-11.991,-1.91,11.2,0.0116,0,5.9028,1.5511,0,0
339,Rally,None,1,0,55.9332,0.9483,3.4306,-16.5432,-0.3696,1.483,-1.4223,1,Run,0,9,Serve,-2.6109,0.7567,1.9812,0.9213,-11.7746,0,0.4064,0,Backhand prepare 0.41,0,9,24.4171,32.947,2.0067,0,Missed,,1.5547,-11.9608,-1.99,11.2,0.01,0,7.0833,1.5501,0,0
340,Rally,None,1,0,55.9419,0.918,3.4305,-16.5175,-0.4748,1.4199,-1.007,1,Run,0,9,Serve,-8.948,-5.505,1.8786,0.8871,-11.698,0,0.3236,0,Backhand prepare 0.45,0,9,24.7457,32.0603,7.5659,0,Missed,,1.4918,-11.93,-2.0701,11.2,0.0087,0,8.2639,1.4712,0,0
341,Rally,None,1,0,55.9495,0.8849,3.4306,-16.4891,-0.6326,1.3199,-0.3842,1,Run,0,9,Serve,-15.0442,-12.3334,1.7288,0.8392,-11.5775,11.5529,0.2551,0,Backhand prepare 0.48,0,9,26.3552,31.922,5.0892,0,Missed,,1.3975,-11.8839,-2.1903,11.2,0.0076,0,7.3287,1.2735,0,0
342,Rally,None,1,0,55.952,0.8514,3.4307,-16.4603,-0.7379,1.2497,0.0311,1,Run,0,9,Serve,-20.5497,-18.0922,1.6027,0.8163,-11.4777,11.0625,0.1995,0,Backhand prepare 0.54,0,9,29.3826,32.2868,0.2434,0,Missed,,1.3346,-11.8531,-2.2703,11.2,0.0025,0,5.776,0.9861,0,0
343,Rally,None,1,0,55.8729,0.8154,3.4309,-16.4293,-0.8957,1.1389,0.6539,1,Run,0,9,Serve,-25.1264,-22.3261,1.4466,0.8183,-11.3783,6.4951,0.1549,0,Backhand prepare 0.58,0,9,31.263,33.0506,0,0,Missed,,1.2403,-11.807,-2.3905,11.2,-0.0792,0,4.5522,0.6892,0,0
344,Rally,None,1,0,55.7498,0.7796,3.4311,-16.3983,-1.0009,1.0615,1.0692,1,Run,0,9,Serve,-28.6563,-25.4284,1.3309,0.8318,-11.3129,5.7232,0.1195,0,Backhand prepare 0.63,0,9,28.3877,31.2707,0,0,Missed,,1.1775,-11.7762,-2.4705,11.2,-0.1231,0,3.5877,0.4378,0,0
345,Rally,None,1,0,55.5886,0.7437,3.4314,-16.3673,-1.1061,0.9813,1.4844,1,Run,0,9,Serve,-31.2685,-27.6785,1.2285,0.8472,-11.2644,4.0296,0.0918,0,Backhand prepare 0.67,0,9,25.7062,28.866,4.3351,0,Missed,,1.1146,-11.7454,-2.5506,11.2,-0.1612,0,2.8276,0.2812,0,0
346,Rally,None,1,0,55.367,0.7057,3.4317,-16.3344,-1.264,0.8555,2.1073,1,Run,0,9,Serve,-32.9809,-29.3229,1.1084,0.8509,-11.2105,1.831,0.0702,0,Backhand prepare 0.71,0,9,24.0073,25.9046,2.0368,0,Missed,,1.0203,-11.6993,-2.5691,11.2,-0.2215,0,2.2285,0.2504,0,0
347,Rally,None,1,0,55.1202,0.668,3.432,-16.3018,-1.3692,0.7681,2.5225,1,Run,0,9,Serve,-33.8419,-30.6122,1.0331,0.8312,-11.1808,3.7637,0.0534,0,Backhand prepare 0.76,0,9,21.7424,19.8681,0,0,Missed,,0.9574,-11.6685,-2.5691,11.2,-0.2469,0,1.7563,0.3761,0,0
348,Rally,None,1,0,54.8242,0.6284,3.4324,-16.2674,-1.527,0.6316,3.1454,1,Run,0,9,Serve,-34.0634,-31.6996,0.9369,0.8015,-11.1427,0,0.0405,0,Backhand prepare 0.80,0,9,16.5257,11.1576,0,0,Missed,,0.8631,-11.6224,-2.5691,11.2,-0.296,0,1.3842,0.6164,0,0
349,Rally,None,1,0,54.5126,0.5893,3.4329,-16.2335,-1.6322,0.537,3.5606,1,Run,0,9,Serve,-33.9024,-32.6533,0.8783,0.7873,-11.1242,0,0.0307,0,Backhand prepare 0.85,0,9,10.0683,-0.1212,0,0,Missed,,0.8002,-11.5916,-2.5691,11.2,-0.3116,0,1.0909,0.8502,0,0.0003
350,Rally,None,1,0,54.1875,0.5507,3.4333,-16.1999,-1.7374,0.4396,3.9759,1,Run,0,9,Serve,-33.3804,-33.6168,0.826,0.7705,-11.1099,0,0.0231,0,Backhand prepare 0.89,0,9,1.7197,-12.0418,8.5844,0,Missed,,0.7373,-11.5608,-2.5691,11.2,-0.3251,0,0.8598,1.0721,0,0.0001
351,Rally,None,1,0,53.8235,0.5102,3.4338,-16.1648,-1.8953,0.2881,4.5987,1,Run,0,9,Serve,-32.7011,-34.5745,0.7462,0.7594,-11.076,0,0.0174,0,Backhand prepare 0.93,0,9,-4.7491,-24.243,1.3899,0,Missed,,0.643,-11.5147,-2.5691,11.2,-0.364,0,0.6776,1.2173,0,0
352,Rally,None,1,0,53.4528,0.4704,3.4344,-16.1302,-2.0005,0.1835,5.014,1,Run,0,9,Serve,-32.1029,-35.4417,0.693,0.7532,-11.0576,2.8875,0.0131,0,Backhand prepare 0.98,0,9,-2.2548,-36.8817,0.6085,0,Missed,,0.5801,-11.4839,-2.5691,11.2,-0.3707,0,0.5341,1.2035,0,0.0002
353,Rally,None,1,0,53.0507,0.429,3.4349,-16.0942,-2.1555,0.133,5.6256,1,Run,0,9,Serve,-31.5128,-36.2406,0.6084,0.7752,-11.0293,0.3833,0.0098,0,Backhand prepare 1.00,0,9,-8.6315,-51.4704,0,0,Missed,,0.4874,-11.4385,-2.6091,11.2,-0.4022,0,0.4209,1.0889,0,0.0001
354,Rally,None,1,0,52.6521,0.3887,3.4355,-16.0592,-2.255,0.1968,6.0184,1,Run,0,9,Serve,-31.1612,-37.2145,0.5524,0.7836,-11.0137,2.9279,0.0073,0,Backhand prepare 1.00,0,9,-17.4784,-65.3415,0,0,Missed,,0.4286,-11.4097,-2.6892,11.2,-0.3985,0.0007,1.0753,0.8502,0,0.0001
355,Rally,None,1,0,52.3056,0.3494,3.4361,-16.0252,-2.3546,0.2579,6.4112,1,Run,0,9,Serve,-31.1401,-38.0015,0.4509,0.7865,-10.9891,1.8046,0.0055,0,Backhand prepare 1.00,1,0.1753,47.4658,-70.2072,0,0,Missed,,0.3723,-11.3822,-2.7693,11.2,-0.3465,0.0026,2.4365,0.4927,0,0
356,Rally,None,1,0,52.0044,0.3095,3.4367,-15.9905,-2.5039,0.3443,7.0005,1,Run,0,9,Serve,-31.2318,-38.4476,0.3662,0.7841,-10.947,2.4758,0.0041,0,Forehand swing,1,0.1514,-23.9915,-28.6096,0,0,Missed,,0.2925,-11.3432,-2.8894,11.2,-0.3012,0.0058,3.5093,0.1033,0,0
357,Rally,None,1,0,51.7426,0.271,3.4373,-15.9571,-2.6034,0.3984,7.3933,1,Run,0,9,Serve,-31.4856,-38.8007,0.3499,0.7776,-10.9158,1.2332,0.003,0,Forehand swing,1,0.1355,-54.92,-7.9016,24.0457,0,Missed,,0.2425,-11.3187,-2.9695,11.2,-0.2619,0.0105,5.1493,0.2992,0,0
358,Rally,None,1,0,51.5149,0.2323,3.4379,-15.9237,-2.7527,0.4743,7.9825,1,Run,0,9,Serve,-31.8298,-38.8049,0.2709,0.7782,-10.8739,1.3024,0.0023,0,Forehand swing,1,0.1116,-39.4709,-1.1568,0.7892,0,Missed,,0.1721,-11.2842,-3.0896,11.2,-0.2277,0.016,5.6474,0.6167,0,0
359,Rally,None,1,0,51.317,0.1955,3.4386,-15.8918,-2.8522,0.5215,8.3753,1,Run,0,9,Serve,-32.3181,-38.7242,0.2158,0.7844,-10.8427,0.5728,0,0,Forehand swing,1,0.0956,-23.6388,4.2532,0.278,0,Missed,,0.1282,-11.2628,-3.1697,11.2,-0.1979,0.0221,6.8344,0.8723,0,0
360,Rally,None,1,0,51.145,0.1603,3.4392,-15.8614,-2.9518,0.5659,8.7682,1,Run,0,9,Serve,-32.8391,-38.3611,0.1644,0.7849,-10.8127,4.0323,0,0,Forehand swing,1,0.0797,-12.9884,4.8189,0.842,0,Missed,,0.0869,-11.2425,-3.2498,11.2,-0.1721,0.0278,6.9754,1.0319,0,0
361,Rally,None,1,0,50.9954,0.1255,3.4399,-15.8313,-3.1011,0.6272,9.3574,1,Run,0,9,Serve,-33.3413,-37.9136,0.0982,0.7817,-10.7752,0.1611,0,0,Forehand swing,1,0.0558,-5.8539,1.9346,1.3684,0,Missed,,0.0296,-11.2145,-3.2875,11.2,-0.1496,0.0328,7.0866,1.0744,0,0
362,Rally,None,1,0,50.8653,0.093,3.4406,-15.8032,-3.2006,0.6646,9.7502,1,Run,0,9,Serve,-33.7889,-37.5436,0.0611,0.7793,-10.7519,0.2322,0,0,Forehand swing,1,0.0398,2.0759,1.0624,0,0,Missed,,0,-11.2,-3.2875,11.2,-0.13,0.0371,7.9687,1.0004,0,0.0001
363,Rally,None,1,0,50.7523,0.0646,3.4413,-15.7788,-3.3499,0.7155,10.3394,1,Ready,0,9,Serve,-28.1228,-32.3719,0.0696,0.7768,-10.7599,1.7095,0,0,Forehand swing,1,0.0159,2.1891,-9.6719,5.82,0,Missed,,0,-11.2,-3.2875,11.2,-0.113,0.0393,6.2803,1.5396,0,0.0001
364,Rally,None,1,0,51.4379,0.0396,3.4421,-15.7568,-3.4495,0.7459,10.6123,1,Ready,0,9,Serve,-17.3376,-21.9575,0.0883,0.7743,-10.7781,16.3701,0,0,Forehand swing,1,0,4.8154,-8.3463,0.1407,0,Missed,R;,0,-11.2,-3.2875,11.2,0.6856,0.039,4.9497,1.1116,0,0
365,Rally,None,1,0,52.0339,0.0178,3.4428,-15.7376,-3.3589,0.8187,10.3365,1,Ready,0,9,Serve,-6.7444,-11.5328,0.1005,0.7769,-10.7942,2.9976,0,0,Forehand swing,1,-0.0167,2.4874,-10.5497,0.3929,0,Missed,,0,-11.2,-3.2074,11.2,0.596,0.0364,3.901,0.6801,0,0
366,Rally,None,1,0,52.552,-0.0013,3.4436,-15.7209,-3.2684,0.889,10.0607,1,Ready,0,9,Serve,1.8928,-3.1888,0.1098,0.7788,-10.8056,1.0949,0,0,Forehand follow,1,-0.0333,-3.9396,-14.0369,1.1081,0,Missed,,0,-11.2,-3.1273,11.2,0.5181,0.0319,3.0745,1.112,0,0
367,Rally,None,1,0,53.0025,-0.0181,3.4444,-15.7063,-3.1326,0.9897,9.6471,1,Ready,0,9,Serve,8.2706,2.8353,0.1171,0.7824,-10.8136,1.0022,0,0,Forehand follow,1,-0.0583,-17.7648,-24.7983,3.1401,0,Missed,,0,-11.2,-3.0072,11.2,0.4505,0.0264,2.4231,1.5088,0,0
368,Rally,None,1,0,53.3941,-0.0328,3.4451,-15.6936,-3.0421,1.0538,9.3713,1,Ready,0,9,Serve,12.6084,6.8323,0.1213,0.7888,-10.8162,0.6876,0,0,Forehand follow,1,-0.075,-28.5178,-37.5994,0,0,Missed,,0,-11.2,-2.9271,11.2,0.3916,0.0206,1.9097,1.6289,0,0
369,Rally,None,1,0,53.7345,-0.0455,3.4459,-15.6825,-2.9064,1.1451,8.9576,1,Ready,0,9,Serve,15.3373,9.2741,0.1285,0.7967,-10.8157,0.4521,0,0,Forehand follow,1,-0.1,-43.1583,-52.6662,0,0,Missed,,0.0042,-11.2,-2.807,11.2,0.3404,0.0149,1.5051,1.492,0,0
370,Rally,None,1,0,54.0305,-0.0562,3.4466,-15.6728,-2.8158,1.2028,8.6819,1,Run,0,9,Serve,17.1523,10.4678,0.1422,0.7951,-10.8173,0.2773,0,0,Forehand follow,1,-0.1167,-48.8247,-59.7708,0,0,Missed,,0.0104,-11.1999,-2.7269,11.2,0.296,0.0113,3.4846,1.1546,0,0
371,Rally,None,1,0,54.2878,-0.0649,3.4474,-15.6644,-2.7253,1.258,8.4061,1,Run,0,9,Serve,19.0471,12.1107,0.1717,0.7881,-10.8272,0.3029,0,0,Forehand follow,1,-0.1333,-52.1962,-65.7796,0,0,Missed,,0.0194,-11.1998,-2.6468,11.2,0.2573,0.0099,4.3235,0.7892,0,0
372,Rally,None,1,0,54.5115,-0.0714,3.4482,-15.6569,-2.5895,1.3362,7.9924,1,Run,0,9,Serve,21.5807,14.4512,0.2339,0.7703,-10.8504,0.4162,0,0,Forehand follow,1,-0.1583,-45.5122,-72.0887,0,0,Missed,,0.0382,-11.1996,-2.5267,11.2,0.2237,0.0104,4.9914,0.6023,0,0
373,Rally,None,1,0,54.7059,-0.076,3.4489,-15.6504,-2.499,1.3851,7.7167,1,Run,0,9,Serve,25.3001,17.7471,0.3028,0.7358,-10.8973,2.5956,0,0,Forehand follow,1,-0.175,-52.0384,-79.1762,0,0,Missed,,0.0542,-11.1995,-2.4466,11.2,0.1945,0.0127,6.3142,0.6846,0,0
374,Rally,None,1,0,54.875,-0.078,3.4497,-15.6447,-2.3633,1.4538,7.303,1,Run,0,9,Serve,30.147,22.2926,0.3781,0.7114,-10.9699,3.1136,0,0,Forehand follow,1,-0.2,-52.4208,-86.3327,3.9637,0,Missed,,0.0833,-11.1992,-2.3265,11.2,0.1691,0.0158,6.5644,0.9135,0,0
375,Rally,None,1,0,55.022,-0.0783,3.4504,-15.6397,-2.2727,1.4965,7.0273,1,Run,0,9,Serve,35.3892,26.7648,0.4372,0.6921,-11.0546,0.7783,0,0,Forehand follow,1,-0.2167,-51.2493,-91.0223,0,0,Missed,,0.1062,-11.1989,-2.2464,11.2,0.147,0.0191,7.5563,0.471,0,0
376,Rally,None,1,0,55.1497,-0.0768,3.4512,-15.6352,-2.1822,1.5367,6.7515,1,Run,0,9,Serve,40.115,30.951,0.485,0.6741,-11.136,1.7603,0,0,Forehand follow,1,-0.2333,-50.5385,-95.3859,0,0,Missed,,0.1319,-11.1987,-2.1663,11.2,0.1278,0.0219,7.5441,0.4733,0,0
377,Rally,None,1,0,55.2608,-0.0725,3.4519,-15.6313,-2.0464,1.5923,6.3378,1,Run,0,9,Serve,43.8334,34.2139,0.5391,0.6631,-11.2017,7.1705,0,0,Forehand follow,1,-0.2583,-48.6351,-101.3657,0,0,Missed,,0.1757,-11.1982,-2.0462,11.2,0.1111,0.0234,7.5346,0.4728,0,0
378,Rally,None,1,0,55.3574,-0.0666,3.4527,-15.6277,-1.9559,1.6261,6.0621,1,Run,0,9,Serve,46.6142,36.368,0.5738,0.6503,-11.2501,0.5611,0,0,Forehand follow,1,-0.275,-47.9383,-104.9605,5.0677,0,Missed,,0.2083,-11.1979,-1.9661,11.2,0.0966,0.0237,8.3216,0.4139,0,0
379,Rally,None,1,0,55.4413,-0.0577,3.4534,-15.6246,-1.8202,1.6723,5.6484,1,Run,0,9,Serve,48.4725,38.0781,0.7112,0.6679,-11.2915,0.8867,0,0,Forehand follow,0,9,-47.3322,-104.3691,3.3451,0,Missed,,0.2625,-11.1973,-1.846,11.2,0.084,0.0224,8.1475,0.3053,0,0
380,Rally,None,1,0,55.5143,-0.0473,3.4541,-15.6218,-1.7296,1.6999,5.3727,1,Run,0,9,Serve,49.6785,39.0884,0.785,0.6768,-11.3256,4.5764,0,0,Run,0,9,-47.0518,-63.1074,4.3838,0,Missed,,0.3021,-11.1969,-1.7659,11.2,0.073,0.0198,8.5,0.1684,0,0
381,Rally,None,1,0,55.5778,-0.0354,3.4549,-15.6192,-1.6391,1.725,5.0969,1,Run,0,9,Serve,50.4046,39.9245,0.8706,0.6977,-11.3389,0.3222,0,0,Run,0,9,-47.1013,-55.3712,0.4331,0,Missed,,0.3444,-11.1965,-1.6858,11.2,0.0634,0.0159,8.5,0.074,0,0
382,Rally,None,1,0,55.6329,-0.0202,3.4556,-15.6169,-1.5033,1.758,4.6832,1,Run,0,9,Serve,50.7641,40.6323,0.9363,0.701,-11.3543,1.5899,0,0,Run,0,9,-47.4064,-54.1816,0.9388,0,Missed,,0.4132,-11.1958,-1.5657,11.2,0.0552,0.0112,8.3104,0.1791,0,0
383,Rally,None,1,0,55.6809,-0.0036,3.4563,-15.6148,-1.4128,1.7768,4.4075,1,Run,0,9,Serve,50.7958,41.1238,0.9599,0.6886,-11.339,0,0,0,Run,0,9,-48.0752,-52.5999,0.6212,0,Missed,,0.4625,-11.1953,-1.4856,11.2,0.048,0.0066,8.5,0.3511,0,0
384,Rally,None,1,0,55.7226,0.0164,3.457,-15.6129,-1.277,1.8004,3.9938,1,Run,0,9,Serve,50.546,41.7188,1.0159,0.6799,-11.3187,0,0,0,Run,0,9,-48.9266,-50.8197,2.1967,0,Missed,,0.5416,-11.1945,-1.3655,11.2,0.0417,0.0026,8.5,0.5412,0,0
385,Rally,None,1,0,55.7588,0.0376,3.4577,-15.6111,-1.1865,1.813,3.7181,1,Run,0,9,Serve,50.0833,42.3778,1.0069,0.6578,-11.297,0,0,0,Run,0,9,-49.8831,-48.9984,2.0048,0,Missed,,0.5979,-11.194,-1.2854,11.2,0.0362,-0.0004,8.5,0.7222,0,0
386,Rally,None,1,0,55.7903,0.0602,3.4584,-15.6094,-1.096,1.823,3.4423,1,Run,0,9,Serve,49.5256,43.0787,1.0809,0.6624,-11.2848,0,0,0,Run,0,9,-50.91,-47.2343,1.1347,0,Missed,,0.6569,-11.1934,-1.2053,11.2,0.0315,-0.0024,8.5,0.8483,0,0
387,Rally,None,1,0,55.8177,0.0864,3.4591,-15.6078,-0.9602,1.8334,3.0286,1,Run,0,9,Serve,48.8538,43.8617,1.1896,0.672,-11.2699,1.8061,0,0,Run,0,9,-51.7112,-45.7562,1.6028,0,Missed,,0.7507,-11.1924,-1.0852,11.2,0.0274,-0.0035,8.5,0.9406,0,0
388,Rally,None,1,0,55.8415,0.1138,3.4598,-15.6063,-0.8697,1.8372,2.7529,1,Run,0,9,Serve,48.0705,44.7431,1.2711,0.6973,-11.2535,2.9559,0,0,Run,0,9,-52.3394,-44.5685,2.4734,0,Missed,,0.8166,-11.1917,-1.0051,11.2,0.0238,-0.0037,8.5,1.0096,0,0
389,Rally,None,1,0,55.8622,0.145,3.4605,-15.6049,-0.7339,1.8382,2.3392,1,Run,0,9,Serve,47.4062,45.6374,1.3933,0.7287,-11.2428,0.3894,0,0,Run,0,9,-52.6583,-43.7689,1.0812,0,Missed,,0.9208,-11.1907,-0.885,11.2,0.0207,-0.0035,8.5,0.9757,0,0
390,Rally,None,1,0,55.8802,0.1771,3.4612,-15.6035,-0.6434,1.8357,2.0635,1,Run,0,9,Serve,46.8463,46.4128,1.4797,0.7528,-11.2374,0.5117,0,0,Run,0,9,-52.5743,-43.4214,2.0561,0,Missed,,0.9937,-11.1899,-0.8049,11.2,0.018,-0.0028,8.5,0.8377,0,0
391,Rally,None,1,0,55.8959,0.2104,3.4618,-15.6022,-0.5529,1.8307,1.7877,1,Run,0,9,Serve,46.4493,47.094,1.5632,0.7669,-11.2302,1.2958,0,0,Run,0,9,-52.1799,-43.4719,0.4578,0,Missed,,1.0694,-11.1892,-0.7248,11.2,0.0156,-0.002,8.5,0.6212,0,0
392,Rally,None,1,0,55.9095,0.2477,3.4625,-15.6009,-0.4171,1.8185,1.374,1,Run,0,9,Serve,46.3641,47.5564,1.6795,0.7804,-11.2276,0.6894,0,0,Run,0,9,-51.5141,-43.8874,0,0,Missed,,1.1881,-11.188,-0.6047,11.2,0.0136,-0.0012,8.5,0.2914,0,0
393,Rally,None,1,0,55.9213,0.2859,3.4631,-15.5997,-0.3266,1.8072,1.0983,1,Run,0,9,Serve,46.6585,47.721,1.7562,0.7903,-11.234,4.8009,0,0,Run,0,9,-50.5649,-44.6572,0,0,Missed,,1.2708,-11.1871,-0.5246,11.2,0.0118,-0.0006,8.5,0.148,0,0
394,Rally,None,1,0,55.9316,0.3283,3.4637,-15.5984,-0.1908,1.7856,0.6846,1,Run,0,9,Serve,47.2422,47.6068,1.875,0.764,-11.2444,2.5498,0,0,Run,0,9,-49.6186,-45.5856,0,0,Missed,,1.3999,-11.1858,-0.4045,11.2,0.0103,0,8.5,0.5998,0,0
395,Rally,None,1,0,55.9405,0.3714,3.4644,-15.5972,-0.1003,1.768,0.4088,1,Run,0,9,Serve,48.169,47.1524,1.939,0.7256,-11.2587,11.4529,0,0,Run,0,9,-48.6464,-46.6503,4.2994,0,Missed,,1.4895,-11.1849,-0.3244,11.2,0.0089,0.0004,8.5,1.0665,0,0
396,Rally,None,1,0,55.9483,0.4154,3.465,-15.5961,-0.0098,1.748,0.1331,1,Forehand prepare 0.04,0,9,Serve,49.0538,46.5981,1.9876,0.7166,-11.1543,0,0.2083,0.1667,Run,0,9,-47.8154,-47.7075,0.7491,0,Missed,,1.5819,-11.184,-0.2443,11.2,0.0078,0.0006,8.5,3.3028,0,0
397,Rally,None,1,0,55.9551,0.4639,3.4656,-15.5948,0.126,1.7132,-0.2806,1,Forehand prepare 0.08,0,9,Serve,68.5317,51.5508,2.0922,0.6708,-11.4745,2.5993,0.4167,0.3333,Run,0,9,-47.3136,-48.593,0.105,0,Missed,,1.7256,-11.1825,-0.1242,11.2,0.0068,0.0006,8.5,8.6595,0,0
398,Rally,None,1,0,55.9609,0.5128,3.4662,-15.5936,0.2165,1.6869,-0.5563,1,Forehand prepare 0.13,0,9,Serve,61.4643,50.758,2.1677,0.7033,-11.3688,4.3489,0.625,0.5,Run,0,9,-47.0797,-49.2872,0.6488,0,Missed,,1.8225,-11.1816,-0.0441,11.2,0.0059,0.0006,8.5,6.8886,0,0
399,Rally,None,1,0,55.9539,0.5658,3.4668,-15.5924,0.3523,1.6427,-0.97,1,Forehand prepare 0.17,0,9,Serve,61.6237,49.3842,2.3521,0.7507,-11.3845,2.7826,0.8333,0.6667,Run,0,9,-47.203,-49.6857,0.1117,0,Missed,,1.9625,-11.1801,0,11.2,-0.007,0.0005,6.6428,6.8706,0,0
400,Rally,None,1,0,55.9388,0.6186,3.4676,-15.5912,0.4428,1.6101,-1.2458,1,Forehand prepare 0.23,0,9,Serve,62.9465,48.6188,2.4295,0.7693,-11.3846,2.9224,1,0.8333,Ready,0,9,-41.5851,-44.8155,4.855,0,Missed,,2.0525,-11.1792,0,11.2,-0.0152,0.0004,2.8518,4.4711,0,0
401,Rally,None,1,0,55.9165,0.6711,3.4683,-15.5901,0.5333,1.5749,-1.5215,1,Forehand prepare 0.26,0,9,Serve,61.3755,46.8323,2.4644,0.7546,-11.3237,1.2239,1,1,Ready,0,9,-30.9841,-35.1996,1.1206,0,Missed,,2.1396,-11.1784,0,11.2,-0.0223,0.0002,0.6586,3.4724,0,0
402,Rally,None,1,0,55.8834,0.7263,3.4691,-15.589,0.6691,1.5176,-1.9352,1,Forehand prepare 0.30,0,9,Serve,58.4108,44.8119,2.6217,0.7508,-11.3208,1.469,1,1,Ready,0,9,-20.5163,-25.1023,0.9405,0,Missed,,2.2651,-11.1771,0,11.2,-0.033,0.0008,1.07,4.1647,0,0
403,Rally,None,1,0,55.8456,0.7803,3.47,-15.5879,0.7596,1.4762,-2.2109,1,Forehand prepare 0.36,0,9,Serve,54.8683,43.9029,2.7956,0.7948,-11.3367,6.5527,1,1,Ready,0,9,-12.0056,-16.6546,0.6518,0,Missed,,2.3453,-11.1763,0,11.2,-0.0378,0.0031,3.2269,6.828,0,0
404,Rally,None,1,0,55.7991,0.8361,3.4709,-15.5868,0.8954,1.4094,-2.6246,1,Forehand prepare 0.39,0,9,Serve,52.7141,44.26,2.9702,0.8429,-11.3552,2.821,1,1,Ready,0,9,-5.7148,-10.2128,0.5448,0,Missed,,2.4604,-11.1751,0,11.2,-0.0465,0.0069,4.1322,8.4671,0,0
405,Rally,None,1,0,55.7496,0.8902,3.4717,-15.5857,0.9859,1.3617,-2.9004,1,Forehand prepare 0.45,0,9,Serve,50.2026,48.0785,3.0931,0.9492,-11.399,2.4974,1,1,Ready,0,9,-1.3596,-5.5527,0,0,Missed,,2.5336,-11.1744,0,11.2,-0.0495,0.0122,5.6403,11.6682,0,0
406,Rally,None,1,0,55.6974,0.9426,3.4726,-15.5847,1.0764,1.3116,-3.1761,1,Forehand prepare 0.49,0,9,Serve,48.5398,52.3046,3.1671,1.0302,-11.4513,1.064,1,1,Ready,0,9,1.4157,-2.338,1.4827,0,Missed,,2.6041,-11.1737,0,11.2,-0.0522,0.0181,6.0343,11.4171,0,0
407,Rally,None,1,0,55.6384,0.996,3.4735,-15.5838,1.2122,1.2316,-3.5898,1,Forehand prepare 0.52,0,9,Serve,49.2391,57.479,3.2419,1.1124,-11.5256,0.6458,1,1,Ready,0,9,3.17,-0.1677,0.3359,0,Missed,,2.7046,-11.1726,0,11.2,-0.059,0.0239,6.3449,8.415,0,0
408,Rally,None,1,0,55.578,1.0472,3.4744,-15.5828,1.3027,1.1752,-3.8655,1,Forehand prepare 0.58,0,9,Serve,53.4326,64.9807,3.2063,1.2333,-11.6333,0.958,1,1,Ready,0,9,4.384,1.2306,0.3731,0,Missed,,2.7681,-11.172,0,11.2,-0.0604,0.0295,7.3841,4.7167,0,0
409,Rally,None,1,0,55.5119,1.0989,3.4753,-15.5819,1.4385,1.0858,-4.2792,1,Forehand prepare 0.62,0,9,Serve,52.1081,69.3045,3.2305,1.2975,-11.6641,0.7983,1,1,Ready,0,9,5.2173,2.166,0.6212,0,Missed,,2.8582,-11.1711,0,11.2,-0.0661,0.0343,7.4087,4.2782,0,0
410,Rally,None,1,0,55.4453,1.1482,3.4762,-15.5811,1.529,1.0231,-4.555,1,Forehand prepare 0.67,0,9,Serve,40.4333,71.6707,3.2471,1.3433,-11.6805,0.8692,1,1,Ready,0,9,5.7897,2.9241,0.5904,0,Missed,,2.9148,-11.1705,0,11.2,-0.0666,0.0385,8.2225,9.9672,0,0
411,Rally,None,1,0,55.3784,1.1939,3.477,-15.5803,1.6195,0.9579,-4.8307,1,Forehand prepare 0.71,0,9,Serve,35.2234,75.7469,3.232,1.3672,-11.6965,2.0784,1,1,Ready,0,9,6.2419,3.5824,0.4874,0,Missed,,2.9492,-11.1702,0,11.2,-0.067,0.0416,8.0695,9.3874,0,0
412,Rally,None,1,0,55.3065,1.2342,3.4779,-15.5797,1.7553,0.8553,-5.2444,1,Forehand prepare 0.75,0,9,Serve,33.2964,76.3365,3.2362,1.3203,-11.7085,0.485,1,1,Ready,0,9,6.6529,4.245,0.3745,0,Missed,,2.9492,-11.1702,0,11.2,-0.0718,0.0425,6.3598,3.4559,0,0
413,Rally,None,1,0,55.235,1.2696,3.4787,-15.5791,1.8458,0.7838,-5.5202,1,Forehand prepare 0.80,0,9,Serve,34.6678,75.4608,3.2004,1.2975,-11.6906,1.4596,1,1,Ready,0,9,7.1012,4.9684,0.2796,0,Missed,,2.9492,-11.1702,0,11.2,-0.0715,0.041,5.0123,7.55,0,0
414,Rally,None,1,0,55.1592,1.301,3.4795,-15.5786,1.9816,0.6719,-5.9338,1,Forehand prepare 0.84,0,9,Serve,29.9752,69.957,3.2404,1.2326,-11.6582,0,1,1,Ready,0,9,7.612,5.8245,0.1069,0,Missed,,2.9492,-11.1702,0,11.2,-0.0758,0.0373,3.9503,13.1549,0,0
415,Rally,None,1,0,55.0843,1.3287,3.4803,-15.5782,2.0721,0.5941,-6.2096,1,Forehand prepare 0.90,0,9,Serve,18.2958,62.6205,3.2948,1.171,-11.6127,0,1,1,Ready,0,9,8.3294,6.7712,0.1878,0,Missed,,2.9492,-11.1702,0,11.2,-0.075,0.032,3.1134,17.071,0,0
416,Rally,None,1,0,55.01,1.3532,3.4811,-15.5779,2.1626,0.5138,-6.4853,1,Forehand prepare 0.93,0,9,Serve,8.1542,57.0202,3.3203,1.0871,-11.58,0,1,1,Ready,0,9,9.5168,7.7999,0.116,0,Missed,,2.9492,-11.1702,0,11.2,-0.0742,0.026,2.4537,17.6827,0,0
417,Rally,None,1,0,54.9319,1.3751,3.4819,-15.5776,2.2984,0.3887,-6.899,1,Forehand prepare 0.97,0,9,Serve,0.9102,52.7963,3.3163,0.9975,-11.556,0,1,1,Ready,0,9,10.8063,8.7647,0.2468,0,Missed,,2.9492,-11.1702,0,11.2,-0.0781,0.0198,1.9339,17.7122,0,0
418,Rally,None,1,0,54.8549,1.3945,3.4826,-15.5773,2.3889,0.3021,-7.1748,1,Forehand prepare 1.00,0,9,Serve,-1.31,50.4513,3.2979,0.9218,-11.5322,0,1,1,Ready,0,9,12.1754,9.7217,0.4785,0,Missed,,2.9492,-11.1702,0,11.2,-0.077,0.0141,1.5241,14.895,0,0
419,Rally,None,1,0,54.7743,1.4121,3.4833,-15.5771,2.5247,0.1676,-7.5884,1,Forehand prepare 1.00,0,9,Serve,3.0135,53.4579,3.2572,0.8946,-11.5649,0,1,1,Ready,0,9,13.363,10.5253,0.4799,0,Missed,,2.9492,-11.1702,0,11.2,-0.0806,0.0092,1.2012,8.8579,0,0
420,Rally,None,1,0,54.7019,1.4274,3.484,-15.5768,2.6152,0.1,-7.8642,1,Forehand prepare 1.00,0,9,Serve,7.2378,57.4813,3.1968,0.8935,-11.6257,2.6794,1,1,Ready,0,9,14.0831,11.0803,0.5821,0,Missed,,2.9492,-11.1702,0,11.2,-0.0724,0.0053,0.9467,4.7364,0,0
421,Rally,None,1,0,54.6299,1.4412,3.4847,-15.5766,2.6993,0.1656,-8.1203,1,Forehand prepare 1.00,0,9,Serve,10.7359,61.2698,3.1222,0.8956,-11.6773,2.0083,1,1,Ready,0,9,14.3623,11.3187,0.3548,0,Missed,,2.9492,-11.1702,0,11.2,-0.072,0.0024,0.7461,6.0331,0,0
422,Rally,None,1,0,54.5537,1.4538,3.4853,-15.5764,2.8254,0.259,-8.5045,1,Forehand prepare 1.00,0,9,Serve,13.306,64.2206,3.0536,0.8939,-11.7066,0.62,1,1,Ready,0,9,14.0482,11.1051,0.3401,0,Missed,,2.9492,-11.1702,0,11.2,-0.0762,0.0006,0.588,8.4509,0,0
423,Rally,None,1,0,54.4783,1.4652,3.4859,-15.5762,2.9095,0.318,-8.7607,1,Forehand prepare 1.00,0,9,Serve,15.1221,66.48,3,0.8913,-11.7215,0.5088,1,1,Ready,0,9,13.4055,10.5708,0,0,Missed,,2.9492,-11.1702,0,11.2,-0.0753,-0.0005,0.4634,9.648,0,0
424,Rally,None,1,0,54.3992,1.4757,3.4866,-15.576,3.0356,0.4015,-9.1449,1,Forehand prepare 1.00,1,0.1562,LowPickup,-27.0659,41.3996,3.1839,0.7443,-11.4992,0.4323,1,1,Ready,0,9,12.5846,9.7315,0,0,Missed,,2.9492,-11.1702,0,11.2,-0.0791,-0.0009,0.2879,5.2307,0,0
425,Rally,None,1,0,54.3214,1.4854,3.4872,-15.5758,3.1196,0.4539,-9.4011,1,Forehand swing,1,0.1355,LowPickup,-7.809,44.0241,3.2441,0.6944,-11.3346,2.0843,1,1,Ready,0,9,11.7423,8.7162,0,0,Missed,,2.9492,-11.1702,0,11.2,-0.0778,-0.0006,0.2269,1.6196,0,0
426,Rally,None,1,0,54.2447,1.4942,3.4878,-15.5756,3.2037,0.5037,-9.6572,1,Forehand swing,1,0.1109,LowPickup,-12.4185,27.1243,3.4306,0.6441,-11.0104,0.1916,1,1,Ready,0,9,11.0937,7.5994,6.5344,0,Missed,,2.9492,-11.1702,0,11.2,-0.0767,-0.0002,0.1788,0,0,0
427,Rally,None,1,0,54.1643,1.5025,3.4883,-15.5754,3.3298,0.5734,-10.0414,1,Forehand swing,1,0.0739,LowPickup,-19.9877,-3.8042,3.5121,0.6349,-10.6403,0,1,1,Ready,0,9,10.5784,6.4816,0.5287,0,Missed,,2.9492,-11.1702,0,11.2,-0.0803,0.0001,0.1214,0,0,0
428,Rally,None,1,0,54.0854,1.5103,3.4889,-15.5752,3.4139,0.6166,-10.2976,1,Forehand swing,1,0.0493,LowPickup,-19.9041,-17.0875,3.3246,0.8212,-10.5649,0,1,1,Ready,0,9,10.1833,5.4787,0.6946,0,Missed,,2.9492,-11.1702,0,11.2,-0.0789,0.0004,0.0802,0,0,0
429,Rally,None,1,0,54.0089,1.5174,3.4895,-15.575,3.54,0.6764,-10.6818,1,Forehand swing,1,0.0123,LowPickup,-25.0757,-43.0425,3.2226,0.797,-10.7882,0,1,1,Ready,0,9,9.9815,4.6542,0.6638,0,Missed,,2.9492,-11.1702,0,11.2,-0.0765,0.0007,0.0511,0,0,0
430,Rally,None,1,0.014,54.2691,1.5056,3.4836,-15.5768,3.5088,0.6296,-10.3568,1,Forehand swing,1,-0.0083,LowPickup,-19.1139,-41.6163,3.2095,0.8721,-10.85,0,1,1,Ready,0,9,10.0504,4.1311,0.4963,0.2617,Excellent,P:Excellent;,2.9492,-11.1702,0,11.2,0.2601,0.0008,0.031,0,0,0
431,Rally,None,1,-0.0027,54.4952,1.4923,3.4824,-15.5777,3.5088,0.6296,-10.3568,1,Forehand follow,1,-0.0083,LowPickup,-13.5163,-26.3854,3.2095,0.9101,-10.8528,0,1,1,Ready,0,9,10.3519,3.8788,0.1797,0.2033,Excellent,,2.9492,-11.1702,0,11.2,0.2261,0.0008,0.031,0,0,0
432,Rally,None,1,-0.0027,54.6918,1.4826,3.4829,-15.5781,3.4355,0.6858,-10.0236,1,Forehand follow,1,-0.025,LowPickup,-19.2228,-38.986,3.2006,0.8998,-10.9294,0,1,1,Ready,0,9,10.8631,3.9357,0.4289,0.145,Excellent,,2.9471,-11.1702,0,11.2,0.1966,0.0017,0.7344,0,0,0
433,Rally,None,1,-0.0027,54.8627,1.4727,3.4813,-15.5788,3.3622,0.7394,-9.6905,1,Forehand follow,1,-0.0417,LowPickup,-21.2434,-36.5948,3.2958,0.7334,-11.0898,0,1,1,Ready,0,9,11.6207,4.2419,0.7022,0.0867,Excellent,,2.9423,-11.1702,0,11.2,0.1709,0.004,1.2938,0,0,0
434,Rally,None,1,-0.0027,55.0113,1.4655,3.4802,-15.5793,3.2522,0.8151,-9.1908,1,Forehand follow,1,-0.0667,LowPickup,-26.6341,-38.5101,3.3174,0.7182,-10.9408,3.5165,1,1,Ready,0,9,12.7209,4.7614,0.7759,0.0283,Excellent,,2.9298,-11.1704,0,11.2,0.1486,0.008,2.0923,0,0,0
435,Rally,None,1,-0.0027,55.1404,1.4588,3.4791,-15.5798,3.1789,0.8623,-8.8577,1,Forehand follow,1,-0.0833,LowPickup,-27.8325,-40.9497,3.2854,0.8104,-10.831,7.007,1,1,Ready,0,9,13.959,5.4152,0.7581,0,Excellent,,2.918,-11.1705,0,11.2,0.1292,0.0131,3.0937,1.2016,0,0
436,Rally,None,1,-0.0027,55.2527,1.4507,3.4786,-15.5802,3.069,0.9284,-8.358,1,Forehand follow,1,-0.1083,LowPickup,-35.6589,-47.8116,3.158,1.0133,-10.7218,0.341,1,1,Ready,0,9,15.214,6.1232,0.659,0,Excellent,,2.8951,-11.1707,0,11.2,0.1123,0.019,4.748,3.1043,0,0
437,Rally,None,1,-0.0027,55.3504,1.4422,3.4782,-15.5805,2.9957,0.9693,-8.0248,1,Forehand follow,1,-0.125,LowPickup,-35.4444,-50.0779,3.0948,1.1024,-10.6782,0.8359,1,1,Ready,0,9,16.3582,6.8811,0.5543,0,Excellent,,2.8763,-11.1709,0,11.2,0.0976,0.025,5.8333,6.7342,0,0
438,Rally,None,1,-0.0027,55.4352,1.4332,3.4778,-15.5808,2.9224,1.0077,-7.6917,1,Forehand follow,1,-0.1417,LowPickup,-27.4109,-52.6156,3.0343,1.1541,-10.63,0,1,1,Ready,0,9,17.2246,7.6884,0.4195,0,Excellent,,2.8548,-11.1711,0,11.2,0.0849,0.0302,6.8938,14.0518,0,0
439,Rally,None,1,-0.0027,55.509,1.4227,3.4774,-15.5812,2.8124,1.0604,-7.192,1,Forehand follow,1,-0.1667,LowPickup,-39.0391,-61.0523,2.864,1.1773,-10.6068,0,1,1,Ready,0,9,17.8362,8.5127,0.2836,0,Excellent,,2.8173,-11.1715,0,11.2,0.0738,0.0349,7.8167,9.4972,0,0
440,Rally,None,1,-0.0027,55.5732,1.4114,3.477,-15.5816,2.7391,1.0924,-6.8589,1,Forehand follow,1,-0.1833,LowPickup,-38.998,-65.5044,2.7768,1.1297,-10.6128,0,1,1,Ready,0,9,18.1129,9.3243,0.0335,0,Excellent,,2.7888,-11.1718,0,11.2,0.0641,0.0386,7.7496,7.7062,0,0
441,Rally,None,1,-0.0027,55.6289,1.3981,3.4766,-15.582,2.6292,1.1356,-6.3592,1,Forehand follow,1,-0.2083,LowPickup,-41.7333,-72.9534,2.6232,1.0588,-10.6768,0,1,1,Ready,0,9,18.2027,10.1227,0.0768,0,Excellent,,2.7409,-11.1723,0,11.2,0.0558,0.0415,8.4913,8.1094,0,0
442,Rally,None,1,-0.0027,55.6774,1.3839,3.4762,-15.5824,2.5559,1.1613,-6.026,1,Forehand follow,1,-0.225,LowPickup,-41.1783,-80.2422,2.5281,1.0211,-10.704,0,1,1,Ready,0,9,18.175,10.8719,0.0327,0,Excellent,,2.7055,-11.1726,0,11.2,0.0485,0.0435,8.2812,11.3461,0,0
443,Rally,None,1,-0.0027,55.7195,1.3688,3.4758,-15.5828,2.4826,1.1844,-5.6929,1,Forehand follow,1,-0.2417,LowPickup,-43.3508,-88.9079,2.4337,1.2468,-11.0533,0,1,1,Ready,0,9,18.1639,11.5664,0.0492,0,Excellent,,2.6673,-11.173,0,11.2,0.0421,0.0443,8.1157,10.711,0,0
444,Rally,None,1,-0.0027,55.7562,1.3512,3.4754,-15.5832,2.3726,1.2142,-5.1932,1,Forehand follow,1,-0.2667,LowPickup,-45.2696,-98.1298,2.2902,1.1568,-11.1078,0,1,1,Ready,0,9,18.3662,12.1534,0.0395,0,Excellent,,2.6048,-11.1736,-0.1201,11.2,0.0366,0.0447,8.5,9.9663,0,0
445,Rally,None,1,-0.0027,55.788,1.3325,3.475,-15.5837,2.2993,1.231,-4.8601,1,Forehand follow,0,9,LowPickup,-46.2683,-99.5103,2.2143,1.1358,-11.1385,0,1,1,Run,0,9,21.7678,16.7991,0.5209,0,Excellent,,2.5597,-11.1741,-0.2002,11.2,0.0319,0.0447,8.5,9.9663,0,0
446,Rally,None,1,-0.0027,55.8157,1.311,3.4745,-15.5842,2.1894,1.2513,-4.3604,1,Run,0,9,LowPickup,-46.8336,-64.5229,2.329,0.7282,-10.7474,0,0.9555,0.8333,Run,0,9,27.6281,24.5724,0.4038,0,Excellent,,2.4868,-11.1748,-0.3203,11.2,0.0277,0.0444,8.5,11.8016,0,0
447,Rally,None,1,-0.0027,55.8398,1.2885,3.4741,-15.5847,2.1161,1.2617,-4.0273,1,Run,0,9,LowPickup,-47.0261,-55.9297,2.1723,0.7775,-10.8122,0,0.856,0.6667,Run,0,9,33.1181,32.1133,0.4568,0,Excellent,,2.4347,-11.1754,-0.3483,11.2,0.0241,0.0441,8.5,4.8353,0,0
448,Rally,None,1,-0.0027,55.8607,1.265,3.4737,-15.5853,2.0428,1.2695,-3.6941,1,Run,0,9,LowPickup,-46.9391,-54.0074,2.178,0.7324,-10.8193,0.788,0.7361,0.5,Ready,0,9,34.4469,33.4111,0,0,Excellent,,2.3798,-11.1759,-0.3483,11.2,0.0209,0.0434,8.5,4.0828,0,0
449,Rally,None,1,-0.0027,55.8789,1.2383,3.4732,-15.5859,1.9328,1.2765,-3.1944,1,Run,0,9,LowPickup,-46.681,-52.3412,2.1618,0.7221,-10.8269,1.2402,0.6155,0.3333,Ready,0,9,32.0155,30.7207,0,0,Excellent,,2.2923,-11.1768,-0.3483,11.2,0.0182,0.0423,8.4873,3.0515,0,0.0003
450,Rally,None,1,-0.0027,55.8947,1.2105,3.4727,-15.5865,1.8595,1.278,-2.8613,1,Run,0,9,LowPickup,-46.41,-50.8627,2.1279,0.7351,-10.8362,0.1251,0.5041,0.1667,Ready,0,9,28.5619,27.1824,0,0,Excellent,,2.2305,-11.1774,-0.3483,11.2,0.0158,0.0413,8.5,1.9934,0,0
451,Rally,None,1,-0.0027,55.9085,1.1793,3.4722,-15.5872,1.7496,1.2754,-2.3616,1,Run,0,9,LowPickup,-46.2744,-49.5381,2.1035,0.7552,-10.8077,0.2404,0.4064,0,Backhand prepare 0.02,0,9,24.6782,23.8063,0,0,Excellent,,2.1326,-11.1784,-0.3483,11.2,0.0138,0.04,8.5,1.1236,0,0.0001
452,Rally,None,1,-0.0027,55.9205,1.1473,3.4717,-15.5878,1.6763,1.2705,-2.0285,1,Run,0,9,LowPickup,-46.2804,-48.3857,2.0053,0.7645,-10.8102,0.2321,0.3236,0,Backhand prepare 0.08,0,9,19.7156,21.4309,0,0,Excellent,,2.0639,-11.1791,-0.3483,11.2,0.012,0.0387,8.5,0.6309,0,0.0001
453,Rally,None,1,-0.0027,55.9308,1.1143,3.4712,-15.5885,1.603,1.2631,-1.6953,1,Run,0,9,LowPickup,-46.4809,-47.3765,1.9381,0.7686,-10.8086,0.6341,0.2551,0,Backhand prepare 0.11,0,9,15.0747,19.5903,0,0,Excellent,,1.9939,-11.1798,-0.3483,11.2,0.0104,0.0372,8.5,0.618,0,0.0001
454,Rally,None,1,-0.0027,55.9399,1.0781,3.4706,-15.5893,1.493,1.2472,-1.1956,1,Run,0,9,LowPickup,-46.9742,-46.8737,1.813,0.7742,-10.8358,1.2299,0.1995,0,Backhand prepare 0.15,0,9,9.1416,17.2806,0,0,Excellent,,1.8889,-11.1809,-0.3483,11.2,0.009,0.0346,7.329,0.662,0,0.0001
455,Rally,None,1,-0.0027,55.9477,1.0416,3.47,-15.59,1.4197,1.2334,-0.8625,1,Run,0,9,LowPickup,-47.7086,-46.5438,1.8108,0.7852,-10.8242,9.6862,0.1549,0,Backhand prepare 0.21,0,9,1.8638,13.4936,1.6127,0,Excellent,,1.8189,-11.1816,-0.3483,11.2,0.0079,0.0307,5.7762,0.5722,0,0
456,Rally,None,1,-0.0027,55.9546,1.0023,3.4695,-15.5908,1.3098,1.208,-0.3628,1,Run,0,9,LowPickup,-48.4851,-46.1628,1.6862,0.7895,-10.8126,0.1959,0.1195,0,Backhand prepare 0.24,0,9,-2.3398,9.5863,0.6414,0,Excellent,,1.7139,-11.1827,-0.3483,11.2,0.0068,0.0257,4.5524,0.4476,0,0.0001
457,Rally,None,1,-0.0027,55.9605,0.9631,3.4688,-15.5916,1.2365,1.1878,-0.0297,1,Run,0,9,LowPickup,-49.3511,-45.6976,1.5947,0.7824,-10.8003,1.8277,0.0918,0,Backhand prepare 0.30,0,9,-5.0362,4.9504,0.484,0,Excellent,,1.6439,-11.1834,-0.3483,11.2,0.0059,0.02,3.5879,0.3923,0,0
458,Rally,None,1,-0.0027,55.926,0.924,3.4682,-15.5923,1.1632,1.1651,0.3035,1,Run,0,9,LowPickup,-50.2715,-45.2133,1.5022,0.7805,-10.7896,1.148,0.0702,0,Backhand prepare 0.34,0,9,-8.4576,0.2312,0.4358,0,Excellent,,1.5739,-11.1841,-0.3483,11.2,-0.0345,0.0142,2.8277,0.5063,0,0
459,Rally,None,1,-0.0027,55.8308,0.8825,3.4676,-15.5931,1.0532,1.1264,0.8032,1,Run,0,9,LowPickup,-51.0021,-44.78,1.3777,0.8252,-10.7822,0.6696,0.0534,0,Backhand prepare 0.37,0,9,-12.5729,-5.2664,0.2447,0,Excellent,,1.4689,-11.1851,-0.3483,11.2,-0.0953,0.0087,2.2286,0.6125,0,0
460,Rally,None,1,-0.0027,55.7044,0.8413,3.4669,-15.5939,0.9799,1.0973,1.1363,1,Run,0,9,LowPickup,-51.6108,-44.329,1.2933,0.8521,-10.776,0.7458,0.0405,0,Backhand prepare 0.43,0,9,-18.3165,-12.8147,1.2454,0,Excellent,,1.3989,-11.1858,-0.3483,11.2,-0.1263,0.004,1.7564,0.6522,0,0
461,Rally,None,1,-0.0027,55.5293,0.798,3.4662,-15.5947,0.87,1.049,1.636,1,Run,0,9,LowPickup,-52.0032,-44.0069,1.1823,0.8673,-10.776,1.2745,0.0307,0,Backhand prepare 0.47,0,9,-22.851,-19.231,4.6278,0,Excellent,,1.2939,-11.1869,-0.3483,11.2,-0.1751,0.0003,1.3843,0.5777,0,0
462,Rally,None,1,-0.0027,55.3335,0.7553,3.4655,-15.5954,0.7967,1.0136,1.9691,1,Run,0,9,LowPickup,-52.0944,-43.8379,1.1124,0.87,-10.7763,2.5264,0.0231,0,Backhand prepare 0.52,0,9,-30.0641,-27.7347,0.9587,0,Excellent,,1.2239,-11.1876,-0.3483,11.2,-0.1958,-0.0022,1.091,0.3681,0,0.0001
463,Rally,None,1,-0.0027,55.1198,0.7132,3.4647,-15.5962,0.7234,0.9756,2.3023,1,Run,0,9,LowPickup,-51.9085,-43.84,1.0482,0.861,-10.7781,1.2097,0.0174,0,Backhand prepare 0.56,0,9,-38.2323,-35.3125,0.8047,0,Excellent,,1.1539,-11.1883,-0.3483,11.2,-0.2137,-0.0037,0.8598,0.0868,0,0.0002
464,Rally,None,1,-0.0027,54.8688,0.669,3.4639,-15.5969,0.6134,0.914,2.802,1,Run,0,9,LowPickup,-51.5148,-44.0042,0.9537,0.8305,-10.7841,0.7239,0.0131,0,Backhand prepare 0.60,0,9,-47.3817,-43.3061,0,0,Excellent,,1.0489,-11.1894,-0.3483,11.2,-0.2511,-0.0042,0.6777,0.2906,0,0
465,Rally,None,1,-0.0027,54.607,0.6256,3.4632,-15.5977,0.5401,0.8697,3.1351,1,Run,0,9,LowPickup,-50.9059,-44.3613,0.8997,0.8046,-10.7951,0,0.0098,0,Backhand prepare 0.65,0,9,-59.3228,-55.7516,5.5113,0,Excellent,,0.9789,-11.1901,-0.3483,11.2,-0.2618,-0.004,0.5341,0.6313,0,0.0002
466,Rally,None,1,-0.0027,54.3141,0.5803,3.4624,-15.5984,0.4302,0.7984,3.6348,1,Run,0,9,LowPickup,-50.0915,-44.9263,0.815,0.7841,-10.8057,0,0.0073,0,Backhand prepare 0.69,0,9,-64.6611,-65.6296,0.027,0,Excellent,,0.8739,-11.1912,-0.3483,11.2,-0.2929,-0.0034,0.4209,0.9574,0,0
467,Rally,None,1,-0.0027,54.016,0.536,3.4615,-15.5991,0.3569,0.7478,3.9679,1,Run,0,9,LowPickup,-49.2779,-45.5862,0.7643,0.7689,-10.8163,0,0.0055,0,Backhand prepare 0.74,0,9,-70.418,-79.5814,2.4726,0,Excellent,,0.8039,-11.1919,-0.3483,11.2,-0.2981,-0.0025,0.3317,1.1606,0,0.0001
468,Rally,None,1,-0.0027,53.7133,0.4924,3.4607,-15.5998,0.2836,0.6946,4.3011,1,Run,0,9,LowPickup,-48.4584,-46.3392,0.713,0.7604,-10.8289,1.9394,0.0041,0,Backhand prepare 0.78,0,9,-74.0137,-89.0249,0,0,Excellent,,0.7339,-11.1926,-0.3483,11.2,-0.3027,-0.0016,0.2615,1.2544,0,0
469,Rally,None,1,-0.0027,53.3849,0.447,3.4598,-15.6005,0.1736,0.61,4.8008,1,Run,0,9,LowPickup,-47.6737,-47.1456,0.6264,0.76,-10.8441,0.9483,0.003,0,Backhand prepare 0.82,0,9,-75.0437,-96.8539,0,0,Excellent,,0.6289,-11.1936,-0.3483,11.2,-0.3284,-0.0008,0.2061,1.2399,0,0.0001
470,Rally,None,1,-0.0027,53.0558,0.4026,3.4589,-15.6012,0.1003,0.5505,5.1339,1,Run,0,9,LowPickup,-47.1195,-47.8635,0.5709,0.7723,-10.8561,2.5896,0.0023,0,Backhand prepare 0.87,0,9,-68.0425,-104.9042,1.1715,0,Excellent,,0.5597,-11.1943,-0.3483,11.2,-0.3291,-0.0001,0.1624,1.0569,0,0
471,Rally,None,1,-0.0027,52.7045,0.3569,3.458,-15.6019,-0.0096,0.4564,5.6336,1,Run,0,9,LowPickup,-46.8048,-48.6969,0.4349,0.7813,-10.8633,0.0622,0,0,Backhand prepare 0.91,0,9,-56.1172,-109.7591,1.8568,0,Excellent,,0.461,-11.1953,-0.3483,11.2,-0.3513,0.0007,0.6995,0.7576,0,0.0001
472,Rally,None,1,-0.0027,52.3555,0.3128,3.4571,-15.6025,-0.0829,0.3904,5.9667,1,Run,0,9,LowPickup,-46.7385,-49.7195,0.3697,0.7804,-10.8659,0.5523,0,0,Backhand prepare 0.97,0,9,-31.9321,-111.2849,3.2099,0,Excellent,,0.3987,-11.196,-0.3483,11.2,-0.349,0.0028,2.9348,0.3903,0,0.0001
473,Rally,None,1,-0.0027,52.0478,0.2701,3.4562,-15.6032,-0.1562,0.322,6.2998,1,Run,0,9,LowPickup,-46.8565,-50.2029,0.3047,0.7853,-10.8645,0.2851,0,0,Backhand prepare 1.00,0,9,-18.9516,-111.2399,0.8549,0,Excellent,,0.3392,-11.1966,-0.3483,11.2,-0.3077,0.0061,3.9021,0,0,0
474,Rally,None,1,-0.0027,51.7802,0.2271,3.4552,-15.6038,-0.2662,0.2145,6.7995,1,Run,0,9,LowPickup,-47.1869,-50.4162,0.2714,0.7929,-10.8529,0.2452,0,0,Backhand prepare 1.00,1,0.1833,17.9487,-101.6721,0,0,Excellent,,0.2551,-11.1974,-0.3483,11.2,-0.2675,0.0102,4.6644,0.4124,0,0.0001
475,Rally,None,1,-0.0027,51.5477,0.1859,3.4543,-15.6044,-0.3395,0.1397,7.1327,1,Run,0,9,LowPickup,-47.6506,-50.5888,0.1861,0.7979,-10.8513,3.637,0,0,Forehand swing,1,0.1692,-101.838,-102.7825,21.2753,0,Excellent,,0.2026,-11.198,-0.3483,11.2,-0.2326,0.0154,6.0597,0.7402,0,0.0001
476,Rally,None,1,-0.0027,51.3455,0.1449,3.4533,-15.605,-0.447,0.1281,7.621,1,Run,0,9,LowPickup,-48.1278,-50.3897,0.0999,0.793,-10.8434,0.2088,0,0,Forehand swing,1,0.148,-87.6934,-69.1932,2.2526,0,Excellent,,0.1289,-11.1987,-0.3883,11.2,-0.2022,0.0207,6.3648,0.9566,0,0.0001
477,Rally,None,1,-0.0027,51.1697,0.106,3.4523,-15.6056,-0.5153,0.1822,7.9315,1,Run,0,9,LowPickup,-48.6522,-50.2244,0.0416,0.7851,-10.8351,1.1911,0,0,Forehand swing,1,0.1339,-38.6738,-29.6677,0,0,Excellent,,0.0833,-11.1992,-0.4684,11.2,-0.1758,0.0263,7.3999,1.0644,0,0
478,Rally,None,1,-0.0027,51.0169,0.0692,3.4513,-15.6062,-0.5836,0.2337,8.242,1,Run,0,9,LowPickup,-49.2062,-49.7365,-0.013,0.7704,-10.8265,6.3355,0,0,Forehand swing,1,0.1198,-43.5435,-12.087,0,0,Excellent,,0.0404,-11.1996,-0.5485,11.2,-0.1528,0.0313,7.4211,1.095,0,0
479,Rally,None,1,-0.0027,50.884,0.0343,3.4503,-15.6068,-0.6861,0.3059,8.7077,1,Run,0,9,LowPickup,-49.7466,-49.1906,-0.0645,0.7495,-10.819,0.6888,0,0,Forehand swing,1,0.0987,-32.4324,-9.6496,0,0,Excellent,,0,-11.2,-0.6686,11.2,-0.1328,0.0354,7.4378,1.0385,0,0
480,Rally,None,1,-0.0027,50.7685,0.0041,3.4493,-15.6074,-0.7544,0.3507,9.0182,1,Ready,0,9,LowPickup,-42.7822,-42.7563,-0.0406,0.7578,-10.8165,2.33,0,0,Forehand swing,1,0.0846,-21.562,-7.0549,0,0,Excellent,,0,-11.2,-0.7487,11.2,-0.1155,0.0373,5.8619,1.4368,0,0
481,Rally,None,1,-0.0027,50.6681,-0.0221,3.4482,-15.6079,-0.8569,0.4131,9.4839,1,Ready,0,9,LowPickup,-29.378,-29.8563,0.0177,0.7733,-10.8171,1.7348,0,0,Forehand swing,1,0.0634,-17.7308,-10.8538,0,0,Excellent,,0,-11.2,-0.7928,11.2,-0.1004,0.0367,4.62,0.7774,0,0
482,Rally,None,1,-0.0027,50.5809,-0.0449,3.4472,-15.6083,-0.9252,0.4513,9.7944,1,Ready,0,9,LowPickup,-16.1722,-17.1495,0.0731,0.7727,-10.8287,2.3642,0,0,Forehand swing,1,0.0493,-11.5769,-12.1173,0,0,Excellent,,0,-11.2,-0.7928,11.2,-0.0873,0.034,3.6411,1.3239,0,0.0001
483,Rally,None,1,-0.0027,50.505,-0.0646,3.4461,-15.6087,-0.9935,0.4869,10.1049,1,Ready,0,9,LowPickup,-5.529,-7.2353,0.1088,0.7737,-10.8443,0,0,0,Forehand swing,1,0.0352,-10.243,-16.7003,1.5307,0,Excellent,,0,-11.2,-0.7928,11.2,-0.0759,0.0296,2.8697,2.1913,0,0
484,Rally,None,1,-0.0027,50.439,-0.0816,3.4451,-15.609,-1.096,0.5353,10.5706,1,Ready,0,9,LowPickup,2.2841,-0.3226,0.1226,0.7809,-10.851,0,0,0,Forehand swing,1,0.0141,-11.511,-25.7962,0.3019,0,Excellent,,0,-11.2,-0.7928,11.2,-0.066,0.0242,2.2617,2.6502,0,0
485,Rally,None,1,-0.0027,51.1655,-0.0964,3.4441,-15.6092,-1.1537,0.4481,10.7139,1,Ready,0,9,LowPickup,7.7865,4.1542,0.1263,0.7909,-10.8516,0,0,0,Forehand swing,1,0,-9.4185,-23.4778,0.192,0,Excellent,R;,0,-11.2,-0.8257,11.2,0.7265,0.0186,1.7825,2.7063,0,0
486,Rally,None,1,-0.0027,51.7971,-0.1091,3.443,-15.6093,-1.1611,0.5311,10.4324,1,Ready,0,9,LowPickup,11.6908,6.9179,0.1331,0.7967,-10.8527,0,0,0,Forehand swing,1,-0.0167,-11.2831,-27.7308,2.0424,0,Excellent,,0,-11.2,-0.7456,11.2,0.6316,0.0134,1.4048,2.4754,0,0
487,Rally,None,1,-0.0027,52.3462,-0.1201,3.442,-15.6095,-1.1686,0.6115,10.1509,1,Ready,0,9,LowPickup,14.4016,8.4851,0.136,0.7986,-10.8538,0,0,0,Forehand follow,1,-0.0333,-14.5188,-26.4446,0.3978,0,Excellent,,0,-11.2,-0.6656,11.2,0.5491,0.0088,1.1072,2.039,0,0
488,Rally,None,1,-0.0027,52.8235,-0.1296,3.4409,-15.6097,-1.1798,0.727,9.7286,1,Ready,0,9,LowPickup,16.2352,9.2689,0.125,0.7971,-10.8552,0,0,0,Forehand follow,1,-0.0583,-23.9392,-31.4508,0.3518,0,Excellent,,0,-11.2,-0.5454,11.2,0.4773,0.0051,0.8726,1.4884,0,0
489,Rally,None,1,-0.0027,53.2385,-0.1378,3.4399,-15.6098,-1.1873,0.8007,9.4471,1,Ready,0,9,LowPickup,17.4859,9.6067,0.1127,0.7948,-10.8559,1.2232,0,0,Forehand follow,1,-0.075,-29.5835,-37.5505,0.6366,0,Excellent,,0,-11.2,-0.4653,11.2,0.415,0.0023,0.6877,0.9318,0,0
490,Rally,None,1,-0.0027,53.5993,-0.145,3.4388,-15.6101,-1.1985,0.9063,9.0248,1,Ready,0,9,LowPickup,18.3185,9.7181,0.1064,0.7945,-10.8551,0.2742,0,0,Forehand follow,1,-0.1,-40.8848,-47.4876,5.713,0,Excellent,,-0.0038,-11.2016,-0.3452,11.2,0.3608,0.0005,0.542,0.4884,0,0
491,Rally,None,1,-0.0027,53.9129,-0.1517,3.4377,-15.6108,-1.206,0.9734,8.7433,1,Run,0,9,LowPickup,18.2609,9.6602,0.099,0.802,-10.8542,0.0193,0,0,Forehand follow,1,-0.1167,-44.5973,-53.0485,2.3855,0,Excellent,,-0.0096,-11.204,-0.2651,11.2,0.3136,-0.0008,1.9941,0.4931,0,0
492,Rally,None,1,-0.0027,54.1856,-0.158,3.4366,-15.6118,-1.2135,1.0379,8.4618,1,Run,0,9,LowPickup,16.4396,8.1095,0.0883,0.8001,-10.853,0.1635,0,0,Forehand follow,1,-0.1333,-47.7555,-59.6252,0,0,Excellent,,-0.0179,-11.2075,-0.1851,11.2,0.2727,-0.0016,3.1581,0.9819,0,0
493,Rally,None,1,-0.0027,54.4226,-0.1646,3.4355,-15.6137,-1.2247,1.1296,8.0395,1,Run,0,9,LowPickup,12.5399,5.0306,0.0654,0.7959,-10.8516,0.2877,0,0,Forehand follow,1,-0.1583,-42.0963,-67.358,0,0,Excellent,,-0.0352,-11.2147,-0.0649,11.2,0.237,-0.0019,4.0773,1.5879,0,0
494,Rally,None,1,-0.0027,54.6287,-0.1713,3.4344,-15.6161,-1.2322,1.1874,7.758,1,Run,0,9,LowPickup,6.2285,0.3226,0.0362,0.7972,-10.8435,0.4631,0,0,Forehand follow,1,-0.175,-49.9339,-75.7017,0,0,Excellent,,-0.05,-11.2209,0,11.2,0.2061,-0.0019,5.5966,2.2267,0,0
495,Rally,None,1,-0.0027,54.8078,-0.1789,3.4333,-15.6197,-1.2434,1.2692,7.3357,1,Run,0,9,LowPickup,-2.1098,-6.0229,-0.0057,0.8012,-10.8397,0,0,0,Forehand follow,1,-0.2,-51.6725,-84.2954,0,0,Excellent,,-0.0769,-11.2321,0,11.2,0.1792,-0.0016,5.9997,2.7964,0,0
496,Rally,None,1,-0.0027,54.9636,-0.187,3.4322,-15.6241,-1.2509,1.3204,7.0542,1,Run,0,9,LowPickup,-10.7837,-10.6634,-0.0269,0.8113,-10.8381,0,0,0,Forehand follow,1,-0.2167,-43.6105,-80.3496,0,0,Excellent,,-0.0981,-11.2409,0,11.2,0.1557,-0.0013,7.112,1.2505,0,0
497,Rally,None,1,-0.0027,55.099,-0.1955,3.4311,-15.6292,-1.2583,1.369,6.7726,1,Run,0,9,LowPickup,-18.3304,-15.956,-0.0577,0.8146,-10.8363,0,0,0,Forehand follow,1,-0.2333,-32.7106,-69.6479,0,0,Excellent,,-0.1218,-11.2508,0,11.2,0.1354,-0.0008,7.1942,1.0697,0,0
498,Rally,None,1,-0.0027,55.2167,-0.2058,3.4299,-15.6358,-1.2696,1.4369,6.3504,1,Run,0,9,LowPickup,-24.1535,-20.0694,-0.1058,0.8177,-10.8432,0,0,0,Forehand follow,1,-0.2583,-22.5621,-60.6559,4.5406,0,Excellent,,-0.1621,-11.2677,0,11.2,0.1177,-0.0005,7.259,0.9091,0,0
499,Rally,None,1,-0.0027,55.319,-0.2168,3.4288,-15.6433,-1.277,1.4789,6.0688,1,Run,0,9,LowPickup,-28.2835,-22.6423,-0.1412,0.8222,-10.8483,0,0,0,Forehand follow,1,-0.275,-15.2093,-53.0493,5.7733,0,Excellent,,-0.1923,-11.2802,0,11.2,0.1023,-0.0001,8.1046,0.6574,0,0
500,Rally,None,1,-0.0027,55.408,-0.2298,3.4277,-15.6525,-1.2883,1.5368,5.6466,1,Run,0,9,LowPickup,-31.1184,-24.6408,-0.1937,0.8211,-10.8642,0,0,0,Forehand follow,0,9,-11.8707,-48.5857,0.9928,0,Excellent,,-0.2423,-11.3011,0,11.2,0.089,0.0001,7.9765,0.3684,0,0
501,Rally,None,1,-0.0027,55.4853,-0.2436,3.4265,-15.6626,-1.2957,1.5721,5.365,1,Run,0,9,LowPickup,-32.9226,-25.6985,-0.2299,0.8214,-10.8763,0,0,0,Forehand finish,0,9,-10.267,-48.4907,0.7101,0,Excellent,,-0.2788,-11.3163,0,11.2,0.0773,0.0002,8.5,0.0989,0,0
502,Rally,None,1,-0.0027,55.5526,-0.2582,3.4254,-15.6735,-1.3032,1.6048,5.0835,1,Run,0,9,LowPickup,-34.0427,-26.5919,-0.2666,0.8179,-10.8915,0,0,0,Forehand finish,0,9,-12.7643,-50.4535,0.5569,0,Excellent,,-0.3179,-11.3326,0,11.2,0.0672,0.0003,8.4221,0.2096,0,0
503,Rally,None,1,-0.0027,55.611,-0.2754,3.4242,-15.6865,-1.3144,1.6489,4.6612,1,Run,0,9,LowPickup,-34.6816,-27.2846,-0.3269,0.8148,-10.9187,0,0,0,Forehand finish,0,9,-17.0702,-54.3005,0,0,Excellent,,-0.3813,-11.3591,0,11.2,0.0585,0.0003,8.2268,0.4025,0,0
504,Rally,None,1,-0.0027,55.6618,-0.2935,3.4231,-15.7003,-1.3219,1.675,4.3797,1,Run,0,9,LowPickup,-34.919,-27.6734,-0.3676,0.8127,-10.9409,0,0,0,Forehand finish,0,9,-21.9565,-59.5017,0,0,Excellent,,-0.4268,-11.3781,0,11.2,0.0508,0.0003,8.5,0.5622,0,0
505,Rally,None,1,-0.0027,55.706,-0.3143,3.4219,-15.7163,-1.3331,1.7091,3.9575,1,Run,0,9,LowPickup,-34.9058,-28.1625,-0.4346,0.8092,-10.9769,0,0,0,Forehand finish,0,9,-26.2446,-64.1712,0,0,Excellent,,-0.4999,-11.4086,0,11.2,0.0442,0.0002,8.5,0.6783,0,0
506,Rally,None,1,-0.0027,55.7444,-0.336,3.4207,-15.733,-1.3406,1.7285,3.6759,1,Run,0,9,LowPickup,-34.7311,-28.6591,-0.4804,0.8063,-11.0058,0.8166,0,0,Forehand finish,0,9,-29.5106,-67.5134,0,0,Excellent,,-0.5518,-11.4302,0,11.2,0.0384,0.0002,8.5,0.7407,0,0
507,Rally,None,1,-0.0027,55.7778,-0.3587,3.4196,-15.7506,-1.3481,1.7453,3.3944,1,Run,0,9,LowPickup,-34.4672,-29.1112,-0.5302,0.8076,-11.0363,1.4464,0,0,Forehand finish,0,9,-31.7923,-69.8056,0,0,Excellent,,-0.6063,-11.4529,0,11.2,0.0334,0.0001,8.5,0.7322,0,0
508,Rally,None,1,-0.0027,55.8068,-0.3844,3.4184,-15.7706,-1.3593,1.7656,2.9721,1,Run,0,9,LowPickup,-34.1622,-29.634,-0.6132,0.8221,-11.0816,0.5079,0,0,Forehand finish,0,9,-33.2225,-71.4485,0,0,Excellent,,-0.6928,-11.489,0,11.2,0.029,0,8.5,0.6948,0,0
509,Rally,None,1,-0.0027,55.8321,-0.4111,3.4172,-15.7914,-1.3668,1.7758,2.6906,1,Run,0,9,LowPickup,-33.827,-30.177,-0.6678,0.8268,-11.1148,0.2103,0,0,Forehand finish,0,9,-33.7139,-72.6105,0,0,Excellent,,-0.7537,-11.5144,0,11.2,0.0252,0,8.5,0.631,0,0
510,Rally,None,1,-0.0027,55.854,-0.441,3.416,-15.8147,-1.378,1.7861,2.2683,1,Run,0,9,LowPickup,-33.6218,-30.7,-0.7561,0.8327,-11.1593,0,0,0,Forehand finish,0,9,-32.8232,-73.3273,0,0,Excellent,,-0.8498,-11.5546,0,11.2,0.0219,0,8.5,0.5067,0,0
511,Rally,None,1,-0.0027,55.8731,-0.4716,3.4148,-15.8386,-1.3855,1.7896,1.9868,1,Run,0,9,LowPickup,-33.4628,-31.0664,-0.8178,0.841,-11.1885,0,0,0,Forehand finish,0,9,-30.9023,-73.7424,0,0,Excellent,,-0.9159,-11.5821,0,11.2,0.0191,-0.0001,8.5,0.3324,0,0
512,Rally,None,1,-0.0027,55.8897,-0.5026,3.4136,-15.8629,-1.3929,1.7905,1.7053,1,Run,0,9,LowPickup,-33.4664,-31.8566,-0.8843,0.8373,-11.2133,0,0,0,Forehand finish,0,9,-28.2208,-74.0181,0,0,Excellent,,-0.9794,-11.6086,0,11.2,0.0166,-0.0001,7.3612,0.1433,0,0
513,Rally,None,1,-0.0027,55.9041,-0.5359,3.4124,-15.8889,-1.4042,1.787,1.283,1,Run,0,9,LowPickup,-33.7169,-33.395,-0.98,0.8207,-11.2476,0,0,0,Forehand finish,0,9,-25.0478,-74.0395,0,0,Excellent,,-1.0699,-11.6464,0,11.2,0.0144,-0.0001,4.2125,0.117,0,0
514,Rally,None,1,-0.0027,55.9166,-0.5688,3.4112,-15.9147,-1.4116,1.7812,1.0015,1,Run,0,9,LowPickup,-34.1323,-34.7819,-1.0436,0.7946,-11.2659,0,0,0,Forehand finish,0,9,-21.4594,-73.7436,0,0,Excellent,,-1.127,-11.6702,0,11.2,0.0125,0,0.9364,0.3378,0,0
515,Rally,None,1,-0.0027,55.9275,-0.603,3.41,-15.9415,-1.4229,1.7677,0.5792,1,Run,0,9,LowPickup,-34.5467,-35.3931,-1.1331,0.7718,-11.2933,0,0,0,Forehand finish,0,9,-17.335,-73.0752,0,0,Excellent,,-1.2078,-11.7039,0,11.2,0.0109,0.0005,0.851,0.5232,0,0
516,Rally,None,1,-0.0027,55.937,-0.6363,3.4088,-15.9676,-1.4303,1.7554,0.2977,1,Run,0,9,LowPickup,-34.985,-36.0811,-1.1944,0.7514,-11.3098,6.0274,0,0,Forehand finish,0,9,-12.6808,-71.9627,0,0,Excellent,,-1.2585,-11.7251,0,11.2,0.0095,0.0028,3.0543,0.6345,0,0
517,Rally,None,1,-0.0027,55.9452,-0.6685,3.4076,-15.9929,-1.4378,1.7404,0.0162,1,Run,0,9,LowPickup,-35.4348,-36.1458,-1.2527,0.7543,-11.3234,0,0,0,Forehand finish,0,9,-7.6282,-70.4668,0,0,Excellent,,-1.3067,-11.7451,0,11.2,0.0082,0.0065,3.9962,0.7058,0,0
518,Rally,None,1,-0.0027,55.9524,-0.7012,3.4063,-16.0186,-1.449,1.713,-0.4061,1,Backhand prepare 0.05,0,9,LowPickup,-36.218,-36.1363,-1.3326,0.7506,-11.369,0,0.2083,0.1667,Forehand finish,0,9,-2.2332,-67.9604,0,0,Excellent,,-1.3741,-11.7733,0,11.2,0.0072,0.0113,4.7386,2.1556,0,0
519,Rally,None,1,-0.0027,55.9586,-0.7324,3.4051,-16.0432,-1.4565,1.6914,-0.6876,1,Backhand prepare 0.10,0,9,LowPickup,-37.3028,-35.2312,-1.3405,0.7309,-11.4053,0,0.4167,0.3333,Forehand finish,0,9,3.1546,-64.4801,0,0,Excellent,,-1.4158,-11.7907,0,11.2,0.0062,0.017,6.1182,4.0222,0,0
520,Rally,None,1,-0.0027,55.9614,-0.7635,3.4039,-16.0677,-1.4677,1.6541,-1.1099,1,Backhand prepare 0.14,0,9,LowPickup,-38.3638,-33.8603,-1.348,0.7172,-11.453,0,0.625,0.5,Forehand finish,0,9,8.1614,-60.3203,0,0,Excellent,,-1.4736,-11.8148,0,11.2,0.0028,0.0229,6.4109,3.0765,0,0
521,Rally,None,1,-0.0027,55.9549,-0.7903,3.403,-16.0893,-1.4752,1.6259,-1.3914,1,Backhand prepare 0.19,0,9,LowPickup,-42.3105,-33.4818,-1.3508,0.7015,-11.4899,1.6374,0.8333,0.6667,Forehand finish,0,9,12.586,-55.5062,0.5388,0,Excellent,,-1.4797,-11.8173,0,11.2,-0.0065,0.0287,7.4362,2.617,0,0
522,Rally,None,1,-0.0027,55.9402,-0.8131,3.4023,-16.1081,-1.4827,1.595,-1.6729,1,Backhand prepare 0.23,0,9,LowPickup,-39.5939,-28.5928,-1.3366,0.6981,-11.5302,8.5264,1,0.8333,Forehand finish,0,9,16.2908,-50.0919,0.5751,0,Excellent,,-1.4797,-11.8173,0,11.2,-0.0147,0.0328,5.8607,2.7392,0,0
523,Rally,None,1,-0.0027,55.9137,-0.8321,3.402,-16.1243,-1.4939,1.5438,-2.0952,1,Backhand prepare 0.26,0,9,LowPickup,-34.0942,-22.3807,-1.3329,0.7237,-11.5424,1.8659,1,1,Forehand finish,0,9,19.1297,-44.142,0.5641,0,Excellent,,-1.4797,-11.8173,0,11.2,-0.0264,0.0344,4.619,3.3624,0,0
524,Rally,None,1,-0.0027,55.8817,-0.8481,3.4018,-16.1384,-1.5014,1.5063,-2.3767,1,Backhand prepare 0.32,0,9,LowPickup,-28.6343,-18.2688,-1.4615,0.7877,-11.4966,1.8833,1,1,Forehand finish,0,9,20.9278,-37.7635,0.5461,0,Excellent,,-1.4797,-11.8173,0,11.2,-0.032,0.0335,3.6403,4.1645,0,0
525,Rally,None,1,-0.0027,55.8402,-0.8613,3.4019,-16.1506,-1.5126,1.4452,-2.799,1,Backhand prepare 0.36,0,9,LowPickup,-25.7817,-16.5625,-1.4472,0.8095,-11.514,0.908,1,1,Forehand finish,0,9,21.1794,-31.1552,0.6908,0,Excellent,,-1.4797,-11.8173,0,11.2,-0.0415,0.0304,2.869,4.5117,0,0
526,Rally,None,1,-0.0027,55.7951,-0.8721,3.4022,-16.1611,-1.5201,1.4011,-3.0805,1,Backhand prepare 0.41,0,9,LowPickup,-26.2475,-18.6787,-1.4156,0.8386,-11.4447,0,1,1,Forehand finish,0,9,20.5565,-24.4386,0.57,0,Excellent,,-1.4797,-11.8173,0,11.2,-0.0451,0.026,2.2612,4.3239,0,0
527,Rally,None,1,-0.0027,55.7468,-0.8811,3.4025,-16.1703,-1.5276,1.3543,-3.362,1,Backhand prepare 0.45,0,9,LowPickup,-27.4127,-21.8553,-1.463,0.8102,-11.4742,0,1,1,Forehand finish,0,9,19.3233,-17.6785,0,0,Excellent,,-1.4797,-11.8173,0,11.2,-0.0483,0.0208,1.7821,4.0995,0,0
528,Rally,None,1,-0.0027,55.6912,-0.8881,3.4031,-16.1782,-1.5388,1.2793,-3.7843,1,Backhand prepare 0.49,0,9,LowPickup,-30.8867,-26.8386,-1.5322,0.7767,-11.5376,0,1,1,Forehand finish,0,9,18.0206,-11.3732,0,0,Excellent,,-1.4797,-11.8173,0,11.2,-0.0556,0.0155,1.4045,3.7684,0,0
529,Rally,None,1,-0.0027,55.6338,-0.8937,3.4038,-16.1851,-1.5462,1.2259,-4.0658,1,Backhand prepare 0.54,0,9,LowPickup,-41.3403,-36.0246,-1.5405,0.7622,-11.5702,0,1,1,Forehand finish,0,9,16.8079,-5.7676,0,0,Excellent,,-1.4797,-11.8173,0,11.2,-0.0574,0.0107,1.1069,3.9717,0,0
530,Rally,None,1,-0.0027,55.5703,-0.8978,3.4047,-16.191,-1.5575,1.1409,-4.4881,1,Backhand prepare 0.58,0,9,LowPickup,-50.5558,-44.5459,-1.6038,0.7809,-11.5586,0.544,1,1,Forehand finish,0,9,15.6904,-1.2334,0.3908,0,Excellent,,-1.4797,-11.8173,0,11.2,-0.0635,0.0066,0.8724,4.5869,0,0
531,Rally,None,1,-0.0027,55.506,-0.9009,3.4057,-16.1961,-1.5649,1.0809,-4.7696,1,Backhand prepare 0.63,0,9,LowPickup,-61.4814,-58.0925,-1.6925,0.8466,-11.5573,5.3344,1,1,Forehand finish,0,9,14.7922,2.1641,0.3301,0,Excellent,,-1.4797,-11.8173,0,11.2,-0.0643,0.0034,0.6876,7.9942,0,0
532,Rally,None,1,-0.0027,55.441,-0.9031,3.4067,-16.2006,-1.5724,1.0183,-5.0512,1,Backhand prepare 0.67,0,9,LowPickup,-66.1121,-68.9869,-1.7578,0.8747,-11.5807,0.2912,1,1,Ready,0,9,8.6908,-1.2685,0,0,Excellent,,-1.4797,-11.8173,0,11.2,-0.065,0.0012,0.5419,9.9493,0,0
533,Rally,None,1,-0.0027,55.371,-0.9043,3.4079,-16.2044,-1.5836,0.9194,-5.4734,1,Backhand prepare 0.71,0,9,LowPickup,-70.336,-80.0189,-1.8161,0.9034,-11.6241,2.2602,1,1,Ready,0,9,8.6252,-1.347,0,0,Excellent,,-1.4797,-11.8173,0,11.2,-0.0701,-0.0002,0.4271,9.1716,0,0
534,Rally,None,1,-0.0027,55.301,-0.9049,3.4092,-16.2077,-1.5911,0.8502,-5.7549,1,Backhand prepare 0.76,0,9,LowPickup,-74.7046,-92.9734,-1.872,0.9434,-11.6879,0,1,1,Ready,0,9,8.514,-1.5182,2.0112,0,Excellent,,-1.4797,-11.8173,0,11.2,-0.07,-0.0009,0.3366,6.1893,0,0
535,Rally,None,1,-0.0027,55.2265,-0.9047,3.4106,-16.2105,-1.6023,0.7414,-6.1772,1,Backhand prepare 0.80,0,9,LowPickup,-73.0023,-100.5581,-1.8852,0.974,-11.7202,0,1,1,Ready,0,9,8.3504,-1.6287,0.659,0,Excellent,,-1.4797,-11.8173,0,11.2,-0.0745,-0.0011,0.2653,6.7909,0,0
536,Rally,None,1,-0.0027,55.1527,-0.9041,3.4121,-16.2129,-1.6098,0.6655,-6.4587,1,Backhand prepare 0.86,0,9,LowPickup,-59.3821,-107.7112,-1.8808,1.0169,-11.7176,2.0182,1,1,Ready,0,9,8.096,-1.6161,0.4081,0,Excellent,,-1.4797,-11.8173,0,11.2,-0.0738,-0.001,0.2091,15.9649,0,0
537,Rally,None,1,-0.0027,55.0794,-0.9031,3.4136,-16.215,-1.6173,0.587,-6.7403,1,Backhand prepare 0.89,0,9,LowPickup,-42.6239,-111.491,-1.855,1.0637,-11.7229,2.8919,1,1,Ready,0,9,7.7804,-1.468,0.3845,0,Excellent,,-1.4797,-11.8173,0,11.2,-0.0732,-0.0006,0.1648,21.0352,0,0
538,Rally,None,1,-0.0027,55.0022,-0.9015,3.4152,-16.2168,-1.6285,0.4643,-7.1625,1,Backhand prepare 0.93,0,9,LowPickup,-26.0862,-112.6549,-1.7853,1.1083,-11.7636,1.2838,1,1,Ready,0,9,7.5088,-1.2155,0.2911,0,Excellent,,-1.4797,-11.8173,0,11.2,-0.0773,-0.0003,0.1299,18.7276,0,0
539,Rally,None,1,-0.0027,54.9259,-0.8998,3.4169,-16.2183,-1.636,0.3791,-7.4441,1,Backhand prepare 0.99,0,9,LowPickup,-7.0014,-104.0707,-1.7229,0.9915,-11.7394,0,1,1,Ready,0,9,7.3001,-0.8288,0.3745,0,Excellent,,-1.4797,-11.8173,0,11.2,-0.0763,0.0001,0.1024,11.4129,0,0
540,Rally,None,1,-0.0027,54.846,-0.8976,3.4188,-16.2195,-1.6472,0.2465,-7.8663,1,Backhand prepare 1.00,0,9,LowPickup,-3.3065,-102.6918,-1.6837,0.9571,-11.7595,0,1,1,Ready,0,9,7.1561,-0.2157,0.3849,0,Excellent,,-1.4797,-11.8173,0,11.2,-0.0799,0.0004,0.0807,7.9306,0,0
541,Rally,None,1,-0.0027,54.7675,-0.8953,3.4207,-16.2206,-1.6547,0.1548,-8.1479,1,Backhand prepare 1.00,0,9,LowPickup,-3.3064,-104.8887,-1.6776,0.9503,-11.7771,0,1,1,Ready,0,9,7.1158,0.6059,0.4634,0,Excellent,,-1.4797,-11.8173,0,11.2,-0.0785,0.0006,0.0636,7.0506,0,0
542,Rally,None,1,-0.0027,54.6962,-0.8931,3.4224,-16.2215,-1.6622,0.1,-8.4294,1,Backhand prepare 1.00,1,0.1645,Drive,12.4587,-97.2985,-1.7315,0.9283,-11.678,0,1,1,Ready,0,9,7.1935,1.6429,0.4254,0,Excellent,,-1.4797,-11.8173,0,11.2,-0.0713,0.0007,0.0395,1.556,0,0
543,Rally,None,1,-0.0027,54.6206,-0.8905,3.4242,-16.2223,-1.6727,0.2026,-8.8246,1,Backhand swing,1,0.1395,Drive,15.0506,-90.342,-1.7235,0.9335,-11.6558,0.7926,1,1,Ready,0,9,7.4189,2.8707,0.3092,0,Excellent,,-1.4797,-11.8173,0,11.2,-0.0756,0.0006,0.0311,0.775,0,0
544,Rally,None,1,-0.0027,54.5458,-0.8879,3.4261,-16.2229,-1.6797,0.2676,-9.088,1,Backhand swing,1,0.1228,Drive,17.731,-77.5876,-1.702,1.0363,-11.6631,1.04,1,1,Ready,0,9,7.7876,4.2799,0.1312,0,Excellent,,-1.4797,-11.8173,0,11.2,-0.0748,0.0005,0.0245,0,0,0
545,Rally,None,1,-0.0027,54.4671,-0.8851,3.4282,-16.2234,-1.6901,0.3601,-9.4832,1,Backhand swing,1,0.0978,Drive,22.3388,-53.9175,-1.6622,1.1676,-11.6444,0.2833,1,1,Ready,0,9,8.4139,5.7687,0.2005,0,Excellent,,-1.4797,-11.8173,0,11.2,-0.0786,0.0004,0.0193,0,0,0
546,Rally,None,1,-0.0027,54.3897,-0.8822,3.4303,-16.2237,-1.6971,0.4183,-9.7467,1,Backhand swing,1,0.0812,Drive,20.1403,-37.6065,-1.6414,1.166,-11.6439,0.7973,1,1,Ready,0,9,9.4948,7.239,0.1364,0,Excellent,,-1.4797,-11.8173,0,11.2,-0.0774,0.0003,0.0131,0,0,0
547,Rally,None,1,-0.0027,54.3133,-0.8793,3.4324,-16.224,-1.7041,0.4739,-10.0102,1,Backhand swing,1,0.0645,Drive,20.124,-24.3257,-1.6326,1.1948,-11.633,0.7612,1,1,Ready,0,9,10.7724,8.6197,0.2615,0,Excellent,,-1.4797,-11.8173,0,11.2,-0.0764,0.0001,0.0087,0,0,0
548,Rally,None,1,-0.0027,54.2333,-0.8763,3.4347,-16.2242,-1.7146,0.5523,-10.4054,1,Backhand swing,1,0.0469,Drive,20.4472,-10.3489,-1.7044,0.9907,-11.1915,0.5421,1,1,Ready,0,9,12.1407,9.8857,0.5035,0,Excellent,,-1.4797,-11.8173,0,11.2,-0.08,0.0001,0.0055,0,0,0
549,Rally,None,1,-0.0027,54.1547,-0.8733,3.437,-16.2243,-1.7216,0.6011,-10.6688,1,Backhand swing,1,0.0352,Drive,17.4578,-4.0065,-1.5004,0.9104,-11.2232,0.5111,1,1,Ready,0,9,13.3342,10.8923,0.5061,0,Excellent,,-1.4797,-11.8173,0,11.2,-0.0786,0,0.0034,0,0,0
550,Rally,None,1,-0.0027,54.0727,-0.8701,3.4395,-16.2243,-1.7321,0.6694,-11.064,1,Backhand swing,1,0.0176,Drive,7.3629,-13.5066,-1.3713,1.0336,-11.3071,1.9512,1,1,Ready,0,9,14.0625,11.5543,0.6211,0,Excellent,,-1.4797,-11.8173,0,11.2,-0.082,0,0.0026,0,0,0
551,Rally,None,1,-0.0027,53.9979,-0.8672,3.4418,-16.2243,-1.7391,0.7115,-11.3275,1,Backhand swing,1,0.0059,Drive,-1.5646,-28.5132,-1.3784,0.958,-11.3785,14.3123,1,1,Ready,0,9,14.349,11.82,0.3925,0,Excellent,,-1.4797,-11.8173,0,11.2,-0.0748,-0.0001,0.0021,0,0,0
552,Rally,None,1,0.03,54.0243,-0.8941,3.4374,-16.2247,-1.698,0.7945,-10.9679,1,Backhand swing,1,-0.0083,Drive,2.0714,-12.6058,-1.3506,0.9234,-11.4375,9.1261,1,1,Ready,0,9,14.0405,11.5737,0.2716,0.6417,Perfect,P:Perfect;,-1.4797,-11.8173,0,11.2,0.0264,-0.0001,0.0016,0,0,0
553,Rally,None,1,0.0133,54.0688,-0.9013,3.425,-16.227,-1.698,0.7945,-10.9679,1,Backhand follow,1,-0.0083,Drive,8.0515,0.7327,-1.3508,0.9236,-11.4377,1.6896,1,1,Ready,0,9,13.4055,10.9776,0.4111,0.5833,Perfect,,-1.4797,-11.8173,0,11.2,0.0445,-0.0001,0.0016,0,0,0
554,Rally,None,1,-0.0033,54.1291,-0.8895,3.4067,-16.2309,-1.698,0.7945,-10.9679,1,Backhand follow,1,-0.0083,Drive,8.0515,0.7327,-1.3508,0.9236,-11.4375,0,1,1,Ready,0,9,12.5846,10.0396,0.5907,0.525,Perfect,,-1.4797,-11.8173,0,11.2,0.0603,0,0.0013,0,0,0
555,Rally,None,1,-0.0033,54.203,-0.9018,3.4035,-16.2312,-1.6534,0.8543,-10.5965,1,Backhand follow,1,-0.025,Drive,12.3216,21.7069,-1.333,0.8696,-11.546,0,1,1,Ready,0,9,11.7423,8.9219,2.4587,0.4667,Perfect,,-1.4778,-11.8165,0,11.2,0.0739,0.001,0.7159,0,0,0
556,Rally,None,1,-0.0033,54.2888,-0.9055,3.3958,-16.2323,-1.6088,0.9111,-10.2252,1,Backhand follow,1,-0.0417,Drive,23.0026,39.6126,-1.4603,0.816,-11.7582,1.564,1,1,Ready,0,9,11.0937,7.7101,0.6661,0.4083,Perfect,,-1.4733,-11.8147,0,11.2,0.0858,0.0034,1.2793,0,0,0
557,Rally,None,1,-0.0033,54.385,-0.9009,3.384,-16.2337,-1.5419,0.9904,-9.6681,1,Backhand follow,1,-0.0667,Drive,31.6136,47.729,-1.4515,0.8265,-11.7147,0,1,1,Ready,0,9,10.5784,6.5128,2.6745,0.35,Perfect,,-1.4618,-11.8099,0,11.2,0.0962,0.0076,2.0808,0,0,0
558,Rally,None,1,-0.0033,54.4902,-0.9049,3.3806,-16.2328,-1.4972,1.0395,-9.2968,1,Backhand follow,1,-0.0833,Drive,36.1309,48.4004,-1.4074,0.8272,-11.6613,0,1,1,Ready,0,9,10.1833,5.4502,0.6945,0.2917,Perfect,,-1.4509,-11.8053,0,11.2,0.1052,0.0128,3.0819,1.5908,0,0
559,Rally,None,1,-0.0033,54.6032,-0.9083,3.3764,-16.2311,-1.4303,1.1073,-8.7397,1,Backhand follow,1,-0.1083,Drive,43.9948,61.2837,-1.3843,0.8318,-11.6462,0,1,1,Ready,0,9,9.9815,4.5868,0.6638,0.2333,Perfect,,-1.4297,-11.7965,0,11.2,0.113,0.0189,4.7365,2.5061,0,0
560,Rally,None,1,-0.0033,54.7229,-0.9008,3.374,-16.2287,-1.3857,1.1487,-8.3684,1,Backhand follow,1,-0.125,Drive,42.7282,64.0877,-1.3476,0.8414,-11.5594,2.5583,1,1,Ready,0,9,10.0504,4.0443,0.4963,0.175,Perfect,,-1.4124,-11.7893,0,11.2,0.1198,0.025,5.8225,4.8035,0,0
561,Rally,None,1,-0.0033,54.8486,-0.8963,3.3695,-16.2258,-1.3411,1.187,-7.997,1,Backhand follow,1,-0.1417,Drive,44.6521,67.3427,-1.1939,0.9364,-11.5569,1.4274,1,1,Ready,0,9,10.3519,3.7889,0.1797,0.1167,Perfect,,-1.3926,-11.781,0,11.2,0.1257,0.0304,6.8839,5.8562,0,0
562,Rally,None,1,-0.0033,54.9794,-0.8896,3.3651,-16.2215,-1.2742,1.2387,-7.44,1,Backhand follow,1,-0.1667,Drive,51.4264,73.5577,-1.1345,1.0542,-11.72,1.7822,1,1,Ready,0,9,10.8631,3.8548,0.4289,0.0583,Perfect,,-1.358,-11.7665,0,11.2,0.1308,0.0352,7.809,5.3364,0,0
563,Rally,None,1,-0.0033,55.1128,-0.8814,3.3617,-16.2162,-1.2296,1.2694,-7.0686,1,Backhand follow,1,-0.1833,Drive,51.2531,75.1409,-1.0805,1.0706,-11.7651,5.9711,1,1,Ready,0,9,11.6207,4.1787,0.7021,0,Perfect,,-1.3317,-11.7556,0,11.2,0.1333,0.0389,7.7435,3.7926,0,0
564,Rally,None,1,-0.0033,55.2287,-0.8706,3.3591,-16.2092,-1.1626,1.3095,-6.5116,1,Backhand follow,1,-0.2083,Drive,55.3564,79.1329,-1.0091,1.079,-11.7911,7.8112,1,1,Ready,0,9,12.7209,4.7214,0.7759,0,Perfect,,-1.2875,-11.7371,0,11.2,0.1159,0.042,8.4864,3.4297,0,0
565,Rally,None,1,-0.0033,55.3294,-0.8587,3.3567,-16.2013,-1.118,1.3325,-6.1402,1,Backhand follow,1,-0.225,Drive,51.5528,79.465,-0.9499,1.0488,-11.8051,3.0351,1,1,Ready,0,9,13.959,5.3993,0.7581,0,Perfect,,-1.2548,-11.7235,0,11.2,0.1008,0.0441,8.2774,3.7473,0,0
566,Rally,None,1,-0.0033,55.4171,-0.8456,3.3545,-16.1926,-1.0734,1.3523,-5.7689,1,Backhand follow,1,-0.2417,Drive,49.3347,80.5755,-0.9093,1.0192,-11.8337,1.3402,1,1,Ready,0,9,15.214,6.129,0.659,0,Perfect,,-1.2195,-11.7088,0,11.2,0.0876,0.0451,8.1127,4.9885,0,0
567,Rally,None,1,-0.0033,55.4932,-0.8299,3.3525,-16.1819,-1.0065,1.3764,-5.2119,1,Backhand follow,1,-0.2667,Drive,48.083,81.7976,-0.8796,0.9681,-11.8088,0,1,1,Ready,0,9,16.3582,6.9053,0.5543,0,Perfect,,-1.1618,-11.6847,0.1201,11.2,0.0762,0.0456,8.5,5.6562,0,0
568,Rally,None,1,-0.0033,55.5594,-0.813,3.3506,-16.1703,-0.9619,1.3886,-4.8405,1,Backhand follow,0,9,Drive,42.3884,79.1206,-0.8203,0.9535,-11.8031,0,1,1,Run,0,9,10.1289,1.7106,0.77,0,Perfect,,-1.1202,-11.6673,0.2002,11.2,0.0662,0.0456,8.5,5.6562,0,0
569,Rally,None,1,-0.0033,55.617,-0.7932,3.3488,-16.1566,-0.8949,1.4011,-4.2835,1,Run,0,9,Drive,39.9131,50.3649,-0.6978,0.7197,-11.6613,0,0.9555,0.8333,Run,0,9,-2.5404,-9.2046,12.9913,0,Perfect,,-1.0529,-11.6393,0.3203,11.2,0.0576,0.0457,8.5,7.4553,0,0
570,Rally,None,1,-0.0033,55.667,-0.7723,3.3471,-16.1421,-0.8503,1.4056,-3.9121,1,Run,0,9,Drive,39.3601,42.232,-0.6372,0.6945,-11.6297,0,0.856,0.6667,Forehand prepare 0.03,0,9,-6.9327,-19.4538,0,0,Perfect,,-1.0048,-11.6192,0.4004,11.2,0.05,0.0457,8.5,3.3209,0,0
571,Rally,None,1,-0.0033,55.7105,-0.7503,3.3455,-16.1268,-0.8057,1.407,-3.5408,1,Run,0,9,Drive,39.1113,38.9399,-0.5771,0.6766,-11.62,0,0.7361,0.5,Forehand prepare 0.07,0,9,-2.6011,-24.2616,2.8107,0,Perfect,,-0.9542,-11.5981,0.4805,11.2,0.0435,0.0455,8.5,3.0384,0,0
572,Rally,None,1,-0.0033,55.7483,-0.7251,3.3441,-16.1091,-0.7388,1.4033,-2.9837,1,Run,0,9,Drive,38.9933,36.3062,-0.5007,0.6612,-11.5887,0,0.6155,0.3333,Forehand prepare 0.11,0,9,7.5886,0.779,6.4032,0,Perfect,,-0.8734,-11.5644,0.565,11.2,0.0378,0.0449,8.4864,2.4715,0,0
573,Rally,None,1,-0.0033,55.7812,-0.6989,3.3427,-16.0906,-0.6942,1.3971,-2.6124,1,Run,0,9,Drive,38.8488,34.2067,-0.4437,0.6532,-11.5663,5.0527,0.5041,0.1667,Forehand prepare 0.16,0,9,19.0597,5.6701,0.8915,0,Perfect,,-0.8164,-11.5406,0.565,11.2,0.0329,0.0446,8.5,1.7277,0,0
574,Rally,None,1,-0.0033,55.8098,-0.6694,3.3413,-16.0696,-0.6272,1.3819,-2.0553,1,Run,0,9,Drive,38.5613,32.6233,-0.2702,0.6767,-11.5316,1.2732,0.4064,0,Forehand prepare 0.20,0,9,25.6475,10.8189,0.4737,0,Perfect,,-0.726,-11.5029,0.565,11.2,0.0286,0.0442,8.5,0.9039,0,0
575,Rally,None,1,-0.0033,55.8346,-0.6389,3.3401,-16.0479,-0.5826,1.368,-1.684,1,Run,0,9,Drive,38.0714,31.5433,-0.1238,0.7174,-11.495,0.5969,0.3236,0,Forehand prepare 0.26,0,9,30.3359,17.7611,0,0,Perfect,,-0.6626,-11.4764,0.565,11.2,0.0248,0.0441,8.5,0.2126,0,0
576,Rally,None,1,-0.0033,55.8563,-0.6076,3.3389,-16.0256,-0.538,1.351,-1.3126,1,Run,0,9,Drive,37.3722,30.9525,-0.0479,0.7139,-11.444,0.3954,0.2551,0,Forehand prepare 0.29,0,9,36.0576,25.6279,3.6794,0,Perfect,,-0.598,-11.4495,0.565,11.2,0.0216,0.0439,8.5,0.7503,0,0
577,Rally,None,1,-0.0033,55.875,-0.5732,3.3378,-16.001,-0.4711,1.3197,-0.7556,1,Run,0,9,Drive,36.5223,31.2111,0.0241,0.6897,-11.3765,4.7776,0.1995,0,Forehand prepare 0.33,0,9,42.3283,34.0162,2.2253,0,Perfect,,-0.5026,-11.4097,0.565,11.2,0.0188,0.0427,7.3287,1.363,0,0
578,Rally,None,1,-0.0033,55.8914,-0.5388,3.3367,-15.9764,-0.4265,1.2949,-0.3842,1,Run,0,9,Drive,35.6365,32.3362,-0.006,0.6679,-11.3214,0,0.1549,0,Forehand prepare 0.39,0,9,48.8141,43.666,1.9656,0,Perfect,,-0.4421,-11.3844,0.565,11.2,0.0163,0.0391,4.4351,1.786,0,0
579,Rally,None,1,-0.0033,55.883,-0.5025,3.3356,-15.9502,-0.3595,1.2521,0.1728,1,Run,0,9,Drive,34.7933,33.4971,0.0967,0.7068,-11.2631,0,0.1195,0,Forehand prepare 0.42,0,9,54.8262,53.3749,0.169,0,Perfect,,-0.3561,-11.3486,0.565,11.2,-0.0084,0.0329,1.9064,1.9657,0,0.0001
580,Rally,None,1,-0.0033,55.8272,-0.4667,3.3346,-15.9245,-0.3149,1.2197,0.5441,1,Run,0,9,Drive,33.8882,34.6001,0.1664,0.7568,-11.2214,0,0.0918,0,Forehand prepare 0.48,0,9,60.0997,64.4466,0.1356,0,Perfect,,-0.302,-11.326,0.565,11.2,-0.0558,0.0245,0.8811,1.9138,0,0.0001
581,Rally,None,1,-0.0033,55.7302,-0.4317,3.3336,-15.8993,-0.2703,1.1843,0.9155,1,Run,0,9,Drive,33.3315,35.6589,0.23,0.7974,-11.1884,0.5523,0.0702,0,Forehand prepare 0.52,0,9,66.7798,74.1887,0.4887,0,Perfect,,-0.2505,-11.3045,0.565,11.2,-0.097,0.0156,2.2834,1.6795,0,0.0001
582,Rally,None,1,-0.0033,55.573,-0.3959,3.3327,-15.8733,-0.2034,1.1253,1.4725,1,Run,0,9,Drive,32.9376,36.6004,0.3102,0.8442,-11.1506,0.4056,0.0534,0,Forehand prepare 0.55,0,9,72.436,82.2609,0.3647,0,Perfect,,-0.1779,-11.2742,0.565,11.2,-0.1571,0.0077,3.3887,1.3,0,0.0001
583,Rally,None,1,-0.0033,55.3879,-0.3612,3.3317,-15.8482,-0.1588,1.0821,1.8439,1,Run,0,9,Drive,32.7212,37.4578,0.357,0.8785,-11.1306,0.1225,0.0405,0,Forehand prepare 0.61,0,9,72.3833,89.6322,0.2951,0,Perfect,,-0.1328,-11.2554,0.565,11.2,-0.1851,0.0013,5.0543,0.8269,0,0
584,Rally,None,1,-0.0033,55.1542,-0.3263,3.3309,-15.8228,-0.0918,1.0116,2.4009,1,Run,0,9,Drive,32.6063,38.0196,0.418,0.889,-11.1073,0.2441,0.0307,0,Forehand prepare 0.65,0,9,67.7474,95.4207,0.2565,0,Perfect,,-0.0699,-11.2292,0.565,11.2,-0.2337,-0.0032,5.5725,0.3533,0,0
585,Rally,None,1,-0.0033,54.9025,-0.293,3.33,-15.7987,-0.0472,0.9608,2.7723,1,Run,0,9,Drive,32.6308,38.5335,0.4547,0.9003,-11.0947,0.2681,0.0231,0,Forehand prepare 0.70,0,9,64.1551,101.5431,3.1249,0,Perfect,,-0.0312,-11.213,0.565,11.2,-0.2517,-0.0059,6.7754,0.0999,0,0
586,Rally,None,1,-0.0033,54.6352,-0.2615,3.3292,-15.7759,-0.0026,0.9069,3.1436,1,Run,0,9,Drive,32.7395,38.721,0.4846,0.9022,-11.0859,0.2304,0.0174,0,Forehand prepare 0.74,0,9,65.4431,105.2628,0,0,Perfect,,0,-11.2,0.565,11.2,-0.2673,-0.0069,6.9289,0.4513,0,0
587,Rally,None,1,-0.0033,54.3301,-0.2339,3.3284,-15.756,0.0643,0.8203,3.7007,1,Ready,0,9,Drive,30.8985,36.424,0.4468,0.886,-11.0746,0.4317,0.0131,0,Forehand prepare 0.77,0,9,65.8693,106.8136,0,0,Perfect,,0,-11.2,0.565,11.2,-0.3052,-0.0068,5.4609,1.8146,0,0.0001
588,Rally,None,1,-0.0033,54.0163,-0.2097,3.3276,-15.7387,0.1089,0.7587,4.072,1,Ready,0,9,Drive,27.4451,31.9087,0.377,0.8748,-11.0496,0.716,0.0098,0,Forehand prepare 0.83,0,9,59.5367,105.6424,0,0,Perfect,,0,-11.2,0.565,11.2,-0.3138,-0.0058,4.3039,3.587,0,0.0001
589,Rally,None,1,-0.0033,53.6707,-0.1884,3.3268,-15.7236,0.1759,0.6605,4.6291,1,Ready,0,9,Drive,24.1536,26.6996,0.3108,0.8696,-11.0211,0.6797,0.0073,0,Forehand prepare 0.87,0,9,50.401,102.7906,0,0,Perfect,,0,-11.2,0.565,11.2,-0.3456,-0.0044,3.392,4.2368,0,0
590,Rally,None,1,-0.0033,53.3217,-0.1696,3.3261,-15.7105,0.2205,0.5912,5.0004,1,Ready,0,9,Drive,21.6033,22.1478,0.2596,0.8663,-10.9965,0.3663,0.0055,0,Forehand prepare 0.92,0,9,30.4115,92.298,0,0,Perfect,,0,-11.2,0.565,11.2,-0.349,-0.0029,2.6733,4.2411,0,0
591,Rally,None,1,-0.0033,52.9698,-0.1531,3.3255,-15.699,0.2651,0.5189,5.3718,1,Ready,0,9,Drive,19.8461,18.4105,0.224,0.8618,-10.98,0.1881,0.0041,0,Forehand prepare 0.96,0,9,18.8304,81.5077,0,0,Perfect,,0,-11.2,0.565,11.2,-0.3519,-0.0015,2.1069,3.7291,0,0
592,Rally,None,1,-0.0033,52.5912,-0.1385,3.3248,-15.6889,0.332,0.4046,5.9288,1,Ready,0,9,Drive,18.7251,15.3802,0.2033,0.857,-10.9832,0.5236,0.003,0,Forehand prepare 1.00,0,9,9.1838,67.7188,0.7152,0,Perfect,,0,-11.2,0.565,11.2,-0.3787,-0.0004,1.6605,2.9108,0,0.0001
593,Rally,None,1,-0.0033,52.2526,-0.1256,3.3242,-15.6802,0.3766,0.3245,6.3002,1,Ready,0,9,Drive,18.0812,12.991,0.1889,0.8501,-10.9909,0,0.0023,0,Forehand prepare 1.00,0,9,8.5198,65.1063,0.101,0,Perfect,,0,-11.2,0.565,11.2,-0.3385,0.0004,1.3087,1.9604,0,0
594,Rally,None,1,-0.0033,51.9584,-0.1141,3.3236,-15.6726,0.4436,0.1987,6.8572,1,Ready,0,9,Drive,17.7583,11.1804,0.1646,0.8305,-10.982,0,0,0,Forehand prepare 1.00,1,0.168,-5.0555,57.2229,0,0,Perfect,,0,-11.2,0.565,11.2,-0.2943,0.0009,1.0314,1.01,0,0
595,Rally,None,1,-0.0033,51.7025,-0.1039,3.3231,-15.666,0.4882,0.111,7.2285,1,Ready,0,9,Drive,17.6642,9.8595,0.1413,0.8087,-10.9711,0,0,0,Backhand swing,1,0.1527,94.5286,57.1177,2.309,0,Perfect,,0,-11.2,0.565,11.2,-0.2558,0.0012,0.8129,0.2109,0,0
596,Rally,None,1,-0.0033,51.4801,-0.0948,3.3226,-15.6603,0.5318,0.1353,7.592,1,Ready,0,9,Drive,17.7464,8.9414,0.133,0.7926,-10.9668,0,0,0,Backhand swing,1,0.1375,80.9919,27.9795,0.9633,0,Perfect,,0,-11.2,0.6051,11.2,-0.2224,0.0012,0.6407,0.4765,0,0
597,Rally,None,1,-0.0033,51.2867,-0.0866,3.3221,-15.6554,0.5959,0.2368,8.1254,1,Ready,0,9,Drive,17.9176,8.4076,0.1306,0.7808,-10.9649,0,0,0,Backhand swing,1,0.1146,63.5563,5.6689,4.3072,0,Perfect,,0,-11.2,0.7252,11.2,-0.1934,0.001,0.5049,0.9089,0,0
598,Rally,None,1,-0.0033,51.1186,-0.0793,3.3217,-15.6511,0.6386,0.3009,8.4809,1,Ready,0,9,Drive,18.1224,8.2645,0.1312,0.7704,-10.9661,0,0,0,Backhand swing,1,0.0993,-5.8771,-38.0062,0,0,Perfect,,0,-11.2,0.8053,11.2,-0.1681,0.0008,0.3979,1.205,0,0
599,Rally,None,1,-0.0033,50.9725,-0.0728,3.3213,-15.6473,0.7027,0.3916,9.0143,1,Ready,0,9,Drive,18.3166,8.3844,0.1306,0.7599,-10.9665,0.3869,0,0,Backhand swing,1,0.0764,38.8173,-2.2058,2.5008,0,Perfect,,0,-11.2,0.8853,11.2,-0.1461,0.0005,0.3136,1.3432,0,0
600,Rally,None,1,-0.0033,50.8454,-0.0668,3.321,-15.6441,0.7454,0.4485,9.3699,1,Ready,0,9,Drive,18.4717,8.6654,0.1182,0.7465,-10.9596,0.29,0,0,Backhand swing,1,0.0611,30.2517,2.2184,0.844,0,Perfect,,0,-11.2,0.8853,11.2,-0.127,0.0003,0.2472,1.3323,0,0
601,Rally,None,1,-0.0033,50.735,-0.0614,3.3206,-15.6413,0.7882,0.5026,9.7254,1,Ready,0,9,Drive,18.5517,9.056,0.1093,0.7392,-10.9542,0.1395,0,0,Backhand swing,1,0.0458,26.4314,8.6975,0.7203,0,Perfect,,0,-11.2,0.8853,11.2,-0.1105,0.0001,0.1948,1.2243,0,0
602,Rally,None,1,-0.0033,50.639,-0.0565,3.3203,-15.6388,0.8522,0.5782,10.2588,1,Ready,0,9,Drive,18.5418,9.522,0.1232,0.7461,-10.9554,0.1433,0,0,Backhand swing,1,0.0229,25.9674,22.7519,1.3423,0,Perfect,,0,-11.2,0.8853,11.2,-0.096,-0.0001,0.1535,1.0687,0,0.0001
603,Rally,None,1,-0.0033,50.5555,-0.052,3.3201,-15.6367,0.895,0.6251,10.6144,1,Ready,0,9,Drive,18.5403,10.0496,0.1399,0.7578,-10.9604,0.1102,0,0,Backhand swing,1,0.0076,20.1105,23.4157,3.623,0,Perfect,,0,-11.2,0.8853,11.2,-0.0835,-0.0002,0.121,0.8652,0,0
604,Rally,None,1,-0.0033,51.2668,-0.0478,3.32,-15.6361,0.9163,0.6474,10.6722,1,Ready,0,9,Drive,18.5109,10.4938,0.1454,0.7662,-10.9692,0.031,0,0,Backhand swing,1,0,8.6299,0.1476,0.5517,0,Perfect,R;,0,-11.2,0.8918,11.2,0.7113,-0.0002,0.0954,0.6137,0,0
605,Rally,None,1,-0.0033,51.8851,-0.0439,3.32,-15.6355,0.868,0.7206,10.371,1,Ready,0,9,Drive,18.4888,10.8694,0.1441,0.7708,-10.9663,0.0133,0,0,Backhand swing,1,-0.0167,12.0007,17.1108,1.5527,0,Perfect,,0,-11.2,0.8117,11.2,0.6184,-0.0002,0.0752,0.3547,0,0
606,Rally,None,1,-0.0033,52.4227,-0.0403,3.3199,-15.635,0.8198,0.7913,10.0698,1,Ready,0,9,Drive,18.5303,11.1847,0.1311,0.7689,-10.9277,0.0149,0,0,Backhand follow,1,-0.0333,21.5727,38.2923,1.8246,0,Perfect,,0,-11.2,0.7317,11.2,0.5376,-0.0002,0.0592,0.1175,0,0
607,Rally,None,1,-0.0033,52.8901,-0.0369,3.3199,-15.6346,0.7473,0.8927,9.6181,1,Ready,0,9,Drive,18.5792,11.3891,0.1169,0.7718,-10.8927,0.0138,0,0,Backhand follow,1,-0.0583,30.2118,46.289,0,0,Perfect,,0,-11.2,0.6115,11.2,0.4673,-0.0001,0.0467,0.1638,0,0
608,Rally,None,1,-0.0033,53.2963,-0.0338,3.3199,-15.6342,0.6991,0.9571,9.3169,1,Ready,0,9,Drive,18.6069,11.4699,0.1155,0.7761,-10.888,0.0151,0,0,Backhand follow,1,-0.075,36.3648,45.0405,0,0,Perfect,,0,-11.2,0.5315,11.2,0.4063,-0.0001,0.0368,0.33,0,0
609,Rally,None,1,-0.0033,53.6496,-0.0311,3.3199,-15.6342,0.6266,1.049,8.8652,1,Ready,0,9,Drive,18.5948,11.4375,0.1173,0.7805,-10.8917,0.0161,0,0,Backhand follow,1,-0.1,46.1365,57.3189,0,0,Perfect,,-0.0037,-11.2019,0.4113,11.2,0.3532,-0.0001,0.029,0.4317,0,0
610,Rally,None,1,-0.0033,53.9566,-0.0289,3.3199,-15.6345,0.5784,1.1072,8.564,1,Run,0,9,Drive,17.936,11.1755,0.1245,0.7991,-10.8885,0.0568,0,0,Backhand follow,1,-0.1167,45.6208,61.2192,0,0,Perfect,,-0.0092,-11.2049,0.3312,11.2,0.3071,0,2.4063,0.4182,0,0
611,Rally,None,1,-0.0033,54.2236,-0.0274,3.32,-15.6353,0.5301,1.1628,8.2628,1,Run,0,9,Drive,15.7403,9.3799,0.1277,0.8092,-10.8834,0.249,0,0,Backhand follow,1,-0.1333,47.2869,65.6404,0,0,Perfect,,-0.0172,-11.2091,0.2512,11.2,0.267,0,3.4855,0.2838,0,0
612,Rally,None,1,-0.0033,54.4556,-0.027,3.32,-15.6371,0.4577,1.2416,7.8111,1,Run,0,9,Drive,11.7345,6.0419,0.1102,0.8102,-10.8813,0.4102,0,0,Backhand follow,1,-0.1583,52.1837,72.9359,0,0,Perfect,,-0.0338,-11.2178,0.131,11.2,0.2321,0,4.3361,0.2671,0,0
613,Rally,None,1,-0.0033,54.6574,-0.0275,3.3201,-15.6397,0.4094,1.2909,7.5099,1,Run,0,9,Drive,5.6338,1.099,0.0871,0.8116,-10.8721,0.5466,0,0,Backhand follow,1,-0.175,51.1573,75.5796,6.0377,0,Perfect,,-0.0479,-11.2252,0.051,11.2,0.2018,0,5.801,0.6261,0,0
614,Rally,None,1,-0.0033,54.8328,-0.0295,3.3202,-15.6437,0.337,1.3602,7.0581,1,Run,0,9,Drive,-2.1729,-5.387,0.0442,0.8056,-10.861,0.8,0,0,Backhand follow,1,-0.2,53.888,78.6588,3.4485,0,Perfect,,-0.0738,-11.2388,0,11.2,0.1754,0,6.1609,1.0669,0,0
615,Rally,None,1,-0.0033,54.9853,-0.0326,3.3204,-15.6486,0.2887,1.4033,6.757,1,Run,0,9,Drive,-10.1639,-11.0935,0.0112,0.8155,-10.8497,0,0,0,Backhand follow,1,-0.2167,47.9441,73.8906,0,0,Perfect,,-0.094,-11.2495,0,11.2,0.1525,0,7.2392,0.5589,0,0
616,Rally,None,1,-0.0033,55.1179,-0.0366,3.3206,-15.6544,0.2404,1.4439,6.4558,1,Run,0,9,Drive,-16.9953,-16.4956,-0.0209,0.817,-10.8435,0,0,0,Backhand follow,1,-0.2333,43.0605,67.8906,0,0,Perfect,,-0.1168,-11.2614,0,11.2,0.1326,0,7.2944,0.5252,0,0
617,Rally,None,1,-0.0033,55.2331,-0.0427,3.3207,-15.6621,0.168,1.5,6.0041,1,Run,0,9,Drive,-22.2363,-20.6272,-0.0684,0.8176,-10.8497,0,0,0,Backhand follow,1,-0.2583,40.5671,63.2985,1.3825,0,Perfect,,-0.1555,-11.2818,0,11.2,0.1152,0,7.338,0.4852,0,0
618,Rally,None,1,-0.0033,55.3333,-0.0499,3.321,-15.6708,0.1197,1.5343,5.7029,1,Run,0,9,Drive,-25.9839,-23.2269,-0.1053,0.8213,-10.8549,0,0,0,Backhand follow,1,-0.275,37.8374,60.3045,0.9779,0,Perfect,,-0.1844,-11.297,0,11.2,0.1002,0,8.1668,0.3932,0,0
619,Rally,None,1,-0.0033,55.4204,-0.0593,3.3212,-15.6816,0.0473,1.581,5.2511,1,Run,0,9,Drive,-28.6057,-25.2396,-0.1584,0.8203,-10.8721,1.3333,0,0,Backhand follow,0,9,36.5372,59.4487,0.6393,0,Perfect,,-0.2323,-11.3222,0,11.2,0.0871,0,8.0256,0.2778,0,0
620,Rally,None,1,-0.0033,55.4961,-0.0699,3.3215,-15.6934,-0.001,1.6091,4.95,1,Run,0,9,Drive,-30.3257,-26.3154,-0.1952,0.8223,-10.8838,6.7312,0,0,Backhand finish,0,9,55.9992,63.0298,0.5111,0,Perfect,,-0.2674,-11.3406,0,11.2,0.0757,0,8.5,0.1542,0,0
621,Rally,None,1,-0.0033,55.5619,-0.0815,3.3218,-15.7062,-0.0493,1.6345,4.6488,1,Run,0,9,Drive,-31.4244,-27.1736,-0.2319,0.8201,-10.8992,1.9624,0,0,Backhand finish,0,9,57.4778,64.3319,0.2122,0,Perfect,,-0.3049,-11.3603,0,11.2,0.0658,0,8.4526,0.0671,0,0
622,Rally,None,1,-0.0033,55.6192,-0.0958,3.3221,-15.7216,-0.1217,1.6681,4.1971,1,Run,0,9,Drive,-32.0741,-27.8298,-0.2904,0.8169,-10.9292,1.6689,0,0,Backhand finish,0,9,59.883,66.9483,0.0864,0,Perfect,,-0.3657,-11.3923,0,11.2,0.0572,0,8.2508,0.1385,0,0
623,Rally,None,1,-0.0033,55.6689,-0.1112,3.3225,-15.7379,-0.17,1.6873,3.8959,1,Run,0,9,Drive,-32.3815,-28.1409,-0.3309,0.8157,-10.9525,0,0,0,Backhand finish,0,9,62.9136,70.9876,0.1989,0,Perfect,,-0.4094,-11.4152,0,11.2,0.0498,0,8.5,0.2427,0,0
624,Rally,None,1,-0.0033,55.7122,-0.1294,3.3229,-15.7569,-0.2424,1.7114,3.4441,1,Run,0,9,Drive,-32.529,-28.4618,-0.3989,0.8146,-10.9916,0,0,0,Backhand finish,0,9,65.8995,74.7334,0.1941,0,Perfect,,-0.4794,-11.4521,0,11.2,0.0433,0,8.5,0.3114,0,0
625,Rally,None,1,-0.0033,55.7498,-0.1486,3.3233,-15.7768,-0.2907,1.7244,3.143,1,Run,0,9,Drive,-32.5238,-28.7558,-0.4467,0.8147,-11.0222,0,0,0,Backhand finish,0,9,68.5816,77.3515,0.1911,0,Perfect,,-0.5292,-11.4783,0,11.2,0.0376,0,8.5,0.3603,0,0
626,Rally,None,1,-0.0033,55.7825,-0.1689,3.3238,-15.7977,-0.339,1.7348,2.8418,1,Run,0,9,Drive,-32.3304,-29.0341,-0.4958,0.8146,-11.0559,0,0,0,Backhand finish,0,9,70.8696,78.87,0.1642,0,Perfect,,-0.5815,-11.5057,0,11.2,0.0327,0,8.5,0.407,0,0
627,Rally,None,1,-0.0033,55.8109,-0.1923,3.3242,-15.8215,-0.4114,1.7457,2.3901,1,Run,0,9,Drive,-0.6529,3.2869,-0.4695,0.8397,-11.2105,6.0717,0,0,Backhand finish,0,9,72.6314,79.6459,0.0423,0,Perfect,,-0.6644,-11.5494,0,11.2,0.0284,0,8.5,0.2056,0,0
628,Rally,None,1,-0.0033,55.8356,-0.2166,3.3247,-15.8462,-0.4597,1.7499,2.0889,1,Run,0,9,Drive,-0.9049,3.1057,-0.5306,0.8407,-11.2392,3.0146,0,0,Backhand finish,0,9,73.8748,79.9092,0.061,0,Perfect,,-0.7228,-11.5801,0,11.2,0.0247,0,8.5,0.2142,0,0
629,Rally,None,1,-0.0033,55.8571,-0.2442,3.3253,-15.8741,-0.5321,1.7514,1.6371,1,Run,0,9,Drive,-1.1213,2.8413,-0.6245,0.8384,-11.2874,0,0,0,Backhand finish,0,9,74.7463,80.001,0.0677,0,Perfect,,-0.815,-11.6285,0,11.2,0.0215,0,8.5,0.1637,0,0
630,Rally,None,1,-0.0033,55.8757,-0.2727,3.3258,-15.9027,-0.5804,1.7493,1.336,1,Run,0,9,Drive,-1.5018,2.1915,-0.6857,0.8289,-11.3233,0,0,0,Backhand finish,0,9,75.2845,80.0846,0.0562,0,Perfect,,-0.8796,-11.6625,0,11.2,0.0187,0,8.5,0.0542,0,0
631,Rally,None,1,-0.0033,55.892,-0.3021,3.3264,-15.9321,-0.6287,1.7446,1.0348,1,Run,0,9,Drive,-2.1843,1.0153,-0.7431,0.8114,-11.3623,0,0,0,Backhand finish,0,9,75.5419,80.344,0.015,0,Perfect,,-0.9466,-11.6977,0,11.2,0.0162,0,8.5,0.1487,0,0
632,Rally,None,1,-0.0033,55.9061,-0.335,3.327,-15.9649,-0.7011,1.7329,0.5831,1,Backhand prepare 0.03,0,9,Drive,-3.4771,-0.3764,-0.8518,0.8159,-11.4455,1.3639,0.2083,0.1667,Backhand finish,0,9,75.5554,80.6629,0.0165,0,Perfect,,-1.0517,-11.753,0,11.2,0.0141,0,8.5,0.2381,0,0
633,Rally,None,1,-0.0033,55.9184,-0.3688,3.3277,-15.9985,-0.7494,1.722,0.2819,1,Backhand prepare 0.08,0,9,Drive,-5.6734,-0.356,-0.9059,0.8082,-11.5294,0.099,0.4167,0.3333,Backhand finish,0,9,75.0105,81.0256,0.3752,0,Perfect,,-1.1248,-11.7914,0,11.2,0.0123,0,8.5,1.2014,0,0
634,Rally,None,1,-0.0033,55.929,-0.4061,3.3284,-16.0355,-0.8218,1.7009,-0.1699,1,Backhand prepare 0.11,0,9,Drive,-8.0761,-0.8857,-0.9852,0.8063,-11.6351,0.5274,0.625,0.5,Backhand finish,0,9,72.9431,81.2689,0.1008,0,Perfect,,-1.2392,-11.8515,0,11.2,0.0107,0,8.5,1.1902,0,0
635,Rally,None,1,-0.0033,55.9362,-0.4442,3.3292,-16.0731,-0.8701,1.6837,-0.471,1,Backhand prepare 0.16,0,9,Drive,-13.6546,-2.5352,-1.0483,0.8117,-11.7073,0,0.8333,0.6667,Backhand finish,0,9,69.6406,81.541,0.1272,0,Perfect,,-1.3184,-11.8932,0,11.2,0.0072,0,8.5,1.7503,0,0
636,Rally,None,1,-0.0033,55.9347,-0.4831,3.3303,-16.1113,-0.9184,1.664,-0.7722,1,Backhand prepare 0.19,0,9,Drive,-6.0005,-1.2666,-1.0907,0.8266,-11.7889,0,1,0.8333,Backhand finish,0,9,65.3081,82.0267,0.2237,0,Perfect,,-1.4002,-11.9362,0,11.2,-0.0015,0,8.5,1.3597,0,0
637,Rally,None,1,-0.0033,55.9217,-0.5258,3.332,-16.153,-0.9908,1.6297,-1.224,1,Backhand prepare 0.22,0,9,Drive,-7.981,-3.1931,-1.2861,0.8187,-11.8065,0,1,1,Backhand finish,0,9,60.046,82.532,0.2866,0,Perfect,,-1.5259,-12.0023,0,11.2,-0.013,0,8.5,1.0393,0,0
638,Rally,None,1,-0.0033,55.9026,-0.5688,3.3339,-16.1948,-1.0391,1.6038,-1.5251,1,Backhand prepare 0.27,0,9,Drive,-23.171,-10.1665,-1.4069,0.815,-11.8522,0,1,1,Backhand finish,0,9,54.1058,82.9925,0.1791,0,Perfect,,-1.6074,-12.0451,0,11.2,-0.0191,0,7.4146,3.6018,0,0
639,Rally,None,1,-0.0033,55.8743,-0.6146,3.3363,-16.2391,-1.1115,1.5601,-1.9769,1,Backhand prepare 0.30,0,9,Drive,-25.5812,-14.495,-1.7708,0.8091,-11.7809,0,1,1,Backhand finish,0,9,47.6532,83.3128,0.1712,0,Perfect,,-1.7249,-12.107,0,11.2,-0.0283,0,4.2546,3.3023,0,0
640,Rally,None,1,-0.0033,55.8418,-0.6597,3.3388,-16.2827,-1.1598,1.5278,-2.278,1,Backhand prepare 0.35,0,9,Drive,-28.7915,-20.5294,-1.8979,0.8374,-11.7539,8.5513,1,1,Backhand finish,0,9,40.9238,83.2307,0.2031,0,Perfect,,-1.8003,-12.1466,0,11.2,-0.0325,0,0.9696,2.8564,0,0
641,Rally,None,1,-0.0033,55.8057,-0.7042,3.3414,-16.3256,-1.208,1.493,-2.5792,1,Backhand prepare 0.38,0,9,Drive,-31.9224,-25.7338,-1.9406,0.8364,-11.7541,8.1105,1,1,Backhand finish,0,9,34.2688,82.557,0.2604,0,Perfect,,-1.8731,-12.1849,0,11.2,-0.0362,0.0005,0.8249,1.9826,0,0
642,Rally,None,1,-0.0033,55.7623,-0.7503,3.3444,-16.3699,-1.2805,1.4361,-3.031,1,Backhand prepare 0.41,0,9,Drive,-34.3452,-30.3479,-2.0893,0.8657,-11.7703,6.1059,1,1,Backhand finish,0,9,27.7938,80.4881,0.2857,0,Perfect,,-1.9778,-12.2399,0,11.2,-0.0434,0.0023,2.2391,1.5451,0,0
643,Rally,None,1,-0.0033,55.7166,-0.7952,3.3474,-16.4129,-1.3287,1.3951,-3.3321,1,Backhand prepare 0.46,0,9,Drive,-36.1145,-35.1614,-2.1429,0.7562,-11.919,0.9197,1,1,Backhand finish,0,9,21.351,76.8888,0.324,0,Perfect,,-2.0445,-12.275,0,11.2,-0.0457,0.0058,4.1483,2.5516,0,0
644,Rally,None,1,-0.0033,55.6647,-0.8411,3.3507,-16.4568,-1.4012,1.3288,-3.7839,1,Backhand prepare 0.49,0,9,Drive,-38.9027,-38.7246,-2.2711,0.7566,-11.9524,1.319,1,1,Backhand finish,0,9,16.0061,72.0296,0.34,0,Perfect,,-2.1399,-12.3252,0,11.2,-0.0519,0.0106,4.8584,3.3935,0,0
645,Rally,None,1,-0.0033,55.6115,-0.8854,3.3541,-16.499,-1.4494,1.2814,-4.085,1,Backhand prepare 0.54,0,9,Drive,-46.0261,-45.094,-2.3289,0.7408,-12.0264,7.5791,1,1,Backhand finish,0,9,11.5791,66.078,0.3281,0,Perfect,,-2.2005,-12.357,0,11.2,-0.0532,0.0165,6.2126,4.9739,0,0
646,Rally,None,1,-0.0033,55.5571,-0.9281,3.3575,-16.5396,-1.4977,1.2316,-4.3862,1,Backhand prepare 0.58,0,9,Drive,-50.9161,-50.3416,-2.4464,0.746,-12.0479,6.9701,1,1,Backhand finish,0,9,8.0321,59.1872,0.3092,0,Perfect,,-2.2586,-12.3876,0,11.2,-0.0544,0.0226,6.4854,5.7775,0,0
647,Rally,None,1,-0.0033,55.4975,-0.9711,3.3611,-16.5805,-1.5701,1.1521,-4.838,1,Backhand prepare 0.61,0,9,Drive,-52.2996,-54.7158,-2.5739,0.7573,-12.0872,5.0893,1,1,Backhand finish,0,9,5.5431,51.7402,0.2697,0,Perfect,,-2.3411,-12.4309,0,11.2,-0.0596,0.0282,6.7004,7.1293,0,0
648,Rally,None,1,-0.0033,55.4375,-1.0123,3.3647,-16.6195,-1.6184,1.096,-5.1391,1,Backhand prepare 0.66,0,9,Drive,-47.8374,-59.0113,-2.6721,0.7855,-12.0976,0.7532,1,1,Backhand finish,0,9,4.4929,43.9781,0.2107,0,Perfect,,-2.3931,-12.4583,0,11.2,-0.0601,0.0333,7.6643,10.3229,0,0
649,Rally,None,1,-0.0033,55.3728,-1.0535,3.3684,-16.6583,-1.6908,1.0071,-5.5909,1,Backhand prepare 0.69,0,9,Drive,-44.4169,-62.1614,-2.774,0.8217,-12.1285,6.1092,1,1,Backhand finish,0,9,4.5706,36.1447,0.1985,0,Perfect,,-2.4664,-12.4968,0,11.2,-0.0647,0.0375,7.6295,8.7179,0,0
650,Rally,None,1,-0.0033,55.3077,-1.0903,3.3722,-16.693,-1.7391,0.9447,-5.892,1,Backhand prepare 0.74,0,9,Drive,-40.7402,-66.5361,-2.8113,0.9025,-12.1199,0,1,1,Backhand finish,0,9,5.4383,28.4818,0.1629,0,Perfect,,-2.48,-12.5039,0,11.2,-0.0651,0.041,8.3966,5.4949,0,0
651,Rally,None,1,-0.0033,55.2421,-1.1223,3.3759,-16.723,-1.7874,0.8797,-6.1932,1,Backhand prepare 0.78,0,9,Drive,-32.8445,-63.4122,-2.7732,0.9011,-12.0827,0,1,1,Backhand finish,0,9,6.8896,21.0897,0.1586,0,Perfect,,-2.48,-12.5039,0,11.2,-0.0656,0.0424,6.6176,5.0927,0,0
652,Rally,None,1,-0.0033,55.1714,-1.1502,3.3799,-16.749,-1.8598,0.7776,-6.645,1,Backhand prepare 0.82,0,9,Drive,-17.8252,-57.6566,-2.7002,0.9052,-12.0328,0,1,1,Backhand finish,0,9,8.339,14.3602,0.1334,0,Perfect,,-2.48,-12.5039,0,11.2,-0.0707,0.0413,5.2155,9.4577,0,0
653,Rally,None,1,-0.0033,55.1009,-1.1746,3.3838,-16.7715,-1.9081,0.7064,-6.9461,1,Backhand prepare 0.87,0,9,Drive,9.1621,-52.972,-2.621,0.9181,-12.0103,0,1,1,Backhand finish,0,9,9.6739,8.5151,0.1121,0,Perfect,,-2.48,-12.5039,0,11.2,-0.0705,0.038,4.1105,19.5986,0,0
654,Rally,None,1,-0.0033,55.026,-1.1959,3.3878,-16.7909,-1.9805,0.5949,-7.3979,1,Backhand prepare 0.91,0,9,Drive,22.8418,-52.4786,-2.6016,0.9604,-12.0528,0,1,1,Backhand finish,0,9,10.8744,3.8526,0.2357,0,Perfect,,-2.48,-12.5039,0,11.2,-0.0749,0.033,3.2396,17.7694,0,0
655,Rally,None,1,-0.0033,54.9518,-1.2145,3.3918,-16.8077,-2.0288,0.5175,-7.699,1,Backhand prepare 0.96,0,9,Drive,29.2004,-52.0982,-2.6146,0.9801,-12.1431,0,1,1,Backhand finish,0,9,11.8267,0.4165,0.215,0,Perfect,,-2.48,-12.5039,0,11.2,-0.0742,0.0271,2.5532,10.0648,0,0
656,Rally,None,1,-0.0033,54.8782,-1.2307,3.3957,-16.8223,-2.0771,0.4375,-8.0002,1,Backhand prepare 1.00,0,9,Drive,26.0193,-52.0782,-2.6305,0.9385,-12.1631,2.2615,1,1,Ready,0,9,18.0963,4.0744,0.2742,0,Perfect,,-2.48,-12.5039,0,11.2,-0.0736,0.0209,2.0122,10.1216,0,0
657,Rally,None,1,-0.0033,54.8006,-1.245,3.3998,-16.8348,-2.1495,0.3128,-8.452,1,Backhand prepare 1.00,0,9,Drive,22.6344,-55.7562,-2.6461,0.9068,-12.1876,2.7122,1,1,Ready,0,9,17.6584,4.0283,0.1037,0,Perfect,,-2.48,-12.5039,0,11.2,-0.0776,0.0151,1.5859,9.4318,0,0
658,Rally,None,1,-0.0033,54.7241,-1.2574,3.4037,-16.8456,-2.1978,0.2265,-8.7531,1,Backhand prepare 1.00,1,0.1645,Drive,18.5505,-63.3374,-2.6681,0.9093,-12.1514,0.9417,1,1,Ready,0,9,16.8799,4.0396,0.2542,0,Perfect,,-2.48,-12.5039,0,11.2,-0.0765,0.0059,0.9851,3.1761,0,0
659,Rally,None,1,-0.0033,54.6501,-1.2684,3.4075,-16.8549,-2.2702,0.1,-9.2049,1,Backhand swing,1,0.1395,Drive,26.9374,-63.1441,-2.6705,0.9166,-12.2042,3.4435,1,1,Ready,0,9,15.7888,4.0559,0.4224,0,Perfect,,-2.48,-12.5039,0,11.2,-0.0741,0.0029,0.7764,0.864,0,0
660,Rally,None,1,-0.0033,54.5766,-1.2779,3.4113,-16.8629,-2.3151,0.1638,-9.4848,1,Backhand swing,1,0.1228,Drive,25.383,-59.8543,-2.6754,0.9425,-12.1981,0,1,1,Ready,0,9,14.4894,4.0884,0.3647,0,Perfect,,-2.48,-12.5039,0,11.2,-0.0735,0.0009,0.6119,0,0,0
661,Rally,None,1,-0.0033,54.5037,-1.2864,3.415,-16.8698,-2.36,0.225,-9.7648,1,Backhand swing,1,0.1062,Drive,24.1246,-51.5845,-2.685,1.1573,-12.2649,0,1,1,Ready,0,9,13.1338,4.1812,0.1487,0,Perfect,,-2.48,-12.5039,0,11.2,-0.0729,-0.0003,0.4822,0,0,0
662,Rally,None,1,-0.0033,54.4266,-1.2939,3.4188,-16.8757,-2.4273,0.3118,-10.1847,1,Backhand swing,1,0.0812,Drive,25.4166,-29.3299,-2.6377,1.2214,-12.3027,0,1,1,Ready,0,9,11.8502,4.3243,0.1187,0,Perfect,,-2.48,-12.5039,0,11.2,-0.077,-0.0008,0.3273,0,0,0
663,Rally,None,1,-0.0033,54.3506,-1.3005,3.4226,-16.8808,-2.4722,0.3663,-10.4646,1,Backhand swing,1,0.0645,Drive,21.4639,-20.2625,-2.6224,1.2669,-12.3053,0,1,1,Ready,0,9,10.7198,4.4956,0.3377,0,Perfect,,-2.48,-12.5039,0,11.2,-0.076,-0.0009,0.2163,0,0,0
664,Rally,None,1,-0.0033,54.2709,-1.3064,3.4264,-16.885,-2.5395,0.4433,-10.8845,1,Backhand swing,1,0.0425,Drive,22.9495,-3.172,-2.502,0.9431,-11.8438,0,1,1,Ready,0,9,9.7843,4.6431,0.4621,0,Perfect,,-2.48,-12.5039,0,11.2,-0.0797,-0.0007,0.1377,0,0,0
665,Rally,None,1,-0.0033,54.1925,-1.3117,3.4301,-16.8887,-2.5844,0.4912,-11.1644,1,Backhand swing,1,0.0319,Drive,17.0964,-1.031,-2.3672,0.8318,-11.8328,0,1,1,Ready,0,9,8.9994,4.7126,0.5157,0,Perfect,,-2.48,-12.5039,0,11.2,-0.0784,-0.0003,0.0837,0,0,0
666,Rally,None,1,-0.0033,54.1153,-1.3163,3.4337,-16.8918,-2.6292,0.5366,-11.4444,1,Backhand swing,1,0.0213,Drive,16.669,5.7788,-2.3451,0.7867,-11.8703,9.0361,1,1,Ready,0,9,8.2351,4.6353,0.4854,0,Perfect,,-2.48,-12.5039,0,11.2,-0.0772,0.0001,0.066,0,0,0
667,Rally,None,1,-0.0033,54.035,-1.3206,3.4374,-16.8944,-2.6966,0.5997,-11.8643,1,Backhand swing,1,0.0053,Drive,-1.3544,-27.7569,-2.3482,0.8377,-11.9312,3.8087,1,1,Ready,0,9,7.5963,4.454,0.2289,0,Perfect,,-2.48,-12.5039,0,11.2,-0.0804,0.0004,0.052,0,0,0
668,Rally,None,1,0.045,54.0565,-1.3228,3.4237,-16.8998,-2.6724,0.7023,-11.5212,1,Backhand swing,1,-0.0083,Drive,2.0952,-12.52,-2.3252,0.8085,-11.9848,9.2376,1,1,Ready,0,9,7.2191,4.1818,0.4736,0.9417,Perfect,P:Perfect+S;,-2.48,-12.5039,0,11.2,0.0216,0.0006,0.041,0,0,0
669,Rally,None,1,0.0283,54.0968,-1.3398,3.4364,-16.8994,-2.6724,0.7023,-11.5212,1,Backhand follow,1,-0.0083,Drive,8.0662,0.785,-2.326,0.8101,-11.9842,0,1,1,Ready,0,9,7.0142,3.9389,0.6613,0.8833,Perfect,,-2.48,-12.5039,0,11.2,0.0403,0.0006,0.041,0,0,0
670,Rally,None,1,0.0117,54.1534,-1.3316,3.4208,-16.9049,-2.6724,0.7023,-11.5212,1,Backhand follow,1,-0.0083,Drive,8.0606,0.7651,-2.3264,0.8109,-11.9835,0,1,1,Ready,0,9,6.9186,3.8796,0.5905,0.825,Perfect,,-2.48,-12.5039,0,11.2,0.0566,0.0007,0.0323,0,0,0
671,Rally,None,1,-0.005,54.2242,-1.3383,3.4184,-16.907,-2.6724,0.7023,-11.5212,1,Backhand follow,1,-0.0083,Drive,8.0572,0.7529,-2.3267,0.8115,-11.9831,0,1,1,Ready,0,9,6.9455,3.9891,0.4847,0.7667,Perfect,,-2.48,-12.5039,0,11.2,0.0708,0.0008,0.0255,0,0,0
672,Rally,None,1,-0.005,54.3072,-1.3143,3.4023,-16.9124,-2.6257,0.7822,-11.1581,1,Backhand follow,1,-0.025,Drive,12.3216,21.7118,-2.3094,0.7618,-12.0909,0,1,1,Ready,0,9,7.0883,4.3032,0.3556,0.7083,Perfect,,-2.4781,-12.503,0,11.2,0.0831,0.0016,0.7309,0,0,0
673,Rally,None,1,-0.005,54.401,-1.3205,3.3982,-16.914,-2.5791,0.859,-10.7951,1,Backhand follow,1,-0.0417,Drive,23.0024,39.6233,-2.4517,0.7416,-12.3167,0,1,1,Ready,0,9,7.3689,4.8273,0.2609,0.65,Perfect,,-2.4738,-12.5007,0,11.2,0.0938,0.0039,1.2911,0,0,0
674,Rally,None,1,-0.005,54.5041,-1.333,3.4019,-16.9129,-2.5091,0.9684,-10.2505,1,Backhand follow,1,-0.0667,Drive,31.6133,47.7474,-2.4779,0.7677,-12.3394,0,1,1,Ready,0,9,7.7755,5.5923,0.1033,0.5917,Perfect,,-2.4628,-12.4949,0,11.2,0.1031,0.0079,2.0902,0,0,0
675,Rally,None,1,-0.005,54.6152,-1.3147,3.3863,-16.9158,-2.4625,1.0376,-9.8874,1,Backhand follow,1,-0.0833,Drive,36.1241,48.4103,-2.4192,0.7837,-12.2954,5.4212,1,1,Ready,0,9,8.4286,6.5239,0.1812,0.5333,Perfect,,-2.4523,-12.4894,0,11.2,0.1112,0.013,3.0915,1.5931,0,0
676,Rally,None,1,-0.005,54.7334,-1.3127,3.3851,-16.9141,-2.3925,1.1355,-9.3428,1,Backhand follow,1,-0.1083,Drive,43.9516,61.2775,-2.383,0.8294,-12.2813,2.1763,1,1,Ready,0,9,9.5291,7.543,0.1027,0.475,Perfect,,-2.432,-12.4787,0,11.2,0.1182,0.019,4.7459,2.5044,0,0
677,Rally,None,1,-0.005,54.8578,-1.3144,3.3821,-16.9116,-2.3459,1.197,-8.9798,1,Backhand follow,1,-0.125,Drive,42.5836,63.9925,-2.3308,0.836,-12.1953,2.7061,1,1,Ready,0,9,10.8063,8.5865,0.255,0.4167,Perfect,,-2.4154,-12.47,0,11.2,0.1243,0.025,5.8313,4.8032,0,0
678,Rally,None,1,-0.005,54.9874,-1.3095,3.3866,-16.907,-2.2992,1.2554,-8.6167,1,Backhand follow,1,-0.1417,Drive,44.3222,67.0686,-2.1787,0.9275,-12.1948,1.1425,1,1,Ready,0,9,12.1754,9.6334,0.4757,0.3583,Perfect,,-2.3964,-12.46,0,11.2,0.1296,0.0303,6.8919,5.8414,0,0
679,Rally,None,1,-0.005,55.1197,-1.3027,3.3865,-16.9015,-2.2293,1.3372,-8.0721,1,Backhand follow,1,-0.1667,Drive,50.8477,73.0215,-2.1232,1.0495,-12.3572,13.3937,1,1,Ready,0,9,13.363,10.5219,0.4798,0.3,Perfect,,-2.3632,-12.4425,0,11.2,0.1323,0.0351,7.8153,5.2627,0,0
680,Rally,None,1,-0.005,55.2347,-1.2996,3.3903,-16.8941,-2.1826,1.388,-7.7091,1,Backhand follow,1,-0.1833,Drive,50.3789,74.272,-2.0681,1.1009,-12.3978,2.5743,1,1,Ready,0,9,14.0831,11.1492,0.3116,0.2417,Perfect,,-2.338,-12.4293,0,11.2,0.115,0.0389,7.7485,3.7421,0,0
681,Rally,None,1,-0.005,55.3347,-1.2866,3.3885,-16.886,-2.1127,1.4583,-7.1645,1,Backhand follow,1,-0.2083,Drive,54.1575,77.9227,-2.0003,1.0866,-12.4242,11.7325,1,1,Ready,0,9,14.3623,11.4432,2.1159,0.1833,Perfect,,-2.2956,-12.407,0,11.2,0.1,0.042,8.4903,3.3264,0,0
682,Rally,None,1,-0.005,55.4216,-1.2748,3.3886,-16.8763,-2.066,1.5014,-6.8015,1,Backhand follow,1,-0.225,Drive,50.0044,77.8923,-1.9425,1.0626,-12.4478,1.8297,1,1,Ready,0,9,14.0482,11.2661,0.3006,0.125,Perfect,,-2.2642,-12.3905,0,11.2,0.0869,0.0441,8.2805,3.7266,0,0
683,Rally,None,1,-0.005,55.4972,-1.2607,3.3908,-16.8654,-2.0194,1.5414,-6.4384,1,Backhand follow,1,-0.2417,Drive,47.4291,78.6652,-1.9031,1.0285,-12.4644,12.0997,1,1,Ready,0,9,13.4055,10.7499,2.2821,0.0667,Perfect,,-2.2304,-12.3727,0,11.2,0.0756,0.0451,8.1151,5.1233,0,0
684,Rally,None,1,-0.005,55.5628,-1.2463,3.3915,-16.8521,-1.9494,1.5956,-5.8938,1,Backhand follow,1,-0.2667,Drive,45.8167,79.582,-1.8774,0.9753,-12.4385,1.2451,1,1,Ready,0,9,12.5846,9.9117,0.5101,0.0083,Perfect,,-2.1751,-12.3436,-0.108,11.2,0.0657,0.0457,8.5,5.9018,0,0
685,Rally,None,1,-0.005,55.62,-1.2305,3.3927,-16.8378,-1.9028,1.628,-5.5308,1,Backhand follow,0,9,Drive,39.8084,76.5999,-1.8207,0.9563,-12.429,0.9739,1,1,Run,0,9,15.4273,13.1896,5.6344,0,Perfect,,-2.1352,-12.3226,-0.108,11.2,0.0571,0.0457,8.5,5.9018,0,0
686,Rally,None,1,-0.005,55.6696,-1.2122,3.394,-16.8209,-1.8328,1.6707,-4.9862,1,Run,0,9,Drive,37.0614,46.7595,-1.7284,0.7124,-12.2993,0,0.9555,0.8333,Ready,0,9,17.9929,15.5882,1.0271,0,Perfect,,-2.0706,-12.2887,-0.108,11.2,0.0496,0.0458,8.5,8.1125,0,0
687,Rally,None,1,-0.005,55.7128,-1.1929,3.3953,-16.8029,-1.7862,1.6954,-4.6231,1,Run,0,9,Drive,36.25,38.2987,-1.6225,0.6978,-12.2644,0,0.856,0.6667,Ready,0,9,17.345,14.4614,4.4883,0,Perfect,,-2.0245,-12.2645,-0.108,11.2,0.0432,0.0459,8.5,3.4595,0,0
688,Rally,None,1,-0.005,55.7503,-1.1728,3.3966,-16.784,-1.7396,1.717,-4.2601,1,Run,0,9,Drive,35.7221,35.1766,-1.4877,0.7071,-12.2641,0,0.7361,0.5,Ready,0,9,15.6949,12.3106,0.799,0,Perfect,,-1.976,-12.2389,-0.108,11.2,0.0375,0.0457,8.5,3.0002,0,0
689,Rally,None,1,-0.005,55.7829,-1.1498,3.398,-16.7621,-1.6696,1.7436,-3.7155,1,Run,0,9,Drive,35.3033,32.8342,-1.3306,0.7479,-12.2148,0,0.6155,0.3333,Ready,0,9,14.0737,10.0763,0.7401,0,Perfect,,-1.8985,-12.1982,-0.108,11.2,0.0326,0.0452,8.4871,2.2566,0,0
690,Rally,None,1,-0.005,55.8113,-1.1259,3.3994,-16.7394,-1.623,1.7576,-3.3524,1,Run,0,9,Drive,34.8518,31.1255,-1.2725,0.7476,-12.1694,0,0.5041,0.1667,Forehand prepare 0.06,0,9,22.9921,10.9826,0.5858,0,Perfect,,-1.8438,-12.1695,-0.108,11.2,0.0284,0.045,8.5,1.3671,0,0
691,Rally,None,1,-0.005,55.8359,-1.099,3.4008,-16.7136,-1.553,1.7727,-2.8078,1,Run,0,9,Drive,34.2592,30.001,-1.2575,0.6978,-12.1001,0,0.4064,0,Forehand prepare 0.10,0,9,13.7457,8.5439,0.5672,0,Perfect,,-1.7571,-12.1239,-0.108,11.2,0.0247,0.0447,8.5,0.4831,0,0
692,Rally,None,1,-0.005,55.8574,-1.0713,3.4022,-16.6869,-1.5064,1.779,-2.4448,1,Run,0,9,Drive,33.4851,29.4301,-1.2929,0.6507,-12.049,0,0.3236,0,Forehand prepare 0.15,0,9,23.1598,12.4375,0.9534,0,Perfect,,-1.6963,-12.0919,-0.108,11.2,0.0214,0.0447,8.5,0.5764,0,0
693,Rally,None,1,-0.005,55.876,-1.0428,3.4036,-16.6594,-1.4597,1.7822,-2.0817,1,Run,0,9,Drive,32.6081,29.328,-1.2218,0.6421,-11.9782,3.2413,0.2551,0,Forehand prepare 0.19,0,9,29.1464,15.8021,1.1835,0,Perfect,,-1.6343,-12.0593,-0.108,11.2,0.0186,0.0447,8.5,1.2676,0,0
694,Rally,None,1,-0.005,55.8922,-1.0115,3.4051,-16.6291,-1.3898,1.7812,-1.5372,1,Run,0,9,Drive,31.6932,29.9886,-1.1119,0.6523,-11.9011,3.3618,0.1995,0,Forehand prepare 0.22,0,9,33.8779,19.8462,0.5496,0,Perfect,,-1.5414,-12.0104,-0.108,11.2,0.0162,0.0437,7.329,1.7795,0,0.0002
695,Rally,None,1,-0.005,55.9063,-0.9799,3.4065,-16.5985,-1.3431,1.7768,-1.1741,1,Run,0,9,Drive,30.812,31.0265,-1.0327,0.6996,-11.8434,1.0433,0.1549,0,Forehand prepare 0.28,0,9,36.6609,24.5862,0.4095,0,Perfect,,-1.4794,-11.9779,-0.108,11.2,0.0141,0.0411,5.7762,2.048,0,0
696,Rally,None,1,-0.005,55.9185,-0.9458,3.408,-16.5654,-1.2732,1.7643,-0.6295,1,Run,0,9,Drive,30.0957,32.0797,-0.9231,0.7425,-11.7769,1.2201,0.1195,0,Forehand prepare 0.32,0,9,40.9799,30.4233,0.3153,0,Perfect,,-1.3865,-11.929,-0.108,11.2,0.0122,0.037,4.5524,2.0351,0,0
697,Rally,None,1,-0.005,55.9292,-0.9118,3.4095,-16.5324,-1.2265,1.7522,-0.2665,1,Run,0,9,Drive,29.3789,32.8929,-0.8511,0.7845,-11.7299,0.4768,0.0918,0,Forehand prepare 0.37,0,9,46.0139,38.2504,0.2815,0,Perfect,,-1.3245,-11.8964,-0.108,11.2,0.0106,0.0317,3.5878,1.7857,0,0
698,Rally,None,1,-0.005,55.9258,-0.8779,3.4109,-16.4993,-1.1799,1.737,0.0966,1,Run,0,9,Drive,29.1895,33.8492,-0.787,0.8081,-11.6929,0.8821,0.0702,0,Forehand prepare 0.41,0,9,51.5087,47.0855,0.0899,0,Perfect,,-1.2626,-11.8639,-0.108,11.2,-0.0034,0.0259,2.8277,1.3445,0,0
699,Rally,None,1,-0.005,55.8517,-0.8418,3.4124,-16.4641,-1.1099,1.7084,0.6412,1,Run,0,9,Drive,29.3124,34.5814,-0.6978,0.8233,-11.6514,1.6169,0.0534,0,Forehand prepare 0.45,0,9,56.5473,57.0074,0.3057,0,Perfect,,-1.1696,-11.815,-0.108,11.2,-0.0741,0.02,2.2286,0.7635,0,0
700,Rally,None,1,-0.005,55.7399,-0.8061,3.4139,-16.4292,-1.0633,1.6856,1.0042,1,Run,0,9,Drive,29.6823,34.9465,-0.6371,0.8381,-11.6289,6.0214,0.0405,0,Forehand prepare 0.50,0,9,64.4632,68.7898,0,0,Perfect,,-1.1077,-11.7824,-0.108,11.2,-0.1118,0.0145,1.7564,0.1444,0,0
701,Rally,None,1,-0.005,55.5716,-0.7684,3.4153,-16.3923,-0.9933,1.6455,1.5488,1,Run,0,9,Drive,30.3245,35.099,-0.549,0.8254,-11.5945,1.7068,0.0307,0,Forehand prepare 0.54,0,9,70.8643,77.9417,0,0,Perfect,,-1.0148,-11.7335,-0.108,11.2,-0.1684,0.0098,1.3843,0.5292,0,0
702,Rally,None,1,-0.005,55.3778,-0.7314,3.4168,-16.3559,-0.9467,1.615,1.9119,1,Run,0,9,Drive,31.1541,34.9195,-0.499,0.7944,-11.5816,1.4191,0.0231,0,Forehand prepare 0.60,0,9,70.8063,86.2958,0,0,Perfect,,-0.9528,-11.701,-0.108,11.2,-0.1938,0.0059,1.091,1.0715,0,0.0001
703,Rally,None,1,-0.005,55.1618,-0.6948,3.4182,-16.32,-0.9,1.5814,2.2749,1,Run,0,9,Drive,32.131,34.4605,-0.4467,0.7589,-11.5719,2.1789,0.0174,0,Forehand prepare 0.63,0,9,66.3838,93.0737,0,0,Perfect,,-0.8908,-11.6684,-0.108,11.2,-0.2159,0.0031,0.8598,1.4907,0,0
704,Rally,None,1,-0.005,54.903,-0.6565,3.4197,-16.2823,-0.8301,1.5253,2.8195,1,Run,0,9,Drive,33.105,33.8209,-0.3641,0.7322,-11.5449,3.2932,0.0131,0,Forehand prepare 0.67,0,9,63.8947,99.5927,0,0,Perfect,,-0.7979,-11.6195,-0.108,11.2,-0.2588,0.0011,0.6777,1.7167,0,0.0001
705,Rally,None,1,-0.005,54.6305,-0.6188,3.4211,-16.2451,-0.7834,1.484,3.1826,1,Run,0,9,Drive,34.0238,33.0558,-0.3154,0.7251,-11.5322,4.5357,0.0098,0,Forehand prepare 0.72,0,9,65.3105,104.1739,0,0,Perfect,,-0.7359,-11.587,-0.108,11.2,-0.2725,-0.0001,0.5341,1.752,0,0
706,Rally,None,1,-0.005,54.3225,-0.5795,3.4225,-16.2064,-0.7135,1.4163,3.7271,1,Run,0,9,Drive,34.8041,32.2559,-0.2375,0.7324,-11.499,0.6953,0.0073,0,Forehand prepare 0.76,0,9,65.363,106.0432,3.8945,0,Perfect,,-0.643,-11.5381,-0.108,11.2,-0.308,-0.0007,0.4209,1.6007,0,0
707,Rally,None,1,-0.005,54.0073,-0.5409,3.424,-16.1684,-0.6668,1.3674,4.0902,1,Run,0,9,Drive,35.3253,31.5442,-0.1863,0.7493,-11.4743,1.3921,0.0055,0,Forehand prepare 0.82,0,9,57.6664,104.8845,1.4077,0,Perfect,,-0.581,-11.5055,-0.108,11.2,-0.3152,-0.0009,0.3317,1.2627,0,0
708,Rally,None,1,-0.005,53.6859,-0.5032,3.4254,-16.1311,-0.6202,1.3154,4.4533,1,Run,0,9,Drive,35.573,30.9845,-0.126,0.7556,-11.4454,0.0995,0.0041,0,Forehand prepare 0.85,0,9,46.937,101.4349,0.2777,0,Perfect,,-0.5193,-11.473,-0.108,11.2,-0.3215,-0.0008,0.2615,0.7958,0,0.0001
709,Rally,None,1,-0.005,53.3353,-0.4641,3.4268,-16.0925,-0.5502,1.2317,4.9978,1,Run,0,9,Drive,35.5276,30.7078,-0.0342,0.7621,-11.3993,0.8238,0.003,0,Forehand prepare 0.89,0,9,33.1486,94.4533,0.3034,0,Perfect,,-0.4307,-11.4265,-0.108,11.2,-0.3506,-0.0006,0.0661,0.2502,0,0
710,Rally,None,1,-0.005,52.983,-0.4262,3.4282,-16.0551,-0.5036,1.172,5.3609,1,Run,0,9,Drive,35.2551,31.1149,0.0317,0.777,-11.3584,2.3117,0.0023,0,Forehand prepare 0.95,0,9,15.5035,78.0545,0.3606,0,Perfect,,-0.3747,-11.397,-0.108,11.2,-0.3522,-0.0004,2.4357,0.3049,0,0
711,Rally,None,1,-0.005,52.6057,-0.3877,3.4296,-16.017,-0.4336,1.0768,5.9055,1,Run,0,9,Drive,34.7555,31.4689,0.1616,0.7936,-11.3001,1.8012,0,0,Forehand prepare 0.98,0,9,6.1952,63.454,0.961,0,Perfect,,-0.2953,-11.3553,-0.108,11.2,-0.3774,-0.0002,3.5087,0.7994,0,0
712,Rally,None,1,-0.005,52.2653,-0.3507,3.431,-15.9805,-0.387,1.0094,6.2685,1,Run,0,9,Drive,34.1532,32.1134,0.181,0.7654,-11.256,4.6922,0,0,Forehand prepare 1.00,0,9,3.1062,56.2273,0.8452,0,Perfect,,-0.2454,-11.329,-0.108,11.2,-0.3404,-0.0001,5.1488,1.1735,0,0
713,Rally,None,1,-0.005,51.9693,-0.3154,3.4324,-15.9454,-0.3404,0.939,6.6316,1,Run,0,9,Drive,33.4823,32.7069,0.2368,0.7777,-11.2141,0,0,0,Forehand prepare 1.00,1,0.176,6.8991,60.5724,0,0,Perfect,,-0.198,-11.3041,-0.108,11.2,-0.2959,0,5.647,1.3973,0,0
714,Rally,None,1,-0.005,51.7121,-0.28,3.4338,-15.9104,-0.2704,0.8277,7.1762,1,Run,0,9,Drive,32.8003,33.4056,0.3103,0.7922,-11.1615,0,0,0,Backhand swing,1,0.154,89.9058,48.433,2.5814,0,Perfect,,-0.1315,-11.2692,-0.108,11.2,-0.2573,0.0001,6.0396,1.4731,0,0
715,Rally,None,1,-0.005,51.4884,-0.2464,3.4351,-15.877,-0.2238,0.7496,7.5392,1,Run,0,9,Drive,32.1762,34.2744,0.3567,0.8145,-11.1236,0,0,0,Backhand swing,1,0.1393,76.7792,20.1435,0,0,Perfect,,-0.0903,-11.2475,-0.108,11.2,-0.2237,0.0007,7.1435,1.4084,0,0
716,Rally,None,1,-0.005,51.2939,-0.2133,3.4365,-15.844,-0.1538,0.6268,8.0838,1,Run,0,9,Drive,31.6187,34.9958,0.4177,0.827,-11.0809,0,0,0,Backhand swing,1,0.1173,60.3321,2.462,7.4747,0,Perfect,,-0.033,-11.2174,-0.108,11.2,-0.1944,0.002,7.2191,1.2233,0,0
717,Rally,None,1,-0.005,51.1249,-0.1822,3.4379,-15.8131,-0.1072,0.541,8.4469,1,Run,0,9,Drive,31.1833,35.7851,0.4568,0.8468,-11.0546,0,0,0,Backhand swing,1,0.1026,-10.4836,-38.7929,0,0,Perfect,,0,-11.2,-0.108,11.2,-0.169,0.0044,8.0731,0.9535,0,0
718,Rally,None,1,-0.005,50.9779,-0.1554,3.4392,-15.7862,-0.0605,0.4522,8.8099,1,Ready,0,9,Drive,29.1973,32.9738,0.421,0.8362,-11.031,2.572,0,0,Backhand swing,1,0.088,33.8438,-14.7839,6.1276,0,Perfect,,0,-11.2,-0.108,11.2,-0.147,0.0069,6.3626,0.8972,0,0
719,Rally,None,1,-0.005,50.8502,-0.1322,3.4405,-15.7627,0.0094,0.3133,9.3545,1,Ready,0,9,Drive,25.9189,28.9236,0.3582,0.8456,-11.0075,3.7434,0,0,Backhand swing,1,0.066,30.3649,-5.8099,8.4247,0,Perfect,,0,-11.2,-0.108,11.2,-0.1278,0.0087,5.0146,1.0995,0,0
720,Rally,None,1,-0.005,50.7391,-0.1122,3.4419,-15.7423,0.0561,0.2168,9.7176,1,Ready,0,9,Drive,22.9509,24.9398,0.2992,0.8459,-10.9884,3.4439,0,0,Backhand swing,1,0.0513,23.9962,-3.5891,6.7298,0,Perfect,,0,-11.2,-0.108,11.2,-0.1111,0.0097,3.9521,2.5508,0,0
721,Rally,None,1,-0.005,50.6426,-0.095,3.4432,-15.7246,0.126,0.1,10.2622,1,Ready,0,9,Drive,20.7533,21.47,0.2549,0.8446,-10.9765,0.5738,0,0,Backhand swing,1,0.0293,24.8028,11.4338,0.6795,0,Perfect,,0,-11.2,-0.108,11.2,-0.0966,0.0098,3.1148,3.5048,0,0
722,Rally,None,1,-0.005,50.5586,-0.0802,3.4445,-15.7091,0.1707,0.1791,10.6098,1,Ready,0,9,Drive,19.2952,18.5497,0.2263,0.8431,-10.9829,0.3598,0,0,Backhand swing,1,0.0147,8.63,-8.5118,0.7573,0,Perfect,,0,-11.2,-0.0279,11.2,-0.0839,0.0092,2.4548,3.8732,0,0
723,PointOver,Reaction,1,-0.005,38,0.9,1.185,-8.2,0.2154,0.2553,10.9574,0,Ready,0,9,Drive,18.4239,16.1228,0.2062,0.8399,-10.9936,0.7588,0,0,Backhand swing,1,0,9.2465,0.441,1.937,0.4417,Perfect,,0,-11.2,0.0522,11.2,-12.5586,0.008,1.9347,3.7252,0,0
724,PointOver,Reaction,1,-0.005,38,0.9,1.185,-8.2072,0.2823,0.3643,11.4788,0,HitPerfect,0,9,Drive,17.9477,15.1612,0.1827,0.8245,-10.9915,1.0709,0.023,0,MatchLose,1,-0.025,11.7646,24.7135,0.1923,0.3833,Perfect,,0,-11.2,0.1723,11.2,0,0.0065,1.5248,4.4473,0,0
725,PointOver,Reaction,1,-0.005,38,0.9,1.185,-8.2145,0.327,0.4333,11.8265,0,HitPerfect,0,9,Drive,17.6948,13.2155,0.1581,0.8064,-10.9793,0.8667,0.0796,0,MatchLose,1,-0.0417,18.0435,33.4948,1.8226,0.325,Perfect,,0,-11.2,0.2524,11.2,0,0.0049,1.2017,3.4724,0,0
726,PointOver,Reaction,1,-0.005,38,0.9,1.185,-8.2217,0.394,0.5315,12.3479,0,HitPerfect,0,9,Drive,17.4431,11.218,0.1497,0.7962,-10.9715,0.3454,0.1549,0,MatchLose,1,-0.0667,22.155,35.2579,1.5237,0.2667,Perfect,,0,-11.2,0.3725,11.2,0,0.0034,0.9471,2.3537,0,0
727,PointOver,Reaction,1,-0.005,38,0.9,1.185,-8.229,0.4386,0.5934,12.6955,0,HitPerfect,0,9,Drive,16.8892,9.0793,0.1502,0.7915,-10.9643,0.1234,0.2385,0,MatchLose,1,-0.0833,20.3189,28.7746,0,0.2083,Perfect,,0,-11.2,0.4526,11.2,0,0.0021,0.7465,1.317,0,0
728,PointOver,Reaction,1,-0.005,38,0.9,1.185,-8.2362,0.4833,0.6524,13.0432,0,HitPerfect,0,9,Drive,15.7751,6.6478,0.1575,0.797,-10.9589,0.1378,0.3239,0,MatchLose,1,-0.1,15.3542,27.0416,0,0.15,Perfect,,0,-11.2,0.5233,11.2,0,0.0011,0.5883,0.572,0,0
729,PointOver,Reaction,1,-0.005,38,0.9,1.185,-8.2435,0.5503,0.7355,13.5646,0,HitPerfect,0,9,Drive,13.9515,3.76,0.1686,0.8057,-10.9528,0.1591,0.4067,0,MatchLose,1,-0.125,10.6575,27.1239,0,0.0917,Perfect,,0,-11.2,0.5802,11.2,0,0.0004,0.4637,0.7873,0,0
730,PointOver,Reaction,1,-0.005,38,0.9,1.185,-8.2507,0.595,0.7873,13.9122,0,HitPerfect,0,9,Drive,11.4138,0.4037,0.1765,0.8115,-10.9424,0.4089,0.4842,0,MatchLose,1,-0.1417,-2.6999,18.8504,0,0.0333,Perfect,,0,-11.2,0.6182,11.2,0,-0.0001,0.3654,1.3062,0,0
731,PointOver,Reaction,1,-0.005,38,0.9,1.185,-8.258,0.6619,0.8597,14.4337,0,HitPerfect,0,9,Drive,8.3062,-3.2697,0.1926,0.8242,-10.9354,0.6176,0.5552,0,MatchLose,1,-0.1667,-8.9869,14.3304,0,0,Perfect,,0,-11.2,0.6751,11.2,0,-0.0003,0.288,1.73,0,0
732,PointOver,Reaction,1,-0.005,38,0.9,1.185,-8.2652,0.7066,0.9043,14.7813,0,HitPerfect,0,9,Drive,4.9706,-6.9138,0.2229,0.8548,-10.9334,0.6642,0.6189,0,MatchLose,1,-0.1833,-19.4504,7.1678,0,0,Perfect,,0,-11.2,0.7131,11.2,0,-0.0004,0.227,2.0194,0,0
733,PointOver,Reaction,1,-0.005,38,0.9,1.185,-8.2725,0.7513,0.9461,15.1289,0,HitPerfect,0,9,Drive,1.6999,-10.2961,0.25,0.9023,-10.9327,0.6612,0.6753,0,MatchLose,1,-0.2,-26.2492,2.7009,1.8202,0,Perfect,,0,-11.2,0.751,11.2,0,-0.0004,0.1789,2.1299,0,0.0001
734,PointOver,Reaction,1,-0.005,38,0.9,1.185,-8.2797,0.8182,1.0033,15.6503,0,HitPerfect,0,9,Drive,-0.8625,-12.814,0.2673,0.946,-10.9337,0,0.7248,0,MatchLose,1,-0.225,-30.2327,-0.0055,0.9583,0,Perfect,,0,-11.2,0.8079,11.2,0,-0.0003,0.141,2.0155,0,0.0001
735,PointOver,Reaction,1,-0.005,38,0.9,1.185,-8.287,0.8629,1.0379,15.998,0,HitPerfect,0,9,Drive,-2.9616,-14.7757,0.2819,0.9833,-10.9291,0,0.7677,0,MatchLose,1,-0.2417,-37.4377,-2.6549,0.446,0,Perfect,,0,-11.2,0.8459,11.2,0,-0.0001,0.1111,1.753,0,0
736,PointOver,Reaction,1,-0.005,38,0.9,1.185,-8.2942,0.9299,1.0844,16.5194,0,HitPerfect,0,9,Drive,-4.6873,-16.3235,0.2915,1.0077,-10.9142,0,0.8046,0,MatchLose,1,-0.2667,-39.7799,-3.5411,1.5322,0,Perfect,,0,-11.2,0.9028,11.2,0,0,0.0876,1.4139,0,0
737,PointOver,Reaction,1,-0.005,38,0.9,1.185,-8.3014,0.9745,1.1118,16.867,0,HitPerfect,0,9,Drive,-6.1657,-17.607,0.3012,1.026,-10.9035,0,0.8363,0,MatchLose,1,-0.2833,-43.0757,-3.9708,0.3226,0,Perfect,,0,-11.2,0.9408,11.2,0,0.0001,0.069,1.0646,0,0
738,PointOver,Reaction,1,-0.005,38,0.9,1.185,-8.3087,1.0192,1.1363,17.2147,0,HitPerfect,0,9,Drive,-7.4051,-18.651,0.3128,1.0426,-10.9047,0,0.8632,0,MatchLose,0,9,-46.5579,-5.5435,2.9906,0,Perfect,,0,-11.2,0.9788,11.2,0,0.0002,0.0544,0.7486,0,0
739,PointOver,Reaction,1,-0.005,38,0.9,1.185,-8.3159,1.0862,1.1678,17.7361,0,HitPerfect,0,9,Drive,-8.4137,-19.4687,0.3237,1.053,-10.9087,0,0.886,0,MatchLose,0,9,-50.1176,-32.254,0.7175,0,Perfect,,0,-11.2,1.0357,11.2,0,0.0002,0.0429,0.4781,0,0.0001
740,PointOver,Reaction,1,-0.005,38,0.9,1.185,-8.3232,1.1308,1.1851,18.0837,0,HitPerfect,0,9,Drive,-9.2156,-20.0749,0.3336,1.0586,-10.9121,0,0.9052,0,MatchLose,0,9,-46.8751,-31.7765,2.0422,0,Perfect,,0,-11.2,1.0737,11.2,0,0.0002,0.0338,0.2624,0,0
741,PointOver,Reaction,1,-0.005,38,0.9,1.185,-8.3304,1.1978,1.2057,18.6052,0,HitPerfect,0,9,Drive,-9.8168,-20.4827,0.3418,1.0574,-10.9164,0,0.9214,0,MatchLose,0,9,-43.9419,-32.3722,12.3534,0,Perfect,,0,-11.2,1.1306,11.2,0,0.0002,0.0266,0,0,0
742,PointOver,Reaction,1,-0.005,38,0.9,1.185,-8.3377,1.2425,1.2159,18.9528,0,HitPerfect,0,9,Drive,-10.2361,-20.7052,0.3483,1.0507,-10.9218,0,0.9349,0,MatchLose,0,9,-43.1973,-35.22,0.3951,0,Perfect,,0,-11.2,1.1686,11.2,0,0.0002,0.021,0,0,0.0001
743,PointOver,Reaction,1,-0.005,38,0.9,1.185,-8.3449,1.2871,1.2232,19.3004,0,HitPerfect,0,9,Drive,-10.4933,-20.7559,0.3539,1.0426,-10.9273,0.104,0.9462,0,MatchLose,0,9,-44.8885,-40.149,0.1106,0,Perfect,,0,-11.2,1.2065,11.2,0,0.0001,0.0165,0.1938,0,0.0001
744,PointOver,Reaction,1,-0.005,38,0.9,1.185,-8.3522,1.3541,1.2288,19.8219,0,HitPerfect,0,9,Drive,-10.6101,-20.6493,0.3586,1.037,-10.9326,0.2127,0.9556,0,MatchLose,0,9,-48.5336,-46.5314,0.9094,0,Perfect,,0,-11.2,1.2635,11.2,0,0.0001,0.013,0.2624,0,0.0001
745,PointOver,Reaction,1,-0.005,38,0.9,1.185,-8.3594,1.3988,1.2289,20.1695,0,HitPerfect,0,9,Drive,-10.6053,-20.3983,0.3635,1.0355,-10.9384,0.1259,0.9635,0,MatchLose,0,9,-53.4017,-53.5136,1.1579,0,Perfect,,0,-11.2,1.3014,11.2,0,0.0001,0.0103,0.309,0,0.0001
746,PointOver,Reaction,1,-0.005,38,0.9,1.185,-8.3667,1.4658,1.2237,20.6909,0,HitPerfect,0,9,Drive,-10.494,-20.015,0.369,1.0399,-10.9449,0.0866,0.9699,0,MatchLose,0,9,-59.1307,-60.7192,1.018,0,Perfect,,0,-11.2,1.3584,11.2,0,0,0.0081,0.3449,0,0.0001
747,PointOver,Reaction,1,-0.005,38,0.9,1.185,-8.3739,1.5104,1.2166,21.0385,0,HitPerfect,0,9,Drive,-10.3037,-19.5215,0.3744,1.0439,-10.9516,0.072,0.9753,0,MatchLose,0,9,-65.3238,-67.8091,1.1698,0,Perfect,,0,-11.2,1.3963,11.2,0,0,0.0064,0.3753,0,0.0002
748,PointOver,Reaction,1,-0.005,38,0.9,1.185,-8.3812,1.5551,1.2067,21.3862,0,HitPerfect,0,9,Drive,-10.0518,-18.9338,0.3794,1.0473,-10.9585,0.0606,0.9798,0,MatchLose,0,9,-71.6865,-74.6016,1.2538,0,Perfect,,0,-11.2,1.4343,11.2,0,0,0.005,0.3976,0,0.0001
749,PointOver,Reaction,1,-0.005,38,0.9,1.185,-8.3884,1.6221,1.1864,21.9076,0,HitPerfect,0,9,Drive,-9.7476,-18.2647,0.3844,1.0503,-10.9655,0.0506,0.9834,0,MatchLose,0,9,-78.2039,-81.1303,3.1479,0,Perfect,,0,-11.2,1.4912,11.2,0,0,0.004,0.4187,0,0
750,PointOver,Reaction,1,-0.005,38,0.9,1.185,-8.3957,1.6667,1.1693,22.2552,0,HitPerfect,0,9,Drive,-9.401,-17.5284,0.3895,1.0535,-10.9726,0.0421,0.9864,0,MatchLose,0,9,-84.8518,-87.4632,19.0989,0,Perfect,,0,-11.2,1.5292,11.2,0,0,0.0031,0.428,0,0
751,PointOver,Reaction,1,-0.005,38,0.9,1.185,-8.4029,1.7337,1.1382,22.7767,0,HitPerfect,0,9,Drive,-9.0182,-16.7367,0.3946,1.0565,-10.9798,0.035,0.9889,0,MatchLose,0,9,-90.5773,-92.6699,3.1833,0,Perfect,,0,-11.2,1.5861,11.2,0,0,0.0025,0.4298,0,0.0001
752,PointOver,Reaction,1,-0.005,38,0.9,1.185,-8.4101,1.7784,1.1139,23.1243,0,HitPerfect,0,9,Drive,-8.6067,-15.9031,0.3995,1.0592,-10.9871,0.0288,0.9909,0,MatchLose,0,9,-90.379,-91.8462,3.7994,0,Perfect,,0,-11.2,1.6241,11.2,0,0,0.0019,0.415,0,0.0002
753,PointOver,Reaction,1,-0.005,38,0.9,1.185,-8.4174,1.823,1.0868,23.4719,0,HitPerfect,0,9,Drive,-8.1726,-15.0394,0.4042,1.0616,-10.9944,0.024,0.9926,0,MatchLose,0,9,-90.2425,-91.0686,0.035,0,Perfect,,0,-11.2,1.662,11.2,0,0,0.0015,0.3956,0,0
754,PointOver,Reaction,1,-0.005,38,0.9,1.185,-8.4246,1.89,1.0406,23.9934,0,HitPerfect,0,9,Drive,-7.7217,-14.1566,0.4087,1.064,-11.0016,0.02,0.994,0,MatchLose,0,9,-90.1508,-90.3938,0.0187,0,Perfect,,0,-11.2,1.719,11.2,0,0,0.0012,0.3711,0,0
755,PointOver,Reaction,1,-0.005,38,0.9,1.185,-8.4319,1.9347,1.0063,24.341,0,HitPerfect,0,9,Drive,-7.2596,-13.2648,0.4131,1.0662,-11.0088,0.0167,0.9951,0,MatchLose,0,9,-90.0501,-89.8209,0.0181,0,Perfect,,0,-11.2,1.7569,11.2,0,0,0.0009,0.3403,0,0.0001
756,PointOver,Reaction,1,-0.005,38,0.9,1.185,-8.4391,2.0017,0.9494,24.8624,0,HitPerfect,0,9,Drive,-6.7901,-12.3711,0.4173,1.0683,-11.0161,0.014,0.996,0,MatchLose,0,9,-90.0286,-89.4588,0.0034,0,Perfect,,0,-11.2,1.8139,11.2,0,0,0.0007,0.3115,0,0.0002
757,PointOver,Reaction,1,-0.005,38,0.9,1.185,-8.4464,2.0463,0.9078,25.2101,0,HitPerfect,0,9,Drive,-6.3362,-11.4972,0.4214,1.0705,-11.0234,0.0179,0.9967,0,MatchLose,0,9,-90.0151,-89.2459,0.0007,0,Perfect,,0,-11.2,1.8518,11.2,0,0,0.0006,0.288,0,0.0001
758,PointOver,Reaction,1,-0.005,38,0.9,1.185,-8.4536,2.091,0.8634,25.5577,0,HitPerfect,0,9,Drive,-5.8488,-10.6073,0.4251,1.0723,-11.0302,0.0033,0.9974,0,MatchLose,0,9,-90.0076,-89.1681,0.0006,0,Perfect,,0,-11.2,1.8898,11.2,0,0,0.0005,0.2594,0,0.0001
759,PointOver,Reaction,1,-0.005,38,0.9,1.185,-8.4609,2.158,0.7914,26.0791,0,HitPerfect,0,9,Drive,-5.2245,-9.6225,0.4273,1.0727,-11.035,0.048,0.9978,0,MatchLose,0,9,-90.0034,-89.1995,3.1164,0,Perfect,,0,-11.2,1.9467,11.2,0,0,0.0004,0.2056,0,0
760,PointOver,Reaction,1,-0.005,38,0.9,1.185,-8.4681,2.2026,0.7399,26.4267,0,HitPerfect,0,9,Drive,-4.4196,-8.5292,0.4274,1.0712,-11.0366,0.1225,1,0,MatchLose,0,9,-90,-89.3082,18.9853,0,Perfect,,0,-11.2,1.9847,11.2,0,0,0.0003,0.1938,0,0.0002
761,PointOver,Reaction,1,-0.005,38,0.9,1.185,-8.4754,2.2696,0.6571,26.9482,0,HitPerfect,0,9,Drive,-3.3979,-7.3143,0.4248,1.0672,-11.0344,0.213,1,0,MatchLose,0,9,-90,-89.4639,0,0,Perfect,,0,-11.2,2.0416,11.2,0,0,0.0002,0.331,0,0.0001
762,PointOver,Reaction,1,-0.005,38,0.9,1.185,-8.4826,2.3143,0.5983,27.2958,0,HitPerfect,0,9,Drive,-2.2413,-6.0689,0.42,1.0641,-11.0288,0.2818,1,0,MatchLose,0,9,-90,-89.6359,5.6058,0,Perfect,,0,-11.2,2.0796,11.2,0,0,0.0002,0.5468,0,0.0001
763,PointOver,Reaction,1,-0.005,38,0.9,1.185,-8.4899,2.3589,0.5367,27.6434,0,HitPerfect,0,9,Drive,-0.9954,-4.8456,0.4131,1.0572,-11.0204,0.3386,1,0,MatchLose,0,9,-90,-89.8016,2.3544,0,Perfect,,0,-11.2,2.1175,11.2,0,0,0.0001,0.7783,0,0.0001
764,PointOver,Reaction,1,-0.005,38,0.9,1.185,-8.4971,2.4259,0.4389,28.1649,0,HitPerfect,0,9,Drive,0.3529,-3.6412,0.4037,1.0476,-11.009,0.3993,1,0,MatchLose,0,9,-90,-89.9449,0.0001,0,Perfect,,0,-11.2,2.1745,11.2,0,0,0.0001,1.0033,0,0
765,PointOver,Reaction,1,-0.005,38,0.9,1.185,-8.5043,2.4706,0.3701,28.5125,0,HitPerfect,0,9,Drive,1.7304,-2.5255,0.3925,1.0361,-10.9956,0.4382,1,0,MatchLose,0,9,-90,-90.0564,0.0001,0,Perfect,,0,-11.2,2.2124,11.2,0,0,0.0001,1.1929,0,0
766,PointOver,Reaction,1,-0.005,38,0.9,1.185,-8.5116,2.5376,0.2614,29.0339,0,HitPerfect,0,9,Drive,3.1185,-1.5166,0.3794,1.0225,-10.9808,0.4726,1,0,MatchLose,0,9,-90,-90.1328,0.0001,0,Perfect,,0,-11.2,2.2694,11.2,0,0,0.0001,1.3388,0,0
767,PointOver,Reaction,1,-0.005,38,0.9,1.185,-8.5188,2.5822,0.1855,29.3816,0,HitPerfect,0,9,Drive,4.4799,-0.64,0.3648,1.0071,-10.9653,0.4832,1,0,MatchLose,0,9,-90,-90.1752,0,0,Perfect,,0,-11.2,2.3073,11.2,0,0,0.0001,1.4282,0,0
768,PointOver,Reaction,1,-0.005,38,0.9,1.185,-8.5261,2.6269,0.1066,29.7292,0,HitPerfect,0,9,Drive,5.803,0.1026,0.3491,0.9902,-10.9494,0.4909,1,0,MatchLose,0,9,-90,-90.188,0.0001,0,Perfect,,0,-11.2,2.3453,11.2,0,0,0,1.4639,0,0
769,PointOver,Reaction,1,-0.005,38,0.9,1.185,-8.5333,2.6915,0.1612,30.2325,0,HitPerfect,0,9,Drive,7.0641,0.7043,0.3326,0.9721,-10.9341,0.4987,1,0,MatchLose,0,9,-90,-90.1777,0.0001,0,Perfect,,0,-11.2,2.4444,11.2,0,0,0,1.4483,0,0
770,PointOver,Reaction,1,-0.005,38,0.9,1.185,-8.5406,2.7339,0.2196,30.562,0,HitPerfect,0,9,Drive,8.2458,1.1704,0.3159,0.9534,-10.9196,0.4891,1,0,MatchLose,0,9,-83,-83.1514,3.6724,0,Perfect,,0,-11.2,2.5244,11.2,0,0,0,1.3819,0,0
771,PointOver,Reaction,1,-0.005,38,0.9,1.185,-8.5478,2.7974,0.302,31.0563,0,HitPerfect,0,9,Drive,9.3386,1.5084,0.2992,0.9343,-10.9064,0.4715,1,0,MatchLose,0,9,-76,-76.1159,20.1352,0,Perfect,,0,-11.2,2.6446,11.2,0,0,0,1.2778,0,0
772,PointOver,Reaction,1,-0.005,38,0.9,1.185,-8.5551,2.8397,0.3534,31.3858,0,HitPerfect,0,9,Drive,10.3225,1.7299,0.2834,0.9159,-10.8948,0.4402,1,0,MatchLose,0,9,-69,-69.0775,11.1269,0,Perfect,,0,-11.2,2.7246,11.2,0,0,0,1.1337,0,0
773,PointOver,Reaction,1,-0.005,38,0.9,1.185,-8.5623,2.882,0.4021,31.7153,0,HitPerfect,0,9,Drive,11.1908,1.849,0.2686,0.8983,-10.8849,0.4007,1,0,MatchLose,0,9,-62,-62.0409,6.0526,0,Perfect,,0,-11.2,2.8047,11.2,0,0,0,0.961,0,0
774,PointOver,Reaction,1,-0.005,38,0.9,1.185,-8.5696,2.9455,0.4698,32.2095,0,HitPerfect,0,9,Drive,11.9302,1.8813,0.255,0.8823,-10.8769,0.3422,1,0,MatchLose,0,9,-55,-55.0095,1.1722,0,Perfect,,0,-11.2,2.905,11.2,0,0,0,0.761,0,0
775,PointOver,Reaction,1,-0.005,38,0.9,1.185,-8.5768,2.9878,0.5115,32.5391,0,HitPerfect,0,9,Drive,12.5269,1.8422,0.2446,0.8692,-10.8704,0.2829,1,0,MatchLose,0,9,-48,-47.9863,1.1722,0,Perfect,,0,-11.2,2.941,11.2,0,0,0,0.5381,0,0
776,PointOver,Reaction,1,-0.005,38,0.9,1.185,-8.5841,3.0513,0.5688,33.0333,0,HitPerfect,0,9,Drive,12.9745,1.7467,0.236,0.8586,-10.8657,2.2629,1,0,MatchLose,0,9,-54.9989,-55.6856,1.2122,0,Perfect,,0,-11.2,2.995,11.2,0,0,0,0.3013,0.0016,2.5638
777,PointOver,Reaction,1,-0.005,38,0.9,1.185,-8.5913,3.0937,0.6035,33.3628,0,HitPerfect,0,9,Drive,13.2378,1.5995,0.2306,0.852,-10.8629,0.47,1,0,MatchLose,0,9,-61.9994,-62.4259,1.1647,0,Perfect,,0,-11.2,3.031,11.2,0,0,0,0,0.0039,2.0206
778,PointOver,Reaction,1,-0.005,38,0.9,1.185,-8.5986,3.136,0.6355,33.6923,0,Ready,0,9,Drive,13.2174,1.4143,0.2301,0.8514,-10.8627,0.0088,0.9555,0,MatchLose,0,9,-68.9997,-69.24,1.1671,0,Perfect,,0,-11.2,3.067,11.2,0,0,0,0.243,0.0059,1.5925
779,PointOver,Reaction,1,-0.005,38,0.9,1.185,-8.6058,3.1995,0.6781,34.1866,0,Ready,0,9,Drive,13.0837,1.2215,0.23,0.8516,-10.8637,0.0257,0.856,0,MatchLose,0,9,-75.9999,-76.1119,1.1689,0,Perfect,,0,-11.2,3.1209,11.2,0,0,0,0.4023,0.0073,1.2548
780,PointOver,Reaction,1,-0.005,38,0.9,1.185,-8.613,3.2418,0.7031,34.5161,0,Ready,0,9,Drive,12.6835,0.905,0.2306,0.8545,-10.8673,0.0317,0.7361,0,MatchLose,0,9,-83,-83.0278,1.1702,0,Perfect,,0,-11.2,3.1569,11.2,0,0,0,0.5174,0.008,0.9892
781,PointOver,Reaction,1,-0.005,38,0.9,1.185,-8.6203,3.3053,0.7353,35.0103,0,Ready,0,9,Drive,11.8874,0.3713,0.2327,0.8647,-10.8747,0.0621,0.6155,0,MatchLose,0,9,-90,-89.976,6.3314,0,Perfect,,0,-11.2,3.2109,11.2,0,0,0,0.5763,0.008,0.7794
782,PointOver,Reaction,1,-0.005,38,0.9,1.185,-8.6275,3.3476,0.7533,35.3399,0,Ready,0,9,Drive,10.7317,-0.3955,0.2394,0.8881,-10.8858,0.1105,0.5041,0,MatchLose,0,9,-90,-89.9842,19.2921,0,Perfect,,0,-11.2,3.2469,11.2,0,0,0,0.643,0.0073,0.6145
783,PointOver,Reaction,1,-0.005,38,0.9,1.185,-8.6348,3.39,0.7685,35.6694,0,Ready,0,9,Drive,9.3815,-1.2882,0.2554,0.9314,-10.8947,0.2038,0.4064,0,MatchLose,0,9,-90,-89.9919,0.0027,0,Perfect,,0,-11.2,3.2828,11.2,0,0,0,0.6918,0.0063,0.484
784,PointOver,Reaction,1,-0.005,38,0.9,1.185,-8.642,3.4535,0.7861,36.1636,0,Ready,0,9,Drive,8.1688,-2.0694,0.2847,1.025,-10.9013,0.2294,0.3236,0,MatchLose,0,9,-90,-89.9984,0.0021,0,Perfect,,0,-11.2,3.3368,11.2,0,0,0,0.6879,0.005,0.3818
785,PointOver,Reaction,1,-0.005,38,0.9,1.185,-8.6493,3.4958,0.7943,36.4931,0,Ready,0,9,Drive,7.2408,-2.579,0.2943,1.0935,-10.9069,0.3127,0.2551,0,MatchLose,0,9,-90,-90.0035,0.0017,0,Perfect,,0,-11.2,3.3728,11.2,0,0,0,0.6501,0.0037,0.3006
786,PointOver,Reaction,1,-0.005,38,0.9,1.185,-8.6565,3.5593,0.8014,36.9874,0,Ready,0,9,Drive,6.681,-2.6396,0.2555,0.9721,-10.8348,0.4002,0.1995,0,MatchLose,0,9,-90,-90.0068,0.0013,0,Perfect,,0,-11.2,3.4268,11.2,0,0,0,0.6143,0.0025,0.2372
787,PointOver,Reaction,1,-0.005,38,0.9,1.185,-8.6638,3.6016,0.8027,37.3169,0,Ready,0,9,Drive,6.434,-2.2954,0.1698,0.821,-10.8698,0.3552,0.1549,0,MatchLose,0,9,-90,-90.0085,0.0011,0,Perfect,,0,-11.2,3.4627,11.2,0,0,0,0.5642,0.0015,0.1867
788,PointOver,Reaction,1,-0.005,38,0.9,1.185,-8.671,3.644,0.8011,37.6464,0,Ready,0,9,Drive,6.33,-1.6294,0.165,0.809,-10.89,0.254,0.1195,0,MatchLose,0,9,-90,-90.0089,0.0008,0,Perfect,,0,-11.2,3.4987,11.2,0,0,0,0.5434,0.0007,0.1474
789,PointOver,Reaction,1,-0.005,38,0.9,1.185,-8.6783,3.7075,0.7936,38.1407,0,Ready,0,9,Drive,6.3503,-0.7516,0.1796,0.8264,-10.894,1.4332,0.0918,0,MatchLose,0,9,-90,-90.0083,0.0007,0,Perfect,,0,-11.2,3.5527,11.2,0,0,0,0.542,0.0002,0.1162
790,PointOver,Reaction,1,-0.005,38,0.9,1.185,-8.6855,3.7498,0.7851,38.4702,0,Ready,0,9,Drive,6.4385,0.1883,0.1879,0.8309,-10.9011,0,0.0702,0,MatchLose,0,9,-90,-90.0069,3.409,0,Perfect,,0,-11.2,3.5887,11.2,0,0,0,0.5504,-0.0002,0.0915
791,PointOver,Reaction,1,-0.005,38,0.9,1.185,-8.6928,3.8133,0.7672,38.9644,0,Ready,0,9,Drive,6.5641,1.1223,0.1929,0.8319,-10.9063,0,0.0534,0,MatchLose,0,9,-90,-90.0052,19.2042,0,Perfect,,0,-11.2,3.6426,11.2,0,0,0,0.5842,-0.0003,0.0722
792,PointOver,Reaction,1,-0.005,38,0.9,1.185,-8.7,3.8556,0.7517,39.2939,0,Ready,0,9,Drive,6.6926,1.9452,0.1894,0.8243,-10.9164,0,0.0405,0,MatchLose,0,9,-90,-90.0033,0.0003,0,Perfect,,0,-11.2,3.6786,11.2,0,0,0,0.6218,-0.0004,0.0569
793,PointOver,Reaction,1,-0.005,38,2.8146,1.185,8.2072,3.8979,0.7334,39.6234,0,Ready,0,9,Drive,6.804,2.6367,0.1747,0.8199,-10.9163,0,0.0307,0,MatchLose,0,9,-90,-90.0016,0.0012,0,Perfect,,0,-11.2,3.7146,11.2,0,0,0,0.6647,-0.0003,0.0448
794,PointOver,Reaction,1,-0.005,38,2.8686,1.185,8.2145,3.9614,0.7008,40.1177,0,Ready,0,9,Drive,6.8986,3.1661,0.1313,0.8417,-10.8823,0,0.0231,0,MatchLose,0,9,-90,-90.0002,4.1645,0,Perfect,,0,-11.2,3.7686,11.2,0,0,0,0.7001,-0.0002,0.0353
795,PointOver,Reaction,1,-0.005,38,2.9046,1.185,8.2217,4.0038,0.6756,40.4472,0,Ready,0,9,Drive,6.9166,3.5156,0.123,0.8793,-10.8311,0,0.0174,0,MatchLose,0,9,-90,-89.9991,3.3068,0,Perfect,,0,-11.2,3.8046,11.2,0,0,0,0.7243,-0.0001,0.0278
796,PointOver,Reaction,1,-0.005,38,2.9585,1.185,8.229,4.0673,0.6326,40.9415,0,Ready,0,9,Drive,6.7495,3.652,0.1441,0.8256,-10.8821,0.5069,0.0131,0,MatchLose,0,9,-90,-89.9984,0.0087,0,Perfect,,0,-11.2,3.8585,11.2,0,0,0,0.7163,0,0.0219
797,PointOver,Reaction,1,-0.005,38,2.9945,1.185,8.2362,4.1096,0.6004,41.271,0,Ready,0,9,Drive,6.5694,3.6572,0.1952,0.7936,-10.9148,0.3307,0.0098,0,MatchLose,0,9,-90,-89.9981,0.006,0,Perfect,,0,-11.2,3.8945,11.2,0,0,0,0.6968,0.0001,0.0173
798,PointOver,Reaction,1,-0.005,38,3.0305,1.185,8.2435,4.1519,0.5654,41.6005,0,Ready,0,9,Drive,6.5374,3.5493,0.2035,0.7882,-10.9153,0.5587,0.0073,0,MatchLose,0,9,-90,-89.998,0.0011,0,Perfect,,0,-11.2,3.9305,11.2,0,0,0,0.6924,0.0001,0.0136
799,PointOver,Reaction,1,-0.005,38,3.0845,1.185,8.2507,4.2154,0.5077,42.0947,0,Ready,0,9,Drive,6.567,3.4539,0.1999,0.7844,-10.9077,0.7238,0.0055,0,MatchLose,0,9,-90,-89.9982,0.0005,0,Perfect,,0,-11.2,3.9845,11.2,0,0,0,0.6583,0.0002,0.0107
800,PointOver,Reaction,1,-0.005,38,3.1204,1.185,8.258,4.2577,0.4657,42.4242,0,Ready,0,9,Drive,6.6341,3.5283,0.1994,0.7741,-10.9043,0.6201,0.0041,0,MatchLose,0,9,-90,-89.9985,0.0004,0,Perfect,,0,-11.2,4.0204,11.2,0,0,0,0.5441,0.0002,0.0085
801,PointOver,Reaction,1,-0.005,38,3.1744,1.185,8.2652,4.3212,0.3976,42.9185,0,Ready,0,9,Drive,6.7675,3.751,0.198,0.7625,-10.9068,0.4815,0.003,0,MatchLose,0,9,-90,-89.9989,0.0003,0,Perfect,,0,-11.2,4.0744,11.2,0,0,0,0.4246,0.0001,0.0056
802,PointOver,Reaction,1,-0.005,38,3.2104,1.185,8.2725,4.3636,0.3487,43.248,0,Ready,0,9,Drive,6.9787,4.1577,0.1969,0.7553,-10.9267,0.3449,0.0023,0,MatchLose,0,9,-90,-89.9993,3.0583,0,Perfect,,0,-11.2,4.1104,11.2,0,0,0,0.3757,0.0001,0.0055
803,PointOver,Reaction,1,-0.005,38,3.2464,1.185,8.2797,4.4059,0.297,43.5775,0,Ready,0,9,Drive,7.3026,4.7543,0.1957,0.7554,-10.9497,0.2572,0,0,MatchLose,0,9,-90,-89.9996,17.4504,0,Perfect,,0,-11.2,4.1464,11.2,0,0,0,0.4559,0.0001,0.0043
804,PointOver,Reaction,1,-0.005,38,3.3003,1.185,8.287,4.4694,0.2142,44.0718,0,Ready,0,9,Drive,7.7361,5.5728,0.1969,0.7605,-10.9609,0.1005,0,0,MatchLose,0,9,-90,-89.9999,2.2299,0,Perfect,,0,-11.2,4.2003,11.2,0,0,0,0.5783,0.0001,0.0034
805,PointOver,Reaction,1,-0.005,38,3.3363,1.185,8.2942,4.5117,0.1555,44.4013,0,Ready,0,9,Drive,8.4059,6.5404,0.1936,0.7645,-10.9625,0.1805,0,0,MatchLose,0,9,-90,-90.0002,0.0003,0,Perfect,,0,-11.2,4.2363,11.2,0,0,0,0.637,0,0.0021
806,PointOver,Reaction,1,-0.005,38,3.4123,1.185,8.3014,4.574,0.1235,44.8862,0,Ready,0,9,Drive,9.5168,7.5801,0.1769,0.7684,-10.9482,0.1014,0,0,MatchLose,0,9,-90,-90.0003,0.0004,0,Perfect,,0,-11.2,4.3123,11.2,0,0,0,0.5269,0,0.0022
807,PointOver,Reaction,1,-0.005,38,3.4924,1.185,8.3087,4.614,0.1683,45.1971,0,Ready,0,9,Drive,10.8063,8.6323,0.1878,0.7758,-10.9312,0.2468,0,0,MatchLose,0,9,-83,-83.0005,1.1724,0,Perfect,,0,-11.2,4.3924,11.2,0,0,0,0.4414,0,0.0018
808,PointOver,Reaction,1,-0.005,38,3.5725,1.185,8.3159,4.6539,0.2104,45.508,0,Ready,0,9,Drive,12.1754,9.6725,0.1497,0.783,-10.9402,0.4785,0,0,MatchLose,0,9,-76,-76.0004,1.1718,0,Perfect,,0,-11.2,4.4725,11.2,0,0,0,0.4379,0,0.0014
809,PointOver,Reaction,1,-0.005,38,3.6926,1.185,8.3232,4.7138,0.2683,45.9744,0,Ready,0,9,Drive,13.363,10.546,0.1743,0.7905,-10.9424,0.4448,0,0,MatchLose,0,9,-69,-69.0004,2.4751,0,Perfect,,0,-11.2,4.5926,11.2,0,0,0,0.4829,0,0.0011
810,PointOver,Reaction,1,-0.005,38,3.7509,1.185,8.3304,4.7537,0.3035,46.2853,0,Ready,0,9,Drive,14.0831,11.1529,0.1553,0.8037,-10.952,0.5097,0,0,MatchLose,0,9,-62,-62.0003,18.1129,0,Perfect,,0,-11.2,4.6509,11.2,0,0,0,0.4405,0,0.0009
811,PointOver,Reaction,1,-0.005,38,3.8018,1.185,8.3377,4.8137,0.3512,46.7517,0,Ready,0,9,Drive,14.3623,11.4236,0.1641,0.8138,-10.9587,0,0,0,MatchLose,0,9,-69,-69.0002,1.1724,0,Perfect,,0,-11.2,4.7018,11.2,0,0,0,0.3481,0,0.0007
812,PointOver,Reaction,1,-0.005,38,3.8358,1.185,8.3449,4.8536,0.3795,47.0626,0,Ready,0,9,Drive,14.0482,11.2237,0.1654,0.8123,-10.9724,0,0,0,MatchLose,0,9,-75.9998,-76.1282,1.1766,0,Perfect,,0,-11.2,4.7358,11.2,0,0,0,0.2508,0.0009,1.419
813,PointOver,Reaction,1,-0.005,38,3.8697,1.185,8.3522,4.8935,0.4051,47.3735,0,Ready,0,9,Drive,13.4055,10.6874,0.1541,0.8135,-10.9732,0,0,0,MatchLose,0,9,-83,-83.0508,1.1724,0,Perfect,,0,-11.2,4.7697,11.2,0,0,0,0.2198,0.0021,1.1183
814,PointOver,Reaction,1,-0.005,38,3.9206,1.185,8.3594,4.9534,0.4383,47.8398,0,Ready,0,9,Drive,12.5846,9.8343,0.1366,0.8399,-10.9273,0,0,0,MatchLose,0,9,-90,-90,3.538,0,Perfect,,0,-11.2,4.8206,11.2,0,0,0,0.1567,0.0033,0.8814
815,PointOver,Reaction,1,-0.005,38,3.9546,1.185,8.3667,4.9934,0.457,48.1507,0,Ready,0,9,Drive,11.7423,8.7977,0.0686,0.8677,-10.9064,6.4318,0,0,MatchLose,0,9,-90,-89.9999,3.1224,0,Perfect,,0,-11.2,4.8546,11.2,0,0,0,0,0.0041,0.6946
816,PointOver,Reaction,1,-0.005,38,4.0055,1.185,8.3739,5.0533,0.4799,48.6171,0,Ready,0,9,Drive,11.0937,7.6562,0.0907,0.8565,-10.9144,0.6661,0,0,MatchLose,0,9,-90,-89.9999,0.0031,0,Perfect,,0,-11.2,4.9055,11.2,0,0,0,0.2851,0.0044,0.5475
817,PointOver,Reaction,1,-0.005,38,4.015,1.185,8.3812,5.0932,0.4917,48.928,0,Ready,0,9,Drive,10.5784,6.5138,0.1186,0.8435,-10.9281,2.6745,0,0,MatchLose,0,9,-90,-89.9999,0.0025,0,Perfect,,0,-11.2,4.915,11.2,0,0,0,0.5662,0.0044,0.4315
818,PointOver,Reaction,1,-0.005,38,4.015,1.185,8.3884,5.1332,0.5008,49.2389,0,Ready,0,9,Drive,10.1833,5.4887,0.0938,0.8601,-10.9144,0.6945,0,0,MatchLose,0,9,-83,-83.0149,1.1728,0,Perfect,,0,-11.2,4.915,11.2,0,0,0,0.7829,0.0041,0.3401
819,PointOver,Reaction,1,-0.005,38,4.015,1.185,8.3957,5.1931,0.5092,49.7053,0,Ready,0,9,Drive,9.9815,4.6457,0.0707,0.874,-10.9067,0.6638,0,0,MatchLose,0,9,-76,-76.0232,1.173,0,Perfect,,0,-11.2,4.915,11.2,0,0,0,0.9248,0.0035,0.268
820,PointOver,Reaction,1,-0.005,38,4.015,1.185,8.4029,5.233,0.5114,50.0162,0,Ready,0,9,Drive,10.0504,4.1085,0.1265,0.853,-10.9266,0.4963,0,0,MatchLose,0,9,-69,-69.0268,1.1729,0,Perfect,,0,-11.2,4.915,11.2,0,0,0,0.9713,0.0028,0.2112
821,PointOver,Reaction,1,-0.005,38,4.015,1.185,8.4101,5.2929,0.5095,50.4825,0,Ready,0,9,Drive,10.3519,3.8465,0.1279,0.8381,-10.961,0.1797,0,0,MatchLose,0,9,-62,-62.0275,1.1729,0,Perfect,,0,-11.2,4.915,11.2,0,0,0,0.9461,0.002,0.1665
822,PointOver,Reaction,1,-0.005,38,4.015,1.185,8.4174,5.3329,0.5048,50.7934,0,Ready,0,9,Drive,10.8631,3.8977,0.1338,0.8426,-10.9271,0.4289,0,0,MatchLose,0,9,-55,-55.0262,1.1729,0,Perfect,,0,-11.2,4.915,11.2,0,0,0,0.8666,0.0014,0.1312
823,PointOver,Reaction,1,-0.005,38,4.015,1.185,8.4246,5.3728,0.4974,51.1043,0,Ready,0,9,Drive,11.6207,4.2006,0.0848,0.8484,-10.9083,0.7022,0,0,MatchLose,0,9,-48,-48.0239,1.5929,0,Perfect,,0,-11.2,4.915,11.2,0,0,0,0.7575,0.0008,0.1034
824,PointOver,Reaction,1,-0.005,38,4.015,1.185,8.4319,5.4327,0.4811,51.5707,0,Ready,0,9,Drive,12.7209,4.7174,0.1351,0.8264,-10.9125,0.776,0,0,MatchLose,0,9,-41,-41.0211,1.1728,0,Perfect,,0,-11.2,4.915,11.2,0,0,0,0.6303,0.0004,0.0815
825,PointOver,Reaction,1,-0.005,38,4.015,1.185,8.4391,5.4727,0.4667,51.8816,0,Ready,0,9,Drive,13.959,5.3688,0.1301,0.8058,-10.9343,0.7581,0,0,MatchLose,0,9,-34,-34.0181,1.1722,0,Perfect,,0,-11.2,4.915,11.2,0,0,0,0.5023,0.0001,0.0642
826,PointOver,Reaction,1,-0.005,38,4.015,1.185,8.4464,5.5326,0.4401,52.348,0,Ready,0,9,Drive,15.214,6.0754,0.1198,0.8027,-10.919,0.659,0,0,MatchLose,0,9,-27,-27.0152,1.1721,0,Perfect,,0,-11.2,4.915,11.2,0,0,0,0.3807,-0.0001,0.0506
827,PointOver,Reaction,1,-0.005,38,4.015,1.185,8.4536,5.5725,0.4189,52.6589,0,Ready,0,9,Drive,16.3582,6.8311,0.1066,0.8005,-10.9083,0.5543,0,0,MatchLose,0,9,-20,-20,1.1728,0,Perfect,,0,-11.2,4.915,11.2,0,0,0,0.2538,-0.0002,0.0399
828,PointOver,Reaction,1,-0.005,38,4.015,1.185,8.4609,5.6125,0.3949,52.9698,0,Ready,0,9,Drive,17.2246,7.6339,0.1142,0.7922,-10.9352,0.4195,0,0,MatchLose,0,9,-13,-13,1.1719,0,Perfect,,0,-11.2,4.915,11.2,0,0,0,0.2398,-0.0002,0.0314
829,PointOver,Reaction,1,-0.005,38,4.015,1.185,8.4681,5.6724,0.3538,53.4361,0,Ready,0,9,Drive,17.8362,8.4518,0.1233,0.7899,-10.969,0.2836,0,0,MatchLose,0,9,-6,-6,1.172,0,Perfect,,0,-11.2,4.915,11.2,0,0,0,0.4765,-0.0002,0.0248
830,PointOver,Reaction,1,-0.005,38,4.015,1.185,8.4754,5.7123,0.323,53.747,0,Ready,0,9,Drive,18.113,9.256,0.1247,0.7881,-10.9722,0.0335,0,0,MatchLose,0,9,0,0,1.0047,0,Perfect,,0,-11.2,4.915,11.2,0,0,0,0.777,-0.0001,0.0195
831,PointOver,Reaction,1,-0.005,38,4.015,1.185,8.4826,5.7722,0.2716,54.2134,0,Ready,0,9,Drive,18.2027,10.0446,0.1246,0.7862,-10.9671,0.0768,0,0,MatchLose,0,9,0,0,1.7661,0,Perfect,,0,-11.2,4.915,11.2,0,0,0,1.0277,-0.0001,0.0154
832,PointOver,Reaction,1,-0.005,38,4.015,1.185,8.4899,5.8122,0.2339,54.5243,0,Ready,0,9,Drive,18.175,10.781,0.1252,0.7863,-10.9668,0.0326,0,0,MatchLose,0,9,0,0,0.0558,0,Perfect,,0,-11.2,4.915,11.2,0,0,0,1.1626,0,0.0121
833,PointOver,Reaction,1,-0.005,38,4.015,1.185,8.4971,5.8521,0.1934,54.8352,0,Ready,0,9,Drive,18.1639,11.461,0.1256,0.7895,-10.9665,0.0492,0,0,MatchLose,0,9,0,0,0.0014,0,Perfect,,0,-11.2,4.915,11.2,0,0,0,1.1345,0,0.0096
834,PointOver,Reaction,1,-0.005,38,4.015,1.185,8.5043,5.912,0.1276,55.3016,0,Ready,0,9,Drive,18.3662,12.0332,0.1262,0.7989,-10.9684,0.0395,0,0,MatchLose,0,9,0,0,0.0007,0,Perfect,,0,-11.2,4.915,11.2,0,0,0,0.8819,0.0001,0.0075
835,PointOver,Reaction,1,-0.005,38,4.015,1.185,8.5116,5.9519,0.1,55.6125,0,Ready,0,9,Drive,18.6366,12.5011,0.1245,0.8086,-10.9648,0.0401,0,0,MatchLose,0,9,0,0,0.0006,0,Perfect,,0,-11.2,4.915,11.2,0,0,0,0.5723,0.0001,0.0059
836,PointOver,Reaction,1,-0.005,38,4.015,1.185,8.5188,6.0084,0.152,56.0516,0,Ready,0,9,Drive,18.9379,12.8869,0.1143,0.8128,-10.9412,0.0175,0,0,MatchLose,0,9,0,0,0.0002,0,Perfect,,0,-11.2,4.915,11.2,0,0,0,0.3335,0.0001,0.0047
837,PointOver,Reaction,1,-0.005,38,4.015,1.185,8.5261,6.046,0.1832,56.3443,0,Ready,0,9,Drive,19.1557,13.1188,0.1059,0.8193,-10.9266,0.0838,0,0,MatchLose,0,9,0,0,0.0008,0,Perfect,,0,-11.2,4.915,11.2,0,0,0,0.317,0.0001,0.0037
838,PointOver,Reaction,1,-0.005,38,4.015,1.185,8.5333,6.0836,0.2117,56.6371,0,Ready,0,9,Drive,19.173,13.1656,0.1128,0.8308,-10.9507,0.2345,0,0,MatchLose,0,9,0,0,0.0002,0,Perfect,,0,-11.2,4.915,11.2,0,0,0,0.3946,0.0001,0.0029
839,PointOver,Reaction,1,-0.005,38,4.015,1.185,8.5406,6.14,0.2493,57.0762,0,Ready,0,9,Drive,18.9804,13.0216,0.1213,0.846,-10.9793,0.1348,0,0,MatchLose,0,9,-0.0126,-0.0064,0.0236,0,Perfect,,0,-11.2,4.915,11.2,0,0,0,0.4182,0.0001,0.0023
840,PointOver,Reaction,1,-0.005,38,4.015,1.185,8.5478,6.1776,0.2709,57.3689,0,Ready,0,9,Drive,18.4889,12.6699,0.1257,0.8516,-10.9656,0.1479,0,0,MatchLose,0,9,0,0.001,0.0237,0,Perfect,,0,-11.2,4.915,11.2,0,0,0,0.3481,0,0.0018
841,PointOver,Reaction,1,-0.005,38,4.015,1.185,8.5551,6.234,0.2983,57.8081,0,Ready,0,9,Drive,17.83,12.1734,0.1276,0.854,-10.9464,0.2503,0,0,MatchLose,0,9,0.1116,0.0576,0.0559,0,Perfect,,0,-11.2,4.915,11.2,0,0,0,0.2627,0,0.0014
842,PointOver,Reaction,1,-0.005,38,4.015,1.185,8.5623,6.2716,0.3131,58.1008,0,Ready,0,9,Drive,17.0619,11.5518,0.1243,0.8556,-10.9485,0.5278,0,0,MatchLose,0,9,0.3722,0.1809,0.1302,0,Perfect,,0,-11.2,4.915,11.2,0,0,0,0.2198,0,0.0011
843,PlayerServeHold,Reaction,1,-0.005,38,4.015,1.185,8.5696,6.2904,0.3194,58.2472,0,Ready,0,9,Drive,16.2989,10.8935,0.1236,0.8618,-10.956,0.4969,0,0,MatchLose,0,9,0.8123,0.3734,0.2204,0,Perfect,,0,-11.2,4.915,11.2,0,0,0,0.2267,0,0.0009
844,PlayerServeHold,Reaction,1,-0.005,38,3.9349,1.185,8.5768,0.2575,0.875,-10.9667,0,Ready,0,9,Drive,15.6608,10.2527,0.1328,0.8764,-11.0283,0.2116,0,0,Backhand prepare 1.00,0,9,5.2486,-5.1659,1.0839,0,Perfect,,-0.0025,-11.2667,4.8349,11.2,0,0,0,0.2284,0,0.0007
845,PlayerServeHold,Reaction,1,-0.005,38,3.8949,1.185,8.5841,0.2456,0.875,-10.9911,0,Serve prepare 0.00,0,9,Drive,14.7765,7.7406,0.117,0.876,-11.0605,0.4068,0.2083,0.1667,Backhand prepare 1.00,0,9,5.6238,-19.6796,1.6982,0,Perfect,,-0.0038,-11.3,4.7949,11.2,0,0,1.2315,2.2568,0,0.0005
846,PlayerServeHold,Reaction,1,-0.005,38,3.8148,1.185,8.5913,0.2321,0.875,-11.0493,0,Serve prepare 0.00,0,9,Drive,15.7745,6.5788,0.1213,0.8565,-11.1302,0.4811,0.4167,0.3333,Backhand prepare 1.00,0,9,7.7493,-31.7457,4.3711,0,Perfect,,-0.0064,-11.3667,4.7148,11.2,0,0,0.814,4.1436,0,0.0004
847,PlayerServeHold,Reaction,1,-0.005,38,3.7748,1.185,8.5986,0.2413,0.875,-11.0911,0,Run,0,9,Drive,19.1323,12.2445,0.1445,0.8753,-11.1941,0,0.3981,0.1667,Backhand prepare 1.00,0,9,13.2749,-39.2236,0.7947,0,Perfect,,-0.0081,-11.4,4.6748,11.2,0,0,0.9018,0.3084,0,0.0003
848,PlayerServeHold,Reaction,1,-0.005,38,3.6947,1.185,8.6058,0.2478,0.875,-11.1667,0,Run,0,9,Drive,20.6898,13.5737,0.1391,0.8608,-11.2589,0,0.3567,0,Backhand prepare 1.00,0,9,21.9174,-42.1671,7.616,0,Perfect,,-0.0122,-11.4667,4.5947,11.2,0,0,1.1432,0.4845,0,0.0003
849,PlayerServeHold,Reaction,1,-0.005,38,3.6546,1.185,8.613,-0.3222,0.695,-11.4572,0,Run,0,9,Drive,12.4569,5.2949,0.1024,0.848,-11.266,0,0.3067,0,Backhand prepare 1.00,0,9,33.0093,-41.2899,2.1247,0,Perfect,,-0.0147,-11.5,4.5546,11.2,0,0,1.5366,0.795,0,0.0002
850,PlayerServeHold,Reaction,1,-0.005,38,3.5745,1.185,8.6203,-0.331,0.695,-11.5616,0,Run,0,9,Drive,4.1528,-3.0583,0.0705,0.8353,-11.3104,0,0.2565,0,Backhand prepare 1.00,0,9,40.8025,-39.1257,7.9811,0,Perfect,,-0.0206,-11.5667,4.4745,11.2,0,0,1.5288,1.0521,0,0.0002
851,PlayerServeHold,Reaction,1,-0.005,38,3.5345,1.185,8.6275,-0.3326,0.695,-11.6328,0,Run,0,9,Drive,-3.9847,-11.1684,0.0468,0.8231,-11.3294,0,0.21,0,Backhand prepare 1.00,0,9,50.4871,-34.6496,0,0,Perfect,,-0.0239,-11.6,4.4345,11.2,0,0,1.8405,1.198,0,0.0001
852,PlayerServeHold,Reaction,1,-0.005,38,3.4544,1.185,8.6348,-0.3338,0.695,-11.7369,0,Run,0,9,Drive,-11.9264,-19.1792,0.0307,0.8133,-11.3949,0,0.1693,0,Backhand prepare 1.00,0,9,61.2303,-28.8644,7.5561,0,Perfect,,-0.0314,-11.6667,4.3544,11.2,0,0,1.7684,1.2186,0,0.0001
853,PlayerServeHold,Reaction,1,-0.005,38,3.4144,1.185,8.642,-0.3272,0.695,-11.8066,0,Run,0,9,Drive,-19.6973,-26.9551,0.0162,0.8014,-11.4282,0,0.1348,0,Backhand prepare 1.00,0,9,71.2961,-22.13,5.6012,0,Perfect,,-0.0356,-11.7,4.3144,11.2,0,0,2.0293,1.1325,0,0.0001
854,PlayerServeHold,Reaction,1,-0.005,38,3.3343,1.185,8.6493,-0.3212,0.695,-11.908,0,Run,0,9,Drive,-27.3379,-34.6254,-0.0215,0.7751,-11.4951,3.1328,0.1063,0,Backhand prepare 1.00,0,9,79.0038,-16.1006,1.9395,0,Perfect,,-0.0447,-11.7667,4.2343,11.2,0,0,1.9172,0.9518,0,0.0001
855,PlayerServeHold,Reaction,1,-0.005,38,3.2943,1.185,8.6565,-0.3069,0.695,-11.9739,0,Run,0,9,Drive,-34.8811,-42.1498,-0.0534,0.7487,-11.5325,4.3216,0.0831,0,Backhand prepare 1.00,0,9,84.1067,-11.9168,2.9762,0,Perfect,,-0.0497,-11.8,4.1943,11.2,0,0,2.1466,0.7259,0,0.0001
856,PlayerServeHold,Reaction,1,-0.005,38,3.2142,1.185,8.6638,-0.2946,0.695,-12.0707,0,Run,0,9,Drive,-42.3442,-49.6639,-0.0803,0.7282,-11.5992,1.6061,0.0645,0,Backhand prepare 1.00,0,9,87.0296,-9.2726,0,0,Perfect,,-0.0606,-11.8667,4.1142,11.2,0,0,2.0096,0.4829,0,0
857,PlayerServeHold,Reaction,1,-0.005,38,3.1741,1.185,8.671,-0.2739,0.695,-12.131,0,Run,0,9,Drive,-49.7984,-57.0973,-0.0984,0.7063,-11.6316,1.5461,0.0498,0,Backhand prepare 1.00,0,9,88.5266,-7.5646,0,0,Perfect,,-0.0664,-11.9,4.0741,11.2,0,0,2.2194,0.2811,0,0
858,PlayerServeHold,Reaction,1,-0.005,38,3.094,1.185,8.6783,-0.2567,0.695,-12.2212,0,Run,0,9,Drive,-57.3805,-64.5906,-0.1223,0.6931,-11.6982,1.4674,0.0382,0,Backhand prepare 1.00,0,9,89.2321,-6.3186,0,0,Perfect,,-0.0789,-11.9667,3.994,11.2,0,0,2.067,0.1567,0,0
859,PlayerServeHold,Reaction,1,-0.005,38,3.054,1.185,8.6855,-0.231,0.695,-12.2743,0,Run,0,9,Drive,-64.862,-71.9291,-0.1392,0.6841,-11.7335,0,0.0292,0,Backhand prepare 1.00,0,9,89.4464,-5.3829,0,0,Perfect,,-0.0856,-12,3.954,11.2,0,0,2.2647,0.1412,0,0.0003
860,PlayerServeHold,Reaction,1,-0.005,38,2.9739,1.185,8.6928,-0.2106,0.695,-12.3567,0,Run,0,9,Drive,-72.4231,-79.3267,-0.1648,0.6739,-11.8085,4.39,0.0223,0,Backhand prepare 1.00,0,9,89.6594,-4.3956,0,0,Perfect,,-0.0997,-12.0667,3.8739,11.2,0,0,2.1027,0.1878,0,0.0002
861,PlayerServeHold,None,1,-0.005,38,2.9339,1.185,8.7,-0.1872,0.695,-12.4,0,Run,0,9,Drive,-79.0681,-85.7488,-0.1867,0.6792,-11.8089,2.2011,0.0169,0,Backhand prepare 1.00,0,9,89.9223,-3.3996,0,0,Perfect,,-0.1072,-12.1,3.8339,11.2,0,0,2.2928,0.243,0,0.0002
862,PlayerServeHold,None,1,-0.005,52,-2.2231,2.535,-16.5667,-0.2031,0.695,-12.4667,0,Run,0,9,Drive,-79.7946,-86.1754,-0.1829,0.7014,-11.8165,1.5525,0.0128,0,Backhand prepare 1.00,0,9,90.3538,-2.3465,3.6392,0,Perfect,,-0.1231,-12.1667,3.7538,11.2,14,0,2.1248,0.3084,0,0.0001
863,PlayerServeHold,None,1,-0.005,52,-2.2227,2.5317,-16.5701,-0.2114,0.695,-12.5,0,Run,0,9,Drive,-80.6172,-86.6575,-0.1702,0.7108,-11.8354,0.2106,0.0096,0,Backhand prepare 1.00,0,9,91.0691,-1.1588,1.4991,0,Perfect,,-0.1314,-12.2,3.7138,11.2,0,0,2.3102,0.3877,0,0.0001
864,PlayerServeHold,None,1,-0.005,52,-2.2238,2.5288,-16.5784,-0.2289,0.695,-12.5667,0,Run,0,9,Drive,-81.5107,-87.1935,-0.1653,0.7206,-11.8931,0.2844,0.0073,0,Backhand prepare 1.00,0,9,91.9917,0.0742,3.816,0,Perfect,,-0.1489,-12.2667,3.6337,11.2,0,0,2.1386,0.4568,0,0.0001
865,PlayerServeHold,None,1,-0.005,52,-2.2256,2.5262,-16.5886,-0.2381,0.695,-12.6,0,Run,0,9,Drive,-82.4799,-87.7585,-0.1524,0.7145,-11.9564,0.2765,0.0054,0,Backhand prepare 1.00,0,9,92.9522,1.1904,0.6432,0,Perfect,,-0.1581,-12.3,3.5936,11.2,0,0,2.3211,0.5166,0,0.0001
866,PlayerServeHold,None,1,-0.005,52,-2.2288,2.5238,-16.6018,-0.2572,0.695,-12.65,0,Run,0,9,Drive,-83.4741,-88.2981,-0.1599,0.7218,-12.0023,0,0.0041,0,Backhand prepare 1.00,0,9,94.0753,2.3356,0.7277,0,Perfect,,-0.1772,-12.35,3.5135,11.2,0,0,2.1471,0.5476,0,0.0001
867,PlayerServeHold,None,1,-0.005,52,-2.2326,2.5218,-16.6139,-0.2672,0.695,-12.65,0,Run,0,9,Drive,-84.487,-88.7759,-0.1627,0.7302,-11.9979,0,0.0031,0,Backhand prepare 1.00,0,9,94.9419,3.1239,0.5701,0,Perfect,,-0.1872,-12.35,3.4735,11.2,0,0,2.3278,0.5413,0,0
868,PlayerServeHold,None,1,-0.005,52,-2.2379,2.5199,-16.625,-0.2881,0.695,-12.65,0,Run,0,9,Drive,-85.5793,-88.9966,-0.1824,0.7399,-11.9922,0,0.0023,0,Backhand prepare 1.00,0,9,95.6043,3.6392,1.5057,0,Perfect,,-0.2081,-12.35,3.3934,11.2,0,0,2.1524,0.2142,0,0
869,PlayerServeHold,None,1,-0.005,52,-2.2436,2.5183,-16.6353,-0.2989,0.695,-12.65,0,Run,0,9,Drive,-86.6229,-89.3119,-0.1959,0.7491,-11.988,0,0,0,Backhand prepare 1.00,0,9,96.0148,3.8667,1.5326,0,Perfect,,-0.2189,-12.35,3.3534,11.2,0,0,2.332,0.1791,0,0
870,PlayerServeHold,None,1,-0.005,52,-2.2507,2.5169,-16.6447,-0.3213,0.695,-12.65,0,Run,0,9,Drive,-87.6072,-89.5791,-0.2246,0.7511,-11.9836,0,0,0,Backhand prepare 1.00,0,9,96.0257,3.6873,2.7385,0,Perfect,,-0.2413,-12.35,3.2733,11.2,0,0,2.1557,0.1761,0,0
871,PlayerServeHold,None,1,-0.005,52,-2.2583,2.5157,-16.6534,-0.3325,0.695,-12.65,0,Run,0,9,Drive,-88.6159,-89.8159,-0.2338,0.7418,-12.0238,0,0,0,Backhand prepare 1.00,0,9,95.6928,3.179,0.8794,0,Perfect,,-0.2525,-12.35,3.2333,11.2,0,0,2.1757,0.1802,0,0
872,PlayerServeHold,None,1,-0.005,52,-2.267,2.5146,-16.6613,-0.355,0.695,-12.65,0,Run,0,9,Drive,-89.7354,-90.0544,-0.27,0.7449,-12.019,0,0,0,Backhand prepare 1.00,0,9,95.1086,2.4496,18.6116,0,Perfect,,-0.275,-12.35,3.1532,11.2,0,0,1.7147,0.1958,0,0
873,PlayerServeHold,None,1,-0.005,52,-2.2761,2.5137,-16.6686,-0.3663,0.695,-12.65,0,Run,0,9,Drive,-90.8594,-90.2748,-0.296,0.7464,-12.0145,0,0,0,Backhand prepare 1.00,0,9,94.2114,1.4444,0,0,Perfect,,-0.2863,-12.35,3.1131,11.2,0,0,1.3514,0.2084,0,0
874,PlayerServeHold,None,1,-0.005,52,-2.2863,2.513,-16.6753,-0.3888,0.695,-12.65,0,Run,0,9,Drive,-91.7925,-90.4346,-0.3424,0.746,-12.018,0,0,0,Backhand prepare 1.00,0,9,93.2367,0.404,0,0,Perfect,,-0.3088,-12.35,3.033,11.2,0,0,1.0651,0.1981,0,0
875,PlayerServeHold,None,1,-0.005,52,-2.2966,2.5123,-16.6814,-0.4,0.695,-12.65,0,Run,0,9,Drive,-92.6542,-90.5701,-0.3652,0.7441,-12.016,0.3999,0,0,Backhand prepare 1.00,0,9,92.2943,-0.565,0,0,Perfect,,-0.32,-12.35,2.993,11.2,0,0,0.8394,0.1786,0,0
876,PlayerServeHold,None,1,-0.005,52,-2.308,2.5118,-16.687,-0.4225,0.695,-12.65,0,Run,0,9,Drive,-93.4994,-90.6997,-0.3872,0.7407,-12.0052,1.0448,0,0,Backhand prepare 1.00,0,9,91.4019,-1.4507,0,0,Perfect,,-0.3425,-12.35,2.9129,11.2,0,0,0.6616,0.1576,0,0
877,PlayerServeHold,None,1,-0.005,52,-2.3195,2.5114,-16.6922,-0.4338,0.695,-12.65,0,Run,0,9,Drive,-94.3599,-90.8389,-0.421,0.7361,-12.0129,0.6115,0,0,Backhand prepare 1.00,0,9,90.8269,-1.9937,0,0,Perfect,,-0.3538,-12.35,2.8729,11.2,0,0,0.5214,0.1392,0,0
878,PlayerServeHold,None,1,-0.005,52,-2.3319,2.5111,-16.6969,-0.4563,0.695,-12.65,0,Run,0,9,Drive,-94.9617,-90.9097,-0.4516,0.7323,-12.0111,0.2461,0,0,Backhand prepare 1.00,0,9,90.5287,-2.2445,1.9312,0,Perfect,,-0.3762,-12.35,2.7928,11.2,0,0,0.4109,0.1037,0,0
879,PlayerServeHold,None,1,-0.005,52,-2.3444,2.5109,-16.7012,-0.4675,0.695,-12.65,0,Run,0,9,Drive,-95.4123,-90.9509,-0.4686,0.7286,-12.0111,0.2342,0,0,Backhand prepare 1.00,0,9,90.5529,-2.1665,0.5914,0,Perfect,,-0.3875,-12.35,2.7528,11.2,0,0,0.3239,0.0649,0,0
880,PlayerServeHold,None,1,-0.005,52,-2.3577,2.5108,-16.7051,-0.49,0.695,-12.65,0,Run,0,9,Drive,-95.7334,-90.9703,-0.4952,0.7259,-12.0103,0.0108,0,0,Backhand prepare 1.00,0,9,90.9785,-1.6881,3.4832,0,Perfect,,-0.41,-12.35,2.6727,11.2,0,0,0.2552,0,0,0
881,PlayerServeHold,None,1,-0.005,52,-2.3709,2.5108,-16.7087,-0.5012,0.695,-12.65,0,Run,0,9,Drive,-95.9423,-90.9741,-0.509,0.7241,-12.0099,0.0105,0,0,Backhand prepare 1.00,0,9,91.6765,-0.9445,1.6267,0,Perfect,,-0.4212,-12.35,2.6326,11.2,0,0,0.2012,0,0,0
882,PlayerServeHold,None,1,-0.005,52,-2.385,2.5108,-16.712,-0.5237,0.695,-12.65,0,Run,0,9,Drive,-95.9855,-90.95,-0.5323,0.7238,-12.0099,0.0032,0,0,Backhand prepare 1.00,0,9,92.5319,-0.0556,0.6419,0,Perfect,,-0.4437,-12.35,2.5525,11.2,0,0,0.1585,0.0649,0,0
883,PlayerServeHold,None,1,-0.005,52,-2.399,2.5109,-16.715,-0.535,0.695,-12.65,0,Run,0,9,Drive,-95.8656,-90.8998,-0.5414,0.7249,-12.0099,0.0035,0,0,Backhand prepare 1.00,0,9,93.5719,1.0049,1.7748,0,Perfect,,-0.455,-12.35,2.5125,11.2,0,0,0.125,0.0994,0,0
884,PlayerServeHold,None,1,-0.005,52,-2.4137,2.5111,-16.7177,-0.5575,0.695,-12.65,0,Run,0,9,Drive,-95.5914,-90.8263,-0.5604,0.7275,-12.0103,0.0008,0,0,Backhand prepare 1.00,0,9,94.4866,1.9265,2.588,0,Perfect,,-0.4775,-12.35,2.4324,11.2,0,0,0.0985,0.1308,0,0
885,PlayerServeHold,None,1,-0.005,52,-2.4282,2.5113,-16.7201,-0.5687,0.695,-12.65,0,Run,0,9,Drive,-95.1043,-90.7153,-0.5651,0.7316,-12.011,0.0009,0,0,Backhand prepare 1.00,0,9,95.2901,2.7247,0.943,0,Perfect,,-0.4887,-12.35,2.3924,11.2,0,0,0.0776,0.1652,0,0
886,PlayerServeHold,None,1,-0.005,52,-2.4435,2.5116,-16.7223,-0.5912,0.695,-12.65,0,Run,0,9,Drive,-94.5132,-90.5942,-0.5797,0.7361,-12.012,0.0015,0,0,Backhand prepare 1.00,0,9,95.8622,3.2825,1.9397,0,Perfect,,-0.5112,-12.35,2.3123,11.2,0,0,0.0612,0.1905,0,0
887,PlayerServeHold,None,1,-0.005,52,-2.4585,2.5119,-16.7243,-0.6025,0.695,-12.65,0,Run,0,9,Drive,-93.8703,-90.4749,-0.5823,0.7402,-12.0131,0.0009,0,0,Backhand prepare 1.00,0,9,96.0456,3.4459,0.3851,0,Perfect,,-0.5225,-12.35,2.2723,11.2,0,0,0.0482,0.2046,0,0
888,PlayerServeHold,None,1,-0.005,52,-2.4743,2.5122,-16.7262,-0.625,0.695,-12.65,0,Run,0,9,Drive,-93.1291,-90.3439,-0.5947,0.7438,-12.0146,0.0292,0,0,Backhand prepare 1.00,0,9,95.9094,3.2877,2.4032,0,Perfect,,-0.545,-12.35,2.1922,11.2,0,0,0.038,0.2126,0,0
889,PlayerServeHold,None,1,-0.005,52,-2.4898,2.5126,-16.7278,-0.6362,0.695,-12.65,0,Run,0,9,Drive,-92.203,-90.1779,-0.5931,0.7466,-12.0163,0.119,0,0,Backhand prepare 1.00,0,9,95.4677,2.829,17.4959,0,Perfect,,-0.5562,-12.35,2.1521,11.2,0,0,0.03,0.2256,0,0
890,PlayerServeHold,None,1,-0.005,52,-2.5059,2.513,-16.7292,-0.6587,0.695,-12.65,0,Run,0,9,Drive,-91.1731,-89.9967,-0.601,0.7481,-12.0187,0,0,0,Backhand prepare 1.00,0,9,94.6751,2.0225,0,0,Perfect,,-0.5788,-12.35,2.072,11.2,0,0,0.0236,0.2359,0,0
891,PlayerServeHold,None,1,-0.005,52,-2.5218,2.5135,-16.7305,-0.67,0.695,-12.65,0,Run,0,9,Drive,-90.2598,-89.8534,-0.5994,0.7477,-12.0209,0,0,0,Backhand prepare 1.00,0,9,93.7696,1.1079,0,0,Perfect,,-0.59,-12.35,2.032,11.2,0,0,0.0186,0.2249,0,0
892,PlayerServeHold,None,1,-0.005,52,-2.5383,2.514,-16.7317,-0.6925,0.695,-12.65,0,Run,0,9,Drive,-89.3546,-89.7173,-0.6091,0.7459,-12.0232,0,0,0,Backhand prepare 1.00,0,9,92.7879,0.1229,0,0,Perfect,,-0.6125,-12.35,1.9519,11.2,0,0,0.0147,0.207,0,0
893,PlayerServeHold,None,1,-0.005,52,-2.5544,2.5145,-16.7327,-0.7038,0.695,-12.65,0,Run,0,9,Drive,-88.4023,-89.5717,-0.6066,0.7423,-12.0257,0,0,0,Backhand prepare 1.00,0,9,91.8168,-0.8453,0,0,Perfect,,-0.6238,-12.35,1.95,11.2,0,0,0.0116,0.1915,0,0
894,PlayerServeHold,None,1,-0.005,52,-2.5712,2.5151,-16.7336,-0.7263,0.695,-12.65,0,Run,0,9,Drive,-87.3661,-89.4059,-0.6141,0.7365,-12.0287,0.5502,0,0,Backhand prepare 1.00,0,9,88.0744,-0.6622,0,0,Perfect,,-0.6463,-12.35,1.95,11.2,0,0,0.0091,0.1829,0,0
895,PlayerServeHold,None,1,-0.005,52,-2.5877,2.5156,-16.7344,-0.7375,0.695,-12.65,0,Run,0,9,Drive,-86.5405,-89.2921,-0.6135,0.7306,-12.031,0.5514,0,0,Backhand prepare 1.00,0,9,80.1984,-3.7927,0,0,Perfect,,-0.6575,-12.35,1.95,11.2,0,0,0.0072,0.1548,0,2.1972
896,PlayerServeHold,None,1,-0.005,52,-2.6047,2.5162,-16.7351,-0.76,0.695,-12.65,0,Run,0,9,Drive,-85.8422,-89.2057,-0.626,0.7247,-12.0336,0.6674,0,0,Backhand prepare 1.00,0,9,70.6781,-9.1379,0,0,Perfect,,-0.68,-12.35,1.95,11.2,0,0,0.0057,0.1191,0,1.7317
897,PlayerServeHold,None,1,-0.005,52,-2.6214,2.5169,-16.7357,-0.7713,0.695,-12.65,0,Run,0,9,Drive,-85.2335,-89.1345,-0.6285,0.7185,-12.0354,0.0406,0,0,Backhand prepare 1.00,0,9,60.8681,-15.1201,0,0,Perfect,,-0.6913,-12.35,1.95,11.2,0,0,0.0045,0.0845,0,1.3648
898,PlayerServeHold,None,1,-0.005,52,-2.6386,2.5175,-16.7362,-0.7938,0.695,-12.65,0,Run,0,9,Drive,-84.6604,-89.063,-0.6428,0.726,-11.9914,0.018,0,0,Backhand prepare 1.00,0,9,51.3422,-21.4668,0,0,Perfect,,-0.7138,-12.35,1.95,11.2,0,0,0.0035,0.0585,0,1.0756
899,PlayerServeHold,None,1,-0.005,52,-2.6555,2.5182,-16.7366,-0.805,0.695,-12.65,0,Run,0,9,Drive,-84.2695,-89.027,-0.6485,0.7213,-11.9927,0.0004,0,0,Backhand prepare 1.00,0,9,42.3096,-28.2251,0,0,Perfect,,-0.725,-12.35,1.95,11.2,0,0,0.0028,0,0,0.8477
900,PlayerServeHold,None,1,-0.005,52,-2.6729,2.5188,-16.7369,-0.8275,0.695,-12.65,0,Run,0,9,Drive,-84.0648,-89.0254,-0.6682,0.7188,-11.9934,0.0041,0,0,Backhand prepare 1.00,0,9,33.8308,-35.5464,0,0,Perfect,,-0.7475,-12.35,1.95,11.2,0,0,0.0022,0,0,0.6681
901,PlayerServeHold,None,1,-0.005,52,-2.69,2.5195,-16.7372,-0.8388,0.695,-12.65,0,Run,0,9,Drive,-84.0117,-89.048,-0.6788,0.718,-11.9936,0.0017,0,0,Backhand prepare 1.00,0,9,25.893,-43.5914,0,0,Perfect,,-0.7588,-12.35,1.95,11.2,0,0,0.0017,0.0641,0,0.5266
902,PlayerServeHold,None,1,-0.005,52,-2.7075,2.5202,-16.7374,-0.8613,0.695,-12.65,0,Run,0,9,Drive,-84.1309,-89.0991,-0.7036,0.7197,-11.9931,0.0022,0,0,Backhand prepare 1.00,0,9,18.9368,-52.3636,1.154,0,Perfect,,-0.7813,-12.35,1.95,11.2,0,0,0.0014,0.0984,0,0.415
903,PlayerServeHold,None,1,-0.005,52,-2.7247,2.521,-16.7375,-0.8725,0.695,-12.65,0,Run,0,9,Drive,-84.39,-89.1697,-0.7184,0.7227,-11.9923,0.0016,0,0,Backhand prepare 1.00,0,9,13.5465,-60.3274,0.3517,0,Perfect,,-0.7925,-12.35,1.95,11.2,0,0,0.0011,0.1297,0,0.3271
904,PlayerServeHold,None,1,-0.005,52,-2.7424,2.5217,-16.7376,-0.895,0.695,-12.65,0,Run,0,9,Drive,-84.7651,-89.254,-0.7466,0.7272,-11.991,0.0003,0,0,Backhand prepare 1.00,0,9,9.738,-66.8285,0.1927,0,Perfect,,-0.815,-12.35,1.95,11.2,0,0,0.0008,0.1542,0,0.2578
905,PlayerServeHold,None,1,-0.005,52,-2.7597,2.5225,-16.7377,-0.9063,0.695,-12.65,0,Run,0,9,Drive,-85.2724,-89.3567,-0.7653,0.7326,-11.9893,0.0051,0,0,Backhand prepare 1.00,0,9,7.1693,-72.1175,0.0865,0,Perfect,,-0.8263,-12.35,1.95,11.2,0,0,0.0007,0.1756,0,0.2032
906,PlayerServeHold,None,1,-0.005,52,-2.7776,2.5232,-16.7376,-0.9288,0.695,-12.65,0,Run,0,9,Drive,-85.976,-89.4947,-0.7982,0.7393,-11.9869,0.0117,0,0,Backhand prepare 1.00,0,9,5.4619,-76.4461,0.0362,0,Perfect,,-0.8488,-12.35,1.95,11.2,0,0,0.0005,0.1988,0,0.1601
907,PlayerServeHold,None,1,-0.005,52,-2.795,2.524,-16.7376,-0.94,0.695,-12.65,0,Run,0,9,Drive,-86.8354,-89.6577,-0.8107,0.7328,-12.0299,0.0241,0,0,Backhand prepare 1.00,0,9,4.356,-79.9923,0.028,0,Perfect,,-0.86,-12.35,1.95,11.2,0,0,0.0004,0.2218,0,0.1262
908,PlayerServeHold,None,1,-0.005,52,-2.8129,2.5248,-16.7375,-0.9625,0.695,-12.65,0,Run,0,9,Drive,-87.6504,-89.7968,-0.8454,0.7389,-12.0266,0.0547,0,0,Backhand prepare 1.00,0,9,3.6436,-82.8505,0.0204,0,Perfect,,-0.8825,-12.35,1.95,11.2,0,0,0.0003,0.2249,0,0.0995
909,PlayerServeHold,None,1,-0.005,52,-2.8304,2.5256,-16.7373,-0.9738,0.695,-12.65,0,Run,0,9,Drive,-88.5085,-89.9369,-0.88,0.7428,-12.0256,0.4907,0,0,Backhand prepare 1.00,0,9,3.1961,-85.0695,0.0145,0,Perfect,,-0.8938,-12.35,1.95,11.2,0,0,0.0003,0.2207,0,0.0784
910,PlayerServeHold,None,1,-0.005,52,-2.8483,2.5264,-16.7371,-0.9963,0.695,-12.65,0,Run,0,9,Drive,-89.4607,-90.0932,-0.9164,0.7461,-12.0232,0,0,0,Backhand prepare 1.00,0,9,2.8641,-86.7788,0.0116,0,Perfect,,-0.9163,-12.35,1.95,11.2,0,0,0.0002,0.2176,0,0.0618
911,PlayerServeHold,None,1,-0.005,52,-2.8659,2.5273,-16.7369,-1.0075,0.695,-12.65,0,Run,0,9,Drive,-90.5693,-90.2824,-0.9435,0.748,-12.0206,0,0,0,Backhand prepare 1.00,0,9,2.7174,-87.8487,0.0076,0,Perfect,,-0.9275,-12.35,1.95,11.2,0,0,0.0002,0.2223,0,0.0487
912,PlayerServeHold,None,1,-0.005,52,-2.8839,2.5281,-16.7367,-1.03,0.695,-12.65,0,Run,0,9,Drive,-91.5164,-90.4263,-0.9793,0.748,-12.0184,0,0,0,Backhand prepare 1.00,0,9,2.6299,-88.4691,0.0045,0,Perfect,,-0.95,-12.35,1.95,11.2,0,0,0.0001,0.2058,0,0.0384
913,PlayerServeHold,None,1,-0.005,52,-2.9016,2.529,-16.7364,-1.0413,0.695,-12.65,0,Run,0,9,Drive,-92.373,-90.5463,-1.0024,0.7464,-12.0165,0.2963,0,0,Backhand prepare 1.00,0,9,2.5776,-88.7196,0.004,0,Perfect,,-0.9613,-12.35,1.95,11.2,0,0,0.0001,0.1783,0,0.0302
914,PlayerServeHold,None,1,-0.005,52,-2.9196,2.5299,-16.7361,-1.0638,0.695,-12.65,0,Run,0,9,Drive,-93.1879,-90.6581,-1.036,0.7434,-12.0149,0.392,0,0,Backhand prepare 1.00,0,9,2.5464,-88.687,0.0035,0,Perfect,,-0.9838,-12.35,1.95,11.2,0,0,0.0001,0.1503,0,0.0238
915,PlayerServeHold,None,1,-0.005,52,-2.9373,2.5308,-16.7358,-1.075,0.695,-12.65,0,Run,0,9,Drive,-94.0476,-90.7852,-1.0472,0.7389,-12.0032,0.8957,0,0,Backhand prepare 1.00,0,9,2.4981,-88.5097,0.0037,0,Perfect,,-0.995,-12.35,1.95,11.2,0,0,0.0001,0.1305,0,0.0188
916,PlayerServeHold,None,1,-0.005,52,-2.9554,2.5317,-16.7354,-1.0975,0.695,-12.65,0,Run,0,9,Drive,-94.7441,-90.8766,-1.0906,0.7348,-12.0113,0.6818,0,0,Backhand prepare 1.00,0,9,2.4981,-88.1517,0,0,Perfect,,-1.0175,-12.35,1.95,11.2,0,0,0,0.1028,0,0.0148
917,PlayerServeHold,None,1,-0.005,52,-2.9731,2.5326,-16.7351,-1.1088,0.695,-12.65,0,Run,0,9,Drive,-95.2475,-90.9277,-1.1082,0.7307,-12.0113,0.4385,0,0,Backhand prepare 1.00,0,9,2.4981,-87.7567,0,0,Perfect,,-1.0288,-12.35,1.95,11.2,0,0,0,0.0656,0,0.0117
918,PlayerServeHold,None,1,-0.005,52,-2.9913,2.5335,-16.7347,-1.1313,0.695,-12.65,0,Run,0,9,Drive,-95.6188,-90.9565,-1.1354,0.7275,-12.0106,0.0106,0,0,Backhand prepare 1.00,0,9,2.4981,-87.3761,0,0,Perfect,,-1.0513,-12.35,1.95,11.2,0,0,0,0,0,0.0092
919,PlayerServeHold,None,1,-0.005,52,-3.009,2.5344,-16.7343,-1.1425,0.695,-12.65,0,Run,0,9,Drive,-95.8748,-90.9688,-1.1497,0.7252,-12.01,0.0049,0,0,Backhand prepare 1.00,0,9,2.4981,-87.0461,0,0,Perfect,,-1.0625,-12.35,1.95,11.2,0,0,0,0,0,0.0072
920,PlayerServeHold,None,1,-0.005,52,-3.0272,2.5354,-16.7339,-1.165,0.695,-12.65,0,Run,0,9,Drive,-95.9891,-90.9586,-1.1737,0.7241,-12.0098,0.0081,0,0,Backhand prepare 1.00,0,9,2.4981,-86.7885,0,0,Perfect,,-1.085,-12.35,1.95,11.2,0,0,0,0.0577,0,0.0057
921,PlayerServeHold,None,1,-0.005,52,-3.0449,2.5363,-16.7334,-1.1763,0.695,-12.65,0,Run,0,9,Drive,-95.9314,-90.9197,-1.1842,0.7248,-12.0099,0.0026,0,0,Backhand prepare 1.00,0,9,2.4981,-86.6114,0,0,Perfect,,-1.0963,-12.35,1.95,11.2,0,0,0,0.0885,0,0.0045
922,PlayerServeHold,None,1,-0.005,52,-3.0631,2.5373,-16.733,-1.1988,0.695,-12.65,0,Run,0,9,Drive,-95.7225,-90.8579,-1.2034,0.7265,-12.0101,0.0008,0,0,Backhand prepare 1.00,0,9,2.4981,-86.5127,0,0,Perfect,,-1.1188,-12.35,1.95,11.2,0,0,0,0.1199,0,0.0035
923,PlayerServeHold,None,1,-0.005,52,-3.0809,2.5383,-16.7325,-1.21,0.695,-12.65,0,Run,0,9,Drive,-95.3251,-90.7642,-1.2095,0.73,-12.0107,0.0022,0,0,Backhand prepare 1.00,0,9,2.4981,-86.4824,0,0,Perfect,,-1.13,-12.35,1.95,11.2,0,0,0,0.151,0,0.0028
924,PlayerServeHold,None,1,-0.005,52,-3.0991,2.5393,-16.732,-1.2325,0.695,-12.65,0,Run,0,9,Drive,-94.7501,-90.6418,-1.2243,0.7345,-12.0116,0.0005,0,0,Backhand prepare 1.00,0,9,2.4981,-86.5059,0,0,Perfect,,-1.1525,-12.35,1.95,11.2,0,0,0,0.1816,0,0.0022
925,PlayerServeHold,None,1,-0.005,52,-3.1169,2.5403,-16.7316,-1.2438,0.695,-12.65,0,Run,0,9,Drive,-94.1396,-90.5256,-1.2273,0.7387,-12.0126,0.0071,0,0,Backhand prepare 1.00,0,9,2.4981,-86.5667,0,0,Perfect,,-1.1638,-12.35,1.95,11.2,0,0,0,0.1981,0,0.0017
926,PlayerServeHold,None,1,-0.005,52,-3.1351,2.5413,-16.7311,-1.2663,0.695,-12.65,0,Run,0,9,Drive,-93.4385,-90.3999,-1.2402,0.7425,-12.014,0.0164,0,0,Backhand prepare 1.00,0,9,2.4981,-86.6488,0,0,Perfect,,-1.1863,-12.35,1.95,11.2,0,0,0,0.2082,0,0.0014
927,PlayerServeHold,None,1,-0.005,52,-3.1528,2.5423,-16.7306,-1.2775,0.695,-12.65,0,Run,0,9,Drive,-92.6071,-90.2533,-1.24,0.7455,-12.0155,0.0406,0,0,Backhand prepare 1.00,0,9,2.4981,-86.7379,0,0,Perfect,,-1.1975,-12.35,1.95,11.2,0,0,0,0.2169,0,0.0011
928,PlayerServeHold,None,1,-0.005,52,-3.1711,2.5434,-16.7301,-1.3,0.695,-12.65,0,Run,0,9,Drive,-91.5686,-90.0654,-1.2482,0.748,-12.0177,0.191,0,0,Backhand prepare 1.00,0,9,2.4981,-86.823,0,0,Perfect,,-1.22,-12.35,1.95,11.2,0,0,0,0.2337,0,0.0009
929,PlayerServeHold,None,1,-0.005,52,-3.1888,2.5444,-16.7295,-1.3113,0.695,-12.65,0,Run,0,9,Drive,-90.62,-89.91,-1.2457,0.7479,-12.02,0,0,0,Backhand prepare 1.00,0,9,2.4981,-86.8959,0,0,Perfect,,-1.2313,-12.35,1.95,11.2,0,0,0,0.2296,0,0.0007
930,PlayerServeHold,None,1,-0.005,52,-3.207,2.5455,-16.729,-1.3338,0.695,-12.65,0,Run,0,9,Drive,-89.7148,-89.7719,-1.2554,0.7468,-12.0222,0,0,0,Backhand prepare 1.00,0,9,2.4981,-86.95,0,0,Perfect,,-1.2538,-12.35,1.95,11.2,0,0,0,0.2142,0,0.0005
931,PlayerServeHold,None,1,-0.005,52,-3.2248,2.5465,-16.7285,-1.345,0.695,-12.65,0,Run,0,9,Drive,-88.8001,-89.6347,-1.2536,0.7441,-12.0246,0,0,0,Backhand prepare 1.00,0,9,2.4981,-86.9866,0,0,Perfect,,-1.265,-12.35,1.95,11.2,0,0,0,0.1956,0,0.0004
932,PlayerServeHold,None,1,-0.005,52,-3.243,2.5476,-16.7279,-1.3675,0.695,-12.65,0,Run,0,9,Drive,-87.7675,-89.4692,-1.2612,0.7389,-12.0276,0,0,0,Backhand prepare 1.00,0,9,2.4981,-87.0066,0,0,Perfect,,-1.2875,-12.35,1.95,11.2,0,0,0,0.1872,0,0.0003
933,PlayerServeHold,None,1,-0.005,52,-3.2607,2.5487,-16.7274,-1.3788,0.695,-12.65,0,Run,0,9,Drive,-86.8483,-89.3323,-1.2591,0.733,-12.0301,0.6215,0,0,Backhand prepare 1.00,0,9,2.4981,-87.0121,0,0,Perfect,,-1.2988,-12.35,1.95,11.2,0,0,0,0.1676,0,0.0003
934,PlayerServeHold,None,1,-0.005,52,-3.2789,2.5498,-16.7269,-1.4013,0.695,-12.65,0,Run,0,9,Drive,-86.1101,-89.2379,-1.2711,0.7271,-12.0326,0.5977,0,0,Backhand prepare 1.00,0,9,2.4981,-87.0062,0,0,Perfect,,-1.3213,-12.35,1.95,11.2,0,0,0,0.1338,0,0.0002
935,PlayerServeHold,None,1,-0.005,52,-3.2966,2.5509,-16.7263,-1.4125,0.695,-12.65,0,Run,0,9,Drive,-85.47,-89.1619,-1.2731,0.7209,-12.0347,0.1063,0,0,Backhand prepare 1.00,0,9,2.4981,-86.9926,0,0,Perfect,,-1.3325,-12.35,1.95,11.2,0,0,0,0.0989,0,0.0002
936,PlayerServeHold,None,1,-0.005,52,-3.3148,2.552,-16.7257,-1.435,0.695,-12.65,0,Run,0,9,Drive,-84.8795,-89.0898,-1.2872,0.7286,-11.9906,0.2525,0,0,Backhand prepare 1.00,0,9,2.4981,-86.9747,0,0,Perfect,,-1.355,-12.35,1.95,11.2,0,0,0,0.0685,0,0.0001
937,PlayerServeHold,None,1,-0.005,52,-3.3325,2.5532,-16.7252,-1.4463,0.695,-12.65,0,Run,0,9,Drive,-84.3984,-89.0354,-1.2916,0.7228,-11.9922,0.256,0,0,Backhand prepare 1.00,0,9,2.4981,-86.9555,0,0,Perfect,,-1.3663,-12.35,1.95,11.2,0,0,0,0.042,0,0.0001
938,PlayerServeHold,None,1,-0.005,52,-3.3506,2.5543,-16.7246,-1.4688,0.695,-12.65,0,Run,0,9,Drive,-84.1291,-89.0228,-1.3104,0.7196,-11.9932,0.0062,0,0,Backhand prepare 1.00,0,9,2.4981,-86.9413,0,0,Perfect,,-1.3888,-12.35,1.95,11.2,0,0,0,0,0,0.0001
939,PlayerServeHold,None,1,-0.005,52,-3.3683,2.5554,-16.7241,-1.48,0.695,-12.65,0,Run,0,9,Drive,-84.0135,-89.0349,-1.3199,0.7181,-11.9936,0.0011,0,0,Backhand prepare 1.00,0,9,2.4981,-86.9308,0,0,Perfect,,-1.4,-12.35,1.95,11.2,0,0,0,0.0504,0,0.0001
940,PlayerServeHold,None,1,-0.005,52,-3.3864,2.5566,-16.7235,-1.5025,0.695,-12.65,0,Run,0,9,Drive,-84.0618,-89.0738,-1.3439,0.7189,-11.9934,0.0031,0,0,Backhand prepare 1.00,0,9,2.4981,-86.923,0,0,Perfect,,-1.4225,-12.35,1.95,11.2,0,0,0,0.0833,0,0
941,PlayerServeHold,None,1,-0.005,52,-3.4041,2.5578,-16.723,-1.5138,0.695,-12.65,0,Run,0,9,Drive,-84.2744,-89.1389,-1.358,0.7214,-11.9927,0.0015,0,0,Backhand prepare 1.00,0,9,2.4981,-86.9172,0,0,Perfect,,-1.4338,-12.35,1.95,11.2,0,0,0,0.1166,0,0
942,PlayerServeHold,None,1,-0.005,52,-3.4222,2.5589,-16.7224,-1.5363,0.695,-12.65,0,Run,0,9,Drive,-84.5988,-89.2167,-1.3853,0.7252,-11.9915,0.0002,0,0,Backhand prepare 1.00,0,9,2.4981,-86.913,0,0,Perfect,,-1.4563,-12.35,1.95,11.2,0,0,0,0.144,0,0
943,PlayerServeHold,None,1,-0.005,52,-3.4398,2.5601,-16.7218,-1.5475,0.695,-12.65,0,Run,0,9,Drive,-85.0532,-89.3121,-1.4033,0.7303,-11.99,0.0015,0,0,Backhand prepare 1.00,0,9,2.4981,-86.9098,0,0,Perfect,,-1.4675,-12.35,1.95,11.2,0,0,0,0.1664,0,0
944,PlayerServeHold,None,1,-0.005,52,-3.4579,2.5613,-16.7213,-1.57,0.695,-12.65,0,Run,0,9,Drive,-85.6609,-89.4319,-1.4348,0.7365,-11.988,0.0027,0,0,Backhand prepare 1.00,0,9,2.4981,-86.9075,0,0,Perfect,,-1.49,-12.35,1.95,11.2,0,0,0,0.1874,0,0
945,PlayerServeHold,None,1,-0.005,52,-3.4755,2.5625,-16.7207,-1.5813,0.695,-12.65,0,Run,0,9,Drive,-86.4961,-89.5947,-1.447,0.7301,-12.0312,0.0299,0,0,Backhand prepare 1.00,0,9,2.4981,-86.9058,0,0,Perfect,,-1.5013,-12.35,1.95,11.2,0,0,0,0.2142,0,0
946,PlayerServeHold,None,1,-0.005,52,-3.4935,2.5637,-16.7201,-1.6038,0.695,-12.65,0,Run,0,9,Drive,-87.3232,-89.7419,-1.4931,0.7505,-11.9835,0.1145,0,0,Backhand prepare 1.00,0,9,2.4981,-86.9044,0,0,Perfect,,-1.5238,-12.35,1.95,11.2,0,0,0,0.2247,0,0
947,PlayerServeHold,None,1,-0.005,52,-3.5111,2.5649,-16.7196,-1.615,0.695,-12.65,0,Run,0,9,Drive,-88.1609,-89.8807,-1.5163,0.7412,-12.0265,0.1425,0,0,Backhand prepare 1.00,0,9,2.4981,-86.9035,0,0,Perfect,,-1.535,-12.35,1.95,11.2,0,0,0,0.2236,0,0
948,PlayerServeHold,None,1,-0.005,52,-3.5291,2.5661,-16.719,-1.6375,0.695,-12.65,0,Run,0,9,Drive,-89.0578,-90.026,-1.5518,0.745,-12.0242,0,0,0,Backhand prepare 1.00,0,9,2.4981,-86.9028,0,0,Perfect,,-1.5575,-12.35,1.95,11.2,0,0,0,0.2178,0,0
949,PlayerServeHold,None,1,-0.005,52,-3.5467,2.5673,-16.7185,-1.6488,0.695,-12.65,0,Run,0,9,Drive,-90.1291,-90.2084,-1.5785,0.7474,-12.0216,0,0,0,Backhand prepare 1.00,0,9,2.4981,-86.9023,0,0,Perfect,,-1.5688,-12.35,1.95,11.2,0,0,0,0.2221,0,0
950,PlayerServeHold,None,1,-0.005,52,-3.5646,2.5685,-16.7179,-1.6713,0.695,-12.65,0,Run,0,9,Drive,-91.157,-90.3742,-1.6156,0.7482,-12.0192,0,0,0,Backhand prepare 1.00,0,9,2.4981,-86.9019,0,0,Perfect,,-1.5913,-12.35,1.95,11.2,0,0,0,0.2149,0,0
951,PlayerServeHold,None,1,-0.005,52,-3.5821,2.5698,-16.7174,-1.6825,0.695,-12.65,0,Run,0,9,Drive,-92.0356,-90.4998,-1.639,0.7472,-12.0173,0,0,0,Backhand prepare 1.00,0,9,2.4981,-86.9016,0,0,Perfect,,-1.6025,-12.35,1.95,11.2,0,0,0,0.1903,0,0
952,PlayerServeHold,None,1,-0.005,52,-3.6001,2.571,-16.7168,-1.705,0.695,-12.65,0,Run,0,9,Drive,-92.8618,-90.6132,-1.6729,0.7448,-12.0154,0.4523,0,0,Backhand prepare 1.00,0,9,2.4981,-86.9014,0,0,Perfect,,-1.625,-12.35,1.95,11.2,0,0,0,0.1613,0,0
953,PlayerServeHold,None,1,-0.005,52,-3.6175,2.5722,-16.7163,-1.7163,0.695,-12.65,0,Run,0,9,Drive,-93.704,-90.7341,-1.6838,0.7408,-12.0043,1.354,0,0,Backhand prepare 1.00,0,9,2.4981,-86.9013,0,0,Perfect,,-1.6363,-12.35,1.95,11.2,0,0,0,0.1385,0,0
954,PlayerServeHold,None,1,-0.005,52,-3.6354,2.5735,-16.7157,-1.7388,0.695,-12.65,0,Run,0,9,Drive,-94.497,-90.8474,-1.7286,0.7363,-12.0123,1.4269,0,0,Backhand prepare 1.00,0,9,2.4981,-86.9011,0,0,Perfect,,-1.6588,-12.35,1.95,11.2,0,0,0,0.1158,0,0
955,PlayerServeHold,None,1,-0.005,52,-3.6529,2.5747,-16.7152,-1.75,0.695,-12.65,0,Run,0,9,Drive,-95.0613,-90.9101,-1.7472,0.7323,-12.0112,0.0656,0,0,Backhand prepare 1.00,0,9,2.4981,-86.901,0,0,Perfect,,-1.67,-12.35,1.95,11.2,0,0,0,0.081,0,0
956,PlayerServeHold,None,1,-0.005,52,-3.6707,2.576,-16.7147,-1.7725,0.695,-12.65,0,Run,0,9,Drive,-95.4861,-90.9477,-1.775,0.7287,-12.011,0.028,0,0,Backhand prepare 1.00,0,9,2.4981,-86.901,0,0,Perfect,,-1.6925,-12.35,1.95,11.2,0,0,0,0.0453,0,0
957,PlayerServeHold,None,1,-0.005,52,-3.6881,2.5772,-16.7141,-1.7838,0.695,-12.65,0,Run,0,9,Drive,-95.7848,-90.9654,-1.7899,0.7261,-12.0102,0.0061,0,0,Backhand prepare 1.00,0,9,2.4981,-86.9009,0,0,Perfect,,-1.7038,-12.35,1.95,11.2,0,0,0,0,0,0
958,PlayerServeHold,None,1,-0.005,52,-3.7059,2.5785,-16.7136,-1.8063,0.695,-12.65,0,Run,0,9,Drive,-95.9655,-90.9667,-1.8146,0.7243,-12.0099,0.0109,0,0,Backhand prepare 1.00,0,9,2.4981,-86.9009,0,0,Perfect,,-1.7263,-12.35,1.95,11.2,0,0,0,0.0474,0,0
959,PlayerServeHold,None,1,-0.005,52,-3.7233,2.5797,-16.7131,-1.8175,0.695,-12.65,0,Run,0,9,Drive,-95.9737,-90.9387,-1.8263,0.7244,-12.0099,0.0007,0,0,Backhand prepare 1.00,0,9,2.4981,-86.9009,0,0,Perfect,,-1.7375,-12.35,1.95,11.2,0,0,0,0.0766,0,0
960,PlayerServeHold,None,1,-0.005,52,-3.7411,2.581,-16.7126,-1.84,0.695,-12.65,0,Run,0,9,Drive,-95.8242,-90.8859,-1.846,0.7256,-12.0099,0.0026,0,0,Backhand prepare 1.00,0,9,2.4981,-86.9008,0,0,Perfect,,-1.76,-12.35,1.95,11.2,0,0,0,0.1079,0,0
961,PlayerServeHold,None,1,-0.005,52,-3.7584,2.5822,-16.7121,-1.8513,0.695,-12.65,0,Run,0,9,Drive,-95.5132,-90.8078,-1.8533,0.7285,-12.0104,0.0014,0,0,Backhand prepare 1.00,0,9,2.4981,-86.9008,0,0,Perfect,,-1.7713,-12.35,1.95,11.2,0,0,0,0.1381,0,0
962,PlayerServeHold,None,1,-0.005,52,-3.7761,2.5835,-16.7116,-1.8738,0.695,-12.65,0,Run,0,9,Drive,-94.987,-90.6912,-1.8687,0.7328,-12.0112,0.0008,0,0,Backhand prepare 1.00,0,9,2.4981,-86.9008,0,0,Perfect,,-1.7938,-12.35,1.95,11.2,0,0,0,0.1707,0,0
963,PlayerServeHold,None,1,-0.005,52,-3.7934,2.5848,-16.7111,-1.885,0.695,-12.65,0,Run,0,9,Drive,-94.3917,-90.5728,-1.872,0.737,-12.0122,0.0037,0,0,Backhand prepare 1.00,0,9,2.4981,-86.9008,0,0,Perfect,,-1.805,-12.35,1.95,11.2,0,0,0,0.1923,0,0
964,PlayerServeHold,None,1,-0.005,52,-3.811,2.586,-16.7106,-1.9075,0.695,-12.65,0,Run,0,9,Drive,-93.729,-90.4516,-1.8854,0.741,-12.0134,0.0047,0,0,Backhand prepare 1.00,0,9,2.4981,-86.9008,0,0,Perfect,,-1.8275,-12.35,1.95,11.2,0,0,0,0.2049,0,0
965,PlayerServeHold,None,1,-0.005,52,-3.8283,2.5873,-16.7101,-1.9188,0.695,-12.65,0,Run,0,9,Drive,-92.9642,-90.317,-1.8862,0.7444,-12.0149,0.0223,0,0,Backhand prepare 1.00,0,9,2.4981,-86.9008,0,0,Perfect,,-1.8388,-12.35,1.95,11.2,0,0,0,0.2126,0,0
966,PlayerServeHold,None,1,-0.005,52,-3.8459,2.5885,-16.7096,-1.9413,0.695,-12.65,0,Run,0,9,Drive,-91.991,-90.1412,-1.8952,0.7472,-12.0167,0.1461,0,0,Backhand prepare 1.00,0,9,2.4981,-86.9008,0,0,Perfect,,-1.8613,-12.35,1.95,11.2,0,0,0,0.2279,0,0
967,PlayerServeHold,None,1,-0.005,52,-3.8631,2.5898,-16.7092,-1.9525,0.695,-12.65,0,Run,0,9,Drive,-90.9853,-89.9677,-1.8921,0.7481,-12.0191,0,0,0,Backhand prepare 1.00,0,9,2.4981,-86.9008,0,0,Perfect,,-1.8725,-12.35,1.95,11.2,0,0,0,0.2343,0,0
968,PlayerServeHold,None,1,-0.005,52,-3.8807,2.591,-16.7087,-1.975,0.695,-12.65,0,Run,0,9,Drive,-90.0784,-89.827,-1.9019,0.7477,-12.0213,0,0,0,Backhand prepare 1.00,0,9,2.4981,-86.9008,0,0,Perfect,,-1.895,-12.35,1.95,11.2,0,0,0,0.2216,0,0
969,PlayerServeHold,None,1,-0.005,52,-3.8978,2.5923,-16.7083,-1.9863,0.695,-12.65,0,Run,0,9,Drive,-89.1728,-89.6909,-1.9002,0.7454,-12.0236,0,0,0,Backhand prepare 1.00,0,9,2.4981,-86.9008,0,0,Perfect,,-1.9063,-12.35,1.95,11.2,0,0,0,0.2039,0,0
970,PlayerServeHold,None,1,-0.005,52,-3.9153,2.5935,-16.7078,-2.0088,0.695,-12.65,0,Run,0,9,Drive,-88.1917,-89.538,-1.9086,0.7412,-12.0264,0,0,0,Backhand prepare 1.00,0,9,2.4981,-86.9008,0,0,Perfect,,-1.9288,-12.35,1.95,11.2,0,0,0,0.191,0,0
971,PlayerServeHold,None,1,-0.005,52,-3.9324,2.5948,-16.7074,-2.02,0.695,-12.65,0,Run,0,9,Drive,-87.1837,-89.379,-1.9052,0.7354,-12.0292,0.3085,0,0,Backhand prepare 1.00,0,9,2.4981,-86.9008,0,0,Perfect,,-1.94,-12.35,1.95,11.2,0,0,0,0.1805,0,0
972,PlayerServeHold,None,1,-0.005,52,-3.9499,2.596,-16.707,-2.0425,0.695,-12.65,0,Run,0,9,Drive,-86.394,-89.2732,-1.9164,0.7294,-12.0315,0.491,0,0,Backhand prepare 1.00,0,9,2.4981,-86.9008,0,0,Perfect,,-1.9625,-12.35,1.95,11.2,0,0,0,0.1503,0,0
973,PlayerServeHold,None,1,-0.005,52,-3.9669,2.5973,-16.7065,-2.0538,0.695,-12.65,0,Run,0,9,Drive,-85.7148,-89.1903,-1.9179,0.7234,-12.034,0.2419,0,0,Backhand prepare 1.00,0,9,2.4981,-86.9008,0,0,Perfect,,-1.9738,-12.35,1.95,11.2,0,0,0,0.1154,0,0
974,PlayerServeHold,None,1,-0.005,52,-3.9844,2.5985,-16.7061,-2.0763,0.695,-12.65,0,Run,0,9,Drive,-85.115,-89.1195,-1.9318,0.7174,-12.0358,0.2157,0,0,Backhand prepare 1.00,0,9,2.4981,-86.9008,0,0,Perfect,,-1.9963,-12.35,1.95,11.2,0,0,0,0.0822,0,0
975,PlayerServeHold,None,1,-0.005,52,-4.0013,2.5997,-16.7057,-2.0875,0.695,-12.65,0,Run,0,9,Drive,-84.5624,-89.0512,-1.9352,0.7248,-11.9917,0.222,0,0,Backhand prepare 1.00,0,9,2.4981,-86.9008,0,0,Perfect,,-2.0075,-12.35,1.95,11.2,0,0,0,0.0568,0,0
976,PlayerServeHold,None,1,-0.005,52,-4.0187,2.6009,-16.7053,-2.11,0.695,-12.65,0,Run,0,9,Drive,-84.2162,-89.0241,-1.9528,0.7206,-11.9929,0.0067,0,0,Backhand prepare 1.00,0,9,2.4981,-86.9008,0,0,Perfect,,-2.03,-12.35,1.95,11.2,0,0,0,0,0,0
977,PlayerServeHold,None,1,-0.005,52,-4.0357,2.6021,-16.705,-2.1213,0.695,-12.65,0,Run,0,9,Drive,-84.0415,-89.0275,-1.9616,0.7185,-11.9935,0.0033,0,0,Backhand prepare 1.00,0,9,2.4981,-86.9008,0,0,Perfect,,-2.0413,-12.35,1.95,11.2,0,0,0,0.0431,0,0
978,PlayerServeHold,None,1,-0.005,52,-4.053,2.6033,-16.7046,-2.1436,0.695,-12.65,0,Run,0,9,Drive,-84.0209,-89.0555,-1.9839,0.7182,-11.9936,0.0027,0,0,Backhand prepare 1.00,0,9,2.4981,-86.9008,0,0,Perfect,,-2.0636,-12.35,1.95,11.2,0,0,0,0.0727,0,0
979,PlayerServeHold,None,1,-0.005,52,-4.0698,2.6045,-16.7042,-2.1546,0.695,-12.65,0,Run,0,9,Drive,-84.172,-89.1116,-1.9977,0.7201,-11.993,0.0035,0,0,Backhand prepare 1.00,0,9,2.4981,-86.9008,0,0,Perfect,,-2.0746,-12.35,1.95,11.2,0,0.0001,0.1331,0.1061,0,0
980,PlayerServeHold,None,1,-0.005,52,-4.087,2.6057,-16.7039,-2.1758,0.695,-12.65,0,Run,0,9,Drive,-84.4418,-89.1819,-2.0232,0.7232,-11.9921,0.0048,0,0,Backhand prepare 1.00,0,9,2.4981,-86.9008,0,0,Perfect,,-2.0958,-12.35,1.95,11.2,0,0.0004,0.3455,0.1349,0,0
981,PlayerServeHold,None,1,-0.005,52,-4.1036,2.6069,-16.7035,-2.1861,0.695,-12.65,0,Run,0,9,Drive,-84.8082,-89.2614,-2.0398,0.7274,-11.9908,0.0085,0,0,Backhand prepare 1.00,0,9,2.4981,-86.9008,0,0,Perfect,,-2.1061,-12.35,1.95,11.2,0,0.001,0.7538,0.1558,0,0
982,PlayerServeHold,None,1,-0.005,52,-4.1205,2.6081,-16.7032,-2.206,0.695,-12.65,0,Run,0,9,Drive,-85.2782,-89.353,-2.0669,0.7326,-11.9892,0.006,0,0,Backhand prepare 1.00,0,9,2.4981,-86.9008,0,0,Perfect,,-2.126,-12.35,1.95,11.2,0,0.0018,0.8349,0.1707,0,0
983,PlayerServeHold,None,1,-0.005,52,-4.1368,2.6093,-16.7029,-2.2157,0.695,-12.65,0,Run,0,9,Drive,-85.883,-89.6373,-2.087,0.7356,-11.9873,0.0088,0,0,Backhand prepare 1.00,0,9,2.4981,-86.9008,0,0,Perfect,,-2.1357,-12.35,1.95,11.2,0,0.0029,1.1397,0.389,0,0
984,PlayerServeHold,None,1,-0.005,52,-4.1532,2.6104,-16.7026,-2.2344,0.695,-12.65,0,Run,0,9,Drive,-86.6222,-89.8991,-2.1059,0.7274,-12.0298,0.0108,0,0,Backhand prepare 1.00,0,9,2.4981,-86.9008,0,0,Perfect,,-2.1544,-12.35,1.95,11.2,0,0.004,1.1391,0.5525,0,0
985,PlayerServeHold,None,1,-0.005,52,-4.1691,2.6116,-16.7023,-2.2434,0.695,-12.65,0,Run,0,9,Drive,-87.2964,-90.0004,-2.1367,0.7457,-11.9837,0.1033,0,0,Backhand prepare 1.00,0,9,2.4981,-86.9008,0,0,Perfect,,-2.1634,-12.35,1.95,11.2,0,0.0051,1.3798,0.5392,0,0
986,PlayerServeHold,None,1,-0.005,52,-4.1851,2.6127,-16.702,-2.2608,0.695,-12.65,0,Run,0,9,Drive,-87.9624,-90.0796,-2.1518,0.7349,-12.024,0.0918,0,0,Backhand prepare 1.00,0,9,2.4981,-86.9008,0,0,Perfect,,-2.1808,-12.35,1.95,11.2,0,0.0061,1.3286,0.5016,0,0
987,PlayerServeHold,None,1,-0.005,52,-4.2004,2.6138,-16.7017,-2.2692,0.695,-12.65,0,Run,0,9,Drive,-88.5994,-90.1299,-2.1705,0.7373,-12.0211,0.2236,0,0,Backhand prepare 1.00,0,9,2.4981,-86.9008,0,0,Perfect,,-2.1892,-12.35,1.95,11.2,0,0.0069,1.5294,0.4483,0,0
988,PlayerServeHold,None,1,-0.005,52,-4.2158,2.6149,-16.7014,-2.2854,0.695,-12.65,0,Run,0,9,Drive,-89.1852,-90.1353,-2.1989,0.7389,-12.0188,0,0,0,Backhand prepare 1.00,0,9,2.4981,-86.9008,0,0,Perfect,,-2.2054,-12.35,1.95,11.2,0,0.0076,1.4467,0.3887,0,0
989,PlayerServeHold,None,1,-0.005,52,-4.2306,2.616,-16.7011,-2.2931,0.695,-12.65,0,Run,0,9,Drive,-89.6693,-90.0628,-2.2231,0.7394,-12.0166,0,0,0,Backhand prepare 1.00,0,9,2.4981,-86.9008,0,0,Perfect,,-2.2131,-12.35,1.95,11.2,0,0.0081,1.623,0.3381,0,0
990,PlayerServeHold,None,1,-0.005,52,-4.2454,2.6171,-16.7009,-2.308,0.695,-12.65,0,Run,0,9,Drive,-89.9386,-89.8756,-2.2665,0.7517,-11.9805,0,0,0,Backhand prepare 1.00,0,9,2.4981,-86.9008,0,0,Perfect,,-2.228,-12.35,1.95,11.2,0,0.0084,1.5208,0.3084,0,0
991,PlayerServeHold,None,1,-0.005,52,-4.2595,2.6182,-16.7007,-2.3152,0.695,-12.65,0,Run,0,9,Drive,-89.9169,-89.5508,-2.2905,0.7498,-11.9842,1.1753,0,0,Backhand prepare 1.00,0,9,2.4981,-86.9008,0,0,Perfect,,-2.2352,-12.35,1.95,11.2,0,0.0086,1.682,0.2446,0,0
992,PlayerServeHold,None,1,-0.005,52,-4.2736,2.6193,-16.7004,-2.3288,0.695,-12.65,0,Run,0,9,Drive,-89.7281,-89.1519,-2.3209,0.7482,-11.9866,0.7901,0,0,Backhand prepare 1.00,0,9,2.4981,-86.9008,0,0,Perfect,,-2.2488,-12.35,1.95,11.2,0,0.0087,1.5673,0.3034,0,0
993,PlayerServeHold,None,1,-0.005,52,-4.287,2.6203,-16.7002,-2.3353,0.695,-12.65,0,Run,0,9,Drive,-89.389,-88.6948,-2.3446,0.7421,-12.0317,0.3641,0,0,Backhand prepare 1.00,0,9,2.4981,-86.9008,0,0,Perfect,,-2.2553,-12.35,1.95,11.2,0,0.0087,1.7194,0.3936,0,0
994,PlayerServeHold,None,1,-0.005,52,-4.3003,2.6214,-16.7,-2.3476,0.695,-12.65,0,Run,0,9,Drive,-88.9559,-88.2253,-2.3721,0.7501,-12.0345,0.4327,0,0,Backhand prepare 1.00,0,9,2.4981,-86.9008,0,0,Perfect,,-2.2676,-12.35,1.95,11.2,0,0.0087,1.5973,0.4708,0,0
995,PlayerServeHold,None,1,-0.005,52,-4.313,2.6224,-16.6998,-2.3535,0.695,-12.65,0,Run,0,9,Drive,-88.4333,-87.7455,-2.3938,0.7554,-12.0397,0.3277,0,0,Backhand prepare 1.00,0,9,2.4981,-86.9008,0,0,Perfect,,-2.2735,-12.35,1.95,11.2,0,0.0087,1.7436,0.5262,0,0
996,PlayerServeHold,None,1,-0.005,52,-4.3256,2.6234,-16.6997,-2.3646,0.695,-12.65,0,Run,0,9,Drive,-87.854,-87.2763,-2.4256,0.7564,-12.0496,0.1014,0,0,Backhand prepare 1.00,0,9,2.4981,-86.9008,0,0,Perfect,,-2.2846,-12.35,1.95,11.2,0,0.0086,1.6167,0.5525,0,0
997,PlayerServeHold,None,1,-0.005,52,-4.3375,2.6244,-16.6995,-2.3698,0.695,-12.65,0,Run,0,9,Drive,-87.1698,-86.7987,-2.4525,0.7541,-12.0615,0.3334,0,0,Backhand prepare 1.00,0,9,2.4981,-86.9008,0,0,Perfect,,-2.2898,-12.35,1.95,11.2,0,0.0086,1.76,0.5689,0,0
998,PlayerServeHold,None,1,-0.005,52,-4.3492,2.6254,-16.6993,-2.3796,0.695,-12.65,0,Run,0,9,Drive,-86.4071,-86.336,-2.4774,0.7517,-12.0705,0.1098,0,0,Backhand prepare 1.00,0,9,2.4981,-86.9008,0,0,Perfect,,-2.2996,-12.35,1.95,11.2,0,0.0085,1.6301,0.5783,0,0
999,PlayerServeHold,None,1,-0.005,52,-4.3603,2.6263,-16.6992,-2.3842,0.695,-12.65,0,Run,0,9,Drive,-85.575,-85.8835,-2.4948,0.7525,-12.0778,0.1835,0,0,Backhand prepare 1.00,0,9,2.4981,-86.9008,0,0,Perfect,,-2.3042,-12.35,1.95,11.2,0,0.0086,1.7717,0.5862,0,0
1000,PlayerServeHold,None,1,-0.005,52,-4.3712,2.6273,-16.6991,-2.3927,0.695,-12.65,0,Run,0,9,Drive,-84.7431,-85.4657,-2.5172,0.7551,-12.0813,0.2601,0,0,Backhand prepare 1.00,0,9,2.4981,-86.9008,0,0,Perfect,,-2.3127,-12.35,1.95,11.2,0,0.0085,1.6399,0.579,0,0
1001,PlayerServeHold,None,1,-0.005,52,-4.3815,2.6282,-16.699,-2.3966,0.695,-12.65,0,Run,0,9,Drive,-83.885,-85.0628,-2.535,0.7595,-12.0837,0.246,0,0,Backhand prepare 1.00,0,9,2.4981,-86.9008,0,0,Perfect,,-2.3166,-12.35,1.95,11.2,0,0.0086,1.781,0.571,0,0
1002,PlayerServeHold,None,1,-0.005,52,-4.3914,2.6291,-16.6989,-2.4039,0.695,-12.65,0,Run,0,9,Drive,-83.0192,-84.6739,-2.5536,0.7612,-12.0904,0.2374,0,0,Backhand prepare 1.00,0,9,2.4981,-86.9008,0,0,Perfect,,-2.3239,-12.35,1.95,11.2,0,0.0086,1.6481,0.5587,0,0
1003,PlayerServeHold,None,1,-0.005,52,-4.4009,2.63,-16.6988,-2.4072,0.695,-12.65,0,Run,0,9,Drive,-82.1123,-84.2806,-2.5692,0.7648,-12.1002,0.2546,0,0,Backhand prepare 1.00,0,9,2.4981,-86.9008,0,0,Perfect,,-2.3272,-12.35,1.95,11.2,0,0.0087,1.7893,0.5553,0,0
1004,PlayerServeHold,None,1,-0.005,52,-4.41,2.6309,-16.6987,-2.4131,0.695,-12.65,0,Run,0,9,Drive,-81.1737,-83.8852,-2.5928,0.7704,-12.1141,0.2619,0,0,Backhand prepare 1.00,0,9,2.4981,-86.9008,0,0,Perfect,,-2.3331,-12.35,1.95,11.2,0,0.0087,1.6563,0.556,0,0
1005,PlayerServeHold,None,1,-0.005,52,-4.4185,2.6317,-16.6987,-2.4158,0.695,-12.65,0,Run,0,9,Drive,-80.1518,-83.4586,-2.6132,0.7778,-12.1288,0.2743,0,0,Backhand prepare 1.00,0,9,2.4981,-86.9008,0,0,Perfect,,-2.3358,-12.35,1.95,11.2,0,0.0087,1.7988,0.5743,0,0
1006,PlayerServeHold,None,1,-0.005,52,-4.4267,2.6326,-16.6986,-2.4204,0.695,-12.65,0,Run,0,9,Drive,-78.997,-82.9706,-2.6292,0.7812,-12.1374,0.2915,0,0,Backhand prepare 1.00,0,9,2.4981,-86.9008,0,0,Perfect,,-2.3404,-12.35,1.95,11.2,0,0.0087,1.6654,0.6118,0,0
1007,PlayerServeHold,None,1,-0.005,52,-4.4343,2.6334,-16.6986,-2.4224,0.695,-12.65,0,Run,0,9,Drive,-77.7606,-82.4483,-2.6401,0.7838,-12.1471,0.3021,0,0,Backhand prepare 1.00,0,9,2.4981,-86.9008,0,0,Perfect,,-2.3424,-12.35,1.95,11.2,0,0.0088,1.8106,0.656,0,0
1008,PlayerServeHold,None,1,-0.005,52,-4.4415,2.6342,-16.6986,-2.4617,0.695,-12.638,0,Run,0,9,Drive,-69.5319,-74.9554,-2.6266,0.7817,-12.1311,1.4792,0,0,Backhand prepare 1.00,0,9,2.4981,-86.9008,0,0,Perfect,,-2.3458,-12.35,1.95,11.2,0,0.0088,1.6777,0.6846,0,0
1009,PlayerServeHold,None,1,-0.005,52,-4.4482,2.635,-16.6986,-2.4973,0.695,-12.6217,0,Run,0,9,Drive,-61.2807,-67.4532,-2.6112,0.7806,-12.1171,1.4832,0,0,Backhand prepare 1.00,0,9,2.4981,-86.9008,0,0,Perfect,,-2.3471,-12.35,1.95,11.2,0,0.0089,1.8288,0.7001,0,0
1010,PlayerServeHold,None,1,-0.005,52,-4.4546,2.6357,-16.6986,-2.5318,0.695,-12.6014,0,Run,0,9,Drive,-53.0534,-59.9265,-2.596,0.7804,-12.0949,1.4842,0,0,Backhand prepare 1.00,0,9,2.4981,-86.9008,0,0,Perfect,,-2.3496,-12.35,1.95,11.2,0,0.0089,1.6983,0.6874,0,0
1011,PlayerServeHold,None,1,-0.005,52,-4.4603,2.6365,-16.6986,-2.5615,0.695,-12.5773,0,Run,0,9,Drive,-44.9348,-52.4151,-2.575,0.7797,-12.0703,0,0,0,Backhand prepare 1.00,0,9,2.4981,-86.9008,0,0,Perfect,,-2.35,-12.35,1.95,11.2,0,0.0087,1.4287,0.6273,0,0
1012,PlayerServeHold,None,1,-0.005,52,-4.4656,2.6372,-16.6987,-2.5876,0.695,-12.5499,0,Serve prepare 0.00,0,9,Drive,-37.344,-46.9568,-2.5618,0.7686,-12.0755,0,0.2083,0.1667,Backhand prepare 1.00,0,9,2.4981,-86.9008,0,0,Perfect,,-2.35,-12.35,1.95,11.2,0,0.0074,1.7969,2.4415,0,0
1013,PlayerServeHold,None,1,-0.005,52,-4.4704,2.6379,-16.6987,-2.6102,0.695,-12.5194,0,Serve prepare 0.00,0,9,Drive,-28.9433,-40.1582,-2.5839,0.8149,-12.0431,0,0.4167,0.3333,Backhand prepare 1.00,0,9,2.4981,-86.9008,0,0,Perfect,,-2.35,-12.35,1.95,11.2,0,0.0057,1.5268,3.5577,0,0
1014,PlayerServeHold,None,1,-0.005,52,-4.4747,2.6386,-16.6988,-2.6289,0.695,-12.4864,0,Serve prepare 0.00,0,9,Drive,-16.198,-31.3995,-2.4881,0.7481,-12.0692,0,0.625,0.5,Backhand prepare 1.00,0,9,2.4981,-86.9008,0,0,Perfect,,-2.35,-12.35,1.95,11.2,0,0.0037,0.9719,5.3926,0,0
1015,PlayerServeHold,None,1,-0.005,52,-4.4787,2.6392,-16.6989,-2.6434,0.695,-12.4514,0,Serve prepare 0.00,0,9,Drive,-2.7271,-21.5162,-2.458,0.744,-12.105,0,0.8333,0.6667,Backhand prepare 1.00,0,9,2.4981,-86.9008,0,0,Perfect,,-2.35,-12.35,1.95,11.2,0,0.0019,0.5836,6.4291,0,0
1016,PlayerServeHold,None,1,-0.005,52,-4.4822,2.6399,-16.699,-2.6536,0.695,-12.4149,0,Serve prepare 0.00,0,9,Drive,12.3463,-10.1448,-2.3851,0.7406,-12.107,0,1,0.8333,Backhand prepare 1.00,0,9,2.4981,-86.9008,0,0,Perfect,,-2.35,-12.35,1.95,11.2,0,0.0005,0.3162,6.5354,0,0
1017,PlayerServeHold,None,1,-0.005,52,-4.4854,2.6405,-16.6991,-2.6593,0.695,-12.3774,0,Serve prepare 0.00,0,9,Drive,28.5978,3.6612,-2.3222,0.7646,-12.1199,0,1,1,Backhand prepare 1.00,0,9,2.4981,-86.9008,0,0,Perfect,,-2.35,-12.35,1.95,11.2,0,-0.0006,0.1359,4.1669,0,0
1018,PlayerServeHold,None,1,-0.005,52,-4.4883,2.6411,-16.6993,-2.6603,0.695,-12.3395,0,Serve prepare 0.00,0,9,Drive,45.0158,18.1511,-2.2579,0.7741,-12.1671,0,1,1,Backhand prepare 1.00,0,9,2.4981,-86.9008,0,0,Perfect,,-2.35,-12.35,1.95,11.2,0,-0.0012,0.0179,2.0823,0,0
1019,PlayerServeHold,None,1,-0.005,52,-4.4908,2.6417,-16.6994,-2.6567,0.695,-12.3018,0,Serve prepare 0.00,0,9,Drive,61.9001,33.1028,-2.2061,0.7793,-12.2313,0,1,1,Backhand prepare 1.00,0,9,2.4981,-86.9008,0,0,Perfect,,-2.35,-12.35,1.95,11.2,0,-0.0015,0,1.3988,0,0
1020,PlayerServeHold,None,1,-0.005,52,-4.4931,2.6422,-16.6996,-2.1954,0.875,-11.9843,0,Serve prepare 0.00,0,9,Drive,77.9137,47.324,-2.1737,0.7795,-12.3048,0,1,1,Backhand prepare 1.00,0,9,2.4981,-86.9008,0,0,Perfect,,-2.35,-12.35,1.95,11.2,0,-0.0015,0,2.0093,0,0
1021,PlayerServeHold,None,1,-0.005,52,-4.4951,2.6427,-16.6998,-2.2083,0.875,-11.9792,0,Serve prepare 0.00,0,9,Drive,87.4251,55.1003,-2.1558,0.7739,-12.3615,0,1,1,Backhand prepare 1.00,0,9,2.4981,-86.9008,0,0,Perfect,,-2.35,-12.35,1.95,11.2,0,-0.0013,0,2.4177,0,0
1022,PlayerServeHold,None,1,-0.005,52,-4.4969,2.6433,-16.7,-2.2213,0.875,-11.9745,0,Serve prepare 0.00,0,9,Drive,94.787,60.978,-2.1399,0.7645,-12.4091,0,1,1,Backhand prepare 1.00,0,9,2.4981,-86.9008,0,0,Perfect,,-2.35,-12.35,1.95,11.2,0,-0.001,0,2.4441,0,0
1023,PlayerServeHold,None,1,-0.005,52,-4.4984,2.6437,-16.7002,-2.2345,0.875,-11.9702,0,Serve prepare 0.00,0,9,Drive,99.6913,64.8026,-2.1273,0.7572,-12.4426,0,1,1,Backhand prepare 1.00,0,9,2.4981,-86.9008,0,0,Perfect,,-2.35,-12.35,1.95,11.2,0,-0.0007,0,2.1854,0,0
1024,PlayerServeHold,None,1,-0.005,52,-4.4997,2.6442,-16.7004,-2.2478,0.8644,-11.9664,0,Serve prepare 0.00,0,9,Drive,102.4951,66.8472,-2.1172,0.7524,-12.4627,0,1,1,Backhand prepare 1.00,0,9,2.4981,-86.9008,0,0,Perfect,,-2.35,-12.35,1.95,11.2,0,-0.0004,0,1.7404,0,0
1025,PlayerServeHold,None,1,-0.005,52,-4.5008,2.6446,-16.7006,-2.2613,0.8533,-11.9631,0,Serve prepare 0.00,0,9,Drive,103.7248,67.5433,-2.1078,0.7497,-12.4733,0,1,1,Backhand prepare 1.00,0,9,2.4981,-86.9008,0,0,Perfect,,-2.35,-12.35,1.95,11.2,0,-0.0001,0,1.2291,0,0
1026,PlayerServeHold,None,1,-0.005,52,-4.5018,2.6451,-16.7009,-2.2748,0.8311,-11.9602,0,Serve prepare 0.00,0,9,Drive,103.8441,67.2768,-2.0987,0.7486,-12.4769,0,1,1,Backhand prepare 1.00,0,9,2.4981,-86.9008,0,0,Perfect,,-2.35,-12.35,1.95,11.2,0,0.0001,0,0.7833,0,0
1027,PlayerServeHold,None,1,-0.005,52,-4.5026,2.6454,-16.7012,-2.2885,0.82,-11.9578,0,Serve prepare 0.00,0,9,Drive,103.1999,66.3458,-2.0903,0.7484,-12.4755,0,1,1,Backhand prepare 1.00,0,9,2.4981,-86.9008,0,0,Perfect,,-2.35,-12.35,1.95,11.2,0,0.0002,0,0.5733,0,0
1028,PlayerServeHold,None,1,-0.005,52,-4.5032,2.6458,-16.7015,-2.3022,0.7978,-11.9559,0,Serve prepare 0.00,0,9,Drive,102.0454,64.967,-2.0827,0.7472,-12.4706,0.1968,1,1,Backhand prepare 1.00,0,9,2.4981,-86.9008,0,0,Perfect,,-2.35,-12.35,1.95,11.2,0,0.0002,0,0.6501,0,0
1029,PlayerServeHold,None,1,-0.005,52,-4.5036,2.6462,-16.7018,-2.316,0.7729,-11.9545,0,Serve prepare 0.00,0,9,Drive,100.5559,63.2948,-2.0762,0.7485,-12.4632,0.2494,1,1,Backhand prepare 1.00,0,9,2.4981,-86.9008,0,0,Perfect,,-2.35,-12.35,1.95,11.2,0,0.0003,0,0.7913,0,0
1030,PlayerServeHold,None,1,-0.005,52,-4.504,2.6465,-16.7021,-2.3298,0.7122,-11.9535,0,Serve prepare 0.00,0,9,Drive,98.8496,61.4346,-2.0707,0.7494,-12.4543,0,1,1,Backhand prepare 1.00,0,9,2.4981,-86.9008,0,0,Perfect,,-2.35,-12.35,1.95,11.2,0,0.0002,0,0.8722,0,0
1031,PlayerServeHold,None,1,-0.005,52,-4.5042,2.6468,-16.7024,-2.3298,0.6808,-11.9535,0,Serve prepare 0.00,0,9,Drive,99.004,61.4578,-2.0695,0.7501,-12.4541,0,1,1,Backhand prepare 1.00,0,9,2.4981,-86.9008,0,0,Perfect,,-2.35,-12.35,1.95,11.2,0,0.0002,0,0.8695,0,0
1032,PlayerServeHold,None,1,-0.005,52,-4.5043,2.647,-16.7028,-2.3298,0.616,-11.9535,0,Serve prepare 0.00,0,9,Drive,99.0701,61.4118,-2.0686,0.7505,-12.4532,0,1,1,Backhand prepare 1.00,0,9,2.4981,-86.9008,0,0,Perfect,,-2.35,-12.35,1.95,11.2,0,0.0001,0,0.7982,0,0
1033,PlayerServeHold,None,1,-0.005,52,-4.5042,2.6473,-16.7031,-2.3298,0.5826,-11.9535,0,Serve prepare 0.00,0,9,Drive,99.0805,61.3269,-2.0682,0.7506,-12.4522,0,1,1,Backhand prepare 1.00,0,9,2.4981,-86.9008,0,0,Perfect,,-2.35,-12.35,1.95,11.2,0,0.0001,0,0.6749,0,0
1034,PlayerServeHold,None,1,-0.005,52,-4.5041,2.6475,-16.7035,-2.3298,0.5137,-11.9535,0,Serve prepare 0.00,0,9,Drive,99.1377,61.2952,-2.0678,0.7506,-12.4514,0,1,1,Backhand prepare 1.00,0,9,2.4981,-86.9008,0,0,Perfect,,-2.35,-12.35,1.95,11.2,0,0,0,0.5249,0,0
1035,PlayerServeHold,None,1,-0.005,52,-4.5039,2.6477,-16.7039,-2.3298,0.4782,-11.9535,0,Serve prepare 0.00,0,9,Drive,99.0576,61.152,-2.0678,0.7505,-12.4501,0,1,1,Backhand prepare 1.00,0,9,2.4981,-86.9008,0,0,Perfect,,-2.35,-12.35,1.95,11.2,0,0,0,0.3795,0,0
1036,PlayerServeHold,None,1,-0.005,52,-4.5036,2.6479,-16.7043,-2.3298,0.4052,-11.9535,0,Serve prepare 0.00,0,9,Drive,98.9755,61.0169,-2.0677,0.7504,-12.4487,0,1,1,Backhand prepare 1.00,0,9,2.4981,-86.9008,0,0,Perfect,,-2.35,-12.35,1.95,11.2,0,0,0,0.2564,0,0
1037,PlayerServeHold,None,1,-0.005,52,-4.5032,2.6481,-16.7047,-2.3298,0.3677,-11.9535,0,Serve prepare 0.00,0,9,Drive,98.8917,60.8901,-2.0677,0.7504,-12.4475,0,1,1,Backhand prepare 1.00,0,9,2.4981,-86.9008,0,0,Perfect,,-2.35,-12.35,1.95,11.2,0,0,0,0.1679,0,0
1038,PlayerServeHold,None,1,-0.005,52,-4.5027,2.6482,-16.7051,-2.3298,0.2906,-11.9535,0,Serve prepare 0.00,0,9,Drive,98.8062,60.769,-2.0675,0.7504,-12.4462,0,1,1,Backhand prepare 1.00,0,9,2.4981,-86.9008,0,0,Perfect,,-2.35,-12.35,1.95,11.2,0,0,0,0,0,0
1039,PlayerServeHold,None,1,-0.005,52,-4.5021,2.6483,-16.7055,-2.3298,0.2511,-11.9535,0,Serve prepare 0.00,0,9,Drive,98.7191,60.6516,-2.0673,0.7506,-12.445,0,1,1,Backhand prepare 1.00,0,9,2.4981,-86.9008,0,0,Perfect,,-2.35,-12.35,1.95,11.2,0,0,0,0.1725,0,0
1040,PlayerServeHold,None,1,-0.005,52,-4.5015,2.6484,-16.706,-2.3298,0.1699,-11.9535,0,Serve prepare 0.00,0,9,Drive,98.6369,60.5338,-2.0669,0.7508,-12.4438,0,1,1,Backhand prepare 1.00,0,9,2.4981,-86.9008,0,0,Perfect,,-2.35,-12.35,1.95,11.2,0,0,0,0.1856,0,0
1041,PlayerServeHold,None,1,-0.005,52,-4.5008,2.6484,-16.7064,-2.3298,0.1397,-11.9535,0,Serve prepare 0.00,0,9,Drive,98.553,60.4141,-2.0665,0.7511,-12.4427,0,1,1,Backhand prepare 1.00,0,9,2.4981,-86.9008,0,0,Perfect,,-2.35,-12.35,1.95,11.2,0,0,0,0.1978,0,0
1042,PlayerServeHold,None,1,-0.005,52,-4.5001,2.6485,-16.7069,-2.3298,0.1966,-11.9535,0,Serve prepare 0.00,0,9,Drive,98.4675,60.2908,-2.066,0.7514,-12.4415,0,1,1,Backhand prepare 1.00,0,9,2.4981,-86.9008,0,0,Perfect,,-2.35,-12.35,1.95,11.2,0,0,0,0.1897,0,0
1043,PlayerServeHold,None,1,-0.005,52,-4.4993,2.6485,-16.7074,-2.3298,0.2241,-11.9535,0,Serve prepare 0.00,0,9,Drive,98.3809,60.1629,-2.0654,0.7518,-12.4402,0,1,1,Backhand prepare 1.00,0,9,2.4981,-86.9008,0,0,Perfect,,-2.35,-12.35,1.95,11.2,0,0,0,0.1769,0,0
1044,PlayerServeHold,None,1,-0.005,52,-4.4984,2.6485,-16.7079,-2.3298,0.277,-11.9535,0,Serve prepare 0.00,0,9,Drive,98.2933,60.0314,-2.0649,0.7522,-12.439,0,1,1,Backhand prepare 1.00,0,9,2.4981,-86.9008,0,0,Perfect,,-2.35,-12.35,1.95,11.2,0,0,0,0.1725,0,0
1045,PlayerServeHold,None,1,-0.005,52,-4.4975,2.6484,-16.7084,-2.3298,0.3024,-11.9535,0,Serve prepare 0.00,0,9,Drive,98.2049,59.8959,-2.0643,0.7526,-12.4377,0,1,1,Backhand prepare 1.00,0,9,2.4981,-86.9008,0,0,Perfect,,-2.35,-12.35,1.95,11.2,0,0,0,0.1679,0,0
1046,PlayerServeHold,None,1,-0.005,52,-4.4966,2.6484,-16.7089,-2.3298,0.3512,-11.9535,0,Serve prepare 0.00,0,9,Drive,98.1168,59.7571,-2.0637,0.7531,-12.4363,0,1,1,Backhand prepare 1.00,0,9,2.4981,-86.9008,0,0,Perfect,,-2.35,-12.35,1.95,11.2,0,0,0,0.1679,0,0
1047,PlayerServeHold,None,1,-0.005,52,-4.4956,2.6483,-16.7094,-2.3298,0.3746,-11.9535,0,Serve prepare 0.00,0,9,Drive,98.0295,59.6151,-2.063,0.7534,-12.435,0,1,1,Backhand prepare 1.00,0,9,2.4981,-86.9008,0,0,Perfect,,-2.35,-12.35,1.95,11.2,0,0,0,0.1679,0,0
1048,PlayerServeHold,None,1,-0.005,52,-4.4945,2.6482,-16.71,-2.3298,0.4194,-11.9535,0,Serve prepare 0.00,0,9,Drive,97.9397,59.4696,-2.0624,0.7538,-12.4337,0,1,1,Backhand prepare 1.00,0,9,2.4981,-86.9008,0,0,Perfect,,-2.35,-12.35,1.95,11.2,0,0,0,0.1769,0,0
1049,PlayerServeHold,None,1,-0.005,52,-4.4935,2.648,-16.7105,-2.3298,0.4407,-11.9535,0,Serve prepare 0.00,0,9,Drive,97.8493,59.3217,-2.0617,0.7541,-12.4324,0,1,1,Backhand prepare 1.00,0,9,2.4981,-86.9008,0,0,Perfect,,-2.35,-12.35,1.95,11.2,0,0,0,0.1856,0,0
1050,PlayerServeHold,None,1,-0.005,52,-4.4924,2.6479,-16.7111,-2.3298,0.4813,-11.9535,0,Serve prepare 0.00,0,9,Drive,97.7582,59.1719,-2.061,0.7544,-12.431,0,1,1,Backhand prepare 1.00,0,9,2.4981,-86.9008,0,0,Perfect,,-2.35,-12.35,1.95,11.2,0,0,0,0.1813,0,0
1051,PlayerServeHold,None,1,-0.005,52,-4.4912,2.6477,-16.7116,-2.3298,0.5006,-11.9535,0,Serve prepare 0.00,0,9,Drive,97.6667,59.0207,-2.0604,0.7547,-12.4297,0,1,1,Backhand prepare 1.00,0,9,2.4981,-86.9008,0,0,Perfect,,-2.35,-12.35,1.95,11.2,0,0,0,0.1813,0,0
1052,PlayerServeHold,None,1,-0.005,52,-4.4901,2.6475,-16.7122,-2.3298,0.5372,-11.9535,0,Serve prepare 0.00,0,9,Drive,97.5748,58.8688,-2.0597,0.7549,-12.4283,0,1,1,Backhand prepare 1.00,0,9,2.4981,-86.9008,0,0,Perfect,,-2.35,-12.35,1.95,11.2,0,0,0,0.1679,0,0
1053,PlayerServeHold,None,1,-0.005,52,-4.4889,2.6473,-16.7128,-2.3298,0.5544,-11.9535,0,Serve prepare 0.00,0,9,Drive,97.4825,58.7164,-2.0591,0.7551,-12.4269,0,1,1,Backhand prepare 1.00,0,9,2.4981,-86.9008,0,0,Perfect,,-2.35,-12.35,1.95,11.2,0,0,0,0.1769,0,0
1054,PlayerServeHold,None,1,-0.005,52,-4.4877,2.647,-16.7134,-2.3298,0.5869,-11.9535,0,Serve prepare 0.00,0,9,Drive,97.3873,58.5632,-2.0584,0.7554,-12.4256,0,1,1,Backhand prepare 1.00,0,9,2.4981,-86.9008,0,0,Perfect,,-2.35,-12.35,1.95,11.2,0,0,0,0.1725,0,0
1055,PlayerServeHold,None,1,-0.005,52,-4.4864,2.6468,-16.714,-2.3298,0.6021,-11.9535,0,Serve prepare 0.00,0,9,Drive,97.2921,58.4098,-2.0578,0.7556,-12.4242,0,1,1,Backhand prepare 1.00,0,9,2.4981,-86.9008,0,0,Perfect,,-2.35,-12.35,1.95,11.2,0,0,0,0.1725,0,0
1056,PlayerServeHold,None,1,-0.005,52,-4.4852,2.6465,-16.7146,-2.3298,0.6305,-11.9535,0,Serve prepare 0.00,0,9,Drive,97.1972,58.2573,-2.0572,0.7558,-12.4228,0,1,1,Backhand prepare 1.00,0,9,2.4981,-86.9008,0,0,Perfect,,-2.35,-12.35,1.95,11.2,0,0,0,0.1679,0,0
1057,PlayerServeHold,None,1,-0.005,52,-4.4839,2.6462,-16.7152,-2.3298,0.6436,-11.9535,0,Serve prepare 0.00,0,9,Drive,97.1025,58.1061,-2.0677,0.7441,-12.4342,0,1,1,Backhand prepare 1.00,0,9,2.4981,-86.9008,0,0,Perfect,,-2.35,-12.35,1.95,11.2,0,0,0,0.1725,0,0
1058,PlayerServeHold,None,1,-0.005,52,-4.4826,2.6458,-16.7158,-2.3298,0.6679,-11.9535,0,Serve prepare 0.00,0,9,Drive,97.0084,57.9559,-2.0672,0.7444,-12.4329,0,1,1,Backhand prepare 1.00,0,9,2.4981,-86.9008,0,0,Perfect,,-2.35,-12.35,1.95,11.2,0,0,0,0.1679,0,0
1059,PlayerServeHold,None,1,-0.005,52,-4.4813,2.6455,-16.7164,-2.3298,0.679,-11.9535,0,Serve prepare 0.00,0,9,Drive,96.9146,57.807,-2.0667,0.7447,-12.4315,0,1,1,Backhand prepare 1.00,0,9,2.4981,-86.9008,0,0,Perfect,,-2.35,-12.35,1.95,11.2,0,0,0,0.1679,0,0
1060,PlayerServeHold,None,1,-0.005,52,-4.4799,2.6451,-16.717,-2.3298,0.6992,-11.9535,0,Serve prepare 0.00,0,9,Drive,96.8176,57.6591,-2.0662,0.745,-12.4301,0,1,1,Backhand prepare 1.00,0,9,2.4981,-86.9008,0,0,Perfect,,-2.35,-12.35,1.95,11.2,0,0,0,0.1679,0,0
1061,PlayerServeHold,None,1,-0.005,52,-4.4786,2.6447,-16.7177,-2.3298,0.7083,-11.9535,0,Serve prepare 0.00,0,9,Drive,96.7215,57.5124,-2.0659,0.7454,-12.4287,0,1,1,Backhand prepare 1.00,0,9,2.4981,-86.9008,0,0,Perfect,,-2.35,-12.35,1.95,11.2,0,0,0,0.1631,0,0
1062,PlayerServeHold,None,1,-0.005,52,-4.4772,2.6443,-16.7183,-2.3298,0.7244,-11.9535,0,Serve prepare 0.00,0,9,Drive,96.626,57.3688,-2.0655,0.7457,-12.4273,0,1,1,Backhand prepare 1.00,0,9,2.4981,-86.9008,0,0,Perfect,,-2.35,-12.35,1.95,11.2,0,0,0,0.1631,0,0
1063,PlayerServeHold,None,1,-0.005,52,-4.4759,2.6439,-16.719,-2.3298,0.7315,-11.9535,0,Serve prepare 0.00,0,9,Drive,96.5313,57.2281,-2.0652,0.7461,-12.4259,0,1,1,Backhand prepare 1.00,0,9,2.4981,-86.9008,0,0,Perfect,,-2.35,-12.35,1.95,11.2,0,0,0,0.1631,0,0
1064,PlayerServeHold,None,1,-0.005,52,-4.4745,2.6434,-16.7196,-2.3298,0.7435,-11.9535,0,Serve prepare 0.00,0,9,Drive,96.4374,57.0906,-2.065,0.7466,-12.4246,0,1,1,Backhand prepare 1.00,0,9,2.4981,-86.9008,0,0,Perfect,,-2.35,-12.35,1.95,11.2,0,0,0,0,0,0
1065,PlayerServeHold,None,1,-0.005,52,-4.4731,2.6429,-16.7203,-2.3298,0.7485,-11.9535,0,Serve prepare 0.00,0,9,Drive,96.3437,56.956,-2.0647,0.747,-12.4232,0,1,1,Backhand prepare 1.00,0,9,2.4981,-86.9008,0,0,Perfect,,-2.35,-12.35,1.95,11.2,0,0,0,0,0,0
1066,PlayerServeHold,None,1,-0.005,52,-4.4717,2.6424,-16.7209,-2.3298,0.7564,-11.9535,0,Serve prepare 0.00,0,9,Drive,96.2488,56.8238,-2.0645,0.7474,-12.4219,0,1,1,Backhand prepare 1.00,0,9,2.4981,-86.9008,0,0,Perfect,,-2.35,-12.35,1.95,11.2,0,0,0,0,0,0
1067,PlayerServeHold,None,1,-0.005,52,-4.4703,2.6419,-16.7216,-2.3298,0.7594,-11.9535,0,Serve prepare 0.00,0,9,Drive,96.1548,56.694,-2.0642,0.7478,-12.4206,0,1,1,Backhand prepare 1.00,0,9,2.4981,-86.9008,0,0,Perfect,,-2.35,-12.35,1.95,11.2,0,0,0,0,0,0
1068,PlayerServeHold,None,1,-0.005,52,-4.469,2.6414,-16.7222,-2.3298,0.7632,-11.9535,0,Serve prepare 0.00,0,9,Drive,96.0614,56.5682,-2.064,0.7481,-12.4193,0,1,1,Backhand prepare 1.00,0,9,2.4981,-86.9008,0,0,Perfect,,-2.35,-12.35,1.95,11.2,0,0,0,0,0,0
1069,PlayerServeHold,None,1,-0.005,52,-4.4676,2.6408,-16.7229,-2.3298,0.7641,-11.9535,0,Serve prepare 0.00,0,9,Drive,95.9689,56.4458,-2.0637,0.7485,-12.418,0,1,1,Backhand prepare 1.00,0,9,2.4981,-86.9008,0,0,Perfect,,-2.35,-12.35,1.95,11.2,0,0,0,0,0,0
1070,PlayerServeHold,None,1,-0.005,52,-4.4662,2.6402,-16.7236,-2.3298,0.7653,-11.9535,0,Serve prepare 0.00,0,9,Drive,95.8776,56.3266,-2.0634,0.7488,-12.4167,0,1,1,Backhand prepare 1.00,0,9,2.4981,-86.9008,0,0,Perfect,,-2.35,-12.35,1.95,11.2,0,0,0,0,0,0
1071,PlayerServeHold,None,1,-0.005,52,-4.4648,2.6396,-16.7242,-2.3298,0.7675,-11.9535,0,Serve prepare 0.00,0,9,Drive,95.7876,56.2104,-2.063,0.7491,-12.4154,0,1,1,Backhand prepare 1.00,0,9,2.4981,-86.9008,0,0,Perfect,,-2.35,-12.35,1.95,11.2,0,0,0,0,0,0
1072,PlayerServeHold,None,1,-0.005,52,-4.4634,2.639,-16.7249,-2.3298,0.7751,-11.9535,0,Serve prepare 0.00,0,9,Drive,95.6976,56.096,-2.0879,0.7493,-12.4064,0,1,1,Backhand prepare 1.00,0,9,2.4981,-86.9008,0,0,Perfect,,-2.35,-12.35,1.95,11.2,0,0,0,0,0,0
1073,PlayerServeHold,None,1,-0.005,52,-4.462,2.6384,-16.7256,-2.3298,0.7804,-11.9535,0,Serve prepare 0.00,0,9,Drive,95.6089,55.9839,-2.0875,0.7495,-12.4052,0,1,1,Backhand prepare 1.00,0,9,2.4981,-86.9008,0,0,Perfect,,-2.35,-12.35,1.95,11.2,0,0,0,0,0,0
1074,PlayerServeHold,None,1,-0.005,52,-4.4606,2.6377,-16.7262,-2.3298,0.7929,-11.9535,0,Serve prepare 0.00,0,9,Drive,95.5217,55.8746,-2.087,0.7497,-12.4041,0,1,1,Backhand prepare 1.00,0,9,2.4981,-86.9008,0,0,Perfect,,-2.35,-12.35,1.95,11.2,0,0,0,0,0,0
1075,PlayerServeHold,None,1,-0.005,52,-4.4592,2.6371,-16.7269,-2.3298,0.7999,-11.9535,0,Serve prepare 0.00,0,9,Drive,95.4358,55.7682,-2.0865,0.7499,-12.4029,0,1,1,Backhand prepare 1.00,0,9,2.4981,-86.9008,0,0,Perfect,,-2.35,-12.35,1.95,11.2,0,0,0,0,0,0
1076,PlayerServeHold,None,1,-0.005,52,-4.4578,2.6364,-16.7276,-2.3298,0.8149,-11.9535,0,Serve prepare 0.00,0,9,Drive,95.3512,55.6642,-2.0607,0.7501,-12.4096,0,1,1,Backhand prepare 1.00,0,9,2.4981,-86.9008,0,0,Perfect,,-2.35,-12.35,1.95,11.2,0,0,0,0,0,0
1077,PlayerServeHold,None,1,-0.005,52,-4.4564,2.6357,-16.7282,-2.3298,0.8226,-11.9535,0,Serve prepare 0.00,0,9,Drive,95.2697,55.562,-2.0602,0.7502,-12.4085,0,1,1,Backhand prepare 1.00,0,9,2.4981,-86.9008,0,0,Perfect,,-2.35,-12.35,1.95,11.2,0,0,0,0,0,0
1078,PlayerServeHold,None,1,-0.005,52,-4.455,2.635,-16.7289,-2.3298,0.8376,-11.9535,0,Serve prepare 0.00,0,9,Drive,95.1898,55.4613,-2.0597,0.7503,-12.4074,0,1,1,Backhand prepare 1.00,0,9,2.4981,-86.9008,0,0,Perfect,,-2.35,-12.35,1.95,11.2,0,0,0,0,0,0
1079,PlayerServeHold,None,1,-0.005,52,-4.4537,2.6342,-16.7296,-2.3298,0.8448,-11.9535,0,Serve prepare 0.00,0,9,Drive,95.1112,55.3619,-2.0592,0.7505,-12.4064,0,1,1,Backhand prepare 1.00,0,9,2.4981,-86.9008,0,0,Perfect,,-2.35,-12.35,1.95,11.2,0,0,0,0,0,0
1080,PlayerServeHold,None,1,-0.005,52,-4.4523,2.6335,-16.7303,-2.3298,0.8576,-11.9535,0,Serve prepare 0.00,0,9,Drive,95.034,55.2637,-2.0587,0.7506,-12.4054,0,1,1,Backhand prepare 1.00,0,9,2.4981,-86.9008,0,0,Perfect,,-2.35,-12.35,1.95,11.2,0,0,0,0,0,0
1081,PlayerServeHold,None,1,-0.005,52,-4.451,2.6327,-16.7309,-2.3298,0.863,-11.9535,0,Serve prepare 0.00,0,9,Drive,94.958,55.1682,-2.0582,0.7507,-12.4044,0,1,1,Backhand prepare 1.00,0,9,2.4981,-86.9008,0,0,Perfect,,-2.35,-12.35,1.95,11.2,0,0,0,0,0,0
1082,PlayerServeHold,None,1,-0.005,52,-4.4496,2.632,-16.7316,-2.3298,0.8711,-11.9535,0,Serve prepare 0.00,0,9,Drive,94.8833,55.0751,-2.0578,0.7508,-12.4034,0,1,1,Backhand prepare 1.00,0,9,2.4981,-86.9008,0,0,Perfect,,-2.35,-12.35,1.95,11.2,0,0,0,0,0,0
1083,PlayerServeHold,None,1,-0.005,52,-4.4483,2.6312,-16.7323,-2.3298,0.8736,-11.9535,0,Serve prepare 0.00,0,9,Drive,94.81,54.9846,-2.0574,0.751,-12.4024,0,1,1,Backhand prepare 1.00,0,9,2.4981,-86.9008,0,0,Perfect,,-2.35,-12.35,1.95,11.2,0,0,0,0,0,0
1084,PlayerServeHold,None,1,-0.005,52,-4.4469,2.6304,-16.7329,-2.3298,0.8686,-11.9535,0,Serve prepare 0.00,0,9,Drive,94.7399,54.8961,-2.057,0.7511,-12.4015,0,1,1,Backhand prepare 1.00,0,9,2.4981,-86.9008,0,0,Perfect,,-2.35,-12.35,1.95,11.2,0,0,0,0,0,0
1085,PlayerServeHold,None,1,-0.005,52,-4.4456,2.6296,-16.7336,-2.3298,0.8575,-11.9535,0,Serve prepare 0.00,0,9,Drive,94.6723,54.8097,-2.0566,0.7513,-12.4006,0,1,1,Backhand prepare 1.00,0,9,2.4981,-86.9008,0,0,Perfect,,-2.35,-12.35,1.95,11.2,0,0,0,0,0,0
1086,PlayerServeHold,None,1,-0.005,52,-4.4443,2.6287,-16.7342,-2.3298,0.8353,-11.9535,0,Serve prepare 0.00,0,9,Drive,94.6075,54.7253,-2.0562,0.7514,-12.3998,0,1,1,Backhand prepare 1.00,0,9,2.4981,-86.9008,0,0,Perfect,,-2.35,-12.35,1.95,11.2,0,0,0,0,0,0
1087,PlayerServeHold,None,1,-0.005,52,-4.443,2.6279,-16.7349,-2.3298,0.8242,-11.9535,0,Serve prepare 0.00,0,9,Drive,94.5443,54.643,-2.0559,0.7515,-12.3989,0,1,1,Backhand prepare 1.00,0,9,2.4981,-86.9008,0,0,Perfect,,-2.35,-12.35,1.95,11.2,0,0,0,0,0,0
1088,PlayerServeHold,None,1,-0.005,52,-4.4418,2.627,-16.7355,-2.3298,0.8019,-11.9535,0,Serve prepare 0.00,0,9,Drive,94.4827,54.5631,-2.0555,0.7517,-12.3982,0,1,1,Backhand prepare 1.00,0,9,2.4981,-86.9008,0,0,Perfect,,-2.35,-12.35,1.95,11.2,0,0,0,0,0,0
1089,PlayerServeHold,None,1,-0.005,52,-4.4405,2.6262,-16.7362,-2.3298,0.784,-11.9535,0,Serve prepare 0.00,0,9,Drive,94.4228,54.4873,-2.0552,0.7518,-12.3974,0,1,1,Backhand prepare 1.00,0,9,2.4981,-86.9008,0,0,Perfect,,-2.35,-12.35,1.95,11.2,0,0,0,0,0,0
1090,PlayerServeHold,None,1,-0.005,52,-4.4392,2.6253,-16.7368,-2.3298,0.7238,-11.9535,0,Serve prepare 0.00,0,9,Drive,94.3647,54.415,-2.0549,0.752,-12.3966,0,1,1,Backhand prepare 1.00,0,9,2.4981,-86.9008,0,0,Perfect,,-2.35,-12.35,1.95,11.2,0,0,0,0,0,0
1091,PlayerServeHold,None,1,-0.005,52,-4.438,2.6244,-16.7375,-2.3298,0.6927,-11.9535,0,Serve prepare 0.00,0,9,Drive,94.3085,54.3463,-2.0546,0.7521,-12.3959,0,1,1,Backhand prepare 1.00,0,9,2.4981,-86.9008,0,0,Perfect,,-2.35,-12.35,1.95,11.2,0,0,0,0,0,0
1092,PlayerServeHold,None,1,-0.005,52,-4.4368,2.6235,-16.7381,-2.3298,0.6284,-11.9535,0,Serve prepare 0.00,0,9,Drive,94.2552,54.2811,-2.0544,0.7522,-12.3953,0,1,1,Backhand prepare 1.00,0,9,2.4981,-86.9008,0,0,Perfect,,-2.35,-12.35,1.95,11.2,0,0,0,0.1631,0,0
1093,PlayerServeHold,None,1,-0.005,52,-4.4356,2.6226,-16.7387,-2.3298,0.5952,-11.9535,0,Serve prepare 0.00,0,9,Drive,94.2054,54.219,-2.0541,0.7524,-12.3946,0,1,1,Backhand prepare 1.00,0,9,2.4981,-86.9008,0,0,Perfect,,-2.35,-12.35,1.95,11.2,0,0,0,0,0,0
1094,PlayerServeHold,None,1,-0.005,52,-4.4344,2.6217,-16.7394,-2.3298,0.5268,-11.9535,0,Serve prepare 0.00,0,9,Drive,94.1579,54.1598,-2.0539,0.7525,-12.394,0,1,1,Backhand prepare 1.00,0,9,2.4981,-86.9008,0,0,Perfect,,-2.35,-12.35,1.95,11.2,0,0,0,0.1631,0,0
1095,PlayerServeHold,None,1,-0.005,52,-4.4332,2.6208,-16.74,-2.3298,0.4916,-11.9535,0,Serve prepare 0.00,0,9,Drive,94.1127,54.103,-2.0536,0.7526,-12.3935,0,1,1,Backhand prepare 1.00,0,9,2.4981,-86.9008,0,0,Perfect,,-2.35,-12.35,1.95,11.2,0,0,0,0.1631,0,0
1096,PlayerServeHold,None,1,-0.005,52,-4.4321,2.6198,-16.7406,-2.3298,0.4191,-11.9535,0,Serve prepare 0.00,0,9,Drive,94.0696,54.0486,-2.0534,0.7527,-12.3929,0,1,1,Backhand prepare 1.00,0,9,2.4981,-86.9008,0,0,Perfect,,-2.35,-12.35,1.95,11.2,0,0,0,0,0,0
1097,PlayerServeHold,None,1,-0.005,52,-4.4309,2.6189,-16.7412,-2.3298,0.3819,-11.9535,0,Serve prepare 0.00,0,9,Drive,94.0285,53.9964,-2.0532,0.7528,-12.3924,0,1,1,Backhand prepare 1.00,0,9,2.4981,-86.9008,0,0,Perfect,,-2.35,-12.35,1.95,11.2,0,0,0,0,0,0
1098,PlayerServeHold,None,1,-0.005,52,-4.4298,2.618,-16.7418,-2.3298,0.3053,-11.9535,0,Serve prepare 0.00,0,9,Drive,93.9896,53.9463,-2.053,0.7528,-12.3919,0,1,1,Backhand prepare 1.00,0,9,2.4981,-86.9008,0,0,Perfect,,-2.35,-12.35,1.95,11.2,0,0,0,0,0,0
1099,PlayerServeHold,None,1,-0.005,52,-4.4287,2.617,-16.7424,-2.3298,0.266,-11.9535,0,Serve prepare 0.00,0,9,Drive,93.9527,53.8989,-2.0528,0.7529,-12.3914,0,1,1,Backhand prepare 1.00,0,9,2.4981,-86.9008,0,0,Perfect,,-2.35,-12.35,1.95,11.2,0,0,0,0,0,0
1100,PlayerServeHold,None,1,-0.005,52,-4.4276,2.616,-16.743,-2.3298,0.1854,-11.9535,0,Serve prepare 0.00,0,9,Drive,93.9181,53.8543,-2.0526,0.753,-12.391,0,1,1,Backhand prepare 1.00,0,9,2.4981,-86.9008,0,0,Perfect,,-2.35,-12.35,1.95,11.2,0,0,0,0,0,0
1101,PlayerServeHold,None,1,-0.005,52,-4.4266,2.6151,-16.7436,-2.3298,0.144,-11.9535,0,Serve prepare 0.00,0,9,Drive,93.8857,53.8126,-2.0524,0.7531,-12.3906,0,1,1,Backhand prepare 1.00,0,9,2.4981,-86.9008,0,0,Perfect,,-2.35,-12.35,1.95,11.2,0,0,0,0,0,0
1102,PlayerServeHold,None,1,-0.005,52,-4.4255,2.6141,-16.7442,-2.3298,0.1861,-11.9535,0,Serve prepare 0.00,0,9,Drive,93.8555,53.7739,-2.0523,0.7531,-12.3902,0,1,1,Backhand prepare 1.00,0,9,2.4981,-86.9008,0,0,Perfect,,-2.35,-12.35,1.95,11.2,0,0,0,0,0,0
1103,PlayerServeHold,None,1,-0.005,52,-4.4245,2.6131,-16.7448,-2.3298,0.2139,-11.9535,0,Serve prepare 0.00,0,9,Drive,93.8276,53.74,-2.0521,0.7532,-12.3898,0,1,1,Backhand prepare 1.00,0,9,2.4981,-86.9008,0,0,Perfect,,-2.35,-12.35,1.95,11.2,0,0,0,0,0,0
1104,PlayerServeHold,None,1,-0.005,52,-4.4235,2.6121,-16.7453,-2.3298,0.2673,-11.9535,0,Serve prepare 0.00,0,9,Drive,93.8019,53.7101,-2.052,0.7533,-12.3895,0,1,1,Backhand prepare 1.00,0,9,2.4981,-86.9008,0,0,Perfect,,-2.35,-12.35,1.95,11.2,0,0,0,0,0,0
1105,PlayerServeHold,None,1,-0.005,52,-4.4225,2.6111,-16.7459,-2.3298,0.293,-11.9535,0,Serve prepare 0.00,0,9,Drive,93.7786,53.684,-2.0519,0.7533,-12.3893,0,1,1,Backhand prepare 1.00,0,9,2.4981,-86.9008,0,0,Perfect,,-2.35,-12.35,1.95,11.2,0,0,0,0,0,0
1106,PlayerServeHold,None,1,-0.005,52,-4.4215,2.6101,-16.7464,-2.3298,0.3423,-11.9535,0,Serve prepare 0.00,0,9,Drive,93.7581,53.6592,-2.0517,0.7534,-12.389,0,1,1,Backhand prepare 1.00,0,9,2.4981,-86.9008,0,0,Perfect,,-2.35,-12.35,1.95,11.2,0,0,0,0,0,0
1107,PlayerServeHold,None,1,-0.005,52,-4.4206,2.6091,-16.747,-2.3298,0.3659,-11.9535,0,Serve prepare 0.00,0,9,Drive,93.7399,53.6359,-2.0517,0.7534,-12.3888,0,1,1,Backhand prepare 1.00,0,9,2.4981,-86.9008,0,0,Perfect,,-2.35,-12.35,1.95,11.2,0,0,0,0,0,0
1108,PlayerServeHold,None,1,-0.005,52,-4.4196,2.6081,-16.7475,-2.3298,0.4112,-11.9535,0,Serve prepare 0.00,0,9,Drive,93.7241,53.6144,-2.0516,0.7534,-12.3885,0,1,1,Backhand prepare 1.00,0,9,2.4981,-86.9008,0,0,Perfect,,-2.35,-12.35,1.95,11.2,0,0,0,0,0,0
1109,PlayerServeHold,None,1,-0.005,52,-4.4187,2.6071,-16.7481,-2.3298,0.4328,-11.9535,0,Serve prepare 0.00,0,9,Drive,93.7105,53.5967,-2.0515,0.7534,-12.3884,0,1,1,Backhand prepare 1.00,0,9,2.4981,-86.9008,0,0,Perfect,,-2.35,-12.35,1.95,11.2,0,0,0,0,0,0
1110,PlayerServeHold,None,1,-0.005,52,-4.4179,2.6061,-16.7486,-2.3298,0.4739,-11.9535,0,Serve prepare 0.00,0,9,Drive,93.6993,53.5824,-2.0515,0.7535,-12.3882,0,1,1,Backhand prepare 1.00,0,9,2.4981,-86.9008,0,0,Perfect,,-2.35,-12.35,1.95,11.2,0,0,0,0,0,0
1111,PlayerServeHold,None,1,-0.005,52,-4.417,2.6051,-16.7491,-2.3298,0.4935,-11.9535,0,Serve prepare 0.00,0,9,Drive,93.6904,53.5713,-2.0514,0.7535,-12.3881,0,1,1,Backhand prepare 1.00,0,9,2.4981,-86.9008,0,0,Perfect,,-2.35,-12.35,1.95,11.2,0,0,0,0,0,0
1112,PlayerServeHold,None,1,-0.005,52,-4.4162,2.6041,-16.7496,-2.3298,0.5305,-11.9535,0,Serve prepare 0.00,0,9,Drive,93.6838,53.5631,-2.0514,0.7535,-12.388,0,1,1,Backhand prepare 1.00,0,9,2.4981,-86.9008,0,0,Perfect,,-2.35,-12.35,1.95,11.2,0,0,0,0,0,0
1113,PlayerServeHold,None,1,-0.005,52,-4.4153,2.6031,-16.7501,-2.3298,0.548,-11.9535,0,Serve prepare 0.00,0,9,Drive,93.6795,53.5576,-2.0514,0.7535,-12.388,0,1,1,Backhand prepare 1.00,0,9,2.4981,-86.9008,0,0,Perfect,,-2.35,-12.35,1.95,11.2,0,0,0,0,0,0
1114,PlayerServeHold,None,1,-0.005,52,-4.4146,2.6021,-16.7506,-2.3298,0.581,-11.9535,0,Serve prepare 0.00,0,9,Drive,93.6776,53.5547,-2.0514,0.7535,-12.3879,0,1,1,Backhand prepare 1.00,0,9,2.4981,-86.9008,0,0,Perfect,,-2.35,-12.35,1.95,11.2,0,0,0,0,0,0
1115,PlayerServeHold,None,1,-0.005,52,-4.4138,2.6011,-16.7511,-2.3298,0.5965,-11.9535,0,Serve prepare 0.00,0,9,Drive,93.678,53.5544,-2.0514,0.7535,-12.3879,0,1,1,Backhand prepare 1.00,0,9,2.4981,-86.9008,0,0,Perfect,,-2.35,-12.35,1.95,11.2,0,0,0,0,0,0
1116,PlayerServeHold,None,1,-0.005,52,-4.413,2.6,-16.7515,-2.3298,0.6253,-11.9535,0,Serve prepare 0.00,0,9,Drive,93.6808,53.5565,-2.0514,0.7535,-12.388,0,1,1,Backhand prepare 1.00,0,9,2.4981,-86.9008,0,0,Perfect,,-2.35,-12.35,1.95,11.2,0,0,0,0,0,0
1117,PlayerServeHold,None,1,-0.005,52,-4.4123,2.599,-16.752,-2.3298,0.6388,-11.9535,0,Serve prepare 0.00,0,9,Drive,93.6859,53.5611,-2.0514,0.7535,-12.388,0,1,1,Backhand prepare 1.00,0,9,2.4981,-86.9008,0,0,Perfect,,-2.35,-12.35,1.95,11.2,0,0,0,0,0,0
1118,PlayerServeHold,None,1,-0.005,52,-4.4116,2.598,-16.7524,-2.3298,0.6636,-11.9535,0,Serve prepare 0.00,0,9,Drive,93.6933,53.568,-2.0515,0.7534,-12.3881,0,1,1,Backhand prepare 1.00,0,9,2.4981,-86.9008,0,0,Perfect,,-2.35,-12.35,1.95,11.2,0,0,0,0,0,0
1119,PlayerServeHold,None,1,-0.005,52,-4.4109,2.597,-16.7529,-2.3298,0.6749,-11.9535,0,Serve prepare 0.00,0,9,Drive,93.703,53.5773,-2.0516,0.7534,-12.3882,0,1,1,Backhand prepare 1.00,0,9,2.4981,-86.9008,0,0,Perfect,,-2.35,-12.35,1.95,11.2,0,0,0,0,0,0
1120,PlayerServeHold,None,1,-0.005,52,-4.4103,2.596,-16.7533,-2.3298,0.6957,-11.9535,0,Serve prepare 0.00,0,9,Drive,93.7151,53.5889,-2.0516,0.7534,-12.3883,0,1,1,Backhand prepare 1.00,0,9,2.4981,-86.9008,0,0,Perfect,,-2.35,-12.35,1.95,11.2,0,0,0,0,0,0
1121,PlayerServeHold,None,1,-0.005,52,-4.4096,2.595,-16.7538,-2.3298,0.705,-11.9535,0,Serve prepare 0.00,0,9,Drive,93.7295,53.6029,-2.0517,0.7533,-12.3885,0,1,1,Backhand prepare 1.00,0,9,2.4981,-86.9008,0,0,Perfect,,-2.35,-12.35,1.95,11.2,0,0,0,0,0,0
1122,PlayerServeHold,None,1,-0.005,52,-4.409,2.594,-16.7542,-2.3298,0.7216,-11.9535,0,Serve prepare 0.00,0,9,Drive,93.7462,53.619,-2.0518,0.7533,-12.3887,0,1,1,Backhand prepare 1.00,0,9,2.4981,-86.9008,0,0,Perfect,,-2.35,-12.35,1.95,11.2,0,0,0,0,0,0
1123,PlayerServeHold,None,1,-0.005,52,-4.4085,2.593,-16.7546,-2.3298,0.7289,-11.9535,0,Serve prepare 0.00,0,9,Drive,93.7651,53.6376,-2.052,0.7532,-12.3889,0,1,1,Backhand prepare 1.00,0,9,2.4981,-86.9008,0,0,Perfect,,-2.35,-12.35,1.95,11.2,0,0,0,0,0,0
1124,PlayerServeHold,None,1,-0.005,52,-4.4079,2.5919,-16.755,-2.3298,0.7414,-11.9535,0,Serve prepare 0.00,0,9,Drive,93.7866,53.6607,-2.0521,0.7532,-12.3891,0,1,1,Backhand prepare 1.00,0,9,2.4981,-86.9008,0,0,Perfect,,-2.35,-12.35,1.95,11.2,0,0,0,0,0,0
1125,PlayerServeHold,None,1,-0.005,52,-4.4074,2.5909,-16.7554,-2.3298,0.7467,-11.9535,0,Serve prepare 0.00,0,9,Drive,93.8108,53.6883,-2.0522,0.7531,-12.3894,0,1,1,Backhand prepare 1.00,0,9,2.4981,-86.9008,0,0,Perfect,,-2.35,-12.35,1.95,11.2,0,0,0,0,0,0
1126,PlayerServeHold,None,1,-0.005,52,-4.4068,2.5899,-16.7557,-2.3298,0.7551,-11.9535,0,Serve prepare 0.00,0,9,Drive,93.8372,53.72,-2.0524,0.7531,-12.3897,0,1,1,Backhand prepare 1.00,0,9,2.4981,-86.9008,0,0,Perfect,,-2.35,-12.35,1.95,11.2,0,0,0,0,0,0
1127,PlayerServeHold,None,1,-0.005,52,-4.4064,2.5889,-16.7561,-2.3298,0.7583,-11.9535,0,Serve prepare 0.00,0,9,Drive,93.866,53.7554,-2.0525,0.753,-12.3901,0,1,1,Backhand prepare 1.00,0,9,2.4981,-86.9008,0,0,Perfect,,-2.35,-12.35,1.95,11.2,0,0,0,0,0,0
1128,PlayerServeHold,None,1,-0.005,52,-4.4059,2.5879,-16.7565,-2.3298,0.7627,-11.9535,0,Serve prepare 0.00,0,9,Drive,93.897,53.794,-2.0527,0.7529,-12.3905,0,1,1,Backhand prepare 1.00,0,9,2.4981,-86.9008,0,0,Perfect,,-2.35,-12.35,1.95,11.2,0,0,0,0,0,0
1129,PlayerServeHold,None,1,-0.005,52,-4.4055,2.587,-16.7568,-2.3298,0.7638,-11.9535,0,Serve prepare 0.00,0,9,Drive,93.9302,53.8355,-2.0528,0.7529,-12.3909,0,1,1,Backhand prepare 1.00,0,9,2.4981,-86.9008,0,0,Perfect,,-2.35,-12.35,1.95,11.2,0,0,0,0,0,0
1130,PlayerServeHold,None,1,-0.005,52,-4.405,2.586,-16.7571,-2.3298,0.7648,-11.9535,0,Serve prepare 0.00,0,9,Drive,93.9656,53.8796,-2.053,0.7528,-12.3914,0,1,1,Backhand prepare 1.00,0,9,2.4981,-86.9008,0,0,Perfect,,-2.35,-12.35,1.95,11.2,0,0,0,0,0,0
1131,PlayerServeHold,None,1,-0.005,52,-4.4047,2.585,-16.7575,-2.3298,0.7665,-11.9535,0,Serve prepare 0.00,0,9,Drive,94.0032,53.9267,-2.0532,0.7527,-12.3918,0,1,1,Backhand prepare 1.00,0,9,2.4981,-86.9008,0,0,Perfect,,-2.35,-12.35,1.95,11.2,0,0,0,0,0,0
1132,PlayerServeHold,None,1,-0.005,52,-4.4043,2.584,-16.7578,-2.3298,0.7734,-11.9535,0,Serve prepare 0.00,0,9,Drive,94.0429,53.9766,-2.0534,0.7526,-12.3923,0,1,1,Backhand prepare 1.00,0,9,2.4981,-86.9008,0,0,Perfect,,-2.35,-12.35,1.95,11.2,0,0,0,0,0,0
1133,PlayerServeHold,None,1,-0.005,52,-4.4039,2.583,-16.7581,-2.3298,0.7783,-11.9535,0,Serve prepare 0.00,0,9,Drive,94.0847,54.0292,-2.0536,0.7525,-12.3928,0,1,1,Backhand prepare 1.00,0,9,2.4981,-86.9008,0,0,Perfect,,-2.35,-12.35,1.95,11.2,0,0,0,0,0,0
1134,PlayerServeHold,None,1,-0.005,52,-4.4036,2.5821,-16.7584,-2.3298,0.7903,-11.9535,0,Serve prepare 0.00,0,9,Drive,94.1285,54.0848,-2.0539,0.7524,-12.3934,0,1,1,Backhand prepare 1.00,0,9,2.4981,-86.9008,0,0,Perfect,,-2.35,-12.35,1.95,11.2,0,0,0,0,0,0
1135,PlayerServeHold,None,1,-0.005,52,-4.4033,2.5811,-16.7587,-2.3298,0.7972,-11.9535,0,Serve prepare 0.00,0,9,Drive,94.1744,54.143,-2.0541,0.7523,-12.394,0,1,1,Backhand prepare 1.00,0,9,2.4981,-86.9008,0,0,Perfect,,-2.35,-12.35,1.95,11.2,0,0,0,0,0,0
1136,PlayerServeHold,None,1,-0.005,52,-4.4031,2.5801,-16.759,-2.3298,0.812,-11.9535,0,Serve prepare 0.00,0,9,Drive,94.2229,54.2037,-2.0544,0.7522,-12.3946,0,1,1,Backhand prepare 1.00,0,9,2.4981,-86.9008,0,0,Perfect,,-2.35,-12.35,1.95,11.2,0,0,0,0,0,0
1137,PlayerServeHold,None,1,-0.005,52,-4.4028,2.5792,-16.7592,-2.3298,0.8197,-11.9535,0,Serve prepare 0.00,0,9,Drive,94.2733,54.267,-2.0547,0.752,-12.3952,0,1,1,Backhand prepare 1.00,0,9,2.4981,-86.9008,0,0,Perfect,,-2.35,-12.35,1.95,11.2,0,0,0,0,0,0
1138,PlayerServeHold,None,1,-0.005,52,-4.4026,2.5782,-16.7595,-2.3298,0.8349,-11.9535,0,Serve prepare 0.00,0,9,Drive,94.3283,54.332,-2.0549,0.7519,-12.3959,0,1,1,Backhand prepare 1.00,0,9,2.4981,-86.9008,0,0,Perfect,,-2.35,-12.35,1.95,11.2,0,0,0,0,0,0
1139,PlayerServeHold,None,1,-0.005,52,-4.4024,2.5773,-16.7597,-2.3298,0.8421,-11.9535,0,Serve prepare 0.00,0,9,Drive,94.3852,54.3988,-2.0552,0.7518,-12.3966,0,1,1,Backhand prepare 1.00,0,9,2.4981,-86.9008,0,0,Perfect,,-2.35,-12.35,1.95,11.2,0,0,0,0,0,0
1140,PlayerServeHold,None,1,-0.005,52,-4.4022,2.5763,-16.76,-2.3298,0.8553,-11.9535,0,Serve prepare 0.00,0,9,Drive,94.4439,54.4674,-2.0556,0.7516,-12.3973,0,1,1,Backhand prepare 1.00,0,9,2.4981,-86.9008,0,0,Perfect,,-2.35,-12.35,1.95,11.2,0,0,0,0,0,0
1141,PlayerServeHold,None,1,-0.005,52,-4.4021,2.5754,-16.7602,-2.3298,0.861,-11.9535,0,Serve prepare 0.00,0,9,Drive,94.5044,54.5383,-2.0559,0.7515,-12.3981,0,1,1,Backhand prepare 1.00,0,9,2.4981,-86.9008,0,0,Perfect,,-2.35,-12.35,1.95,11.2,0,0,0,0,0,0
1142,PlayerServeHold,None,1,-0.005,52,-4.402,2.5744,-16.7604,-2.3298,0.8699,-11.9535,0,Serve prepare 0.00,0,9,Drive,94.5666,54.6128,-2.0562,0.7513,-12.3988,0,1,1,Backhand prepare 1.00,0,9,2.4981,-86.9008,0,0,Perfect,,-2.35,-12.35,1.95,11.2,0,0,0,0,0,0
1143,PlayerServeHold,None,1,-0.005,52,-4.4019,2.5735,-16.7606,-2.3298,0.8728,-11.9535,0,Serve prepare 0.00,0,9,Drive,94.6304,54.6906,-2.0566,0.7512,-12.3996,0,1,1,Backhand prepare 1.00,0,9,2.4981,-86.9008,0,0,Perfect,,-2.35,-12.35,1.95,11.2,0,0,0,0,0,0
1144,PlayerServeHold,None,1,-0.005,52,-4.4018,2.5726,-16.7608,-2.3298,0.875,-11.9535,0,Serve prepare 0.00,0,9,Drive,94.6957,54.772,-2.057,0.7511,-12.4005,0,1,1,Backhand prepare 1.00,0,9,2.4981,-86.9008,0,0,Perfect,,-2.35,-12.35,1.95,11.2,0,0,0,0,0,0
1145,PlayerServeHold,None,1,-0.005,52,-4.4018,2.5717,-16.761,-2.3298,0.875,-11.9535,0,Serve prepare 0.00,0,9,Drive,94.7647,54.8562,-2.0574,0.7509,-12.4014,0,1,1,Backhand prepare 1.00,0,9,2.4981,-86.9008,0,0,Perfect,,-2.35,-12.35,1.95,11.2,0,0,0,0,0,0
1146,PlayerServeHold,None,1,-0.005,52,-4.4017,2.5707,-16.7612,-2.3298,0.875,-11.9535,0,Serve prepare 0.00,0,9,Drive,94.836,54.943,-2.0578,0.7508,-12.4023,0,1,1,Backhand prepare 1.00,0,9,2.4981,-86.9008,0,0,Perfect,,-2.35,-12.35,1.95,11.2,0,0,0,0,0,0
1147,PlayerServeHold,None,1,-0.005,52,-4.4017,2.5698,-16.7614,-2.3298,0.875,-11.9535,0,Serve prepare 0.00,0,9,Drive,94.9097,55.0317,-2.0582,0.7506,-12.4032,0,1,1,Backhand prepare 1.00,0,9,2.4981,-86.9008,0,0,Perfect,,-2.35,-12.35,1.95,11.2,0,0,0,0,0,0
1148,PlayerServeHold,None,1,-0.005,52,-4.4018,2.5689,-16.7615,-2.3298,0.875,-11.9535,0,Serve prepare 0.00,0,9,Drive,94.9849,55.1224,-2.0587,0.7505,-12.4042,0,1,1,Backhand prepare 1.00,0,9,2.4981,-86.9008,0,0,Perfect,,-2.35,-12.35,1.95,11.2,0,0,0,0,0,0
1149,PlayerServeHold,None,1,-0.005,52,-4.4018,2.568,-16.7617,-2.3298,0.875,-11.9535,0,Serve prepare 0.00,0,9,Drive,95.0613,55.2157,-2.0592,0.7504,-12.4052,0,1,1,Backhand prepare 1.00,0,9,2.4981,-86.9008,0,0,Perfect,,-2.35,-12.35,1.95,11.2,0,0,0,0,0,0
1150,PlayerServeHold,None,1,-0.005,52,-4.4019,2.5671,-16.7618,-2.3298,0.875,-11.9535,0,Serve prepare 0.00,0,9,Drive,95.139,55.312,-2.0597,0.7503,-12.4062,0,1,1,Backhand prepare 1.00,0,9,2.4981,-86.9008,0,0,Perfect,,-2.35,-12.35,1.95,11.2,0,0,0,0,0,0
1151,PlayerServeHold,None,1,-0.005,52,-4.402,2.5662,-16.762,-2.3298,0.875,-11.9535,0,Serve prepare 0.00,0,9,Drive,95.218,55.411,-2.0855,0.7501,-12.3996,0,1,1,Backhand prepare 1.00,0,9,2.4981,-86.9008,0,0,Perfect,,-2.35,-12.35,1.95,11.2,0,0,0,0,0,0
1152,PlayerServeHold,None,1,-0.005,52,-4.4021,2.5653,-16.7621,-2.3298,0.875,-11.9535,0,Serve prepare 0.00,0,9,Drive,95.2985,55.5124,-2.086,0.75,-12.4007,0,1,1,Backhand prepare 1.00,0,9,2.4981,-86.9008,0,0,Perfect,,-2.35,-12.35,1.95,11.2,0,0,0,0,0,0
1153,PlayerServeHold,None,1,-0.005,52,-4.4022,2.5644,-16.7622,-2.3298,0.875,-11.9535,0,Serve prepare 0.00,0,9,Drive,95.3811,55.6158,-2.0865,0.7498,-12.4018,0,1,1,Backhand prepare 1.00,0,9,2.4981,-86.9008,0,0,Perfect,,-2.35,-12.35,1.95,11.2,0,0,0,0,0,0
1154,PlayerServeHold,None,1,-0.005,52,-4.4024,2.5635,-16.7623,-2.3298,0.875,-11.9535,0,Serve prepare 0.00,0,9,Drive,95.4662,55.721,-2.087,0.7497,-12.4029,0,1,1,Backhand prepare 1.00,0,9,2.4981,-86.9008,0,0,Perfect,,-2.35,-12.35,1.95,11.2,0,0,0,0,0,0
1155,PlayerServeHold,None,1,-0.005,52,-4.4026,2.5626,-16.7624,-2.3296,0.8754,-11.9536,0,Serve prepare 0.00,0,9,Drive,95.5525,55.8281,-2.0875,0.7495,-12.404,0,1,1,Backhand prepare 1.00,0,9,2.4981,-86.9008,0,0,Perfect,,-2.35,-12.35,1.95,11.2,0,0,0,0,0,0
1156,PlayerServeHold,None,1,-0.005,52,-4.4028,2.5617,-16.7625,-2.3281,0.8782,-11.9545,0,Serve prepare 0.00,0,9,Drive,95.6403,55.9383,-2.088,0.7493,-12.4052,0,1,1,Backhand prepare 1.00,0,9,2.4981,-86.9008,0,0,Perfect,,-2.35,-12.35,1.95,11.2,0,0,0,0,0,0
1157,PlayerServeHold,None,1,-0.005,52,-4.403,2.5609,-16.7626,-2.3261,0.8806,-11.9553,0,Serve prepare 0.01,0,9,Drive,97.9792,58.5477,-2.0654,0.7527,-12.4269,0,1,1,Backhand prepare 1.00,0,9,2.4981,-86.9008,0,0,Perfect,,-2.35,-12.35,1.95,11.2,0,0,0,1.2117,0,0
1158,PlayerServeHold,None,1,-0.005,52,-4.4033,2.56,-16.7627,-2.3222,0.8873,-11.9574,0,Serve prepare 0.02,0,9,Drive,98.5069,59.3732,-2.0683,0.751,-12.4344,0,1,1,Backhand prepare 1.00,0,9,2.4981,-86.9008,0,0,Perfect,,-2.35,-12.35,1.95,11.2,0,0,0,1.2053,0,0
1159,PlayerServeHold,None,1,-0.005,52,-4.4035,2.5591,-16.7627,-2.3192,0.8916,-11.9588,0,Serve prepare 0.03,0,9,Drive,99.6257,60.9487,-2.0747,0.747,-12.4488,0,1,1,Backhand prepare 1.00,0,9,2.4981,-86.9008,0,0,Perfect,,-2.35,-12.35,1.95,11.2,0,0,0,1.3528,0,0
1160,PlayerServeHold,None,1,-0.005,52,-4.4038,2.5582,-16.7628,-2.3135,0.9017,-11.962,0,Serve prepare 0.04,0,9,Drive,100.2037,61.9297,-2.0791,0.7442,-12.4577,0.0154,1,1,Backhand prepare 1.00,0,9,2.4981,-86.9008,0,0,Perfect,,-2.35,-12.35,1.95,11.2,0,0,0,1.165,0,0
1161,PlayerServeHold,None,1,-0.005,52,-4.4042,2.5573,-16.7628,-2.3097,0.9076,-11.9639,0,Serve prepare 0.05,0,9,Drive,101.2997,63.6913,-2.0714,0.7473,-12.4694,0.0258,1,1,Backhand prepare 1.00,0,9,2.4981,-86.9008,0,0,Perfect,,-2.35,-12.35,1.95,11.2,0,0,0,1.2512,0,0
1162,PlayerServeHold,None,1,-0.005,52,-4.4045,2.5564,-16.7629,-2.3024,0.9208,-11.968,0,Serve prepare 0.06,0,9,Drive,101.8477,64.8289,-2.0659,0.7384,-12.4935,0.0114,1,1,Backhand prepare 1.00,0,9,2.4981,-86.9008,0,0,Perfect,,-2.35,-12.35,1.95,11.2,0,0,0,1.0355,0,0
1163,PlayerServeHold,None,1,-0.005,52,-4.4049,2.5555,-16.7629,-2.2979,0.928,-11.9704,0,Serve prepare 0.07,0,9,Drive,103.0159,66.8096,-2.0659,0.7354,-12.5125,0.0233,1,1,Backhand prepare 1.00,0,9,2.4981,-86.9008,0,0,Perfect,,-2.35,-12.35,1.95,11.2,0,0,0,1.181,0,0
1164,PlayerServeHold,None,1,-0.005,52,-4.4052,2.5546,-16.7629,-2.2893,0.9437,-11.9753,0,Serve prepare 0.08,0,9,Drive,103.6817,68.0479,-2.0945,0.7335,-12.507,0.0173,1,1,Backhand prepare 1.00,0,9,2.4981,-86.9008,0,0,Perfect,,-2.35,-12.35,1.95,11.2,0,0,0,0.9074,0,0
1165,PlayerServeHold,None,1,-0.005,52,-4.4057,2.5538,-16.7629,-2.2841,0.9522,-11.9781,0,Serve prepare 0.09,0,9,Drive,105.0969,70.113,-2.1021,0.7322,-12.5226,0.0442,1,1,Backhand prepare 1.00,0,9,2.4981,-86.9008,0,0,Perfect,,-2.35,-12.35,1.95,11.2,0,0,0,0.9329,0,0
1166,PlayerServeHold,None,1,-0.005,52,-4.4061,2.5529,-16.7629,-2.2744,0.97,-11.9838,0,Serve prepare 0.10,0,9,Drive,105.8251,71.3798,-2.0831,0.7313,-12.5468,0.0233,1,1,Backhand prepare 1.00,0,9,2.4981,-86.9008,0,0,Perfect,,-2.35,-12.35,1.95,11.2,0,0,0,0.7078,0,0
1167,PlayerServeHold,None,1,-0.005,52,-4.4065,2.552,-16.7629,-2.2688,0.9794,-11.9869,0,Serve prepare 0.11,0,9,Drive,107.3995,73.4863,-2.0768,0.7403,-12.5541,0.0528,1,1,Backhand prepare 1.00,0,9,2.4981,-86.9008,0,0,Perfect,,-2.35,-12.35,1.95,11.2,0,0,0,0.6039,0,0
1168,PlayerServeHold,None,1,-0.005,52,-4.407,2.551,-16.7629,-2.2583,0.999,-11.9932,0,Serve prepare 0.12,0,9,Drive,108.199,74.7552,-2.0811,0.7379,-12.5638,0.023,1,1,Backhand prepare 1.00,0,9,2.4981,-86.9008,0,0,Perfect,,-2.35,-12.35,1.95,11.2,0,0,0,0.3165,0,0
1169,PlayerServeHold,None,1,-0.005,52,-4.4075,2.5501,-16.7629,-2.2523,1.0091,-11.9966,0,Serve prepare 0.13,0,9,Drive,109.6336,76.9829,-2.0927,0.7327,-12.581,0.0319,1,1,Backhand prepare 1.00,0,9,2.4981,-86.9008,0,0,Perfect,,-2.35,-12.35,1.95,11.2,0,0,0,0.5595,0,0
1170,PlayerServeHold,None,1,-0.005,52,-4.408,2.5492,-16.7629,-2.2411,1.0299,-12.0033,0,Serve prepare 0.14,0,9,Drive,110.3682,78.2974,-2.0963,0.7314,-12.5914,0.0156,1,1,Backhand prepare 1.00,0,9,2.4981,-86.9008,0,0,Perfect,,-2.35,-12.35,1.95,11.2,0,0,0,0.638,0,0
1171,PlayerServeHold,None,1,-0.005,52,-4.4085,2.5483,-16.7629,-2.2349,1.0405,-12.0069,0,Serve prepare 0.15,0,9,Drive,111.8687,80.8866,-2.0947,0.7292,-12.6209,0.026,1,1,Backhand prepare 1.00,0,9,2.4981,-86.9008,0,0,Perfect,,-2.35,-12.35,1.95,11.2,0,0,0,1.0704,0,0
1172,PlayerServeHold,None,1,-0.005,52,-4.4091,2.5474,-16.7628,-2.2233,1.0621,-12.0139,0,Serve prepare 0.16,0,9,Drive,112.6274,82.4879,-2.0925,0.7309,-12.6328,0.0155,1,1,Backhand prepare 1.00,0,9,2.4981,-86.9008,0,0,Perfect,,-2.35,-12.35,1.95,11.2,0,0,0,1.1961,0,0
1173,PlayerServeHold,None,1,-0.005,52,-4.4096,2.5464,-16.7628,-2.217,1.073,-12.0176,0,Serve prepare 0.17,0,9,Drive,114.1407,85.37,-2.0915,0.7522,-12.6058,0.0367,1,1,Backhand prepare 1.00,0,9,2.4981,-86.9008,0,0,Perfect,,-2.35,-12.35,1.95,11.2,0,0,0,1.7579,0,0
1174,PlayerServeHold,None,1,-0.005,52,-4.4102,2.5455,-16.7628,-2.2052,1.095,-12.0248,0,Serve prepare 0.18,0,9,Drive,114.8752,87.2425,-2.0696,0.78,-12.5948,0.0165,1,1,Backhand prepare 1.00,0,9,2.4981,-86.9008,0,0,Perfect,,-2.35,-12.35,1.95,11.2,0,0,0,1.5221,0,0
1175,PlayerServeHold,None,1,-0.005,52,-4.4108,2.5446,-16.7627,-2.1989,1.106,-12.0286,0,Serve prepare 0.19,0,9,Drive,113.7942,90.4845,-2.0778,0.7739,-12.6178,0.1838,1,1,Backhand prepare 1.00,0,9,2.4981,-86.9008,0,0,Perfect,,-2.35,-12.35,1.95,11.2,0,0,0,1.6207,0,0
1176,PlayerServeHold,None,1,-0.005,52,-4.4115,2.5436,-16.7626,-2.1872,1.1279,-12.0358,0,Serve prepare 0.20,0,9,Drive,112.0389,92.4374,-2.0808,0.7695,-12.6341,0.2087,1,1,Backhand prepare 1.00,0,9,2.4981,-86.9008,0,0,Perfect,,-2.35,-12.35,1.95,11.2,0,0,0,1.2461,0,0
1177,PlayerServeHold,None,1,-0.005,52,-4.4121,2.5426,-16.7626,-2.181,1.1387,-12.0396,0,Serve prepare 0.21,0,9,Drive,113.528,95.6012,-2.1077,0.7293,-12.7624,0.0201,1,1,Backhand prepare 1.00,0,9,2.4981,-86.9008,0,0,Perfect,,-2.35,-12.35,1.95,11.2,0,0,0,1.3528,0,0
1178,PlayerServeHold,None,1,-0.005,52,-4.4128,2.5417,-16.7625,-2.1696,1.1601,-12.0467,0,Serve prepare 0.22,0,9,Drive,114.26,97.4945,-2.1153,0.7304,-12.7738,0.0099,1,1,Backhand prepare 1.00,0,9,2.4981,-86.9008,0,0,Perfect,,-2.35,-12.35,1.95,11.2,0,0,0,1.0241,0,0
1179,PlayerServeHold,None,1,-0.005,52,-4.4134,2.5407,-16.7624,-2.1636,1.1706,-12.0504,0,Serve prepare 0.23,0,9,Drive,115.7041,100.5352,-2.1529,0.7205,-12.7634,0.0207,1,1,Backhand prepare 1.00,0,9,2.4981,-86.9008,0,0,Perfect,,-2.35,-12.35,1.95,11.2,0,0,0,1.0972,0,0
1180,PlayerServeHold,None,1,-0.005,52,-4.4141,2.5397,-16.7624,-2.1527,1.191,-12.0573,0,Serve prepare 0.24,0,9,Drive,116.3709,102.2906,-2.1456,0.7302,-12.8005,0.0125,1,1,Backhand prepare 1.00,0,9,2.4981,-86.9008,0,0,Perfect,,-2.35,-12.35,1.95,11.2,0,0,0,0.7933,0,0
1181,PlayerServeHold,None,1,-0.005,52,-4.4148,2.5387,-16.7623,-2.1471,1.2009,-12.0608,0,Serve prepare 0.25,0,9,Drive,117.5483,105.0249,-2.1746,0.7259,-12.7396,0.0282,1,1,Backhand prepare 1.00,0,9,2.4981,-86.9008,0,0,Perfect,,-2.35,-12.35,1.95,11.2,0,0,0,0.9986,0,0
1182,PlayerServeHold,None,1,-0.005,52,-4.4156,2.5377,-16.7622,-2.137,1.22,-12.0673,0,Serve prepare 0.26,0,9,Drive,118.0124,106.5967,-2.166,0.7329,-12.7845,0.01,1,1,Backhand prepare 1.00,0,9,2.4981,-86.9008,0,0,Perfect,,-2.35,-12.35,1.95,11.2,0,0,0,0.874,0,0
1183,PlayerServeHold,None,1,-0.005,52,-4.4163,2.5367,-16.7621,-2.1317,1.229,-12.0706,0,Serve prepare 0.27,0,9,Drive,120.2851,109.363,-2.16,0.7455,-12.7817,0.5127,1,1,Backhand prepare 1.00,0,9,2.4981,-86.9008,0,0,Perfect,,-2.35,-12.35,1.95,11.2,0,0,0,4.6426,0,0
1184,PlayerServeHold,None,1,-0.005,52,-4.4171,2.5357,-16.762,-2.1226,1.2463,-12.0765,0,Serve prepare 0.28,0,9,Drive,120.3006,110.9906,-2.1716,0.7436,-12.7947,0.0813,1,1,Backhand prepare 1.00,0,9,2.4981,-86.9008,0,0,Perfect,,-2.35,-12.35,1.95,11.2,0,0,0,4.2239,0,0
1185,PlayerServeHold,None,1,-0.005,52,-4.4179,2.5347,-16.7619,-2.1179,1.2543,-12.0796,0,Serve prepare 0.29,0,9,Drive,120.1017,113.3446,-2.174,0.7478,-12.7689,0.1578,1,1,Backhand prepare 1.00,0,9,2.4981,-86.9008,0,0,Perfect,,-2.35,-12.35,1.95,11.2,0,0,0,4.4458,0,0
1186,PlayerServeHold,None,1,-0.005,52,-4.4187,2.5336,-16.7618,-2.11,1.2692,-12.0847,0,Serve prepare 0.30,0,9,Drive,119.9578,114.8318,-2.189,0.7408,-12.7689,0.0698,1,1,Backhand prepare 1.00,0,9,2.4981,-86.9008,0,0,Perfect,,-2.35,-12.35,1.95,11.2,0,0,0,3.6658,0,0
1187,PlayerServeHold,None,1,-0.005,52,-4.4195,2.5326,-16.7617,-2.106,1.2761,-12.0874,0,Serve prepare 0.31,0,9,Drive,119.4493,116.8938,-2.2638,0.7421,-12.9337,0.1326,1,1,Backhand prepare 1.00,0,9,2.4981,-86.9008,0,0,Perfect,,-2.35,-12.35,1.95,11.2,0,0,0,3.8165,0,0
1188,PlayerServeHold,None,1,-0.005,52,-4.4203,2.5315,-16.7616,-2.0994,1.2883,-12.0917,0,Serve prepare 0.32,0,9,Drive,119.1138,118.1863,-2.3915,0.7004,-12.9275,0.0817,1,1,Backhand prepare 1.00,0,9,2.4981,-86.9008,0,0,Perfect,,-2.35,-12.35,1.95,11.2,0,0,0,2.9645,0,0
1189,PlayerServeHold,None,1,-0.005,52,-4.4211,2.5305,-16.7615,-2.0962,1.2936,-12.0939,0,Serve prepare 0.33,0,9,Drive,118.2369,119.8167,-2.4145,0.694,-12.916,0.203,1,1,Backhand prepare 1.00,0,9,2.4981,-86.9008,0,0,Perfect,,-2.35,-12.35,1.95,11.2,0,0,0,3.3254,0,0
1190,PlayerServeHold,None,1,-0.005,52,-4.422,2.5294,-16.7613,-2.0913,1.3027,-12.0972,0,Serve prepare 0.34,0,9,Drive,117.6991,120.9179,-2.4245,0.6957,-12.926,0.1113,1,1,Backhand prepare 1.00,0,9,2.4981,-86.9008,0,0,Perfect,,-2.35,-12.35,1.95,11.2,0,0,0,2.6808,0,0
1191,PlayerServeHold,None,1,-0.005,52,-4.4228,2.5283,-16.7612,-2.089,1.3063,-12.0989,0,Serve prepare 0.35,0,9,Drive,119.8745,121.2943,-2.435,0.6862,-12.922,0.7084,1,1,Backhand prepare 1.00,0,9,2.4981,-86.9008,0,0,Perfect,,-2.35,-12.35,1.95,11.2,0,0,0,4.1037,0,0
1192,PlayerServeHold,None,1,-0.005,52,-4.4237,2.5272,-16.7611,-2.0859,1.3118,-12.1009,0,Serve prepare 0.36,0,9,Drive,119.6031,121.6981,-2.4087,0.6852,-12.9124,0.1011,1,1,Backhand prepare 1.00,0,9,2.4981,-86.9008,0,0,Perfect,,-2.35,-12.35,1.95,11.2,0,0,0,3.6427,0,0
1193,PlayerServeHold,None,1,-0.005,52,-4.4246,2.5261,-16.761,-2.0846,1.3136,-12.102,0,Serve prepare 0.37,0,9,Drive,116.2939,122.8972,-2.397,0.6904,-12.9169,0.6683,1,1,Backhand prepare 1.00,0,9,2.4981,-86.9008,0,0,Perfect,,-2.35,-12.35,1.95,11.2,0,0,0,2.8164,0,0
1194,PlayerServeHold,None,1,-0.005,52,-4.4255,2.525,-16.7608,-2.0836,1.315,-12.1027,0,Serve prepare 0.38,0,9,Drive,112.6249,124.2433,-2.4121,0.6999,-12.9287,0.6286,1,1,Backhand prepare 1.00,0,9,2.4981,-86.9008,0,0,Perfect,,-2.35,-12.35,1.95,11.2,0,0,0,7.6086,0,0
1195,PlayerServeToss,Toss,1,-0.005,48,-2.9,0.455,-13.75,-2.0832,1.315,-12.1032,0,Serve prepare 0.39,0,9,Drive,110.2821,125.3871,-2.4357,0.7072,-12.9556,0.1685,1,1,Backhand prepare 1.00,0,9,2.4981,-86.9008,0,0,Perfect,,-2.35,-12.35,1.95,11.2,-4,0,0,7.969,0,0
1196,PlayerServeToss,Toss,1,-0.005,48,-2.9,0.455,-13.75,-2.0857,1.415,-12.1034,0,Serve prepare 0.40,0,9,Drive,109.1196,126.5028,-2.453,0.7061,-12.9637,0.0783,1,1,Backhand prepare 1.00,0,9,2.4981,-86.9008,0,0,Perfect,,-2.35,-12.35,1.95,11.2,0,0,0,6.4658,0,0
1197,PlayerServeToss,Toss,1,-0.005,48,-2.9,0.455,-13.75,-2.087,1.464,-12.1035,0,Serve prepare 0.41,0,9,Drive,108.8144,127.7737,-2.4633,0.6979,-12.96,0.0201,1,1,Backhand prepare 1.00,0,9,2.4981,-86.9008,0,0,Perfect,,-2.35,-12.35,1.95,11.2,0,0,0,4.1825,0,0
1198,PlayerServeToss,Toss,1,-0.005,48,-2.9,0.455,-13.75,-2.0895,1.5599,-12.1037,0,Serve prepare 0.42,0,9,Drive,108.5179,128.9405,-2.4733,0.6904,-12.9563,0.0219,1,1,Backhand prepare 1.00,0,9,2.4981,-86.9008,0,0,Perfect,,-2.35,-12.35,1.95,11.2,0,0,0,2.0566,0,0
1199,PlayerServeToss,Toss,1,-0.005,48,-2.9,0.455,-13.75,-2.0908,1.6068,-12.1037,0,Serve prepare 0.43,0,9,Drive,107.9176,129.8933,-2.4878,0.6888,-12.9572,0.0134,1,1,Backhand prepare 1.00,0,9,2.4981,-86.9008,0,0,Perfect,,-2.35,-12.35,1.95,11.2,0,0,0,0.6921,0,0
1200,PlayerServeToss,Toss,1,-0.005,48,-2.9,0.455,-13.75,-2.0933,1.6987,-12.1039,0,Serve prepare 0.44,0,9,Drive,107.6668,130.6622,-2.4967,0.6863,-12.9556,0.0331,1,1,Backhand prepare 1.00,0,9,2.4981,-86.9008,0,0,Perfect,,-2.35,-12.35,1.95,11.2,0,0,0,0.8486,0,0
1201,PlayerServeToss,Toss,1,-0.005,48,-2.9,0.455,-13.75,-2.0946,1.7436,-12.104,0,Serve prepare 0.46,0,9,Drive,107.1469,131.1168,-2.5104,0.6917,-12.9585,0.1009,1,1,Backhand prepare 1.00,0,9,2.4981,-86.9008,0,0,Perfect,,-2.35,-12.35,1.95,11.2,0,0,0,1.4899,0,0
1202,PlayerServeToss,Toss,1,-0.005,48,-2.9,0.455,-13.75,-2.0972,1.8313,-12.1042,0,Serve prepare 0.46,0,9,Drive,106.9168,131.4633,-2.5179,0.6945,-12.9591,0.0555,1,1,Backhand prepare 1.00,0,9,2.4981,-86.9008,0,0,Perfect,,-2.35,-12.35,1.95,11.2,0,0,0,1.9415,0,0
1203,PlayerServeToss,Toss,1,-0.005,48,-2.9,0.455,-13.75,-2.0984,1.8742,-12.1042,0,Serve prepare 0.48,0,9,Drive,106.5414,131.5585,-2.5298,0.7051,-12.9633,0.0769,1,1,Backhand prepare 1.00,0,9,2.4981,-86.9008,0,0,Perfect,,-2.35,-12.35,1.95,11.2,0,0,0,1.9098,0,0
1204,PlayerServeToss,Toss,1,-0.005,48,-2.9,0.455,-13.75,-2.101,1.9578,-12.1044,0,Serve prepare 0.49,0,9,Drive,106.3603,131.6642,-2.5358,0.7115,-12.9654,0.0327,1,1,Backhand prepare 1.00,0,9,2.4981,-86.9008,0,0,Perfect,,-2.35,-12.35,1.95,11.2,0,0,0,1.7888,0,0
1205,PlayerServeToss,Toss,1,-0.005,48,-2.9,0.455,-13.75,-2.1023,1.9986,-12.1045,0,Serve prepare 0.50,0,9,Drive,106.0713,131.6028,-2.5462,0.725,-12.9695,0.1387,1,1,Backhand prepare 1.00,0,9,2.4981,-86.9008,0,0,Perfect,,-2.35,-12.35,1.95,11.2,0,0,0,1.4644,0,0
1206,PlayerServeToss,Toss,1,-0.005,48,-2.9,0.455,-13.75,-2.1048,2.0782,-12.1047,0,Serve prepare 0.51,0,9,Drive,105.9258,131.6118,-2.5515,0.7336,-12.9717,0.0925,1,1,Backhand prepare 1.00,0,9,2.4981,-86.9008,0,0,Perfect,,-2.35,-12.35,1.95,11.2,0,0,0,1.1487,0,0
1207,PlayerServeToss,Toss,1,-0.005,48,-2.9,0.455,-13.75,-2.1061,2.117,-12.1047,0,Serve prepare 0.53,0,9,Drive,105.6755,131.5538,-2.5615,0.745,-12.9745,0.8127,1,1,Backhand prepare 1.00,0,9,2.4981,-86.9008,0,0,Perfect,,-2.35,-12.35,1.95,11.2,0,0,0,0.9143,0,0
1208,PlayerServeToss,Toss,1,-0.005,48,-2.9,0.455,-13.75,-2.1086,2.1925,-12.1049,0,Serve prepare 0.54,0,9,Drive,105.5759,131.6213,-2.567,0.755,-12.976,0.0572,1,1,Backhand prepare 1.00,0,9,2.4981,-86.9008,0,0,Perfect,,-2.35,-12.35,1.95,11.2,0,0,0,0.7476,0,0
1209,PlayerServeToss,Toss,1,-0.005,48,-2.9,0.455,-13.75,-2.1099,2.2292,-12.105,0,Serve prepare 0.55,0,9,Drive,105.385,131.7265,-2.5773,0.772,-12.9769,0.0918,1,1,Backhand prepare 1.00,0,9,2.4981,-86.9008,0,0,Perfect,,-2.35,-12.35,1.95,11.2,0,0,0,0.897,0,0
1210,PlayerServeToss,Toss,1,-0.005,48,-2.9,0.455,-13.75,-2.1125,2.3006,-12.1052,0,Serve prepare 0.56,0,9,Drive,105.3055,131.9205,-2.5835,0.7817,-12.9769,0.0461,1,1,Backhand prepare 1.00,0,9,2.4981,-86.9008,0,0,Perfect,,-2.35,-12.35,1.95,11.2,0,0,0,0.8031,0,0
1211,PlayerServeToss,Toss,1,-0.005,48,-2.9,0.455,-13.75,-2.1137,2.3352,-12.1052,0,Serve prepare 0.58,0,9,Drive,105.1375,132.192,-2.5943,0.7979,-12.9753,0.0871,1,1,Backhand prepare 1.00,0,9,2.4981,-86.9008,0,0,Perfect,,-2.35,-12.35,1.95,11.2,0,0,0,1.0134,0,0
1212,PlayerServeToss,Toss,1,-0.005,48,-2.9,0.455,-13.75,-2.1163,2.4025,-12.1054,0,Serve prepare 0.59,0,9,Drive,105.067,132.5045,-2.6011,0.8067,-12.9737,0.0371,1,1,Backhand prepare 1.00,0,9,2.4981,-86.9008,0,0,Perfect,,-2.35,-12.35,1.95,11.2,0,0,0,0.8677,0,0
1213,PlayerServeToss,Toss,1,-0.005,48,-2.9,0.455,-13.75,-2.1176,2.4352,-12.1055,0,Serve prepare 0.60,0,9,Drive,104.9527,132.8923,-2.6119,0.8213,-12.9702,0.0541,1,1,Backhand prepare 1.00,0,9,2.4981,-86.9008,0,0,Perfect,,-2.35,-12.35,1.95,11.2,0,0,0,0.9262,0,0
1214,PlayerServeToss,Toss,1,-0.005,48,-2.9,0.455,-13.75,-2.1201,2.4984,-12.1057,0,Serve prepare 0.61,0,9,Drive,104.876,133.2753,-2.6188,0.8289,-12.9675,0.0167,1,1,Backhand prepare 1.00,0,9,2.4981,-86.9008,0,0,Perfect,,-2.35,-12.35,1.95,11.2,0,0,0,0.7295,0,0
1215,PlayerServeToss,Toss,1,-0.005,48,-2.9,0.455,-13.75,-2.1214,2.529,-12.1057,0,Serve prepare 0.63,0,9,Drive,104.7801,133.7464,-2.6296,0.8425,-12.9629,0.0278,1,1,Backhand prepare 1.00,0,9,2.4981,-86.9008,0,0,Perfect,,-2.35,-12.35,1.95,11.2,0,0,0,0.7231,0,0
1216,PlayerServeToss,Toss,1,-0.005,48,-2.9,0.455,-13.75,-2.1239,2.5881,-12.1059,0,Serve prepare 0.63,0,9,Drive,104.719,134.1514,-2.6363,0.8493,-12.9595,0.0161,1,1,Backhand prepare 1.00,0,9,2.4981,-86.9008,0,0,Perfect,,-2.35,-12.35,1.95,11.2,0,0,0,0.5308,0,0
1217,PlayerServeToss,Toss,1,-0.005,48,-2.9,0.455,-13.75,-2.1252,2.6167,-12.106,0,Serve prepare 0.65,0,9,Drive,104.6614,134.6224,-2.6471,0.8617,-12.9539,0.0419,1,1,Backhand prepare 1.00,0,9,2.4981,-86.9008,0,0,Perfect,,-2.35,-12.35,1.95,11.2,0,0,0,0.5189,0,0
1218,PlayerServeToss,Toss,1,-0.005,48,-2.9,0.455,-13.75,-2.1278,2.6717,-12.1062,0,Serve prepare 0.66,0,9,Drive,104.6399,134.9774,-2.6534,0.8677,-12.9502,0.0251,1,1,Backhand prepare 1.00,0,9,2.4981,-86.9008,0,0,Perfect,,-2.35,-12.35,1.95,11.2,0,0,0,0.3605,0,0
1219,PlayerServeToss,Toss,1,-0.005,48,-2.9,0.455,-13.75,-2.129,2.6982,-12.1062,0,Serve prepare 0.67,0,9,Drive,104.548,135.4126,-2.6637,0.8784,-12.9438,0.0683,1,1,Backhand prepare 1.00,0,9,2.4981,-86.9008,0,0,Perfect,,-2.35,-12.35,1.95,11.2,0,0,0,0.4298,0,0
1220,PlayerServeToss,Toss,1,-0.005,48,-2.9,0.455,-13.75,-2.1316,2.7492,-12.1064,0,Serve prepare 0.68,0,9,Drive,104.5127,135.7351,-2.6697,0.8837,-12.9399,0.0406,1,1,Backhand prepare 1.00,0,9,2.4981,-86.9008,0,0,Perfect,,-2.35,-12.35,1.95,11.2,0,0,0,0.3357,0,0
1221,PlayerServeToss,Toss,1,-0.005,48,-2.9,0.455,-13.75,-2.1329,2.7736,-12.1065,0,Serve prepare 0.70,0,9,Drive,104.3768,136.1693,-2.6793,0.8931,-12.9328,0.0932,1,1,Backhand prepare 1.00,0,9,2.4981,-86.9008,0,0,Perfect,,-2.35,-12.35,1.95,11.2,0,0,0,0.4631,0,0
1222,PlayerServeToss,Toss,1,-0.005,48,-2.9,0.455,-13.75,-2.1354,2.8205,-12.1066,0,Serve prepare 0.71,0,9,Drive,104.2856,136.4956,-2.6847,0.8982,-12.9284,0.0471,1,1,Backhand prepare 1.00,0,9,2.4981,-86.9008,0,0,Perfect,,-2.35,-12.35,1.95,11.2,0,0,0,0.3996,0,0
1223,PlayerServeToss,Toss,1,-0.005,48,-2.9,0.455,-13.75,-2.1367,2.8429,-12.1067,0,Serve prepare 0.72,0,9,Drive,104.0776,136.9665,-2.6932,0.9081,-12.9202,0.0922,1,1,Backhand prepare 1.00,0,9,2.4981,-86.9008,0,0,Perfect,,-2.35,-12.35,1.95,11.2,0,0,0,0.618,0,0
1224,PlayerServeToss,Toss,1,-0.005,48,-2.9,0.455,-13.75,-2.1392,2.8857,-12.1069,0,Serve prepare 0.73,0,9,Drive,103.9322,137.3423,-2.6983,0.9131,-12.915,0.049,1,1,Backhand prepare 1.00,0,9,2.4981,-86.9008,0,0,Perfect,,-2.35,-12.35,1.95,11.2,0,0,0,0.6052,0,0
1225,PlayerServeToss,Toss,1,-0.005,48,-2.9,0.455,-13.75,-2.1405,2.9061,-12.107,0,Serve prepare 0.75,0,9,Drive,103.6463,137.8984,-2.7063,0.9226,-12.9055,0.102,1,1,Backhand prepare 1.00,0,9,2.4981,-86.9008,0,0,Perfect,,-2.35,-12.35,1.95,11.2,0,0,0,0.882,0,0
1226,PlayerServeToss,Toss,1,-0.005,48,-2.9,0.455,-13.75,-2.1431,2.9448,-12.1071,0,Serve prepare 0.75,0,9,Drive,103.4453,138.3691,-2.7117,0.9273,-12.8995,0.0493,1,1,Backhand prepare 1.00,0,9,2.4981,-86.9008,0,0,Perfect,,-2.35,-12.35,1.95,11.2,0,0,0,0.8596,0,0
1227,PlayerServeToss,Toss,1,-0.005,48,-2.9,0.455,-13.75,-2.1443,2.9631,-12.1072,0,Serve prepare 0.77,0,9,Drive,103.0296,139.0676,-2.7198,0.936,-12.8891,0.0919,1,1,Backhand prepare 1.00,0,9,2.4981,-86.9008,0,0,Perfect,,-2.35,-12.35,1.95,11.2,0,0,0,1.1935,0,0
1228,PlayerServeToss,Toss,1,-0.005,48,-2.9,0.455,-13.75,-2.1469,2.9977,-12.1074,0,Serve prepare 0.78,0,9,Drive,102.786,139.6678,-2.7256,0.9403,-12.8821,0,1,1,Backhand prepare 1.00,0,9,2.4981,-86.9008,0,0,Perfect,,-2.35,-12.35,1.95,11.2,0,0,0,1.1135,0,0
1229,PlayerServeToss,Toss,1,-0.005,48,-2.9,0.455,-13.75,-2.1482,3.014,-12.1075,0,Serve prepare 0.80,0,9,Drive,102.2357,140.5361,-2.7336,0.9486,-12.8706,0,1,1,Backhand prepare 1.00,0,9,2.4981,-86.9008,0,0,Perfect,,-2.35,-12.35,1.95,11.2,0,0,0,1.4602,0,0
1230,PlayerServeToss,Toss,1,-0.005,48,-2.9,0.455,-13.75,-2.1507,3.0445,-12.1076,0,Serve prepare 0.80,0,9,Drive,101.9683,141.2663,-2.7398,0.9523,-12.8626,0,1,1,Backhand prepare 1.00,0,9,2.4981,-86.9008,0,0,Perfect,,-2.35,-12.35,1.95,11.2,0,0,0,1.2808,0,0
1231,PlayerServeToss,Toss,1,-0.005,48,-2.9,0.455,-13.75,-2.152,3.0587,-12.1077,0,Serve prepare 0.82,0,9,Drive,101.3078,142.2662,-2.7479,0.96,-12.8497,0,1,1,Backhand prepare 1.00,0,9,2.4981,-86.9008,0,0,Perfect,,-2.35,-12.35,1.95,11.2,0,0,0,1.5993,0,0
1232,PlayerServeToss,Toss,1,-0.005,48,-2.9,0.455,-13.75,-2.1545,3.0852,-12.1079,0,Serve prepare 0.83,0,9,Drive,100.9485,143.1041,-2.7545,0.9633,-12.8405,0,1,1,Backhand prepare 1.00,0,9,2.4981,-86.9008,0,0,Perfect,,-2.35,-12.35,1.95,11.2,0,0,0,1.3814,0,0
1233,PlayerServeToss,Toss,1,-0.005,48,-2.9,0.455,-13.75,-2.1558,3.0974,-12.108,0,Serve prepare 0.84,0,9,Drive,100.2302,144.1793,-2.7629,0.9704,-12.8263,0,1,1,Backhand prepare 1.00,0,9,2.4981,-86.9008,0,0,Perfect,,-2.35,-12.35,1.95,11.2,0,0,0,1.6057,0,0
1234,PlayerServeToss,Toss,1,-0.005,48,-2.9,0.455,-13.75,-2.1584,3.1197,-12.1081,0,Serve prepare 0.85,0,9,Drive,99.8466,145.0787,-2.7695,0.9733,-12.8163,1.1084,1,1,Backhand prepare 1.00,0,9,2.4981,-86.9008,0,0,Perfect,,-2.35,-12.35,1.95,11.2,0,0,0,1.3134,0,0
1235,PlayerServeToss,Toss,1,-0.005,48,-2.9,0.455,-13.75,-2.1596,3.1299,-12.1082,0,Serve prepare 0.87,0,9,Drive,99.1029,146.1834,-2.7774,0.9798,-12.8012,0.4035,1,1,Backhand prepare 1.00,0,9,2.4981,-86.9008,0,0,Perfect,,-2.35,-12.35,1.95,11.2,0,0,0,1.4804,0,0
1236,PlayerServeToss,Toss,1,-0.005,48,-2.9,0.455,-13.75,-2.1622,3.1481,-12.1084,0,Serve prepare 0.88,0,9,Drive,98.7185,147.0822,-2.7837,0.9821,-12.7907,0.0276,1,1,Backhand prepare 1.00,0,9,2.4981,-86.9008,0,0,Perfect,,-2.35,-12.35,1.95,11.2,0,0,0,1.1549,0,0
1237,PlayerServeToss,Toss,1,-0.005,48,-2.9,0.455,-13.75,-2.1635,3.1562,-12.1085,0,Serve prepare 0.89,0,9,Drive,97.9506,148.1309,-2.7911,0.9875,-12.7751,0.0621,1,1,Backhand prepare 1.00,0,9,2.4981,-86.9008,0,0,Perfect,,-2.35,-12.35,1.95,11.2,0,0,0,1.2839,0,0
1238,PlayerServeToss,Toss,1,-0.005,48,-2.9,0.455,-13.75,-2.166,3.1704,-12.1086,0,Serve prepare 0.90,0,9,Drive,97.5494,148.9835,-2.7969,0.9893,-12.7644,0.0357,1,1,Backhand prepare 1.00,0,9,2.4981,-86.9008,0,0,Perfect,,-2.35,-12.35,1.95,11.2,0,0,0,0.9836,0,0
1239,PlayerServeToss,Toss,1,-0.005,48,-2.9,0.455,-13.75,-2.1673,3.1764,-12.1087,0,Serve prepare 0.92,0,9,Drive,96.7238,149.9599,-2.8036,0.9937,-12.7486,0.0756,1,1,Backhand prepare 1.00,0,9,2.4981,-86.9008,0,0,Perfect,,-2.35,-12.35,1.95,11.2,0,0,0,1.1399,0,0
1240,PlayerServeToss,Toss,1,-0.005,48,-2.9,0.455,-13.75,-2.1698,3.1865,-12.1089,0,Serve prepare 0.92,0,9,Drive,96.3186,150.7449,-2.8087,0.9951,-12.7381,0.0385,1,1,Backhand prepare 1.00,0,9,2.4981,-86.9008,0,0,Perfect,,-2.35,-12.35,1.95,11.2,0,0,0,0.8513,0,0
1241,PlayerServeToss,Toss,1,-0.005,48,-2.9,0.455,-13.75,-2.1711,3.1905,-12.109,0,Serve prepare 0.94,0,9,Drive,95.4217,151.6248,-2.8142,0.9987,-12.7224,0.0737,1,1,Backhand prepare 1.00,0,9,2.4981,-86.9008,0,0,Perfect,,-2.35,-12.35,1.95,11.2,0,0,0,1.0468,0,0
1242,PlayerServeToss,Toss,1,-0.005,48,-2.9,0.455,-13.75,-2.1737,3.1965,-12.1091,0,Serve prepare 0.95,0,9,Drive,94.999,152.3269,-2.8183,0.9996,-12.7121,0.034,1,1,Backhand prepare 1.00,0,9,2.4981,-86.9008,0,0,Perfect,,-2.35,-12.35,1.95,11.2,0,0,0,0.76,0,0
1243,PlayerServeToss,Toss,1,-0.005,48,-2.9,0.455,-13.75,-2.1749,3.1985,-12.1092,0,Serve prepare 0.96,0,9,Drive,94.0484,153.1024,-2.8225,1.0025,-12.6966,0.0672,1,1,Backhand prepare 1.00,0,9,2.4981,-86.9008,0,0,Perfect,,-2.35,-12.35,1.95,11.2,0,0,0,0.9788,0,0
1244,PlayerServeToss,Toss,1,-0.005,48,-2.9,0.455,-13.75,-2.1775,3.2004,-12.1094,0,Serve prepare 0.97,0,9,Drive,93.5592,153.7379,-2.8259,1.0029,-12.6865,0.0328,1,1,Backhand prepare 1.00,0,9,2.4981,-86.9008,0,0,Perfect,,-2.35,-12.35,1.95,11.2,0,0,0,0.7391,0,0
1245,PlayerServeToss,Toss,1,-0.005,48,-2.9,0.455,-13.75,-2.1788,3.2004,-12.1095,0,Serve prepare 0.99,0,9,Drive,92.5533,154.4254,-2.8289,1.005,-12.6713,0.0641,1,1,Backhand prepare 1.00,0,9,2.4981,-86.9008,0,0,Perfect,,-2.35,-12.35,1.95,11.2,0,0,0,0.997,0,0
1246,PlayerServeToss,Toss,1,-0.005,48,-2.9,0.455,-13.75,-2.1813,3.1982,-12.1096,0,Serve prepare 1.00,0,9,Drive,92.0284,155.0025,-2.8314,1.005,-12.6614,0.0309,1,1,Backhand prepare 1.00,0,9,2.4981,-86.9008,0,0,Perfect,,-2.35,-12.35,1.95,11.2,0,0,0,0.7682,0,0
1247,PlayerServeToss,Toss,1,-0.005,48,-2.9,0.455,-13.75,-2.1826,3.1961,-12.1097,0,Serve prepare 1.00,0,9,Drive,91.8183,155.4921,-2.8337,1.0042,-12.6551,0.0121,1,1,Backhand prepare 1.00,0,9,2.4981,-86.9008,0,0,Perfect,,-2.35,-12.35,1.95,11.2,0,0,0,0.3711,0,0
1248,PlayerServeToss,Toss,1,-0.005,48,-2.9,0.455,-13.75,-2.1851,3.1898,-12.1099,0,Serve prepare 1.00,0,9,Drive,91.8183,155.8745,-2.8355,1.003,-12.6517,0,1,1,Backhand prepare 1.00,0,9,2.4981,-86.9008,0,0,Perfect,,-2.35,-12.35,1.95,11.2,0,0,0,0.1769,0,0
1249,PlayerServeToss,Toss,1,-0.005,48,-2.9,0.455,-13.75,-2.1864,3.1856,-12.11,0,Serve prepare 1.00,0,9,Drive,91.8183,156.1462,-2.8368,1.0021,-12.6493,0,1,1,Backhand prepare 1.00,0,9,2.4981,-86.9008,0,0,Perfect,,-2.35,-12.35,1.95,11.2,0,0,0,0.4631,0,0
1250,PlayerServeToss,Toss,1,-0.005,48,-2.9,0.455,-13.75,-2.1889,3.1753,-12.1101,0,Serve prepare 1.00,0,9,Drive,91.8183,156.3075,-2.8376,1.0016,-12.6479,0,1,1,Backhand prepare 1.00,0,9,2.4981,-86.9008,0,0,Perfect,,-2.35,-12.35,1.95,11.2,0,0,0,0.6537,0,0
1251,PlayerServeToss,Toss,1,-0.005,48,-2.9,0.455,-13.75,-2.1902,3.1691,-12.1102,0,Serve prepare 1.00,0,9,Drive,91.8183,156.37,-2.8379,1.0013,-12.6474,0,1,1,Backhand prepare 1.00,0,9,2.4981,-86.9008,0,0,Perfect,,-2.35,-12.35,1.95,11.2,0,0,0,0.7306,0,0
1252,PlayerServeToss,Toss,1,-0.005,48,-2.9,0.455,-13.75,-2.1928,3.1546,-12.1104,0,Serve prepare 1.00,0,9,Drive,91.8183,156.3529,-2.8378,1.0013,-12.6475,0,1,1,Backhand prepare 1.00,0,9,2.4981,-86.9008,0,0,Perfect,,-2.35,-12.35,1.95,11.2,0,0,0,0.7133,0,0
1253,PlayerServeToss,Toss,1,-0.005,48,-2.9,0.455,-13.75,-2.194,3.1464,-12.1105,0,Serve prepare 1.00,0,9,Drive,91.8183,156.2786,-2.8375,1.0014,-12.6482,0,1,1,Backhand prepare 1.00,0,9,2.4981,-86.9008,0,0,Perfect,,-2.35,-12.35,1.95,11.2,0,0,0,0.6268,0,0
1254,PlayerServeToss,Toss,1,-0.005,48,-2.9,0.455,-13.75,-2.1966,3.1279,-12.1106,0,Serve prepare 1.00,0,9,Drive,91.8183,156.1698,-2.8369,1.0017,-12.6492,0,1,1,Backhand prepare 1.00,0,9,2.4981,-86.9008,0,0,Perfect,,-2.35,-12.35,1.95,11.2,0,0,0,0.502,0,0
1255,PlayerServeToss,Toss,1,-0.005,48,-2.9,0.455,-13.75,-2.1979,3.1176,-12.1107,0,Serve prepare 1.00,0,9,Drive,91.8183,156.047,-2.8364,1.0021,-12.6503,0,1,1,Backhand prepare 1.00,0,9,2.4981,-86.9008,0,0,Perfect,,-2.35,-12.35,1.95,11.2,0,0,0,0.3626,0,0
1256,PlayerServeToss,Toss,1,-0.005,48,-2.9,0.455,-13.75,-2.2004,3.095,-12.1109,0,Serve prepare 1.00,0,9,Drive,91.8183,155.9266,-2.8358,1.0024,-12.6513,0,1,1,Backhand prepare 1.00,0,9,2.4981,-86.9008,0,0,Perfect,,-2.35,-12.35,1.95,11.2,0,0,0,0.2341,0,0
1257,PlayerServeToss,Toss,1,-0.005,48,-2.9,0.455,-13.75,-2.2017,3.0826,-12.111,0,Serve prepare 1.00,0,9,Drive,91.8183,155.8208,-2.8353,1.0028,-12.6523,0,1,1,Backhand prepare 1.00,0,9,2.4981,-86.9008,0,0,Perfect,,-2.35,-12.35,1.95,11.2,0,0,0,0,0,0
1258,PlayerServeToss,Toss,1,-0.005,48,-2.9,0.455,-13.75,-2.2042,3.0559,-12.1111,0,Serve prepare 1.00,0,9,Drive,91.8183,155.7369,-2.8349,1.003,-12.653,0,1,1,Backhand prepare 1.00,0,9,2.4981,-86.9008,0,0,Perfect,,-2.35,-12.35,1.95,11.2,0,0,0,0,0,0
1259,PlayerServeToss,Toss,1,-0.005,48,-2.9,0.455,-13.75,-2.2055,3.0416,-12.1112,0,Serve prepare 1.00,0,9,Drive,91.8183,155.6781,-2.8346,1.0032,-12.6535,0,1,1,Backhand prepare 1.00,0,9,2.4981,-86.9008,0,0,Perfect,,-2.35,-12.35,1.95,11.2,0,0,0,0.1631,0,0
1260,PlayerServeToss,Toss,1,-0.005,48,-2.9,0.455,-13.75,-2.2081,3.0108,-12.1114,0,Serve prepare 1.00,0,9,Drive,91.8183,155.644,-2.8344,1.0033,-12.6538,0,1,1,Backhand prepare 1.00,0,9,2.4981,-86.9008,0,0,Perfect,,-2.35,-12.35,1.95,11.2,0,0,0,0.1897,0,0
1261,PlayerServeToss,Toss,1,-0.005,48,-2.9,0.455,-13.75,-2.2093,2.9944,-12.1115,0,Serve prepare 1.00,0,9,Drive,91.8183,155.6319,-2.8344,1.0034,-12.6539,0,1,1,Backhand prepare 1.00,0,9,2.4981,-86.9008,0,0,Perfect,,-2.35,-12.35,1.95,11.2,0,0,0,0.2017,0,0
1262,PlayerServeToss,Toss,1,-0.005,48,-2.9,0.455,-13.75,-2.2119,2.9595,-12.1116,0,Serve prepare 1.00,0,9,Drive,91.8183,155.6372,-2.8344,1.0034,-12.6539,0,1,1,Backhand prepare 1.00,0,9,2.4981,-86.9008,0,0,Perfect,,-2.35,-12.35,1.95,11.2,0,0,0,0.2017,0,0
1263,PlayerServeToss,Toss,1,-0.005,48,-2.9,0.455,-13.75,-2.2132,2.941,-12.1117,0,Serve prepare 1.00,0,9,Drive,91.8183,155.655,-2.8345,1.0033,-12.6537,0,1,1,Backhand prepare 1.00,0,9,2.4981,-86.9008,0,0,Perfect,,-2.35,-12.35,1.95,11.2,0,0,0,0.1813,0,0
1264,PlayerServeToss,Toss,1,-0.005,48,-2.9,0.455,-13.75,-2.2157,2.902,-12.1119,0,Serve prepare 1.00,0,9,Drive,91.8183,155.6801,-2.8346,1.0033,-12.6535,0,1,1,Backhand prepare 1.00,0,9,2.4981,-86.9008,0,0,Perfect,,-2.35,-12.35,1.95,11.2,0,0,0,0.1631,0,0
1265,PlayerServeToss,Toss,1,-0.005,48,-2.9,0.455,-13.75,-2.217,2.8815,-12.112,0,Serve prepare 1.00,0,9,Drive,91.8183,155.7079,-2.8347,1.0032,-12.6533,0,1,1,Backhand prepare 1.00,0,9,2.4981,-86.9008,0,0,Perfect,,-2.35,-12.35,1.95,11.2,0,0,0,0,0,0
1266,PlayerServeToss,Toss,1,-0.005,48,-2.9,0.455,-13.75,-2.2195,2.8385,-12.1121,0,Serve prepare 1.00,0,9,Drive,91.8183,155.7349,-2.8349,1.0031,-12.653,0,1,1,Backhand prepare 1.00,0,9,2.4981,-86.9008,0,0,Perfect,,-2.35,-12.35,1.95,11.2,0,0,0,0,0,0
1267,PlayerServeToss,Toss,1,-0.005,48,-2.9,0.455,-13.75,-2.2208,2.8159,-12.1122,0,Serve prepare 1.00,0,9,Drive,91.8183,155.7583,-2.835,1.003,-12.6528,0,1,1,Backhand prepare 1.00,0,9,2.4981,-86.9008,0,0,Perfect,,-2.35,-12.35,1.95,11.2,0,0,0,0,0,0
1268,PlayerServeToss,Toss,1,-0.005,48,-2.9,0.455,-13.75,-2.2234,2.7688,-12.1124,0,Serve prepare 1.00,1,0.18,Serve,92.6903,155.0653,-2.8325,1.0093,-12.6557,0,1,1,Backhand prepare 1.00,0,9,2.4981,-86.9008,0,0,Perfect,,-2.35,-12.35,1.95,11.2,0,0,0,1.0275,0,0
1269,PlayerServeToss,Toss,1,-0.005,48,-2.9,0.455,-13.75,-2.2246,2.7442,-12.1125,0,Serve swing,1,0.1717,Serve,81.7986,163.7268,-2.8563,0.9986,-12.5864,0.045,1,1,Backhand prepare 1.00,0,9,2.4981,-86.9008,0,0,Perfect,,-2.35,-12.35,1.95,11.2,0,0,0,1.7022,0,0
1270,PlayerServeToss,Toss,1,-0.005,48,-2.9,0.455,-13.75,-2.2272,2.693,-12.1126,0,Serve swing,1,0.155,Serve,67.8612,179.5299,-2.8806,0.9755,-12.4283,0.0621,1,1,Backhand prepare 1.00,0,9,2.4981,-86.9008,0,0,Perfect,,-2.35,-12.35,1.95,11.2,0,0,0,0,0,0
1271,PlayerServeToss,Toss,1,-0.005,48,-2.9,0.455,-13.75,-2.2285,2.6663,-12.1127,0,Serve swing,1,0.1467,Serve,61.2479,-172.8104,-2.8506,0.9862,-12.3237,0.5419,1,1,Backhand prepare 1.00,0,9,2.4981,-86.9008,0,0,Perfect,,-2.35,-12.35,1.95,11.2,0,0,0,0,0,0
1272,PlayerServeToss,Toss,1,-0.005,48,-2.9,0.455,-13.75,-2.231,2.611,-12.1129,0,Serve swing,1,0.13,Serve,40.5731,-158.6026,-2.731,1.0459,-12.1237,0.3788,1,1,Backhand prepare 1.00,0,9,2.4981,-86.9008,0,0,Perfect,,-2.35,-12.35,1.95,11.2,0,0,0,0,0,0
1273,PlayerServeToss,Toss,1,-0.005,48,-2.9,0.455,-13.75,-2.2323,2.5823,-12.113,0,Serve swing,1,0.1217,Serve,29.8651,-149.9966,-2.5789,1.1147,-12.0086,0.6208,1,1,Backhand prepare 1.00,0,9,2.4981,-86.9008,0,0,Perfect,,-2.35,-12.35,1.95,11.2,0,0,0,0,0,0
1274,PlayerServeToss,Toss,1,-0.005,48,-2.9,0.455,-13.75,-2.2348,2.5229,-12.1131,0,Serve swing,1,0.105,Serve,9.6638,-154.6361,-2.4862,1.2703,-12.0249,0.2301,1,1,Backhand prepare 1.00,0,9,2.4981,-86.9008,0,0,Perfect,,-2.35,-12.35,1.95,11.2,0,0,0,0,0,0
1275,PlayerServeToss,Toss,1,-0.005,48,-2.9,0.455,-13.75,-2.2361,2.4922,-12.1132,0,Serve swing,1,0.0967,Serve,8.5576,-167.1301,-2.4489,1.3374,-12.0712,0.3375,1,1,Backhand prepare 1.00,0,9,2.4981,-86.9008,0,0,Perfect,,-2.35,-12.35,1.95,11.2,0,0,0,0,0,0
1276,PlayerServeToss,Toss,1,-0.005,48,-2.9,0.455,-13.75,-2.2387,2.4287,-12.1134,0,Serve swing,1,0.08,Serve,-11.0294,158.7212,-2.4466,1.515,-12.24,2.2219,1,1,Backhand prepare 1.00,0,9,2.4981,-86.9008,0,0,Perfect,,-2.35,-12.35,1.95,11.2,0,0,0,0,0,0
1277,PlayerServeToss,Toss,1,-0.005,48,-2.9,0.455,-13.75,-2.2399,2.3959,-12.1135,0,Serve swing,1,0.0717,Serve,43.3306,142.8122,-2.4154,1.4457,-12.448,1.6843,1,1,Backhand prepare 1.00,0,9,2.4981,-86.9008,0,0,Perfect,,-2.35,-12.35,1.95,11.2,0,0,0,0,0,0
1278,PlayerServeToss,Toss,1,-0.005,48,-2.9,0.455,-13.75,-2.2425,2.3284,-12.1136,0,Serve swing,1,0.055,Serve,33.1724,102.9786,-2.2907,1.6744,-12.4868,0,1,1,Backhand prepare 1.00,0,9,2.4981,-86.9008,0,0,Perfect,,-2.35,-12.35,1.95,11.2,0,0,0,0,0,0
1279,PlayerServeToss,Toss,1,-0.005,48,-2.9,0.455,-13.75,-2.2438,2.2936,-12.1137,0,Serve swing,1,0.0467,Serve,35.7296,91.3131,-2.2185,1.8161,-12.1935,0,1,1,Backhand prepare 1.00,0,9,2.4981,-86.9008,0,0,Perfect,,-2.35,-12.35,1.95,11.2,0,0,0,0,0,0
1280,PlayerServeToss,Toss,1,-0.005,48,-2.9,0.455,-13.75,-2.2463,2.2219,-12.1139,0,Serve swing,1,0.03,Serve,-6.2162,67.5982,-2.058,1.8547,-11.9581,0,1,1,Backhand prepare 1.00,0,9,2.4981,-86.9008,0,0,Perfect,,-2.35,-12.35,1.95,11.2,0,0,0,0,0,0
1281,PlayerServeToss,Toss,1,-0.005,48,-2.9,0.455,-13.75,-2.2476,2.185,-12.114,0,Serve swing,1,0.0217,Serve,11.967,62.246,-1.9883,1.8716,-11.9582,0,1,1,Backhand prepare 1.00,0,9,2.4981,-86.9008,0,0,Perfect,,-2.35,-12.35,1.95,11.2,0,0,0,0,0,0
1282,PlayerServeToss,Toss,1,-0.005,48,-2.9,0.455,-13.75,-2.2501,2.1093,-12.1141,0,Serve swing,1,0.005,Serve,7.1827,46.2022,-1.9438,1.8214,-12.1673,0,1,1,Backhand prepare 1.00,0,9,2.4981,-86.9008,0,0,Perfect,,-2.35,-12.35,1.95,11.2,0,0,0,0,0,0
1283,Rally,None,1,-0.005,55.1,-1.2943,3.5007,-16.7498,-2.1946,2.1275,-11.7788,1,Serve swing,1,-0.0033,Serve,19.3639,46.7166,-2.0818,1.7333,-12.2436,0,1,1,Backhand prepare 1.00,0,9,2.4981,-86.9008,0,0.1217,Perfect,,-2.35,-12.35,1.91,11.2,7.1,0,0,0,0,0
1284,Rally,None,1,-0.005,55.1216,-1.2912,3.4946,-16.7509,-2.0852,2.1319,-11.3474,1,Serve follow,1,-0.02,Serve,20.8632,32.6077,-2.1325,1.7171,-12.244,0,1,1,Backhand prepare 1.00,0,9,3.357,-85.7454,0.1299,0.0633,Perfect,,-2.3481,-12.3491,1.8299,11.2,0.0216,0,0,0,0,0
1285,Rally,None,1,-0.005,55.1619,-1.2891,3.4915,-16.7512,-1.9757,2.1334,-10.916,1,Serve follow,1,-0.0367,Serve,26.3114,19.8818,-2.1161,1.6876,-12.242,0,1,1,Backhand prepare 1.00,0,9,5.9203,-82.4407,1.3881,0.005,Perfect,,-2.3438,-12.347,1.7498,11.2,0.0403,0,0,0,0,0
1286,Rally,None,1,-0.005,55.2184,-1.2865,3.4889,-16.7507,-1.8114,2.1302,-10.2689,1,Serve follow,1,-0.0617,Serve,30.0276,5.6384,-2.3889,1.6309,-12.0332,0,1,1,Backhand prepare 1.00,0,9,10.316,-77.0521,10.0261,0,Perfect,,-2.3325,-12.3415,1.6297,11.2,0.0566,0,0,0,0,0
1287,Rally,None,1,-0.005,55.2892,-1.2837,3.4864,-16.7496,-1.702,2.1246,-9.8375,1,Serve follow,1,-0.0783,Serve,27.0657,6.1466,-2.2748,1.5746,-11.9325,0,1,1,Backhand prepare 1.00,0,9,16.5471,-69.8433,0,0,Perfect,,-2.3219,-12.3363,1.5496,11.2,0.0708,0,0,3.2178,0,0
1288,Rally,None,1,-0.005,55.3723,-1.2799,3.4841,-16.7474,-1.5377,2.1107,-9.1903,1,Serve follow,1,-0.1033,Serve,22.4479,-2.4294,-2.1531,1.2758,-11.9079,0,1,1,Backhand prepare 1.00,0,9,24.5135,-61.1772,0,0,Perfect,,-2.3013,-12.3262,1.4295,11.2,0.0831,0,0,9.3772,0,0
1289,Rally,None,1,-0.005,55.4543,-1.2756,3.4819,-16.7444,-1.4283,2.0978,-8.7589,1,Serve follow,1,-0.12,Serve,21.6597,-11.2461,-2.1004,1.0815,-11.9328,2.8529,1,1,Backhand prepare 1.00,0,9,17.3963,-68.1458,0,0,Perfect,,-2.2845,-12.318,1.3494,11.2,0.082,0,0,14.4674,0,0
1290,Rally,None,1,-0.005,55.5256,-1.2705,3.4798,-16.7406,-1.3188,2.0821,-8.3275,1,Serve follow,1,-0.1367,Serve,21.2946,-13.1077,-2.0564,0.9645,-11.9919,1.4975,1,1,Backhand prepare 1.00,0,9,22.3499,-63.8536,0,0,Perfect,,-2.2652,-12.3085,1.2693,11.2,0.0713,0,0,16.558,0,0
1291,Rally,None,1,-0.005,55.5875,-1.2639,3.4778,-16.7351,-1.1545,2.0532,-7.6804,1,Serve follow,1,-0.1617,Serve,19.1214,-11.832,-1.9773,0.888,-12.0895,0.5533,1,1,Backhand prepare 1.00,0,9,27.7908,-60.0694,0,0,Perfect,,-2.2315,-12.292,1.1492,11.2,0.062,0,0,12.7803,0,0
1292,Rally,None,1,-0.005,55.6414,-1.2564,3.4759,-16.7288,-1.0451,2.0303,-7.249,1,Serve follow,1,-0.1783,Serve,19.434,-8.3274,-1.9223,0.9139,-12.1602,0.5018,1,1,Backhand prepare 1.00,0,9,33.6426,-55.4388,0,0,Perfect,,-2.2059,-12.2795,1.0691,11.2,0.0539,0,0,7.6172,0,0
1293,Rally,None,1,-0.005,55.6883,-1.247,3.4741,-16.7206,-0.8808,1.9906,-6.6018,1,Serve follow,1,-0.2033,Serve,18.1025,-2.8887,-1.8563,0.946,-12.197,0.1356,1,1,Backhand prepare 1.00,0,9,39.2788,-50.3493,0,0,Perfect,,-2.1629,-12.2584,0.949,11.2,0.0468,0,0,5.8954,0,0
1294,Rally,None,1,-0.005,55.729,-1.2367,3.4723,-16.7114,-0.7713,1.9605,-6.1704,1,Serve follow,1,-0.22,Serve,17.9889,0.3201,-1.7525,0.9792,-12.1547,0,1,1,Backhand prepare 1.00,0,9,44.0606,-46.1714,0,0,Perfect,,-2.1311,-12.2429,1.029,11.2,0.0407,0,0,3.3815,0,0
1295,Rally,None,1,-0.005,55.7644,-1.2255,3.4706,-16.7013,-0.6619,1.9276,-5.739,1,Serve follow,1,-0.2367,Serve,17.6257,3.0301,-1.7322,0.9531,-12.1738,0,1,1,Backhand prepare 1.00,0,9,46.1123,-44.7301,0,0,Perfect,,-2.0968,-12.2261,1.1091,11.2,0.0354,0,0,4.5659,0,0
1296,Rally,None,1,-0.005,55.7952,-1.2118,3.4689,-16.6889,-0.4976,1.8729,-5.0919,1,Serve follow,1,-0.2617,Serve,17.2375,6.5423,-1.6399,0.9453,-12.1286,0,1,1,Backhand prepare 1.00,0,9,44.8365,-46.5775,0,0,Perfect,,-2.0406,-12.1986,1.2293,11.2,0.0308,0,0,4.1859,0,0
1297,Rally,None,1,-0.005,55.8219,-1.1971,3.4673,-16.6756,-0.3881,1.8328,-4.6605,1,Serve follow,1,-0.2783,Serve,17.2069,8.4358,-1.5704,0.9202,-12.083,0,1,1,Backhand prepare 1.00,0,9,41.7137,-50.1815,0,0,Perfect,,-2.0001,-12.1788,1.3093,11.2,0.0268,0,0,4.2353,0,0
1298,Rally,None,1,-0.005,55.8452,-1.1799,3.4657,-16.6598,-0.2239,1.7673,-4.0133,1,Serve follow,0,9,Serve,17.0954,8.0019,-1.4905,0.9225,-12.0565,0,1,1,Backhand prepare 1.00,0,9,37.7433,-54.5083,17.285,0,Perfect,,-1.9346,-12.1467,1.4295,11.2,0.0233,0,0,4.2353,0,0
1299,Rally,None,1,-0.005,55.8654,-1.1616,3.4641,-16.6432,-0.1144,1.72,-3.5819,1,Run,0,9,Serve,17.1815,15.8466,-1.4052,0.9555,-12.0747,0,0.9555,0.8333,Forehand prepare 0.92,0,9,-48.6376,-9.6503,6.2547,0,Perfect,,-1.8878,-12.1238,1.5095,11.2,0.0202,0,1.1806,6.6909,0,0
1300,Rally,None,1,-0.005,55.883,-1.1424,3.4626,-16.6256,-0.0049,1.6699,-3.1505,1,Run,0,9,Serve,17.7917,18.6531,-1.361,0.9349,-12.0633,0,0.856,0.6667,Forehand prepare 0.83,0,9,-30.4964,-0.3953,0.6008,0,Perfect,,-1.8385,-12.0997,1.5896,11.2,0.0176,0,2.3611,2.4765,0,0
1301,Rally,None,1,-0.005,55.8983,-1.1202,3.4611,-16.6052,0.1593,1.5894,-2.5034,1,Run,0,9,Serve,18.9252,19.0691,-1.281,0.922,-12.0474,0,0.7361,0.5,Forehand prepare 0.75,0,9,-21.8854,3.3516,1.1387,0,Perfect,,-1.7599,-12.0612,1.7098,11.2,0.0153,0,3.536,2.0957,0,0
1302,Rally,None,1,-0.005,55.9116,-1.0971,3.4596,-16.5841,0.2688,1.5321,-2.072,1,Run,0,9,Serve,20.5893,19.8021,-1.2263,0.8839,-12.0074,4.9422,0.6155,0.3333,Forehand prepare 0.62,0,9,-28.8878,-4.3073,0,0,Perfect,,-1.7044,-12.0341,1.7898,11.2,0.0133,0,4.7222,1.8115,0,0
1303,Rally,None,1,-0.005,55.9231,-1.0708,3.4581,-16.5601,0.433,1.4408,-1.4248,1,Run,0,9,Serve,22.6656,20.8115,-1.1103,0.8901,-12.0199,0.1679,0.5041,0.1667,Forehand prepare 0.54,0,9,-20.8012,-3.8581,7.7053,0,Perfect,,-1.6165,-11.991,1.91,11.2,0.0116,0,5.9028,1.6481,0,0
1304,Rally,None,1,-0.005,55.9332,-1.0437,3.4566,-16.5353,0.5425,1.3763,-0.9934,1,Run,0,9,Serve,24.9584,21.952,-1.0941,0.8211,-11.9795,1.6836,0.4064,0,Forehand prepare 0.49,0,9,-29.5108,-9.2105,7.1859,0,Perfect,,-1.5547,-11.9608,1.99,11.2,0.01,0,7.0833,1.571,0,0
1305,Rally,None,1,-0.005,55.9419,-1.0158,3.4551,-16.5097,0.652,1.309,-0.562,1,Run,0,9,Serve,27.2751,23.0434,-1.0471,0.7781,-11.9419,14.7562,0.3236,0,Forehand prepare 0.52,0,9,-28.4408,-6.6325,0.2128,0,Perfect,,-1.4918,-11.93,2.0701,11.2,0.0087,0,8.2639,1.5355,0,0
1306,Rally,None,1,-0.005,55.9384,-0.9849,3.4537,-16.4815,0.8162,1.2026,0.0851,1,Run,0,9,Serve,29.4582,24.9336,-0.964,0.7732,-11.8914,0.7048,0.2551,0,Forehand prepare 0.56,0,9,-29.5299,-5.6525,0.9684,0,Perfect,,-1.3975,-11.8839,2.1903,11.2,-0.0035,0,7.3287,1.5076,0,0
1307,Rally,None,1,-0.005,55.8789,-0.9536,3.4522,-16.4529,0.9257,1.1281,0.5165,1,Run,0,9,Serve,31.3241,26.6926,-0.9082,0.7715,-11.8572,0,0.1995,0,Forehand prepare 0.62,0,9,-40.9598,-7.2325,1.5211,0,Perfect,,-1.3346,-11.8531,2.2703,11.2,-0.0594,0,5.776,1.4445,0,0
1308,Rally,None,1,-0.005,55.7427,-0.9199,3.4508,-16.422,1.0899,1.011,1.1637,1,Run,0,9,Serve,32.8382,27.9073,-0.8196,0.7636,-11.8093,0,0.1549,0,Forehand prepare 0.65,0,9,-48.2354,-7.4225,2.5377,0,Perfect,,-1.2403,-11.807,2.3905,11.2,-0.1362,0,4.5522,1.3298,0,0
1309,Rally,None,1,-0.005,55.568,-0.8862,3.4493,-16.3911,1.1994,0.9293,1.5951,1,Run,0,9,Serve,33.9118,28.7706,-0.7608,0.7623,-11.7766,0,0.1195,0,Forehand prepare 0.71,0,9,-46.1457,-1.8708,0,0,Perfect,,-1.1775,-11.7762,2.4705,11.2,-0.1748,0,3.5877,1.1218,0,0
1310,Rally,None,1,-0.005,55.3597,-0.8525,3.4479,-16.3602,1.3089,0.8448,2.0265,1,Run,0,9,Serve,34.5305,29.4324,-0.6531,0.7851,-11.7381,0,0.0918,0,Forehand prepare 0.75,0,9,-42.6972,2.6522,0,0,Perfect,,-1.1146,-11.7454,2.5506,11.2,-0.2083,0,2.8276,0.8159,0,0
1311,Rally,None,1,-0.005,55.094,-0.8166,3.4465,-16.3272,1.4731,0.7126,2.6736,1,Run,0,9,Serve,34.7995,29.9404,-0.5551,0.7844,-11.6814,0,0.0702,0,Forehand prepare 0.78,0,9,-45.0273,3.7522,0,0,Perfect,,-1.0203,-11.6993,2.6708,11.2,-0.2656,0,2.2285,0.4993,0,0
1312,Rally,None,1,-0.005,54.8067,-0.7811,3.445,-16.2945,1.5826,0.6209,3.105,1,Run,0,9,Serve,34.7033,30.4175,-0.5299,0.7605,-11.6353,0,0.0534,0,Forehand prepare 0.84,0,9,-58.0115,0.1451,0,0,Perfect,,-0.9574,-11.6685,2.7508,11.2,-0.2873,0,1.7563,0.3338,0,0
1313,Rally,None,1,-0.005,54.4725,-0.7436,3.4436,-16.2601,1.7468,0.478,3.7521,1,Run,0,9,Serve,34.332,30.9208,-0.431,0.7535,-11.5687,0,0.0405,0,Forehand prepare 0.88,0,9,-70.1022,-4.1788,0,0,Perfect,,-0.8631,-11.6224,2.871,11.2,-0.3343,0,1.3842,0.5576,0,0
1314,Rally,None,1,-0.005,54.1255,-0.7066,3.4422,-16.226,1.8563,0.3791,4.1836,1,Run,0,9,Serve,33.814,31.4588,-0.3613,0.7393,-11.5178,7.1858,0.0307,0,Forehand prepare 0.93,0,9,-80.4617,-11.1678,0,0,Perfect,,-0.8002,-11.5916,2.951,11.2,-0.347,0,1.0909,0.8452,0,0
1315,Rally,None,1,-0.005,53.7674,-0.6701,3.4408,-16.1924,1.9658,0.2774,4.615,1,Run,0,9,Serve,33.2438,32.0291,-0.2881,0.7644,-11.4694,2.7406,0.0231,0,Forehand prepare 0.97,0,9,-80.1814,-14.665,0.6766,0,Perfect,,-0.7373,-11.5608,3.0105,11.2,-0.358,0,0.8598,1.0421,0,0
1316,Rally,None,1,-0.005,53.3717,-0.6317,3.4393,-16.1571,2.13,0.1194,5.2621,1,Run,0,9,Serve,32.6515,32.6427,-0.1854,0.7976,-11.4063,1.1421,0.0174,0,Forehand prepare 1.00,0,9,-76.6717,-16.8792,0.8212,0,Perfect,,-0.643,-11.5147,3.0105,11.2,-0.3958,0,0.6776,1.131,0,0
1317,Rally,None,1,-0.005,52.9727,-0.594,3.4379,-16.1224,2.2365,0.133,5.6819,1,Run,0,9,Serve,32.1487,33.2403,-0.113,0.8165,-11.3594,3.8694,0.0131,0,Forehand prepare 1.00,0,9,-71.5878,-14.7939,1.0329,0,Perfect,,-0.5801,-11.4839,3.0505,11.2,-0.3989,0,0.5341,1.0843,0,0
1318,Rally,None,1,-0.005,52.5844,-0.5547,3.4366,-16.0862,2.3919,0.2277,6.2941,1,Run,0,9,Serve,31.8215,33.7148,-0.0134,0.8328,-11.3048,1.1476,0.0098,0,Forehand prepare 1.00,1,0.1753,-63.9073,-7.1247,5.297,0,Perfect,,-0.4874,-11.4385,3.1707,11.2,-0.3884,0,0.4209,0.8849,0,0
1319,Rally,None,1,-0.005,52.2468,-0.5164,3.4352,-16.0511,2.4955,0.2874,6.7022,1,Run,0,9,Serve,31.6797,34.4352,0.0488,0.8486,-11.2743,3.2911,0.0073,0,Backhand swing,1,0.1594,20.7238,-83.6841,3.4597,0,Perfect,,-0.4286,-11.4097,3.2507,11.2,-0.3376,0.0007,1.0753,0.612,0,0
1320,Rally,None,1,-0.005,51.9532,-0.4793,3.4338,-16.0169,2.5991,0.3443,7.1103,1,Run,0,9,Serve,31.7539,35.0031,0.1057,0.8531,-11.2508,0.3559,0.0055,0,Backhand swing,1,0.1434,22.4899,-86.6302,6.0101,0,Perfect,,-0.3723,-11.3822,3.3308,11.2,-0.2935,0.0026,2.4365,0.2768,0,0
1321,Rally,None,1,-0.005,51.6981,-0.4414,3.4324,-15.9821,2.7544,0.4244,7.7225,1,Run,0,9,Serve,31.981,35.2879,0.1841,0.849,-11.2181,0.2941,0.0041,0,Backhand swing,1,0.1195,20.4706,-77.0503,4.0607,0,Perfect,,-0.2925,-11.3432,3.4509,11.2,-0.2552,0.0058,3.5093,0.0954,0,0
1322,Rally,None,1,-0.005,51.4762,-0.405,3.4311,-15.9487,2.858,0.4744,8.1306,1,Run,0,9,Serve,32.3031,35.5319,0.2308,0.8476,-11.2003,1.4075,0.003,0,Backhand swing,1,0.1036,12.6644,-70.8531,0,0,Perfect,,-0.2425,-11.3187,3.531,11.2,-0.2218,0.0105,5.1493,0.4061,0,0
1323,Rally,None,1,-0.005,51.2834,-0.3685,3.4297,-15.9151,3.0133,0.544,8.7428,1,Run,0,9,Serve,32.6642,35.4579,0.2948,0.8331,-11.1735,8.7429,0.0023,0,Backhand swing,1,0.0797,6.5392,-54.3862,0,0,Perfect,,-0.1721,-11.2842,3.6512,11.2,-0.1929,0.016,5.6474,0.6467,0,0
1324,Rally,None,1,-0.005,51.1157,-0.3337,3.4284,-15.8831,3.1169,0.587,9.1509,1,Run,0,9,Serve,33.074,35.3816,0.3304,0.8262,-11.1602,0.4829,0,0,Backhand swing,1,0.0638,-47.4802,-99.8919,0,0,Perfect,,-0.1282,-11.2628,3.7312,11.2,-0.1677,0.0221,6.8344,0.7992,0,0
1325,Rally,None,1,-0.005,50.97,-0.3007,3.4271,-15.8527,3.2205,0.6272,9.559,1,Run,0,9,Serve,33.4834,35.0558,0.365,0.8139,-11.1484,0,0,0,Backhand swing,1,0.0478,-48.7433,-97.2257,1.3766,0,Perfect,,-0.0869,-11.2425,3.7592,11.2,-0.1458,0.0278,6.9754,0.8677,0,0
1326,Rally,None,1,-0.005,50.8432,-0.2679,3.4258,-15.8226,3.3758,0.6823,10.1712,1,Run,0,9,Serve,33.885,34.6661,0.4177,0.8008,-11.1279,0,0,0,Backhand swing,1,0.0239,-10.5603,-21.1528,2.0918,0,Perfect,,-0.0296,-11.2145,3.7592,11.2,-0.1267,0.0328,7.0866,0.8554,0,0.0002
1327,Rally,None,1,-0.005,50.7331,-0.2375,3.4245,-15.7945,3.4794,0.7155,10.5793,1,Run,0,9,Serve,34.2515,34.3744,0.4445,0.7953,-11.1189,0,0,0,Backhand swing,1,0.008,-8.7712,-5.1109,13.896,0,Perfect,,0,-11.2,3.7592,11.2,-0.1102,0.0371,7.9687,0.7644,0,0.0002
1328,Rally,None,1,-0.005,51.4212,-0.2111,3.4233,-15.771,3.5368,0.7341,10.6671,1,Ready,0,9,Serve,31.9706,31.789,0.4208,0.7796,-11.0947,4.5923,0,0,Backhand swing,1,0,-2.8574,4.4274,4.9975,0,Perfect,R;,0,-11.2,3.7655,11.2,0.6881,0.0393,6.2803,1.1458,0,0.0002
1329,Rally,None,1,-0.005,52.0193,-0.1883,3.4221,-15.7507,3.5174,0.8056,10.3613,1,Ready,0,9,Serve,27.9953,26.9764,0.3705,0.8003,-11.0503,4.2516,0,0,Backhand swing,1,-0.0167,5.3168,22.6381,1.9876,0,Perfect,,0,-11.2,3.6854,11.2,0.5982,0.039,4.9497,1.125,0,0.0001
1330,Rally,None,1,-0.005,52.5394,-0.1686,3.4209,-15.733,3.4981,0.8747,10.0556,1,Ready,0,9,Serve,24.357,22.3647,0.3175,0.8187,-11.0159,10.2136,0,0,Backhand follow,1,-0.0333,12.3902,26.5039,2.3265,0,Perfect,,0,-11.2,3.6053,11.2,0.52,0.0364,3.901,1.3303,0,0.0001
1331,Rally,None,1,-0.005,52.9915,-0.1516,3.4197,-15.7177,3.4691,0.9735,9.5969,1,Ready,0,9,Serve,21.4183,18.7362,0.2739,0.8274,-10.9963,0.268,0,0,Backhand follow,1,-0.0583,27.8046,40.8116,2.4791,0,Perfect,,0,-11.2,3.4852,11.2,0.4521,0.0319,3.0745,1.7071,0,0.0001
1332,Rally,None,1,-0.005,53.3845,-0.1369,3.4185,-15.7044,3.4497,1.0362,9.2912,1,Ready,0,9,Serve,18.8915,15.8515,0.2381,0.8255,-10.9922,0.4075,0,0,Backhand follow,1,-0.075,39.3395,47.552,2.6488,0,Perfect,,0,-11.2,3.4051,11.2,0.393,0.0264,2.4231,1.9441,0,0.0001
1333,Rally,None,1,-0.005,53.7262,-0.124,3.4173,-15.6932,3.4207,1.1256,8.8325,1,Ready,0,9,Serve,16.7068,13.5176,0.2066,0.8222,-10.987,0.4867,0,0,Backhand follow,1,-0.1,50.7788,64.2042,6.4905,0,Perfect,,0.0034,-11.2025,3.285,11.2,0.3417,0.0206,1.9097,1.9529,0,0.0001
1334,Rally,None,1,-0.005,54.0233,-0.1126,3.4162,-15.6839,3.4013,1.182,8.5268,1,Run,0,9,Serve,14.9267,11.1343,0.157,0.838,-10.949,0.3411,0,0,Backhand follow,1,-0.1167,51.2266,69.1348,3.264,0,Perfect,,0.0084,-11.2061,3.2049,11.2,0.2971,0.0143,2.1421,1.5927,0,0.0001
1335,Rally,None,1,-0.005,54.2815,-0.1023,3.415,-15.6766,3.382,1.2359,8.221,1,Run,0,9,Serve,14.1309,9.8901,0.1636,0.8632,-10.9187,0.3988,0,0,Backhand follow,1,-0.1333,52.8063,73.487,0.3854,0,Perfect,,0.0157,-11.2114,3.1248,11.2,0.2582,0.0083,3.0954,0.9693,0,0.0001
1336,Rally,None,1,-0.005,54.506,-0.0923,3.4138,-15.6717,3.353,1.312,7.7624,1,Run,0,9,Serve,14.5691,9.6471,0.1834,0.8505,-10.9517,0.6517,0,0,Backhand follow,1,-0.1583,56.5153,79.2477,0.5295,0,Perfect,,0.0309,-11.2225,3.0047,11.2,0.2245,0.0031,3.9713,0.3265,0,0.0001
1337,Rally,None,1,-0.005,54.7012,-0.0829,3.4127,-15.6688,3.3336,1.3596,7.4566,1,Run,0,9,Serve,16.245,10.3848,0.2481,0.8274,-10.9876,1.1047,0,0,Backhand follow,1,-0.175,55.3602,81.4803,3.0395,0,Perfect,,0.0438,-11.2319,2.9246,11.2,0.1952,-0.0008,5.4838,1.0586,0,0
1338,Rally,None,1,-0.005,54.8709,-0.0731,3.4116,-15.6684,3.3046,1.4263,6.998,1,Run,0,9,Serve,18.9482,12.3668,0.3001,0.8053,-11.0163,6.1422,0,0,Backhand follow,1,-0.2,58.0909,84.7161,9.3458,0,Perfect,,0.0674,-11.249,2.8045,11.2,0.1697,-0.0034,5.9027,1.9346,0,0
1339,Rally,None,1,-0.005,55.0184,-0.0633,3.4105,-15.6699,3.2852,1.4676,6.6922,1,Run,0,9,Serve,22.0078,14.203,0.3559,0.7714,-11.0507,4.5699,0,0,Backhand follow,1,-0.2167,54.9861,85.9592,2.8148,0,Perfect,,0.0859,-11.2625,2.7244,11.2,0.1475,-0.0047,7.0297,1.0127,0,0
1340,Rally,None,1,-0.005,55.1466,-0.0535,3.4094,-15.6732,3.2659,1.5063,6.3865,1,Run,0,9,Serve,24.8097,16.39,0.4193,0.7372,-11.1146,0.8704,0,0,Backhand follow,1,-0.2333,54.4143,87.9097,2.5812,0,Perfect,,0.1067,-11.2776,2.6443,11.2,0.1282,-0.005,7.1273,0.942,0,0
1341,Rally,None,1,-0.005,55.2581,-0.0425,3.4083,-15.6795,3.2369,1.5597,5.9279,1,Run,0,9,Serve,27.0105,18.1633,0.4831,0.7197,-11.1756,0.6354,0,0,Backhand follow,1,-0.2583,54.8748,89.8694,3.3314,0,Perfect,,0.1421,-11.3033,2.5242,11.2,0.1115,-0.0045,7.205,0.8531,0,0
1342,Rally,None,1,-0.005,55.355,-0.0311,3.4072,-15.6875,3.2175,1.5922,5.6221,1,Run,0,9,Serve,28.5478,19.1883,0.5254,0.705,-11.2048,0,0,0,Backhand follow,1,-0.275,53.4,91.5046,5.6114,0,Perfect,,0.1685,-11.3225,2.4441,11.2,0.0969,-0.0037,8.061,0.6642,0,0
1343,Rally,None,1,-0.005,55.4393,-0.0182,3.4062,-15.6986,3.1885,1.6362,5.1635,1,Run,0,9,Serve,29.5679,20.1369,0.5841,0.7002,-11.2454,8.3391,0,0,Backhand follow,0,9,52.3932,92.1066,1.2342,0,Perfect,,0.2123,-11.3544,2.324,11.2,0.0843,-0.0026,7.9418,0.4152,0,0
1344,Rally,None,1,-0.005,55.5125,-0.0048,3.4051,-15.7113,3.1691,1.6623,4.8577,1,Run,0,9,Serve,30.1092,20.5686,0.6282,0.6974,-11.2763,3.6424,0,0,Run,0,9,51.8622,58.74,2.4148,0,Perfect,,0.2443,-11.3777,2.2439,11.2,0.0733,-0.0016,8.5,0.1526,0,0
1345,Rally,None,1,-0.005,55.5762,0.0092,3.4041,-15.7257,3.1498,1.686,4.5519,1,Run,0,9,Serve,30.3101,21.0866,0.6739,0.7029,-11.3017,2.6194,0,0,Run,0,9,52.2757,51.5714,3.9839,0,Perfect,,0.2786,-11.4026,2.1638,11.2,0.0637,-0.0007,8.4002,0.173,0,0
1346,Rally,None,1,-0.005,55.6316,0.0253,3.4031,-15.7434,3.1208,1.7167,4.0933,1,Run,0,9,Serve,30.2429,21.5729,0.7395,0.7081,-11.3353,2.1813,0,0,Run,0,9,52.3609,50.6121,1.4153,0,Perfect,,0.3342,-11.443,2.0437,11.2,0.0554,0,8.2094,0.4067,0,0
1347,Rally,None,1,-0.005,55.6797,0.0421,3.4021,-15.7627,3.1014,1.734,3.7875,1,Run,0,9,Serve,29.9345,21.8823,0.7869,0.6997,-11.3534,2.4585,0,0,Run,0,9,52.044,49.8795,1.7,0,Perfect,,0.3741,-11.472,1.9636,11.2,0.0481,0.0005,8.5,0.6145,0,0
1348,Rally,None,1,-0.005,55.7216,0.0611,3.4012,-15.7856,3.0724,1.7553,3.3289,1,Run,0,9,Serve,29.4499,22.3607,0.858,0.7075,-11.3873,0,0,0,Run,0,9,51.4335,49.3885,0.5622,0,Perfect,,0.4381,-11.5185,1.8435,11.2,0.0418,0.0008,8.5,0.7892,0,0
1349,Rally,None,1,-0.005,55.7579,0.0809,3.4002,-15.8098,3.0531,1.7663,3.0232,1,Run,0,9,Serve,28.8273,22.9102,0.9105,0.7167,-11.406,0,0,0,Run,0,9,50.6388,49.1943,0,0,Perfect,,0.4836,-11.5516,1.7634,11.2,0.0364,0.0008,8.5,0.9201,0,0
1350,Rally,None,1,-0.005,55.7896,0.1014,3.3993,-15.8354,3.0337,1.7748,2.7174,1,Run,0,9,Serve,28.132,23.5195,0.966,0.7346,-11.425,2.9342,0,0,Run,0,9,49.6281,49.3904,0,0,Perfect,,0.5313,-11.5863,1.6833,11.2,0.0316,0.0008,8.5,0.9914,0,0
1351,Rally,None,1,-0.005,55.8171,0.1247,3.3984,-15.8648,3.0047,1.7828,2.2588,1,Run,0,9,Serve,27.4397,24.1545,1.0526,0.7788,-11.4653,1.1249,0,0,Run,0,9,48.7103,49.8227,0,0,Perfect,,0.6072,-11.6415,1.5632,11.2,0.0275,0.0007,8.5,0.987,0,0
1352,Rally,None,1,-0.005,55.841,0.1486,3.3975,-15.8956,2.9853,1.785,1.953,1,Run,0,9,Serve,26.8121,24.7738,1.1173,0.8053,-11.4926,2.2323,0,0,Run,0,9,47.8772,50.4779,3.493,0,Perfect,,0.6605,-11.6803,1.4831,11.2,0.0239,0.0005,8.5,0.9006,0,0
1353,Rally,None,1,-0.005,55.8617,0.1754,3.3967,-15.9303,2.9563,1.7836,1.4944,1,Run,0,9,Serve,26.299,25.3523,1.2109,0.8143,-11.546,18.187,0,0,Run,0,9,47.2504,51.2334,1.6595,0,Perfect,,0.7448,-11.7415,1.363,11.2,0.0208,0.0003,8.5,0.7394,0,0
1354,Rally,None,1,-0.005,55.8798,0.2028,3.3958,-15.9661,2.937,1.7795,1.1886,1,Run,0,9,Serve,26.0009,25.7762,1.2771,0.8121,-11.5855,6.3799,0,0,Run,0,9,47.0036,51.9106,5.9071,0,Perfect,,0.8038,-11.7844,1.2829,11.2,0.0181,0.0001,8.5,0.4781,0,0
1355,Rally,None,1,-0.005,55.8955,0.231,3.395,-16.0031,2.9176,1.7729,0.8829,1,Forehand prepare 0.02,0,9,Serve,28.8067,24.9631,1.3405,0.7967,-11.6546,4.0639,0.2083,0.1667,Run,0,9,47.0696,52.4604,1.1139,0,Perfect,,0.865,-11.8289,1.2028,11.2,0.0157,0,8.5,0.602,0,0
1356,Rally,None,1,-0.005,55.9092,0.262,3.3942,-16.0439,2.8886,1.7582,0.4242,1,Forehand prepare 0.05,0,9,Serve,44.9215,28.6138,1.3973,0.7897,-11.7293,0.3483,0.4167,0.3333,Run,0,9,47.4526,52.7952,1.8297,0,Perfect,,0.9559,-11.8951,1.0827,11.2,0.0137,-0.0001,8.5,5.4923,0,0
1357,Rally,None,1,-0.005,55.921,0.293,3.3934,-16.0849,2.8692,1.7453,0.1185,1,Forehand prepare 0.10,0,9,Serve,45.8501,32.3935,1.4469,0.7584,-11.9044,0.2467,0.625,0.5,Run,0,9,48.2003,52.8092,0.0235,0,Perfect,,1.0138,-11.9371,1.0026,11.2,0.0119,-0.0001,5.1825,5.7532,0,0
1358,Rally,None,1,-0.005,55.9313,0.3258,3.3927,-16.1284,2.8402,1.7211,-0.3402,1,Forehand prepare 0.13,0,9,Serve,41.4173,32.6922,1.5252,0.8056,-11.9739,2.1976,0.8333,0.6667,Run,0,9,49.0904,52.5777,0.7594,0,Perfect,,1.0963,-11.9971,0.8825,11.2,0.0103,-0.0001,2.4955,6.5191,0,0
1359,Rally,None,1,-0.005,55.9324,0.3582,3.3922,-16.1712,2.8209,1.7019,-0.6459,1,Forehand prepare 0.18,0,9,Serve,44.1569,33.8969,1.5668,0.8273,-12.0615,15.3798,1,0.8333,Run,0,9,50.0769,52.1008,2.6217,0,Perfect,,1.1487,-12.036,0.8024,11.2,0.001,0.0001,0.4169,7.1816,0,0
1360,Rally,None,1,-0.005,55.9254,0.39,3.3919,-16.2138,2.8015,1.6801,-0.9517,1,Forehand prepare 0.21,0,9,Serve,45.0162,33.4248,1.5897,0.8257,-12.1052,5.5774,1,1,Run,0,9,51.086,51.4192,0.809,0,Perfect,,1.1992,-12.077,0.7223,11.2,-0.0069,0.0011,1.3884,5.7316,0,0
1361,Rally,None,1,-0.005,55.9077,0.423,3.392,-16.2593,2.7725,1.6428,-1.4103,1,Forehand prepare 0.25,0,9,Serve,43.2007,31.5072,1.6163,0.8097,-12.1565,5.4745,1,1,Run,0,9,51.8426,50.7212,0.8952,0,Perfect,,1.2708,-12.1417,0.6022,11.2,-0.0177,0.0024,2.4672,3.9507,0,0
1362,Rally,None,1,-0.005,55.8845,0.455,3.3923,-16.3046,2.7532,1.6147,-1.7161,1,Forehand prepare 0.29,0,9,Serve,39.5203,29.2462,1.7136,0.8236,-12.1813,1.0167,1,1,Run,0,9,52.4071,50.0193,2.508,0,Perfect,,1.3155,-12.1863,0.5221,11.2,-0.0232,0.0042,4.3145,3.0683,0,0
1363,Rally,None,1,-0.005,55.8528,0.4874,3.3928,-16.3528,2.7241,1.5679,-2.1747,1,Forehand prepare 0.33,0,9,Serve,36.5136,27.3752,1.8338,0.8463,-12.2298,0.7957,1,1,Run,0,9,52.6417,49.4533,0.2691,0,Perfect,,1.3774,-12.2545,0.402,11.2,-0.0317,0.0063,4.9759,4.3707,0,0
1364,Rally,None,1,-0.005,55.8175,0.5184,3.3935,-16.4007,2.7048,1.5335,-2.4805,1,Forehand prepare 0.37,0,9,Serve,33.7071,28.0091,1.952,0.9168,-12.262,1.9019,1,1,Run,0,9,52.4734,49.1332,1.8358,0,Perfect,,1.4153,-12.3003,0.3219,11.2,-0.0353,0.009,6.2386,7.6677,0,0
1365,Rally,None,1,-0.005,55.7791,0.548,3.3943,-16.4483,2.6854,1.4966,-2.7862,1,Forehand prepare 0.40,0,9,Serve,30.9898,29.5259,2.0227,0.975,-12.3061,11.3749,1,1,Run,0,9,52.0075,49.0601,0.8497,0,Perfect,,1.4504,-12.346,0.2418,11.2,-0.0384,0.0122,6.4329,9.5828,0,0
1366,Rally,None,1,-0.005,55.7341,0.5772,3.3953,-16.4985,2.6564,1.4365,-3.2449,1,Forehand prepare 0.44,0,9,Serve,28.1136,32.4402,2.0926,1.0468,-12.3922,0.5647,1,1,Run,0,9,51.2793,49.2622,0,0,Perfect,,1.4979,-12.4136,0.1217,11.2,-0.045,0.0154,6.5726,10.2743,0,0
1367,Rally,None,1,-0.005,55.6873,0.6048,3.3964,-16.5478,2.6371,1.3934,-3.5506,1,Forehand prepare 0.48,0,9,Serve,27.954,38.0842,2.1237,1.1653,-12.5096,1.1055,1,1,Run,0,9,50.2992,49.7668,0,0,Perfect,,1.5262,-12.4577,0.0416,11.2,-0.0469,0.0189,7.4231,8.5303,0,0
1368,Rally,None,1,-0.005,55.6348,0.6317,3.3977,-16.599,2.608,1.3238,-4.0093,1,Forehand prepare 0.51,0,9,Serve,29.2397,42.4836,2.1385,1.2405,-12.6369,7.5845,1,1,Run,0,9,49.3579,50.4131,0,0,Perfect,,1.5639,-12.5217,0,11.2,-0.0525,0.0224,7.3387,4.9182,0,0
1369,Rally,None,1,-0.005,55.5814,0.6568,3.3991,-16.6488,2.5887,1.2743,-4.315,1,Forehand prepare 0.56,0,9,Serve,28.4674,47.5226,2.1004,1.3243,-12.7299,0.9765,1,1,Ready,0,9,45.4507,45.0817,1.8307,0,Perfect,,1.5861,-12.5626,0,11.2,-0.0535,0.0261,7.9962,3.9543,0,0
1370,Rally,None,1,-0.005,55.527,0.6802,3.4005,-16.6972,2.5693,1.2223,-4.6208,1,Forehand prepare 0.59,0,9,Serve,20.578,48.6969,2.0973,1.3369,-12.7632,1.2892,1,1,Ready,0,9,38.6291,37.306,3.1356,0,Perfect,,1.6062,-12.6017,0,11.2,-0.0544,0.0294,7.7574,5.8748,0,0
1371,Rally,None,1,-0.005,55.4677,0.7026,3.4021,-16.7464,2.5403,1.1395,-5.0794,1,Forehand prepare 0.63,0,9,Serve,11.1843,49.8668,2.1051,1.3749,-12.8195,1.2616,1,1,Ready,0,9,32.2006,30.4567,2.1912,0,Perfect,,1.6324,-12.6569,0,11.2,-0.0593,0.0321,7.5677,8.6637,0,0
1372,Rally,None,1,-0.005,55.4081,0.7233,3.4037,-16.7936,2.521,1.0812,-5.3852,1,Forehand prepare 0.68,0,9,Serve,6.1609,54.4604,2.0492,1.437,-12.8792,1.443,1,1,Ready,0,9,27.1988,24.8724,1.4923,0,Perfect,,1.6475,-12.6911,0,11.2,-0.0596,0.0347,8.1712,7.282,0,0
1373,Rally,None,1,-0.005,55.3441,0.7428,3.4055,-16.8407,2.4919,0.989,-5.8438,1,Forehand prepare 0.71,0,9,Serve,8.8841,60.3175,1.98,1.4935,-12.9274,0.1185,1,1,Ready,0,9,23.6894,20.6413,0.592,0,Perfect,,1.6668,-12.7385,0,11.2,-0.064,0.0368,7.9331,3.852,0,0
1374,Rally,None,1,-0.005,55.2803,0.7608,3.4073,-16.8855,2.4726,0.9243,-6.1496,1,Forehand prepare 0.76,0,9,Serve,12.0192,65.6423,1.8688,1.5519,-12.8996,0.3163,1,1,Ready,0,9,21.3849,17.5253,1.3885,0,Perfect,,1.6776,-12.7674,0,11.2,-0.0638,0.0388,8.5,7.435,0,0
1375,Rally,None,1,-0.005,55.2165,0.7772,3.4091,-16.9278,2.4532,0.8572,-6.4553,1,Forehand prepare 0.79,0,9,Serve,7.3062,64.4911,1.8505,1.563,-12.889,0.4946,1,1,Ready,0,9,19.9716,15.2145,1.0635,0,Perfect,,1.6867,-12.794,0,11.2,-0.0638,0.0403,8.2531,10.0468,0,0
1376,Rally,None,1,-0.005,55.1485,0.7924,3.4111,-16.9692,2.4242,0.7517,-6.914,1,Forehand prepare 0.82,0,9,Serve,-1.3638,59.7921,1.9065,1.5356,-12.9279,0.5403,1,1,Ready,0,9,19.1956,13.4531,0.5024,0,Perfect,,1.6973,-12.8297,0,11.2,-0.068,0.0412,8.0499,12.48,0,0
1377,Rally,None,1,-0.005,55.0809,0.8062,3.4132,-17.0078,2.4049,0.6783,-7.2197,1,Forehand prepare 0.88,0,9,Serve,-17.5235,50.0396,2.0459,1.4064,-12.9832,0.8887,1,1,Ready,0,9,18.8188,12.1278,0.2551,0,Perfect,,1.7025,-12.8506,0,11.2,-0.0676,0.042,8.5,18.6395,0,0
1378,Rally,None,1,-0.005,55.0094,0.8187,3.4153,-17.0449,2.3759,0.5633,-7.6784,1,Forehand prepare 0.91,0,9,Serve,-23.9489,42.3085,2.1245,1.2384,-13.0479,0,1,1,Ready,0,9,18.6788,11.2128,0.0894,0,Perfect,,1.7074,-12.8776,0,11.2,-0.0716,0.0425,8.4057,20.7315,0,0
1379,Rally,None,1,-0.005,54.9386,0.8299,3.4175,-17.079,2.3565,0.4836,-7.9841,1,Forehand prepare 0.96,0,9,Serve,-24.7787,35.096,2.1664,0.9887,-13.026,0,1,1,Ready,0,9,18.6585,10.5888,0,0,Perfect,,1.7089,-12.8926,0,11.2,-0.0708,0.0431,8.5,17.7708,0,0
1380,Rally,None,1,-0.005,54.8683,0.8398,3.4197,-17.1102,2.3372,0.4013,-8.2899,1,Forehand prepare 1.00,0,9,Serve,-20.8301,30.2869,2.1462,0.8531,-12.9367,0,1,1,Ready,0,9,18.6637,10.1671,0,0,Perfect,,1.7089,-12.9052,0,11.2,-0.0703,0.0434,8.5,12.9831,0,0
1381,Rally,None,1,-0.005,54.794,0.8484,3.422,-17.1392,2.3081,0.2731,-8.7485,1,Forehand prepare 1.00,0,9,Serve,-18.6022,28.1778,2.1333,0.8154,-12.9098,0,1,1,Ready,0,9,18.6693,9.9556,0,0,Perfect,,1.7064,-12.9196,0,11.2,-0.0743,0.0434,8.3967,9.0941,0,0
1382,Rally,None,1,-0.005,54.7206,0.8558,3.4243,-17.1652,2.2888,0.1845,-9.0543,1,Forehand prepare 1.00,0,9,Serve,-16.0068,27.3126,2.1194,0.7905,-12.8975,0,1,1,Ready,0,9,18.6447,9.9589,0,0,Perfect,,1.7031,-12.9262,0,11.2,-0.0734,0.0434,8.5,6.5592,0,0
1383,Rally,None,1,-0.005,54.6498,0.8619,3.4266,-17.1884,2.2604,0.1327,-9.5022,1,Forehand prepare 1.00,0,9,Serve,-12.9765,27.5402,2.1033,0.7713,-12.9082,0,1,1,Ready,0,9,18.6032,10.0966,0,0,Perfect,,1.6956,-12.9315,0,11.2,-0.0708,0.0433,8.5,5.9356,0,0
1384,Rally,None,1,-0.005,54.5792,0.867,3.4288,-17.2087,2.2424,0.1961,-9.7866,1,Forehand prepare 1.00,0,9,Serve,-11.3881,27.2182,2.0872,0.7553,-12.9168,3.2122,1,1,Ready,0,9,18.5493,10.275,0,0,Perfect,,1.6901,-12.9324,0,11.2,-0.0706,0.0434,8.5,6.3391,0,0
1385,Rally,None,1,-0.005,54.5088,0.8713,3.4311,-17.2263,2.2244,0.2569,-10.071,1,Forehand prepare 1.00,0,9,Serve,-7.8686,30.0662,2.0702,0.7365,-12.9876,1.9939,1,1,Ready,0,9,18.4889,10.4703,0,0,Perfect,,1.6873,-12.9328,0,11.2,-0.0704,0.043,7.7787,6.8296,0,0
1386,Rally,None,1,-0.005,54.4339,0.8753,3.4336,-17.2415,2.1975,0.3432,-10.4975,1,Forehand prepare 1.00,0,9,Serve,-5.1839,32.5069,2.0445,0.7119,-13.0474,0.3079,1,1,Ready,0,9,18.5303,10.7397,0.9308,0,Perfect,,1.6869,-12.9329,0,11.2,-0.0748,0.041,5.8725,7.2268,0,0
1387,Rally,None,1,-0.005,54.3598,0.879,3.436,-17.2547,2.1795,0.3973,-10.7819,1,Forehand prepare 1.00,0,9,Serve,-3.2568,34.5771,2.0174,0.7009,-13.0939,0.2074,1,1,Ready,0,9,18.5792,10.9763,0.0799,0,Perfect,,1.6869,-12.9329,0,11.2,-0.0741,0.0372,4.7526,7.0441,0,0
1388,Rally,None,1,-0.005,54.2818,0.8824,3.4386,-17.2661,2.1525,0.4737,-11.2085,1,Forehand prepare 1.00,1,0.1562,LowPickup,3.707,52.0476,1.9444,0.7534,-13.2385,0.1647,1,1,Ready,0,9,18.6069,11.1288,0.0152,0,Perfect,,1.6869,-12.9329,0,11.2,-0.078,0.0265,2.952,11.4326,0,0
1389,Rally,Ultimate,0,-0.005,54.2048,0.8856,3.4411,-17.2759,2.1345,0.5213,-11.4928,1,Forehand swing,1,0.1215,LowPickup,-12.1656,34.0189,2.0301,0.6613,-12.9275,0.184,1,1,Ready,0,9,18.5948,11.1968,0.0161,0,Perfect,,1.6869,-12.9329,0,11.2,-0.0769,0.0206,2.3266,0.9606,0,0
1390,Rally,Ultimate,0,-0.005,34,2.0869,1.535,-11.1339,2.1345,0.5213,-11.4928,1,Forehand swing,1,0.1215,LowPickup,-8.2443,34.8807,2.0405,0.6496,-12.8637,0.4782,1,1,Ready,0,9,18.4979,11.1735,0.0062,0,Perfect,,1.6869,-12.9329,0,11.2,-20.2048,0.0206,2.3266,0.9606,0,0
1391,Rally,Ultimate,0,-0.005,34,2.0869,1.535,-11.1366,2.1345,0.5213,-11.4928,1,Forehand swing,1,0.1215,LowPickup,-8.9109,32.9599,2.0646,0.6452,-12.7802,0,1,1,Ready,0,9,18.4979,11.1735,0,0,Perfect,,1.6869,-12.9329,0,11.2,0,0.0206,2.3266,0.9606,0,0
1392,Rally,Ultimate,0,-0.005,34,2.0869,1.535,-11.1411,2.1345,0.5213,-11.4928,1,Forehand swing,1,0.1215,LowPickup,-9.5776,31.0434,2.0779,0.6421,-12.7303,0,1,1,Ready,0,9,18.4979,11.1735,0,0,Perfect,,1.6869,-12.9329,0,11.2,0,0.0206,2.3266,0.9606,0,0
1393,Rally,Ultimate,0,-0.005,34,2.0869,1.535,-11.1471,2.1345,0.5213,-11.4928,1,Forehand swing,1,0.1215,LowPickup,-10.2443,29.1322,2.0814,0.6406,-12.7149,0,1,1,Ready,0,9,18.4979,11.1735,0,0,Perfect,,1.6869,-12.9329,0,11.2,0,0.0206,2.3266,0.9606,0,0
1394,Rally,Ultimate,0,-0.005,34,2.0869,1.535,-11.1546,2.1345,0.5213,-11.4928,1,Forehand swing,1,0.1215,LowPickup,-10.911,27.2261,2.0839,0.6392,-12.699,0,1,1,Ready,0,9,18.4979,11.1735,0,0,Perfect,,1.6869,-12.9329,0,11.2,0,0.0206,2.3266,0.9606,0,0
1395,Rally,Ultimate,0,-0.005,34,2.0869,1.535,-11.1634,2.1345,0.5213,-11.4928,1,Forehand swing,1,0.1215,LowPickup,-11.5777,25.3257,2.0854,0.638,-12.6827,0,1,1,Ready,0,9,18.4979,11.1735,0,0,Perfect,,1.6869,-12.9329,0,11.2,0,0.0206,2.3266,0.9606,0,0
1396,Rally,Ultimate,0,-0.005,34,2.0869,1.535,-11.1735,2.1345,0.5213,-11.4928,1,Forehand swing,1,0.1215,LowPickup,-12.2444,23.4314,2.0861,0.6369,-12.666,0,1,1,Ready,0,9,18.4979,11.1735,0,0,Perfect,,1.6869,-12.9329,0,11.2,0,0.0206,2.3266,0.9606,0,0
1397,Rally,Ultimate,0,-0.005,34,2.0869,1.535,-11.1846,2.1345,0.5213,-11.4928,1,Forehand swing,1,0.1215,LowPickup,-12.9111,21.5433,2.086,0.6361,-12.649,0,1,1,Ready,0,9,18.4979,11.1735,0,0,Perfect,,1.6869,-12.9329,0,11.2,0,0.0206,2.3266,0.9606,0,0
1398,Rally,Ultimate,0,-0.005,34,2.0869,1.535,-11.1968,2.1345,0.5213,-11.4928,1,Forehand swing,1,0.1215,LowPickup,-13.5778,19.6616,2.0851,0.6354,-12.6319,0,1,1,Ready,0,9,18.4979,11.1735,0,0,Perfect,,1.6869,-12.9329,0,11.2,0,0.0206,2.3266,0.9606,0,0
1399,Rally,Ultimate,0,-0.005,34,2.0869,1.535,-11.2098,2.1345,0.5213,-11.4928,1,Forehand swing,1,0.1215,LowPickup,-14.2444,17.7859,2.0835,0.6349,-12.6147,0,1,1,Ready,0,9,18.4979,11.1735,0,0,Perfect,,1.6869,-12.9329,0,11.2,0,0.0206,2.3266,0.9606,0,0
1400,Rally,Ultimate,0,-0.005,34,2.0869,1.535,-11.2236,2.1345,0.5213,-11.4928,1,Forehand swing,1,0.1215,LowPickup,-14.9111,15.9157,2.0813,0.6345,-12.5975,0,1,1,Ready,0,9,18.4979,11.1735,0,0,Perfect,,1.6869,-12.9329,0,11.2,0,0.0206,2.3266,0.9606,0,0
1401,Rally,Ultimate,0,-0.005,34,2.0869,1.535,-11.2381,2.1345,0.5213,-11.4928,1,Forehand swing,1,0.1215,LowPickup,-15.5778,14.0503,2.0784,0.6343,-12.5802,0,1,1,Ready,0,9,18.4979,11.1735,0,0,Perfect,,1.6869,-12.9329,0,11.2,0,0.0206,2.3266,0.9606,0,0
1402,Rally,Ultimate,0,-0.005,34,2.0869,1.535,-11.2531,2.1345,0.5213,-11.4928,1,Forehand swing,1,0.1215,LowPickup,-16.2445,12.189,2.0749,0.6342,-12.5631,0,1,1,Ready,0,9,18.4979,11.1735,0,0,Perfect,,1.6869,-12.9329,0,11.2,0,0.0206,2.3266,0.9606,0,0
1403,Rally,Ultimate,0,-0.005,34,2.0869,1.535,-11.2684,2.1345,0.5213,-11.4928,1,Forehand swing,1,0.1215,LowPickup,-16.9112,10.3308,2.0709,0.6342,-12.5461,0,1,1,Ready,0,9,18.4979,11.1735,0,0,Perfect,,1.6869,-12.9329,0,11.2,0,0.0206,2.3266,0.9606,0,0
1404,Rally,Ultimate,0,-0.005,34,2.0869,1.535,-11.2841,2.1345,0.5213,-11.4928,1,Forehand swing,1,0.1215,LowPickup,-17.5779,8.4749,2.0662,0.6343,-12.5293,0,1,1,Ready,0,9,18.4979,11.1735,0,0,Perfect,,1.6869,-12.9329,0,11.2,0,0.0206,2.3266,0.9606,0,0
1405,Rally,Ultimate,0,-0.005,34,2.0869,1.535,-11.3,2.1345,0.5213,-11.4928,1,Forehand swing,1,0.1215,LowPickup,-18.2446,6.62,2.0611,0.6344,-12.5128,0,1,1,Ready,0,9,18.4979,11.1735,0,0,Perfect,,1.6869,-12.9329,0,11.2,0,0.0206,2.3266,0.9606,0,0
1406,Rally,Ultimate,0,-0.005,34,2.0869,1.535,-11.3159,2.1345,0.5213,-11.4928,1,Forehand swing,1,0.1215,LowPickup,-18.9113,4.7657,2.0553,0.6345,-12.4965,0,1,1,Ready,0,9,18.4979,11.1735,0,0,Perfect,,1.6869,-12.9329,0,11.2,0,0.0206,2.3266,0.9606,0,0
1407,Rally,Ultimate,0,-0.005,34,2.0869,1.535,-11.3317,2.1345,0.5213,-11.4928,1,Forehand swing,1,0.1215,LowPickup,-19.5779,2.9109,2.0491,0.6346,-12.4805,0,1,1,Ready,0,9,18.4979,11.1735,0,0,Perfect,,1.6869,-12.9329,0,11.2,0,0.0206,2.3266,0.9606,0,0
1408,Rally,Ultimate,0,-0.005,34,2.0869,1.535,-11.3474,2.1345,0.5213,-11.4928,1,Forehand swing,1,0.1215,LowPickup,-20.2446,1.0554,2.0423,0.6346,-12.4648,0,1,1,Ready,0,9,18.4979,11.1735,0,0,Perfect,,1.6869,-12.9329,0,11.2,0,0.0206,2.3266,0.9606,0,0
1409,Rally,Ultimate,0,-0.005,34,2.0869,1.535,-11.3628,2.1345,0.5213,-11.4928,1,Forehand swing,1,0.1215,LowPickup,-20.9113,-0.802,2.0351,0.6347,-12.45,0,1,1,Ready,0,9,18.4979,11.1735,0,0,Perfect,,1.6869,-12.9329,0,11.2,0,0.0206,2.3266,0.9606,0,0
1410,Rally,Ultimate,0,-0.005,34,2.0869,1.535,-11.3777,2.1345,0.5213,-11.4928,1,Forehand swing,1,0.1215,LowPickup,-21.578,-2.6606,2.0281,0.6357,-12.4388,0,1,1,Ready,0,9,18.4979,11.1735,0,0,Perfect,,1.6869,-12.9329,0,11.2,0,0.0206,2.3266,0.9606,0,0
1411,Rally,Ultimate,0,-0.005,34,2.0869,1.535,-11.3922,2.1345,0.5213,-11.4928,1,Forehand swing,1,0.1215,LowPickup,-21.578,-2.6708,2.0252,0.6348,-12.4399,0,1,1,Ready,0,9,18.4979,11.1735,0,0,Perfect,,1.6869,-12.9329,0,11.2,0,0.0206,2.3266,0.9606,0,0
1412,Rally,Ultimate,0,-0.005,34,2.0869,1.535,-11.406,2.1345,0.5213,-11.4928,1,Forehand swing,1,0.1215,LowPickup,-21.578,-2.6816,2.0235,0.6338,-12.4411,0,1,1,Ready,0,9,18.4979,11.1735,0,0,Perfect,,1.6869,-12.9329,0,11.2,0,0.0206,2.3266,0.9606,0,0
1413,Rally,Ultimate,0,-0.005,34,2.0869,1.535,-11.419,2.1345,0.5213,-11.4928,1,Forehand swing,1,0.1215,LowPickup,-21.578,-2.6912,2.0225,0.633,-12.4421,0,1,1,Ready,0,9,18.4979,11.1735,0,0,Perfect,,1.6869,-12.9329,0,11.2,0,0.0206,2.3266,0.9606,0,0
1414,Rally,Ultimate,0,-0.005,34,2.0869,1.535,-11.4312,2.1345,0.5213,-11.4928,1,Forehand swing,1,0.1215,LowPickup,-21.578,-2.6987,2.0219,0.6323,-12.4429,0,1,1,Ready,0,9,18.4979,11.1735,0,0,Perfect,,1.6869,-12.9329,0,11.2,0,0.0206,2.3266,0.9606,0,0
1415,Rally,Ultimate,0,-0.005,34,2.0869,1.535,-11.4423,2.1345,0.5213,-11.4928,1,Forehand swing,1,0.1215,LowPickup,-21.578,-2.705,2.0215,0.6317,-12.4435,0,1,1,Ready,0,9,18.4979,11.1735,0,0,Perfect,,1.6869,-12.9329,0,11.2,0,0.0206,2.3266,0.9606,0,0
1416,Rally,Ultimate,0,-0.005,34,2.0869,1.535,-11.4524,2.1345,0.5213,-11.4928,1,Forehand swing,1,0.1215,LowPickup,-21.578,-2.7092,2.0212,0.6313,-12.444,0,1,1,Ready,0,9,18.4979,11.1735,0,0,Perfect,,1.6869,-12.9329,0,11.2,0,0.0206,2.3266,0.9606,0,0
1417,Rally,Ultimate,0,-0.005,34,2.0869,1.535,-11.4612,2.1345,0.5213,-11.4928,1,Forehand swing,1,0.1215,LowPickup,-21.578,-2.7119,2.0209,0.6311,-12.4443,0,1,1,Ready,0,9,18.4979,11.1735,0,0,Perfect,,1.6869,-12.9329,0,11.2,0,0.0206,2.3266,0.9606,0,0
1418,Rally,Ultimate,0,-0.005,34,2.0869,1.535,-11.4687,2.1345,0.5213,-11.4928,1,Forehand swing,1,0.1215,LowPickup,-21.578,-2.7125,2.0207,0.631,-12.4444,0,1,1,Ready,0,9,18.4979,11.1735,0,0,Perfect,,1.6869,-12.9329,0,11.2,0,0.0206,2.3266,0.9606,0,0
1419,Rally,Ultimate,0,-0.005,34,2.0869,1.535,-11.4748,2.1345,0.5213,-11.4928,1,Forehand swing,1,0.1215,LowPickup,-21.578,-2.7112,2.0204,0.6312,-12.4443,0,1,1,Ready,0,9,18.4979,11.1735,0,0,Perfect,,1.6869,-12.9329,0,11.2,0,0.0206,2.3266,0.9606,0,0
1420,Rally,Ultimate,0,-0.005,34,2.0869,1.535,-11.4792,2.1345,0.5213,-11.4928,1,Forehand swing,1,0.1215,LowPickup,-21.578,-2.7081,2.02,0.6315,-12.4441,0,1,1,Ready,0,9,18.4979,11.1735,0,0,Perfect,,1.6869,-12.9329,0,11.2,0,0.0206,2.3266,0.9606,0,0
1421,Rally,Ultimate,0,-0.005,34,2.0869,1.535,-11.482,2.1345,0.5213,-11.4928,1,Forehand swing,1,0.1215,LowPickup,-21.578,-2.7029,2.0196,0.632,-12.4436,0,1,1,Ready,0,9,18.4979,11.1735,0,0,Perfect,,1.6869,-12.9329,0,11.2,0,0.0206,2.3266,0.9606,0,0
1422,Rally,Ultimate,0,-0.005,43,3.4869,0.835,-10.6329,2.1345,0.5213,-11.4928,1,Forehand swing,1,0.1215,LowPickup,-21.578,-2.6963,2.0191,0.6326,-12.4431,0,1,1,Ready,0,9,18.4979,11.1735,0,0,Perfect,,1.6869,-12.9329,0,11.2,9,0.0206,2.3266,0.9606,0,0
1423,Rally,Ultimate,0,-0.005,43,3.466,0.835,-10.6329,2.1345,0.5213,-11.4928,1,Forehand swing,1,0.1215,LowPickup,-21.578,-2.6884,2.0186,0.6333,-12.4424,0,1,1,Ready,0,9,18.4979,11.1735,0,0,Perfect,,1.6869,-12.9329,0,11.2,0,0.0206,2.3266,0.9606,0,0
1424,Rally,Ultimate,0,-0.005,43,3.4452,0.835,-10.6329,2.1345,0.5213,-11.4928,1,Forehand swing,1,0.1215,LowPickup,-21.578,-2.6782,2.018,0.6342,-12.4416,0,1,1,Ready,0,9,18.4979,11.1735,0,0,Perfect,,1.6869,-12.9329,0,11.2,0,0.0206,2.3266,0.9606,0,0
1425,Rally,Ultimate,0,-0.005,43,3.4244,0.835,-10.6329,2.1345,0.5213,-11.4928,1,Forehand swing,1,0.1215,LowPickup,-21.578,-2.6675,2.0174,0.6351,-12.4407,0,1,1,Ready,0,9,18.4979,11.1735,0,0,Perfect,,1.6869,-12.9329,0,11.2,0,0.0206,2.3266,0.9606,0,0
1426,Rally,Ultimate,0,-0.005,43,3.4035,0.835,-10.6329,2.1345,0.5213,-11.4928,1,Forehand swing,1,0.1215,LowPickup,-21.578,-2.6558,2.0168,0.6361,-12.4398,0,1,1,Ready,0,9,18.4979,11.1735,0,0,Perfect,,1.6869,-12.9329,0,11.2,0,0.0206,2.3266,0.9606,0,0
1427,Rally,Ultimate,0,-0.005,43,3.3827,0.835,-10.6329,2.1345,0.5213,-11.4928,1,Forehand swing,1,0.1215,LowPickup,-21.578,-2.644,2.0162,0.6371,-12.4389,0,1,1,Ready,0,9,18.4979,11.1735,0,0,Perfect,,1.6869,-12.9329,0,11.2,0,0.0206,2.3266,0.9606,0,0
1428,Rally,Ultimate,0,-0.005,43,3.3619,0.835,-10.6329,2.1345,0.5213,-11.4928,1,Forehand swing,1,0.1215,LowPickup,-21.578,-2.6342,2.0158,0.6379,-12.4382,0,1,1,Ready,0,9,18.4979,11.1735,0,0,Perfect,,1.6869,-12.9329,0,11.2,0,0.0206,2.3266,0.9606,0,0
1429,Rally,Ultimate,0,-0.005,43,3.341,0.835,-10.6329,2.1345,0.5213,-11.4928,1,Forehand swing,1,0.1215,LowPickup,-21.578,-2.6249,2.0154,0.6386,-12.4376,0,1,1,Ready,0,9,18.4979,11.1735,0,0,Perfect,,1.6869,-12.9329,0,11.2,0,0.0206,2.3266,0.9606,0,0
1430,Rally,Ultimate,0,-0.005,43,3.3202,0.835,-10.6329,2.1345,0.5213,-11.4928,1,Forehand swing,1,0.1215,LowPickup,-21.578,-2.617,2.0151,0.6393,-12.437,0,1,1,Ready,0,9,18.4979,11.1735,0,0,Perfect,,1.6869,-12.9329,0,11.2,0,0.0206,2.3266,0.9606,0,0
1431,Rally,Ultimate,0,-0.005,43,3.2994,0.835,-10.6329,2.1345,0.5213,-11.4928,1,Forehand swing,1,0.1215,LowPickup,-21.578,-2.6105,2.0148,0.6398,-12.4366,0,1,1,Ready,0,9,18.4979,11.1735,0,0,Perfect,,1.6869,-12.9329,0,11.2,0,0.0206,2.3266,0.9606,0,0
1432,Rally,Ultimate,0,-0.005,43,3.2785,0.835,-10.6329,2.1345,0.5213,-11.4928,1,Forehand swing,1,0.1215,LowPickup,-21.578,-2.6057,2.0147,0.6401,-12.4362,0,1,1,Ready,0,9,18.4979,11.1735,0,0,Perfect,,1.6869,-12.9329,0,11.2,0,0.0206,2.3266,0.9606,0,0
1433,Rally,Ultimate,0,-0.005,43,3.2577,0.835,-10.6329,2.1345,0.5213,-11.4928,1,Forehand swing,1,0.1215,LowPickup,-21.578,-2.6029,2.0146,0.6403,-12.436,0,1,1,Ready,0,9,18.4979,11.1735,0,0,Perfect,,1.6869,-12.9329,0,11.2,0,0.0206,2.3266,0.9606,0,0
1434,Rally,Ultimate,0,-0.005,43,3.2369,0.835,-10.6329,2.1345,0.5213,-11.4928,1,Forehand swing,1,0.1215,LowPickup,-21.578,-2.6025,2.0146,0.6404,-12.436,0,1,1,Ready,0,9,18.4979,11.1735,0,0,Perfect,,1.6869,-12.9329,0,11.2,0,0.0206,2.3266,0.9606,0,0
1435,Rally,Ultimate,0,-0.005,43,3.216,0.835,-10.6329,2.1345,0.5213,-11.4928,1,Forehand swing,1,0.1215,LowPickup,-21.578,-2.6043,2.0148,0.6402,-12.4361,0,1,1,Ready,0,9,18.4979,11.1735,0,0,Perfect,,1.6869,-12.9329,0,11.2,0,0.0206,2.3266,0.9606,0,0
1436,Rally,Ultimate,0,-0.005,43,3.1952,0.835,-10.6329,2.1345,0.5213,-11.4928,1,Forehand swing,1,0.1215,LowPickup,-21.578,-2.6084,2.015,0.6399,-12.4363,0,1,1,Ready,0,9,18.4979,11.1735,0,0,Perfect,,1.6869,-12.9329,0,11.2,0,0.0206,2.3266,0.9606,0,0
1437,Rally,Ultimate,0,-0.005,43,3.1744,0.835,-10.6329,2.1345,0.5213,-11.4928,1,Forehand swing,1,0.1215,LowPickup,-21.578,-2.6145,2.0154,0.6394,-12.4368,0,1,1,Ready,0,9,18.4979,11.1735,0,0,Perfect,,1.6869,-12.9329,0,11.2,0,0.0206,2.3266,0.9606,0,0
1438,Rally,Ultimate,0,-0.005,43,3.1535,0.835,-10.6329,2.1345,0.5213,-11.4928,1,Forehand swing,1,0.1215,LowPickup,-21.578,-2.6224,2.0158,0.6388,-12.4373,0,1,1,Ready,0,9,18.4979,11.1735,0,0,Perfect,,1.6869,-12.9329,0,11.2,0,0.0206,2.3266,0.9606,0,0
1439,Rally,Ultimate,0,-0.005,43,3.1327,0.835,-10.6329,2.1345,0.5213,-11.4928,1,Forehand swing,1,0.1215,LowPickup,-21.578,-2.6316,2.0162,0.638,-12.4379,0,1,1,Ready,0,9,18.4979,11.1735,0,0,Perfect,,1.6869,-12.9329,0,11.2,0,0.0206,2.3266,0.9606,0,0
1440,Rally,Ultimate,0,-0.005,43,3.1119,0.835,-10.6329,2.1345,0.5213,-11.4928,1,Forehand swing,1,0.1215,LowPickup,-21.578,-2.6433,2.0168,0.6371,-12.4388,0,1,1,Ready,0,9,18.4979,11.1735,0,0,Perfect,,1.6869,-12.9329,0,11.2,0,0.0206,2.3266,0.9606,0,0
1441,Rally,Ultimate,0,-0.005,43,3.091,0.835,-10.6329,2.1345,0.5213,-11.4928,1,Forehand swing,1,0.1215,LowPickup,-21.578,-2.6545,2.0174,0.6361,-12.4396,0,1,1,Ready,0,9,18.4979,11.1735,0,0,Perfect,,1.6869,-12.9329,0,11.2,0,0.0206,2.3266,0.9606,0,0
1442,Rally,Ultimate,0,-0.005,43,3.0702,0.835,-10.6329,2.1345,0.5213,-11.4928,1,Forehand swing,1,0.1215,LowPickup,-21.578,-2.6649,2.0179,0.6353,-12.4404,0,1,1,Ready,0,9,18.4979,11.1735,0,0,Perfect,,1.6869,-12.9329,0,11.2,0,0.0206,2.3266,0.9606,0,0
1443,Rally,Ultimate,0,-0.005,43,3.0494,0.835,-10.6329,2.1345,0.5213,-11.4928,1,Forehand swing,1,0.1215,LowPickup,-21.578,-2.6751,2.0184,0.6344,-12.4412,0,1,1,Ready,0,9,18.4979,11.1735,0,0,Perfect,,1.6869,-12.9329,0,11.2,0,0.0206,2.3266,0.9606,0,0
1444,Rally,Ultimate,0,-0.005,43,3.0285,0.835,-10.6329,2.1345,0.5213,-11.4928,1,Forehand swing,1,0.1215,LowPickup,-21.578,-2.6839,2.0189,0.6336,-12.4419,0,1,1,Ready,0,9,18.4979,11.1735,0,0,Perfect,,1.6869,-12.9329,0,11.2,0,0.0206,2.3266,0.9606,0,0
1445,Rally,Ultimate,0,-0.005,43,3.0077,0.835,-10.6329,2.1345,0.5213,-11.4928,1,Forehand swing,1,0.1215,LowPickup,-21.578,-2.6921,2.0193,0.6329,-12.4426,0,1,1,Ready,0,9,18.4979,11.1735,0,0,Perfect,,1.6869,-12.9329,0,11.2,0,0.0206,2.3266,0.9606,0,0
1446,Rally,Ultimate,0,-0.005,43,2.9869,0.835,-10.6329,2.1345,0.5213,-11.4928,1,Forehand swing,1,0.1215,LowPickup,-21.578,-2.6991,2.0196,0.6323,-12.4432,0,1,1,Ready,0,9,18.4979,11.1735,0,0,Perfect,,1.6869,-12.9329,0,11.2,0,0.0206,2.3266,0.9606,0,0
1447,Rally,Ultimate,0,-0.005,43,2.966,0.835,-10.6329,2.1345,0.5213,-11.4928,1,Forehand swing,1,0.1215,LowPickup,-21.578,-2.7051,2.0199,0.6317,-12.4438,0,1,1,Ready,0,9,18.4979,11.1735,0,0,Perfect,,1.6869,-12.9329,0,11.2,0,0.0206,2.3266,0.9606,0,0
1448,Rally,Ultimate,0,-0.005,43,2.9452,0.835,-10.6329,2.1345,0.5213,-11.4928,1,Forehand swing,1,0.1215,LowPickup,-21.578,-2.7093,2.0201,0.6313,-12.4441,0,1,1,Ready,0,9,18.4979,11.1735,0,0,Perfect,,1.6869,-12.9329,0,11.2,0,0.0206,2.3266,0.9606,0,0
1449,Rally,Ultimate,0,-0.005,43,2.9244,0.835,-10.6329,2.1345,0.5213,-11.4928,1,Forehand swing,1,0.1215,LowPickup,-21.578,-2.7117,2.0202,0.6311,-12.4444,0,1,1,Ready,0,9,18.4979,11.1735,0,0,Perfect,,1.6869,-12.9329,0,11.2,0,0.0206,2.3266,0.9606,0,0
1450,Rally,Ultimate,0,-0.005,43,2.9035,0.835,-10.6329,2.1345,0.5213,-11.4928,1,Forehand swing,1,0.1215,LowPickup,-21.578,-2.7125,2.0202,0.631,-12.4445,0,1,1,Ready,0,9,18.4979,11.1735,0,0,Perfect,,1.6869,-12.9329,0,11.2,0,0.0206,2.3266,0.9606,0,0
1451,Rally,Ultimate,0,-0.005,43,2.8827,0.835,-10.6329,2.1345,0.5213,-11.4928,1,Forehand swing,1,0.1215,LowPickup,-21.578,-2.7116,2.0201,0.6311,-12.4444,0,1,1,Ready,0,9,18.4979,11.1735,0,0,Perfect,,1.6869,-12.9329,0,11.2,0,0.0206,2.3266,0.9606,0,0
1452,Rally,Ultimate,0,-0.005,43,2.8619,0.835,-10.6329,2.1345,0.5213,-11.4928,1,Forehand swing,1,0.1215,LowPickup,-21.578,-2.7087,2.0198,0.6314,-12.4441,0,1,1,Ready,0,9,18.4979,11.1735,0,0,Perfect,,1.6869,-12.9329,0,11.2,0,0.0206,2.3266,0.9606,0,0
1453,Rally,Ultimate,0,-0.005,43,2.841,0.835,-10.6329,2.1345,0.5213,-11.4928,1,Forehand swing,1,0.1215,LowPickup,-21.578,-2.7039,2.0195,0.6319,-12.4437,0,1,1,Ready,0,9,18.4979,11.1735,0,0,Perfect,,1.6869,-12.9329,0,11.2,0,0.0206,2.3266,0.9606,0,0
1454,Rally,Ultimate,0,-0.005,43,2.8202,0.835,-10.6329,2.1345,0.5213,-11.4928,1,Forehand swing,1,0.1215,LowPickup,-21.578,-2.6969,2.0191,0.6325,-12.4431,0,1,1,Ready,0,9,18.4979,11.1735,0,0,Perfect,,1.6869,-12.9329,0,11.2,0,0.0206,2.3266,0.9606,0,0
1455,Rally,Ultimate,0,-0.005,43,2.7994,0.835,-10.6329,2.1345,0.5213,-11.4928,1,Forehand swing,1,0.1215,LowPickup,-21.578,-2.6889,2.0186,0.6332,-12.4425,0,1,1,Ready,0,9,18.4979,11.1735,0,0,Perfect,,1.6869,-12.9329,0,11.2,0,0.0206,2.3266,0.9606,0,0
1456,Rally,Ultimate,0,-0.005,43,2.7785,0.835,-10.6329,2.1345,0.5213,-11.4928,1,Forehand swing,1,0.1215,LowPickup,-21.578,-2.6789,2.018,0.6341,-12.4416,0,1,1,Ready,0,9,18.4979,11.1735,0,0,Perfect,,1.6869,-12.9329,0,11.2,0,0.0206,2.3266,0.9606,0,0
1457,Rally,Ultimate,0,-0.005,43,2.7577,0.835,-10.6329,2.1345,0.5213,-11.4928,1,Forehand swing,1,0.1215,LowPickup,-21.578,-2.6681,2.0174,0.6351,-12.4408,0,1,1,Ready,0,9,18.4979,11.1735,0,0,Perfect,,1.6869,-12.9329,0,11.2,0,0.0206,2.3266,0.9606,0,0
1458,Rally,Ultimate,0,-0.005,43,2.7369,0.835,-10.6329,2.1345,0.5213,-11.4928,1,Forehand swing,1,0.1215,LowPickup,-21.578,-2.658,2.0169,0.6359,-12.44,0,1,1,Ready,0,9,18.4979,11.1735,0,0,Perfect,,1.6869,-12.9329,0,11.2,0,0.0206,2.3266,0.9606,0,0
1459,Rally,Ultimate,0,-0.005,43,2.716,0.835,-10.6329,2.1345,0.5213,-11.4928,1,Forehand swing,1,0.1215,LowPickup,-21.578,-2.6479,2.0164,0.6368,-12.4392,0,1,1,Ready,0,9,18.4979,11.1735,0,0,Perfect,,1.6869,-12.9329,0,11.2,0,0.0206,2.3266,0.9606,0,0
1460,Rally,Ultimate,0,-0.005,43,2.6952,0.835,-10.6329,2.1345,0.5213,-11.4928,1,Forehand swing,1,0.1215,LowPickup,-21.578,-2.6379,2.016,0.6376,-12.4385,0,1,1,Ready,0,9,18.4979,11.1735,0,0,Perfect,,1.6869,-12.9329,0,11.2,0,0.0206,2.3266,0.9606,0,0
1461,Rally,Ultimate,0,-0.005,43,2.6744,0.835,-10.6329,2.1345,0.5213,-11.4928,1,Forehand swing,1,0.1215,LowPickup,-21.578,-2.6282,2.0155,0.6384,-12.4378,0,1,1,Ready,0,9,18.4979,11.1735,0,0,Perfect,,1.6869,-12.9329,0,11.2,0,0.0206,2.3266,0.9606,0,0
1462,Rally,Ultimate,0,-0.005,43,2.6535,0.835,-10.6329,2.1345,0.5213,-11.4928,1,Forehand swing,1,0.1215,LowPickup,-21.578,-2.6193,2.0152,0.6391,-12.4372,0,1,1,Ready,0,9,18.4979,11.1735,0,0,Perfect,,1.6869,-12.9329,0,11.2,0,0.0206,2.3266,0.9606,0,0
1463,Rally,Ultimate,0,-0.005,43,2.6327,0.835,-10.6329,2.1345,0.5213,-11.4928,1,Forehand swing,1,0.1215,LowPickup,-21.578,-2.6116,2.0149,0.6397,-12.4366,0,1,1,Ready,0,9,18.4979,11.1735,0,0,Perfect,,1.6869,-12.9329,0,11.2,0,0.0206,2.3266,0.9606,0,0
1464,Rally,Ultimate,0,-0.005,43,2.6119,0.835,-10.6329,2.1345,0.5213,-11.4928,1,Forehand swing,1,0.1215,LowPickup,-21.578,-2.6066,2.0147,0.6401,-12.4363,0,1,1,Ready,0,9,18.4979,11.1735,0,0,Perfect,,1.6869,-12.9329,0,11.2,0,0.0206,2.3266,0.9606,0,0
1465,Rally,Ultimate,0,-0.005,43,2.591,0.835,-10.6329,2.1345,0.5213,-11.4928,1,Forehand swing,1,0.1215,LowPickup,-21.578,-2.6034,2.0146,0.6403,-12.4361,0,1,1,Ready,0,9,18.4979,11.1735,0,0,Perfect,,1.6869,-12.9329,0,11.2,0,0.0206,2.3266,0.9606,0,0
1466,Rally,Ultimate,0,-0.005,43,2.5702,0.835,-10.6329,2.1345,0.5213,-11.4928,1,Forehand swing,1,0.1215,LowPickup,-21.578,-2.6023,2.0146,0.6404,-12.436,0,1,1,Ready,0,9,18.4979,11.1735,0,0,Perfect,,1.6869,-12.9329,0,11.2,0,0.0206,2.3266,0.9606,0,0
1467,Rally,Ultimate,0,-0.005,43,2.5494,0.835,-10.6329,2.1345,0.5213,-11.4928,1,Forehand swing,1,0.1215,LowPickup,-21.578,-2.6038,2.0147,0.6403,-12.4361,0,1,1,Ready,0,9,18.4979,11.1735,0,0,Perfect,,1.6869,-12.9329,0,11.2,0,0.0206,2.3266,0.9606,0,0
1468,Rally,Ultimate,0,-0.005,43,2.5285,0.835,-10.6329,2.1345,0.5213,-11.4928,1,Forehand swing,1,0.1215,LowPickup,-21.578,-2.608,2.015,0.6399,-12.4363,0,1,1,Ready,0,9,18.4979,11.1735,0,0,Perfect,,1.6869,-12.9329,0,11.2,0,0.0206,2.3266,0.9606,0,0
1469,Rally,Ultimate,0,-0.005,43,2.5077,0.835,-10.6329,2.1345,0.5213,-11.4928,1,Forehand swing,1,0.1215,LowPickup,-21.578,-2.6147,2.0154,0.6394,-12.4368,0,1,1,Ready,0,9,18.4979,11.1735,0,0,Perfect,,1.6869,-12.9329,0,11.2,0,0.0206,2.3266,0.9606,0,0
1470,Rally,Ultimate,0,-0.005,43,2.4869,0.835,-10.6329,2.1345,0.5213,-11.4928,1,Forehand swing,1,0.1215,LowPickup,-21.578,-2.6233,2.0158,0.6387,-12.4374,0,1,1,Ready,0,9,18.4979,11.1735,0,0,Perfect,,1.6869,-12.9329,0,11.2,0,0.0206,2.3266,0.9606,0,0
1471,Rally,Ultimate,0,-0.005,44,0.1869,0.685,-9.4335,2.1345,0.5213,-11.4928,1,Forehand swing,1,0.1215,LowPickup,-21.578,-2.6327,2.0163,0.638,-12.438,0,1,1,Ready,0,9,18.4979,11.1735,0,0,Perfect,,1.6869,-12.9329,0,11.2,1,0.0206,2.3266,0.9606,0,0
1472,Rally,Ultimate,0,-0.005,44,0.1869,0.685,-9.4351,2.1345,0.5213,-11.4928,1,Forehand swing,1,0.1215,LowPickup,-21.578,-2.6446,2.0169,0.637,-12.4389,0,1,1,Ready,0,9,18.4979,11.1735,0,0,Perfect,,1.6869,-12.9329,0,11.2,0,0.0206,2.3266,0.9606,0,0
1473,Rally,Ultimate,0,-0.005,44,0.1869,0.685,-9.4379,2.1345,0.5213,-11.4928,1,Forehand swing,1,0.1215,LowPickup,-21.578,-2.6548,2.0174,0.6361,-12.4396,0,1,1,Ready,0,9,18.4979,11.1735,0,0,Perfect,,1.6869,-12.9329,0,11.2,0,0.0206,2.3266,0.9606,0,0
1474,Rally,Ultimate,0,-0.005,44,0.1869,0.685,-9.4416,2.1345,0.5213,-11.4928,1,Forehand swing,1,0.1215,LowPickup,-21.578,-2.6646,2.0179,0.6353,-12.4404,0,1,1,Ready,0,9,18.4979,11.1735,0,0,Perfect,,1.6869,-12.9329,0,11.2,0,0.0206,2.3266,0.9606,0,0
1475,Rally,Ultimate,0,-0.005,44,0.1869,0.685,-9.4464,2.1345,0.5213,-11.4928,1,Forehand swing,1,0.1215,LowPickup,-21.578,-2.6744,2.0184,0.6345,-12.4412,0,1,1,Ready,0,9,18.4979,11.1735,0,0,Perfect,,1.6869,-12.9329,0,11.2,0,0.0206,2.3266,0.9606,0,0
1476,Rally,Ultimate,0,-0.005,44,0.1869,0.685,-9.452,2.1345,0.5213,-11.4928,1,Forehand swing,1,0.1215,LowPickup,-21.578,-2.6829,2.0188,0.6337,-12.4419,0,1,1,Ready,0,9,18.4979,11.1735,0,0,Perfect,,1.6869,-12.9329,0,11.2,0,0.0206,2.3266,0.9606,0,0
1477,Rally,Ultimate,0,-0.005,44,0.1869,0.685,-9.4586,2.1345,0.5213,-11.4928,1,Forehand swing,1,0.1215,LowPickup,-21.578,-2.6908,2.0192,0.633,-12.4425,0,1,1,Ready,0,9,18.4979,11.1735,0,0,Perfect,,1.6869,-12.9329,0,11.2,0,0.0206,2.3266,0.9606,0,0
1478,Rally,Ultimate,0,-0.005,44,0.1869,0.685,-9.4659,2.1345,0.5213,-11.4928,1,Forehand swing,1,0.1215,LowPickup,-21.578,-2.6977,2.0195,0.6324,-12.4431,0,1,1,Ready,0,9,18.4979,11.1735,0,0,Perfect,,1.6869,-12.9329,0,11.2,0,0.0206,2.3266,0.9606,0,0
1479,Rally,Ultimate,0,-0.005,44,0.1869,0.685,-9.4741,2.1345,0.5213,-11.4928,1,Forehand swing,1,0.1215,LowPickup,-21.578,-2.7033,2.0198,0.6319,-12.4436,0,1,1,Ready,0,9,18.4979,11.1735,0,0,Perfect,,1.6869,-12.9329,0,11.2,0,0.0206,2.3266,0.9606,0,0
1480,Rally,Ultimate,0,-0.005,44,0.1869,0.685,-9.483,2.1345,0.5213,-11.4928,1,Forehand swing,1,0.1215,LowPickup,-21.578,-2.7077,2.02,0.6315,-12.444,0,1,1,Ready,0,9,18.4979,11.1735,0,0,Perfect,,1.6869,-12.9329,0,11.2,0,0.0206,2.3266,0.9606,0,0
1481,Rally,Ultimate,0,-0.005,44,0.1869,0.685,-9.4926,2.1345,0.5213,-11.4928,1,Forehand swing,1,0.1215,LowPickup,-21.578,-2.7108,2.0201,0.6312,-12.4443,0,1,1,Ready,0,9,18.4979,11.1735,0,0,Perfect,,1.6869,-12.9329,0,11.2,0,0.0206,2.3266,0.9606,0,0
1482,Rally,Ultimate,0,-0.005,44,0.1869,0.685,-9.5029,2.1345,0.5213,-11.4928,1,Forehand swing,1,0.1215,LowPickup,-21.578,-2.7124,2.0202,0.631,-12.4444,0,1,1,Ready,0,9,18.4979,11.1735,0,0,Perfect,,1.6869,-12.9329,0,11.2,0,0.0206,2.3266,0.9606,0,0
1483,Rally,Ultimate,0,-0.005,44,0.1869,0.685,-9.5138,2.1345,0.5213,-11.4928,1,Forehand swing,1,0.1215,LowPickup,-21.578,-2.7123,2.0201,0.6311,-12.4445,0,1,1,Ready,0,9,18.4979,11.1735,0,0,Perfect,,1.6869,-12.9329,0,11.2,0,0.0206,2.3266,0.9606,0,0
1484,Rally,Ultimate,0,-0.005,44,0.1869,0.685,-9.5252,2.1345,0.5213,-11.4928,1,Forehand swing,1,0.1215,LowPickup,-21.578,-2.7107,2.02,0.6312,-12.4443,0,1,1,Ready,0,9,18.4979,11.1735,0,0,Perfect,,1.6869,-12.9329,0,11.2,0,0.0206,2.3266,0.9606,0,0
1485,Rally,Ultimate,0,-0.005,44,0.1869,0.685,-9.5372,2.1345,0.5213,-11.4928,1,Forehand swing,1,0.1215,LowPickup,-21.578,-2.7074,2.0197,0.6315,-12.444,0,1,1,Ready,0,9,18.4979,11.1735,0,0,Perfect,,1.6869,-12.9329,0,11.2,0,0.0206,2.3266,0.9606,0,0
1486,Rally,Ultimate,0,-0.005,44,0.1869,0.685,-9.5497,2.1345,0.5213,-11.4928,1,Forehand swing,1,0.1215,LowPickup,-21.578,-2.7018,2.0194,0.6321,-12.4435,0,1,1,Ready,0,9,18.4979,11.1735,0,0,Perfect,,1.6869,-12.9329,0,11.2,0,0.0206,2.3266,0.9606,0,0
1487,Rally,Ultimate,0,-0.005,44,0.1869,0.685,-9.5625,2.1345,0.5213,-11.4928,1,Forehand swing,1,0.1215,LowPickup,-21.578,-2.695,2.0189,0.6327,-12.443,0,1,1,Ready,0,9,18.4979,11.1735,0,0,Perfect,,1.6869,-12.9329,0,11.2,0,0.0206,2.3266,0.9606,0,0
1488,Rally,Ultimate,0,-0.005,44,0.1869,0.685,-9.5758,2.1345,0.5213,-11.4928,1,Forehand swing,1,0.1215,LowPickup,-21.578,-2.6877,2.0185,0.6333,-12.4424,0,1,1,Ready,0,9,18.4979,11.1735,0,0,Perfect,,1.6869,-12.9329,0,11.2,0,0.0206,2.3266,0.9606,0,0
1489,Rally,Ultimate,0,-0.005,44,0.1869,0.685,-9.5894,2.1345,0.5213,-11.4928,1,Forehand swing,1,0.1215,LowPickup,-21.578,-2.6798,2.0181,0.634,-12.4417,0,1,1,Ready,0,9,18.4979,11.1735,0,0,Perfect,,1.6869,-12.9329,0,11.2,0,0.0206,2.3266,0.9606,0,0
1490,Rally,Ultimate,0,-0.005,44,0.1869,0.685,-9.6033,2.1345,0.5213,-11.4928,1,Forehand swing,1,0.1215,LowPickup,-21.578,-2.6704,2.0176,0.6349,-12.441,0,1,1,Ready,0,9,18.4979,11.1735,0,0,Perfect,,1.6869,-12.9329,0,11.2,0,0.0206,2.3266,0.9606,0,0
1491,Rally,Ultimate,0,-0.005,44,0.1869,0.685,-9.6174,2.1345,0.5213,-11.4928,1,Forehand swing,1,0.1215,LowPickup,-21.578,-2.6611,2.0171,0.6357,-12.4402,0,1,1,Ready,0,9,18.4979,11.1735,0,0,Perfect,,1.6869,-12.9329,0,11.2,0,0.0206,2.3266,0.9606,0,0
1492,Rally,Ultimate,0,-0.005,44,0.1869,0.685,-9.6318,2.1345,0.5213,-11.4928,1,Forehand swing,1,0.1215,LowPickup,-21.578,-2.6516,2.0166,0.6365,-12.4395,0,1,1,Ready,0,9,18.4979,11.1735,0,0,Perfect,,1.6869,-12.9329,0,11.2,0,0.0206,2.3266,0.9606,0,0
1493,Rally,Ultimate,0,-0.005,44,0.1869,0.685,-9.6463,2.1345,0.5213,-11.4928,1,Forehand swing,1,0.1215,LowPickup,-21.578,-2.6419,2.0162,0.6373,-12.4388,0,1,1,Ready,0,9,18.4979,11.1735,0,0,Perfect,,1.6869,-12.9329,0,11.2,0,0.0206,2.3266,0.9606,0,0
1494,Rally,Ultimate,0,-0.005,44,0.1869,0.685,-9.6609,2.1345,0.5213,-11.4928,1,Forehand swing,1,0.1215,LowPickup,-21.578,-2.6327,2.0157,0.638,-12.4381,0,1,1,Ready,0,9,18.4979,11.1735,0,0,Perfect,,1.6869,-12.9329,0,11.2,0,0.0206,2.3266,0.9606,0,0
1495,Rally,Ultimate,0,-0.005,44,0.1869,0.685,-9.6755,2.1345,0.5213,-11.4928,1,Forehand swing,1,0.1215,LowPickup,-21.578,-2.6242,2.0154,0.6387,-12.4375,0,1,1,Ready,0,9,18.4979,11.1735,0,0,Perfect,,1.6869,-12.9329,0,11.2,0,0.0206,2.3266,0.9606,0,0
1496,Rally,Ultimate,0,-0.005,44,0.1869,0.685,-9.6903,2.1345,0.5213,-11.4928,1,Forehand swing,1,0.1215,LowPickup,-21.578,-2.616,2.015,0.6393,-12.4369,0,1,1,Ready,0,9,18.4979,11.1735,0,0,Perfect,,1.6869,-12.9329,0,11.2,0,0.0206,2.3266,0.9606,0,0
1497,Rally,Ultimate,0,-0.005,44,0.1869,0.685,-9.7049,2.1345,0.5213,-11.4928,1,Forehand swing,1,0.1215,LowPickup,-21.578,-2.6097,2.0148,0.6398,-12.4365,0,1,1,Ready,0,9,18.4979,11.1735,0,0,Perfect,,1.6869,-12.9329,0,11.2,0,0.0206,2.3266,0.9606,0,0
1498,Rally,Ultimate,0,-0.005,44,0.1869,0.685,-9.7195,2.1345,0.5213,-11.4928,1,Forehand swing,1,0.1215,LowPickup,-21.578,-2.6053,2.0147,0.6402,-12.4362,0,1,1,Ready,0,9,18.4979,11.1735,0,0,Perfect,,1.6869,-12.9329,0,11.2,0,0.0206,2.3266,0.9606,0,0
1499,Rally,Ultimate,0,-0.005,44,0.1869,0.685,-9.734,2.1345,0.5213,-11.4928,1,Forehand swing,1,0.1215,LowPickup,-21.578,-2.6028,2.0146,0.6404,-12.436,0,1,1,Ready,0,9,18.4979,11.1735,0,0,Perfect,,1.6869,-12.9329,0,11.2,0,0.0206,2.3266,0.9606,0,0
1500,Rally,Ultimate,0,-0.005,44,0.1869,0.685,-9.7484,2.1345,0.5213,-11.4928,1,Forehand swing,1,0.1215,LowPickup,-21.578,-2.6025,2.0147,0.6404,-12.436,0,1,1,Ready,0,9,18.4979,11.1735,0,0,Perfect,,1.6869,-12.9329,0,11.2,0,0.0206,2.3266,0.9606,0,0
1501,Rally,Ultimate,0,-0.005,44,0.1869,0.685,-9.7625,2.1345,0.5213,-11.4928,1,Forehand swing,1,0.1215,LowPickup,-21.578,-2.6046,2.0148,0.6402,-12.4361,0,1,1,Ready,0,9,18.4979,11.1735,0,0,Perfect,,1.6869,-12.9329,0,11.2,0,0.0206,2.3266,0.9606,0,0
1502,Rally,Ultimate,0,-0.005,44,0.1869,0.685,-9.7764,2.1345,0.5213,-11.4928,1,Forehand swing,1,0.1215,LowPickup,-21.578,-2.6088,2.0151,0.6399,-12.4364,0,1,1,Ready,0,9,18.4979,11.1735,0,0,Perfect,,1.6869,-12.9329,0,11.2,0,0.0206,2.3266,0.9606,0,0
1503,Rally,Ultimate,0,-0.005,44,0.1869,0.685,-9.79,2.1345,0.5213,-11.4928,1,Forehand swing,1,0.1215,LowPickup,-21.578,-2.6157,2.0154,0.6393,-12.4368,0,1,1,Ready,0,9,18.4979,11.1735,0,0,Perfect,,1.6869,-12.9329,0,11.2,0,0.0206,2.3266,0.9606,0,0
1504,Rally,Ultimate,0,-0.005,44,0.1869,0.685,-9.8033,2.1345,0.5213,-11.4928,1,Forehand swing,1,0.1215,LowPickup,-21.578,-2.6229,2.0158,0.6387,-12.4373,0,1,1,Ready,0,9,18.4979,11.1735,0,0,Perfect,,1.6869,-12.9329,0,11.2,0,0.0206,2.3266,0.9606,0,0
1505,Rally,Ultimate,0,-0.005,44,0.1869,0.685,-9.8161,2.1345,0.5213,-11.4928,1,Forehand swing,1,0.1215,LowPickup,-21.578,-2.6314,2.0162,0.6381,-12.4379,0,1,1,Ready,0,9,18.4979,11.1735,0,0,Perfect,,1.6869,-12.9329,0,11.2,0,0.0206,2.3266,0.9606,0,0
1506,Rally,Ultimate,0,-0.005,44,0.1869,0.685,-9.8286,2.1345,0.5213,-11.4928,1,Forehand swing,1,0.1215,LowPickup,-21.578,-2.6408,2.0167,0.6373,-12.4386,0,1,1,Ready,0,9,18.4979,11.1735,0,0,Perfect,,1.6869,-12.9329,0,11.2,0,0.0206,2.3266,0.9606,0,0
1507,Rally,Ultimate,0,-0.005,44,0.1869,0.685,-9.8406,2.1345,0.5213,-11.4928,1,Forehand swing,1,0.1215,LowPickup,-21.578,-2.6504,2.0172,0.6365,-12.4393,0,1,1,Ready,0,9,18.4979,11.1735,0,0,Perfect,,1.6869,-12.9329,0,11.2,0,0.0206,2.3266,0.9606,0,0
1508,Rally,Ultimate,0,-0.005,44,0.1869,0.685,-9.852,2.1345,0.5213,-11.4928,1,Forehand swing,1,0.1215,LowPickup,-21.578,-2.6605,2.0177,0.6356,-12.4401,0,1,1,Ready,0,9,18.4979,11.1735,0,0,Perfect,,1.6869,-12.9329,0,11.2,0,0.0206,2.3266,0.9606,0,0
1509,Rally,Ultimate,0,-0.005,44,0.1869,0.685,-9.8629,2.1345,0.5213,-11.4928,1,Forehand swing,1,0.1215,LowPickup,-21.578,-2.6699,2.0181,0.6348,-12.4408,0,1,1,Ready,0,9,18.4979,11.1735,0,0,Perfect,,1.6869,-12.9329,0,11.2,0,0.0206,2.3266,0.9606,0,0
1510,Rally,Ultimate,0,-0.005,44,0.1869,0.685,-9.8732,2.1345,0.5213,-11.4928,1,Forehand swing,1,0.1215,LowPickup,-21.578,-2.6796,2.0186,0.634,-12.4416,0,1,1,Ready,0,9,18.4979,11.1735,0,0,Perfect,,1.6869,-12.9329,0,11.2,0,0.0206,2.3266,0.9606,0,0
1511,Rally,Ultimate,0,-0.005,44,0.1869,0.685,-9.8828,2.1345,0.5213,-11.4928,1,Forehand swing,1,0.1215,LowPickup,-21.578,-2.6881,2.0191,0.6333,-12.4423,0,1,1,Ready,0,9,18.4979,11.1735,0,0,Perfect,,1.6869,-12.9329,0,11.2,0,0.0206,2.3266,0.9606,0,0
1512,Rally,Ultimate,0,-0.005,44,0.1869,0.685,-9.8917,2.1345,0.5213,-11.4928,1,Forehand swing,1,0.1215,LowPickup,-21.578,-2.6953,2.0194,0.6326,-12.4429,0,1,1,Ready,0,9,18.4979,11.1735,0,0,Perfect,,1.6869,-12.9329,0,11.2,0,0.0206,2.3266,0.9606,0,0
1513,Rally,Ultimate,0,-0.005,44,0.1869,0.685,-9.8999,2.1345,0.5213,-11.4928,1,Forehand swing,1,0.1215,LowPickup,-21.578,-2.7017,2.0197,0.632,-12.4435,0,1,1,Ready,0,9,18.4979,11.1735,0,0,Perfect,,1.6869,-12.9329,0,11.2,0,0.0206,2.3266,0.9606,0,0
1514,Rally,Ultimate,0,-0.005,44,0.1869,0.685,-9.9072,2.1345,0.5213,-11.4928,1,Forehand swing,1,0.1215,LowPickup,-21.578,-2.7067,2.02,0.6316,-12.4439,0,1,1,Ready,0,9,18.4979,11.1735,0,0,Perfect,,1.6869,-12.9329,0,11.2,0,0.0206,2.3266,0.9606,0,0
1515,Rally,Ultimate,0,-0.005,44,0.1869,0.685,-9.9138,2.1345,0.5213,-11.4928,1,Forehand swing,1,0.1215,LowPickup,-21.578,-2.7102,2.0201,0.6312,-12.4442,0,1,1,Ready,0,9,18.4979,11.1735,0,0,Perfect,,1.6869,-12.9329,0,11.2,0,0.0206,2.3266,0.9606,0,0
1516,Rally,Ultimate,0,-0.005,44,0.1869,0.685,-9.9194,2.1345,0.5213,-11.4928,1,Forehand swing,1,0.1215,LowPickup,-21.578,-2.7122,2.0202,0.6311,-12.4444,0,1,1,Ready,0,9,18.4979,11.1735,0,0,Perfect,,1.6869,-12.9329,0,11.2,0,0.0206,2.3266,0.9606,0,0
1517,Rally,Ultimate,0,-0.005,44,0.1869,0.685,-9.9242,2.1345,0.5213,-11.4928,1,Forehand swing,1,0.1215,LowPickup,-21.578,-2.7123,2.0201,0.6311,-12.4445,0,1,1,Ready,0,9,18.4979,11.1735,0,0,Perfect,,1.6869,-12.9329,0,11.2,0,0.0206,2.3266,0.9606,0,0
1518,Rally,Ultimate,0,-0.005,44,0.1869,0.685,-9.9279,2.1345,0.5213,-11.4928,1,Forehand swing,1,0.1215,LowPickup,-21.578,-2.7105,2.02,0.6312,-12.4443,0,1,1,Ready,0,9,18.4979,11.1735,0,0,Perfect,,1.6869,-12.9329,0,11.2,0,0.0206,2.3266,0.9606,0,0
1519,Rally,Ultimate,0,-0.005,44,0.1869,0.685,-9.9307,2.1345,0.5213,-11.4928,1,Forehand swing,1,0.1215,LowPickup,-21.578,-2.7065,2.0197,0.6316,-12.444,0,1,1,Ready,0,9,18.4979,11.1735,0,0,Perfect,,1.6869,-12.9329,0,11.2,0,0.0206,2.3266,0.9606,0,0
1520,Rally,Ultimate,0,-0.005,44,0.1869,0.685,-9.9323,2.1345,0.5213,-11.4928,1,Forehand swing,1,0.1215,LowPickup,-21.578,-2.7008,2.0193,0.6321,-12.4435,0,1,1,Ready,0,9,18.4979,11.1735,0,0,Perfect,,1.6869,-12.9329,0,11.2,0,0.0206,2.3266,0.9606,0,0
1521,Rally,None,1,-0.005,53.6929,0.9278,3.5,-17.3329,2.1345,0.5213,-11.4928,1,Forehand swing,1,0.1215,LowPickup,-21.578,-2.6946,2.0189,0.6327,-12.4429,0,1,1,Ready,0,9,18.4979,11.1735,0,0,Perfect,,1.6869,-12.9329,0,11.2,9.6929,0.0206,2.3266,0.9606,0,0
1522,Rally,None,1,-0.005,53.6839,0.9252,3.4948,-17.334,2.1165,0.5662,-11.7772,1,Forehand swing,1,0.0868,LowPickup,-24.3288,-13.1386,2.0442,0.595,-12.3232,0,1,1,Ready,0,9,18.4979,11.1735,0,0,Perfect,,1.6869,-12.9329,0,11.2,-0.0091,0.0151,1.8336,0,0,0
1523,Rally,None,1,-0.005,53.6624,0.9232,3.4908,-17.3348,2.0895,0.6287,-12.2038,1,Forehand swing,1,0.0347,LowPickup,-30.295,-33.3135,1.8496,0.7455,-12.3873,17.7293,1,1,Ready,0,9,18.3722,11.0852,0.0057,0,Perfect,,1.6869,-12.9329,0,11.2,-0.0215,0.0103,1.2444,0,0,0
1524,Rally,None,1,-0.005,53.6412,0.9215,3.4874,-17.3355,2.0715,0.667,-12.4881,1,Forehand swing,1,0,LowPickup,-23.3418,-46.7108,1.7117,0.8151,-12.5049,0,1,1,Ready,0,9,18.246,10.9606,0.0122,0,Perfect,,1.6869,-12.9329,0,11.2,-0.0212,0.0064,0.8226,0,0,0
1525,Rally,None,1,0.045,53.7142,0.9166,3.4675,-17.3393,2.0105,0.6557,-12.0848,1,Forehand follow,1,-0.0083,LowPickup,-16.0137,-33.1588,1.7023,0.8651,-12.5266,0,1,1,Ready,0,9,18.1502,10.8164,0.0152,0.9417,Great,P:Great;,1.6869,-12.9329,0,11.2,0.073,0.0035,0.5236,0,0,0
1526,Rally,None,1,0.0283,53.7992,0.8991,3.4664,-17.34,2.0105,0.6557,-12.0848,1,Forehand follow,1,-0.0083,LowPickup,-13.5327,-26.2926,1.7008,0.8866,-12.5288,0,1,1,Ready,0,9,18.11,10.6677,0.0201,0.8833,Great,,1.6869,-12.9329,0,11.2,0.085,0.0035,0.5236,0,0,0
1527,Rally,None,1,0.0117,53.8947,0.8987,3.4595,-17.3413,2.0105,0.6557,-12.0848,1,Forehand follow,1,-0.0083,LowPickup,-13.5477,-26.3694,1.6985,0.8831,-12.5292,0,1,1,Ready,0,9,18.1664,10.5519,0.0133,0.825,Great,,1.6869,-12.9329,0,11.2,0.0955,0.0015,0.3184,0,0,0
1528,Rally,None,1,-0.005,53.9992,0.8801,3.4284,-17.3475,2.0105,0.6557,-12.0848,1,Forehand follow,1,-0.0083,LowPickup,-13.5325,-26.4052,1.6971,0.8808,-12.5296,0,1,1,Ready,0,9,18.4076,10.5233,0.0132,0.7667,Great,,1.6869,-12.9329,0,11.2,0.1046,0.0003,0.2509,0,0,0
1529,Rally,None,1,-0.005,54.1117,0.8765,3.426,-17.3478,1.9507,0.7393,-11.8015,1,Forehand follow,1,-0.025,LowPickup,-19.2362,-38.9298,1.6986,0.8481,-12.6337,0,1,1,Ready,0,9,18.7066,10.5259,0.0195,0.7083,Great,,1.6854,-12.9314,0,11.2,0.1125,0.0004,0.8274,0,0,0
1530,Rally,None,1,-0.005,54.231,0.8733,3.4281,-17.3469,1.8919,0.8202,-11.5181,1,Forehand follow,1,-0.0417,LowPickup,-21.241,-36.4702,1.7823,0.7968,-12.6865,13.3748,1,1,Ready,0,9,18.9663,10.5216,0.0092,0.65,Great,,1.682,-12.9279,0,11.2,0.1193,0.0027,1.3638,0,0,0
1531,Rally,None,1,-0.005,54.3563,0.8628,3.4069,-17.3492,1.8059,0.9365,-11.0931,1,Forehand follow,1,-0.0667,LowPickup,-26.6295,-38.3446,1.9494,0.6602,-12.7074,11.151,1,1,Ready,0,9,19.2033,10.5319,0.0074,0.5917,Great,,1.6733,-12.919,0,11.2,0.1253,0.0066,2.1462,0,0,0
1532,Rally,None,1,-0.005,54.4868,0.862,3.4036,-17.3472,1.7499,1.0106,-10.8098,1,Forehand follow,1,-0.0833,LowPickup,-27.8179,-40.7399,1.9746,0.7597,-12.5799,0.3361,1,1,Ready,0,9,19.3898,10.5582,0.0165,0.5333,Great,,1.6651,-12.9105,0,11.2,0.1305,0.0114,3.149,1.433,0,0
1533,Rally,None,1,-0.005,54.6217,0.8551,3.4099,-17.3417,1.668,1.1167,-10.3848,1,Forehand follow,1,-0.1083,LowPickup,-35.3115,-47.3346,1.8942,0.9724,-12.4231,0.1591,1,1,Ready,0,9,19.5648,10.6269,0.018,0.475,Great,,1.6491,-12.8941,0,11.2,0.135,0.0166,4.8015,3.8591,0,0
1534,Rally,None,1,-0.005,54.7607,0.8566,3.3977,-17.3382,1.6148,1.1839,-10.1015,1,Forehand follow,1,-0.125,LowPickup,-33.8456,-48.5295,1.8412,1.0529,-12.3508,0,1,1,Ready,0,9,19.7557,10.7644,0.0116,0.4167,Great,,1.636,-12.8807,0,11.2,0.1389,0.0214,5.8834,8.1485,0,0
1535,Rally,None,1,-0.005,54.903,0.8514,3.3939,-17.332,1.5627,1.2485,-9.8181,1,Forehand follow,1,-0.1417,LowPickup,-23.3686,-48.8816,1.809,1.0959,-12.2703,0,1,1,Ready,0,9,19.9636,10.9576,0.0098,0.3583,Great,,1.621,-12.8652,0,11.2,0.1423,0.025,6.9392,15.3201,0,0
1536,Rally,None,1,-0.005,55.0463,0.8516,3.3957,-17.322,1.4867,1.3402,-9.3931,1,Forehand follow,1,-0.1667,LowPickup,-31.5931,-54.237,1.7202,1.124,-12.174,0,1,1,Ready,0,9,20.2063,11.2005,0.0098,0.3,Great,,1.5948,-12.8384,0,11.2,0.1433,0.0275,7.8525,11.1385,0,0
1537,Rally,None,1,-0.005,55.1709,0.846,3.3934,-17.3115,1.4374,1.398,-9.1098,1,Forehand follow,1,-0.1833,LowPickup,-27.4238,-54.8626,1.6755,1.0777,-12.1409,0,1,1,Ready,0,9,20.4594,11.4806,0.0097,0.2417,Great,,1.575,-12.818,0,11.2,0.1246,0.0285,7.7778,9.2697,0,0
1538,Rally,None,1,-0.005,55.2792,0.839,3.3903,-17.298,1.3655,1.4795,-8.6848,1,Forehand follow,1,-0.2083,LowPickup,-22.5636,-58.3941,1.5825,1.0178,-12.1171,0,1,1,Ready,0,9,20.7493,11.813,0.0057,0.1833,Great,,1.5416,-12.7836,0,11.2,0.1083,0.028,8.5,12.5402,0,0
1539,Rally,None,1,-0.005,55.3734,0.834,3.394,-17.2818,1.319,1.5305,-8.4015,1,Forehand follow,1,-0.225,LowPickup,-20.1488,-61.5067,1.3938,0.9781,-12.3371,0.8917,1,1,Ready,0,9,20.9426,12.1017,0.0081,0.125,Great,,1.5169,-12.7582,0,11.2,0.0942,0.026,8.2987,10.8649,0,0
1540,Rally,None,1,-0.005,55.4552,0.8248,3.3925,-17.265,1.2736,1.5787,-8.1181,1,Forehand follow,1,-0.2417,LowPickup,-17.2948,-65.3985,1.374,1.2649,-12.388,1.7147,1,1,Ready,0,9,20.9203,12.2659,0.0117,0.0667,Great,,1.4902,-12.7309,0,11.2,0.0819,0.0227,8.1295,9.4241,0,0
1541,Rally,None,1,-0.005,55.5264,0.8152,3.3918,-17.2444,1.2075,1.6459,-7.6931,1,Forehand follow,1,-0.2667,LowPickup,-14.4514,-69.9311,1.2625,1.2317,-12.3699,0.864,1,1,Ready,0,9,20.6863,12.3101,0.0135,0.0083,Great,,1.4466,-12.6861,-0.1201,11.2,0.0712,0.0183,8.5,8.254,0,0
1542,Rally,None,1,-0.005,55.5883,0.8044,3.3917,-17.2222,1.1649,1.6873,-7.4098,1,Forehand follow,0,9,LowPickup,-11.8287,-67.6633,1.209,1.2448,-12.3427,0.6317,1,1,Run,0,9,23.6579,16.0939,0.4815,0,Great,,1.4151,-12.6537,-0.2002,11.2,0.0619,0.0183,8.5,8.254,0,0
1543,Rally,None,1,-0.005,55.6421,0.7914,3.3917,-17.1961,1.103,1.7443,-6.9848,1,Run,0,9,LowPickup,-10.1561,-33.8017,1.7863,0.803,-12.1892,0,0.9555,0.8333,Run,0,9,29.4804,22.9407,1.1615,0,Great,,1.3643,-12.6015,-0.3203,11.2,0.0538,0.0131,8.5,9.4875,0,0
1544,Rally,None,1,-0.005,55.6888,0.7777,3.3918,-17.1684,1.0631,1.7789,-6.7015,1,Run,0,9,LowPickup,-9.3585,-25.0958,1.5001,0.8283,-12.0057,0,0.856,0.6667,Run,0,9,34.9758,29.8216,0,0,Great,,1.3279,-12.5642,-0.4004,11.2,0.0468,0.0079,8.5,4.1381,0,0
1545,Rally,None,1,-0.005,55.7295,0.7632,3.392,-17.1393,1.0244,1.8107,-6.4181,1,Run,0,9,LowPickup,-9.2423,-22.4964,1.4694,0.8077,-12.0326,0,0.7361,0.5,Run,0,9,39.1456,35.7339,0,0,Great,,1.2897,-12.5249,-0.3945,11.2,0.0407,0.0033,8.5,3.7913,0,0
1546,Rally,None,1,-0.005,55.7648,0.7463,3.3923,-17.1057,0.9683,1.8534,-5.9931,1,Run,0,9,LowPickup,-9.6434,-20.4716,1.4234,0.7986,-12.0146,0,0.6155,0.3333,Run,0,9,32.067,30.4301,0,0,Great,,1.2286,-12.4622,-0.31,11.2,0.0353,-0.0002,8.4915,3.1929,0,0
1547,Rally,None,1,-0.005,55.7955,0.7286,3.3926,-17.0707,0.9324,1.8785,-5.7098,1,Run,0,9,LowPickup,-10.5001,-18.7888,1.3437,0.7668,-12.0487,0,0.5041,0.1667,Run,0,9,14.7231,14.1012,0,0,Great,,1.1855,-12.4179,-0.2548,11.2,0.0307,-0.0025,8.5,2.5068,0.0003,0.8103
1548,Rally,None,1,-0.005,55.8223,0.7085,3.393,-17.031,0.8805,1.9109,-5.2848,1,Run,0,9,LowPickup,-11.7207,-17.318,1.3237,0.7719,-11.9626,0,0.4064,0,Run,0,9,-3.1855,-3.6223,0,0,Great,,1.1172,-12.3477,-0.1739,11.2,0.0267,-0.0038,8.5,1.8466,0.001,1.1789
1549,Rally,None,1,-0.005,55.8455,0.6878,3.3934,-16.9901,0.8473,1.9292,-5.0015,1,Run,0,9,LowPickup,-13.2042,-16.0643,1.2751,0.7636,-11.892,9.6454,0.3236,0,Run,0,9,-17.6019,-18.548,5.409,0,Great,,1.0693,-12.2985,-0.1211,11.2,0.0232,-0.0042,8.5,1.2688,0.0022,1.7394
1550,Rally,None,1,-0.005,55.8657,0.6663,3.3939,-16.948,0.8152,1.9447,-4.7181,1,Run,0,9,LowPickup,-14.8107,-15.0199,1.2183,0.7656,-11.8198,3.5817,0.2551,0,Run,0,9,-27.831,-29.4617,1.4057,0,Great,,1.0205,-12.2483,-0.0693,11.2,0.0202,-0.0039,8.5,0.8079,0.0037,1.9114
1551,Rally,None,1,-0.005,55.8832,0.6426,3.3945,-16.9015,0.7692,1.9629,-4.2931,1,Run,0,9,LowPickup,-16.4649,-14.5157,1.1324,0.7885,-11.7199,0.83,0.1995,0,Run,0,9,-34.6569,-37.0223,0.5777,0,Great,,0.9472,-12.1731,0.0067,11.2,0.0176,-0.0033,7.3303,0.5056,0.0053,2.0467
1552,Rally,None,1,-0.005,55.8985,0.6186,3.395,-16.8545,0.7399,1.9716,-4.0098,1,Run,0,9,LowPickup,-17.9392,-14.3847,1.0732,0.8156,-11.6455,0.1743,0.1549,0,Run,0,9,-39.1277,-42.1888,0.2495,0,Great,,0.8984,-12.1229,0.0562,11.2,0.0153,-0.0024,5.7772,0.3565,0.0071,2.4234
1553,Rally,None,1,-0.005,55.9117,0.5927,3.3957,-16.8037,0.698,1.9795,-3.5848,1,Run,0,9,LowPickup,-19.1356,-14.4396,0.9918,0.8321,-11.5558,0.4944,0.1195,0,Run,0,9,-42.0786,-45.5347,0.6345,0,Great,,0.8251,-12.0477,0.1286,11.2,0.0133,-0.0015,4.5532,0.3892,0.0088,2.4502
1554,Rally,None,1,-0.005,55.9233,0.5668,3.3963,-16.7531,0.6715,1.9814,-3.3015,1,Run,0,9,LowPickup,-20.0334,-14.6994,0.9397,0.8399,-11.503,0,0.0918,0,Run,0,9,-44.1089,-47.7616,1.0054,0,Great,,0.7763,-11.9975,0.1758,11.2,0.0115,-0.0007,3.5885,0.5287,0.0104,2.7415
1555,Rally,None,1,-0.005,55.9333,0.5409,3.397,-16.7024,0.646,1.9806,-3.0181,1,Run,0,9,LowPickup,-20.5755,-15.2113,0.892,0.8467,-11.4551,7.6944,0.0702,0,Run,0,9,-45.5525,-49.1014,1.3761,0,Great,,0.7275,-11.9473,0.2219,11.2,0.01,-0.0001,2.8282,0.7209,0.0118,2.7008
1556,Rally,None,1,-0.005,55.942,0.5134,3.3977,-16.6486,0.61,1.9742,-2.5931,1,Run,0,9,LowPickup,-20.751,-15.9935,0.8236,0.8329,-11.3863,1.298,0.0534,0,Run,0,9,-46.6339,-49.8921,0.743,0,Great,,0.6542,-11.8721,0.2894,11.2,0.0087,0.0004,2.229,0.9544,0.0129,2.669
1557,Rally,None,1,-0.005,55.9496,0.4861,3.3985,-16.5951,0.5874,1.9665,-2.3098,1,Run,0,9,LowPickup,-20.6068,-16.9414,0.7836,0.8015,-11.3499,2.8367,0.0405,0,Run,0,9,-47.4892,-50.3633,0.3808,0,Great,,0.6054,-11.8219,0.3332,11.2,0.0076,0.0006,1.7567,1.1829,0.0137,2.9139
1558,Rally,None,1,-0.005,55.9562,0.4572,3.3992,-16.5388,0.5555,1.95,-1.8848,1,Run,0,9,LowPickup,-20.2834,-18.1487,0.7163,0.7656,-11.2949,2.4687,0.0307,0,Run,0,9,-48.2998,-50.4889,5.2746,0,Great,,0.5322,-11.7467,0.3972,11.2,0.0066,0.0007,1.3845,1.3665,0.0143,2.8368
1559,Rally,None,1,-0.005,55.9619,0.4288,3.4,-16.4833,0.5356,1.9355,-1.6015,1,Run,0,9,LowPickup,-19.7766,-19.4984,0.6752,0.7509,-11.2639,0,0.0231,0,Run,0,9,-48.9936,-50.3944,0.7284,0,Great,,0.4834,-11.6965,0.4386,11.2,0.0057,0.0007,1.0912,1.4918,0.0148,3.0461
1560,Rally,None,1,-0.005,55.9669,0.4008,3.4008,-16.4285,0.5169,1.9183,-1.3181,1,Run,0,9,LowPickup,-19.2293,-20.8899,0.6335,0.7409,-11.2337,4.2604,0.0174,0,Run,0,9,-49.6238,-50.0829,0.1411,0,Great,,0.4345,-11.6464,0.4791,11.2,0.005,0.0006,0.86,1.505,0.0151,2.9411
1561,Rally,None,1,-0.005,55.9712,0.3716,3.4017,-16.3712,0.4908,1.8874,-0.8931,1,Run,0,9,LowPickup,-18.7957,-22.2151,0.566,0.7453,-11.18,2.5643,0.0131,0,Run,0,9,-50.2799,-49.7941,0,0,Great,,0.3632,-11.5731,0.5381,11.2,0.0043,0.0004,0.6778,1.3665,0.0152,2.8582
1562,Rally,None,1,-0.005,55.975,0.343,3.4025,-16.3153,0.4748,1.8634,-0.6098,1,Run,0,9,LowPickup,-18.5318,-23.686,0.5209,0.7538,-11.1476,0.9527,0.0098,0,Run,0,9,-50.7203,-49.3931,0,0,Great,,0.318,-11.5267,0.5763,11.2,0.0038,0.0011,1.2796,1.1042,0.0153,3.063
1563,Rally,None,1,-0.005,55.9782,0.3138,3.4034,-16.258,0.453,1.8223,-0.1848,1,Run,0,9,LowPickup,-18.4603,-24.8191,0.4572,0.764,-11.0871,1.1112,0.0073,0,Forehand prepare 0.05,0,9,-50.4595,-49.9324,0,0,Great,,0.2539,-11.4608,0.6317,11.2,0.0033,0.003,2.5975,0.7341,0.0152,2.9544
1564,Rally,None,1,-0.005,55.9682,0.2857,3.4043,-16.2028,0.4398,1.7915,0.0985,1,Run,0,9,LowPickup,-18.6416,-25.7313,0.416,0.7754,-11.0471,0.4007,0.0055,0,Forehand prepare 0.11,0,9,-48.3489,-47.8025,0,0,Great,,0.2136,-11.4194,0.6675,11.2,-0.01,0.0067,4.4307,0.2966,0.0153,3.1388
1565,Rally,None,1,-0.005,55.9225,0.2587,3.4052,-16.1496,0.4277,1.758,0.3819,1,Run,0,9,LowPickup,-18.996,-26.2404,0.374,0.784,-11.0019,1.1112,0.0041,0,Forehand prepare 0.15,0,9,-38.3137,-42.821,0,0,Great,,0.1752,-11.38,0.7023,11.2,-0.0457,0.0116,5.081,0.2082,0.0153,3.0139
1566,Rally,None,1,-0.005,55.8272,0.2316,3.4061,-16.0961,0.4117,1.7026,0.8069,1,Run,0,9,LowPickup,-19.488,-26.497,0.2709,0.7885,-10.936,4.821,0.003,0,Forehand prepare 0.18,0,9,-32.6077,-39.1751,0,0,Great,,0.1212,-11.3245,0.7528,11.2,-0.0953,0.017,5.5935,0.5925,0.0152,2.9157
1567,Rally,None,1,-0.005,55.7073,0.2058,3.4071,-16.0449,0.4023,1.6622,1.0902,1,Run,0,9,LowPickup,-20.0794,-26.6067,0.2286,0.793,-10.8884,0.4506,0.0023,0,Forehand prepare 0.24,0,9,-30.8856,-37.465,0,0,Great,,0.0877,-11.2901,0.7853,11.2,-0.1199,0.0229,6.792,0.9008,0.0152,3.1084
1568,Rally,None,1,-0.005,55.5476,0.1802,3.408,-15.9941,0.3905,1.5966,1.5152,1,Run,0,9,LowPickup,-20.7394,-26.4168,0.214,0.7904,-10.8269,0.2312,0,0,Forehand prepare 0.28,0,9,-31.1307,-37.0044,0,0,Great,,0.041,-11.2422,0.8322,11.2,-0.1597,0.0284,6.942,1.1156,0.0152,2.99
1569,Rally,None,1,-0.005,55.3718,0.1561,3.409,-15.9461,0.3839,1.5494,1.7985,1,Run,0,9,LowPickup,-21.4413,-26.1413,0.1769,0.7878,-10.7836,5.9542,0,0,Forehand prepare 0.33,0,9,-34.0128,-37.961,0,0,Great,,0.0123,-11.2127,0.8624,11.2,-0.1759,0.0335,7.8547,1.2207,0.0153,3.167
1570,Rally,None,1,-0.005,55.1819,0.1344,3.4099,-15.9026,0.3785,1.4995,2.0819,1,Run,0,9,LowPickup,-22.1142,-25.6701,0.1578,0.7787,-10.7589,0.8564,0,0,Forehand prepare 0.37,0,9,-36.8911,-39.6079,0.311,0,Great,,0,-11.2,0.8915,11.2,-0.1899,0.0377,7.7796,1.2155,0.0154,3.0363
1571,Rally,None,1,-0.005,54.9612,0.1158,3.4109,-15.8647,0.3725,1.4196,2.5069,1,Ready,0,9,LowPickup,-19.3769,-23.3363,0.158,0.7684,-10.769,0.3505,0,0,Forehand prepare 0.41,0,9,-41.1531,-40.8483,0.4568,0,Great,,0,-11.2,0.9335,11.2,-0.2206,0.0397,6.1313,2.1184,0.0153,2.9332
1572,Rally,None,1,-0.005,54.7324,0.0998,3.4119,-15.8318,0.3698,1.3629,2.7902,1,Ready,0,9,LowPickup,-13.8586,-17.736,0.1714,0.7741,-10.7963,8.0499,0,0,Forehand prepare 0.46,0,9,-44.1268,-38.576,1.4951,0,Great,,0,-11.2,0.9603,11.2,-0.2288,0.0392,4.8323,2.1885,0.0154,3.1221
1573,Rally,None,1,-0.005,54.478,0.0862,3.4129,-15.803,0.368,1.2727,3.2152,1,Ready,0,9,LowPickup,-8.3322,-11.5977,0.1865,0.7811,-10.8292,2.8194,0,0,Forehand prepare 0.50,0,9,-42.6674,-35.267,5.8191,0,Great,,0,-11.2,0.9988,11.2,-0.2544,0.0362,3.8084,1.7252,0.0154,3.001
1574,Rally,None,1,-0.005,54.2198,0.0745,3.4139,-15.778,0.3681,1.2092,3.4985,1,Ready,0,9,LowPickup,-3.7555,-6.4669,0.193,0.7835,-10.8609,0.6171,0,0,Forehand prepare 0.55,0,9,-38.8262,-29.6785,0.1939,0,Great,,0,-11.2,1.0232,11.2,-0.2582,0.0316,3.0015,1.4013,0.0155,3.1756
1575,Rally,None,1,-0.005,53.9583,0.0646,3.4149,-15.7563,0.3693,1.143,3.7819,1,Ready,0,9,LowPickup,-0.3016,-2.5763,0.1841,0.7904,-10.8802,1.1107,0,0,Forehand prepare 0.59,0,9,-41.7394,-26.0429,0.389,0,Great,,0,-11.2,1.0467,11.2,-0.2615,0.0259,2.3656,1.2002,0.0155,3.043
1576,Rally,None,1,-0.005,53.6754,0.0561,3.4159,-15.7373,0.3733,1.0385,4.2069,1,Ready,0,9,LowPickup,2.1716,0.1556,0.1433,0.8179,-10.8647,0.878,0,0,Forehand prepare 0.63,0,9,-46.5786,-21.5879,1.8205,0,Great,,0,-11.2,1.0802,11.2,-0.2829,0.02,1.8644,1.1311,0.0155,2.9385
1577,Rally,None,1,-0.005,53.3925,0.049,3.4169,-15.7208,0.3773,0.9655,4.4902,1,Ready,0,9,LowPickup,3.8303,1.919,0.1149,0.8436,-10.8517,0.7196,0,0,Forehand prepare 0.68,0,9,-45.1728,-13.8189,0.3603,0,Great,,0,-11.2,1.1013,11.2,-0.2829,0.0143,1.4694,1.1662,0.0155,3.1263
1578,Rally,None,1,-0.005,53.091,0.0431,3.418,-15.7064,0.3855,0.8508,4.9152,1,Ready,0,9,LowPickup,4.7714,2.893,0.15,0.8166,-10.8756,0.5835,0,0,Forehand prepare 0.72,0,9,-35.1923,-3.5234,3.185,0,Great,,0,-11.2,1.1313,11.2,-0.3015,0.0094,1.1581,1.2189,0.0155,3.0043
1579,Rally,None,1,-0.005,52.7919,0.0382,3.419,-15.6938,0.3923,0.7709,5.1985,1,Ready,0,9,LowPickup,5.316,3.3358,0.1974,0.7917,-10.9104,0.2556,0,0,Forehand prepare 0.78,0,9,-28.2513,4.8426,1.071,0,Great,,0,-11.2,1.1501,11.2,-0.2991,0.0055,0.9127,1.2896,0.0155,3.1781
1580,Rally,None,1,-0.005,52.4949,0.0341,3.4201,-15.6828,0.4002,0.6884,5.4819,1,Ready,0,9,LowPickup,5.7472,3.4111,0.2042,0.7873,-10.9134,0.4574,0,0,Forehand prepare 0.81,0,9,-26.7766,11.8112,0.4826,0,Great,,0,-11.2,1.1679,11.2,-0.2971,0.0026,0.7193,1.344,0.0156,3.0451
1581,Rally,None,1,-0.005,52.1811,0.0308,3.4211,-15.6733,0.4141,0.5594,5.9069,1,Ready,0,9,LowPickup,6.0776,3.3505,0.1998,0.7849,-10.9073,0.6711,0,0,Forehand prepare 0.85,0,9,-29.0085,17.299,0.576,0,Great,,0,-11.2,1.1929,11.2,-0.3138,0.0006,0.5669,1.2661,0.0155,2.9403
1582,Rally,None,1,-0.005,51.8962,0.0281,3.4222,-15.665,0.4248,0.47,6.1902,1,Ready,0,9,LowPickup,6.3293,3.3847,0.1986,0.7737,-10.9046,0,0,0,Forehand prepare 0.91,0,9,-36.3184,18.2383,0.7565,0,Great,,0,-11.2,1.2084,11.2,-0.2849,-0.0005,0.4468,1.0225,0.0155,3.1278
1583,Rally,None,1,-0.005,51.6484,0.026,3.4233,-15.6577,0.4429,0.3308,6.6152,1,Ready,0,9,LowPickup,6.5785,3.5444,0.1968,0.7616,-10.9073,0,0,0,Forehand prepare 0.94,0,9,-33.78,21.0457,1.4748,0,Great,,0,-11.2,1.2298,11.2,-0.2477,-0.001,0.3521,0.7369,0.0155,3.0052
1584,Rally,None,1,-0.005,51.4331,0.0245,3.4244,-15.6514,0.4564,0.2346,6.8985,1,Ready,0,9,LowPickup,6.8619,3.8942,0.1954,0.7538,-10.9271,0,0,0,Forehand prepare 1.00,0,9,-30.8159,17.4323,2.5098,0,Great,,0,-11.2,1.2429,11.2,-0.2154,-0.001,0.2775,0.5211,0.0155,3.179
1585,Rally,None,1,-0.005,51.2459,0.0233,3.4254,-15.6459,0.471,0.1356,7.1819,1,Ready,0,9,LowPickup,7.3026,4.5168,0.1943,0.754,-10.9503,0,0,0,Forehand prepare 1.00,0,9,-24.0477,23.0029,1.2459,0,Great,,0,-11.2,1.2551,11.2,-0.1872,-0.0007,0.2187,0.5363,0.0155,3.0456
1586,Rally,None,1,-0.005,51.0831,0.0226,3.4265,-15.6411,0.494,0.1749,7.5899,1,Ready,0,9,LowPickup,7.7361,5.3027,0.1956,0.7595,-10.9611,0,0,0,Forehand prepare 1.00,1,0.1833,-2.8921,41.8179,0.9404,0,Great,,0,-11.2,1.3409,11.2,-0.1628,-0.0004,0.1724,0.7088,0.015,2.3176
1587,Rally,None,1,-0.005,50.9416,0.0221,3.4276,-15.6369,0.5104,0.247,7.8562,1,Ready,0,9,LowPickup,8.4059,6.2727,0.1925,0.7639,-10.9624,0,0,0,Forehand swing,1,0.168,-17.0696,41.1612,2.2375,0,Great,,0,-11.2,1.421,11.2,-0.1415,0,0.1359,0.7989,0.0139,1.8266
1588,Rally,None,1,-0.005,50.8186,0.022,3.4287,-15.6333,0.5371,0.3502,8.2557,1,Ready,0,9,LowPickup,9.5168,7.341,0.176,0.7681,-10.9479,0,0,0,Forehand swing,1,0.1451,-26.2336,33.2585,0,0,Great,,0,-11.2,1.5411,11.2,-0.123,0.0004,0.1071,0.6536,0.0123,1.4396
1589,Rally,None,1,-0.005,50.7117,0.0221,3.4298,-15.6301,0.5563,0.4155,8.522,1,Ready,0,9,LowPickup,10.8063,8.4389,0.1872,0.7759,-10.9308,0.6133,0,0,Forehand swing,1,0.1298,-30.3163,22.5023,0,0,Great,,0,-11.2,1.6212,11.2,-0.1069,0.0006,0.0844,0.4821,0.0104,1.1346
1590,Rally,None,1,-0.005,50.6187,0.0224,3.431,-15.6274,0.5767,0.4781,8.7884,1,Ready,0,9,LowPickup,12.1754,9.5329,0.1493,0.7833,-10.9399,0.4788,0,0,Forehand swing,1,0.1146,-36.1841,7.3873,0,0,Great,,0,-11.2,1.6969,11.2,-0.093,0.0007,0.0665,0.4145,0.0084,0.8942
1591,Rally,None,1,-0.005,50.5379,0.023,3.4321,-15.625,0.6092,0.567,9.1879,1,Ready,0,9,LowPickup,13.3631,10.4605,0.1743,0.791,-10.9421,0.2493,0,0,Forehand swing,1,0.0916,-44.7257,-17.7188,0,0,Great,,0,-11.2,1.7059,11.2,-0.0808,0.0007,0.0524,0.4733,0.0064,0.6069
1592,Rally,None,1,-0.005,50.4676,0.0237,3.4332,-15.6229,0.6323,0.6228,9.4542,1,Ready,0,9,LowPickup,14.0831,11.1216,0.1554,0.8041,-10.9517,1.8051,0,0,Forehand swing,1,0.0764,-44.0673,-30.6202,0,0,Great,,0,-11.2,1.7107,11.2,-0.0703,0.0007,0.0413,0.4861,0.0049,0.7913
1593,Rally,None,1,-0.005,50.4065,0.0245,3.4343,-15.621,0.669,0.7014,9.8537,1,Ready,0,9,LowPickup,14.3623,11.4309,0.1644,0.8142,-10.9585,0.3519,0,0,Forehand swing,1,0.0535,-42.7509,-40.4697,0,0,Great,,0,-11.2,1.7162,11.2,-0.0611,0.0006,0.0326,0.4361,0.0044,0.9765
1594,Rally,None,1,-0.005,50.3534,0.0255,3.4354,-15.6194,0.6949,0.7504,10.12,1,Ready,0,9,LowPickup,14.0482,11.2589,0.1657,0.8127,-10.9724,1.7379,0,0,Forehand swing,1,0.0382,-33.7114,-38.891,11.6867,0,Great,,0,-11.2,1.7187,11.2,-0.0531,0.0005,0.0257,0.3536,0.0047,0.8368
1595,Rally,None,1,-0.005,50.3072,0.0265,3.4365,-15.618,0.7218,0.7966,10.3864,1,Ready,0,9,LowPickup,13.4055,10.7397,0.1544,0.8137,-10.9732,0.4401,0,0,Forehand swing,1,0.0229,-28.0904,-38.3563,5.4335,0,Great,,0,-11.2,1.7202,11.2,-0.0462,0.0003,0.0202,0.2783,0.0055,0.9027
1596,PointOver,Reaction,1,-0.005,38,0.9,1.185,-8.2,0.7644,0.8609,10.7859,0,Ready,0,9,LowPickup,12.5846,9.8938,0.137,0.8399,-10.9274,2.6993,0,0,Forehand swing,1,0,-25.016,-41.3128,0.5138,0.4417,Great,,0,-11.2,1.7301,11.2,-12.3072,0.0002,0.0159,0.1662,0.0064,0.7114
1597,PointOver,Reaction,1,-0.005,38,0.9,1.185,-8.2072,0.7941,0.9004,11.0522,0,CelebratePoint,0,9,LowPickup,11.7463,8.8642,0.0694,0.8674,-10.9062,0.6406,0.023,0,SadPointLost,1,-0.0167,-22.5005,-38.8173,1.7296,0.3833,Great,,0,-11.2,1.7549,11.2,0,0.0001,0.0126,0,0.0063,1.0888
1598,PointOver,Reaction,1,-0.005,38,0.9,1.185,-8.2145,0.8408,0.9545,11.4517,0,CelebratePoint,0,9,LowPickup,11.1233,7.7601,0.0931,0.855,-10.9133,2.7576,0.0796,0,SadPointLost,1,-0.0417,-27.2189,-38.8891,0.096,0.325,Great,,0,-11.2,1.7939,11.2,0,0,0.0099,0.5264,0.0053,1.2228
1599,PointOver,Reaction,1,-0.005,38,0.9,1.185,-8.2217,0.8734,0.9871,11.718,0,CelebratePoint,0,9,LowPickup,10.6804,6.6462,0.1237,0.8405,-10.9243,0.5575,0.1549,0,SadPointLost,1,-0.0583,-29.3577,-37.6226,0,0.2667,Great,,0,-11.2,1.8211,11.2,0,0,0.0078,0.9899,0.004,1.2068
1600,PointOver,Reaction,1,-0.005,38,0.9,1.185,-8.229,0.907,1.017,11.9844,0,CelebratePoint,0,9,LowPickup,10.4211,5.6324,0.1351,0.8566,-10.8995,0.7739,0.2385,0,SadPointLost,1,-0.075,-34.95,-42.4088,0,0.2083,Great,,0,-11.2,1.8492,11.2,0,0,0.0061,1.3528,0.0026,1.5629
1601,PointOver,Reaction,1,-0.005,38,0.9,1.185,-8.2362,0.9596,1.0568,12.3839,0,CelebratePoint,0,9,LowPickup,10.4077,4.7934,0.093,0.8718,-10.895,0.7521,0.3239,0,SadPointLost,1,-0.1,-44.4961,-49.8151,0,0.15,Great,,0,-11.2,1.8932,11.2,0,-0.0001,0.0048,1.5752,0.0013,2.1122
1602,PointOver,Reaction,1,-0.005,38,0.9,1.185,-8.2435,0.996,1.0799,12.6502,0,CelebratePoint,0,9,LowPickup,10.6711,4.218,0.127,0.8618,-10.9144,0.5768,0.4067,0,SadPointLost,1,-0.1167,-46.8601,-53.3706,0,0.0917,Great,,0,-11.2,1.9236,11.2,0,-0.0001,0.0038,1.6135,0.0003,2.4506
1603,PointOver,Reaction,1,-0.005,38,0.9,1.185,-8.2507,1.0527,1.1095,13.0497,0,CelebratePoint,0,9,LowPickup,11.1202,3.8436,0.1577,0.8577,-10.9283,0.2505,0.4842,0,SadPointLost,1,-0.1417,-38.4826,-58.3017,0,0.0333,Great,,0,-11.2,1.9711,11.2,0,0,0.003,1.4935,-0.0004,3.0389
1604,PointOver,Reaction,1,-0.005,38,0.9,1.185,-8.258,1.0919,1.1258,13.316,0,CelebratePoint,0,9,LowPickup,11.5456,3.5812,0.1516,0.8616,-10.9,0.4382,0.5552,0,SadPointLost,1,-0.1583,-42.4961,-67.4911,0,0,Great,,0,-11.2,2.004,11.2,0,0,0.0024,1.2214,-0.0009,2.935
1605,PointOver,Reaction,1,-0.005,38,0.9,1.185,-8.2652,1.1322,1.1393,13.5824,0,CelebratePoint,0,9,LowPickup,11.8498,3.3418,0.148,0.8638,-10.8768,0.6144,0.6189,0,SadPointLost,1,-0.175,-49.7104,-75.7894,5.7976,0,Great,,0,-11.2,2.0378,11.2,0,0,0.0019,0.8847,-0.0011,2.8537
1606,PointOver,Reaction,1,-0.005,38,0.9,1.185,-8.2725,1.1947,1.1546,13.9819,0,CelebratePoint,0,9,LowPickup,11.8682,3.0225,0.1705,0.8572,-10.8847,0.6166,0.6753,0,SadPointLost,1,-0.2,-51.2844,-84.6327,6.4467,0,Great,,0,-11.2,2.0902,11.2,0,0,0.0015,0.6416,-0.0011,3.0595
1607,PointOver,Reaction,1,-0.005,38,0.9,1.185,-8.2797,1.2378,1.1613,14.2482,0,CelebratePoint,0,9,LowPickup,11.4903,2.5973,0.1893,0.8547,-10.8977,0.6548,0.7248,0,SadPointLost,1,-0.2167,-51.3596,-91.0813,0.6314,0,Great,,0,-11.2,2.1264,11.2,0,0,0.0012,0.7263,-0.0009,2.9514
1608,PointOver,Reaction,1,-0.005,38,0.9,1.185,-8.287,1.3045,1.1664,14.6477,0,CelebratePoint,0,9,LowPickup,10.669,2.0606,0.1901,0.8599,-10.8989,0.781,0.7677,0,SadPointLost,1,-0.2417,-52.4062,-98.8295,2.044,0,Great,,0,-11.2,2.1824,11.2,0,0,0.0009,1.0943,-0.0007,3.1367
1609,PointOver,Reaction,1,-0.005,38,0.9,1.185,-8.2942,1.3504,1.1663,14.914,0,CelebratePoint,0,9,LowPickup,9.4604,1.4842,0.1887,0.8682,-10.9088,0.8942,0.8046,0,SadPointLost,1,-0.2583,-51.483,-105.4069,12.9477,0,Great,,0,-11.2,2.2209,11.2,0,0,0.0007,1.5293,-0.0005,3.0122
1610,PointOver,Reaction,1,-0.005,38,0.9,1.185,-8.3014,1.3974,1.1635,15.1804,0,CelebratePoint,0,9,LowPickup,7.9719,0.9494,0.1971,0.8795,-10.9359,0.8753,0.8363,0,SadPointLost,1,-0.275,-51.9651,-110.5302,2.7951,0,Great,,0,-11.2,2.2603,11.2,0,0,0.0006,1.9632,-0.0003,2.9144
1611,PointOver,Reaction,1,-0.005,38,0.9,1.185,-8.3087,1.4699,1.1542,15.5798,0,CelebratePoint,0,9,LowPickup,6.3587,0.5155,0.2152,0.9081,-10.9567,0.8639,0.8632,0,SadPointLost,0,9,-52.2611,-110.8889,2.4157,0,Great,,0,-11.2,2.3213,11.2,0,0,0.0004,2.2938,-0.0003,2.9144
1612,PointOver,Reaction,1,-0.005,38,0.9,1.185,-8.3159,1.5197,1.1447,15.8462,0,CelebratePoint,0,9,LowPickup,4.8418,0.2719,0.2243,0.94,-10.9685,0,0.886,0,SadPointLost,0,9,-51.7232,-76.072,2.0393,0,Great,,0,-11.2,2.3631,11.2,0,0,0.0004,2.3904,-0.0001,3.1073
1613,PointOver,Reaction,1,-0.005,38,0.9,1.185,-8.3232,1.5964,1.1252,16.2457,0,CelebratePoint,0,9,LowPickup,3.5845,0.2507,0.2299,0.9706,-10.9784,0,0.9052,0,SadPointLost,0,9,-49.8366,-70.6571,0.5651,0,Great,,0,-11.2,2.4276,11.2,0,0,0.0003,2.1768,0.0001,2.9894
1614,PointOver,Reaction,1,-0.005,38,0.9,1.185,-8.3304,1.6489,1.1088,16.512,0,CelebratePoint,0,9,LowPickup,2.8346,0.5145,0.2344,1.0004,-10.9884,0,0.9214,0,SadPointLost,0,9,-46.637,-62.1115,1.6669,0,Great,,0,-11.2,2.4718,11.2,0,0,0.0002,1.5577,0.0001,3.1664
1615,PointOver,Reaction,1,-0.005,38,0.9,1.185,-8.3377,1.7025,1.0896,16.7784,0,CelebratePoint,0,9,LowPickup,2.3385,0.8586,0.2414,1.0467,-10.9956,0,0.9349,0,SadPointLost,0,9,-42.4007,-51.9388,0.4719,0,Great,,0,-11.2,2.5169,11.2,0,0,0.0002,0.8731,0.0002,3.0359
1616,PointOver,Reaction,1,-0.005,38,0.9,1.185,-8.3449,1.7851,1.0558,17.1779,0,CelebratePoint,0,9,LowPickup,1.9953,1.1712,0.2471,1.1185,-11.007,0,0.9462,0,SadPointLost,0,9,-37.4094,-41.2937,0.3394,0,Great,,0,-11.2,2.5864,11.2,0,0,0.0001,0.9413,0.0002,2.9328
1617,PointOver,Reaction,1,-0.005,38,0.9,1.185,-8.3522,1.8415,1.0299,17.4442,0,CelebratePoint,0,9,LowPickup,1.7004,1.3802,0.2547,1.2045,-11.021,0,0.9556,0,SadPointLost,0,9,-31.9144,-30.9125,0,0,Great,,0,-11.2,2.6338,11.2,0,0,0.0001,1.7068,0.0002,3.1218
1618,PointOver,Reaction,1,-0.005,38,0.9,1.185,-8.3594,1.9282,0.9859,17.8437,0,CelebratePoint,0,9,LowPickup,1.4453,1.4783,0.2594,1.3049,-11.042,0,0.9635,0,SadPointLost,0,9,-26.102,-21.6005,0,0,Great,,0,-11.2,2.7068,11.2,0,0,0.0001,2.4667,0.0001,3.0005
1619,PointOver,Reaction,1,-0.005,38,0.9,1.185,-8.3667,1.9874,0.9531,18.11,0,CelebratePoint,0,9,LowPickup,1.2203,1.4683,0.2632,1.4068,-11.0702,0,0.9699,0,SadPointLost,0,9,-20.1345,-13.3505,3.5606,0,Great,,0,-11.2,2.7567,11.2,0,0,0.0001,3.0399,0.0001,3.1752
1620,PointOver,Reaction,1,-0.005,38,0.9,1.185,-8.3739,2.0477,0.9176,18.3764,0,CelebratePoint,0,9,LowPickup,1.0176,1.3668,0.2619,1.5058,-11.1074,0,0.9753,0,SadPointLost,0,9,-14.5657,-6.8115,0.8284,0,Great,,0,-11.2,2.8075,11.2,0,0,0.0001,3.3547,0.0001,3.0428
1621,PointOver,Reaction,1,-0.005,38,0.9,1.185,-8.3812,2.1403,0.8593,18.7759,0,CelebratePoint,0,9,LowPickup,0.8378,1.199,0.2579,1.6003,-11.1465,0,0.9798,0,SadPointLost,0,9,-10.0292,-2.2766,2.0047,0,Great,,0,-11.2,2.8854,11.2,0,0,0,3.413,0,2.9382
1622,PointOver,Reaction,1,-0.005,38,0.9,1.185,-8.3884,2.2033,0.817,19.0422,0,CelebratePoint,0,9,LowPickup,0.6777,0.9903,0.2499,1.6892,-11.1919,0,0.9834,0,SadPointLost,0,9,-6.678,0.4505,0.8321,0,Great,,0,-11.2,2.9386,11.2,0,0,0,3.184,0,3.1261
1623,PointOver,Reaction,1,-0.005,38,0.9,1.185,-8.3957,2.3001,0.7485,19.4417,0,CelebratePoint,0,9,LowPickup,0.5418,0.7674,0.2448,1.7574,-11.2287,0,0.9864,0,SadPointLost,0,9,-4.3497,1.58,0.6292,0,Great,,0,-11.2,3.0201,11.2,0,0,0,2.7102,0,3.0044
1624,PointOver,Reaction,1,-0.005,38,0.9,1.185,-8.4029,2.3659,0.6994,19.708,0,CelebratePoint,0,9,LowPickup,0.4292,0.5501,0.2439,1.799,-11.2447,0,0.9889,0,SadPointLost,0,9,-2.7921,1.8343,0,0,Great,,0,-11.2,3.0756,11.2,0,0,0,2.005,0,3.1783
1625,PointOver,Reaction,1,-0.005,38,0.9,1.185,-8.4101,2.4329,0.6475,19.9744,0,CelebratePoint,0,9,LowPickup,0.3387,0.3552,0.2286,1.8159,-11.2946,0,0.9909,0,SadPointLost,0,9,-1.7766,1.4173,1.828,0,Great,,0,-11.2,3.132,11.2,0,0,0,1.1036,0,3.045
1626,PointOver,Reaction,1,-0.005,38,0.9,1.185,-8.4174,2.5354,0.5647,20.3739,0,CelebratePoint,0,9,LowPickup,0.268,0.193,0.2285,1.8161,-11.3049,0,0.9926,0,SadPointLost,0,9,-1.1224,0.7885,1.967,0,Great,,0,-11.2,3.2185,11.2,0,0,0,0,0,2.94
1627,PointOver,Reaction,1,-0.005,38,0.9,1.185,-8.4246,2.6052,0.506,20.6402,0,CelebratePoint,0,9,LowPickup,0.2131,0.0686,0.2272,1.8087,-11.3107,0,0.994,0,SadPointLost,0,9,-0.7053,0.2767,15.1854,0,Great,,0,-11.2,3.2773,11.2,0,0,0,0.9287,0,3.1275
1628,PointOver,Reaction,1,-0.005,38,0.9,1.185,-8.4319,2.7119,0.413,21.0397,0,CelebratePoint,0,9,LowPickup,0.1712,-0.0171,0.2258,1.7947,-11.3104,0,0.9951,0,SadPointLost,0,9,-0.4419,-0.2308,0.0164,0,Great,,0,-11.2,3.3673,11.2,0,0,0,1.7979,0,3.0052
1629,PointOver,Reaction,1,-0.005,38,0.9,1.185,-8.4391,2.7844,0.3475,21.306,0,CelebratePoint,0,9,LowPickup,0.1388,-0.0684,0.2247,1.7757,-11.3044,0,0.996,0,SadPointLost,0,9,-0.2765,-0.4288,1.4725,0,Great,,0,-11.2,3.4285,11.2,0,0,0,2.4623,0,3.1789
1630,PointOver,Reaction,1,-0.005,38,0.9,1.185,-8.4464,2.8581,0.2793,21.5724,0,CelebratePoint,0,9,LowPickup,0.1135,-0.0909,0.2239,1.753,-11.293,0,0.9967,0,SadPointLost,0,9,-0.1726,-0.5546,11.0789,0,Great,,0,-11.2,3.4906,11.2,0,0,0,2.8886,0,3.0458
1631,PointOver,Reaction,1,-0.005,38,0.9,1.185,-8.4536,2.9706,0.1719,21.9719,0,CelebratePoint,0,9,LowPickup,0.0934,-0.0918,0.2233,1.7274,-11.2774,0,0.9974,0,SadPointLost,0,9,-0.1073,-0.4979,3.8338,0,Great,,0,-11.2,3.5856,11.2,0,0,0,3.0892,0,2.9408
1632,PointOver,Reaction,1,-0.005,38,0.9,1.185,-8.4609,3.047,0.1,22.2382,0,CelebratePoint,0,9,LowPickup,0.0771,-0.078,0.2705,1.6977,-11.259,0,0.9978,0,SadPointLost,0,9,-0.0666,-0.2,1.557,0,Great,,0,-11.2,3.65,11.2,0,0,0,3.0571,0,3.1279
1633,PointOver,Reaction,1,-0.005,38,0.9,1.185,-8.4681,3.1568,0.1828,22.6137,0,CelebratePoint,0,9,LowPickup,0.0608,-0.0582,0.2219,1.6734,-11.2389,0,1,0,SadPointLost,0,9,0,0.0888,11.6891,0,Great,,0,-11.2,3.5299,11.2,0,0,0,2.8352,0,3.0056
1634,PointOver,Reaction,1,-0.005,38,0.9,1.185,-8.4754,3.2314,0.2346,22.8641,0,CelebratePoint,0,9,LowPickup,0.0447,-0.0368,0.2607,1.6449,-11.2125,0,1,0,SadPointLost,0,9,0,0.1558,0.0133,0,Great,,0,-11.2,3.5121,11.2,0,0,0,2.4518,0,2.3688
1635,PointOver,Reaction,1,-0.005,38,0.9,1.185,-8.4826,3.3071,0.2837,23.1145,0,CelebratePoint,0,9,LowPickup,0.0315,-0.0153,0.2597,1.6212,-11.1904,0,1,0,SadPointLost,0,9,0,0.2736,0.0105,0,Great,,0,-11.2,3.576,11.2,0,0,0,1.9387,0,1.8669
1636,PointOver,Reaction,1,-0.005,38,0.9,1.185,-8.4899,3.4227,0.3523,23.49,0,CelebratePoint,0,9,LowPickup,0,-0.0111,0.2582,1.6017,-11.1721,0.1402,1,0,SadPointLost,0,9,0,0.3974,0.0083,0,Great,,0,-11.2,3.6736,11.2,0,0,0,1.3382,0,1.4713
1637,PointOver,Reaction,1,-0.005,38,0.9,1.185,-8.4971,3.5012,0.3945,23.7403,0,CelebratePoint,0,9,LowPickup,0,0.0103,0.2575,1.5887,-11.1566,0.0192,1,0,SadPointLost,0,9,0,0.786,0.0104,0,Great,,0,-11.2,3.7398,11.2,0,0,0,0.6501,0,1.97
1638,PointOver,Reaction,1,-0.005,38,0.9,1.185,-8.5043,3.621,0.4529,24.1159,0,CelebratePoint,0,9,LowPickup,0,0.0251,0.2571,1.5821,-11.1459,0.0198,1,0,SadPointLost,0,9,0,0.9688,0.0026,0,Great,,0,-11.2,3.8409,11.2,0,0,0,0,0,2.0927
1639,PointOver,Reaction,1,-0.005,38,0.9,1.185,-8.5116,3.7022,0.4883,24.3662,0,CelebratePoint,0,9,LowPickup,0,0.0361,0.2568,1.5805,-11.1397,0.0002,1,0,SadPointLost,0,9,0,1.1671,1.981,0,Great,,0,-11.2,3.9095,11.2,0,0,0,0.6355,0,2.46
1640,PointOver,Reaction,1,-0.005,38,0.9,1.185,-8.5188,3.7846,0.5211,24.6166,0,CelebratePoint,0,9,LowPickup,0,0.0404,0.2566,1.5806,-11.1363,0.0002,1,0,SadPointLost,0,9,0,1.1859,13.6324,0,Great,,0,-11.2,3.979,11.2,0,0,0,1.0505,0,2.4789
1641,PointOver,Reaction,1,-0.005,38,0.9,1.185,-8.5261,3.9102,0.5651,24.9921,0,CelebratePoint,0,9,LowPickup,0,0.0394,0.2565,1.5806,-11.1349,0.0001,1,0,SadPointLost,0,9,0,1.157,0.0002,0,Great,,0,-11.2,4.0851,11.2,0,0,0,1.2424,0,2.4938
1642,PointOver,Reaction,1,-0.005,38,0.9,1.185,-8.5333,3.9953,0.591,25.2425,0,CelebratePoint,0,9,LowPickup,0,0.0344,0.2566,1.5812,-11.1353,0.0002,1,0,SadPointLost,0,9,0,1.1802,1.7448,0,Great,,0,-11.2,4.157,11.2,0,0,0,1.2611,0,2.7761
1643,PointOver,Reaction,1,-0.005,38,0.9,1.185,-8.5406,4.1251,0.6248,25.618,0,CelebratePoint,0,9,LowPickup,0,0.0271,0.2567,1.5821,-11.1371,0.0002,1,0,SadPointLost,0,9,0,1.0775,13.0724,0,Great,,0,-11.2,4.2666,11.2,0,0,0,1.1508,0,2.728
1644,PointOver,Reaction,1,-0.005,38,0.9,1.185,-8.5478,4.213,0.6439,25.8684,0,CelebratePoint,0,9,LowPickup,0,0.0188,0.2568,1.5833,-11.1399,0.0003,1,0,SadPointLost,0,9,0,1.0531,0.0047,0,Great,,0,-11.2,4.3408,11.2,0,0,0,0.9561,0,2.9607
1645,PointOver,Reaction,1,-0.005,38,0.9,1.185,-8.5551,4.302,0.6603,26.1187,0,CelebratePoint,0,9,LowPickup,0,0.0107,0.257,1.5847,-11.1432,0.0003,1,0,SadPointLost,0,9,0,0.9329,7.8004,0,Great,,0,-11.2,4.416,11.2,0,0,0,0.7198,0,2.8735
1646,PointOver,Reaction,1,-0.005,38,0.9,1.185,-8.5623,4.4376,0.6798,26.4942,0,CelebratePoint,0,9,LowPickup,0,0.0036,0.2572,1.5863,-11.1468,0.0003,1,0,SadPointLost,0,9,0,0.8282,13.6228,0,Great,,0,-11.2,4.5306,11.2,0,0,0,0.4781,0,2.8048
1647,PointOver,Reaction,1,-0.005,38,0.9,1.185,-8.5696,4.5294,0.6893,26.7446,0,CelebratePoint,0,9,LowPickup,0,-0.002,0.2573,1.5879,-11.1502,0.0004,1,0,SadPointLost,0,9,0,0.8167,0.0046,0,Great,,0,-11.2,4.6082,11.2,0,0,0,0.2533,0,3.0212
1648,PointOver,Reaction,1,-0.005,38,0.9,1.185,-8.5768,4.6692,0.6986,27.1201,0,CelebratePoint,0,9,LowPickup,0,-0.006,0.2575,1.5895,-11.1534,0.0004,1,0,SadPointLost,0,9,0,0.7307,2.1252,0,Great,,0,-11.2,4.7263,11.2,0,0,0,0,0,2.9212
1649,PointOver,Reaction,1,-0.005,38,0.9,1.185,-8.5841,4.7638,0.7014,27.3705,0,CelebratePoint,0,9,LowPickup,0,-0.0083,0.2576,1.5911,-11.1562,0.0004,1,0,SadPointLost,0,9,0,0.7363,16.4528,0,Great,,0,-11.2,4.8062,11.2,0,0,0,0,0,3.113
1650,PointOver,Reaction,1,-0.005,38,0.9,1.185,-8.5913,4.8595,0.7014,27.6208,0,CelebratePoint,0,9,LowPickup,0,-0.01,0.2577,1.5926,-11.1586,0.0005,1,0,SadPointLost,0,9,0,0.6621,0.0035,0,Great,,0,-11.2,4.8862,11.2,0,0,0,0,0,2.9521
1651,PointOver,Reaction,1,-0.005,38,0.9,1.185,-8.5986,5.0051,0.6964,27.9964,0,CelebratePoint,0,9,LowPickup,0,-0.0102,0.2578,1.5942,-11.1606,0.0004,1,0,SadPointLost,0,9,0,0.4879,1.6268,0,Great,,0,-11.2,4.915,11.2,0,0,0,0,0,2.3266
1652,PointOver,Reaction,1,-0.005,38,0.9,1.185,-8.6058,5.1036,0.6896,28.2467,0,CelebratePoint,0,9,LowPickup,0,-0.0093,0.2578,1.5958,-11.1624,0.0004,1,0,SadPointLost,0,9,0,0.3627,9.8575,0,Great,,0,-11.2,4.915,11.2,0,0,0,0,0,1.8337
1653,PointOver,Reaction,1,-0.005,38,0.9,1.185,-8.613,5.2534,0.6743,28.6223,0,CelebratePoint,0,9,LowPickup,0,-0.0076,0.2579,1.5974,-11.1639,0.0004,1,0,SadPointLost,0,9,0,0.2738,0.009,0,Great,,0,-11.2,4.915,11.2,0,0,0,0,0,1.4452
1654,PointOver,Reaction,1,-0.005,38,0.9,1.185,-8.6203,5.3546,0.6607,28.8726,0,CelebratePoint,0,9,LowPickup,0,-0.0064,0.2579,1.599,-11.1654,0.0004,1,0,SadPointLost,0,9,0,0.211,0.0071,0,Great,,0,-11.2,4.915,11.2,0,0,0,0,0,1.139
1655,PointOver,Reaction,1,-0.005,38,0.9,1.185,-8.6275,5.457,0.6444,29.123,0,CelebratePoint,0,9,LowPickup,0,-0.0055,0.258,1.6007,-11.1668,0.0004,1,0,SadPointLost,0,9,0,0.1665,0.0057,0,Great,,0,-11.2,4.915,11.2,0,0,0,0,0,0.8977
1656,PointOver,Reaction,1,-0.005,38,0.9,1.185,-8.6348,5.6126,0.6148,29.4985,0,CelebratePoint,0,9,LowPickup,0,-0.0042,0.258,1.6023,-11.1682,0.0004,1,0,SadPointLost,0,9,0,0.1343,2.1885,0,Great,,0,-11.2,4.915,11.2,0,0,0,0,0,0.7075
1657,PointOver,Reaction,1,-0.005,38,0.9,1.185,-8.642,5.7177,0.5917,29.7489,0,CelebratePoint,0,9,LowPickup,-0.0126,-0.0091,0.2576,1.6043,-11.1706,0.0067,1,0,SadPointLost,0,9,0,0.1101,0.0877,0,Great,,0,-11.2,4.915,11.2,0,0,0,0,0,0.5576
1658,PointOver,Reaction,1,-0.005,38,0.9,1.185,-8.6493,5.8775,0.5519,30.1244,0,CelebratePoint,0,9,LowPickup,0,-0.0007,0.2582,1.6057,-11.1713,0.006,1,0,SadPointLost,0,9,0,0.091,0.0152,0,Great,,0,-11.2,4.915,11.2,0,0,0,0,0,0.4394
1659,PointOver,Reaction,1,-0.005,38,0.9,1.185,-8.6565,5.9854,0.522,30.3747,0,CelebratePoint,0,9,LowPickup,0.1115,0.0561,0.2628,1.6051,-11.1657,0.0557,1,0,SadPointLost,0,9,0,0.0751,0.012,0,Great,,0,-11.2,4.915,11.2,0,0,0,0,0,0.3463
1660,PointOver,Reaction,1,-0.005,38,0.9,1.185,-8.6638,6.0944,0.4893,30.6251,0,CelebratePoint,0,9,LowPickup,0.3722,0.1788,0.2357,1.606,-11.162,0.1303,1,0,SadPointLost,0,9,0,0.0612,0.0213,0,Great,,0,-11.2,4.915,11.2,0,0,0,0,0,0.273
1661,PointOver,Reaction,1,-0.005,38,0.9,1.185,-8.671,6.26,0.4352,31.0006,0,CelebratePoint,0,9,LowPickup,0.8122,0.3706,0.254,1.6001,-11.136,0.2204,1,0,SadPointLost,0,9,0,0.049,0.0013,0,Great,,0,-11.2,4.915,11.2,0,0,0,0.331,0,0.2151
1662,PointOver,Reaction,1,-0.005,38,0.9,1.185,-8.6783,6.3718,0.3958,31.251,0,CelebratePoint,0,9,LowPickup,1.3874,0.5948,0.2766,1.5872,-11.1019,0.2868,1,0,SadPointLost,0,9,0,0.038,0.0011,0,Great,,0,-11.2,4.915,11.2,0,0,0,0.5774,0,0.1695
1663,PointOver,Reaction,1,-0.005,38,0.9,1.185,-8.6855,6.5416,0.3315,31.6265,0,CelebratePoint,0,9,LowPickup,2.0855,0.8343,0.3026,1.5661,-11.0615,0.3492,1,0,SadPointLost,0,9,0,0.0284,0.0008,0,Great,,0,-11.2,4.915,11.2,0,0,0,0.8271,0,0.1336
1664,PointOver,Reaction,1,-0.005,38,0.9,1.185,-8.6928,6.6562,0.2852,31.8769,0,CelebratePoint,0,9,LowPickup,2.8838,1.0699,0.329,1.5353,-11.0173,0.3996,1,0,SadPointLost,0,9,0,0.0201,0.0007,0,Great,,0,-11.2,4.915,11.2,0,0,0,1.0594,0,0.1053
1665,PointOver,Reaction,1,-0.005,38,0.9,1.185,-8.7,6.7719,0.2362,32.1272,0,CelebratePoint,0,9,LowPickup,3.7594,1.2867,0.3537,1.4937,-10.9721,0.4387,1,0,SadPointLost,0,9,0,0.0132,0.0006,0,Great,,0,-11.2,4.915,11.2,0,0,0,1.2499,0,0.083
1666,PointOver,Reaction,1,-0.005,38,4.015,1.185,8.2072,6.9475,0.1575,32.5027,0,CelebratePoint,0,9,LowPickup,4.7001,1.4796,0.3739,1.4412,-10.9285,0.4735,1,0,SadPointLost,0,9,0,0.0077,0.0005,0,Great,,0,-11.2,4.915,11.2,0,0,0,1.3915,0,0.0654
1667,PointOver,Reaction,1,-0.005,38,4.015,1.185,8.2145,7.066,0.1017,32.7531,0,CelebratePoint,0,9,LowPickup,5.6759,1.6375,0.3877,1.3794,-10.8894,0.4817,1,0,SadPointLost,0,9,-0.0126,-0.0027,0.0067,0,Great,,0,-11.2,4.915,11.2,0,0,0,1.4724,0,0.0516
1668,PointOver,Reaction,1,-0.005,38,4.015,1.185,8.2217,7.2386,0.1425,33.1136,0,CelebratePoint,0,9,LowPickup,6.6745,1.7624,0.3934,1.3102,-10.8575,0.4913,1,0,SadPointLost,0,9,0,-0.0022,0.0052,0,Great,,0,-11.2,4.915,11.2,0,0,0,1.4977,0,0.0406
1669,PointOver,Reaction,1,-0.005,38,4.015,1.185,8.229,7.3526,0.1824,33.3489,0,CelebratePoint,0,9,LowPickup,7.6733,1.8524,0.3904,1.2369,-10.8337,0.4987,1,0,SadPointLost,0,9,0.1116,0.0528,0.0559,0,Great,,0,-11.2,4.915,11.2,0,0,0,1.4671,0,0.032
1670,PointOver,Reaction,1,-0.005,38,4.015,1.185,8.2362,7.4678,0.2195,33.5843,0,CelebratePoint,0,9,LowPickup,8.6489,1.9073,0.3793,1.1635,-10.819,0.4891,1,0,SadPointLost,0,9,0.3722,0.1744,0.1293,0,Great,,0,-11.2,4.915,11.2,0,0,0,1.3859,0,0.0252
1671,PointOver,Reaction,1,-0.005,38,4.015,1.185,8.2435,7.6427,0.27,33.9373,0,CelebratePoint,0,9,LowPickup,9.5898,1.9335,0.3609,1.093,-10.813,0.4715,1,0,SadPointLost,0,9,0.8122,0.3657,0.2213,0,Great,,0,-11.2,4.915,11.2,0,0,0,1.2655,0,0.0199
1672,PointOver,Reaction,1,-0.005,38,4.015,1.185,8.2507,7.7606,0.3003,34.1726,0,CelebratePoint,0,9,LowPickup,10.4653,1.9278,0.3379,1.0292,-10.8144,0.4403,1,0,SadPointLost,0,9,1.3873,0.5897,0.2868,0,Great,,0,-11.2,4.915,11.2,0,0,0,1.1064,0,0.0157
1673,PointOver,Reaction,1,-0.005,38,4.015,1.185,8.258,7.9397,0.3406,34.5256,0,CelebratePoint,0,9,LowPickup,11.2636,1.8966,0.3121,0.9741,-10.8213,0.4007,1,0,SadPointLost,0,9,2.0855,0.8292,0.3492,0,Great,,0,-11.2,4.915,11.2,0,0,0,0.922,0,0.0124
1674,PointOver,Reaction,1,-0.005,38,4.015,1.185,8.2652,8.0604,0.3641,34.7609,0,CelebratePoint,0,9,LowPickup,11.9618,1.8398,0.2866,0.9288,-10.8313,0.3422,1,0,SadPointLost,0,9,2.8838,1.0649,0.3995,0,Great,,0,-11.2,4.915,11.2,0,0,0,0.7122,0,0.0097
1675,PointOver,Reaction,1,-0.005,38,4.015,1.185,8.2725,8.1822,0.3848,34.9962,0,CelebratePoint,0,9,LowPickup,12.5368,1.7567,0.2634,0.8943,-10.8424,2.4646,1,0,SadPointLost,0,9,3.7594,1.2819,0.4387,0,Great,,0,-11.2,4.915,11.2,0,0,0,0.4813,0,0.0077
1676,PointOver,Reaction,1,-0.005,38,4.015,1.185,8.2797,8.3671,0.4108,35.3492,0,CelebratePoint,0,9,LowPickup,12.9769,1.6518,0.2446,0.8691,-10.8523,0.7626,1,0,SadPointLost,0,9,4.7001,1.475,0.4728,0,Great,,0,-11.2,4.915,11.2,0,0,0,0.2341,0,0.006
1677,PointOver,Reaction,1,-0.005,38,4.015,1.185,8.287,8.4917,0.4248,35.5846,0,CelebratePoint,0,9,LowPickup,13.2248,1.5055,0.2342,0.856,-10.858,0.1247,1,0,SadPointLost,0,9,5.6759,1.6333,0.483,0,Great,,0,-11.2,4.915,11.2,0,0,0,0,0,0.0048
1678,PointOver,Reaction,1,-0.005,38,4.015,1.185,8.2942,8.6807,0.4406,35.9375,0,Ready,0,9,LowPickup,13.2451,1.4345,0.2333,0.8547,-10.857,0.0055,0.9555,0,SadPointLost,0,9,6.6745,1.7587,0.4926,0,Great,,0,-11.2,4.915,11.2,0,0,0,0.2656,0,0.0038
1679,PointOver,Reaction,1,-0.005,38,4.015,1.185,8.3014,8.8081,0.4477,36.1729,0,Ready,0,9,LowPickup,13.2942,1.5229,0.2318,0.8519,-10.8546,0.0305,0.856,0,SadPointLost,0,9,7.6733,1.8493,0.4988,0,Great,,0,-11.2,4.915,11.2,0,0,0,0.4534,0,0.003
1680,PointOver,Reaction,1,-0.005,38,4.015,1.185,8.3087,8.9367,0.4521,36.4082,0,Ready,0,9,LowPickup,13.3548,1.751,0.2302,0.847,-10.8499,0.0801,0.7361,0,SadPointLost,0,9,8.6489,1.9051,0.4892,0,Great,,0,-11.2,4.915,11.2,0,0,0,0.5803,0,0.0023
1681,PointOver,Reaction,1,-0.005,38,4.015,1.185,8.3159,9.1315,0.4536,36.7612,0,Ready,0,9,LowPickup,13.4141,2.0525,0.229,0.8408,-10.8441,0.1295,0.6155,0,SadPointLost,0,9,9.5898,1.9322,0.4715,0,Great,,0,-11.2,4.915,11.2,0,0,0,0.6011,0,0.0018
1682,PointOver,Reaction,1,-0.005,38,4.015,1.185,8.3232,9.2628,0.4512,36.9965,0,Ready,0,9,LowPickup,13.471,2.3391,0.2288,0.8381,-10.8452,0.0912,0.5041,0,SadPointLost,0,9,10.4653,1.9273,0.4404,0,Great,,0,-11.2,4.915,11.2,0,0,0,0.5469,0,0.0014
1683,PointOver,Reaction,1,-0.005,38,4.015,1.185,8.3304,9.4618,0.4424,37.3495,0,Ready,0,9,LowPickup,13.5164,2.5291,0.229,0.8388,-10.8514,0.0162,0.4064,0,SadPointLost,0,9,11.2636,1.8969,0.4007,0,Great,,0,-11.2,4.915,11.2,0,0,0,0.4173,0,0.0011
1684,PointOver,Reaction,1,-0.005,38,4.015,1.185,8.3377,9.5959,0.4332,37.5848,0,Ready,0,9,LowPickup,13.5259,2.5789,0.2261,0.8352,-10.846,0.0964,0.3236,0,SadPointLost,0,9,11.9618,1.8408,0.3423,0,Great,,0,-11.2,4.915,11.2,0,0,0,0.2824,0,0.0009
1685,PointOver,Reaction,1,-0.005,38,4.015,1.185,8.3449,9.7311,0.4212,37.8202,0,Ready,0,9,LowPickup,13.4988,2.4756,0.2229,0.8319,-10.8383,0.1479,0.2551,0,SadPointLost,0,9,12.5368,1.7581,2.4634,0,Great,,0,-11.2,4.915,11.2,0,0,0,0.2685,0,0.0007
1686,PointOver,Reaction,1,-0.005,38,4.015,1.185,8.3522,9.9359,0.3982,38.1732,0,Ready,0,9,LowPickup,13.4276,2.2403,0.2255,0.8372,-10.8471,0.0626,0.1995,0,SadPointLost,0,9,12.9769,1.6534,0.7619,0,Great,,0,-11.2,4.915,11.2,0,0,0,0.3867,0,0.0006
1687,PointOver,Reaction,1,-0.005,38,4.015,1.185,8.3594,10.0739,0.3794,38.4085,0,Ready,0,9,LowPickup,13.3204,1.8779,0.2308,0.8481,-10.8638,0.0301,0.1549,0,SadPointLost,0,9,13.2375,1.5133,0.1311,0,Great,,0,-11.2,4.915,11.2,0,0,0,0.5107,0,0.0004
1688,PointOver,Reaction,1,-0.005,38,4.015,1.185,8.3667,10.2829,0.3462,38.7615,0,Ready,0,9,LowPickup,12.9509,1.6093,0.2331,0.8464,-10.8731,0.2175,0.1195,0,Ready,0,9,13.2344,1.3775,0.0028,0,Great,,0,-11.2,4.915,11.2,0,0,0,0.4525,0,0.0003
1689,PointOver,Reaction,1,-0.005,38,4.015,1.185,8.3739,10.4237,0.3206,38.9968,0,Ready,0,9,LowPickup,12.3576,1.1751,0.2358,0.8469,-10.8828,0.1481,0.0918,0,Ready,0,9,13.1964,1.2624,0.0162,0,Great,,0,-11.2,4.915,11.2,0,0,0,0.36,0,0.0003
1690,PointOver,Reaction,1,-0.005,38,4.015,1.185,8.3812,10.5655,0.2923,39.2321,0,Ready,0,9,LowPickup,11.2164,0.3749,0.2382,0.8522,-10.8913,0.1437,0.0702,0,Ready,0,9,13.0139,1.1008,0.0323,0,Great,,0,-11.2,4.915,11.2,0,0,0,0.3158,0,0.0002
1691,PointOver,Reaction,1,-0.005,38,4.015,1.185,8.3884,10.7804,0.2447,39.5851,0,Ready,0,9,LowPickup,9.7663,-0.6035,0.2412,0.8635,-10.9009,0.2457,0.0534,0,Ready,0,9,12.5361,0.7865,0.0527,0,Great,,0,-11.2,4.915,11.2,0,0,0,0.4361,0,0.0002
1692,PointOver,Reaction,1,-0.005,38,4.015,1.185,8.3957,10.925,0.2096,39.8205,0,Ready,0,9,LowPickup,8.0528,-1.6914,0.2441,0.8848,-10.9162,0.222,0.0405,0,Ready,0,9,11.6107,0.2217,0.071,0,Great,,0,-11.2,4.915,11.2,0,0,0,0.6267,0,0.0001
1693,PointOver,Reaction,1,-0.005,38,4.015,1.185,8.4029,11.144,0.1518,40.1735,0,Ready,0,9,LowPickup,6.4019,-2.7186,0.252,0.9173,-10.9302,0.1962,0.0307,0,Ready,0,9,10.2722,-0.5867,0.1175,0,Great,,0,-11.2,4.915,11.2,0,0,0,0.7359,0,0.0001
1694,PointOver,Reaction,1,-0.005,38,4.015,1.185,8.4101,11.2914,0.1099,40.4088,0,Ready,0,9,LowPickup,5.1336,-3.5685,0.2705,0.9653,-10.9424,0.1182,0.0231,0,Ready,0,9,8.7766,-1.5317,0.1652,0,Great,,0,-11.2,4.915,11.2,0,0,0,0.6513,0,0.0001
1695,PointOver,Reaction,1,-0.005,38,4.015,1.185,8.4174,11.4355,0.1164,40.6371,0,Ready,0,9,LowPickup,4.265,-4.143,0.2918,1.0256,-10.9489,0.137,0.0174,0,Ready,0,9,7.3576,-2.4328,0.1547,0,Great,,0,-11.2,4.915,11.2,0,0,0,0.4676,0,0.0001
1696,PointOver,Reaction,1,-0.005,38,4.015,1.185,8.4246,11.647,0.1615,40.9689,0,Ready,0,9,LowPickup,3.9747,-4.2962,0.3058,1.1235,-10.9784,0.223,0.0131,0,Ready,0,9,6.3479,-3.0423,0.2379,0,Great,,0,-11.2,4.915,11.2,0,0,0,0.2267,0,0.0001
1697,PointOver,Reaction,1,-0.005,38,4.015,1.185,8.4319,11.7893,0.1882,41.1901,0,Ready,0,9,LowPickup,4.0523,-4.1061,0.3021,1.163,-10.977,0.2771,0.0098,0,Ready,0,9,5.7544,-3.2883,0.3009,0,Great,,0,-11.2,4.915,11.2,0,0,0,0.1439,0,0
1698,PointOver,Reaction,1,-0.005,38,4.015,1.185,8.4391,12.005,0.2231,41.5219,0,Ready,0,9,LowPickup,4.4019,-3.5211,0.2649,0.9951,-10.8322,0.3457,0.0073,0,Ready,0,9,5.5533,-3.0659,0.7554,0,Great,,0,-11.2,4.915,11.2,0,0,0,0.1919,0,0
1699,PointOver,Reaction,1,-0.005,38,4.015,1.185,8.4464,12.1502,0.243,41.7431,0,Ready,0,9,LowPickup,4.867,-2.7075,0.1592,0.8087,-10.8884,1.1,0.0055,0,Ready,0,9,5.6164,-2.495,5.9331,0,Great,,0,-11.2,4.915,11.2,0,0,0,0.1858,0,0
1700,PointOver,Reaction,1,-0.005,38,4.015,1.185,8.4536,12.2964,0.2601,41.9643,0,Ready,0,9,LowPickup,5.2835,-1.7445,0.1802,0.8141,-10.8754,7.0487,0.0041,0,Ready,0,9,5.7553,-1.6743,0.1892,0,Great,,0,-11.2,4.915,11.2,0,0,0,0.1978,0,0
1701,PointOver,Reaction,1,-0.005,38,4.015,1.185,8.4609,12.5179,0.2807,42.2962,0,Ready,0,9,LowPickup,5.673,-0.7182,0.1764,0.8229,-10.9056,0.1481,0.003,0,Ready,0,9,5.9647,-0.7114,0,0,Great,,0,-11.2,4.915,11.2,0,0,0,0.3312,0,0
1702,PointOver,Reaction,1,-0.005,38,4.015,1.185,8.4681,12.667,0.291,42.5174,0,Ready,0,9,LowPickup,6.0098,0.2621,0.207,0.827,-10.9019,0,0.0023,0,Ready,0,9,6.1884,0.2511,0,0,Great,,0,-11.2,4.915,11.2,0,0,0,0.4708,0,0
1703,PointOver,Reaction,1,-0.005,38,4.015,1.185,8.4754,12.8926,0.3014,42.8492,0,Ready,0,9,LowPickup,6.2964,1.1765,0.1919,0.8277,-10.9129,0,0,0,Ready,0,9,6.4052,1.1684,0,0,Great,,0,-11.2,4.915,11.2,0,0,0,0.5615,0,0
1704,PointOver,Reaction,1,-0.005,38,4.015,1.185,8.4826,13.0444,0.3049,43.0704,0,Ready,0,9,LowPickup,6.5267,1.9548,0.1884,0.8198,-10.9217,0,0,0,Ready,0,9,6.5928,1.9557,0,0,Great,,0,-11.2,4.915,11.2,0,0,0,0.5914,0,0
1705,PointOver,Reaction,1,-0.005,38,4.015,1.185,8.4899,13.1974,0.3057,43.2916,0,Ready,0,9,LowPickup,6.7017,2.6006,0.1952,0.8153,-10.9114,0,0,0,Ready,0,9,6.7417,2.609,0,0,Great,,0,-11.2,4.915,11.2,0,0,0,0.5803,0,0
1706,PointOver,Reaction,1,-0.005,38,4.015,1.185,8.4971,13.4289,0.3018,43.6235,0,Ready,0,9,LowPickup,6.8357,3.095,0.13,0.837,-10.8853,0,0,0,Ready,0,9,6.86,3.1074,0,0,Great,,0,-11.2,4.915,11.2,0,0,0,0.5441,0,0
1707,PointOver,Reaction,1,-0.005,38,4.015,1.185,8.5043,13.5846,0.2958,43.8447,0,Ready,0,9,LowPickup,6.8777,3.4246,0.1215,0.8739,-10.8331,0,0,0,Ready,0,9,6.8926,3.4374,0,0,Great,,0,-11.2,4.915,11.2,0,0,0,0.5077,0,0
1708,PointOver,Reaction,1,-0.005,38,4.015,1.185,8.5116,13.8202,0.2816,44.1765,0,Ready,0,9,LowPickup,6.7249,3.5554,0.1432,0.8198,-10.8846,0.4998,0,0,Ready,0,9,6.7342,3.5674,0.788,0,Great,,0,-11.2,4.915,11.2,0,0,0,0.4789,0,0
1709,PointOver,Reaction,1,-0.005,38,4.015,1.185,8.5188,13.9787,0.2688,44.3977,0,Ready,0,9,LowPickup,6.5538,3.5676,0.1947,0.7905,-10.9176,0.3239,0,0,Ready,0,9,6.5538,3.575,0.2309,0,Great,,0,-11.2,4.915,11.2,0,0,0,0.4651,0,0
1710,PointOver,Reaction,1,-0.005,38,4.015,1.185,8.5261,14.1383,0.2532,44.6189,0,Ready,0,9,LowPickup,6.5278,3.476,0.2031,0.7849,-10.9183,0.5617,0,0,Ready,0,9,6.5278,3.4758,0.7202,0,Great,,0,-11.2,4.915,11.2,0,0,0,0.4757,0,0
1711,PointOver,Reaction,1,-0.005,38,4.015,1.185,8.5333,14.3798,0.2248,44.9507,0,Ready,0,9,LowPickup,6.567,3.4027,0.1996,0.7809,-10.9108,0.7274,0,0,Ready,0,9,6.567,3.3938,0.7274,0,Great,,0,-11.2,4.915,11.2,0,0,0,0.4892,0,0
1712,PointOver,Reaction,1,-0.005,38,4.015,1.185,8.5406,14.5422,0.2024,45.172,0,Ready,0,9,LowPickup,6.6341,3.4997,0.1993,0.7701,-10.9075,0.62,0,0,Ready,0,9,6.6341,3.4819,0.62,0,Great,,0,-11.2,4.915,11.2,0,0,0,0.4344,0,0
1713,PointOver,Reaction,1,-0.005,38,4.015,1.185,8.5478,14.7879,0.1637,45.5038,0,Ready,0,9,LowPickup,6.7675,3.7437,0.2242,0.7583,-10.9045,0.4815,0,0,Ready,0,9,6.7675,3.7191,0.4815,0,Great,,0,-11.2,4.915,11.2,0,0,0,0.3757,0,0
1714,PointOver,Reaction,1,-0.005,38,4.015,1.185,8.5551,14.953,0.1346,45.725,0,Ready,0,9,LowPickup,6.9788,4.1682,0.1969,0.751,-10.9304,0.3449,0,0,Ready,0,9,6.9787,4.1401,0.3449,0,Great,,0,-11.2,4.915,11.2,0,0,0,0.3695,0,0
1715,PointOver,Reaction,1,-0.005,38,4.015,1.185,8.5623,15.1193,0.1026,45.9462,0,Ready,0,9,LowPickup,7.3026,4.7781,0.1958,0.7512,-10.9535,0.2572,0,0,Ready,0,9,7.3026,4.7489,0.2572,0,Great,,0,-11.2,4.915,11.2,0,0,0,0.45,0,0
1716,PlayerServeHold,Reaction,1,-0.005,38,4.015,1.185,8.5696,15.2817,0.1126,46.1608,0,Ready,0,9,LowPickup,7.7361,5.6051,0.1969,0.7562,-10.9648,0.1005,0,0,Ready,0,9,7.7361,5.577,0.1005,0,Great,,0,-11.2,4.915,11.2,0,0,0,0.5525,0,0
1717,PlayerServeHold,Reaction,1,-0.005,38,3.975,1.185,8.5768,0.2613,0.875,-10.9333,0,Ready,0,9,LowPickup,8.4059,6.5774,0.1949,0.76,-10.9999,0.1805,0,0,Forehand prepare 1.00,0,9,1.9341,6.4473,0.287,0,Great,,0.0013,-11.2333,4.875,11.2,0,0,0,0.5985,0,0
1718,PlayerServeHold,Reaction,1,-0.005,38,3.8949,1.185,8.5841,0.2531,0.875,-10.9911,0,Serve prepare 0.00,0,9,LowPickup,9.1626,5.0101,0.1626,0.7609,-11.0455,0.2533,0.2083,0.1667,Forehand prepare 1.00,0,9,1.3217,12.137,0.6583,0,Great,,0.0038,-11.3,4.7949,11.2,0,0,1.2315,1.9474,0,0
1719,PlayerServeHold,Reaction,1,-0.005,38,3.8548,1.185,8.5913,0.2434,0.875,-11.0159,0,Serve prepare 0.00,0,9,LowPickup,11.7921,5.3323,0.175,0.7608,-11.0709,0.1883,0.4167,0.3333,Forehand prepare 1.00,0,9,22.9471,26.2455,0.3097,0,Great,,0.005,-11.3333,4.7548,11.2,0,0,0.814,3.8388,0,0
1720,PlayerServeHold,Reaction,1,-0.005,38,3.7748,1.185,8.5986,0.2574,0.875,-11.0911,0,Run,0,9,LowPickup,16.6293,12.5189,0.1667,0.7787,-11.1634,0,0.3981,0.1667,Forehand prepare 1.00,0,9,5.5388,29.2499,1.6579,0,Great,,0.0081,-11.4,4.6748,11.2,0,0.0004,0.7649,0.3289,0,0
1721,PlayerServeHold,Reaction,1,-0.005,38,3.7347,1.185,8.6058,0.27,0.875,-11.1333,0,Run,0,9,LowPickup,19.2804,14.7161,0.1721,0.7839,-11.2086,0,0.3567,0,Forehand prepare 1.00,0,9,5.7098,35.2219,2.9784,0,Great,,0.01,-11.4333,4.6347,11.2,0,0.0013,1.1768,0.3392,0,0
1722,PlayerServeHold,Reaction,1,-0.005,38,3.6546,1.185,8.613,0.2747,0.875,-11.2,0,Run,0,9,LowPickup,18.6156,14.0185,0.184,0.7918,-11.2785,9.4452,0.3067,0,Forehand prepare 1.00,0,9,4.8496,39.7172,0,0,Great,,0.0147,-11.5,4.5546,11.2,0,0.0023,1.2453,0.4388,0,0
1723,PlayerServeHold,Reaction,1,-0.005,38,3.6146,1.185,8.6203,-0.2705,0.695,-11.4174,0,Run,0,9,LowPickup,24.398,19.8742,0.2211,0.7944,-11.3415,2.1903,0.2565,0,Forehand prepare 1.00,0,9,7.0063,44.257,0,0,Great,,0.0175,-11.5333,4.5146,11.2,0,0.0035,1.6171,0.5862,0,0
1724,PlayerServeHold,Reaction,1,-0.005,38,3.5345,1.185,8.6275,-0.2478,0.695,-11.4498,0,Run,0,9,LowPickup,29.7931,25.5372,0.2502,0.7855,-11.4502,10.3485,0.21,0,Forehand prepare 1.00,0,9,8.2097,47.6809,0,0,Great,,0.0239,-11.6,4.4345,11.2,0,0.0046,1.5923,0.7023,0,0
1725,PlayerServeHold,Reaction,1,-0.005,38,3.4945,1.185,8.6348,-0.2239,0.695,-11.4511,0,Run,0,9,LowPickup,35.1393,31.066,0.2639,0.7745,-11.5171,1.4126,0.1693,0,Forehand prepare 1.00,0,9,8.9772,50.5046,0,0,Great,,0.0275,-11.6333,4.3945,11.2,0,0.0057,1.8905,0.7301,0,0
1726,PlayerServeHold,Reaction,1,-0.005,38,3.4144,1.185,8.642,-0.1918,0.695,-11.4885,0,Run,0,9,LowPickup,40.5936,36.6267,0.2684,0.7764,-11.5785,10.9654,0.1348,0,Forehand prepare 1.00,0,9,9.569,52.3862,0,0,Great,,0.0356,-11.7,4.3144,11.2,0,0.0067,1.8078,0.6641,0,0
1727,PlayerServeHold,Reaction,1,-0.005,38,3.3743,1.185,8.6493,-0.1599,0.695,-11.4957,0,Run,0,9,LowPickup,46.2609,42.1969,0.2748,0.7783,-11.6221,2.3295,0.1063,0,Forehand prepare 1.00,0,9,9.9934,53.4672,0,0,Great,,0.04,-11.7333,4.2743,11.2,0,0.0075,2.0604,0.6248,0,0
1728,PlayerServeHold,Reaction,1,-0.005,38,3.2943,1.185,8.6565,-0.1197,0.695,-11.5398,0,Run,0,9,LowPickup,52.2684,47.9369,0.3006,0.761,-11.7587,0.6105,0.0831,0,Forehand prepare 1.00,0,9,10.4692,54.3311,0,0,Great,,0.0497,-11.8,4.1943,11.2,0,0.0079,1.9417,0.7179,0,0
1729,PlayerServeHold,Reaction,1,-0.005,38,3.2542,1.185,8.6638,-0.0814,0.695,-11.5544,0,Run,0,9,LowPickup,58.5063,53.7919,0.3068,0.7455,-11.8684,2.6707,0.0645,0,Forehand prepare 1.00,0,9,11.0674,55.068,3.6883,0,Great,,0.055,-11.8333,4.1542,11.2,0,0.0081,2.1659,0.9206,0,0
1730,PlayerServeHold,Reaction,1,-0.005,38,3.1741,1.185,8.671,-0.035,0.695,-11.6066,0,Run,0,9,LowPickup,64.9202,59.8965,0.3064,0.744,-11.9668,0,0.0498,0,Forehand prepare 1.00,0,9,11.7936,55.728,7.0505,0,Great,,0.0664,-11.9,4.0741,11.2,0,0.008,2.0248,1.0858,0,0
1731,PlayerServeHold,Reaction,1,-0.005,38,3.1341,1.185,8.6783,0.0076,0.695,-11.6297,0,Run,0,9,LowPickup,71.3892,66.0719,0.2946,0.7393,-12.0342,0,0.0382,0,Forehand prepare 1.00,0,9,12.7577,56.4756,0.5085,0,Great,,0.0725,-11.9333,4.0341,11.2,0,0.0075,2.2314,1.1576,0,0
1732,PlayerServeHold,Reaction,1,-0.005,38,3.054,1.185,8.6855,0.0581,0.695,-11.6907,0,Run,0,9,LowPickup,78.1685,72.632,0.2712,0.7314,-12.1672,0,0.0292,0,Forehand prepare 1.00,0,9,13.8396,57.2488,6.8478,0,Great,,0.0856,-12,3.954,11.2,0,0.0068,2.0765,1.1298,0,0
1733,PlayerServeHold,Reaction,1,-0.005,38,3.014,1.185,8.6928,0.103,0.695,-11.723,0,Run,0,9,LowPickup,85.0001,79.3093,0.2517,0.7343,-12.2862,2.4498,0.0223,0,Forehand prepare 1.00,0,9,14.8769,57.9383,0,0,Great,,0.0925,-12.0333,3.914,11.2,0,0.0058,2.2721,1.0266,0,0.0003
1734,PlayerServeHold,None,1,-0.005,38,2.9339,1.185,8.7,0.1554,0.695,-11.7933,0,Run,0,9,LowPickup,91.8396,86.1116,0.2291,0.7309,-12.3743,10.5138,0.0169,0,Forehand prepare 1.00,0,9,15.9567,58.6737,0,0,Great,,0.1072,-12.1,3.8339,11.2,0,0.0046,2.1085,0.8806,0,0.0002
1735,PlayerServeHold,None,1,-0.005,52,-1.985,2.535,-16.5334,0.195,0.695,-11.8334,0,Run,0,9,LowPickup,97.6456,91.9482,0.1982,0.7396,-12.4685,0.8967,0.0128,0,Forehand prepare 1.00,0,9,16.7207,59.1293,0.7516,0,Great,,0.115,-12.1334,3.7938,11.2,14,0.0033,2.2974,0.7317,0,0.0002
1736,PlayerServeHold,None,1,-0.005,52,-1.9813,2.5311,-16.5396,0.2114,0.695,-11.9,0,Run,0,9,LowPickup,97.3954,91.7647,0.1892,0.7435,-12.5532,0.078,0.0096,0,Forehand prepare 1.00,0,9,17.2183,59.3766,2.2882,0,Great,,0.1314,-12.2,3.7138,11.2,0,0.002,2.1285,0.6042,0,0.0001
1737,PlayerServeHold,None,1,-0.005,52,-1.9771,2.5275,-16.5479,0.22,0.695,-11.9334,0,Run,0,9,LowPickup,96.9487,91.5305,0.1741,0.7461,-12.6021,2.2707,0.0073,0,Forehand prepare 1.00,0,9,17.4108,59.388,0.4638,0,Great,,0.14,-12.2334,3.6737,11.2,0,0.0008,2.3131,0.5511,0,0.0001
1738,PlayerServeHold,None,1,-0.005,52,-1.9717,2.5243,-16.5607,0.2381,0.695,-12,0,Run,0,9,LowPickup,96.2186,91.2043,0.1804,0.7507,-12.6759,10.6403,0.0054,0,Forehand prepare 1.00,0,9,17.2077,59.0765,3.3841,0,Great,,0.1581,-12.3,3.5936,11.2,0,-0.0001,2.1408,0.5959,0,0.0001
1739,PlayerServeHold,None,1,-0.005,52,-1.9659,2.5215,-16.5751,0.2475,0.695,-12.0334,0,Run,0,9,LowPickup,95.1993,90.8064,0.1762,0.7421,-12.6793,1.1333,0.0041,0,Forehand prepare 1.00,0,9,16.6549,58.4811,0.5322,0,Great,,0.1675,-12.3334,3.5536,11.2,0,-0.0007,2.3229,0.7104,0,0.0001
1740,PlayerServeHold,None,1,-0.005,52,-1.9589,2.5189,-16.5897,0.2672,0.695,-12.05,0,Run,0,9,LowPickup,94.117,90.4448,0.1886,0.75,-12.7041,5.8772,0.0031,0,Forehand prepare 1.00,0,9,15.9067,57.748,0,0,Great,,0.1872,-12.35,3.4735,11.2,0,-0.001,2.1485,0.8051,0,0.0001
1741,PlayerServeHold,None,1,-0.005,52,-1.9515,2.5166,-16.6032,0.2775,0.695,-12.05,0,Run,0,9,LowPickup,93.0238,90.5593,0.1929,0.7531,-12.711,0.5456,0.0023,0,Forehand prepare 1.00,0,9,14.9042,56.8067,0,0,Great,,0.1975,-12.35,3.4335,11.2,0,-0.0011,2.3289,0.345,0,0
1742,PlayerServeHold,None,1,-0.005,52,-1.9429,2.5146,-16.6156,0.2989,0.695,-12.05,0,Run,0,9,LowPickup,91.9296,90.3361,0.2182,0.7537,-12.7159,2.2926,0,0,Forehand prepare 1.00,0,9,13.9269,55.9217,0,0,Great,,0.2189,-12.35,3.3534,11.2,0,-0.001,2.1533,0.3057,0,0
1743,PlayerServeHold,None,1,-0.005,52,-1.934,2.5128,-16.6271,0.31,0.695,-12.05,0,Run,0,9,LowPickup,90.7434,90.0762,0.2381,0.7567,-12.72,0,0,0,Forehand prepare 1.00,0,9,13.0393,55.1438,19.1321,0,Great,,0.23,-12.35,3.3133,11.2,0,-0.0008,2.3327,0.3013,0,0
1744,PlayerServeHold,None,1,-0.005,52,-1.9239,2.5112,-16.6377,0.3325,0.695,-12.05,0,Run,0,9,LowPickup,89.5107,89.8239,0.2618,0.7449,-12.683,0,0,0,Forehand prepare 1.00,0,9,12.2963,54.515,1.4405,0,Great,,0.2525,-12.35,3.2333,11.2,0,-0.0006,2.1563,0.2904,0,0
1745,PlayerServeHold,None,1,-0.005,52,-1.9135,2.5098,-16.6475,0.3438,0.695,-12.05,0,Run,0,9,LowPickup,88.4899,89.6413,0.2843,0.7448,-12.6871,0,0,0,Forehand prepare 1.00,0,9,11.9193,54.2439,2.8126,0,Great,,0.2638,-12.35,3.1932,11.2,0,-0.0004,1.8583,0.2531,0,0
1746,PlayerServeHold,None,1,-0.005,52,-1.9022,2.5086,-16.6565,0.3663,0.695,-12.05,0,Run,0,9,LowPickup,87.5727,89.4939,0.3295,0.7434,-12.6831,0,0,0,Forehand prepare 1.00,0,9,11.8575,54.2712,0.7926,0,Great,,0.2863,-12.35,3.1131,11.2,0,-0.0002,1.4646,0.2068,0,0
1747,PlayerServeHold,None,1,-0.005,52,-1.8907,2.5075,-16.6649,0.3775,0.695,-12.05,0,Run,0,9,LowPickup,86.7041,89.3631,0.3401,0.7404,-12.6938,2.2421,0,0,Forehand prepare 1.00,0,9,12.1127,54.5922,1.2049,0,Great,,0.2975,-12.35,3.0731,11.2,0,0,1.1543,0.1613,0,0
1748,PlayerServeHold,None,1,-0.005,52,-1.8782,2.5066,-16.6726,0.4,0.695,-12.05,0,Run,0,9,LowPickup,85.8212,89.2282,0.3856,0.736,-12.6863,0.7651,0,0,Forehand prepare 1.00,0,9,12.7515,55.2688,0.6654,0,Great,,0.32,-12.35,2.993,11.2,0,0.0001,0.9097,0.1255,0,0
1749,PlayerServeHold,None,1,-0.005,52,-1.8657,2.5059,-16.6798,0.4113,0.695,-12.05,0,Run,0,9,LowPickup,85.1616,89.1446,0.4053,0.7323,-12.6887,0.2314,0,0,Forehand prepare 1.00,0,9,13.5976,56.1246,0.1584,0,Great,,0.3313,-12.35,2.953,11.2,0,0.0002,0.717,0.0804,0,0
1750,PlayerServeHold,None,1,-0.005,52,-1.8523,2.5053,-16.6864,0.4337,0.695,-12.05,0,Run,0,9,LowPickup,84.6517,89.081,0.4335,0.7286,-12.6888,0.078,0,0,Forehand prepare 1.00,0,9,14.5376,57.0487,0.7017,0,Great,,0.3538,-12.35,2.8729,11.2,0,0.0002,0.5651,0,0,0
1751,PlayerServeHold,None,1,-0.005,52,-1.8389,2.5048,-16.6925,0.445,0.695,-12.05,0,Run,0,9,LowPickup,84.311,89.059,0.4492,0.7258,-12.6896,0.0131,0,0,Forehand prepare 1.00,0,9,15.5734,58.0462,2.7721,0,Great,,0.365,-12.35,2.8328,11.2,0,0.0002,0.4453,0,0,0
1752,PlayerServeHold,None,1,-0.005,52,-1.8247,2.5044,-16.6981,0.4675,0.695,-12.05,0,Run,0,9,LowPickup,84.0818,89.0498,0.4745,0.7239,-12.69,0.0093,0,0,Forehand prepare 1.00,0,9,16.3973,58.8166,2.9072,0,Great,,0.3875,-12.35,2.7528,11.2,0,0.0001,0.351,0.0442,0,0
1753,PlayerServeHold,None,1,-0.005,52,-1.8106,2.5041,-16.7033,0.4787,0.695,-12.05,0,Run,0,9,LowPickup,84.0098,89.0644,0.487,0.7234,-12.6902,0.0052,0,0,Forehand prepare 1.00,0,9,17.0452,59.4027,0.3012,0,Great,,0.3987,-12.35,2.7127,11.2,0,0.0001,0.2766,0.0753,0,0
1754,PlayerServeHold,None,1,-0.005,52,-1.7958,2.5039,-16.7081,0.5012,0.695,-12.05,0,Run,0,9,LowPickup,84.105,89.1055,0.5079,0.7244,-12.6901,0.0037,0,0,Forehand prepare 1.00,0,9,17.4013,59.6961,2.3297,0,Great,,0.4212,-12.35,2.6326,11.2,0,0.0001,0.218,0.1065,0,0
1755,PlayerServeHold,None,1,-0.005,52,-1.7811,2.5038,-16.7125,0.5125,0.695,-12.05,0,Run,0,9,LowPickup,84.3515,89.169,0.5159,0.7268,-12.6898,0.0012,0,0,Forehand prepare 1.00,0,9,17.3513,59.5901,0.3419,0,Great,,0.4325,-12.35,2.5926,11.2,0,0,0.1718,0.1327,0,0
1756,PlayerServeHold,None,1,-0.005,52,-1.7656,2.5038,-16.7167,0.535,0.695,-12.05,0,Run,0,9,LowPickup,84.8032,89.2687,0.5325,0.7307,-12.6891,0.0018,0,0,Forehand prepare 1.00,0,9,16.9812,59.1767,3.1557,0,Great,,0.455,-12.35,2.5125,11.2,0,0,0.1354,0.1613,0,0
1757,PlayerServeHold,None,1,-0.005,52,-1.7504,2.5038,-16.7205,0.5462,0.695,-12.05,0,Run,0,9,LowPickup,85.3899,89.387,0.5359,0.7353,-12.6882,0.0005,0,0,Forehand prepare 1.00,0,9,16.3453,58.5146,0,0,Great,,0.4662,-12.35,2.4725,11.2,0,0,0.1067,0.185,0,0
1758,PlayerServeHold,None,1,-0.005,52,-1.7345,2.5039,-16.724,0.5687,0.695,-12.05,0,Run,0,9,LowPickup,86.018,89.5017,0.55,0.7395,-12.6871,0.0048,0,0,Forehand prepare 1.00,0,9,15.41,57.573,0,0,Great,,0.4887,-12.35,2.3924,11.2,0,0,0.0841,0.1961,0,0
1759,PlayerServeHold,None,1,-0.005,52,-1.7188,2.5041,-16.7272,0.58,0.695,-12.05,0,Run,0,9,LowPickup,86.7424,89.6285,0.5513,0.7432,-12.6857,0.0256,0,0,Forehand prepare 1.00,0,9,14.4566,56.6323,0,0,Great,,0.5,-12.35,2.3523,11.2,0,0,0.0663,0.2032,0,0
1760,PlayerServeHold,None,1,-0.005,52,-1.7025,2.5043,-16.7302,0.6025,0.695,-12.05,0,Run,0,9,LowPickup,87.6286,89.7854,0.5617,0.7461,-12.6841,0.0905,0,0,Forehand prepare 1.00,0,9,13.4868,55.6928,18.6689,0,Great,,0.5225,-12.35,2.2723,11.2,0,0,0.0522,0.2133,0,0
1761,PlayerServeHold,None,1,-0.005,52,-1.6864,2.5046,-16.733,0.6137,0.695,-12.05,0,Run,0,9,LowPickup,88.6708,89.9714,0.5584,0.7481,-12.6817,0.4615,0,0,Forehand prepare 1.00,0,9,12.6285,54.8779,0.425,0,Great,,0.5337,-12.35,2.2322,11.2,0,0,0.0412,0.2271,0,0
1762,PlayerServeHold,None,1,-0.005,52,-1.6698,2.5049,-16.7355,0.6362,0.695,-12.05,0,Run,0,9,LowPickup,89.594,90.1188,0.5677,0.7478,-12.6795,0,0,0,Forehand prepare 1.00,0,9,12.1,54.3992,0.8168,0,Great,,0.5562,-12.35,2.1521,11.2,0,0,0.0325,0.2187,0,0
1763,PlayerServeHold,None,1,-0.005,52,-1.6534,2.5053,-16.7379,0.6475,0.695,-12.05,0,Run,0,9,LowPickup,90.499,90.2565,0.5662,0.7463,-12.6772,0,0,0,Forehand prepare 1.00,0,9,11.8378,54.1876,0.6018,0,Great,,0.5675,-12.35,2.1121,11.2,0,0,0.0256,0.203,0,0
1764,PlayerServeHold,None,1,-0.005,52,-1.6364,2.5057,-16.7401,0.67,0.695,-12.05,0,Run,0,9,LowPickup,91.4316,90.3987,0.5753,0.7431,-12.6747,0,0,0,Forehand prepare 1.00,0,9,11.9231,54.3179,0.7065,0,Great,,0.59,-12.35,2.032,11.2,0,0,0.0202,0.1866,0,0
1765,PlayerServeHold,None,1,-0.005,52,-1.6198,2.5062,-16.7421,0.6813,0.695,-12.05,0,Run,0,9,LowPickup,92.4758,90.5678,0.5715,0.7375,-12.6717,0.1181,0,0,Forehand prepare 1.00,0,9,12.4056,54.8331,0.6603,0,Great,,0.6013,-12.35,1.992,11.2,0,0,0.0159,0.1802,0,0
1766,PlayerServeHold,None,1,-0.005,52,-1.6026,2.5066,-16.744,0.7038,0.695,-12.05,0,Run,0,9,LowPickup,93.3373,90.6914,0.5815,0.7316,-12.6694,0.6676,0,0,Forehand prepare 1.00,0,9,13.1201,55.5655,0.2963,0,Great,,0.6238,-12.35,1.9119,11.2,0,0,0.0125,0.1561,0,0
1767,PlayerServeHold,None,1,-0.005,52,-1.5857,2.5072,-16.7457,0.715,0.695,-12.05,0,Run,0,9,LowPickup,94.0514,90.7817,0.5825,0.7257,-12.6668,0.3571,0,0,Forehand prepare 1.00,0,9,14.026,56.4721,0.9445,0,Great,,0.635,-12.35,1.8718,11.2,0,0,0.0099,0.1215,0,0
1768,PlayerServeHold,None,1,-0.005,52,-1.5683,2.5077,-16.7473,0.7375,0.695,-12.05,0,Run,0,9,LowPickup,94.6712,90.8551,0.5961,0.7195,-12.6649,0.1999,0,0,Forehand prepare 1.00,0,9,15.0692,57.4982,0,0,Great,,0.6575,-12.35,1.7918,11.2,0,0,0.0078,0.0857,0,0
1769,PlayerServeHold,None,1,-0.005,52,-1.5512,2.5082,-16.7488,0.7488,0.695,-12.05,0,Run,0,9,LowPickup,95.2538,90.9278,0.5991,0.7271,-12.7089,0.2014,0,0,Forehand prepare 1.00,0,9,15.9583,58.3561,0.6464,0,Great,,0.6688,-12.35,1.7517,11.2,0,0,0.0061,0.0551,0,0
1770,PlayerServeHold,None,1,-0.005,52,-1.5336,2.5088,-16.7502,0.7713,0.695,-12.05,0,Run,0,9,LowPickup,95.682,90.9716,0.6154,0.7218,-12.7075,0.0066,0,0,Forehand prepare 1.00,0,9,16.7544,59.1101,2.0891,0,Great,,0.6913,-12.35,1.6716,11.2,0,0,0.0048,0,0,0
1771,PlayerServeHold,None,1,-0.005,52,-1.5164,2.5094,-16.7515,0.7825,0.695,-12.05,0,Run,0,9,LowPickup,95.9118,90.9774,0.6236,0.719,-12.7067,0.0048,0,0,Forehand prepare 1.00,0,9,17.2668,59.575,0.6321,0,Great,,0.7025,-12.35,1.6316,11.2,0,0,0.0038,0,0,0
1772,PlayerServeHold,None,1,-0.005,52,-1.4987,2.5101,-16.7526,0.805,0.695,-12.05,0,Run,0,9,LowPickup,95.9908,90.9583,0.6449,0.718,-12.7064,0.0006,0,0,Forehand prepare 1.00,0,9,17.4021,59.6638,2.6301,0,Great,,0.725,-12.35,1.5515,11.2,0,0,0.003,0.0474,0,0
1773,PlayerServeHold,None,1,-0.005,52,-1.4813,2.5107,-16.7537,0.8163,0.695,-12.05,0,Run,0,9,LowPickup,95.9003,90.9115,0.6582,0.7194,-12.7068,0.0027,0,0,Forehand prepare 1.00,0,9,17.2261,59.4479,0,0,Great,,0.7363,-12.35,1.5115,11.2,0,0,0.0024,0.0862,0,0
1774,PlayerServeHold,None,1,-0.005,52,-1.4635,2.5114,-16.7547,0.8388,0.695,-12.05,0,Run,0,9,LowPickup,95.6591,90.8424,0.6839,0.7221,-12.7076,0.0017,0,0,Forehand prepare 1.00,0,9,16.721,58.9151,0,0,Great,,0.7588,-12.35,1.4314,11.2,0,0,0.0019,0.1207,0,0
1775,PlayerServeHold,None,1,-0.005,52,-1.446,2.512,-16.7556,0.85,0.695,-12.05,0,Run,0,9,LowPickup,95.3053,90.7607,0.7005,0.7264,-12.7088,0.0003,0,0,Forehand prepare 1.00,0,9,15.8912,58.0729,0,0,Great,,0.77,-12.35,1.3913,11.2,0,0,0.0015,0.1474,0,0
1776,PlayerServeHold,None,1,-0.005,52,-1.4281,2.5127,-16.7565,0.8725,0.695,-12.05,0,Run,0,9,LowPickup,94.8199,90.6609,0.7302,0.7317,-12.7104,0.0039,0,0,Forehand prepare 1.00,0,9,14.9891,57.1748,19.3438,0,Great,,0.7925,-12.35,1.3113,11.2,0,0,0.0012,0.1693,0,0
1777,PlayerServeHold,None,1,-0.005,52,-1.4105,2.5134,-16.7573,0.8838,0.695,-12.05,0,Run,0,9,LowPickup,94.1571,90.5309,0.7512,0.7381,-12.7126,0.0033,0,0,Forehand prepare 1.00,0,9,13.9721,56.1786,0.9241,0,Great,,0.8038,-12.35,1.2712,11.2,0,0,0.0009,0.1921,0,0
1778,PlayerServeHold,None,1,-0.005,52,-1.3925,2.5141,-16.758,0.9063,0.695,-12.05,0,Run,0,9,LowPickup,93.2997,90.3662,0.775,0.7318,-12.6696,0.0053,0,0,Forehand prepare 1.00,0,9,13.035,55.276,1.4766,0,Great,,0.8263,-12.35,1.1911,11.2,0,0,0.0007,0.2174,0,0
1779,PlayerServeHold,None,1,-0.005,52,-1.3749,2.5149,-16.7586,0.9175,0.695,-12.05,0,Run,0,9,LowPickup,92.4834,90.225,0.7984,0.7381,-12.6727,0.0918,0,0,Forehand prepare 1.00,0,9,12.3662,54.6506,0.8649,0,Great,,0.8375,-12.35,1.1511,11.2,0,0,0.0006,0.2227,0,0
1780,PlayerServeHold,None,1,-0.005,52,-1.3568,2.5156,-16.7593,0.94,0.695,-12.05,0,Run,0,9,LowPickup,91.6338,90.0857,0.8442,0.7421,-12.6741,0.1992,0,0,Forehand prepare 1.00,0,9,11.9142,54.246,0.6495,0,Great,,0.86,-12.35,1.071,11.2,0,0,0.0004,0.2196,0,0
1781,PlayerServeHold,None,1,-0.005,52,-1.3391,2.5164,-16.7598,0.9513,0.695,-12.05,0,Run,0,9,LowPickup,90.7088,89.9352,0.869,0.7457,-12.6764,0,0,0,Forehand prepare 1.00,0,9,11.8312,54.208,0.216,0,Great,,0.8713,-12.35,1.031,11.2,0,0,0.0004,0.2147,0,0
1782,PlayerServeHold,None,1,-0.005,52,-1.321,2.5171,-16.7603,0.9738,0.695,-12.05,0,Run,0,9,LowPickup,89.6061,89.7466,0.9073,0.7478,-12.6791,0,0,0,Forehand prepare 1.00,0,9,12.1339,54.547,0.6175,0,Great,,0.8938,-12.35,0.9509,11.2,0,0,0.0003,0.2198,0,0
1783,PlayerServeHold,None,1,-0.005,52,-1.3033,2.5179,-16.7608,0.985,0.695,-12.05,0,Run,0,9,LowPickup,88.6276,89.5944,0.9323,0.7481,-12.6813,0,0,0,Forehand prepare 1.00,0,9,12.6953,55.1322,0.7533,0,Great,,0.905,-12.35,0.9108,11.2,0,0,0.0002,0.2063,0,0
1784,PlayerServeHold,None,1,-0.005,52,-1.2851,2.5187,-16.7613,1.0075,0.695,-12.05,0,Run,0,9,LowPickup,87.7623,89.4724,0.9668,0.7468,-12.6831,0,0,0,Forehand prepare 1.00,0,9,13.5366,55.9815,1.8255,0,Great,,0.9275,-12.35,0.8308,11.2,0,0,0.0002,0.1797,0,0
1785,PlayerServeHold,None,1,-0.005,52,-1.2673,2.5195,-16.7617,1.0188,0.695,-12.05,0,Run,0,9,LowPickup,86.9453,89.3607,0.9892,0.744,-12.6849,0.3008,0,0,Forehand prepare 1.00,0,9,14.5459,56.9816,0,0,Great,,0.9388,-12.35,0.7907,11.2,0,0,0.0001,0.1507,0,0
1786,PlayerServeHold,None,1,-0.005,52,-1.2491,2.5203,-16.762,1.0413,0.695,-12.05,0,Run,0,9,LowPickup,86.0897,89.2355,1.0116,0.7397,-12.6963,1.3441,0,0,Forehand prepare 1.00,0,9,15.4755,57.8871,0,0,Great,,0.9613,-12.35,0.7106,11.2,0,0,0.0001,0.1293,0,0
1787,PlayerServeHold,None,1,-0.005,52,-1.2314,2.5211,-16.7623,1.0525,0.695,-12.05,0,Run,0,9,LowPickup,85.3524,89.1347,1.0443,0.7354,-12.6883,1.2556,0,0,Forehand prepare 1.00,0,9,16.39,58.7646,0,0,Great,,0.9725,-12.35,0.6706,11.2,0,0,0.0001,0.1028,0,0
1788,PlayerServeHold,None,1,-0.005,52,-1.2131,2.5219,-16.7626,1.075,0.695,-12.05,0,Run,0,9,LowPickup,84.8261,89.0794,1.0736,0.7313,-12.6887,0.2563,0,0,Forehand prepare 1.00,0,9,17.0355,59.3654,2.2844,0,Great,,0.995,-12.35,0.5905,11.2,0,0,0.0001,0.0626,0,0
1789,PlayerServeHold,None,1,-0.005,52,-1.1954,2.5227,-16.7629,1.0863,0.695,-12.05,0,Run,0,9,LowPickup,84.4328,89.047,1.0898,0.728,-12.6893,0.2032,0,0,Forehand prepare 1.00,0,9,17.3589,59.6419,0.5346,0,Great,,1.0063,-12.35,0.5505,11.2,0,0,0.0001,0,0,0
1790,PlayerServeHold,None,1,-0.005,52,-1.1771,2.5236,-16.7632,1.1088,0.695,-12.05,0,Run,0,9,LowPickup,84.1594,89.0325,1.1156,0.7256,-12.6899,0.0007,0,0,Forehand prepare 1.00,0,9,17.3796,59.6194,3.3235,0,Great,,1.0288,-12.35,0.4704,11.2,0,0,0,0,0,0
1791,PlayerServeHold,None,1,-0.005,52,-1.1593,2.5244,-16.7634,1.12,0.695,-12.05,0,Run,0,9,LowPickup,84.0171,89.037,1.1286,0.7242,-12.6902,0.0096,0,0,Forehand prepare 1.00,0,9,17.0223,59.2279,0.7547,0,Great,,1.04,-12.35,0.4303,11.2,0,0,0,0,0,0
1792,PlayerServeHold,None,1,-0.005,52,-1.1411,2.5253,-16.7636,1.1425,0.695,-12.05,0,Run,0,9,LowPickup,84.0485,89.0712,1.151,0.7246,-12.6901,0.0015,0,0,Forehand prepare 1.00,0,9,16.3313,58.5166,3.3192,0,Great,,1.0625,-12.35,0.3503,11.2,0,0,0,0.0753,0,0
1793,PlayerServeHold,None,1,-0.005,52,-1.1233,2.5261,-16.7638,1.1538,0.695,-12.05,0,Run,0,9,LowPickup,84.233,89.129,1.159,0.7261,-12.69,0.0015,0,0,Forehand prepare 1.00,0,9,15.5048,57.6855,21.2616,0,Great,,1.0738,-12.35,0.3102,11.2,0,0,0,0.1079,0,0
1794,PlayerServeHold,None,1,-0.005,52,-1.1051,2.527,-16.7639,1.1763,0.695,-12.05,0,Run,0,9,LowPickup,84.5936,89.216,1.1769,0.7294,-12.6895,0.0023,0,0,Forehand prepare 1.00,0,9,14.4796,56.6732,0.946,0,Great,,1.0963,-12.35,0.2301,11.2,0,0,0,0.1399,0,0
1795,PlayerServeHold,None,1,-0.005,52,-1.0873,2.5279,-16.764,1.1875,0.695,-12.05,0,Run,0,9,LowPickup,85.1541,89.3375,1.1806,0.7338,-12.6886,0.0013,0,0,Forehand prepare 1.00,0,9,13.5021,55.7236,1.6602,0,Great,,1.1075,-12.35,0.1901,11.2,0,0,0,0.1727,0,0
1796,PlayerServeHold,None,1,-0.005,52,-1.0691,2.5287,-16.7642,1.21,0.695,-12.05,0,Run,0,9,LowPickup,85.7564,89.4542,1.195,0.738,-12.6876,0.006,0,0,Forehand prepare 1.00,0,9,12.708,54.9689,1.3658,0,Great,,1.13,-12.35,0.11,11.2,0,0,0,0.1918,0,0
1797,PlayerServeHold,None,1,-0.005,52,-1.0513,2.5296,-16.7643,1.2213,0.695,-12.05,0,Run,0,9,LowPickup,86.4418,89.5783,1.1968,0.7419,-12.6863,0.0096,0,0,Forehand prepare 1.00,0,9,12.0856,54.3931,0.5312,0,Great,,1.1413,-12.35,0.07,11.2,0,0,0,0.203,0,0
1798,PlayerServeHold,None,1,-0.005,52,-1.0331,2.5305,-16.7643,1.2438,0.695,-12.05,0,Run,0,9,LowPickup,87.2423,89.7193,1.2084,0.7451,-12.6848,0.0089,0,0,Forehand prepare 1.00,0,9,11.8384,54.1927,0.8777,0,Great,,1.1638,-12.35,-0.0101,11.2,0,0,0,0.2114,0,0
1799,PlayerServeHold,None,1,-0.005,52,-1.0154,2.5315,-16.7644,1.255,0.695,-12.05,0,Run,0,9,LowPickup,88.2616,89.9043,1.2055,0.7477,-12.6827,0.1715,0,0,Forehand prepare 1.00,0,9,11.9459,54.3415,0.4566,0,Great,,1.175,-12.35,-0.0502,11.2,0,0,0,0.2288,0,0
1800,PlayerServeHold,None,1,-0.005,52,-0.9972,2.5324,-16.7644,1.2775,0.695,-12.05,0,Run,0,9,LowPickup,89.2329,90.0671,1.214,0.748,-12.6804,0,0,0,Forehand prepare 1.00,0,9,12.3417,54.7684,1.9384,0,Great,,1.1975,-12.35,-0.1302,11.2,0,0,0,0.2294,0,0
1801,PlayerServeHold,None,1,-0.005,52,-0.9794,2.5333,-16.7645,1.2888,0.695,-12.05,0,Run,0,9,LowPickup,90.1384,90.2062,1.2125,0.7472,-12.6782,0,0,0,Forehand prepare 1.00,0,9,13.0852,55.5282,0.513,0,Great,,1.2088,-12.35,-0.1703,11.2,0,0,0,0.2149,0,0
1802,PlayerServeHold,None,1,-0.005,52,-0.9613,2.5342,-16.7645,1.3113,0.695,-12.05,0,Run,0,9,LowPickup,91.0467,90.3423,1.2221,0.7446,-12.6758,0,0,0,Forehand prepare 1.00,0,9,14.0216,56.4642,2.7075,0,Great,,1.2313,-12.35,-0.2504,11.2,0,0,0,0.1963,0,0
1803,PlayerServeHold,None,1,-0.005,52,-0.9436,2.5352,-16.7645,1.3225,0.695,-12.05,0,Run,0,9,LowPickup,92.0612,90.5034,1.2187,0.7399,-12.6729,0,0,0,Forehand prepare 1.00,0,9,14.9662,57.3926,0,0,Great,,1.2425,-12.35,-0.2904,11.2,0,0,0,0.1864,0,0
1804,PlayerServeHold,None,1,-0.005,52,-0.9254,2.5361,-16.7645,1.345,0.695,-12.05,0,Run,0,9,LowPickup,93.0193,90.65,1.2273,0.734,-12.6703,0.6188,0,0,Forehand prepare 1.00,0,9,15.9636,58.3587,0,0,Great,,1.265,-12.35,-0.3705,11.2,0,0,0,0.1705,0,0
1805,PlayerServeHold,None,1,-0.005,52,-0.9077,2.5371,-16.7645,1.3563,0.695,-12.05,0,Run,0,9,LowPickup,93.7758,90.7482,1.2277,0.728,-12.6679,0.1881,0,0,Forehand prepare 1.00,0,9,16.7181,59.072,0.0778,0,Great,,1.2763,-12.35,-0.4105,11.2,0,0,0,0.1371,0,0
1806,PlayerServeHold,None,1,-0.005,52,-0.8896,2.5381,-16.7645,1.3788,0.695,-12.05,0,Run,0,9,LowPickup,94.432,90.8271,1.2408,0.7219,-12.6656,0.5745,0,0,Forehand prepare 1.00,0,9,17.2234,59.5308,2.2807,0,Great,,1.2988,-12.35,-0.4906,11.2,0,0,0,0.0999,0,0
1807,PlayerServeHold,None,1,-0.005,52,-0.872,2.539,-16.7644,1.39,0.695,-12.05,0,Run,0,9,LowPickup,95.0259,90.8984,1.2549,0.7159,-12.6648,0.0208,0,0,Forehand prepare 1.00,0,9,17.4342,59.6956,0.8559,0,Great,,1.31,-12.35,-0.5307,11.2,0,0,0,0.0664,0,0
1808,PlayerServeHold,None,1,-0.005,52,-0.8539,2.54,-16.7644,1.4125,0.695,-12.05,0,Run,0,9,LowPickup,95.5399,90.9594,1.2587,0.7236,-12.708,0.0365,0,0,Forehand prepare 1.00,0,9,17.2399,59.4619,3.7455,0,Great,,1.3325,-12.35,-0.6107,11.2,0,0,0,0,0,0
1809,PlayerServeHold,None,1,-0.005,52,-0.8363,2.541,-16.7643,1.4238,0.695,-12.05,0,Run,0,9,LowPickup,95.8385,90.9773,1.2658,0.7199,-12.7069,0.0077,0,0,Forehand prepare 1.00,0,9,16.7149,58.9094,0.2361,0,Great,,1.3438,-12.35,-0.6508,11.2,0,0,0,0,0,0
1810,PlayerServeHold,None,1,-0.005,52,-0.8182,2.542,-16.7642,1.4463,0.695,-12.05,0,Run,0,9,LowPickup,95.9782,90.9683,1.2863,0.7182,-12.7064,0.002,0,0,Forehand prepare 1.00,0,9,15.9855,58.1672,0,0,Great,,1.3663,-12.35,-0.7309,11.2,0,0,0,0,0,0
1811,PlayerServeHold,None,1,-0.005,52,-0.8006,2.543,-16.7642,1.4575,0.695,-12.05,0,Run,0,9,LowPickup,95.9587,90.9337,1.2984,0.7185,-12.7065,0.0031,0,0,Forehand prepare 1.00,0,9,14.9929,57.1789,0,0,Great,,1.3775,-12.35,-0.7709,11.2,0,0,0,0.0706,0,0
1812,PlayerServeHold,None,1,-0.005,52,-0.7826,2.544,-16.7641,1.48,0.695,-12.05,0,Run,0,9,LowPickup,95.7683,90.8714,1.3237,0.7209,-12.7072,0.0014,0,0,Forehand prepare 1.00,0,9,14.0131,56.2191,0,0,Great,,1.4,-12.35,-0.851,11.2,0,0,0,0.1084,0,0
1813,PlayerServeHold,None,1,-0.005,52,-0.7651,2.5451,-16.764,1.4913,0.695,-12.05,0,Run,0,9,LowPickup,95.4623,90.7958,1.3394,0.7245,-12.7083,0.0006,0,0,Forehand prepare 1.00,0,9,13.1135,55.3534,19.2957,0,Great,,1.4113,-12.35,-0.891,11.2,0,0,0,0.1371,0,0
1814,PlayerServeHold,None,1,-0.005,52,-0.7471,2.5461,-16.7639,1.5138,0.695,-12.05,0,Run,0,9,LowPickup,95.029,90.7033,1.3684,0.7294,-12.7097,0.0002,0,0,Forehand prepare 1.00,0,9,12.3476,54.6312,0.741,0,Great,,1.4338,-12.35,-0.9711,11.2,0,0,0,0.161,0,0
1815,PlayerServeHold,None,1,-0.005,52,-0.7296,2.5471,-16.7638,1.525,0.695,-12.05,0,Run,0,9,LowPickup,94.4529,90.5895,1.3881,0.7354,-12.7116,0.0009,0,0,Forehand prepare 1.00,0,9,11.9428,54.2732,0.4536,0,Great,,1.445,-12.35,-1.0112,11.2,0,0,0,0.1816,0,0
1816,PlayerServeHold,None,1,-0.005,52,-0.7117,2.5482,-16.7636,1.5475,0.695,-12.05,0,Run,0,9,LowPickup,93.6462,90.4318,1.4112,0.7289,-12.6682,0.031,0,0,Forehand prepare 1.00,0,9,11.8483,54.2236,0.5027,0,Great,,1.4675,-12.35,-1.0912,11.2,0,0,0,0.2084,0,0.0001
1817,PlayerServeHold,None,1,-0.005,52,-0.6942,2.5492,-16.7635,1.5588,0.695,-12.05,0,Run,0,9,LowPickup,92.8084,90.2801,1.4462,0.7495,-12.7162,0.1065,0,0,Forehand prepare 1.00,0,9,12.0737,54.4861,0.8835,0,Great,,1.4788,-12.35,-1.1313,11.2,0,0,0,0.2223,0,0
1818,PlayerServeHold,None,1,-0.005,52,-0.6763,2.5503,-16.7634,1.5813,0.695,-12.05,0,Run,0,9,LowPickup,91.9789,90.1421,1.4691,0.7405,-12.6753,0.0962,0,0,Forehand prepare 1.00,0,9,12.6864,55.1228,0.6238,0,Great,,1.5013,-12.35,-1.2114,11.2,0,0,0,0.2216,0,0
1819,PlayerServeHold,None,1,-0.005,52,-0.6589,2.5513,-16.7632,1.5925,0.695,-12.05,0,Run,0,9,LowPickup,91.0958,89.9992,1.5046,0.7444,-12.6754,0,0,0,Forehand prepare 1.00,0,9,13.5153,55.96,0.3196,0,Great,,1.5125,-12.35,-1.2514,11.2,0,0,0,0.2163,0,0
1820,PlayerServeHold,None,1,-0.005,52,-0.641,2.5524,-16.7631,1.615,0.695,-12.05,0,Run,0,9,LowPickup,90.0546,89.8234,1.5421,0.7471,-12.678,0,0,0,Forehand prepare 1.00,0,9,14.4481,56.885,0.8122,0,Great,,1.535,-12.35,-1.3315,11.2,0,0,0,0.2178,0,0
1821,PlayerServeHold,None,1,-0.005,52,-0.6237,2.5535,-16.7629,1.6263,0.695,-12.05,0,Run,0,9,LowPickup,88.995,89.6489,1.5684,0.7482,-12.6804,0,0,0,Forehand prepare 1.00,0,9,15.4886,57.9012,2.7914,0,Great,,1.5463,-12.35,-1.3715,11.2,0,0,0,0.2151,0,0
1822,PlayerServeHold,None,1,-0.005,52,-0.6058,2.5545,-16.7627,1.6488,0.695,-12.05,0,Run,0,9,LowPickup,88.1042,89.5202,1.6033,0.7475,-12.6824,0,0,0,Forehand prepare 1.00,0,9,16.3276,58.7039,3.4827,0,Great,,1.5688,-12.35,-1.4516,11.2,0,0,0,0.191,0,0
1823,PlayerServeHold,None,1,-0.005,52,-0.5885,2.5556,-16.7626,1.66,0.695,-12.05,0,Run,0,9,LowPickup,87.2698,89.4051,1.6261,0.7453,-12.6843,0.3439,0,0,Forehand prepare 1.00,0,9,16.9999,59.3318,0.3963,0,Great,,1.58,-12.35,-1.4917,11.2,0,0,0,0.1631,0,0
1824,PlayerServeHold,None,1,-0.005,52,-0.5707,2.5567,-16.7624,1.6825,0.695,-12.05,0,Run,0,9,LowPickup,86.4385,89.2876,1.6481,0.7416,-12.6954,1.1518,0,0,Forehand prepare 1.00,0,9,17.386,59.6708,1.891,0,Great,,1.6025,-12.35,-1.5717,11.2,0,0,0,0.1371,0,0
1825,PlayerServeHold,None,1,-0.005,52,-0.5535,2.5578,-16.7622,1.6938,0.695,-12.05,0,Run,0,9,LowPickup,85.6137,89.1671,1.6821,0.737,-12.6872,0.7123,0,0,Forehand prepare 1.00,0,9,17.3675,59.6088,0.2497,0,Great,,1.6138,-12.35,-1.6118,11.2,0,0,0,0.117,0,0
1826,PlayerServeHold,None,1,-0.005,52,-0.5357,2.5589,-16.762,1.7163,0.695,-12.05,0,Run,0,9,LowPickup,85.0194,89.0982,1.7124,0.733,-12.6889,0.226,0,0,Forehand prepare 1.00,0,9,17.0278,59.2346,2.6218,0,Great,,1.6363,-12.35,-1.6919,11.2,0,0,0,0.0816,0,0
1827,PlayerServeHold,None,1,-0.005,52,-0.5185,2.56,-16.7618,1.7275,0.695,-12.05,0,Run,0,9,LowPickup,84.5737,89.0571,1.7292,0.7292,-12.6889,0.2237,0,0,Forehand prepare 1.00,0,9,16.415,58.6006,0,0,Great,,1.6475,-12.35,-1.7319,11.2,0,0,0,0.0408,0,0
1828,PlayerServeHold,None,1,-0.005,52,-0.5008,2.5611,-16.7616,1.75,0.695,-12.05,0,Run,0,9,LowPickup,84.2568,89.0367,1.7557,0.7264,-12.6897,0.0099,0,0,Forehand prepare 1.00,0,9,15.4952,57.6761,0,0,Great,,1.67,-12.35,-1.812,11.2,0,0,0,0,0,0
1829,PlayerServeHold,None,1,-0.005,52,-0.4837,2.5622,-16.7614,1.7613,0.695,-12.05,0,Run,0,9,LowPickup,84.0529,89.0318,1.7694,0.7245,-12.6901,0.0108,0,0,Forehand prepare 1.00,0,9,14.5474,56.7398,0,0,Great,,1.6813,-12.35,-1.852,11.2,0,0,0,0,0,0
1830,PlayerServeHold,None,1,-0.005,52,-0.466,2.5633,-16.7612,1.7838,0.695,-12.05,0,Run,0,9,LowPickup,84.0164,89.0549,1.7926,0.7242,-12.6902,0.0026,0,0,Forehand prepare 1.00,0,9,13.6555,55.8744,18.8752,0,Great,,1.7038,-12.35,-1.9321,11.2,0,0,0,0.0641,0,0
1831,PlayerServeHold,None,1,-0.005,52,-0.4489,2.5644,-16.761,1.795,0.695,-12.05,0,Run,0,9,LowPickup,84.1418,89.1041,1.8015,0.7253,-12.6901,0.0032,0,0,Forehand prepare 1.00,0,9,12.761,55.0191,0.3518,0,Great,,1.715,-12.35,-1.95,11.2,0,0,0,0.0974,0,0
1832,PlayerServeHold,None,1,-0.005,52,-0.4313,2.5655,-16.7608,1.8175,0.695,-12.05,0,Run,0,9,LowPickup,84.4228,89.1772,1.8204,0.7279,-12.6897,0.0005,0,0,Forehand prepare 1.00,0,9,-35.2362,8.0539,8.3785,0,Great,,1.7375,-12.35,-1.95,11.2,0,0,0,0.1282,0,0
1833,PlayerServeHold,None,1,-0.005,52,-0.4142,2.5666,-16.7606,1.8288,0.695,-12.05,0,Run,0,9,LowPickup,84.9176,89.2884,1.825,0.732,-12.689,0.0004,0,0,Forehand prepare 1.00,0,9,-33.9852,8.3137,1.5074,0,Great,,1.7488,-12.35,-1.95,11.2,0,0,0,0.1619,0,0
1834,PlayerServeHold,None,1,-0.005,52,-0.3967,2.5677,-16.7603,1.8513,0.695,-12.05,0,Run,0,9,LowPickup,85.5096,89.4085,1.8395,0.7364,-12.688,0.0018,0,0,Forehand prepare 1.00,0,9,-31.4739,9.6605,6.7682,0,Great,,1.7713,-12.35,-1.95,11.2,0,0,0,0.1866,0,0
1835,PlayerServeHold,None,1,-0.005,52,-0.3797,2.5688,-16.7601,1.8625,0.695,-12.05,0,Run,0,9,LowPickup,86.1563,89.5278,1.842,0.7404,-12.6869,0.0016,0,0,Forehand prepare 1.00,0,9,-28.3726,11.5379,1.0328,0,Great,,1.7825,-12.35,-1.95,11.2,0,0,0,0.1998,0,0
1836,PlayerServeHold,None,1,-0.005,52,-0.3622,2.5699,-16.7599,1.885,0.695,-12.05,0,Run,0,9,LowPickup,86.9014,89.6594,1.8543,0.7439,-12.6854,0.0293,0,0,Forehand prepare 1.00,0,9,-25.0006,13.7223,1.1497,0,Great,,1.805,-12.35,-1.95,11.2,0,0,0,0.2084,0,0
1837,PlayerServeHold,None,1,-0.005,52,-0.3453,2.571,-16.7596,1.8963,0.695,-12.05,0,Run,0,9,LowPickup,87.8367,89.8274,1.8526,0.7467,-12.6837,0.1247,0,0,Forehand prepare 1.00,0,9,-21.5388,16.1412,1.1543,0,Great,,1.8163,-12.35,-1.95,11.2,0,0,0,0.2221,0,0
1838,PlayerServeHold,None,1,-0.005,52,-0.3278,2.5721,-16.7594,1.9188,0.695,-12.05,0,Run,0,9,LowPickup,88.8626,90.0076,1.8606,0.7481,-12.6812,0,0,0,Forehand prepare 1.00,0,9,-18.1096,18.8055,1.0196,0,Great,,1.8388,-12.35,-1.95,11.2,0,0,0,0.2322,0,0
1839,PlayerServeHold,None,1,-0.005,52,-0.3109,2.5732,-16.7591,1.93,0.695,-12.05,0,Run,0,9,LowPickup,89.7743,90.1507,1.8589,0.7477,-12.6791,0,0,0,Forehand prepare 1.00,0,9,-14.6483,21.8647,0.6951,0,Great,,1.85,-12.35,-1.95,11.2,0,0,0,0.2212,0,0
1840,PlayerServeHold,None,1,-0.005,52,-0.2936,2.5743,-16.7589,1.9525,0.695,-12.05,0,Run,0,9,LowPickup,90.6795,90.2871,1.8686,0.7458,-12.6768,0,0,0,Forehand prepare 1.00,0,9,-11.1126,25.4098,0.2129,0,Great,,1.8725,-12.35,-1.95,11.2,0,0,0,0.2034,0,0
1841,PlayerServeHold,None,1,-0.005,52,-0.2767,2.5754,-16.7586,1.9638,0.695,-12.05,0,Run,0,9,LowPickup,91.6371,90.4343,1.8661,0.7421,-12.6741,0,0,0,Forehand prepare 1.00,0,9,-7.8079,29.4448,0.2938,0,Great,,1.8838,-12.35,-1.95,11.2,0,0,0,0.1887,0,0
1842,PlayerServeHold,None,1,-0.005,52,-0.2594,2.5765,-16.7584,1.9863,0.695,-12.05,0,Run,0,9,LowPickup,92.6694,90.5996,1.8736,0.7363,-12.6712,0.5484,0,0,Forehand prepare 1.00,0,9,-5.1082,33.1779,0.6101,0,Great,,1.9063,-12.35,-1.95,11.2,0,0,0,0.1797,0,0
1843,PlayerServeHold,None,1,-0.005,52,-0.2426,2.5776,-16.7581,1.9975,0.695,-12.05,0,Run,0,9,LowPickup,93.4874,90.7118,1.8731,0.7304,-12.6689,0.5183,0,0,Forehand prepare 1.00,0,9,-3.1102,36.1782,0.5053,0,Great,,1.9175,-12.35,-1.95,11.2,0,0,0,0.1507,0,0
1844,PlayerServeHold,None,1,-0.005,52,-0.2253,2.5787,-16.7578,2.02,0.695,-12.05,0,Run,0,9,LowPickup,94.1821,90.7977,1.8856,0.7244,-12.6663,0.6607,0,0,Forehand prepare 1.00,0,9,-1.7132,38.5209,0.3213,0,Great,,1.94,-12.35,-1.95,11.2,0,0,0,0.1154,0,0
1845,PlayerServeHold,None,1,-0.005,52,-0.2085,2.5798,-16.7576,2.0313,0.695,-12.05,0,Run,0,9,LowPickup,94.7888,90.8688,1.8882,0.7183,-12.6645,0.0353,0,0,Forehand prepare 1.00,0,9,-0.7697,40.3377,0.1698,0,Great,,1.9513,-12.35,-1.95,11.2,0,0,0,0.0797,0,0
1846,PlayerServeHold,None,1,-0.005,52,-0.1914,2.5809,-16.7573,2.0538,0.695,-12.05,0,Run,0,9,LowPickup,95.3588,90.9399,1.9026,0.7258,-12.7085,0.0155,0,0,Forehand prepare 1.00,0,9,-0.1494,41.7465,0.0603,0,Great,,1.9738,-12.35,-1.95,11.2,0,0,0,0.0504,0,0
1847,PlayerServeHold,None,1,-0.005,52,-0.1746,2.582,-16.757,2.065,0.695,-12.05,0,Run,0,9,LowPickup,95.7411,90.9741,1.9084,0.7211,-12.7073,0.0017,0,0,Forehand prepare 1.00,0,9,0.2529,42.8335,0.0645,0,Great,,1.985,-12.35,-1.95,11.2,0,0,0,0,0,0
1848,PlayerServeHold,None,1,-0.005,52,-0.1575,2.583,-16.7568,2.0875,0.695,-12.05,0,Run,0,9,LowPickup,95.9401,90.9746,1.9282,0.7187,-12.7066,0.004,0,0,Forehand prepare 1.00,0,9,0.5113,43.6604,0.0752,0,Great,,2.0075,-12.35,-1.95,11.2,0,0,0,0,0,0
1849,PlayerServeHold,None,1,-0.005,52,-0.1408,2.5841,-16.7565,2.0988,0.695,-12.05,0,Run,0,9,LowPickup,95.9872,90.9509,1.9388,0.7181,-12.7064,0.002,0,0,Forehand prepare 1.00,0,9,0.6939,44.3015,0.0577,0,Great,,2.0188,-12.35,-1.95,11.2,0,0,0,0.0577,0,0
1850,PlayerServeHold,None,1,-0.005,52,-0.1238,2.5851,-16.7562,2.1213,0.695,-12.05,0,Run,0,9,LowPickup,95.8614,90.8987,1.9637,0.7198,-12.7069,0.0021,0,0,Forehand prepare 1.00,0,9,0.7809,44.7171,0.0455,0,Great,,2.0413,-12.35,-1.95,11.2,0,0,0,0.0949,0,0
1851,PlayerServeHold,None,1,-0.005,52,-0.1072,2.5862,-16.7559,2.1325,0.695,-12.05,0,Run,0,9,LowPickup,95.5982,90.8276,1.9786,0.7228,-12.7078,0.0015,0,0,Forehand prepare 1.00,0,9,0.832,44.9838,0.0286,0,Great,,2.0525,-12.35,-1.95,11.2,0,0,0,0.1267,0,0
1852,PlayerServeHold,None,1,-0.005,52,-0.0902,2.5872,-16.7556,2.1546,0.695,-12.05,0,Run,0,9,LowPickup,95.2181,90.7425,2.0064,0.7274,-12.7091,0.0005,0,0,Forehand prepare 1.00,0,9,0.8613,45.1275,0.0168,0,Great,,2.0746,-12.35,-1.95,11.2,0,0,0,0.1526,0,0
1853,PlayerServeHold,None,1,-0.005,52,-0.0737,2.5883,-16.7554,2.1653,0.695,-12.05,0,Run,0,9,LowPickup,94.7224,90.6431,2.0252,0.7326,-12.7108,0.0098,0,0,Forehand prepare 1.00,0,9,0.8784,45.174,0.0089,0,Great,,2.0853,-12.35,-1.95,11.2,0,0.0002,0.3737,0.1725,0,0
1854,PlayerServeHold,None,1,-0.005,52,-0.0569,2.5893,-16.7551,2.1861,0.695,-12.05,0,Run,0,9,LowPickup,94.0563,90.5147,2.0561,0.7391,-12.713,0.0105,0,0,Forehand prepare 1.00,0,9,0.9043,45.174,0.0112,0,Great,,2.1061,-12.35,-1.95,11.2,0,0.0007,0.5354,0.1923,0,0
1855,PlayerServeHold,None,1,-0.005,52,-0.0407,2.5903,-16.7548,2.1961,0.695,-12.05,0,Run,0,9,LowPickup,93.2673,90.3685,2.0671,0.7322,-12.6705,0.0082,0,0,Forehand prepare 1.00,0,9,0.9043,45.0934,0,0,Great,,2.1161,-12.35,-1.95,11.2,0,0.0015,0.9034,0.2094,0,0
1856,PlayerServeHold,None,1,-0.005,52,-0.0243,2.5913,-16.7545,2.2157,0.695,-12.05,0,Run,0,9,LowPickup,92.5369,90.2484,2.1091,0.7494,-12.7169,0.0918,0,0,Forehand prepare 1.00,0,9,0.9043,44.9908,0,0,Great,,2.1357,-12.35,-1.95,11.2,0,0.0025,0.9529,0.2065,0,0
1857,PlayerServeHold,None,1,-0.005,52,-0.0084,2.5923,-16.7542,2.2251,0.695,-12.05,0,Run,0,9,LowPickup,91.8126,89.9543,2.1186,0.7384,-12.677,0.1524,0,0,Forehand prepare 1.00,0,9,0.9043,44.8827,0,0,Great,,2.1451,-12.35,-1.95,11.2,0,0.0036,1.2327,0.4097,0,0
1858,PlayerServeHold,None,1,-0.005,52,0.0076,2.5933,-16.7539,2.2434,0.695,-12.05,0,Run,0,9,LowPickup,91.0649,89.7531,2.1482,0.7408,-12.6799,0,0,0,Forehand prepare 1.00,0,9,0.9043,44.7821,0,0,Great,,2.1634,-12.35,-1.95,11.2,0,0.0047,1.2124,0.5001,0,0
1859,PlayerServeHold,None,1,-0.005,52,0.023,2.5943,-16.7536,2.2522,0.695,-12.05,0,Run,0,9,LowPickup,90.2399,89.642,2.1691,0.7424,-12.6833,0,0,0,Forehand prepare 1.00,0,9,0.9043,44.6977,0,0,Great,,2.1722,-12.35,-1.95,11.2,0,0.0058,1.4378,0.4676,0,0
1860,PlayerServeHold,None,1,-0.005,52,0.0384,2.5952,-16.7533,2.2692,0.695,-12.05,0,Run,0,9,LowPickup,89.371,89.5173,2.1982,0.743,-12.6865,0,0,0,Forehand prepare 1.00,0,9,0.9043,44.6344,0,0,Great,,2.1892,-12.35,-1.95,11.2,0,0.0067,1.3743,0.444,0,0
1861,PlayerServeHold,None,1,-0.005,52,0.0533,2.5962,-16.753,2.2774,0.695,-12.05,0,Run,0,9,LowPickup,88.7138,89.485,2.2182,0.7432,-12.6885,0,0,0,Forehand prepare 1.00,0,9,0.9043,44.5933,0,0,Great,,2.1974,-12.35,-1.95,11.2,0,0.0074,1.5657,0.3664,0,0
1862,PlayerServeHold,None,1,-0.005,52,0.0682,2.5971,-16.7527,2.2931,0.695,-12.05,0,Run,0,9,LowPickup,88.2369,89.521,2.2461,0.7429,-12.6893,0,0,0,Forehand prepare 1.00,0,9,0.9043,44.5731,0,0,Great,,2.2131,-12.35,-1.95,11.2,0,0.0079,1.4754,0.2656,0,0
1863,PlayerServeHold,None,1,-0.005,52,0.0824,2.598,-16.7524,2.3007,0.695,-12.05,0,Run,0,9,LowPickup,87.9498,89.6177,2.2783,0.7564,-12.7233,0.6149,0,0,Forehand prepare 1.00,0,9,0.9043,44.5704,0,0,Great,,2.2207,-12.35,-1.95,11.2,0,0.0083,1.6459,0.1958,0,0
1864,PlayerServeHold,None,1,-0.005,52,0.0966,2.5989,-16.7521,2.3152,0.695,-12.05,0,Run,0,9,LowPickup,87.8291,89.7635,2.3079,0.7597,-12.7187,0.7057,0,0,Forehand prepare 1.00,0,9,0.9043,44.5809,0,0,Great,,2.2352,-12.35,-1.95,11.2,0,0.0085,1.5388,0.2865,0,0
1865,PlayerServeHold,None,1,-0.005,52,0.1102,2.5998,-16.7518,2.3221,0.695,-12.05,0,Run,0,9,LowPickup,87.8733,89.9603,2.3326,0.7655,-12.7109,0.411,0,0,Forehand prepare 1.00,0,9,0.9043,44.6002,0,0,Great,,2.2421,-12.35,-1.95,11.2,0,0.0087,1.6962,0.3956,0,0
1866,PlayerServeHold,None,1,-0.005,52,0.1237,2.6007,-16.7515,2.3353,0.695,-12.05,0,Run,0,9,LowPickup,88.1117,90.2162,2.3593,0.7674,-12.7075,0.0909,0,0,Forehand prepare 1.00,0,9,0.9043,44.6239,0,0,Great,,2.2553,-12.35,-1.95,11.2,0,0.0087,1.5787,0.4993,0,0
1867,PlayerServeHold,None,1,-0.005,52,0.1366,2.6016,-16.7512,2.3416,0.695,-12.05,0,Run,0,9,LowPickup,88.6328,90.5736,2.3765,0.7663,-12.7053,0.0835,0,0,Forehand prepare 1.00,0,9,0.9043,44.6483,0,0,Great,,2.2616,-12.35,-1.95,11.2,0,0.0087,1.7287,0.6011,0,0
1868,PlayerServeHold,None,1,-0.005,52,0.1493,2.6024,-16.7509,2.3535,0.695,-12.05,0,Run,0,9,LowPickup,89.3752,91.0064,2.4031,0.765,-12.6955,0.2479,0,0,Forehand prepare 1.00,0,9,0.9043,44.6707,0,0,Great,,2.2735,-12.35,-1.95,11.2,0,0.0087,1.6047,0.6851,0,0
1869,PlayerServeHold,None,1,-0.005,52,0.1615,2.6032,-16.7506,2.3591,0.695,-12.05,0,Run,0,9,LowPickup,90.2943,91.5145,2.4235,0.7549,-12.6404,0.3304,0,0,Forehand prepare 1.00,0,9,0.9043,44.6873,0,0,Great,,2.2791,-12.35,-1.95,11.2,0,0.0086,1.7497,0.7395,0,0
1870,PlayerServeHold,None,1,-0.005,52,0.1734,2.6041,-16.7503,2.3698,0.695,-12.05,0,Run,0,9,LowPickup,91.284,92.0839,2.4394,0.7541,-12.6348,0.3228,0,0,Forehand prepare 1.00,0,9,0.9043,44.6998,0,0,Great,,2.2898,-12.35,-1.95,11.2,0,0.0086,1.6217,0.7364,0,0
1871,PlayerServeHold,None,1,-0.005,52,0.1848,2.6049,-16.75,2.3748,0.695,-12.05,0,Run,0,9,LowPickup,92.3304,92.721,2.4465,0.755,-12.6303,0.3633,0,0,Forehand prepare 1.00,0,9,0.9043,44.708,0,0,Great,,2.2948,-12.35,-1.95,11.2,0,0.0086,1.7642,0.6857,0,0
1872,PlayerServeHold,None,1,-0.005,52,0.1959,2.6057,-16.7497,2.3842,0.695,-12.05,0,Run,0,9,LowPickup,93.3335,93.4033,2.4629,0.7571,-12.6225,0.3471,0,0,Forehand prepare 1.00,0,9,0.9043,44.7121,0,0,Great,,2.3042,-12.35,-1.95,11.2,0,0.0085,1.6338,0.5842,0,0
1873,PlayerServeHold,None,1,-0.005,52,0.2064,2.6064,-16.7494,2.3885,0.695,-12.05,0,Run,0,9,LowPickup,94.3253,94.1377,2.4763,0.7604,-12.6135,0.3302,0,0,Forehand prepare 1.00,0,9,0.9043,44.7127,0,0,Great,,2.3085,-12.35,-1.95,11.2,0,0.0086,1.7748,0.4861,0,0
1874,PlayerServeHold,None,1,-0.005,52,0.2167,2.6072,-16.7491,2.3966,0.695,-12.05,0,Run,0,9,LowPickup,95.287,94.8939,2.4916,0.762,-12.6049,0.3413,0,0,Forehand prepare 1.00,0,9,0.9043,44.7108,0,0,Great,,2.3166,-12.35,-1.95,11.2,0,0.0086,1.6429,0.4237,0,0
1875,PlayerServeHold,None,1,-0.005,52,0.2263,2.6079,-16.7488,2.4004,0.695,-12.05,0,Run,0,9,LowPickup,96.2875,95.6773,2.5023,0.7649,-12.5957,0.3496,0,0,Forehand prepare 1.00,0,9,0.9043,44.7071,0,0,Great,,2.3204,-12.35,-1.95,11.2,0,0.0086,1.7836,0.4145,0,0
1876,PlayerServeHold,None,1,-0.005,52,0.2357,2.6086,-16.7486,2.4072,0.695,-12.05,0,Run,0,9,LowPickup,97.4106,96.4461,2.5146,0.7685,-12.5866,0.331,0,0,Forehand prepare 1.00,0,9,0.9043,44.7044,0,0,Great,,2.3272,-12.35,-1.95,11.2,0,0.0086,1.651,0.4136,0,0
1877,PlayerServeHold,None,1,-0.005,52,0.2445,2.6093,-16.7483,2.4103,0.695,-12.05,0,Run,0,9,LowPickup,98.6124,97.2048,2.5248,0.7732,-12.5754,0.3465,0,0,Forehand prepare 1.00,0,9,0.9043,44.7024,0,0,Great,,2.3303,-12.35,-1.95,11.2,0,0.0087,1.7924,0.4237,0,0
1878,PlayerServeHold,None,1,-0.005,52,0.253,2.61,-16.748,2.4158,0.695,-12.05,0,Run,0,9,LowPickup,99.8516,97.9529,2.546,0.774,-12.557,0.362,0,0,Forehand prepare 1.00,0,9,0.9043,44.7009,0,0,Great,,2.3358,-12.35,-1.95,11.2,0,0.0087,1.659,0.4534,0,0
1879,PlayerServeHold,None,1,-0.005,52,0.2609,2.6106,-16.7477,2.4182,0.695,-12.05,0,Run,0,9,LowPickup,101.073,98.6458,2.5623,0.779,-12.5394,0.396,0,0,Forehand prepare 1.00,0,9,0.9043,44.6998,0,0,Great,,2.3382,-12.35,-1.95,11.2,0,0.0088,1.8023,0.4977,0,0
1880,PlayerServeHold,None,1,-0.005,52,0.2685,2.6113,-16.7474,2.4224,0.695,-12.05,0,Run,0,9,LowPickup,102.1609,99.2407,2.5602,0.7926,-12.535,0.4805,0,0,Forehand prepare 1.00,0,9,0.9043,44.6989,0,0,Great,,2.3424,-12.35,-1.95,11.2,0,0.0088,1.6689,0.5277,0,0
1881,PlayerServeHold,None,1,-0.005,52,0.2755,2.6119,-16.7471,2.3871,0.695,-12.0425,0,Run,0,9,LowPickup,96.102,92.7483,2.5709,0.8115,-12.5053,0.7285,0,0,Forehand prepare 1.00,0,9,0.9043,44.6983,0,0,Great,,2.3442,-12.35,-1.95,11.2,0,0.0088,1.8156,0.537,0,0
1882,PlayerServeHold,None,1,-0.005,52,0.2821,2.6125,-16.7469,2.3521,0.695,-12.0396,0,Run,0,9,LowPickup,89.7766,86.099,2.6025,0.822,-12.4666,0.8424,0,0,Forehand prepare 1.00,0,9,0.9043,44.6979,0,0,Great,,2.3471,-12.35,-1.95,11.2,0,0.0088,1.6833,0.5092,0,0
1883,PlayerServeHold,None,1,-0.005,52,0.2882,2.613,-16.7466,2.3155,0.695,-12.0413,0,Run,0,9,LowPickup,83.2774,79.3323,2.6301,0.8312,-12.4196,0.9679,0,0,Forehand prepare 1.00,0,9,0.9043,44.6975,0,0,Great,,2.3483,-12.35,-1.95,11.2,0,0.0089,1.8378,0.4797,0,0
1884,PlayerServeHold,None,1,-0.005,52,0.2938,2.6136,-16.7463,2.2798,0.695,-12.0476,0,Run,0,9,LowPickup,76.5673,72.3767,2.6337,0.8368,-12.3724,1.2689,0,0,Forehand prepare 1.00,0,9,0.9043,44.6973,0,0,Great,,2.35,-12.35,-1.95,11.2,0,0.0088,1.5387,0.444,0,0
1885,PlayerServeHold,None,1,-0.005,52,0.2989,2.6141,-16.7461,2.2435,0.695,-12.0584,0,Serve prepare 0.00,0,9,LowPickup,69.201,63.0116,2.6184,0.8399,-12.3106,1.6893,0.2083,0.1667,Forehand prepare 1.00,0,9,0.9043,44.6971,0,0,Great,,2.35,-12.35,-1.95,11.2,0,0.0076,1.8716,2.3976,0,0
1886,PlayerServeHold,None,1,-0.005,52,0.3036,2.6146,-16.7458,2.2087,0.695,-12.0735,0,Serve prepare 0.00,0,9,LowPickup,63.8941,54.9371,2.6152,0.8391,-12.2892,1.5623,0.4167,0.3333,Forehand prepare 1.00,0,9,0.9043,44.697,0,0,Great,,2.35,-12.35,-1.95,11.2,0,0.0058,1.5762,4.414,0,0
1887,PlayerServeHold,None,1,-0.005,52,0.3078,2.6151,-16.7456,2.1761,0.695,-12.0928,0,Serve prepare 0.00,0,9,LowPickup,60.7459,48.1513,2.5719,0.8298,-12.2479,1.5243,0.625,0.5,Forehand prepare 1.00,0,9,0.9043,44.6969,0,0,Great,,2.35,-12.35,-1.95,11.2,0,0.0039,1.0033,6.228,0,0
1888,PlayerServeHold,None,1,-0.005,52,0.3115,2.6155,-16.7453,2.146,0.695,-12.1159,0,Serve prepare 0.00,0,9,LowPickup,59.6498,42.6236,2.5411,0.8145,-12.2338,1.4566,0.8333,0.6667,Forehand prepare 1.00,0,9,0.9043,44.6968,0,0,Great,,2.35,-12.35,-1.95,11.2,0,0.0021,0.6025,7.7028,0,0
1889,PlayerServeHold,None,1,-0.005,52,0.3149,2.616,-16.7451,2.119,0.695,-12.1425,0,Serve prepare 0.00,0,9,LowPickup,60.3063,38.6962,2.5151,0.7975,-12.2366,1.3966,1,0.8333,Forehand prepare 1.00,0,9,0.9043,44.6968,0,0,Great,,2.35,-12.35,-1.95,11.2,0,0.0006,0.3264,8.0359,0,0
1890,PlayerServeHold,None,1,-0.005,52,0.3179,2.6164,-16.7448,2.0955,0.695,-12.1722,0,Serve prepare 0.00,0,9,LowPickup,62.4027,37.9249,2.5076,0.7856,-12.2628,1.3285,1,1,Forehand prepare 1.00,0,9,0.9043,44.6967,0,0,Great,,2.35,-12.35,-1.95,11.2,0,-0.0005,0.1403,5.4627,0,0
1891,PlayerServeHold,None,1,-0.005,52,0.3205,2.6168,-16.7446,2.0757,0.695,-12.2046,0,Serve prepare 0.00,0,9,LowPickup,64.9521,37.9438,2.5078,0.769,-12.2877,1.2066,1,1,Forehand prepare 1.00,0,9,0.9043,44.6967,0,0,Great,,2.35,-12.35,-1.95,11.2,0,-0.0012,0.0184,3.1149,0,0
1892,PlayerServeHold,None,1,-0.005,52,0.3229,2.6171,-16.7444,2.06,0.695,-12.2391,0,Serve prepare 0.00,0,9,LowPickup,68.043,38.5446,2.5187,0.759,-12.3102,1.0319,1,1,Forehand prepare 1.00,0,9,0.9043,44.6966,0,0,Great,,2.35,-12.35,-1.95,11.2,0,-0.0015,0,2.1402,0,0
1893,PlayerServeHold,None,1,-0.005,52,0.3249,2.6175,-16.7442,2.5046,0.875,-11.9843,0,Serve prepare 0.00,0,9,LowPickup,72.2741,40.4014,2.5595,0.7508,-12.3362,0.7749,1,1,Forehand prepare 1.00,0,9,0.9043,44.6967,0,0,Great,,2.35,-12.35,-1.95,11.2,0,-0.0015,0,2.5195,0,0
1894,PlayerServeHold,None,1,-0.005,52,0.3267,2.6178,-16.7439,2.4917,0.875,-11.9792,0,Serve prepare 0.00,0,9,LowPickup,81.7829,47.6227,2.5749,0.7446,-12.3769,0.405,1,1,Forehand prepare 1.00,0,9,0.9043,44.6968,0,0,Great,,2.35,-12.35,-1.95,11.2,0,-0.0013,0,2.9348,0,0
1895,PlayerServeHold,None,1,-0.005,52,0.3283,2.6181,-16.7437,2.4787,0.875,-11.9745,0,Serve prepare 0.00,0,9,LowPickup,89.3321,53.1777,2.5636,0.7409,-12.3962,0,1,1,Forehand prepare 1.00,0,9,0.9043,44.6968,0,0,Great,,2.35,-12.35,-1.95,11.2,0,-0.001,0,2.9193,0,0
1896,PlayerServeHold,None,1,-0.005,52,0.3296,2.6183,-16.7435,2.4655,0.875,-11.9702,0,Serve prepare 0.00,0,9,LowPickup,94.2059,56.6505,2.5748,0.74,-12.4075,0,1,1,Forehand prepare 1.00,0,9,0.9043,44.6968,0,0,Great,,2.35,-12.35,-1.95,11.2,0,-0.0007,0,2.5787,0,0
1897,PlayerServeHold,None,1,-0.005,52,0.3306,2.6186,-16.7433,2.4522,0.875,-11.9664,0,Serve prepare 0.00,0,9,LowPickup,96.9553,58.4401,2.586,0.7414,-12.4125,0,1,1,Forehand prepare 1.00,0,9,0.9043,44.6969,0,0,Great,,2.35,-12.35,-1.95,11.2,0,-0.0004,0,2.065,0,0
1898,PlayerServeHold,None,1,-0.005,52,0.3315,2.6188,-16.7431,2.4387,0.8533,-11.9631,0,Serve prepare 0.00,0,9,LowPickup,98.129,58.9735,2.5965,0.744,-12.4136,0,1,1,Forehand prepare 1.00,0,9,0.9043,44.6969,0,0,Great,,2.35,-12.35,-1.95,11.2,0,-0.0001,0,1.5339,0,0
1899,PlayerServeHold,None,1,-0.005,52,0.3322,2.619,-16.743,2.4252,0.8422,-11.9602,0,Serve prepare 0.00,0,9,LowPickup,98.1995,58.6336,2.6285,0.7469,-12.4199,0,1,1,Forehand prepare 1.00,0,9,0.9043,44.6969,0,0,Great,,2.35,-12.35,-1.95,11.2,0,0.0001,0,1.135,0,0
1900,PlayerServeHold,None,1,-0.005,52,0.3328,2.6191,-16.7428,2.4115,0.82,-11.9578,0,Serve prepare 0.00,0,9,LowPickup,97.5263,57.7078,2.6355,0.7496,-12.4144,0,1,1,Forehand prepare 1.00,0,9,0.9043,44.6969,0,0,Great,,2.35,-12.35,-1.95,11.2,0,0.0002,0,0.9724,0,0
1901,PlayerServeHold,None,1,-0.005,52,0.3331,2.6193,-16.7426,2.3978,0.8089,-11.9559,0,Serve prepare 0.00,0,9,LowPickup,96.3643,56.3957,2.6411,0.7518,-12.4067,0,1,1,Forehand prepare 1.00,0,9,0.9043,44.6969,0,0,Great,,2.35,-12.35,-1.95,11.2,0,0.0002,0,0.9883,0,0
1902,PlayerServeHold,None,1,-0.005,52,0.3334,2.6194,-16.7425,2.384,0.7729,-11.9545,0,Serve prepare 0.00,0,9,LowPickup,94.8865,54.8345,2.6454,0.7534,-12.3977,0,1,1,Forehand prepare 1.00,0,9,0.9043,44.6969,0,0,Great,,2.35,-12.35,-1.95,11.2,0,0.0003,0,1.04,0,0
1903,PlayerServeHold,None,1,-0.005,52,0.3334,2.6195,-16.7423,2.3702,0.7429,-11.9535,0,Serve prepare 0.00,0,9,LowPickup,93.2077,53.1147,2.6486,0.7545,-12.3878,0,1,1,Forehand prepare 1.00,0,9,0.9043,44.6969,0,0,Great,,2.35,-12.35,-1.95,11.2,0,0.0002,0,1.0408,0,0
1904,PlayerServeHold,None,1,-0.005,52,0.3334,2.6195,-16.7422,2.3702,0.6808,-11.9535,0,Serve prepare 0.00,0,9,LowPickup,93.4023,53.2937,2.6496,0.7552,-12.3881,0,1,1,Forehand prepare 1.00,0,9,0.9043,44.6969,0,0,Great,,2.35,-12.35,-1.95,11.2,0,0.0002,0,0.9707,0,0
1905,PlayerServeHold,None,1,-0.005,52,0.3332,2.6196,-16.742,2.3702,0.6487,-11.9535,0,Serve prepare 0.00,0,9,LowPickup,93.5182,53.4078,2.6501,0.7554,-12.3881,0,1,1,Forehand prepare 1.00,0,9,0.9043,44.6969,0,0,Great,,2.35,-12.35,-1.95,11.2,0,0.0001,0,0.8421,0,0
1906,PlayerServeHold,None,1,-0.005,52,0.3329,2.6196,-16.7419,2.3702,0.5826,-11.9535,0,Serve prepare 0.00,0,9,LowPickup,93.5857,53.4794,2.6501,0.7553,-12.3879,0,1,1,Forehand prepare 1.00,0,9,0.9043,44.6969,0,0,Great,,2.35,-12.35,-1.95,11.2,0,0.0001,0,0.6784,0,0
1907,PlayerServeHold,None,1,-0.005,52,0.3325,2.6195,-16.7417,2.3702,0.5485,-11.9535,0,Serve prepare 0.00,0,9,LowPickup,93.7022,53.5882,2.6501,0.7551,-12.388,0,1,1,Forehand prepare 1.00,0,9,0.9043,44.6969,0,0,Great,,2.35,-12.35,-1.95,11.2,0,0,0,0.5005,0,0
1908,PlayerServeHold,None,1,-0.005,52,0.332,2.6195,-16.7416,2.3702,0.4782,-11.9535,0,Serve prepare 0.00,0,9,LowPickup,93.6926,53.5855,2.6497,0.7547,-12.3878,0,1,1,Forehand prepare 1.00,0,9,0.9043,44.6969,0,0,Great,,2.35,-12.35,-1.95,11.2,0,0,0,0.3472,0,0
1909,PlayerServeHold,None,1,-0.005,52,0.3315,2.6194,-16.7415,2.3702,0.4421,-11.9535,0,Serve prepare 0.00,0,9,LowPickup,93.6854,53.5805,2.6493,0.7542,-12.3877,0,1,1,Forehand prepare 1.00,0,9,0.9043,44.6969,0,0,Great,,2.35,-12.35,-1.95,11.2,0,0,0,0.2374,0,0
1910,PlayerServeHold,None,1,-0.005,52,0.3308,2.6193,-16.7414,2.3702,0.3677,-11.9535,0,Serve prepare 0.00,0,9,LowPickup,93.6805,53.5739,2.6489,0.7538,-12.3876,0,1,1,Forehand prepare 1.00,0,9,0.9043,44.6969,0,0,Great,,2.35,-12.35,-1.95,11.2,0,0,0,0.1938,0,0
1911,PlayerServeHold,None,1,-0.005,52,0.3301,2.6192,-16.7413,2.3702,0.3295,-11.9535,0,Serve prepare 0.00,0,9,LowPickup,93.6779,53.5671,2.6486,0.7535,-12.3876,0,1,1,Forehand prepare 1.00,0,9,0.9043,44.6969,0,0,Great,,2.35,-12.35,-1.95,11.2,0,0,0,0.2017,0,0
1912,PlayerServeHold,None,1,-0.005,52,0.3292,2.619,-16.7412,2.3702,0.2511,-11.9535,0,Serve prepare 0.00,0,9,LowPickup,93.6777,53.561,2.6483,0.7532,-12.3876,0,1,1,Forehand prepare 1.00,0,9,0.9043,44.6969,0,0,Great,,2.35,-12.35,-1.95,11.2,0,0,0,0.2203,0,0
1913,PlayerServeHold,None,1,-0.005,52,0.3284,2.6189,-16.7411,2.3702,0.2109,-11.9535,0,Serve prepare 0.00,0,9,LowPickup,93.6798,53.5569,2.6481,0.753,-12.3877,0,1,1,Forehand prepare 1.00,0,9,0.9043,44.6969,0,0,Great,,2.35,-12.35,-1.95,11.2,0,0,0,0.2238,0,0
1914,PlayerServeHold,None,1,-0.005,52,0.3274,2.6187,-16.741,2.3702,0.1397,-11.9535,0,Serve prepare 0.00,0,9,LowPickup,93.6842,53.5556,2.648,0.7529,-12.3878,0,1,1,Forehand prepare 1.00,0,9,0.9043,44.6969,0,0,Great,,2.35,-12.35,-1.95,11.2,0,0,0,0.2167,0,0
1915,PlayerServeHold,None,1,-0.005,52,0.3264,2.6184,-16.7409,2.3702,0.1685,-11.9535,0,Serve prepare 0.00,0,9,LowPickup,93.691,53.5578,2.648,0.7529,-12.3879,0,1,1,Forehand prepare 1.00,0,9,0.9043,44.6969,0,0,Great,,2.35,-12.35,-1.95,11.2,0,0,0,0.1938,0,0
1916,PlayerServeHold,None,1,-0.005,52,0.3253,2.6182,-16.7408,2.3702,0.2241,-11.9535,0,Serve prepare 0.00,0,9,LowPickup,93.7001,53.5639,2.648,0.7529,-12.3881,0,1,1,Forehand prepare 1.00,0,9,0.9043,44.6969,0,0,Great,,2.35,-12.35,-1.95,11.2,0,0,0,0,0,0
1917,PlayerServeHold,None,1,-0.005,52,0.3242,2.6179,-16.7407,2.3702,0.2509,-11.9535,0,Serve prepare 0.00,0,9,LowPickup,93.7115,53.5742,2.648,0.753,-12.3883,0,1,1,Forehand prepare 1.00,0,9,0.9043,44.6969,0,0,Great,,2.35,-12.35,-1.95,11.2,0,0,0,0,0,0
1918,PlayerServeHold,None,1,-0.005,52,0.323,2.6176,-16.7406,2.3702,0.3024,-11.9535,0,Serve prepare 0.00,0,9,LowPickup,93.7252,53.5887,2.648,0.7531,-12.3885,0,1,1,Forehand prepare 1.00,0,9,0.9043,44.6969,0,0,Great,,2.35,-12.35,-1.95,11.2,0,0,0,0,0,0
1919,PlayerServeHold,None,1,-0.005,52,0.3218,2.6172,-16.7406,2.3702,0.3272,-11.9535,0,Serve prepare 0.00,0,9,LowPickup,93.7412,53.6073,2.648,0.7531,-12.3887,0,1,1,Forehand prepare 1.00,0,9,0.9043,44.6969,0,0,Great,,2.35,-12.35,-1.95,11.2,0,0,0,0,0,0
1920,PlayerServeHold,None,1,-0.005,52,0.3205,2.6169,-16.7405,2.3702,0.3746,-11.9535,0,Serve prepare 0.00,0,9,LowPickup,93.7596,53.6298,2.648,0.7532,-12.3889,0,1,1,Forehand prepare 1.00,0,9,0.9043,44.6969,0,0,Great,,2.35,-12.35,-1.95,11.2,0,0,0,0,0,0
1921,PlayerServeHold,None,1,-0.005,52,0.3192,2.6165,-16.7405,2.3702,0.3973,-11.9535,0,Serve prepare 0.00,0,9,LowPickup,93.7803,53.656,2.648,0.7532,-12.3892,0,1,1,Forehand prepare 1.00,0,9,0.9043,44.6969,0,0,Great,,2.35,-12.35,-1.95,11.2,0,0,0,0,0,0
1922,PlayerServeHold,None,1,-0.005,52,0.3179,2.6161,-16.7404,2.3702,0.4407,-11.9535,0,Serve prepare 0.00,0,9,LowPickup,93.8038,53.6852,2.6479,0.7532,-12.3894,0,1,1,Forehand prepare 1.00,0,9,0.9043,44.6969,0,0,Great,,2.35,-12.35,-1.95,11.2,0,0,0,0,0,0
1923,PlayerServeHold,None,1,-0.005,52,0.3165,2.6156,-16.7404,2.3702,0.4614,-11.9535,0,Serve prepare 0.00,0,9,LowPickup,93.8296,53.7149,2.6478,0.7532,-12.3897,0,1,1,Forehand prepare 1.00,0,9,0.9043,44.6969,0,0,Great,,2.35,-12.35,-1.95,11.2,0,0,0,0,0,0
1924,PlayerServeHold,None,1,-0.005,52,0.3151,2.6151,-16.7403,2.3702,0.5006,-11.9535,0,Serve prepare 0.00,0,9,LowPickup,93.8578,53.7454,2.6477,0.7532,-12.3901,0,1,1,Forehand prepare 1.00,0,9,0.9043,44.6969,0,0,Great,,2.35,-12.35,-1.95,11.2,0,0,0,0,0,0
1925,PlayerServeHold,None,1,-0.005,52,0.3137,2.6146,-16.7403,2.3702,0.5192,-11.9535,0,Serve prepare 0.00,0,9,LowPickup,93.8881,53.777,2.6475,0.7531,-12.3904,0,1,1,Forehand prepare 1.00,0,9,0.9043,44.6969,0,0,Great,,2.35,-12.35,-1.95,11.2,0,0,0,0,0,0
1926,PlayerServeHold,None,1,-0.005,52,0.3122,2.6141,-16.7403,2.3702,0.5544,-11.9535,0,Serve prepare 0.00,0,9,LowPickup,93.9207,53.8101,2.6473,0.753,-12.3907,0,1,1,Forehand prepare 1.00,0,9,0.9043,44.6969,0,0,Great,,2.35,-12.35,-1.95,11.2,0,0,0,0,0,0
1927,PlayerServeHold,None,1,-0.005,52,0.3107,2.6136,-16.7402,2.3702,0.571,-11.9535,0,Serve prepare 0.00,0,9,LowPickup,93.9556,53.8493,2.6471,0.7529,-12.3911,0,1,1,Forehand prepare 1.00,0,9,0.9043,44.6969,0,0,Great,,2.35,-12.35,-1.95,11.2,0,0,0,0,0,0
1928,PlayerServeHold,None,1,-0.005,52,0.3092,2.613,-16.7402,2.3702,0.6021,-11.9535,0,Serve prepare 0.00,0,9,LowPickup,93.9925,53.8942,2.6469,0.7528,-12.3916,0,1,1,Forehand prepare 1.00,0,9,0.9043,44.6969,0,0,Great,,2.35,-12.35,-1.95,11.2,0,0,0,0,0,0
1929,PlayerServeHold,None,1,-0.005,52,0.3077,2.6124,-16.7402,2.3702,0.6166,-11.9535,0,Serve prepare 0.00,0,9,LowPickup,94.0317,53.9444,2.6467,0.7527,-12.3921,0,1,1,Forehand prepare 1.00,0,9,0.9043,44.6969,0,0,Great,,2.35,-12.35,-1.95,11.2,0,0,0,0,0,0
1930,PlayerServeHold,None,1,-0.005,52,0.3061,2.6118,-16.7402,2.3702,0.6436,-11.9535,0,Serve prepare 0.00,0,9,LowPickup,94.0728,53.999,2.6464,0.7526,-12.3926,0,1,1,Forehand prepare 1.00,0,9,0.9043,44.6969,0,0,Great,,2.35,-12.35,-1.95,11.2,0,0,0,0,0,0
1931,PlayerServeHold,None,1,-0.005,52,0.3045,2.6111,-16.7402,2.3702,0.6561,-11.9535,0,Serve prepare 0.00,0,9,LowPickup,94.1162,54.0573,2.6462,0.7524,-12.3932,0,1,1,Forehand prepare 1.00,0,9,0.9043,44.6969,0,0,Great,,2.35,-12.35,-1.95,11.2,0,0,0,0,0,0
1932,PlayerServeHold,None,1,-0.005,52,0.3029,2.6105,-16.7402,2.3702,0.679,-11.9535,0,Serve prepare 0.00,0,9,LowPickup,94.1614,54.1187,2.6459,0.7523,-12.3937,0,1,1,Forehand prepare 1.00,0,9,0.9043,44.6969,0,0,Great,,2.35,-12.35,-1.95,11.2,0,0,0,0,0,0
1933,PlayerServeHold,None,1,-0.005,52,0.3013,2.6098,-16.7401,2.3702,0.6895,-11.9535,0,Serve prepare 0.00,0,9,LowPickup,94.2092,54.1825,2.6456,0.7522,-12.3944,0,1,1,Forehand prepare 1.00,0,9,0.9043,44.6969,0,0,Great,,2.35,-12.35,-1.95,11.2,0,0,0,0,0,0
1934,PlayerServeHold,None,1,-0.005,52,0.2996,2.609,-16.7402,2.3702,0.7083,-11.9535,0,Serve prepare 0.00,0,9,LowPickup,94.2591,54.2482,2.6454,0.752,-12.395,0,1,1,Forehand prepare 1.00,0,9,0.9043,44.6969,0,0,Great,,2.35,-12.35,-1.95,11.2,0,0,0,0,0,0
1935,PlayerServeHold,None,1,-0.005,52,0.298,2.6083,-16.7402,2.3702,0.7167,-11.9535,0,Serve prepare 0.00,0,9,LowPickup,94.3127,54.3151,2.6451,0.7519,-12.3957,0,1,1,Forehand prepare 1.00,0,9,0.9043,44.6969,0,0,Great,,2.35,-12.35,-1.95,11.2,0,0,0,0,0,0
1936,PlayerServeHold,None,1,-0.005,52,0.2963,2.6075,-16.7402,2.3702,0.7315,-11.9535,0,Serve prepare 0.00,0,9,LowPickup,94.3691,54.3831,2.6448,0.7518,-12.3964,0,1,1,Forehand prepare 1.00,0,9,0.9043,44.6969,0,0,Great,,2.35,-12.35,-1.95,11.2,0,0,0,0,0,0
1937,PlayerServeHold,None,1,-0.005,52,0.2947,2.6067,-16.7402,2.3702,0.7378,-11.9535,0,Serve prepare 0.00,0,9,LowPickup,94.4274,54.4521,2.6445,0.7516,-12.3971,0,1,1,Forehand prepare 1.00,0,9,0.9043,44.6969,0,0,Great,,2.35,-12.35,-1.95,11.2,0,0,0,0,0,0
1938,PlayerServeHold,None,1,-0.005,52,0.293,2.6059,-16.7402,2.3702,0.7485,-11.9535,0,Serve prepare 0.00,0,9,LowPickup,94.4874,54.5222,2.6442,0.7515,-12.3979,0,1,1,Forehand prepare 1.00,0,9,0.9043,44.6969,0,0,Great,,2.35,-12.35,-1.95,11.2,0,0,0,0,0,0
1939,PlayerServeHold,None,1,-0.005,52,0.2913,2.6051,-16.7402,2.3702,0.7528,-11.9535,0,Serve prepare 0.00,0,9,LowPickup,94.5491,54.5955,2.6439,0.7514,-12.3986,0,1,1,Forehand prepare 1.00,0,9,0.9043,44.6969,0,0,Great,,2.35,-12.35,-1.95,11.2,0,0,0,0,0,0
1940,PlayerServeHold,None,1,-0.005,52,0.2896,2.6042,-16.7403,2.3702,0.7594,-11.9535,0,Serve prepare 0.00,0,9,LowPickup,94.6124,54.6718,2.6435,0.7512,-12.3994,0,1,1,Forehand prepare 1.00,0,9,0.9043,44.6969,0,0,Great,,2.35,-12.35,-1.95,11.2,0,0,0,0,0,0
1941,PlayerServeHold,None,1,-0.005,52,0.2878,2.6034,-16.7403,2.3702,0.7616,-11.9535,0,Serve prepare 0.00,0,9,LowPickup,94.6773,54.7514,2.6431,0.7511,-12.4003,0,1,1,Forehand prepare 1.00,0,9,0.9043,44.6969,0,0,Great,,2.35,-12.35,-1.95,11.2,0,0,0,0,0,0
1942,PlayerServeHold,None,1,-0.005,52,0.2861,2.6025,-16.7403,2.3702,0.7641,-11.9535,0,Serve prepare 0.00,0,9,LowPickup,94.7453,54.8339,2.6428,0.751,-12.4011,0,1,1,Forehand prepare 1.00,0,9,0.9043,44.6969,0,0,Great,,2.35,-12.35,-1.95,11.2,0,0,0,0,0,0
1943,PlayerServeHold,None,1,-0.005,52,0.2844,2.6015,-16.7404,2.3702,0.7644,-11.9535,0,Serve prepare 0.00,0,9,LowPickup,94.8156,54.9194,2.6423,0.7508,-12.402,0,1,1,Forehand prepare 1.00,0,9,0.9043,44.6969,0,0,Great,,2.35,-12.35,-1.95,11.2,0,0,0,0,0,0
1944,PlayerServeHold,None,1,-0.005,52,0.2827,2.6006,-16.7404,2.3702,0.7675,-11.9535,0,Serve prepare 0.00,0,9,LowPickup,94.8891,55.0069,2.6419,0.7507,-12.403,0,1,1,Forehand prepare 1.00,0,9,0.9043,44.6969,0,0,Great,,2.35,-12.35,-1.95,11.2,0,0,0,0,0,0
1945,PlayerServeHold,None,1,-0.005,52,0.2809,2.5996,-16.7404,2.3702,0.7708,-11.9535,0,Serve prepare 0.00,0,9,LowPickup,94.9638,55.0966,2.6415,0.7506,-12.4039,0,1,1,Forehand prepare 1.00,0,9,0.9043,44.6969,0,0,Great,,2.35,-12.35,-1.95,11.2,0,0,0,0,0,0
1946,PlayerServeHold,None,1,-0.005,52,0.2792,2.5986,-16.7405,2.3702,0.7804,-11.9535,0,Serve prepare 0.00,0,9,LowPickup,95.0399,55.1886,2.641,0.7504,-12.4049,0,1,1,Forehand prepare 1.00,0,9,0.9043,44.6969,0,0,Great,,2.35,-12.35,-1.95,11.2,0,0,0,0,0,0
1947,PlayerServeHold,None,1,-0.005,52,0.2774,2.5976,-16.7405,2.3702,0.7863,-11.9535,0,Serve prepare 0.00,0,9,LowPickup,95.1173,55.284,2.6405,0.7503,-12.4059,0,1,1,Forehand prepare 1.00,0,9,0.9043,44.6969,0,0,Great,,2.35,-12.35,-1.95,11.2,0,0,0,0,0,0
1948,PlayerServeHold,None,1,-0.005,52,0.2757,2.5966,-16.7406,2.3702,0.7999,-11.9535,0,Serve prepare 0.00,0,9,LowPickup,95.1959,55.3822,2.6147,0.7502,-12.3993,0,1,1,Forehand prepare 1.00,0,9,0.9043,44.6969,0,0,Great,,2.35,-12.35,-1.95,11.2,0,0,0,0,0,0
1949,PlayerServeHold,None,1,-0.005,52,0.2739,2.5956,-16.7406,2.3702,0.8073,-11.9535,0,Serve prepare 0.00,0,9,LowPickup,95.276,55.4831,2.6141,0.75,-12.4003,0,1,1,Forehand prepare 1.00,0,9,0.9043,44.6969,0,0,Great,,2.35,-12.35,-1.95,11.2,0,0,0,0,0,0
1950,PlayerServeHold,None,1,-0.005,52,0.2722,2.5945,-16.7407,2.3702,0.8226,-11.9535,0,Serve prepare 0.00,0,9,LowPickup,95.3577,55.5862,2.6136,0.7499,-12.4014,0,1,1,Forehand prepare 1.00,0,9,0.9043,44.6969,0,0,Great,,2.35,-12.35,-1.95,11.2,0,0,0,0,0,0
1951,PlayerServeHold,None,1,-0.005,52,0.2704,2.5934,-16.7408,2.3702,0.8302,-11.9535,0,Serve prepare 0.00,0,9,LowPickup,95.4423,55.691,2.6131,0.7497,-12.4026,0,1,1,Forehand prepare 1.00,0,9,0.9043,44.6969,0,0,Great,,2.35,-12.35,-1.95,11.2,0,0,0,0,0,0
1952,PlayerServeHold,None,1,-0.005,52,0.2687,2.5923,-16.7408,2.3702,0.8448,-11.9535,0,Serve prepare 0.00,0,9,LowPickup,95.5283,55.7978,2.6126,0.7495,-12.4037,0,1,1,Forehand prepare 1.00,0,9,0.9043,44.6969,0,0,Great,,2.35,-12.35,-1.95,11.2,0,0,0,0,0,0
1953,PlayerServeHold,None,1,-0.005,52,0.267,2.5912,-16.7409,2.3702,0.8515,-11.9535,0,Serve prepare 0.00,0,9,LowPickup,95.6157,55.9072,2.6121,0.7493,-12.4048,0,1,1,Forehand prepare 1.00,0,9,0.9043,44.6969,0,0,Great,,2.35,-12.35,-1.95,11.2,0,0,0,0,0,0
1954,PlayerServeHold,None,1,-0.005,52,0.2652,2.5901,-16.741,2.3702,0.863,-11.9535,0,Serve prepare 0.00,0,9,LowPickup,95.7045,56.0197,2.637,0.7491,-12.4138,0,1,1,Forehand prepare 1.00,0,9,0.9043,44.6969,0,0,Great,,2.35,-12.35,-1.95,11.2,0,0,0,0,0,0
1955,PlayerServeHold,None,1,-0.005,52,0.2635,2.5889,-16.7411,2.3702,0.8675,-11.9535,0,Serve prepare 0.00,0,9,LowPickup,95.7946,56.1353,2.6366,0.7488,-12.415,0,1,1,Forehand prepare 1.00,0,9,0.9043,44.6969,0,0,Great,,2.35,-12.35,-1.95,11.2,0,0,0,0,0,0
1956,PlayerServeHold,None,1,-0.005,52,0.2617,2.5878,-16.7411,2.3702,0.8736,-11.9535,0,Serve prepare 0.00,0,9,LowPickup,95.8845,56.2527,2.6362,0.7485,-12.4162,0,1,1,Forehand prepare 1.00,0,9,0.9043,44.6969,0,0,Great,,2.35,-12.35,-1.95,11.2,0,0,0,0,0,0
1957,PlayerServeHold,None,1,-0.005,52,0.26,2.5866,-16.7412,2.3702,0.8749,-11.9535,0,Serve prepare 0.00,0,9,LowPickup,95.976,56.3717,2.6359,0.7482,-12.4175,0,1,1,Forehand prepare 1.00,0,9,0.9043,44.6969,0,0,Great,,2.35,-12.35,-1.95,11.2,0,0,0,0,0,0
1958,PlayerServeHold,None,1,-0.005,52,0.2583,2.5854,-16.7413,2.3702,0.8575,-11.9535,0,Serve prepare 0.00,0,9,LowPickup,96.0686,56.4923,2.6356,0.7479,-12.4188,0,1,1,Forehand prepare 1.00,0,9,0.9043,44.6969,0,0,Great,,2.35,-12.35,-1.95,11.2,0,0,0,0,0,0
1959,PlayerServeHold,None,1,-0.005,52,0.2566,2.5842,-16.7414,2.3702,0.8464,-11.9535,0,Serve prepare 0.00,0,9,LowPickup,96.162,56.6148,2.6354,0.7475,-12.4201,0,1,1,Forehand prepare 1.00,0,9,0.9043,44.6969,0,0,Great,,2.35,-12.35,-1.95,11.2,0,0,0,0,0,0
1960,PlayerServeHold,None,1,-0.005,52,0.2548,2.5829,-16.7415,2.3702,0.8242,-11.9535,0,Serve prepare 0.00,0,9,LowPickup,96.2561,56.7404,2.6351,0.7471,-12.4214,0,1,1,Forehand prepare 1.00,0,9,0.9043,44.6969,0,0,Great,,2.35,-12.35,-1.95,11.2,0,0,0,0,0,0
1961,PlayerServeHold,None,1,-0.005,52,0.2531,2.5817,-16.7416,2.3702,0.8131,-11.9535,0,Serve prepare 0.00,0,9,LowPickup,96.351,56.8686,2.6349,0.7467,-12.4226,0,1,1,Forehand prepare 1.00,0,9,0.9043,44.6969,0,0,Great,,2.35,-12.35,-1.95,11.2,0,0,0,0,0,0
1962,PlayerServeHold,None,1,-0.005,52,0.2514,2.5805,-16.7417,2.3702,0.784,-11.9535,0,Serve prepare 0.00,0,9,LowPickup,96.4446,56.9988,2.6346,0.7463,-12.424,0,1,1,Forehand prepare 1.00,0,9,0.9043,44.6969,0,0,Great,,2.35,-12.35,-1.95,11.2,0,0,0,0,0,0
1963,PlayerServeHold,None,1,-0.005,52,0.2497,2.5792,-16.7418,2.3702,0.7542,-11.9535,0,Serve prepare 0.00,0,9,LowPickup,96.5386,57.1312,2.6344,0.7459,-12.4253,0,1,1,Forehand prepare 1.00,0,9,0.9043,44.6969,0,0,Great,,2.35,-12.35,-1.95,11.2,0,0,0,0,0,0
1964,PlayerServeHold,None,1,-0.005,52,0.248,2.5779,-16.7419,2.3702,0.6927,-11.9535,0,Serve prepare 0.00,0,9,LowPickup,96.6333,57.2655,2.6341,0.7455,-12.4267,0,1,1,Forehand prepare 1.00,0,9,0.9043,44.6969,0,0,Great,,2.35,-12.35,-1.95,11.2,0,0,0,0,0,0
1965,PlayerServeHold,None,1,-0.005,52,0.2464,2.5766,-16.742,2.3702,0.6609,-11.9535,0,Serve prepare 0.00,0,9,LowPickup,96.7289,57.4022,2.6338,0.7452,-12.428,0,1,1,Forehand prepare 1.00,0,9,0.9043,44.6969,0,0,Great,,2.35,-12.35,-1.95,11.2,0,0,0,0,0,0
1966,PlayerServeHold,None,1,-0.005,52,0.2447,2.5753,-16.7421,2.3702,0.5952,-11.9535,0,Serve prepare 0.00,0,9,LowPickup,96.8251,57.5426,2.6334,0.7448,-12.4294,0,1,1,Forehand prepare 1.00,0,9,0.9043,44.6969,0,0,Great,,2.35,-12.35,-1.95,11.2,0,0,0,0,0,0
1967,PlayerServeHold,None,1,-0.005,52,0.243,2.574,-16.7422,2.3702,0.5614,-11.9535,0,Serve prepare 0.00,0,9,LowPickup,96.9222,57.6858,2.633,0.7445,-12.4307,0,1,1,Forehand prepare 1.00,0,9,0.9043,44.6969,0,0,Great,,2.35,-12.35,-1.95,11.2,0,0,0,0,0,0
1968,PlayerServeHold,None,1,-0.005,52,0.2414,2.5727,-16.7423,2.3702,0.4916,-11.9535,0,Serve prepare 0.00,0,9,LowPickup,97.0156,57.8315,2.6325,0.7442,-12.4321,0,1,1,Forehand prepare 1.00,0,9,0.9043,44.6969,0,0,Great,,2.35,-12.35,-1.95,11.2,0,0,0,0,0,0
1969,PlayerServeHold,None,1,-0.005,52,0.2397,2.5714,-16.7424,2.3702,0.4557,-11.9535,0,Serve prepare 0.00,0,9,LowPickup,97.1098,57.9791,2.6429,0.7559,-12.4206,0,1,1,Forehand prepare 1.00,0,9,0.9043,44.6969,0,0,Great,,2.35,-12.35,-1.95,11.2,0,0,0,0,0,0
1970,PlayerServeHold,None,1,-0.005,52,0.2381,2.57,-16.7425,2.3702,0.3819,-11.9535,0,Serve prepare 0.00,0,9,LowPickup,97.2045,58.1283,2.6423,0.7556,-12.422,0,1,1,Forehand prepare 1.00,0,9,0.9043,44.6969,0,0,Great,,2.35,-12.35,-1.95,11.2,0,0,0,0,0,0
1971,PlayerServeHold,None,1,-0.005,52,0.2365,2.5687,-16.7426,2.3702,0.3439,-11.9535,0,Serve prepare 0.00,0,9,LowPickup,97.2995,58.2793,2.6417,0.7554,-12.4233,0,1,1,Forehand prepare 1.00,0,9,0.9043,44.6969,0,0,Great,,2.35,-12.35,-1.95,11.2,0,0,0,0,0,0
1972,PlayerServeHold,None,1,-0.005,52,0.2349,2.5673,-16.7427,2.3702,0.266,-11.9535,0,Serve prepare 0.00,0,9,LowPickup,97.3946,58.4319,2.6411,0.7551,-12.4247,0,1,1,Forehand prepare 1.00,0,9,0.9043,44.6969,0,0,Great,,2.35,-12.35,-1.95,11.2,0,0,0,0,0,0
1973,PlayerServeHold,None,1,-0.005,52,0.2333,2.5659,-16.7429,2.3702,0.226,-11.9535,0,Serve prepare 0.00,0,9,LowPickup,97.4897,58.5857,2.6404,0.7549,-12.4261,0,1,1,Forehand prepare 1.00,0,9,0.9043,44.6969,0,0,Great,,2.35,-12.35,-1.95,11.2,0,0,0,0,0,0
1974,PlayerServeHold,None,1,-0.005,52,0.2317,2.5646,-16.743,2.3702,0.144,-11.9535,0,Serve prepare 0.00,0,9,LowPickup,97.582,58.7395,2.6397,0.7547,-12.4274,0,1,1,Forehand prepare 1.00,0,9,0.9043,44.6969,0,0,Great,,2.35,-12.35,-1.95,11.2,0,0,0,0,0,0
1975,PlayerServeHold,None,1,-0.005,52,0.2302,2.5632,-16.7431,2.3702,0.1577,-11.9535,0,Serve prepare 0.00,0,9,LowPickup,97.6738,58.8931,2.639,0.7544,-12.4288,0,1,1,Forehand prepare 1.00,0,9,0.9043,44.6969,0,0,Great,,2.35,-12.35,-1.95,11.2,0,0,0,0,0,0
1976,PlayerServeHold,None,1,-0.005,52,0.2286,2.5618,-16.7432,2.3702,0.2139,-11.9535,0,Serve prepare 0.00,0,9,LowPickup,97.7653,59.0463,2.6384,0.7541,-12.4302,0,1,1,Forehand prepare 1.00,0,9,0.9043,44.6969,0,0,Great,,2.35,-12.35,-1.95,11.2,0,0,0,0,0,0
1977,PlayerServeHold,None,1,-0.005,52,0.2271,2.5604,-16.7433,2.3702,0.2409,-11.9535,0,Serve prepare 0.00,0,9,LowPickup,97.8563,59.1986,2.6377,0.7539,-12.4315,0,1,1,Forehand prepare 1.00,0,9,0.9043,44.6969,0,0,Great,,2.35,-12.35,-1.95,11.2,0,0,0,0,0,0
1978,PlayerServeHold,None,1,-0.005,52,0.2256,2.559,-16.7435,2.3702,0.293,-11.9535,0,Serve prepare 0.00,0,9,LowPickup,97.9467,59.3498,2.6371,0.7536,-12.4329,0,1,1,Forehand prepare 1.00,0,9,0.9043,44.6969,0,0,Great,,2.35,-12.35,-1.95,11.2,0,0,0,0,0,0
1979,PlayerServeHold,None,1,-0.005,52,0.2241,2.5576,-16.7436,2.3702,0.318,-11.9535,0,Serve prepare 0.00,0,9,LowPickup,98.0364,59.5001,2.6365,0.7533,-12.4342,0,1,1,Forehand prepare 1.00,0,9,0.9043,44.6969,0,0,Great,,2.35,-12.35,-1.95,11.2,0,0,0,0,0,0
1980,PlayerServeHold,None,1,-0.005,52,0.2226,2.5562,-16.7437,2.3702,0.3659,-11.9535,0,Serve prepare 0.00,0,9,LowPickup,98.1235,59.6479,2.636,0.753,-12.4356,0,1,1,Forehand prepare 1.00,0,9,0.9043,44.6969,0,0,Great,,2.35,-12.35,-1.95,11.2,0,0,0,0,0,0
1981,PlayerServeHold,None,1,-0.005,52,0.2211,2.5548,-16.7438,2.3702,0.3889,-11.9535,0,Serve prepare 0.00,0,9,LowPickup,98.2118,59.7935,2.6355,0.7526,-12.437,0,1,1,Forehand prepare 1.00,0,9,0.9043,44.6969,0,0,Great,,2.35,-12.35,-1.95,11.2,0,0,0,0,0,0
1982,PlayerServeHold,None,1,-0.005,52,0.2197,2.5534,-16.744,2.3702,0.4328,-11.9535,0,Serve prepare 0.00,0,9,LowPickup,98.3001,59.9367,2.635,0.7523,-12.4384,0,1,1,Forehand prepare 1.00,0,9,0.9043,44.6969,0,0,Great,,2.35,-12.35,-1.95,11.2,0,0,0,0,0,0
1983,PlayerServeHold,None,1,-0.005,52,0.2183,2.552,-16.7441,2.3702,0.4537,-11.9535,0,Serve prepare 0.00,0,9,LowPickup,98.3876,60.0776,2.6345,0.7519,-12.4398,0,1,1,Forehand prepare 1.00,0,9,0.9043,44.6969,0,0,Great,,2.35,-12.35,-1.95,11.2,0,0,0,0,0,0
1984,PlayerServeHold,None,1,-0.005,52,0.2168,2.5506,-16.7442,2.3702,0.4935,-11.9535,0,Serve prepare 0.00,0,9,LowPickup,98.4741,60.2172,2.6341,0.7516,-12.4411,0,1,1,Forehand prepare 1.00,0,9,0.9043,44.6969,0,0,Great,,2.35,-12.35,-1.95,11.2,0,0,0,0,0,0
1985,PlayerServeHold,None,1,-0.005,52,0.2154,2.5491,-16.7444,2.3702,0.5123,-11.9535,0,Serve prepare 0.00,0,9,LowPickup,98.5596,60.3552,2.6336,0.7513,-12.4424,0,1,1,Forehand prepare 1.00,0,9,0.9043,44.6969,0,0,Great,,2.35,-12.35,-1.95,11.2,0,0,0,0,0,0
1986,PlayerServeHold,None,1,-0.005,52,0.2141,2.5477,-16.7445,2.3702,0.548,-11.9535,0,Serve prepare 0.00,0,9,LowPickup,98.6433,60.4915,2.6332,0.7509,-12.4437,0,1,1,Forehand prepare 1.00,0,9,0.9043,44.6969,0,0,Great,,2.35,-12.35,-1.95,11.2,0,0,0,0,0,0
1987,PlayerServeHold,None,1,-0.005,52,0.2127,2.5463,-16.7446,2.3702,0.5649,-11.9535,0,Serve prepare 0.00,0,9,LowPickup,98.7259,60.6258,2.6327,0.7506,-12.445,0,1,1,Forehand prepare 1.00,0,9,0.9043,44.6969,0,0,Great,,2.35,-12.35,-1.95,11.2,0,0,0,0,0,0
1988,PlayerServeHold,None,1,-0.005,52,0.2114,2.5449,-16.7448,2.3702,0.5965,-11.9535,0,Serve prepare 0.00,0,9,LowPickup,98.8128,60.7565,2.6323,0.7502,-12.4463,0,1,1,Forehand prepare 1.00,0,9,0.9043,44.6969,0,0,Great,,2.35,-12.35,-1.95,11.2,0,0,0,0,0,0
1989,PlayerServeHold,None,1,-0.005,52,0.21,2.5435,-16.7449,2.3702,0.6112,-11.9535,0,Serve prepare 0.00,0,9,LowPickup,98.8983,60.884,2.6319,0.7499,-12.4475,0,1,1,Forehand prepare 1.00,0,9,0.9043,44.6969,0,0,Great,,2.35,-12.35,-1.95,11.2,0,0,0,0,0,0
1990,PlayerServeHold,None,1,-0.005,52,0.2087,2.542,-16.7451,2.3702,0.6388,-11.9535,0,Serve prepare 0.00,0,9,LowPickup,98.9819,61.0086,2.6314,0.7496,-12.4487,0,1,1,Forehand prepare 1.00,0,9,0.9043,44.6969,0,0,Great,,2.35,-12.35,-1.95,11.2,0,0,0,0,0,0
1991,PlayerServeHold,None,1,-0.005,52,0.2074,2.5406,-16.7452,2.3702,0.6515,-11.9535,0,Serve prepare 0.00,0,9,LowPickup,99.0638,61.1314,2.6309,0.7493,-12.4498,0,1,1,Forehand prepare 1.00,0,9,0.9043,44.6969,0,0,Great,,2.35,-12.35,-1.95,11.2,0,0,0,0,0,0
1992,PlayerServeHold,None,1,-0.005,52,0.2062,2.5392,-16.7453,2.3702,0.6749,-11.9535,0,Serve prepare 0.00,0,9,LowPickup,99.1438,61.2519,2.6304,0.749,-12.4509,0,1,1,Forehand prepare 1.00,0,9,0.9043,44.6969,0,0,Great,,2.35,-12.35,-1.95,11.2,0,0,0,0,0,0
1993,PlayerServeHold,None,1,-0.005,52,0.2049,2.5378,-16.7455,2.3702,0.6856,-11.9535,0,Serve prepare 0.00,0,9,LowPickup,99.2218,61.3701,2.63,0.7488,-12.4519,0,1,1,Forehand prepare 1.00,0,9,0.9043,44.6969,0,0,Great,,2.35,-12.35,-1.95,11.2,0,0,0,0,0,0
1994,PlayerServeHold,None,1,-0.005,52,0.2037,2.5364,-16.7456,2.3702,0.705,-11.9535,0,Serve prepare 0.00,0,9,LowPickup,99.2978,61.4863,2.6294,0.7485,-12.4529,0,1,1,Forehand prepare 1.00,0,9,0.9043,44.6969,0,0,Great,,2.35,-12.35,-1.95,11.2,0,0,0,0,0,0
1995,PlayerServeHold,None,1,-0.005,52,0.2025,2.535,-16.7458,2.3702,0.7136,-11.9535,0,Serve prepare 0.00,0,9,LowPickup,99.3722,61.6,2.6287,0.7482,-12.4539,0,1,1,Forehand prepare 1.00,0,9,0.9043,44.6969,0,0,Great,,2.35,-12.35,-1.95,11.2,0,0,0,0,0,0
1996,PlayerServeHold,None,1,-0.005,52,0.2013,2.5336,-16.7459,2.3702,0.7289,-11.9535,0,Serve prepare 0.00,0,9,LowPickup,99.4448,61.7111,2.628,0.7478,-12.4549,0,1,1,Forehand prepare 1.00,0,9,0.9043,44.6969,0,0,Great,,2.35,-12.35,-1.95,11.2,0,0,0,0,0,0
1997,PlayerServeHold,None,1,-0.005,52,0.2002,2.5321,-16.7461,2.3702,0.7355,-11.9535,0,Serve prepare 0.00,0,9,LowPickup,99.5152,61.8193,2.6273,0.7474,-12.4559,0,1,1,Forehand prepare 1.00,0,9,0.9043,44.6969,0,0,Great,,2.35,-12.35,-1.95,11.2,0,0,0,0,0,0
1998,PlayerServeHold,None,1,-0.005,52,0.1991,2.5308,-16.7462,2.3702,0.7467,-11.9535,0,Serve prepare 0.00,0,9,LowPickup,99.5834,61.9247,2.6266,0.747,-12.4569,0,1,1,Forehand prepare 1.00,0,9,0.9043,44.6969,0,0,Great,,2.35,-12.35,-1.95,11.2,0,0,0,0,0,0
1999,PlayerServeHold,None,1,-0.005,52,0.1979,2.5294,-16.7464,2.3702,0.7512,-11.9535,0,Serve prepare 0.00,0,9,LowPickup,99.6495,62.0279,2.626,0.7467,-12.4579,0,1,1,Forehand prepare 1.00,0,9,0.9043,44.6969,0,0,Great,,2.35,-12.35,-1.95,11.2,0,0,0,0,0,0
2000,PlayerServeHold,None,1,-0.005,52,0.1969,2.528,-16.7465,2.3702,0.7583,-11.9535,0,Serve prepare 0.00,0,9,LowPickup,99.7131,62.1283,2.6254,0.7463,-12.4588,0.0008,1,1,Forehand prepare 1.00,0,9,0.9043,44.6969,0,0,Great,,2.35,-12.35,-1.95,11.2,0,0,0,0,0,0
2001,PlayerServeHold,None,1,-0.005,52,0.1958,2.5266,-16.7467,2.3702,0.7608,-11.9535,0,Serve prepare 0.00,0,9,LowPickup,99.7744,62.226,2.6249,0.746,-12.4598,0.0007,1,1,Forehand prepare 1.00,0,9,0.9043,44.6969,0,0,Great,,2.35,-12.35,-1.95,11.2,0,0,0,0,0,0
2002,PlayerServeHold,None,1,-0.005,52,0.1947,2.5252,-16.7468,2.3702,0.7638,-11.9535,0,Serve prepare 0.00,0,9,LowPickup,99.8332,62.3206,2.6245,0.7456,-12.4607,0.0008,1,1,Forehand prepare 1.00,0,9,0.9043,44.6969,0,0,Great,,2.35,-12.35,-1.95,11.2,0,0,0,0,0,0
2003,PlayerServeHold,None,1,-0.005,52,0.1937,2.5238,-16.7469,2.3702,0.7643,-11.9535,0,Serve prepare 0.00,0,9,LowPickup,99.8893,62.4115,2.6241,0.7453,-12.4617,0.0008,1,1,Forehand prepare 1.00,0,9,0.9043,44.6969,0,0,Great,,2.35,-12.35,-1.95,11.2,0,0,0,0,0,0
2004,PlayerServeHold,None,1,-0.005,52,0.1927,2.5225,-16.7471,2.3702,0.7665,-11.9535,0,Serve prepare 0.00,0,9,LowPickup,99.9429,62.4988,2.6238,0.745,-12.4626,0.0007,1,1,Forehand prepare 1.00,0,9,0.9043,44.6969,0,0,Great,,2.35,-12.35,-1.95,11.2,0,0,0,0,0,0
2005,PlayerServeHold,None,1,-0.005,52,0.1917,2.5211,-16.7472,2.3702,0.7694,-11.9535,0,Serve prepare 0.00,0,9,LowPickup,99.991,62.5828,2.6236,0.7448,-12.4634,0.0005,1,1,Forehand prepare 1.00,0,9,0.9043,44.6969,0,0,Great,,2.35,-12.35,-1.95,11.2,0,0,0,0,0,0
2006,PlayerServeHold,None,1,-0.005,52,0.1908,2.5197,-16.7474,2.3702,0.7783,-11.9535,0,Serve prepare 0.00,0,9,LowPickup,100.0365,62.663,2.6235,0.7445,-12.4642,0.0005,1,1,Forehand prepare 1.00,0,9,0.9043,44.6969,0,0,Great,,2.35,-12.35,-1.95,11.2,0,0,0,0,0,0
2007,PlayerServeHold,None,1,-0.005,52,0.1899,2.5184,-16.7475,2.3702,0.784,-11.9535,0,Serve prepare 0.00,0,9,LowPickup,100.0795,62.7393,2.6234,0.7444,-12.465,0.0005,1,1,Forehand prepare 1.00,0,9,0.9043,44.6969,0,0,Great,,2.35,-12.35,-1.95,11.2,0,0,0,0,0,0
2008,PlayerServeHold,None,1,-0.005,52,0.189,2.5171,-16.7477,2.3702,0.7972,-11.9535,0,Serve prepare 0.00,0,9,LowPickup,100.1201,62.8117,2.6233,0.7442,-12.4657,0.0005,1,1,Forehand prepare 1.00,0,9,0.9043,44.6969,0,0,Great,,2.35,-12.35,-1.95,11.2,0,0,0,0,0,0
2009,PlayerServeHold,None,1,-0.005,52,0.1881,2.5157,-16.7478,2.3702,0.8045,-11.9535,0,Serve prepare 0.00,0,9,LowPickup,100.1581,62.88,2.6233,0.7441,-12.4663,0.0005,1,1,Forehand prepare 1.00,0,9,0.9043,44.6969,0,0,Great,,2.35,-12.35,-1.95,11.2,0,0,0,0,0,0
2010,PlayerServeHold,None,1,-0.005,52,0.1872,2.5144,-16.748,2.3702,0.8197,-11.9535,0,Serve prepare 0.00,0,9,LowPickup,100.1935,62.9443,2.6233,0.744,-12.4668,0.0004,1,1,Forehand prepare 1.00,0,9,0.9043,44.6969,0,0,Great,,2.35,-12.35,-1.95,11.2,0,0,0,0,0,0
2011,PlayerServeHold,None,1,-0.005,52,0.1864,2.5131,-16.7481,2.3702,0.8273,-11.9535,0,Serve prepare 0.00,0,9,LowPickup,100.2263,63.0047,2.6234,0.744,-12.4673,0.0004,1,1,Forehand prepare 1.00,0,9,0.9043,44.6969,0,0,Great,,2.35,-12.35,-1.95,11.2,0,0,0,0,0,0
2012,PlayerServeHold,None,1,-0.005,52,0.1856,2.5118,-16.7483,2.3702,0.8421,-11.9535,0,Serve prepare 0.00,0,9,LowPickup,100.2565,63.0609,2.6234,0.744,-12.4678,0.0003,1,1,Forehand prepare 1.00,0,9,0.9043,44.6969,0,0,Great,,2.35,-12.35,-1.95,11.2,0,0,0,0,0,0
2013,PlayerServeHold,None,1,-0.005,52,0.1848,2.5105,-16.7485,2.3702,0.849,-11.9535,0,Serve prepare 0.00,0,9,LowPickup,100.284,63.113,2.6235,0.744,-12.4681,0.0003,1,1,Forehand prepare 1.00,0,9,0.9043,44.6969,0,0,Great,,2.35,-12.35,-1.95,11.2,0,0,0,0,0,0
2014,PlayerServeHold,None,1,-0.005,52,0.184,2.5092,-16.7486,2.3702,0.861,-11.9535,0,Serve prepare 0.00,0,9,LowPickup,100.3088,63.1607,2.6236,0.744,-12.4685,0.0002,1,1,Forehand prepare 1.00,0,9,0.9043,44.6969,0,0,Great,,2.35,-12.35,-1.95,11.2,0,0,0,0,0,0
2015,PlayerServeHold,None,1,-0.005,52,0.1833,2.5079,-16.7488,2.3702,0.8659,-11.9535,0,Serve prepare 0.00,0,9,LowPickup,100.3309,63.2008,2.6236,0.744,-12.4687,0.0002,1,1,Forehand prepare 1.00,0,9,0.9043,44.6969,0,0,Great,,2.35,-12.35,-1.95,11.2,0,0,0,0,0,0
2016,PlayerServeHold,None,1,-0.005,52,0.1826,2.5066,-16.7489,2.3702,0.8728,-11.9535,0,Serve prepare 0.00,0,9,LowPickup,100.3503,63.2346,2.6237,0.7441,-12.469,0.0002,1,1,Forehand prepare 1.00,0,9,0.9043,44.6969,0,0,Great,,2.35,-12.35,-1.95,11.2,0,0,0,0,0,0
2017,PlayerServeHold,None,1,-0.005,52,0.1819,2.5054,-16.7491,2.3702,0.8746,-11.9535,0,Serve prepare 0.00,0,9,LowPickup,100.367,63.2626,2.6238,0.7441,-12.4691,0.0002,1,1,Forehand prepare 1.00,0,9,0.9043,44.6969,0,0,Great,,2.35,-12.35,-1.95,11.2,0,0,0,0,0,0
2018,PlayerServeHold,None,1,-0.005,52,0.1812,2.5041,-16.7492,2.3702,0.875,-11.9535,0,Serve prepare 0.00,0,9,LowPickup,100.3809,63.2884,2.6238,0.7441,-12.4693,0.0001,1,1,Forehand prepare 1.00,0,9,0.9043,44.6969,0,0,Great,,2.35,-12.35,-1.95,11.2,0,0,0,0,0,0
2019,PlayerServeHold,None,1,-0.005,52,0.1806,2.5029,-16.7494,2.3702,0.875,-11.9535,0,Serve prepare 0.00,0,9,LowPickup,100.392,63.3086,2.6239,0.7442,-12.4694,0.0001,1,1,Forehand prepare 1.00,0,9,0.9043,44.6969,0,0,Great,,2.35,-12.35,-1.95,11.2,0,0,0,0,0,0
2020,PlayerServeHold,None,1,-0.005,52,0.1799,2.5016,-16.7495,2.3702,0.875,-11.9535,0,Serve prepare 0.00,0,9,LowPickup,100.4003,63.3238,2.6239,0.7442,-12.4695,0.0001,1,1,Forehand prepare 1.00,0,9,0.9043,44.6969,0,0,Great,,2.35,-12.35,-1.95,11.2,0,0,0,0,0,0
2021,PlayerServeHold,None,1,-0.005,52,0.1793,2.5004,-16.7497,2.3702,0.875,-11.9535,0,Serve prepare 0.00,0,9,LowPickup,100.4058,63.3342,2.624,0.7442,-12.4696,0.0001,1,1,Forehand prepare 1.00,0,9,0.9043,44.6969,0,0,Great,,2.35,-12.35,-1.95,11.2,0,0,0,0,0,0
2022,PlayerServeHold,None,1,-0.005,52,0.1788,2.4992,-16.7498,2.3702,0.875,-11.9535,0,Serve prepare 0.00,0,9,LowPickup,100.4086,63.3401,2.624,0.7442,-12.4696,0.0001,1,1,Forehand prepare 1.00,0,9,0.9043,44.6969,0,0,Great,,2.35,-12.35,-1.95,11.2,0,0,0,0,0,0
2023,PlayerServeHold,None,1,-0.005,52,0.1782,2.498,-16.75,2.3702,0.875,-11.9535,0,Serve prepare 0.00,0,9,LowPickup,100.4086,63.3418,2.624,0.7442,-12.4696,0.0001,1,1,Forehand prepare 1.00,0,9,0.9043,44.6969,0,0,Great,,2.35,-12.35,-1.95,11.2,0,0,0,0,0,0
2024,PlayerServeHold,None,1,-0.005,52,0.1777,2.4968,-16.7501,2.3702,0.875,-11.9535,0,Serve prepare 0.00,0,9,LowPickup,100.4057,63.3393,2.624,0.7442,-12.4696,0,1,1,Forehand prepare 1.00,0,9,0.9043,44.6969,0,0,Great,,2.35,-12.35,-1.95,11.2,0,0,0,0,0,0
2025,PlayerServeHold,None,1,-0.005,52,0.1772,2.4956,-16.7503,2.3702,0.875,-11.9535,0,Serve prepare 0.00,0,9,LowPickup,100.4,63.3329,2.624,0.7442,-12.4696,0.0001,1,1,Forehand prepare 1.00,0,9,0.9043,44.6969,0,0,Great,,2.35,-12.35,-1.95,11.2,0,0,0,0,0,0
2026,PlayerServeHold,None,1,-0.005,52,0.1767,2.4944,-16.7504,2.3702,0.875,-11.9535,0,Serve prepare 0.00,0,9,LowPickup,100.3916,63.3226,2.6239,0.7442,-12.4695,0.0001,1,1,Forehand prepare 1.00,0,9,0.9043,44.6969,0,0,Great,,2.35,-12.35,-1.95,11.2,0,0,0,0,0,0
2027,PlayerServeHold,None,1,-0.005,52,0.1762,2.4932,-16.7506,2.3702,0.875,-11.9535,0,Serve prepare 0.00,0,9,LowPickup,100.3804,63.3085,2.6239,0.7441,-12.4694,0.0001,1,1,Forehand prepare 1.00,0,9,0.9043,44.6969,0,0,Great,,2.35,-12.35,-1.95,11.2,0,0,0,0,0,0
2028,PlayerServeHold,None,1,-0.005,52,0.1758,2.492,-16.7508,2.3704,0.8754,-11.9536,0,Serve prepare 0.00,0,9,LowPickup,100.3664,63.2907,2.6238,0.7441,-12.4693,0.0001,1,1,Forehand prepare 1.00,0,9,0.9043,44.6969,0,0,Great,,2.35,-12.35,-1.95,11.2,0,0,0,0,0,0
2029,PlayerServeHold,None,1,-0.005,52,0.1753,2.4908,-16.7509,2.3709,0.8764,-11.954,0,Serve prepare 0.00,0,9,LowPickup,100.3496,63.2692,2.6238,0.7441,-12.4692,0.0002,1,1,Forehand prepare 1.00,0,9,0.9043,44.6969,0,0,Great,,2.35,-12.35,-1.95,11.2,0,0,0,0,0,0
2030,PlayerServeHold,None,1,-0.005,52,0.1749,2.4897,-16.7511,2.3735,0.8806,-11.9553,0,Serve prepare 0.01,0,9,LowPickup,97.4534,59.6962,2.6085,0.7451,-12.436,0,1,1,Forehand prepare 1.00,0,9,0.9043,44.6969,0,0,Great,,2.35,-12.35,-1.95,11.2,0,0,0,1.5242,0,0
2031,PlayerServeHold,None,1,-0.005,52,0.1745,2.4885,-16.7512,2.3759,0.8837,-11.9563,0,Serve prepare 0.02,0,9,LowPickup,98.5069,60.7498,2.6365,0.7531,-12.4437,0,1,1,Forehand prepare 1.00,0,9,0.9043,44.6969,0,0,Great,,2.35,-12.35,-1.95,11.2,0,0,0,0.7176,0,0
2032,PlayerServeHold,None,1,-0.005,52,0.1742,2.4874,-16.7514,2.3804,0.8916,-11.9587,0,Serve prepare 0.03,0,9,LowPickup,99.0523,61.2306,2.6325,0.7505,-12.4491,0,1,1,Forehand prepare 1.00,0,9,0.9043,44.6969,0,0,Great,,2.35,-12.35,-1.95,11.2,0,0,0,0.2341,0,0
2033,PlayerServeHold,None,1,-0.005,52,0.1738,2.4862,-16.7515,2.3837,0.8964,-11.9603,0,Serve prepare 0.04,0,9,LowPickup,100.2037,62.4371,2.6226,0.7449,-12.4611,0.0295,1,1,Forehand prepare 1.00,0,9,0.9043,44.6969,0,0,Great,,2.35,-12.35,-1.95,11.2,0,0,0,0.4597,0,0
2034,PlayerServeHold,None,1,-0.005,52,0.1735,2.4851,-16.7517,2.3899,0.9076,-11.9638,0,Serve prepare 0.05,0,9,LowPickup,100.7532,63.1011,2.6213,0.7433,-12.4674,0.0135,1,1,Forehand prepare 1.00,0,9,0.9043,44.6969,0,0,Great,,2.35,-12.35,-1.95,11.2,0,0,0,0.7733,0,0
2035,PlayerServeHold,None,1,-0.005,52,0.1732,2.484,-16.7519,2.394,0.9139,-11.9659,0,Serve prepare 0.06,0,9,LowPickup,101.8477,64.6389,2.6087,0.7381,-12.4793,0.0238,1,1,Forehand prepare 1.00,0,9,0.9043,44.6969,0,0,Great,,2.35,-12.35,-1.95,11.2,0,0,0,1.2881,0,0
2036,PlayerServeHold,None,1,-0.005,52,0.1729,2.4829,-16.752,2.4018,0.928,-11.9703,0,Serve prepare 0.07,0,9,LowPickup,102.4113,65.6104,2.6388,0.7372,-12.5038,0.0108,1,1,Forehand prepare 1.00,0,9,0.9043,44.6969,0,0,Great,,2.35,-12.35,-1.95,11.2,0,0,0,1.3859,0,0
2037,PlayerServeHold,None,1,-0.005,52,0.1726,2.4817,-16.7522,2.4065,0.9357,-11.9728,0,Serve prepare 0.08,0,9,LowPickup,103.6817,67.4963,2.6042,0.7326,-12.5035,0.0294,1,1,Forehand prepare 1.00,0,9,0.9043,44.6969,0,0,Great,,2.35,-12.35,-1.95,11.2,0,0,0,1.6509,0,0
2038,PlayerServeHold,None,1,-0.005,52,0.1724,2.4806,-16.7524,2.4155,0.9522,-11.9781,0,Serve prepare 0.09,0,9,LowPickup,104.3896,68.6867,2.6242,0.7331,-12.5264,0.0222,1,1,Forehand prepare 1.00,0,9,0.9043,44.6969,0,0,Great,,2.35,-12.35,-1.95,11.2,0,0,0,1.4304,0,0
2039,PlayerServeHold,None,1,-0.005,52,0.1722,2.4795,-16.7525,2.4208,0.961,-11.9809,0,Serve prepare 0.10,0,9,LowPickup,105.8251,70.7878,2.6161,0.7304,-12.5426,0.0451,1,1,Forehand prepare 1.00,0,9,0.9043,44.6969,0,0,Great,,2.35,-12.35,-1.95,11.2,0,0,0,1.505,0,0
2040,PlayerServeHold,None,1,-0.005,52,0.1719,2.4784,-16.7527,2.4308,0.9794,-11.9868,0,Serve prepare 0.11,0,9,LowPickup,106.5916,72.1035,2.6266,0.7417,-12.543,0.0262,1,1,Forehand prepare 1.00,0,9,0.9043,44.6969,0,0,Great,,2.35,-12.35,-1.95,11.2,0,0,0,1.1616,0,0
2041,PlayerServeHold,None,1,-0.005,52,0.1717,2.4773,-16.7528,2.4366,0.9891,-11.99,0,Serve prepare 0.12,0,9,LowPickup,108.199,74.3411,2.6182,0.7372,-12.5607,0.0497,1,1,Forehand prepare 1.00,0,9,0.9043,44.6969,0,0,Great,,2.35,-12.35,-1.95,11.2,0,0,0,0.8614,0,0
2042,PlayerServeHold,None,1,-0.005,52,0.1715,2.4762,-16.753,2.4474,1.0091,-11.9965,0,Serve prepare 0.13,0,9,LowPickup,108.9198,75.7152,2.6138,0.7352,-12.571,0.0162,1,1,Forehand prepare 1.00,0,9,0.9043,44.6969,0,0,Great,,2.35,-12.35,-1.95,11.2,0,0,0,0.5609,0,0
2043,PlayerServeHold,None,1,-0.005,52,0.1713,2.4751,-16.7532,2.4534,1.0194,-11.9999,0,Serve prepare 0.14,0,9,LowPickup,110.3682,78.0563,2.6035,0.731,-12.5896,0.0312,1,1,Forehand prepare 1.00,0,9,0.9043,44.6969,0,0,Great,,2.35,-12.35,-1.95,11.2,0,0,0,0.8873,0,0
2044,PlayerServeHold,None,1,-0.005,52,0.1712,2.474,-16.7533,2.4648,1.0405,-12.0068,0,Serve prepare 0.15,0,9,LowPickup,111.1078,79.5672,2.6104,0.7348,-12.6021,0.013,1,1,Forehand prepare 1.00,0,9,0.9043,44.6969,0,0,Great,,2.35,-12.35,-1.95,11.2,0,0,0,0.8156,0,0
2045,PlayerServeHold,None,1,-0.005,52,0.171,2.473,-16.7535,2.471,1.0513,-12.0104,0,Serve prepare 0.16,0,9,LowPickup,112.6274,82.3572,2.6076,0.7308,-12.632,0.0284,1,1,Forehand prepare 1.00,0,9,0.9043,44.6969,0,0,Great,,2.35,-12.35,-1.95,11.2,0,0,0,1.3318,0,0
2046,PlayerServeHold,None,1,-0.005,52,0.1709,2.4719,-16.7537,2.4827,1.073,-12.0175,0,Serve prepare 0.17,0,9,LowPickup,113.3859,84.0596,2.6152,0.7557,-12.5992,0.0184,1,1,Forehand prepare 1.00,0,9,0.9043,44.6969,0,0,Great,,2.35,-12.35,-1.95,11.2,0,0,0,1.3654,0,0
2047,PlayerServeHold,None,1,-0.005,52,0.1708,2.4708,-16.7538,2.489,1.084,-12.0213,0,Serve prepare 0.18,0,9,LowPickup,114.8752,87.1348,2.6306,0.7801,-12.5945,0.0347,1,1,Forehand prepare 1.00,0,9,0.9043,44.6969,0,0,Great,,2.35,-12.35,-1.95,11.2,0,0,0,1.6636,0,0
2048,PlayerServeHold,None,1,-0.005,52,0.1706,2.4698,-16.754,2.5008,1.106,-12.0285,0,Serve prepare 0.19,0,9,LowPickup,115.6028,89.0705,2.6242,0.7773,-12.6045,0.015,1,1,Forehand prepare 1.00,0,9,0.9043,44.6969,0,0,Great,,2.35,-12.35,-1.95,11.2,0,0,0,1.3763,0,0
2049,PlayerServeHold,None,1,-0.005,52,0.1705,2.4688,-16.7541,2.5071,1.117,-12.0323,0,Serve prepare 0.20,0,9,LowPickup,112.0389,92.3195,2.6195,0.7696,-12.6339,0.406,1,1,Forehand prepare 1.00,0,9,0.9043,44.6969,0,0,Great,,2.35,-12.35,-1.95,11.2,0,0,0,1.4089,0,0
2050,PlayerServeHold,None,1,-0.005,52,0.1704,2.4677,-16.7543,2.5187,1.1387,-12.0394,0,Serve prepare 0.21,0,9,LowPickup,112.7875,94.2213,2.6126,0.7675,-12.6443,0.0105,1,1,Forehand prepare 1.00,0,9,0.9043,44.6969,0,0,Great,,2.35,-12.35,-1.95,11.2,0,0,0,1.0879,0,0
2051,PlayerServeHold,None,1,-0.005,52,0.1703,2.4667,-16.7545,2.5249,1.1495,-12.0432,0,Serve prepare 0.22,0,9,LowPickup,114.26,97.343,2.5851,0.7304,-12.7735,0.0198,1,1,Forehand prepare 1.00,0,9,0.9043,44.6969,0,0,Great,,2.35,-12.35,-1.95,11.2,0,0,0,1.204,0,0
2052,PlayerServeHold,None,1,-0.005,52,0.1702,2.4657,-16.7546,2.5361,1.1706,-12.0503,0,Serve prepare 0.23,0,9,LowPickup,114.9921,99.1869,2.5548,0.7205,-12.7539,0.0104,1,1,Forehand prepare 1.00,0,9,0.9043,44.6969,0,0,Great,,2.35,-12.35,-1.95,11.2,0,0,0,0.8865,0,0
2053,PlayerServeHold,None,1,-0.005,52,0.1702,2.4647,-16.7548,2.542,1.1809,-12.054,0,Serve prepare 0.24,0,9,LowPickup,116.3709,102.1141,2.5548,0.73,-12.8,0.0212,1,1,Forehand prepare 1.00,0,9,0.9043,44.6969,0,0,Great,,2.35,-12.35,-1.95,11.2,0,0,0,0.9962,0,0
2054,PlayerServeHold,None,1,-0.005,52,0.1701,2.4637,-16.7549,2.5527,1.2009,-12.0607,0,Serve prepare 0.25,0,9,LowPickup,116.9974,103.7856,2.5322,0.7229,-12.7945,0.0166,1,1,Forehand prepare 1.00,0,9,0.9043,44.6969,0,0,Great,,2.35,-12.35,-1.95,11.2,0,0,0,0.7465,0,0
2055,PlayerServeHold,None,1,-0.005,52,0.17,2.4627,-16.7551,2.5582,1.2106,-12.0642,0,Serve prepare 0.26,0,9,LowPickup,118.0124,106.4077,2.5346,0.7327,-12.7839,0.0205,1,1,Forehand prepare 1.00,0,9,0.9043,44.6969,0,0,Great,,2.35,-12.35,-1.95,11.2,0,0,0,1.0843,0,0
2056,PlayerServeHold,None,1,-0.005,52,0.17,2.4618,-16.7552,2.568,1.229,-12.0704,0,Serve prepare 0.27,0,9,LowPickup,119.3111,108.0642,2.5209,0.7301,-12.7944,0.1329,1,1,Forehand prepare 1.00,0,9,0.9043,44.6969,0,0,Great,,2.35,-12.35,-1.95,11.2,0,0,0,2.4885,0,0
2057,PlayerServeHold,None,1,-0.005,52,0.1699,2.4608,-16.7554,2.5731,1.2378,-12.0737,0,Serve prepare 0.28,0,9,LowPickup,120.3006,110.696,2.5289,0.7435,-12.7948,0.3219,1,1,Forehand prepare 1.00,0,9,0.9043,44.6969,0,0,Great,,2.35,-12.35,-1.95,11.2,0,0,0,4.7713,0,0
2058,PlayerServeHold,None,1,-0.005,52,0.1698,2.4599,-16.7555,2.5818,1.2543,-12.0793,0,Serve prepare 0.29,0,9,LowPickup,120.2306,112.2696,2.5127,0.7377,-12.7975,0.0802,1,1,Forehand prepare 1.00,0,9,0.9043,44.6969,0,0,Great,,2.35,-12.35,-1.95,11.2,0,0,0,4.2224,0,0
2059,PlayerServeHold,None,1,-0.005,52,0.1698,2.459,-16.7557,2.5863,1.262,-12.0823,0,Serve prepare 0.30,0,9,LowPickup,119.9578,114.5103,2.511,0.7407,-12.7697,0.1474,1,1,Forehand prepare 1.00,0,9,0.9043,44.6969,0,0,Great,,2.35,-12.35,-1.95,11.2,0,0,0,4.3828,0,0
2060,PlayerServeHold,None,1,-0.005,52,0.1697,2.4581,-16.7558,2.5938,1.2761,-12.0872,0,Serve prepare 0.31,0,9,LowPickup,119.7459,115.9646,2.5003,0.7364,-12.7802,0.0636,1,1,Forehand prepare 1.00,0,9,0.9043,44.6969,0,0,Great,,2.35,-12.35,-1.95,11.2,0,0,0,3.5636,0,0
2061,PlayerServeHold,None,1,-0.005,52,0.1697,2.4572,-16.756,2.5975,1.2824,-12.0897,0,Serve prepare 0.32,0,9,LowPickup,119.1138,117.884,2.2681,0.6947,-12.9182,0.1495,1,1,Forehand prepare 1.00,0,9,0.9043,44.6969,0,0,Great,,2.35,-12.35,-1.95,11.2,0,0,0,3.6967,0,0
2062,PlayerServeHold,None,1,-0.005,52,0.1697,2.4564,-16.7561,2.6035,1.2936,-12.0937,0,Serve prepare 0.33,0,9,LowPickup,118.7074,119.1106,2.2599,0.6953,-12.9284,0.0972,1,1,Forehand prepare 1.00,0,9,0.9043,44.6969,0,0,Great,,2.35,-12.35,-1.95,11.2,0,0,0,2.8796,0,0
2063,PlayerServeHold,None,1,-0.005,52,0.1696,2.4555,-16.7562,2.6065,1.2984,-12.0958,0,Serve prepare 0.34,0,9,LowPickup,117.6991,120.6488,2.2755,0.6979,-12.9275,0.2172,1,1,Forehand prepare 1.00,0,9,0.9043,44.6969,0,0,Great,,2.35,-12.35,-1.95,11.2,0,0,0,3.3689,0,0
2064,PlayerServeHold,None,1,-0.005,52,0.1696,2.4547,-16.7564,2.6108,1.3063,-12.0986,0,Serve prepare 0.35,0,9,LowPickup,117.0887,121.7526,2.2661,0.6845,-12.9017,0.1285,1,1,Forehand prepare 1.00,0,9,0.9043,44.6969,0,0,Great,,2.35,-12.35,-1.95,11.2,0,0,0,2.7899,0,0
2065,PlayerServeHold,None,1,-0.005,52,0.1696,2.4539,-16.7565,2.6128,1.3094,-12.1001,0,Serve prepare 0.36,0,9,LowPickup,119.6031,121.9884,2.2908,0.6823,-12.9102,0.7637,1,1,Forehand prepare 1.00,0,9,0.9043,44.6969,0,0,Great,,2.35,-12.35,-1.95,11.2,0,0,0,4.4377,0,0
2066,PlayerServeHold,None,1,-0.005,52,0.1695,2.4531,-16.7566,2.6152,1.3136,-12.1018,0,Serve prepare 0.37,0,9,LowPickup,119.2687,122.3979,2.2814,0.6871,-12.9252,0.0789,1,1,Forehand prepare 1.00,0,9,0.9043,44.6969,0,0,Great,,2.35,-12.35,-1.95,11.2,0,0,0,3.8394,0,0
2067,PlayerServeHold,None,1,-0.005,52,0.1695,2.4524,-16.7567,2.6162,1.3146,-12.1026,0,Serve prepare 0.38,0,9,LowPickup,112.6249,124.2793,2.2881,0.6984,-12.9276,1.2395,1,1,Forehand prepare 1.00,0,9,0.9043,44.6969,0,0,Great,,2.35,-12.35,-1.95,11.2,0,0,0,7.3425,0,0
2068,PlayerServeToss,None,1,-0.005,52,0.1695,2.4516,-16.7568,2.6166,1.315,-12.103,0,Serve prepare 0.39,0,9,LowPickup,111.4755,125.2859,2.2752,0.6996,-12.9412,0.0905,1,1,Forehand prepare 1.00,0,9,0.9043,44.6969,0,0,Great,,2.35,-12.35,-1.95,11.2,0,0,0,6.8189,0,0
2069,PlayerServeToss,None,1,-0.005,52,0.1695,2.4509,-16.757,2.6164,1.3653,-12.1038,0,Serve prepare 0.40,0,9,LowPickup,109.1196,126.2827,2.2483,0.707,-12.9646,0.1537,1,1,Forehand prepare 1.00,0,9,0.9043,44.6969,0,0,Great,,2.35,-12.35,-1.95,11.2,0,0,0,6.7925,0,0
2070,PlayerServeToss,None,1,-0.005,52,0.1695,2.4502,-16.7571,2.6159,1.464,-12.1054,0,Serve prepare 0.40,0,9,LowPickup,109.1196,127.5036,2.2427,0.6969,-12.9573,0,1,1,Forehand prepare 1.00,0,9,0.9043,44.6969,0,0,Great,,2.35,-12.35,-1.95,11.2,0,0,0,4.3527,0,0
2071,PlayerServeToss,None,1,-0.005,52,0.1694,2.4496,-16.7572,2.6156,1.5123,-12.1062,0,Serve prepare 0.42,0,9,LowPickup,108.5179,128.623,2.2282,0.6928,-12.9581,0.0419,1,1,Forehand prepare 1.00,0,9,0.9043,44.6969,0,0,Great,,2.35,-12.35,-1.95,11.2,0,0,0,2.6465,0,0
2072,PlayerServeToss,None,1,-0.005,52,0.1694,2.4489,-16.7573,2.6151,1.6068,-12.1078,0,Serve prepare 0.42,0,9,LowPickup,108.2107,129.6242,2.2188,0.6874,-12.9554,0.0115,1,1,Forehand prepare 1.00,0,9,0.9043,44.6969,0,0,Great,,2.35,-12.35,-1.95,11.2,0,0,0,0.9346,0,0
2073,PlayerServeToss,None,1,-0.005,52,0.1694,2.4483,-16.7574,2.6148,1.6531,-12.1087,0,Serve prepare 0.44,0,9,LowPickup,107.6668,130.3669,2.2045,0.6889,-12.9576,0.0443,1,1,Forehand prepare 1.00,0,9,0.9043,44.6969,0,0,Great,,2.35,-12.35,-1.95,11.2,0,0,0,0.437,0,0
2074,PlayerServeToss,None,1,-0.005,52,0.1694,2.4477,-16.7575,2.6143,1.7436,-12.1103,0,Serve prepare 0.45,0,9,LowPickup,107.412,130.9512,2.1961,0.6887,-12.957,0.0469,1,1,Forehand prepare 1.00,0,9,0.9043,44.6969,0,0,Great,,2.35,-12.35,-1.95,11.2,0,0,0,1.2137,0,0
2075,PlayerServeToss,None,1,-0.005,52,0.1694,2.4472,-16.7575,2.6141,1.7878,-12.1111,0,Serve prepare 0.46,0,9,LowPickup,106.9168,131.2465,2.183,0.6964,-12.9606,0.1095,1,1,Forehand prepare 1.00,0,9,0.9043,44.6969,0,0,Great,,2.35,-12.35,-1.95,11.2,0,0,0,1.5547,0,0
2076,PlayerServeToss,None,1,-0.005,52,0.1694,2.4466,-16.7576,2.6136,1.8742,-12.1127,0,Serve prepare 0.47,0,9,LowPickup,106.7301,131.4725,2.176,0.7007,-12.962,0.0461,1,1,Forehand prepare 1.00,0,9,0.9043,44.6969,0,0,Great,,2.35,-12.35,-1.95,11.2,0,0,0,1.8018,0,0
2077,PlayerServeToss,None,1,-0.005,52,0.1694,2.4461,-16.7577,2.6133,1.9163,-12.1135,0,Serve prepare 0.49,0,9,LowPickup,106.3603,131.5265,2.1649,0.7124,-12.9661,0.0573,1,1,Forehand prepare 1.00,0,9,0.9043,44.6969,0,0,Great,,2.35,-12.35,-1.95,11.2,0,0,0,1.6032,0,0
2078,PlayerServeToss,None,1,-0.005,52,0.1694,2.4456,-16.7578,2.6128,1.9986,-12.1151,0,Serve prepare 0.50,0,9,LowPickup,106.2127,131.5847,2.1591,0.7194,-12.9683,0.0592,1,1,Forehand prepare 1.00,0,9,0.9043,44.6969,0,0,Great,,2.35,-12.35,-1.95,11.2,0,0,0,1.4396,0,0
2079,PlayerServeToss,None,1,-0.005,52,0.1694,2.4452,-16.7579,2.6125,2.0388,-12.1159,0,Serve prepare 0.51,0,9,LowPickup,105.9258,131.5308,2.149,0.7335,-12.9718,0.1723,1,1,Forehand prepare 1.00,0,9,0.9043,44.6969,0,0,Great,,2.35,-12.35,-1.95,11.2,0,0,0,1.1481,0,0
2080,PlayerServeToss,None,1,-0.005,52,0.1694,2.4448,-16.7579,2.612,2.117,-12.1176,0,Serve prepare 0.52,0,9,LowPickup,105.7827,131.5608,2.1435,0.7423,-12.9736,0.0963,1,1,Forehand prepare 1.00,0,9,0.9043,44.6969,0,0,Great,,2.35,-12.35,-1.95,11.2,0,0,0,0.8532,0,0
2081,PlayerServeToss,None,1,-0.005,52,0.1694,2.4444,-16.758,2.6118,2.1551,-12.1184,0,Serve prepare 0.54,0,9,LowPickup,105.5759,131.5666,2.1335,0.7542,-12.9758,0.7791,1,1,Forehand prepare 1.00,0,9,0.9043,44.6969,0,0,Great,,2.35,-12.35,-1.95,11.2,0,0,0,0.8623,0,0
2082,PlayerServeToss,None,1,-0.005,52,0.1694,2.444,-16.758,2.6113,2.2292,-12.12,0,Serve prepare 0.55,0,9,LowPickup,105.4794,131.6988,2.1277,0.764,-12.9767,0.0469,1,1,Forehand prepare 1.00,0,9,0.9043,44.6969,0,0,Great,,2.35,-12.35,-1.95,11.2,0,0,0,0.759,0,0
2083,PlayerServeToss,None,1,-0.005,52,0.1694,2.4437,-16.7581,2.611,2.2652,-12.1208,0,Serve prepare 0.56,0,9,LowPickup,105.3055,131.8654,2.117,0.7807,-12.9767,0.0909,1,1,Forehand prepare 1.00,0,9,0.9043,44.6969,0,0,Great,,2.35,-12.35,-1.95,11.2,0,0,0,0.9031,0,0
2084,PlayerServeToss,None,1,-0.005,52,0.1694,2.4434,-16.7581,2.6105,2.3352,-12.1224,0,Serve prepare 0.57,0,9,LowPickup,105.2307,132.116,2.1106,0.79,-12.976,0.0452,1,1,Forehand prepare 1.00,0,9,0.9043,44.6969,0,0,Great,,2.35,-12.35,-1.95,11.2,0,0,0,0.8261,0,0
2085,PlayerServeToss,None,1,-0.005,52,0.1694,2.4431,-16.7582,2.6102,2.3692,-12.1232,0,Serve prepare 0.59,0,9,LowPickup,105.067,132.4318,2.0996,0.8057,-12.9737,0.0789,1,1,Forehand prepare 1.00,0,9,0.9043,44.6969,0,0,Great,,2.35,-12.35,-1.95,11.2,0,0,0,0.9586,0,0
2086,PlayerServeToss,None,1,-0.005,52,0.1694,2.4428,-16.7582,2.6097,2.4352,-12.1248,0,Serve prepare 0.59,0,9,LowPickup,105.0084,132.772,2.0928,0.814,-12.9716,0.0309,1,1,Forehand prepare 1.00,0,9,0.9043,44.6969,0,0,Great,,2.35,-12.35,-1.95,11.2,0,0,0,0.7933,0,0
2087,PlayerServeToss,None,1,-0.005,52,0.1694,2.4426,-16.7582,2.6095,2.4671,-12.1256,0,Serve prepare 0.61,0,9,LowPickup,104.876,133.1878,2.082,0.8282,-12.9678,0.0397,1,1,Forehand prepare 1.00,0,9,0.9043,44.6969,0,0,Great,,2.35,-12.35,-1.95,11.2,0,0,0,0.828,0,0
2088,PlayerServeToss,None,1,-0.005,52,0.1694,2.4424,-16.7583,2.609,2.529,-12.1273,0,Serve prepare 0.62,0,9,LowPickup,104.8228,133.578,2.0752,0.8356,-12.9649,0.0142,1,1,Forehand prepare 1.00,0,9,0.9043,44.6969,0,0,Great,,2.35,-12.35,-1.95,11.2,0,0,0,0.6218,0,0
2089,PlayerServeToss,None,1,-0.005,52,0.1694,2.4423,-16.7583,2.6087,2.5589,-12.1281,0,Serve prepare 0.63,0,9,LowPickup,104.719,134.0589,2.0645,0.8489,-12.9599,0.0297,1,1,Forehand prepare 1.00,0,9,0.9043,44.6969,0,0,Great,,2.35,-12.35,-1.95,11.2,0,0,0,0.6367,0,0
2090,PlayerServeToss,None,1,-0.005,52,0.1694,2.4422,-16.7583,2.6082,2.6167,-12.1297,0,Serve prepare 0.64,0,9,LowPickup,104.6855,134.4455,2.0578,0.8555,-12.9565,0.0195,1,1,Forehand prepare 1.00,0,9,0.9043,44.6969,0,0,Great,,2.35,-12.35,-1.95,11.2,0,0,0,0.437,0,0
2091,PlayerServeToss,None,1,-0.005,52,0.1694,2.4421,-16.7583,2.6079,2.6445,-12.1305,0,Serve prepare 0.66,0,9,LowPickup,104.6399,134.8929,2.0473,0.8674,-12.9506,0.0475,1,1,Forehand prepare 1.00,0,9,0.9043,44.6969,0,0,Great,,2.35,-12.35,-1.95,11.2,0,0,0,0.4614,0,0
2092,PlayerServeToss,None,1,-0.005,52,0.1694,2.4421,-16.7583,2.6074,2.6982,-12.1321,0,Serve prepare 0.67,0,9,LowPickup,104.5914,135.2338,2.0411,0.8732,-12.9468,0.0312,1,1,Forehand prepare 1.00,0,9,0.9043,44.6969,0,0,Great,,2.35,-12.35,-1.95,11.2,0,0,0,0.3263,0,0
2093,PlayerServeToss,None,1,-0.005,52,0.1694,2.442,-16.7583,2.6072,2.724,-12.1329,0,Serve prepare 0.68,0,9,LowPickup,104.5127,135.6597,2.031,0.8833,-12.9402,0.0791,1,1,Forehand prepare 1.00,0,9,0.9043,44.6969,0,0,Great,,2.35,-12.35,-1.95,11.2,0,0,0,0.4243,0,0
2094,PlayerServeToss,None,1,-0.005,52,0.1694,2.4421,-16.7583,2.6067,2.7736,-12.1345,0,Serve prepare 0.69,0,9,LowPickup,104.467,135.9746,2.0252,0.8886,-12.9363,0.0435,1,1,Forehand prepare 1.00,0,9,0.9043,44.6969,0,0,Great,,2.35,-12.35,-1.95,11.2,0,0,0,0.3357,0,0
2095,PlayerServeToss,None,1,-0.005,52,0.1694,2.4421,-16.7583,2.6064,2.7974,-12.1353,0,Serve prepare 0.71,0,9,LowPickup,104.2856,136.4185,2.016,0.8981,-12.9288,0.0953,1,1,Forehand prepare 1.00,0,9,0.9043,44.6969,0,0,Great,,2.35,-12.35,-1.95,11.2,0,0,0,0.4973,0,0
2096,PlayerServeToss,None,1,-0.005,52,0.1694,2.4422,-16.7583,2.6059,2.8429,-12.137,0,Serve prepare 0.71,0,9,LowPickup,104.1978,136.7517,2.0108,0.9033,-12.9242,0.0461,1,1,Forehand prepare 1.00,0,9,0.9043,44.6969,0,0,Great,,2.35,-12.35,-1.95,11.2,0,0,0,0.4388,0,0
2097,PlayerServeToss,None,1,-0.005,52,0.1694,2.4423,-16.7583,2.6056,2.8646,-12.1378,0,Serve prepare 0.73,0,9,LowPickup,103.9322,137.251,2.0025,0.9131,-12.9156,0.0952,1,1,Forehand prepare 1.00,0,9,0.9043,44.6969,0,0,Great,,2.35,-12.35,-1.95,11.2,0,0,0,0.7144,0,0
2098,PlayerServeToss,None,1,-0.005,52,0.1694,2.4425,-16.7582,2.6051,2.9061,-12.1394,0,Serve prepare 0.74,0,9,LowPickup,103.7923,137.653,1.9974,0.918,-12.9101,0.0509,1,1,Forehand prepare 1.00,0,9,0.9043,44.6969,0,0,Great,,2.35,-12.35,-1.95,11.2,0,0,0,0.6864,0,0
2099,PlayerServeToss,None,1,-0.005,52,0.1694,2.4426,-16.7582,2.6049,2.9257,-12.1402,0,Serve prepare 0.75,0,9,LowPickup,103.4453,138.2561,1.9893,0.9273,-12.9003,0.1005,1,1,Forehand prepare 1.00,0,9,0.9043,44.6969,0,0,Great,,2.35,-12.35,-1.95,11.2,0,0,0,0.9931,0,0
2100,PlayerServeToss,None,1,-0.005,52,0.1694,2.4429,-16.7582,2.6044,2.9631,-12.1418,0,Serve prepare 0.76,0,9,LowPickup,103.2352,138.7696,1.9837,0.9318,-12.8939,0,1,1,Forehand prepare 1.00,0,9,0.9043,44.6969,0,0,Great,,2.35,-12.35,-1.95,11.2,0,0,0,0.9496,0,0
2101,PlayerServeToss,None,1,-0.005,52,0.1694,2.4431,-16.7581,2.6041,2.9807,-12.1426,0,Serve prepare 0.78,0,9,LowPickup,102.786,139.5241,1.9756,0.9404,-12.8831,0,1,1,Forehand prepare 1.00,0,9,0.9043,44.6969,0,0,Great,,2.35,-12.35,-1.95,11.2,0,0,0,1.2808,0,0
2102,PlayerServeToss,None,1,-0.005,52,0.1694,2.4434,-16.7581,2.6036,3.014,-12.1442,0,Serve prepare 0.79,0,9,LowPickup,102.5074,140.1777,1.9697,0.9445,-12.8758,0,1,1,Forehand prepare 1.00,0,9,0.9043,44.6969,0,0,Great,,2.35,-12.35,-1.95,11.2,0,0,0,1.1922,0,0
2103,PlayerServeToss,None,1,-0.005,52,0.1694,2.4437,-16.758,2.6033,3.0296,-12.1451,0,Serve prepare 0.80,0,9,LowPickup,101.9683,141.0882,1.9616,0.9525,-12.8639,0,1,1,Forehand prepare 1.00,0,9,0.9043,44.6969,0,0,Great,,2.35,-12.35,-1.95,11.2,0,0,0,1.4857,0,0
2104,PlayerServeToss,None,1,-0.005,52,0.1694,2.4441,-16.7579,2.6028,3.0587,-12.1467,0,Serve prepare 0.81,0,9,LowPickup,101.6532,141.8602,1.9553,0.9561,-12.8555,0,1,1,Forehand prepare 1.00,0,9,0.9043,44.6969,0,0,Great,,2.35,-12.35,-1.95,11.2,0,0,0,1.3092,0,0
2105,PlayerServeToss,None,1,-0.005,52,0.1694,2.4445,-16.7579,2.6026,3.0723,-12.1475,0,Serve prepare 0.83,0,9,LowPickup,100.9485,142.8922,1.9471,0.9635,-12.8422,0,1,1,Forehand prepare 1.00,0,9,0.9043,44.6969,0,0,Great,,2.35,-12.35,-1.95,11.2,0,0,0,1.6236,0,0
2106,PlayerServeToss,None,1,-0.005,52,0.1694,2.4449,-16.7578,2.6021,3.0974,-12.1491,0,Serve prepare 0.84,0,9,LowPickup,100.6074,143.746,1.9404,0.9667,-12.8326,1.0823,1,1,Forehand prepare 1.00,0,9,0.9043,44.6969,0,0,Great,,2.35,-12.35,-1.95,11.2,0,0,0,1.344,0,0
2107,PlayerServeToss,None,1,-0.005,52,0.1694,2.4454,-16.7577,2.6018,3.1089,-12.1499,0,Serve prepare 0.85,0,9,LowPickup,99.8466,144.8446,1.9322,0.9737,-12.8181,0.3792,1,1,Forehand prepare 1.00,0,9,0.9043,44.6969,0,0,Great,,2.35,-12.35,-1.95,11.2,0,0,0,1.5816,0,0
2108,PlayerServeToss,None,1,-0.005,52,0.1694,2.4459,-16.7577,2.6013,3.1299,-12.1515,0,Serve prepare 0.86,0,9,LowPickup,99.4689,145.7493,1.9257,0.9764,-12.8079,0.026,1,1,Forehand prepare 1.00,0,9,0.9043,44.6969,0,0,Great,,2.35,-12.35,-1.95,11.2,0,0,0,1.2661,0,0
2109,PlayerServeToss,None,1,-0.005,52,0.1695,2.4464,-16.7576,2.601,3.1393,-12.1523,0,Serve prepare 0.88,0,9,LowPickup,98.7185,146.8451,1.9179,0.9825,-12.7926,0.0541,1,1,Forehand prepare 1.00,0,9,0.9043,44.6969,0,0,Great,,2.35,-12.35,-1.95,11.2,0,0,0,1.426,0,0
2110,PlayerServeToss,None,1,-0.005,52,0.1695,2.4469,-16.7575,2.6005,3.1562,-12.1539,0,Serve prepare 0.88,0,9,LowPickup,98.3194,147.7299,1.9118,0.9846,-12.782,0.0293,1,1,Forehand prepare 1.00,0,9,0.9043,44.6969,0,0,Great,,2.35,-12.35,-1.95,11.2,0,0,0,1.0907,0,0
2111,PlayerServeToss,None,1,-0.005,52,0.1695,2.4475,-16.7574,2.6003,3.1636,-12.1548,0,Serve prepare 0.90,0,9,LowPickup,97.5494,148.7591,1.9046,0.9897,-12.7663,0.0685,1,1,Forehand prepare 1.00,0,9,0.9043,44.6969,0,0,Great,,2.35,-12.35,-1.95,11.2,0,0,0,1.2398,0,0
2112,PlayerServeToss,None,1,-0.005,52,0.1695,2.4482,-16.7573,2.5998,3.1764,-12.1564,0,Serve prepare 0.91,0,9,LowPickup,97.1361,149.5919,1.899,0.9913,-12.7556,0.0373,1,1,Forehand prepare 1.00,0,9,0.9043,44.6969,0,0,Great,,2.35,-12.35,-1.95,11.2,0,0,0,0.9296,0,0
2113,PlayerServeToss,None,1,-0.005,52,0.1695,2.4488,-16.7572,2.5995,3.1818,-12.1572,0,Serve prepare 0.92,0,9,LowPickup,96.3186,150.5378,1.8926,0.9955,-12.7398,0.0768,1,1,Forehand prepare 1.00,0,9,0.9043,44.6969,0,0,Great,,2.35,-12.35,-1.95,11.2,0,0,0,1.0871,0,0
2114,PlayerServeToss,None,1,-0.005,52,0.1695,2.4495,-16.757,2.599,3.1905,-12.1588,0,Serve prepare 0.93,0,9,LowPickup,95.8769,151.3048,1.8879,0.9967,-12.7294,0.0377,1,1,Forehand prepare 1.00,0,9,0.9043,44.6969,0,0,Great,,2.35,-12.35,-1.95,11.2,0,0,0,0.8374,0,0
2115,PlayerServeToss,None,1,-0.005,52,0.1695,2.4503,-16.7569,2.5987,3.1939,-12.1596,0,Serve prepare 0.95,0,9,LowPickup,94.999,152.1373,1.8828,1.0001,-12.7138,0.07,1,1,Forehand prepare 1.00,0,9,0.9043,44.6969,0,0,Great,,2.35,-12.35,-1.95,11.2,0,0,0,0.9748,0,0
2116,PlayerServeToss,None,1,-0.005,52,0.1695,2.451,-16.7568,2.5982,3.1985,-12.1612,0,Serve prepare 0.96,0,9,LowPickup,94.5319,152.8239,1.8789,1.0009,-12.7035,0.0338,1,1,Forehand prepare 1.00,0,9,0.9043,44.6969,0,0,Great,,2.35,-12.35,-1.95,11.2,0,0,0,0.7517,0,0
2117,PlayerServeToss,None,1,-0.005,52,0.1695,2.4518,-16.7567,2.598,3.1998,-12.162,0,Serve prepare 0.97,0,9,LowPickup,93.5592,153.56,1.8751,1.0034,-12.6881,0.0661,1,1,Forehand prepare 1.00,0,9,0.9043,44.6969,0,0,Great,,2.35,-12.35,-1.95,11.2,0,0,0,0.9396,0,0
2118,PlayerServeToss,None,1,-0.005,52,0.1695,2.4526,-16.7565,2.5975,3.2004,-12.1637,0,Serve prepare 0.98,0,9,LowPickup,93.0748,154.1774,1.8721,1.0038,-12.6781,0.0323,1,1,Forehand prepare 1.00,0,9,0.9043,44.6969,0,0,Great,,2.35,-12.35,-1.95,11.2,0,0,0,0.7338,0,0
2119,PlayerServeToss,None,1,-0.005,52,0.1695,2.4535,-16.7564,2.5972,3.1996,-12.1645,0,Serve prepare 1.00,0,9,LowPickup,92.0284,154.8258,1.8694,1.0055,-12.6629,0.0628,1,1,Forehand prepare 1.00,0,9,0.9043,44.6969,0,0,Great,,2.35,-12.35,-1.95,11.2,0,0,0,0.9707,0,0
2120,PlayerServeToss,None,1,-0.005,52,0.1695,2.4544,-16.7562,2.5967,3.1961,-12.1661,0,Serve prepare 1.00,0,9,LowPickup,91.8183,155.3429,1.867,1.0046,-12.6564,0.012,1,1,Forehand prepare 1.00,0,9,0.9043,44.6969,0,0,Great,,2.35,-12.35,-1.95,11.2,0,0,0,0.5293,0,0
2121,PlayerServeToss,None,1,-0.005,52,0.1695,2.4553,-16.7561,2.5964,3.1933,-12.1669,0,Serve prepare 1.00,0,9,LowPickup,91.8183,155.7613,1.865,1.0034,-12.6527,0,1,1,Forehand prepare 1.00,0,9,0.9043,44.6969,0,0,Great,,2.35,-12.35,-1.95,11.2,0,0,0,0,0,0
2122,PlayerServeToss,None,1,-0.005,52,0.1695,2.4563,-16.7559,2.5959,3.1856,-12.1685,0,Serve prepare 1.00,0,9,LowPickup,91.8183,156.0716,1.8635,1.0024,-12.65,0,1,1,Forehand prepare 1.00,0,9,0.9043,44.6969,0,0,Great,,2.35,-12.35,-1.95,11.2,0,0,0,0.3583,0,0
2123,PlayerServeToss,None,1,-0.005,52,0.1696,2.4573,-16.7558,2.5957,3.1808,-12.1693,0,Serve prepare 1.00,0,9,LowPickup,91.8183,156.2693,1.8626,1.0017,-12.6482,0,1,1,Forehand prepare 1.00,0,9,0.9043,44.6969,0,0,Great,,2.35,-12.35,-1.95,11.2,0,0,0,0.5961,0,0
2124,PlayerServeToss,None,1,-0.005,52,0.1696,2.4583,-16.7556,2.5952,3.1691,-12.1709,0,Serve prepare 1.00,0,9,LowPickup,91.8183,156.3628,1.8621,1.0013,-12.6474,0,1,1,Forehand prepare 1.00,0,9,0.9043,44.6969,0,0,Great,,2.35,-12.35,-1.95,11.2,0,0,0,0.7111,0,0
2125,PlayerServeToss,None,1,-0.005,52,0.1696,2.4593,-16.7554,2.5949,3.1622,-12.1717,0,Serve prepare 1.00,0,9,LowPickup,91.8183,156.3693,1.8621,1.0013,-12.6474,0,1,1,Forehand prepare 1.00,0,9,0.9043,44.6969,0,0,Great,,2.35,-12.35,-1.95,11.2,0,0,0,0.7209,0,0
2126,PlayerServeToss,None,1,-0.005,52,0.1696,2.4604,-16.7552,2.5944,3.1464,-12.1734,0,Serve prepare 1.00,0,9,LowPickup,91.8183,156.3108,1.8624,1.0014,-12.6479,0,1,1,Forehand prepare 1.00,0,9,0.9043,44.6969,0,0,Great,,2.35,-12.35,-1.95,11.2,0,0,0,0.6537,0,0
2127,PlayerServeToss,None,1,-0.005,52,0.1696,2.4615,-16.7551,2.5941,3.1375,-12.1742,0,Serve prepare 1.00,0,9,LowPickup,91.8183,156.2104,1.8629,1.0016,-12.6488,0,1,1,Forehand prepare 1.00,0,9,0.9043,44.6969,0,0,Great,,2.35,-12.35,-1.95,11.2,0,0,0,0.5352,0,0
2128,PlayerServeToss,None,1,-0.005,52,0.1696,2.4627,-16.7549,2.5936,3.1176,-12.1758,0,Serve prepare 1.00,0,9,LowPickup,91.8183,156.0894,1.8634,1.002,-12.6499,0,1,1,Forehand prepare 1.00,0,9,0.9043,44.6969,0,0,Great,,2.35,-12.35,-1.95,11.2,0,0,0,0.3897,0,0
2129,PlayerServeToss,None,1,-0.005,52,0.1696,2.4639,-16.7547,2.5934,3.1066,-12.1766,0,Serve prepare 1.00,0,9,LowPickup,91.8183,155.966,1.864,1.0023,-12.651,0,1,1,Forehand prepare 1.00,0,9,0.9043,44.6969,0,0,Great,,2.35,-12.35,-1.95,11.2,0,0,0,0.2439,0,0
2130,PlayerServeToss,None,1,-0.005,52,0.1696,2.4651,-16.7545,2.5928,3.0826,-12.1782,0,Serve prepare 1.00,0,9,LowPickup,91.8183,155.8537,1.8646,1.0026,-12.652,0,1,1,Forehand prepare 1.00,0,9,0.9043,44.6969,0,0,Great,,2.35,-12.35,-1.95,11.2,0,0,0,0,0,0
2131,PlayerServeToss,None,1,-0.005,52,0.1696,2.4663,-16.7543,2.5926,3.0696,-12.179,0,Serve prepare 1.00,0,9,LowPickup,91.8183,155.7616,1.865,1.0029,-12.6528,0,1,1,Forehand prepare 1.00,0,9,0.9043,44.6969,0,0,Great,,2.35,-12.35,-1.95,11.2,0,0,0,0,0,0
2132,PlayerServeToss,None,1,-0.005,52,0.1696,2.4675,-16.7541,2.5921,3.0416,-12.1806,0,Serve prepare 1.00,0,9,LowPickup,91.8183,155.6934,1.8653,1.0031,-12.6534,0,1,1,Forehand prepare 1.00,0,9,0.9043,44.6969,0,0,Great,,2.35,-12.35,-1.95,11.2,0,0,0,0,0,0
2133,PlayerServeToss,None,1,-0.005,52,0.1696,2.4688,-16.7538,2.5918,3.0265,-12.1815,0,Serve prepare 1.00,0,9,LowPickup,91.8183,155.6508,1.8656,1.0033,-12.6538,0,1,1,Forehand prepare 1.00,0,9,0.9043,44.6969,0,0,Great,,2.35,-12.35,-1.95,11.2,0,0,0,0,0,0
2134,PlayerServeToss,None,1,-0.005,52,0.1696,2.4701,-16.7536,2.5913,2.9944,-12.1831,0,Serve prepare 1.00,0,9,LowPickup,91.8183,155.6316,1.8656,1.0034,-12.6539,0,1,1,Forehand prepare 1.00,0,9,0.9043,44.6969,0,0,Great,,2.35,-12.35,-1.95,11.2,0,0,0,0.1679,0,0
2135,PlayerServeToss,None,1,-0.005,52,0.1697,2.4715,-16.7534,2.5911,2.9773,-12.1839,0,Serve prepare 1.00,0,9,LowPickup,91.8183,155.6318,1.8656,1.0034,-12.6539,0,1,1,Forehand prepare 1.00,0,9,0.9043,44.6969,0,0,Great,,2.35,-12.35,-1.95,11.2,0,0,0,0.1679,0,0
2136,PlayerServeToss,None,1,-0.005,52,0.1697,2.4729,-16.7532,2.5905,2.941,-12.1855,0,Serve prepare 1.00,0,9,LowPickup,91.8183,155.6463,1.8656,1.0033,-12.6538,0,1,1,Forehand prepare 1.00,0,9,0.9043,44.6969,0,0,Great,,2.35,-12.35,-1.95,11.2,0,0,0,0,0,0
2137,PlayerServeToss,None,1,-0.005,52,0.1697,2.4743,-16.7529,2.5903,2.9219,-12.1863,0,Serve prepare 1.00,0,9,LowPickup,91.8183,155.6698,1.8655,1.0033,-12.6536,0,1,1,Forehand prepare 1.00,0,9,0.9043,44.6969,0,0,Great,,2.35,-12.35,-1.95,11.2,0,0,0,0,0,0
2138,PlayerServeToss,None,1,-0.005,52,0.1697,2.4757,-16.7527,2.5898,2.8815,-12.1879,0,Serve prepare 1.00,0,9,LowPickup,91.8183,155.6977,1.8653,1.0032,-12.6534,0,1,1,Forehand prepare 1.00,0,9,0.9043,44.6969,0,0,Great,,2.35,-12.35,-1.95,11.2,0,0,0,0,0,0
2139,PlayerServeToss,None,1,-0.005,52,0.1697,2.4771,-16.7525,2.5895,2.8603,-12.1887,0,Serve prepare 1.00,0,9,LowPickup,91.8183,155.7257,1.8652,1.0031,-12.6531,0,1,1,Forehand prepare 1.00,0,9,0.9043,44.6969,0,0,Great,,2.35,-12.35,-1.95,11.2,0,0,0,0,0,0
2140,PlayerServeToss,None,1,-0.005,52,0.1697,2.4786,-16.7522,2.589,2.8159,-12.1903,0,Serve prepare 1.00,0,9,LowPickup,91.8183,155.7509,1.8651,1.0031,-12.6529,0,1,1,Forehand prepare 1.00,0,9,0.9043,44.6969,0,0,Great,,2.35,-12.35,-1.95,11.2,0,0,0,0,0,0
2141,PlayerServeToss,None,1,-0.005,52,0.1697,2.4801,-16.752,2.5888,2.7927,-12.1912,0,Serve prepare 1.00,0,9,LowPickup,91.8183,155.7696,1.865,1.003,-12.6527,0,1,1,Forehand prepare 1.00,0,9,0.9043,44.6969,0,0,Great,,2.35,-12.35,-1.95,11.2,0,0,0,0,0,0
2142,PlayerServeToss,None,1,-0.005,52,0.1697,2.4816,-16.7517,2.5882,2.7442,-12.1928,0,Serve prepare 1.00,1,0.1717,Serve,90.6935,156.1547,1.8661,1.0117,-12.6476,0,1,1,Forehand prepare 1.00,0,9,0.9043,44.6969,0,0,Great,,2.35,-12.35,-1.95,11.2,0,0,0,1.1814,0,0
2143,PlayerServeToss,None,1,-0.005,52,0.1697,2.4832,-16.7515,2.588,2.7189,-12.1936,0,Serve swing,1,0.1633,Serve,78.5118,166.5069,1.8364,0.9937,-12.5627,0.0507,1,1,Forehand prepare 1.00,0,9,0.9043,44.6969,0,0,Great,,2.35,-12.35,-1.95,11.2,0,0,0,2.1879,0,0
2144,PlayerServeToss,None,1,-0.005,52,0.1697,2.4847,-16.7512,2.5875,2.6663,-12.1952,0,Serve swing,1,0.1467,Serve,63.0274,-176.1931,1.8519,0.9892,-12.3689,0.1366,1,1,Forehand prepare 1.00,0,9,0.9043,44.6969,0,0,Great,,2.35,-12.35,-1.95,11.2,0,0,0,0,0,0
2145,PlayerServeToss,None,1,-0.005,52,0.1697,2.4863,-16.7509,2.5872,2.639,-12.196,0,Serve swing,1,0.1383,Serve,55.3692,-168.0531,1.9156,1.0034,-12.2562,0.6699,1,1,Forehand prepare 1.00,0,9,0.9043,44.6969,0,0,Great,,2.35,-12.35,-1.95,11.2,0,0,0,0,0,0
2146,PlayerServeToss,None,1,-0.005,52,0.1697,2.4879,-16.7506,2.5867,2.5823,-12.1976,0,Serve swing,1,0.1217,Serve,30.9216,-151.6752,2.1,1.0942,-12.0741,0.4234,1,1,Forehand prepare 1.00,0,9,0.9043,44.6969,0,0,Great,,2.35,-12.35,-1.95,11.2,0,0,0,0,0,0
2147,PlayerServeToss,None,1,-0.005,52,0.1697,2.4896,-16.7504,2.5865,2.553,-12.1984,0,Serve swing,1,0.1133,Serve,21.0238,-145.4517,2.1852,1.1686,-12.0377,0.5002,1,1,Forehand prepare 1.00,0,9,0.9043,44.6969,0,0,Great,,2.35,-12.35,-1.95,11.2,0,0,0,0,0,0
2148,PlayerServeToss,None,1,-0.005,52,0.1697,2.4912,-16.7501,2.5859,2.4922,-12.2001,0,Serve swing,1,0.0967,Serve,2.4891,-159.2012,2.2774,1.316,-12.098,2.108,1,1,Forehand prepare 1.00,0,9,0.9043,44.6969,0,0,Great,,2.35,-12.35,-1.95,11.2,0,0,0,0,0,0
2149,PlayerServeToss,None,1,-0.005,52,0.1698,2.4929,-16.7498,2.5857,2.4608,-12.2009,0,Serve swing,1,0.0883,Serve,1.2855,-175.466,2.3254,1.3904,-12.1699,0.5883,1,1,Forehand prepare 1.00,0,9,0.9043,44.6969,0,0,Great,,2.35,-12.35,-1.95,11.2,0,0,0,0,0,0
2150,PlayerServeToss,None,1,-0.005,52,0.1698,2.4946,-16.7495,2.5852,2.3959,-12.2025,0,Serve swing,1,0.0717,Serve,-12.739,142.7601,2.3223,1.5632,-12.4086,2.2032,1,1,Forehand prepare 1.00,0,9,0.9043,44.6969,0,0,Great,,2.35,-12.35,-1.95,11.2,0,0,0,0,0,0
2151,PlayerServeToss,None,1,-0.005,52,0.1698,2.4963,-16.7492,2.5849,2.3625,-12.2033,0,Serve swing,1,0.0633,Serve,41.7957,130.9695,2.3829,1.505,-12.6432,0,1,1,Forehand prepare 1.00,0,9,0.9043,44.6969,0,0,Great,,2.35,-12.35,-1.95,11.2,0,0,0,0,0,0
2152,PlayerServeToss,None,1,-0.005,52,0.1698,2.498,-16.7489,2.5844,2.2936,-12.2049,0,Serve swing,1,0.0467,Serve,29.2541,88.92,2.5593,1.7848,-12.3574,12.5257,1,1,Forehand prepare 1.00,0,9,0.9043,44.6969,0,0,Great,,2.35,-12.35,-1.95,11.2,0,0,0,0,0,0
2153,PlayerServeToss,None,1,-0.005,52,0.1698,2.4998,-16.7486,2.5842,2.2581,-12.2057,0,Serve swing,1,0.0383,Serve,0.7394,76.4353,2.6568,1.8664,-12.1117,0,1,1,Forehand prepare 1.00,0,9,0.9043,44.6969,0,0,Great,,2.35,-12.35,-1.95,11.2,0,0,0,0,0,0
2154,PlayerServeToss,None,1,-0.005,52,0.1698,2.5015,-16.7483,2.5836,2.185,-12.2073,0,Serve swing,1,0.0217,Serve,-1.7668,60.81,2.8063,1.8516,-12.0301,0,1,1,Forehand prepare 1.00,0,9,0.9043,44.6969,0,0,Great,,2.35,-12.35,-1.95,11.2,0,0,0,0,0,0
2155,PlayerServeToss,None,1,-0.005,52,0.1698,2.5033,-16.748,2.5834,2.1475,-12.2081,0,Serve swing,1,0.0133,Serve,13.6299,56.4426,2.899,1.8513,-12.1032,0,1,1,Forehand prepare 1.00,0,9,0.9043,44.6969,0,0,Great,,2.35,-12.35,-1.95,11.2,0,0,0,0,0,0
2156,Rally,None,1,-0.005,52.405,0.3017,2.6305,-16.748,2.5162,2.1271,-11.8642,1,Serve swing,1,-0.0033,Serve,9.6889,43.9106,2.7453,1.7379,-12.3545,0,1,1,Forehand prepare 1.00,0,9,0.9043,44.6969,0,0.1217,Great,,2.35,-12.35,-1.91,11.2,0.405,0,0,0,0,0
2157,Rally,None,1,-0.005,52.7786,0.4194,2.743,-16.748,2.3821,2.1296,-11.4156,1,Serve follow,1,-0.02,Serve,20.8632,32.6077,2.7003,1.7171,-12.3386,0,1,1,Forehand prepare 1.00,0,9,0.0039,43.6978,3.5689,0.0633,Great,,2.3481,-12.3491,-1.8299,11.2,0.3736,0,0,0,0,0
2158,Rally,None,1,-0.005,53.125,0.5216,2.8408,-16.7477,2.248,2.1292,-10.9669,1,Serve follow,1,-0.0367,Serve,26.3114,19.8818,2.7201,1.695,-12.3228,0,1,1,Forehand prepare 1.00,0,9,-2.7198,40.753,3.2925,0.005,Great,,2.3438,-12.347,-1.7498,11.2,0.3464,0,0,0,0,0
2159,Rally,None,1,-0.005,53.4477,0.6098,2.9266,-16.7468,2.0468,2.1232,-10.294,1,Serve follow,1,-0.0617,Serve,30.0276,5.6384,2.4083,1.6344,-12.1241,0,1,1,Forehand prepare 1.00,0,9,-7.4274,35.8106,2.3281,0,Great,,2.3325,-12.3415,-1.6297,11.2,0.3227,0,0,0,0,0
2160,Rally,None,1,-0.005,53.7498,0.6857,3.0015,-16.7453,1.9128,2.1157,-9.8453,1,Serve follow,1,-0.0783,Serve,27.0657,6.1466,2.4121,1.5674,-12.0318,0,1,1,Forehand prepare 1.00,0,9,-14.0029,29.1026,14.8912,0,Great,,2.3219,-12.3363,-1.5496,11.2,0.3021,0,0,3.2178,0,0
2161,Rally,None,1,-0.005,54.034,0.7503,3.0669,-16.7427,1.7116,2.0989,-9.1724,1,Serve follow,1,-0.1033,Serve,22.4479,-2.4294,2.4863,1.282,-11.9819,0,1,1,Forehand prepare 1.00,0,9,-22.2269,20.9465,1.5474,0,Great,,2.3013,-12.3262,-1.4295,11.2,0.2842,0,0,9.3772,0,0
2162,Rally,None,1,-0.005,54.2908,0.8051,3.124,-16.7394,1.5775,2.0842,-8.7237,1,Serve follow,1,-0.12,Serve,21.6597,-11.2461,2.4921,1.0848,-11.9957,2.8224,1,1,Forehand prepare 1.00,0,9,-31.7024,11.7942,0,0,Great,,2.2845,-12.318,-1.3494,11.2,0.2568,0,0,14.4674,0,0
2163,Rally,None,1,-0.005,54.5141,0.8515,3.174,-16.7353,1.4434,2.0665,-8.2751,1,Serve follow,1,-0.1367,Serve,21.2946,-13.1077,2.4841,0.9663,-12.0447,2.0595,1,1,Forehand prepare 1.00,0,9,-41.9529,2.1605,14.957,0,Great,,2.2652,-12.3085,-1.2693,11.2,0.2233,0,0,16.558,0,0
2164,Rally,None,1,-0.005,54.7082,0.8893,3.2177,-16.7296,1.2423,2.0347,-7.6021,1,Serve follow,1,-0.1617,Serve,19.1214,-11.832,2.4809,0.888,-12.1315,0.3863,1,1,Forehand prepare 1.00,0,9,-52.4981,-7.4314,0,0,Great,,2.2315,-12.292,-1.1492,11.2,0.1941,0,0,12.7803,0,0
2165,Rally,None,1,-0.005,54.877,0.9203,3.2559,-16.7229,1.1082,2.0099,-7.1535,1,Serve follow,1,-0.1783,Serve,19.434,-8.3274,2.4856,0.9139,-12.1962,0.5035,1,1,Forehand prepare 1.00,0,9,-62.1116,-16.2237,10.4554,0,Great,,2.2059,-12.2795,-1.0691,11.2,0.1688,0,0,7.6172,0,0
2166,Rally,None,1,-0.005,55.0237,0.9442,3.2895,-16.7144,0.9071,1.9673,-6.4805,1,Serve follow,1,-0.2033,Serve,18.1025,-2.8887,2.4663,0.946,-12.227,0.1192,1,1,Forehand prepare 1.00,0,9,-69.4822,-22.9965,3.6696,0,Great,,2.1629,-12.2584,-0.949,11.2,0.1467,0,0,5.8954,0,0
2167,Rally,None,1,-0.005,55.1512,0.9627,3.319,-16.7049,0.773,1.9353,-6.0319,1,Serve follow,1,-0.22,Serve,17.9889,0.3201,2.5073,0.9792,-12.1786,0.1788,1,1,Forehand prepare 1.00,0,9,-74.4623,-27.3729,5.8306,0,Great,,2.1311,-12.2429,-1.029,11.2,0.1275,0,0,3.3815,0,0
2168,Rally,None,1,-0.005,55.2621,0.9763,3.3449,-16.6944,0.6389,1.9004,-5.5832,1,Serve follow,1,-0.2367,Serve,17.6257,3.0301,2.4598,0.9531,-12.1918,0.165,1,1,Forehand prepare 1.00,0,9,-67.1806,-19.689,0,0,Great,,2.0968,-12.2261,-1.1091,11.2,0.1109,0,0,4.5659,0,0
2169,Rally,None,1,-0.005,55.3585,0.9841,3.3677,-16.6817,0.4378,1.8427,-4.9103,1,Serve follow,1,-0.2617,Serve,17.2375,6.5423,2.4406,0.9453,-12.1406,0.2057,1,1,Forehand prepare 1.00,0,9,-49.7119,-2.1232,22.1317,0,Great,,2.0406,-12.1986,-1.2293,11.2,0.0964,0,0,4.1859,0,0
2170,Rally,None,1,-0.005,55.4423,0.988,3.3878,-16.668,0.3037,1.8006,-4.4616,1,Serve follow,1,-0.2783,Serve,17.2069,8.4358,2.4298,0.9202,-12.0891,0.438,1,1,Forehand prepare 1.00,0,9,-31.908,15.5094,4.9278,0,Great,,2.0001,-12.1788,-1.3093,11.2,0.0838,0,0,4.2353,0,0
2171,Rally,None,1,-0.005,55.5152,0.9866,3.4056,-16.6519,0.1026,1.7321,-3.7887,1,Serve follow,0,9,Serve,17.0954,8.0019,2.3792,0.9225,-12.0596,0.1698,1,1,Forehand prepare 1.00,0,9,-17.7106,29.2926,1.5658,0,Great,,1.9346,-12.1467,-1.4295,11.2,0.0729,0,0,4.2353,0,0
2172,Rally,None,1,-0.005,55.5785,0.982,3.4213,-16.6349,-0.0315,1.6829,-3.34,1,Run,0,9,Serve,16.602,17.1209,2.3665,0.9706,-12.0742,0.3748,0.9555,0.8333,Backhand prepare 0.92,0,9,74.8988,-2.842,0,0,Great,,1.8878,-12.1238,-1.5095,11.2,0.0633,0,1.1806,6.6795,0,0
2173,Rally,None,1,-0.005,55.6336,0.9745,3.4353,-16.6169,-0.1656,1.6308,-2.8914,1,Run,0,9,Serve,15.1506,19.4043,2.3096,0.9663,-12.0544,0.2465,0.856,0.6667,Backhand prepare 0.83,0,9,47.7648,-1.5316,0.5745,0,Great,,1.8385,-12.0997,-1.5896,11.2,0.0551,0,2.3611,2.4476,0,0
2174,Rally,None,1,-0.005,55.6815,0.9624,3.4477,-16.5961,-0.3668,1.5472,-2.2184,1,Run,0,9,Serve,12.4512,17.4647,2.2291,0.9755,-12.0176,0,0.7361,0.5,Backhand prepare 0.75,0,9,25.4435,-1.8186,1.5797,0,Great,,1.7599,-12.0612,-1.7098,11.2,0.0479,0,3.536,2.0234,0,0
2175,Rally,None,1,-0.005,55.7231,0.9478,3.4588,-16.5745,-0.5008,1.4879,-1.7698,1,Run,0,9,Serve,8.4607,13.7076,2.1672,0.9625,-11.9493,0,0.6155,0.3333,Backhand prepare 0.62,0,9,17.313,3.8659,3.4745,0,Great,,1.7044,-12.0341,-1.7898,11.2,0.0416,0,4.7222,1.7056,0,0
2176,Rally,None,1,-0.005,55.7593,0.9288,3.4687,-16.55,-0.702,1.3935,-1.0968,1,Run,0,9,Serve,3.4406,8.3839,2.0638,0.9444,-11.8537,0,0.5041,0.1667,Backhand prepare 0.54,0,9,25.2937,13.4675,1.2204,0,Great,,1.6165,-11.991,-1.91,11.2,0.0362,0,5.9028,1.5634,0,0
2177,Rally,None,1,-0.005,55.7907,0.9078,3.4776,-16.5248,-0.8361,1.327,-0.6482,1,Run,0,9,Serve,-2.13,2.1909,1.9751,0.922,-11.7665,0,0.4064,0,Backhand prepare 0.55,0,9,25.7052,16.1722,0,0,Great,,1.5547,-11.9608,-1.99,11.2,0.0315,0,7.0833,1.5585,0,0
2178,Rally,None,1,-0.005,55.818,0.885,3.4856,-16.4987,-0.9702,1.2576,-0.1995,1,Run,0,9,Serve,-7.786,-4.0467,1.8761,0.8956,-11.7132,0,0.3236,0,Backhand prepare 0.59,0,9,23.4777,16.6358,2.2626,0,Great,,1.4918,-11.93,-2.0701,11.2,0.0273,0,8.2639,1.5565,0,0
2179,Rally,None,1,-0.005,55.78,0.8585,3.4929,-16.4701,-1.1713,1.1482,0.4734,1,Run,0,9,Serve,-13.1544,-10.9756,1.7374,0.8592,-11.6132,0,0.2551,0,Backhand prepare 0.63,0,9,25.2909,17.5627,0.9159,0,Great,,1.3975,-11.8839,-2.1903,11.2,-0.0381,0,7.3287,1.453,0,0
2180,Rally,None,1,-0.005,55.6883,0.8309,3.4995,-16.4412,-1.3054,1.0716,0.9221,1,Run,0,9,Serve,-17.9642,-16.9429,1.6252,0.8326,-11.5357,6.9463,0.1995,0,Backhand prepare 0.68,0,9,31.2834,17.5752,2.903,0,Great,,1.3346,-11.8531,-2.2703,11.2,-0.0917,0,5.776,1.2089,0,0
2181,Rally,None,1,-0.005,55.5206,0.8001,3.5055,-16.4101,-1.5065,0.9514,1.595,1,Run,0,9,Serve,-22.1583,-21.3004,1.4794,0.8071,-11.4867,0.2426,0.1549,0,Backhand prepare 0.72,0,9,34.6345,16.5893,0.6112,0,Great,,1.2403,-11.807,-2.3905,11.2,-0.1676,0,4.5522,0.8274,0,0
2182,Rally,None,1,-0.005,55.3163,0.7688,3.511,-16.3791,-1.6406,0.8677,2.0437,1,Run,0,9,Serve,-25.7049,-24.3555,1.3673,0.7991,-11.4164,0.387,0.1195,0,Backhand prepare 0.78,0,9,43.1224,14.5057,2.3226,0,Great,,1.1775,-11.7762,-2.4705,11.2,-0.2044,0,3.5877,0.4126,0,0
2183,Rally,None,1,-0.005,55.08,0.737,3.5161,-16.3482,-1.7747,0.781,2.4923,1,Run,0,9,Serve,-28.6192,-26.4166,1.2612,0.7937,-11.3527,4.9583,0.0918,0,Backhand prepare 0.81,0,9,55.3344,13.5786,1.3102,0,Great,,1.1146,-11.7454,-2.5506,11.2,-0.2363,0,2.8276,0.2897,0,0
2184,Rally,None,1,-0.005,54.7867,0.7027,3.5208,-16.3153,-1.9758,0.6457,3.1653,1,Run,0,9,Serve,-31.0023,-27.6387,1.1293,0.782,-11.279,4.7694,0.0702,0,Backhand prepare 0.85,0,9,72.9844,11.7876,3.7067,0,Great,,1.0203,-11.6993,-2.6708,11.2,-0.2933,0,2.2285,0.5938,0,0
2185,Rally,None,1,-0.005,54.473,0.6682,3.5251,-16.2828,-2.1099,0.5519,3.6139,1,Run,0,9,Serve,-32.8412,-28.2674,1.0351,0.8064,-11.2269,1.5494,0.0534,0,Backhand prepare 0.90,0,9,95.4655,8.5787,0,0,Great,,0.9574,-11.6685,-2.7508,11.2,-0.3136,0,1.7563,0.8519,0,0
2186,Rally,None,1,-0.005,54.1125,0.6315,3.5292,-16.2485,-2.3111,0.4058,4.2869,1,Run,0,9,Serve,-34.1046,-28.5715,0.9192,0.8393,-11.1633,0.975,0.0405,0,Backhand prepare 0.94,0,9,98.8299,2.5388,0,0,Great,,0.8631,-11.6224,-2.871,11.2,-0.3606,0,1.3842,0.9338,0,0
2187,Rally,None,1,-0.005,53.7404,0.5951,3.533,-16.2147,-2.4451,0.3048,4.7355,1,Run,0,9,Serve,-34.9643,-28.6599,0.845,0.8578,-11.125,5.2561,0.0307,0,Backhand prepare 1.00,0,9,91.2828,-3.7876,0,0,Great,,0.8002,-11.5916,-2.951,11.2,-0.3721,0,1.0909,0.8822,0,0
2188,Rally,None,1,-0.005,53.3583,0.5589,3.5366,-16.1813,-2.5792,0.2009,5.1842,1,Run,0,9,Serve,-35.4548,-28.6761,0.7768,0.8605,-11.0916,0.866,0.0231,0,Backhand prepare 1.00,0,9,90.0317,-7.1867,0,0,Great,,0.7373,-11.5608,-3.0311,11.2,-0.3821,0,0.8598,0.7135,0,0
2189,Rally,None,1,-0.005,52.9399,0.5207,3.54,-16.1464,-2.7767,0.1328,5.845,1,Run,0,9,Serve,-35.5147,-28.7846,0.684,0.8388,-11.0485,2.3256,0.0174,0,Backhand prepare 1.00,1,0.1833,79.4746,-16.6029,0,0,Great,,0.643,-11.5147,-3.1513,11.2,-0.4185,0,0.6776,0.4656,0,0
2190,Rally,None,1,-0.005,52.5558,0.4829,3.5432,-16.1119,-2.9036,0.1962,6.2694,1,Run,0,9,Serve,-35.297,-28.9951,0.6268,0.8105,-11.0255,0,0.0131,0,Forehand swing,1,0.1673,2.8197,57.9046,2.2634,0,Great,,0.5801,-11.4839,-3.2313,11.2,-0.3841,0,0.5341,0.3883,0,0
2191,Rally,None,1,-0.005,52.2219,0.4434,3.5462,-16.0761,-3.0939,0.2861,6.906,1,Run,0,9,Serve,-34.8727,-29.2932,0.5426,0.8002,-10.9916,0,0.0098,0,Forehand swing,1,0.1434,-3.5585,55.1285,1.321,0,Great,,0.4874,-11.4385,-3.3515,11.2,-0.3339,0,0.4209,0.5847,0,0
2192,Rally,None,1,-0.005,51.9316,0.4048,3.5492,-16.0411,-3.2207,0.3425,7.3305,1,Run,0,9,Serve,-34.3244,-30.1124,0.4949,0.7921,-10.9746,0,0.0073,0,Forehand swing,1,0.1275,-1.6895,49.0593,0.6551,0,Great,,0.4286,-11.4097,-3.4315,11.2,-0.2903,0.0007,1.0753,0.853,0,0
2193,Rally,None,1,-0.005,51.6793,0.3672,3.552,-16.007,-3.3476,0.3962,7.7549,1,Run,0,9,Serve,-33.7741,-31.0488,0.4496,0.7805,-10.9567,0,0.0055,0,Forehand swing,1,0.1116,0.9659,41.4271,1.9921,0,Great,,0.3723,-11.3822,-3.5116,11.2,-0.2523,0.0026,2.4365,1.0541,0,0
2194,Rally,None,1,-0.005,51.4599,0.3288,3.5546,-15.9723,-3.5378,0.4714,8.3915,1,Run,0,9,Serve,-33.2041,-31.8523,0.3784,0.7696,-10.9261,2.2701,0.0041,0,Forehand swing,1,0.0877,3.8347,27.1282,16.4406,0,Great,,0.2925,-11.3432,-3.6318,11.2,-0.2194,0.0058,3.5093,1.1151,0,0
2195,Rally,None,1,-0.005,51.2692,0.2918,3.5572,-15.9389,-3.6647,0.5181,8.8159,1,Run,0,9,Serve,-32.7411,-32.755,0.3331,0.7791,-10.9088,0.4411,0.003,0,Forehand swing,1,0.0717,10.3709,23.6399,2.8996,0,Great,,0.2425,-11.3187,-3.7118,11.2,-0.1907,0.0105,5.1493,1.0505,0,0
2196,Rally,None,1,-0.005,51.1034,0.2545,3.5597,-15.9053,-3.855,0.5829,9.4525,1,Run,0,9,Serve,-32.297,-33.4486,0.2681,0.7821,-10.8826,1.0834,0.0023,0,Forehand swing,1,0.0478,13.43,17.1142,0.4509,0,Great,,0.1721,-11.2842,-3.832,11.2,-0.1658,0.016,5.6474,0.9143,0,0
2197,Rally,None,1,-0.005,50.9592,0.219,3.5621,-15.8733,-3.9818,0.6227,9.8769,1,Run,0,9,Serve,-31.99,-34.1908,0.227,0.7767,-10.867,0.0948,0,0,Forehand swing,1,0.0319,21.5781,17.9034,0.2546,0,Great,,0.1282,-11.2628,-3.912,11.2,-0.1441,0.0221,6.8344,0.7006,0,0
2198,Rally,None,1,-0.005,50.8339,0.1851,3.5645,-15.8428,-4.1086,0.6596,10.3014,1,Run,0,9,Serve,-31.8229,-34.6502,0.1866,0.7714,-10.8495,0.2275,0,0,Forehand swing,1,0.0159,26.2208,15.9559,0.4284,0,Great,,0.0869,-11.2425,-3.9921,11.2,-0.1253,0.0278,6.9754,0.4269,0,0
2199,PointOver,Reaction,1,-0.005,38,0.9296,1.185,-8.2145,-4.2989,0.7097,10.938,0,Run,0,9,Serve,-31.7598,-35.0042,0.1284,0.7661,-10.8224,0.276,0,0,Forehand swing,1,-0.0083,28.3027,8.2693,0.9608,0.4417,Great,,0.0296,-11.2145,-4.1123,11.2,-12.8339,0.0328,7.0866,0.1655,0,0.0001
2200,PointOver,Reaction,1,-0.005,38,0.9,1.185,-8.2072,-4.4258,0.7397,11.3624,0,HitPerfect,0,9,Serve,-31.6707,-35.4033,0.0964,0.7608,-10.8076,0.2143,0.023,0,MatchLose,1,-0.025,32.1337,16.1795,5.5675,0.3833,Great,,0,-11.2,-4.1923,11.2,0,0.0371,7.9687,0.3055,0,0.0001
2201,PointOver,Reaction,1,-0.005,38,0.9,1.185,-8.2145,-4.616,0.7794,11.999,0,HitPerfect,0,9,Serve,-26.5842,-31.1439,0.1103,0.758,-10.8106,0.3728,0.0796,0,MatchLose,1,-0.05,30.9723,20.2575,0,0.325,Great,,0,-11.2,-4.3125,11.2,0,0.0393,6.2803,0.9725,0,0.0001
2202,PointOver,Reaction,1,-0.005,38,0.9,1.185,-8.2217,-4.7429,0.8024,12.4234,0,HitPerfect,0,9,Serve,-17.6182,-23.3935,0.1374,0.7669,-10.8167,0,0.1549,0,MatchLose,1,-0.0667,33.4812,22.9907,10.2636,0.2667,Great,,0,-11.2,-4.3925,11.2,0,0.039,4.9497,1.8075,0,0.0001
2203,PointOver,Reaction,1,-0.005,38,0.9,1.185,-8.229,-4.8697,0.8226,12.8479,0,HitPerfect,0,9,Serve,-9.4323,-16.3502,0.1653,0.7882,-10.8257,0,0.2385,0,MatchLose,1,-0.0833,32.5298,21.0508,0.8969,0.2083,Great,,0,-11.2,-4.4726,11.2,0,0.0364,3.901,2.1786,0,0.0001
2204,PointOver,Reaction,1,-0.005,38,0.9,1.185,-8.2362,-5.06,0.8476,13.4845,0,HitPerfect,0,9,Serve,-3.6069,-11.6548,0.1852,0.8128,-10.8246,0,0.3239,0,MatchLose,1,-0.1083,30.1869,19.0795,0.2642,0.15,Great,,0,-11.2,-4.5927,11.2,0,0.0319,3.0745,2.2114,0,0.0001
2205,PointOver,Reaction,1,-0.005,38,0.9,1.185,-8.2435,-5.1869,0.8609,13.9089,0,HitPerfect,0,9,Serve,-0.3185,-9.4434,0.2041,0.8326,-10.8246,0,0.4067,0,MatchLose,1,-0.125,34.8153,20.4642,0.2633,0.0917,Great,,0,-11.2,-4.6728,11.2,0,0.0264,2.4231,1.9274,0,0.0001
2206,PointOver,Reaction,1,-0.005,38,0.9,1.185,-8.2507,-5.3771,0.8755,14.5455,0,HitPerfect,0,9,Serve,0.8024,-9.3071,0.2283,0.8587,-10.8391,0,0.4842,0,MatchLose,1,-0.15,47.3384,20.947,0,0.0333,Great,,0,-11.2,-4.793,11.2,0,0.0206,1.9097,1.4655,0,0.0001
2207,PointOver,Reaction,1,-0.005,38,0.9,1.185,-8.258,-5.504,0.8817,14.9699,0,HitPerfect,0,9,Serve,0.2887,-10.7093,0.2529,0.8933,-10.8576,0,0.5552,0,MatchLose,1,-0.1667,47.0888,16.8811,0,0,Great,,0,-11.2,-4.873,11.2,0,0.0149,1.5051,1.1323,0,0
2208,PointOver,Reaction,1,-0.005,38,0.9,1.185,-8.2652,-5.6308,0.8852,15.3944,0,HitPerfect,0,9,Serve,-1.3384,-12.8862,0.2727,0.9266,-10.8689,0.8619,0.6189,0,MatchLose,1,-0.1833,43.6167,12.5628,0,0,Great,,0,-11.2,-4.915,11.2,0,0.01,1.1862,1.1233,0,0
2209,PointOver,Reaction,1,-0.005,38,0.9,1.185,-8.2725,-5.8211,0.8851,16.031,0,HitPerfect,0,9,Serve,-3.4407,-15.3863,0.289,0.9659,-10.8793,0,0.6753,0,MatchLose,1,-0.2083,40.5299,7.0496,0,0,Great,,0,-11.2,-4.915,11.2,0,0.0059,0.9349,1.4799,0.0014,2.1975
2210,PointOver,Reaction,1,-0.005,38,0.9,1.185,-8.2797,-5.9479,0.8816,16.4554,0,HitPerfect,0,9,Serve,-5.44,-17.5702,0.2998,1.0008,-10.8861,0,0.7248,0,MatchLose,1,-0.225,33.7596,-1.2965,0,0,Great,,0,-11.2,-4.915,11.2,0,0.0029,0.7368,1.7485,0.0033,1.7319
2211,PointOver,Reaction,1,-0.005,38,0.9,1.185,-8.287,-6.1382,0.8711,17.092,0,HitPerfect,0,9,Serve,-7.2327,-19.3973,0.3074,1.0348,-10.8916,0,0.7677,0,MatchLose,1,-0.25,23.9066,-12.4235,0,0,Great,,0,-11.2,-4.915,11.2,0,0.0009,0.5807,1.8503,0.005,1.365
2212,PointOver,Reaction,1,-0.005,38,0.9,1.185,-8.2942,-6.2651,0.8606,17.5164,0,HitPerfect,0,9,Serve,-8.8032,-20.8738,0.3118,1.0648,-10.8981,0,0.8046,0,MatchLose,1,-0.2667,14.3675,-21.8994,5.2532,0,Great,,0,-11.2,-4.915,11.2,0,-0.0004,0.4577,1.7896,0.0063,1.0758
2213,PointOver,Reaction,1,-0.005,38,0.9,1.185,-8.3014,-6.3919,0.8474,17.9408,0,HitPerfect,0,9,Serve,-10.0888,-22.0019,0.3161,1.0913,-10.9041,0,0.8363,0,MatchLose,1,-0.2833,4.9655,-30.9485,2.8049,0,Great,,0,-11.2,-4.915,11.2,0,-0.0009,0.3607,1.6528,0.0069,0.8478
2214,PointOver,Reaction,1,-0.005,38,0.9,1.185,-8.3087,-6.5822,0.8222,18.5775,0,HitPerfect,0,9,Serve,-11.0189,-22.7723,0.3212,1.1129,-10.9105,0,0.8632,0,MatchLose,0,9,-3.2147,-38.8795,0.4535,0,Great,,0,-11.2,-4.915,11.2,0,-0.001,0.2843,1.3265,0.0069,0.8478
2215,PointOver,Reaction,1,-0.005,38,0.9,1.185,-8.3159,-6.709,0.802,19.0019,0,HitPerfect,0,9,Serve,-11.6201,-23.1678,0.3261,1.1288,-10.9148,0,0.886,0,MatchLose,0,9,-6.8718,-38.4819,0.53,0,Great,,0,-11.2,-4.915,11.2,0,-0.0008,0.224,0.9707,0.0068,0.6682
2216,PointOver,Reaction,1,-0.005,38,0.9,1.185,-8.3232,-6.8993,0.7664,19.6385,0,HitPerfect,0,9,Serve,-11.9,-23.2253,0.3297,1.1523,-10.9192,0,0.9052,0,MatchLose,0,9,-6.5359,-34.7315,1.0991,0,Great,,0,-11.2,-4.915,11.2,0,-0.0004,0.1766,0.6318,0.0063,0.5266
2217,PointOver,Reaction,1,-0.005,38,0.9,1.185,-8.3304,-7.0262,0.7392,20.0629,0,HitPerfect,0,9,Serve,-12.037,-23.0946,0.3356,1.1478,-10.9204,0,0.9214,0,MatchLose,0,9,-5.0685,-28.7234,1.129,0,Great,,0,-11.2,-4.915,11.2,0,0,0.1392,0.3856,0.0054,0.4151
2218,PointOver,Reaction,1,-0.005,38,0.9,1.185,-8.3377,-7.153,0.7092,20.4873,0,HitPerfect,0,9,Serve,-12.0339,-22.7821,0.3487,1.09,-10.9146,0,0.9349,0,MatchLose,0,9,-3.5542,-22.507,0.9205,0,Great,,0,-11.2,-4.915,11.2,0,0.0003,0.1097,0.3013,0.0043,0.3271
2219,PointOver,Reaction,1,-0.005,38,0.9,1.185,-8.3449,-7.3433,0.6589,21.124,0,HitPerfect,0,9,Serve,-11.9346,-22.3472,0.3572,1.0398,-10.9181,0,0.9462,0,MatchLose,0,9,-2.346,-16.8494,0.6832,0,Great,,0,-11.2,-4.915,11.2,0,0.0006,0.0864,0.3449,0.0032,0.2578
2220,PointOver,Reaction,1,-0.005,38,0.9,1.185,-8.3522,-7.4701,0.622,21.5484,0,HitPerfect,0,9,Serve,-11.7715,-21.8246,0.3636,1.0326,-10.9264,0.4757,0.9556,0,MatchLose,0,9,-1.5126,-11.9726,0.4998,0,Great,,0,-11.2,-4.915,11.2,0,0.0007,0.0681,0.3996,0.0021,0.2032
2221,PointOver,Reaction,1,-0.005,38,0.9,1.185,-8.3594,-7.6604,0.5613,22.185,0,HitPerfect,0,9,Serve,-11.5472,-21.2329,0.3691,1.0363,-10.9353,0.1716,0.9635,0,MatchLose,0,9,-0.9613,-7.8902,0.3239,0,Great,,0,-11.2,-4.915,11.2,0,0.0007,0.0537,0.4187,0.0013,0.1601
2222,PointOver,Reaction,1,-0.005,38,0.9,1.185,-8.3667,-7.7872,0.5173,22.6094,0,HitPerfect,0,9,Serve,-11.2696,-20.5866,0.3744,1.0415,-10.9433,0.1001,0.9699,0,MatchLose,0,9,-0.6053,-4.5755,0.3379,0,Great,,0,-11.2,-4.915,11.2,0,0.0007,0.0423,0.4093,0.0006,0.1262
2223,PointOver,Reaction,1,-0.005,38,0.9,1.185,-8.3739,-7.9141,0.4706,23.0338,0,HitPerfect,0,9,Serve,-10.9466,-19.8936,0.3795,1.0457,-10.951,0.0543,0.9753,0,MatchLose,0,9,-0.3787,-1.9904,0.2978,0,Great,,0,-11.2,-4.915,11.2,0,0.0006,0.0334,0.3753,0.0001,0.0995
2224,PointOver,Reaction,1,-0.005,38,0.9,1.185,-8.3812,-8.1044,0.3953,23.6705,0,HitPerfect,0,9,Serve,-10.5843,-19.1606,0.3846,1.0486,-10.9586,0.0359,0.9798,0,MatchLose,0,9,-0.2359,-0.089,0.1115,0,Great,,0,-11.2,-4.915,11.2,0,0.0005,0.0263,0.3357,-0.0002,0.0784
2225,PointOver,Reaction,1,-0.005,38,0.9,1.185,-8.3884,-8.2312,0.3415,24.0949,0,HitPerfect,0,9,Serve,-10.189,-18.392,0.3892,1.0509,-10.9658,0.0288,0.9834,0,MatchLose,0,9,-0.19,1.1507,0.0659,0,Great,,0,-11.2,-4.915,11.2,0,0.0003,0.0207,0.2987,-0.0003,0.0618
2226,PointOver,Reaction,1,-0.005,38,0.9,1.185,-8.3957,-8.4215,0.2558,24.7315,0,HitPerfect,0,9,Serve,-9.7662,-17.5934,0.3933,1.0531,-10.9719,0.027,0.9864,0,MatchLose,0,9,-0.1171,1.8902,0.0463,0,Great,,0,-11.2,-4.915,11.2,0,0.0002,0.0163,0.277,-0.0003,0.0487
2227,PointOver,Reaction,1,-0.005,38,0.9,1.185,-8.4029,-8.5483,0.1951,25.1559,0,HitPerfect,0,9,Serve,-9.322,-16.7693,0.3976,1.0555,-10.9787,0.0259,0.9889,0,MatchLose,0,9,-0.0721,2.1978,0.038,0,Great,,0,-11.2,-4.915,11.2,0,0.0001,0.0129,0.2683,-0.0003,0.0384
2228,PointOver,Reaction,1,-0.005,38,0.9,1.185,-8.4101,-8.6752,0.1316,25.5803,0,HitPerfect,0,9,Serve,-8.8634,-15.9262,0.4025,1.0584,-10.987,0.0247,0.9909,0,MatchLose,0,9,-0.0446,2.1587,0.0246,0,Great,,0,-11.2,-4.915,11.2,0,0,0.0101,0.277,-0.0002,0.0302
2229,PointOver,Reaction,1,-0.005,38,0.9,1.185,-8.4174,-8.8582,0.1387,26.1926,0,HitPerfect,0,9,Serve,-8.3897,-15.066,0.4071,1.0611,-10.9951,0.027,0.9926,0,MatchLose,0,9,0.0076,1.9644,0.0234,0,Great,,0,-11.2,-4.915,11.2,0,0,0.008,0.2853,-0.0001,0.0238
2230,PointOver,Reaction,1,-0.005,38,0.9,1.185,-8.4246,-8.9778,0.1747,26.5927,0,HitPerfect,0,9,Serve,-7.9032,-14.1936,0.4111,1.0633,-11.0023,0.0335,0.994,0,MatchLose,0,9,0,1.511,0.0085,0,Great,,0,-11.2,-4.915,11.2,0,0,0.0063,0.2934,0,0.0188
2231,PointOver,Reaction,1,-0.005,38,0.9,1.185,-8.4319,-9.1571,0.2235,27.1929,0,HitPerfect,0,9,Serve,-7.4106,-13.3137,0.415,1.0654,-11.0093,0.0265,0.9951,0,MatchLose,0,9,0,1.0175,0.0003,0,Great,,0,-11.2,-4.915,11.2,0,-0.0001,0.005,0.2907,0.0001,0.0148
2232,PointOver,Reaction,1,-0.005,38,0.9,1.185,-8.4391,-9.2767,0.2526,27.593,0,HitPerfect,0,9,Serve,-6.9155,-12.4299,0.4188,1.0675,-11.0164,0.0195,0.996,0,MatchLose,0,9,0,0.5402,0.0003,0,Great,,0,-11.2,-4.915,11.2,0,-0.0001,0.0039,0.2934,0.0001,0.0117
2233,PointOver,Reaction,1,-0.005,38,0.9,1.185,-8.4464,-9.3963,0.279,27.9931,0,HitPerfect,0,9,Serve,-6.439,-11.5621,0.4225,1.0698,-11.0236,0.0158,0.9967,0,MatchLose,0,9,0,0.1254,0.0002,0,Great,,0,-11.2,-4.915,11.2,0,0,0.0031,0.2934,0.0001,0.0092
2234,PointOver,Reaction,1,-0.005,38,0.9,1.185,-8.4536,-9.5757,0.3134,28.5932,0,HitPerfect,0,9,Serve,-5.9313,-10.6734,0.4258,1.0716,-11.0304,0.0039,0.9974,0,MatchLose,0,9,0,-0.1985,0.0002,0,Great,,0,-11.2,-4.915,11.2,0,0,0.0024,0.2798,0.0001,0.0072
2235,PointOver,Reaction,1,-0.005,38,0.9,1.185,-8.4609,-9.6952,0.3328,28.9933,0,HitPerfect,0,9,Serve,-5.289,-9.6854,0.4277,1.0722,-11.0352,0.0495,0.9978,0,MatchLose,0,9,0,-0.4195,0.0001,0,Great,,0,-11.2,-4.915,11.2,0,0,0.0019,0.2341,0.0001,0.0057
2236,PointOver,Reaction,1,-0.005,38,0.9,1.185,-8.4681,-9.8746,0.3569,29.5935,0,HitPerfect,0,9,Serve,-4.4661,-8.5835,0.4276,1.0708,-11.0368,0.121,1,0,MatchLose,0,9,0,-0.5396,0.0001,0,Great,,0,-11.2,-4.915,11.2,0,0,0.0015,0.2131,0.0001,0.0045
2237,PointOver,Reaction,1,-0.005,38,0.9,1.185,-8.4754,-9.9942,0.3695,29.9936,0,HitPerfect,0,9,Serve,-3.4278,-7.3573,0.425,1.069,-11.0345,0.2119,1,0,MatchLose,0,9,0,-0.5717,0,0,Great,,0,-11.2,-4.915,11.2,0,0,0.0012,0.3286,0.0001,0.0035
2238,PointOver,Reaction,1,-0.005,38,0.9,1.185,-8.4826,-10.1138,0.3793,30.3937,0,HitPerfect,0,9,Serve,-2.2584,-6.1009,0.4201,1.0639,-11.0288,0.2779,1,0,MatchLose,0,9,0,-0.5349,0.0001,0,Great,,0,-11.2,-4.915,11.2,0,0,0.0009,0.5381,0.0001,0.0028
2239,PointOver,Reaction,1,-0.005,38,0.9,1.185,-8.4899,-10.2931,0.3889,30.9938,0,HitPerfect,0,9,Serve,-0.9954,-4.8622,0.413,1.0572,-11.0203,0.3358,1,0,MatchLose,0,9,0,-0.4511,0.0001,0,Great,,0,-11.2,-4.915,11.2,0,0,0.0007,0.7713,0,0.0022
2240,PointOver,Reaction,1,-0.005,38,0.9,1.185,-8.4971,-10.4127,0.3919,31.3939,0,HitPerfect,0,9,Serve,0.3529,-3.6537,0.4037,1.0477,-11.0089,0.3997,1,0,MatchLose,0,9,0,-0.3414,0.0001,0,Great,,0,-11.2,-4.915,11.2,0,0,0.0006,0.9978,0,0.0017
2241,PointOver,Reaction,1,-0.005,38,0.9,1.185,-8.5043,-10.5921,0.3912,31.994,0,HitPerfect,0,9,Serve,1.7304,-2.5337,0.3924,1.0361,-10.9956,0.4386,1,0,MatchLose,0,9,0,-0.2242,0.0001,0,Great,,0,-11.2,-4.915,11.2,0,0,0.0005,1.1889,0,0.0014
2242,PointOver,Reaction,1,-0.005,38,0.9,1.185,-8.5116,-10.7117,0.3872,32.3941,0,HitPerfect,0,9,Serve,3.1185,-1.5207,0.3793,1.0226,-10.9808,0.473,1,0,MatchLose,0,9,0,-0.1139,0,0,Great,,0,-11.2,-4.915,11.2,0,0,0.0004,1.3353,0,0.0011
2243,PointOver,Reaction,1,-0.005,38,0.9,1.185,-8.5188,-10.8313,0.3806,32.7942,0,HitPerfect,0,9,Serve,4.4799,-0.6406,0.3648,1.0072,-10.9653,0.4822,1,0,MatchLose,0,9,0,-0.0204,0,0,Great,,0,-11.2,-4.915,11.2,0,0,0.0003,1.426,0,0.0009
2244,PointOver,Reaction,1,-0.005,38,0.9,1.185,-8.5261,-11.0106,0.3654,33.3944,0,HitPerfect,0,9,Serve,5.803,0.1047,0.3491,0.9903,-10.9494,0.4909,1,0,MatchLose,0,9,0,0.0508,0,0,Great,,0,-11.2,-4.915,11.2,0,0,0.0002,1.4639,0,0.0007
2245,PointOver,Reaction,1,-0.005,38,0.9,1.185,-8.5333,-11.1302,0.3518,33.7945,0,HitPerfect,0,9,Serve,7.0641,0.7082,0.3326,0.9721,-10.9341,0.4987,1,0,MatchLose,0,9,0,0.0981,0,0,Great,,0,-11.2,-4.915,11.2,0,0,0.0002,1.4489,0,0.0005
2246,PointOver,Reaction,1,-0.005,38,0.9,1.185,-8.5406,-11.3096,0.3264,34.3946,0,HitPerfect,0,9,Serve,8.2458,1.1751,0.3159,0.9534,-10.9197,0.4891,1,0,MatchLose,0,9,0,0.1227,0.0001,0,Great,,0,-11.2,-4.915,11.2,0,0,0.0001,1.3831,0,0.0004
2247,PointOver,Reaction,1,-0.005,38,0.9,1.185,-8.5478,-11.4291,0.3059,34.7947,0,HitPerfect,0,9,Serve,9.3386,1.5133,0.2992,0.9343,-10.9065,0.4715,1,0,MatchLose,0,9,0,0.1279,0.0001,0,Great,,0,-11.2,-4.915,11.2,0,0,0.0001,1.279,0,0.0003
2248,PointOver,Reaction,1,-0.005,38,0.9,1.185,-8.5551,-11.5487,0.2827,35.1948,0,HitPerfect,0,9,Serve,10.3225,1.7344,0.2834,0.9159,-10.8948,0.4402,1,0,MatchLose,0,9,0,0.1182,0.0001,0,Great,,0,-11.2,-4.915,11.2,0,0,0.0001,1.1357,0,0.0003
2249,PointOver,Reaction,1,-0.005,38,0.9,1.185,-8.5623,-11.7281,0.2428,35.7949,0,HitPerfect,0,9,Serve,11.1908,1.8527,0.2686,0.8983,-10.8849,0.4007,1,0,MatchLose,0,9,0,0.0986,0.0001,0,Great,,0,-11.2,-4.915,11.2,0,0,0.0001,0.9618,0,0.0002
2250,PointOver,Reaction,1,-0.005,38,0.9,1.185,-8.5696,-11.8477,0.2127,36.195,0,HitPerfect,0,9,Serve,11.9302,1.884,0.255,0.8823,-10.877,0.3422,1,0,MatchLose,0,9,0,0.0738,0.0001,0,Great,,0,-11.2,-4.915,11.2,0,0,0.0001,0.7621,0,0.0002
2251,PointOver,Reaction,1,-0.005,38,0.9,1.185,-8.5768,-12.027,0.1625,36.7952,0,HitPerfect,0,9,Serve,12.5269,1.8439,0.2446,0.8692,-10.8704,0.2829,1,0,MatchLose,0,9,0,0.0476,0.0001,0,Great,,0,-11.2,-4.915,11.2,0,0,0,0.5367,0,0.0001
2252,PointOver,Reaction,1,-0.005,38,0.9,1.185,-8.5841,-12.1466,0.1255,37.1952,0,HitPerfect,0,9,Serve,12.9745,1.7474,0.236,0.8586,-10.8657,2.2338,1,0,MatchLose,0,9,0,0.0232,0.0001,0,Great,,0,-11.2,-4.915,11.2,0,0,0,0.2987,0,0.0001
2253,PointOver,Reaction,1,-0.005,38,0.9,1.185,-8.5913,-12.2662,0.1,37.5953,0,HitPerfect,0,9,Serve,13.2378,1.5995,0.2306,0.852,-10.8629,0.4691,1,0,MatchLose,0,9,0,0.0027,0.0001,0,Great,,0,-11.2,-4.915,11.2,0,0,0,0,0,0.0001
2254,PointOver,Reaction,1,-0.005,38,0.9,1.185,-8.5986,-12.435,0.134,38.1602,0,Ready,0,9,Serve,13.2151,1.4357,0.229,0.8525,-10.8624,0.0668,0.9555,0,MatchLose,0,9,0,-0.0127,0.0001,0,Great,,0,-11.2,-4.915,11.2,0,0,0,0.2462,0,0.0001
2255,PointOver,Reaction,1,-0.005,38,0.9,1.185,-8.6058,-12.5476,0.1533,38.5368,0,Ready,0,9,Serve,13.1685,1.384,0.2246,0.8546,-10.8609,0.2384,0.856,0,MatchLose,0,9,0,-0.0227,0.0001,0,Great,,0,-11.2,-4.915,11.2,0,0,0,0.4317,0,0
2256,PointOver,Reaction,1,-0.005,38,0.9,1.185,-8.613,-12.7164,0.1771,39.1017,0,Ready,0,9,Serve,13.1833,1.4969,0.2186,0.8567,-10.8609,0.483,0.7361,0,MatchLose,0,9,0,-0.0278,0.0001,0,Great,,0,-11.2,-4.915,11.2,0,0,0,0.5608,0,0
2257,PointOver,Reaction,1,-0.005,38,0.9,1.185,-8.6203,-12.829,0.1895,39.4782,0,Ready,0,9,Serve,13.3769,1.8544,0.2123,0.86,-10.8648,0.7074,0.6155,0,MatchLose,0,9,0,-0.0285,0.0001,0,Great,,0,-11.2,-4.915,11.2,0,0,0,0.5998,0,0
2258,PointOver,Reaction,1,-0.005,38,0.9,1.185,-8.6275,-12.9415,0.1992,39.8548,0,Ready,0,9,Serve,13.8413,2.5005,0.1989,0.8559,-10.8636,0.6452,0.5041,0,MatchLose,0,9,0,-0.0261,0.0001,0,Great,,0,-11.2,-4.915,11.2,0,0,0,0.5842,0,0
2259,PointOver,Reaction,1,-0.005,38,0.9,1.185,-8.6348,-13.1103,0.2086,40.4197,0,Ready,0,9,Serve,14.5688,3.4325,0.1801,0.8444,-10.8654,0.3841,0.4064,0,MatchLose,0,9,0,-0.0215,0.0001,0,Great,,0,-11.2,-4.915,11.2,0,0,0,0.5203,0,0
2260,PointOver,Reaction,1,-0.005,38,0.9,1.185,-8.642,-13.2229,0.2115,40.7963,0,Ready,0,9,Serve,15.4093,4.6021,0.169,0.8347,-10.8911,0.2549,0.3236,0,MatchLose,0,9,0,-0.0159,0.0001,0,Great,,0,-11.2,-4.915,11.2,0,0,0,0.4508,0,0
2261,PointOver,Reaction,1,-0.005,38,0.9,1.185,-8.6493,-13.3917,0.2106,41.3611,0,Ready,0,9,Serve,16.2313,5.9134,0.1623,0.8234,-10.9263,0.3546,0.2551,0,MatchLose,0,9,0,-0.0101,0.0001,0,Great,,0,-11.2,-4.915,11.2,0,0,0,0.42,0,0
2262,PointOver,Reaction,1,-0.005,38,0.9,1.185,-8.6565,-13.5043,0.2066,41.7377,0,Ready,0,9,Serve,16.849,7.257,0.1536,0.8129,-10.9414,0.1833,0.1995,0,MatchLose,0,9,0,-0.0047,0.0001,0,Great,,0,-11.2,-4.915,11.2,0,0,0,0.5069,0,0
2263,PointOver,Reaction,1,-0.005,38,0.9,1.185,-8.6638,-13.6168,0.1999,42.1143,0,Ready,0,9,Serve,17.2725,8.5565,0.1457,0.8028,-10.9477,0.1385,0.1549,0,MatchLose,0,9,0,-0.0002,0.0001,0,Great,,0,-11.2,-4.915,11.2,0,0,0,0.6495,0,0
2264,PointOver,Reaction,1,-0.005,38,0.9,1.185,-8.671,-13.7856,0.1847,42.6792,0,Ready,0,9,Serve,17.525,9.7388,0.1402,0.7938,-10.9555,0.2464,0.1195,0,MatchLose,0,9,0,0.0031,0.0001,0,Great,,0,-11.2,-4.915,11.2,0,0,0,0.7665,0,0
2265,PointOver,Reaction,1,-0.005,38,0.9,1.185,-8.6783,-13.8982,0.1711,43.0557,0,Ready,0,9,Serve,17.7226,10.7789,0.136,0.7898,-10.9612,0.2253,0.0918,0,MatchLose,0,9,0,0.0052,0.0001,0,Great,,0,-11.2,-4.915,11.2,0,0,0,0.7892,0,0
2266,PointOver,Reaction,1,-0.005,38,0.9,1.185,-8.6855,-14.067,0.1456,43.6206,0,Ready,0,9,Serve,18.062,11.6192,0.1333,0.7961,-10.9672,0.1497,0.0702,0,MatchLose,0,9,0,0.0063,0.0001,0,Great,,0,-11.2,-4.915,11.2,0,0,0,0.6346,0,0
2267,PointOver,Reaction,1,-0.005,38,0.9,1.185,-8.6928,-14.1796,0.1252,43.9972,0,Ready,0,9,Serve,18.4284,12.2688,0.1293,0.8037,-10.9665,0.096,0.0534,0,MatchLose,0,9,0,0.0063,0.0001,0,Great,,0,-11.2,-4.915,11.2,0,0,0,0.4626,0,0
2268,PointOver,Reaction,1,-0.005,38,0.9,1.185,-8.7,-14.2921,0.1021,44.3738,0,Ready,0,9,Serve,18.7971,12.7682,0.1178,0.8059,-10.9449,0.0689,0.0405,0,MatchLose,0,9,0,0.0057,0.0001,0,Great,,0,-11.2,-4.915,11.2,0,0,0,0.3917,0,0
2269,PointOver,Reaction,1,-0.005,38,-5.815,1.185,8.2072,-14.4543,0.1142,44.9162,0,Ready,0,9,Serve,19.0631,13.0686,0.1084,0.8115,-10.9313,0.1008,0.0307,0,MatchLose,0,9,0,0.0047,0.0001,0,Great,,0,-11.2,-4.915,11.2,0,0,0,0.4379,0,0
2270,PointOver,Reaction,1,-0.005,38,-5.815,1.185,8.2145,-14.5601,0.1257,45.2704,0,Ready,0,9,Serve,19.1146,13.1549,0.1145,0.824,-10.9557,0.2437,0.0231,0,MatchLose,0,9,0,0.0034,0.0008,0,Great,,0,-11.2,-4.915,11.2,0,0,0,0.4724,0,0
2271,PointOver,Reaction,1,-0.005,38,-5.815,1.185,8.2217,-14.7189,0.1377,45.8017,0,Ready,0,9,Serve,18.9452,13.0325,0.1224,0.8403,-10.9842,0.1132,0.0174,0,MatchLose,0,9,0,0.0021,0.0006,0,Great,,0,-11.2,-4.915,11.2,0,0,0,0.4449,0,0
2272,PointOver,Reaction,1,-0.005,38,-5.815,1.185,8.229,-14.8248,0.1424,46.1559,0,Ready,0,9,Serve,18.469,12.692,0.1265,0.8456,-10.9705,0.1366,0.0131,0,MatchLose,0,9,0,0.0009,0.0087,0,Great,,0,-11.2,-4.915,11.2,0,0,0,0.3265,0,0
2273,PointOver,Reaction,1,-0.005,38,-5.815,1.185,8.2362,-14.9306,0.1443,46.5101,0,Ready,0,9,Serve,17.8193,12.2013,0.1281,0.8476,-10.9513,0.244,0.0098,0,MatchLose,0,9,0,0,0.006,0,Great,,0,-11.2,-4.915,11.2,0,0,0,0.1837,0,0
2274,PointOver,Reaction,1,-0.005,38,-5.815,1.185,8.2435,-15.0894,0.142,47.0414,0,Ready,0,9,Serve,17.0564,11.5835,0.1246,0.8495,-10.9533,0.5248,0.0073,0,MatchLose,0,9,0,-0.0008,0.001,0,Great,,0,-11.2,-4.915,11.2,0,0,0,0,0,0
2275,PointOver,Reaction,1,-0.005,38,-5.815,1.185,8.2507,-15.1953,0.1371,47.3956,0,Ready,0,9,Serve,16.2989,10.9343,0.1237,0.8531,-10.9606,0.495,0.0055,0,MatchLose,0,9,0,-0.0012,0.0006,0,Great,,0,-11.2,-4.915,11.2,0,0,0,0,0,0
2276,PointOver,Reaction,1,-0.005,38,-5.815,1.185,8.258,-15.3541,0.1246,47.9268,0,Ready,0,9,Serve,15.6608,10.2923,0.1354,0.866,-10.9658,0.247,0.0041,0,MatchLose,0,9,0,-0.0014,0.0003,0,Great,,0,-11.2,-4.915,11.2,0,0,0,0.1142,0,0
2277,PointOver,Reaction,1,-0.005,38,-5.815,1.185,8.2652,-15.4599,0.1129,48.281,0,Ready,0,9,Serve,15.1683,9.7302,0.1468,0.8786,-10.9712,0.2073,0.003,0,MatchLose,0,9,0,-0.0014,0.0003,0,Great,,0,-11.2,-4.915,11.2,0,0,0,0.1517,0,0
2278,PointOver,Reaction,1,-0.005,38,-5.815,1.185,8.2725,-15.5658,0.1,48.6352,0,Ready,0,9,Serve,14.8916,9.3331,0.1501,0.882,-10.9718,0.2317,0.0023,0,MatchLose,0,9,0,-0.0013,0.0004,0,Great,,0,-11.2,-4.915,11.2,0,0,0,0.1978,0,0
2279,PointOver,Reaction,1,-0.005,38,-5.815,1.185,8.2797,-15.7151,0.1112,49.1347,0,Ready,0,9,Serve,14.7922,9.0584,0.1485,0.877,-10.9698,0.2832,0,0,MatchLose,0,9,0,-0.001,0.0003,0,Great,,0,-11.2,-4.915,11.2,0,0,0,0.2699,0,0
2280,PointOver,Reaction,1,-0.005,38,-5.815,1.185,8.287,-15.8146,0.1153,49.4678,0,Ready,0,9,Serve,14.8767,8.9079,0.1391,0.862,-10.9641,0.3479,0,0,MatchLose,0,9,0,-0.0007,0.0003,0,Great,,0,-11.2,-4.915,11.2,0,0,0,0.3558,0,0
2281,PointOver,Reaction,1,-0.005,38,-5.815,1.185,8.2942,-15.9639,0.1162,49.9673,0,Ready,0,9,Serve,15.0821,8.8419,0.13,0.8501,-10.9576,0.3062,0,0,MatchLose,0,9,0,-0.0004,0.0003,0,Great,,0,-11.2,-4.915,11.2,0,0,0,0.4353,0,0
2282,PointOver,Reaction,1,-0.005,38,-5.815,1.185,8.3014,-16.0634,0.1135,50.3003,0,Ready,0,9,Serve,15.3607,8.8446,0.1312,0.8426,-10.95,0.2201,0,0,MatchLose,0,9,0,-0.0002,0.0003,0,Great,,0,-11.2,-4.915,11.2,0,0,0,0.497,0,0
2283,PointOver,Reaction,1,-0.005,38,-5.815,1.185,8.3087,-16.163,0.108,50.6333,0,Ready,0,9,Serve,15.6829,8.8657,0.1374,0.8371,-10.9474,0.1217,0,0,MatchLose,0,9,0,0,0.0003,0,Great,,0,-11.2,-4.915,11.2,0,0,0,0.5262,0,0
2284,PointOver,Reaction,1,-0.005,38,-5.815,1.185,8.3159,-16.3093,0.1025,51.1229,0,Ready,0,9,Serve,16.0049,8.8356,0.1501,0.8351,-10.9633,0.2525,0,0,MatchLose,0,9,0,0.0002,0.0003,0,Great,,0,-11.2,-4.915,11.2,0,0,0,0.5203,0,0
2285,PointOver,Reaction,1,-0.005,38,-5.815,1.185,8.3232,-16.4029,0.1056,51.436,0,Ready,0,9,Serve,16.3303,8.8027,0.1574,0.8319,-10.98,0.4225,0,0,MatchLose,0,9,0,0.0003,0.0003,0,Great,,0,-11.2,-4.915,11.2,0,0,0,0.4667,0,0
2286,PointOver,Reaction,1,-0.005,38,-5.815,1.185,8.3304,-16.5432,0.105,51.9056,0,Ready,0,9,Serve,16.6427,8.7992,0.1451,0.8154,-10.9766,0.623,0,0,MatchLose,0,9,0,0.0003,0.0003,0,Great,,0,-11.2,-4.915,11.2,0,0,0,0.3525,0,0
2287,PointOver,Reaction,1,-0.005,38,-5.815,1.185,8.3377,-16.6368,0.1012,52.2187,0,Ready,0,9,Serve,16.9601,8.813,0.1303,0.797,-10.9695,0.5223,0,0,MatchLose,0,9,0,0.0003,0.0004,0,Great,,0,-11.2,-4.915,11.2,0,0,0,0.2538,0,0
2288,PointOver,Reaction,1,-0.005,38,-5.815,1.185,8.3449,-16.7276,0.1016,52.5224,0,Ready,0,9,Serve,17.3062,8.8262,0.1284,0.7879,-10.9679,0.1846,0,0,MatchLose,0,9,0,0.0003,0.0003,0,Great,,0,-11.2,-4.915,11.2,0,0,0,0.2523,0,0
2289,PointOver,Reaction,1,-0.005,38,-5.815,1.185,8.3522,-16.8595,0.1024,52.9639,0,Ready,0,9,Serve,17.6438,8.8872,0.1302,0.7774,-10.9678,0.0741,0,0,MatchLose,0,9,0,0.0002,0.0003,0,Great,,0,-11.2,-4.915,11.2,0,0,0,0.3021,0,0
2290,PointOver,Reaction,1,-0.005,38,-5.815,1.185,8.3594,-16.9475,0.1,53.2582,0,Ready,0,9,Serve,17.9527,9.066,0.1332,0.768,-10.9699,0.2409,0,0,MatchLose,0,9,0,0.0002,0.0003,0,Great,,0,-11.2,-4.915,11.2,0,0,0,0.3437,0,0
2291,PointOver,Reaction,1,-0.005,38,-5.815,1.185,8.3667,-17.0715,0.1008,53.6732,0,Ready,0,9,Serve,18.2118,9.2958,0.1336,0.7581,-10.9706,0.2288,0,0,MatchLose,0,9,0,0.0001,0.0003,0,Great,,0,-11.2,-4.915,11.2,0,0,0,0.3787,0,0
2292,PointOver,Reaction,1,-0.005,38,-5.815,1.185,8.3739,-17.1517,0.1005,53.9415,0,Ready,0,9,Serve,18.3896,9.5216,0.1215,0.7451,-10.9631,0.0477,0,0,MatchLose,0,9,0,0,0.0003,0,Great,,0,-11.2,-4.915,11.2,0,0,0,0.3858,0,0
2293,PointOver,Reaction,1,-0.005,38,-5.815,1.185,8.3812,-17.2294,0.1,54.2016,0,Ready,0,9,Serve,18.5014,9.7758,0.1123,0.7381,-10.9571,0.1314,0,0,MatchLose,0,9,0,0,0.0003,0,Great,,0,-11.2,-4.915,11.2,0,0,0,0.3907,0,0
2294,PointOver,Reaction,1,-0.005,38,-5.815,1.185,8.3884,-17.339,0.1,54.5683,0,Ready,0,9,Serve,18.5419,10.0849,0.1257,0.7452,-10.958,0.1332,0,0,MatchLose,0,9,0,0,0.0003,0,Great,,0,-11.2,-4.915,11.2,0,0,0,0.4218,0,0
2295,PointOver,Reaction,1,-0.005,38,-5.815,1.185,8.3957,-17.4077,0.1002,54.7981,0,Ready,0,9,Serve,18.5404,10.3947,0.1414,0.757,-10.9621,0.1101,0,0,MatchLose,0,9,0,-0.0001,0.0003,0,Great,,0,-11.2,-4.915,11.2,0,0,0,0.4491,0,0
2296,PointOver,Reaction,1,-0.005,38,-5.815,1.185,8.4029,-17.5066,0.1001,55.129,0,Ready,0,9,Serve,18.511,10.6392,0.146,0.7655,-10.97,0.0308,0,0,MatchLose,0,9,0,-0.0001,0.0003,0,Great,,0,-11.2,-4.915,11.2,0,0,0,0.4299,0,0
2297,PointOver,Reaction,1,-0.005,38,-5.815,1.185,8.4101,-17.5692,0.1004,55.3385,0,Ready,0,9,Serve,18.4889,10.85,0.1441,0.7703,-10.9664,0.0129,0,0,MatchLose,0,9,0,-0.0001,0.0002,0,Great,,0,-11.2,-4.915,11.2,0,0,0,0.3726,0,0
2298,PointOver,Reaction,1,-0.005,38,-5.815,1.185,8.4174,-17.6299,0.1,55.5415,0,Ready,0,9,Serve,18.5303,11.0437,0.1305,0.7685,-10.9273,0.0148,0,0,MatchLose,0,9,0,-0.0001,0.0003,0,Great,,0,-11.2,-4.915,11.2,0,0,0,0.2783,0,0
2299,PointOver,Reaction,1,-0.005,38,-5.815,1.185,8.4246,-17.7155,0.1,55.8278,0,Ready,0,9,Serve,18.5792,11.1791,0.1158,0.7719,-10.8919,0.0133,0,0,MatchLose,0,9,0,0,0.0002,0,Great,,0,-11.2,-4.915,11.2,0,0,0,0.1919,0,0
2300,PointOver,Reaction,1,-0.005,38,-5.815,1.185,8.4319,-17.7691,0.1002,56.0072,0,Ready,0,9,Serve,18.6069,11.2227,0.1143,0.7764,-10.8869,0.0151,0,0,MatchLose,0,9,0,0,0.0003,0,Great,,0,-11.2,-4.915,11.2,0,0,0,0.1752,0,0
2301,PointOver,Reaction,1,-0.005,38,-5.815,1.185,8.4391,-17.8463,0.1002,56.2656,0,Ready,0,9,Serve,18.5948,11.1878,0.1198,0.7811,-10.8884,0.0161,0,0,MatchLose,0,9,0,0,0.0002,0,Great,,0,-11.2,-4.915,11.2,0,0,0,0.2091,0,0
2302,PointOver,Reaction,1,-0.005,38,-5.815,1.185,8.4464,-17.8952,0.1004,56.4292,0,Ready,0,9,Serve,18.4979,11.077,0.1342,0.7884,-10.8829,0.0062,0,0,MatchLose,0,9,0,0,0.0002,0,Great,,0,-11.2,-4.915,11.2,0,0,0,0.2317,0,0
2303,PointOver,Reaction,1,-0.005,38,-5.815,1.185,8.4536,-17.9426,0.1,56.5877,0,Ready,0,9,Serve,18.3722,10.9227,0.1482,0.7955,-10.8782,0.0057,0,0,MatchLose,0,9,0,0,0.0002,0,Great,,0,-11.2,-4.915,11.2,0,0,0,0.2267,0,0
2304,PointOver,Reaction,1,-0.005,38,-5.815,1.185,8.4609,-18.0094,0.1,56.8112,0,Ready,0,9,Serve,18.246,10.7555,0.1517,0.7976,-10.8771,0.0122,0,0,MatchLose,0,9,0,0,0.0002,0,Great,,0,-11.2,-4.915,11.2,0,0,0,0.2016,0,0
2305,PointOver,Reaction,1,-0.005,38,-5.815,1.185,8.4681,-18.0513,0.1002,56.9513,0,Ready,0,9,Serve,18.1502,10.5913,0.1495,0.7995,-10.8746,0.0152,0,0,MatchLose,0,9,0,0,0.0002,0,Great,,0,-11.2,-4.915,11.2,0,0,0,0.1816,0,0
2306,PointOver,Reaction,1,-0.005,38,-5.815,1.185,8.4754,-18.1115,0.1002,57.153,0,Ready,0,9,Serve,18.11,10.4424,0.1408,0.8065,-10.8651,0.0201,0,0,MatchLose,0,9,0,0,0.0002,0,Great,,0,-11.2,-4.915,11.2,0,0,0,0.1858,0,0
2307,PointOver,Reaction,1,-0.005,38,-5.815,1.185,8.4826,-18.1497,0.1004,57.2807,0,Ready,0,9,Serve,18.1664,10.3411,0.1326,0.8127,-10.8563,0.0132,0,0,MatchLose,0,9,0,0,0.0002,0,Great,,0,-11.2,-4.915,11.2,0,0,0,0.2127,0,0
2308,PointOver,Reaction,1,-0.005,38,-5.815,1.185,8.4899,-18.1867,0.1,57.4045,0,Ready,0,9,Serve,18.4076,10.3365,0.1344,0.8129,-10.8535,0.0121,0,0,MatchLose,0,9,0,0,0.0002,0,Great,,0,-11.2,-4.915,11.2,0,0,0,0.2699,0,0
2309,PointOver,Reaction,1,-0.005,38,-5.815,1.185,8.4971,-18.2389,0.1,57.579,0,Ready,0,9,Serve,18.7066,10.3681,0.1353,0.8099,-10.8531,0.0174,0,0,MatchLose,0,9,0,0,0.0002,0,Great,,0,-11.2,-4.915,11.2,0,0,0,0.3084,0,0
2310,PointOver,Reaction,1,-0.005,38,-5.815,1.185,8.5043,-18.2716,0.1002,57.6884,0,Ready,0,9,Serve,18.9663,10.3937,0.1237,0.8044,-10.8543,0.0092,0,0,MatchLose,0,9,0,0,0.0002,0,Great,,0,-11.2,-4.915,11.2,0,0,0,0.3182,0,0
2311,PointOver,Reaction,1,-0.005,38,-5.815,1.185,8.5116,-18.3186,0.1002,57.8458,0,Ready,0,9,Serve,19.2034,10.432,0.1121,0.7991,-10.8555,0.0074,0,0,MatchLose,0,9,0,0,0.0002,0,Great,,0,-11.2,-4.915,11.2,0,0,0,0.2996,0,0
2312,PointOver,Reaction,1,-0.005,38,-5.815,1.185,8.5188,-18.3484,0.1004,57.9456,0,Ready,0,9,Serve,19.3898,10.4825,0.111,0.7962,-10.8541,0.0166,0,0,MatchLose,0,9,0,0,0.0002,0,Great,,0,-11.2,-4.915,11.2,0,0,0,0.2446,0,0
2313,PointOver,Reaction,1,-0.005,38,-5.815,1.185,8.5261,-18.3773,0.1,58.0422,0,Ready,0,9,Serve,19.5648,10.5707,0.113,0.7937,-10.8518,0.0179,0,0,MatchLose,0,9,0,0,0.0002,0,Great,,0,-11.2,-4.915,11.2,0,0,0,0.1816,0,0
2314,PointOver,Reaction,1,-0.005,38,-5.815,1.185,8.5333,-18.418,0.1,58.1784,0,Ready,0,9,Serve,19.7557,10.7226,0.1147,0.7896,-10.8505,0.0116,0,0,MatchLose,0,9,0,0,0.0001,0,Great,,0,-11.2,-4.915,11.2,0,0,0,0.1328,0,0
2315,PointOver,Reaction,1,-0.005,38,-5.815,1.185,8.5406,-18.4435,0.1002,58.2638,0,Ready,0,9,Serve,19.9636,10.9256,0.115,0.7876,-10.8476,0.0098,0,0,MatchLose,0,9,-0.0126,-0.0064,0.0064,0,Great,,0,-11.2,-4.915,11.2,0,0,0,0.1207,0,0
2316,PointOver,Reaction,1,-0.005,38,-5.815,1.185,8.5478,-18.4803,0.1002,58.3868,0,Ready,0,9,Serve,20.2063,11.1745,0.1093,0.7921,-10.8397,0.0098,0,0,MatchLose,0,9,0,0.001,0.0062,0,Great,,0,-11.2,-4.915,11.2,0,0,0,0.1385,0,0
2317,PointOver,Reaction,1,-0.005,38,-5.815,1.185,8.5551,-18.5036,0.1004,58.4646,0,Ready,0,9,Serve,20.4594,11.4576,0.1044,0.7979,-10.832,0.0096,0,0,MatchLose,0,9,0.1116,0.0576,0.0559,0,Great,,0,-11.2,-4.915,11.2,0,0,0,0.173,0,0
2318,PointOver,Reaction,1,-0.005,38,-5.815,1.185,8.5623,-18.5261,0.1,58.5401,0,Ready,0,9,Serve,20.7493,11.7911,0.1066,0.8002,-10.8282,0.0058,0,0,MatchLose,0,9,0.3722,0.1809,0.1302,0,Great,,0,-11.2,-4.915,11.2,0,0,0,0.2054,0,0
2319,PlayerServeHold,Reaction,1,-0.005,38,-5.775,1.185,8.5696,0.2588,0.875,-10.9333,0,Ready,0,9,Serve,20.9426,12.0802,0.1096,0.802,-10.8586,0.008,0,0,MatchLose,0,9,0.8123,0.3734,0.2204,0,Great,,-0.0013,-11.2333,-4.875,11.2,0,0,0,0.2446,0,0
2320,PlayerServeHold,Reaction,1,-0.005,38,-5.7349,1.185,8.5768,0.2469,0.875,-10.9578,0,Serve prepare 0.00,0,9,Serve,20.4623,10.1782,0.0872,0.7927,-10.8895,0.3012,0.2083,0.1667,Forehand prepare 1.00,0,9,-3.3385,3.4157,1.3558,0,Great,,-0.0025,-11.2667,-4.8349,11.2,0,0,1.2315,1.6662,0,0
2321,PlayerServeHold,Reaction,1,-0.005,38,-5.6548,1.185,8.5841,0.2334,0.875,-11.0159,0,Serve prepare 0.00,0,9,Serve,21.8488,9.32,0.0731,0.7814,-10.9649,0.397,0.4167,0.3333,Forehand prepare 1.00,0,9,-5.6015,8.6735,1.3503,0,Great,,-0.005,-11.3333,-4.7548,11.2,0,0,0.814,3.6918,0,0
2322,PlayerServeHold,Reaction,1,-0.005,38,-5.6148,1.185,8.5913,0.243,0.875,-11.0578,0,Run,0,9,Serve,24.2605,15.1739,0.1159,0.8169,-11.0097,0.2128,0.3981,0.1667,Forehand prepare 1.00,0,9,-9.9413,11.9378,1.0475,0,Great,,-0.0064,-11.3667,-4.7148,11.2,0,0,0.7649,0.776,0,0
2323,PlayerServeHold,Reaction,1,-0.005,38,-5.5347,1.185,8.5986,0.25,0.875,-11.1333,0,Run,0,9,Serve,25.1564,16.4768,0.1284,0.8184,-11.0753,0,0.3567,0,Forehand prepare 1.00,0,9,-16.9721,12.168,0.4465,0,Great,,-0.01,-11.4333,-4.6347,11.2,0,0,0.859,1.0914,0,0
2324,PlayerServeHold,Reaction,1,-0.005,38,-5.4947,1.185,8.6058,0.2478,0.875,-11.1667,0,Run,0,9,Serve,23.0165,15.0056,0.1431,0.8178,-11.1007,0,0.3067,0,Forehand prepare 1.00,0,9,-26.3077,9.4363,2.5876,0,Great,,-0.0122,-11.4667,-4.5947,11.2,0,0,1.3126,1.3236,0,0
2325,PlayerServeHold,Reaction,1,-0.005,38,-5.4146,1.185,8.613,-0.325,0.695,-11.4905,0,Run,0,9,Serve,13.6531,6.2885,0.1127,0.8116,-11.144,0,0.2565,0,Forehand prepare 1.00,0,9,-37.0382,4.169,13.1037,0,Great,,-0.0175,-11.5333,-4.5146,11.2,0,0,1.3523,1.4146,0,0
2326,PlayerServeHold,Reaction,1,-0.005,38,-5.3745,1.185,8.6203,-0.331,0.695,-11.5616,0,Run,0,9,Serve,4.4115,-2.2957,0.076,0.7986,-11.1635,3.27,0.21,0,Forehand prepare 1.00,0,9,-45.2778,-1.6173,1.8372,0,Great,,-0.0206,-11.5667,-4.4745,11.2,0,0,1.7014,1.3568,0,0
2327,PlayerServeHold,Reaction,1,-0.005,38,-5.2945,1.185,8.6275,-0.3362,0.695,-11.6662,0,Run,0,9,Serve,-4.5288,-10.7843,0.0355,0.7884,-11.2238,1.8981,0.1693,0,Forehand prepare 1.00,0,9,-54.6204,-8.6699,0,0,Great,,-0.0275,-11.6333,-4.3945,11.2,0,0,1.6587,1.1681,0,0
2328,PlayerServeHold,Reaction,1,-0.005,38,-5.2544,1.185,8.6348,-0.3338,0.695,-11.7369,0,Run,0,9,Serve,-13.0837,-19.049,0.0007,0.787,-11.2552,4.393,0.1348,0,Forehand prepare 1.00,0,9,-63.7663,-16.1684,0,0,Great,,-0.0314,-11.6667,-4.3544,11.2,0,0,1.9429,0.8966,0,0
2329,PlayerServeHold,Reaction,1,-0.005,38,-5.1743,1.185,8.642,-0.3316,0.695,-11.8399,0,Run,0,9,Serve,-21.3511,-27.2465,-0.0369,0.7841,-11.3241,23.2814,0.1063,0,Forehand prepare 1.00,0,9,-71.1694,-22.5534,0,0,Great,,-0.04,-11.7333,-4.2743,11.2,0,0,1.8491,0.6699,0,0
2330,PlayerServeHold,Reaction,1,-0.005,38,-5.1343,1.185,8.6493,-0.3212,0.695,-11.908,0,Run,0,9,Serve,-29.4139,-35.304,-0.0693,0.7807,-11.3623,1.2727,0.0831,0,Forehand prepare 1.00,0,9,-76.2831,-26.9634,6.2605,0,Great,,-0.0447,-11.7667,-4.2343,11.2,0,0,2.0929,0.5869,0,0
2331,PlayerServeHold,Reaction,1,-0.005,38,-5.0542,1.185,8.6565,-0.3122,0.695,-12.0073,0,Run,0,9,Serve,-37.3225,-43.3433,-0.1045,0.7792,-11.4384,1.13,0.0645,0,Forehand prepare 1.00,0,9,-79.4646,-29.7185,0.8676,0,Great,,-0.055,-11.8333,-4.1542,11.2,0,0,1.9673,0.6218,0,0
2332,PlayerServeHold,Reaction,1,-0.005,38,-5.0142,1.185,8.6638,-0.2946,0.695,-12.0707,0,Run,0,9,Serve,-45.1387,-51.294,-0.1282,0.7843,-11.4865,0.9446,0.0498,0,Forehand prepare 1.00,0,9,-81.1578,-31.2134,0,0,Great,,-0.0606,-11.8667,-4.1142,11.2,0,0,2.1861,0.6658,0,0
2333,PlayerServeHold,Reaction,1,-0.005,38,-4.9341,1.185,8.671,-0.28,0.695,-12.1643,0,Run,0,9,Serve,-53.0469,-59.3358,-0.1605,0.7864,-11.5676,0,0.0382,0,Forehand prepare 1.00,0,9,-81.7931,-31.8255,0,0,Great,,-0.0725,-11.9333,-4.0341,11.2,0,0,2.0407,0.6346,0,0
2334,PlayerServeHold,Reaction,1,-0.005,38,-4.894,1.185,8.6783,-0.2567,0.695,-12.2212,0,Run,0,9,Serve,-60.8654,-67.1758,-0.1958,0.7811,-11.6146,0,0.0292,0,Forehand prepare 1.00,0,9,-81.9394,-32.0716,0,0,Great,,-0.0789,-11.9667,-3.994,11.2,0,0,2.244,0.5174,0,0
2335,PlayerServeHold,Reaction,1,-0.005,38,-4.814,1.185,8.6855,-0.2379,0.695,-12.3077,0,Run,0,9,Serve,-68.7359,-74.9848,-0.2357,0.7768,-11.6967,0,0.0223,0,Forehand prepare 1.00,0,9,-81.7502,-32.0599,0,0,Great,,-0.0925,-12.0333,-3.914,11.2,0,0,2.0863,0.36,0,0.0003
2336,PlayerServeHold,Reaction,1,-0.005,38,-4.7739,1.185,8.6928,-0.2106,0.695,-12.3567,0,Run,0,9,Serve,-76.6702,-82.7087,-0.2592,0.7783,-11.7437,0,0.0169,0,Forehand prepare 1.00,0,9,-81.6089,-32.1325,0,0,Great,,-0.0997,-12.0667,-3.8739,11.2,0,0,2.2799,0.2783,0,0.0002
2337,PlayerServeHold,None,1,-0.005,38,-4.6938,1.185,8.7,-0.195,0.695,-12.4334,0,Run,0,9,Serve,-83.6627,-89.3564,-0.2842,0.7794,-11.8198,0,0.0128,0,Forehand prepare 1.00,0,9,-81.615,-32.3596,0,0,Great,,-0.115,-12.1334,-3.7938,11.2,0,0,2.1147,0.3946,0,0.0002
2338,PlayerServeHold,None,1,-0.005,52,-2.2231,2.535,-16.5667,-0.2031,0.695,-12.4667,0,Run,0,9,Serve,-84.8384,-89.8394,-0.2693,0.7698,-11.8476,0,0.0096,0,Forehand prepare 1.00,0,9,-81.8339,-32.7788,0.9295,0,Great,,-0.1231,-12.1667,-3.7538,11.2,14,0,2.3023,0.6681,0,0.0001
2339,PlayerServeHold,None,1,-0.005,52,-2.2301,2.5409,-16.569,-0.22,0.695,-12.5334,0,Run,0,9,Serve,-86.1236,-90.2922,-0.2657,0.76,-11.9095,5.3978,0.0073,0,Forehand prepare 1.00,0,9,-82.3413,-33.4475,3.0469,0,Great,,-0.14,-12.2334,-3.6737,11.2,0,0,2.1323,0.9165,0,0.0001
2340,PlayerServeHold,None,1,-0.005,52,-2.2372,2.5464,-16.5737,-0.2289,0.695,-12.5667,0,Run,0,9,Serve,-87.6535,-90.7703,-0.2553,0.7527,-11.9391,3.523,0.0054,0,Forehand prepare 1.00,0,9,-83.1522,-34.3693,2.2533,0,Great,,-0.1489,-12.2667,-3.6337,11.2,0,0,2.3161,1.1402,0,0.0001
2341,PlayerServeHold,None,1,-0.005,52,-2.2453,2.5516,-16.5831,-0.2475,0.695,-12.6334,0,Run,0,9,Serve,-89.2028,-91.1496,-0.2584,0.7598,-11.9586,3.2358,0.0041,0,Forehand prepare 1.00,0,9,-84.1039,-35.3766,0.54,0,Great,,-0.1675,-12.3334,-3.5536,11.2,0,0,2.1432,1.2767,0,0.0001
2342,PlayerServeHold,None,1,-0.005,52,-2.2534,2.5566,-16.5931,-0.2572,0.695,-12.65,0,Run,0,9,Serve,-90.545,-91.3498,-0.2563,0.7599,-11.9729,4.9963,0.0031,0,Forehand prepare 1.00,0,9,-85.1146,-36.3932,0.998,0,Great,,-0.1772,-12.35,-3.5135,11.2,0,0,2.3247,1.2655,0,0.0001
2343,PlayerServeHold,None,1,-0.005,52,-2.2625,2.5613,-16.6022,-0.2775,0.695,-12.65,0,Run,0,9,Serve,-91.669,-91.3977,-0.2593,0.7463,-12.0067,1.7019,0.0023,0,Forehand prepare 1.00,0,9,-86.0803,-37.3215,2.1671,0,Great,,-0.1975,-12.35,-3.4335,11.2,0,0,2.15,1.1264,0,0
2344,PlayerServeHold,None,1,-0.005,52,-2.2717,2.5658,-16.6107,-0.2881,0.695,-12.65,0,Run,0,9,Serve,-92.6424,-90.9116,-0.2777,0.7441,-12.0124,0.7453,0,0,Forehand prepare 1.00,0,9,-86.8096,-37.9823,1.1561,0,Great,,-0.2081,-12.35,-3.3934,11.2,0,0,2.3301,0.3704,0,0
2345,PlayerServeHold,None,1,-0.005,52,-2.2819,2.57,-16.6184,-0.31,0.695,-12.65,0,Run,0,9,Serve,-93.5757,-90.9296,-0.2912,0.7429,-12.0016,0.8051,0,0,Forehand prepare 1.00,0,9,-87.351,-38.4363,2.0821,0,Great,,-0.23,-12.35,-3.3133,11.2,0,0,2.1542,0.2475,0,0
2346,PlayerServeHold,None,1,-0.005,52,-2.2921,2.5741,-16.6256,-0.3213,0.695,-12.65,0,Run,0,9,Serve,-94.4097,-90.969,-0.3197,0.7371,-12.0089,1.444,0,0,Forehand prepare 1.00,0,9,-87.5289,-38.5223,1.2255,0,Great,,-0.2413,-12.35,-3.2733,11.2,0,0,2.3334,0.1713,0,0
2347,PlayerServeHold,None,1,-0.005,52,-2.3033,2.5779,-16.6322,-0.3438,0.695,-12.65,0,Run,0,9,Serve,-95.007,-90.969,-0.346,0.7304,-12.009,0.1687,0,0,Forehand prepare 1.00,0,9,-87.33,-38.2387,3.4107,0,Great,,-0.2638,-12.35,-3.1932,11.2,0,0,1.9979,0.0969,0,0
2348,PlayerServeHold,None,1,-0.005,52,-2.3145,2.5816,-16.6382,-0.355,0.695,-12.65,0,Run,0,9,Serve,-95.452,-90.9568,-0.3591,0.7261,-12.0105,0.1749,0,0,Forehand prepare 1.00,0,9,-86.8563,-37.6969,1.3916,0,Great,,-0.275,-12.35,-3.1532,11.2,0,0,1.5746,0.0593,0,0
2349,PlayerServeHold,None,1,-0.005,52,-2.3266,2.5851,-16.6438,-0.3775,0.695,-12.65,0,Run,0,9,Serve,-95.7631,-90.9405,-0.3835,0.7235,-12.0105,0.0152,0,0,Forehand prepare 1.00,0,9,-86.0787,-36.8747,0,0,Great,,-0.2975,-12.35,-3.0731,11.2,0,0,1.241,0.0828,0,0
2350,PlayerServeHold,None,1,-0.005,52,-2.3386,2.5884,-16.6489,-0.3888,0.695,-12.65,0,Run,0,9,Serve,-95.9429,-90.9199,-0.3965,0.7223,-12.01,0.0212,0,0,Forehand prepare 1.00,0,9,-85.1056,-35.8841,0,0,Great,,-0.3088,-12.35,-3.033,11.2,0,0,0.9781,0.1191,0,0
2351,PlayerServeHold,None,1,-0.005,52,-2.3514,2.5916,-16.6536,-0.4113,0.695,-12.65,0,Run,0,9,Serve,-95.9432,-90.8809,-0.4192,0.723,-12.0099,0.0075,0,0,Forehand prepare 1.00,0,9,-84.1741,-34.9608,0,0,Great,,-0.3313,-12.35,-2.953,11.2,0,0,0.7708,0.1513,0,0
2352,PlayerServeHold,None,1,-0.005,52,-2.3641,2.5947,-16.6579,-0.4225,0.695,-12.65,0,Run,0,9,Serve,-95.7975,-90.8291,-0.427,0.7245,-12.0098,0.0076,0,0,Forehand prepare 1.00,0,9,-83.2203,-34.0384,0,0,Great,,-0.3425,-12.35,-2.9129,11.2,0,0,0.6075,0.1736,0,0
2353,PlayerServeHold,None,1,-0.005,52,-2.3775,2.5976,-16.6619,-0.445,0.695,-12.65,0,Run,0,9,Serve,-95.4626,-90.7521,-0.4455,0.7279,-12.0103,0.0035,0,0,Forehand prepare 1.00,0,9,-82.5101,-33.3764,0,0,Great,,-0.365,-12.35,-2.8328,11.2,0,0,0.4788,0.1941,0,0
2354,PlayerServeHold,None,1,-0.005,52,-2.3908,2.6004,-16.6655,-0.4563,0.695,-12.65,0,Run,0,9,Serve,-94.9173,-90.641,-0.4495,0.7326,-12.0112,0.0027,0,0,Forehand prepare 1.00,0,9,-82.0951,-33.0185,0.7604,0,Great,,-0.3762,-12.35,-2.7928,11.2,0,0,0.3774,0.2149,0,0
2355,PlayerServeHold,None,1,-0.005,52,-2.4047,2.6031,-16.6689,-0.4787,0.695,-12.65,0,Run,0,9,Serve,-94.3191,-90.5338,-0.4641,0.737,-12.0123,0.0053,0,0,Forehand prepare 1.00,0,9,-81.9716,-32.9531,3.1,0,Great,,-0.3987,-12.35,-2.7127,11.2,0,0,0.2974,0.2214,0,0
2356,PlayerServeHold,None,1,-0.005,52,-2.4185,2.6057,-16.6719,-0.49,0.695,-12.65,0,Run,0,9,Serve,-93.645,-90.4214,-0.4663,0.741,-12.0135,0.0049,0,0,Forehand prepare 1.00,0,9,-82.2338,-33.2664,0.9608,0,Great,,-0.41,-12.35,-2.6727,11.2,0,0,0.2344,0.2205,0,0
2357,PlayerServeHold,None,1,-0.005,52,-2.4329,2.6082,-16.6747,-0.5125,0.695,-12.65,0,Run,0,9,Serve,-92.8635,-90.2931,-0.4782,0.7444,-12.0151,0.0095,0,0,Forehand prepare 1.00,0,9,-82.8369,-33.907,4.1961,0,Great,,-0.4325,-12.35,-2.5926,11.2,0,0,0.1847,0.2176,0,0
2358,PlayerServeHold,None,1,-0.005,52,-2.4471,2.6106,-16.6773,-0.5237,0.695,-12.65,0,Run,0,9,Serve,-91.8657,-90.1197,-0.4757,0.7472,-12.017,0.16,0,0,Forehand prepare 1.00,0,9,-83.6066,-34.6965,0.4163,0,Great,,-0.4437,-12.35,-2.5525,11.2,0,0,0.1456,0.2256,0,0
2359,PlayerServeHold,None,1,-0.005,52,-2.4619,2.6129,-16.6797,-0.5462,0.695,-12.65,0,Run,0,9,Serve,-90.8766,-89.9569,-0.4841,0.7479,-12.0194,0,0,0,Forehand prepare 1.00,0,9,-84.6061,-35.6954,0.6044,0,Great,,-0.4662,-12.35,-2.4725,11.2,0,0,0.1147,0.2229,0,0
2360,PlayerServeHold,None,1,-0.005,52,-2.4764,2.6151,-16.6818,-0.5575,0.695,-12.65,0,Run,0,9,Serve,-89.9708,-89.8204,-0.4827,0.7474,-12.0216,0,0,0,Forehand prepare 1.00,0,9,-85.5932,-36.663,0.5086,0,Great,,-0.4775,-12.35,-2.4324,11.2,0,0,0.0904,0.2051,0,0
2361,PlayerServeHold,None,1,-0.005,52,-2.4916,2.6172,-16.6838,-0.58,0.695,-12.65,0,Run,0,9,Serve,-89.0646,-89.6859,-0.4923,0.7449,-12.0239,0,0,0,Forehand prepare 1.00,0,9,-86.4327,-37.4667,2.9796,0,Great,,-0.5,-12.35,-2.3523,11.2,0,0,0.0713,0.1853,0,0
2362,PlayerServeHold,None,1,-0.005,52,-2.5064,2.6192,-16.6856,-0.5912,0.695,-12.65,0,Run,0,9,Serve,-88.0664,-89.5287,-0.4892,0.7405,-12.0267,0,0,0,Forehand prepare 1.00,0,9,-87.1318,-38.1184,0.2138,0,Great,,-0.5112,-12.35,-2.3123,11.2,0,0,0.0562,0.1736,0,0
2363,PlayerServeHold,None,1,-0.005,52,-2.5218,2.6212,-16.6872,-0.6137,0.695,-12.65,0,Run,0,9,Serve,-87.0816,-89.3742,-0.4975,0.7347,-12.0295,0.5744,0,0,Forehand prepare 1.00,0,9,-87.4688,-38.4034,2.037,0,Great,,-0.5337,-12.35,-2.2322,11.2,0,0,0.0443,0.1619,0,0
2364,PlayerServeHold,None,1,-0.005,52,-2.5369,2.6231,-16.6887,-0.625,0.695,-12.65,0,Run,0,9,Serve,-86.3094,-89.2705,-0.4977,0.7287,-12.0318,0.2205,0,0,Forehand prepare 1.00,0,9,-87.467,-38.3518,0.1236,0,Great,,-0.545,-12.35,-2.1922,11.2,0,0,0.0349,0.1312,0,0
2365,PlayerServeHold,None,1,-0.005,52,-2.5526,2.6249,-16.6901,-0.6475,0.695,-12.65,0,Run,0,9,Serve,-85.6416,-89.1872,-0.5106,0.7227,-12.0342,0.5908,0,0,Forehand prepare 1.00,0,9,-87.1651,-38.0083,12.0501,0,Great,,-0.5675,-12.35,-2.1121,11.2,0,0,0.0275,0.0969,0,0
2366,PlayerServeHold,None,1,-0.005,52,-2.5679,2.6267,-16.6914,-0.6587,0.695,-12.65,0,Run,0,9,Serve,-85.045,-89.1139,-0.5134,0.7167,-12.036,0.0238,0,0,Forehand prepare 1.00,0,9,-86.4996,-37.3156,0,0,Great,,-0.5788,-12.35,-2.072,11.2,0,0,0.0217,0.0664,0,0
2367,PlayerServeHold,None,1,-0.005,52,-2.5838,2.6284,-16.6925,-0.6813,0.695,-12.65,0,Run,0,9,Serve,-84.5096,-89.0468,-0.5282,0.7242,-11.9919,0.0475,0,0,Forehand prepare 1.00,0,9,-85.6169,-36.4236,0,0,Great,,-0.6013,-12.35,-1.992,11.2,0,0,0.0171,0,0,0
2368,PlayerServeHold,None,1,-0.005,52,-2.5993,2.6301,-16.6935,-0.6925,0.695,-12.65,0,Run,0,9,Serve,-84.188,-89.0229,-0.5349,0.7203,-11.993,0.0082,0,0,Forehand prepare 1.00,0,9,-84.6879,-35.5035,0,0,Great,,-0.6125,-12.35,-1.9519,11.2,0,0,0.0135,0,0,0
2369,PlayerServeHold,None,1,-0.005,52,-2.6154,2.6316,-16.6945,-0.715,0.695,-12.65,0,Run,0,9,Serve,-84.0306,-89.0279,-0.5552,0.7183,-11.9936,0.0027,0,0,Forehand prepare 1.00,0,9,-83.6707,-34.5133,0,0,Great,,-0.635,-12.35,-1.8718,11.2,0,0,0.0106,0,0,0
2370,PlayerServeHold,None,1,-0.005,52,-2.6311,2.6332,-16.6953,-0.7263,0.695,-12.65,0,Run,0,9,Serve,-84.0297,-89.0584,-0.5668,0.7183,-11.9935,0.0031,0,0,Forehand prepare 1.00,0,9,-82.8667,-33.75,0,0,Great,,-0.6463,-12.35,-1.8318,11.2,0,0,0.0084,0.0626,0,0
2371,PlayerServeHold,None,1,-0.005,52,-2.6473,2.6346,-16.6961,-0.7488,0.695,-12.65,0,Run,0,9,Serve,-84.202,-89.1177,-0.592,0.7206,-11.9929,0.0015,0,0,Forehand prepare 1.00,0,9,-82.2791,-33.2115,2.3606,0,Great,,-0.6688,-12.35,-1.7517,11.2,0,0,0.0066,0.0994,0,0
2372,PlayerServeHold,None,1,-0.005,52,-2.6631,2.6361,-16.6968,-0.76,0.695,-12.65,0,Run,0,9,Serve,-84.495,-89.192,-0.6075,0.724,-11.9919,0.0009,0,0,Forehand prepare 1.00,0,9,-81.9709,-32.9547,0.5891,0,Great,,-0.68,-12.35,-1.7117,11.2,0,0,0.0052,0.1301,0,0
2373,PlayerServeHold,None,1,-0.005,52,-2.6794,2.6374,-16.6974,-0.7825,0.695,-12.65,0,Run,0,9,Serve,-84.9127,-89.2827,-0.6363,0.7288,-11.9905,0.0007,0,0,Forehand prepare 1.00,0,9,-82.0667,-33.0971,2.9013,0,Great,,-0.7025,-12.35,-1.6316,11.2,0,0,0.0041,0.1548,0,0
2374,PlayerServeHold,None,1,-0.005,52,-2.6953,2.6387,-16.698,-0.7938,0.695,-12.65,0,Run,0,9,Serve,-85.4678,-89.3934,-0.6557,0.7346,-11.9886,0.0037,0,0,Forehand prepare 1.00,0,9,-82.4943,-33.5608,3.3482,0,Great,,-0.7138,-12.35,-1.5915,11.2,0,0,0.0032,0.1764,0,0
2375,PlayerServeHold,None,1,-0.005,52,-2.7118,2.64,-16.6985,-0.8163,0.695,-12.65,0,Run,0,9,Serve,-86.2489,-89.5468,-0.6784,0.728,-12.0323,0.0276,0,0,Forehand prepare 1.00,0,9,-83.1535,-34.2413,0.6899,0,Great,,-0.7363,-12.35,-1.5115,11.2,0,0,0.0025,0.2032,0,0
2376,PlayerServeHold,None,1,-0.005,52,-2.7278,2.6412,-16.6989,-0.8275,0.695,-12.65,0,Run,0,9,Serve,-87.0946,-89.7026,-0.702,0.735,-12.029,0.09,0,0,Forehand prepare 1.00,0,9,-84.1015,-35.1926,1.2926,0,Great,,-0.7475,-12.35,-1.4714,11.2,0,0,0.002,0.2203,0,0
2377,PlayerServeHold,None,1,-0.005,52,-2.7444,2.6424,-16.6994,-0.85,0.695,-12.65,0,Run,0,9,Serve,-87.9181,-89.8408,-0.7364,0.7401,-12.0252,0.0573,0,0,Forehand prepare 1.00,0,9,-85.0721,-36.1488,0,0,Great,,-0.77,-12.35,-1.3913,11.2,0,0,0.0016,0.221,0,0
2378,PlayerServeHold,None,1,-0.005,52,-2.7605,2.6435,-16.6997,-0.8613,0.695,-12.65,0,Run,0,9,Serve,-88.7936,-89.9831,-0.7717,0.744,-12.0249,0,0,0,Forehand prepare 1.00,0,9,-86,-37.0458,15.6945,0,Great,,-0.7813,-12.35,-1.3513,11.2,0,0,0.0012,0.2163,0,0
2379,PlayerServeHold,None,1,-0.005,52,-2.7771,2.6446,-16.7001,-0.8838,0.695,-12.65,0,Run,0,9,Serve,-89.8103,-90.1537,-0.8089,0.7468,-12.0224,0,0,0,Forehand prepare 1.00,0,9,-86.8272,-37.8295,1.9055,0,Great,,-0.8038,-12.35,-1.2712,11.2,0,0,0.001,0.2169,0,0
2380,PlayerServeHold,None,1,-0.005,52,-2.7933,2.6456,-16.7003,-0.895,0.695,-12.65,0,Run,0,9,Serve,-90.8903,-90.3341,-0.8356,0.7482,-12.0198,0,0,0,Forehand prepare 1.00,0,9,-87.3138,-38.2662,2.8569,0,Great,,-0.815,-12.35,-1.2312,11.2,0,0,0.0008,0.2169,0,0
2381,PlayerServeHold,None,1,-0.005,52,-2.81,2.6466,-16.7006,-0.9175,0.695,-12.65,0,Run,0,9,Serve,-91.7928,-90.466,-0.8707,0.7477,-12.0178,0,0,0,Forehand prepare 1.00,0,9,-87.5119,-38.4134,2.7485,0,Great,,-0.8375,-12.35,-1.1511,11.2,0,0,0.0006,0.1941,0,0
2382,PlayerServeHold,None,1,-0.005,52,-2.8262,2.6475,-16.7008,-0.9288,0.695,-12.65,0,Run,0,9,Serve,-92.6331,-90.5824,-0.8935,0.7456,-12.0159,0.3256,0,0,Forehand prepare 1.00,0,9,-87.3835,-38.2397,0.7718,0,Great,,-0.8488,-12.35,-1.111,11.2,0,0,0.0005,0.1652,0,0
2383,PlayerServeHold,None,1,-0.005,52,-2.843,2.6484,-16.701,-0.9513,0.695,-12.65,0,Run,0,9,Serve,-93.4571,-90.6975,-0.9155,0.7422,-12.0048,0.9203,0,0,Forehand prepare 1.00,0,9,-86.8608,-37.685,3.5436,0,Great,,-0.8713,-12.35,-1.031,11.2,0,0,0.0004,0.1385,0,0
2384,PlayerServeHold,None,1,-0.005,52,-2.8593,2.6493,-16.7012,-0.9625,0.695,-12.65,0,Run,0,9,Serve,-94.2994,-90.8216,-0.9497,0.7374,-12.0131,0.3439,0,0,Forehand prepare 1.00,0,9,-86.1006,-36.9084,0.4502,0,Great,,-0.8825,-12.35,-0.9909,11.2,0,0,0.0003,0.1183,0,0
2385,PlayerServeHold,None,1,-0.005,52,-2.8761,2.6501,-16.7014,-0.985,0.695,-12.65,0,Run,0,9,Serve,-94.9189,-90.8958,-0.9804,0.7335,-12.0111,0.3293,0,0,Forehand prepare 1.00,0,9,-85.2007,-36.0098,0,0,Great,,-0.905,-12.35,-0.9108,11.2,0,0,0.0002,0.0822,0,0
2386,PlayerServeHold,None,1,-0.005,52,-2.8925,2.6509,-16.7015,-0.9963,0.695,-12.65,0,Run,0,9,Serve,-95.3802,-90.9395,-0.9974,0.7296,-12.0112,0.2725,0,0,Forehand prepare 1.00,0,9,-84.1606,-34.9894,0,0,Great,,-0.9163,-12.35,-0.8708,11.2,0,0,0.0002,0,0,0
2387,PlayerServeHold,None,1,-0.005,52,-2.9093,2.6516,-16.7016,-1.0188,0.695,-12.65,0,Run,0,9,Serve,-95.711,-90.9617,-1.0241,0.7267,-12.0104,0.012,0,0,Forehand prepare 1.00,0,9,-83.2885,-34.1521,0,0,Great,,-0.9388,-12.35,-0.7907,11.2,0,0,0.0001,0,0,0
2388,PlayerServeHold,None,1,-0.005,52,-2.9257,2.6523,-16.7018,-1.03,0.695,-12.65,0,Run,0,9,Serve,-95.9305,-90.9689,-1.0379,0.7247,-12.0099,0.0102,0,0,Forehand prepare 1.00,0,9,-82.5465,-33.456,1.3441,0,Great,,-0.95,-12.35,-0.7507,11.2,0,0,0.0001,0,0,0
2389,PlayerServeHold,None,1,-0.005,52,-2.9426,2.653,-16.7018,-1.0525,0.695,-12.65,0,Run,0,9,Serve,-95.9883,-90.9493,-1.0613,0.7242,-12.0098,0.0041,0,0,Forehand prepare 1.00,0,9,-82.072,-33.0325,1.4276,0,Great,,-0.9725,-12.35,-0.6706,11.2,0,0,0.0001,0.0551,0,0
2390,PlayerServeHold,None,1,-0.005,52,-2.959,2.6536,-16.7019,-1.0638,0.695,-12.65,0,Run,0,9,Serve,-95.8808,-90.9028,-1.0706,0.7251,-12.0099,0.0034,0,0,Forehand prepare 1.00,0,9,-81.9915,-33.0014,3.0189,0,Great,,-0.9838,-12.35,-0.6305,11.2,0,0,0.0001,0.0912,0,0
2391,PlayerServeHold,None,1,-0.005,52,-2.9759,2.6542,-16.702,-1.0863,0.695,-12.65,0,Run,0,9,Serve,-95.6209,-90.8332,-1.0897,0.7275,-12.0102,0.0002,0,0,Forehand prepare 1.00,0,9,-82.2282,-33.2797,4.3823,0,Great,,-1.0063,-12.35,-0.5505,11.2,0,0,0.0001,0.1227,0,0
2392,PlayerServeHold,None,1,-0.005,52,-2.9924,2.6547,-16.702,-1.0975,0.695,-12.65,0,Run,0,9,Serve,-95.1514,-90.7264,-1.0947,0.7315,-12.0109,0.0011,0,0,Forehand prepare 1.00,0,9,-82.7596,-33.8407,2.8785,0,Great,,-1.0175,-12.35,-0.5104,11.2,0,0,0,0.1564,0,0
2393,PlayerServeHold,None,1,-0.005,52,-3.0093,2.6552,-16.7021,-1.12,0.695,-12.65,0,Run,0,9,Serve,-94.5623,-90.6053,-1.1092,0.7359,-12.0119,0.0008,0,0,Forehand prepare 1.00,0,9,-83.6173,-34.7108,7.4025,0,Great,,-1.04,-12.35,-0.4303,11.2,0,0,0,0.1832,0,0
2394,PlayerServeHold,None,1,-0.005,52,-3.0258,2.6557,-16.7021,-1.1313,0.695,-12.65,0,Run,0,9,Serve,-93.9272,-90.4873,-1.1119,0.7399,-12.013,0.0026,0,0,Forehand prepare 1.00,0,9,-84.5398,-35.6279,3.4195,0,Great,,-1.0513,-12.35,-0.3903,11.2,0,0,0,0.1971,0,0
2395,PlayerServeHold,None,1,-0.005,52,-3.0428,2.6561,-16.7022,-1.1538,0.695,-12.65,0,Run,0,9,Serve,-93.1946,-90.3575,-1.1244,0.7436,-12.0145,0.028,0,0,Forehand prepare 1.00,0,9,-85.5261,-36.5909,14.6404,0,Great,,-1.0738,-12.35,-0.3102,11.2,0,0,0,0.2058,0,0
2396,PlayerServeHold,None,1,-0.005,52,-3.0593,2.6565,-16.7022,-1.165,0.695,-12.65,0,Run,0,9,Serve,-92.2887,-90.1955,-1.1231,0.7464,-12.0161,0.1053,0,0,Forehand prepare 1.00,0,9,-86.4465,-37.4733,0.6959,0,Great,,-1.085,-12.35,-0.2702,11.2,0,0,0,0.2183,0,0
2397,PlayerServeHold,None,1,-0.005,52,-3.0763,2.6568,-16.7022,-1.1875,0.695,-12.65,0,Run,0,9,Serve,-91.2516,-90.0113,-1.131,0.7481,-12.0185,0.5875,0,0,Forehand prepare 1.00,0,9,-87.071,-38.0503,1.0326,0,Great,,-1.1075,-12.35,-0.1901,11.2,0,0,0,0.2313,0,0
2398,PlayerServeHold,None,1,-0.005,52,-3.0929,2.6571,-16.7022,-1.1988,0.695,-12.65,0,Run,0,9,Serve,-90.3338,-89.8659,-1.1292,0.7478,-12.0207,0,0,0,Forehand prepare 1.00,0,9,-87.4623,-38.3898,0.9569,0,Great,,-1.1188,-12.35,-0.15,11.2,0,0,0,0.2216,0,0
2399,PlayerServeHold,None,1,-0.005,52,-3.1099,2.6574,-16.7023,-1.2213,0.695,-12.65,0,Run,0,9,Serve,-89.4287,-89.7291,-1.1389,0.7461,-12.023,0,0,0,Forehand prepare 1.00,0,9,-87.5049,-38.3832,3.1679,0,Great,,-1.1413,-12.35,-0.07,11.2,0,0,0,0.2044,0,0
2400,PlayerServeHold,None,1,-0.005,52,-3.1264,2.6576,-16.7023,-1.2325,0.695,-12.65,0,Run,0,9,Serve,-88.4869,-89.5856,-1.1366,0.7427,-12.0255,0,0,0,Forehand prepare 1.00,0,9,-87.1507,-37.9891,1.5826,0,Great,,-1.1525,-12.35,-0.0299,11.2,0,0,0,0.1879,0,0
2401,PlayerServeHold,None,1,-0.005,52,-3.1434,2.6578,-16.7023,-1.255,0.695,-12.65,0,Run,0,9,Serve,-87.445,-89.418,-1.144,0.737,-12.0285,0.5547,0,0,Forehand prepare 1.00,0,9,-86.5383,-37.3507,1.7043,0,Great,,-1.175,-12.35,0.0502,11.2,0,0,0,0.1797,0,0
2402,PlayerServeHold,None,1,-0.005,52,-3.16,2.658,-16.7023,-1.2663,0.695,-12.65,0,Run,0,9,Serve,-86.6019,-89.2997,-1.1431,0.7311,-12.0308,0.6086,0,0,Forehand prepare 1.00,0,9,-85.6954,-36.4992,0,0,Great,,-1.1863,-12.35,0.0902,11.2,0,0,0,0.1529,0,0
2403,PlayerServeHold,None,1,-0.005,52,-3.177,2.6581,-16.7023,-1.2888,0.695,-12.65,0,Run,0,9,Serve,-85.8956,-89.2117,-1.1555,0.7252,-12.0334,0.6757,0,0,Forehand prepare 1.00,0,9,-84.6739,-35.4881,0,0,Great,,-1.2088,-12.35,0.1703,11.2,0,0,0,0.1166,0,0
2404,PlayerServeHold,None,1,-0.005,52,-3.1936,2.6582,-16.7023,-1.3,0.695,-12.65,0,Run,0,9,Serve,-85.2816,-89.1397,-1.1579,0.719,-12.0352,0.0508,0,0,Forehand prepare 1.00,0,9,-83.7591,-34.6005,0,0,Great,,-1.22,-12.35,0.2103,11.2,0,0,0,0.0785,0,0
2405,PlayerServeHold,None,1,-0.005,52,-3.2107,2.6583,-16.7024,-1.3225,0.695,-12.65,0,Run,0,9,Serve,-84.7032,-89.0677,-1.1722,0.7266,-11.9913,0.0269,0,0,Forehand prepare 1.00,0,9,-82.8888,-33.7715,0,0,Great,,-1.2425,-12.35,0.2904,11.2,0,0,0,0.0442,0,0
2406,PlayerServeHold,None,1,-0.005,52,-3.2273,2.6583,-16.7024,-1.3338,0.695,-12.65,0,Run,0,9,Serve,-84.2934,-89.0279,-1.1776,0.7215,-11.9926,0.003,0,0,Forehand prepare 1.00,0,9,-82.2725,-33.2049,0,0,Great,,-1.2538,-12.35,0.3305,11.2,0,0,0,0,0,0
2407,PlayerServeHold,None,1,-0.005,52,-3.2443,2.6583,-16.7024,-1.3563,0.695,-12.65,0,Run,0,9,Serve,-84.0762,-89.0243,-1.1971,0.7189,-11.9934,0.0045,0,0,Forehand prepare 1.00,0,9,-82.0099,-32.9937,0,0,Great,,-1.2763,-12.35,0.4105,11.2,0,0,0,0,0,0
2408,PlayerServeHold,None,1,-0.005,52,-3.2609,2.6583,-16.7024,-1.3675,0.695,-12.65,0,Run,0,9,Serve,-84.0099,-89.0458,-1.2075,0.718,-11.9936,0.0012,0,0,Forehand prepare 1.00,0,9,-82.0492,-33.0799,1.5818,0,Great,,-1.2875,-12.35,0.4506,11.2,0,0,0,0.0464,0,0
2409,PlayerServeHold,None,1,-0.005,52,-3.278,2.6582,-16.7024,-1.39,0.695,-12.65,0,Run,0,9,Serve,-84.1147,-89.0952,-1.2322,0.7195,-11.9932,0.0024,0,0,Forehand prepare 1.00,0,9,-82.4377,-33.5049,3.5934,0,Great,,-1.31,-12.35,0.5307,11.2,0,0,0,0.0874,0,0
2410,PlayerServeHold,None,1,-0.005,52,-3.2946,2.6581,-16.7025,-1.4013,0.695,-12.65,0,Run,0,9,Serve,-84.3649,-89.1652,-1.2468,0.7224,-11.9923,0.0017,0,0,Forehand prepare 1.00,0,9,-83.1697,-34.2582,2.1618,0,Great,,-1.3213,-12.35,0.5707,11.2,0,0,0,0.1223,0,0
2411,PlayerServeHold,None,1,-0.005,52,-3.3117,2.658,-16.7025,-1.4238,0.695,-12.65,0,Run,0,9,Serve,-84.7291,-89.2481,-1.2748,0.7268,-11.9911,0.0001,0,0,Forehand prepare 1.00,0,9,-84.0181,-35.1107,0.5606,0,Great,,-1.3438,-12.35,0.6508,11.2,0,0,0,0.149,0,0
2412,PlayerServeHold,None,1,-0.005,52,-3.3283,2.6578,-16.7025,-1.435,0.695,-12.65,0,Run,0,9,Serve,-85.2252,-89.3491,-1.2934,0.7321,-11.9894,0.0045,0,0,Forehand prepare 1.00,0,9,-85.0266,-36.1047,0.95,0,Great,,-1.355,-12.35,0.6908,11.2,0,0,0,0.1702,0,0
2413,PlayerServeHold,None,1,-0.005,52,-3.3454,2.6576,-16.7025,-1.4575,0.695,-12.65,0,Run,0,9,Serve,-85.908,-89.4827,-1.3259,0.7387,-11.9872,0.0073,0,0,Forehand prepare 1.00,0,9,-86.002,-37.0494,2.0279,0,Great,,-1.3775,-12.35,0.7709,11.2,0,0,0,0.1931,0,0
2414,PlayerServeHold,None,1,-0.005,52,-3.3621,2.6574,-16.7026,-1.4688,0.695,-12.65,0,Run,0,9,Serve,-86.7676,-89.6465,-1.3385,0.7323,-12.0302,0.0082,0,0,Forehand prepare 1.00,0,9,-86.7497,-37.7543,1.0064,0,Great,,-1.3888,-12.35,0.811,11.2,0,0,0,0.2176,0,0
2415,PlayerServeHold,None,1,-0.005,52,-3.3791,2.6571,-16.7026,-1.4913,0.695,-12.65,0,Run,0,9,Serve,-87.5826,-89.7862,-1.3732,0.7385,-12.0269,0.0754,0,0,Forehand prepare 1.00,0,9,-87.3187,-38.2728,2.0937,0,Great,,-1.4113,-12.35,0.891,11.2,0,0,0,0.2214,0,0
2416,PlayerServeHold,None,1,-0.005,52,-3.3958,2.6569,-16.7026,-1.5025,0.695,-12.65,0,Run,0,9,Serve,-88.4364,-89.9256,-1.4077,0.7424,-12.0258,0.5194,0,0,Forehand prepare 1.00,0,9,-87.5267,-38.4297,0.2853,0,Great,,-1.4225,-12.35,0.9311,11.2,0,0,0,0.2176,0,0
2417,PlayerServeHold,None,1,-0.005,52,-3.4129,2.6565,-16.7027,-1.525,0.695,-12.65,0,Run,0,9,Serve,-89.3741,-90.0785,-1.4439,0.7459,-12.0234,0,0,0,Forehand prepare 1.00,0,9,-87.3597,-38.2176,2.4112,0,Great,,-1.445,-12.35,1.0112,11.2,0,0,0,0.2128,0,0
2418,PlayerServeHold,None,1,-0.005,52,-3.4295,2.6562,-16.7027,-1.5363,0.695,-12.65,0,Run,0,9,Serve,-90.4815,-90.2677,-1.471,0.7479,-12.0208,0,0,0,Forehand prepare 1.00,0,9,-86.9129,-37.7367,0.7697,0,Great,,-1.4563,-12.35,1.0512,11.2,0,0,0,0.2178,0,0.0001
2419,PlayerServeHold,None,1,-0.005,52,-3.4466,2.6558,-16.7028,-1.5588,0.695,-12.65,0,Run,0,9,Serve,-91.444,-90.4156,-1.5071,0.7481,-12.0186,0,0,0,Forehand prepare 1.00,0,9,-86.1559,-36.9619,13.902,0,Great,,-1.4788,-12.35,1.1313,11.2,0,0,0,0.2025,0,0
2420,PlayerServeHold,None,1,-0.005,52,-3.4633,2.6554,-16.7028,-1.57,0.695,-12.65,0,Run,0,9,Serve,-92.3049,-90.5366,-1.5302,0.7466,-12.0167,0,0,0,Forehand prepare 1.00,0,9,-85.1933,-36,0,0,Great,,-1.49,-12.35,1.1713,11.2,0,0,0,0.1753,0,0
2421,PlayerServeHold,None,1,-0.005,52,-3.4804,2.655,-16.7029,-1.5925,0.695,-12.65,0,Run,0,9,Serve,-93.1205,-90.6482,-1.5639,0.7437,-12.015,0.3699,0,0,Forehand prepare 1.00,0,9,-84.2917,-35.1167,0,0,Great,,-1.5125,-12.35,1.2514,11.2,0,0,0,0.1454,0,0
2422,PlayerServeHold,None,1,-0.005,52,-3.4971,2.6546,-16.7029,-1.6038,0.695,-12.65,0,Run,0,9,Serve,-93.9787,-90.7746,-1.575,0.7393,-12.0035,1.0995,0,0,Forehand prepare 1.00,0,9,-83.4046,-34.2633,0,0,Great,,-1.5238,-12.35,1.2915,11.2,0,0,0,0.1243,0,0
2423,PlayerServeHold,None,1,-0.005,52,-3.5142,2.6541,-16.703,-1.6263,0.695,-12.65,0,Run,0,9,Serve,-94.696,-90.8708,-1.6187,0.7351,-12.0115,1.4572,0,0,Forehand prepare 1.00,0,9,-35.0719,13.3943,21.9573,0,Great,,-1.5463,-12.35,1.3715,11.2,0,0,0,0.0954,0,0
2424,PlayerServeHold,None,1,-0.005,52,-3.5308,2.6536,-16.7031,-1.6375,0.695,-12.65,0,Run,0,9,Serve,-95.2108,-90.9241,-1.6365,0.731,-12.0113,0.1828,0,0,Forehand prepare 1.00,0,9,-35.6256,12.389,0,0,Great,,-1.5575,-12.35,1.4116,11.2,0,0,0,0.0542,0,0
2425,PlayerServeHold,None,1,-0.005,52,-3.5479,2.6531,-16.7031,-1.66,0.695,-12.65,0,Run,0,9,Serve,-95.5931,-90.9547,-1.6638,0.7277,-12.0107,0.0627,0,0,Forehand prepare 1.00,0,9,-36.3806,11.1209,0,0,Great,,-1.58,-12.35,1.4917,11.2,0,0,0,0,0,0
2426,PlayerServeHold,None,1,-0.005,52,-3.5646,2.6525,-16.7032,-1.6713,0.695,-12.65,0,Run,0,9,Serve,-95.858,-90.9682,-1.6783,0.7254,-12.0101,0.0028,0,0,Forehand prepare 1.00,0,9,-37.8453,9.1675,0,0,Great,,-1.5913,-12.35,1.5317,11.2,0,0,0,0,0,0
2427,PlayerServeHold,None,1,-0.005,52,-3.5817,2.652,-16.7033,-1.6938,0.695,-12.65,0,Run,0,9,Serve,-95.9866,-90.9609,-1.7024,0.7241,-12.0098,0.0089,0,0,Forehand prepare 1.00,0,9,-39.8231,6.7868,0,0,Great,,-1.6138,-12.35,1.6118,11.2,0,0,0,0,0,0
2428,PlayerServeHold,None,1,-0.005,52,-3.5984,2.6514,-16.7033,-1.705,0.695,-12.65,0,Run,0,9,Serve,-95.9421,-90.9245,-1.7132,0.7247,-12.0099,0.002,0,0,Forehand prepare 1.00,0,9,-41.7845,4.5413,0,0,Great,,-1.625,-12.35,1.6518,11.2,0,0,0,0.0747,0,0
2429,PlayerServeHold,None,1,-0.005,52,-3.6155,2.6508,-16.7034,-1.7275,0.695,-12.65,0,Run,0,9,Serve,-95.7456,-90.8647,-1.7325,0.7263,-12.01,0.0011,0,0,Forehand prepare 1.00,0,9,-43.6791,2.4914,0,0,Great,,-1.6475,-12.35,1.7319,11.2,0,0,0,0.1079,0,0
2430,PlayerServeHold,None,1,-0.005,52,-3.6322,2.6502,-16.7035,-1.7388,0.695,-12.65,0,Run,0,9,Serve,-95.367,-90.7745,-1.7388,0.7297,-12.0106,0.0024,0,0,Forehand prepare 1.00,0,9,-45.6517,0.4873,0,0,Great,,-1.6588,-12.35,1.772,11.2,0,0,0,0.1413,0,0
2431,PlayerServeHold,None,1,-0.005,52,-3.6493,2.6495,-16.7036,-1.7613,0.695,-12.65,0,Run,0,9,Serve,-94.7983,-90.6522,-1.7537,0.7342,-12.0115,0.001,0,0,Forehand prepare 1.00,0,9,-47.7312,-1.5153,0,0,Great,,-1.6813,-12.35,1.852,11.2,0,0,0,0.1739,0,0
2432,PlayerServeHold,None,1,-0.005,52,-3.666,2.6489,-16.7037,-1.7725,0.695,-12.65,0,Run,0,9,Serve,-94.1925,-90.5359,-1.7568,0.7384,-12.0125,0.0066,0,0,Forehand prepare 1.00,0,9,-49.9301,-3.5518,0.0877,0,Great,,-1.6925,-12.35,1.8921,11.2,0,0,0,0.1918,0,0
2433,PlayerServeHold,None,1,-0.005,52,-3.6831,2.6482,-16.7038,-1.795,0.695,-12.65,0,Run,0,9,Serve,-93.4994,-90.4111,-1.7698,0.7422,-12.0138,0.0128,0,0,Forehand prepare 1.00,0,9,-52.358,-5.7559,2.9404,0,Great,,-1.715,-12.35,1.95,11.2,0,0,0,0.2022,0,0
2434,PlayerServeHold,None,1,-0.005,52,-3.6998,2.6475,-16.7039,-1.8063,0.695,-12.65,0,Run,0,9,Serve,-92.6845,-90.2675,-1.7698,0.7453,-12.0154,0.0237,0,0,Forehand prepare 1.00,0,9,-53.5259,-6.6764,2.712,0,Great,,-1.7263,-12.35,1.95,11.2,0,0,0,0.2114,0,0
2435,PlayerServeHold,None,1,-0.005,52,-3.7169,2.6468,-16.7039,-1.8288,0.695,-12.65,0,Run,0,9,Serve,-91.654,-90.0807,-1.7781,0.7478,-12.0175,0.1804,0,0,Forehand prepare 1.00,0,9,-50.1296,-4.6833,2.9341,0,Great,,-1.7488,-12.35,1.95,11.2,0,0,0,0.2286,0,0
2436,PlayerServeHold,None,1,-0.005,52,-3.7336,2.6461,-16.704,-1.84,0.695,-12.65,0,Run,0,9,Serve,-90.6942,-89.9216,-1.7755,0.748,-12.0198,0,0,0,Forehand prepare 1.00,0,9,-42.6854,0.9487,0,0,Great,,-1.76,-12.35,1.95,11.2,0,0,0,0.2269,0,0
2437,PlayerServeHold,None,1,-0.005,52,-3.7507,2.6454,-16.7041,-1.8625,0.695,-12.65,0,Run,0,9,Serve,-89.7889,-89.7829,-1.7853,0.747,-12.022,0,0,0,Forehand prepare 1.00,0,9,-34.671,6.9303,0,0,Great,,-1.7825,-12.35,1.95,11.2,0,0,0,0.2119,0,0
2438,PlayerServeHold,None,1,-0.005,52,-3.7674,2.6447,-16.7042,-1.8738,0.695,-12.65,0,Run,0,9,Serve,-88.8779,-89.6464,-1.7835,0.7444,-12.0244,0,0,0,Forehand prepare 1.00,0,9,-27.3476,12.1772,2.5395,0,Great,,-1.7938,-12.35,1.95,11.2,0,0,0,0.1931,0,0
2439,PlayerServeHold,None,1,-0.005,52,-3.7846,2.6439,-16.7043,-1.8963,0.695,-12.65,0,Run,0,9,Serve,-87.8538,-89.483,-1.7912,0.7394,-12.0273,0,0,0,Forehand prepare 1.00,0,9,-21.1193,16.4723,1.6159,0,Great,,-1.8163,-12.35,1.95,11.2,0,0,0,0.1835,0,0
2440,PlayerServeHold,None,1,-0.005,52,-3.8012,2.6432,-16.7044,-1.9075,0.695,-12.65,0,Run,0,9,Serve,-86.9146,-89.3411,-1.7888,0.7335,-12.0299,0.577,0,0,Forehand prepare 1.00,0,9,-16.0038,19.9972,0.6538,0,Great,,-1.8275,-12.35,1.95,11.2,0,0,0,0.1655,0,0
2441,PlayerServeHold,None,1,-0.005,52,-3.8184,2.6424,-16.7045,-1.93,0.695,-12.65,0,Run,0,9,Serve,-86.1677,-89.2449,-1.8006,0.7276,-12.0324,0.5541,0,0,Forehand prepare 1.00,0,9,-11.8103,23.1223,0.858,0,Great,,-1.85,-12.35,1.95,11.2,0,0,0,0.1305,0,0
2442,PlayerServeHold,None,1,-0.005,52,-3.8351,2.6416,-16.7046,-1.9413,0.695,-12.65,0,Run,0,9,Serve,-85.5194,-89.1675,-1.8026,0.7214,-12.0346,0.1029,0,0,Forehand prepare 1.00,0,9,-8.3408,26.2067,0.7011,0,Great,,-1.8613,-12.35,1.95,11.2,0,0,0,0.0933,0,0
2443,PlayerServeHold,None,1,-0.005,52,-3.8522,2.6409,-16.7047,-1.9638,0.695,-12.65,0,Run,0,9,Serve,-84.9271,-89.0957,-1.8167,0.7291,-11.9905,0.2449,0,0,Forehand prepare 1.00,0,9,-5.5266,29.6404,0.5024,0,Great,,-1.8838,-12.35,1.95,11.2,0,0,0,0.0585,0,0
2444,PlayerServeHold,None,1,-0.005,52,-3.8689,2.6401,-16.7049,-1.975,0.695,-12.65,0,Run,0,9,Serve,-84.4289,-89.0379,-1.8208,0.7232,-11.9921,0.2494,0,0,Forehand prepare 1.00,0,9,-3.4013,32.8465,0.3016,0,Great,,-1.895,-12.35,1.95,11.2,0,0,0,0,0,0
2445,PlayerServeHold,None,1,-0.005,52,-3.886,2.6393,-16.705,-1.9975,0.695,-12.65,0,Run,0,9,Serve,-84.145,-89.0227,-1.8393,0.7197,-11.9931,0.0068,0,0,Forehand prepare 1.00,0,9,-1.9027,35.5058,0.1545,0,Great,,-1.9175,-12.35,1.95,11.2,0,0,0,0,0,0
2446,PlayerServeHold,None,1,-0.005,52,-3.9027,2.6385,-16.7051,-2.0088,0.695,-12.65,0,Run,0,9,Serve,-84.0172,-89.0325,-1.8487,0.7181,-11.9936,0.0016,0,0,Forehand prepare 1.00,0,9,-0.8868,37.718,0.07,0,Great,,-1.9288,-12.35,1.95,11.2,0,0,0,0,0,0
2447,PlayerServeHold,None,1,-0.005,52,-3.9198,2.6376,-16.7052,-2.0313,0.695,-12.65,0,Run,0,9,Serve,-84.0509,-89.0688,-1.8724,0.7187,-11.9934,0.0032,0,0,Forehand prepare 1.00,0,9,-0.2184,39.5795,0.029,0,Great,,-1.9513,-12.35,1.95,11.2,0,0,0,0.0678,0,0
2448,PlayerServeHold,None,1,-0.005,52,-3.9365,2.6368,-16.7053,-2.0425,0.695,-12.65,0,Run,0,9,Serve,-84.2526,-89.1323,-1.8865,0.7211,-11.9927,0.0014,0,0,Forehand prepare 1.00,0,9,0.214,41.1527,0.0093,0,Great,,-1.9625,-12.35,1.95,11.2,0,0,0,0.1051,0,0
2449,PlayerServeHold,None,1,-0.005,52,-3.9537,2.6359,-16.7054,-2.065,0.695,-12.65,0,Run,0,9,Serve,-84.5675,-89.209,-1.9136,0.7249,-11.9916,0.0004,0,0,Forehand prepare 1.00,0,9,0.4864,42.4648,0.003,0,Great,,-1.985,-12.35,1.95,11.2,0,0,0,0.1342,0,0
2450,PlayerServeHold,None,1,-0.005,52,-3.9703,2.6351,-16.7055,-2.0763,0.695,-12.65,0,Run,0,9,Serve,-85.0112,-89.3031,-1.9315,0.7299,-11.9901,0.0008,0,0,Forehand prepare 1.00,0,9,0.6553,43.5291,0.0013,0,Great,,-1.9963,-12.35,1.95,11.2,0,0,0,0.1579,0,0
2451,PlayerServeHold,None,1,-0.005,52,-3.9875,2.6342,-16.7057,-2.0988,0.695,-12.65,0,Run,0,9,Serve,-85.6024,-89.4199,-1.9627,0.7359,-11.9882,0.0016,0,0,Forehand prepare 1.00,0,9,0.8111,44.4125,0.0098,0,Great,,-2.0188,-12.35,1.95,11.2,0,0,0,0.1794,0,0
2452,PlayerServeHold,None,1,-0.005,52,-4.0042,2.6333,-16.7058,-2.11,0.695,-12.65,0,Run,0,9,Serve,-86.4243,-89.5807,-1.9747,0.7295,-12.0315,0.032,0,0,Forehand prepare 1.00,0,9,0.8561,44.9894,0.0035,0,Great,,-2.03,-12.35,1.95,11.2,0,0,0,0.2077,0,0
2453,PlayerServeHold,None,1,-0.005,52,-4.0213,2.6324,-16.7059,-2.1325,0.695,-12.65,0,Run,0,9,Serve,-87.2567,-89.7304,-2.0209,0.75,-11.9836,0.1127,0,0,Forehand prepare 1.00,0,9,0.8848,45.3671,0.0018,0,Great,,-2.0525,-12.35,1.95,11.2,0,0,0,0.2205,0,0
2454,PlayerServeHold,None,1,-0.005,52,-4.038,2.6315,-16.706,-2.1436,0.695,-12.65,0,Run,0,9,Serve,-88.0902,-89.8691,-2.0439,0.7408,-12.0267,0.12,0,0,Forehand prepare 1.00,0,9,0.9033,45.5691,0.001,0,Great,,-2.0636,-12.35,1.95,11.2,0,0,0,0.2192,0,0
2455,PlayerServeHold,None,1,-0.005,52,-4.055,2.6306,-16.7062,-2.1653,0.695,-12.65,0,Run,0,9,Serve,-88.9699,-90.0108,-2.0786,0.7448,-12.0245,0,0,0,Forehand prepare 1.00,0,9,0.9153,45.6266,0.0005,0,Great,,-2.0853,-12.35,1.95,11.2,0,0.0001,0.1331,0.2131,0,0
2456,PlayerServeHold,None,1,-0.005,52,-4.0716,2.6297,-16.7063,-2.1758,0.695,-12.65,0,Run,0,9,Serve,-89.9706,-90.1765,-2.1044,0.7477,-12.022,0,0,0,Forehand prepare 1.00,0,9,0.9371,45.5997,0.0009,0,Great,,-2.0958,-12.35,1.95,11.2,0,0.0005,0.5864,0.211,0,0
2457,PlayerServeHold,None,1,-0.005,52,-4.0885,2.6287,-16.7064,-2.1961,0.695,-12.65,0,Run,0,9,Serve,-90.963,-90.3352,-2.1391,0.7491,-12.0196,0,0,0,Forehand prepare 1.00,0,9,0.9371,45.4681,0,0,Great,,-2.1161,-12.35,1.95,11.2,0,0.0012,0.7027,0.2025,0,0
2458,PlayerServeHold,None,1,-0.005,52,-4.1048,2.6278,-16.7066,-2.206,0.695,-12.65,0,Run,0,9,Serve,-91.7682,-90.4449,-2.1607,0.7471,-12.0179,0,0,0,Forehand prepare 1.00,0,9,0.9371,45.3007,0,0,Great,,-2.126,-12.35,1.95,11.2,0,0.0022,1.0356,0.1722,0,0
2459,PlayerServeHold,None,1,-0.005,52,-4.1213,2.6268,-16.7067,-2.2251,0.695,-12.65,0,Run,0,9,Serve,-92.5099,-90.675,-2.1908,0.7446,-12.0164,0.3481,0,0,Forehand prepare 1.00,0,9,0.9371,45.1244,0,0,Great,,-2.1451,-12.35,1.95,11.2,0,0.0032,1.057,0.2916,0,0
2460,PlayerServeHold,None,1,-0.005,52,-4.1373,2.6258,-16.7068,-2.2344,0.695,-12.65,0,Run,0,9,Serve,-93.1932,-90.7938,-2.2099,0.7414,-12.0152,0.4199,0,0,Forehand prepare 1.00,0,9,0.9371,44.9603,0,0,Great,,-2.1544,-12.35,1.95,11.2,0,0.0044,1.3148,0.2918,0,0
2461,PlayerServeHold,None,1,-0.005,52,-4.1535,2.6248,-16.707,-2.2522,0.695,-12.65,0,Run,0,9,Serve,-93.9017,-90.8583,-2.2252,0.7368,-12.0029,1.1477,0,0,Forehand prepare 1.00,0,9,0.9371,44.8224,0,0,Great,,-2.1722,-12.35,1.95,11.2,0,0.0054,1.2774,0.2216,0,0
2462,PlayerServeHold,None,1,-0.005,52,-4.169,2.6237,-16.7071,-2.2608,0.695,-12.65,0,Run,0,9,Serve,-94.5041,-90.9011,-2.2537,0.7331,-12.0124,0.628,0,0,Forehand prepare 1.00,0,9,0.9371,44.7186,0,0,Great,,-2.1808,-12.35,1.95,11.2,0,0.0064,1.489,0.1439,0,0
2463,PlayerServeHold,None,1,-0.005,52,-4.1847,2.6227,-16.7073,-2.2774,0.695,-12.65,0,Run,0,9,Serve,-94.919,-90.8901,-2.2764,0.7293,-12.0111,0.2555,0,0,Forehand prepare 1.00,0,9,0.9371,44.651,0,0,Great,,-2.1974,-12.35,1.95,11.2,0,0.0072,1.4146,0,0,0
2464,PlayerServeHold,None,1,-0.005,52,-4.1997,2.6216,-16.7074,-2.2854,0.695,-12.65,0,Run,0,9,Serve,-95.0728,-90.7958,-2.2931,0.7269,-12.0112,0.1168,0,0,Forehand prepare 1.00,0,9,0.9371,44.6172,0,0,Great,,-2.2054,-12.35,1.95,11.2,0,0.0078,1.5977,0,0,0
2465,PlayerServeHold,None,1,-0.005,52,-4.2148,2.6205,-16.7076,-2.3007,0.695,-12.65,0,Run,0,9,Serve,-94.9894,-90.6495,-2.3197,0.7251,-12.0108,0.1095,0,0,Forehand prepare 1.00,0,9,0.9371,44.6121,0,0,Great,,-2.2207,-12.35,1.95,11.2,0,0.0082,1.5006,0.2091,0,0
2466,PlayerServeHold,None,1,-0.005,52,-4.2293,2.6194,-16.7077,-2.308,0.695,-12.65,0,Run,0,9,Serve,-94.687,-90.4774,-2.3413,0.726,-12.01,0.1562,0,0,Forehand prepare 1.00,0,9,0.9371,44.6288,0,0,Great,,-2.228,-12.35,1.95,11.2,0,0.0085,1.666,0.3807,0,0
2467,PlayerServeHold,None,1,-0.005,52,-4.2437,2.6183,-16.7079,-2.3221,0.695,-12.65,0,Run,0,9,Serve,-94.2374,-90.3243,-2.3705,0.73,-12.0088,0.1863,0,0,Forehand prepare 1.00,0,9,0.9371,44.6597,0,0,Great,,-2.2421,-12.35,1.95,11.2,0,0.0086,1.5547,0.5553,0,0
2468,PlayerServeHold,None,1,-0.005,52,-4.2576,2.6172,-16.708,-2.3288,0.695,-12.65,0,Run,0,9,Serve,-93.6799,-90.1746,-2.3927,0.7336,-12.0088,0.2349,0,0,Forehand prepare 1.00,0,9,0.9371,44.698,0,0,Great,,-2.2488,-12.35,1.95,11.2,0,0.0087,1.709,0.6851,0,0
2469,PlayerServeHold,None,1,-0.005,52,-4.2714,2.616,-16.7082,-2.3416,0.695,-12.65,0,Run,0,9,Serve,-93.0807,-90.0795,-2.42,0.7376,-12.0094,0.258,0,0,Forehand prepare 1.00,0,9,0.9371,44.7377,0,0,Great,,-2.2616,-12.35,1.95,11.2,0,0.0087,1.5891,0.7685,0,0
2470,PlayerServeHold,None,1,-0.005,52,-4.2846,2.6149,-16.7083,-2.3476,0.695,-12.65,0,Run,0,9,Serve,-92.5561,-90.1028,-2.4389,0.7438,-12.0109,0.2424,0,0,Forehand prepare 1.00,0,9,0.9371,44.7743,0,0,Great,,-2.2676,-12.35,1.95,11.2,0,0.0087,1.7369,0.7955,0,0
2471,PlayerServeHold,None,1,-0.005,52,-4.2977,2.6137,-16.7085,-2.3591,0.695,-12.65,0,Run,0,9,Serve,-92.1507,-90.2512,-2.4626,0.7513,-12.0132,0.2231,0,0,Forehand prepare 1.00,0,9,0.9371,44.8047,0,0,Great,,-2.2791,-12.35,1.95,11.2,0,0.0086,1.6114,0.767,0,0
2472,PlayerServeHold,None,1,-0.005,52,-4.3101,2.6125,-16.7087,-2.3646,0.695,-12.65,0,Run,0,9,Serve,-91.8987,-90.5261,-2.4809,0.7626,-12.0169,0.2227,0,0,Forehand prepare 1.00,0,9,0.9371,44.8273,0,0,Great,,-2.2846,-12.35,1.95,11.2,0,0.0086,1.7552,0.7012,0,0
2473,PlayerServeHold,None,1,-0.005,52,-4.3225,2.6112,-16.7089,-2.3748,0.695,-12.65,0,Run,0,9,Serve,-91.7455,-90.8893,-2.5039,0.7783,-12.0196,0.2264,0,0,Forehand prepare 1.00,0,9,0.9371,44.8417,0,0,Great,,-2.2948,-12.35,1.95,11.2,0,0.0086,1.6264,0.6285,0,0
2474,PlayerServeHold,None,1,-0.005,52,-4.3342,2.61,-16.709,-2.3796,0.695,-12.65,0,Run,0,9,Serve,-91.5684,-91.2897,-2.5215,0.8028,-12.0179,0.2695,0,0,Forehand prepare 1.00,0,9,0.9371,44.8487,0,0,Great,,-2.2996,-12.35,1.95,11.2,0,0.0086,1.7682,0.5901,0,0
2475,PlayerServeHold,None,1,-0.005,52,-4.3457,2.6087,-16.7092,-2.3885,0.695,-12.65,0,Run,0,9,Serve,-91.331,-91.665,-2.5472,0.8375,-12.0104,0.2852,0,0,Forehand prepare 1.00,0,9,0.9371,44.8493,0,0,Great,,-2.3085,-12.35,1.95,11.2,0,0.0085,1.6371,0.5689,0,0
2476,PlayerServeHold,None,1,-0.005,52,-4.3567,2.6074,-16.7094,-2.3927,0.695,-12.65,0,Run,0,9,Serve,-90.9218,-91.918,-2.5818,0.9188,-11.9844,0.2749,0,0,Forehand prepare 1.00,0,9,0.9371,44.8451,0,0,Great,,-2.3127,-12.35,1.95,11.2,0,0.0086,1.778,0.5669,0,0
2477,PlayerServeHold,None,1,-0.005,52,-4.3674,2.6061,-16.7096,-2.4004,0.695,-12.65,0,Run,0,9,Serve,-90.385,-92.0276,-2.61,0.9762,-11.9728,0.2769,0,0,Forehand prepare 1.00,0,9,0.9371,44.8379,0,0,Great,,-2.3204,-12.35,1.95,11.2,0,0.0086,1.6457,0.5608,0,0
2478,PlayerServeHold,None,1,-0.005,52,-4.3776,2.6048,-16.7098,-2.4039,0.695,-12.65,0,Run,0,9,Serve,-89.7252,-91.915,-2.6176,0.8725,-12.0304,0.2872,0,0,Forehand prepare 1.00,0,9,0.9371,44.8326,0,0,Great,,-2.3239,-12.35,1.95,11.2,0,0.0086,1.7867,0.5298,0,0
2479,PlayerServeHold,None,1,-0.005,52,-4.3875,2.6034,-16.7099,-2.4103,0.695,-12.65,0,Run,0,9,Serve,-88.9899,-91.6144,-2.5761,0.7831,-12.1036,0.2592,0,0,Forehand prepare 1.00,0,9,0.9371,44.8286,0,0,Great,,-2.3303,-12.35,1.95,11.2,0,0.0086,1.6533,0.4741,0,0
2480,PlayerServeHold,None,1,-0.005,52,-4.3968,2.602,-16.7101,-2.4131,0.695,-12.65,0,Run,0,9,Serve,-88.2723,-91.1482,-2.5752,0.7849,-12.1136,0.5961,0,0,Forehand prepare 1.00,0,9,0.9371,44.8257,0,0,Great,,-2.3331,-12.35,1.95,11.2,0,0.0087,1.7954,0.4099,0,0
2481,PlayerServeHold,None,1,-0.005,52,-4.4059,2.6006,-16.7103,-2.4182,0.695,-12.65,0,Run,0,9,Serve,-87.5567,-90.5507,-2.5902,0.8016,-12.1093,3.6391,0,0,Forehand prepare 1.00,0,9,0.9371,44.8236,0,0,Great,,-2.3382,-12.35,1.95,11.2,0,0.0087,1.6621,0.3807,0,0
2482,PlayerServeHold,None,1,-0.005,52,-4.4144,2.5992,-16.7105,-2.4204,0.695,-12.65,0,Run,0,9,Serve,-86.8592,-89.8926,-2.5968,0.81,-12.1102,0.4446,0,0,Forehand prepare 1.00,0,9,0.9371,44.822,0,0,Great,,-2.3404,-12.35,1.95,11.2,0,0.0088,1.8062,0.3926,0,0
2483,PlayerServeHold,None,1,-0.005,52,-4.4225,2.5978,-16.7107,-2.4242,0.695,-12.65,0,Run,0,9,Serve,-86.186,-89.1952,-2.6044,0.8144,-12.1138,0,0,0,Forehand prepare 1.00,0,9,0.9371,44.8208,0,0,Great,,-2.3442,-12.35,1.95,11.2,0,0.0088,1.6731,0.4127,0,0
2484,PlayerServeHold,None,1,-0.005,52,-4.4302,2.5963,-16.7109,-2.4617,0.695,-12.638,0,Run,0,9,Serve,-78.541,-81.5527,-2.5749,0.8115,-12.0719,0,0,0,Forehand prepare 1.00,0,9,0.9371,44.8199,0,0,Great,,-2.3458,-12.35,1.95,11.2,0,0.0088,1.8216,0.4164,0,0
2485,PlayerServeHold,None,1,-0.005,52,-4.4375,2.5949,-16.7112,-2.4985,0.695,-12.6217,0,Run,0,9,Serve,-70.9399,-73.9492,-2.5551,0.8093,-12.0877,0,0,0,Forehand prepare 1.00,0,9,0.9371,44.8192,0,0,Great,,-2.3483,-12.35,1.95,11.2,0,0.0088,1.6899,0.3926,0,0
2486,PlayerServeHold,None,1,-0.005,52,-4.4443,2.5934,-16.7114,-2.5318,0.695,-12.6014,0,Run,0,9,Serve,-63.3896,-66.4314,-2.5728,0.8302,-12.0953,0,0,0,Forehand prepare 1.00,0,9,0.9371,44.8188,0,0,Great,,-2.3496,-12.35,1.95,11.2,0,0.0088,1.6791,0.3323,0,0
2487,PlayerServeHold,None,1,-0.005,52,-4.4506,2.5919,-16.7116,-2.5615,0.695,-12.5773,0,Run,0,9,Serve,-55.9776,-59.0227,-2.5949,0.8678,-12.0557,1.524,0,0,Forehand prepare 1.00,0,9,0.9371,44.8184,0,0,Great,,-2.35,-12.35,1.95,11.2,0,0.0085,1.3233,0.2508,0,0
2488,PlayerServeHold,None,1,-0.005,52,-4.4564,2.5903,-16.7118,-2.5876,0.695,-12.5499,0,Serve prepare 0.00,0,9,Serve,-49.1026,-53.9829,-2.5265,0.8237,-12.0576,1.0831,0.2083,0.1667,Forehand prepare 1.00,0,9,0.9371,44.8181,0,0,Great,,-2.35,-12.35,1.95,11.2,0,0.0072,2.1296,1.4963,0,0
2489,PlayerServeHold,None,1,-0.005,52,-4.4618,2.5888,-16.712,-2.6102,0.695,-12.5194,0,Serve prepare 0.00,0,9,Serve,-40.0127,-47.2355,-2.4029,0.7862,-11.9789,0.6815,0.4167,0.3333,Forehand prepare 1.00,0,9,0.9371,44.8179,0,0,Great,,-2.35,-12.35,1.95,11.2,0,0.0054,1.4077,3.393,0,0
2490,PlayerServeHold,None,1,-0.005,52,-4.4668,2.5872,-16.7122,-2.6289,0.695,-12.4864,0,Serve prepare 0.00,0,9,Serve,-28.4603,-38.9122,-2.4075,0.7985,-12.0462,0,0.625,0.5,Forehand prepare 1.00,0,9,0.9371,44.8178,0,0,Great,,-2.35,-12.35,1.95,11.2,0,0.0035,0.8961,5.2767,0,0
2491,PlayerServeHold,None,1,-0.005,52,-4.4714,2.5856,-16.7125,-2.6434,0.695,-12.4514,0,Serve prepare 0.00,0,9,Serve,-14.6927,-29.1038,-2.3503,0.7962,-12.0415,0,0.8333,0.6667,Forehand prepare 1.00,0,9,0.9371,44.8177,0,0,Great,,-2.35,-12.35,1.95,11.2,0,0.0018,0.5381,6.8836,0,0
2492,PlayerServeHold,None,1,-0.005,52,-4.4757,2.584,-16.7127,-2.6536,0.695,-12.4149,0,Serve prepare 0.00,0,9,Serve,1.0166,-17.4255,-2.2944,0.7807,-12.0723,0,1,0.8333,Forehand prepare 1.00,0,9,0.9371,44.8176,0,0,Great,,-2.35,-12.35,1.95,11.2,0,0.0004,0.2916,7.3256,0,0
2493,PlayerServeHold,None,1,-0.005,52,-4.4797,2.5824,-16.7129,-2.6593,0.695,-12.3774,0,Serve prepare 0.00,0,9,Serve,18.3724,-2.514,-2.2472,0.766,-12.1338,0,1,1,Forehand prepare 1.00,0,9,0.9371,44.8176,0,0,Great,,-2.35,-12.35,1.95,11.2,0,-0.0006,0.1253,4.757,0,0
2494,PlayerServeHold,None,1,-0.005,52,-4.4833,2.5808,-16.7132,-2.6603,0.695,-12.3395,0,Serve prepare 0.00,0,9,Serve,36.3198,13.362,-2.1686,0.7582,-12.196,0,1,1,Forehand prepare 1.00,0,9,0.9371,44.8176,0,0,Great,,-2.35,-12.35,1.95,11.2,0,-0.0012,0.0165,2.5055,0,0
2495,PlayerServeHold,None,1,-0.005,52,-4.4867,2.5791,-16.7134,-2.6567,0.695,-12.3018,0,Serve prepare 0.00,0,9,Serve,54.9756,29.7967,-2.1304,0.7652,-12.2671,0,1,1,Forehand prepare 1.00,0,9,0.9371,44.8177,0,0,Great,,-2.35,-12.35,1.95,11.2,0,-0.0015,0,1.3446,0,0
2496,PlayerServeHold,None,1,-0.005,52,-4.4898,2.5774,-16.7137,-2.1954,0.875,-11.9843,0,Serve prepare 0.00,0,9,Serve,72.7884,45.384,-2.1145,0.7627,-12.3506,0,1,1,Forehand prepare 1.00,0,9,0.9371,44.8177,0,0,Great,,-2.35,-12.35,1.95,11.2,0,-0.0015,0,1.5277,0,0
2497,PlayerServeHold,None,1,-0.005,52,-4.4927,2.5758,-16.7139,-2.2083,0.875,-11.9792,0,Serve prepare 0.00,0,9,Serve,83.8435,54.0618,-2.1094,0.7605,-12.3988,0,1,1,Forehand prepare 1.00,0,9,0.9371,44.8177,0,0,Great,,-2.35,-12.35,1.95,11.2,0,-0.0013,0,1.8721,0,0
2498,PlayerServeHold,None,1,-0.005,52,-4.4954,2.574,-16.7142,-2.2213,0.875,-11.9745,0,Serve prepare 0.00,0,9,Serve,92.3861,60.3208,-2.1041,0.7601,-12.4299,0,1,1,Forehand prepare 1.00,0,9,0.9371,44.8178,0,0,Great,,-2.35,-12.35,1.95,11.2,0,-0.001,0,2.0654,0,0
2499,PlayerServeHold,None,1,-0.005,52,-4.4978,2.5723,-16.7144,-2.2345,0.875,-11.9702,0,Serve prepare 0.00,0,9,Serve,98.0094,64.1751,-2.0992,0.7589,-12.4511,0,1,1,Forehand prepare 1.00,0,9,0.9371,44.8178,0,0,Great,,-2.35,-12.35,1.95,11.2,0,-0.0007,0,1.9679,0,0
2500,PlayerServeHold,None,1,-0.005,52,-4.5001,2.5706,-16.7147,-2.2478,0.8644,-11.9664,0,Serve prepare 0.00,0,9,Serve,101.2003,66.0452,-2.096,0.755,-12.4643,0,1,1,Forehand prepare 1.00,0,9,0.9371,44.8178,0,0,Great,,-2.35,-12.35,1.95,11.2,0,-0.0004,0,1.5998,0,0
2501,PlayerServeHold,None,1,-0.005,52,-4.5023,2.5688,-16.7149,-2.2613,0.8422,-11.9631,0,Serve prepare 0.00,0,9,Serve,102.6029,66.4731,-2.0914,0.7525,-12.4698,0.1854,1,1,Forehand prepare 1.00,0,9,0.9371,44.8178,0,0,Great,,-2.35,-12.35,1.95,11.2,0,-0.0001,0,1.0965,0,0
2502,PlayerServeHold,None,1,-0.005,52,-4.5042,2.5671,-16.7152,-2.2748,0.8311,-11.9602,0,Serve prepare 0.00,0,9,Serve,102.7744,65.9258,-2.0856,0.7502,-12.4697,0.257,1,1,Forehand prepare 1.00,0,9,0.9371,44.8178,0,0,Great,,-2.35,-12.35,1.95,11.2,0,0.0001,0,0.6205,0,0
2503,PlayerServeHold,None,1,-0.005,52,-4.5061,2.5653,-16.7155,-2.2885,0.8089,-11.9578,0,Serve prepare 0.00,0,9,Serve,102.1372,64.7479,-2.0797,0.751,-12.4652,0.3007,1,1,Forehand prepare 1.00,0,9,0.9371,44.8178,0,0,Great,,-2.35,-12.35,1.95,11.2,0,0.0002,0,0.4665,0,0
2504,PlayerServeHold,None,1,-0.005,52,-4.5078,2.5635,-16.7158,-2.3022,0.7978,-11.9559,0,Serve prepare 0.00,0,9,Serve,100.969,63.1783,-2.0743,0.7516,-12.458,0,1,1,Forehand prepare 1.00,0,9,0.9371,44.8178,0,0,Great,,-2.35,-12.35,1.95,11.2,0,0.0002,0,0.6795,0,0
2505,PlayerServeHold,None,1,-0.005,52,-4.5093,2.5617,-16.716,-2.316,0.7429,-11.9545,0,Serve prepare 0.00,0,9,Serve,99.4631,61.3778,-2.0692,0.7523,-12.4489,0,1,1,Forehand prepare 1.00,0,9,0.9371,44.8178,0,0,Great,,-2.35,-12.35,1.95,11.2,0,0.0003,0,0.8944,0,0
2506,PlayerServeHold,None,1,-0.005,52,-4.5108,2.5599,-16.7163,-2.3298,0.7122,-11.9535,0,Serve prepare 0.00,0,9,Serve,97.7418,59.4467,-2.0647,0.7531,-12.4383,0,1,1,Forehand prepare 1.00,0,9,0.9371,44.8178,0,0,Great,,-2.35,-12.35,1.95,11.2,0,0.0002,0,0.9994,0,0
2507,PlayerServeHold,None,1,-0.005,52,-4.5121,2.558,-16.7166,-2.3298,0.6487,-11.9535,0,Serve prepare 0.00,0,9,Serve,97.8832,59.4467,-2.0638,0.7537,-12.4374,0,1,1,Forehand prepare 1.00,0,9,0.9371,44.8178,0,0,Great,,-2.35,-12.35,1.95,11.2,0,0.0002,0,0.9939,0,0
2508,PlayerServeHold,None,1,-0.005,52,-4.5134,2.5562,-16.7169,-2.3298,0.616,-11.9535,0,Serve prepare 0.00,0,9,Serve,97.9378,59.4117,-2.0631,0.754,-12.4364,0,1,1,Forehand prepare 1.00,0,9,0.9371,44.8178,0,0,Great,,-2.35,-12.35,1.95,11.2,0,0.0001,0,0.8996,0,0
2509,PlayerServeHold,None,1,-0.005,52,-4.5146,2.5543,-16.7172,-2.3298,0.5485,-11.9535,0,Serve prepare 0.00,0,9,Serve,97.9392,59.3588,-2.0626,0.7542,-12.4352,0,1,1,Forehand prepare 1.00,0,9,0.9371,44.8178,0,0,Great,,-2.35,-12.35,1.95,11.2,0,0.0001,0,0.7507,0,0
2510,PlayerServeHold,None,1,-0.005,52,-4.5157,2.5524,-16.7174,-2.3298,0.5137,-11.9535,0,Serve prepare 0.00,0,9,Serve,97.9898,59.3659,-2.062,0.7543,-12.4342,0,1,1,Forehand prepare 1.00,0,9,0.9371,44.8178,0,0,Great,,-2.35,-12.35,1.95,11.2,0,0,0,0.5539,0,0
2511,PlayerServeHold,None,1,-0.005,52,-4.5167,2.5506,-16.7177,-2.3298,0.4421,-11.9535,0,Serve prepare 0.00,0,9,Serve,97.8997,59.2636,-2.0616,0.7545,-12.4327,0,1,1,Forehand prepare 1.00,0,9,0.9371,44.8178,0,0,Great,,-2.35,-12.35,1.95,11.2,0,0,0,0.369,0,0
2512,PlayerServeHold,None,1,-0.005,52,-4.5176,2.5487,-16.718,-2.3298,0.4052,-11.9535,0,Serve prepare 0.00,0,9,Serve,97.809,59.1625,-2.0611,0.7546,-12.4313,0,1,1,Forehand prepare 1.00,0,9,0.9371,44.8178,0,0,Great,,-2.35,-12.35,1.95,11.2,0,0,0,0.1856,0,0
2513,PlayerServeHold,None,1,-0.005,52,-4.5185,2.5468,-16.7183,-2.3298,0.3295,-11.9535,0,Serve prepare 0.00,0,9,Serve,97.7177,59.057,-2.0607,0.7547,-12.43,0,1,1,Forehand prepare 1.00,0,9,0.9371,44.8178,0,0,Great,,-2.35,-12.35,1.95,11.2,0,0,0,0,0,0
2514,PlayerServeHold,None,1,-0.005,52,-4.5193,2.5449,-16.7186,-2.3298,0.2906,-11.9535,0,Serve prepare 0.00,0,9,Serve,97.6261,58.9439,-2.0601,0.7549,-12.4287,0,1,1,Forehand prepare 1.00,0,9,0.9371,44.8178,0,0,Great,,-2.35,-12.35,1.95,11.2,0,0,0,0,0,0
2515,PlayerServeHold,None,1,-0.005,52,-4.5201,2.543,-16.7189,-2.3298,0.2109,-11.9535,0,Serve prepare 0.00,0,9,Serve,97.534,58.8212,-2.0596,0.755,-12.4274,0,1,1,Forehand prepare 1.00,0,9,0.9371,44.8178,0,0,Great,,-2.35,-12.35,1.95,11.2,0,0,0,0,0,0
2516,PlayerServeHold,None,1,-0.005,52,-4.5208,2.541,-16.7192,-2.3298,0.1699,-11.9535,0,Serve prepare 0.00,0,9,Serve,97.4403,58.6881,-2.059,0.7551,-12.4261,0,1,1,Forehand prepare 1.00,0,9,0.9371,44.8178,0,0,Great,,-2.35,-12.35,1.95,11.2,0,0,0,0,0,0
2517,PlayerServeHold,None,1,-0.005,52,-4.5214,2.5391,-16.7195,-2.3298,0.1685,-11.9535,0,Serve prepare 0.00,0,9,Serve,97.3451,58.5452,-2.0584,0.7553,-12.4248,0,1,1,Forehand prepare 1.00,0,9,0.9371,44.8178,0,0,Great,,-2.35,-12.35,1.95,11.2,0,0,0,0,0,0
2518,PlayerServeHold,None,1,-0.005,52,-4.5221,2.5372,-16.7198,-2.3298,0.1966,-11.9535,0,Serve prepare 0.00,0,9,Serve,97.25,58.3944,-2.0577,0.7555,-12.4236,0,1,1,Forehand prepare 1.00,0,9,0.9371,44.8178,0,0,Great,,-2.35,-12.35,1.95,11.2,0,0,0,0,0,0
2519,PlayerServeHold,None,1,-0.005,52,-4.5227,2.5353,-16.7201,-2.3298,0.2509,-11.9535,0,Serve prepare 0.00,0,9,Serve,97.1552,58.2389,-2.0571,0.7557,-12.4222,0,1,1,Forehand prepare 1.00,0,9,0.9371,44.8178,0,0,Great,,-2.35,-12.35,1.95,11.2,0,0,0,0,0,0
2520,PlayerServeHold,None,1,-0.005,52,-4.5232,2.5333,-16.7204,-2.3298,0.277,-11.9535,0,Serve prepare 0.00,0,9,Serve,97.0607,58.0802,-2.0676,0.7441,-12.4337,0,1,1,Forehand prepare 1.00,0,9,0.9371,44.8178,0,0,Great,,-2.35,-12.35,1.95,11.2,0,0,0,0,0,0
2521,PlayerServeHold,None,1,-0.005,52,-4.5237,2.5314,-16.7207,-2.3298,0.3272,-11.9535,0,Serve prepare 0.00,0,9,Serve,96.967,57.9205,-2.067,0.7444,-12.4323,0,1,1,Forehand prepare 1.00,0,9,0.9371,44.8178,0,0,Great,,-2.35,-12.35,1.95,11.2,0,0,0,0,0,0
2522,PlayerServeHold,None,1,-0.005,52,-4.5242,2.5294,-16.721,-2.3298,0.3512,-11.9535,0,Serve prepare 0.00,0,9,Serve,96.8716,57.7613,-2.0665,0.7447,-12.431,0,1,1,Forehand prepare 1.00,0,9,0.9371,44.8178,0,0,Great,,-2.35,-12.35,1.95,11.2,0,0,0,0,0,0
2523,PlayerServeHold,None,1,-0.005,52,-4.5246,2.5275,-16.7213,-2.3298,0.3973,-11.9535,0,Serve prepare 0.00,0,9,Serve,96.775,57.6039,-2.0661,0.7451,-12.4296,0,1,1,Forehand prepare 1.00,0,9,0.9371,44.8178,0,0,Great,,-2.35,-12.35,1.95,11.2,0,0,0,0,0,0
2524,PlayerServeHold,None,1,-0.005,52,-4.5251,2.5255,-16.7216,-2.3298,0.4194,-11.9535,0,Serve prepare 0.00,0,9,Serve,96.6791,57.4497,-2.0657,0.7455,-12.4282,0,1,1,Forehand prepare 1.00,0,9,0.9371,44.8178,0,0,Great,,-2.35,-12.35,1.95,11.2,0,0,0,0,0,0
2525,PlayerServeHold,None,1,-0.005,52,-4.5255,2.5236,-16.7219,-2.3298,0.4614,-11.9535,0,Serve prepare 0.00,0,9,Serve,96.584,57.3011,-2.0654,0.7459,-12.4268,0,1,1,Forehand prepare 1.00,0,9,0.9371,44.8178,0,0,Great,,-2.35,-12.35,1.95,11.2,0,0,0,0,0,0
2526,PlayerServeHold,None,1,-0.005,52,-4.5259,2.5216,-16.7222,-2.3298,0.4813,-11.9535,0,Serve prepare 0.00,0,9,Serve,96.4896,57.1575,-2.0651,0.7464,-12.4254,0,1,1,Forehand prepare 1.00,0,9,0.9371,44.8178,0,0,Great,,-2.35,-12.35,1.95,11.2,0,0,0,0,0,0
2527,PlayerServeHold,None,1,-0.005,52,-4.5262,2.5196,-16.7225,-2.3298,0.5192,-11.9535,0,Serve prepare 0.00,0,9,Serve,96.396,57.0191,-2.0648,0.7468,-12.424,0,1,1,Forehand prepare 1.00,0,9,0.9371,44.8178,0,0,Great,,-2.35,-12.35,1.95,11.2,0,0,0,0,0,0
2528,PlayerServeHold,None,1,-0.005,52,-4.5265,2.5177,-16.7228,-2.3298,0.5372,-11.9535,0,Serve prepare 0.00,0,9,Serve,96.3015,56.8852,-2.0646,0.7472,-12.4226,0,1,1,Forehand prepare 1.00,0,9,0.9371,44.8178,0,0,Great,,-2.35,-12.35,1.95,11.2,0,0,0,0,0,0
2529,PlayerServeHold,None,1,-0.005,52,-4.5269,2.5157,-16.7231,-2.3298,0.571,-11.9535,0,Serve prepare 0.00,0,9,Serve,96.207,56.755,-2.0643,0.7476,-12.4213,0,1,1,Forehand prepare 1.00,0,9,0.9371,44.8178,0,0,Great,,-2.35,-12.35,1.95,11.2,0,0,0,0,0,0
2530,PlayerServeHold,None,1,-0.005,52,-4.5272,2.5138,-16.7234,-2.3298,0.5869,-11.9535,0,Serve prepare 0.00,0,9,Serve,96.1133,56.6287,-2.0641,0.748,-12.42,0,1,1,Forehand prepare 1.00,0,9,0.9371,44.8178,0,0,Great,,-2.35,-12.35,1.95,11.2,0,0,0,0,0,0
2531,PlayerServeHold,None,1,-0.005,52,-4.5274,2.5118,-16.7237,-2.3298,0.6166,-11.9535,0,Serve prepare 0.00,0,9,Serve,96.0203,56.5068,-2.0638,0.7483,-12.4187,0,1,1,Forehand prepare 1.00,0,9,0.9371,44.8178,0,0,Great,,-2.35,-12.35,1.95,11.2,0,0,0,0,0,0
2532,PlayerServeHold,None,1,-0.005,52,-4.5277,2.5099,-16.724,-2.3298,0.6305,-11.9535,0,Serve prepare 0.00,0,9,Serve,95.9281,56.3883,-2.0636,0.7486,-12.4174,0,1,1,Forehand prepare 1.00,0,9,0.9371,44.8178,0,0,Great,,-2.35,-12.35,1.95,11.2,0,0,0,0,0,0
2533,PlayerServeHold,None,1,-0.005,52,-4.528,2.5079,-16.7243,-2.3298,0.6561,-11.9535,0,Serve prepare 0.00,0,9,Serve,95.8377,56.2728,-2.0632,0.7489,-12.4161,0,1,1,Forehand prepare 1.00,0,9,0.9371,44.8178,0,0,Great,,-2.35,-12.35,1.95,11.2,0,0,0,0,0,0
2534,PlayerServeHold,None,1,-0.005,52,-4.5282,2.506,-16.7246,-2.3298,0.6679,-11.9535,0,Serve prepare 0.00,0,9,Serve,95.7475,56.1591,-2.0628,0.7492,-12.4149,0,1,1,Forehand prepare 1.00,0,9,0.9371,44.8178,0,0,Great,,-2.35,-12.35,1.95,11.2,0,0,0,0,0,0
2535,PlayerServeHold,None,1,-0.005,52,-4.5285,2.504,-16.7249,-2.3298,0.6895,-11.9535,0,Serve prepare 0.00,0,9,Serve,95.6581,56.0472,-2.0878,0.7494,-12.4058,0,1,1,Forehand prepare 1.00,0,9,0.9371,44.8178,0,0,Great,,-2.35,-12.35,1.95,11.2,0,0,0,0,0,0
2536,PlayerServeHold,None,1,-0.005,52,-4.5287,2.5021,-16.7252,-2.3298,0.6992,-11.9535,0,Serve prepare 0.00,0,9,Serve,95.5701,55.937,-2.0873,0.7496,-12.4047,0,1,1,Forehand prepare 1.00,0,9,0.9371,44.8178,0,0,Great,,-2.35,-12.35,1.95,11.2,0,0,0,0,0,0
2537,PlayerServeHold,None,1,-0.005,52,-4.5289,2.5002,-16.7255,-2.3298,0.7167,-11.9535,0,Serve prepare 0.00,0,9,Serve,95.4834,55.8296,-2.0868,0.7498,-12.4036,0,1,1,Forehand prepare 1.00,0,9,0.9371,44.8178,0,0,Great,,-2.35,-12.35,1.95,11.2,0,0,0,0,0,0
2538,PlayerServeHold,None,1,-0.005,52,-4.5291,2.4983,-16.7258,-2.3298,0.7244,-11.9535,0,Serve prepare 0.00,0,9,Serve,95.3982,55.7243,-2.0863,0.75,-12.4025,0,1,1,Forehand prepare 1.00,0,9,0.9371,44.8178,0,0,Great,,-2.35,-12.35,1.95,11.2,0,0,0,0,0,0
2539,PlayerServeHold,None,1,-0.005,52,-4.5293,2.4964,-16.7261,-2.3298,0.7378,-11.9535,0,Serve prepare 0.00,0,9,Serve,95.3149,55.621,-2.0605,0.7501,-12.4091,0,1,1,Forehand prepare 1.00,0,9,0.9371,44.8178,0,0,Great,,-2.35,-12.35,1.95,11.2,0,0,0,0,0,0
2540,PlayerServeHold,None,1,-0.005,52,-4.5295,2.4945,-16.7264,-2.3298,0.7435,-11.9535,0,Serve prepare 0.00,0,9,Serve,95.2341,55.5192,-2.06,0.7503,-12.408,0,1,1,Forehand prepare 1.00,0,9,0.9371,44.8178,0,0,Great,,-2.35,-12.35,1.95,11.2,0,0,0,0,0,0
2541,PlayerServeHold,None,1,-0.005,52,-4.5297,2.4926,-16.7267,-2.3298,0.7528,-11.9535,0,Serve prepare 0.00,0,9,Serve,95.1548,55.4184,-2.0595,0.7504,-12.407,0,1,1,Forehand prepare 1.00,0,9,0.9371,44.8178,0,0,Great,,-2.35,-12.35,1.95,11.2,0,0,0,0,0,0
2542,PlayerServeHold,None,1,-0.005,52,-4.5298,2.4907,-16.727,-2.3298,0.7564,-11.9535,0,Serve prepare 0.00,0,9,Serve,95.0768,55.319,-2.059,0.7505,-12.4059,0,1,1,Forehand prepare 1.00,0,9,0.9371,44.8178,0,0,Great,,-2.35,-12.35,1.95,11.2,0,0,0,0,0,0
2543,PlayerServeHold,None,1,-0.005,52,-4.53,2.4888,-16.7272,-2.3298,0.7616,-11.9535,0,Serve prepare 0.00,0,9,Serve,95.0001,55.2214,-2.0585,0.7506,-12.4049,0,1,1,Forehand prepare 1.00,0,9,0.9371,44.8178,0,0,Great,,-2.35,-12.35,1.95,11.2,0,0,0,0,0,0
2544,PlayerServeHold,None,1,-0.005,52,-4.5302,2.4869,-16.7275,-2.3298,0.7632,-11.9535,0,Serve prepare 0.00,0,9,Serve,94.9247,55.1267,-2.058,0.7508,-12.4039,0,1,1,Forehand prepare 1.00,0,9,0.9371,44.8178,0,0,Great,,-2.35,-12.35,1.95,11.2,0,0,0,0,0,0
2545,PlayerServeHold,None,1,-0.005,52,-4.5303,2.4851,-16.7278,-2.3298,0.7644,-11.9535,0,Serve prepare 0.00,0,9,Serve,94.8507,55.0344,-2.0576,0.7509,-12.4029,0,1,1,Forehand prepare 1.00,0,9,0.9371,44.8178,0,0,Great,,-2.35,-12.35,1.95,11.2,0,0,0,0,0,0
2546,PlayerServeHold,None,1,-0.005,52,-4.5305,2.4833,-16.7281,-2.3298,0.7653,-11.9535,0,Serve prepare 0.00,0,9,Serve,94.7787,54.9447,-2.0572,0.751,-12.402,0,1,1,Forehand prepare 1.00,0,9,0.9371,44.8178,0,0,Great,,-2.35,-12.35,1.95,11.2,0,0,0,0,0,0
2547,PlayerServeHold,None,1,-0.005,52,-4.5306,2.4814,-16.7284,-2.3298,0.7708,-11.9535,0,Serve prepare 0.00,0,9,Serve,94.7094,54.8571,-2.0568,0.7512,-12.4011,0,1,1,Forehand prepare 1.00,0,9,0.9371,44.8178,0,0,Great,,-2.35,-12.35,1.95,11.2,0,0,0,0,0,0
2548,PlayerServeHold,None,1,-0.005,52,-4.5308,2.4796,-16.7286,-2.3298,0.7751,-11.9535,0,Serve prepare 0.00,0,9,Serve,94.6434,54.7714,-2.0564,0.7513,-12.4002,0,1,1,Forehand prepare 1.00,0,9,0.9371,44.8178,0,0,Great,,-2.35,-12.35,1.95,11.2,0,0,0,0,0,0
2549,PlayerServeHold,None,1,-0.005,52,-4.5309,2.4778,-16.7289,-2.3298,0.7863,-11.9535,0,Serve prepare 0.00,0,9,Serve,94.5793,54.688,-2.0561,0.7515,-12.3994,0,1,1,Forehand prepare 1.00,0,9,0.9371,44.8178,0,0,Great,,-2.35,-12.35,1.95,11.2,0,0,0,0,0,0
2550,PlayerServeHold,None,1,-0.005,52,-4.531,2.476,-16.7292,-2.3298,0.7929,-11.9535,0,Serve prepare 0.00,0,9,Serve,94.5167,54.6069,-2.0557,0.7516,-12.3986,0,1,1,Forehand prepare 1.00,0,9,0.9371,44.8178,0,0,Great,,-2.35,-12.35,1.95,11.2,0,0,0,0,0,0
2551,PlayerServeHold,None,1,-0.005,52,-4.5312,2.4742,-16.7294,-2.3298,0.8073,-11.9535,0,Serve prepare 0.00,0,9,Serve,94.4559,54.5289,-2.0554,0.7517,-12.3978,0,1,1,Forehand prepare 1.00,0,9,0.9371,44.8178,0,0,Great,,-2.35,-12.35,1.95,11.2,0,0,0,0,0,0
2552,PlayerServeHold,None,1,-0.005,52,-4.5313,2.4725,-16.7297,-2.3298,0.8149,-11.9535,0,Serve prepare 0.00,0,9,Serve,94.3968,54.4547,-2.0551,0.7519,-12.397,0,1,1,Forehand prepare 1.00,0,9,0.9371,44.8178,0,0,Great,,-2.35,-12.35,1.95,11.2,0,0,0,0,0,0
2553,PlayerServeHold,None,1,-0.005,52,-4.5314,2.4708,-16.73,-2.3298,0.8302,-11.9535,0,Serve prepare 0.00,0,9,Serve,94.3396,54.3842,-2.0548,0.752,-12.3963,0,1,1,Forehand prepare 1.00,0,9,0.9371,44.8178,0,0,Great,,-2.35,-12.35,1.95,11.2,0,0,0,0,0,0
2554,PlayerServeHold,None,1,-0.005,52,-4.5315,2.469,-16.7302,-2.3298,0.8376,-11.9535,0,Serve prepare 0.00,0,9,Serve,94.2842,54.3173,-2.0545,0.7522,-12.3956,0,1,1,Forehand prepare 1.00,0,9,0.9371,44.8178,0,0,Great,,-2.35,-12.35,1.95,11.2,0,0,0,0,0,0
2555,PlayerServeHold,None,1,-0.005,52,-4.5316,2.4673,-16.7305,-2.3298,0.8515,-11.9535,0,Serve prepare 0.00,0,9,Serve,94.2329,54.2534,-2.0542,0.7523,-12.395,0,1,1,Forehand prepare 1.00,0,9,0.9371,44.8178,0,0,Great,,-2.35,-12.35,1.95,11.2,0,0,0,0,0,0
2556,PlayerServeHold,None,1,-0.005,52,-4.5317,2.4656,-16.7307,-2.3298,0.8576,-11.9535,0,Serve prepare 0.00,0,9,Serve,94.184,54.1928,-2.054,0.7524,-12.3944,0,1,1,Forehand prepare 1.00,0,9,0.9371,44.8178,0,0,Great,,-2.35,-12.35,1.95,11.2,0,0,0,0,0,0
2557,PlayerServeHold,None,1,-0.005,52,-4.5319,2.464,-16.731,-2.3298,0.8675,-11.9535,0,Serve prepare 0.00,0,9,Serve,94.1376,54.1346,-2.0537,0.7525,-12.3938,0,1,1,Forehand prepare 1.00,0,9,0.9371,44.8178,0,0,Great,,-2.35,-12.35,1.95,11.2,0,0,0,0,0,0
2558,PlayerServeHold,None,1,-0.005,52,-4.532,2.4623,-16.7312,-2.3298,0.8711,-11.9535,0,Serve prepare 0.00,0,9,Serve,94.0934,54.0789,-2.0535,0.7526,-12.3932,0,1,1,Forehand prepare 1.00,0,9,0.9371,44.8178,0,0,Great,,-2.35,-12.35,1.95,11.2,0,0,0,0,0,0
2559,PlayerServeHold,None,1,-0.005,52,-4.5321,2.4607,-16.7314,-2.3298,0.8749,-11.9535,0,Serve prepare 0.00,0,9,Serve,94.0512,54.0253,-2.0533,0.7527,-12.3927,0,1,1,Forehand prepare 1.00,0,9,0.9371,44.8178,0,0,Great,,-2.35,-12.35,1.95,11.2,0,0,0,0,0,0
2560,PlayerServeHold,None,1,-0.005,52,-4.5322,2.4591,-16.7317,-2.3298,0.8686,-11.9535,0,Serve prepare 0.00,0,9,Serve,94.011,53.9741,-2.0531,0.7528,-12.3922,0,1,1,Forehand prepare 1.00,0,9,0.9371,44.8178,0,0,Great,,-2.35,-12.35,1.95,11.2,0,0,0,0,0,0
2561,PlayerServeHold,None,1,-0.005,52,-4.5323,2.4575,-16.7319,-2.3298,0.8464,-11.9535,0,Serve prepare 0.00,0,9,Serve,93.973,53.925,-2.0529,0.7529,-12.3917,0,1,1,Forehand prepare 1.00,0,9,0.9371,44.8178,0,0,Great,,-2.35,-12.35,1.95,11.2,0,0,0,0,0,0
2562,PlayerServeHold,None,1,-0.005,52,-4.5324,2.4559,-16.7321,-2.3298,0.8353,-11.9535,0,Serve prepare 0.00,0,9,Serve,93.9372,53.8816,-2.0527,0.753,-12.3912,0,1,1,Forehand prepare 1.00,0,9,0.9371,44.8178,0,0,Great,,-2.35,-12.35,1.95,11.2,0,0,0,0,0,0
2563,PlayerServeHold,None,1,-0.005,52,-4.5324,2.4543,-16.7324,-2.3298,0.8131,-11.9535,0,Serve prepare 0.00,0,9,Serve,93.9035,53.8428,-2.0525,0.7531,-12.3908,0,1,1,Forehand prepare 1.00,0,9,0.9371,44.8178,0,0,Great,,-2.35,-12.35,1.95,11.2,0,0,0,0,0,0
2564,PlayerServeHold,None,1,-0.005,52,-4.5325,2.4528,-16.7326,-2.3298,0.8019,-11.9535,0,Serve prepare 0.00,0,9,Serve,93.872,53.805,-2.0523,0.7531,-12.3905,0,1,1,Forehand prepare 1.00,0,9,0.9371,44.8178,0,0,Great,,-2.35,-12.35,1.95,11.2,0,0,0,0,0,0
2565,PlayerServeHold,None,1,-0.005,52,-4.5326,2.4513,-16.7328,-2.3298,0.7542,-11.9535,0,Serve prepare 0.00,0,9,Serve,93.8429,53.7685,-2.0522,0.7532,-12.3901,0,1,1,Forehand prepare 1.00,0,9,0.9371,44.8178,0,0,Great,,-2.35,-12.35,1.95,11.2,0,0,0,0,0,0
2566,PlayerServeHold,None,1,-0.005,52,-4.5327,2.4498,-16.733,-2.3298,0.7238,-11.9535,0,Serve prepare 0.00,0,9,Serve,93.8159,53.7366,-2.052,0.7533,-12.3898,0,1,1,Forehand prepare 1.00,0,9,0.9371,44.8178,0,0,Great,,-2.35,-12.35,1.95,11.2,0,0,0,0,0,0
2567,PlayerServeHold,None,1,-0.005,52,-4.5328,2.4483,-16.7332,-2.3298,0.6609,-11.9535,0,Serve prepare 0.00,0,9,Serve,93.7913,53.7085,-2.0519,0.7533,-12.3895,0,1,1,Forehand prepare 1.00,0,9,0.9371,44.8178,0,0,Great,,-2.35,-12.35,1.95,11.2,0,0,0,0,0,0
2568,PlayerServeHold,None,1,-0.005,52,-4.5329,2.4469,-16.7334,-2.3298,0.6284,-11.9535,0,Serve prepare 0.00,0,9,Serve,93.7692,53.681,-2.0518,0.7534,-12.3892,0,1,1,Forehand prepare 1.00,0,9,0.9371,44.8178,0,0,Great,,-2.35,-12.35,1.95,11.2,0,0,0,0,0,0
2569,PlayerServeHold,None,1,-0.005,52,-4.533,2.4455,-16.7336,-2.3298,0.5614,-11.9535,0,Serve prepare 0.00,0,9,Serve,93.7498,53.6546,-2.0517,0.7534,-12.3889,0,1,1,Forehand prepare 1.00,0,9,0.9371,44.8178,0,0,Great,,-2.35,-12.35,1.95,11.2,0,0,0,0,0,0
2570,PlayerServeHold,None,1,-0.005,52,-4.533,2.4441,-16.7338,-2.3298,0.5268,-11.9535,0,Serve prepare 0.00,0,9,Serve,93.7327,53.6322,-2.0516,0.7534,-12.3887,0,1,1,Forehand prepare 1.00,0,9,0.9371,44.8178,0,0,Great,,-2.35,-12.35,1.95,11.2,0,0,0,0,0,0
2571,PlayerServeHold,None,1,-0.005,52,-4.5331,2.4427,-16.734,-2.3298,0.4557,-11.9535,0,Serve prepare 0.00,0,9,Serve,93.7178,53.6136,-2.0515,0.7535,-12.3885,0,1,1,Forehand prepare 1.00,0,9,0.9371,44.8178,0,0,Great,,-2.35,-12.35,1.95,11.2,0,0,0,0,0,0
2572,PlayerServeHold,None,1,-0.005,52,-4.5332,2.4414,-16.7342,-2.3298,0.4191,-11.9535,0,Serve prepare 0.00,0,9,Serve,93.7053,53.5984,-2.0515,0.7535,-12.3884,0,1,1,Forehand prepare 1.00,0,9,0.9371,44.8178,0,0,Great,,-2.35,-12.35,1.95,11.2,0,0,0,0,0,0
2573,PlayerServeHold,None,1,-0.005,52,-4.5333,2.4401,-16.7344,-2.3298,0.3439,-11.9535,0,Serve prepare 0.00,0,9,Serve,93.695,53.5861,-2.0514,0.7535,-12.3882,0,1,1,Forehand prepare 1.00,0,9,0.9371,44.8178,0,0,Great,,-2.35,-12.35,1.95,11.2,0,0,0,0,0,0
2574,PlayerServeHold,None,1,-0.005,52,-4.5333,2.4388,-16.7346,-2.3298,0.3053,-11.9535,0,Serve prepare 0.00,0,9,Serve,93.6872,53.5768,-2.0514,0.7535,-12.3881,0,1,1,Forehand prepare 1.00,0,9,0.9371,44.8178,0,0,Great,,-2.35,-12.35,1.95,11.2,0,0,0,0,0,0
2575,PlayerServeHold,None,1,-0.005,52,-4.5334,2.4375,-16.7348,-2.3298,0.226,-11.9535,0,Serve prepare 0.00,0,9,Serve,93.6816,53.5701,-2.0514,0.7535,-12.3881,0,1,1,Forehand prepare 1.00,0,9,0.9371,44.8178,0,0,Great,,-2.35,-12.35,1.95,11.2,0,0,0,0,0,0
2576,PlayerServeHold,None,1,-0.005,52,-4.5335,2.4363,-16.7349,-2.3298,0.1854,-11.9535,0,Serve prepare 0.00,0,9,Serve,93.6784,53.5661,-2.0513,0.7535,-12.388,0,1,1,Forehand prepare 1.00,0,9,0.9371,44.8178,0,0,Great,,-2.35,-12.35,1.95,11.2,0,0,0,0,0,0
2577,PlayerServeHold,None,1,-0.005,52,-4.5335,2.4351,-16.7351,-2.3298,0.1577,-11.9535,0,Serve prepare 0.00,0,9,Serve,93.6775,53.5645,-2.0513,0.7535,-12.388,0,1,1,Forehand prepare 1.00,0,9,0.9371,44.8178,0,0,Great,,-2.35,-12.35,1.95,11.2,0,0,0,0,0,0
2578,PlayerServeHold,None,1,-0.005,52,-4.5336,2.4339,-16.7353,-2.3298,0.1861,-11.9535,0,Serve prepare 0.00,0,9,Serve,93.6789,53.5654,-2.0513,0.7535,-12.388,0,1,1,Forehand prepare 1.00,0,9,0.9371,44.8178,0,0,Great,,-2.35,-12.35,1.95,11.2,0,0,0,0,0,0
2579,PlayerServeHold,None,1,-0.005,52,-4.5337,2.4327,-16.7354,-2.3298,0.2409,-11.9535,0,Serve prepare 0.00,0,9,Serve,93.6828,53.5687,-2.0514,0.7535,-12.3881,0,1,1,Forehand prepare 1.00,0,9,0.9371,44.8178,0,0,Great,,-2.35,-12.35,1.95,11.2,0,0,0,0,0,0
2580,PlayerServeHold,None,1,-0.005,52,-4.5337,2.4316,-16.7356,-2.3298,0.2673,-11.9535,0,Serve prepare 0.00,0,9,Serve,93.6889,53.5745,-2.0514,0.7535,-12.3881,0,1,1,Forehand prepare 1.00,0,9,0.9371,44.8178,0,0,Great,,-2.35,-12.35,1.95,11.2,0,0,0,0,0,0
2581,PlayerServeHold,None,1,-0.005,52,-4.5338,2.4305,-16.7357,-2.3298,0.318,-11.9535,0,Serve prepare 0.00,0,9,Serve,93.6973,53.5825,-2.0515,0.7535,-12.3882,0,1,1,Forehand prepare 1.00,0,9,0.9371,44.8178,0,0,Great,,-2.35,-12.35,1.95,11.2,0,0,0,0,0,0
2582,PlayerServeHold,None,1,-0.005,52,-4.5338,2.4294,-16.7359,-2.3298,0.3423,-11.9535,0,Serve prepare 0.00,0,9,Serve,93.7081,53.5929,-2.0515,0.7534,-12.3883,0,1,1,Forehand prepare 1.00,0,9,0.9371,44.8178,0,0,Great,,-2.35,-12.35,1.95,11.2,0,0,0,0,0,0
2583,PlayerServeHold,None,1,-0.005,52,-4.5339,2.4284,-16.736,-2.3298,0.3889,-11.9535,0,Serve prepare 0.00,0,9,Serve,93.7212,53.6055,-2.0516,0.7534,-12.3885,0,1,1,Forehand prepare 1.00,0,9,0.9371,44.8178,0,0,Great,,-2.35,-12.35,1.95,11.2,0,0,0,0,0,0
2584,PlayerServeHold,None,1,-0.005,52,-4.5339,2.4274,-16.7362,-2.3298,0.4112,-11.9535,0,Serve prepare 0.00,0,9,Serve,93.7366,53.6205,-2.0517,0.7534,-12.3886,0,1,1,Forehand prepare 1.00,0,9,0.9371,44.8178,0,0,Great,,-2.35,-12.35,1.95,11.2,0,0,0,0,0,0
2585,PlayerServeHold,None,1,-0.005,52,-4.534,2.4264,-16.7363,-2.3298,0.4537,-11.9535,0,Serve prepare 0.00,0,9,Serve,93.7542,53.6377,-2.0518,0.7533,-12.3888,0,1,1,Forehand prepare 1.00,0,9,0.9371,44.8178,0,0,Great,,-2.35,-12.35,1.95,11.2,0,0,0,0,0,0
2586,PlayerServeHold,None,1,-0.005,52,-4.5341,2.4254,-16.7364,-2.3298,0.4739,-11.9535,0,Serve prepare 0.00,0,9,Serve,93.7742,53.6573,-2.052,0.7533,-12.3891,0,1,1,Forehand prepare 1.00,0,9,0.9371,44.8178,0,0,Great,,-2.35,-12.35,1.95,11.2,0,0,0,0,0,0
2587,PlayerServeHold,None,1,-0.005,52,-4.5341,2.4245,-16.7366,-2.3298,0.5123,-11.9535,0,Serve prepare 0.00,0,9,Serve,93.7971,53.6789,-2.0521,0.7532,-12.3893,0,1,1,Forehand prepare 1.00,0,9,0.9371,44.8178,0,0,Great,,-2.35,-12.35,1.95,11.2,0,0,0,0,0,0
2588,PlayerServeHold,None,1,-0.005,52,-4.5342,2.4236,-16.7367,-2.3298,0.5305,-11.9535,0,Serve prepare 0.00,0,9,Serve,93.8222,53.7028,-2.0523,0.7531,-12.3896,0,1,1,Forehand prepare 1.00,0,9,0.9371,44.8178,0,0,Great,,-2.35,-12.35,1.95,11.2,0,0,0,0,0,0
2589,PlayerServeHold,None,1,-0.005,52,-4.5342,2.4227,-16.7368,-2.3298,0.5649,-11.9535,0,Serve prepare 0.00,0,9,Serve,93.8497,53.7319,-2.0524,0.753,-12.3899,0,1,1,Forehand prepare 1.00,0,9,0.9371,44.8178,0,0,Great,,-2.35,-12.35,1.95,11.2,0,0,0,0,0,0
2590,PlayerServeHold,None,1,-0.005,52,-4.5342,2.4219,-16.7369,-2.3298,0.581,-11.9535,0,Serve prepare 0.00,0,9,Serve,93.8794,53.7659,-2.0526,0.753,-12.3902,0,1,1,Forehand prepare 1.00,0,9,0.9371,44.8178,0,0,Great,,-2.35,-12.35,1.95,11.2,0,0,0,0,0,0
2591,PlayerServeHold,None,1,-0.005,52,-4.5343,2.4211,-16.737,-2.3298,0.6112,-11.9535,0,Serve prepare 0.00,0,9,Serve,93.9115,53.8044,-2.0528,0.7529,-12.3906,0,1,1,Forehand prepare 1.00,0,9,0.9371,44.8178,0,0,Great,,-2.35,-12.35,1.95,11.2,0,0,0,0,0,0
2592,PlayerServeHold,None,1,-0.005,52,-4.5343,2.4203,-16.7371,-2.3298,0.6253,-11.9535,0,Serve prepare 0.00,0,9,Serve,93.9456,53.8469,-2.053,0.7528,-12.3911,0,1,1,Forehand prepare 1.00,0,9,0.9371,44.8178,0,0,Great,,-2.35,-12.35,1.95,11.2,0,0,0,0,0,0
2593,PlayerServeHold,None,1,-0.005,52,-4.5344,2.4195,-16.7372,-2.3298,0.6515,-11.9535,0,Serve prepare 0.00,0,9,Serve,93.982,53.8929,-2.0531,0.7527,-12.3915,0,1,1,Forehand prepare 1.00,0,9,0.9371,44.8178,0,0,Great,,-2.35,-12.35,1.95,11.2,0,0,0,0,0,0
2594,PlayerServeHold,None,1,-0.005,52,-4.5344,2.4188,-16.7373,-2.3298,0.6636,-11.9535,0,Serve prepare 0.00,0,9,Serve,94.0205,53.9425,-2.0533,0.7526,-12.392,0,1,1,Forehand prepare 1.00,0,9,0.9371,44.8178,0,0,Great,,-2.35,-12.35,1.95,11.2,0,0,0,0,0,0
2595,PlayerServeHold,None,1,-0.005,52,-4.5344,2.4181,-16.7374,-2.3298,0.6856,-11.9535,0,Serve prepare 0.00,0,9,Serve,94.0612,53.9951,-2.0535,0.7526,-12.3925,0,1,1,Forehand prepare 1.00,0,9,0.9371,44.8178,0,0,Great,,-2.35,-12.35,1.95,11.2,0,0,0,0,0,0
2596,PlayerServeHold,None,1,-0.005,52,-4.5345,2.4174,-16.7375,-2.3298,0.6957,-11.9535,0,Serve prepare 0.00,0,9,Serve,94.1039,54.0506,-2.0538,0.7525,-12.3931,0,1,1,Forehand prepare 1.00,0,9,0.9371,44.8178,0,0,Great,,-2.35,-12.35,1.95,11.2,0,0,0,0,0,0
2597,PlayerServeHold,None,1,-0.005,52,-4.5345,2.4168,-16.7376,-2.3298,0.7136,-11.9535,0,Serve prepare 0.00,0,9,Serve,94.1486,54.1088,-2.054,0.7524,-12.3936,0,1,1,Forehand prepare 1.00,0,9,0.9371,44.8178,0,0,Great,,-2.35,-12.35,1.95,11.2,0,0,0,0,0,0
2598,PlayerServeHold,None,1,-0.005,52,-4.5345,2.4162,-16.7377,-2.3298,0.7216,-11.9535,0,Serve prepare 0.00,0,9,Serve,94.1957,54.1695,-2.0542,0.7522,-12.3942,0,1,1,Forehand prepare 1.00,0,9,0.9371,44.8178,0,0,Great,,-2.35,-12.35,1.95,11.2,0,0,0,0,0,0
2599,PlayerServeHold,None,1,-0.005,52,-4.5346,2.4156,-16.7377,-2.3298,0.7355,-11.9535,0,Serve prepare 0.00,0,9,Serve,94.245,54.2322,-2.0545,0.7521,-12.3949,0,1,1,Forehand prepare 1.00,0,9,0.9371,44.8178,0,0,Great,,-2.35,-12.35,1.95,11.2,0,0,0,0,0,0
2600,PlayerServeHold,None,1,-0.005,52,-4.5346,2.4151,-16.7378,-2.3298,0.7414,-11.9535,0,Serve prepare 0.00,0,9,Serve,94.2974,54.2969,-2.0548,0.752,-12.3955,0,1,1,Forehand prepare 1.00,0,9,0.9371,44.8178,0,0,Great,,-2.35,-12.35,1.95,11.2,0,0,0,0,0,0
2601,PlayerServeHold,None,1,-0.005,52,-4.5346,2.4146,-16.7379,-2.3298,0.7512,-11.9535,0,Serve prepare 0.00,0,9,Serve,94.3532,54.363,-2.0551,0.7519,-12.3962,0,1,1,Forehand prepare 1.00,0,9,0.9371,44.8178,0,0,Great,,-2.35,-12.35,1.95,11.2,0,0,0,0,0,0
2602,PlayerServeHold,None,1,-0.005,52,-4.5347,2.4141,-16.7379,-2.3298,0.7551,-11.9535,0,Serve prepare 0.00,0,9,Serve,94.411,54.4307,-2.0554,0.7517,-12.3969,0,1,1,Forehand prepare 1.00,0,9,0.9371,44.8178,0,0,Great,,-2.35,-12.35,1.95,11.2,0,0,0,0,0,0
2603,PlayerServeHold,None,1,-0.005,52,-4.5347,2.4137,-16.738,-2.3298,0.7608,-11.9535,0,Serve prepare 0.00,0,9,Serve,94.4705,54.4999,-2.0557,0.7516,-12.3977,0,1,1,Forehand prepare 1.00,0,9,0.9371,44.8178,0,0,Great,,-2.35,-12.35,1.95,11.2,0,0,0,0,0,0
2604,PlayerServeHold,None,1,-0.005,52,-4.5347,2.4132,-16.738,-2.3298,0.7627,-11.9535,0,Serve prepare 0.00,0,9,Serve,94.5317,54.5722,-2.056,0.7514,-12.3984,0,1,1,Forehand prepare 1.00,0,9,0.9371,44.8178,0,0,Great,,-2.35,-12.35,1.95,11.2,0,0,0,0,0,0
2605,PlayerServeHold,None,1,-0.005,52,-4.5347,2.4129,-16.7381,-2.3298,0.7643,-11.9535,0,Serve prepare 0.00,0,9,Serve,94.5946,54.6478,-2.0564,0.7513,-12.3992,0,1,1,Forehand prepare 1.00,0,9,0.9371,44.8178,0,0,Great,,-2.35,-12.35,1.95,11.2,0,0,0,0,0,0
2606,PlayerServeHold,None,1,-0.005,52,-4.5348,2.4125,-16.7381,-2.3298,0.7648,-11.9535,0,Serve prepare 0.00,0,9,Serve,94.6591,54.7268,-2.0568,0.7511,-12.4,0,1,1,Forehand prepare 1.00,0,9,0.9371,44.8178,0,0,Great,,-2.35,-12.35,1.95,11.2,0,0,0,0,0,0
2607,PlayerServeHold,None,1,-0.005,52,-4.5348,2.4122,-16.7382,-2.3298,0.7694,-11.9535,0,Serve prepare 0.00,0,9,Serve,94.7261,54.8092,-2.0571,0.751,-12.4009,0,1,1,Forehand prepare 1.00,0,9,0.9371,44.8178,0,0,Great,,-2.35,-12.35,1.95,11.2,0,0,0,0,0,0
2608,PlayerServeHold,None,1,-0.005,52,-4.5348,2.4119,-16.7382,-2.3298,0.7734,-11.9535,0,Serve prepare 0.00,0,9,Serve,94.7956,54.8945,-2.0575,0.7509,-12.4018,0,1,1,Forehand prepare 1.00,0,9,0.9371,44.8178,0,0,Great,,-2.35,-12.35,1.95,11.2,0,0,0,0,0,0
2609,PlayerServeHold,None,1,-0.005,52,-4.5348,2.4116,-16.7382,-2.3298,0.784,-11.9535,0,Serve prepare 0.00,0,9,Serve,94.8685,54.9819,-2.058,0.7507,-12.4027,0,1,1,Forehand prepare 1.00,0,9,0.9371,44.8178,0,0,Great,,-2.35,-12.35,1.95,11.2,0,0,0,0,0,0
2610,PlayerServeHold,None,1,-0.005,52,-4.5348,2.4114,-16.7383,-2.3298,0.7903,-11.9535,0,Serve prepare 0.00,0,9,Serve,94.9429,55.0714,-2.0584,0.7506,-12.4036,0,1,1,Forehand prepare 1.00,0,9,0.9371,44.8178,0,0,Great,,-2.35,-12.35,1.95,11.2,0,0,0,0,0,0
2611,PlayerServeHold,None,1,-0.005,52,-4.5348,2.4112,-16.7383,-2.3298,0.8045,-11.9535,0,Serve prepare 0.00,0,9,Serve,95.0186,55.1628,-2.0589,0.7505,-12.4046,0,1,1,Forehand prepare 1.00,0,9,0.9371,44.8178,0,0,Great,,-2.35,-12.35,1.95,11.2,0,0,0,0,0,0
2612,PlayerServeHold,None,1,-0.005,52,-4.5348,2.411,-16.7383,-2.3298,0.812,-11.9535,0,Serve prepare 0.00,0,9,Serve,95.0956,55.2575,-2.0594,0.7503,-12.4056,0,1,1,Forehand prepare 1.00,0,9,0.9371,44.8178,0,0,Great,,-2.35,-12.35,1.95,11.2,0,0,0,0,0,0
2613,PlayerServeHold,None,1,-0.005,52,-4.5349,2.4108,-16.7383,-2.3298,0.8273,-11.9535,0,Serve prepare 0.00,0,9,Serve,95.1739,55.355,-2.0852,0.7502,-12.399,0,1,1,Forehand prepare 1.00,0,9,0.9371,44.8178,0,0,Great,,-2.35,-12.35,1.95,11.2,0,0,0,0,0,0
2614,PlayerServeHold,None,1,-0.005,52,-4.5349,2.4107,-16.7383,-2.3298,0.8349,-11.9535,0,Serve prepare 0.00,0,9,Serve,95.2535,55.4553,-2.0857,0.7501,-12.4,0,1,1,Forehand prepare 1.00,0,9,0.9371,44.8178,0,0,Great,,-2.35,-12.35,1.95,11.2,0,0,0,0,0,0
2615,PlayerServeHold,None,1,-0.005,52,-4.5349,2.4106,-16.7383,-2.3298,0.849,-11.9535,0,Serve prepare 0.00,0,9,Serve,95.3347,55.5577,-2.0863,0.7499,-12.4011,0,1,1,Forehand prepare 1.00,0,9,0.9371,44.8178,0,0,Great,,-2.35,-12.35,1.95,11.2,0,0,0,0,0,0
2616,PlayerServeHold,None,1,-0.005,52,-4.5349,2.4106,-16.7383,-2.3298,0.8553,-11.9535,0,Serve prepare 0.00,0,9,Serve,95.4187,55.662,-2.0868,0.7498,-12.4022,0,1,1,Forehand prepare 1.00,0,9,0.9371,44.8178,0,0,Great,,-2.35,-12.35,1.95,11.2,0,0,0,0,0,0
2617,PlayerServeHold,None,1,-0.005,52,-4.5349,2.4105,-16.7383,-2.3298,0.8659,-11.9535,0,Serve prepare 0.00,0,9,Serve,95.5043,55.7682,-2.0873,0.7496,-12.4034,0,1,1,Forehand prepare 1.00,0,9,0.9371,44.8178,0,0,Great,,-2.35,-12.35,1.95,11.2,0,0,0,0,0,0
2618,PlayerServeHold,None,1,-0.005,52,-4.5349,2.4105,-16.7383,-2.3298,0.8699,-11.9535,0,Serve prepare 0.00,0,9,Serve,95.5913,55.8765,-2.0878,0.7494,-12.4045,0,1,1,Forehand prepare 1.00,0,9,0.9371,44.8178,0,0,Great,,-2.35,-12.35,1.95,11.2,0,0,0,0,0,0
2619,PlayerServeHold,None,1,-0.005,52,-4.5349,2.4105,-16.7383,-2.3298,0.8746,-11.9535,0,Serve prepare 0.00,0,9,Serve,95.6796,55.9881,-2.0882,0.7492,-12.4057,0,1,1,Forehand prepare 1.00,0,9,0.9371,44.8178,0,0,Great,,-2.35,-12.35,1.95,11.2,0,0,0,0,0,0
2620,PlayerServeHold,None,1,-0.005,52,-4.5349,2.4106,-16.7383,-2.3298,0.875,-11.9535,0,Serve prepare 0.00,0,9,Serve,95.7694,56.1028,-2.0633,0.7489,-12.4147,0,1,1,Forehand prepare 1.00,0,9,0.9371,44.8178,0,0,Great,,-2.35,-12.35,1.95,11.2,0,0,0,0,0,0
2621,PlayerServeHold,None,1,-0.005,52,-4.5349,2.4107,-16.7383,-2.3298,0.875,-11.9535,0,Serve prepare 0.00,0,9,Serve,95.8595,56.2197,-2.0637,0.7486,-12.4159,0,1,1,Forehand prepare 1.00,0,9,0.9371,44.8178,0,0,Great,,-2.35,-12.35,1.95,11.2,0,0,0,0,0,0
2622,PlayerServeHold,None,1,-0.005,52,-4.5349,2.4108,-16.7383,-2.3298,0.875,-11.9535,0,Serve prepare 0.00,0,9,Serve,95.9504,56.3382,-2.064,0.7483,-12.4172,0,1,1,Forehand prepare 1.00,0,9,0.9371,44.8178,0,0,Great,,-2.35,-12.35,1.95,11.2,0,0,0,0,0,0
2623,PlayerServeHold,None,1,-0.005,52,-4.5349,2.4109,-16.7382,-2.3298,0.875,-11.9535,0,Serve prepare 0.00,0,9,Serve,96.0428,56.4583,-2.0643,0.748,-12.4184,0,1,1,Forehand prepare 1.00,0,9,0.9371,44.8178,0,0,Great,,-2.35,-12.35,1.95,11.2,0,0,0,0,0,0
2624,PlayerServeHold,None,1,-0.005,52,-4.5349,2.4111,-16.7382,-2.3298,0.875,-11.9535,0,Serve prepare 0.00,0,9,Serve,96.1359,56.5799,-2.0646,0.7476,-12.4197,0,1,1,Forehand prepare 1.00,0,9,0.9371,44.8178,0,0,Great,,-2.35,-12.35,1.95,11.2,0,0,0,0,0,0
2625,PlayerServeHold,None,1,-0.005,52,-4.5349,2.4113,-16.7382,-2.3298,0.875,-11.9535,0,Serve prepare 0.00,0,9,Serve,96.2298,56.7048,-2.0648,0.7472,-12.421,0,1,1,Forehand prepare 1.00,0,9,0.9371,44.8178,0,0,Great,,-2.35,-12.35,1.95,11.2,0,0,0,0,0,0
2626,PlayerServeHold,None,1,-0.005,52,-4.5349,2.4115,-16.7382,-2.3298,0.875,-11.9535,0,Serve prepare 0.00,0,9,Serve,96.3245,56.8323,-2.0651,0.7468,-12.4223,0,1,1,Forehand prepare 1.00,0,9,0.9371,44.8178,0,0,Great,,-2.35,-12.35,1.95,11.2,0,0,0,0,0,0
2627,PlayerServeHold,None,1,-0.005,52,-4.5349,2.4117,-16.7381,-2.3298,0.875,-11.9535,0,Serve prepare 0.00,0,9,Serve,96.4186,56.9621,-2.0653,0.7464,-12.4236,0,1,1,Forehand prepare 1.00,0,9,0.9371,44.8178,0,0,Great,,-2.35,-12.35,1.95,11.2,0,0,0,0,0,0
2628,PlayerServeHold,None,1,-0.005,52,-4.5349,2.412,-16.7381,-2.3298,0.875,-11.9535,0,Serve prepare 0.00,0,9,Serve,96.5124,57.0938,-2.0655,0.746,-12.4249,0,1,1,Forehand prepare 1.00,0,9,0.9371,44.8178,0,0,Great,,-2.35,-12.35,1.95,11.2,0,0,0,0,0,0
2629,PlayerServeHold,None,1,-0.005,52,-4.5349,2.4123,-16.738,-2.3298,0.875,-11.9535,0,Serve prepare 0.00,0,9,Serve,96.6069,57.2277,-2.0658,0.7457,-12.4263,0,1,1,Forehand prepare 1.00,0,9,0.9371,44.8178,0,0,Great,,-2.35,-12.35,1.95,11.2,0,0,0,0,0,0
2630,PlayerServeHold,None,1,-0.005,52,-4.5349,2.4126,-16.738,-2.3298,0.875,-11.9535,0,Serve prepare 0.00,0,9,Serve,96.7022,57.3634,-2.0661,0.7453,-12.4276,0,1,1,Forehand prepare 1.00,0,9,0.9371,44.8178,0,0,Great,,-2.35,-12.35,1.95,11.2,0,0,0,0,0,0
2631,PlayerServeHold,None,1,-0.005,52,-4.5348,2.4129,-16.7379,-2.3291,0.8764,-11.954,0,Serve prepare 0.00,0,9,Serve,96.7983,57.5031,-2.0665,0.7449,-12.429,0,1,1,Forehand prepare 1.00,0,9,0.9371,44.8178,0,0,Great,,-2.35,-12.35,1.95,11.2,0,0,0,0,0,0
2632,PlayerServeHold,None,1,-0.005,52,-4.5348,2.4133,-16.7379,-2.3278,0.8782,-11.9545,0,Serve prepare 0.01,0,9,Serve,97.4534,58.2866,-2.0598,0.7549,-12.4236,0,1,1,Forehand prepare 1.00,0,9,0.9371,44.8178,0,0,Great,,-2.35,-12.35,1.95,11.2,0,0,0,0.3472,0,0
2633,PlayerServeHold,None,1,-0.005,52,-4.5348,2.4137,-16.7378,-2.3245,0.8837,-11.9562,0,Serve prepare 0.01,0,9,Serve,97.9792,58.9911,-2.0636,0.7535,-12.43,0,1,1,Forehand prepare 1.00,0,9,0.9371,44.8178,0,0,Great,,-2.35,-12.35,1.95,11.2,0,0,0,0.5159,0,0
2634,PlayerServeHold,None,1,-0.005,52,-4.5348,2.4141,-16.7377,-2.3218,0.8873,-11.9574,0,Serve prepare 0.03,0,9,Serve,99.0523,60.4185,-2.0701,0.7494,-12.4437,0,1,1,Forehand prepare 1.00,0,9,0.9371,44.8178,0,0,Great,,-2.35,-12.35,1.95,11.2,0,0,0,0.8632,0,0
2635,PlayerServeHold,None,1,-0.005,52,-4.5348,2.4145,-16.7377,-2.3167,0.8964,-11.9603,0,Serve prepare 0.03,0,9,Serve,99.6257,61.2724,-2.0736,0.7475,-12.4511,0,1,1,Forehand prepare 1.00,0,9,0.9371,44.8178,0,0,Great,,-2.35,-12.35,1.95,11.2,0,0,0,0.8504,0,0
2636,PlayerServeHold,None,1,-0.005,52,-4.5348,2.415,-16.7376,-2.3131,0.9017,-11.962,0,Serve prepare 0.05,0,9,Serve,100.7532,62.8674,-2.0794,0.7431,-12.4658,0.0287,1,1,Forehand prepare 1.00,0,9,0.9371,44.8178,0,0,Great,,-2.35,-12.35,1.95,11.2,0,0,0,1.0712,0,0
2637,PlayerServeHold,None,1,-0.005,52,-4.5348,2.4155,-16.7375,-2.3064,0.9139,-11.9658,0,Serve prepare 0.05,0,9,Serve,101.2997,63.8774,-2.0708,0.7476,-12.4707,0.0123,1,1,Forehand prepare 1.00,0,9,0.9371,44.8178,0,0,Great,,-2.35,-12.35,1.95,11.2,0,0,0,0.9716,0,0
2638,PlayerServeHold,None,1,-0.005,52,-4.5347,2.416,-16.7375,-2.3021,0.9208,-11.968,0,Serve prepare 0.07,0,9,Serve,102.4113,65.7284,-2.0609,0.7374,-12.5047,0.0223,1,1,Forehand prepare 1.00,0,9,0.9371,44.8178,0,0,Great,,-2.35,-12.35,1.95,11.2,0,0,0,1.2066,0,0
2639,PlayerServeHold,None,1,-0.005,52,-4.5347,2.4165,-16.7374,-2.2939,0.9357,-11.9728,0,Serve prepare 0.07,0,9,Serve,103.0159,66.9067,-2.0658,0.7354,-12.5132,0.0124,1,1,Forehand prepare 1.00,0,9,0.9371,44.8178,0,0,Great,,-2.35,-12.35,1.95,11.2,0,0,0,1.0468,0,0
2640,PlayerServeHold,None,1,-0.005,52,-4.5347,2.4171,-16.7373,-2.2889,0.9437,-11.9754,0,Serve prepare 0.09,0,9,Serve,104.3896,68.914,-2.0987,0.7335,-12.5136,0.0392,1,1,Forehand prepare 1.00,0,9,0.9371,44.8178,0,0,Great,,-2.35,-12.35,1.95,11.2,0,0,0,1.1029,0,0
2641,PlayerServeHold,None,1,-0.005,52,-4.5347,2.4176,-16.7372,-2.2795,0.961,-11.9809,0,Serve prepare 0.09,0,9,Serve,105.0969,70.1617,-2.1021,0.7322,-12.5228,0.0219,1,1,Forehand prepare 1.00,0,9,0.9371,44.8178,0,0,Great,,-2.35,-12.35,1.95,11.2,0,0,0,0.8632,0,0
2642,PlayerServeHold,None,1,-0.005,52,-4.5347,2.4182,-16.7371,-2.2741,0.97,-11.9839,0,Serve prepare 0.11,0,9,Serve,106.5916,72.2655,-2.0874,0.73,-12.5537,0.0495,1,1,Forehand prepare 1.00,0,9,0.9371,44.8178,0,0,Great,,-2.35,-12.35,1.95,11.2,0,0,0,0.9245,0,0
2643,PlayerServeHold,None,1,-0.005,52,-4.5346,2.4188,-16.737,-2.2638,0.9891,-11.99,0,Serve prepare 0.11,0,9,Serve,107.3995,73.5273,-2.0768,0.7403,-12.5544,0.0267,1,1,Forehand prepare 1.00,0,9,0.9371,44.8178,0,0,Great,,-2.35,-12.35,1.95,11.2,0,0,0,0.5293,0,0
2644,PlayerServeHold,None,1,-0.005,52,-4.5346,2.4195,-16.7369,-2.2579,0.999,-11.9933,0,Serve prepare 0.13,0,9,Serve,108.9198,75.7664,-2.0861,0.7353,-12.5714,0.0391,1,1,Forehand prepare 1.00,0,9,0.9371,44.8178,0,0,Great,,-2.35,-12.35,1.95,11.2,0,0,0,0.4681,0,0
2645,PlayerServeHold,None,1,-0.005,52,-4.5346,2.4201,-16.7369,-2.2469,1.0194,-11.9998,0,Serve prepare 0.13,0,9,Serve,109.6336,77.0546,-2.0927,0.7327,-12.5814,0.0157,1,1,Forehand prepare 1.00,0,9,0.9371,44.8178,0,0,Great,,-2.35,-12.35,1.95,11.2,0,0,0,0.4352,0,0
2646,PlayerServeHold,None,1,-0.005,52,-4.5346,2.4208,-16.7368,-2.2408,1.0299,-12.0034,0,Serve prepare 0.15,0,9,Serve,111.1078,79.4677,-2.0896,0.7347,-12.6015,0.0284,1,1,Forehand prepare 1.00,0,9,0.9371,44.8178,0,0,Great,,-2.35,-12.35,1.95,11.2,0,0,0,0.9048,0,0
2647,PlayerServeHold,None,1,-0.005,52,-4.5345,2.4215,-16.7367,-2.2293,1.0513,-12.0103,0,Serve prepare 0.15,0,9,Serve,111.8687,81.0139,-2.0948,0.7293,-12.6216,0.0131,1,1,Forehand prepare 1.00,0,9,0.9371,44.8178,0,0,Great,,-2.35,-12.35,1.95,11.2,0,0,0,0.9151,0,0
2648,PlayerServeHold,None,1,-0.005,52,-4.5345,2.4222,-16.7366,-2.223,1.0621,-12.014,0,Serve prepare 0.17,0,9,Serve,113.3859,83.8181,-2.0847,0.7555,-12.5978,0.0338,1,1,Forehand prepare 1.00,0,9,0.9371,44.8178,0,0,Great,,-2.35,-12.35,1.95,11.2,0,0,0,1.6032,0,0
2649,PlayerServeHold,None,1,-0.005,52,-4.5345,2.4229,-16.7364,-2.2113,1.084,-12.0211,0,Serve prepare 0.17,0,9,Serve,114.1407,85.5794,-2.0917,0.7523,-12.6069,0.0184,1,1,Forehand prepare 1.00,0,9,0.9371,44.8178,0,0,Great,,-2.35,-12.35,1.95,11.2,0,0,0,1.52,0,0
2650,PlayerServeHold,None,1,-0.005,52,-4.5344,2.4236,-16.7363,-2.2049,1.095,-12.0249,0,Serve prepare 0.19,0,9,Serve,115.6028,88.7724,-2.0756,0.777,-12.603,0.0314,1,1,Forehand prepare 1.00,0,9,0.9371,44.8178,0,0,Great,,-2.35,-12.35,1.95,11.2,0,0,0,1.665,0,0
2651,PlayerServeHold,None,1,-0.005,52,-4.5344,2.4244,-16.7362,-2.1932,1.117,-12.0321,0,Serve prepare 0.19,0,9,Serve,113.7942,90.724,-2.0781,0.7741,-12.6189,0.1972,1,1,Forehand prepare 1.00,0,9,0.9371,44.8178,0,0,Great,,-2.35,-12.35,1.95,11.2,0,0,0,1.3499,0,0
2652,PlayerServeHold,None,1,-0.005,52,-4.5344,2.4251,-16.7361,-2.1869,1.1279,-12.0359,0,Serve prepare 0.21,0,9,Serve,112.7875,93.9311,-2.087,0.7672,-12.6429,0.1985,1,1,Forehand prepare 1.00,0,9,0.9371,44.8178,0,0,Great,,-2.35,-12.35,1.95,11.2,0,0,0,1.387,0,0
2653,PlayerServeHold,None,1,-0.005,52,-4.5344,2.4259,-16.736,-2.1754,1.1495,-12.0431,0,Serve prepare 0.21,0,9,Serve,113.528,95.8425,-2.1081,0.7298,-12.7634,0.0099,1,1,Forehand prepare 1.00,0,9,0.9371,44.8178,0,0,Great,,-2.35,-12.35,1.95,11.2,0,0,0,1.0616,0,0
2654,PlayerServeHold,None,1,-0.005,52,-4.5343,2.4267,-16.7359,-2.1693,1.1601,-12.0469,0,Serve prepare 0.23,0,9,Serve,114.9921,98.9369,-2.1446,0.7201,-12.7528,0.0201,1,1,Forehand prepare 1.00,0,9,0.9371,44.8178,0,0,Great,,-2.35,-12.35,1.95,11.2,0,0,0,1.1521,0,0
2655,PlayerServeHold,None,1,-0.005,52,-4.5343,2.4275,-16.7358,-2.1583,1.1809,-12.0538,0,Serve prepare 0.23,0,9,Serve,115.7041,100.7547,-2.1534,0.7208,-12.7643,0.0103,1,1,Forehand prepare 1.00,0,9,0.9371,44.8178,0,0,Great,,-2.35,-12.35,1.95,11.2,0,0,0,0.8223,0,0
2656,PlayerServeHold,None,1,-0.005,52,-4.5343,2.4284,-16.7357,-2.1525,1.191,-12.0574,0,Serve prepare 0.25,0,9,Serve,116.9974,103.5881,-2.1673,0.7226,-12.7938,0.0288,1,1,Forehand prepare 1.00,0,9,0.9371,44.8178,0,0,Great,,-2.35,-12.35,1.95,11.2,0,0,0,0.952,0,0
2657,PlayerServeHold,None,1,-0.005,52,-4.5342,2.4292,-16.7355,-2.1421,1.2106,-12.064,0,Serve prepare 0.25,0,9,Serve,117.5483,105.2111,-2.1751,0.7261,-12.7402,0.0119,1,1,Forehand prepare 1.00,0,9,0.9371,44.8178,0,0,Great,,-2.35,-12.35,1.95,11.2,0,0,0,0.76,0,0
2658,PlayerServeHold,None,1,-0.005,52,-4.5342,2.4301,-16.7354,-2.1367,1.22,-12.0675,0,Serve prepare 0.27,0,9,Serve,119.3111,107.8959,-2.1786,0.7299,-12.794,0.1429,1,1,Forehand prepare 1.00,0,9,0.9371,44.8178,0,0,Great,,-2.35,-12.35,1.95,11.2,0,0,0,2.6621,0,0
2659,PlayerServeHold,None,1,-0.005,52,-4.5342,2.4309,-16.7353,-2.1272,1.2378,-12.0735,0,Serve prepare 0.27,0,9,Serve,120.2851,109.6251,-2.1604,0.7456,-12.7817,0.2621,1,1,Forehand prepare 1.00,0,9,0.9371,44.8178,0,0,Great,,-2.35,-12.35,1.95,11.2,0,0,0,4.1528,0,0
2660,PlayerServeHold,None,1,-0.005,52,-4.5341,2.4318,-16.7352,-2.1223,1.2463,-12.0767,0,Serve prepare 0.29,0,9,Serve,120.2306,112.0997,-2.187,0.7377,-12.7974,0.1615,1,1,Forehand prepare 1.00,0,9,0.9371,44.8178,0,0,Great,,-2.35,-12.35,1.95,11.2,0,0,0,4.4875,0,0
2661,PlayerServeHold,None,1,-0.005,52,-4.5341,2.4327,-16.735,-2.114,1.262,-12.0821,0,Serve prepare 0.29,0,9,Serve,120.1017,113.6314,-2.1741,0.7479,-12.7683,0.0777,1,1,Forehand prepare 1.00,0,9,0.9371,44.8178,0,0,Great,,-2.35,-12.35,1.95,11.2,0,0,0,3.7969,0,0
2662,PlayerServeHold,None,1,-0.005,52,-4.534,2.4336,-16.7349,-2.1097,1.2692,-12.0849,0,Serve prepare 0.31,0,9,Serve,119.7459,115.7857,-2.1996,0.7364,-12.7806,0.1324,1,1,Forehand prepare 1.00,0,9,0.9371,44.8178,0,0,Great,,-2.35,-12.35,1.95,11.2,0,0,0,3.9515,0,0
2663,PlayerServeHold,None,1,-0.005,52,-4.534,2.4345,-16.7348,-2.1027,1.2824,-12.0895,0,Serve prepare 0.31,0,9,Serve,119.4493,117.1679,-2.2636,0.7411,-12.9325,0.0691,1,1,Forehand prepare 1.00,0,9,0.9371,44.8178,0,0,Great,,-2.35,-12.35,1.95,11.2,0,0,0,3.136,0,0
2664,PlayerServeHold,None,1,-0.005,52,-4.534,2.4354,-16.7346,-2.0992,1.2883,-12.0919,0,Serve prepare 0.33,0,9,Serve,118.7074,118.9165,-2.4403,0.6968,-12.9293,0.1787,1,1,Forehand prepare 1.00,0,9,0.9371,44.8178,0,0,Great,,-2.35,-12.35,1.95,11.2,0,0,0,3.3761,0,0
2665,PlayerServeHold,None,1,-0.005,52,-4.5339,2.4364,-16.7345,-2.0937,1.2984,-12.0955,0,Serve prepare 0.33,0,9,Serve,118.2369,120.0637,-2.4144,0.6921,-12.9147,0.1058,1,1,Forehand prepare 1.00,0,9,0.9371,44.8178,0,0,Great,,-2.35,-12.35,1.95,11.2,0,0,0,2.6732,0,0
2666,PlayerServeHold,None,1,-0.005,52,-4.5339,2.4373,-16.7344,-2.0911,1.3027,-12.0974,0,Serve prepare 0.35,0,9,Serve,117.0887,121.5222,-2.4339,0.6864,-12.9031,0.2395,1,1,Forehand prepare 1.00,0,9,0.9371,44.8178,0,0,Great,,-2.35,-12.35,1.95,11.2,0,0,0,3.3928,0,0
2667,PlayerServeHold,None,1,-0.005,52,-4.5339,2.4383,-16.7342,-2.0874,1.3094,-12.0999,0,Serve prepare 0.35,0,9,Serve,119.8745,121.552,-2.4352,0.6842,-12.9206,0.8323,1,1,Forehand prepare 1.00,0,9,0.9371,44.8178,0,0,Great,,-2.35,-12.35,1.95,11.2,0,0,0,4.7392,0,0
2668,PlayerServeHold,None,1,-0.005,52,-4.5338,2.4392,-16.7341,-2.0857,1.3118,-12.1012,0,Serve prepare 0.37,0,9,Serve,119.2687,122.1703,-2.4184,0.6891,-12.9266,0.1799,1,1,Forehand prepare 1.00,0,9,0.9371,44.8178,0,0,Great,,-2.35,-12.35,1.95,11.2,0,0,0,3.2282,0,0
2669,PlayerServeHold,None,1,-0.005,52,-4.5338,2.4402,-16.7339,-2.084,1.3146,-12.1024,0,Serve prepare 0.37,0,9,Serve,116.2939,123.1422,-2.3975,0.6885,-12.9154,0.6123,1,1,Forehand prepare 1.00,0,9,0.9371,44.8178,0,0,Great,,-2.35,-12.35,1.95,11.2,0,0,0,2.2132,0,0
2670,PlayerServeHold,None,1,-0.005,52,-4.5337,2.4412,-16.7338,-2.0834,1.315,-12.103,0,Serve prepare 0.39,0,9,Serve,111.4755,124.6245,-2.4224,0.7055,-12.9454,0.6389,1,1,Forehand prepare 1.00,0,9,0.9371,44.8178,0,0,Great,,-2.35,-12.35,1.95,11.2,0,0,0,8.2968,0,0
2671,PlayerServeToss,Toss,1,-0.005,48,-2.9,0.455,-13.75,-2.0855,1.3653,-12.1039,0,Serve prepare 0.39,0,9,Serve,110.2821,125.6582,-2.4368,0.7049,-12.954,0.078,1,1,Forehand prepare 1.00,0,9,0.9371,44.8178,0,0,Great,,-2.35,-12.35,1.95,11.2,-4,0,0,7.3783,0,0
2672,PlayerServeToss,Toss,1,-0.005,48,-2.9,0.455,-13.75,-2.0879,1.415,-12.1046,0,Serve prepare 0.40,0,9,Serve,109.1196,126.7416,-2.454,0.7041,-12.9623,0.0783,1,1,Forehand prepare 1.00,0,9,0.9371,44.8178,0,0,Great,,-2.35,-12.35,1.95,11.2,0,0,0,5.9664,0,0
2673,PlayerServeToss,Toss,1,-0.005,48,-2.9,0.455,-13.75,-2.0927,1.5123,-12.106,0,Serve prepare 0.41,0,9,Serve,108.8144,127.9629,-2.4641,0.6964,-12.9589,0.0201,1,1,Forehand prepare 1.00,0,9,0.9371,44.8178,0,0,Great,,-2.35,-12.35,1.95,11.2,0,0,0,3.8019,0,0
2674,PlayerServeToss,Toss,1,-0.005,48,-2.9,0.455,-13.75,-2.0951,1.5599,-12.1067,0,Serve prepare 0.42,0,9,Serve,108.2107,129.0487,-2.4789,0.6927,-12.9593,0.0331,1,1,Forehand prepare 1.00,0,9,0.9371,44.8178,0,0,Great,,-2.35,-12.35,1.95,11.2,0,0,0,2.0718,0,0
2675,PlayerServeToss,Toss,1,-0.005,48,-2.9,0.455,-13.75,-2.0999,1.6531,-12.1081,0,Serve prepare 0.43,0,9,Serve,107.9176,130.0017,-2.4883,0.6882,-12.9567,0.0115,1,1,Forehand prepare 1.00,0,9,0.9371,44.8178,0,0,Great,,-2.35,-12.35,1.95,11.2,0,0,0,0.4813,0,0
2676,PlayerServeToss,Toss,1,-0.005,48,-2.9,0.455,-13.75,-2.1023,1.6987,-12.1088,0,Serve prepare 0.45,0,9,Serve,107.412,130.6522,-2.5026,0.6911,-12.9589,0.0799,1,1,Forehand prepare 1.00,0,9,0.9371,44.8178,0,0,Great,,-2.35,-12.35,1.95,11.2,0,0,0,0.7306,0,0
2677,PlayerServeToss,Toss,1,-0.005,48,-2.9,0.455,-13.75,-2.1071,1.7878,-12.1102,0,Serve prepare 0.46,0,9,Serve,107.1469,131.1752,-2.5108,0.6918,-12.9584,0.054,1,1,Forehand prepare 1.00,0,9,0.9371,44.8178,0,0,Great,,-2.35,-12.35,1.95,11.2,0,0,0,1.4983,0,0
2678,PlayerServeToss,Toss,1,-0.005,48,-2.9,0.455,-13.75,-2.1095,1.8313,-12.1109,0,Serve prepare 0.47,0,9,Serve,106.7301,131.3985,-2.5236,0.7005,-12.962,0.1008,1,1,Forehand prepare 1.00,0,9,0.9371,44.8178,0,0,Great,,-2.35,-12.35,1.95,11.2,0,0,0,1.7579,0,0
2679,PlayerServeToss,Toss,1,-0.005,48,-2.9,0.455,-13.75,-2.1143,1.9163,-12.1123,0,Serve prepare 0.48,0,9,Serve,106.5414,131.5979,-2.5301,0.7055,-12.9635,0.0323,1,1,Forehand prepare 1.00,0,9,0.9371,44.8178,0,0,Great,,-2.35,-12.35,1.95,11.2,0,0,0,1.8742,0,0
2680,PlayerServeToss,Toss,1,-0.005,48,-2.9,0.455,-13.75,-2.1167,1.9578,-12.1129,0,Serve prepare 0.50,0,9,Serve,106.2127,131.6189,-2.5409,0.7178,-12.9674,0.0893,1,1,Forehand prepare 1.00,0,9,0.9371,44.8178,0,0,Great,,-2.35,-12.35,1.95,11.2,0,0,0,1.6409,0,0
2681,PlayerServeToss,Toss,1,-0.005,48,-2.9,0.455,-13.75,-2.1215,2.0388,-12.1143,0,Serve prepare 0.50,0,9,Serve,106.0713,131.6526,-2.5465,0.7255,-12.9696,0.0798,1,1,Forehand prepare 1.00,0,9,0.9371,44.8178,0,0,Great,,-2.35,-12.35,1.95,11.2,0,0,0,1.4122,0,0
2682,PlayerServeToss,Toss,1,-0.005,48,-2.9,0.455,-13.75,-2.1239,2.0782,-12.115,0,Serve prepare 0.52,0,9,Serve,105.7827,131.5987,-2.5565,0.7403,-12.9727,0.1888,1,1,Forehand prepare 1.00,0,9,0.9371,44.8178,0,0,Great,,-2.35,-12.35,1.95,11.2,0,0,0,1.0792,0,0
2683,PlayerServeToss,Toss,1,-0.005,48,-2.9,0.455,-13.75,-2.1287,2.1551,-12.1164,0,Serve prepare 0.53,0,9,Serve,105.6755,131.6302,-2.562,0.7454,-12.9744,0.7439,1,1,Forehand prepare 1.00,0,9,0.9371,44.8178,0,0,Great,,-2.35,-12.35,1.95,11.2,0,0,0,0.8176,0,0
2684,PlayerServeToss,Toss,1,-0.005,48,-2.9,0.455,-13.75,-2.1311,2.1925,-12.1171,0,Serve prepare 0.55,0,9,Serve,105.4794,131.684,-2.572,0.7623,-12.9762,0.104,1,1,Forehand prepare 1.00,0,9,0.9371,44.8178,0,0,Great,,-2.35,-12.35,1.95,11.2,0,0,0,0.8891,0,0
2685,PlayerServeToss,Toss,1,-0.005,48,-2.9,0.455,-13.75,-2.1359,2.2652,-12.1185,0,Serve prepare 0.55,0,9,Serve,105.385,131.8327,-2.5781,0.7723,-12.9767,0.0449,1,1,Forehand prepare 1.00,0,9,0.9371,44.8178,0,0,Great,,-2.35,-12.35,1.95,11.2,0,0,0,0.7242,0,0
2686,PlayerServeToss,Toss,1,-0.005,48,-2.9,0.455,-13.75,-2.1383,2.3006,-12.1192,0,Serve prepare 0.57,0,9,Serve,105.2307,132.0426,-2.5887,0.789,-12.976,0.0912,1,1,Forehand prepare 1.00,0,9,0.9371,44.8178,0,0,Great,,-2.35,-12.35,1.95,11.2,0,0,0,0.9296,0,0
2687,PlayerServeToss,Toss,1,-0.005,48,-2.9,0.455,-13.75,-2.1431,2.3692,-12.1206,0,Serve prepare 0.58,0,9,Serve,105.1375,132.3167,-2.5953,0.7983,-12.9749,0.0419,1,1,Forehand prepare 1.00,0,9,0.9371,44.8178,0,0,Great,,-2.35,-12.35,1.95,11.2,0,0,0,0.8185,0,0
2688,PlayerServeToss,Toss,1,-0.005,48,-2.9,0.455,-13.75,-2.1455,2.4025,-12.1213,0,Serve prepare 0.59,0,9,Serve,105.0084,132.6595,-2.6062,0.8137,-12.972,0.068,1,1,Forehand prepare 1.00,0,9,0.9371,44.8178,0,0,Great,,-2.35,-12.35,1.95,11.2,0,0,0,0.9194,0,0
2689,PlayerServeToss,Toss,1,-0.005,48,-2.9,0.455,-13.75,-2.1503,2.4671,-12.1227,0,Serve prepare 0.60,0,9,Serve,104.9527,133.0147,-2.613,0.8217,-12.9697,0.0232,1,1,Forehand prepare 1.00,0,9,0.9371,44.8178,0,0,Great,,-2.35,-12.35,1.95,11.2,0,0,0,0.7402,0,0
2690,PlayerServeToss,Toss,1,-0.005,48,-2.9,0.455,-13.75,-2.1527,2.4984,-12.1233,0,Serve prepare 0.62,0,9,Serve,104.8228,133.4552,-2.6239,0.8357,-12.9655,0.0303,1,1,Forehand prepare 1.00,0,9,0.9371,44.8178,0,0,Great,,-2.35,-12.35,1.95,11.2,0,0,0,0.761,0,0
2691,PlayerServeToss,Toss,1,-0.005,48,-2.9,0.455,-13.75,-2.1575,2.5589,-12.1247,0,Serve prepare 0.63,0,9,Serve,104.7801,133.8515,-2.6305,0.8428,-12.9624,0.0143,1,1,Forehand prepare 1.00,0,9,0.9371,44.8178,0,0,Great,,-2.35,-12.35,1.95,11.2,0,0,0,0.5497,0,0
2692,PlayerServeToss,Toss,1,-0.005,48,-2.9,0.455,-13.75,-2.1599,2.5881,-12.1254,0,Serve prepare 0.64,0,9,Serve,104.6855,134.3316,-2.6413,0.8558,-12.9571,0.0353,1,1,Forehand prepare 1.00,0,9,0.9371,44.8178,0,0,Great,,-2.35,-12.35,1.95,11.2,0,0,0,0.5567,0,0
2693,PlayerServeToss,Toss,1,-0.005,48,-2.9,0.455,-13.75,-2.1647,2.6445,-12.1268,0,Serve prepare 0.65,0,9,Serve,104.6614,134.7045,-2.6478,0.862,-12.9535,0.0225,1,1,Forehand prepare 1.00,0,9,0.9371,44.8178,0,0,Great,,-2.35,-12.35,1.95,11.2,0,0,0,0.3403,0,0
2694,PlayerServeToss,Toss,1,-0.005,48,-2.9,0.455,-13.75,-2.1671,2.6717,-12.1275,0,Serve prepare 0.67,0,9,Serve,104.5914,135.1443,-2.6582,0.8732,-12.9473,0.0562,1,1,Forehand prepare 1.00,0,9,0.9371,44.8178,0,0,Great,,-2.35,-12.35,1.95,11.2,0,0,0,0.3937,0,0
2695,PlayerServeToss,Toss,1,-0.005,48,-2.9,0.455,-13.75,-2.1719,2.724,-12.1289,0,Serve prepare 0.67,0,9,Serve,104.548,135.4783,-2.6643,0.8786,-12.9434,0.0372,1,1,Forehand prepare 1.00,0,9,0.9371,44.8178,0,0,Great,,-2.35,-12.35,1.95,11.2,0,0,0,0.2533,0,0
2696,PlayerServeToss,Toss,1,-0.005,48,-2.9,0.455,-13.75,-2.1743,2.7492,-12.1296,0,Serve prepare 0.69,0,9,Serve,104.467,135.9053,-2.6742,0.8884,-12.9366,0.0855,1,1,Forehand prepare 1.00,0,9,0.9371,44.8178,0,0,Great,,-2.35,-12.35,1.95,11.2,0,0,0,0.3877,0,0
2697,PlayerServeToss,Toss,1,-0.005,48,-2.9,0.455,-13.75,-2.179,2.7974,-12.131,0,Serve prepare 0.70,0,9,Serve,104.3768,136.2294,-2.6798,0.8933,-12.9324,0.0483,1,1,Forehand prepare 1.00,0,9,0.9371,44.8178,0,0,Great,,-2.35,-12.35,1.95,11.2,0,0,0,0.2987,0,0
2698,PlayerServeToss,Toss,1,-0.005,48,-2.9,0.455,-13.75,-2.1814,2.8205,-12.1317,0,Serve prepare 0.71,0,9,Serve,104.1978,136.6836,-2.6887,0.903,-12.9246,0.093,1,1,Forehand prepare 1.00,0,9,0.9371,44.8178,0,0,Great,,-2.35,-12.35,1.95,11.2,0,0,0,0.502,0,0
2699,PlayerServeToss,Toss,1,-0.005,48,-2.9,0.455,-13.75,-2.1862,2.8646,-12.1331,0,Serve prepare 0.72,0,9,Serve,104.0776,137.0373,-2.6938,0.9081,-12.9198,0.0463,1,1,Forehand prepare 1.00,0,9,0.9371,44.8178,0,0,Great,,-2.35,-12.35,1.95,11.2,0,0,0,0.4715,0,0
2700,PlayerServeToss,Toss,1,-0.005,48,-2.9,0.455,-13.75,-2.1886,2.8857,-12.1337,0,Serve prepare 0.74,0,9,Serve,103.7923,137.5653,-2.7019,0.9178,-12.9107,0.0998,1,1,Forehand prepare 1.00,0,9,0.9371,44.8178,0,0,Great,,-2.35,-12.35,1.95,11.2,0,0,0,0.7753,0,0
2701,PlayerServeToss,Toss,1,-0.005,48,-2.9,0.455,-13.75,-2.1934,2.9257,-12.1351,0,Serve prepare 0.75,0,9,Serve,103.6463,137.9953,-2.7071,0.9226,-12.9049,0.0512,1,1,Forehand prepare 1.00,0,9,0.9371,44.8178,0,0,Great,,-2.35,-12.35,1.95,11.2,0,0,0,0.7274,0,0
2702,PlayerServeToss,Toss,1,-0.005,48,-2.9,0.455,-13.75,-2.1958,2.9448,-12.1358,0,Serve prepare 0.76,0,9,Serve,103.2352,138.648,-2.7152,0.9317,-12.8947,0.0961,1,1,Forehand prepare 1.00,0,9,0.9371,44.8178,0,0,Great,,-2.35,-12.35,1.95,11.2,0,0,0,1.0806,0,0
2703,PlayerServeToss,Toss,1,-0.005,48,-2.9,0.455,-13.75,-2.2006,2.9807,-12.1372,0,Serve prepare 0.77,0,9,Serve,103.0296,139.2015,-2.7209,0.936,-12.8881,0,1,1,Forehand prepare 1.00,0,9,0.9371,44.8178,0,0,Great,,-2.35,-12.35,1.95,11.2,0,0,0,1.0087,0,0
2704,PlayerServeToss,Toss,1,-0.005,48,-2.9,0.455,-13.75,-2.203,2.9977,-12.1379,0,Serve prepare 0.79,0,9,Serve,102.5074,140.017,-2.729,0.9445,-12.877,0,1,1,Forehand prepare 1.00,0,9,0.9371,44.8178,0,0,Great,,-2.35,-12.35,1.95,11.2,0,0,0,1.3694,0,0
2705,PlayerServeToss,Toss,1,-0.005,48,-2.9,0.455,-13.75,-2.2078,3.0296,-12.1393,0,Serve prepare 0.80,0,9,Serve,102.2357,140.7121,-2.735,0.9484,-12.8693,0,1,1,Forehand prepare 1.00,0,9,0.9371,44.8178,0,0,Great,,-2.35,-12.35,1.95,11.2,0,0,0,1.2335,0,0
2706,PlayerServeToss,Toss,1,-0.005,48,-2.9,0.455,-13.75,-2.2102,3.0445,-12.14,0,Serve prepare 0.81,0,9,Serve,101.6532,141.6676,-2.7431,0.9563,-12.857,0,1,1,Forehand prepare 1.00,0,9,0.9371,44.8178,0,0,Great,,-2.35,-12.35,1.95,11.2,0,0,0,1.5236,0,0
2707,PlayerServeToss,Toss,1,-0.005,48,-2.9,0.455,-13.75,-2.215,3.0723,-12.1414,0,Serve prepare 0.82,0,9,Serve,101.3078,142.4768,-2.7496,0.9597,-12.8481,0,1,1,Forehand prepare 1.00,0,9,0.9371,44.8178,0,0,Great,,-2.35,-12.35,1.95,11.2,0,0,0,1.3359,0,0
2708,PlayerServeToss,Toss,1,-0.005,48,-2.9,0.455,-13.75,-2.2174,3.0852,-12.1421,0,Serve prepare 0.84,0,9,Serve,100.6074,143.5256,-2.7579,0.967,-12.8343,0,1,1,Forehand prepare 1.00,0,9,0.9371,44.8178,0,0,Great,,-2.35,-12.35,1.95,11.2,0,0,0,1.59,0,0
2709,PlayerServeToss,Toss,1,-0.005,48,-2.9,0.455,-13.75,-2.2222,3.1089,-12.1435,0,Serve prepare 0.84,0,9,Serve,100.2302,144.4075,-2.7645,0.9701,-12.8245,1.0874,1,1,Forehand prepare 1.00,0,9,0.9371,44.8178,0,0,Great,,-2.35,-12.35,1.95,11.2,0,0,0,1.3235,0,0
2710,PlayerServeToss,Toss,1,-0.005,48,-2.9,0.455,-13.75,-2.2246,3.1197,-12.1441,0,Serve prepare 0.86,0,9,Serve,99.4689,145.514,-2.7726,0.9768,-12.8097,0.3956,1,1,Forehand prepare 1.00,0,9,0.9371,44.8178,0,0,Great,,-2.35,-12.35,1.95,11.2,0,0,0,1.5288,0,0
2711,PlayerServeToss,Toss,1,-0.005,48,-2.9,0.455,-13.75,-2.2294,3.1393,-12.1455,0,Serve prepare 0.87,0,9,Serve,99.1029,146.4164,-2.7791,0.9794,-12.7993,0.0265,1,1,Forehand prepare 1.00,0,9,0.9371,44.8178,0,0,Great,,-2.35,-12.35,1.95,11.2,0,0,0,1.1909,0,0
2712,PlayerServeToss,Toss,1,-0.005,48,-2.9,0.455,-13.75,-2.2318,3.1481,-12.1462,0,Serve prepare 0.88,0,9,Serve,98.3194,147.4948,-2.7866,0.9851,-12.7839,0.0569,1,1,Forehand prepare 1.00,0,9,0.9371,44.8178,0,0,Great,,-2.35,-12.35,1.95,11.2,0,0,0,1.3528,0,0
2713,PlayerServeToss,Toss,1,-0.005,48,-2.9,0.455,-13.75,-2.2366,3.1636,-12.1476,0,Serve prepare 0.89,0,9,Serve,97.9506,148.3575,-2.7926,0.9871,-12.7732,0.0327,1,1,Forehand prepare 1.00,0,9,0.9371,44.8178,0,0,Great,,-2.35,-12.35,1.95,11.2,0,0,0,0.9986,0,0
2714,PlayerServeToss,Toss,1,-0.005,48,-2.9,0.455,-13.75,-2.239,3.1704,-12.1483,0,Serve prepare 0.91,0,9,Serve,97.1361,149.3657,-2.7996,0.9919,-12.7575,0.0731,1,1,Forehand prepare 1.00,0,9,0.9371,44.8178,0,0,Great,,-2.35,-12.35,1.95,11.2,0,0,0,1.1803,0,0
2715,PlayerServeToss,Toss,1,-0.005,48,-2.9,0.455,-13.75,-2.2438,3.1818,-12.1497,0,Serve prepare 0.92,0,9,Serve,96.7238,150.1742,-2.8049,0.9933,-12.7468,0.0383,1,1,Forehand prepare 1.00,0,9,0.9371,44.8178,0,0,Great,,-2.35,-12.35,1.95,11.2,0,0,0,0.865,0,0
2716,PlayerServeToss,Toss,1,-0.005,48,-2.9,0.455,-13.75,-2.2462,3.1865,-12.1504,0,Serve prepare 0.93,0,9,Serve,95.8769,151.0943,-2.8109,0.9973,-12.7312,0.0762,1,1,Forehand prepare 1.00,0,9,0.9371,44.8178,0,0,Great,,-2.35,-12.35,1.95,11.2,0,0,0,1.069,0,0
2717,PlayerServeToss,Toss,1,-0.005,48,-2.9,0.455,-13.75,-2.251,3.1939,-12.1518,0,Serve prepare 0.94,0,9,Serve,95.4217,151.8292,-2.8154,0.9983,-12.7207,0.0361,1,1,Forehand prepare 1.00,0,9,0.9371,44.8178,0,0,Great,,-2.35,-12.35,1.95,11.2,0,0,0,0.7783,0,0
2718,PlayerServeToss,Toss,1,-0.005,48,-2.9,0.455,-13.75,-2.2534,3.1965,-12.1525,0,Serve prepare 0.96,0,9,Serve,94.5319,152.6348,-2.82,1.0014,-12.7052,0.0677,1,1,Forehand prepare 1.00,0,9,0.9371,44.8178,0,0,Great,,-2.35,-12.35,1.95,11.2,0,0,0,0.9578,0,0
2719,PlayerServeToss,Toss,1,-0.005,48,-2.9,0.455,-13.75,-2.2582,3.1998,-12.1539,0,Serve prepare 0.96,0,9,Serve,94.0484,153.2975,-2.8236,1.002,-12.6949,0.0334,1,1,Forehand prepare 1.00,0,9,0.9371,44.8178,0,0,Great,,-2.35,-12.35,1.95,11.2,0,0,0,0.7176,0,0
2720,PlayerServeToss,Toss,1,-0.005,48,-2.9,0.455,-13.75,-2.2606,3.2004,-12.1545,0,Serve prepare 0.98,0,9,Serve,93.0748,154.0055,-2.827,1.0042,-12.6796,0.0649,1,1,Forehand prepare 1.00,0,9,0.9371,44.8178,0,0,Great,,-2.35,-12.35,1.95,11.2,0,0,0,0.9194,0,0
2721,PlayerServeToss,Toss,1,-0.005,48,-2.9,0.455,-13.75,-2.2653,3.1996,-12.1559,0,Serve prepare 0.99,0,9,Serve,92.5533,154.6108,-2.8298,1.0044,-12.6697,0.0319,1,1,Forehand prepare 1.00,0,9,0.9371,44.8178,0,0,Great,,-2.35,-12.35,1.95,11.2,0,0,0,0.7465,0,0
2722,PlayerServeToss,Toss,1,-0.005,48,-2.9,0.455,-13.75,-2.2677,3.1982,-12.1566,0,Serve prepare 1.00,0,9,Serve,91.8183,155.1826,-2.8322,1.0051,-12.6578,0.043,1,1,Forehand prepare 1.00,0,9,0.9371,44.8178,0,0,Great,,-2.35,-12.35,1.95,11.2,0,0,0,0.6955,0,0
2723,PlayerServeToss,Toss,1,-0.005,48,-2.9,0.455,-13.75,-2.2725,3.1933,-12.158,0,Serve prepare 1.00,0,9,Serve,91.8183,155.6295,-2.8344,1.0038,-12.6539,0,1,1,Forehand prepare 1.00,0,9,0.9371,44.8178,0,0,Great,,-2.35,-12.35,1.95,11.2,0,0,0,0,0,0
2724,PlayerServeToss,Toss,1,-0.005,48,-2.9,0.455,-13.75,-2.2749,3.1898,-12.1587,0,Serve prepare 1.00,0,9,Serve,91.8183,155.9747,-2.836,1.0027,-12.6508,0,1,1,Forehand prepare 1.00,0,9,0.9371,44.8178,0,0,Great,,-2.35,-12.35,1.95,11.2,0,0,0,0.1631,0,0
2725,PlayerServeToss,Toss,1,-0.005,48,-2.9,0.455,-13.75,-2.2797,3.1808,-12.1601,0,Serve prepare 1.00,0,9,Serve,91.8183,156.2084,-2.8371,1.0019,-12.6488,0,1,1,Forehand prepare 1.00,0,9,0.9371,44.8178,0,0,Great,,-2.35,-12.35,1.95,11.2,0,0,0,0.491,0,0
2726,PlayerServeToss,Toss,1,-0.005,48,-2.9,0.455,-13.75,-2.2821,3.1753,-12.1608,0,Serve prepare 1.00,0,9,Serve,91.8183,156.335,-2.8377,1.0014,-12.6477,0,1,1,Forehand prepare 1.00,0,9,0.9371,44.8178,0,0,Great,,-2.35,-12.35,1.95,11.2,0,0,0,0.6513,0,0
2727,PlayerServeToss,Toss,1,-0.005,48,-2.9,0.455,-13.75,-2.2869,3.1622,-12.1622,0,Serve prepare 1.00,0,9,Serve,91.8183,156.369,-2.8379,1.0013,-12.6474,0,1,1,Forehand prepare 1.00,0,9,0.9371,44.8178,0,0,Great,,-2.35,-12.35,1.95,11.2,0,0,0,0.6955,0,0
2728,PlayerServeToss,Toss,1,-0.005,48,-2.9,0.455,-13.75,-2.2893,3.1546,-12.1629,0,Serve prepare 1.00,0,9,Serve,91.8183,156.3308,-2.8377,1.0013,-12.6477,0,1,1,Forehand prepare 1.00,0,9,0.9371,44.8178,0,0,Great,,-2.35,-12.35,1.95,11.2,0,0,0,0.6501,0,0
2729,PlayerServeToss,Toss,1,-0.005,48,-2.9,0.455,-13.75,-2.2941,3.1375,-12.1643,0,Serve prepare 1.00,0,9,Serve,91.8183,156.2433,-2.8373,1.0015,-12.6485,0,1,1,Forehand prepare 1.00,0,9,0.9371,44.8178,0,0,Great,,-2.35,-12.35,1.95,11.2,0,0,0,0.5425,0,0
2730,PlayerServeToss,Toss,1,-0.005,48,-2.9,0.455,-13.75,-2.2965,3.1279,-12.1649,0,Serve prepare 1.00,0,9,Serve,91.8183,156.1284,-2.8367,1.0019,-12.6495,0,1,1,Forehand prepare 1.00,0,9,0.9371,44.8178,0,0,Great,,-2.35,-12.35,1.95,11.2,0,0,0,0.3956,0,0
2731,PlayerServeToss,Toss,1,-0.005,48,-2.9,0.455,-13.75,-2.3013,3.1066,-12.1663,0,Serve prepare 1.00,0,9,Serve,91.8183,156.0054,-2.8362,1.0022,-12.6506,0,1,1,Forehand prepare 1.00,0,9,0.9371,44.8178,0,0,Great,,-2.35,-12.35,1.95,11.2,0,0,0,0.2273,0,0
2732,PlayerServeToss,Toss,1,-0.005,48,-2.9,0.455,-13.75,-2.3037,3.095,-12.167,0,Serve prepare 1.00,0,9,Serve,91.8183,155.8893,-2.8356,1.0025,-12.6517,0,1,1,Forehand prepare 1.00,0,9,0.9371,44.8178,0,0,Great,,-2.35,-12.35,1.95,11.2,0,0,0,0,0,0
2733,PlayerServeToss,Toss,1,-0.005,48,-2.9,0.455,-13.75,-2.3085,3.0696,-12.1684,0,Serve prepare 1.00,0,9,Serve,91.8183,155.7906,-2.8351,1.0028,-12.6525,0,1,1,Forehand prepare 1.00,0,9,0.9371,44.8178,0,0,Great,,-2.35,-12.35,1.95,11.2,0,0,0,0,0,0
2734,PlayerServeToss,Toss,1,-0.005,48,-2.9,0.455,-13.75,-2.3109,3.0559,-12.1691,0,Serve prepare 1.00,0,9,Serve,91.8183,155.7175,-2.8348,1.0031,-12.6532,0,1,1,Forehand prepare 1.00,0,9,0.9371,44.8178,0,0,Great,,-2.35,-12.35,1.95,11.2,0,0,0,0,0,0
2735,PlayerServeToss,Toss,1,-0.005,48,-2.9,0.455,-13.75,-2.3157,3.0265,-12.1705,0,Serve prepare 1.00,0,9,Serve,91.8183,155.6687,-2.8345,1.0032,-12.6536,0,1,1,Forehand prepare 1.00,0,9,0.9371,44.8178,0,0,Great,,-2.35,-12.35,1.95,11.2,0,0,0,0,0,0
2736,PlayerServeToss,Toss,1,-0.005,48,-2.9,0.455,-13.75,-2.3181,3.0108,-12.1712,0,Serve prepare 1.00,0,9,Serve,91.8183,155.6431,-2.8344,1.0033,-12.6538,0,1,1,Forehand prepare 1.00,0,9,0.9371,44.8178,0,0,Great,,-2.35,-12.35,1.95,11.2,0,0,0,0,0,0
2737,PlayerServeToss,Toss,1,-0.005,48,-2.9,0.455,-13.75,-2.3229,2.9773,-12.1726,0,Serve prepare 1.00,0,9,Serve,91.8183,155.6373,-2.8344,1.0033,-12.6539,0,1,1,Forehand prepare 1.00,0,9,0.9371,44.8178,0,0,Great,,-2.35,-12.35,1.95,11.2,0,0,0,0,0,0
2738,PlayerServeToss,Toss,1,-0.005,48,-2.9,0.455,-13.75,-2.3253,2.9595,-12.1733,0,Serve prepare 1.00,0,9,Serve,91.8183,155.6468,-2.8344,1.0033,-12.6538,0,1,1,Forehand prepare 1.00,0,9,0.9371,44.8178,0,0,Great,,-2.35,-12.35,1.95,11.2,0,0,0,0,0,0
2739,PlayerServeToss,Toss,1,-0.005,48,-2.9,0.455,-13.75,-2.3301,2.9219,-12.1747,0,Serve prepare 1.00,0,9,Serve,91.8183,155.6666,-2.8345,1.0033,-12.6536,0,1,1,Forehand prepare 1.00,0,9,0.9371,44.8178,0,0,Great,,-2.35,-12.35,1.95,11.2,0,0,0,0,0,0
2740,PlayerServeToss,Toss,1,-0.005,48,-2.9,0.455,-13.75,-2.3325,2.902,-12.1753,0,Serve prepare 1.00,0,9,Serve,91.8183,155.692,-2.8347,1.0032,-12.6534,0,1,1,Forehand prepare 1.00,0,9,0.9371,44.8178,0,0,Great,,-2.35,-12.35,1.95,11.2,0,0,0,0,0,0
2741,PlayerServeToss,Toss,1,-0.005,48,-2.9,0.455,-13.75,-2.3373,2.8603,-12.1767,0,Serve prepare 1.00,0,9,Serve,91.8183,155.7188,-2.8348,1.0031,-12.6532,0,1,1,Forehand prepare 1.00,0,9,0.9371,44.8178,0,0,Great,,-2.35,-12.35,1.95,11.2,0,0,0,0,0,0
2742,PlayerServeToss,Toss,1,-0.005,48,-2.9,0.455,-13.75,-2.3397,2.8385,-12.1774,0,Serve prepare 1.00,0,9,Serve,91.8183,155.7438,-2.8349,1.0031,-12.6529,0,1,1,Forehand prepare 1.00,0,9,0.9371,44.8178,0,0,Great,,-2.35,-12.35,1.95,11.2,0,0,0,0,0,0
2743,PlayerServeToss,Toss,1,-0.005,48,-2.9,0.455,-13.75,-2.3445,2.7927,-12.1788,0,Serve prepare 1.00,0,9,Serve,91.8183,155.7623,-2.835,1.003,-12.6528,0,1,1,Forehand prepare 1.00,0,9,0.9371,44.8178,0,0,Great,,-2.35,-12.35,1.95,11.2,0,0,0,0,0,0
2744,PlayerServeToss,Toss,1,-0.005,48,-2.9,0.455,-13.75,-2.3469,2.7688,-12.1795,0,Serve prepare 1.00,1,0.18,Serve,90.2438,156.3937,-2.8358,1.0071,-12.6467,0,1,1,Forehand prepare 1.00,0,9,0.9371,44.8178,0,0,Great,,-2.35,-12.35,1.95,11.2,0,0,0,1.3505,0,0
2745,PlayerServeToss,Toss,1,-0.005,48,-2.9,0.455,-13.75,-2.3517,2.7189,-12.1809,0,Serve swing,1,0.1633,Serve,75.1776,169.8399,-2.8729,0.9844,-12.5338,0.0468,1,1,Forehand prepare 1.00,0,9,0.9371,44.8178,0,0,Great,,-2.35,-12.35,1.95,11.2,0,0,0,1.6289,0,0
2746,PlayerServeToss,Toss,1,-0.005,48,-2.9,0.455,-13.75,-2.3541,2.693,-12.1816,0,Serve swing,1,0.155,Serve,68.3982,-179.933,-2.8826,0.9765,-12.4234,0.28,1,1,Forehand prepare 1.00,0,9,0.9371,44.8178,0,0,Great,,-2.35,-12.35,1.95,11.2,0,0,0,0,0,0
2747,PlayerServeToss,Toss,1,-0.005,48,-2.9,0.455,-13.75,-2.3588,2.639,-12.183,0,Serve swing,1,0.1383,Serve,51.8701,-166.8677,-2.8174,1.0083,-12.2378,0.3239,1,1,Forehand prepare 1.00,0,9,0.9371,44.8178,0,0,Great,,-2.35,-12.35,1.95,11.2,0,0,0,0,0,0
2748,PlayerServeToss,Toss,1,-0.005,48,-2.9,0.455,-13.75,-2.3612,2.611,-12.1837,0,Serve swing,1,0.13,Serve,41.946,-157.2297,-2.7207,1.0526,-12.1104,0.7445,1,1,Forehand prepare 1.00,0,9,0.9371,44.8178,0,0,Great,,-2.35,-12.35,1.95,11.2,0,0,0,0,0,0
2749,PlayerServeToss,Toss,1,-0.005,48,-2.9,0.455,-13.75,-2.366,2.553,-12.1851,0,Serve swing,1,0.1133,Serve,16.5942,-147.9212,-2.5376,1.211,-12.0165,0.279,1,1,Forehand prepare 1.00,0,9,0.9371,44.8178,0,0,Great,,-2.35,-12.35,1.95,11.2,0,0,0,0,0,0
2750,PlayerServeToss,Toss,1,-0.005,48,-2.9,0.455,-13.75,-2.3684,2.5229,-12.1857,0,Serve swing,1,0.105,Serve,14.4527,-155.6339,-2.5032,1.2835,-12.0559,4.3649,1,1,Forehand prepare 1.00,0,9,0.9371,44.8178,0,0,Great,,-2.35,-12.35,1.95,11.2,0,0,0,0,0,0
2751,PlayerServeToss,Toss,1,-0.005,48,-2.9,0.455,-13.75,-2.3732,2.4608,-12.1871,0,Serve swing,1,0.0883,Serve,-3.8482,176.6606,-2.4923,1.4329,-12.1849,0.0932,1,1,Forehand prepare 1.00,0,9,0.9371,44.8178,0,0,Great,,-2.35,-12.35,1.95,11.2,0,0,0,0,0,0
2752,PlayerServeToss,Toss,1,-0.005,48,-2.9,0.455,-13.75,-2.3756,2.4287,-12.1878,0,Serve swing,1,0.08,Serve,-3.8043,160.692,-2.5528,1.5008,-12.3097,1.4508,1,1,Forehand prepare 1.00,0,9,0.9371,44.8178,0,0,Great,,-2.35,-12.35,1.95,11.2,0,0,0,0,0,0
2753,PlayerServeToss,Toss,1,-0.005,48,-2.9,0.455,-13.75,-2.3804,2.3625,-12.1892,0,Serve swing,1,0.0633,Serve,36.1588,122.7169,-2.5009,1.5351,-12.6618,0,1,1,Forehand prepare 1.00,0,9,0.9371,44.8178,0,0,Great,,-2.35,-12.35,1.95,11.2,0,0,0,0,0,0
2754,PlayerServeToss,Toss,1,-0.005,48,-2.9,0.455,-13.75,-2.3828,2.3284,-12.1899,0,Serve swing,1,0.055,Serve,39.1302,107.6537,-2.4488,1.6696,-12.5621,0,1,1,Forehand prepare 1.00,0,9,0.9371,44.8178,0,0,Great,,-2.35,-12.35,1.95,11.2,0,0,0,0,0,0
2755,PlayerServeToss,Toss,1,-0.005,48,-2.9,0.455,-13.75,-2.3876,2.2581,-12.1913,0,Serve swing,1,0.0383,Serve,-11.5698,70.2178,-2.1984,1.8391,-12.0294,0,1,1,Forehand prepare 1.00,0,9,0.9371,44.8178,0,0,Great,,-2.35,-12.35,1.95,11.2,0,0,0,0,0,0
2756,PlayerServeToss,Toss,1,-0.005,48,-2.9,0.455,-13.75,-2.39,2.2219,-12.192,0,Serve swing,1,0.03,Serve,7.9139,70.4338,-2.1654,1.8761,-11.9803,0,1,1,Forehand prepare 1.00,0,9,0.9371,44.8178,0,0,Great,,-2.35,-12.35,1.95,11.2,0,0,0,0,0,0
2757,PlayerServeToss,Toss,1,-0.005,48,-2.9,0.455,-13.75,-2.3948,2.1475,-12.1934,0,Serve swing,1,0.0133,Serve,4.9163,50.4601,-2.011,1.8568,-12.0816,0,1,1,Forehand prepare 1.00,0,9,0.9371,44.8178,0,0,Great,,-2.35,-12.35,1.95,11.2,0,0,0,0,0,0
2758,PlayerServeToss,Toss,1,-0.005,48,-2.9,0.455,-13.75,-2.3972,2.1093,-12.1941,0,Serve swing,1,0.005,Serve,16.1485,52.0904,-2.0831,1.8238,-12.2378,0,1,1,Forehand prepare 1.00,0,9,0.9371,44.8178,0,0,Great,,-2.35,-12.35,1.95,11.2,0,0,0,0,0,0
2759,Rally,None,1,-0.005,55.1,-1.294,3.5008,-16.7498,-2.3422,2.1294,-11.865,1,Serve swing,1,-0.0033,Serve,19.3639,46.7166,-2.2284,1.7333,-12.3233,0,1,1,Forehand prepare 1.00,0,9,0.9371,44.8178,0,0.1217,Great,,-2.35,-12.35,1.91,11.2,7.1,0,0,0,0,0
2760,Rally,None,1,-0.005,55.1216,-1.3067,3.4886,-16.7515,-2.2345,2.1374,-11.4464,1,Serve follow,1,-0.02,Serve,20.8632,32.6077,-2.2709,1.7192,-12.3166,0,1,1,Forehand prepare 1.00,0,9,1.1034,44.8635,0.0565,0.0633,Great,,-2.3481,-12.3491,1.8299,11.2,0.0216,0,0,0,0,0
2761,Rally,None,1,-0.005,55.1619,-1.3155,3.4795,-16.7525,-2.1269,2.1426,-11.0279,1,Serve follow,1,-0.0367,Serve,26.3114,19.8818,-2.2333,1.7096,-12.289,0,1,1,Forehand prepare 1.00,0,9,1.5391,45.0094,0.1193,0.005,Great,,-2.3438,-12.347,1.7498,11.2,0.0403,0,0,0,0,0
2762,Rally,None,1,-0.005,55.2184,-1.3231,3.4712,-16.7526,-1.9654,2.145,-10.4001,1,Serve follow,1,-0.0617,Serve,30.0276,5.6384,-2.4212,1.6433,-12.0276,0,1,1,Forehand prepare 1.00,0,9,2.1836,45.2803,0.3222,0,Great,,-2.3325,-12.3415,1.6297,11.2,0.0566,0,0,0,0,0
2763,Rally,None,1,-0.005,55.2892,-1.3289,3.4641,-16.752,-1.8577,2.143,-9.9815,1,Serve follow,1,-0.0783,Serve,27.0657,6.1466,-2.2867,1.5821,-11.9564,0,1,1,Forehand prepare 1.00,0,9,2.9601,45.6999,0,0,Great,,-2.3219,-12.3363,1.5496,11.2,0.0708,0,0,3.2178,0,0
2764,Rally,None,1,-0.005,55.3723,-1.3325,3.4582,-16.7502,-1.6963,2.1346,-9.3537,1,Serve follow,1,-0.1033,Serve,22.4479,-2.4294,-2.1682,1.2699,-11.947,0,1,1,Forehand prepare 1.00,0,9,3.869,46.3418,0,0,Great,,-2.3013,-12.3262,1.4295,11.2,0.0831,0,0,9.3772,0,0
2765,Rally,None,1,-0.005,55.4543,-1.3344,3.4531,-16.7474,-1.5886,2.1255,-8.9352,1,Serve follow,1,-0.12,Serve,21.6597,-11.2461,-2.1121,1.0786,-11.973,2.7533,1,1,Forehand prepare 1.00,0,9,4.9676,47.3161,0,0,Great,,-2.2845,-12.318,1.3494,11.2,0.082,0,0,14.4674,0,0
2766,Rally,None,1,-0.005,55.5256,-1.3347,3.4488,-16.7438,-1.481,2.1135,-8.5166,1,Serve follow,1,-0.1367,Serve,21.2946,-13.1077,-2.0665,0.9631,-12.0361,1.4054,1,1,Forehand prepare 1.00,0,9,6.3009,48.7215,0,0,Great,,-2.2652,-12.3085,1.2693,11.2,0.0713,0,0,16.558,0,0
2767,Rally,None,1,-0.005,55.5875,-1.3325,3.4453,-16.7384,-1.3195,2.0901,-7.8888,1,Serve follow,1,-0.1617,Serve,19.1214,-11.832,-1.983,0.888,-12.1321,0.5751,1,1,Forehand prepare 1.00,0,9,7.9507,50.7011,0,0,Great,,-2.2315,-12.292,1.1492,11.2,0.062,0,0,12.7803,0,0
2768,Rally,None,1,-0.005,55.6414,-1.3288,3.4424,-16.732,-1.2118,2.0709,-7.4703,1,Serve follow,1,-0.1783,Serve,19.434,-8.3274,-1.9271,0.9139,-12.1967,0.4999,1,1,Forehand prepare 1.00,0,9,9.887,52.7795,0,0,Great,,-2.2059,-12.2795,1.0691,11.2,0.0539,0,0,7.6172,0,0
2769,Rally,None,1,-0.005,55.6883,-1.3224,3.44,-16.7237,-1.0503,2.0368,-6.8425,1,Serve follow,1,-0.2033,Serve,18.1025,-2.8887,-1.8603,0.946,-12.2274,0.1358,1,1,Forehand prepare 1.00,0,9,11.7919,54.5648,2.5911,0,Great,,-2.1629,-12.2584,0.949,11.2,0.0468,0,0,5.8954,0,0
2770,Rally,None,1,-0.005,55.729,-1.3146,3.438,-16.7144,-0.9427,2.0105,-6.4239,1,Serve follow,1,-0.22,Serve,17.9889,0.3201,-1.7557,0.9792,-12.179,0,1,1,Forehand prepare 1.00,0,9,13.5952,56.2453,7.5022,0,Great,,-2.1311,-12.2429,1.029,11.2,0.0407,0,0,3.3815,0,0
2771,Rally,None,1,-0.005,55.7644,-1.3054,3.4365,-16.7041,-0.835,1.9813,-6.0054,1,Serve follow,1,-0.2367,Serve,17.6257,3.0301,-1.7346,0.9531,-12.192,0,1,1,Forehand prepare 1.00,0,9,4.8704,47.5291,0,0,Great,,-2.0968,-12.2261,1.1091,11.2,0.0354,0,0,4.5659,0,0
2772,Rally,None,1,-0.005,55.7952,-1.2933,3.4353,-16.6915,-0.6736,1.9322,-5.3776,1,Serve follow,1,-0.2617,Serve,17.2375,6.5423,-1.6415,0.9453,-12.1408,0,1,1,Forehand prepare 1.00,0,9,-14.7438,28.2498,0,0,Great,,-2.0406,-12.1986,1.2293,11.2,0.0308,0,0,4.1859,0,0
2773,Rally,None,1,-0.005,55.8219,-1.2799,3.4344,-16.678,-0.5659,1.8958,-4.959,1,Serve follow,1,-0.2783,Serve,17.2069,8.4358,-1.5712,0.9202,-12.0891,0,1,1,Forehand prepare 1.00,0,9,-35.4295,8.2169,8.1159,0,Great,,-2.0001,-12.1788,1.3093,11.2,0.0268,0,0,4.2353,0,0
2774,Rally,None,1,-0.005,55.8452,-1.2636,3.4338,-16.662,-0.4044,1.8359,-4.3312,1,Serve follow,0,9,Serve,17.0954,8.0019,-1.4909,0.9225,-12.0596,0,1,1,Forehand prepare 1.00,0,9,-52.2753,-7.8019,0,0,Great,,-1.9346,-12.1467,1.4295,11.2,0.0233,0,0,4.2353,0,0
2775,Rally,None,1,-0.005,55.8654,-1.246,3.4334,-16.645,-0.2968,1.7924,-3.9127,1,Run,0,9,Serve,17.2265,15.8327,-1.4063,0.9555,-12.0764,0,0.9555,0.8333,Forehand prepare 0.92,0,9,-68.1386,-12.8167,0,0,Great,,-1.8878,-12.1238,1.5095,11.2,0.0202,0,1.1806,6.6435,0,0
2776,Rally,None,1,-0.005,55.883,-1.2272,3.4332,-16.6271,-0.1891,1.7461,-3.4941,1,Run,0,9,Serve,17.9981,18.4391,-1.366,0.9348,-12.0699,0,0.856,0.6667,Forehand prepare 0.83,0,9,-54.3468,-8.1185,0,0,Great,,-1.8385,-12.0997,1.5896,11.2,0.0176,0,2.3611,2.393,0,0
2777,Rally,None,1,-0.005,55.8983,-1.2052,3.4332,-16.6065,-0.0276,1.6711,-2.8663,1,Run,0,9,Serve,19.3997,18.5509,-1.2921,0.9071,-12.0303,5.3144,0.7361,0.5,Forehand prepare 0.75,0,9,-44.2233,-6.2404,0,0,Great,,-1.7599,-12.0612,1.7098,11.2,0.0153,0,3.536,1.94,0,0
2778,Rally,None,1,-0.005,55.9116,-1.182,3.4334,-16.585,0.08,1.6176,-2.4478,1,Run,0,9,Serve,21.3504,18.9169,-1.2417,0.8719,-11.9969,4.2856,0.6155,0.3333,Forehand prepare 0.62,0,9,-50.0516,-14.611,0,0,Great,,-1.7044,-12.0341,1.7898,11.2,0.0133,0,4.7222,1.6469,0,0
2779,Rally,None,1,-0.005,55.9231,-1.1556,3.4336,-16.5607,0.2415,1.532,-1.82,1,Run,0,9,Serve,23.5645,19.6341,-1.1599,0.8316,-11.9398,0.5301,0.5041,0.1667,Forehand prepare 0.54,0,9,-39.3265,-14.6176,2.0444,0,Great,,-1.6165,-11.991,1.91,11.2,0.0116,0,5.9028,1.5648,0,0
2780,Rally,None,1,-0.005,55.9332,-1.1282,3.434,-16.5355,0.3492,1.4713,-1.4014,1,Run,0,9,Serve,25.6239,20.7336,-1.1032,0.7971,-11.9254,4.4653,0.4064,0,Forehand prepare 0.42,0,9,-47.9369,-26.1049,3.8817,0,Great,,-1.5547,-11.9608,1.99,11.2,0.01,0,7.0833,1.566,0,0
2781,Rally,None,1,-0.005,55.9419,-1.0999,3.4345,-16.5096,0.4568,1.4077,-0.9829,1,Run,0,9,Serve,27.2427,22.1251,-1.0429,0.7632,-11.9048,0,0.3236,0,Forehand prepare 0.46,0,9,-47.8213,-24.5967,2.7327,0,Great,,-1.4918,-11.93,2.0701,11.2,0.0087,0,8.2639,1.5003,0,0
2782,Rally,None,1,-0.005,55.9495,-1.0684,3.4351,-16.4811,0.6183,1.307,-0.3551,1,Run,0,9,Serve,28.3663,24.6268,-0.9427,0.7491,-11.8644,0,0.2551,0,Forehand prepare 0.49,0,9,-45.1424,-23.1592,2.2154,0,Great,,-1.3975,-11.8839,2.1903,11.2,0.0076,0,7.3287,1.3198,0,0
2783,Rally,None,1,-0.005,55.9478,-1.0366,3.4357,-16.4522,0.7259,1.2363,0.0635,1,Run,0,9,Serve,29.006,27.1842,-0.8668,0.7503,-11.7957,6.4185,0.1995,0,Forehand prepare 0.55,0,9,-41.0126,-20.526,1.4195,0,Great,,-1.3346,-11.8531,2.2703,11.2,-0.0017,0,5.776,1.0588,0,0
2784,Rally,None,1,-0.005,55.8643,-1.0022,3.4364,-16.4209,0.8874,1.1249,0.6913,1,Run,0,9,Serve,29.3575,29.2564,-0.7619,0.7684,-11.7174,3.3865,0.1549,0,Forehand prepare 0.59,0,9,-45.4694,-22.0673,0.8537,0,Great,,-1.2403,-11.807,2.3905,11.2,-0.0835,0,4.5522,0.7746,0,0
2785,Rally,None,1,-0.005,55.7371,-0.9677,3.4372,-16.3895,0.9951,1.047,1.1098,1,Run,0,9,Serve,29.5958,30.8708,-0.6931,0.7919,-11.6631,3.9478,0.1195,0,Forehand prepare 0.64,0,9,-57.3076,-23.7855,1.9556,0,Great,,-1.1775,-11.7762,2.4705,11.2,-0.1273,0,3.5877,0.5056,0,0
2786,Rally,None,1,-0.005,55.5717,-0.9332,3.438,-16.3582,1.1027,0.9663,1.5284,1,Run,0,9,Serve,29.8583,32.0547,-0.6297,0.8101,-11.6219,0.8785,0.0918,0,Forehand prepare 0.68,0,9,-59.2907,-21.6529,0.2782,0,Great,,-1.1146,-11.7454,2.5506,11.2,-0.1653,0,2.8276,0.2727,0,0
2787,Rally,None,1,-0.005,55.346,-0.8965,3.4388,-16.3247,1.2642,0.8399,2.1562,1,Run,0,9,Serve,30.2599,32.8004,-0.5361,0.8238,-11.5732,0.4934,0.0702,0,Forehand prepare 0.72,0,9,-55.9619,-16.6777,0.9317,0,Great,,-1.0203,-11.6993,2.6708,11.2,-0.2257,0,2.2285,0.1829,0,0
2788,Rally,None,1,-0.005,55.0951,-0.86,3.4397,-16.2916,1.3719,0.752,2.5747,1,Run,0,9,Serve,30.8622,33.1205,-0.4764,0.836,-11.5475,0.4474,0.0534,0,Forehand prepare 0.77,0,9,-55.6743,-12.3635,2.0788,0,Great,,-0.9574,-11.6685,2.7508,11.2,-0.2509,0,1.7563,0.423,0,0
2789,Rally,None,1,-0.005,54.7949,-0.8215,3.4406,-16.2566,1.5333,0.6148,3.2025,1,Run,0,9,Serve,31.6415,33.0746,-0.389,0.8316,-11.5126,1.0217,0.0405,0,Forehand prepare 0.81,0,9,-63.2223,-12.9008,0.6484,0,Great,,-0.8631,-11.6224,2.871,11.2,-0.3002,0,1.3842,0.7416,0,0
2790,Rally,None,1,-0.005,54.4793,-0.7835,3.4415,-16.222,1.641,0.5197,3.6211,1,Run,0,9,Serve,32.5361,32.7373,-0.3381,0.8046,-11.4975,1.2961,0.0307,0,Forehand prepare 0.86,0,9,-80.8767,-17.8191,2.9216,0,Great,,-0.8002,-11.5916,2.951,11.2,-0.3156,0,1.0909,1.0337,0,0
2791,Rally,None,1,-0.005,54.1502,-0.746,3.4424,-16.1879,1.7486,0.4218,4.0396,1,Run,0,9,Serve,33.5484,32.136,-0.2893,0.7566,-11.487,6.2673,0.0231,0,Forehand prepare 0.90,0,9,-90.2154,-20.9288,0.4294,0,Great,,-0.7373,-11.5608,2.9589,11.2,-0.3291,0,0.8598,1.2769,0,0
2792,Rally,None,1,-0.005,53.7821,-0.7066,3.4434,-16.1522,1.9101,0.2696,4.6674,1,Run,0,9,Serve,34.5224,31.3916,-0.2072,0.7241,-11.4616,1.7934,0.0174,0,Forehand prepare 0.94,0,9,-85.5829,-18.0624,2.9013,0,Great,,-0.643,-11.5147,2.9589,11.2,-0.3681,0,0.6776,1.3983,0,0
2793,Rally,None,1,-0.005,53.4074,-0.6678,3.4444,-16.117,2.0178,0.1645,5.086,1,Run,0,9,Serve,35.3645,30.5981,-0.1552,0.7405,-11.4477,0.4118,0.0131,0,Forehand prepare 0.99,0,9,-66.4805,-8.049,5.4069,0,Great,,-0.5801,-11.4839,2.9589,11.2,-0.3747,0,0.5341,1.3676,0,0.0003
2794,Rally,None,1,-0.005,53.0011,-0.6274,3.4454,-16.0804,2.1764,0.1331,5.7025,1,Run,0,9,Serve,36.0331,29.7811,-0.073,0.7496,-11.4176,0.6691,0.0098,0,Forehand prepare 1.00,0,9,-50.8878,3.4725,4.8034,0,Great,,-0.4874,-11.4385,2.999,11.2,-0.4063,0,0.4209,1.2073,0,0.0002
2795,Rally,None,1,-0.005,52.6091,-0.5881,3.4464,-16.0448,2.2782,0.1973,6.0984,1,Run,0,9,Serve,36.478,29.4644,-0.0189,0.7565,-11.398,3.2972,0.0073,0,Forehand prepare 1.00,1,0.1833,-35.5388,14.6925,12.9704,0,Great,,-0.4286,-11.4097,3.079,11.2,-0.3921,0.0007,1.0753,0.8952,0,0.0001
2796,Rally,None,1,-0.005,52.2682,-0.5499,3.4475,-16.0102,2.38,0.2586,6.4944,1,Run,0,9,Serve,36.6634,29.3251,0.0801,0.7847,-11.3708,1.3304,0.0055,0,Backhand swing,1,0.168,39.7534,-58.0011,0,0,Great,,-0.3723,-11.3822,3.1591,11.2,-0.3409,0.0026,2.4365,0.476,0,0.0001
2797,Rally,None,1,-0.005,51.9719,-0.5109,3.4485,-15.9749,2.5328,0.3454,7.0883,1,Run,0,9,Serve,36.5571,29.2782,0.122,0.7849,-11.2829,1.6948,0.0041,0,Backhand swing,1,0.1451,40.1376,-70.7213,0,0,Great,,-0.2925,-11.3432,3.2793,11.2,-0.2963,0.0058,3.5093,0,0,0.0001
2798,Rally,Ultimate,0,-0.005,51.7143,-0.4734,3.4496,-15.9411,2.6346,0.3998,7.4842,1,Run,0,9,Serve,36.2799,29.5415,0.1803,0.7917,-11.2484,2.1712,0.003,0,Backhand swing,1,0.1298,31.9292,-71.8022,4.4989,0,Great,,-0.2425,-11.3187,3.3593,11.2,-0.2576,0.0105,5.1493,0.4135,0,0.0001
2799,Rally,Ultimate,0,-0.005,34,2.9593,1.535,9.4009,2.6346,0.3998,7.4842,1,Run,0,9,Serve,35.831,29.7636,0.2287,0.7929,-11.2769,1.1313,0.0023,0,Backhand swing,1,0.1298,22.8838,-77.2124,2.0558,0,Great,,-0.2425,-11.3187,3.3593,11.2,-17.7143,0.016,5.6474,0.7803,0,0.0001
2800,Rally,Ultimate,0,-0.005,34,2.9593,1.535,9.4037,2.6346,0.3998,7.4842,1,Run,0,9,Serve,35.831,29.7636,0.2287,0.7929,-11.2769,0,0.0023,0,Backhand swing,1,0.1298,23.5504,-74.9522,0,0,Great,,-0.2425,-11.3187,3.3593,11.2,0,0.016,5.6474,0.7803,0,0.0001
2801,Rally,Ultimate,0,-0.005,34,2.9593,1.535,9.4082,2.6346,0.3998,7.4842,1,Run,0,9,Serve,35.831,29.7636,0.2287,0.7929,-11.2769,0,0.0023,0,Backhand swing,1,0.1298,24.2171,-72.709,0,0,Great,,-0.2425,-11.3187,3.3593,11.2,0,0.016,5.6474,0.7803,0,0.0001
2802,Rally,Ultimate,0,-0.005,34,2.9593,1.535,9.4142,2.6346,0.3998,7.4842,1,Run,0,9,Serve,35.831,29.7636,0.2287,0.7929,-11.2769,0,0.0023,0,Backhand swing,1,0.1298,24.8837,-70.4824,0,0,Great,,-0.2425,-11.3187,3.3593,11.2,0,0.016,5.6474,0.7803,0,0.0001
2803,Rally,Ultimate,0,-0.005,34,2.9593,1.535,9.4217,2.6346,0.3998,7.4842,1,Run,0,9,Serve,35.831,29.7636,0.2287,0.7929,-11.2769,0,0.0023,0,Backhand swing,1,0.1298,25.5504,-68.2669,0,0,Great,,-0.2425,-11.3187,3.3593,11.2,0,0.016,5.6474,0.7803,0,0.0001
2804,Rally,Ultimate,0,-0.005,34,2.9593,1.535,9.4305,2.6346,0.3998,7.4842,1,Run,0,9,Serve,35.831,29.7636,0.2287,0.7929,-11.2769,0,0.0023,0,Backhand swing,1,0.1298,26.2171,-66.0573,0,0,Great,,-0.2425,-11.3187,3.3593,11.2,0,0.016,5.6474,0.7803,0,0.0001
2805,Rally,Ultimate,0,-0.005,34,2.9593,1.535,9.4406,2.6346,0.3998,7.4842,1,Run,0,9,Serve,35.831,29.7636,0.2287,0.7929,-11.2769,0,0.0023,0,Backhand swing,1,0.1298,26.8838,-63.8472,0,0,Great,,-0.2425,-11.3187,3.3593,11.2,0,0.016,5.6474,0.7803,0,0.0001
2806,Rally,Ultimate,0,-0.005,34,2.9593,1.535,9.4517,2.6346,0.3998,7.4842,1,Run,0,9,Serve,35.831,29.7636,0.2287,0.7929,-11.2769,0,0.0023,0,Backhand swing,1,0.1298,27.5504,-61.6334,0,0,Great,,-0.2425,-11.3187,3.3593,11.2,0,0.016,5.6474,0.7803,0,0.0001
2807,Rally,Ultimate,0,-0.005,34,2.9593,1.535,9.4639,2.6346,0.3998,7.4842,1,Run,0,9,Serve,35.831,29.7636,0.2287,0.7929,-11.2769,0,0.0023,0,Backhand swing,1,0.1298,28.2171,-59.4172,0,0,Great,,-0.2425,-11.3187,3.3593,11.2,0,0.016,5.6474,0.7803,0,0.0001
2808,Rally,Ultimate,0,-0.005,34,2.9593,1.535,9.4769,2.6346,0.3998,7.4842,1,Run,0,9,Serve,35.831,29.7636,0.2287,0.7929,-11.2769,0,0.0023,0,Backhand swing,1,0.1298,28.8838,-57.1981,0,0,Great,,-0.2425,-11.3187,3.3593,11.2,0,0.016,5.6474,0.7803,0,0.0001
2809,Rally,Ultimate,0,-0.005,34,2.9593,1.535,9.4907,2.6346,0.3998,7.4842,1,Run,0,9,Serve,35.831,29.7636,0.2287,0.7929,-11.2769,0,0.0023,0,Backhand swing,1,0.1298,29.5504,-54.9741,0,0,Great,,-0.2425,-11.3187,3.3593,11.2,0,0.016,5.6474,0.7803,0,0.0001
2810,Rally,Ultimate,0,-0.005,34,2.9593,1.535,9.5052,2.6346,0.3998,7.4842,1,Run,0,9,Serve,35.831,29.7636,0.2287,0.7929,-11.2769,0,0.0023,0,Backhand swing,1,0.1298,30.2171,-52.7501,0,0,Great,,-0.2425,-11.3187,3.3593,11.2,0,0.016,5.6474,0.7803,0,0.0001
2811,Rally,Ultimate,0,-0.005,34,2.9593,1.535,9.5202,2.6346,0.3998,7.4842,1,Run,0,9,Serve,35.831,29.7636,0.2287,0.7929,-11.2769,0,0.0023,0,Backhand swing,1,0.1298,30.8838,-50.5275,0,0,Great,,-0.2425,-11.3187,3.3593,11.2,0,0.016,5.6474,0.7803,0,0.0001
2812,Rally,Ultimate,0,-0.005,34,2.9593,1.535,9.5355,2.6346,0.3998,7.4842,1,Run,0,9,Serve,35.831,29.7636,0.2287,0.7929,-11.2769,0,0.0023,0,Backhand swing,1,0.1298,31.5504,-48.3112,0,0,Great,,-0.2425,-11.3187,3.3593,11.2,0,0.016,5.6474,0.7803,0,0.0001
2813,Rally,Ultimate,0,-0.005,34,2.9593,1.535,9.5512,2.6346,0.3998,7.4842,1,Run,0,9,Serve,35.831,29.7636,0.2287,0.7929,-11.2769,0,0.0023,0,Backhand swing,1,0.1298,32.2171,-46.1052,0,0,Great,,-0.2425,-11.3187,3.3593,11.2,0,0.016,5.6474,0.7803,0,0.0001
2814,Rally,Ultimate,0,-0.005,34,2.9593,1.535,9.567,2.6346,0.3998,7.4842,1,Run,0,9,Serve,35.831,29.7636,0.2287,0.7929,-11.2769,0,0.0023,0,Backhand swing,1,0.1298,32.8838,-43.8983,0,0,Great,,-0.2425,-11.3187,3.3593,11.2,0,0.016,5.6474,0.7803,0,0.0001
2815,Rally,Ultimate,0,-0.005,34,2.9593,1.535,9.583,2.6346,0.3998,7.4842,1,Run,0,9,Serve,35.831,29.7636,0.2287,0.7929,-11.2769,0,0.0023,0,Backhand swing,1,0.1298,33.5504,-41.7088,0,0,Great,,-0.2425,-11.3187,3.3593,11.2,0,0.016,5.6474,0.7803,0,0.0001
2816,Rally,Ultimate,0,-0.005,34,2.9593,1.535,9.5988,2.6346,0.3998,7.4842,1,Run,0,9,Serve,35.831,29.7636,0.2287,0.7929,-11.2769,0,0.0023,0,Backhand swing,1,0.1298,34.2171,-39.5431,0,0,Great,,-0.2425,-11.3187,3.3593,11.2,0,0.016,5.6474,0.7803,0,0.0001
2817,Rally,Ultimate,0,-0.005,34,2.9593,1.535,9.6145,2.6346,0.3998,7.4842,1,Run,0,9,Serve,35.831,29.7636,0.2287,0.7929,-11.2769,0,0.0023,0,Backhand swing,1,0.1298,34.8837,-37.4002,0,0,Great,,-0.2425,-11.3187,3.3593,11.2,0,0.016,5.6474,0.7803,0,0.0001
2818,Rally,Ultimate,0,-0.005,34,2.9593,1.535,9.6298,2.6346,0.3998,7.4842,1,Run,0,9,Serve,35.831,29.7636,0.2287,0.7929,-11.2769,0,0.0023,0,Backhand swing,1,0.1298,35.5504,-35.2836,0,0,Great,,-0.2425,-11.3187,3.3593,11.2,0,0.016,5.6474,0.7803,0,0.0001
2819,Rally,Ultimate,0,-0.005,34,2.9593,1.535,9.6448,2.6346,0.3998,7.4842,1,Run,0,9,Serve,35.831,29.7636,0.2287,0.7929,-11.2769,0,0.0023,0,Backhand swing,1,0.1298,36.2171,-33.1946,0,0,Great,,-0.2425,-11.3187,3.3593,11.2,0,0.016,5.6474,0.7803,0,0.0001
2820,Rally,Ultimate,0,-0.005,34,2.9593,1.535,9.6593,2.6346,0.3998,7.4842,1,Run,0,9,Serve,35.831,29.7636,0.2287,0.7929,-11.2769,0,0.0023,0,Backhand swing,1,0.1298,36.2171,-33.1996,0,0,Great,,-0.2425,-11.3187,3.3593,11.2,0,0.016,5.6474,0.7803,0,0.0001
2821,Rally,Ultimate,0,-0.005,34,2.9593,1.535,9.6731,2.6346,0.3998,7.4842,1,Run,0,9,Serve,35.831,29.7636,0.2287,0.7929,-11.2769,0,0.0023,0,Backhand swing,1,0.1298,36.2171,-33.2194,0,0,Great,,-0.2425,-11.3187,3.3593,11.2,0,0.016,5.6474,0.7803,0,0.0001
2822,Rally,Ultimate,0,-0.005,34,2.9593,1.535,9.6861,2.6346,0.3998,7.4842,1,Run,0,9,Serve,35.831,29.7636,0.2287,0.7929,-11.2769,0,0.0023,0,Backhand swing,1,0.1298,36.2171,-33.2504,0,0,Great,,-0.2425,-11.3187,3.3593,11.2,0,0.016,5.6474,0.7803,0,0.0001
2823,Rally,Ultimate,0,-0.005,34,2.9593,1.535,9.6983,2.6346,0.3998,7.4842,1,Run,0,9,Serve,35.831,29.7636,0.2287,0.7929,-11.2769,0,0.0023,0,Backhand swing,1,0.1298,36.2171,-33.292,0,0,Great,,-0.2425,-11.3187,3.3593,11.2,0,0.016,5.6474,0.7803,0,0.0001
2824,Rally,Ultimate,0,-0.005,34,2.9593,1.535,9.7094,2.6346,0.3998,7.4842,1,Run,0,9,Serve,35.831,29.7636,0.2287,0.7929,-11.2769,0,0.0023,0,Backhand swing,1,0.1298,36.2171,-33.3433,0,0,Great,,-0.2425,-11.3187,3.3593,11.2,0,0.016,5.6474,0.7803,0,0.0001
2825,Rally,Ultimate,0,-0.005,34,2.9593,1.535,9.7195,2.6346,0.3998,7.4842,1,Run,0,9,Serve,35.831,29.7636,0.2287,0.7929,-11.2769,0,0.0023,0,Backhand swing,1,0.1298,36.2171,-33.4023,0,0,Great,,-0.2425,-11.3187,3.3593,11.2,0,0.016,5.6474,0.7803,0,0.0001
2826,Rally,Ultimate,0,-0.005,34,2.9593,1.535,9.7283,2.6346,0.3998,7.4842,1,Run,0,9,Serve,35.831,29.7636,0.2287,0.7929,-11.2769,0,0.0023,0,Backhand swing,1,0.1298,36.2171,-33.4679,0,0,Great,,-0.2425,-11.3187,3.3593,11.2,0,0.016,5.6474,0.7803,0,0.0001
2827,Rally,Ultimate,0,-0.005,34,2.9593,1.535,9.7358,2.6346,0.3998,7.4842,1,Run,0,9,Serve,35.831,29.7636,0.2287,0.7929,-11.2769,0,0.0023,0,Backhand swing,1,0.1298,36.2171,-33.5296,0,0,Great,,-0.2425,-11.3187,3.3593,11.2,0,0.016,5.6474,0.7803,0,0.0001
2828,Rally,Ultimate,0,-0.005,34,2.9593,1.535,9.7418,2.6346,0.3998,7.4842,1,Run,0,9,Serve,35.831,29.7636,0.2287,0.7929,-11.2769,0,0.0023,0,Backhand swing,1,0.1298,36.2171,-33.5934,0,0,Great,,-0.2425,-11.3187,3.3593,11.2,0,0.016,5.6474,0.7803,0,0.0001
2829,Rally,Ultimate,0,-0.005,34,2.9593,1.535,9.7463,2.6346,0.3998,7.4842,1,Run,0,9,Serve,35.831,29.7636,0.2287,0.7929,-11.2769,0,0.0023,0,Backhand swing,1,0.1298,36.2171,-33.6487,0,0,Great,,-0.2425,-11.3187,3.3593,11.2,0,0.016,5.6474,0.7803,0,0.0001
2830,Rally,Ultimate,0,-0.005,34,2.9593,1.535,9.7491,2.6346,0.3998,7.4842,1,Run,0,9,Serve,35.831,29.7636,0.2287,0.7929,-11.2769,0,0.0023,0,Backhand swing,1,0.1298,36.2171,-33.6893,0,0,Great,,-0.2425,-11.3187,3.3593,11.2,0,0.016,5.6474,0.7803,0,0.0001
2831,Rally,Ultimate,0,-0.005,43,1.5593,0.835,8.9,2.6346,0.3998,7.4842,1,Run,0,9,Serve,35.831,29.7636,0.2287,0.7929,-11.2769,0,0.0023,0,Backhand swing,1,0.1298,36.2171,-33.7124,0,0,Great,,-0.2425,-11.3187,3.3593,11.2,9,0.016,5.6474,0.7803,0,0.0001
2832,Rally,Ultimate,0,-0.005,43,1.5802,0.835,8.9,2.6346,0.3998,7.4842,1,Run,0,9,Serve,35.831,29.7636,0.2287,0.7929,-11.2769,0,0.0023,0,Backhand swing,1,0.1298,36.2171,-33.721,0,0,Great,,-0.2425,-11.3187,3.3593,11.2,0,0.016,5.6474,0.7803,0,0.0001
2833,Rally,Ultimate,0,-0.005,43,1.601,0.835,8.9,2.6346,0.3998,7.4842,1,Run,0,9,Serve,35.831,29.7636,0.2287,0.7929,-11.2769,0,0.0023,0,Backhand swing,1,0.1298,36.2171,-33.7093,0,0,Great,,-0.2425,-11.3187,3.3593,11.2,0,0.016,5.6474,0.7803,0,0.0001
2834,Rally,Ultimate,0,-0.005,43,1.6218,0.835,8.9,2.6346,0.3998,7.4842,1,Run,0,9,Serve,35.831,29.7636,0.2287,0.7929,-11.2769,0,0.0023,0,Backhand swing,1,0.1298,36.2171,-33.6799,0,0,Great,,-0.2425,-11.3187,3.3593,11.2,0,0.016,5.6474,0.7803,0,0.0001
2835,Rally,Ultimate,0,-0.005,43,1.6427,0.835,8.9,2.6346,0.3998,7.4842,1,Run,0,9,Serve,35.831,29.7636,0.2287,0.7929,-11.2769,0,0.0023,0,Backhand swing,1,0.1298,36.2171,-33.6338,0,0,Great,,-0.2425,-11.3187,3.3593,11.2,0,0.016,5.6474,0.7803,0,0.0001
2836,Rally,Ultimate,0,-0.005,43,1.6635,0.835,8.9,2.6346,0.3998,7.4842,1,Run,0,9,Serve,35.831,29.7636,0.2287,0.7929,-11.2769,0,0.0023,0,Backhand swing,1,0.1298,36.2171,-33.5725,0,0,Great,,-0.2425,-11.3187,3.3593,11.2,0,0.016,5.6474,0.7803,0,0.0001
2837,Rally,Ultimate,0,-0.005,43,1.6843,0.835,8.9,2.6346,0.3998,7.4842,1,Run,0,9,Serve,35.831,29.7636,0.2287,0.7929,-11.2769,0,0.0023,0,Backhand swing,1,0.1298,36.2171,-33.5069,0,0,Great,,-0.2425,-11.3187,3.3593,11.2,0,0.016,5.6474,0.7803,0,0.0001
2838,Rally,Ultimate,0,-0.005,43,1.7052,0.835,8.9,2.6346,0.3998,7.4842,1,Run,0,9,Serve,35.831,29.7636,0.2287,0.7929,-11.2769,0,0.0023,0,Backhand swing,1,0.1298,36.2171,-33.439,0,0,Great,,-0.2425,-11.3187,3.3593,11.2,0,0.016,5.6474,0.7803,0,0.0001
2839,Rally,Ultimate,0,-0.005,43,1.726,0.835,8.9,2.6346,0.3998,7.4842,1,Run,0,9,Serve,35.831,29.7636,0.2287,0.7929,-11.2769,0,0.0023,0,Backhand swing,1,0.1298,36.2171,-33.3727,0,0,Great,,-0.2425,-11.3187,3.3593,11.2,0,0.016,5.6474,0.7803,0,0.0001
2840,Rally,Ultimate,0,-0.005,43,1.7468,0.835,8.9,2.6346,0.3998,7.4842,1,Run,0,9,Serve,35.831,29.7636,0.2287,0.7929,-11.2769,0,0.0023,0,Backhand swing,1,0.1298,36.2171,-33.3045,0,0,Great,,-0.2425,-11.3187,3.3593,11.2,0,0.016,5.6474,0.7803,0,0.0001
2841,Rally,Ultimate,0,-0.005,43,1.7677,0.835,8.9,2.6346,0.3998,7.4842,1,Run,0,9,Serve,35.831,29.7636,0.2287,0.7929,-11.2769,0,0.0023,0,Backhand swing,1,0.1298,36.2171,-33.2512,0,0,Great,,-0.2425,-11.3187,3.3593,11.2,0,0.016,5.6474,0.7803,0,0.0001
2842,Rally,Ultimate,0,-0.005,43,1.7885,0.835,8.9,2.6346,0.3998,7.4842,1,Run,0,9,Serve,35.831,29.7636,0.2287,0.7929,-11.2769,0,0.0023,0,Backhand swing,1,0.1298,36.2171,-33.2198,0,0,Great,,-0.2425,-11.3187,3.3593,11.2,0,0.016,5.6474,0.7803,0,0.0001
2843,Rally,Ultimate,0,-0.005,43,1.8093,0.835,8.9,2.6346,0.3998,7.4842,1,Run,0,9,Serve,35.831,29.7636,0.2287,0.7929,-11.2769,0,0.0023,0,Backhand swing,1,0.1298,36.2171,-33.2005,0,0,Great,,-0.2425,-11.3187,3.3593,11.2,0,0.016,5.6474,0.7803,0,0.0001
2844,Rally,Ultimate,0,-0.005,43,1.8302,0.835,8.9,2.6346,0.3998,7.4842,1,Run,0,9,Serve,35.831,29.7636,0.2287,0.7929,-11.2769,0,0.0023,0,Backhand swing,1,0.1298,36.2171,-33.1946,0,0,Great,,-0.2425,-11.3187,3.3593,11.2,0,0.016,5.6474,0.7803,0,0.0001
2845,Rally,Ultimate,0,-0.005,43,1.851,0.835,8.9,2.6346,0.3998,7.4842,1,Run,0,9,Serve,35.831,29.7636,0.2287,0.7929,-11.2769,0,0.0023,0,Backhand swing,1,0.1298,36.2171,-33.204,0,0,Great,,-0.2425,-11.3187,3.3593,11.2,0,0.016,5.6474,0.7803,0,0.0001
2846,Rally,Ultimate,0,-0.005,43,1.8718,0.835,8.9,2.6346,0.3998,7.4842,1,Run,0,9,Serve,35.831,29.7636,0.2287,0.7929,-11.2769,0,0.0023,0,Backhand swing,1,0.1298,36.2171,-33.2264,0,0,Great,,-0.2425,-11.3187,3.3593,11.2,0,0.016,5.6474,0.7803,0,0.0001
2847,Rally,Ultimate,0,-0.005,43,1.8927,0.835,8.9,2.6346,0.3998,7.4842,1,Run,0,9,Serve,35.831,29.7636,0.2287,0.7929,-11.2769,0,0.0023,0,Backhand swing,1,0.1298,36.2171,-33.2635,0,0,Great,,-0.2425,-11.3187,3.3593,11.2,0,0.016,5.6474,0.7803,0,0.0001
2848,Rally,Ultimate,0,-0.005,43,1.9135,0.835,8.9,2.6346,0.3998,7.4842,1,Run,0,9,Serve,35.831,29.7636,0.2287,0.7929,-11.2769,0,0.0023,0,Backhand swing,1,0.1298,36.2171,-33.3094,0,0,Great,,-0.2425,-11.3187,3.3593,11.2,0,0.016,5.6474,0.7803,0,0.0001
2849,Rally,Ultimate,0,-0.005,43,1.9343,0.835,8.9,2.6346,0.3998,7.4842,1,Run,0,9,Serve,35.831,29.7636,0.2287,0.7929,-11.2769,0,0.0023,0,Backhand swing,1,0.1298,36.2171,-33.3638,0,0,Great,,-0.2425,-11.3187,3.3593,11.2,0,0.016,5.6474,0.7803,0,0.0001
2850,Rally,Ultimate,0,-0.005,43,1.9552,0.835,8.9,2.6346,0.3998,7.4842,1,Run,0,9,Serve,35.831,29.7636,0.2287,0.7929,-11.2769,0,0.0023,0,Backhand swing,1,0.1298,36.2171,-33.424,0,0,Great,,-0.2425,-11.3187,3.3593,11.2,0,0.016,5.6474,0.7803,0,0.0001
2851,Rally,Ultimate,0,-0.005,43,1.976,0.835,8.9,2.6346,0.3998,7.4842,1,Run,0,9,Serve,35.831,29.7636,0.2287,0.7929,-11.2769,0,0.0023,0,Backhand swing,1,0.1298,36.2171,-33.4842,0,0,Great,,-0.2425,-11.3187,3.3593,11.2,0,0.016,5.6474,0.7803,0,0.0001
2852,Rally,Ultimate,0,-0.005,43,1.9968,0.835,8.9,2.6346,0.3998,7.4842,1,Run,0,9,Serve,35.831,29.7636,0.2287,0.7929,-11.2769,0,0.0023,0,Backhand swing,1,0.1298,36.2171,-33.5478,0,0,Great,,-0.2425,-11.3187,3.3593,11.2,0,0.016,5.6474,0.7803,0,0.0001
2853,Rally,Ultimate,0,-0.005,43,2.0177,0.835,8.9,2.6346,0.3998,7.4842,1,Run,0,9,Serve,35.831,29.7636,0.2287,0.7929,-11.2769,0,0.0023,0,Backhand swing,1,0.1298,36.2171,-33.6037,0,0,Great,,-0.2425,-11.3187,3.3593,11.2,0,0.016,5.6474,0.7803,0,0.0001
2854,Rally,Ultimate,0,-0.005,43,2.0385,0.835,8.9,2.6346,0.3998,7.4842,1,Run,0,9,Serve,35.831,29.7636,0.2287,0.7929,-11.2769,0,0.0023,0,Backhand swing,1,0.1298,36.2171,-33.6528,0,0,Great,,-0.2425,-11.3187,3.3593,11.2,0,0.016,5.6474,0.7803,0,0.0001
2855,Rally,Ultimate,0,-0.005,43,2.0593,0.835,8.9,2.6346,0.3998,7.4842,1,Run,0,9,Serve,35.831,29.7636,0.2287,0.7929,-11.2769,0,0.0023,0,Backhand swing,1,0.1298,36.2171,-33.6901,0,0,Great,,-0.2425,-11.3187,3.3593,11.2,0,0.016,5.6474,0.7803,0,0.0001
2856,Rally,Ultimate,0,-0.005,43,2.0802,0.835,8.9,2.6346,0.3998,7.4842,1,Run,0,9,Serve,35.831,29.7636,0.2287,0.7929,-11.2769,0,0.0023,0,Backhand swing,1,0.1298,36.2171,-33.7146,0,0,Great,,-0.2425,-11.3187,3.3593,11.2,0,0.016,5.6474,0.7803,0,0.0001
2857,Rally,Ultimate,0,-0.005,43,2.101,0.835,8.9,2.6346,0.3998,7.4842,1,Run,0,9,Serve,35.831,29.7636,0.2287,0.7929,-11.2769,0,0.0023,0,Backhand swing,1,0.1298,36.2171,-33.7207,0,0,Great,,-0.2425,-11.3187,3.3593,11.2,0,0.016,5.6474,0.7803,0,0.0001
2858,Rally,Ultimate,0,-0.005,43,2.1218,0.835,8.9,2.6346,0.3998,7.4842,1,Run,0,9,Serve,35.831,29.7636,0.2287,0.7929,-11.2769,0,0.0023,0,Backhand swing,1,0.1298,36.2171,-33.7064,0,0,Great,,-0.2425,-11.3187,3.3593,11.2,0,0.016,5.6474,0.7803,0,0.0001
2859,Rally,Ultimate,0,-0.005,43,2.1427,0.835,8.9,2.6346,0.3998,7.4842,1,Run,0,9,Serve,35.831,29.7636,0.2287,0.7929,-11.2769,0,0.0023,0,Backhand swing,1,0.1298,36.2171,-33.6797,0,0,Great,,-0.2425,-11.3187,3.3593,11.2,0,0.016,5.6474,0.7803,0,0.0001
2860,Rally,Ultimate,0,-0.005,43,2.1635,0.835,8.9,2.6346,0.3998,7.4842,1,Run,0,9,Serve,35.831,29.7636,0.2287,0.7929,-11.2769,0,0.0023,0,Backhand swing,1,0.1298,36.2171,-33.6406,0,0,Great,,-0.2425,-11.3187,3.3593,11.2,0,0.016,5.6474,0.7803,0,0.0001
2861,Rally,Ultimate,0,-0.005,43,2.1843,0.835,8.9,2.6346,0.3998,7.4842,1,Run,0,9,Serve,35.831,29.7636,0.2287,0.7929,-11.2769,0,0.0023,0,Backhand swing,1,0.1298,36.2171,-33.5905,0,0,Great,,-0.2425,-11.3187,3.3593,11.2,0,0.016,5.6474,0.7803,0,0.0001
2862,Rally,Ultimate,0,-0.005,43,2.2052,0.835,8.9,2.6346,0.3998,7.4842,1,Run,0,9,Serve,35.831,29.7636,0.2287,0.7929,-11.2769,0,0.0023,0,Backhand swing,1,0.1298,36.2171,-33.5347,0,0,Great,,-0.2425,-11.3187,3.3593,11.2,0,0.016,5.6474,0.7803,0,0.0001
2863,Rally,Ultimate,0,-0.005,43,2.226,0.835,8.9,2.6346,0.3998,7.4842,1,Run,0,9,Serve,35.831,29.7636,0.2287,0.7929,-11.2769,0,0.0023,0,Backhand swing,1,0.1298,36.2171,-33.4729,0,0,Great,,-0.2425,-11.3187,3.3593,11.2,0,0.016,5.6474,0.7803,0,0.0001
2864,Rally,Ultimate,0,-0.005,43,2.2468,0.835,8.9,2.6346,0.3998,7.4842,1,Run,0,9,Serve,35.831,29.7636,0.2287,0.7929,-11.2769,0,0.0023,0,Backhand swing,1,0.1298,36.2171,-33.4111,0,0,Great,,-0.2425,-11.3187,3.3593,11.2,0,0.016,5.6474,0.7803,0,0.0001
2865,Rally,Ultimate,0,-0.005,43,2.2677,0.835,8.9,2.6346,0.3998,7.4842,1,Run,0,9,Serve,35.831,29.7636,0.2287,0.7929,-11.2769,0,0.0023,0,Backhand swing,1,0.1298,36.2171,-33.35,0,0,Great,,-0.2425,-11.3187,3.3593,11.2,0,0.016,5.6474,0.7803,0,0.0001
2866,Rally,Ultimate,0,-0.005,43,2.2885,0.835,8.9,2.6346,0.3998,7.4842,1,Run,0,9,Serve,35.831,29.7636,0.2287,0.7929,-11.2769,0,0.0023,0,Backhand swing,1,0.1298,36.2171,-33.2975,0,0,Great,,-0.2425,-11.3187,3.3593,11.2,0,0.016,5.6474,0.7803,0,0.0001
2867,Rally,Ultimate,0,-0.005,43,2.3093,0.835,8.9,2.6346,0.3998,7.4842,1,Run,0,9,Serve,35.831,29.7636,0.2287,0.7929,-11.2769,0,0.0023,0,Backhand swing,1,0.1298,36.2171,-33.2523,0,0,Great,,-0.2425,-11.3187,3.3593,11.2,0,0.016,5.6474,0.7803,0,0.0001
2868,Rally,Ultimate,0,-0.005,43,2.3302,0.835,8.9,2.6346,0.3998,7.4842,1,Run,0,9,Serve,35.831,29.7636,0.2287,0.7929,-11.2769,0,0.0023,0,Backhand swing,1,0.1298,36.2171,-33.2175,0,0,Great,,-0.2425,-11.3187,3.3593,11.2,0,0.016,5.6474,0.7803,0,0.0001
2869,Rally,Ultimate,0,-0.005,43,2.351,0.835,8.9,2.6346,0.3998,7.4842,1,Run,0,9,Serve,35.831,29.7636,0.2287,0.7929,-11.2769,0,0.0023,0,Backhand swing,1,0.1298,36.2171,-33.1985,0,0,Great,,-0.2425,-11.3187,3.3593,11.2,0,0.016,5.6474,0.7803,0,0.0001
2870,Rally,Ultimate,0,-0.005,43,2.3718,0.835,8.9,2.6346,0.3998,7.4842,1,Run,0,9,Serve,35.831,29.7636,0.2287,0.7929,-11.2769,0,0.0023,0,Backhand swing,1,0.1298,36.2171,-33.1953,0,0,Great,,-0.2425,-11.3187,3.3593,11.2,0,0.016,5.6474,0.7803,0,0.0001
2871,Rally,Ultimate,0,-0.005,43,2.3927,0.835,8.9,2.6346,0.3998,7.4842,1,Run,0,9,Serve,35.831,29.7636,0.2287,0.7929,-11.2769,0,0.0023,0,Backhand swing,1,0.1298,36.2171,-33.2056,0,0,Great,,-0.2425,-11.3187,3.3593,11.2,0,0.016,5.6474,0.7803,0,0.0001
2872,Rally,Ultimate,0,-0.005,43,2.4135,0.835,8.9,2.6346,0.3998,7.4842,1,Run,0,9,Serve,35.831,29.7636,0.2287,0.7929,-11.2769,0,0.0023,0,Backhand swing,1,0.1298,36.2171,-33.2279,0,0,Great,,-0.2425,-11.3187,3.3593,11.2,0,0.016,5.6474,0.7803,0,0.0001
2873,Rally,Ultimate,0,-0.005,43,2.4343,0.835,8.9,2.6346,0.3998,7.4842,1,Run,0,9,Serve,35.831,29.7636,0.2287,0.7929,-11.2769,0,0.0023,0,Backhand swing,1,0.1298,36.2171,-33.2634,0,0,Great,,-0.2425,-11.3187,3.3593,11.2,0,0.016,5.6474,0.7803,0,0.0001
2874,Rally,Ultimate,0,-0.005,43,2.4552,0.835,8.9,2.6346,0.3998,7.4842,1,Run,0,9,Serve,35.831,29.7636,0.2287,0.7929,-11.2769,0,0.0023,0,Backhand swing,1,0.1298,36.2171,-33.3083,0,0,Great,,-0.2425,-11.3187,3.3593,11.2,0,0.016,5.6474,0.7803,0,0.0001
2875,Rally,Ultimate,0,-0.005,43,2.476,0.835,8.9,2.6346,0.3998,7.4842,1,Run,0,9,Serve,35.831,29.7636,0.2287,0.7929,-11.2769,0,0.0023,0,Backhand swing,1,0.1298,36.2171,-33.3634,0,0,Great,,-0.2425,-11.3187,3.3593,11.2,0,0.016,5.6474,0.7803,0,0.0001
2876,Rally,Ultimate,0,-0.005,43,2.4968,0.835,8.9,2.6346,0.3998,7.4842,1,Run,0,9,Serve,35.831,29.7636,0.2287,0.7929,-11.2769,0,0.0023,0,Backhand swing,1,0.1298,36.2171,-33.4209,0,0,Great,,-0.2425,-11.3187,3.3593,11.2,0,0.016,5.6474,0.7803,0,0.0001
2877,Rally,Ultimate,0,-0.005,43,2.5177,0.835,8.9,2.6346,0.3998,7.4842,1,Run,0,9,Serve,35.831,29.7636,0.2287,0.7929,-11.2769,0,0.0023,0,Backhand swing,1,0.1298,36.2171,-33.483,0,0,Great,,-0.2425,-11.3187,3.3593,11.2,0,0.016,5.6474,0.7803,0,0.0001
2878,Rally,Ultimate,0,-0.005,43,2.5385,0.835,8.9,2.6346,0.3998,7.4842,1,Run,0,9,Serve,35.831,29.7636,0.2287,0.7929,-11.2769,0,0.0023,0,Backhand swing,1,0.1298,36.2171,-33.5443,0,0,Great,,-0.2425,-11.3187,3.3593,11.2,0,0.016,5.6474,0.7803,0,0.0001
2879,Rally,Ultimate,0,-0.005,43,2.5593,0.835,8.9,2.6346,0.3998,7.4842,1,Run,0,9,Serve,35.831,29.7636,0.2287,0.7929,-11.2769,0,0.0023,0,Backhand swing,1,0.1298,36.2171,-33.6025,0,0,Great,,-0.2425,-11.3187,3.3593,11.2,0,0.016,5.6474,0.7803,0,0.0001
2880,Rally,Ultimate,0,-0.005,44,4.8593,0.685,7.7006,2.6346,0.3998,7.4842,1,Run,0,9,Serve,35.831,29.7636,0.2287,0.7929,-11.2769,0,0.0023,0,Backhand swing,1,0.1298,36.2171,-33.6572,0,0,Great,,-0.2425,-11.3187,3.3593,11.2,1,0.016,5.6474,0.7803,0,0.0001
2881,Rally,Ultimate,0,-0.005,44,4.8593,0.685,7.7022,2.6346,0.3998,7.4842,1,Run,0,9,Serve,35.831,29.7636,0.2287,0.7929,-11.2769,0,0.0023,0,Backhand swing,1,0.1298,36.2171,-33.6953,0,0,Great,,-0.2425,-11.3187,3.3593,11.2,0,0.016,5.6474,0.7803,0,0.0001
2882,Rally,Ultimate,0,-0.005,44,4.8593,0.685,7.705,2.6346,0.3998,7.4842,1,Run,0,9,Serve,35.831,29.7636,0.2287,0.7929,-11.2769,0,0.0023,0,Backhand swing,1,0.1298,36.2171,-33.718,0,0,Great,,-0.2425,-11.3187,3.3593,11.2,0,0.016,5.6474,0.7803,0,0.0001
2883,Rally,Ultimate,0,-0.005,44,4.8593,0.685,7.7087,2.6346,0.3998,7.4842,1,Run,0,9,Serve,35.831,29.7636,0.2287,0.7929,-11.2769,0,0.0023,0,Backhand swing,1,0.1298,36.2171,-33.72,0,0,Great,,-0.2425,-11.3187,3.3593,11.2,0,0.016,5.6474,0.7803,0,0.0001
2884,Rally,Ultimate,0,-0.005,44,4.8593,0.685,7.7135,2.6346,0.3998,7.4842,1,Run,0,9,Serve,35.831,29.7636,0.2287,0.7929,-11.2769,0,0.0023,0,Backhand swing,1,0.1298,36.2171,-33.7053,0,0,Great,,-0.2425,-11.3187,3.3593,11.2,0,0.016,5.6474,0.7803,0,0.0001
2885,Rally,Ultimate,0,-0.005,44,4.8593,0.685,7.7191,2.6346,0.3998,7.4842,1,Run,0,9,Serve,35.831,29.7636,0.2287,0.7929,-11.2769,0,0.0023,0,Backhand swing,1,0.1298,36.2171,-33.6758,0,0,Great,,-0.2425,-11.3187,3.3593,11.2,0,0.016,5.6474,0.7803,0,0.0001
2886,Rally,Ultimate,0,-0.005,44,4.8593,0.685,7.7257,2.6346,0.3998,7.4842,1,Run,0,9,Serve,35.831,29.7636,0.2287,0.7929,-11.2769,0,0.0023,0,Backhand swing,1,0.1298,36.2171,-33.6296,0,0,Great,,-0.2425,-11.3187,3.3593,11.2,0,0.016,5.6474,0.7803,0,0.0001
2887,Rally,Ultimate,0,-0.005,44,4.8593,0.685,7.733,2.6346,0.3998,7.4842,1,Run,0,9,Serve,35.831,29.7636,0.2287,0.7929,-11.2769,0,0.0023,0,Backhand swing,1,0.1298,36.2171,-33.571,0,0,Great,,-0.2425,-11.3187,3.3593,11.2,0,0.016,5.6474,0.7803,0,0.0001
2888,Rally,Ultimate,0,-0.005,44,4.8593,0.685,7.7412,2.6346,0.3998,7.4842,1,Run,0,9,Serve,35.831,29.7636,0.2287,0.7929,-11.2769,0,0.0023,0,Backhand swing,1,0.1298,36.2171,-33.5076,0,0,Great,,-0.2425,-11.3187,3.3593,11.2,0,0.016,5.6474,0.7803,0,0.0001
2889,Rally,Ultimate,0,-0.005,44,4.8593,0.685,7.7501,2.6346,0.3998,7.4842,1,Run,0,9,Serve,35.831,29.7636,0.2287,0.7929,-11.2769,0,0.0023,0,Backhand swing,1,0.1298,36.2171,-33.4402,0,0,Great,,-0.2425,-11.3187,3.3593,11.2,0,0.016,5.6474,0.7803,0,0.0001
2890,Rally,Ultimate,0,-0.005,44,4.8593,0.685,7.7597,2.6346,0.3998,7.4842,1,Run,0,9,Serve,35.831,29.7636,0.2287,0.7929,-11.2769,0,0.0023,0,Backhand swing,1,0.1298,36.2171,-33.3692,0,0,Great,,-0.2425,-11.3187,3.3593,11.2,0,0.016,5.6474,0.7803,0,0.0001
2891,Rally,Ultimate,0,-0.005,44,4.8593,0.685,7.77,2.6346,0.3998,7.4842,1,Run,0,9,Serve,35.831,29.7636,0.2287,0.7929,-11.2769,0,0.0023,0,Backhand swing,1,0.1298,36.2171,-33.305,0,0,Great,,-0.2425,-11.3187,3.3593,11.2,0,0.016,5.6474,0.7803,0,0.0001
2892,Rally,Ultimate,0,-0.005,44,4.8593,0.685,7.7809,2.6346,0.3998,7.4842,1,Run,0,9,Serve,35.831,29.7636,0.2287,0.7929,-11.2769,0,0.0023,0,Backhand swing,1,0.1298,36.2171,-33.2543,0,0,Great,,-0.2425,-11.3187,3.3593,11.2,0,0.016,5.6474,0.7803,0,0.0001
2893,Rally,Ultimate,0,-0.005,44,4.8593,0.685,7.7923,2.6346,0.3998,7.4842,1,Run,0,9,Serve,35.831,29.7636,0.2287,0.7929,-11.2769,0,0.0023,0,Backhand swing,1,0.1298,36.2171,-33.2183,0,0,Great,,-0.2425,-11.3187,3.3593,11.2,0,0.016,5.6474,0.7803,0,0.0001
2894,Rally,Ultimate,0,-0.005,44,4.8593,0.685,7.8043,2.6346,0.3998,7.4842,1,Run,0,9,Serve,35.831,29.7636,0.2287,0.7929,-11.2769,0,0.0023,0,Backhand swing,1,0.1298,36.2171,-33.1979,0,0,Great,,-0.2425,-11.3187,3.3593,11.2,0,0.016,5.6474,0.7803,0,0.0001
2895,Rally,Ultimate,0,-0.005,44,4.8593,0.685,7.8168,2.6346,0.3998,7.4842,1,Run,0,9,Serve,35.831,29.7636,0.2287,0.7929,-11.2769,0,0.0023,0,Backhand swing,1,0.1298,36.2171,-33.1952,0,0,Great,,-0.2425,-11.3187,3.3593,11.2,0,0.016,5.6474,0.7803,0,0.0001
2896,Rally,Ultimate,0,-0.005,44,4.8593,0.685,7.8296,2.6346,0.3998,7.4842,1,Run,0,9,Serve,35.831,29.7636,0.2287,0.7929,-11.2769,0,0.0023,0,Backhand swing,1,0.1298,36.2171,-33.2067,0,0,Great,,-0.2425,-11.3187,3.3593,11.2,0,0.016,5.6474,0.7803,0,0.0001
2897,Rally,Ultimate,0,-0.005,44,4.8593,0.685,7.8429,2.6346,0.3998,7.4842,1,Run,0,9,Serve,35.831,29.7636,0.2287,0.7929,-11.2769,0,0.0023,0,Backhand swing,1,0.1298,36.2171,-33.2315,0,0,Great,,-0.2425,-11.3187,3.3593,11.2,0,0.016,5.6474,0.7803,0,0.0001
2898,Rally,Ultimate,0,-0.005,44,4.8593,0.685,7.8565,2.6346,0.3998,7.4842,1,Run,0,9,Serve,35.831,29.7636,0.2287,0.7929,-11.2769,0,0.0023,0,Backhand swing,1,0.1298,36.2171,-33.271,0,0,Great,,-0.2425,-11.3187,3.3593,11.2,0,0.016,5.6474,0.7803,0,0.0001
2899,Rally,Ultimate,0,-0.005,44,4.8593,0.685,7.8704,2.6346,0.3998,7.4842,1,Run,0,9,Serve,35.831,29.7636,0.2287,0.7929,-11.2769,0,0.0023,0,Backhand swing,1,0.1298,36.2171,-33.3199,0,0,Great,,-0.2425,-11.3187,3.3593,11.2,0,0.016,5.6474,0.7803,0,0.0001
2900,Rally,Ultimate,0,-0.005,44,4.8593,0.685,7.8845,2.6346,0.3998,7.4842,1,Run,0,9,Serve,35.831,29.7636,0.2287,0.7929,-11.2769,0,0.0023,0,Backhand swing,1,0.1298,36.2171,-33.3772,0,0,Great,,-0.2425,-11.3187,3.3593,11.2,0,0.016,5.6474,0.7803,0,0.0001
2901,Rally,Ultimate,0,-0.005,44,4.8593,0.685,7.8989,2.6346,0.3998,7.4842,1,Run,0,9,Serve,35.831,29.7636,0.2287,0.7929,-11.2769,0,0.0023,0,Backhand swing,1,0.1298,36.2171,-33.4434,0,0,Great,,-0.2425,-11.3187,3.3593,11.2,0,0.016,5.6474,0.7803,0,0.0001
2902,Rally,Ultimate,0,-0.005,44,4.8593,0.685,7.9134,2.6346,0.3998,7.4842,1,Run,0,9,Serve,35.831,29.7636,0.2287,0.7929,-11.2769,0,0.0023,0,Backhand swing,1,0.1298,36.2171,-33.5067,0,0,Great,,-0.2425,-11.3187,3.3593,11.2,0,0.016,5.6474,0.7803,0,0.0001
2903,Rally,Ultimate,0,-0.005,44,4.8593,0.685,7.928,2.6346,0.3998,7.4842,1,Run,0,9,Serve,35.831,29.7636,0.2287,0.7929,-11.2769,0,0.0023,0,Backhand swing,1,0.1298,36.2171,-33.5735,0,0,Great,,-0.2425,-11.3187,3.3593,11.2,0,0.016,5.6474,0.7803,0,0.0001
2904,Rally,Ultimate,0,-0.005,44,4.8593,0.685,7.9426,2.6346,0.3998,7.4842,1,Run,0,9,Serve,35.831,29.7636,0.2287,0.7929,-11.2769,0,0.0023,0,Backhand swing,1,0.1298,36.2171,-33.636,0,0,Great,,-0.2425,-11.3187,3.3593,11.2,0,0.016,5.6474,0.7803,0,0.0001
2905,Rally,Ultimate,0,-0.005,44,4.8593,0.685,7.9574,2.6346,0.3998,7.4842,1,Run,0,9,Serve,35.831,29.7636,0.2287,0.7929,-11.2769,0,0.0023,0,Backhand swing,1,0.1298,36.2171,-33.6862,0,0,Great,,-0.2425,-11.3187,3.3593,11.2,0,0.016,5.6474,0.7803,0,0.0001
2906,Rally,Ultimate,0,-0.005,44,4.8593,0.685,7.972,2.6346,0.3998,7.4842,1,Run,0,9,Serve,35.831,29.7636,0.2287,0.7929,-11.2769,0,0.0023,0,Backhand swing,1,0.1298,36.2171,-33.7149,0,0,Great,,-0.2425,-11.3187,3.3593,11.2,0,0.016,5.6474,0.7803,0,0.0001
2907,Rally,Ultimate,0,-0.005,44,4.8593,0.685,7.9866,2.6346,0.3998,7.4842,1,Run,0,9,Serve,35.831,29.7636,0.2287,0.7929,-11.2769,0,0.0023,0,Backhand swing,1,0.1298,36.2171,-33.721,0,0,Great,,-0.2425,-11.3187,3.3593,11.2,0,0.016,5.6474,0.7803,0,0.0001
2908,Rally,Ultimate,0,-0.005,44,4.8593,0.685,8.0011,2.6346,0.3998,7.4842,1,Run,0,9,Serve,35.831,29.7636,0.2287,0.7929,-11.2769,0,0.0023,0,Backhand swing,1,0.1298,36.2171,-33.7112,0,0,Great,,-0.2425,-11.3187,3.3593,11.2,0,0.016,5.6474,0.7803,0,0.0001
2909,Rally,Ultimate,0,-0.005,44,4.8593,0.685,8.0155,2.6346,0.3998,7.4842,1,Run,0,9,Serve,35.831,29.7636,0.2287,0.7929,-11.2769,0,0.0023,0,Backhand swing,1,0.1298,36.2171,-33.6844,0,0,Great,,-0.2425,-11.3187,3.3593,11.2,0,0.016,5.6474,0.7803,0,0.0001
2910,Rally,Ultimate,0,-0.005,44,4.8593,0.685,8.0296,2.6346,0.3998,7.4842,1,Run,0,9,Serve,35.831,29.7636,0.2287,0.7929,-11.2769,0,0.0023,0,Backhand swing,1,0.1298,36.2171,-33.645,0,0,Great,,-0.2425,-11.3187,3.3593,11.2,0,0.016,5.6474,0.7803,0,0.0001
2911,Rally,Ultimate,0,-0.005,44,4.8593,0.685,8.0435,2.6346,0.3998,7.4842,1,Run,0,9,Serve,35.831,29.7636,0.2287,0.7929,-11.2769,0,0.0023,0,Backhand swing,1,0.1298,36.2171,-33.5937,0,0,Great,,-0.2425,-11.3187,3.3593,11.2,0,0.016,5.6474,0.7803,0,0.0001
2912,Rally,Ultimate,0,-0.005,44,4.8593,0.685,8.0571,2.6346,0.3998,7.4842,1,Run,0,9,Serve,35.831,29.7636,0.2287,0.7929,-11.2769,0,0.0023,0,Backhand swing,1,0.1298,36.2171,-33.5306,0,0,Great,,-0.2425,-11.3187,3.3593,11.2,0,0.016,5.6474,0.7803,0,0.0001
2913,Rally,Ultimate,0,-0.005,44,4.8593,0.685,8.0704,2.6346,0.3998,7.4842,1,Run,0,9,Serve,35.831,29.7636,0.2287,0.7929,-11.2769,0,0.0023,0,Backhand swing,1,0.1298,36.2171,-33.4667,0,0,Great,,-0.2425,-11.3187,3.3593,11.2,0,0.016,5.6474,0.7803,0,0.0001
2914,Rally,Ultimate,0,-0.005,44,4.8593,0.685,8.0832,2.6346,0.3998,7.4842,1,Run,0,9,Serve,35.831,29.7636,0.2287,0.7929,-11.2769,0,0.0023,0,Backhand swing,1,0.1298,36.2171,-33.3975,0,0,Great,,-0.2425,-11.3187,3.3593,11.2,0,0.016,5.6474,0.7803,0,0.0001
2915,Rally,Ultimate,0,-0.005,44,4.8593,0.685,8.0957,2.6346,0.3998,7.4842,1,Run,0,9,Serve,35.831,29.7636,0.2287,0.7929,-11.2769,0,0.0023,0,Backhand swing,1,0.1298,36.2171,-33.3273,0,0,Great,,-0.2425,-11.3187,3.3593,11.2,0,0.016,5.6474,0.7803,0,0.0001
2916,Rally,Ultimate,0,-0.005,44,4.8593,0.685,8.1077,2.6346,0.3998,7.4842,1,Run,0,9,Serve,35.831,29.7636,0.2287,0.7929,-11.2769,0,0.0023,0,Backhand swing,1,0.1298,36.2171,-33.2671,0,0,Great,,-0.2425,-11.3187,3.3593,11.2,0,0.016,5.6474,0.7803,0,0.0001
2917,Rally,Ultimate,0,-0.005,44,4.8593,0.685,8.1191,2.6346,0.3998,7.4842,1,Run,0,9,Serve,35.831,29.7636,0.2287,0.7929,-11.2769,0,0.0023,0,Backhand swing,1,0.1298,36.2171,-33.2316,0,0,Great,,-0.2425,-11.3187,3.3593,11.2,0,0.016,5.6474,0.7803,0,0.0001
2918,Rally,Ultimate,0,-0.005,44,4.8593,0.685,8.13,2.6346,0.3998,7.4842,1,Run,0,9,Serve,35.831,29.7636,0.2287,0.7929,-11.2769,0,0.0023,0,Backhand swing,1,0.1298,36.2171,-33.2041,0,0,Great,,-0.2425,-11.3187,3.3593,11.2,0,0.016,5.6474,0.7803,0,0.0001
2919,Rally,Ultimate,0,-0.005,44,4.8593,0.685,8.1403,2.6346,0.3998,7.4842,1,Run,0,9,Serve,35.831,29.7636,0.2287,0.7929,-11.2769,0,0.0023,0,Backhand swing,1,0.1298,36.2171,-33.1947,0,0,Great,,-0.2425,-11.3187,3.3593,11.2,0,0.016,5.6474,0.7803,0,0.0001
2920,Rally,Ultimate,0,-0.005,44,4.8593,0.685,8.1499,2.6346,0.3998,7.4842,1,Run,0,9,Serve,35.831,29.7636,0.2287,0.7929,-11.2769,0,0.0023,0,Backhand swing,1,0.1298,36.2171,-33.199,0,0,Great,,-0.2425,-11.3187,3.3593,11.2,0,0.016,5.6474,0.7803,0,0.0001
2921,Rally,Ultimate,0,-0.005,44,4.8593,0.685,8.1588,2.6346,0.3998,7.4842,1,Run,0,9,Serve,35.831,29.7636,0.2287,0.7929,-11.2769,0,0.0023,0,Backhand swing,1,0.1298,36.2171,-33.2172,0,0,Great,,-0.2425,-11.3187,3.3593,11.2,0,0.016,5.6474,0.7803,0,0.0001
2922,Rally,Ultimate,0,-0.005,44,4.8593,0.685,8.167,2.6346,0.3998,7.4842,1,Run,0,9,Serve,35.831,29.7636,0.2287,0.7929,-11.2769,0,0.0023,0,Backhand swing,1,0.1298,36.2171,-33.2484,0,0,Great,,-0.2425,-11.3187,3.3593,11.2,0,0.016,5.6474,0.7803,0,0.0001
2923,Rally,Ultimate,0,-0.005,44,4.8593,0.685,8.1743,2.6346,0.3998,7.4842,1,Run,0,9,Serve,35.831,29.7636,0.2287,0.7929,-11.2769,0,0.0023,0,Backhand swing,1,0.1298,36.2171,-33.2914,0,0,Great,,-0.2425,-11.3187,3.3593,11.2,0,0.016,5.6474,0.7803,0,0.0001
2924,Rally,Ultimate,0,-0.005,44,4.8593,0.685,8.1809,2.6346,0.3998,7.4842,1,Run,0,9,Serve,35.831,29.7636,0.2287,0.7929,-11.2769,0,0.0023,0,Backhand swing,1,0.1298,36.2171,-33.3431,0,0,Great,,-0.2425,-11.3187,3.3593,11.2,0,0.016,5.6474,0.7803,0,0.0001
2925,Rally,Ultimate,0,-0.005,44,4.8593,0.685,8.1865,2.6346,0.3998,7.4842,1,Run,0,9,Serve,35.831,29.7636,0.2287,0.7929,-11.2769,0,0.0023,0,Backhand swing,1,0.1298,36.2171,-33.4073,0,0,Great,,-0.2425,-11.3187,3.3593,11.2,0,0.016,5.6474,0.7803,0,0.0001
2926,Rally,Ultimate,0,-0.005,44,4.8593,0.685,8.1913,2.6346,0.3998,7.4842,1,Run,0,9,Serve,35.831,29.7636,0.2287,0.7929,-11.2769,0,0.0023,0,Backhand swing,1,0.1298,36.2171,-33.4704,0,0,Great,,-0.2425,-11.3187,3.3593,11.2,0,0.016,5.6474,0.7803,0,0.0001
2927,Rally,Ultimate,0,-0.005,44,4.8593,0.685,8.195,2.6346,0.3998,7.4842,1,Run,0,9,Serve,35.831,29.7636,0.2287,0.7929,-11.2769,0,0.0023,0,Backhand swing,1,0.1298,36.2171,-33.5376,0,0,Great,,-0.2425,-11.3187,3.3593,11.2,0,0.016,5.6474,0.7803,0,0.0001
2928,Rally,Ultimate,0,-0.005,44,4.8593,0.685,8.1978,2.6346,0.3998,7.4842,1,Run,0,9,Serve,35.831,29.7636,0.2287,0.7929,-11.2769,0,0.0023,0,Backhand swing,1,0.1298,36.2171,-33.6068,0,0,Great,,-0.2425,-11.3187,3.3593,11.2,0,0.016,5.6474,0.7803,0,0.0001
2929,Rally,Ultimate,0,-0.005,44,4.8593,0.685,8.1994,2.6346,0.3998,7.4842,1,Run,0,9,Serve,35.831,29.7636,0.2287,0.7929,-11.2769,0,0.0023,0,Backhand swing,1,0.1298,36.2171,-33.6647,0,0,Great,,-0.2425,-11.3187,3.3593,11.2,0,0.016,5.6474,0.7803,0,0.0001
2930,Rally,None,1,-0.005,50,-0.1334,3.5,-15.7187,2.6346,0.3998,7.4842,1,Run,0,9,Serve,35.831,29.7636,0.2287,0.7929,-11.2769,0,0.0023,0,Backhand swing,1,0.1298,36.2171,-33.7023,0,0,Great,,-0.2425,-11.3187,3.3593,11.2,6,0.016,5.6474,0.7803,0,0.0001
2931,Rally,None,1,-0.005,50,-0.1401,3.4945,-15.714,2.7874,0.4762,8.0781,1,Run,0,9,Serve,35.831,29.7636,0.2992,0.7929,-11.2425,0,0.0023,0,Backhand swing,1,0.1069,35.2453,-30.0663,0,0,Great,,-0.1721,-11.2842,3.4795,11.2,0,0.016,5.6474,0.7803,0,0.0001
2932,Rally,None,1,-0.005,50,-0.1429,3.4898,-15.7071,2.8892,0.5237,8.4741,1,Run,0,9,Serve,35.2839,30.2969,0.3137,0.7612,-11.2063,4.213,0,0,Backhand swing,1,0.0916,16.9476,-49.7746,11.025,0,Great,,-0.1282,-11.2628,3.5595,11.2,0,0.0221,6.8344,1.055,0,0
2933,Rally,None,1,-0.005,50,-0.1423,3.4859,-15.6983,2.9911,0.5683,8.87,1,Run,0,9,Serve,34.6811,30.7675,0.3642,0.753,-11.1717,2.2238,0,0,Backhand swing,1,0.0764,7.1179,-50.082,0.7935,0,Great,,-0.0869,-11.2425,3.6396,11.2,0,0.0278,6.9754,1.2072,0,0
2934,Rally,None,1,-0.005,50,-0.1377,3.4827,-15.6871,3.1438,0.6301,9.4639,1,Run,0,9,Serve,34.0966,31.3203,0.4292,0.7574,-11.1303,0,0,0,Backhand swing,1,0.0535,-43.2438,-93.263,0.5152,0,Great,,-0.0296,-11.2145,3.6999,11.2,0,0.0328,7.0866,1.2313,0,0
2935,Rally,None,1,-0.005,50,-0.1315,3.48,-15.6754,3.2457,0.6678,9.8599,1,Run,0,9,Serve,33.5788,32.045,0.4649,0.77,-11.1045,0,0,0,Backhand swing,1,0.0382,-21.4212,-52.7596,1.4141,0,Great,,0,-11.2,3.6999,11.2,0,0.0371,7.9687,1.1422,0,0
2936,Rally,None,1,-0.005,50,-0.1262,3.4778,-15.6652,3.3984,0.7191,10.4538,1,Ready,0,9,Serve,31.3622,29.048,0.4325,0.7612,-11.0717,2.0984,0,0,Backhand swing,1,0.0153,1.1016,-0.8374,1.848,0,Great,,0,-11.2,3.6999,11.2,0,0.0393,6.2803,1.7687,0,0
2937,Rally,None,1,-0.005,50.5487,-0.1215,3.4761,-15.6574,3.5003,0.7498,10.7297,1,Ready,0,9,Serve,27.8061,24.9274,0.3711,0.783,-11.0382,2.0861,0,0,Backhand swing,1,0,3.6444,10.6376,1.2699,0,Great,R;,0,-11.2,3.7221,11.2,0.5487,0.039,4.9497,1.2937,0,0
2938,Rally,None,1,-0.005,51.0473,-0.1175,3.4747,-15.6506,3.4486,0.8286,10.4491,1,Ready,0,9,Serve,24.621,21.3627,0.306,0.7919,-11.0126,1.1996,0,0,Backhand swing,1,-0.0167,-3.2812,0.9528,0.3072,0,Great,,0,-11.2,3.642,11.2,0.4986,0.0364,3.901,0.8075,0,0
2939,Rally,None,1,-0.005,51.5023,-0.114,3.4737,-15.6447,3.398,0.9046,10.1686,1,Ready,0,9,Serve,22.2634,18.4744,0.2483,0.7866,-10.9937,0.7151,0,0,Backhand follow,1,-0.0333,10.8013,25.461,0,0,Great,,0,-11.2,3.5619,11.2,0.455,0.0319,3.0745,1.363,0,0
2940,Rally,None,1,-0.005,51.9194,-0.1109,3.4729,-15.6396,3.3241,1.0134,9.7477,1,Ready,0,9,Serve,20.7227,16.261,0.2094,0.7822,-10.9857,0.4612,0,0,Backhand follow,1,-0.0583,27.4215,44.1492,0,0,Great,,0,-11.2,3.4418,11.2,0.4171,0.0264,2.4231,1.93,0,0
2941,Rally,None,1,-0.005,52.3035,-0.1083,3.4724,-15.6351,3.2763,1.0826,9.4671,1,Ready,0,9,Serve,19.8,14.6068,0.1846,0.7749,-10.9822,0.3259,0,0,Backhand follow,1,-0.075,40.8947,51.9512,0,0,Great,,0,-11.2,3.3617,11.2,0.3842,0.0206,1.9097,2.1974,0,0
2942,Rally,None,1,-0.005,52.6591,-0.1057,3.472,-15.6312,3.2066,1.1813,9.0462,1,Ready,0,9,Serve,19.2955,13.4246,0.1734,0.7676,-10.9824,0.11,0,0,Backhand follow,1,-0.1,53.2562,68.5123,0,0,Great,,0.0041,-11.2005,3.2416,11.2,0.3555,0.0149,1.5051,2.1252,0,0
2943,Rally,None,1,-0.005,52.9897,-0.1029,3.4719,-15.6279,3.1616,1.2436,8.7657,1,Run,0,9,Serve,19.3297,12.3939,0.1729,0.7562,-10.9832,0.0781,0,0,Backhand follow,1,-0.1167,54.794,75.6786,0,0,Great,,0.0104,-11.2012,3.1615,11.2,0.3306,0.0092,1.5229,1.753,0,0
2944,Rally,None,1,-0.005,53.2987,-0.0999,3.4719,-15.6251,3.1177,1.3033,8.4851,1,Run,0,9,Serve,20.192,12.6951,0.1765,0.7483,-10.9794,0,0,0,Backhand follow,1,-0.1333,57.4415,81.4108,0,0,Great,,0.0193,-11.2022,3.0814,11.2,0.309,0.0041,2.7258,1.1202,0,0
2945,Rally,None,1,-0.005,53.5889,-0.096,3.472,-15.623,3.0538,1.3876,8.0642,1,Run,0,9,Serve,21.9537,14.2606,0.2082,0.7488,-10.983,0,0,0,Backhand follow,1,-0.1583,61.7459,87.2285,4.8591,0,Great,,0.038,-11.2043,2.9613,11.2,0.2902,0.0002,3.7217,0.4749,0,0
2946,Rally,None,1,-0.005,53.8628,-0.0914,3.4723,-15.6213,3.0127,1.4405,7.7836,1,Run,0,9,Serve,24.6834,17.0364,0.2717,0.7548,-11.0009,0,0,0,Backhand follow,1,-0.175,60.6887,88.8447,4.3521,0,Great,,0.0538,-11.2061,2.8812,11.2,0.2738,-0.0025,5.3092,0.9322,0,0
2947,Rally,None,1,-0.005,54.1224,-0.0854,3.4726,-15.6203,2.953,1.5146,7.3628,1,Run,0,9,Serve,28.1932,21.1988,0.3598,0.7629,-11.0313,0,0,0,Backhand follow,1,-0.2,62.7645,90.6797,0,0,Great,,0.0828,-11.2093,2.7611,11.2,0.2596,-0.0041,5.7714,1.7972,0,0
2948,Rally,None,1,-0.005,54.3677,-0.0785,3.473,-15.6197,2.9146,1.5606,7.0822,1,Run,0,9,Serve,31.7595,26.6681,0.4387,0.7628,-11.0739,0,0,0,Backhand follow,1,-0.2167,58.4336,90.0084,0,0,Great,,0.1056,-11.2119,2.681,11.2,0.2453,-0.0046,6.9307,0.9714,0,0
2949,Rally,None,1,-0.005,54.5809,-0.0706,3.4735,-15.6195,2.8774,1.6039,6.8016,1,Run,0,9,Serve,34.8252,31.001,0.5092,0.7638,-11.1078,0,0,0,Backhand follow,1,-0.2333,56.1823,89.7051,0,0,Great,,0.1311,-11.2148,2.6009,11.2,0.2133,-0.0043,7.0509,0.9245,0,0
2950,Rally,None,1,-0.005,54.7663,-0.0607,3.4741,-15.62,2.8235,1.6637,6.3807,1,Run,0,9,Serve,37.1996,34.3105,0.5887,0.7668,-11.1327,0.7266,0,0,Backhand follow,1,-0.2583,54.6889,89.279,3.3668,0,Great,,0.1746,-11.2197,2.4808,11.2,0.1854,-0.0036,7.1457,0.8448,0,0
2951,Rally,None,1,-0.005,54.9275,-0.0497,3.4747,-15.6208,2.789,1.7002,6.1001,1,Run,0,9,Serve,38.9369,36.4105,0.6445,0.7664,-11.1575,1.1373,0,0,Backhand follow,1,-0.275,51.3486,88.7707,4.4405,0,Great,,0.207,-11.2233,2.4007,11.2,0.1612,-0.0027,8.0151,0.649,0,0
2952,Rally,None,1,-0.005,55.0676,-0.0363,3.4754,-15.6223,2.7394,1.7498,5.6793,1,Run,0,9,Serve,40.2623,38.1571,0.7155,0.775,-11.1873,0.2315,0,0,Backhand follow,0,9,48.646,87.684,0.6689,0,Great,,0.2609,-11.2294,2.2806,11.2,0.1401,-0.0017,7.9059,0.3805,0,0
2953,Rally,None,1,-0.005,55.1894,-0.0219,3.476,-15.6242,2.7077,1.7795,5.3987,1,Run,0,9,Serve,41.2797,39.0099,0.7626,0.7762,-11.212,0.3075,0,0,Run,0,9,47.1344,57.8904,1.3181,0,Great,,0.3002,-11.2338,2.2005,11.2,0.1218,-0.0008,8.5,0.1149,0,0
2954,Rally,None,1,-0.005,55.2953,-0.0063,3.4768,-15.6264,2.6771,1.8064,5.1181,1,Run,0,9,Serve,42.1386,39.7169,0.8075,0.7749,-11.2338,1.002,0,0,Run,0,9,47.0971,53.5369,1.6861,0,Great,,0.3423,-11.2385,2.1204,11.2,0.1059,-0.0001,8.3782,0.2577,0,0
2955,Rally,None,1,-0.005,55.3874,0.0122,3.4775,-15.6293,2.6332,1.8417,4.6973,1,Run,0,9,Serve,42.8876,40.0875,0.8724,0.7651,-11.2555,0.1871,0,0,Run,0,9,47.4421,52.8305,6.7896,0,Great,,0.4106,-11.2462,2.0003,11.2,0.0921,0.0004,8.1921,0.4996,0,0
2956,Rally,None,1,-0.005,55.4674,0.0318,3.4783,-15.6325,2.6054,1.8619,4.4167,1,Run,0,9,Serve,43.5861,39.9526,0.9111,0.7439,-11.274,3.45,0,0,Run,0,9,48.0342,51.8792,1.3386,0,Great,,0.4596,-11.2518,1.9202,11.2,0.08,0.0007,8.5,0.7024,0,0
2957,Rally,None,1,-0.005,55.537,0.0545,3.4791,-15.6365,2.5657,1.8869,3.9958,1,Run,0,9,Serve,44.3027,39.647,0.9782,0.714,-11.2971,0.645,0,0,Run,0,9,48.9037,50.7268,8.7342,0,Great,,0.5383,-11.2606,1.8001,11.2,0.0696,0.0008,8.5,0.8717,0,0
2958,Rally,None,1,-0.005,55.5975,0.0782,3.4799,-15.6407,2.5407,1.9003,3.7152,1,Run,0,9,Serve,45.0846,39.204,1.0204,0.689,-11.3189,1.3114,0,0,Run,0,9,49.9178,49.4921,0,0,Great,,0.5942,-11.2669,1.72,11.2,0.0605,0.0008,8.5,0.9803,0,0
2959,Rally,None,1,-0.005,55.6501,0.1031,3.4807,-15.6452,2.5168,1.9108,3.4346,1,Run,0,9,Serve,45.7748,38.6824,1.0667,0.6879,-11.339,0.9873,0,0,Run,0,9,50.8405,48.3463,0,0,Great,,0.6528,-11.2735,1.6399,11.2,0.0526,0.0006,8.5,0.9825,0,0
2960,Rally,None,1,-0.005,55.6958,0.1314,3.4815,-15.6505,2.4829,1.9216,3.0138,1,Run,0,9,Serve,46.3716,38.1243,1.1487,0.6908,-11.3604,0.1596,0,0,Run,0,9,51.7332,47.2777,0.7432,0,Great,,0.746,-11.284,1.5198,11.2,0.0457,0.0005,8.5,0.896,0,0
2961,Rally,None,1,-0.005,55.7355,0.1607,3.4823,-15.656,2.4618,1.9254,2.7332,1,Run,0,9,Serve,46.9075,37.5518,1.2007,0.6884,-11.3795,1.4546,0,0,Run,0,9,52.3405,46.4559,1.1042,0,Great,,0.8115,-11.2914,1.4397,11.2,0.0397,0.0003,8.5,0.7581,0,0
2962,Rally,None,1,-0.005,55.7701,0.1936,3.4832,-15.6623,2.4321,1.926,2.3123,1,Run,0,9,Serve,47.266,37.1129,1.3408,0.6958,-11.3986,6.9677,0,0,Run,0,9,52.6235,45.9264,1.0051,0,Great,,0.9151,-11.303,1.3196,11.2,0.0346,0.0002,8.5,0.5276,0,0
2963,Rally,None,1,-0.005,55.8001,0.2274,3.484,-15.6689,2.4137,1.9229,2.0317,1,Run,0,9,Serve,47.2971,36.8406,1.4485,0.7,-11.4164,2.7273,0,0,Run,0,9,52.6005,45.6983,6.4444,0,Great,,0.9875,-11.3112,1.2395,11.2,0.03,0,8.5,0.1956,0,0
2964,Rally,None,1,-0.005,55.8262,0.2622,3.4848,-15.6757,2.3965,1.9172,1.7512,1,Run,0,9,Serve,47.0844,36.7868,1.5634,0.7062,-11.4272,0.7017,0,0,Run,0,9,52.2003,45.8302,0.895,0,Great,,1.0627,-11.3197,1.1594,11.2,0.0261,-0.0001,8.5,0.1797,0,0
2965,Rally,None,1,-0.005,55.8489,0.301,3.4856,-15.6833,2.3726,1.9034,1.3303,1,Run,0,9,Serve,46.6196,36.9858,1.656,0.6862,-11.4177,0.5795,0,0,Run,0,9,51.4784,46.3031,1.2442,0,Great,,1.1807,-11.333,1.0393,11.2,0.0227,-0.0001,8.5,0.5704,0,0
2966,Rally,None,1,-0.005,55.8687,0.3405,3.4865,-15.6911,2.3581,1.8909,1.0497,1,Run,0,9,Serve,45.8117,37.518,1.6746,0.6648,-11.3993,0,0,0,Run,0,9,50.6338,47.0004,5.4071,0,Great,,1.2629,-11.3422,0.9592,11.2,0.0197,-0.0001,8.5,0.9915,0,0
2967,Rally,None,1,-0.005,55.8858,0.3838,3.4873,-15.6997,2.3385,1.8669,0.6288,1,Run,0,9,Serve,44.8807,38.2663,1.8179,0.6715,-11.392,4.5924,0,0,Run,0,9,49.6017,47.949,0,0,Great,,1.3863,-11.3561,0.8391,11.2,0.0172,-0.0001,8.5,1.3195,0,0
2968,Rally,None,1,-0.005,55.9007,0.4271,3.4881,-15.7083,2.3268,1.8475,0.3483,1,Run,0,9,Serve,44.051,40.2602,1.9193,0.7096,-11.3815,6.1872,0,0,Run,0,9,48.6418,48.9756,1.6782,0,Great,,1.4651,-11.365,0.759,11.2,0.0149,-0.0001,5.8566,1.4957,0,0
2969,Rally,None,1,-0.005,55.9137,0.4702,3.4889,-15.7169,2.3162,1.8254,0.0677,1,Forehand prepare 0.05,0,9,Serve,43.0985,39.5738,2.0183,0.7521,-11.4002,2.3593,0.2083,0.1667,Run,0,9,47.8688,49.9752,1.3178,0,Great,,1.5412,-11.3736,0.6789,11.2,0.013,-0.0001,3.0267,2.8329,0,0
2970,Rally,None,1,-0.005,55.925,0.5155,3.4897,-15.726,2.3023,1.7871,-0.3532,1,Forehand prepare 0.09,0,9,Serve,59.6613,43.677,2.103,0.7941,-11.3764,1.172,0.4167,0.3333,Run,0,9,47.2839,50.9006,0.5786,0,Great,,1.6502,-11.3858,0.5588,11.2,0.0113,-0.0001,0.7964,2.4006,0,0
2971,Rally,None,1,-0.005,55.9348,0.5599,3.4905,-15.7349,2.2945,1.7582,-0.6338,1,Forehand prepare 0.14,0,9,Serve,43.7294,41.7505,2.1677,0.8028,-11.4706,1.6185,0.625,0.5,Run,0,9,47.081,51.5871,1.7673,0,Great,,1.7194,-11.3936,0.4787,11.2,0.0098,0.0011,1.7559,2.2164,0,0
2972,Rally,None,1,-0.005,55.9303,0.6059,3.4913,-15.7441,2.2849,1.7097,-1.0546,1,Forehand prepare 0.18,0,9,Serve,53.5356,45.4067,2.2611,0.8214,-11.49,0.3735,0.8333,0.6667,Run,0,9,47.232,51.9966,4.8833,0,Great,,1.818,-11.4047,0.3586,11.2,-0.0044,0.0036,2.9729,3.182,0,0
2973,Rally,None,1,-0.005,55.9176,0.6505,3.4921,-15.753,2.2798,1.674,-1.3352,1,Forehand prepare 0.23,0,9,Serve,53.4508,46.2894,2.2786,0.8211,-11.5109,2.2883,1,0.8333,Run,0,9,47.6652,52.1252,3.3025,0,Great,,1.8803,-11.4117,0.2785,11.2,-0.0127,0.008,4.7266,4.9236,0,0
2974,Rally,None,1,-0.005,55.8977,0.6939,3.4928,-15.7616,2.2759,1.6355,-1.6158,1,Forehand prepare 0.27,0,9,Serve,52.302,46.4884,2.3172,0.8226,-11.5211,11.9579,1,1,Run,0,9,48.4421,51.901,0.6157,0,Great,,1.9398,-11.4184,0.1984,11.2,-0.0199,0.0133,5.3142,5.1916,0,0
2975,Rally,None,1,-0.005,55.8671,0.7379,3.4936,-15.7703,2.272,1.5727,-2.0367,1,Forehand prepare 0.30,0,9,Serve,50.693,46.3411,2.4399,0.8383,-11.554,0.5637,1,1,Run,0,9,49.3906,51.4047,2.6133,0,Great,,2.0239,-11.4279,0.0783,11.2,-0.0306,0.0189,5.7773,4.2661,0,0
2976,Rally,None,1,-0.005,55.8317,0.7802,3.4944,-15.7787,2.2709,1.5274,-2.3172,1,Forehand prepare 0.36,0,9,Serve,49.1771,47.6192,2.5741,0.8986,-11.6063,0.3417,1,1,Run,0,9,50.3382,50.7413,0,0,Great,,2.0765,-11.4338,0,11.2,-0.0355,0.0248,6.9368,3.9376,0,0
2977,Rally,None,1,-0.005,55.7875,0.8226,3.4951,-15.7871,2.2712,1.4544,-2.7381,1,Forehand prepare 0.39,0,9,Serve,48.384,49.7944,2.6862,0.9497,-11.6548,0.6755,1,1,Run,0,9,51.3333,50.439,0.7177,0,Great,,2.1503,-11.4421,0,11.2,-0.0442,0.0302,7.0561,5.3711,0,2.0231
2978,Rally,None,1,-0.005,55.74,0.8611,3.4958,-15.7946,2.2728,1.4023,-3.0187,1,Forehand prepare 0.45,0,9,Serve,47.1453,55.01,2.7126,1.0341,-11.7287,0.1608,1,1,Ready,0,9,47.8359,47.1051,1.4078,0,Great,,2.1688,-11.4442,0,11.2,-0.0474,0.0352,7.9447,8.5318,0,1.5944
2979,Rally,None,1,-0.005,55.6897,0.8947,3.4965,-15.8012,2.2756,1.3475,-3.2993,1,Forehand prepare 0.49,0,9,Serve,46.2008,55.7199,2.7076,1.0223,-11.7429,2.2035,1,1,Ready,0,9,40.8364,39.0931,0,0,Great,,2.1688,-11.4442,0,11.2,-0.0503,0.0381,6.2614,6.1861,0,1.2566
2980,Rally,None,1,-0.005,55.6324,0.9243,3.4971,-15.8069,2.2817,1.2602,-3.7201,1,Forehand prepare 0.52,0,9,Serve,45.5051,54.6601,2.6939,1.0204,-11.7391,2.548,1,1,Ready,0,9,33.7096,30.2728,0,0,Great,,2.1688,-11.4442,0,11.2,-0.0573,0.0384,4.9348,2.2982,0,0.9904
2981,Rally,None,1,-0.005,55.5734,0.9503,3.4978,-15.8116,2.2873,1.1986,-4.0007,1,Forehand prepare 0.58,0,9,Serve,40.3406,53.2981,2.6789,1.0077,-11.7247,0.477,1,1,Ready,0,9,27.749,22.7906,0,0,Great,,2.1685,-11.4421,0,11.2,-0.059,0.0362,3.8893,2.5727,0,0.7805
2982,Rally,None,1,-0.005,55.5083,0.9731,3.4984,-15.8146,2.2976,1.1011,-4.4216,1,Forehand prepare 0.62,0,9,Serve,31.3008,52.684,2.6758,0.969,-11.6718,1.3486,1,1,Ready,0,9,23.225,16.9129,2.1245,0,Great,,2.1675,-11.4339,0,11.2,-0.0652,0.0324,3.7693,6.4704,0,0.6152
2983,Rally,None,1,-0.005,55.4423,0.9931,3.4989,-15.8161,2.3059,1.0326,-4.7022,1,Forehand prepare 0.67,0,9,Serve,27.751,56.1212,2.6349,0.9718,-11.6962,1.062,1,1,Ready,0,9,19.9908,12.4798,0.3356,0,Great,,2.1664,-11.4249,0,11.2,-0.066,0.0277,4.8145,5.5496,0,0.4848
2984,Rally,None,1,-0.005,55.3754,1.0106,3.4995,-15.8158,2.3153,0.9615,-4.9827,1,Forehand prepare 0.71,0,9,Serve,34.0284,61.9014,2.5705,1.0251,-11.7474,0,1,1,Ready,0,9,17.7889,9.2109,0.282,0,Great,,2.1649,-11.4132,0,11.2,-0.0668,0.0225,5.2393,2.9864,0,0.3821
2985,Rally,None,1,-0.005,55.303,1.026,3.5,-15.8126,2.3314,0.8496,-5.4036,1,Forehand prepare 0.75,0,9,Serve,39.7424,67.4005,2.4983,1.0854,-11.7798,0,1,1,Ready,0,9,16.3132,6.8152,0.1993,0,Great,,2.162,-11.3905,0,11.2,-0.0724,0.0171,5.6438,7.3749,0,0.3012
2986,Rally,None,1,-0.005,55.2303,1.0395,3.5004,-15.8074,2.3436,0.7716,-5.6842,1,Forehand prepare 0.81,0,9,Serve,34.3962,71.6186,2.4026,1.2125,-11.795,0,1,1,Ready,0,9,15.3002,5.0572,0.122,0,Great,,2.1597,-11.3719,0,11.2,-0.0727,0.0114,6.7787,10.1275,0,0.2373
2987,Rally,None,1,-0.005,55.1525,1.0513,3.5009,-15.7985,2.364,0.6496,-6.1051,1,Forehand prepare 0.85,0,9,Serve,22.1891,69.1491,2.3819,1.2435,-11.7498,3.3486,1,1,Ready,0,9,14.6011,3.7436,0.0714,0,Great,,2.1555,-11.3388,0,11.2,-0.0778,0.006,6.9138,12.2709,0,0.1871
2988,Rally,None,1,-0.005,55.0749,1.0615,3.5012,-15.7874,2.3789,0.5648,-6.3856,1,Forehand prepare 0.91,0,9,Serve,0.5008,56.8718,2.4334,1.1933,-11.676,3.8734,1,1,Ready,0,9,14.0936,2.7448,1.641,0,Great,,2.1523,-11.3133,0,11.2,-0.0776,0.0017,7.8182,17.6726,0,0.1474
2989,Rally,None,1,-0.005,54.9975,1.0704,3.5016,-15.7741,2.395,0.4773,-6.6662,1,Forehand prepare 0.95,0,9,Serve,-10.8951,44.4492,2.4954,1.0679,-11.595,0.3968,1,1,Ready,0,9,13.7105,1.9322,0.3917,0,Great,,2.1488,-11.285,0,11.2,-0.0774,-0.0015,7.7455,15.4488,0,0.1162
2990,Rally,None,1,-0.005,54.9153,1.0782,3.5019,-15.7573,2.4211,0.3409,-7.0871,1,Forehand prepare 0.99,0,9,Serve,-18.3718,31.7611,2.5195,0.9135,-11.4326,1.0763,1,1,Ready,0,9,13.1373,1.4597,0.1794,0,Great,,2.1437,-11.2445,0,11.2,-0.0822,-0.0035,7.6901,9.9271,0,0.0916
2991,Rally,None,1,-0.005,54.834,1.085,3.5022,-15.7395,2.44,0.2466,-7.3677,1,Forehand prepare 1.00,0,9,Serve,-22.4699,24.1941,2.5087,0.8778,-11.3886,1.5364,1,1,Ready,0,9,12.4135,0.9384,0.1604,0,Great,,2.1408,-11.2209,0,11.2,-0.0813,-0.0044,4.1697,7.3709,0,0.0722
2992,Rally,None,1,-0.005,54.7487,1.091,3.5025,-15.7201,2.4703,0.1,-7.7885,1,Forehand prepare 1.00,0,9,Serve,-25.926,18.7614,2.5258,0.8258,-11.2747,0,1,1,Ready,0,9,11.1779,0.1191,0.1108,0,Great,,2.137,-11.1907,0,11.2,-0.0853,-0.0045,1.708,6.3705,0,0.0569
2993,Rally,None,1,-0.005,54.6703,1.0962,3.5027,-15.7011,2.4913,0.1376,-8.0607,1,Forehand prepare 1.00,0,9,Serve,-27.3659,15.1999,2.5289,0.7913,-11.1739,0,1,1,Ready,0,9,9.6826,-0.8318,0.0555,0,Great,,2.1349,-11.174,0,11.2,-0.0784,-0.0033,1.0772,6.9441,0,0.0448
2994,Rally,None,1,-0.005,54.5926,1.1008,3.503,-15.6827,2.5127,0.2107,-8.3244,1,Forehand prepare 1.00,0,9,Serve,-27.0669,13.5358,2.5266,0.7809,-11.0931,0,1,1,Ready,0,9,7.9217,-1.8857,0.0675,0,Great,,2.1331,-11.1601,0,11.2,-0.0777,-0.0009,2.4266,7.3958,0,0.0353
2995,Rally,None,1,-0.005,54.5109,1.105,3.5031,-15.6647,2.547,0.3153,-8.7201,1,Forehand prepare 1.00,0,9,Serve,-25.3574,13.4565,2.5269,0.7786,-11.0353,0,1,1,Ready,0,9,6.2933,-2.8182,0.0516,0,Great,,2.1311,-11.1443,0,11.2,-0.0817,0.0028,3.4994,7.132,0,0.0278
2996,Rally,None,1,-0.005,54.4305,1.1089,3.5033,-15.6481,2.5712,0.3816,-8.9838,1,Forehand prepare 1.00,0,9,Serve,-22.4165,14.9064,2.5347,0.7794,-11.0147,0,1,1,Ready,0,9,5.0533,-3.5858,1.4944,0,Great,,2.1303,-11.1373,0,11.2,-0.0803,0.0078,5.1406,6.223,0,0.0219
2997,Rally,None,1,-0.005,54.3469,1.1125,3.5034,-15.6329,2.6096,0.476,-9.3794,1,Forehand prepare 1.00,0,9,Serve,-18.7189,17.599,2.5482,0.7747,-11.0636,0,1,1,Ready,0,9,4.2097,-4.0979,0.1684,0,Great,,2.1296,-11.1319,0,11.2,-0.0836,0.0133,5.6402,5.0156,0,0.0173
2998,Rally,None,1,-0.005,54.2651,1.1159,3.5035,-15.6197,2.6366,0.5355,-9.6432,1,Forehand prepare 1.00,1,0.1645,LowPickup,-6.4634,35.6876,2.5656,0.7941,-11.1701,1.1973,1,1,Ready,0,9,3.9395,-4.211,0.2226,0,Great,,2.1295,-11.1315,0,11.2,-0.0818,0.0241,6.1763,10.6198,0,0.0136
2999,Rally,None,1,-0.005,54.1849,1.1191,3.5036,-15.6082,2.6647,0.5922,-9.9069,1,Forehand swing,1,0.1234,LowPickup,-23.4378,22.7413,2.6277,0.8015,-10.9889,2.0033,1,1,Ready,0,9,4.0308,-4.002,0.2768,0,Great,,2.1295,-11.1315,0,11.2,-0.0802,0.0273,5.3556,1.2869,0,0.0107
3000,Rally,None,1,-0.005,54.1016,1.1222,3.5036,-15.5982,2.7089,0.6723,-10.3025,1,Forehand swing,1,0.0617,LowPickup,-34.2361,-22.035,2.6603,0.9673,-10.5297,0.8383,1,1,Ready,0,9,4.3892,-3.4157,0.196,0,Great,,2.1295,-11.1315,0,11.2,-0.0833,0.0284,4.2209,0,0,0.0085
3001,Rally,None,1,-0.005,54.023,1.1251,3.5036,-15.5895,2.7398,0.7223,-10.5663,1,Forehand swing,1,0.0206,LowPickup,-29.2141,-41.9002,2.5482,1.0858,-10.6807,24.6321,1,1,Ready,0,9,4.867,-2.609,1.0834,0,Great,,2.1295,-11.1315,0,11.2,-0.0786,0.0274,2.8646,0,0,0.0067
3002,Rally,None,1,0.014,54.2813,1.1184,3.5046,-15.582,2.7166,0.8025,-10.2492,1,Forehand swing,1,-0.0083,LowPickup,-22.3159,-45.9525,2.4751,1.0632,-10.7474,0.9901,1,1,Ready,0,9,5.2835,-1.6687,0.1684,0.1217,Great,P:Great;,2.1295,-11.1315,0,11.2,0.2583,0.0246,1.8935,0,0,0.0053
3003,Rally,None,1,-0.0027,54.5058,1.1117,3.5065,-15.5754,2.7166,0.8025,-10.2492,1,Forehand follow,1,-0.0083,LowPickup,-14.0006,-25.6964,2.4393,1.028,-10.7507,0,1,1,Ready,0,9,5.673,-0.6687,0,0.0633,Great,,2.1295,-11.1315,0,11.2,0.2245,0.0246,1.8935,0,0,0.0041
3004,Rally,None,1,-0.0027,54.701,1.1075,3.5071,-15.5697,2.6776,0.8562,-9.9203,1,Forehand follow,1,-0.025,LowPickup,-19.409,-38.0661,2.4147,0.952,-10.8537,0,1,1,Ready,0,9,6.0098,0.2844,0,0.005,Great,,2.1274,-11.1315,0,11.2,0.1952,0.0169,0.9795,0,0,0.0033
3005,Rally,None,1,-0.0027,54.8707,1.1036,3.508,-15.5648,2.6386,0.9074,-9.5913,1,Forehand follow,1,-0.0417,LowPickup,-21.2652,-35.8517,2.4006,0.8833,-10.855,0,1,1,Ready,0,9,6.2964,1.1736,0,0,Great,,2.1226,-11.1317,0,11.2,0.1697,0.0136,1.3576,0,0,0.0026
3006,Rally,None,1,-0.0027,55.0183,1.0992,3.5088,-15.5605,2.58,0.9795,-9.0979,1,Forehand follow,1,-0.0667,LowPickup,-26.5327,-37.9604,2.5252,0.7241,-10.8863,0,1,1,Ready,0,9,6.5268,1.9306,0,0,Great,,2.1101,-11.1321,0,11.2,0.1475,0.0112,2.0915,0,0,0.002
3007,Rally,None,1,-0.0027,55.1465,1.0945,3.5096,-15.5568,2.541,1.0243,-8.769,1,Forehand follow,1,-0.0833,LowPickup,-27.6927,-40.5049,2.4838,0.8188,-10.7719,0,1,1,Ready,0,9,6.7017,2.5604,0,0,Great,,2.0983,-11.1325,0,11.2,0.1283,0.0095,3.0773,1.1817,0,0.0016
3008,Rally,None,1,-0.0027,55.258,1.0889,3.5103,-15.5537,2.4825,1.0867,-8.2756,1,Forehand follow,1,-0.1083,LowPickup,-35.5552,-47.611,2.3456,1.0289,-10.6597,0,1,1,Ready,0,9,6.8357,3.0446,0,0,Great,,2.0754,-11.1332,0,11.2,0.1115,0.0079,4.7192,3.0377,0,0.0013
3009,Rally,None,1,-0.0027,55.3549,1.0826,3.5109,-15.5511,2.4435,1.1252,-7.9466,1,Forehand follow,1,-0.125,LowPickup,-35.3407,-50.0683,2.2789,1.1237,-10.6174,4.4612,1,1,Ready,0,9,6.8777,3.3698,0,0,Great,,2.0567,-11.1338,0,11.2,0.0969,0.0062,5.8014,6.6097,0,0.001
3010,Rally,None,1,-0.0027,55.4392,1.0756,3.5115,-15.5489,2.4044,1.1611,-7.6177,1,Forehand follow,1,-0.1417,LowPickup,-27.1599,-52.6022,2.2193,1.1776,-10.5704,3.5312,1,1,Ready,0,9,6.7249,3.5023,0.7789,0,Great,,2.0351,-11.1345,0,11.2,0.0843,0.0042,6.8614,14.0458,0,0.0008
3011,Rally,None,1,-0.0027,55.5125,1.0668,3.5121,-15.5471,2.3459,1.2102,-7.1243,1,Forehand follow,1,-0.1667,LowPickup,-38.4935,-60.8819,2.0503,1.1982,-10.5488,0.4046,1,1,Ready,0,9,6.5538,3.5193,0.2251,0,Great,,1.9977,-11.1357,0,11.2,0.0733,0.0023,7.7886,9.4749,0,0.0006
3012,Rally,None,1,-0.0027,55.5762,1.0571,3.5126,-15.5457,2.3069,1.2397,-6.7953,1,Forehand follow,1,-0.1833,LowPickup,-38.0635,-65.084,1.9663,1.1515,-10.5554,2.0097,1,1,Ready,0,9,6.5278,3.4329,0.7176,0,Great,,1.9692,-11.1366,0,11.2,0.0637,0.0008,7.7264,7.6793,0,0.0005
3013,Rally,None,1,-0.0027,55.6315,1.0453,3.5131,-15.5447,2.2484,1.2792,-6.3019,1,Forehand follow,1,-0.2083,LowPickup,-38.8355,-72.3177,1.8218,1.0859,-10.61,7.4394,1,1,Ready,0,9,6.567,3.3648,0.7274,0,Great,,1.9213,-11.1382,0,11.2,0.0554,-0.0004,8.4721,9.9022,0,0.0004
3014,Rally,None,1,-0.0027,55.6797,1.0324,3.5135,-15.544,2.2093,1.3024,-5.973,1,Forehand follow,1,-0.225,LowPickup,-39.3256,-79.4237,1.7181,1.0488,-10.6497,5.6339,1,1,Ready,0,9,6.634,3.4658,0.62,0,Great,,1.8859,-11.1393,0,11.2,0.0481,-0.0011,8.2659,10.8664,0,0.0003
3015,Rally,None,1,-0.0027,55.7215,1.0185,3.5139,-15.5435,2.1703,1.323,-5.6441,1,Forehand follow,1,-0.2417,LowPickup,-41.0324,-87.6558,1.6146,1.2865,-10.9977,9.5647,1,1,Ready,0,9,6.7675,3.7136,0.4815,0,Great,,1.8477,-11.1405,0,11.2,0.0418,-0.0015,8.1034,9.8051,0,0.0002
3016,Rally,None,1,-0.0027,55.7579,1.0019,3.5143,-15.5433,2.1118,1.3492,-5.1507,1,Forehand follow,1,-0.2667,LowPickup,-42.5544,-96.3741,1.472,1.224,-11.0536,1.5245,1,1,Ready,0,9,6.9788,4.1419,0.3449,0,Great,,1.7853,-11.1425,0.0432,11.2,0.0364,-0.0016,8.5,8.8514,0,0.0002
3017,Rally,None,1,-0.0027,55.7895,0.9843,3.5147,-15.5433,2.0728,1.3634,-4.8217,1,Forehand follow,0,9,LowPickup,-43.3711,-97.5513,1.3942,1.2304,-11.0839,0,1,1,Ready,0,9,7.3026,4.755,0.2572,0,Great,,1.7401,-11.144,0.0432,11.2,0.0316,-0.0016,8.5,8.8514,0,0.0002
3018,Rally,None,1,-0.0027,55.817,0.9637,3.5151,-15.5437,2.0142,1.38,-4.3283,1,Run,0,9,LowPickup,-43.9858,-64.9271,1.8214,0.7923,-10.797,0,0.9555,0.8333,Ready,0,9,7.7361,5.5847,0.1005,0,Great,,1.6673,-11.1463,0.0432,11.2,0.0275,-0.0014,8.5,9.937,0,0.0002
3019,Rally,None,1,-0.0027,55.8409,0.9421,3.5154,-15.5442,1.9752,1.3879,-3.9994,1,Run,0,9,LowPickup,-44.5514,-57.2728,1.3898,0.8466,-10.7926,0,0.856,0.6667,Ready,0,9,8.4059,6.5579,0.1805,0,Great,,1.6152,-11.148,0.0432,11.2,0.0239,-0.0011,8.5,4.3512,0,0.0001
3020,Rally,None,1,-0.0027,55.8617,0.9193,3.5157,-15.5448,1.9362,1.3932,-3.6704,1,Run,0,9,LowPickup,-44.9571,-55.0182,1.3881,0.82,-10.797,0,0.7361,0.5,Ready,0,9,9.5168,7.5981,0.1013,0,Great,,1.5604,-11.1498,0.0432,11.2,0.0208,-0.0008,8.5,3.9927,0,0
3021,Rally,None,1,-0.0027,55.8798,0.8933,3.516,-15.5457,1.8777,1.3964,-3.177,1,Run,0,9,LowPickup,-45.4012,-52.909,1.3961,0.799,-10.7965,0,0.6155,0.3333,Ready,0,9,10.8063,8.646,0.2232,0,Great,,1.4729,-11.1526,0.0432,11.2,0.0181,-0.0004,8.4833,3.3496,0,0.0001
3022,Rally,None,1,-0.0027,55.8955,0.8662,3.5163,-15.5468,1.8386,1.3954,-2.8481,1,Run,0,9,LowPickup,-45.9768,-50.8519,1.3379,0.789,-10.7908,0,0.5041,0.1667,Ready,0,9,12.1754,9.6775,0,0,Great,,1.4112,-11.1546,0.0432,11.2,0.0157,-0.0002,8.5,2.6046,0,0
3023,Rally,None,1,-0.0027,55.9091,0.8356,3.5166,-15.5482,1.7801,1.389,-2.3547,1,Run,0,9,LowPickup,-46.7097,-48.8584,1.2783,0.7725,-10.7828,0,0.4064,0,Ready,0,9,13.3631,10.5403,0,0,Great,,1.3133,-11.1577,0.0432,11.2,0.0137,0,8.5,1.8801,0,0
3024,Rally,None,1,-0.0027,55.921,0.8041,3.5168,-15.5496,1.7411,1.3816,-2.0257,1,Run,0,9,LowPickup,-47.5094,-46.999,1.2006,0.7609,-10.7728,5.3738,0.3236,0,Backhand prepare 0.06,0,9,13.0979,11.3586,0,0,Great,,1.2446,-11.1599,0.0432,11.2,0.0119,0.0002,8.5,1.2228,0,0.0001
3025,Rally,None,1,-0.0027,55.9313,0.7716,3.5171,-15.5511,1.7021,1.3716,-1.6968,1,Run,0,9,LowPickup,-48.34,-45.3117,1.1183,0.7737,-10.7641,2.9372,0.2551,0,Backhand prepare 0.10,0,9,11.5355,12.2384,8.1514,0,Great,,1.1746,-11.1622,0.0432,11.2,0.0103,0.0002,8.5,0.6811,0,0
3026,Rally,None,1,-0.0027,55.9403,0.7359,3.5173,-15.5529,1.6436,1.3519,-1.2034,1,Run,0,9,LowPickup,-49.237,-44.252,0.9976,0.8007,-10.7575,0.6469,0.1995,0,Backhand prepare 0.13,0,9,8.5794,12.2564,0.5575,0,Great,,1.0697,-11.1656,0.0432,11.2,0.009,0.0003,7.3278,0.3126,0,0.0001
3027,Rally,None,1,-0.0027,55.9481,0.6998,3.5175,-15.5547,1.6045,1.3356,-0.8744,1,Run,0,9,LowPickup,-49.9664,-43.621,0.9153,0.8355,-10.7499,0.504,0.1549,0,Backhand prepare 0.19,0,9,1.9802,10.1729,3.6544,0,Great,,0.9997,-11.1678,0.0432,11.2,0.0078,0.0002,5.7753,0.214,0,0.0001
3028,Rally,None,1,-0.0027,55.9549,0.6609,3.5177,-15.5567,1.546,1.3063,-0.381,1,Run,0,9,LowPickup,-50.4865,-43.1532,0.8057,0.8506,-10.7461,0.7183,0.1195,0,Backhand prepare 0.23,0,9,-1.7972,7.8948,0.7982,0,Great,,0.8948,-11.1712,0.0432,11.2,0.0068,0.0002,4.5516,0.4008,0,0
3029,Rally,None,1,-0.0027,55.9608,0.6221,3.5179,-15.5588,1.507,1.2836,-0.0521,1,Run,0,9,LowPickup,-50.7804,-42.8364,0.73,0.8638,-10.7456,5.68,0.0918,0,Backhand prepare 0.28,0,9,-5.9729,3.6616,3.5667,0,Great,,0.8248,-11.1735,0.0432,11.2,0.0059,0.0001,3.5873,0.5778,0,0
3030,Rally,None,1,-0.0027,55.9297,0.5832,3.5181,-15.5608,1.468,1.2583,0.2768,1,Run,0,9,LowPickup,-50.8476,-42.7978,0.6614,0.8698,-10.7519,1.8482,0.0702,0,Backhand prepare 0.32,0,9,-9.094,-0.3817,0.5908,0,Great,,0.7548,-11.1757,0.0432,11.2,-0.031,0.0001,2.8272,0.7382,0,0
3031,Rally,None,1,-0.0027,55.8383,0.542,3.5183,-15.563,1.4094,1.2157,0.7702,1,Run,0,9,LowPickup,-50.6026,-43.0078,0.5643,0.862,-10.7577,1.7041,0.0534,0,Backhand prepare 0.36,0,9,-12.9054,-5.325,1.7554,0,Great,,0.6499,-11.1791,0.0432,11.2,-0.0914,0,2.2282,0.9063,0,0
3032,Rally,None,1,-0.0027,55.7158,0.5011,3.5185,-15.5653,1.3704,1.184,1.0992,1,Run,0,9,LowPickup,-50.1624,-43.3789,0.5063,0.835,-10.7642,2.5419,0.0405,0,Backhand prepare 0.41,0,9,-18.1651,-12.3921,2.5876,0,Great,,0.5803,-11.1813,0.0432,11.2,-0.1225,0,1.7561,1.0426,0,0
3033,Rally,None,1,-0.0027,55.5449,0.4584,3.5186,-15.5676,1.3119,1.1318,1.5926,1,Run,0,9,LowPickup,-49.5726,-44.1173,0.4205,0.7999,-10.7781,3.888,0.0307,0,Backhand prepare 0.45,0,9,-22.912,-18.9003,1.1192,0,Great,,0.4808,-11.1845,0.0432,11.2,-0.1709,0,0.9114,1.1447,0,0
3034,Rally,None,1,-0.0027,55.3533,0.4168,3.5188,-15.5699,1.2729,1.0938,1.9215,1,Run,0,9,LowPickup,-48.891,-45.5273,0.3731,0.7837,-10.7919,0,0.0231,0,Backhand prepare 0.50,0,9,-32.8718,-28.605,0.7995,0,Great,,0.4179,-11.1866,0.0432,11.2,-0.1916,0.001,1.6653,1.2141,0,0
3035,Rally,None,1,-0.0027,55.1438,0.3763,3.5189,-15.5721,1.2338,1.0533,2.2505,1,Run,0,9,LowPickup,-48.1826,-46.577,0.3276,0.7658,-10.8053,0,0.0174,0,Backhand prepare 0.54,0,9,-43.148,-37.6157,0.8325,0,Great,,0.3578,-11.1885,0.0432,11.2,-0.2095,0.0035,2.9015,1.1936,0,0
3036,Rally,None,1,-0.0027,54.8972,0.335,3.5191,-15.5744,1.1753,0.9877,2.7439,1,Run,0,9,LowPickup,-47.5802,-47.522,0.2541,0.754,-10.8182,0,0.0131,0,Backhand prepare 0.58,0,9,-53.234,-47.4957,3.9188,0,Great,,0.2728,-11.1912,0.0432,11.2,-0.2466,0.0071,3.8758,1.0608,0,0
3037,Rally,None,1,-0.0027,54.6398,0.2952,3.5192,-15.5766,1.1363,0.9408,3.0728,1,Run,0,9,LowPickup,-47.0397,-48.5836,0.2099,0.7445,-10.8299,0,0.0098,0,Backhand prepare 0.63,0,9,-63.0603,-62.3795,0,0,Great,,0.2196,-11.1929,0.0432,11.2,-0.2574,0.0122,5.4382,0.8806,0,0
3038,Rally,None,1,-0.0027,54.3516,0.2553,3.5194,-15.5788,1.0778,0.8656,3.5662,1,Run,0,9,LowPickup,-46.5593,-49.3101,0.1443,0.7356,-10.842,0.9232,0.0073,0,Backhand prepare 0.67,0,9,-67.7165,-73.9215,1.2809,0,Great,,0.1451,-11.1953,0.0432,11.2,-0.2882,0.0179,5.875,0.6594,0,0
3039,Rally,None,1,-0.0027,54.0581,0.2173,3.5195,-15.5809,1.0387,0.8123,3.8952,1,Run,0,9,LowPickup,-46.2577,-50.0617,0.1036,0.7292,-10.8512,0.8326,0.0055,0,Backhand prepare 0.73,0,9,-73.5628,-88.3573,0,0,Great,,0.0989,-11.1968,0.0432,11.2,-0.2935,0.024,7.0138,0.396,0,0
3040,Rally,None,1,-0.0027,53.7599,0.1812,3.5196,-15.5829,0.9997,0.7565,4.2241,1,Run,0,9,LowPickup,-46.0691,-50.4576,0.0635,0.7298,-10.8564,0.718,0.0041,0,Backhand prepare 0.76,0,9,-73.8465,-96.9105,0,0,Great,,0.0554,-11.1982,0.0432,11.2,-0.2981,0.0296,7.1168,0.1392,0,0
3041,Rally,None,1,-0.0027,53.4363,0.1458,3.5197,-15.5848,0.9412,0.668,4.7175,1,Run,0,9,LowPickup,-45.9716,-50.7315,-0.0248,0.7542,-10.8246,0.1283,0.003,0,Backhand prepare 0.80,0,9,-68.4926,-103.9203,0,0,Great,,0,-11.2,0.0432,11.2,-0.3237,0.0343,7.198,0.1592,0,0
3042,Rally,None,1,-0.0027,53.1119,0.115,3.5198,-15.5865,0.9022,0.6058,5.0464,1,Ready,0,9,LowPickup,-39.26,-44.8019,0.0213,0.7405,-10.8719,0.9529,0.0023,0,Backhand prepare 0.86,0,9,-47.5071,-109.308,3.3532,0,Great,,0,-11.2,0.0432,11.2,-0.3243,0.0368,5.673,0.6929,0,0
3043,Rally,None,1,-0.0027,52.7655,0.0882,3.5199,-15.5879,0.8436,0.5077,5.5399,1,Ready,0,9,LowPickup,-26.5216,-33.0877,0.0508,0.7415,-10.899,1.4802,0,0,Backhand prepare 0.89,0,9,-30.1492,-111.3757,1.7091,0,Great,,0,-11.2,0.0432,11.2,-0.3464,0.0367,4.471,1.4271,0,0.0001
3044,Rally,None,1,-0.0027,52.4214,0.065,3.52,-15.5892,0.8046,0.4391,5.8688,1,Ready,0,9,LowPickup,-13.9574,-20.9955,0.0744,0.7292,-10.9224,1.2343,0,0,Backhand prepare 0.95,0,9,-9.3129,-104.3166,1.334,0,Great,,0,-11.2,0.0432,11.2,-0.3442,0.0342,3.5237,1.8279,0,0
3045,Rally,None,1,-0.0027,52.105,0.0447,3.5201,-15.5903,0.7656,0.368,6.1977,1,Ready,0,9,LowPickup,-3.8442,-10.9246,0.0904,0.712,-10.9368,2.7777,0,0,Backhand prepare 0.99,0,9,0.4222,-95.456,5.4349,0,Great,,0,-11.2,0.0432,11.2,-0.3163,0.03,2.7772,2.0161,0,0
3046,Rally,None,1,-0.0027,51.83,0.0272,3.5201,-15.5912,0.7071,0.2565,6.6911,1,Ready,0,9,LowPickup,3.4952,-3.3049,0.1033,0.7273,-10.9481,1.7336,0,0,Backhand prepare 1.00,0,9,3.3079,-92.3841,0,0,Great,,0,-11.2,0.0432,11.2,-0.275,0.0247,2.1887,2.0024,0,0
3047,Rally,None,1,-0.0027,51.5909,0.0119,3.5202,-15.592,0.6681,0.179,7.0201,1,Ready,0,9,LowPickup,8.5777,2.1924,0.1121,0.7425,-10.9559,1.1034,0,0,Backhand prepare 1.00,1,0.1762,-13.8151,-109.9099,0,0,Great,,0,-11.2,0.0432,11.2,-0.2391,0.0191,1.725,1.799,0,0
3048,Rally,None,1,-0.0027,51.3831,-0.0014,3.5203,-15.5926,0.6109,0.129,7.5023,1,Ready,0,9,LowPickup,12.1711,6.0295,0.1181,0.7633,-10.9632,0.7716,0,0,Backhand swing,1,0.1551,10.2564,-98.8699,0,0,Great,,0,-11.2,0.0032,11.2,-0.2078,0.0137,1.3595,1.3878,0,0
3049,Rally,None,1,-0.0027,51.2024,-0.0129,3.5203,-15.5933,0.5745,0.1851,7.8089,1,Ready,0,9,LowPickup,14.6703,8.6628,0.1194,0.7815,-10.9641,0.4872,0,0,Backhand swing,1,0.141,16.3153,-90.4786,0,0,Great,,0,-11.2,-0.0769,11.2,-0.1807,0.009,1.0715,0.8974,0,0
3050,Rally,None,1,-0.0027,51.0453,-0.023,3.5204,-15.5938,0.5381,0.2385,8.1154,1,Ready,0,9,LowPickup,16.4422,10.4784,0.1107,0.7914,-10.9449,0.3301,0,0,Backhand swing,1,0.1269,21.2377,-76.7096,0,0,Great,,0,-11.2,-0.157,11.2,-0.1571,0.0052,0.8445,0.4396,0,0
3051,Rally,None,1,-0.0027,50.9088,-0.0317,3.5204,-15.5943,0.4836,0.3136,8.5753,1,Ready,0,9,LowPickup,17.5838,11.6212,0.1034,0.802,-10.9321,0.261,0,0,Backhand swing,1,0.1057,29.305,-51.6695,0,0,Great,,0,-11.2,-0.1985,11.2,-0.1366,0.0024,0.6655,0.2742,0,0
3052,Rally,None,1,-0.0027,50.79,-0.0393,3.5205,-15.5947,0.4472,0.3604,8.8819,1,Ready,0,9,LowPickup,18.1919,12.2552,0.111,0.8179,-10.9564,0.3324,0,0,Backhand swing,1,0.0916,30.0896,-33.1039,4.3265,0,Great,,0,-11.2,-0.1985,11.2,-0.1187,0.0005,0.5245,0.437,0,0
3053,Rally,None,1,-0.0027,50.6868,-0.0458,3.5205,-15.595,0.3927,0.4256,9.3417,1,Ready,0,9,LowPickup,18.3734,12.4868,0.12,0.835,-10.985,0.1729,0,0,Backhand swing,1,0.0705,32.4557,-10.8947,3.5833,0,Great,,0,-11.2,-0.1985,11.2,-0.1032,-0.0005,0.4134,0.5574,0,0
3054,Rally,None,1,-0.0027,50.5971,-0.0515,3.5206,-15.5953,0.3563,0.4658,9.6483,1,Ready,0,9,LowPickup,18.1168,12.3726,0.1247,0.841,-10.9715,0.0479,0,0,Backhand swing,1,0.0564,-11.246,-52.3229,0.955,0,Great,,0,-11.2,-0.1985,11.2,-0.0897,-0.001,0.3258,0.5567,0,0
3055,Rally,None,1,-0.0027,50.5191,-0.0565,3.5206,-15.5956,0.3199,0.5033,9.9549,1,Ready,0,9,LowPickup,17.6033,12.0243,0.1268,0.8437,-10.9524,0.2126,0,0,Backhand swing,1,0.0423,8.1325,-22.5443,6.7946,0,Great,,0,-11.2,-0.1985,11.2,-0.078,-0.001,0.2568,0.4977,0,0
3056,Rally,None,1,-0.0027,50.4513,-0.0608,3.5206,-15.5958,0.2654,0.5546,10.4147,1,Ready,0,9,LowPickup,16.9245,11.4935,0.1237,0.8464,-10.9545,0.519,0,0,Backhand swing,1,0.0211,24.7959,17.2757,0,0,Great,,0,-11.2,-0.1985,11.2,-0.0678,-0.0008,0.2024,0.4264,0,0
3057,Rally,None,1,-0.0027,50.3923,-0.0646,3.5207,-15.596,0.229,0.5854,10.7213,1,Ready,0,9,LowPickup,16.2159,10.888,0.1233,0.8507,-10.9616,0.5274,0,0,Backhand swing,1,0.007,10.0313,-3.0705,0,0,Great,,0,-11.2,-0.2003,11.2,-0.059,-0.0004,0.1595,0.36,0.0013,0.9345
3058,Rally,None,1,-0.0027,51.1249,-0.0678,3.5207,-15.596,0.2108,0.5999,10.7546,1,Ready,0,9,LowPickup,15.6609,10.3201,0.1353,0.8633,-10.9668,0.2793,0,0,Backhand swing,1,0,8.8154,-1.7872,0,0,Great,R;,0,-11.2,-0.2158,11.2,0.7326,0,0.1257,0.297,0.0031,0.7365
3059,Rally,None,1,-0.0027,51.7618,-0.0706,3.5207,-15.5959,0.1828,0.6813,10.4808,1,Ready,0,9,LowPickup,15.1683,9.7527,0.1468,0.8764,-10.972,0.2057,0,0,Backhand swing,1,-0.0167,13.0863,17.8537,0,0,Great,,0,-11.2,-0.1357,11.2,0.6369,0.0003,0.0991,0.2477,0.0048,0.5805
3060,Rally,None,1,-0.0027,52.3155,-0.0731,3.5207,-15.5959,0.1548,0.76,10.207,1,Ready,0,9,LowPickup,14.8916,9.3479,0.1503,0.8802,-10.9724,0.2312,0,0,Backhand follow,1,-0.0333,21.5004,38.5731,0,0,Great,,0,-11.2,-0.0556,11.2,0.5537,0.0005,0.0781,0.2181,0.0059,0.4575
3061,Rally,None,1,-0.0027,52.7968,-0.0752,3.5207,-15.5958,0.1128,0.8731,9.7963,1,Ready,0,9,LowPickup,14.7922,9.065,0.1486,0.8756,-10.9703,0.2831,0,0,Backhand follow,1,-0.0583,25.836,42.4152,0,0,Great,,0,-11.2,0,11.2,0.4813,0.0007,0.0615,0.2284,0.0065,0.3606
3062,Rally,None,1,-0.0027,53.2153,-0.077,3.5207,-15.5958,0.0848,0.9451,9.5226,1,Ready,0,9,LowPickup,14.8767,8.9173,0.1392,0.861,-10.9645,0.3474,0,0,Backhand follow,1,-0.075,28.1951,36.762,12.2881,0,Great,,0,-11.2,0,11.2,0.4185,0.0007,0.0485,0.2811,0.0065,0.3719
3063,Rally,None,1,-0.0027,53.5791,-0.0789,3.5207,-15.5958,0.0429,1.0481,9.1119,1,Ready,0,9,LowPickup,15.0821,8.843,0.126,0.8498,-10.9579,0.3061,0,0,Backhand follow,1,-0.1,36.6944,47.1725,0.1075,0,Great,,-0.0042,-11.1999,0,11.2,0.3638,0.0007,0.0382,0.3448,0.0059,0.3622
3064,Rally,None,1,-0.0027,53.8954,-0.0809,3.5207,-15.5957,0.0149,1.1134,8.8381,1,Run,0,9,LowPickup,14.6297,8.6896,0.1187,0.8476,-10.9478,0.2099,0,0,Backhand follow,1,-0.1167,36.2874,50.8678,0.4471,0,Great,,-0.0104,-11.1997,0,11.2,0.3163,0.0006,2.3535,0.3767,0.0051,0.34
3065,Rally,None,1,-0.0027,54.1703,-0.0834,3.5207,-15.5956,-0.0131,1.1761,8.5643,1,Run,0,9,LowPickup,12.2656,6.6619,0.1104,0.8455,-10.9365,0.0829,0,0,Backhand follow,1,-0.1333,39.073,56.4214,0.727,0,Great,,-0.0194,-11.1995,0,11.2,0.275,0.0004,3.4439,0.4246,0.004,0.3091
3066,Rally,None,1,-0.0027,54.4094,-0.0868,3.5207,-15.5955,-0.0551,1.265,8.1537,1,Run,0,9,LowPickup,7.485,2.5913,0.0931,0.8462,-10.9326,0.1249,0,0,Backhand follow,1,-0.1583,46.8058,65.4899,1.2134,0,Great,,-0.0382,-11.199,0,11.2,0.239,0.0003,4.3033,0.7045,0.003,0.2436
3067,Rally,None,1,-0.0027,54.6172,-0.091,3.5208,-15.5953,-0.0831,1.321,7.8799,1,Run,0,9,LowPickup,-0.1791,-3.5963,0.0641,0.8405,-10.9158,0.3879,0,0,Backhand follow,1,-0.175,48.67,70.413,5.1876,0,Great,,-0.0541,-11.1986,0,11.2,0.2078,0.0001,5.7751,1.2872,0.002,0.192
3068,Rally,None,1,-0.0027,54.7978,-0.0967,3.5208,-15.5951,-0.1251,1.3999,7.4692,1,Run,0,9,LowPickup,-10.2703,-11.8493,-0.0055,0.8157,-10.8802,1.3061,0,0,Backhand follow,1,-0.2,56.5573,78.7687,3.19,0,Great,,-0.0833,-11.1978,0,11.2,0.1807,0,6.1406,2.0354,0.0012,0.1513
3069,Rally,None,1,-0.0027,54.9549,-0.1032,3.5208,-15.5948,-0.1531,1.4491,7.1954,1,Run,0,9,LowPickup,-20.7349,-18.601,-0.0678,0.8012,-10.8502,1.963,0,0,Backhand follow,1,-0.2167,56.4527,83.0989,3.3101,0,Great,,-0.1062,-11.1972,0,11.2,0.1571,-0.0001,7.2231,1.0678,0.0006,0.1193
3070,Rally,None,1,-0.0027,55.0914,-0.1108,3.5208,-15.5944,-0.1811,1.4957,6.9216,1,Run,0,9,LowPickup,-29.7218,-25.3677,-0.1315,0.8017,-10.8272,1.8062,0,0,Backhand follow,1,-0.2333,58.2401,87.6115,3.5144,0,Great,,-0.1319,-11.1966,0,11.2,0.1365,-0.0001,7.2818,1.0176,0.0001,0.094
3071,Rally,None,1,-0.0027,55.2101,-0.1205,3.5208,-15.594,-0.2231,1.5605,6.511,1,Run,0,9,LowPickup,-36.5612,-30.5187,-0.2064,0.8049,-10.8118,1.5695,0,0,Backhand follow,1,-0.2583,61.4335,92.5819,2.163,0,Great,,-0.1756,-11.1954,0,11.2,0.1187,-0.0001,7.328,0.9447,-0.0001,0.0741
3072,Rally,None,1,-0.0027,55.3133,-0.1312,3.5208,-15.5935,-0.2511,1.6004,6.2372,1,Run,0,9,LowPickup,-41.3875,-33.7816,-0.2602,0.8074,-10.8024,1.3958,0,0,Backhand follow,1,-0.275,60.9858,95.5937,13.4616,0,Great,,-0.2083,-11.1946,0,11.2,0.1032,-0.0001,8.159,0.7519,-0.0003,0.0584
3073,Rally,None,1,-0.0027,55.403,-0.1445,3.5208,-15.5929,-0.2931,1.6551,5.8265,1,Run,0,9,LowPickup,-44.6547,-36.2445,-0.3275,0.809,-10.7954,5.758,0,0,Backhand follow,0,9,58.7711,95.2447,0.5728,0,Great,,-0.2624,-11.1932,0,11.2,0.0897,-0.0001,8.0193,0.48,-0.0003,0.0584
3074,Rally,None,1,-0.0027,55.481,-0.1588,3.5209,-15.5922,-0.3211,1.6883,5.5527,1,Run,0,9,LowPickup,-46.7178,-37.6507,-0.3734,0.8074,-10.7913,2.5929,0,0,Backhand finish,0,9,76.9461,100.5517,1.3246,0,Great,,-0.302,-11.1921,0,11.2,0.078,-0.0001,8.5,0.1753,-0.0003,0.046
3075,Rally,None,1,-0.0027,55.5488,-0.1743,3.5209,-15.5915,-0.3491,1.7188,5.279,1,Run,0,9,LowPickup,-47.9016,-38.7295,-0.4156,0.8033,-10.7902,1.354,0,0,Backhand finish,0,9,76.2119,101.1021,0.1449,0,Great,,-0.3443,-11.191,0,11.2,0.0678,0,8.4488,0.157,-0.0002,0.0363
3076,Rally,None,1,-0.0027,55.6078,-0.1927,3.5209,-15.5907,-0.3911,1.7595,4.8683,1,Run,0,9,LowPickup,-48.5443,-39.6267,-0.4796,0.7981,-10.7905,0,0,0,Backhand finish,0,9,75.5068,100.7054,0.1625,0,Great,,-0.4131,-11.1893,0,11.2,0.0589,0,8.2478,0.4201,-0.0002,0.0286
3077,Rally,None,1,-0.0027,55.659,-0.2122,3.5209,-15.5898,-0.4191,1.7833,4.5945,1,Run,0,9,LowPickup,-48.672,-40.2499,-0.5185,0.7883,-10.7938,0,0,0,Backhand finish,0,9,75.0385,99.6137,0.1679,0,Great,,-0.4623,-11.188,0,11.2,0.0512,0,8.5,0.6752,-0.0001,0.0225
3078,Rally,None,1,-0.0027,55.7035,-0.2348,3.521,-15.5887,-0.4611,1.8139,4.1838,1,Run,0,9,LowPickup,-48.477,-40.9592,-0.5844,0.7768,-10.7979,0,0,0,Backhand finish,0,9,74.7822,97.8367,0.176,0,Great,,-0.5415,-11.1859,0,11.2,0.0445,0,8.5,0.8804,0,0.0178
3079,Rally,None,1,-0.0027,55.7423,-0.2585,3.521,-15.5876,-0.4891,1.831,3.9101,1,Run,0,9,LowPickup,-48.0894,-41.6801,-0.6261,0.7669,-10.8035,0,0,0,Backhand finish,0,9,74.8184,95.5461,0.1547,0,Great,,-0.5977,-11.1845,0,11.2,0.0387,0,8.5,1.0084,0.0001,0.014
3080,Rally,None,1,-0.0027,55.7759,-0.2833,3.5211,-15.5864,-0.5171,1.8454,3.6363,1,Run,0,9,LowPickup,-47.6094,-42.4165,-0.6708,0.7613,-10.8105,0.5529,0,0,Backhand finish,0,9,75.0872,92.8086,0.1073,0,Great,,-0.6567,-11.1829,0,11.2,0.0337,0,8.5,1.0477,0.0001,0.011
3081,Rally,None,1,-0.0027,55.8052,-0.3116,3.5211,-15.5851,-0.559,1.862,3.2256,1,Run,0,9,LowPickup,-47.0122,-43.2157,-0.7491,0.7724,-10.8187,0.7791,0,0,Backhand finish,0,9,75.4089,89.921,0,0,Great,,-0.7504,-11.1805,0,11.2,0.0293,0,8.5,1.0431,0.0001,0.0087
3082,Rally,None,1,-0.0027,55.8307,-0.3409,3.5211,-15.5837,-0.587,1.8697,2.9518,1,Run,0,9,LowPickup,-46.4301,-44.0071,-0.7983,0.782,-10.8303,0.0212,0,0,Backhand finish,0,9,75.6687,87.0348,0,0,Great,,-0.8164,-11.1788,0,11.2,0.0254,0,8.5,0.9619,0.0001,0.0069
3083,Rally,None,1,-0.0027,55.8528,-0.3738,3.5212,-15.5821,-0.629,1.8762,2.5411,1,Run,0,9,LowPickup,-46.0768,-44.7297,-0.9346,0.7879,-10.8362,0.1129,0,0,Backhand finish,0,9,75.8903,84.4556,0,0,Great,,-0.9205,-11.1761,0,11.2,0.0221,0,8.5,0.7613,0.0001,0.0054
3084,Rally,None,1,-0.0027,55.872,-0.4077,3.5212,-15.5805,-0.657,1.8772,2.2674,1,Run,0,9,LowPickup,-45.8015,-45.2705,-1.045,0.7897,-10.8396,0.2598,0,0,Backhand finish,0,9,76.0108,82.3456,0,0,Great,,-0.9934,-11.1742,0,11.2,0.0192,0,8.5,0.4966,0.0001,0.0043
3085,Rally,None,1,-0.0027,55.8887,-0.4424,3.5213,-15.5787,-0.685,1.8755,1.9936,1,Run,0,9,LowPickup,-45.7613,-45.6285,-1.121,0.7907,-10.8374,1.1137,0,0,Backhand finish,0,9,75.9805,80.8692,0,0,Great,,-1.0683,-11.1715,0,11.2,0.0167,0,8.5,0.1673,0.0001,0.0034
3086,Rally,None,1,-0.0027,55.9033,-0.4806,3.5214,-15.576,-0.727,1.868,1.5829,1,Run,0,9,LowPickup,-46.0058,-46.171,-1.1982,0.7999,-10.8231,7.3884,0,0,Backhand finish,0,9,75.8339,79.9756,0,0,Great,,-1.179,-11.1626,0,11.2,0.0145,0,7.7212,0.2431,0,0.0026
3087,Rally,None,1,-0.0027,55.9159,-0.5189,3.5214,-15.5725,-0.755,1.8596,1.3091,1,Run,0,9,LowPickup,-46.3181,-47.1456,-1.2444,0.7945,-10.8044,0.2784,0,0,Backhand finish,0,9,75.1868,79.5727,1.4623,0,Great,,-1.2512,-11.1536,0,11.2,0.0126,0,6.0168,0.6629,0,0.0021
3088,Rally,None,1,-0.0027,55.9269,-0.5598,3.5215,-15.5671,-0.797,1.842,0.8985,1,Run,0,9,LowPickup,-46.3321,-46.9259,-1.3653,0.7858,-10.7718,3.9637,0,0,Backhand finish,0,9,73.0541,79.4432,0.3283,0,Great,,-1.3563,-11.136,0,11.2,0.011,0,4.9721,0.9888,0,0.0016
3089,Rally,None,1,-0.0027,55.9365,-0.6001,3.5216,-15.5606,-0.825,1.827,0.6247,1,Run,0,9,LowPickup,-46.1851,-46.4383,-1.447,0.7654,-10.7406,7.1967,0,0,Backhand finish,0,9,69.7099,79.6601,0.1306,0,Great,,-1.4238,-11.1219,0,11.2,0.0096,0,4.8475,1.216,0,0.0013
3090,Rally,None,1,-0.0027,55.9448,-0.6399,3.5217,-15.5528,-0.853,1.8092,0.3509,1,Run,0,9,LowPickup,-45.7577,-45.1071,-1.5214,0.7546,-10.7076,0.8851,0,0,Backhand finish,0,9,65.3081,80.2723,0.2324,0,Great,,-1.489,-11.1062,0,11.2,0.0083,0,4.7764,1.2834,0,0.001
3091,Rally,None,1,-0.0027,55.952,-0.6811,3.5218,-15.5427,-0.895,1.7775,-0.0598,1,Backhand prepare 0.05,0,9,LowPickup,-45.3817,-44.302,-1.6187,0.7747,-10.6926,0.8187,0.2083,0.1667,Backhand finish,0,9,60.0459,81.118,0.2866,0,Great,,-1.5824,-11.0801,0,11.2,0.0072,0.0008,4.9217,2.9577,0,0.0008
3092,Rally,None,1,-0.0027,55.9582,-0.7211,3.5218,-15.5313,-0.923,1.7531,-0.3336,1,Backhand prepare 0.11,0,9,LowPickup,-45.2222,-42.1204,-1.6247,0.7679,-10.6791,0.4837,0.4167,0.3333,Backhand finish,0,9,54.1057,81.9792,0.1791,0,Great,,-1.6415,-11.0613,0,11.2,0.0063,0.003,5.8525,4.3359,0,0.0006
3093,Rally,None,1,-0.0027,55.9564,-0.7618,3.5219,-15.5176,-0.965,1.7114,-0.7442,1,Backhand prepare 0.15,0,9,LowPickup,-45.5887,-39.4628,-1.6451,0.7526,-10.6686,0.7919,0.625,0.5,Backhand finish,0,9,47.6532,82.7012,0.1713,0,Great,,-1.7252,-11.0314,0,11.2,-0.0018,0.0064,6.0128,2.6269,0,0.0005
3094,Rally,None,1,-0.0027,55.9451,-0.8006,3.5219,-15.503,-0.993,1.6802,-1.018,1,Backhand prepare 0.21,0,9,LowPickup,-47.3817,-37.6616,-1.691,0.7308,-10.6862,1.1626,0.8333,0.6667,Backhand finish,0,9,40.9237,82.9781,0.2031,0,Great,,-1.7775,-11.0108,0,11.2,-0.0113,0.011,6.9047,2.2409,0,0.0004
3095,Rally,None,1,-0.0027,55.9255,-0.8376,3.5219,-15.4875,-1.021,1.6464,-1.2918,1,Backhand prepare 0.25,0,9,LowPickup,-46.4673,-35.7008,-1.7395,0.7057,-10.7198,6.9307,1,0.8333,Backhand finish,0,9,34.2687,82.5945,0.2604,0,Great,,-1.8271,-10.9899,0,11.2,-0.0196,0.0161,6.8974,3.4343,0,0.0003
3096,Rally,None,1,-0.0027,55.8938,-0.8744,3.5218,-15.47,-1.063,1.5906,-1.7025,1,Backhand prepare 0.29,0,9,LowPickup,-46.3558,-35.3145,-1.9065,0.7122,-10.682,0,1,1,Backhand finish,0,9,27.7938,80.7359,0.2857,0,Great,,-1.8964,-10.9587,0,11.2,-0.0317,0.0211,6.8924,4.5001,0,0.0002
3097,Rally,None,1,-0.0027,55.8565,-0.9092,3.5216,-15.4521,-1.091,1.5501,-1.9762,1,Backhand prepare 0.35,0,9,LowPickup,-45.9944,-37.1184,-2.0772,0.757,-10.6556,0,1,1,Backhand finish,0,9,21.3509,77.2666,0.324,0,Great,,-1.9391,-10.9382,0,11.2,-0.0373,0.0261,7.6329,5.8168,0,0.0002
3098,Rally,None,1,-0.0027,55.8095,-0.9434,3.5214,-15.4327,-1.133,1.4842,-2.3869,1,Backhand prepare 0.39,0,9,LowPickup,-46.3547,-39.5139,-2.1342,0.8039,-10.4977,12.3809,1,1,Backhand finish,0,9,16.006,72.4651,0.34,0,Great,,-1.9992,-10.9086,0,11.2,-0.047,0.0305,7.5014,5.7056,0,0.0002
3099,Rally,None,1,-0.0027,55.759,-0.976,3.5212,-15.4134,-1.1609,1.437,-2.6607,1,Backhand prepare 0.45,0,9,LowPickup,-46.4875,-42.4655,-2.1821,0.7378,-10.5529,1.882,1,1,Backhand finish,0,9,11.579,66.511,0.3281,0,Great,,-2.0414,-10.8905,0,11.2,-0.0505,0.0336,6.6939,5.9212,0,0.0001
3100,Rally,None,1,-0.0027,55.7054,-1.0072,3.521,-15.3946,-1.1889,1.3871,-2.9345,1,Forehand prepare 0.49,0,9,LowPickup,-33.4405,-26.9016,-1.6858,1.0497,-10.4148,2.6383,1,1,Backhand finish,0,9,8.0321,59.5726,0.3092,0,Great,,-2.0858,-10.8741,0,11.2,-0.0536,0.034,3.9764,7.8263,0,0.0001
3101,Rally,None,1,-0.0027,55.6446,-1.0389,3.5207,-15.3755,-1.2309,1.3072,-3.3452,1,Forehand prepare 0.52,0,9,LowPickup,-29.5271,-21.5005,-1.7051,1.1791,-10.4605,0.9124,1,1,Backhand finish,0,9,5.5431,52.0488,0.2697,0,Great,,-2.1558,-10.8534,0,11.2,-0.0609,0.0314,2.3649,6.6336,0,0.0001
3102,Rally,None,1,-0.0027,55.5822,-1.0698,3.5204,-15.3575,-1.2589,1.2506,-3.6189,1,Forehand prepare 0.58,0,9,LowPickup,-33.9107,-17.4389,-1.7548,1.3212,-10.5382,0.8941,1,1,Backhand finish,0,9,4.4929,44.1963,0.2107,0,Great,,-2.2044,-10.8426,0,11.2,-0.0623,0.0262,2.9258,8.5542,0,0.0001
3103,Rally,None,1,-0.0027,55.514,-1.1017,3.5201,-15.3403,-1.3009,1.1606,-4.0296,1,Forehand prepare 0.62,0,9,LowPickup,-43.4266,-15.946,-1.8493,1.3806,-10.5811,0.5411,1,1,Backhand finish,0,9,4.5706,36.2721,0.1985,0,Great,,-2.2788,-10.8312,0,11.2,-0.0682,0.0195,3.7842,12.3944,0,0
3104,Rally,None,1,-0.0027,55.4456,-1.1327,3.5198,-15.3249,-1.3289,1.0973,-4.3034,1,Forehand prepare 0.68,0,9,LowPickup,-47.2466,-10.2059,-1.9046,1.4307,-10.702,0.4539,1,1,Backhand finish,0,9,5.4384,28.5283,0.1629,0,Great,,-2.3286,-10.827,0,11.2,-0.0685,0.0126,5.3552,10.7051,0,0
3105,Rally,None,1,-0.0027,55.3769,-1.1629,3.5195,-15.3113,-1.3569,1.0313,-4.5772,1,Forehand prepare 0.72,0,9,LowPickup,-43.7883,-3.5616,-1.9841,1.4772,-10.7858,0.1062,1,1,Backhand finish,0,9,6.8897,21.0715,0.1587,0,Great,,-2.3776,-10.8256,0,11.2,-0.0687,0.0067,5.7579,8.9433,0,0
3106,Rally,None,1,-0.0027,55.3037,-1.194,3.5192,-15.2998,-1.3989,0.9273,-4.9878,1,Forehand prepare 0.75,0,9,LowPickup,-44.1052,0.047,-2.098,1.5134,-10.8311,0,1,1,Backhand finish,0,9,8.3391,14.2963,0.1334,0,Great,,-2.4484,-10.8278,0,11.2,-0.0732,0.0026,5.9974,11.2802,0,0
3107,Rally,None,1,-0.0027,55.2311,-1.224,3.5188,-15.2903,-1.4269,0.8546,-5.2616,1,Forehand prepare 0.81,0,9,LowPickup,-55.219,-1.6813,-2.1576,1.5167,-10.8358,0,1,1,Backhand finish,0,9,9.6739,8.4246,0.112,0,Great,,-2.4933,-10.8318,0,11.2,-0.0726,0.0011,6.7872,13.8657,0,0
3108,Rally,None,1,-0.0027,55.1547,-1.2542,3.5185,-15.2832,-1.4689,0.7405,-5.6723,1,Forehand prepare 0.85,0,9,LowPickup,-67.6985,-4.8161,-2.2035,1.4932,-10.8326,0,1,1,Backhand finish,0,9,10.8744,3.7521,0.2357,0,Great,,-2.5562,-10.8407,0,11.2,-0.0764,0.0019,6.6764,13.4714,0,0
3109,Rally,None,1,-0.0027,55.0794,-1.2831,3.5181,-15.2781,-1.4969,0.6611,-5.9461,1,Forehand prepare 0.90,0,9,LowPickup,-81.2517,-10.87,-2.1714,1.3865,-10.8447,0,1,1,Backhand finish,0,9,11.8267,0.3192,0.215,0,Great,,-2.5951,-10.8482,0,11.2,-0.0753,0.0052,7.2679,16.2942,0,0
3110,Rally,None,1,-0.0027,55.0052,-1.3106,3.5177,-15.2747,-1.5249,0.579,-6.2199,1,Forehand prepare 0.94,0,9,LowPickup,-82.5202,-13.4664,-2.1467,1.2473,-10.8742,0,1,1,Ready,0,9,18.2015,4.1348,0.2794,0,Great,,-2.6313,-10.8565,0,11.2,-0.0742,0.0099,7.0902,16.4406,0,0
3111,Rally,None,1,-0.0027,54.9275,-1.3377,3.5174,-15.2735,-1.5669,0.4509,-6.6305,1,Forehand prepare 0.97,0,9,LowPickup,-78.874,-14.9303,-2.1824,1.0619,-10.8716,0,1,1,Ready,0,9,18.0851,4.4513,0.0484,0,Great,,-2.6805,-10.8699,0,11.2,-0.0777,0.0152,6.9525,17.1111,0,0
3112,Rally,None,1,-0.0027,54.8512,-1.3632,3.517,-15.2737,-1.5949,0.3621,-6.9043,1,Forehand prepare 1.00,0,9,LowPickup,-73.5113,-16.4085,-2.236,0.9463,-10.8815,3.0637,1,1,Ready,0,9,17.838,4.9787,0.1149,0,Great,,-2.7099,-10.8789,0,11.2,-0.0763,0.021,7.5,18.5654,0,0
3113,Rally,None,1,-0.0027,54.7716,-1.3878,3.5166,-15.2756,-1.6369,0.2239,-7.315,1,Forehand prepare 1.00,0,9,LowPickup,-72.5278,-17.765,-2.2824,0.9119,-10.8815,0.7742,1,1,Ready,0,9,17.4464,5.5112,0.1816,0,Great,,-2.7487,-10.8921,0,11.2,-0.0795,0.0264,7.2851,14.8979,0,0
3114,Rally,None,1,-0.0027,54.6937,-1.4106,3.5162,-15.2783,-1.6649,0.1284,-7.5888,1,Forehand prepare 1.00,0,9,LowPickup,-70.9847,-20.2586,-2.3426,0.8439,-10.8271,0.5757,1,1,Ready,0,9,16.9446,5.8869,0.1575,0,Great,,-2.7711,-10.9004,0,11.2,-0.0779,0.0316,7.8867,11.9524,0,0
3115,Rally,None,1,-0.0027,54.6227,-1.4317,3.5158,-15.2817,-1.692,0.1361,-7.854,1,Forehand prepare 1.00,0,9,LowPickup,-68.1453,-21.9155,-2.4171,0.7935,-10.7724,0.3525,1,1,Ready,0,9,16.3849,6.014,0.0801,0,Great,,-2.7908,-10.9084,0,11.2,-0.071,0.0358,7.692,9.8539,0,0
3116,Rally,None,1,-0.0027,54.5478,-1.4515,3.5154,-15.2862,-1.7314,0.2401,-8.239,1,Forehand prepare 1.00,0,9,LowPickup,-63.8732,-22.0717,-2.488,0.7607,-10.7409,0.2896,1,1,Ready,0,9,15.8037,5.8693,0.0442,0,Great,,-2.8152,-10.9195,0,11.2,-0.0749,0.0388,7.5681,8.2174,0,0
3117,Rally,None,1,-0.0027,54.4739,-1.4694,3.5151,-15.2909,-1.7576,0.3062,-8.4957,1,Forehand prepare 1.00,0,9,LowPickup,-58.1077,-20.4027,-2.5283,0.7286,-10.7232,0.8143,1,1,Ready,0,9,15.2447,5.4711,0.0936,0,Great,,-2.8281,-10.9262,0,11.2,-0.074,0.0412,8.2635,6.6881,0,0
3118,Rally,None,1,-0.0027,54.3963,-1.4857,3.5146,-15.2962,-1.797,0.4001,-8.8807,1,Forehand prepare 1.00,0,9,LowPickup,-50.7195,-16.4114,-2.5435,0.7188,-10.7222,0,1,1,Ready,0,9,14.7245,4.872,0.0217,0,Great,,-2.8424,-10.935,0,11.2,-0.0776,0.0426,8.0626,5.0432,0,0
3119,Rally,None,1,-0.0027,54.3199,-1.5002,3.5142,-15.3014,-1.8232,0.4593,-9.1374,1,Forehand prepare 1.00,0,9,LowPickup,-42.0332,-10.437,-2.5307,0.7037,-10.7325,0,1,1,Ready,0,9,14.2576,4.1057,0.015,0,Great,,-2.8489,-10.9391,0,11.2,-0.0764,0.0437,8.5,3.4488,0,0
3120,Rally,None,1,-0.0027,54.2445,-1.5128,3.5138,-15.3062,-1.8495,0.5159,-9.3941,1,Forehand prepare 1.00,1,0.1645,LowPickup,-26.8875,8.6709,-2.4811,0.7118,-10.7952,15.8164,1,1,Ready,0,9,13.6094,3.4156,0.2019,0,Great,,-2.8531,-10.9418,0,11.2,-0.0754,0.0436,7.2294,11.1002,0,0
3121,Rally,None,1,-0.0027,54.1654,-1.5236,3.5133,-15.3106,-1.8888,0.5956,-9.7791,1,Forehand swing,1,0.1267,LowPickup,-36.4966,6.6254,-2.3477,0.7306,-10.756,1.4182,1,1,Ready,0,9,12.8058,2.5633,0.1413,0,Great,,-2.8549,-10.9429,0,11.2,-0.0791,0.0422,7.2127,2.1589,0,0
3122,Rally,None,1,-0.0027,54.0876,-1.5328,3.5129,-15.3145,-1.9151,0.6454,-10.0358,1,Forehand swing,1,0.0845,LowPickup,-36.0346,-16.4993,-2.1142,0.8297,-10.4287,0.4081,1,1,Ready,0,9,11.5133,1.3752,0.1549,0,Great,,-2.8549,-10.9429,0,11.2,-0.0778,0.0406,7.2767,0,0,0
3123,Rally,None,1,-0.0027,54.0108,-1.5406,3.5124,-15.3178,-1.9545,0.715,-10.4208,1,Forehand swing,1,0.0211,LowPickup,-42.0134,-52.4731,-2.079,1.1154,-10.5565,1.0752,1,1,Ready,0,9,9.9592,0.0567,0.2533,0,Great,,-2.8549,-10.9429,0,11.2,-0.0768,0.038,4.9384,0,0,0
3124,Rally,None,1,0.014,54.2707,-1.554,3.514,-15.3201,-1.9253,0.7947,-10.1084,1,Forehand swing,1,-0.0083,LowPickup,-25.5415,-47.9461,-2.1661,1.1105,-10.6068,1.3737,1,1,Ready,0,9,8.1765,-1.3138,0.227,0.1217,Great,P:Great;,-2.8549,-10.9429,0,11.2,0.2599,0.0343,3.2644,0,0,0
3125,Rally,None,1,-0.0027,54.4966,-1.567,3.5168,-15.3217,-1.9253,0.7947,-10.1084,1,Forehand follow,1,-0.0083,LowPickup,-16.0569,-26.8425,-2.2268,1.0698,-10.6119,0.2841,1,1,Ready,0,9,6.4802,-2.5625,1.6737,0.0633,Great,,-2.8549,-10.9429,0,11.2,0.2259,0.0343,3.2644,0,0,0
3126,Rally,None,1,-0.0027,54.693,-1.5754,3.5184,-15.3234,-1.883,0.8501,-9.7876,1,Forehand follow,1,-0.025,LowPickup,-20.6598,-38.3607,-2.4335,0.9084,-10.588,0.2432,1,1,Ready,0,9,5.1828,-3.5738,0.1192,0.005,Great,,-2.8529,-10.9431,0,11.2,0.1964,0.0256,1.9338,0,0,0
3127,Rally,None,1,-0.0027,54.8638,-1.5837,3.5203,-15.3248,-1.8408,0.9029,-9.4668,1,Forehand follow,1,-0.0417,LowPickup,-22.003,-35.7549,-2.2607,0.8304,-10.8337,0,1,1,Ready,0,9,4.2956,-4.2541,0.137,0,Great,,-2.848,-10.9436,0,11.2,0.1707,0.0227,2.2195,0,0,0
3128,Rally,None,1,-0.0027,55.0122,-1.5899,3.5221,-15.3261,-1.7774,0.9773,-8.9856,1,Forehand follow,1,-0.0667,LowPickup,-26.9796,-37.6066,-2.3466,0.7469,-10.675,0,1,1,Ready,0,9,3.9937,-4.4653,0.2231,0,Great,,-2.8356,-10.9447,0,11.2,0.1484,0.0217,2.8094,0,0,0
3129,Rally,None,1,-0.0027,55.1412,-1.5944,3.5236,-15.3273,-1.7351,1.0237,-8.6648,1,Forehand follow,1,-0.0833,LowPickup,-27.9711,-39.969,-2.3863,0.8223,-10.5794,0,1,1,Ready,0,9,4.064,-4.2941,0.2771,0,Great,,-2.8238,-10.9457,0,11.2,0.129,0.0223,3.8282,1.1576,0,0
3130,Rally,None,1,-0.0027,55.2534,-1.5966,3.5251,-15.3287,-1.6717,1.0885,-8.1837,1,Forehand follow,1,-0.1083,LowPickup,-35.0055,-46.1832,-2.4507,1.0221,-10.4784,0,1,1,Ready,0,9,4.409,-3.6993,0.3295,0,Great,,-2.801,-10.9478,0,11.2,0.1122,0.0243,5.4585,2.9336,0,0
3131,Rally,None,1,-0.0027,55.351,-1.5971,3.5264,-15.3301,-1.6294,1.1286,-7.8629,1,Forehand follow,1,-0.125,LowPickup,-32.3636,-46.2559,-2.4383,1.123,-10.4394,0,1,1,Ready,0,9,4.867,-2.8629,3.6457,0,Great,,-2.7823,-10.9495,0,11.2,0.0975,0.027,6.4981,6.4079,0,0
3132,Rally,None,1,-0.0027,55.4358,-1.5959,3.5276,-15.3315,-1.5871,1.1661,-7.5421,1,Forehand follow,1,-0.1417,LowPickup,-19.5367,-44.2237,-2.3926,1.1845,-10.3965,0,1,1,Ready,0,9,5.2835,-1.8607,0,0,Great,,-2.7609,-10.9514,0,11.2,0.0848,0.0295,7.4968,13.8871,0,0
3133,Rally,None,1,-0.0027,55.5095,-1.5921,3.5288,-15.3332,-1.5237,1.2175,-7.0609,1,Forehand follow,1,-0.1667,LowPickup,-24.2705,-46.1596,-2.4147,1.2346,-10.3642,2.2836,1,1,Ready,0,9,5.673,-0.7956,0,0,Great,,-2.7235,-10.9548,0,11.2,0.0737,0.0318,8.2907,9.2952,0,0
3134,Rally,None,1,-0.0027,55.5736,-1.5867,3.5298,-15.3349,-1.4815,1.2486,-6.7401,1,Forehand follow,1,-0.1833,LowPickup,-15.5901,-42.3493,-2.3672,1.1944,-10.3595,2.7698,1,1,Ready,0,9,6.0098,0.2169,0,0,Great,,-2.6952,-10.9573,0,11.2,0.0641,0.0334,8.1227,7.7374,0,0
3135,Rally,None,1,-0.0027,55.6293,-1.5786,3.5308,-15.337,-1.4181,1.2905,-6.2589,1,Forehand follow,1,-0.2083,LowPickup,-8.2723,-40.1731,-2.347,1.1417,-10.3817,0.2215,1,1,Ready,0,9,6.2964,1.1552,0,0,Great,,-2.6474,-10.9616,0,11.2,0.0557,0.0342,8.5,8.3485,0,0
3136,Rally,None,1,-0.0027,55.6777,-1.5689,3.5318,-15.3392,-1.3758,1.3152,-5.9381,1,Forehand follow,1,-0.225,LowPickup,3.5198,-36.4105,-2.2726,1.1136,-10.3997,0.2823,1,1,Ready,0,9,6.5268,1.9484,0,0,Great,,-2.6122,-10.9648,0,11.2,0.0484,0.0339,8.5,11.0961,0,0
3137,Rally,None,1,-0.0027,55.7198,-1.5576,3.5327,-15.3416,-1.3335,1.3374,-5.6174,1,Forehand follow,1,-0.2417,LowPickup,13.3814,-33.0795,-2.2325,1.0853,-10.4366,0.4462,1,1,Ready,0,9,6.7017,2.6011,0,0,Great,,-2.5741,-10.9682,0,11.2,0.0421,0.0324,8.2979,10.0621,0,0
3138,Rally,None,1,-0.0027,55.7564,-1.5433,3.5336,-15.3444,-1.2701,1.3658,-5.1362,1,Forehand follow,1,-0.2667,LowPickup,23.1423,-30.4854,-2.4344,1.158,-10.6553,0.8374,1,1,Ready,0,9,6.8357,3.0965,0,0,Great,,-2.5119,-10.9738,0.1201,11.2,0.0366,0.03,8.5,9.1186,0,0
3139,Rally,None,1,-0.0027,55.7882,-1.5275,3.5344,-15.3473,-1.2278,1.3816,-4.8154,1,Forehand follow,0,9,LowPickup,31.2849,-22.9076,-2.3727,1.138,-10.6589,1.7912,1,1,Run,0,9,0.7402,-1.8196,0,0,Great,,-2.4669,-10.9779,0.2002,11.2,0.0318,0.03,8.5,9.1186,0,0
3140,Rally,None,1,-0.0027,55.8159,-1.5086,3.5352,-15.3506,-1.1644,1.4005,-4.3342,1,Run,0,9,LowPickup,36.764,11.3148,-1.9316,0.6561,-10.8289,0.9375,0.9555,0.8333,Run,0,9,-11.0669,-11.5713,5.3956,0,Great,,-2.3943,-10.9844,0.3203,11.2,0.0277,0.0265,8.5,10.1175,0,0
3141,Rally,None,1,-0.0027,55.84,-1.4882,3.536,-15.3542,-1.1221,1.4099,-4.0134,1,Run,0,9,LowPickup,40.0687,22.5053,-1.9022,0.6496,-10.9271,1.745,0.856,0.6667,Run,0,9,-22.703,-21.2693,11.4859,0,Great,,-2.3424,-10.9891,0.4004,11.2,0.0241,0.0223,8.5,4.5559,0,0
3142,Rally,None,1,-0.0027,55.8609,-1.4666,3.5368,-15.3579,-1.0799,1.4168,-3.6926,1,Run,0,9,LowPickup,41.9212,27.396,-1.8805,0.6484,-10.9518,1.1104,0.7361,0.5,Run,0,9,-31.955,-29.2076,7.9262,0,Great,,-2.2878,-10.994,0.4703,11.2,0.0209,0.0174,8.5,4.2853,0,0
3143,Rally,None,1,-0.0027,55.879,-1.4414,3.5376,-15.3621,-1.0165,1.4223,-3.2114,1,Run,0,9,LowPickup,42.8463,31.3134,-1.802,0.6702,-10.963,0,0.6155,0.3333,Run,0,9,-38.5598,-35.0879,6.2785,0,Great,,-2.2006,-11.0019,0.4703,11.2,0.0182,0.012,8.5,3.6883,0,0
3144,Rally,None,1,-0.0027,55.8948,-1.4151,3.5383,-15.3665,-0.9742,1.4228,-2.8907,1,Run,0,9,LowPickup,43.0999,34.6562,-1.7193,0.6884,-10.978,0,0.5041,0.1667,Ready,0,9,-36.7622,-33.6867,2.5567,0,Great,,-2.1391,-11.0074,0.4703,11.2,0.0158,0.0068,8.5,2.9546,0,0
3145,Rally,None,1,-0.0027,55.9086,-1.3851,3.5391,-15.3714,-0.9108,1.4187,-2.4095,1,Run,0,9,LowPickup,42.9938,37.5407,-1.6011,0.7267,-10.99,0,0.4064,0,Ready,0,9,-28.0568,-25.3883,0,0,Great,,-2.0416,-11.0162,0.4703,11.2,0.0137,0.0024,8.5,2.1657,0,0.0002
3146,Rally,None,1,-0.0027,55.9205,-1.354,3.5398,-15.3765,-0.8685,1.4128,-2.0887,1,Run,0,9,LowPickup,42.7691,39.9728,-1.5147,0.7547,-10.9984,0,0.3236,0,Ready,0,9,-18.5958,-16.4162,0,0,Great,,-1.9731,-11.0223,0.4703,11.2,0.0119,-0.0009,8.5,1.3772,0,0.0002
3147,Rally,None,1,-0.0027,55.9309,-1.3219,3.5405,-15.3818,-0.8262,1.4043,-1.7679,1,Run,0,9,LowPickup,42.4758,42.001,-1.4278,0.7655,-11.0067,3.0605,0.2551,0,Forehand prepare 0.05,0,9,-0.7165,-6.1409,4.2429,0,Great,,-1.9034,-11.0286,0.4703,11.2,0.0104,-0.003,8.5,0.6928,0,0.0001
3148,Rally,None,1,-0.0027,55.9399,-1.2864,3.5413,-15.3875,-0.7628,1.3868,-1.2867,1,Run,0,9,LowPickup,42.3248,44.0336,-1.3134,0.784,-11.022,2.0693,0.1995,0,Forehand prepare 0.09,0,9,14.8275,2.4382,1.3416,0,Great,,-1.7988,-11.038,0.4703,11.2,0.009,-0.0041,7.3458,0.2787,0,0.0001
3149,Rally,None,1,-0.0027,55.9478,-1.2504,3.542,-15.3934,-0.7206,1.372,-0.9659,1,Run,0,9,LowPickup,42.4288,45.6655,-1.2386,0.8112,-11.034,1.918,0.1549,0,Forehand prepare 0.15,0,9,11.7205,5.9706,2.6034,0,Great,,-1.7291,-11.0443,0.4703,11.2,0.0078,-0.0043,5.7894,0.631,0,0.0001
3150,Rally,None,1,-0.0027,55.9546,-1.2116,3.5428,-15.3996,-0.6572,1.3449,-0.4848,1,Run,0,9,LowPickup,42.7441,46.6569,-1.1325,0.8248,-11.0524,6.4854,0.1195,0,Forehand prepare 0.18,0,9,21.2975,12.0735,5.3269,0,Great,,-1.6245,-11.0537,0.4703,11.2,0.0068,-0.0039,4.5628,1.0721,0,0.0001
3151,Rally,None,1,-0.0027,55.9605,-1.1727,3.5435,-15.4059,-0.6149,1.3237,-0.164,1,Run,0,9,LowPickup,43.1774,47.0391,-1.064,0.8256,-11.0689,1.601,0.0918,0,Forehand prepare 0.24,0,9,27.5244,17.8233,0.2991,0,Great,,-1.5548,-11.06,0.4703,11.2,0.0059,-0.0031,3.5961,1.413,0,0.0002
3152,Rally,None,1,-0.0027,55.9452,-1.1338,3.5443,-15.4122,-0.5726,1.3,0.1568,1,Run,0,9,LowPickup,43.9298,47.0313,-1.0043,0.8024,-11.0886,0.989,0.0702,0,Forehand prepare 0.28,0,9,32.9674,23.9151,0.6086,0,Great,,-1.4851,-11.0663,0.4703,11.2,-0.0153,-0.0022,2.8342,1.6614,0,0.0001
3153,Rally,None,1,-0.0027,55.869,-1.0924,3.545,-15.4189,-0.5092,1.2595,0.638,1,Run,0,9,LowPickup,44.8346,46.5907,-0.9137,0.7737,-11.1141,2.6897,0.0534,0,Forehand prepare 0.31,0,9,38.3172,30.4462,4.1369,0,Great,,-1.3805,-11.0757,0.4703,11.2,-0.0762,-0.0013,2.2337,1.8134,0,0.0001
3154,Rally,None,1,-0.0027,55.7609,-1.0514,3.5458,-15.4256,-0.4669,1.2293,0.9588,1,Run,0,9,LowPickup,45.7818,46.0162,-0.8579,0.7443,-11.1375,6.7437,0.0405,0,Forehand prepare 0.37,0,9,43.9371,38.5552,0.3687,0,Great,,-1.3108,-11.082,0.4703,11.2,-0.1081,-0.0005,1.7604,1.8034,0,0.0001
3155,Rally,None,1,-0.0027,55.604,-1.0081,3.5466,-15.4326,-0.4035,1.1793,1.44,1,Run,0,9,LowPickup,46.6689,45.0951,-0.7705,0.7427,-11.1631,1.2078,0.0307,0,Forehand prepare 0.41,0,9,49.7478,47.4493,4.4693,0,Great,,-1.2062,-11.0914,0.4703,11.2,-0.1569,0.0001,1.3874,1.7004,0,0.0001
3156,Rally,None,1,-0.0027,55.4257,-0.9653,3.5474,-15.4396,-0.3613,1.1428,1.7608,1,Run,0,9,LowPickup,47.5046,44.1069,-0.7184,0.7432,-11.1848,0.6262,0.0231,0,Forehand prepare 0.46,0,9,55.7004,58.5281,0.3634,0,Great,,-1.1365,-11.0977,0.4703,11.2,-0.1783,0.0005,1.0935,1.4948,0,0.0001
3157,Rally,None,1,-0.0027,55.2288,-0.9231,3.5482,-15.4465,-0.319,1.1037,2.0815,1,Run,0,9,LowPickup,48.1049,43.213,-0.6636,0.7381,-11.202,1.5884,0.0174,0,Forehand prepare 0.50,0,9,63.711,69.1745,0.7733,0,Great,,-1.0668,-11.1039,0.4703,11.2,-0.1969,0.0007,0.8618,1.1487,0,0
3158,Rally,None,1,-0.0027,54.9947,-0.8788,3.549,-15.4537,-0.2556,1.0403,2.5627,1,Run,0,9,LowPickup,48.507,42.4429,-0.5681,0.7377,-11.2166,7.4844,0.0131,0,Forehand prepare 0.54,0,9,70.22,78.287,0.8151,0,Great,,-0.9622,-11.1134,0.4703,11.2,-0.234,0.0007,0.6792,0.7341,0,0
3159,Rally,None,1,-0.0027,54.7494,-0.8352,3.5498,-15.4608,-0.2133,0.9948,2.8835,1,Run,0,9,LowPickup,48.6693,41.8667,-0.4978,0.7387,-11.226,2.4766,0.0098,0,Forehand prepare 0.59,0,9,69.3582,86.6693,0.5479,0,Great,,-0.8925,-11.1196,0.4703,11.2,-0.2454,0.0007,0.5353,0.2829,0,0
3160,Rally,None,1,-0.0027,54.4732,-0.7897,3.5506,-15.4683,-0.1499,0.9218,3.3647,1,Run,0,9,LowPickup,48.5272,41.5627,-0.3889,0.7395,-11.2322,0.899,0.0073,0,Forehand prepare 0.63,0,9,65.1697,93.6798,0.1689,0,Great,,-0.7879,-11.1291,0.4703,11.2,-0.2762,0.0006,0.4219,0.2311,0,0.0001
3161,Rally,None,1,-0.0027,54.1912,-0.745,3.5514,-15.4756,-0.1076,0.87,3.6855,1,Run,0,9,LowPickup,48.1027,41.5493,-0.3095,0.7413,-11.2262,2.2945,0.0055,0,Forehand prepare 0.68,0,9,63.5109,100.4396,3.1988,0,Great,,-0.7182,-11.1353,0.4703,11.2,-0.282,0.0004,0.3325,0.6954,0,0.0001
3162,Rally,None,1,-0.0027,53.9041,-0.7011,3.5523,-15.4828,-0.0654,0.8156,4.0063,1,Run,0,9,LowPickup,47.4972,41.7854,-0.2268,0.733,-11.2166,1.2105,0.0041,0,Forehand prepare 0.72,0,9,65.2649,104.0968,0,0,Great,,-0.6484,-11.1416,0.4703,11.2,-0.2871,0.0002,0.2621,1.0829,0,0.0001
3163,Rally,None,1,-0.0027,53.5917,-0.6554,3.5531,-15.4903,-0.002,0.7292,4.4874,1,Run,0,9,LowPickup,46.7279,42.266,-0.1079,0.7289,-11.2094,0,0.003,0,Forehand prepare 0.76,0,9,64.7127,105.6488,0,0,Great,,-0.5453,-11.1509,0.4703,11.2,-0.3124,0.0001,0.2065,1.3743,0,0
3164,Rally,None,1,-0.0027,53.2781,-0.6109,3.554,-15.4976,0.0403,0.6684,4.8082,1,Run,0,9,LowPickup,45.8897,43.3488,-0.0231,0.75,-11.1968,0,0.0023,0,Forehand prepare 0.81,0,9,55.3661,103.8453,0,0,Great,,-0.4799,-11.1568,0.4703,11.2,-0.3135,0.0007,1.0769,1.552,0,0.0001
3165,Rally,None,1,-0.0027,52.9427,-0.5655,3.5548,-15.505,0.1037,0.5724,5.2894,1,Run,0,9,LowPickup,45.1499,44.4951,0.0845,0.7723,-11.1892,0,0,0,Forehand prepare 0.85,0,9,43.2027,99.5646,0,0,Great,,-0.3868,-11.1652,0.4703,11.2,-0.3354,0.0025,2.4377,1.5437,0,0
3166,Rally,None,1,-0.0027,52.6092,-0.5217,3.5557,-15.5122,0.146,0.5053,5.6102,1,Run,0,9,LowPickup,44.5389,45.7719,0.1558,0.8014,-11.1825,1.2739,0,0,Forehand prepare 0.91,0,9,22.8824,86.2919,0,0,Great,,-0.3282,-11.1704,0.4703,11.2,-0.3335,0.0062,4.3048,1.3842,0,0.0001
3167,Rally,None,1,-0.0027,52.2773,-0.4795,3.5566,-15.5191,0.1883,0.4355,5.931,1,Run,0,9,LowPickup,43.9791,46.6896,0.2215,0.8197,-11.1793,1.51,0,0,Forehand prepare 0.94,0,9,12.4119,73.5002,0,0,Great,,-0.2724,-11.1755,0.4703,11.2,-0.3319,0.0111,4.9818,1.1311,0,0
3168,Rally,None,1,-0.0027,51.9798,-0.4371,3.5575,-15.526,0.2517,0.3262,6.4122,1,Run,0,9,LowPickup,43.5837,47.4697,0.3044,0.84,-11.1835,0.1448,0,0,Forehand prepare 0.98,0,9,3.7068,58.5963,1.4203,0,Great,,-0.1939,-11.1825,0.4703,11.2,-0.2975,0.0165,5.5153,0.7927,0,0
3169,Rally,None,1,-0.0027,51.7212,-0.3967,3.5583,-15.5326,0.294,0.2501,6.733,1,Run,0,9,LowPickup,43.4106,48.2601,0.3553,0.8554,-11.1874,0.1838,0,0,Forehand prepare 1.00,0,9,0.5806,49.6919,0.8286,0,Great,,-0.145,-11.1869,0.4703,11.2,-0.2586,0.0224,6.7304,0.3997,0,0
3170,Rally,None,1,-0.0027,51.4963,-0.3565,3.5592,-15.5392,0.3574,0.1311,7.2141,1,Run,0,9,LowPickup,43.333,48.6529,0.4244,0.8574,-11.1948,0.1182,0,0,Forehand prepare 1.00,1,0.1692,11.1226,61.8206,0,0,Great,,-0.0769,-11.1931,0.4703,11.2,-0.2249,0.028,6.8934,0,0,0.0001
3171,Rally,None,1,-0.0027,51.3008,-0.3185,3.5601,-15.5453,0.3982,0.1294,7.524,1,Run,0,9,LowPickup,43.39,49.0712,0.4661,0.8624,-11.2014,0.2426,0,0,Backhand swing,1,0.1551,81.5758,41.93,2.8362,0,Great,,-0.0349,-11.1969,0.5103,11.2,-0.1955,0.0332,7.8165,0.2999,0,0
3172,Rally,None,1,-0.0027,51.1309,-0.2828,3.561,-15.5511,0.4376,0.1863,7.823,1,Run,0,9,LowPickup,43.5029,49.121,0.5006,0.8592,-11.2081,0,0,0,Backhand swing,1,0.141,70.5571,9.3894,0,0,Great,,0,-11.2,0.5904,11.2,-0.1699,0.0375,7.7494,0.5502,0,0
3173,Rally,None,1,-0.0027,50.9832,-0.2518,3.5619,-15.5561,0.4967,0.2667,8.2715,1,Ready,0,9,LowPickup,40.8232,45.6216,0.4619,0.8325,-11.1786,0,0,0,Backhand swing,1,0.1198,-2.0142,-26.378,17.1564,0,Great,,0,-11.2,0.7105,11.2,-0.1477,0.0396,6.1075,1.8208,0,0
3174,Rally,None,1,-0.0027,50.8547,-0.2247,3.5628,-15.5604,0.5361,0.317,8.5704,1,Ready,0,9,LowPickup,35.8822,39.2207,0.4026,0.8187,-11.1278,0,0,0,Backhand swing,1,0.1057,40.0636,-22.5123,1.5603,0,Great,,0,-11.2,0.7364,11.2,-0.1284,0.0391,4.8135,3.3479,0,0
3175,Rally,None,1,-0.0027,50.7431,-0.201,3.5637,-15.5642,0.5952,0.3874,9.0189,1,Ready,0,9,LowPickup,31.072,32.5486,0.3383,0.8109,-11.0765,0,0,0,Backhand swing,1,0.0846,33.3181,-10.4525,21.3605,0,Great,,0,-11.2,0.7364,11.2,-0.1117,0.0362,3.7937,3.6951,0,0
3176,Rally,None,1,-0.0027,50.646,-0.1804,3.5646,-15.5674,0.6346,0.431,9.3179,1,Ready,0,9,LowPickup,27.136,27.0672,0.2792,0.8043,-11.042,0,0,0,Backhand swing,1,0.0705,26.2705,-5.5804,1.2025,0,Great,,0,-11.2,0.7364,11.2,-0.0971,0.0316,2.9899,3.4017,0,0
3177,Rally,None,1,-0.0027,50.5616,-0.1623,3.5655,-15.5702,0.674,0.472,9.6168,1,Ready,0,9,LowPickup,24.2217,22.8404,0.2321,0.7999,-11.018,0,0,0,Backhand swing,1,0.0564,23.2115,-0.8581,2.3444,0,Great,,0,-11.2,0.7364,11.2,-0.0844,0.0259,2.3564,2.6904,0,0
3178,Rally,None,1,-0.0027,50.4882,-0.1465,3.5664,-15.5727,0.7331,0.5285,10.0653,1,Ready,0,9,LowPickup,22.345,19.6361,0.1967,0.8002,-11.003,2.3465,0,0,Backhand swing,1,0.0352,7.1329,-16.0563,3.0834,0,Great,,0,-11.2,0.7364,11.2,-0.0734,0.02,1.8572,1.8898,0,0
3179,Rally,None,1,-0.0027,50.4244,-0.1327,3.5673,-15.5748,0.7725,0.5629,10.3643,1,Ready,0,9,LowPickup,21.2027,17.2417,0.1697,0.803,-10.9879,1.623,0,0,Backhand swing,1,0.0211,18.5992,12.907,0.7888,0,Great,,0,-11.2,0.7364,11.2,-0.0638,0.0144,1.4637,1.1301,0,0
3180,Rally,None,1,-0.0027,51.1528,-0.1206,3.5682,-15.5762,0.8316,0.6094,10.6927,1,Ready,0,9,LowPickup,20.5706,15.5039,0.1434,0.8045,-10.9566,0.2217,0,0,Backhand swing,1,0,10.175,3.3525,0.4663,0,Great,R;,0,-11.2,0.749,11.2,0.7284,0.0095,1.1536,0.5483,0,0
3181,Rally,None,1,-0.0027,51.7861,-0.1101,3.569,-15.5773,0.8538,0.6986,10.3888,1,Ready,0,9,LowPickup,20.1873,14.2206,0.1225,0.8123,-10.9359,0.0858,0,0,Backhand swing,1,-0.0167,10.8799,16.1225,1.6443,0,Great,,0,-11.2,0.669,11.2,0.6332,0.0055,0.9092,0.4716,0,0
3182,Rally,None,1,-0.0027,52.3366,-0.1008,3.5698,-15.5783,0.876,0.7845,10.0848,1,Ready,0,9,LowPickup,19.8248,13.2489,0.1199,0.8255,-10.9552,0.1351,0,0,Backhand follow,1,-0.0333,21.0223,38.0246,0,0,Great,,0,-11.2,0.5889,11.2,0.5505,0.0026,0.7165,0.758,0,0
3183,Rally,None,1,-0.0027,52.8152,-0.0926,3.5707,-15.5792,0.9094,0.9074,9.6289,1,Ready,0,9,LowPickup,19.393,12.4847,0.1231,0.843,-10.9805,0.0576,0,0,Backhand follow,1,-0.0583,31.2124,47.4754,0,0,Great,,0,-11.2,0.4687,11.2,0.4786,0.0006,0.5647,1.0036,0,0
3184,Rally,None,1,-0.0027,53.2313,-0.0854,3.5716,-15.5799,0.9316,0.9854,9.3249,1,Ready,0,9,LowPickup,18.7678,11.834,0.1245,0.8484,-10.9657,0.1038,0,0,Backhand follow,1,-0.075,39.1444,47.8345,0,0,Great,,0,-11.2,0.3887,11.2,0.4161,-0.0005,0.4451,1.1649,0,0
3185,Rally,None,1,-0.0027,53.593,-0.0788,3.5724,-15.5808,0.965,1.0964,8.869,1,Ready,0,9,LowPickup,18.0068,11.2527,0.1285,0.8507,-10.9478,0.2495,0,0,Backhand follow,1,-0.1,50.4592,61.5775,0,0,Great,,0.0037,-11.202,0.2685,11.2,0.3617,-0.001,0.3508,1.2117,0,0
3186,Rally,None,1,-0.0027,53.9074,-0.0725,3.5733,-15.5819,0.9872,1.1664,8.5651,1,Run,0,9,LowPickup,17.3605,10.4875,0.1344,0.8512,-10.954,0.5797,0,0,Backhand follow,1,-0.1167,51.0609,66.5042,0,0,Great,,0.0092,-11.2049,0.1885,11.2,0.3145,-0.0012,2.1318,1.1546,0,0
3187,Rally,None,1,-0.0027,54.1808,-0.0665,3.5741,-15.5834,1.0095,1.2332,8.2611,1,Run,0,9,LowPickup,17.2273,10.5603,0.1546,0.8507,-10.9686,0.5208,0,0,Backhand follow,1,-0.1333,53.4224,71.5753,0,0,Great,,0.0171,-11.2092,0.1084,11.2,0.2734,-0.0012,3.2682,1.0473,0,0
3188,Rally,None,1,-0.0027,54.4185,-0.0599,3.575,-15.5858,1.0428,1.3275,7.8052,1,Run,0,9,LowPickup,17.8847,11.436,0.2047,0.8493,-10.9884,0.2713,0,0,Backhand follow,1,-0.1583,58.6502,79.2264,7.2209,0,Great,,0.0337,-11.218,0,11.2,0.2377,-0.001,4.1644,0.9131,0,0
3189,Rally,None,1,-0.0027,54.6251,-0.0531,3.5758,-15.5889,1.0651,1.3864,7.5012,1,Run,0,9,LowPickup,19.4819,13.1042,0.261,0.836,-11.0106,0.2333,0,0,Backhand follow,1,-0.175,57.9576,82.2333,8.4399,0,Great,,0.0478,-11.2256,0,11.2,0.2066,-0.0008,5.6655,0.8621,0,0
3190,Rally,None,1,-0.0027,54.8047,-0.0452,3.5767,-15.5934,1.0984,1.4687,7.0453,1,Run,0,9,LowPickup,21.9424,15.8244,0.3296,0.8089,-11.0419,0.2794,0,0,Backhand follow,1,-0.2,57.917,79.69,5.4262,0,Great,,0.0735,-11.2393,0,11.2,0.1796,-0.0005,6.0541,0.9339,0,0
3191,Rally,None,1,-0.0027,54.9609,-0.0368,3.5775,-15.5986,1.1207,1.5196,6.7414,1,Run,0,9,LowPickup,24.6461,18.7164,0.3924,0.7748,-11.0749,0.2445,0,0,Backhand follow,1,-0.2167,48.7772,71.3544,4.8936,0,Great,,0.0937,-11.2501,0,11.2,0.1562,-0.0003,7.1549,0.4217,0,0
3192,Rally,None,1,-0.0027,55.0966,-0.0278,3.5784,-15.6048,1.1429,1.5673,6.4374,1,Run,0,9,LowPickup,27.0935,21.2526,0.448,0.7405,-11.1087,0.2352,0,0,Backhand follow,1,-0.2333,43.0841,64.6274,3.5114,0,Great,,0.1163,-11.2623,0,11.2,0.1358,-0.0001,7.228,0.3909,0,0
3193,Rally,None,1,-0.0027,55.2146,-0.0171,3.5792,-15.6128,1.1763,1.6328,5.9815,1,Run,0,9,LowPickup,29.0412,23.18,0.5126,0.7236,-11.1491,0.2381,0,0,Backhand follow,1,-0.2583,40.8736,60.7147,0.6516,0,Great,,0.1549,-11.2829,0,11.2,0.118,0.0001,7.2857,0.3833,0,0
3194,Rally,None,1,-0.0027,55.3172,-0.0056,3.58,-15.6218,1.1985,1.6726,5.6775,1,Run,0,9,LowPickup,30.4874,24.2129,0.5595,0.7092,-11.1822,0,0,0,Backhand follow,1,-0.275,38.8447,59.0197,0.1939,0,Great,,0.1837,-11.2983,0,11.2,0.1026,0.0002,8.1256,0.3662,0,0
3195,Rally,None,1,-0.0027,55.4064,0.0078,3.5808,-15.6329,1.2319,1.7262,5.2216,1,Run,0,9,LowPickup,31.5891,25.1162,0.619,0.7015,-11.2262,0,0,0,Backhand follow,0,9,38.2516,59.6542,0.2941,0,Great,,0.2314,-11.3239,0,11.2,0.0892,0.0002,7.993,0.3544,0,0
3196,Rally,None,1,-0.0027,55.484,0.0222,3.5816,-15.6449,1.2541,1.758,4.9176,1,Run,0,9,LowPickup,32.3758,25.3926,0.6592,0.6916,-11.2601,0,0,0,Backhand finish,0,9,58.6892,65.0318,1.0478,0,Great,,0.2663,-11.3425,0,11.2,0.0775,0.0002,8.5,0.3501,0,0
3197,Rally,None,1,-0.0027,55.5514,0.0374,3.5824,-15.658,1.2764,1.7865,4.6137,1,Run,0,9,LowPickup,32.9592,25.6645,0.7004,0.6854,-11.2917,0,0,0,Backhand finish,0,9,60.9698,68.1968,0.2963,0,Great,,0.3037,-11.3625,0,11.2,0.0674,0.0002,8.4324,0.3369,0,0
3198,Rally,None,1,-0.0027,55.61,0.0551,3.5832,-15.6736,1.3097,1.8234,4.1578,1,Run,0,9,LowPickup,33.3672,25.8424,0.7637,0.6817,-11.331,0,0,0,Backhand finish,0,9,63.7112,72.6659,0.5262,0,Great,,0.3643,-11.395,0,11.2,0.0586,0.0001,8.2349,0.3005,0,0
3199,Rally,None,1,-0.0027,55.661,0.0737,3.5839,-15.6902,1.332,1.844,3.8538,1,Run,0,9,LowPickup,33.6158,25.7419,0.8509,0.6905,-11.3577,0,0,0,Backhand finish,0,9,66.3798,76.8609,0.4982,0,Great,,0.4078,-11.4182,0,11.2,0.0509,0.0001,8.5,0.2451,0,0
3200,Rally,None,1,-0.0027,55.7052,0.095,3.5847,-15.7095,1.3653,1.869,3.3979,1,Run,0,9,LowPickup,33.7939,25.7026,0.9573,0.7044,-11.3943,0,0,0,Backhand finish,0,9,68.6506,79.8157,0.3649,0,Great,,0.4776,-11.4556,0,11.2,0.0443,0.0001,8.5,0.1879,0,0
3201,Rally,None,1,-0.0027,55.7438,0.1171,3.5854,-15.7297,1.3876,1.8816,3.0939,1,Run,0,9,LowPickup,33.8431,25.6857,1.0082,0.7044,-11.4185,5.5408,0,0,Backhand finish,0,9,70.6088,81.6408,0.2921,0,Great,,0.5272,-11.4821,0,11.2,0.0385,0,8.5,0.1278,0,0
3202,Rally,None,1,-0.0027,55.7772,0.1402,3.5861,-15.7509,1.4098,1.8911,2.79,1,Run,0,9,LowPickup,33.6647,25.726,1.0221,0.6894,-11.4389,3.6449,0,0,Backhand finish,0,9,72.2825,82.4639,0.2439,0,Great,,0.5792,-11.51,0,11.2,0.0335,0,8.5,0.1693,0,0
3203,Rally,None,1,-0.0027,55.8063,0.1663,3.5868,-15.7751,1.4432,1.8993,2.3341,1,Run,0,9,LowPickup,33.3992,25.8944,1.0728,0.6812,-11.4768,0,0,0,Backhand finish,0,9,73.5843,82.6349,0.1225,0,Great,,0.6619,-11.5542,0,11.2,0.0291,0,8.5,0.3103,0,0
3204,Rally,None,1,-0.0027,55.8316,0.1933,3.5875,-15.8001,1.4654,1.9008,2.0301,1,Run,0,9,LowPickup,33.0838,26.1388,1.1357,0.6889,-11.4992,0,0,0,Backhand finish,0,9,74.5048,82.3454,0.0781,0,Great,,0.72,-11.5854,0,11.2,0.0253,0,8.5,0.4412,0,0
3205,Rally,None,1,-0.0027,55.8536,0.2234,3.5881,-15.8283,1.4988,1.8971,1.5742,1,Run,0,9,LowPickup,32.669,26.5255,1.2342,0.7004,-11.5369,4.4635,0,0,Backhand finish,0,9,75.1852,81.955,0.0507,0,Great,,0.8119,-11.6345,0,11.2,0.022,0,8.5,0.5749,0,0
3206,Rally,None,1,-0.0027,55.8728,0.2543,3.5887,-15.8573,1.521,1.8906,1.2702,1,Run,0,9,LowPickup,32.0327,27.0269,1.3087,0.7312,-11.5535,2.4759,0,0,Backhand finish,0,9,75.5692,81.5262,0.0433,0,Great,,0.8762,-11.6689,0,11.2,0.0191,0,8.5,0.7308,0,0
3207,Rally,None,1,-0.0027,55.8894,0.2861,3.5893,-15.8872,1.5432,1.8809,0.9663,1,Run,0,9,LowPickup,0.5595,-4.9917,1.1762,0.7473,-11.4077,6.3905,0,0,Backhand finish,0,9,75.7045,81.2882,0.0242,0,Great,,0.9429,-11.7046,0,11.2,0.0166,0,8.5,0.061,0,0
3208,Rally,None,1,-0.0027,55.9038,0.3213,3.5899,-15.9205,1.5766,1.8605,0.5104,1,Forehand prepare 0.05,0,9,LowPickup,0.829,-5.0871,1.3598,0.7514,-11.4587,0.7024,0.2083,0.1667,Backhand finish,0,9,75.662,81.2092,0.0224,0,Great,,1.0476,-11.7607,0,11.2,0.0145,0,8.5,0.1772,0,0
3209,Rally,None,1,-0.0027,55.9164,0.3572,3.5905,-15.9544,1.5988,1.8428,0.2064,1,Forehand prepare 0.10,0,9,LowPickup,2.4166,-3.1991,1.3817,0.9036,-11.3439,0,0.4167,0.3333,Backhand finish,0,9,75.0801,81.2412,0.3616,0,Great,,1.1198,-11.7993,0,11.2,0.0126,0,8.5,0,0,0
3210,Rally,None,1,-0.0027,55.9273,0.396,3.591,-15.9913,1.6322,1.8104,-0.2495,1,Forehand prepare 0.13,0,9,LowPickup,13.602,2.0233,1.422,0.7546,-11.6331,0,0.625,0.5,Backhand finish,0,9,72.9882,81.2313,0.1034,0,Great,,1.2245,-11.8553,0,11.2,0.0109,0,7.9922,1.7132,0,0
3211,Rally,None,1,-0.0027,55.9292,0.4347,3.5914,-16.028,1.6544,1.7848,-0.5535,1,Forehand prepare 0.18,0,9,LowPickup,17.8401,6.0415,1.7343,0.7635,-11.7105,0,0.8333,0.6667,Backhand finish,0,9,69.7099,81.3781,0.1242,0,Great,,1.2911,-11.891,0,11.2,0.0019,0,3.9153,2.9987,0,0
3212,Rally,None,1,-0.0027,55.9228,0.4731,3.5915,-16.0644,1.6767,1.756,-0.8574,1,Forehand prepare 0.21,0,9,LowPickup,20.8075,8.7337,1.7205,0.7503,-11.782,0,1,0.8333,Backhand finish,0,9,65.3081,81.6958,0.2358,0,Great,,1.3554,-11.9254,0,11.2,-0.0064,0,1.4967,2.9835,0,0
3213,Rally,None,1,-0.0027,55.9051,0.5132,3.5913,-16.1026,1.71,1.7069,-1.3133,1,Forehand prepare 0.25,0,9,LowPickup,21.4219,10.3826,1.7885,0.7507,-11.8517,0,1,1,Backhand finish,0,9,60.0459,82.1721,0.2866,0,Great,,1.4472,-11.9745,0,11.2,-0.0177,0.0003,0.4094,2.9703,0,0
3214,Rally,None,1,-0.0027,55.8816,0.5523,3.5909,-16.1399,1.7323,1.6702,-1.6173,1,Forehand prepare 0.29,0,9,LowPickup,19.4488,11.3728,1.9048,0.776,-11.8657,0,1,1,Backhand finish,0,9,54.1057,82.6492,0.1791,0,Great,,1.5053,-12.0056,0,11.2,-0.0235,0.0022,2.7063,2.9953,0,0
3215,Rally,None,1,-0.0027,55.8488,0.5924,3.5903,-16.1781,1.7656,1.6091,-2.0732,1,Forehand prepare 0.33,0,9,LowPickup,18.0869,11.7088,2.0598,0.8102,-11.901,3.5989,1,1,Backhand finish,0,9,47.6532,83.0175,0.1712,0,Great,,1.5879,-12.0498,0,11.2,-0.0328,0.0055,3.7219,3.6399,0,0
3216,Rally,None,1,-0.0027,55.8121,0.6311,3.5896,-16.215,1.7879,1.5643,-2.3772,1,Forehand prepare 0.38,0,9,LowPickup,16.5883,14.4237,2.2042,0.8858,-11.9122,1.8366,1,1,Backhand finish,0,9,40.9237,83.0016,0.203,0,Great,,1.6399,-12.0777,0,11.2,-0.0367,0.0106,5.3169,6.5274,0,0
3217,Rally,None,1,-0.0027,55.7719,0.6684,3.5888,-16.2506,1.8101,1.5164,-2.6811,1,Forehand prepare 0.41,0,9,LowPickup,15.0335,17.8196,2.2925,0.9567,-11.942,0.1788,1,1,Backhand finish,0,9,34.2687,82.4005,0.2604,0,Great,,1.6894,-12.1042,0,11.2,-0.0402,0.0164,5.7794,8.4515,0,0
3218,Rally,None,1,-0.0027,55.7245,0.706,3.5877,-16.2865,1.8435,1.4386,-3.1371,1,Forehand prepare 0.45,0,9,LowPickup,14.49,22.9647,2.3894,1.0525,-12.0155,0.9404,1,1,Backhand finish,0,9,27.7938,80.4019,0.2857,0,Great,,1.7591,-12.1415,0,11.2,-0.0474,0.0222,6.144,8.8449,0,0
3219,Rally,None,1,-0.0027,55.6748,0.7419,3.5866,-16.3208,1.8657,1.3827,-3.441,1,Forehand prepare 0.50,0,9,LowPickup,18.3108,31.2542,2.4412,1.1863,-12.148,1.8612,1,1,Backhand finish,0,9,21.3509,76.8638,0.324,0,Great,,1.8026,-12.1647,0,11.2,-0.0496,0.0279,7.2258,6.3609,0,0
3220,Rally,None,1,-0.0027,55.6188,0.7762,3.5853,-16.3536,1.8991,1.293,-3.8969,1,Forehand prepare 0.53,0,9,LowPickup,21.8902,37.7186,2.4539,1.2612,-12.2563,8.1132,1,1,Backhand finish,0,9,16.006,72.0528,0.34,0,Great,,1.8439,-12.1869,0,11.2,-0.0561,0.033,7.2839,3.9424,0,0
3221,Rally,None,1,-0.0027,55.5609,0.8061,3.5839,-16.3822,1.9213,1.2291,-4.2009,1,Forehand prepare 0.58,0,9,LowPickup,18.313,40.0492,2.4343,1.2446,-12.3138,0.3991,1,1,Backhand finish,0,9,11.579,66.1348,0.3281,0,Great,,1.8439,-12.1869,0,11.2,-0.0578,0.0359,5.7406,4.7626,0,0
3222,Rally,None,1,-0.0027,55.5016,0.8322,3.5825,-16.407,1.9436,1.1621,-4.5048,1,Forehand prepare 0.62,0,9,LowPickup,12.3082,41.829,2.4141,1.1617,-12.3462,0.7355,1,1,Backhand finish,0,9,8.0321,59.2628,0.3092,0,Great,,1.8439,-12.1869,0,11.2,-0.0593,0.0363,4.5244,7.6431,0,0
3223,Rally,None,1,-0.0027,55.4364,0.855,3.5809,-16.4287,1.9769,1.0556,-4.9608,1,Forehand prepare 0.66,0,9,LowPickup,12.3389,46.334,2.3661,1.0849,-12.4028,0.5273,1,1,Backhand finish,0,9,5.5431,51.8214,0,0,Great,,1.8439,-12.1869,0,11.2,-0.0652,0.0342,3.5658,5.36,0,0
3224,Rally,None,1,-0.0027,55.3706,0.8749,3.5793,-16.4476,1.9992,0.9806,-5.2647,1,Forehand prepare 0.71,0,9,LowPickup,22.0487,54.0452,2.2695,1.0616,-12.4965,0.8319,1,1,Backhand finish,0,9,4.4929,44.0545,0,0,Great,,1.8439,-12.1869,0,11.2,-0.0658,0.0303,2.8103,4.969,0,0
3225,Rally,None,1,-0.0027,55.2998,0.8923,3.5774,-16.4642,2.0325,0.8621,-5.7206,1,Forehand prepare 0.75,0,9,LowPickup,28.9058,58.9658,2.2123,1.0464,-12.5327,0.0824,1,1,Backhand finish,0,9,4.5706,36.2091,0,0,Great,,1.8439,-12.1869,0,11.2,-0.0708,0.0252,2.2149,10.4391,0,0
3226,Rally,None,1,-0.0027,55.2292,0.9075,3.5756,-16.4786,2.0548,0.7792,-6.0246,1,Forehand prepare 0.80,0,9,LowPickup,25.602,60.1638,2.1803,1.0354,-12.5471,0.8531,1,1,Backhand finish,0,9,5.4384,28.5304,0,0,Great,,1.8439,-12.1869,0,11.2,-0.0706,0.0197,1.7456,14.4491,0,0
3227,Rally,None,1,-0.0027,55.1588,0.9207,3.5738,-16.4912,2.077,0.693,-6.3285,1,Forehand prepare 0.84,0,9,LowPickup,19.4072,60.3749,2.1608,1.0099,-12.5645,0.4277,1,1,Backhand finish,0,9,6.8897,21.1213,0,0,Great,,1.8439,-12.1869,0,11.2,-0.0704,0.0143,1.3758,14.9801,0,0
3228,Rally,None,1,-0.0027,55.0839,0.9324,3.5718,-16.5022,2.1104,0.5578,-6.7845,1,Forehand prepare 0.88,0,9,LowPickup,12.1872,59.3337,2.1411,0.9812,-12.5855,0.2861,1,1,Backhand finish,0,9,8.3391,14.3759,0,0,Great,,1.8439,-12.1869,0,11.2,-0.0749,0.0095,1.0843,15.611,0,0
3229,Rally,None,1,-0.0027,55.0098,0.9426,3.5698,-16.5118,2.1326,0.4637,-7.0884,1,Forehand prepare 0.93,0,9,LowPickup,2.9834,52.3324,2.1464,0.8905,-12.548,0.8408,1,1,Backhand finish,0,9,9.6739,8.5176,0.5758,0,Great,,1.8439,-12.1869,0,11.2,-0.0742,0.0056,0.8545,15.1914,0,0
3230,Rally,None,1,-0.0027,54.9317,0.9515,3.5677,-16.5202,2.166,0.3166,-7.5443,1,Forehand prepare 0.97,0,9,LowPickup,-0.5261,45.6421,2.1508,0.7854,-12.4404,0,1,1,Backhand finish,0,9,10.8744,3.8451,0.3658,0,Great,,1.8439,-12.1869,0,11.2,-0.0781,0.0027,0.6735,9.0076,0,0
3231,Rally,None,1,-0.0027,54.8548,0.9593,3.5657,-16.5276,2.1882,0.2145,-7.8483,1,Forehand prepare 1.00,0,9,LowPickup,-2.0546,38.6016,2.1352,0.7357,-12.3823,0,1,1,Backhand finish,0,9,11.8267,0.4024,0.215,0,Great,,1.8439,-12.1869,0,11.2,-0.0769,0.0007,0.5308,7.9318,0,0
3232,Rally,None,1,-0.0027,54.7788,0.9661,3.5636,-16.5341,2.2104,0.1092,-8.1522,1,Forehand prepare 1.00,0,9,LowPickup,-1.5182,38.7005,2.1168,0.7185,-12.3931,0,1,1,Ready,0,9,18.2548,4.2184,0.283,0,Great,,1.8439,-12.1869,0,11.2,-0.076,-0.0005,0.4183,4.8952,0,0
3233,Rally,None,1,-0.0027,54.7023,0.9722,3.5615,-16.5398,2.2431,0.186,-8.5986,1,Forehand prepare 1.00,0,9,LowPickup,-1.1675,38.4555,2.1059,0.706,-12.3962,0,1,1,Ready,0,9,18.3343,4.6806,0.0189,0,Great,,1.8439,-12.1869,0,11.2,-0.0765,-0.001,0.3297,4.1136,0,0
3234,Rally,None,1,-0.0027,54.6267,0.9774,3.5594,-16.5448,2.2646,0.2691,-8.8929,1,Forehand prepare 1.00,0,9,LowPickup,-0.9415,38.0503,2.1006,0.6983,-12.3963,0,1,1,Ready,0,9,18.4325,5.5398,0.0288,0,Great,,1.8439,-12.1869,0,11.2,-0.0756,-0.0011,0.2598,4.889,0,0
3235,Rally,None,1,-0.0027,54.5474,0.9821,3.5572,-16.5492,2.2969,0.3883,-9.3344,1,Forehand prepare 1.00,0,9,LowPickup,-0.7655,37.6522,2.0984,0.6956,-12.3972,0,1,1,Ready,0,9,18.4727,6.6184,0.0379,0,Great,,1.8439,-12.1869,0,11.2,-0.0793,-0.0008,0.2048,5.6112,0,0
3236,Rally,None,1,-0.0027,54.4694,0.9861,3.555,-16.5531,2.3185,0.4641,-9.6288,1,Forehand prepare 1.00,0,9,LowPickup,-0.6783,37.282,2.0985,0.697,-12.3992,0.8405,1,1,Ready,0,9,18.3546,7.7093,0.0579,0,Great,,1.8439,-12.1869,0,11.2,-0.078,-0.0005,0.1614,5.7788,0,0
3237,Rally,None,1,-0.0027,54.3925,0.9897,3.5529,-16.5566,2.34,0.537,-9.9231,1,Forehand prepare 1.00,0,9,LowPickup,-0.618,37.0267,2.0994,0.701,-12.4025,0.0241,1,1,Ready,0,9,18.0161,8.6317,0.0883,0,Great,,1.8439,-12.1869,0,11.2,-0.0769,-0.0001,0.1272,5.3923,0,0
3238,Rally,None,1,-0.0027,54.312,0.9929,3.5506,-16.5596,2.3723,0.6408,-10.3647,1,Forehand prepare 1.00,1,0.1562,LowPickup,6.9953,53.1774,2.0603,0.7424,-12.4929,0.0072,1,1,Ready,0,9,17.4588,9.262,0.126,0,Great,,1.8439,-12.1869,0,11.2,-0.0805,0.0005,0.079,11.8054,0,0
3239,Rally,None,1,-0.0027,54.233,0.9956,3.5484,-16.5623,2.3939,0.7064,-10.659,1,Forehand swing,1,0.1395,LowPickup,-6.2253,46.8578,2.0616,0.74,-12.4844,3.097,1,1,Ready,0,9,16.7653,9.5523,0.1806,0,Great,,1.8439,-12.1869,0,11.2,-0.079,0.0006,0.0623,1.4673,0,0
3240,Rally,None,1,-0.0027,54.1507,0.9981,3.5461,-16.5648,2.4262,0.7992,-11.1005,1,Forehand swing,1,0.0797,LowPickup,-23.1844,-1.5879,2.3948,0.7043,-11.6942,0.261,1,1,Ready,0,9,16.0958,9.5161,0.2805,0,Great,,1.8439,-12.1869,0,11.2,-0.0823,0.0007,0.0491,0,0,0
3241,Rally,None,1,-0.0027,54.0701,1.0002,3.5439,-16.5669,2.4477,0.8575,-11.3949,1,Forehand swing,1,0.0399,LowPickup,-25.8365,-27.0017,2.1719,1.013,-11.491,3.3443,1,1,Ready,0,9,15.4862,9.1841,0.3163,0,Great,,1.8439,-12.1869,0,11.2,-0.0806,0.0007,0.0333,0,0,0
3242,Rally,None,1,-0.0027,53.9956,1.0021,3.5418,-16.5688,2.4692,0.9128,-11.6892,1,Forehand swing,1,0,LowPickup,-25.2836,-49.8294,2.0996,1.1407,-11.7092,0,1,1,Ready,0,9,14.9691,8.6087,0.3305,0,Great,,1.8439,-12.1869,0,11.2,-0.0745,0.0006,0.022,0,0,0
3243,Rally,None,1,0.045,54.0223,1.0028,3.5475,-16.569,2.4303,0.9805,-11.2307,1,Forehand follow,1,-0.0083,LowPickup,-16.0125,-33.3708,2.0947,1.114,-11.7314,0,1,1,Ready,0,9,14.561,7.8443,0.215,0.9417,Great,P:Great+S;,1.8439,-12.1869,0,11.2,0.0267,0.0005,0.014,0,0,0
3244,Rally,None,1,0.0283,54.0671,1.0065,3.5308,-16.5733,2.4303,0.9805,-11.2307,1,Forehand follow,1,-0.0083,LowPickup,-13.5326,-26.425,2.0948,1.1135,-11.7317,0,1,1,Ready,0,9,14.2794,6.952,0.0921,0.8833,Great,,1.8439,-12.1869,0,11.2,0.0448,0.0005,0.014,0,0,0
3245,Rally,None,1,0.0117,54.1275,0.9937,3.548,-16.5714,2.4303,0.9805,-11.2307,1,Forehand follow,1,-0.0083,LowPickup,-13.5326,-26.425,2.0948,1.1135,-11.7316,0,1,1,Ready,0,9,14.0749,5.9777,0.2434,0.825,Great,,1.8439,-12.1869,0,11.2,0.0605,0.0003,0.0085,0,0,0
3246,Rally,None,1,-0.005,54.2017,0.9935,3.5572,-16.5705,2.4303,0.9805,-11.2307,1,Forehand follow,1,-0.0083,LowPickup,-13.5326,-26.425,2.0948,1.1135,-11.7316,0,1,1,Ready,0,9,13.8875,4.9707,0.3239,0.7667,Great,,1.8439,-12.1869,0,11.2,0.0741,0.0002,0.0067,0,0,0
3247,Rally,None,1,-0.005,54.2877,1.0059,3.5507,-16.5721,2.3913,1.0458,-10.8921,1,Forehand follow,1,-0.025,LowPickup,-19.2369,-38.9791,2.096,1.0543,-11.8358,0,1,1,Ready,0,9,13.7176,3.9646,0.2983,0.7083,Great,,1.8421,-12.1859,0,11.2,0.086,0.0011,0.7192,0,0,0
3248,Rally,None,1,-0.005,54.384,0.9994,3.5546,-16.5718,2.3524,1.1085,-10.5536,1,Forehand follow,1,-0.0417,LowPickup,-21.2421,-36.528,2.1302,0.9747,-11.9028,12.6384,1,1,Ready,0,9,13.5452,3.0024,0.0994,0.65,Great,,1.8378,-12.1836,0,11.2,0.0963,0.0034,1.2819,0,0,0
3249,Rally,None,1,-0.005,54.4893,0.9961,3.5639,-16.5695,2.294,1.1978,-10.0458,1,Forehand follow,1,-0.0667,LowPickup,-26.6315,-38.4156,2.2848,0.7692,-11.9137,6.9575,1,1,Ready,0,9,13.3724,2.0816,0.0399,0.5917,Great,,1.8268,-12.1777,0,11.2,0.1053,0.0075,2.0829,0,0,0
3250,Rally,None,1,-0.005,54.6024,0.9887,3.5529,-16.5706,2.255,1.2541,-9.7072,1,Forehand follow,1,-0.0833,LowPickup,-27.8045,-40.745,2.234,0.8367,-11.787,0.3569,1,1,Ready,0,9,12.9295,1.4427,0.2448,0.5333,Great,,1.8164,-12.1721,0,11.2,0.1131,0.0127,3.084,1.3227,0,0
3251,Rally,None,1,-0.005,54.7223,0.9889,3.5569,-16.5672,2.1966,1.3338,-9.1994,1,Forehand follow,1,-0.1083,LowPickup,-35.4626,-47.5098,2.0862,1.0001,-11.6471,0,1,1,Ready,0,9,12.2862,0.7562,0.1551,0.475,Great,,1.7962,-12.1613,0,11.2,0.1199,0.0189,4.7386,3.5018,0,0
3252,Rally,None,1,-0.005,54.8481,0.9986,3.5685,-16.5613,2.1577,1.3838,-8.8608,1,Forehand follow,1,-0.125,LowPickup,-34.6072,-49.2703,2.0221,1.0925,-11.5961,0,1,1,Ready,0,9,11.1,-0.1914,0.1661,0.4167,Great,,1.7797,-12.1525,0,11.2,0.1258,0.0249,5.8245,7.4981,0,0
3253,Rally,None,1,-0.005,54.9789,0.988,3.5671,-16.5576,2.1187,1.4312,-8.5223,1,Forehand follow,1,-0.1417,LowPickup,-25.2578,-50.6692,1.972,1.1283,-11.5359,0,1,1,Ready,0,9,9.6275,-1.2162,0.2611,0.3583,Great,,1.7607,-12.1423,0,11.2,0.1309,0.0303,6.8857,14.7904,0,0
3254,Rally,None,1,-0.005,55.1123,0.983,3.5696,-16.5511,2.0603,1.4976,-8.0145,1,Forehand follow,1,-0.1667,LowPickup,-35.0189,-57.486,1.8158,1.1225,-11.4848,0,1,1,Ready,0,9,7.9217,-2.2573,0.2273,0.3,Great,,1.7276,-12.1246,0,11.2,0.1334,0.0352,7.8104,10.4292,0,0
3255,Rally,None,1,-0.005,55.2283,0.9722,3.564,-16.5453,2.0214,1.5387,-7.6759,1,Forehand follow,1,-0.1833,LowPickup,-32.6979,-59.8943,1.7509,1.0761,-11.468,0,1,1,Ready,0,9,6.2933,-3.1827,1.6764,0.2417,Great,,1.7025,-12.1112,0,11.2,0.116,0.039,7.7446,8.5843,0,0
3256,Rally,None,1,-0.005,55.3291,0.967,3.5685,-16.5353,1.963,1.5955,-7.1681,1,Forehand follow,1,-0.2083,LowPickup,-31.379,-65.2469,1.624,1.0104,-11.4799,0,1,1,Ready,0,9,5.0533,-3.9043,0.1171,0.1833,Great,,1.6603,-12.0886,0,11.2,0.1008,0.0421,8.4873,10.4274,0,0
3257,Rally,None,1,-0.005,55.4168,0.957,3.5715,-16.5248,1.924,1.6303,-6.8295,1,Forehand follow,1,-0.225,LowPickup,-29.631,-70.2399,1.5395,0.9774,-11.4862,1.7974,1,1,Ready,0,9,4.2097,-4.346,0.1365,0.125,Great,,1.629,-12.0719,0,11.2,0.0876,0.0441,8.2781,11.1416,0,0
3258,Rally,None,1,-0.005,55.493,0.9478,3.5696,-16.514,1.8851,1.6624,-6.491,1,Forehand follow,1,-0.2417,LowPickup,-29.0028,-76.2548,1.3911,1.193,-11.7967,1.9689,1,1,Ready,0,9,3.9395,-4.3789,0.2226,0.0667,Great,,1.5954,-12.0538,0,11.2,0.0762,0.0452,8.1133,9.9532,0,0
3259,Rally,None,1,-0.005,55.5592,0.9363,3.5712,-16.5002,1.8267,1.7059,-5.9832,1,Forehand follow,1,-0.2667,LowPickup,-28.2542,-82.843,1.2919,1.2002,-11.8078,0.8895,1,1,Ready,0,9,4.0308,-4.0909,0.3543,0.0083,Great,,1.5403,-12.0243,0.1201,11.2,0.0662,0.0458,8.5,8.89,0,0
3260,Rally,None,1,-0.005,55.6168,0.9233,3.5722,-16.4855,1.7877,1.7317,-5.6446,1,Forehand follow,0,9,LowPickup,-27.253,-82.2097,1.2237,1.2086,-11.8022,0.7672,1,1,Run,0,9,3.6383,-3.5988,0,0,Great,,1.5005,-12.003,0.2002,11.2,0.0576,0.0458,8.5,8.89,0,0
3261,Rally,None,1,-0.005,55.6669,0.9074,3.573,-16.4682,1.7293,1.7657,-5.1368,1,Run,0,9,LowPickup,-26.5838,-48.8329,1.4531,0.7523,-11.4407,0,0.9555,0.8333,Run,0,9,2.01,-3.6938,0,0,Great,,1.4362,-11.9686,0.3203,11.2,0.0501,0.0459,8.5,9.7239,0,0
3262,Rally,None,1,-0.005,55.7104,0.8904,3.5736,-16.4499,1.6904,1.7852,-4.7982,1,Run,0,9,LowPickup,-26.2598,-40.4782,1.2261,0.7878,-11.5495,0,0.856,0.6667,Run,0,9,-0.5402,-4.8557,0,0,Great,,1.3902,-11.9441,0.4004,11.2,0.0435,0.0459,8.5,4.2411,0,0
3263,Rally,None,1,-0.005,55.7482,0.8722,3.574,-16.4308,1.6514,1.8021,-4.4597,1,Run,0,9,LowPickup,-26.2466,-37.986,1.2899,0.7329,-11.5325,0,0.7361,0.5,Run,0,9,-3.4377,-7.1234,0,0,Great,,1.3419,-11.9182,0.4805,11.2,0.0378,0.0458,8.5,3.8719,0,0
3264,Rally,None,1,-0.005,55.7811,0.8508,3.5742,-16.4087,1.593,1.8227,-3.9519,1,Run,0,9,LowPickup,-26.5251,-35.8295,1.2759,0.7272,-11.4932,0,0.6155,0.3333,Run,0,9,-6.4539,-10.1573,2.1704,0,Great,,1.2647,-11.8769,0.5673,11.2,0.0329,0.0453,8.4865,3.2463,0,0
3265,Rally,None,1,-0.005,55.8097,0.8285,3.5742,-16.3857,1.5541,1.8332,-3.6133,1,Run,0,9,LowPickup,-27.1176,-33.8412,1.2751,0.7258,-11.4567,0,0.5041,0.1667,Run,0,9,-7.7253,-11.1576,1.1699,0,Great,,1.2102,-11.8477,0.5673,11.2,0.0286,0.045,8.5,2.5387,0,0
3266,Rally,None,1,-0.005,55.8346,0.8029,3.5741,-16.3598,1.4957,1.8443,-3.1055,1,Run,0,9,LowPickup,-27.9252,-32.0104,1.1903,0.7227,-11.398,0,0.4064,0,Ready,0,9,-6.778,-10.186,1.5648,0,Great,,1.1239,-11.8015,0.5673,11.2,0.0249,0.0448,8.5,1.8388,0,0
3267,Rally,None,1,-0.005,55.8562,0.7763,3.5739,-16.333,1.4567,1.8485,-2.7669,1,Run,0,9,LowPickup,-28.8601,-30.3694,1.1273,0.7212,-11.3506,8.2358,0.3236,0,Ready,0,9,-4.1769,-7.7452,0.4263,0,Great,,1.0633,-11.7691,0.5673,11.2,0.0216,0.0448,8.5,1.2051,0,0.0002
3268,Rally,None,1,-0.005,55.875,0.7488,3.5735,-16.3054,1.4178,1.8502,-2.4284,1,Run,0,9,LowPickup,-29.9711,-28.8472,1.0981,0.7057,-11.2988,2.5303,0.2551,0,Backhand prepare 0.06,0,9,-2.2331,-4.9773,0.5749,0,Great,,1.0016,-11.736,0.5673,11.2,0.0188,0.0449,8.5,0.732,0,0
3269,Rally,None,1,-0.005,55.8913,0.7184,3.5731,-16.275,1.3594,1.8479,-1.9206,1,Run,0,9,LowPickup,-31.0973,-27.9038,0.9893,0.7237,-11.2328,5.0342,0.1995,0,Backhand prepare 0.09,0,9,-1.4929,-1.862,0.6664,0,Great,,0.909,-11.6865,0.5673,11.2,0.0163,0.0439,7.3288,0.409,0,0
3270,Rally,None,1,-0.005,55.9055,0.6875,3.5725,-16.2442,1.3204,1.8432,-1.582,1,Run,0,9,LowPickup,-32.0268,-27.379,0.9166,0.7668,-11.1854,0.9022,0.1549,0,Backhand prepare 0.15,0,9,-3.1328,0.0426,0,0,Great,,0.8473,-11.6535,0.5673,11.2,0.0142,0.0414,5.776,0.2766,0,0
3271,Rally,None,1,-0.005,55.9179,0.6541,3.5719,-16.2111,1.262,1.8313,-1.0742,1,Run,0,9,LowPickup,-32.8032,-26.9882,0.8166,0.8101,-11.1248,1.427,0.1195,0,Backhand prepare 0.19,0,9,-6.5896,0.6053,2.6614,0,Great,,0.7547,-11.6039,0.5673,11.2,0.0123,0.0373,4.5522,0.3764,0,0.0001
3272,Rally,None,1,-0.005,55.9286,0.6207,3.5713,-16.178,1.223,1.8203,-0.7356,1,Run,0,9,LowPickup,-33.1401,-26.6097,0.7534,0.8311,-11.0864,0.3535,0.0918,0,Backhand prepare 0.24,0,9,-8.3415,-0.0582,1.6534,0,Great,,0.693,-11.5709,0.5673,11.2,0.0107,0.0321,3.5878,0.5194,0,0
3273,Rally,None,1,-0.005,55.9379,0.5872,3.5705,-16.1449,1.1841,1.8067,-0.3971,1,Run,0,9,LowPickup,-33.3985,-26.7679,0.6913,0.8444,-11.0542,1.4908,0.0702,0,Backhand prepare 0.28,0,9,-10.7574,-1.7676,1.2597,0,Great,,0.6313,-11.5379,0.5673,11.2,0.0093,0.0263,2.8276,0.6911,0,0
3274,Rally,None,1,-0.005,55.9316,0.5516,3.5697,-16.1097,1.1257,1.7815,0.1108,1,Run,0,9,LowPickup,-33.3681,-27.1675,0.6014,0.8477,-11.01,7.093,0.0534,0,Backhand prepare 0.32,0,9,-12.5284,-4.0638,0.201,0,Great,,0.5387,-11.4883,0.5673,11.2,-0.0064,0.0204,2.2285,0.8752,0,0
3275,Rally,None,1,-0.005,55.8818,0.5163,3.5689,-16.075,1.0867,1.7615,0.4493,1,Run,0,9,LowPickup,-33.098,-27.6756,0.5483,0.8376,-10.9866,0.1575,0.0405,0,Backhand prepare 0.37,0,9,-16.1984,-8.7046,0.7471,0,Great,,0.4785,-11.4561,0.5673,11.2,-0.0498,0.0149,1.7564,1.0288,0,0
3276,Rally,None,1,-0.005,55.7722,0.4795,3.568,-16.0389,1.0283,1.7268,0.9571,1,Run,0,9,LowPickup,-32.6361,-28.7756,0.4722,0.8215,-10.953,2.2503,0.0307,0,Backhand prepare 0.41,0,9,-19.778,-13.364,0.6383,0,Great,,0.3929,-11.4103,0.5673,11.2,-0.1096,0.0093,0.0188,1.1741,0,0
3277,Rally,None,1,-0.005,55.6327,0.4437,3.5671,-16.0038,0.9894,1.7005,1.2957,1,Run,0,9,LowPickup,-32.0474,-30.0741,0.428,0.8024,-10.937,0,0.0231,0,Backhand prepare 0.46,0,9,-25.576,-20.753,0.8724,0,Great,,0.3388,-11.3813,0.5673,11.2,-0.1395,0.0043,2.3984,1.2587,0,0
3278,Rally,None,1,-0.005,55.4672,0.409,3.5662,-15.9697,0.9504,1.6717,1.6342,1,Run,0,9,LowPickup,-31.4804,-31.0878,0.3846,0.7786,-10.9212,6.1017,0.0174,0,Backhand prepare 0.50,0,9,-33.4726,-28.3492,0.3853,0,Great,,0.2872,-11.3537,0.5673,11.2,-0.1655,0.0004,3.4793,1.2224,0,0
3279,Rally,None,1,-0.005,55.257,0.3736,3.5652,-15.9351,0.892,1.6236,2.1421,1,Run,0,9,LowPickup,-30.9466,-32.0523,0.3181,0.7694,-10.895,0.3934,0.0131,0,Backhand prepare 0.54,0,9,-43.5283,-37.1505,0.4438,0,Great,,0.2144,-11.3148,0.5673,11.2,-0.2102,-0.0024,4.3311,1.0996,0,0
3280,Rally,None,1,-0.005,55.03,0.3396,3.5642,-15.9019,0.8531,1.5884,2.4806,1,Run,0,9,LowPickup,-30.4693,-33.0792,0.2776,0.773,-10.8818,1.6159,0.0098,0,Backhand prepare 0.59,0,9,-57.0187,-50.8145,0.7904,0,Great,,0.169,-11.2904,0.5673,11.2,-0.227,-0.0039,5.7971,0.9187,0,0
3281,Rally,None,1,-0.005,54.7663,0.3055,3.5631,-15.8686,0.7947,1.5308,2.9884,1,Run,0,9,LowPickup,-30.0794,-33.8368,0.2197,0.7802,-10.8566,0.2484,0.0073,0,Backhand prepare 0.63,0,9,-63.2301,-62.1658,0,0,Great,,0.1053,-11.2564,0.5673,11.2,-0.2637,-0.0045,6.1579,0.6805,0,0
3282,Rally,None,1,-0.005,54.4928,0.2731,3.5621,-15.837,0.7557,1.4892,3.327,1,Run,0,9,LowPickup,-29.8655,-34.5567,0.1826,0.7857,-10.8401,2.0875,0.0055,0,Backhand prepare 0.69,0,9,-69.8213,-77.9171,2.7585,0,Great,,0.066,-11.2353,0.5673,11.2,-0.2735,-0.0043,7.2367,0.3952,0,0
3283,Rally,None,1,-0.005,54.2108,0.2424,3.561,-15.807,0.7168,1.4451,3.6655,1,Run,0,9,LowPickup,-29.728,-35.0107,0.1471,0.7887,-10.8232,0.7463,0.0041,0,Backhand prepare 0.72,0,9,-73.7007,-88.5609,5.0535,0,Great,,0.0291,-11.2156,0.5673,11.2,-0.282,-0.0036,7.2925,0.1312,0,0
3284,Rally,None,1,-0.005,53.8994,0.2136,3.5599,-15.7789,0.6584,1.3741,4.1734,1,Run,0,9,LowPickup,-29.6718,-35.3416,0.1186,0.7907,-10.81,0.7629,0.003,0,Backhand prepare 0.76,0,9,-73.8166,-97.1962,0.9257,0,Great,,0,-11.2,0.5673,11.2,-0.3115,-0.0027,7.3365,0.1529,0,0
3285,Rally,None,1,-0.005,53.5844,0.1886,3.5587,-15.7545,0.6194,1.3236,4.5119,1,Ready,0,9,LowPickup,-24.8482,-30.775,0.127,0.7931,-10.8296,1.232,0.0023,0,Backhand prepare 0.82,0,9,-62.6732,-105.5766,1.7708,0,Great,,0,-11.2,0.5673,11.2,-0.315,-0.0017,5.7821,0.9528,0,0
3286,Rally,None,1,-0.005,53.2441,0.1669,3.5576,-15.7334,0.561,1.2431,5.0197,1,Ready,0,9,LowPickup,-16.0818,-22.1439,0.1394,0.7967,-10.8635,1.4652,0,0,Backhand prepare 0.85,0,9,-46.5746,-110.1876,0.2877,0,Great,,0,-11.2,0.5673,11.2,-0.3402,-0.0009,4.557,2.3026,0,0
3287,Rally,None,1,-0.005,52.9042,0.1481,3.5564,-15.7151,0.5221,1.1863,5.3583,1,Ready,0,9,LowPickup,-7.9245,-13.6264,0.1429,0.8021,-10.8963,0.7873,0,0,Backhand prepare 0.91,0,9,-21.5139,-109.05,0,0,Great,,0,-11.2,0.5673,11.2,-0.34,-0.0002,3.5915,3.0272,0,0.0001
3288,Rally,None,1,-0.005,52.5644,0.1318,3.5552,-15.6992,0.4831,1.1269,5.6968,1,Ready,0,9,LowPickup,-1.8036,-7.0762,0.1097,0.8169,-10.8996,0.9066,0,0,Forehand prepare 0.95,0,9,-99.4926,-120.2145,0,0,Great,,0,-11.2,0.5673,11.2,-0.3398,0.0003,2.8306,3.2135,0,0
3289,Rally,None,1,-0.005,52.2294,0.1177,3.554,-15.6854,0.4247,1.0331,6.2047,1,Ready,0,9,LowPickup,2.3072,-2.6016,0.0739,0.8369,-10.8907,2.8849,0,0,Forehand prepare 0.98,0,9,-76.0247,-92.061,0,0,Great,,0,-11.2,0.5673,11.2,-0.335,0.0006,2.2309,2.8803,0,0.0001
3290,Rally,None,1,-0.005,51.9381,0.1055,3.5528,-15.6735,0.3858,0.9673,6.5432,1,Ready,0,9,LowPickup,4.9919,0.1861,0.0917,0.8377,-10.9011,1.7647,0,0,Forehand prepare 1.00,0,9,-51.1371,-60.6478,0,0,Great,,0,-11.2,0.5673,11.2,-0.2912,0.0008,1.7582,2.1202,0,0
3291,Rally,None,1,-0.005,51.6849,0.0949,3.5516,-15.6631,0.3274,0.864,7.051,1,Ready,0,9,LowPickup,6.6732,1.7835,0.118,0.8342,-10.9166,0.2462,0,0,Forehand prepare 1.00,1,0.1686,6.4487,-5.7376,0,0,Great,,0,-11.2,0.5673,11.2,-0.2532,0.0007,1.3857,1.1734,0,0
3292,Rally,None,1,-0.005,51.4648,0.0857,3.5503,-15.6541,0.2884,0.7919,7.3896,1,Ready,0,9,LowPickup,7.7041,2.6421,0.1237,0.8519,-10.9004,0.7294,0,0,Forehand swing,1,0.154,-23.7681,17.2486,7.1235,0,Great,,0,-11.2,0.5673,11.2,-0.2201,0.0006,1.0921,0.3323,0,0
3293,Rally,None,1,-0.005,51.2734,0.0778,3.5491,-15.6464,0.2495,0.7172,7.7281,1,Ready,0,9,LowPickup,8.4146,3.0767,0.0724,0.8669,-10.9045,0.65,0,0,Forehand swing,1,0.1393,-19.8998,27.0823,2.2093,0,Great,,0,-11.2,0.5673,11.2,-0.1914,0.0005,0.8607,0.6968,0,0.0001
3294,Rally,None,1,-0.005,51.1071,0.0709,3.5478,-15.6396,0.191,0.6005,8.236,1,Ready,0,9,LowPickup,9.0614,3.3838,0.1274,0.8477,-10.9255,0.4812,0,0,Forehand swing,1,0.1173,-19.3277,20.2588,0.1775,0,Great,,0,-11.2,0.5673,11.2,-0.1664,0.0003,0.6783,1.2713,0,0.0001
3295,Rally,None,1,-0.005,50.9624,0.0649,3.5465,-15.6338,0.1521,0.5195,8.5745,1,Ready,0,9,LowPickup,9.7287,3.6569,0.1285,0.8351,-10.9614,0.1907,0,0,Forehand swing,1,0.1026,-16.5402,14.2598,0,0,Great,,0,-11.2,0.5673,11.2,-0.1446,0.0002,0.5346,1.6303,0,0
3296,Rally,None,1,-0.005,50.8367,0.0598,3.5453,-15.6287,0.0937,0.3932,9.0823,1,Ready,0,9,LowPickup,10.4709,4.02,0.1346,0.8395,-10.9286,0.4563,0,0,Forehand swing,1,0.0806,-18.6243,-2.3286,0,0,Great,,0,-11.2,0.5673,11.2,-0.1257,0,0.4214,1.7643,0,0.0001
3297,Rally,None,1,-0.005,50.7274,0.0554,3.544,-15.6244,0.0547,0.3059,9.4209,1,Ready,0,9,LowPickup,11.3739,4.4763,0.086,0.8453,-10.9105,0.7139,0,0,Forehand swing,1,0.066,-16.9151,-7.8008,0,0,Great,,0,-11.2,0.5673,11.2,-0.1093,0,0.3321,1.7178,0,0
3298,Rally,None,1,-0.005,50.6324,0.0516,3.5427,-15.6206,0.0158,0.216,9.7594,1,Ready,0,9,LowPickup,12.565,5.0372,0.1357,0.8244,-10.9148,0.7788,0,0,Forehand swing,1,0.0513,-17.3699,-14.7151,0,0,Great,,0,-11.2,0.5673,11.2,-0.095,-0.0001,0.2617,1.5388,0,0
3299,Rally,None,1,-0.005,50.5498,0.0483,3.5414,-15.6174,-0.0426,0.1,10.2673,1,Ready,0,9,LowPickup,13.873,5.668,0.1302,0.8014,-10.937,0.7615,0,0,Forehand swing,1,0.0293,-20.6355,-28.5909,0,0,Great,,0,-11.2,0.5673,11.2,-0.0826,-0.0001,0.2063,1.2649,0,0
3300,Rally,None,1,-0.005,50.4779,0.0455,3.5401,-15.6146,-0.0789,0.1673,10.5828,1,Ready,0,9,LowPickup,15.2141,6.3513,0.12,0.7988,-10.9212,0.6531,0,0,Forehand swing,1,0.0147,-17.3404,-30.8405,0,0,Great,,0,-11.2,0.4872,11.2,-0.0718,-0.0001,0.1626,0.9408,0,0
3301,PointOver,Reaction,1,-0.005,38,0.9,1.185,-8.2,-0.1333,0.2632,11.0561,0,Ready,0,9,LowPickup,16.3583,7.0018,0.1068,0.7971,-10.91,0.5541,0,0,Forehand swing,1,-0.0083,-19.6247,-43.0045,0,0.4417,Great,,0,-11.2,0.3671,11.2,-12.4779,-0.0001,0.1281,0.5594,0,0
3302,PointOver,Reaction,1,-0.005,38,0.9,1.185,-8.2072,-0.1696,0.3238,11.3716,0,CelebratePoint,0,9,LowPickup,17.2167,7.7223,0.1145,0.7904,-10.9365,0.4125,0.023,0,SadPointLost,1,-0.025,-17.7214,-36.3453,27.3306,0.3833,Great,,0,-11.2,0.287,11.2,0,-0.0001,0.101,0,0,0
3303,PointOver,Reaction,1,-0.005,38,0.9,1.185,-8.2145,-0.2059,0.3818,11.6872,0,CelebratePoint,0,9,LowPickup,17.7793,8.2624,0.1244,0.7903,-10.9677,0.2351,0.0796,0,SadPointLost,1,-0.0417,-17.2738,-30.0893,7.985,0.325,Great,,0,-11.2,0.2069,11.2,0,-0.0001,0.0796,0.5895,0,0
3304,PointOver,Reaction,1,-0.005,38,0.9,1.185,-8.2217,-0.2604,0.4638,12.1604,0,CelebratePoint,0,9,LowPickup,17.9392,8.6901,0.1282,0.7916,-10.9665,0.14,0.1549,0,SadPointLost,1,-0.0667,-18.6998,-26.6922,2.5295,0.2667,Great,,0,-11.2,0.1419,11.2,0,0,0.0627,1.2341,0,0
3305,PointOver,Reaction,1,-0.005,38,0.9,1.185,-8.229,-0.2967,0.5152,12.476,0,CelebratePoint,0,9,LowPickup,17.8391,9.0196,0.1322,0.7942,-10.9555,0.2921,0.2385,0,SadPointLost,1,-0.0833,-14.701,-23.2307,0,0.2083,Great,,0,-11.2,0.111,11.2,0,0,0.0494,1.6888,0,0
3306,PointOver,Reaction,1,-0.005,38,0.9,1.185,-8.2362,-0.3511,0.5873,12.9493,0,CelebratePoint,0,9,LowPickup,17.5642,9.2082,0.1386,0.8022,-10.9481,0.2698,0.3239,0,SadPointLost,1,-0.1083,-14.8538,-22.4093,0,0.15,Great,,0,-11.2,0.0647,11.2,0,0,0.039,1.8692,0,0
3307,PointOver,Reaction,1,-0.005,38,0.9,1.185,-8.2435,-0.3874,0.632,13.2648,0,CelebratePoint,0,9,LowPickup,17.2566,9.2811,0.1461,0.8163,-10.9401,0.2842,0.4067,0,SadPointLost,1,-0.125,-5.2706,-16.4366,0,0.0917,Great,,0,-11.2,0.0339,11.2,0,0,0.0307,1.7467,0,0
3308,PointOver,Reaction,1,-0.005,38,0.9,1.185,-8.2507,-0.4237,0.6741,13.5803,0,CelebratePoint,0,9,LowPickup,17.0771,9.232,0.1547,0.8317,-10.934,0.2269,0.4842,0,SadPointLost,1,-0.1417,4.3295,-10.9726,0,0.0333,Great,,0,-11.2,0.003,11.2,0,0,0.0242,1.3376,0,0
3309,PointOver,Reaction,1,-0.005,38,0.9,1.185,-8.258,-0.4782,0.7323,14.0536,0,CelebratePoint,0,9,LowPickup,16.7678,8.9704,0.1614,0.8418,-10.9249,0.2013,0.5552,0,SadPointLost,1,-0.1667,20.2473,-7.4872,0,0,Great,,0,-11.2,-0.0432,11.2,0,0,0.0191,0.8829,0,0.0001
3310,PointOver,Reaction,1,-0.005,38,0.9,1.185,-8.2652,-0.5144,0.7677,14.3691,0,CelebratePoint,0,9,LowPickup,16.2428,8.4873,0.1637,0.8432,-10.9038,0.2515,0.6189,0,SadPointLost,1,-0.1833,22.9348,-5.7064,0,0,Great,,0,-11.2,-0.0741,11.2,0,0,0.015,0.4989,0,0.0001
3311,PointOver,Reaction,1,-0.005,38,0.9,1.185,-8.2725,-0.5689,0.816,14.8424,0,CelebratePoint,0,9,LowPickup,15.2881,7.6902,0.1691,0.8459,-10.8942,0.4039,0.6753,0,SadPointLost,1,-0.2083,28.0874,-7.0267,0,0,Great,,0,-11.2,-0.1204,11.2,0,0,0.0118,0.2203,0,0
3312,PointOver,Reaction,1,-0.005,38,0.9,1.185,-8.2797,-0.6052,0.8448,15.158,0,CelebratePoint,0,9,LowPickup,13.9237,6.6489,0.1812,0.8569,-10.9151,0.5728,0.7248,0,SadPointLost,1,-0.225,32.7424,-8.2125,3.32,0,Great,,0,-11.2,-0.1512,11.2,0,0,0.0093,0.4054,0,0
3313,PointOver,Reaction,1,-0.005,38,0.9,1.185,-8.287,-0.6415,0.871,15.4735,0,CelebratePoint,0,9,LowPickup,12.2038,5.4432,0.1914,0.8692,-10.9381,0.7759,0.7677,0,SadPointLost,1,-0.2417,35.3473,-10.7251,1.3011,0,Great,,0,-11.2,-0.1821,11.2,0,0,0.0074,0.7713,0,0
3314,PointOver,Reaction,1,-0.005,38,0.9,1.185,-8.2942,-0.6959,0.9054,15.9468,0,CelebratePoint,0,9,LowPickup,10.2177,4.1753,0.1959,0.8773,-10.944,1.8038,0.8046,0,SadPointLost,1,-0.2667,38.1203,-15.3515,0.136,0,Great,,0,-11.2,-0.2284,11.2,0,0,0.0058,1.1337,0,0
3315,PointOver,Reaction,1,-0.005,38,0.9,1.185,-8.3014,-0.7322,0.9249,16.2623,0,CelebratePoint,0,9,LowPickup,8.1666,2.9874,0.2068,0.8913,-10.9474,0.9583,0.8363,0,SadPointLost,1,-0.2833,38.6552,-17.2947,0.2485,0,Great,,0,-11.2,-0.2592,11.2,0,0,0.0046,1.4456,0,0
3316,PointOver,Reaction,1,-0.005,38,0.9,1.185,-8.3087,-0.7867,0.9493,16.7356,0,CelebratePoint,0,9,LowPickup,6.1729,1.959,0.2181,0.9264,-10.9593,0.9873,0.8632,0,SadPointLost,0,9,39.7792,-16.264,0.3624,0,Great,,0,-11.2,-0.3055,11.2,0,0,0.0036,1.6865,0,0
3317,PointOver,Reaction,1,-0.005,38,0.9,1.185,-8.3159,-0.823,0.9623,17.0511,0,CelebratePoint,0,9,LowPickup,4.4588,1.2092,0.2262,0.9582,-10.9735,0,0.886,0,SadPointLost,0,9,42.8961,19.1596,0.7079,0,Great,,0,-11.2,-0.3363,11.2,0,0,0.0028,1.7386,0,0
3318,PointOver,Reaction,1,-0.005,38,0.9,1.185,-8.3232,-0.8593,0.9726,17.3667,0,CelebratePoint,0,9,LowPickup,3.1276,0.7645,0.233,0.9897,-10.9863,0,0.9052,0,SadPointLost,0,9,42.0236,21.8691,0.4485,0,Great,,0,-11.2,-0.3672,11.2,0,0,0.0022,1.5567,0,0
3319,PointOver,Reaction,1,-0.005,38,0.9,1.185,-8.3304,-0.9137,0.9831,17.84,0,CelebratePoint,0,9,LowPickup,2.3793,0.6879,0.2372,1.0187,-10.9967,0,0.9214,0,SadPointLost,0,9,41.5718,26.1267,0.8518,0,Great,,0,-11.2,-0.4135,11.2,0,0,0.0018,1.0828,0,0
3320,PointOver,Reaction,1,-0.005,38,0.9,1.185,-8.3377,-0.95,0.9868,18.1555,0,CelebratePoint,0,9,LowPickup,1.9234,0.7726,0.2428,1.0613,-11.0032,0,0.9349,0,SadPointLost,0,9,42.7988,32.3221,0.531,0,Great,,0,-11.2,-0.4443,11.2,0,0,0.0014,0.7455,0,0.0001
3321,PointOver,Reaction,1,-0.005,38,0.9,1.185,-8.3449,-1.0044,0.9873,18.6288,0,CelebratePoint,0,9,LowPickup,1.6161,0.8934,0.2467,1.1282,-11.0126,0,0.9462,0,SadPointLost,0,9,45.7826,39.9118,0,0,Great,,0,-11.2,-0.4906,11.2,0,0,0.0011,1.135,0,0.0001
3322,PointOver,Reaction,1,-0.005,38,0.9,1.185,-8.3522,-1.0407,0.9844,18.9443,0,CelebratePoint,0,9,LowPickup,1.3669,0.9763,0.2528,1.2097,-11.024,0,0.9556,0,SadPointLost,0,9,50.0362,48.1139,0,0,Great,,0,-11.2,-0.5214,11.2,0,0,0.0009,1.8213,0,0
3323,PointOver,Reaction,1,-0.005,38,0.9,1.185,-8.3594,-1.077,0.9788,19.2598,0,CelebratePoint,0,9,LowPickup,1.1591,1.0028,0.2562,1.3057,-11.0446,0,0.9635,0,SadPointLost,0,9,54.9847,56.12,2.2976,0,Great,,0,-11.2,-0.5523,11.2,0,0,0.0007,2.474,0,0.0001
3324,PointOver,Reaction,1,-0.005,38,0.9,1.185,-8.3667,-1.1315,0.9655,19.7331,0,CelebratePoint,0,9,LowPickup,0.9844,0.9725,0.2581,1.4057,-11.071,0,0.9699,0,SadPointLost,0,9,60.4263,63.6786,0.8296,0,Great,,0,-11.2,-0.5986,11.2,0,0,0.0005,2.9661,0,0.0001
3325,PointOver,Reaction,1,-0.005,38,0.9,1.185,-8.3739,-1.1678,0.9533,20.0487,0,CelebratePoint,0,9,LowPickup,0.8354,0.8917,0.2568,1.5056,-11.1067,0,0.9753,0,SadPointLost,0,9,66.1909,70.655,1.1254,0,Great,,0,-11.2,-0.6294,11.2,0,0,0.0004,3.2331,0,0.0001
3326,PointOver,Reaction,1,-0.005,38,0.9,1.185,-8.3812,-1.2222,0.93,20.522,0,CelebratePoint,0,9,LowPickup,0.7069,0.7724,0.2529,1.6001,-11.1462,0,0.9798,0,SadPointLost,0,9,72.1916,77.0747,1.1402,0,Great,,0,-11.2,-0.6757,11.2,0,0,0.0003,3.2706,0,0
3327,PointOver,Reaction,1,-0.005,38,0.9,1.185,-8.3884,-1.2585,0.9112,20.8375,0,CelebratePoint,0,9,LowPickup,0.5967,0.6328,0.2442,1.6878,-11.1923,0,0.9834,0,SadPointLost,0,9,78.4466,83.0859,1.1467,0,Great,,0,-11.2,-0.7065,11.2,0,0,0.0003,3.0399,0,0
3328,PointOver,Reaction,1,-0.005,38,0.9,1.185,-8.3957,-1.2948,0.8897,21.153,0,CelebratePoint,0,9,LowPickup,0.5024,0.4885,0.2402,1.7557,-11.2292,0,0.9864,0,SadPointLost,0,9,84.9175,88.842,2.8959,0,Great,,0,-11.2,-0.7374,11.2,0,0,0.0002,2.5757,0,0
3329,PointOver,Reaction,1,-0.005,38,0.9,1.185,-8.4029,-1.3492,0.8525,21.6263,0,CelebratePoint,0,9,LowPickup,0.4223,0.3512,0.2412,1.7973,-11.2448,0,0.9889,0,SadPointLost,0,9,90.5632,93.4989,16.763,0,Great,,0,-11.2,-0.7837,11.2,0,0,0.0002,1.8884,0,0
3330,PointOver,Reaction,1,-0.005,38,0.9,1.185,-8.4101,-1.3855,0.8244,21.9418,0,CelebratePoint,0,9,LowPickup,0.3545,0.2297,0.227,1.8142,-11.2949,0,0.9909,0,SadPointLost,0,9,90.334,92.191,4.1477,0,Great,,0,-11.2,-0.8145,11.2,0,0,0.0001,1.0072,0,0
3331,PointOver,Reaction,1,-0.005,38,0.9,1.185,-8.4174,-1.44,0.7773,22.4151,0,CelebratePoint,0,9,LowPickup,0.2967,0.1302,0.2277,1.8144,-11.3052,0,0.9926,0,SadPointLost,0,9,90.1883,91.0239,1.961,0,Great,,0,-11.2,-0.8608,11.2,0,0,0.0001,0,0,0
3332,PointOver,Reaction,1,-0.005,38,0.9,1.185,-8.4246,-1.4763,0.7426,22.7307,0,CelebratePoint,0,9,LowPickup,0.2474,0.0558,0.2271,1.8071,-11.3107,0,0.994,0,SadPointLost,0,9,90.102,90.0729,0.0167,0,Great,,0,-11.2,-0.8917,11.2,0,0,0.0001,0.9716,0,0
3333,PointOver,Reaction,1,-0.005,38,0.9,1.185,-8.4319,-1.5126,0.7052,23.0462,0,CelebratePoint,0,9,LowPickup,0.2053,0.005,0.226,1.7932,-11.3104,0,0.9951,0,SadPointLost,0,9,90.0143,89.3385,0.0134,0,Great,,0,-11.2,-0.9225,11.2,0,0,0.0001,1.8196,0,0
3334,PointOver,Reaction,1,-0.005,38,0.9,1.185,-8.4391,-1.567,0.6442,23.5195,0,CelebratePoint,0,9,LowPickup,0.1694,-0.025,0.2254,1.7744,-11.3041,0,0.996,0,SadPointLost,0,9,90.0023,88.9113,0.0096,0,Great,,0,-11.2,-0.9688,11.2,0,0,0,2.4645,0,0
3335,PointOver,Reaction,1,-0.005,38,0.9,1.185,-8.4464,-1.6033,0.6002,23.835,0,CelebratePoint,0,9,LowPickup,0.139,-0.0376,0.2246,1.7519,-11.2927,0,0.9967,0,SadPointLost,0,9,89.9968,88.7124,0.005,0,Great,,0,-11.2,-0.9996,11.2,0,0,0,2.8772,0,0
3336,PointOver,Reaction,1,-0.005,38,0.9,1.185,-8.4536,-1.6577,0.5292,24.3083,0,CelebratePoint,0,9,LowPickup,0.1136,-0.037,0.2237,1.7264,-11.2772,0,0.9974,0,SadPointLost,0,9,89.9957,88.7037,0.0031,0,Great,,0,-11.2,-1.0459,11.2,0,0,0,3.0676,0,0
3337,PointOver,Reaction,1,-0.005,38,0.9,1.185,-8.4609,-1.694,0.4786,24.6238,0,CelebratePoint,0,9,LowPickup,0.0925,-0.0278,0.2708,1.697,-11.2588,0,0.9978,0,SadPointLost,0,9,89.9961,88.8356,2.2982,0,Great,,0,-11.2,-1.0768,11.2,0,0,0,3.0301,0,0
3338,PointOver,Reaction,1,-0.005,38,0.9,1.185,-8.4681,-1.7303,0.4254,24.9394,0,CelebratePoint,0,9,LowPickup,0.0716,-0.0167,0.2222,1.6729,-11.2387,0,1,0,SadPointLost,0,9,90,89.0582,13.3294,0,Great,,0,-11.2,-1.1076,11.2,0,0,0,2.8069,0,0
3339,PointOver,Reaction,1,-0.005,38,0.9,1.185,-8.4754,-1.7848,0.3405,25.4127,0,CelebratePoint,0,9,LowPickup,0.0516,-0.0057,0.2611,1.6445,-11.2123,0,1,0,SadPointLost,0,9,90,89.3208,0.0001,0,Great,,0,-11.2,-1.1539,11.2,0,0,0,2.4248,0,0.0001
3340,PointOver,Reaction,1,-0.005,38,0.9,1.185,-8.4826,-1.8211,0.2806,25.7282,0,CelebratePoint,0,9,LowPickup,0.0357,0.0054,0.26,1.621,-11.1901,0,1,0,SadPointLost,0,9,90,89.5861,0.0001,0,Great,,0,-11.2,-1.1847,11.2,0,0,0,1.9147,0,0
3341,PointOver,Reaction,1,-0.005,38,0.9,1.185,-8.4899,-1.8755,0.1858,26.2015,0,CelebratePoint,0,9,LowPickup,0,-0.0028,0.2583,1.6016,-11.172,0.1346,1,0,SadPointLost,0,9,90,89.8254,0.0001,0,Great,,0,-11.2,-1.231,11.2,0,0,0,1.3182,0,0
3342,PointOver,Reaction,1,-0.005,38,0.9,1.185,-8.4971,-1.9118,0.1193,26.517,0,CelebratePoint,0,9,LowPickup,0,0.0121,0.2576,1.5886,-11.1565,0.0192,1,0,SadPointLost,0,9,90,90.0201,4.6933,0,Great,,0,-11.2,-1.2619,11.2,0,0,0,0.6355,0,0
3343,PointOver,Reaction,1,-0.005,38,0.9,1.185,-8.5043,-1.947,0.1252,26.8225,0,CelebratePoint,0,9,LowPickup,0,0.022,0.2571,1.5821,-11.1459,0.0198,1,0,SadPointLost,0,9,90,90.1614,1.9182,0,Great,,0,-11.2,-1.3173,11.2,0,0,0,0,0,0
3344,PointOver,Reaction,1,-0.005,38,0.9,1.185,-8.5116,-1.9979,0.1966,27.2657,0,CelebratePoint,0,9,LowPickup,0,0.0294,0.2567,1.5805,-11.1396,0.0002,1,0,SadPointLost,0,9,83,83.2485,1.2012,0,Great,,0,-11.2,-1.4375,11.2,0,0,0,0.6355,0,0
3345,PointOver,Reaction,1,-0.005,38,0.9,1.185,-8.5188,-2.0319,0.2409,27.5612,0,CelebratePoint,0,9,LowPickup,0,0.0318,0.2565,1.5806,-11.1363,0.0002,1,0,SadPointLost,0,9,76,76.2863,1.172,0,Great,,0,-11.2,-1.5175,11.2,0,0,0,1.0483,0,0
3346,PointOver,Reaction,1,-0.005,38,0.9,1.185,-8.5261,-2.0829,0.3022,28.0043,0,CelebratePoint,0,9,LowPickup,0,0.0302,0.2564,1.5807,-11.1349,0.0001,1,0,SadPointLost,0,9,69,69.2839,1.8254,0,Great,,0,-11.2,-1.6025,11.2,0,0,0,1.2379,0,0
3347,PointOver,Reaction,1,-0.005,38,0.9,1.185,-8.5333,-2.1169,0.3397,28.2998,0,CelebratePoint,0,9,LowPickup,0,0.0258,0.2565,1.5812,-11.1353,0.0002,1,0,SadPointLost,0,9,76,76.2522,15.7683,0,Great,,0,-11.2,-1.6314,11.2,0,0,0,1.2561,0,0
3348,PointOver,Reaction,1,-0.005,38,0.9,1.185,-8.5406,-2.1509,0.3746,28.5953,0,CelebratePoint,0,9,LowPickup,0,0.0198,0.2566,1.5821,-11.1371,0.0002,1,0,SadPointLost,0,9,83,83.202,1.1723,0,Great,,0,-11.2,-1.6603,11.2,0,0,0,1.1453,0,0.0003
3349,PointOver,Reaction,1,-0.005,38,0.9,1.185,-8.5478,-2.2019,0.4218,29.0385,0,CelebratePoint,0,9,LowPickup,0,0.0133,0.2567,1.5834,-11.1399,0.0003,1,0,SadPointLost,0,9,90,90.1437,1.1722,0,Great,,0,-11.2,-1.7036,11.2,0,0,0,0.9512,0,0.0001
3350,PointOver,Reaction,1,-0.005,38,0.9,1.185,-8.5551,-2.2358,0.4499,29.3339,0,CelebratePoint,0,9,LowPickup,0,0.0071,0.2569,1.5848,-11.1433,0.0003,1,0,SadPointLost,0,9,90,90.0854,0.0001,0,Great,,0,-11.2,-1.7325,11.2,0,0,0,0.7155,0,0
3351,PointOver,Reaction,1,-0.005,38,0.9,1.185,-8.5623,-2.2868,0.487,29.7771,0,CelebratePoint,0,9,LowPickup,0,0.0017,0.2571,1.5863,-11.1468,0.0003,1,0,SadPointLost,0,9,90,90.0334,4.4301,0,Great,,0,-11.2,-1.7759,11.2,0,0,0,0.4748,0,0.0002
3352,PointOver,Reaction,1,-0.005,38,0.9,1.185,-8.5696,-2.3208,0.5084,30.0726,0,CelebratePoint,0,9,LowPickup,0,-0.0024,0.2573,1.5879,-11.1502,0.0004,1,0,SadPointLost,0,9,90,89.9916,2.6894,0,Great,,0,-11.2,-1.8048,11.2,0,0,0,0.2533,0,0.0004
3353,PointOver,Reaction,1,-0.005,38,0.9,1.185,-8.5768,-2.3548,0.5271,30.368,0,CelebratePoint,0,9,LowPickup,0,-0.0052,0.2575,1.5895,-11.1534,0.0004,1,0,SadPointLost,0,9,90,89.9616,13.0782,0,Great,,0,-11.2,-1.8336,11.2,0,0,0,0,0,0.0005
3354,PointOver,Reaction,1,-0.005,38,0.9,1.185,-8.5841,-2.4058,0.55,30.8112,0,CelebratePoint,0,9,LowPickup,0,-0.0067,0.2576,1.5911,-11.1562,0.0004,1,0,SadPointLost,0,9,90,89.9435,0.0002,0,Great,,0,-11.2,-1.877,11.2,0,0,0,0,0,0.0002
3355,PointOver,Reaction,1,-0.005,38,0.9,1.185,-8.5913,-2.4398,0.562,31.1067,0,CelebratePoint,0,9,LowPickup,0,-0.0078,0.2577,1.5926,-11.1586,0.0005,1,0,SadPointLost,0,9,90,89.9362,0.0002,0,Great,,0,-11.2,-1.9059,11.2,0,0,0,0,0,0.0001
3356,PointOver,Reaction,1,-0.005,38,0.9,1.185,-8.5986,-2.4907,0.5749,31.5499,0,CelebratePoint,0,9,LowPickup,0,-0.0078,0.2578,1.5942,-11.1606,0.0004,1,0,SadPointLost,0,9,90,89.9375,0.0002,0,Great,,0,-11.2,-1.9492,11.2,0,0,0,0,0,0.0002
3357,PointOver,Reaction,1,-0.005,38,0.9,1.185,-8.6058,-2.5247,0.5801,31.8453,0,CelebratePoint,0,9,LowPickup,0,-0.007,0.2579,1.5958,-11.1624,0.0004,1,0,SadPointLost,0,9,90,89.9451,0.0001,0,Great,,0,-11.2,-1.9781,11.2,0,0,0,0,0,0.0001
3358,PointOver,Reaction,1,-0.005,38,0.9,1.185,-8.613,-2.5587,0.5826,32.1408,0,CelebratePoint,0,9,LowPickup,0,-0.0057,0.2579,1.5974,-11.1639,0.0004,1,0,SadPointLost,0,9,90,89.9565,0.0001,0,Great,,0,-11.2,-2.007,11.2,0,0,0,0,0,0.0002
3359,PointOver,Reaction,1,-0.005,38,0.9,1.185,-8.6203,-2.6097,0.5813,32.584,0,CelebratePoint,0,9,LowPickup,0,-0.0047,0.258,1.599,-11.1654,0.0004,1,0,SadPointLost,0,9,90,89.9696,2.0222,0,Great,,0,-11.2,-2.0503,11.2,0,0,0,0,0,0.0003
3360,PointOver,Reaction,1,-0.005,38,0.9,1.185,-8.6275,-2.6437,0.5771,32.8794,0,CelebratePoint,0,9,LowPickup,0,-0.0039,0.258,1.6007,-11.1668,0.0004,1,0,SadPointLost,0,9,90,89.9824,12.7111,0,Great,,0,-11.2,-2.0792,11.2,0,0,0,0,0,0.0002
3361,PointOver,Reaction,1,-0.005,38,0.9,1.185,-8.6348,-2.6947,0.5658,33.3226,0,CelebratePoint,0,9,LowPickup,0,-0.003,0.2581,1.6023,-11.1682,0.0004,1,0,SadPointLost,0,9,90,89.9937,0.0001,0,Great,,0,-11.2,-2.1225,11.2,0,0,0,0,0,0.0001
3362,PointOver,Reaction,1,-0.005,38,0.9,1.185,-8.642,-2.7287,0.5548,33.6181,0,CelebratePoint,0,9,LowPickup,-0.0126,-0.0082,0.2576,1.6043,-11.1706,0.0067,1,0,SadPointLost,0,9,90,90.0027,0.0001,0,Great,,0,-11.2,-2.1514,11.2,0,0,0,0,0,0.0002
3363,PointOver,Reaction,1,-0.005,38,0.9,1.185,-8.6493,-2.7626,0.5412,33.9136,0,CelebratePoint,0,9,LowPickup,0,-0.0001,0.2582,1.6057,-11.1713,0.006,1,0,SadPointLost,0,9,90,90.0091,0.0001,0,Great,,0,-11.2,-2.1803,11.2,0,0,0,0,0,0.0001
3364,PointOver,Reaction,1,-0.005,38,0.9,1.185,-8.6565,-2.8136,0.5157,34.3568,0,CelebratePoint,0,9,LowPickup,0.1115,0.0564,0.2628,1.6051,-11.1657,0.0557,1,0,SadPointLost,0,9,90,90.0129,0.0001,0,Great,,0,-11.2,-2.2236,11.2,0,0,0,0,0,0.0001
3365,PointOver,Reaction,1,-0.005,38,0.9,1.185,-8.6638,-2.8476,0.4953,34.6522,0,CelebratePoint,0,9,LowPickup,0.3722,0.1788,0.2357,1.606,-11.162,0.1303,1,0,SadPointLost,0,9,90,90.0142,4.3365,0,Great,,0,-11.2,-2.2525,11.2,0,0,0,0,0,0.0001
3366,PointOver,Reaction,1,-0.005,38,0.9,1.185,-8.671,-2.8986,0.4597,35.0954,0,CelebratePoint,0,9,LowPickup,0.8122,0.3704,0.254,1.6001,-11.136,0.2205,1,0,SadPointLost,0,9,90,90.0138,2.0222,0,Great,,0,-11.2,-2.2959,11.2,0,0,0,0.3403,0,0.0001
3367,PointOver,Reaction,1,-0.005,38,0.9,1.185,-8.6783,-2.9326,0.4326,35.3909,0,CelebratePoint,0,9,LowPickup,1.3874,0.5945,0.2766,1.5872,-11.1019,0.2868,1,0,SadPointLost,0,9,90,90.012,12.7111,0,Great,,0,-11.2,-2.3248,11.2,0,0,0,0.5828,0,0.0001
3368,PointOver,Reaction,1,-0.005,38,0.9,1.185,-8.6855,-2.9666,0.4028,35.6863,0,CelebratePoint,0,9,LowPickup,2.0855,0.8339,0.3026,1.5661,-11.0615,0.3492,1,0,SadPointLost,0,9,90,90.0094,0.0002,0,Great,,0,-11.2,-2.3536,11.2,0,0,0,0.8309,0,0
3369,PointOver,Reaction,1,-0.005,38,0.9,1.185,-8.6928,-3.0175,0.3531,36.1295,0,CelebratePoint,0,9,LowPickup,2.8838,1.0695,0.329,1.5353,-11.0173,0.3996,1,0,SadPointLost,0,9,90,90.0064,0.0001,0,Great,,0,-11.2,-2.397,11.2,0,0,0,1.0624,0,0.0002
3370,PointOver,Reaction,1,-0.005,38,0.9,1.185,-8.7,-3.0515,0.3166,36.425,0,CelebratePoint,0,9,LowPickup,3.7594,1.2864,0.3536,1.4937,-10.9721,0.4387,1,0,SadPointLost,0,9,90,90.0036,0.0001,0,Great,,0,-11.2,-2.4259,11.2,0,0,0,1.2524,0,0.0001
3371,PointOver,Reaction,1,-0.005,38,-3.3692,1.185,8.2072,-3.1025,0.2567,36.8682,0,CelebratePoint,0,9,LowPickup,4.7001,1.4793,0.3739,1.4412,-10.9285,0.4735,1,0,SadPointLost,0,9,90,90.0011,1.7333,0,Great,,0,-11.2,-2.4692,11.2,0,0,0,1.3943,0,0.0002
3372,PointOver,Reaction,1,-0.005,38,-3.3981,1.185,8.2145,-3.1365,0.2135,37.1637,0,CelebratePoint,0,9,LowPickup,5.6759,1.6373,0.3877,1.3794,-10.8894,0.4817,1,0,SadPointLost,0,9,89.9874,89.9929,11.2651,0,Great,,0,-11.2,-2.4981,11.2,0,0,0,1.4751,0,0.0001
3373,PointOver,Reaction,1,-0.005,38,-3.427,1.185,8.2217,-3.1705,0.1675,37.4591,0,CelebratePoint,0,9,LowPickup,6.6745,1.7623,0.3934,1.3102,-10.8575,0.4913,1,0,SadPointLost,0,9,90,89.9988,10.4042,0,Great,,0,-11.2,-2.527,11.2,0,0,0,1.4998,0,0.0002
3374,PointOver,Reaction,1,-0.005,38,-3.4703,1.185,8.229,-3.2215,0.1,37.9023,0,CelebratePoint,0,9,LowPickup,7.6733,1.8523,0.3904,1.2369,-10.8337,0.4987,1,0,SadPointLost,0,9,90.1116,90.0537,0.0559,0,Great,,0,-11.2,-2.5703,11.2,0,0,0,1.4698,0,0.0001
3375,PointOver,Reaction,1,-0.005,38,-3.5504,1.185,8.2362,-3.2534,0.1369,38.1796,0,CelebratePoint,0,9,LowPickup,8.6489,1.9073,0.3793,1.1635,-10.819,0.4891,1,0,SadPointLost,0,9,90.3722,90.1752,0.1298,0,Great,,0,-11.2,-2.6504,11.2,0,0,0,1.3887,0,0.0001
3376,PointOver,Reaction,1,-0.005,38,-3.6705,1.185,8.2435,-3.3012,0.1871,38.5955,0,CelebratePoint,0,9,LowPickup,9.5898,1.9336,0.3609,1.093,-10.813,0.4715,1,0,SadPointLost,0,9,83.8122,83.3663,1.2392,0,Great,,0,-11.2,-2.7705,11.2,0,0,0,1.2685,0,0.0001
3377,PointOver,Reaction,1,-0.005,38,-3.7016,1.185,8.2507,-3.3331,0.2171,38.8727,0,CelebratePoint,0,9,LowPickup,10.4653,1.9279,0.3379,1.0292,-10.8144,0.4403,1,0,SadPointLost,0,9,77.3873,76.5901,2.9743,0,Great,,0,-11.2,-2.8016,11.2,0,0,0,1.1106,0,0.0001
3378,PointOver,Reaction,1,-0.005,38,-3.7287,1.185,8.258,-3.365,0.2445,39.15,0,CelebratePoint,0,9,LowPickup,11.2636,1.8966,0.3121,0.9741,-10.8213,0.4007,1,0,SadPointLost,0,9,85.0855,83.8295,17.6295,0,Great,,0,-11.2,-2.8287,11.2,0,0,0,0.9262,0,0.0001
3379,PointOver,Reaction,1,-0.005,38,-3.7693,1.185,8.2652,-3.4128,0.2805,39.5658,0,CelebratePoint,0,9,LowPickup,11.9618,1.8398,0.2866,0.9288,-10.8313,0.3422,1,0,SadPointLost,0,9,92.8838,91.065,1.0502,0,Great,,0,-11.2,-2.8693,11.2,0,0,0,0.7176,0,0
3380,PointOver,Reaction,1,-0.005,38,-3.7964,1.185,8.2725,-3.4447,0.301,39.8431,0,CelebratePoint,0,9,LowPickup,12.5368,1.7568,0.2634,0.8943,-10.8424,2.4646,1,0,SadPointLost,0,9,93.7594,91.2818,0.1333,0,Great,,0,-11.2,-2.8964,11.2,0,0,0,0.4894,0,0
3381,PointOver,Reaction,1,-0.005,38,-3.8371,1.185,8.2797,-3.4926,0.3268,40.259,0,CelebratePoint,0,9,LowPickup,12.9769,1.6518,0.2446,0.8691,-10.8523,0.7626,1,0,SadPointLost,0,9,94.7001,91.4748,0.1433,0,Great,,0,-11.2,-2.9371,11.2,0,0,0,0.2502,0,0
3382,PointOver,Reaction,1,-0.005,38,-3.8642,1.185,8.287,-3.5245,0.3406,40.5362,0,CelebratePoint,0,9,LowPickup,13.2248,1.5056,0.2342,0.856,-10.858,0.1247,1,0,SadPointLost,0,9,95.6759,91.6331,0.1586,0,Great,,0,-11.2,-2.9642,11.2,0,0,0,0,0,0
3383,PointOver,Reaction,1,-0.005,38,-3.8913,1.185,8.2942,-3.5563,0.3517,40.8135,0,Ready,0,9,LowPickup,13.1906,1.3516,0.2337,0.8555,-10.858,0.0049,0.9555,0,SadPointLost,0,9,96.6745,91.7584,3.7801,0,Great,,0,-11.2,-2.9913,11.2,0,0,0,0.2613,0,0
3384,PointOver,Reaction,1,-0.005,38,-3.932,1.185,8.3014,-3.6042,0.3633,41.2293,0,Ready,0,9,LowPickup,12.9985,1.1356,0.2336,0.8563,-10.8598,0.0152,0.856,0,SadPointLost,0,9,97.6733,91.8491,3.8852,0,Great,,0,-11.2,-3.032,11.2,0,0,0,0.4273,0,0
3385,PointOver,Reaction,1,-0.005,38,-3.9591,1.185,8.3087,-3.6361,0.3676,41.5066,0,Ready,0,9,LowPickup,12.5021,0.7678,0.2345,0.8618,-10.8646,0.036,0.7361,0,SadPointLost,0,9,98.6489,91.9049,23.4299,0,Great,,0,-11.2,-3.0591,11.2,0,0,0,0.5476,0,0
3386,PointOver,Reaction,1,-0.005,38,-3.9998,1.185,8.3159,-3.6839,0.369,41.9225,0,Ready,0,9,LowPickup,11.6357,0.1758,0.2384,0.8776,-10.8734,0.079,0.6155,0,SadPointLost,0,9,99.5898,91.932,0.4715,0,Great,,0,-11.2,-3.0998,11.2,0,0,0,0.5927,0,0
3387,PointOver,Reaction,1,-0.005,38,-4.0269,1.185,8.3232,-3.7158,0.3665,42.1997,0,Ready,0,9,LowPickup,10.4644,-0.6106,0.2504,0.9119,-10.8817,0.1542,0.5041,0,SadPointLost,0,9,100.4653,91.9272,0.4405,0,Great,,0,-11.2,-3.1269,11.2,0,0,0,0.6346,0,0
3388,PointOver,Reaction,1,-0.005,38,-4.054,1.185,8.3304,-3.7477,0.3614,42.477,0,Ready,0,9,LowPickup,9.2587,-1.404,0.2775,0.993,-10.8854,0.2089,0.4064,0,SadPointLost,0,9,101.2636,91.8969,0.4008,0,Great,,0,-11.2,-3.154,11.2,0,0,0,0.6466,0,0
3389,PointOver,Reaction,1,-0.005,38,-4.0946,1.185,8.3377,-3.7955,0.3485,42.8929,0,Ready,0,9,LowPickup,8.2129,-2.021,0.2902,1.063,-10.8892,0.3068,0.3236,0,SadPointLost,0,9,101.9618,91.8408,1.6501,0,Great,,0,-11.2,-3.1946,11.2,0,0,0,0.6519,0,0.0003
3390,PointOver,Reaction,1,-0.005,38,-4.1217,1.185,8.3449,-3.8274,0.3366,43.1701,0,Ready,0,9,LowPickup,7.4698,-2.2475,0.2536,0.962,-10.8359,0.4129,0.2551,0,SadPointLost,0,9,102.5367,91.7581,11.0437,0,Great,,0,-11.2,-3.2217,11.2,0,0,0,0.6784,0,0.0001
3391,PointOver,Reaction,1,-0.005,38,-4.1624,1.185,8.3522,-3.8753,0.3136,43.586,0,Ready,0,9,LowPickup,7.0318,-2.0687,0.1761,0.8253,-10.8636,0.396,0.1995,0,SadPointLost,0,9,102.9769,91.6534,0.2211,0,Great,,0,-11.2,-3.2624,11.2,0,0,0,0.6951,0,0.0002
3392,PointOver,Reaction,1,-0.005,38,-4.1895,1.185,8.3594,-3.9072,0.2948,43.8632,0,Ready,0,9,LowPickup,6.7703,-1.5328,0.1895,0.8125,-10.8754,0.3115,0.1549,0,SadPointLost,0,9,103.2374,91.5133,0.1311,0,Great,,0,-11.2,-3.2895,11.2,0,0,0,0.7126,0,0.0001
3393,PointOver,Reaction,1,-0.005,38,-4.2166,1.185,8.3667,-3.9391,0.2734,44.1405,0,Ready,0,9,LowPickup,6.6666,-0.7417,0.182,0.8241,-10.8902,1.2749,0.1195,0,Run,0,9,103.1393,91.3758,0.0688,0,Great,,0,-11.2,-3.3166,11.2,0,0,0,0.7034,0,0.0002
3394,PointOver,Reaction,1,-0.005,38,-4.2573,1.185,8.3739,-3.9869,0.2361,44.5564,0,Ready,0,9,LowPickup,6.6559,0.1499,0.1892,0.8278,-10.8988,0,0.0918,0,Run,0,9,102.756,91.3667,0.2326,0,Great,,0,-11.2,-3.3573,11.2,0,0,0,0.6519,0,0.0002
3395,PointOver,Reaction,1,-0.005,38,-4.2844,1.185,8.3812,-4.0188,0.2079,44.8336,0,Ready,0,9,LowPickup,6.7074,1.0666,0.1935,0.8282,-10.9054,0,0.0702,0,Run,0,9,101.942,91.2011,2.018,0,Great,,0,-11.2,-3.3844,11.2,0,0,0,0.5934,0,0.0001
3396,PointOver,Reaction,1,-0.005,38,-4.3251,1.185,8.3884,-4.0666,0.1605,45.2495,0,Ready,0,9,LowPickup,6.785,1.8945,0.1899,0.8201,-10.9165,0,0.0534,0,Run,0,9,100.5598,90.9431,12.0153,0,Great,,0,-11.2,-3.4251,11.2,0,0,0,0.542,0,0.0004
3397,PointOver,Reaction,1,-0.005,38,-4.3522,1.185,8.3957,-4.0985,0.1255,45.5268,0,Ready,0,9,LowPickup,6.8628,2.6026,0.1751,0.815,-10.9174,0,0.0405,0,Run,0,9,98.6755,90.609,1.0789,0,Great,,0,-11.2,-3.4522,11.2,0,0,0,0.5363,0,0.0004
3398,PointOver,Reaction,1,-0.005,38,-4.3793,1.185,8.4029,-4.1304,0.1,45.804,0,Ready,0,9,LowPickup,6.9356,3.1525,0.1318,0.8355,-10.8842,0,0.0307,0,Run,0,9,96.4273,90.2286,0.7924,0,Great,,0,-11.2,-3.4793,11.2,0,0,0,0.5703,0,0.0003
3399,PointOver,Reaction,1,-0.005,38,-4.4994,1.185,8.4101,-4.1753,0.1407,46.1946,0,Ready,0,9,LowPickup,6.94,3.5215,0.1232,0.8718,-10.833,0.4961,0.0231,0,Run,0,9,93.9649,89.8327,0.8878,0,Great,,0,-11.2,-3.5994,11.2,0,0,0,0.6236,0,0.0003
3400,PointOver,Reaction,1,-0.005,38,-4.5418,1.185,8.4174,-4.2053,0.1645,46.455,0,Ready,0,9,LowPickup,6.7646,3.673,0.1443,0.8183,-10.885,0.4423,0.0174,0,Run,0,9,88.9135,86.9437,0,0,Great,,0,-11.2,-3.6418,11.2,0,0,0,0.653,0,0.0003
3401,PointOver,Reaction,1,-0.005,38,-4.58,1.185,8.4246,-4.2502,0.195,46.8457,0,Ready,0,9,LowPickup,6.5791,3.6884,0.1954,0.7899,-10.9185,0.1909,0.0131,0,Run,0,9,97.8178,97.7069,0,0,Great,,0,-11.2,-3.68,11.2,0,0,0,0.6676,0,0.0002
3402,PointOver,Reaction,1,-0.005,38,-4.6054,1.185,8.4319,-4.2802,0.212,47.1061,0,Ready,0,9,LowPickup,6.5434,3.5866,0.2036,0.7841,-10.9193,0.5568,0.0098,0,Run,0,9,96.2333,97.6502,0,0,Great,,0,-11.2,-3.7054,11.2,0,0,0,0.6913,0,0.0002
3403,PointOver,Reaction,1,-0.005,38,-4.6309,1.185,8.4391,-4.3102,0.2263,47.3665,0,Ready,0,9,LowPickup,6.5765,3.4942,0.2001,0.78,-10.9119,0.7242,0.0073,0,Run,0,9,93.584,96.2178,0,0,Great,,0,-11.2,-3.7309,11.2,0,0,0,0.6767,0,0.0007
3404,PointOver,Reaction,1,-0.005,38,-4.6691,1.185,8.4464,-4.3551,0.2425,47.7571,0,Ready,0,9,LowPickup,6.6341,3.5669,0.1996,0.769,-10.9086,0.619,0.0055,0,Run,0,9,91.0283,94.526,0,0,Great,,0,-11.2,-3.7691,11.2,0,0,0,0.5662,0,0.0005
3405,PointOver,Reaction,1,-0.005,38,-4.6946,1.185,8.4536,-4.385,0.25,48.0175,0,Ready,0,9,LowPickup,6.7676,3.7873,0.2243,0.7572,-10.9054,0.4815,0.0041,0,Run,0,9,89.0729,93.0756,0,0,Great,,0,-11.2,-3.7946,11.2,0,0,0,0.4361,0,0.0004
3406,PointOver,Reaction,1,-0.005,38,-4.7327,1.185,8.4609,-4.43,0.256,48.4082,0,Ready,0,9,LowPickup,6.9788,4.1898,0.1969,0.7501,-10.9312,0.3449,0.003,0,Run,0,9,87.8742,92.0199,0,0,Great,,0,-11.2,-3.8327,11.2,0,0,0,0.3643,0,0.0002
3407,PointOver,Reaction,1,-0.005,38,-4.7582,1.185,8.4681,-4.4599,0.2567,48.6686,0,Ready,0,9,LowPickup,7.3026,4.7813,0.1957,0.7504,-10.9542,0.2572,0.0023,0,Run,0,9,87.3835,91.3316,2.2885,0,Great,,0,-11.2,-3.8582,11.2,0,0,0,0.4335,0,0.0002
3408,PointOver,Reaction,1,-0.005,38,-4.7837,1.185,8.4754,-4.4899,0.2546,48.929,0,Ready,0,9,LowPickup,7.7361,5.5947,0.1968,0.7555,-10.9654,0.1005,0,0,Run,0,9,87.3226,90.892,0.2636,0,Great,,0,-11.2,-3.8837,11.2,0,0,0,0.5635,0,0.0004
3409,PointOver,Reaction,1,-0.005,38,-4.8219,1.185,8.4826,-4.5348,0.2464,49.3196,0,Ready,0,9,LowPickup,8.4059,6.5585,0.1935,0.7593,-10.9671,0.1805,0,0,Run,0,9,87.6446,90.6429,0.1231,0,Great,,0,-11.2,-3.9219,11.2,0,0,0,0.6352,0,0.0003
3410,PointOver,Reaction,1,-0.005,38,-4.8473,1.185,8.4899,-4.5648,0.2375,49.58,0,Ready,0,9,LowPickup,9.5168,7.5959,0.1767,0.7626,-10.953,0.1014,0,0,Run,0,9,88.3651,90.5522,0.2643,0,Great,,0,-11.2,-3.9473,11.2,0,0,0,0.5413,0,0.0003
3411,PointOver,Reaction,1,-0.005,38,-4.8855,1.185,8.4971,-4.6097,0.2191,49.9706,0,Ready,0,9,LowPickup,10.8063,8.6486,0.1592,0.7697,-10.9417,0.2468,0,0,Run,0,9,89.3109,90.5519,0,0,Great,,0,-11.2,-3.9855,11.2,0,0,0,0.4667,0,0.0003
3412,PointOver,Reaction,1,-0.005,38,-4.911,1.185,8.5043,-4.6397,0.2035,50.231,0,Ready,0,9,LowPickup,12.1754,9.6934,0.1495,0.7768,-10.9454,0.4785,0,0,Run,0,9,90.2139,90.5622,0,0,Great,,0,-11.2,-4.011,11.2,0,0,0,0.4508,0,0.0008
3413,PointOver,Reaction,1,-0.005,38,-4.9364,1.185,8.5116,-4.6696,0.1851,50.4915,0,Ready,0,9,LowPickup,13.3631,10.5738,0.1461,0.7844,-10.9524,0.4799,0,0,Run,0,9,91.1658,90.6019,0,0,Great,,0,-11.2,-4.0364,11.2,0,0,0,0.4773,0,0.0002
3414,PointOver,Reaction,1,-0.005,38,-4.9746,1.185,8.5188,-4.7146,0.1524,50.8821,0,Ready,0,9,LowPickup,14.0831,11.1886,0.1551,0.7976,-10.9572,0.6001,0,0,Run,0,9,92.2631,90.694,0,0,Great,,0,-11.2,-4.0746,11.2,0,0,0,0.4264,0,0.0004
3415,PointOver,Reaction,1,-0.005,38,-5.0001,1.185,8.5261,-4.7445,0.1272,51.1425,0,Ready,0,9,LowPickup,14.3623,11.4672,0.164,0.8078,-10.9639,0.3546,0,0,Run,0,9,93.2339,90.7383,1.2379,0,Great,,0,-11.2,-4.1001,11.2,0,0,0,0.3265,0,0.0003
3416,PointOver,Reaction,1,-0.005,38,-5.0656,1.185,8.5333,-4.7885,0.1106,51.5253,0,Ready,0,9,LowPickup,14.0482,11.274,0.1654,0.8066,-10.9778,0.3421,0,0,Run,0,9,94.05,90.8049,0.3444,0,Great,,0,-11.2,-4.1656,11.2,0,0,0,0.2334,0,0.0003
3417,PointOver,Reaction,1,-0.005,38,-5.1303,1.185,8.5406,-4.8167,0.1298,51.77,0,Ready,0,9,LowPickup,13.4054,10.7425,0.1541,0.8066,-10.9787,0.4713,0,0,Run,0,9,92.6022,89.0484,0.8621,0,Great,,0,-11.2,-4.2303,11.2,0,0,0,0.2198,0,0.0002
3418,PointOver,Reaction,1,-0.005,38,-5.1542,1.185,8.5478,-4.8448,0.1463,52.0147,0,Ready,0,9,LowPickup,12.5845,9.8912,0.1073,0.8299,-10.9396,1.0676,0,0,Run,0,9,95.2324,91.5981,0.8429,0,Great,,0,-11.2,-4.2542,11.2,0,0,0,0.1591,0,0.0002
3419,PointOver,Reaction,1,-0.005,38,-5.1901,1.185,8.5551,-4.8871,0.1659,52.3817,0,Ready,0,9,LowPickup,11.7423,8.8539,0.0688,0.8576,-10.9113,4.8819,0,0,Run,0,9,106.3525,102.5746,1.546,0,Great,,0,-11.2,-4.2901,11.2,0,0,0,0,0,0.0001
3420,PointOver,Reaction,1,-0.005,38,-5.214,1.185,8.5623,-4.9152,0.1755,52.6264,0,Ready,0,9,LowPickup,11.0937,7.7091,0.0909,0.8434,-10.9198,0.6662,0,0,Run,0,9,111.519,107.4158,0.8859,0,Great,,0,-11.2,-4.314,11.2,0,0,0,0.2382,0,0.0004
3421,OpponentServe,Reaction,1,-0.005,38,-5.1979,1.185,8.6029,-4.3779,0.695,10.9333,0,Ready,0,9,LowPickup,10.5783,6.5616,2.0688,0.8307,-10.934,2.6745,0,0,Run,0,9,108.0031,103.6449,0.422,0,Great,,1.95,-11.2,-4.2979,11.2333,0,0,0,0.5269,0,0.0002
3422,OpponentServe,Reaction,1,-0.005,38,-5.1579,1.185,8.6435,-4.3007,0.695,10.9592,0,Ready,0,9,LowPickup,10.1833,5.5305,2.044,0.8469,-10.92,0,0,0,Serve prepare 1.00,0,9,89.7087,90.5395,3.0201,0,Great,,1.95,-11.2,-4.2579,11.2667,0,0,0,0.7483,0,0.0001
3423,OpponentServe,Reaction,1,-0.005,38,-5.0778,1.185,8.7174,-4.1828,0.695,11.0229,0,Ready,0,9,LowPickup,9.9815,4.6812,2.0209,0.8606,-10.912,0,0,0,Serve prepare 0.96,0,9,69.7332,75.587,3.7703,0,Great,,1.95,-11.2,-4.1778,11.3333,0,0,0,0.8987,0,0.0001
3424,OpponentServe,Reaction,1,-0.005,38,-5.0378,1.185,8.758,-4.1049,0.695,11.0579,0,Ready,0,9,LowPickup,10.0504,4.1382,2.0493,0.8452,-10.94,0,0,0,Serve prepare 0.87,0,9,55.0838,64.1259,0,0,Great,,1.95,-11.2,-4.1378,11.3667,0,0,0,0.9562,0,0.0001
3425,OpponentServe,Reaction,1,-0.005,38,-4.9577,1.185,8.8319,-3.9875,0.695,11.1309,0,Ready,0,9,LowPickup,10.3519,3.8709,2.078,0.8319,-10.967,0,0,0,Serve prepare 0.83,0,9,46.089,60.537,0,0,Great,,1.95,-11.2,-4.0577,11.4333,0,0,0,0.9449,0,0
3426,OpponentServe,Reaction,1,-0.005,38,-4.9176,1.185,8.8725,-3.9111,0.695,11.175,0,Ready,0,9,LowPickup,10.8631,3.9176,2.0567,0.8356,-10.9395,0,0,0,Serve prepare 0.75,0,9,-39.5794,-21.671,21.6601,0,Great,,1.95,-11.2,-4.0176,11.4667,0,0,0,0.8802,0,0
3427,OpponentServe,Reaction,1,-0.005,38,-4.8375,1.185,8.9464,-3.7963,0.695,11.2569,0,Ready,0,9,LowPickup,11.6208,4.2179,2.0347,0.8407,-10.9136,0,0,0,Serve prepare 0.71,0,9,-67.8535,-47.6389,6.943,0,Great,,1.95,-11.2,-3.9375,11.5333,0,0,0,0.7868,0,0
3428,OpponentServe,Reaction,1,-0.005,38,-4.7975,1.185,8.987,-3.7236,0.695,11.3095,0,Ready,0,9,LowPickup,12.7209,4.7347,2.0563,0.8203,-10.9242,0,0,0,Serve prepare 0.62,0,9,-96.8567,-75.183,12.9829,0,Great,,1.95,-11.2,-3.8975,11.5667,0,0,0,0.6704,0,0
3429,OpponentServe,Reaction,1,-0.005,38,-4.7174,1.185,9.0609,-3.6134,0.695,11.3993,0,Ready,0,9,LowPickup,13.959,5.3874,2.08,0.7995,-10.9399,9.0494,0,0,Serve prepare 0.58,0,9,-125.8947,-103.0962,3.2413,0,Great,,1.95,-11.2,-3.8174,11.6333,0,0,0,0.5406,0,0
3430,OpponentServe,Reaction,1,-0.005,38,-4.6774,1.185,9.1015,-3.5464,0.695,11.4592,0,Ready,0,9,LowPickup,15.214,6.0952,2.0696,0.7954,-10.9241,0.8702,0,0,Serve prepare 0.50,0,9,-153.5826,-130.1772,0,0,Great,,1.95,-11.2,-3.7774,11.6667,0,0,0,0.4061,0,0
3431,OpponentServe,Reaction,1,-0.005,38,-4.5973,1.185,9.1754,-3.4427,0.695,11.5556,0,Ready,0,9,LowPickup,16.3582,6.8529,2.0564,0.7934,-10.9131,0.5543,0,0,Serve prepare 0.46,0,9,-178.7911,-155.491,7.4507,0,Great,,1.95,-11.2,-3.6973,11.7333,0,0,0,0.2462,0,0
3432,OpponentServe,Reaction,1,-0.005,38,-4.5573,1.185,9.2159,-3.3829,0.695,11.6212,0,Ready,0,9,LowPickup,17.2247,7.6588,2.0641,0.7858,-10.94,0.4195,0,0,Serve prepare 0.37,0,9,165.3331,-177.1224,8.8322,0,Great,,1.95,-11.2,-3.6573,11.7667,0,0,0,0.1685,0,0
3433,OpponentServe,Reaction,1,-0.005,38,-4.4772,1.185,9.2899,-3.2872,0.695,11.7224,0,Ready,0,9,LowPickup,17.8363,8.48,2.0732,0.7844,-10.9737,0.2836,0,0,Serve prepare 0.33,0,9,151.8963,159.1339,0,0,Great,,1.95,-11.2,-3.5772,11.8333,0,0,0,0.4255,0,0
3434,OpponentServe,Reaction,1,-0.005,38,-4.4371,1.185,9.3304,-3.6393,0.875,11.4831,0,Ready,0,9,LowPickup,18.113,9.2872,2.0746,0.7827,-10.9767,0.0335,0,0,Serve prepare 0.25,0,9,138.9147,135.5229,2.2472,0,Great,,1.95,-11.2,-3.5371,11.8667,0,0,0,0.7447,0,0
3435,OpponentServe,Reaction,1,-0.005,38,-4.357,1.185,9.4044,-3.5458,0.875,11.5464,0,Ready,0,9,LowPickup,18.2027,10.079,2.0745,0.7807,-10.9714,0.0768,0,0,Serve prepare 0.21,0,9,131.7097,119.6258,0,0,Great,,1.95,-11.2,-3.457,11.9333,0,0,0,1.0047,0,0
3436,OpponentServe,Reaction,1,-0.005,38,-4.317,1.185,9.4449,-3.4922,0.875,11.5769,0,Ready,0,9,LowPickup,18.175,10.819,2.0752,0.781,-10.9709,0.0326,0,0,Serve prepare 0.12,0,9,119.1494,97.6024,0,0,Great,,1.95,-11.2,-3.417,11.9667,0,0,0,1.1469,0,0
3437,OpponentServe,Reaction,1,-0.005,38,-4.2369,1.185,9.5189,-3.3984,0.875,11.6412,0,Ready,0,9,LowPickup,18.1639,11.5023,2.0756,0.7845,-10.9704,0.0492,0,0,Serve prepare 0.08,0,9,106.4769,80.057,0,0,Great,,1.95,-11.2,-3.3369,12.0333,0,0,0,1.124,0,0
3438,OpponentServe,Reaction,1,-0.005,38,-4.1969,1.185,9.5594,-3.372,0.875,11.6769,0,Ready,0,9,LowPickup,18.3662,12.077,2.0763,0.7942,-10.9721,0.0395,0,0,Run,0,9,104.1101,83.0442,0,0,Great,,1.95,-11.2,-3.2969,12.0667,0,0,0,0.8767,0,0
3439,OpponentServe,None,1,-0.005,38,-4.1168,1.185,9.6333,-3.3055,0.875,11.7464,0,Ready,0,9,LowPickup,18.6366,12.5462,2.0745,0.8041,-10.9684,0.0402,0,0,Run,0,9,101.9126,81.0958,0,0,Great,,1.95,-11.2,-3.2168,12.1334,0,0,0,0.5743,0,0
3440,OpponentServe,None,1,-0.005,56,1.0725,3.5,-15.6,-3.2789,0.875,11.7831,0,Ready,0,9,LowPickup,18.938,12.9316,2.0643,0.8081,-10.9447,0.0175,0,0,Run,0,9,94.9458,75.393,10.1198,0,Great,,1.95,-11.2,-3.1768,12.1667,18,0,0,0.3459,0,0
3441,OpponentServe,None,1,-0.005,56,1.0744,3.5021,-15.5995,-3.2122,0.875,11.8535,0,Ready,0,9,LowPickup,19.1557,13.1622,2.0559,0.8146,-10.93,0.0839,0,0,Run,0,9,81.9284,64.7362,7.6836,0,Great,,1.95,-11.2,-3.0967,12.2334,0,0,0,0.3323,0,0
3442,OpponentServe,None,1,-0.005,56,1.0761,3.5039,-15.5991,-3.1853,0.875,11.8911,0,Ready,0,9,LowPickup,19.173,13.2074,2.0629,0.8268,-10.9539,0.2022,0,0,Run,0,9,62.3392,48.3673,4.0047,0,Great,,1.95,-11.2,-3.0566,12.2667,0,0,0,0.3985,0,0
3443,OpponentServe,None,1,-0.005,56,1.0776,3.5054,-15.5988,-3.1183,0.875,11.9625,0,Ready,0,9,LowPickup,18.9804,13.0613,2.0713,0.8428,-10.9822,1.4486,0,0,Run,0,9,38.0393,27.494,11.1239,0,Great,,1.95,-11.2,-2.9765,12.3334,0,0,0,0.4136,0,0
3444,OpponentServe,None,1,-0.005,56,1.0789,3.5065,-15.5986,-3.0911,0.875,11.9843,0,Ready,0,9,LowPickup,18.4888,12.707,2.0758,0.8483,-10.9683,7.6862,0,0,Run,0,9,13.4161,5.7026,1.0664,0,Great,,1.95,-11.2,-2.9365,12.35,0,0,0,0.3265,0,0
3445,OpponentServe,None,1,-0.005,56,1.08,3.5074,-15.5984,-3.0237,0.875,11.99,0,Ready,0,9,LowPickup,17.83,12.2077,2.0777,0.8507,-10.9489,0.2428,0,0,Run,0,9,-7.307,-13.1847,9.1819,0,Great,,1.95,-11.2,-2.8564,12.35,0,0,0,0.2145,0,0
3446,OpponentServe,None,1,-0.005,56,1.081,3.5081,-15.5982,-2.9961,0.875,11.996,0,Ready,0,9,LowPickup,17.0619,11.5835,2.0743,0.8526,-10.9509,0.5382,0,0,Run,0,9,-22.4373,-27.5071,6.5822,0,Great,,1.95,-11.2,-2.8164,12.35,0,0,0,0.1439,0,0
3447,OpponentServe,None,1,-0.005,56,1.0819,3.5087,-15.5981,-2.9282,0.875,12.0025,0,Ready,0,9,LowPickup,16.2989,10.9222,2.0736,0.8567,-10.9581,0.5398,0,0,Run,0,9,-32.6283,-37.3543,4.8664,0,Great,,1.95,-11.2,-2.7363,12.35,0,0,0,0.1439,0,0
3448,OpponentServe,None,1,-0.005,56,1.0827,3.509,-15.598,-2.9002,0.8644,12.0094,0,Ready,0,9,LowPickup,15.6608,10.2781,2.0854,0.8719,-10.9635,0.2917,0,0,Run,0,9,-39.1437,-43.7354,0.5879,0,Great,,1.95,-11.2,-2.6963,12.35,0,0,0,0.1542,0,0
3449,OpponentServe,None,1,-0.005,56,1.0834,3.5092,-15.5979,-2.8319,0.8422,12.0167,0,Ready,0,9,LowPickup,15.1683,9.7133,2.0968,0.8844,-10.9691,0.2073,0,0,Run,0,9,-43.1618,-47.5775,0.2501,0,Great,,1.95,-11.2,-2.6162,12.35,0,0,0,0.1662,0,0
3450,OpponentServe,None,1,-0.005,56,1.0841,3.5093,-15.5979,-2.8033,0.8311,12.0245,0,Ready,0,9,LowPickup,14.8916,9.3132,2.1002,0.8876,-10.9698,0.2317,0,0,Run,0,9,-45.5246,-49.4169,1.3242,0,Great,,1.95,-11.2,-2.5761,12.35,0,0,0,0.1837,0,0
3451,OpponentServe,None,1,-0.005,56,1.0846,3.5093,-15.5978,-2.7345,0.8089,12.0326,0,Ready,0,9,LowPickup,14.7922,9.0363,2.0985,0.8825,-10.9678,0.2832,0,0,Run,0,9,-46.7673,-49.779,4.6408,0,Great,,1.95,-11.2,-2.496,12.35,0,0,0,0.2317,0,0
3452,OpponentServe,None,1,-0.005,56,1.0851,3.5092,-15.5978,-2.7054,0.7978,12.0411,0,Ready,0,9,LowPickup,14.8767,8.8847,2.0891,0.8674,-10.962,0.3479,0,0,Run,0,9,-47.258,-49.1175,2.8764,0,Great,,1.95,-11.2,-2.456,12.35,0,0,0,0.3096,0,0
3453,OpponentServe,None,1,-0.005,56,1.0855,3.5091,-15.5979,-2.6359,0.7429,12.05,0,Ready,0,9,LowPickup,15.0821,8.8183,2.08,0.853,-10.9555,0.3061,0,0,Run,0,9,-47.385,-47.662,4.3861,0,Great,,1.95,-11.2,-2.3759,12.35,0,0,0,0.3807,0,0
3454,OpponentServe,None,1,-0.005,56,1.0859,3.5088,-15.5979,-2.61,0.7122,12.05,0,Ready,0,9,LowPickup,15.3607,8.8216,2.0812,0.8455,-10.948,0.22,0,0,Run,0,9,-49.1019,-47.7462,0,0,Great,,1.95,-11.2,-2.35,12.35,0,0,0,0.4405,0,0
3455,OpponentServe,None,1,-0.005,56,1.0863,3.5085,-15.5979,-2.61,0.6487,12.05,0,Ready,0,9,LowPickup,15.6829,8.8436,2.0875,0.8398,-10.9455,0.1217,0,0,Run,0,9,-50.1665,-47.7121,0,0,Great,,1.95,-11.2,-2.35,12.35,0,0,0,0.4708,0,0
3456,OpponentServe,None,1,-0.005,56,1.0866,3.5082,-15.598,-2.5994,0.616,12.0411,0,Ready,0,9,LowPickup,16.0049,8.8148,2.1001,0.8375,-10.9617,0.2525,0,0,Serve prepare 0.00,0,9,-44.1004,-45.3121,6.5021,0,Great,,1.95,-11.2,-2.35,12.35,0,0,0,0.4716,0,0
3457,OpponentServe,None,1,-0.005,56,1.0869,3.5078,-15.5981,-2.5884,0.5485,12.0326,0,Ready,0,9,LowPickup,16.3303,8.7835,2.1074,0.834,-10.9786,0.4225,0,0,Serve prepare 0.00,0,9,-29.6556,-34.1191,13.7336,0,Great,,1.95,-11.2,-2.35,12.35,0,0,0,0.4237,0,0
3458,OpponentServe,None,1,-0.005,56,1.0871,3.5074,-15.5981,-2.5772,0.5137,12.0245,0,Ready,0,9,LowPickup,16.6427,8.7814,2.0951,0.8174,-10.9752,0.6231,0,0,Serve prepare 0.00,0,9,-12.7908,-20.2571,3.7219,0,Great,,1.95,-11.2,-2.35,12.35,0,0,0,0.3158,0,0
3459,OpponentServe,None,1,-0.005,56,1.0874,3.5069,-15.5982,-2.5657,0.4421,12.0167,0,Ready,0,9,LowPickup,16.9601,8.7969,2.0803,0.7989,-10.9682,0.5222,0,0,Serve prepare 0.00,0,9,4.1157,-7.6838,4.4843,0,Great,,1.95,-11.2,-2.35,12.35,0,0,0,0.2334,0,0
3460,OpponentServe,None,1,-0.005,56,1.0876,3.5065,-15.5983,-2.554,0.4052,12.0094,0,Ready,0,9,LowPickup,17.3062,8.812,2.0784,0.7897,-10.9667,0.1847,0,0,Serve prepare 0.00,0,9,20.3379,4.043,13.2953,0,Great,,1.95,-11.2,-2.35,12.35,0,0,0,0.2538,0,0
3461,OpponentServe,None,1,-0.005,56,1.0878,3.506,-15.5984,-2.5419,0.3295,12.0025,0,Ready,0,9,LowPickup,17.6438,8.8748,2.0802,0.779,-10.9667,0.0741,0,0,Serve prepare 0.00,0,9,35.7346,15.9039,0.6178,0,Great,,1.95,-11.2,-2.35,12.35,0,0,0,0.3206,0,0
3462,OpponentServe,None,1,-0.005,56,1.088,3.5054,-15.5985,-2.5297,0.2906,11.996,0,Ready,0,9,LowPickup,17.9527,9.0552,2.0832,0.7694,-10.969,0.2409,0,0,Serve prepare 0.00,0,9,49.6826,26.6062,0.8581,0,Great,,1.95,-11.2,-2.35,12.35,0,0,0,0.3695,0,0
3463,OpponentServe,None,1,-0.005,56,1.0881,3.5049,-15.5986,-2.5172,0.2109,11.99,0,Ready,0,9,LowPickup,18.2118,9.2864,2.0836,0.7594,-10.9697,0.2288,0,0,Serve prepare 0.00,0,9,62.7985,36.4708,0.7298,0,Great,,1.95,-11.2,-2.35,12.35,0,0,0,0.407,0,0
3464,OpponentServe,None,1,-0.005,56,1.0883,3.5044,-15.5987,-2.5046,0.1699,11.9843,0,Ready,0,9,LowPickup,18.3896,9.5135,2.0715,0.7463,-10.9623,0.0477,0,0,Serve prepare 0.00,0,9,75.0547,45.697,0,0,Great,,1.95,-11.2,-2.35,12.35,0,0,0,0.4127,0,0
3465,OpponentServe,None,1,-0.005,56,1.0884,3.5038,-15.5988,-2.4917,0.1685,11.9792,0,Ready,0,9,LowPickup,18.5014,9.7686,2.0623,0.7391,-10.9563,0.1314,0,0,Serve prepare 0.00,0,9,85.8837,53.8136,0,0,Great,,1.95,-11.2,-2.35,12.35,0,0,0,0.4145,0,0
3466,OpponentServe,None,1,-0.005,56,1.0885,3.5033,-15.5989,-2.4787,0.1966,11.9745,0,Ready,0,9,LowPickup,18.5419,10.0785,2.0757,0.746,-10.9574,0.1332,0,0,Serve prepare 0.00,0,9,94.1441,59.8857,0,0,Great,,1.95,-11.2,-2.35,12.35,0,0,0,0.4344,0,0
3467,OpponentServe,None,1,-0.005,56,1.0886,3.5027,-15.599,-2.4655,0.2509,11.9702,0,Ready,0,9,LowPickup,18.5404,10.3892,2.0914,0.7576,-10.9616,0.1101,0,0,Serve prepare 0.00,0,9,99.5453,63.7679,0,0,Great,,1.95,-11.2,-2.35,12.35,0,0,0,0.4517,0,0
3468,OpponentServe,None,1,-0.005,56,1.0887,3.5022,-15.5991,-2.4522,0.277,11.9664,0,Ready,0,9,LowPickup,18.511,10.6348,2.096,0.7659,-10.9697,0.0307,0,0,Serve prepare 0.00,0,9,102.6265,65.8798,0,0,Great,,1.95,-11.2,-2.35,12.35,0,0,0,0.4246,0,0
3469,OpponentServe,None,1,-0.005,56,1.0888,3.5016,-15.5992,-2.4387,0.3272,11.9631,0,Ready,0,9,LowPickup,18.4889,10.8468,2.0941,0.7706,-10.9662,0.0129,0,0,Serve prepare 0.00,0,9,104.0251,66.7295,0,0,Great,,1.95,-11.2,-2.35,12.35,0,0,0,0.3568,0,0
3470,OpponentServe,None,1,-0.005,56,1.0889,3.501,-15.5993,-2.4252,0.3512,11.9602,0,Ready,0,9,LowPickup,18.5303,11.0418,2.0805,0.7687,-10.9271,0.0148,0,0,Serve prepare 0.00,0,9,104.263,66.7168,0,0,Great,,1.95,-11.2,-2.35,12.35,0,0,0,0.2477,0,0
3471,OpponentServe,None,1,-0.005,56,1.089,3.5005,-15.5994,-2.4115,0.3973,11.9578,0,Ready,0,9,LowPickup,18.5792,11.1787,2.0658,0.7719,-10.8918,0.0133,0,0,Serve prepare 0.00,0,9,103.7196,66.1214,0,0,Great,,1.95,-11.2,-2.35,12.35,0,0,0,0.1412,0,0
3472,OpponentServe,None,1,-0.005,56,1.0891,3.4999,-15.5995,-2.3978,0.4194,11.9559,0,Ready,0,9,LowPickup,18.6069,11.2238,2.0643,0.7762,-10.887,0.0151,0,0,Serve prepare 0.00,0,9,102.7663,65.2153,0,0,Great,,1.95,-11.2,-2.35,12.35,0,0,0,0.1142,0,0
3473,OpponentServe,None,1,-0.005,56,1.0891,3.4994,-15.5996,-2.384,0.4614,11.9545,0,Ready,0,9,LowPickup,18.5948,11.1906,2.0698,0.7807,-10.8887,0.0212,0,0,Serve prepare 0.00,0,9,101.3301,63.9114,0,0,Great,,1.95,-11.2,-2.35,12.35,0,0,0,0.1662,0,0
3474,OpponentServe,None,1,-0.005,56,1.0892,3.4988,-15.5997,-2.3702,0.4813,11.9535,0,Ready,0,9,LowPickup,18.4979,11.0814,2.0842,0.7878,-10.8832,0.0074,0,0,Serve prepare 0.00,0,9,99.6952,62.4242,0.3171,0,Great,,1.95,-11.2,-2.35,12.35,0,0,0,0.1978,0,0
3475,OpponentServe,None,1,-0.005,56,1.0893,3.4983,-15.5998,-2.3702,0.5192,11.9535,0,Ready,0,9,LowPickup,18.3722,10.9287,2.0982,0.7947,-10.8787,0.0057,0,0,Serve prepare 0.00,0,9,99.9328,62.7986,0.0259,0,Great,,1.95,-11.2,-2.35,12.35,0,0,0,0.2035,0,0
3476,OpponentServe,None,1,-0.005,56,1.0893,3.4977,-15.5999,-2.3702,0.5372,11.9535,0,Ready,0,9,LowPickup,18.246,10.7631,2.1017,0.7966,-10.8777,0.0122,0,0,Serve prepare 0.00,0,9,100.0888,63.0656,0.0166,0,Great,,1.95,-11.2,-2.35,12.35,0,0,0,0.1878,0,0
3477,OpponentServe,None,1,-0.005,56,1.0894,3.4972,-15.6,-2.3702,0.571,11.9535,0,Ready,0,9,LowPickup,18.1502,10.6005,2.0995,0.7984,-10.8753,0.0178,0,0,Serve prepare 0.00,0,9,100.1927,63.2479,0.0106,0,Great,,1.95,-11.2,-2.35,12.35,0,0,0,0.1816,0,0
3478,OpponentServe,None,1,-0.005,56,1.0894,3.4967,-15.6001,-2.3702,0.5869,11.9535,0,Ready,0,9,LowPickup,18.11,10.4529,2.0908,0.8051,-10.8659,0.0177,0,0,Serve prepare 0.00,0,9,100.3399,63.4297,0.0173,0,Great,,1.95,-11.2,-2.35,12.35,0,0,0,0.1958,0,0
3479,OpponentServe,None,1,-0.005,56,1.0895,3.4962,-15.6002,-2.3702,0.6166,11.9535,0,Ready,0,9,LowPickup,18.1664,10.3531,2.0826,0.8111,-10.8572,0.0132,0,0,Serve prepare 0.00,0,9,100.358,63.4671,0.0002,0,Great,,1.95,-11.2,-2.35,12.35,0,0,0,0.2334,0,0
3480,OpponentServe,None,1,-0.005,56,1.0895,3.4957,-15.6003,-2.3702,0.6305,11.9535,0,Ready,0,9,LowPickup,18.4076,10.3499,2.0844,0.8111,-10.8545,0.012,0,0,Serve prepare 0.00,0,9,100.3735,63.4773,0.0002,0,Great,,1.95,-11.2,-2.35,12.35,0,0,0,0.2891,0,0
3481,OpponentServe,None,1,-0.005,56,1.0895,3.4952,-15.6004,-2.3702,0.6561,11.9535,0,Ready,0,9,LowPickup,18.7066,10.3829,2.0852,0.8079,-10.8542,0.0173,0,0,Serve prepare 0.00,0,9,100.3862,63.4681,0.0001,0,Great,,1.95,-11.2,-2.35,12.35,0,0,0,0.3312,0,0
3482,OpponentServe,None,1,-0.005,56,1.0896,3.4947,-15.6005,-2.3702,0.6679,11.9535,0,Ready,0,9,LowPickup,18.9663,10.4101,2.0737,0.8023,-10.8555,0.0093,0,0,Serve prepare 0.00,0,9,100.396,63.4467,0.0001,0,Great,,1.95,-11.2,-2.35,12.35,0,0,0,0.3415,0,0
3483,OpponentServe,None,1,-0.005,56,1.0896,3.4942,-15.6005,-2.3702,0.6895,11.9535,0,Ready,0,9,LowPickup,19.2034,10.4501,2.0621,0.7968,-10.8568,0.0073,0,0,Serve prepare 0.00,0,9,100.4031,63.4195,0.0001,0,Great,,1.95,-11.2,-2.35,12.35,0,0,0,0.3206,0,0
3484,OpponentServe,None,1,-0.005,56,1.0896,3.4938,-15.6006,-2.3702,0.6992,11.9535,0,Ready,0,9,LowPickup,19.3898,10.5024,2.061,0.7937,-10.8555,0.0166,0,0,Serve prepare 0.00,0,9,100.4074,63.3911,0,0,Great,,1.95,-11.2,-2.35,12.35,0,0,0,0.2656,0,0
3485,OpponentServe,None,1,-0.005,56,1.0896,3.4933,-15.6007,-2.3702,0.7167,11.9535,0,Ready,0,9,LowPickup,19.5648,10.5923,2.063,0.791,-10.8533,0.018,0,0,Serve prepare 0.00,0,9,100.4089,63.3647,0,0,Great,,1.95,-11.2,-2.35,12.35,0,0,0,0.2016,0,0
3486,OpponentServe,None,1,-0.005,56,1.0897,3.4929,-15.6008,-2.3702,0.7244,11.9535,0,Ready,0,9,LowPickup,19.7557,10.7461,2.0647,0.7869,-10.8521,0.0115,0,0,Serve prepare 0.00,0,9,100.4076,63.3416,0,0,Great,,1.95,-11.2,-2.35,12.35,0,0,0,0.1465,0,0
3487,OpponentServe,None,1,-0.005,56,1.0897,3.4924,-15.6009,-2.3702,0.7378,11.9535,0,Ready,0,9,LowPickup,19.9636,10.951,2.065,0.7846,-10.8492,0.0099,0,0,Serve prepare 0.00,0,9,100.4035,63.3221,0.0001,0,Great,,1.95,-11.2,-2.35,12.35,0,0,0,0.1239,0,0
3488,OpponentServe,None,1,-0.005,56,1.0897,3.492,-15.601,-2.3702,0.7435,11.9535,0,Ready,0,9,LowPickup,20.2063,11.2017,2.0593,0.7889,-10.8413,0.0098,0,0,Serve prepare 0.00,0,9,100.3966,63.3054,0.0001,0,Great,,1.95,-11.2,-2.35,12.35,0,0,0,0.1299,0,0
3489,OpponentServe,None,1,-0.005,56,1.0897,3.4916,-15.601,-2.3702,0.7528,11.9535,0,Ready,0,9,LowPickup,20.4594,11.4866,2.0544,0.7946,-10.8335,0.0096,0,0,Serve prepare 0.00,0,9,100.387,63.2901,0.0001,0,Great,,1.95,-11.2,-2.35,12.35,0,0,0,0.1542,0,0
3490,OpponentServe,None,1,-0.005,56,1.0897,3.4912,-15.6011,-2.3702,0.7564,11.9535,0,Ready,0,9,LowPickup,20.7493,11.822,2.0566,0.7967,-10.8298,0.0057,0,0,Serve prepare 0.00,0,9,100.3745,63.2744,0.0001,0,Great,,1.95,-11.2,-2.35,12.35,0,0,0,0.1858,0,0
3491,OpponentServe,None,1,-0.005,56,1.0898,3.4908,-15.6012,-2.3702,0.7616,11.9535,0,Ready,0,9,LowPickup,20.9426,12.1129,2.0609,0.7984,-10.8268,0.0081,0,0,Serve prepare 0.00,0,9,100.3593,63.2566,0.0002,0,Great,,1.95,-11.2,-2.35,12.35,0,0,0,0.2198,0,0
3492,OpponentServe,None,1,-0.005,56,1.0898,3.4905,-15.6012,-2.3702,0.7632,11.9535,0,Ready,0,9,LowPickup,20.9203,12.2789,2.0642,0.8018,-10.823,0.0116,0,0,Serve prepare 0.00,0,9,100.3413,63.2348,0.0002,0,Great,,1.95,-11.2,-2.35,12.35,0,0,0,0.2756,0,0
3493,OpponentServe,None,1,-0.005,56,1.0898,3.4901,-15.6013,-2.3702,0.7644,11.9535,0,Ready,0,9,LowPickup,20.6863,12.3253,2.0676,0.8052,-10.8191,0.0136,0,0,Serve prepare 0.00,0,9,100.3206,63.208,0.0002,0,Great,,1.95,-11.2,-2.35,12.35,0,0,0,0.3323,0,0
3494,OpponentServe,None,1,-0.005,56,1.0898,3.4898,-15.6014,-2.3702,0.7653,11.9535,0,Ready,0,9,LowPickup,20.176,12.2281,2.0688,0.8075,-10.8156,0.0179,0,0,Serve prepare 0.00,0,9,100.2972,63.1754,0.0002,0,Great,,1.95,-11.2,-2.35,12.35,0,0,0,0.4099,0,0
3495,OpponentServe,None,1,-0.005,56,1.0898,3.4894,-15.6014,-2.3702,0.7708,11.9535,0,Ready,0,9,LowPickup,19.4803,12.0086,2.0744,0.8096,-10.812,0.0151,0,0,Serve prepare 0.00,0,9,100.2711,63.1364,0.0003,0,Great,,1.95,-11.2,-2.35,12.35,0,0,0,0.4749,0,0
3496,OpponentServe,None,1,-0.005,56,1.0898,3.4891,-15.6015,-2.3702,0.7751,11.9535,0,Ready,0,9,LowPickup,18.6386,11.6581,2.0939,0.8128,-10.8071,0.0031,0,0,Serve prepare 0.00,0,9,100.2422,63.0907,0.0003,0,Great,,1.95,-11.2,-2.35,12.35,0,0,0,0.5023,0,0
3497,OpponentServe,None,1,-0.005,56,1.0898,3.4888,-15.6016,-2.3702,0.7863,11.9535,0,Ready,0,9,LowPickup,17.7305,11.2133,2.1149,0.8152,-10.8033,0.0048,0,0,Serve prepare 0.00,0,9,100.2108,63.0383,0.0004,0,Great,,1.95,-11.2,-2.35,12.35,0,0,0,0.4773,0,0
3498,OpponentServe,None,1,-0.005,56,1.0898,3.4885,-15.6016,-2.3702,0.7929,11.9535,0,Ready,0,9,LowPickup,16.816,10.6894,2.1264,0.8126,-10.803,0.0177,0,0,Serve prepare 0.00,0,9,100.1767,62.9796,0.0004,0,Great,,1.95,-11.2,-2.35,12.35,0,0,0,0.3965,0,0
3499,OpponentServe,None,1,-0.005,56,1.0898,3.4882,-15.6017,-2.3702,0.8073,11.9535,0,Ready,0,9,LowPickup,15.9815,10.1045,2.1352,0.8085,-10.8038,0.2052,0,0,Serve prepare 0.00,0,9,100.14,62.9153,0.0005,0,Great,,1.95,-11.2,-2.35,12.35,0,0,0,0.2538,0,0
3500,OpponentServe,None,1,-0.005,56,1.0898,3.488,-15.6017,-2.3702,0.8149,11.9535,0,Ready,0,9,LowPickup,15.3496,9.4737,2.1447,0.8058,-10.8038,0.2919,0,0,Serve prepare 0.00,0,9,100.1008,62.846,0.0004,0,Great,,1.95,-11.2,-2.35,12.35,0,0,0,0.1142,0,0
3501,OpponentServe,None,1,-0.005,56,1.0898,3.4877,-15.6018,-2.3702,0.8302,11.9535,0,Ready,0,9,LowPickup,14.8539,8.784,2.1535,0.8032,-10.8038,0.3006,0,0,Serve prepare 0.00,0,9,100.0591,62.7721,0.0005,0,Great,,1.95,-11.2,-2.35,12.35,0,0,0,0.3021,0,0
3502,OpponentServe,None,1,-0.005,56,1.0898,3.4875,-15.6018,-2.3702,0.8376,11.9535,0,Ready,0,9,LowPickup,14.4748,8.0354,2.1617,0.7989,-10.801,0.2945,0,0,Serve prepare 0.00,0,9,100.0148,62.6941,0.0005,0,Great,,1.95,-11.2,-2.35,12.35,0,0,0,0.5413,0,0
3503,OpponentServe,None,1,-0.005,56,1.0898,3.4873,-15.6018,-2.3702,0.8515,11.9535,0,Ready,0,9,LowPickup,14.1999,7.2306,2.1688,0.7976,-10.8035,0.1596,0,0,Serve prepare 0.00,0,9,99.9681,62.6123,0.0005,0,Great,,1.95,-11.2,-2.35,12.35,0,0,0,0.7442,0,0
3504,OpponentServe,None,1,-0.005,56,1.0898,3.4871,-15.6019,-2.3702,0.8576,11.9535,0,Ready,0,9,LowPickup,14.0302,6.3838,2.1751,0.8078,-10.8262,0.1551,0,0,Serve prepare 0.00,0,9,99.9173,62.5275,0.0006,0,Great,,1.95,-11.2,-2.35,12.35,0,0,0,0.8949,0,0
3505,OpponentServe,None,1,-0.005,56,1.0898,3.4869,-15.6019,-2.3702,0.8675,11.9535,0,Ready,0,9,LowPickup,13.9082,5.5016,2.178,0.8211,-10.8485,0.2889,0,0,Serve prepare 0.00,0,9,99.8625,62.4399,0.0007,0,Great,,1.95,-11.2,-2.35,12.35,0,0,0,0.9674,0,0
3506,OpponentServe,None,1,-0.005,56,1.0898,3.4867,-15.6019,-2.3702,0.8711,11.9535,0,Ready,0,9,LowPickup,13.7775,4.6066,2.1735,0.8221,-10.84,0.3517,0,0,Serve prepare 0.00,0,9,99.8052,62.3494,0.0007,0,Great,,1.95,-11.2,-2.35,12.35,0,0,0,0.9429,0,0
3507,OpponentServe,None,1,-0.005,56,1.0898,3.4865,-15.602,-2.3702,0.8749,11.9535,0,Ready,0,9,LowPickup,13.6457,3.7139,2.1693,0.8226,-10.8302,0.3125,0,0,Serve prepare 0.00,0,9,99.7451,62.2557,0.0007,0,Great,,1.95,-11.2,-2.35,12.35,0,0,0,0.8518,0,0
3508,OpponentServe,None,1,-0.005,56,1.0898,3.4864,-15.602,-2.3702,0.8686,11.9535,0,Ready,0,9,LowPickup,13.4986,2.8547,2.1737,0.833,-10.844,0.1047,0,0,Serve prepare 0.00,0,9,99.6826,62.1588,0.0008,0,Great,,1.95,-11.2,-2.35,12.35,0,0,0,0.7028,0,0
3509,OpponentServe,None,1,-0.005,56,1.0898,3.4863,-15.602,-2.3702,0.8464,11.9535,0,Ready,0,9,LowPickup,13.3425,2.019,2.1802,0.8481,-10.8645,0.0423,0,0,Serve prepare 0.00,0,9,99.6179,62.0586,0,0,Great,,1.95,-11.2,-2.35,12.35,0,0,0,0.5406,0,0
3510,OpponentServe,None,1,-0.005,56,1.0898,3.4862,-15.6021,-2.3702,0.8353,11.9535,0,Ready,0,9,LowPickup,12.9093,1.4462,2.1824,0.8465,-10.8739,0.2462,0,0,Serve prepare 0.00,0,9,99.5508,61.9555,0,0,Great,,1.95,-11.2,-2.35,12.35,0,0,0,0.1357,0,0
3511,OpponentServe,None,1,-0.005,56,1.0898,3.4861,-15.6021,-2.3702,0.8131,11.9535,0,Ready,0,9,LowPickup,12.2722,0.8036,2.1848,0.8483,-10.8831,0.1556,0,0,Serve prepare 0.00,0,9,99.4815,61.8501,0,0,Great,,1.95,-11.2,-2.35,12.35,0,0,0,0.2398,0,0
3512,OpponentServe,None,1,-0.005,56,1.0898,3.486,-15.6021,-2.3702,0.8019,11.9535,0,Ready,0,9,LowPickup,11.0897,-0.1218,2.1871,0.854,-10.8908,0.1663,0,0,Serve prepare 0.00,0,9,99.41,61.7418,0,0,Great,,1.95,-11.2,-2.35,12.35,0,0,0,0.5998,0,0
3513,OpponentServe,None,1,-0.005,56,1.0898,3.4859,-15.6021,-2.3702,0.7542,11.9535,0,Ready,0,9,LowPickup,9.6275,-1.134,2.19,0.8657,-10.8999,0.261,0,0,Serve prepare 0.00,0,9,99.3365,61.631,0,0,Great,,1.95,-11.2,-2.35,12.35,0,0,0,0.8901,0,0
3514,OpponentServe,None,1,-0.005,56,1.0898,3.4859,-15.6021,-2.3702,0.7238,11.9535,0,Ready,0,9,LowPickup,7.9217,-2.186,2.1931,0.8873,-10.9151,0.2273,0,0,Serve prepare 0.00,0,9,99.2613,61.5169,0,0,Great,,1.95,-11.2,-2.35,12.35,0,0,0,1.1016,0,0
3515,OpponentServe,None,1,-0.005,56,1.0898,3.4858,-15.6021,-2.3702,0.6609,11.9535,0,Ready,0,9,LowPickup,6.2933,-3.1305,2.2013,0.9201,-10.9293,0.0516,0,0,Serve prepare 0.00,0,9,99.1844,61.3999,0,0,Great,,1.95,-11.2,-2.35,12.35,0,0,0,1.1549,0,0
3516,OpponentServe,None,1,-0.005,56,1.0898,3.4858,-15.6021,-2.3702,0.6284,11.9535,0,Ready,0,9,LowPickup,5.0533,-3.8748,2.2202,0.9681,-10.9419,0,0,0,Serve prepare 0.00,0,9,99.1054,61.2798,0,0,Great,,1.95,-11.2,-2.35,12.35,0,0,0,0.9804,0,0
3517,OpponentServe,None,1,-0.005,56,1.0898,3.4858,-15.6021,-2.3702,0.5614,11.9535,0,Ready,0,9,LowPickup,4.2097,-4.3398,2.2417,1.0283,-10.9491,0,0,0,Serve prepare 0.00,0,9,99.0245,61.1565,0,0,Great,,1.95,-11.2,-2.35,12.35,0,0,0,0.6957,0,0
3518,OpponentServe,None,1,-0.005,56,1.0897,3.4858,-15.6021,-2.3702,0.5268,11.9535,0,Ready,0,9,LowPickup,3.9395,-4.3929,2.2558,1.1256,-10.9802,0,0,0,Serve prepare 0.00,0,9,98.9418,61.0307,0,0,Great,,1.95,-11.2,-2.35,12.35,0,0,0,0.359,0,0
3519,OpponentServe,None,1,-0.005,56,1.0897,3.4858,-15.6021,-2.3702,0.4557,11.9535,0,Ready,0,9,LowPickup,4.0308,-4.1208,2.2522,1.164,-10.9792,0,0,0,Serve prepare 0.00,0,9,98.8573,60.9041,0,0,Great,,1.95,-11.2,-2.35,12.35,0,0,0,0.1878,0,0
3520,OpponentServe,None,1,-0.005,56,1.0897,3.4859,-15.6021,-2.3702,0.4191,11.9535,0,Ready,0,9,LowPickup,4.3892,-3.4752,2.2151,1.0006,-10.8318,0,0,0,Serve prepare 0.00,0,9,98.7711,60.7763,0,0,Great,,1.95,-11.2,-2.35,12.35,0,0,0,0.225,0,0
3521,OpponentServe,None,1,-0.005,56,1.0897,3.4859,-15.6021,-2.3702,0.3439,11.9535,0,Ready,0,9,LowPickup,4.867,-2.6183,2.1096,0.813,-10.886,1.1687,0,0,Serve prepare 0.00,0,9,98.6858,60.6469,0,0,Great,,1.95,-11.2,-2.35,12.35,0,0,0,0.2145,0,0
3522,OpponentServe,None,1,-0.005,56,1.0897,3.486,-15.6021,-2.3702,0.3053,11.9535,0,Ready,0,9,LowPickup,5.2835,-1.6394,2.1297,0.8077,-10.8932,0.4339,0,0,Serve prepare 0.00,0,9,98.6033,60.5152,0,0,Great,,1.95,-11.2,-2.35,12.35,0,0,0,0,0,0
3523,OpponentServe,None,1,-0.005,56,1.0896,3.4861,-15.6021,-2.3702,0.226,11.9535,0,Ready,0,9,LowPickup,5.673,-0.6125,2.1476,0.8261,-10.895,0,0,0,Serve prepare 0.00,0,9,98.5185,60.3809,0,0,Great,,1.95,-11.2,-2.35,12.35,0,0,0,0.1773,0,0
3524,OpponentServe,None,1,-0.005,56,1.0896,3.4862,-15.602,-2.3702,0.1854,11.9535,0,Ready,0,9,LowPickup,6.0098,0.3568,2.1369,0.8297,-10.9083,0,0,0,Serve prepare 0.00,0,9,98.4325,60.2444,0,0,Great,,1.95,-11.2,-2.35,12.35,0,0,0,0.33,0,0
3525,OpponentServe,None,1,-0.005,56,1.0896,3.4863,-15.602,-2.3702,0.1577,11.9535,0,Ready,0,9,LowPickup,6.2964,1.2531,2.1423,0.8297,-10.9118,0,0,0,Serve prepare 0.00,0,9,98.3455,60.106,0,0,Great,,1.95,-11.2,-2.35,12.35,0,0,0,0.4491,0,0
3526,OpponentServe,None,1,-0.005,56,1.0895,3.4865,-15.602,-2.3702,0.1861,11.9535,0,Ready,0,9,LowPickup,6.5268,2.0102,2.1387,0.8213,-10.9209,0,0,0,Serve prepare 0.00,0,9,98.2576,59.9666,0,0,Great,,1.95,-11.2,-2.35,12.35,0,0,0,0.5039,0,0
3527,OpponentServe,None,1,-0.005,56,1.0895,3.4866,-15.602,-2.3702,0.2409,11.9535,0,Ready,0,9,LowPickup,6.7017,2.6348,2.1455,0.8163,-10.9109,0,0,0,Serve prepare 0.00,0,9,98.1689,59.8263,0,0,Great,,1.95,-11.2,-2.35,12.35,0,0,0,0.5159,0,0
3528,OpponentServe,None,1,-0.005,56,1.0895,3.4868,-15.6019,-2.3702,0.2673,11.9535,0,Ready,0,9,LowPickup,6.8357,3.1104,2.0801,0.8374,-10.885,0,0,0,Serve prepare 0.00,0,9,98.0816,59.6849,0,0,Great,,1.95,-11.2,-2.35,12.35,0,0,0,0.4915,0,0
3529,OpponentServe,None,1,-0.005,56,1.0894,3.487,-15.6019,-2.3702,0.318,11.9535,0,Ready,0,9,LowPickup,6.8777,3.4251,2.0715,0.8737,-10.8331,0,0,0,Serve prepare 0.00,0,9,97.9932,59.5422,0,0,Great,,1.95,-11.2,-2.35,12.35,0,0,0,0.4601,0,0
3530,OpponentServe,None,1,-0.005,56,1.0894,3.4872,-15.6019,-2.3702,0.3423,11.9535,0,Ready,0,9,LowPickup,6.7249,3.5452,2.0931,0.8191,-10.8848,0.4998,0,0,Serve prepare 0.00,0,9,97.9031,59.3977,0,0,Great,,1.95,-11.2,-2.35,12.35,0,0,0,0.4317,0,0
3531,OpponentServe,None,1,-0.005,56,1.0893,3.4874,-15.6018,-2.3702,0.3889,11.9535,0,Ready,0,9,LowPickup,6.5538,3.551,2.1445,0.7899,-10.9181,0.324,0,0,Serve prepare 0.00,0,9,97.8124,59.2518,0,0,Great,,1.95,-11.2,-2.35,12.35,0,0,0,0.4154,0,0
3532,OpponentServe,None,1,-0.005,56,1.0893,3.4876,-15.6018,-2.3702,0.4112,11.9535,0,Ready,0,9,LowPickup,6.5278,3.4569,2.1529,0.7841,-10.919,0.5618,0,0,Serve prepare 0.00,0,9,97.7212,59.1044,0,0,Great,,1.95,-11.2,-2.35,12.35,0,0,0,0.4209,0,0
3533,OpponentServe,None,1,-0.005,56,1.0892,3.4879,-15.6017,-2.3702,0.4537,11.9535,0,Ready,0,9,LowPickup,6.567,3.3844,2.1495,0.7798,-10.9117,0.7274,0,0,Serve prepare 0.00,0,9,97.6295,58.9558,0,0,Great,,1.95,-11.2,-2.35,12.35,0,0,0,0.4299,0,0
3534,OpponentServe,None,1,-0.005,56,1.0892,3.4881,-15.6017,-2.3702,0.4739,11.9535,0,Ready,0,9,LowPickup,6.6341,3.4848,2.1492,0.7687,-10.9087,0.62,0,0,Serve prepare 0.00,0,9,97.5374,58.8062,0,0,Great,,1.95,-11.2,-2.35,12.35,0,0,0,0.3787,0,0
3535,OpponentServe,None,1,-0.005,56,1.0891,3.4884,-15.6016,-2.3702,0.5123,11.9535,0,Ready,0,9,LowPickup,6.7676,3.7338,2.1739,0.7565,-10.9059,0.4815,0,0,Serve prepare 0.00,0,9,97.4439,58.6554,0,0,Great,,1.95,-11.2,-2.35,12.35,0,0,0,0.3346,0,0
3536,OpponentServe,None,1,-0.005,56,1.0891,3.4887,-15.6016,-2.3702,0.5305,11.9535,0,Ready,0,9,LowPickup,6.9788,4.1639,2.1468,0.7491,-10.932,0.3449,0,0,Serve prepare 0.00,0,9,97.3487,58.5034,0,0,Great,,1.95,-11.2,-2.35,12.35,0,0,0,0.3632,0,0
3537,OpponentServe,None,1,-0.005,56,1.089,3.489,-15.6015,-2.3702,0.5649,11.9535,0,Ready,0,9,LowPickup,7.3026,4.7792,2.1457,0.7493,-10.9554,0.2572,0,0,Serve prepare 0.00,0,9,97.2536,58.3508,0,0,Great,,1.95,-11.2,-2.35,12.35,0,0,0,0.4676,0,0
3538,OpponentServe,None,1,-0.005,56,1.0889,3.4893,-15.6015,-2.3702,0.581,11.9535,0,Ready,0,9,LowPickup,7.7361,5.6112,2.1469,0.7541,-10.9669,0.1005,0,0,Serve prepare 0.00,0,9,97.1587,58.1991,0,0,Great,,1.95,-11.2,-2.35,12.35,0,0,0,0.5829,0,0
3539,OpponentServe,None,1,-0.005,56,1.0889,3.4897,-15.6014,-2.3702,0.6112,11.9535,0,Ready,0,9,LowPickup,8.4059,6.5878,2.1436,0.7576,-10.9688,0.1805,0,0,Serve prepare 0.00,0,9,97.0642,58.0481,0,0,Great,,1.95,-11.2,-2.35,12.35,0,0,0,0.6364,0,0
3540,OpponentServe,None,1,-0.005,56,1.0888,3.49,-15.6014,-2.3702,0.6253,11.9535,0,Ready,0,9,LowPickup,9.5168,7.6327,2.1268,0.7605,-10.9549,0.1013,0,0,Serve prepare 0.00,0,9,96.9705,57.898,0,0,Great,,1.95,-11.2,-2.35,12.35,0,0,0,0.5377,0,0
3541,OpponentServe,None,1,-0.005,56,1.0887,3.4904,-15.6013,-2.3702,0.6515,11.9535,0,Ready,0,9,LowPickup,10.8063,8.6887,2.1093,0.7672,-10.9438,0.2468,0,0,Serve prepare 0.00,0,9,96.8752,57.7488,0,0,Great,,1.95,-11.2,-2.35,12.35,0,0,0,0.4724,0,0
3542,OpponentServe,None,1,-0.005,56,1.0886,3.4908,-15.6012,-2.3702,0.6636,11.9535,0,Ready,0,9,LowPickup,12.1754,9.7346,2.0995,0.7742,-10.9477,0.4786,0,0,Serve prepare 0.00,0,9,96.7786,57.6008,0,0,Great,,1.95,-11.2,-2.35,12.35,0,0,0,0.47,0,0
3543,OpponentServe,None,1,-0.005,56,1.0886,3.4912,-15.6011,-2.3702,0.6856,11.9535,0,Ready,0,9,LowPickup,13.3631,10.6143,2.0961,0.7816,-10.9549,0.44,0,0,Serve prepare 0.00,0,9,96.6827,57.4543,0,0,Great,,1.95,-11.2,-2.35,12.35,0,0,0,0.5008,0,0
3544,OpponentServe,None,1,-0.005,56,1.0885,3.4916,-15.6011,-2.3702,0.6957,11.9535,0,Ready,0,9,LowPickup,14.0831,11.2276,2.1051,0.7947,-10.9598,0.5096,0,0,Serve prepare 0.00,0,9,96.5875,57.3115,0,0,Great,,1.95,-11.2,-2.35,12.35,0,0,0,0.4414,0,0
3545,OpponentServe,None,1,-0.005,56,1.0884,3.492,-15.601,-2.3702,0.7136,11.9535,0,Ready,0,9,LowPickup,14.3623,11.5044,2.114,0.8048,-10.9666,0,0,0,Serve prepare 0.00,0,9,96.4932,57.1716,0,0,Great,,1.95,-11.2,-2.35,12.35,0,0,0,0.3346,0,0
3546,OpponentServe,None,1,-0.005,56,1.0883,3.4924,-15.6009,-2.3702,0.7216,11.9535,0,Ready,0,9,LowPickup,14.0482,11.3092,2.1154,0.8037,-10.9806,0,0,0,Serve prepare 0.00,0,9,96.3995,57.0351,0,0,Great,,1.95,-11.2,-2.35,12.35,0,0,0,0.2398,0,0
3547,OpponentServe,None,1,-0.005,56,1.0882,3.4929,-15.6008,-2.3702,0.7355,11.9535,0,Ready,0,9,LowPickup,13.4054,10.7757,2.1041,0.8036,-10.9817,0,0,0,Serve prepare 0.00,0,9,96.3052,56.9013,0,0,Great,,1.95,-11.2,-2.35,12.35,0,0,0,0.2284,0,0
3548,OpponentServe,None,1,-0.005,56,1.0881,3.4933,-15.6008,-2.3702,0.7414,11.9535,0,Ready,0,9,LowPickup,12.5845,9.9222,2.0573,0.8262,-10.9426,0,0,0,Serve prepare 0.00,0,9,96.2106,56.77,0,0,Great,,1.95,-11.2,-2.35,12.35,0,0,0,0.1837,0,0
3549,OpponentServe,None,1,-0.005,56,1.088,3.4938,-15.6007,-2.3702,0.7512,11.9535,0,Ready,0,9,LowPickup,11.7423,8.8826,2.0188,0.8533,-10.9141,6.4839,0,0,Serve prepare 0.00,0,9,96.1168,56.6418,0,0,Great,,1.95,-11.2,-2.35,12.35,0,0,0,0,0,0
3550,OpponentServe,None,1,-0.005,56,1.0879,3.4943,-15.6006,-2.3702,0.7551,11.9535,0,Ready,0,9,LowPickup,11.0937,7.7352,2.0409,0.8398,-10.9231,0.6662,0,0,Serve prepare 0.00,0,9,96.0238,56.5175,0,0,Great,,1.95,-11.2,-2.35,12.35,0,0,0,0.2109,0,0
3551,OpponentServe,None,1,-0.005,56,1.0878,3.4948,-15.6005,-2.3702,0.7608,11.9535,0,Ready,0,9,LowPickup,10.5783,6.585,2.0689,0.8256,-10.9378,2.6745,0,0,Serve prepare 0.00,0,9,95.9316,56.3966,0,0,Great,,1.95,-11.2,-2.35,12.35,0,0,0,0.4977,0,0
3552,OpponentServe,None,1,-0.005,56,1.0877,3.4953,-15.6004,-2.3702,0.7627,11.9535,0,Ready,0,9,LowPickup,10.1833,5.5514,2.044,0.8424,-10.9237,0.6945,0,0,Serve prepare 0.00,0,9,95.8411,56.2789,0,0,Great,,1.95,-11.2,-2.35,12.35,0,0,0,0.7169,0,0
3553,OpponentServe,None,1,-0.005,56,1.0875,3.4959,-15.6003,-2.3702,0.7643,11.9535,0,Ready,0,9,LowPickup,9.9815,4.6999,2.0209,0.8574,-10.9155,0.6638,0,0,Serve prepare 0.00,0,9,95.7509,56.1635,0,0,Great,,1.95,-11.2,-2.35,12.35,0,0,0,0.8688,0,0
3554,OpponentServe,None,1,-0.005,56,1.0874,3.4964,-15.6002,-2.3702,0.7648,11.9535,0,Ready,0,9,LowPickup,10.0504,4.1551,2.0494,0.8406,-10.944,0.4963,0,0,Serve prepare 0.00,0,9,95.6615,56.0502,0,0,Great,,1.95,-11.2,-2.35,12.35,0,0,0,0.9314,0,0
3555,OpponentServe,None,1,-0.005,56,1.0873,3.4969,-15.6001,-2.3702,0.7694,11.9535,0,Ready,0,9,LowPickup,10.3519,3.8866,2.078,0.8276,-10.9713,0.1796,0,0,Serve prepare 0.00,0,9,95.5734,55.9391,0,0,Great,,1.95,-11.2,-2.35,12.35,0,0,0,0.9273,0,0
3556,OpponentServe,None,1,-0.005,56,1.0872,3.4975,-15.6,-2.3702,0.7734,11.9535,0,Ready,0,9,LowPickup,10.8631,3.9324,2.0567,0.8307,-10.9437,0.4289,0,0,Serve prepare 0.00,0,9,95.4867,55.8311,0,0,Great,,1.95,-11.2,-2.35,12.35,0,0,0,0.8701,0,0
3557,OpponentServe,None,1,-0.005,56,1.087,3.4981,-15.5999,-2.3702,0.784,11.9535,0,Ready,0,9,LowPickup,11.6208,4.2327,2.0346,0.8352,-10.9176,0.7022,0,0,Serve prepare 0.00,0,9,95.4013,55.7256,0,0,Great,,1.95,-11.2,-2.35,12.35,0,0,0,0.7882,0,0
3558,OpponentServe,None,1,-0.005,56,1.0869,3.4987,-15.5998,-2.3702,0.7903,11.9535,0,Ready,0,9,LowPickup,12.7209,4.7514,2.0562,0.8149,-10.9285,0.776,0,0,Serve prepare 0.00,0,9,95.318,55.6225,0,0,Great,,1.95,-11.2,-2.35,12.35,0,0,0,0.6795,0,0
3559,OpponentServe,None,1,-0.005,56,1.0867,3.4992,-15.5997,-2.3702,0.8045,11.9535,0,Ready,0,9,LowPickup,13.959,5.4066,2.0799,0.7943,-10.9443,0.7581,0,0,Serve prepare 0.00,0,9,95.2371,55.5211,0,0,Great,,1.95,-11.2,-2.35,12.35,0,0,0,0.5525,0,0
3560,OpponentServe,None,1,-0.005,56,1.0866,3.4998,-15.5996,-2.3702,0.812,11.9535,0,Ready,0,9,LowPickup,15.214,6.1167,2.0695,0.7898,-10.9285,0.659,0,0,Serve prepare 0.00,0,9,95.1578,55.4208,0,0,Great,,1.95,-11.2,-2.35,12.35,0,0,0,0.4164,0,0
3561,OpponentServe,None,1,-0.005,56,1.0865,3.5005,-15.5995,-2.3702,0.8273,11.9535,0,Ready,0,9,LowPickup,16.3582,6.877,2.0563,0.7875,-10.9172,0.5544,0,0,Serve prepare 0.00,0,9,95.0798,55.3219,0,0,Great,,1.95,-11.2,-2.35,12.35,0,0,0,0.2414,0,0
3562,OpponentServe,None,1,-0.005,56,1.0863,3.5011,-15.5994,-2.3702,0.8349,11.9535,0,Ready,0,9,LowPickup,17.2247,7.6863,2.064,0.7803,-10.9442,0.4195,0,0,Serve prepare 0.00,0,9,95.003,55.2247,0,0,Great,,1.95,-11.2,-2.35,12.35,0,0,0,0.1207,0,0
3563,OpponentServe,None,1,-0.005,56,1.0861,3.5017,-15.5992,-2.3702,0.849,11.9535,0,Ready,0,9,LowPickup,17.8363,8.5113,2.0731,0.7795,-10.9779,0.2836,0,0,Serve prepare 0.00,0,9,94.9276,55.1302,0,0,Great,,1.95,-11.2,-2.35,12.35,0,0,0,0.3965,0,0
3564,OpponentServe,None,1,-0.005,56,1.086,3.5024,-15.5991,-2.3702,0.8553,11.9535,0,Ready,0,9,LowPickup,18.113,9.3219,2.0745,0.7778,-10.9809,0.0335,0,0,Serve prepare 0.00,0,9,94.8535,55.0382,0,0,Great,,1.95,-11.2,-2.35,12.35,0,0,0,0.7275,0,0
3565,OpponentServe,None,1,-0.005,56,1.0858,3.503,-15.599,-2.3702,0.8659,11.9535,0,Ready,0,9,LowPickup,18.2027,10.1175,2.0745,0.7757,-10.9755,0.0768,0,0,Serve prepare 0.00,0,9,94.7814,54.9485,0,0,Great,,1.95,-11.2,-2.35,12.35,0,0,0,0.994,0,0
3566,OpponentServe,None,1,-0.005,56,1.0857,3.5037,-15.5989,-2.3702,0.8699,11.9535,0,Ready,0,9,LowPickup,18.175,10.8617,2.0752,0.776,-10.9749,0.0326,0,0,Serve prepare 0.00,0,9,94.712,54.8609,0,0,Great,,1.95,-11.2,-2.35,12.35,0,0,0,1.1402,0,0
3567,OpponentServe,None,1,-0.005,56,1.0855,3.5043,-15.5988,-2.3702,0.8746,11.9535,0,Ready,0,9,LowPickup,18.1639,11.5492,2.0756,0.7796,-10.9744,0.0492,0,0,Serve prepare 0.00,0,9,94.6458,54.7751,0,0,Great,,1.95,-11.2,-2.35,12.35,0,0,0,1.1195,0,0
3568,OpponentServe,None,1,-0.005,56,1.0853,3.505,-15.5986,-2.3702,0.875,11.9535,0,Ready,0,9,LowPickup,18.3662,12.1275,2.0763,0.7894,-10.9761,0.0396,0,0,Serve prepare 0.00,0,9,94.5817,54.6916,0,0,Great,,1.95,-11.2,-2.35,12.35,0,0,0,0.8749,0,0
3569,OpponentServe,None,1,-0.005,56,1.0851,3.5057,-15.5985,-2.3702,0.875,11.9535,0,Ready,0,9,LowPickup,18.6366,12.5993,2.0745,0.7992,-10.9724,0.0402,0,0,Serve prepare 0.00,0,9,94.5191,54.6103,0,0,Great,,1.95,-11.2,-2.35,12.35,0,0,0,0.579,0,0
3570,OpponentServe,None,1,-0.005,56,1.0849,3.5064,-15.5984,-2.3702,0.875,11.9535,0,Ready,0,9,LowPickup,18.938,12.9858,2.0644,0.8029,-10.9487,0.0175,0,0,Serve prepare 0.00,0,9,94.4582,54.532,0,0,Great,,1.95,-11.2,-2.35,12.35,0,0,0,0.359,0,0
3571,OpponentServe,None,1,-0.005,56,1.0848,3.5071,-15.5983,-2.3702,0.875,11.9535,0,Ready,0,9,LowPickup,19.1557,13.2166,2.056,0.8092,-10.934,0.0838,0,0,Serve prepare 0.00,0,9,94.399,54.4576,0,0,Great,,1.95,-11.2,-2.35,12.35,0,0,0,0.3448,0,0
3572,OpponentServe,None,1,-0.005,56,1.0846,3.5078,-15.5981,-2.3702,0.875,11.9535,0,Ready,0,9,LowPickup,19.173,13.2615,2.0629,0.822,-10.9579,0.2344,0,0,Serve prepare 0.00,0,9,94.3417,54.3868,0,0,Great,,1.95,-11.2,-2.35,12.35,0,0,0,0.407,0,0
3573,OpponentServe,None,1,-0.005,56,1.0844,3.5085,-15.598,-2.3702,0.875,11.9535,0,Ready,0,9,LowPickup,18.9804,13.1147,2.0714,0.8387,-10.986,0.1348,0,0,Serve prepare 0.00,0,9,94.2862,54.3197,0,0,Great,,1.95,-11.2,-2.35,12.35,0,0,0,0.4173,0,0
3574,OpponentServe,None,1,-0.005,56,1.0842,3.5092,-15.5979,-2.3702,0.875,11.9535,0,Ready,0,9,LowPickup,18.4888,12.7592,2.0758,0.8441,-10.9719,0.1479,0,0,Serve prepare 0.00,0,9,94.2348,54.2557,0,0,Great,,1.95,-11.2,-2.35,12.35,0,0,0,0.3289,0,0
3575,OpponentServe,None,1,-0.005,56,1.084,3.5099,-15.5978,-2.3702,0.875,11.9535,0,Ready,0,9,LowPickup,17.83,12.2586,2.0777,0.8462,-10.9525,0.2503,0,0,Serve prepare 0.00,0,9,94.1858,54.1948,0,0,Great,,1.95,-11.2,-2.35,12.35,0,0,0,0.2054,0,0
3576,OpponentServe,None,1,-0.005,56,1.0838,3.5106,-15.5976,-2.3702,0.875,11.9535,0,Ready,0,9,LowPickup,17.0619,11.6329,2.0744,0.8482,-10.9544,0.5278,0,0,Serve prepare 0.00,0,9,94.1393,54.1365,0,0,Great,,1.95,-11.2,-2.35,12.35,0,0,0,0,0,0
3577,OpponentServe,None,1,-0.005,56,1.0836,3.5113,-15.5975,-2.3702,0.875,11.9535,0,Ready,0,9,LowPickup,16.2989,10.9697,2.0737,0.852,-10.9615,0.4969,0,0,Serve prepare 0.00,0,9,94.095,54.0807,0,0,Great,,1.95,-11.2,-2.35,12.35,0,0,0,0,0,0
3578,OpponentServe,None,1,-0.005,56,1.0833,3.5121,-15.5974,-2.3707,0.876,11.9538,0,Ready,0,9,LowPickup,15.6608,10.3231,2.0854,0.8642,-10.9666,0.2116,0,0,Serve prepare 0.00,0,9,94.0527,54.0271,0,0,Great,,1.95,-11.2,-2.35,12.35,0,0,0,0.1175,0,0
3579,OpponentServe,None,1,-0.005,56,1.0831,3.5128,-15.5972,-2.3764,0.8867,11.9571,0,Ready,0,9,LowPickup,15.1683,9.7553,2.0969,0.8769,-10.9719,0.1826,0,0,Serve prepare 0.00,0,9,94.0125,53.9758,0,0,Great,,1.95,-11.2,-2.35,12.35,0,0,0,0.1412,0,0
3580,OpponentServe,None,1,-0.005,56,1.0829,3.5135,-15.5971,-2.3813,0.896,11.96,0,Ready,0,9,LowPickup,14.8916,9.3519,2.1002,0.8804,-10.9725,0.2317,0,0,Serve prepare 0.00,0,9,93.9744,53.9267,0,0,Great,,1.95,-11.2,-2.35,12.35,0,0,0,0.1795,0,0
3581,OpponentServe,None,1,-0.005,56,1.0827,3.5142,-15.597,-2.3947,0.9213,11.9678,0,Ready,0,9,LowPickup,14.7922,9.0714,2.0985,0.8755,-10.9704,0.2832,0,0,Serve prepare 0.00,0,9,93.9385,53.8804,0,0,Great,,1.95,-11.2,-2.35,12.35,0,0,0,0.243,0,0
3582,OpponentServe,None,1,-0.005,56,1.0824,3.515,-15.5968,-2.403,0.937,11.9726,0,Ready,0,9,LowPickup,14.8767,8.9158,2.0891,0.8605,-10.9647,0.3479,0,0,Serve prepare 0.00,0,9,93.9047,53.8369,0,0,Great,,1.95,-11.2,-2.35,12.35,0,0,0,0.3277,0,0
3583,OpponentServe,None,1,-0.005,56,1.0822,3.5157,-15.5967,-2.4221,0.9731,11.9837,0,Ready,0,9,LowPickup,15.0821,8.8457,2.08,0.8494,-10.9582,0.3061,0,0,Serve prepare 0.00,0,9,93.8732,53.7964,0,0,Great,,1.95,-11.2,-2.35,12.35,0,0,0,0.4051,0,0
3584,OpponentServe,None,1,-0.005,56,1.082,3.5165,-15.5966,-2.4327,0.9932,11.9899,0,Ready,0,9,LowPickup,15.3608,8.8457,2.0812,0.8419,-10.9506,0.2201,0,0,Serve prepare 0.00,0,9,93.8439,53.7608,0,0,Great,,1.95,-11.2,-2.35,12.35,0,0,0,0.4692,0,0
3585,OpponentServe,None,1,-0.005,56,1.0817,3.5172,-15.5964,-2.4554,1.0361,12.0031,0,Ready,0,9,LowPickup,15.6829,8.8651,2.0874,0.8364,-10.9479,0.1217,0,0,Serve prepare 0.00,0,9,93.8169,53.7294,0,0,Great,,1.95,-11.2,-2.35,12.35,0,0,0,0.5016,0,0
3586,OpponentServe,None,1,-0.005,56,1.0815,3.5179,-15.5963,-2.4672,1.0585,12.01,0,Ready,0,9,LowPickup,16.0049,8.8345,2.1001,0.8344,-10.9638,0.2525,0,0,Serve prepare 0.00,0,9,93.7922,53.7018,0,0,Great,,1.95,-11.2,-2.35,12.35,0,0,0,0.5023,0,0
3587,OpponentServe,None,1,-0.005,56,1.0812,3.5187,-15.5962,-2.4914,1.1042,12.0241,0,Ready,0,9,LowPickup,16.3303,8.802,2.1074,0.8313,-10.9804,0.4225,0,0,Serve prepare 0.00,0,9,93.77,53.6774,0,0,Great,,1.95,-11.2,-2.35,12.35,0,0,0,0.4551,0,0
3588,OpponentServe,None,1,-0.005,56,1.081,3.5194,-15.596,-2.5035,1.127,12.0311,0,Ready,0,9,LowPickup,16.6427,8.7994,2.0951,0.8148,-10.9771,0.6231,0,0,Serve prepare 0.00,0,9,93.7505,53.6559,0,0,Great,,1.95,-11.2,-2.35,12.35,0,0,0,0.3437,0,0
3589,OpponentServe,None,1,-0.005,56,1.0807,3.5202,-15.5959,-2.527,1.1715,12.0448,0,Ready,0,9,LowPickup,16.9601,8.8145,2.0802,0.7964,-10.97,0.5222,0,0,Serve prepare 0.00,0,9,93.7333,53.6347,0,0,Great,,1.95,-11.2,-2.35,12.35,0,0,0,0.2446,0,0
3590,OpponentServe,None,1,-0.005,56,1.0805,3.521,-15.5958,-2.5382,1.1927,12.0513,0,Ready,0,9,LowPickup,17.3062,8.8289,2.0783,0.7873,-10.9684,0.1847,0,0,Serve prepare 0.00,0,9,93.7183,53.6143,0,0,Great,,1.95,-11.2,-2.35,12.35,0,0,0,0.2382,0,0
3591,OpponentServe,None,1,-0.005,56,1.0802,3.5217,-15.5956,-2.559,1.232,12.0634,0,Ready,0,9,LowPickup,17.6438,8.8909,2.0802,0.7768,-10.9682,0.074,0,0,Serve prepare 0.00,0,9,93.7057,53.5952,0,0,Great,,1.95,-11.2,-2.35,12.35,0,0,0,0.2824,0,0
3592,OpponentServe,None,1,-0.005,56,1.08,3.5225,-15.5955,-2.5683,1.2497,12.0689,0,Ready,0,9,LowPickup,17.9527,9.0706,2.0832,0.7674,-10.9703,0.2409,0,0,Serve prepare 0.00,0,9,93.6954,53.578,0,0,Great,,1.95,-11.2,-2.35,12.35,0,0,0,0.3218,0,0
3593,OpponentServe,None,1,-0.005,56,1.0797,3.5232,-15.5953,-2.5843,1.2798,12.0781,0,Ready,0,9,LowPickup,18.2118,9.301,2.0836,0.7575,-10.971,0.2288,0,0,Serve prepare 0.00,0,9,93.6875,53.565,0,0,Great,,1.95,-11.2,-2.35,12.35,0,0,0,0.3579,0,0
3594,OpponentServe,None,1,-0.005,56,1.0794,3.524,-15.5952,-2.5907,1.2919,12.0819,0,Ready,0,9,LowPickup,18.3896,9.5272,2.0715,0.7446,-10.9635,0.0477,0,0,Serve prepare 0.00,0,9,93.6818,53.5556,0,0,Great,,1.95,-11.2,-2.35,12.35,0,0,0,0.3653,0,0
3595,OpponentServe,None,1,-0.005,56,1.0791,3.5248,-15.5951,-2.5997,1.3089,12.0871,0,Ready,0,9,LowPickup,18.5014,9.7814,2.0623,0.7376,-10.9574,0.1314,0,0,Serve prepare 0.00,0,9,93.6785,53.5495,0,0,Great,,1.95,-11.2,-2.35,12.35,0,0,0,0.3726,0,0
3596,OpponentServe,None,1,-0.005,56,1.0789,3.5256,-15.5949,-2.6021,1.3134,12.0885,0,Ready,0,9,LowPickup,18.5419,10.0905,2.0757,0.7447,-10.9583,0.1332,0,0,Serve prepare 0.00,0,9,93.6775,53.5464,0,0,Great,,1.95,-11.2,-2.35,12.35,0,0,0,0.408,0,0
3597,OpponentServe,None,1,-0.005,56,1.0786,3.5264,-15.5948,-2.6004,1.3538,12.0897,0,Ready,0,9,LowPickup,18.5404,10.4,2.0914,0.7566,-10.9624,0.1101,0,0,Serve prepare 0.00,0,9,93.6789,53.5461,0,0,Great,,1.95,-11.2,-2.35,12.35,0,0,0,0.4414,0,0
3598,OpponentServe,None,1,-0.005,56,1.0783,3.5271,-15.5946,-2.5978,1.3919,12.0903,0,Ready,0,9,LowPickup,18.511,10.6442,2.096,0.7651,-10.9703,0.0308,0,0,Serve prepare 0.00,0,9,93.6826,53.5486,0,0,Great,,1.95,-11.2,-2.35,12.35,0,0,0,0.4246,0,0
3599,OpponentServe,None,1,-0.005,56,1.078,3.5279,-15.5945,-2.5931,1.4663,12.092,0,Ready,0,9,LowPickup,18.4889,10.8544,2.0941,0.77,-10.9666,0.0129,0,0,Serve prepare 0.01,0,9,97.7016,57.6788,0,0,Great,,1.95,-11.2,-2.35,12.35,0,0,0,0.3674,0,0
