f,flow,shot,ts,hitstop,fov,camx,camy,camz,bx,by,bz,live,pstate,pswing,pttc,pkind,phy,pcy,phx,phy2,phz,pskate,paw,pchain,rstate,rswing,rttc,rhy,rcy,rskate,shake,grade,evt,pux,puz,rux,ruz,dfov,pdip,plean,povershoot,rdip,rlean
0,PlayerServeHold,None,1,0,52,-0.6336,2.7369,-16.6848,1.9188,0.695,-12.05,0,Run,0,9,Drive,88.4148,89.9317,1.8672,0.7479,-12.6823,0.1888,0,0,Ready,0,9,7.9222,-2.1667,0.2273,0,Missed,,1.8388,-12.35,-1.95,11.2,52,0,0,0.2305,0,0
1,PlayerServeHold,None,1,0,52,-0.6176,2.7368,-16.6848,1.93,0.695,-12.05,0,Run,0,9,Drive,89.3656,90.0878,1.8647,0.748,-12.68,0,0,0,Ready,0,9,6.2937,-3.1009,0.1968,0,Missed,,1.85,-12.35,-1.95,11.2,0,0,0,0.2271,0,0
2,PlayerServeHold,None,1,0,52,-0.6012,2.7367,-16.6849,1.9525,0.695,-12.05,0,Run,0,9,Drive,90.2707,90.226,1.8744,0.7469,-12.6778,0,0,0,Ready,0,9,5.0536,-3.8374,0.1171,0,Missed,,1.8725,-12.35,-1.95,11.2,0,0,0,0.2117,0,0
3,PlayerServeHold,None,1,0,52,-0.5851,2.7365,-16.6849,1.9638,0.695,-12.05,0,Run,0,9,Drive,91.1847,90.3631,1.8726,0.7441,-12.6754,0,0,0,Ready,0,9,4.2098,-4.297,0,0,Missed,,1.8838,-12.35,-1.95,11.2,0,0,0,0.1931,0,0
4,PlayerServeHold,None,1,0,52,-0.5686,2.7363,-16.6849,1.9863,0.695,-12.05,0,Run,0,9,Drive,92.2157,90.5282,1.8802,0.739,-12.6725,0,0,0,Ready,0,9,3.9395,-4.3483,0,0,Missed,,1.9063,-12.35,-1.95,11.2,0,0,0,0.184,0,0
5,PlayerServeHold,None,1,0,52,-0.5526,2.736,-16.685,1.9975,0.695,-12.05,0,Run,0,9,Drive,93.1388,90.666,1.8781,0.7331,-12.6699,0.614,0,0,Ready,0,9,4.0308,-4.0768,0,0,Missed,,1.9175,-12.35,-1.95,11.2,0,0,0,0.1643,0,0
6,PlayerServeHold,None,1,0,52,-0.536,2.7357,-16.6851,2.02,0.695,-12.05,0,Run,0,9,Drive,93.8787,90.7608,1.89,0.7272,-12.6675,0.5895,0,0,Ready,0,9,4.3891,-3.4345,0,0,Missed,,1.94,-12.35,-1.95,11.2,0,0,0,0.1301,0,0
7,PlayerServeHold,None,1,0,52,-0.5199,2.7354,-16.6851,2.0313,0.695,-12.05,0,Run,0,9,Drive,94.5204,90.8371,1.892,0.721,-12.6653,0.105,0,0,Ready,0,9,4.8669,-2.5834,0,0,Missed,,1.9513,-12.35,-1.95,11.2,0,0,0,0.0933,0,0
8,PlayerServeHold,None,1,0,52,-0.5033,2.7351,-16.6852,2.0538,0.695,-12.05,0,Run,0,9,Drive,95.1113,90.9091,1.9061,0.7287,-12.7094,0.251,0,0,Ready,0,9,5.2834,-1.6128,0,0,Missed,,1.9738,-12.35,-1.95,11.2,0,0,0,0.0585,0,0
9,PlayerServeHold,None,1,0,52,-0.4871,2.7347,-16.6853,2.065,0.695,-12.05,0,Run,0,9,Drive,95.5958,90.9642,1.9104,0.7229,-12.7078,0.2547,0,0,Ready,0,9,5.6729,-0.5975,0,0,Missed,,1.985,-12.35,-1.95,11.2,0,0,0,0,0,0
10,PlayerServeHold,None,1,0,52,-0.4705,2.7343,-16.6854,2.0875,0.695,-12.05,0,Run,0,9,Drive,95.8679,90.9773,1.9292,0.7196,-12.7068,0.0063,0,0,Ready,0,9,6.0097,0.3567,0,0,Missed,,2.0075,-12.35,-1.95,11.2,0,0,0,0,0,0
11,PlayerServeHold,None,1,0,52,-0.4543,2.7338,-16.6855,2.0988,0.695,-12.05,0,Run,0,9,Drive,95.9859,90.9657,1.9387,0.7181,-12.7064,0.0012,0,0,Ready,0,9,6.2963,1.2368,0,0,Missed,,2.0188,-12.35,-1.95,11.2,0,0,0,0,0,0
12,PlayerServeHold,None,1,0,52,-0.4376,2.7333,-16.6857,2.1213,0.695,-12.05,0,Run,0,9,Drive,95.9405,90.9273,1.9626,0.7188,-12.7066,0.0031,0,0,Ready,0,9,6.5267,1.9786,0,0,Missed,,2.0413,-12.35,-1.95,11.2,0,0,0,0.0727,0,0
13,PlayerServeHold,None,1,0,52,-0.4214,2.7328,-16.6858,2.1325,0.695,-12.05,0,Run,0,9,Drive,95.73,90.8624,1.9767,0.7213,-12.7073,0.0015,0,0,Ready,0,9,6.7017,2.5905,0,0,Missed,,2.0525,-12.35,-1.95,11.2,0,0,0,0.1088,0,0
14,PlayerServeHold,None,1,0,52,-0.4047,2.7323,-16.686,2.1546,0.695,-12.05,0,Run,0,9,Drive,95.4074,90.7849,2.0035,0.7252,-12.7084,0.0002,0,0,Ready,0,9,6.8357,3.0578,0,0,Missed,,2.0746,-12.35,-1.95,11.2,0,0,0,0.1378,0,0
15,PlayerServeHold,None,1,0,52,-0.3885,2.7317,-16.6861,2.1653,0.695,-12.05,0,Run,0,9,Drive,94.9698,90.6934,2.0215,0.73,-12.7099,0.0081,0,0,Ready,0,9,6.8777,3.3688,0,0,Missed,,2.0853,-12.35,-1.95,11.2,0,0.0002,0.3737,0.1598,0,0
16,PlayerServeHold,None,1,0,52,-0.3719,2.7311,-16.6863,2.1861,0.695,-12.05,0,Run,0,9,Drive,94.4049,90.5838,2.051,0.7358,-12.7118,0.0034,0,0,Ready,0,9,6.7249,3.4915,0.7789,0,Missed,,2.1061,-12.35,-1.95,11.2,0,0.0007,0.5354,0.1775,0,0
17,PlayerServeHold,None,1,0,52,-0.3559,2.7304,-16.6865,2.1961,0.695,-12.05,0,Run,0,9,Drive,93.6595,90.4421,2.0614,0.7289,-12.6688,0.0342,0,0,Ready,0,9,6.5539,3.5019,0.2252,0,Missed,,2.1161,-12.35,-1.95,11.2,0,0.0015,0.9034,0.1981,0,0
18,PlayerServeHold,None,1,0,52,-0.3396,2.7297,-16.6867,2.2157,0.695,-12.05,0,Run,0,9,Drive,92.9049,90.3101,2.1035,0.7465,-12.716,0.0912,0,0,Ready,0,9,6.5278,3.4114,0.7175,0,Missed,,2.1357,-12.35,-1.95,11.2,0,0.0025,0.9529,0.2046,0,0
19,PlayerServeHold,None,1,0,52,-0.3238,2.729,-16.6869,2.2251,0.695,-12.05,0,Run,0,9,Drive,92.2015,90.0143,2.1134,0.7366,-12.6751,0.0326,0,0,Ready,0,9,6.567,3.3423,0.7274,0,Missed,,2.1451,-12.35,-1.95,11.2,0,0.0036,1.2327,0.4124,0,0
20,PlayerServeHold,None,1,0,52,-0.3078,2.7283,-16.6871,2.2434,0.695,-12.05,0,Run,0,9,Drive,91.4766,89.812,2.1422,0.7389,-12.6783,0.2176,0,0,Ready,0,9,6.634,3.4448,0.62,0,Missed,,2.1634,-12.35,-1.95,11.2,0,0.0047,1.2124,0.5062,0,0
21,PlayerServeHold,None,1,0,52,-0.2924,2.7275,-16.6873,2.2522,0.695,-12.05,0,Run,0,9,Drive,90.727,89.7247,2.1622,0.7411,-12.6814,0,0,0,Ready,0,9,6.7675,3.6965,0.4816,0,Missed,,2.1722,-12.35,-1.95,11.2,0,0.0058,1.4378,0.4609,0,0
22,PlayerServeHold,None,1,0,52,-0.2768,2.7267,-16.6876,2.2692,0.695,-12.05,0,Run,0,9,Drive,89.8675,89.5979,2.1912,0.7422,-12.6847,0,0,0,Ready,0,9,6.9787,4.1304,0.3448,0,Missed,,2.1892,-12.35,-1.95,11.2,0,0.0067,1.3743,0.4423,0,0
23,PlayerServeHold,None,1,0,52,-0.2619,2.7259,-16.6878,2.2774,0.695,-12.05,0,Run,0,9,Drive,89.12,89.5295,2.2123,0.7427,-12.6877,0,0,0,Ready,0,9,7.3025,4.7496,0.2573,0,Missed,,2.1974,-12.35,-1.95,11.2,0,0.0074,1.5657,0.3936,0,0
24,PlayerServeHold,None,1,0,52,-0.2468,2.725,-16.6881,2.2931,0.695,-12.05,0,Run,0,9,Drive,88.583,89.5705,2.2409,0.7416,-12.6898,0,0,0,Ready,0,9,7.736,5.5853,0.1005,0,Missed,,2.2131,-12.35,-1.95,11.2,0,0.0079,1.4754,0.3146,0,0
25,PlayerServeHold,None,1,0,52,-0.2323,2.7241,-16.6884,2.3007,0.695,-12.05,0,Run,0,9,Drive,88.2399,89.7237,2.2746,0.7536,-12.7255,0.8692,0,0,Ready,0,9,8.4056,6.5637,0.1805,0,Missed,,2.2207,-12.35,-1.95,11.2,0,0.0083,1.6459,0.2508,0,0
26,PlayerServeHold,None,1,0,52,-0.2178,2.7231,-16.6886,2.3152,0.695,-12.05,0,Run,0,9,Drive,88.0921,89.981,2.3036,0.7506,-12.7231,0.4851,0,0,Ready,0,9,9.5165,7.6085,0.1014,0,Missed,,2.2352,-12.35,-1.95,11.2,0,0.0085,1.5388,0.2477,0,0
27,PlayerServeHold,None,1,0,52,-0.2039,2.7222,-16.6889,2.3221,0.695,-12.05,0,Run,0,9,Drive,88.1584,90.3457,2.3256,0.7566,-12.7179,0.3325,0,0,Ready,0,9,10.806,8.6609,0.2468,0,Missed,,2.2421,-12.35,-1.95,11.2,0,0.0087,1.6962,0.317,0,0
28,PlayerServeHold,None,1,0,52,-0.1901,2.7212,-16.6893,2.3353,0.695,-12.05,0,Run,0,9,Drive,88.3888,90.7873,2.3533,0.7587,-12.7122,0.3307,0,0,Ready,0,9,12.175,9.6982,0.4785,0,Missed,,2.2553,-12.35,-1.95,11.2,0,0.0087,1.5787,0.4164,0,0
29,PlayerServeHold,None,1,0,52,-0.1768,2.7201,-16.6896,2.3416,0.695,-12.05,0,Run,0,9,Drive,88.8181,91.3123,2.3736,0.7575,-12.7069,0.1576,0,0,Ready,0,9,13.3628,10.5683,0.4172,0,Missed,,2.2616,-12.35,-1.95,11.2,0,0.0087,1.7287,0.5203,0,0
30,PlayerServeHold,None,1,0,52,-0.1636,2.7191,-16.6899,2.3535,0.695,-12.05,0,Run,0,9,Drive,89.3792,91.8834,2.3988,0.7576,-12.7037,0.1594,0,0,Ready,0,9,14.083,11.1724,0,0,Missed,,2.2735,-12.35,-1.95,11.2,0,0.0087,1.6047,0.6106,0,0
31,PlayerServeHold,None,1,0,52,-0.1509,2.718,-16.6903,2.3591,0.695,-12.05,0,Run,0,9,Drive,90.0104,92.4515,2.4166,0.7513,-12.6574,0.4117,0,0,Ready,0,9,14.3623,11.4421,0,0,Missed,,2.2791,-12.35,-1.95,11.2,0,0.0086,1.7497,0.6812,0,0
32,PlayerServeHold,None,1,0,52,-0.1384,2.7169,-16.6906,2.3698,0.695,-12.05,0,Run,0,9,Drive,90.5556,92.9092,2.4338,0.7551,-12.6509,0.2474,0,0,Ready,0,9,14.0483,11.2431,0,0,Missed,,2.2898,-12.35,-1.95,11.2,0,0.0086,1.6217,0.7206,0,0
33,PlayerServeHold,None,1,0,52,-0.1264,2.7157,-16.691,2.3748,0.695,-12.05,0,Run,0,9,Drive,91.0307,93.2484,2.4467,0.7588,-12.6393,0.1356,0,0,Ready,0,9,13.4056,10.7092,0,0,Missed,,2.2948,-12.35,-1.95,11.2,0,0.0086,1.7642,0.7385,0,0
34,PlayerServeHold,None,1,0,52,-0.1147,2.7146,-16.6913,2.3842,0.695,-12.05,0,Run,0,9,Drive,91.418,93.4174,2.4758,0.7648,-12.6112,0.2747,0,0,Ready,0,9,12.5848,9.8591,0,0,Missed,,2.3042,-12.35,-1.95,11.2,0,0.0085,1.6338,0.7322,0,0
35,PlayerServeHold,None,1,0,52,-0.1034,2.7133,-16.6917,2.3885,0.695,-12.05,0,Run,0,9,Drive,91.7673,93.439,2.4997,0.7748,-12.5818,0.3534,0,0,Ready,0,9,11.7425,8.8256,6.8526,0,Missed,,2.3085,-12.35,-1.95,11.2,0,0.0086,1.7748,0.7195,0,0
36,PlayerServeHold,None,1,0,52,-0.0924,2.7121,-16.6921,2.3966,0.695,-12.05,0,Run,0,9,Drive,92.1467,93.3142,2.5093,0.779,-12.5811,0.4159,0,0,Ready,0,9,11.0938,7.6866,0.6661,0,Missed,,2.3166,-12.35,-1.95,11.2,0,0.0086,1.6429,0.7206,0,0
37,PlayerServeHold,None,1,0,52,-0.082,2.7109,-16.6925,2.4004,0.695,-12.05,0,Run,0,9,Drive,92.5619,93.0922,2.5127,0.7884,-12.6267,0.4531,0,0,Ready,0,9,10.5785,6.5457,2.6746,0,Missed,,2.3204,-12.35,-1.95,11.2,0,0.0086,1.7836,0.7462,0,0
38,PlayerServeHold,None,1,0,52,-0.0717,2.7096,-16.6929,2.4072,0.695,-12.05,0,Run,0,9,Drive,93.0055,92.8338,2.537,0.7962,-12.5624,0.5063,0,0,Ready,0,9,10.1834,5.5215,0.6945,0,Missed,,2.3272,-12.35,-1.95,11.2,0,0.0086,1.651,0.768,0,0
39,PlayerServeHold,None,1,0,52,-0.062,2.7082,-16.6933,2.4103,0.695,-12.05,0,Run,0,9,Drive,93.5479,92.6028,2.5563,0.8103,-12.5378,1.3195,0,0,Ready,0,9,9.9816,4.6788,0.6639,0,Missed,,2.3303,-12.35,-1.95,11.2,0,0.0087,1.7924,0.7931,0,0
40,PlayerServeHold,None,1,0,52,-0.0526,2.7069,-16.6938,2.4158,0.695,-12.05,0,Run,0,9,Drive,94.247,92.4984,2.5518,0.8104,-12.5703,5.0197,0,0,Ready,0,9,10.0504,4.1418,0.4963,0,Missed,,2.3358,-12.35,-1.95,11.2,0,0.0087,1.659,0.7955,0,0
41,PlayerServeHold,None,1,0,52,-0.0437,2.7055,-16.6942,2.4182,0.695,-12.05,0,Run,0,9,Drive,95.1218,92.5445,2.5432,0.8098,-12.555,0.3223,0,0,Ready,0,9,10.3518,3.88,0.1798,0,Missed,,2.3382,-12.35,-1.95,11.2,0,0.0088,1.8023,0.7809,0,0
42,PlayerServeHold,None,1,0,52,-0.0352,2.7041,-16.6946,2.4224,0.695,-12.05,0,Run,0,9,Drive,96.1696,92.7997,2.5702,0.8134,-12.5545,0.5445,0,0,Ready,0,9,10.863,3.9315,0.4288,0,Missed,,2.3424,-12.35,-1.95,11.2,0,0.0088,1.6689,0.7301,0,0
43,PlayerServeHold,None,1,0,52,-0.0271,2.7027,-16.6951,2.3871,0.695,-12.0425,0,Run,0,9,Drive,90.4615,86.2918,2.6119,0.8189,-12.4697,0.3593,0,0,Ready,0,9,11.6205,4.2365,0.7022,0,Missed,,2.3442,-12.35,-1.95,11.2,0,0.0088,1.8156,0.6829,0,0
44,PlayerServeHold,None,1,0,52,-0.0193,2.7013,-16.6955,2.3521,0.695,-12.0396,0,Run,0,9,Drive,85.0941,79.9842,2.6254,0.807,-12.4433,0.6169,0,0,Ready,0,9,12.7206,4.759,0.7759,0,Missed,,2.3471,-12.35,-1.95,11.2,0,0.0088,1.6833,0.6773,0,0
45,PlayerServeHold,None,1,0,52,-0.0121,2.6998,-16.696,2.3155,0.695,-12.0413,0,Run,0,9,Drive,79.952,73.8544,2.6317,0.7934,-12.4208,0.7907,0,0,Ready,0,9,13.9587,5.418,0.7582,0,Missed,,2.3483,-12.35,-1.95,11.2,0,0.0089,1.8378,0.6918,0,0
46,PlayerServeHold,None,1,0,52,-0.0052,2.6983,-16.6965,2.2798,0.695,-12.0476,0,Run,0,9,Drive,74.885,67.7878,2.6466,0.7875,-12.3608,0.9706,0,0,Ready,0,9,15.2137,6.1317,0.6589,0,Missed,,2.35,-12.35,-1.95,11.2,0,0.0088,1.5387,0.7012,0,0
47,PlayerServeHold,None,1,0,52,0.0012,2.6968,-16.6969,2.2435,0.695,-12.0584,0,Serve prepare 0.00,0,9,Drive,69.2109,59.7573,2.6358,0.7831,-12.2839,1.3794,0.2083,0.1667,Ready,0,9,16.358,6.8958,0.5544,0,Missed,,2.35,-12.35,-1.95,11.2,0,0.0076,1.8716,2.4922,0,0
48,PlayerServeHold,None,1,0,52,0.0071,2.6952,-16.6974,2.2087,0.695,-12.0735,0,Serve prepare 0.00,0,9,Drive,65.2932,52.9883,2.6174,0.772,-12.2753,1.314,0.4167,0.3333,Ready,0,9,17.2245,7.7097,0.4195,0,Missed,,2.35,-12.35,-1.95,11.2,0,0.0058,1.5762,3.9221,0,0
49,PlayerServeHold,None,1,0,52,0.0126,2.6937,-16.6979,2.1761,0.695,-12.0928,0,Serve prepare 0.00,0,9,Drive,63.156,47.4814,2.5557,0.7637,-12.2561,0,0.625,0.5,Ready,0,9,17.8361,8.5401,0.2836,0,Missed,,2.35,-12.35,-1.95,11.2,0,0.0039,1.0033,5.0817,0,0
50,PlayerServeHold,None,1,0,52,0.0178,2.6921,-16.6984,2.146,0.695,-12.1159,0,Serve prepare 0.00,0,9,Drive,62.5407,43.0161,2.5274,0.7543,-12.2488,0,0.8333,0.6667,Ready,0,9,18.1129,9.3566,0.0335,0,Missed,,2.35,-12.35,-1.95,11.2,0,0.0021,0.6025,5.9918,0,0
51,PlayerServeHold,None,1,0,52,0.0226,2.6905,-16.6989,2.119,0.695,-12.1425,0,Serve prepare 0.00,0,9,Drive,63.3319,39.9203,2.5072,0.7463,-12.2533,0,1,0.8333,Ready,0,9,18.2026,10.1593,0.0768,0,Missed,,2.35,-12.35,-1.95,11.2,0,0.0006,0.3264,6.0775,0,0
52,PlayerServeHold,None,1,0,52,0.027,2.6888,-16.6994,2.0955,0.695,-12.1722,0,Serve prepare 0.00,0,9,Drive,65.3057,39.752,2.503,0.745,-12.2799,0,1,1,Ready,0,9,18.175,10.9121,0.0327,0,Missed,,2.35,-12.35,-1.95,11.2,0,-0.0005,0.1403,3.7765,0,0
53,PlayerServeHold,None,1,0,52,0.0312,2.6872,-16.6999,2.0757,0.695,-12.2046,0,Serve prepare 0.00,0,9,Drive,67.6309,40.363,2.5061,0.7462,-12.3082,0,1,1,Ready,0,9,18.1638,11.6094,0.0492,0,Missed,,2.35,-12.35,-1.95,11.2,0,-0.0012,0.0184,1.9057,0,0
54,PlayerServeHold,None,1,0,52,0.0351,2.6855,-16.7004,2.06,0.695,-12.2391,0,Serve prepare 0.00,0,9,Drive,70.6123,41.4695,2.5391,0.7496,-12.3404,0,1,1,Ready,0,9,18.3662,12.1978,0.0395,0,Missed,,2.35,-12.35,-1.95,11.2,0,-0.0015,0,1.5056,0,0
55,PlayerServeHold,None,1,0,52,0.0387,2.6838,-16.7009,2.5046,0.875,-11.9843,0,Serve prepare 0.00,0,9,Drive,74.7906,43.718,2.5538,0.7521,-12.3644,0,1,1,Ready,0,9,18.6365,12.6792,0.0402,0,Missed,,2.35,-12.35,-1.95,11.2,0,-0.0015,0,1.9217,0,0
56,PlayerServeHold,None,1,0,52,0.0422,2.6821,-16.7014,2.4917,0.875,-11.9792,0,Serve prepare 0.00,0,9,Drive,84.3081,51.2558,2.5449,0.7533,-12.3885,0,1,1,Ready,0,9,18.9378,13.0741,0.0175,0,Missed,,2.35,-12.35,-1.95,11.2,0,-0.0013,0,2.1901,0,0
57,PlayerServeHold,None,1,0,52,0.0454,2.6804,-16.7019,2.4787,0.875,-11.9745,0,Serve prepare 0.00,0,9,Drive,91.902,57.0543,2.5571,0.7536,-12.4129,0,1,1,Ready,0,9,19.1557,13.3124,0.0838,0,Missed,,2.35,-12.35,-1.95,11.2,0,-0.001,0,2.2739,0,0
58,PlayerServeHold,None,1,0,52,0.0484,2.6787,-16.7024,2.4655,0.875,-11.9702,0,Serve prepare 0.00,0,9,Drive,96.8439,60.7108,2.5995,0.7644,-12.433,0,1,1,Ready,0,9,19.173,13.3646,0.2345,0,Missed,,2.35,-12.35,-1.95,11.2,0,-0.0007,0,2.1609,0,0
59,PlayerServeHold,None,1,0,52,0.0512,2.6769,-16.7029,2.4522,0.875,-11.9664,0,Serve prepare 0.00,0,9,Drive,99.6859,62.6389,2.6066,0.7633,-12.4456,0,1,1,Ready,0,9,18.9805,13.2244,0.1348,0,Missed,,2.35,-12.35,-1.95,11.2,0,-0.0004,0,1.835,0,0
60,PlayerServeHold,None,1,0,52,0.0539,2.6751,-16.7035,2.4387,0.8533,-11.9631,0,Serve prepare 0.00,0,9,Drive,100.9659,63.277,2.6161,0.7618,-12.4484,0,1,1,Ready,0,9,18.489,12.8746,0.1479,0,Missed,,2.35,-12.35,-1.95,11.2,0,-0.0001,0,1.3751,0,0
61,PlayerServeHold,None,1,0,52,0.0565,2.6733,-16.704,2.4252,0.8422,-11.9602,0,Serve prepare 0.00,0,9,Drive,101.1624,63.0154,2.6239,0.761,-12.4471,0,1,1,Ready,0,9,17.8301,12.3788,0.2503,0,Missed,,2.35,-12.35,-1.95,11.2,0,0.0001,0,0.8917,0,0
62,PlayerServeHold,None,1,0,52,0.0589,2.6715,-16.7045,2.4115,0.82,-11.9578,0,Serve prepare 0.00,0,9,Drive,100.6228,62.1517,2.6297,0.7605,-12.4433,0,1,1,Ready,0,9,17.0621,11.7577,0.5277,0,Missed,,2.35,-12.35,-1.95,11.2,0,0.0002,0,0.5113,0,0
63,PlayerServeHold,None,1,0,52,0.0611,2.6697,-16.705,2.3978,0.8089,-11.9559,0,Serve prepare 0.00,0,9,Drive,99.5969,60.8993,2.6226,0.7486,-12.4497,0,1,1,Ready,0,9,16.2991,11.0977,0.497,0,Missed,,2.35,-12.35,-1.95,11.2,0,0.0002,0,0.428,0,0
64,PlayerServeHold,None,1,0,52,0.0633,2.6679,-16.7055,2.384,0.7729,-11.9545,0,Serve prepare 0.00,0,9,Drive,98.2535,59.404,2.6271,0.7484,-12.443,0,1,1,Ready,0,9,15.661,10.4524,0.2116,0,Missed,,2.35,-12.35,-1.95,11.2,0,0.0003,0,0.5747,0,0
65,PlayerServeHold,None,1,0,52,0.0653,2.666,-16.7061,2.3702,0.7429,-11.9535,0,Serve prepare 0.00,0,9,Drive,96.7038,57.7639,2.6308,0.7483,-12.4353,0,1,1,Ready,0,9,15.1684,9.8839,0.1826,0,Missed,,2.35,-12.35,-1.95,11.2,0,0.0002,0,0.7044,0,0
66,PlayerServeHold,None,1,0,52,0.0673,2.6642,-16.7066,2.3702,0.6808,-11.9535,0,Serve prepare 0.00,0,9,Drive,97.0219,58.0418,2.6308,0.7482,-12.4369,0,1,1,Ready,0,9,14.8916,9.4786,0.2317,0,Missed,,2.35,-12.35,-1.95,11.2,0,0.0002,0,0.7517,0,0
67,PlayerServeHold,None,1,0,52,0.0692,2.6623,-16.7071,2.3702,0.6487,-11.9535,0,Serve prepare 0.00,0,9,Drive,97.2558,58.2756,2.6417,0.76,-12.4255,0,1,1,Ready,0,9,14.7922,9.1945,0.2832,0,Missed,,2.35,-12.35,-1.95,11.2,0,0.0001,0,0.7187,0,0
68,PlayerServeHold,None,1,0,52,0.071,2.6604,-16.7076,2.3702,0.5826,-11.9535,0,Serve prepare 0.00,0,9,Drive,97.4342,58.4868,2.641,0.7597,-12.4268,0,1,1,Ready,0,9,14.8767,9.0336,0.3478,0,Missed,,2.35,-12.35,-1.95,11.2,0,0.0001,0,0.6231,0,0
69,PlayerServeHold,None,1,0,52,0.0727,2.6585,-16.7081,2.3702,0.5485,-11.9535,0,Serve prepare 0.00,0,9,Drive,97.6604,58.7557,2.6403,0.7591,-12.4284,0,1,1,Ready,0,9,15.0821,8.9577,0.3062,0,Missed,,2.35,-12.35,-1.95,11.2,0,0,0,0.4862,0,0
70,PlayerServeHold,None,1,0,52,0.0743,2.6566,-16.7087,2.3702,0.4782,-11.9535,0,Serve prepare 0.00,0,9,Drive,97.7519,58.9221,2.6394,0.7587,-12.4296,0,1,1,Ready,0,9,15.3607,8.9528,0.2201,0,Missed,,2.35,-12.35,-1.95,11.2,0,0,0,0.3517,0,0
71,PlayerServeHold,None,1,0,52,0.0759,2.6547,-16.7092,2.3702,0.4421,-11.9535,0,Serve prepare 0.00,0,9,Drive,97.843,59.0949,2.6384,0.7582,-12.4309,0,1,1,Ready,0,9,15.6828,8.9688,0.1217,0,Missed,,2.35,-12.35,-1.95,11.2,0,0,0,0.2238,0,0
72,PlayerServeHold,None,1,0,52,0.0775,2.6528,-16.7097,2.3702,0.3677,-11.9535,0,Serve prepare 0.00,0,9,Drive,97.9335,59.2699,2.6375,0.7576,-12.4323,0,1,1,Ready,0,9,16.0048,8.9367,0.2524,0,Missed,,2.35,-12.35,-1.95,11.2,0,0,0,0,0,0
73,PlayerServeHold,None,1,0,52,0.0789,2.6508,-16.7102,2.3702,0.3295,-11.9535,0,Serve prepare 0.00,0,9,Drive,98.0233,59.4437,2.6366,0.7571,-12.4336,0,1,1,Ready,0,9,16.3302,8.9046,0.4225,0,Missed,,2.35,-12.35,-1.95,11.2,0,0,0,0,0,0
74,PlayerServeHold,None,1,0,52,0.0804,2.6489,-16.7107,2.3702,0.2511,-11.9535,0,Serve prepare 0.00,0,9,Drive,98.1108,59.6129,2.6359,0.7566,-12.4351,0,1,1,Ready,0,9,16.6426,8.9052,0.623,0,Missed,,2.35,-12.35,-1.95,11.2,0,0,0,0.1679,0,0
75,PlayerServeHold,None,1,0,52,0.0818,2.647,-16.7113,2.3702,0.2109,-11.9535,0,Serve prepare 0.00,0,9,Drive,98.1988,59.7759,2.6353,0.7562,-12.4366,0,1,1,Ready,0,9,16.96,8.9241,0.5223,0,Missed,,2.35,-12.35,-1.95,11.2,0,0,0,0.1897,0,0
76,PlayerServeHold,None,1,0,52,0.0831,2.645,-16.7118,2.3702,0.1397,-11.9535,0,Serve prepare 0.00,0,9,Drive,98.2872,59.9314,2.6347,0.7558,-12.438,0,1,1,Ready,0,9,17.3061,8.9413,0.1848,0,Missed,,2.35,-12.35,-1.95,11.2,0,0,0,0.2056,0,0
77,PlayerServeHold,None,1,0,52,0.0845,2.6431,-16.7123,2.3702,0.1685,-11.9535,0,Serve prepare 0.00,0,9,Drive,98.3748,60.0799,2.6343,0.7554,-12.4395,0,1,1,Ready,0,9,17.6438,9.0061,0.074,0,Missed,,2.35,-12.35,-1.95,11.2,0,0,0,0.1897,0,0
78,PlayerServeHold,None,1,0,52,0.0858,2.6411,-16.7128,2.3702,0.2241,-11.9535,0,Serve prepare 0.00,0,9,Drive,98.4615,60.2228,2.6338,0.7551,-12.4409,0,1,1,Ready,0,9,17.9526,9.189,0.2408,0,Missed,,2.35,-12.35,-1.95,11.2,0,0,0,0.1631,0,0
79,PlayerServeHold,None,1,0,52,0.087,2.6391,-16.7134,2.3702,0.2509,-11.9535,0,Serve prepare 0.00,0,9,Drive,98.5471,60.3604,2.6334,0.7548,-12.4423,0,1,1,Ready,0,9,18.2117,9.4231,0.2289,0,Missed,,2.35,-12.35,-1.95,11.2,0,0,0,0,0,0
80,PlayerServeHold,None,1,0,52,0.0883,2.6372,-16.7139,2.3702,0.3024,-11.9535,0,Serve prepare 0.00,0,9,Drive,98.6312,60.494,2.633,0.7545,-12.4436,0,1,1,Ready,0,9,18.3895,9.6533,0.0477,0,Missed,,2.35,-12.35,-1.95,11.2,0,0,0,0,0,0
81,PlayerServeHold,None,1,0,52,0.0895,2.6352,-16.7144,2.3702,0.3272,-11.9535,0,Serve prepare 0.00,0,9,Drive,98.7133,60.6241,2.6327,0.7543,-12.4449,0,1,1,Ready,0,9,18.5014,9.9122,0.1314,0,Missed,,2.35,-12.35,-1.95,11.2,0,0,0,0,0,0
82,PlayerServeHold,None,1,0,52,0.0907,2.6332,-16.7149,2.3702,0.3746,-11.9535,0,Serve prepare 0.00,0,9,Drive,98.8002,60.75,2.6323,0.754,-12.4462,0,1,1,Ready,0,9,18.5419,10.2274,0.1332,0,Missed,,2.35,-12.35,-1.95,11.2,0,0,0,0,0,0
83,PlayerServeHold,None,1,0,52,0.0919,2.6313,-16.7154,2.3702,0.3973,-11.9535,0,Serve prepare 0.00,0,9,Drive,98.8859,60.8728,2.6319,0.7537,-12.4474,0,1,1,Ready,0,9,18.5404,10.5426,0.1101,0,Missed,,2.35,-12.35,-1.95,11.2,0,0,0,0,0,0
84,PlayerServeHold,None,1,0,52,0.093,2.6293,-16.716,2.3702,0.4407,-11.9535,0,Serve prepare 0.00,0,9,Drive,98.9698,60.9929,2.6315,0.7535,-12.4486,0,1,1,Ready,0,9,18.511,10.7903,0.0308,0,Missed,,2.35,-12.35,-1.95,11.2,0,0,0,0,0,0
85,PlayerServeHold,None,1,0,52,0.0942,2.6273,-16.7165,2.3702,0.4614,-11.9535,0,Serve prepare 0.00,0,9,Drive,99.052,61.1125,2.6311,0.7532,-12.4497,0,1,1,Ready,0,9,18.4889,11.0021,0.0129,0,Missed,,2.35,-12.35,-1.95,11.2,0,0,0,0,0,0
86,PlayerServeHold,None,1,0,52,0.0953,2.6253,-16.717,2.3702,0.5006,-11.9535,0,Serve prepare 0.00,0,9,Drive,99.1322,61.2307,2.6306,0.753,-12.4507,0,1,1,Ready,0,9,18.5303,11.1945,0.0147,0,Missed,,2.35,-12.35,-1.95,11.2,0,0,0,0,0,0
87,PlayerServeHold,None,1,0,52,0.0964,2.6234,-16.7175,2.3702,0.5192,-11.9535,0,Serve prepare 0.00,0,9,Drive,99.2105,61.3476,2.6301,0.7527,-12.4518,0,1,1,Ready,0,9,18.5792,11.327,0.0133,0,Missed,,2.35,-12.35,-1.95,11.2,0,0,0,0,0,0
88,PlayerServeHold,None,1,0,52,0.0976,2.6214,-16.718,2.3702,0.5544,-11.9535,0,Serve prepare 0.00,0,9,Drive,99.2868,61.4635,2.6295,0.7524,-12.4528,0,1,1,Ready,0,9,18.6069,11.3662,0.0151,0,Missed,,2.35,-12.35,-1.95,11.2,0,0,0,0,0,0
89,PlayerServeHold,None,1,0,52,0.0987,2.6194,-16.7185,2.3702,0.571,-11.9535,0,Serve prepare 0.00,0,9,Drive,99.3614,61.5778,2.6289,0.7521,-12.4537,0,1,1,Ready,0,9,18.5948,11.326,0.0162,0,Missed,,2.35,-12.35,-1.95,11.2,0,0,0,0,0,0
90,PlayerServeHold,None,1,0,52,0.0998,2.6175,-16.719,2.3702,0.6021,-11.9535,0,Serve prepare 0.00,0,9,Drive,99.4343,61.69,2.6282,0.7518,-12.4547,0,1,1,Ready,0,9,18.4979,11.2097,0.0062,0,Missed,,2.35,-12.35,-1.95,11.2,0,0,0,0,0,0
91,PlayerServeHold,None,1,0,52,0.1008,2.6155,-16.7195,2.3702,0.6166,-11.9535,0,Serve prepare 0.00,0,9,Drive,99.5051,61.7998,2.6274,0.7514,-12.4557,0,1,1,Ready,0,9,18.3722,11.0494,0.0057,0,Missed,,2.35,-12.35,-1.95,11.2,0,0,0,0,0,0
92,PlayerServeHold,None,1,0,52,0.1019,2.6136,-16.72,2.3702,0.6436,-11.9535,0,Serve prepare 0.00,0,9,Drive,99.5736,61.9066,2.6267,0.751,-12.4567,0,1,1,Ready,0,9,18.246,10.876,0.0122,0,Missed,,2.35,-12.35,-1.95,11.2,0,0,0,0,0,0
93,PlayerServeHold,None,1,0,52,0.103,2.6116,-16.7205,2.3702,0.6561,-11.9535,0,Serve prepare 0.00,0,9,Drive,99.6399,62.0114,2.6261,0.7506,-12.4577,0,1,1,Ready,0,9,18.1502,10.7051,0.0152,0,Missed,,2.35,-12.35,-1.95,11.2,0,0,0,0,0,0
94,PlayerServeHold,None,1,0,52,0.104,2.6097,-16.721,2.3702,0.679,-11.9535,0,Serve prepare 0.00,0,9,Drive,99.7039,62.1133,2.6255,0.7503,-12.4587,0,1,1,Ready,0,9,18.11,10.5488,0.0201,0,Missed,,2.35,-12.35,-1.95,11.2,0,0,0,0,0,0
95,PlayerServeHold,None,1,0,52,0.1051,2.6077,-16.7215,2.3702,0.6895,-11.9535,0,Serve prepare 0.00,0,9,Drive,99.7655,62.2122,2.625,0.7499,-12.4596,0,1,1,Ready,0,9,18.1664,10.4406,0.0132,0,Missed,,2.35,-12.35,-1.95,11.2,0,0,0,0,0,0
96,PlayerServeHold,None,1,0,52,0.1062,2.6058,-16.722,2.3702,0.7083,-11.9535,0,Serve prepare 0.00,0,9,Drive,99.8248,62.3078,2.6245,0.7496,-12.4606,0,1,1,Ready,0,9,18.4075,10.4299,0.012,0,Missed,,2.35,-12.35,-1.95,11.2,0,0,0,0,0,0
97,PlayerServeHold,None,1,0,52,0.1072,2.6039,-16.7225,2.3702,0.7167,-11.9535,0,Serve prepare 0.00,0,9,Drive,99.8812,62.3996,2.6241,0.7493,-12.4615,0,1,1,Ready,0,9,18.7066,10.4564,0.0174,0,Missed,,2.35,-12.35,-1.95,11.2,0,0,0,0,0,0
98,PlayerServeHold,None,1,0,52,0.1082,2.602,-16.723,2.3702,0.7315,-11.9535,0,Serve prepare 0.00,0,9,Drive,99.9352,62.4876,2.6239,0.749,-12.4625,0,1,1,Ready,0,9,18.9662,10.4776,0.0093,0,Missed,,2.35,-12.35,-1.95,11.2,0,0,0,0,0,0
99,PlayerServeHold,None,1,0,52,0.1093,2.6001,-16.7235,2.3702,0.7378,-11.9535,0,Serve prepare 0.00,0,9,Drive,99.9841,62.572,2.6236,0.7487,-12.4633,0,1,1,Ready,0,9,19.2033,10.5121,0.0074,0,Missed,,2.35,-12.35,-1.95,11.2,0,0,0,0,0,0
100,PlayerServeHold,None,1,0,52,0.1103,2.5982,-16.724,2.3702,0.7485,-11.9535,0,Serve prepare 0.00,0,9,Drive,100.03,62.6526,2.6235,0.7485,-12.4641,0,1,1,Ready,0,9,19.3898,10.5591,0.0165,0,Missed,,2.35,-12.35,-1.95,11.2,0,0,0,0,0,0
101,PlayerServeHold,None,1,0,52,0.1114,2.5963,-16.7245,2.3702,0.7528,-11.9535,0,Serve prepare 0.00,0,9,Drive,100.0734,62.7293,2.6234,0.7484,-12.4649,0,1,1,Ready,0,9,19.5647,10.6437,0.018,0,Missed,,2.35,-12.35,-1.95,11.2,0,0,0,0,0,0
102,PlayerServeHold,None,1,0,52,0.1124,2.5944,-16.725,2.3702,0.7594,-11.9535,0,Serve prepare 0.00,0,9,Drive,100.1143,62.802,2.6233,0.7482,-12.4656,0,1,1,Ready,0,9,19.7556,10.7917,0.0116,0,Missed,,2.35,-12.35,-1.95,11.2,0,0,0,0,0,0
103,PlayerServeHold,None,1,0,52,0.1134,2.5926,-16.7254,2.3702,0.7616,-11.9535,0,Serve prepare 0.00,0,9,Drive,100.1527,62.8706,2.6233,0.7481,-12.4662,0,1,1,Ready,0,9,19.9635,10.9904,0.0099,0,Missed,,2.35,-12.35,-1.95,11.2,0,0,0,0,0,0
104,PlayerServeHold,None,1,0,52,0.1144,2.5907,-16.7259,2.3702,0.7641,-11.9535,0,Serve prepare 0.00,0,9,Drive,100.1885,62.9351,2.6233,0.748,-12.4668,0,1,1,Ready,0,9,20.2062,11.2345,0.0098,0,Missed,,2.35,-12.35,-1.95,11.2,0,0,0,0,0,0
105,PlayerServeHold,None,1,0,52,0.1154,2.5889,-16.7264,2.3702,0.7644,-11.9535,0,Serve prepare 0.00,0,9,Drive,100.2217,62.9919,2.6233,0.748,-12.4672,0,1,1,Ready,0,9,20.4593,11.5125,0.0096,0,Missed,,2.35,-12.35,-1.95,11.2,0,0,0,0,0,0
106,PlayerServeHold,None,1,0,52,0.1164,2.587,-16.7269,2.3702,0.7675,-11.9535,0,Serve prepare 0.00,0,9,Drive,100.2522,63.046,2.6234,0.748,-12.4677,0,1,1,Ready,0,9,20.7492,11.8405,0.0057,0,Missed,,2.35,-12.35,-1.95,11.2,0,0,0,0,0,0
107,PlayerServeHold,None,1,0,52,0.1175,2.5852,-16.7273,2.3702,0.7708,-11.9535,0,Serve prepare 0.00,0,9,Drive,100.2801,63.0974,2.6234,0.748,-12.468,0,1,1,Ready,0,9,20.9425,12.1238,0.008,0,Missed,,2.35,-12.35,-1.95,11.2,0,0,0,0,0,0
108,PlayerServeHold,None,1,0,52,0.1185,2.5834,-16.7278,2.3702,0.7804,-11.9535,0,Serve prepare 0.00,0,9,Drive,100.3054,63.1413,2.6235,0.748,-12.4684,0,1,1,Ready,0,9,20.9204,12.282,0.0117,0,Missed,,2.35,-12.35,-1.95,11.2,0,0,0,0,0,0
109,PlayerServeHold,None,1,0,52,0.1195,2.5816,-16.7282,2.3702,0.7863,-11.9535,0,Serve prepare 0.00,0,9,Drive,100.3279,63.1833,2.6236,0.748,-12.4686,0,1,1,Ready,0,9,20.6864,12.3206,0.0136,0,Missed,,2.35,-12.35,-1.95,11.2,0,0,0,0,0,0
110,PlayerServeHold,None,1,0,52,0.1205,2.5798,-16.7287,2.3702,0.7999,-11.9535,0,Serve prepare 0.00,0,9,Drive,100.3477,63.2184,2.6237,0.7481,-12.4689,0,1,1,Ready,0,9,20.1762,12.2161,0.0179,0,Missed,,2.35,-12.35,-1.95,11.2,0,0,0,0,0,0
111,PlayerServeHold,None,1,0,52,0.1215,2.5781,-16.7291,2.3702,0.8073,-11.9535,0,Serve prepare 0.00,0,9,Drive,100.3647,63.2476,2.6237,0.7481,-12.4691,0,1,1,Ready,0,9,19.4805,11.9899,0.0151,0,Missed,,2.35,-12.35,-1.95,11.2,0,0,0,0,0,0
112,PlayerServeHold,None,1,0,52,0.1224,2.5763,-16.7296,2.3702,0.8226,-11.9535,0,Serve prepare 0.00,0,9,Drive,100.379,63.2714,2.6238,0.7481,-12.4692,0,1,1,Ready,0,9,18.6388,11.6333,0.0032,0,Missed,,2.35,-12.35,-1.95,11.2,0,0,0,0,0,0
113,PlayerServeHold,None,1,0,52,0.1234,2.5746,-16.73,2.3702,0.8302,-11.9535,0,Serve prepare 0.00,0,9,Drive,100.3905,63.2946,2.6239,0.7482,-12.4693,0,1,1,Ready,0,9,17.7308,11.1832,0.0048,0,Missed,,2.35,-12.35,-1.95,11.2,0,0,0,0,0,0
114,PlayerServeHold,None,1,0,52,0.1244,2.5728,-16.7305,2.3702,0.8448,-11.9535,0,Serve prepare 0.00,0,9,Drive,100.3993,63.3121,2.6239,0.7482,-12.4694,0,1,1,Ready,0,9,16.8163,10.6549,0.0177,0,Missed,,2.35,-12.35,-1.95,11.2,0,0,0,0,0,0
115,PlayerServeHold,None,1,0,52,0.1254,2.5711,-16.7309,2.3702,0.8515,-11.9535,0,Serve prepare 0.00,0,9,Drive,100.4052,63.3243,2.6239,0.7482,-12.4695,0,1,1,Ready,0,9,15.9817,10.0664,0.2052,0,Missed,,2.35,-12.35,-1.95,11.2,0,0,0,0,0,0
116,PlayerServeHold,None,1,0,52,0.1263,2.5694,-16.7313,2.3702,0.863,-11.9535,0,Serve prepare 0.00,0,9,Drive,100.4083,63.3319,2.624,0.7482,-12.4696,0,1,1,Ready,0,9,15.3498,9.433,0.2918,0,Missed,,2.35,-12.35,-1.95,11.2,0,0,0,0,0,0
117,PlayerServeHold,None,1,0,52,0.1273,2.5677,-16.7318,2.3702,0.8675,-11.9535,0,Serve prepare 0.00,0,9,Drive,100.4088,63.3347,2.624,0.7482,-12.4696,0,1,1,Ready,0,9,14.854,8.7417,0.3006,0,Missed,,2.35,-12.35,-1.95,11.2,0,0,0,0,0,0
118,PlayerServeHold,None,1,0,52,0.1283,2.5661,-16.7322,2.3702,0.8736,-11.9535,0,Serve prepare 0.00,0,9,Drive,100.4063,63.3334,2.624,0.7482,-12.4696,0,1,1,Ready,0,9,14.4748,7.9925,0.2945,0,Missed,,2.35,-12.35,-1.95,11.2,0,0,0,0,0,0
119,PlayerServeHold,None,1,0,52,0.1292,2.5644,-16.7326,2.3702,0.8749,-11.9535,0,Serve prepare 0.00,0,9,Drive,100.401,63.3279,2.624,0.7482,-12.4695,0,1,1,Ready,0,9,14.2,7.1881,0.1597,0,Missed,,2.35,-12.35,-1.95,11.2,0,0,0,0,0,0
120,PlayerServeHold,None,1,0,52,0.1302,2.5628,-16.733,2.3702,0.8575,-11.9535,0,Serve prepare 0.00,0,9,Drive,100.393,63.3184,2.6239,0.7482,-12.4695,0,1,1,Ready,0,9,14.0302,6.3425,0.1551,0,Missed,,2.35,-12.35,-1.95,11.2,0,0,0,0,0,0
121,PlayerServeHold,None,1,0,52,0.1311,2.5612,-16.7334,2.3702,0.8464,-11.9535,0,Serve prepare 0.00,0,9,Drive,100.3822,63.3051,2.6239,0.7482,-12.4694,0,1,1,Ready,0,9,13.9082,5.4622,0.2889,0,Missed,,2.35,-12.35,-1.95,11.2,0,0,0,0,0,0
122,PlayerServeHold,None,1,0,52,0.132,2.5596,-16.7338,2.3702,0.8242,-11.9535,0,Serve prepare 0.00,0,9,Drive,100.3686,63.2879,2.6238,0.7481,-12.4693,0,1,1,Ready,0,9,13.7775,4.5696,0.3517,0,Missed,,2.35,-12.35,-1.95,11.2,0,0,0,0,0,0
123,PlayerServeHold,None,1,0,52,0.133,2.558,-16.7342,2.3702,0.8131,-11.9535,0,Serve prepare 0.00,0,9,Drive,100.3523,63.2671,2.6238,0.7481,-12.4692,0,1,1,Ready,0,9,13.6458,3.6801,0.3126,0,Missed,,2.35,-12.35,-1.95,11.2,0,0,0,0,0,0
124,PlayerServeHold,None,1,0,52,0.1339,2.5564,-16.7346,2.3702,0.784,-11.9535,0,Serve prepare 0.00,0,9,Drive,100.3332,63.2427,2.6237,0.7481,-12.469,0,1,1,Ready,0,9,13.4987,2.8255,0.1047,0,Missed,,2.35,-12.35,-1.95,11.2,0,0,0,0,0,0
125,PlayerServeHold,None,1,0,52,0.1348,2.5548,-16.735,2.3702,0.7542,-11.9535,0,Serve prepare 0.00,0,9,Drive,100.3114,63.2147,2.6237,0.7481,-12.4688,0,1,1,Ready,0,9,13.3426,1.9955,0.0424,0,Missed,,2.35,-12.35,-1.95,11.2,0,0,0,0,0,0
126,PlayerServeHold,None,1,0,52,0.1357,2.5533,-16.7354,2.3702,0.6927,-11.9535,0,Serve prepare 0.00,0,9,Drive,100.2868,63.1782,2.6236,0.7481,-12.4685,0,1,1,Ready,0,9,12.9094,1.4275,0.2462,0,Missed,,2.35,-12.35,-1.95,11.2,0,0,0,0,0,0
127,PlayerServeHold,None,1,0,52,0.1366,2.5517,-16.7358,2.3702,0.6609,-11.9535,0,Serve prepare 0.00,0,9,Drive,100.2596,63.1336,2.6236,0.7481,-12.4682,0,1,1,Ready,0,9,12.2725,0.7911,0.1556,0,Missed,,2.35,-12.35,-1.95,11.2,0,0,0,0,0,0
128,PlayerServeHold,None,1,0,52,0.1375,2.5502,-16.7362,2.3702,0.5952,-11.9535,0,Serve prepare 0.00,0,9,Drive,100.2297,63.0815,2.6235,0.7481,-12.4678,0,1,1,Ready,0,9,11.0901,-0.1247,0.1663,0,Missed,,2.35,-12.35,-1.95,11.2,0,0,0,0,0,0
129,PlayerServeHold,None,1,0,52,0.1384,2.5487,-16.7365,2.3702,0.5614,-11.9535,0,Serve prepare 0.00,0,9,Drive,100.1971,63.0225,2.6235,0.7481,-12.4673,0,1,1,Ready,0,9,9.6279,-1.1261,0.261,0,Missed,,2.35,-12.35,-1.95,11.2,0,0,0,0,0,0
130,PlayerServeHold,None,1,0,52,0.1392,2.5472,-16.7369,2.3702,0.4916,-11.9535,0,Serve prepare 0.00,0,9,Drive,100.162,62.9578,2.6235,0.7482,-12.4668,0,1,1,Ready,0,9,7.9222,-2.1663,0.2273,0,Missed,,2.35,-12.35,-1.95,11.2,0,0,0,0,0,0
131,PlayerServeHold,None,1,0,52,0.1401,2.5458,-16.7373,2.3702,0.4557,-11.9535,0,Serve prepare 0.00,0,9,Drive,100.1242,62.8882,2.6235,0.7483,-12.4661,0,1,1,Ready,0,9,6.2937,-3.0998,0.1968,0,Missed,,2.35,-12.35,-1.95,11.2,0,0,0,0,0,0
132,PlayerServeHold,None,1,0,52,0.141,2.5443,-16.7376,2.3702,0.3819,-11.9535,0,Serve prepare 0.00,0,9,Drive,100.084,62.8146,2.6236,0.7484,-12.4655,0,1,1,Ready,0,9,5.0536,-3.8354,0.1171,0,Missed,,2.35,-12.35,-1.95,11.2,0,0,0,0,0,0
133,PlayerServeHold,None,1,0,52,0.1418,2.5428,-16.738,2.3702,0.3439,-11.9535,0,Serve prepare 0.00,0,9,Drive,100.0412,62.7373,2.6237,0.7486,-12.4647,0,1,1,Ready,0,9,4.2098,-4.2943,0.1365,0,Missed,,2.35,-12.35,-1.95,11.2,0,0,0,0,0,0
134,PlayerServeHold,None,1,0,52,0.1426,2.5414,-16.7384,2.3702,0.266,-11.9535,0,Serve prepare 0.00,0,9,Drive,99.996,62.6569,2.6238,0.7488,-12.4639,0,1,1,Ready,0,9,3.9395,-4.3451,0.2226,0,Missed,,2.35,-12.35,-1.95,11.2,0,0,0,0,0,0
135,PlayerServeHold,None,1,0,52,0.1435,2.54,-16.7387,2.3702,0.226,-11.9535,0,Serve prepare 0.00,0,9,Drive,99.9483,62.5735,2.624,0.749,-12.4631,0,1,1,Ready,0,9,4.0308,-4.0733,0.2767,0,Missed,,2.35,-12.35,-1.95,11.2,0,0,0,0,0,0
136,PlayerServeHold,None,1,0,52,0.1443,2.5386,-16.7391,2.3702,0.144,-11.9535,0,Serve prepare 0.00,0,9,Drive,99.8951,62.488,2.6243,0.7493,-12.4622,0,1,1,Ready,0,9,4.3891,-3.4311,0,0,Missed,,2.35,-12.35,-1.95,11.2,0,0,0,0,0,0
137,PlayerServeHold,None,1,0,52,0.1451,2.5371,-16.7394,2.3702,0.1577,-11.9535,0,Serve prepare 0.00,0,9,Drive,99.8393,62.3998,2.6246,0.7496,-12.4613,0,1,1,Ready,0,9,4.8669,-2.5804,0,0,Missed,,2.35,-12.35,-1.95,11.2,0,0,0,0,0,0
138,PlayerServeHold,None,1,0,52,0.1459,2.5357,-16.7397,2.3702,0.2139,-11.9535,0,Serve prepare 0.00,0,9,Drive,99.7808,62.3088,2.6251,0.7499,-12.4604,0,1,1,Ready,0,9,5.2834,-1.6106,0,0,Missed,,2.35,-12.35,-1.95,11.2,0,0,0,0,0,0
139,PlayerServeHold,None,1,0,52,0.1466,2.5344,-16.7401,2.3702,0.2409,-11.9535,0,Serve prepare 0.00,0,9,Drive,99.7198,62.2147,2.6256,0.7503,-12.4594,0,1,1,Ready,0,9,5.6729,-0.5967,0,0,Missed,,2.35,-12.35,-1.95,11.2,0,0,0,0,0,0
140,PlayerServeHold,None,1,0,52,0.1474,2.533,-16.7404,2.3702,0.293,-11.9535,0,Serve prepare 0.00,0,9,Drive,99.6564,62.1173,2.6262,0.7506,-12.4585,0,1,1,Ready,0,9,6.0097,0.3553,0,0,Missed,,2.35,-12.35,-1.95,11.2,0,0,0,0,0,0
141,PlayerServeHold,None,1,0,52,0.1482,2.5316,-16.7407,2.3702,0.318,-11.9535,0,Serve prepare 0.00,0,9,Drive,99.5906,62.0165,2.6268,0.751,-12.4575,0,1,1,Ready,0,9,6.2963,1.2329,0,0,Missed,,2.35,-12.35,-1.95,11.2,0,0,0,0,0,0
142,PlayerServeHold,None,1,0,52,0.1489,2.5303,-16.7411,2.3702,0.3659,-11.9535,0,Serve prepare 0.00,0,9,Drive,99.5227,61.913,2.6275,0.7514,-12.4565,0,1,1,Ready,0,9,6.5267,1.9718,0,0,Missed,,2.35,-12.35,-1.95,11.2,0,0,0,0,0,0
143,PlayerServeHold,None,1,0,52,0.1496,2.5289,-16.7414,2.3702,0.3889,-11.9535,0,Serve prepare 0.00,0,9,Drive,99.4525,61.8067,2.6282,0.7518,-12.4555,0,1,1,Ready,0,9,6.7017,2.5812,0,0,Missed,,2.35,-12.35,-1.95,11.2,0,0,0,0,0,0
144,PlayerServeHold,None,1,0,52,0.1504,2.5275,-16.7417,2.3702,0.4328,-11.9535,0,Serve prepare 0.00,0,9,Drive,99.3801,61.6975,2.6289,0.7521,-12.4546,0,1,1,Ready,0,9,6.8357,3.0464,0,0,Missed,,2.35,-12.35,-1.95,11.2,0,0,0,0,0,0
145,PlayerServeHold,None,1,0,52,0.1511,2.5262,-16.742,2.3702,0.4537,-11.9535,0,Serve prepare 0.00,0,9,Drive,99.3058,61.5855,2.6296,0.7524,-12.4536,0,1,1,Ready,0,9,6.8777,3.3562,0,0,Missed,,2.35,-12.35,-1.95,11.2,0,0,0,0,0,0
146,PlayerServeHold,None,1,0,52,0.1518,2.5249,-16.7424,2.3702,0.4935,-11.9535,0,Serve prepare 0.00,0,9,Drive,99.23,61.4702,2.6302,0.7527,-12.4526,0,1,1,Ready,0,9,6.7249,3.4791,0,0,Missed,,2.35,-12.35,-1.95,11.2,0,0,0,0,0,0
147,PlayerServeHold,None,1,0,52,0.1524,2.5235,-16.7427,2.3702,0.5123,-11.9535,0,Serve prepare 0.00,0,9,Drive,99.1523,61.3517,2.6307,0.753,-12.4515,0,1,1,Ready,0,9,6.5539,3.4901,0.2252,0,Missed,,2.35,-12.35,-1.95,11.2,0,0,0,0,0,0
148,PlayerServeHold,None,1,0,52,0.1531,2.5222,-16.743,2.3702,0.548,-11.9535,0,Serve prepare 0.00,0,9,Drive,99.0725,61.2301,2.6312,0.7532,-12.4505,0,1,1,Ready,0,9,6.5278,3.3999,0.7175,0,Missed,,2.35,-12.35,-1.95,11.2,0,0,0,0,0,0
149,PlayerServeHold,None,1,0,52,0.1538,2.5209,-16.7433,2.3702,0.5649,-11.9535,0,Serve prepare 0.00,0,9,Drive,98.9908,61.1054,2.6317,0.7535,-12.4494,0,1,1,Ready,0,9,6.567,3.3307,0.7274,0,Missed,,2.35,-12.35,-1.95,11.2,0,0,0,0,0,0
150,PlayerServeHold,None,1,0,52,0.1544,2.5196,-16.7436,2.3702,0.5965,-11.9535,0,Serve prepare 0.00,0,9,Drive,98.9073,60.9792,2.6321,0.7538,-12.4482,0,1,1,Ready,0,9,6.634,3.4329,0.62,0,Missed,,2.35,-12.35,-1.95,11.2,0,0,0,0,0,0
151,PlayerServeHold,None,1,0,52,0.155,2.5183,-16.7439,2.3702,0.6112,-11.9535,0,Serve prepare 0.00,0,9,Drive,98.8221,60.8518,2.6326,0.7542,-12.447,0,1,1,Ready,0,9,6.7675,3.6843,0.4816,0,Missed,,2.35,-12.35,-1.95,11.2,0,0,0,0,0,0
152,PlayerServeHold,None,1,0,52,0.1556,2.517,-16.7442,2.3702,0.6388,-11.9535,0,Serve prepare 0.00,0,9,Drive,98.7352,60.7236,2.633,0.7545,-12.4458,0,1,1,Ready,0,9,6.9787,4.1185,0.3448,0,Missed,,2.35,-12.35,-1.95,11.2,0,0,0,0,0,0
153,PlayerServeHold,None,1,0,52,0.1562,2.5157,-16.7445,2.3702,0.6515,-11.9535,0,Serve prepare 0.00,0,9,Drive,98.6521,60.593,2.6335,0.7548,-12.4445,0,1,1,Ready,0,9,7.3025,4.7383,0.2573,0,Missed,,2.35,-12.35,-1.95,11.2,0,0,0,0,0,0
154,PlayerServeHold,None,1,0,52,0.1568,2.5144,-16.7448,2.3702,0.6749,-11.9535,0,Serve prepare 0.00,0,9,Drive,98.5687,60.4602,2.6339,0.7552,-12.4432,0,1,1,Ready,0,9,7.736,5.5748,0.1005,0,Missed,,2.35,-12.35,-1.95,11.2,0,0,0,0,0,0
155,PlayerServeHold,None,1,0,52,0.1574,2.5131,-16.745,2.3702,0.6856,-11.9535,0,Serve prepare 0.00,0,9,Drive,98.4833,60.325,2.6344,0.7555,-12.4419,0,1,1,Ready,0,9,8.4056,6.5535,0.1805,0,Missed,,2.35,-12.35,-1.95,11.2,0,0,0,0,0,0
156,PlayerServeHold,None,1,0,52,0.1579,2.5119,-16.7453,2.3702,0.705,-11.9535,0,Serve prepare 0.00,0,9,Drive,98.3969,60.1876,2.6349,0.7558,-12.4406,0,1,1,Ready,0,9,9.5165,7.5978,0.1014,0,Missed,,2.35,-12.35,-1.95,11.2,0,0,0,0,0,0
157,PlayerServeHold,None,1,0,52,0.1585,2.5106,-16.7456,2.3702,0.7136,-11.9535,0,Serve prepare 0.00,0,9,Drive,98.3095,60.0488,2.6353,0.7562,-12.4392,0,1,1,Ready,0,9,10.806,8.6482,0.2468,0,Missed,,2.35,-12.35,-1.95,11.2,0,0,0,0,0,0
158,PlayerServeHold,None,1,0,52,0.159,2.5094,-16.7459,2.3702,0.7289,-11.9535,0,Serve prepare 0.00,0,9,Drive,98.2213,59.909,2.6358,0.7565,-12.4379,0,1,1,Ready,0,9,12.175,9.6808,0.4785,0,Missed,,2.35,-12.35,-1.95,11.2,0,0,0,0,0,0
159,PlayerServeHold,None,1,0,52,0.1595,2.5081,-16.7462,2.3702,0.7355,-11.9535,0,Serve prepare 0.00,0,9,Drive,98.1328,59.7683,2.6363,0.7568,-12.4365,0,1,1,Ready,0,9,13.3628,10.5449,0.4172,0,Missed,,2.35,-12.35,-1.95,11.2,0,0,0,0,0,0
160,PlayerServeHold,None,1,0,52,0.16,2.5069,-16.7464,2.3702,0.7467,-11.9535,0,Serve prepare 0.00,0,9,Drive,98.0458,59.6266,2.6369,0.7571,-12.4351,0,1,1,Ready,0,9,14.083,11.1425,0,0,Missed,,2.35,-12.35,-1.95,11.2,0,0,0,0,0,0
161,PlayerServeHold,None,1,0,52,0.1605,2.5057,-16.7467,2.3702,0.7512,-11.9535,0,Serve prepare 0.00,0,9,Drive,97.9563,59.4831,2.6375,0.7573,-12.4338,0,1,1,Ready,0,9,14.3623,11.4061,0,0,Missed,,2.35,-12.35,-1.95,11.2,0,0,0,0,0,0
162,PlayerServeHold,None,1,0,52,0.1609,2.5044,-16.747,2.3702,0.7583,-11.9535,0,Serve prepare 0.00,0,9,Drive,97.866,59.338,2.6381,0.7575,-12.4325,0,1,1,Ready,0,9,14.0483,11.202,0,0,Missed,,2.35,-12.35,-1.95,11.2,0,0,0,0,0,0
163,PlayerServeHold,None,1,0,52,0.1614,2.5032,-16.7472,2.3702,0.7608,-11.9535,0,Serve prepare 0.00,0,9,Drive,97.775,59.1916,2.6387,0.7578,-12.4312,0,1,1,Ready,0,9,13.4056,10.6647,0,0,Missed,,2.35,-12.35,-1.95,11.2,0,0,0,0,0,0
164,PlayerServeHold,None,1,0,52,0.1618,2.502,-16.7475,2.3702,0.7638,-11.9535,0,Serve prepare 0.00,0,9,Drive,97.6836,59.0436,2.6394,0.758,-12.4298,0,1,1,Ready,0,9,12.5848,9.8134,0,0,Missed,,2.35,-12.35,-1.95,11.2,0,0,0,0,0,0
165,PlayerServeHold,None,1,0,52,0.1622,2.5008,-16.7477,2.3702,0.7643,-11.9535,0,Serve prepare 0.00,0,9,Drive,97.5918,58.8947,2.6401,0.7582,-12.4285,0,1,1,Ready,0,9,11.7425,8.7808,6.8526,0,Missed,,2.35,-12.35,-1.95,11.2,0,0,0,0,0,0
166,PlayerServeHold,None,1,0,52,0.1626,2.4997,-16.748,2.3702,0.7665,-11.9535,0,Serve prepare 0.00,0,9,Drive,97.4996,58.7447,2.6407,0.7583,-12.4272,0,1,1,Ready,0,9,11.0938,7.6445,0.6661,0,Missed,,2.35,-12.35,-1.95,11.2,0,0,0,0,0,0
167,PlayerServeHold,None,1,0,52,0.163,2.4985,-16.7482,2.3702,0.7694,-11.9535,0,Serve prepare 0.00,0,9,Drive,97.4048,58.5933,2.6414,0.7585,-12.4258,0,1,1,Ready,0,9,10.5785,6.5077,2.6746,0,Missed,,2.35,-12.35,-1.95,11.2,0,0,0,0,0,0
168,PlayerServeHold,None,1,0,52,0.1634,2.4974,-16.7485,2.3702,0.7783,-11.9535,0,Serve prepare 0.00,0,9,Drive,97.3097,58.441,2.6421,0.7587,-12.4245,0,1,1,Ready,0,9,10.1834,5.4882,0.6945,0,Missed,,2.35,-12.35,-1.95,11.2,0,0,0,0,0,0
169,PlayerServeHold,None,1,0,52,0.1638,2.4962,-16.7487,2.3702,0.784,-11.9535,0,Serve prepare 0.00,0,9,Drive,97.2146,58.2887,2.6427,0.7588,-12.4231,0,1,1,Ready,0,9,9.9816,4.6505,0.6639,0,Missed,,2.35,-12.35,-1.95,11.2,0,0,0,0,0,0
170,PlayerServeHold,None,1,0,52,0.1641,2.4951,-16.7489,2.3702,0.7972,-11.9535,0,Serve prepare 0.00,0,9,Drive,97.1199,58.1372,2.6322,0.7471,-12.4345,0,1,1,Ready,0,9,10.0504,4.1181,0.4963,0,Missed,,2.35,-12.35,-1.95,11.2,0,0,0,0,0,0
171,PlayerServeHold,None,1,0,52,0.1644,2.494,-16.7492,2.3702,0.8045,-11.9535,0,Serve prepare 0.00,0,9,Drive,97.0256,57.9866,2.6327,0.7473,-12.4331,0,1,1,Ready,0,9,10.3518,3.8604,0.1798,0,Missed,,2.35,-12.35,-1.95,11.2,0,0,0,0,0,0
172,PlayerServeHold,None,1,0,52,0.1648,2.4929,-16.7494,2.3702,0.8197,-11.9535,0,Serve prepare 0.00,0,9,Drive,96.9323,57.8368,2.6332,0.7475,-12.4317,0,1,1,Ready,0,9,10.863,3.9153,0.4288,0,Missed,,2.35,-12.35,-1.95,11.2,0,0,0,0,0,0
173,PlayerServeHold,None,1,0,52,0.1651,2.4918,-16.7496,2.3702,0.8273,-11.9535,0,Serve prepare 0.00,0,9,Drive,96.8355,57.6881,2.6337,0.7478,-12.4304,0,1,1,Ready,0,9,11.6205,4.2223,0.7022,0,Missed,,2.35,-12.35,-1.95,11.2,0,0,0,0,0,0
174,PlayerServeHold,None,1,0,52,0.1653,2.4907,-16.7498,2.3702,0.8421,-11.9535,0,Serve prepare 0.00,0,9,Drive,96.7391,57.5405,2.6341,0.748,-12.429,0,1,1,Ready,0,9,12.7206,4.7447,0.7759,0,Missed,,2.35,-12.35,-1.95,11.2,0,0,0,0,0,0
175,PlayerServeHold,None,1,0,52,0.1656,2.4896,-16.75,2.3702,0.849,-11.9535,0,Serve prepare 0.00,0,9,Drive,96.6436,57.3955,2.6344,0.7483,-12.4276,0,1,1,Ready,0,9,13.9587,5.4025,0.7582,0,Missed,,2.35,-12.35,-1.95,11.2,0,0,0,0,0,0
176,PlayerServeHold,None,1,0,52,0.1659,2.4886,-16.7502,2.3702,0.861,-11.9535,0,Serve prepare 0.00,0,9,Drive,96.5487,57.2539,2.6347,0.7486,-12.4262,0,1,1,Ready,0,9,15.2137,6.115,0.6589,0,Missed,,2.35,-12.35,-1.95,11.2,0,0,0,0,0,0
177,PlayerServeHold,None,1,0,52,0.1661,2.4876,-16.7504,2.3702,0.8659,-11.9535,0,Serve prepare 0.00,0,9,Drive,96.4546,57.1153,2.635,0.7489,-12.4248,0,1,1,Ready,0,9,16.358,6.8772,0.5544,0,Missed,,2.35,-12.35,-1.95,11.2,0,0,0,0,0,0
178,PlayerServeHold,None,1,0,52,0.1664,2.4866,-16.7506,2.3702,0.8728,-11.9535,0,Serve prepare 0.00,0,9,Drive,96.3612,56.9801,2.6352,0.7492,-12.4234,0,1,1,Ready,0,9,17.2245,7.6883,0.4196,0,Missed,,2.35,-12.35,-1.95,11.2,0,0,0,0,0,0
179,PlayerServeHold,None,1,0,52,0.1666,2.4856,-16.7508,2.3702,0.8746,-11.9535,0,Serve prepare 0.00,0,9,Drive,96.2662,56.8473,2.6355,0.7495,-12.4221,0,1,1,Ready,0,9,17.8361,8.5156,0.2836,0,Missed,,2.35,-12.35,-1.95,11.2,0,0,0,0,0,0
180,PlayerServeHold,None,1,0,52,0.1668,2.4846,-16.751,2.3702,0.875,-11.9535,0,Serve prepare 0.00,0,9,Drive,96.172,56.7171,2.6357,0.7498,-12.4208,0,1,1,Ready,0,9,18.1129,9.3293,0.0335,0,Missed,,2.35,-12.35,-1.95,11.2,0,0,0,0,0,0
181,PlayerServeHold,None,1,0,52,0.167,2.4836,-16.7512,2.3702,0.875,-11.9535,0,Serve prepare 0.00,0,9,Drive,96.0786,56.5905,2.636,0.7501,-12.4195,0,1,1,Ready,0,9,18.2026,10.1291,0.0768,0,Missed,,2.35,-12.35,-1.95,11.2,0,0,0,0,0,0
182,PlayerServeHold,None,1,0,52,0.1672,2.4827,-16.7514,2.3702,0.875,-11.9535,0,Serve prepare 0.00,0,9,Drive,95.9859,56.4676,2.6362,0.7484,-12.4182,0,1,1,Ready,0,9,18.175,10.8788,0.0327,0,Missed,,2.35,-12.35,-1.95,11.2,0,0,0,0,0,0
183,PlayerServeHold,None,1,0,52,0.1673,2.4817,-16.7516,2.3702,0.875,-11.9535,0,Serve prepare 0.00,0,9,Drive,95.8942,56.3481,2.6365,0.7487,-12.4169,0,1,1,Ready,0,9,18.1638,11.5733,0.0492,0,Missed,,2.35,-12.35,-1.95,11.2,0,0,0,0,0,0
184,PlayerServeHold,None,1,0,52,0.1675,2.4808,-16.7517,2.3702,0.875,-11.9535,0,Serve prepare 0.00,0,9,Drive,95.8043,56.2316,2.6369,0.749,-12.4157,0,1,1,Ready,0,9,18.3662,12.1598,0.0395,0,Missed,,2.35,-12.35,-1.95,11.2,0,0,0,0,0,0
185,PlayerServeHold,None,1,0,52,0.1676,2.4799,-16.7519,2.3702,0.875,-11.9535,0,Serve prepare 0.00,0,9,Drive,95.7141,56.1169,2.612,0.7493,-12.4066,0,1,1,Ready,0,9,18.6365,12.6406,0.0402,0,Missed,,2.35,-12.35,-1.95,11.2,0,0,0,0,0,0
186,PlayerServeHold,None,1,0,52,0.1678,2.479,-16.7521,2.3702,0.875,-11.9535,0,Serve prepare 0.00,0,9,Drive,95.6252,56.0045,2.6124,0.7495,-12.4054,0,1,1,Ready,0,9,18.9378,13.036,0.0175,0,Missed,,2.35,-12.35,-1.95,11.2,0,0,0,0,0,0
187,PlayerServeHold,None,1,0,52,0.1679,2.4782,-16.7522,2.3702,0.875,-11.9535,0,Serve prepare 0.00,0,9,Drive,95.5377,55.8947,2.6129,0.7497,-12.4043,0,1,1,Ready,0,9,19.1557,13.2758,0.0839,0,Missed,,2.35,-12.35,-1.95,11.2,0,0,0,0,0,0
188,PlayerServeHold,None,1,0,52,0.168,2.4773,-16.7524,2.3702,0.875,-11.9535,0,Serve prepare 0.00,0,9,Drive,95.4515,55.7878,2.6134,0.7499,-12.4032,0,1,1,Ready,0,9,19.173,13.3299,0.2344,0,Missed,,2.35,-12.35,-1.95,11.2,0,0,0,0,0,0
189,PlayerServeHold,None,1,0,52,0.1681,2.4765,-16.7525,2.3702,0.875,-11.9535,0,Serve prepare 0.00,0,9,Drive,95.3667,55.6834,2.6392,0.752,-12.4098,0,1,1,Ready,0,9,18.9805,13.1921,0.1348,0,Missed,,2.35,-12.35,-1.95,11.2,0,0,0,0,0,0
190,PlayerServeHold,None,1,0,52,0.1682,2.4757,-16.7527,2.3704,0.8754,-11.9536,0,Serve prepare 0.00,0,9,Drive,95.2846,55.5808,2.6397,0.7522,-12.4087,0,1,1,Ready,0,9,18.489,12.8452,0.1479,0,Missed,,2.35,-12.35,-1.95,11.2,0,0,0,0,0,0
191,PlayerServeHold,None,1,0,52,0.1683,2.4749,-16.7528,2.3709,0.8764,-11.954,0,Serve prepare 0.00,0,9,Drive,95.2044,55.4799,2.6402,0.7524,-12.4076,0,1,1,Ready,0,9,17.8301,12.3525,0.2503,0,Missed,,2.35,-12.35,-1.95,11.2,0,0,0,0,0,0
192,PlayerServeHold,None,1,0,52,0.1684,2.4741,-16.753,2.3735,0.8806,-11.9553,0,Serve prepare 0.01,0,9,Drive,97.4534,57.8227,2.6383,0.7572,-12.4204,0,1,1,Ready,0,9,17.0621,11.7346,0.5277,0,Missed,,2.35,-12.35,-1.95,11.2,0,0,0,1.0814,0,0
193,PlayerServeHold,None,1,0,52,0.1684,2.4734,-16.7531,2.3759,0.8837,-11.9563,0,Serve prepare 0.02,0,9,Drive,98.5069,59.2227,2.6311,0.7545,-12.4334,0,1,1,Ready,0,9,16.2991,11.078,0.497,0,Missed,,2.35,-12.35,-1.95,11.2,0,0,0,1.415,0,0
194,PlayerServeHold,None,1,0,52,0.1685,2.4727,-16.7532,2.3804,0.8916,-11.9587,0,Serve prepare 0.03,0,9,Drive,99.0523,60.1195,2.6287,0.7527,-12.4416,0,1,1,Ready,0,9,15.661,10.4362,0.2116,0,Missed,,2.35,-12.35,-1.95,11.2,0,0,0,1.3294,0,0
195,PlayerServeHold,None,1,0,52,0.1686,2.472,-16.7533,2.3837,0.8964,-11.9603,0,Serve prepare 0.04,0,9,Drive,100.2037,61.7513,2.6203,0.7479,-12.4564,0,1,1,Ready,0,9,15.1684,9.8713,0.1825,0,Missed,,2.35,-12.35,-1.95,11.2,0,0,0,1.4116,0,0
196,PlayerServeHold,None,1,0,52,0.1686,2.4713,-16.7535,2.3899,0.9076,-11.9638,0,Serve prepare 0.05,0,9,Drive,100.7532,62.8013,2.6204,0.7469,-12.4653,0,1,1,Ready,0,9,14.8916,9.4695,0.2317,0,Missed,,2.35,-12.35,-1.95,11.2,0,0,0,1.1883,0,0
197,PlayerServeHold,None,1,0,52,0.1687,2.4706,-16.7536,2.394,0.9139,-11.9659,0,Serve prepare 0.06,0,9,Drive,101.8477,64.6558,2.6088,0.7425,-12.4794,0,1,1,Ready,0,9,14.7922,9.1888,0.2832,0,Missed,,2.35,-12.35,-1.95,11.2,0,0,0,1.2617,0,0
198,PlayerServeHold,None,1,0,52,0.1687,2.4699,-16.7537,2.4018,0.928,-11.9703,0,Serve prepare 0.07,0,9,Drive,102.4113,65.8591,2.6393,0.742,-12.5055,0,1,1,Ready,0,9,14.8767,9.0309,0.3478,0,Missed,,2.35,-12.35,-1.95,11.2,0,0,0,1.0363,0,0
199,PlayerServeHold,None,1,0,52,0.1687,2.4693,-16.7538,2.4065,0.9357,-11.9728,0,Serve prepare 0.08,0,9,Drive,103.6817,67.8896,2.6052,0.7377,-12.506,0,1,1,Ready,0,9,15.0821,8.9579,0.3062,0,Missed,,2.35,-12.35,-1.95,11.2,0,0,0,1.1,0,0
200,PlayerServeHold,None,1,0,52,0.1688,2.4687,-16.7539,2.4155,0.9522,-11.9781,0,Serve prepare 0.09,0,9,Drive,104.3896,69.1454,2.6019,0.7362,-12.5152,0,1,1,Ready,0,9,15.3607,8.9554,0.2201,0,Missed,,2.35,-12.35,-1.95,11.2,0,0,0,0.7853,0,0
201,PlayerServeHold,None,1,0,52,0.1688,2.4681,-16.754,2.4208,0.961,-11.9809,0,Serve prepare 0.10,0,9,Drive,105.8251,71.2462,2.6168,0.7332,-12.5459,0,1,1,Ready,0,9,15.6828,8.9735,0.1217,0,Missed,,2.35,-12.35,-1.95,11.2,0,0,0,0.8614,0,0
202,PlayerServeHold,None,1,0,52,0.1688,2.4676,-16.7541,2.4308,0.9794,-11.9868,0,Serve prepare 0.11,0,9,Drive,106.5916,72.5133,2.6128,0.7323,-12.5555,0,1,1,Ready,0,9,16.0048,8.9433,0.2524,0,Missed,,2.35,-12.35,-1.95,11.2,0,0,0,0.5828,0,0
203,PlayerServeHold,None,1,0,52,0.1688,2.467,-16.7542,2.4366,0.9891,-11.99,0,Serve prepare 0.12,0,9,Drive,108.199,74.6717,2.6188,0.7392,-12.5632,0,1,1,Ready,0,9,16.3302,8.9131,0.4225,0,Missed,,2.35,-12.35,-1.95,11.2,0,0,0,0.3897,0,0
204,PlayerServeHold,None,1,0,52,0.1688,2.4665,-16.7543,2.4474,1.0091,-11.9965,0,Serve prepare 0.13,0,9,Drive,108.9198,75.9525,2.6141,0.7368,-12.5728,0.0278,1,1,Ready,0,9,16.6426,8.9156,0.623,0,Missed,,2.35,-12.35,-1.95,11.2,0,0,0,0.1978,0,0
205,PlayerServeHold,None,1,0,52,0.1688,2.466,-16.7544,2.4534,1.0194,-11.9999,0,Serve prepare 0.14,0,9,Drive,110.3682,78.1996,2.6037,0.732,-12.5907,0.0554,1,1,Ready,0,9,16.96,8.9365,0.5223,0,Missed,,2.35,-12.35,-1.95,11.2,0,0,0,0.7209,0,0
206,PlayerServeHold,None,1,0,52,0.1688,2.4655,-16.7545,2.4648,1.0405,-12.0068,0,Serve prepare 0.15,0,9,Drive,111.1078,79.626,2.5935,0.7244,-12.6085,0.0207,1,1,Ready,0,9,17.3061,8.9558,0.1847,0,Missed,,2.35,-12.35,-1.95,11.2,0,0,0,0.7548,0,0
207,PlayerServeHold,None,1,0,52,0.1688,2.465,-16.7545,2.471,1.0513,-12.0104,0,Serve prepare 0.16,0,9,Drive,112.6274,82.3475,2.6076,0.731,-12.632,0.0408,1,1,Ready,0,9,17.6438,9.0227,0.074,0,Missed,,2.35,-12.35,-1.95,11.2,0,0,0,1.3365,0,0
208,PlayerServeHold,None,1,0,52,0.1688,2.4646,-16.7546,2.4827,1.073,-12.0175,0,Serve prepare 0.17,0,9,Drive,113.3859,84.0002,2.6152,0.7556,-12.5988,0.0262,1,1,Ready,0,9,17.9527,9.2078,0.2408,0,Missed,,2.35,-12.35,-1.95,11.2,0,0,0,1.4105,0,0
209,PlayerServeHold,None,1,0,52,0.1688,2.4642,-16.7547,2.489,1.084,-12.0213,0,Serve prepare 0.18,0,9,Drive,114.8752,87.045,2.6305,0.7795,-12.5939,0.0521,1,1,Ready,0,9,18.2117,9.4444,0.2289,0,Missed,,2.35,-12.35,-1.95,11.2,0,0,0,1.7332,0,0
210,PlayerServeHold,None,1,0,52,0.1688,2.4638,-16.7547,2.5008,1.106,-12.0285,0,Serve prepare 0.19,0,9,Drive,115.6028,88.9678,2.6242,0.7745,-12.6038,0.0245,1,1,Ready,0,9,18.3895,9.6773,0.0476,0,Missed,,2.35,-12.35,-1.95,11.2,0,0,0,1.4451,0,0
211,PlayerServeHold,None,1,0,52,0.1687,2.4634,-16.7548,2.5071,1.117,-12.0323,0,Serve prepare 0.20,0,9,Drive,112.0389,92.2183,2.6195,0.7694,-12.6332,0.8583,1,1,Ready,0,9,18.5014,9.9392,0.1314,0,Missed,,2.35,-12.35,-1.95,11.2,0,0,0,1.4888,0,0
212,PlayerServeHold,None,1,0,52,0.1687,2.4631,-16.7548,2.5187,1.1387,-12.0394,0,Serve prepare 0.21,0,9,Drive,112.7875,94.1318,2.6126,0.7673,-12.6437,0.0105,1,1,Ready,0,9,18.5419,10.2578,0.1332,0,Missed,,2.35,-12.35,-1.95,11.2,0,0,0,1.1616,0,0
213,PlayerServeHold,None,1,0,52,0.1686,2.4627,-16.7549,2.5249,1.1495,-12.0432,0,Serve prepare 0.22,0,9,Drive,114.26,97.2716,2.5851,0.73,-12.773,0.0198,1,1,Ready,0,9,18.5404,10.5766,0.1101,0,Missed,,2.35,-12.35,-1.95,11.2,0,0,0,1.2692,0,0
214,PlayerServeHold,None,1,0,52,0.1686,2.4624,-16.7549,2.5361,1.1706,-12.0503,0,Serve prepare 0.23,0,9,Drive,114.9921,99.1364,2.5549,0.7203,-12.7536,0.0104,1,1,Ready,0,9,18.511,10.8276,0.0308,0,Missed,,2.35,-12.35,-1.95,11.2,0,0,0,0.9304,0,0
215,PlayerServeHold,None,1,0,52,0.1685,2.4621,-16.755,2.542,1.1809,-12.054,0,Serve prepare 0.24,0,9,Drive,116.3709,102.0844,2.5548,0.7299,-12.7998,0.0212,1,1,Ready,0,9,18.4889,11.0424,0.0129,0,Missed,,2.35,-12.35,-1.95,11.2,0,0,0,1.018,0,0
216,PlayerServeHold,None,1,0,52,0.1684,2.4619,-16.755,2.5527,1.2009,-12.0607,0,Serve prepare 0.25,0,9,Drive,116.9974,103.7743,2.5322,0.7228,-12.7944,0.0166,1,1,Ready,0,9,18.5303,11.2375,0.0147,0,Missed,,2.35,-12.35,-1.95,11.2,0,0,0,0.7476,0,0
217,PlayerServeHold,None,1,0,52,0.1683,2.4616,-16.755,2.5582,1.2106,-12.0642,0,Serve prepare 0.26,0,9,Drive,118.0124,106.4111,2.5346,0.7327,-12.7839,0.0205,1,1,Ready,0,9,18.5792,11.3722,0.0133,0,Missed,,2.35,-12.35,-1.95,11.2,0,0,0,1.0756,0,0
218,PlayerServeHold,None,1,0,52,0.1683,2.4614,-16.7551,2.568,1.229,-12.0704,0,Serve prepare 0.27,0,9,Drive,119.3111,108.0781,2.5208,0.7301,-12.7945,0.1862,1,1,Ready,0,9,18.6069,11.4131,0.0151,0,Missed,,2.35,-12.35,-1.95,11.2,0,0,0,2.4857,0,0
219,PlayerServeHold,None,1,0,52,0.1682,2.4612,-16.7551,2.5731,1.2378,-12.0737,0,Serve prepare 0.28,0,9,Drive,120.3006,110.716,2.5288,0.7436,-12.7949,0.7464,1,1,Ready,0,9,18.5948,11.3743,0.0162,0,Missed,,2.35,-12.35,-1.95,11.2,0,0,0,4.7721,0,0
220,PlayerServeHold,None,1,0,52,0.168,2.461,-16.7551,2.5818,1.2543,-12.0793,0,Serve prepare 0.29,0,9,Drive,120.2306,112.292,2.5125,0.7378,-12.7976,0.3612,1,1,Ready,0,9,18.4979,11.2591,0.0062,0,Missed,,2.35,-12.35,-1.95,11.2,0,0,0,4.2248,0,0
221,PlayerServeHold,None,1,0,52,0.1679,2.4608,-16.7551,2.5863,1.262,-12.0823,0,Serve prepare 0.30,0,9,Drive,119.9578,114.532,2.4626,0.7563,-12.9443,0.1474,1,1,Ready,0,9,18.3722,11.0997,0.0057,0,Missed,,2.35,-12.35,-1.95,11.2,0,0,0,4.3859,0,0
222,PlayerServeHold,None,1,0,52,0.1678,2.4607,-16.7551,2.5938,1.2761,-12.0872,0,Serve prepare 0.31,0,9,Drive,119.7459,115.9836,2.2925,0.7017,-12.9286,0.067,1,1,Ready,0,9,18.246,10.9268,0.0122,0,Missed,,2.35,-12.35,-1.95,11.2,0,0,0,3.5669,0,0
223,PlayerServeHold,None,1,0,52,0.1676,2.4606,-16.7551,2.5975,1.2824,-12.0897,0,Serve prepare 0.32,0,9,Drive,119.1138,117.8989,2.425,0.744,-12.9453,0.1495,1,1,Ready,0,9,18.1502,10.7562,0.0152,0,Missed,,2.35,-12.35,-1.95,11.2,0,0,0,3.699,0,0
224,PlayerServeHold,None,1,0,52,0.1675,2.4605,-16.7551,2.6035,1.2936,-12.0937,0,Serve prepare 0.33,0,9,Drive,118.7074,119.121,2.2982,0.7031,-12.939,0.0972,1,1,Ready,0,9,18.11,10.5997,0.0201,0,Missed,,2.35,-12.35,-1.95,11.2,0,0,0,2.881,0,0
225,PlayerServeHold,None,1,0,52,0.1673,2.4604,-16.7551,2.6065,1.2984,-12.0958,0,Serve prepare 0.34,0,9,Drive,117.6991,120.6548,2.2755,0.6979,-12.9275,0.2172,1,1,Ready,0,9,18.1664,10.4912,0.0132,0,Missed,,2.35,-12.35,-1.95,11.2,0,0,0,3.3689,0,0
226,PlayerServeHold,None,1,0,52,0.1671,2.4603,-16.7551,2.6108,1.3063,-12.0986,0,Serve prepare 0.35,0,9,Drive,117.0887,121.7547,2.2661,0.6845,-12.9017,0.1284,1,1,Ready,0,9,18.4075,10.4806,0.012,0,Missed,,2.35,-12.35,-1.95,11.2,0,0,0,2.7887,0,0
227,PlayerServeHold,None,1,0,52,0.167,2.4603,-16.7551,2.6128,1.3094,-12.1001,0,Serve prepare 0.36,0,9,Drive,119.6031,121.9874,2.2908,0.6823,-12.9102,0.7636,1,1,Ready,0,9,18.7066,10.5073,0.0174,0,Missed,,2.35,-12.35,-1.95,11.2,0,0,0,4.4368,0,0
228,PlayerServeHold,None,1,0,52,0.1668,2.4603,-16.7551,2.6152,1.3136,-12.1018,0,Serve prepare 0.37,0,9,Drive,119.2687,122.3948,2.2814,0.6871,-12.9252,0.0789,1,1,Ready,0,9,18.9662,10.5292,0.0093,0,Missed,,2.35,-12.35,-1.95,11.2,0,0,0,3.839,0,0
229,PlayerServeHold,None,1,0,52,0.1665,2.4603,-16.7551,2.6162,1.3146,-12.1026,0,Serve prepare 0.38,0,9,Drive,112.6249,124.2749,2.2882,0.6984,-12.9276,1.2395,1,1,Ready,0,9,19.2033,10.5646,0.0074,0,Missed,,2.35,-12.35,-1.95,11.2,0,0,0,7.3419,0,0
230,PlayerServeToss,Toss,1,0,48,1.8,0.455,-13.75,2.6166,1.315,-12.103,0,Serve prepare 0.39,0,9,Drive,111.4755,125.281,2.2752,0.6996,-12.9411,0.0905,1,1,Ready,0,9,19.3898,10.6127,0.0165,0,Missed,,2.35,-12.35,-1.95,11.2,-4,0,0,6.8182,0,0
231,PlayerServeToss,Toss,1,0,48,1.8,0.455,-13.75,2.6143,1.3653,-12.1032,0,Serve prepare 0.40,0,9,Drive,109.1196,126.278,2.2483,0.707,-12.9646,0.1538,1,1,Ready,0,9,19.5647,10.6983,0.018,0,Missed,,2.35,-12.35,-1.95,11.2,0,0,0,6.792,0,0
232,PlayerServeToss,Toss,1,0,48,1.8,0.455,-13.75,2.6097,1.464,-12.1036,0,Serve prepare 0.40,0,9,Drive,109.1196,127.4995,2.2428,0.6969,-12.9573,0,1,1,Ready,0,9,19.7556,10.8474,0.0116,0,Missed,,2.35,-12.35,-1.95,11.2,0,0,0,4.3518,0,0
233,PlayerServeToss,Toss,1,0,48,1.8,0.455,-13.75,2.6073,1.5123,-12.1039,0,Serve prepare 0.42,0,9,Drive,108.5179,128.6198,2.2282,0.6928,-12.9581,0.0419,1,1,Ready,0,9,19.9635,11.0471,0.0099,0,Missed,,2.35,-12.35,-1.95,11.2,0,0,0,2.6447,0,0
234,PlayerServeToss,Toss,1,0,48,1.8,0.455,-13.75,2.6027,1.6068,-12.1043,0,Serve prepare 0.42,0,9,Drive,108.2107,129.622,2.2188,0.6874,-12.9554,0.0115,1,1,Ready,0,9,20.2062,11.292,0.0098,0,Missed,,2.35,-12.35,-1.95,11.2,0,0,0,0.9287,0,0
235,PlayerServeToss,Toss,1,0,48,1.8,0.455,-13.75,2.6004,1.6531,-12.1045,0,Serve prepare 0.44,0,9,Drive,107.6668,130.3657,2.2045,0.6889,-12.9576,0.0443,1,1,Ready,0,9,20.4593,11.5706,0.0096,0,Missed,,2.35,-12.35,-1.95,11.2,0,0,0,0.4243,0,0
236,PlayerServeToss,Toss,1,0,48,1.8,0.455,-13.75,2.5957,1.7436,-12.1049,0,Serve prepare 0.45,0,9,Drive,107.412,130.9508,2.1961,0.6887,-12.957,0.047,1,1,Ready,0,9,20.7492,11.8992,0.0057,0,Missed,,2.35,-12.35,-1.95,11.2,0,0,0,1.2092,0,0
237,PlayerServeToss,Toss,1,0,48,1.8,0.455,-13.75,2.5934,1.7878,-12.1051,0,Serve prepare 0.46,0,9,Drive,106.9168,131.2468,2.183,0.6964,-12.9606,0.1095,1,1,Ready,0,9,20.9425,12.1824,0.008,0,Missed,,2.35,-12.35,-1.95,11.2,0,0,0,1.5511,0,0
238,PlayerServeToss,Toss,1,0,48,1.8,0.455,-13.75,2.5888,1.8742,-12.1056,0,Serve prepare 0.47,0,9,Drive,106.7301,131.4732,2.176,0.7007,-12.962,0.0461,1,1,Ready,0,9,20.9204,12.3399,0.0117,0,Missed,,2.35,-12.35,-1.95,11.2,0,0,0,1.7984,0,0
239,PlayerServeToss,Toss,1,0,48,1.8,0.455,-13.75,2.5864,1.9163,-12.1058,0,Serve prepare 0.49,0,9,Drive,106.3603,131.5276,2.1649,0.7124,-12.9661,0.0573,1,1,Ready,0,9,20.6864,12.377,0.0136,0,Missed,,2.35,-12.35,-1.95,11.2,0,0,0,1.5988,0,0
240,PlayerServeToss,Toss,1,0,48,1.8,0.455,-13.75,2.5818,1.9986,-12.1062,0,Serve prepare 0.50,0,9,Drive,106.2127,131.5858,2.1591,0.7194,-12.9683,0.0592,1,1,Ready,0,9,20.1762,12.2701,0.0179,0,Missed,,2.35,-12.35,-1.95,11.2,0,0,0,1.4353,0,0
241,PlayerServeToss,Toss,1,0,48,1.8,0.455,-13.75,2.5795,2.0388,-12.1064,0,Serve prepare 0.51,0,9,Drive,105.9258,131.5319,2.149,0.7335,-12.9718,0.1723,1,1,Ready,0,9,19.4805,12.0411,0.0151,0,Missed,,2.35,-12.35,-1.95,11.2,0,0,0,1.1412,0,0
242,PlayerServeToss,Toss,1,0,48,1.8,0.455,-13.75,2.5748,2.117,-12.1069,0,Serve prepare 0.52,0,9,Drive,105.7827,131.5617,2.1435,0.7423,-12.9736,0.0963,1,1,Ready,0,9,18.6388,11.6815,0.0031,0,Missed,,2.35,-12.35,-1.95,11.2,0,0,0,0.8449,0,0
243,PlayerServeToss,Toss,1,0,48,1.8,0.455,-13.75,2.5725,2.1551,-12.1071,0,Serve prepare 0.54,0,9,Drive,105.5759,131.5673,2.1335,0.7574,-12.9758,0.2085,1,1,Ready,0,9,17.7308,11.228,0.0048,0,Missed,,2.35,-12.35,-1.95,11.2,0,0,0,0.8523,0,0
244,PlayerServeToss,Toss,1,0,48,1.8,0.455,-13.75,2.5679,2.2292,-12.1075,0,Serve prepare 0.55,0,9,Drive,105.4794,131.6993,2.1277,0.7665,-12.9767,0.088,1,1,Ready,0,9,16.8163,10.6962,0.0177,0,Missed,,2.35,-12.35,-1.95,11.2,0,0,0,0.7486,0,0
245,PlayerServeToss,Toss,1,0,48,1.8,0.455,-13.75,2.5656,2.2652,-12.1077,0,Serve prepare 0.56,0,9,Drive,105.3055,131.8656,2.117,0.7823,-12.9767,0.1603,1,1,Ready,0,9,15.9817,10.104,0.2052,0,Missed,,2.35,-12.35,-1.95,11.2,0,0,0,0.8952,0,0
246,PlayerServeToss,Toss,1,0,48,1.8,0.455,-13.75,2.5609,2.3352,-12.1081,0,Serve prepare 0.57,0,9,Drive,105.2307,132.1161,2.1106,0.7911,-12.976,0.0801,1,1,Ready,0,9,15.3498,9.4669,0.2918,0,Missed,,2.35,-12.35,-1.95,11.2,0,0,0,0.8166,0,0
247,PlayerServeToss,Toss,1,0,48,1.8,0.455,-13.75,2.5586,2.3692,-12.1084,0,Serve prepare 0.59,0,9,Drive,105.067,132.4318,2.0996,0.8062,-12.9737,0.1305,1,1,Ready,0,9,14.854,8.7719,0.3007,0,Missed,,2.35,-12.35,-1.95,11.2,0,0,0,0.9504,0,0
248,PlayerServeToss,Toss,1,0,48,1.8,0.455,-13.75,2.554,2.4352,-12.1088,0,Serve prepare 0.59,0,9,Drive,105.0084,132.7718,2.0928,0.8143,-12.9716,0.0549,1,1,Ready,0,9,14.4748,8.019,0.2944,0,Missed,,2.35,-12.35,-1.95,11.2,0,0,0,0.7833,0,0
249,PlayerServeToss,Toss,1,0,48,1.8,0.455,-13.75,2.5516,2.4671,-12.109,0,Serve prepare 0.61,0,9,Drive,104.876,133.1876,2.082,0.8281,-12.9678,0.0825,1,1,Ready,0,9,14.2,7.211,0.1597,0,Missed,,2.35,-12.35,-1.95,11.2,0,0,0,0.8176,0,0
250,PlayerServeToss,Toss,1,0,48,1.8,0.455,-13.75,2.547,2.529,-12.1094,0,Serve prepare 0.62,0,9,Drive,104.8228,133.5778,2.0752,0.8354,-12.9649,0.034,1,1,Ready,0,9,14.0302,6.362,0.1551,0,Missed,,2.35,-12.35,-1.95,11.2,0,0,0,0.6091,0,0
251,PlayerServeToss,Toss,1,0,48,1.8,0.455,-13.75,2.5447,2.5589,-12.1096,0,Serve prepare 0.63,0,9,Drive,104.719,134.0587,2.0645,0.8484,-12.9599,0.0589,1,1,Ready,0,9,13.9082,5.4787,0.2889,0,Missed,,2.35,-12.35,-1.95,11.2,0,0,0,0.6243,0,0
252,PlayerServeToss,Toss,1,0,48,1.8,0.455,-13.75,2.54,2.6167,-12.1101,0,Serve prepare 0.64,0,9,Drive,104.6855,134.4453,2.0578,0.855,-12.9565,0.0302,1,1,Ready,0,9,13.7775,4.5833,0.3517,0,Missed,,2.35,-12.35,-1.95,11.2,0,0,0,0.4187,0,0
253,PlayerServeToss,Toss,1,0,48,1.8,0.455,-13.75,2.5377,2.6445,-12.1103,0,Serve prepare 0.66,0,9,Drive,104.6399,134.8927,2.0473,0.8667,-12.9506,0.0625,1,1,Ready,0,9,13.6458,3.6913,0.3126,0,Missed,,2.35,-12.35,-1.95,11.2,0,0,0,0.4423,0,0
254,PlayerServeToss,Toss,1,0,48,1.8,0.455,-13.75,2.5331,2.6982,-12.1107,0,Serve prepare 0.67,0,9,Drive,104.5914,135.2337,2.0411,0.8726,-12.9468,0.0363,1,1,Ready,0,9,13.4987,2.8341,0.1047,0,Missed,,2.35,-12.35,-1.95,11.2,0,0,0,0.2987,0,0
255,PlayerServeToss,Toss,1,0,48,1.8,0.455,-13.75,2.5307,2.724,-12.1109,0,Serve prepare 0.68,0,9,Drive,104.5127,135.6596,2.031,0.883,-12.9402,0.0864,1,1,Ready,0,9,13.3426,2.0017,0.0424,0,Missed,,2.35,-12.35,-1.95,11.2,0,0,0,0.4015,0,0
256,PlayerServeToss,Toss,1,0,48,1.8,0.455,-13.75,2.5261,2.7736,-12.1114,0,Serve prepare 0.69,0,9,Drive,104.467,135.9746,2.0252,0.8882,-12.9363,0.0487,1,1,Ready,0,9,12.9094,1.4319,0.2463,0,Missed,,2.35,-12.35,-1.95,11.2,0,0,0,0.3039,0,0
257,PlayerServeToss,Toss,1,0,48,1.8,0.455,-13.75,2.5238,2.7974,-12.1116,0,Serve prepare 0.71,0,9,Drive,104.2856,136.4185,2.016,0.898,-12.9288,0.1063,1,1,Ready,0,9,12.2725,0.7937,0.1556,0,Missed,,2.35,-12.35,-1.95,11.2,0,0,0,0.4764,0,0
258,PlayerServeToss,Toss,1,0,48,1.8,0.455,-13.75,2.5191,2.8429,-12.112,0,Serve prepare 0.71,0,9,Drive,104.1978,136.7517,2.0108,0.9032,-12.9242,0.0528,1,1,Ready,0,9,11.0901,-0.1243,0.1663,0,Missed,,2.35,-12.35,-1.95,11.2,0,0,0,0.415,0,0
259,PlayerServeToss,Toss,1,0,48,1.8,0.455,-13.75,2.5168,2.8646,-12.1122,0,Serve prepare 0.73,0,9,Drive,103.9322,137.2511,2.0025,0.9131,-12.9156,0.0988,1,1,Ready,0,9,9.6279,-1.1276,0.261,0,Missed,,2.35,-12.35,-1.95,11.2,0,0,0,0.7011,0,0
260,PlayerServeToss,Toss,1,0,48,1.8,0.455,-13.75,2.5122,2.9061,-12.1127,0,Serve prepare 0.74,0,9,Drive,103.7923,137.653,1.9974,0.918,-12.9101,0.0534,1,1,Ready,0,9,7.9222,-2.1695,0.2273,0,Missed,,2.35,-12.35,-1.95,11.2,0,0,0,0.6714,0,0
261,PlayerServeToss,Toss,1,0,48,1.8,0.455,-13.75,2.5099,2.9257,-12.1129,0,Serve prepare 0.75,0,9,Drive,103.4453,138.2561,1.9893,0.9273,-12.9003,0.1052,1,1,Ready,0,9,6.2937,-3.1042,0.1968,0,Missed,,2.35,-12.35,-1.95,11.2,0,0,0,0.9836,0,0
262,PlayerServeToss,Toss,1,0,48,1.8,0.455,-13.75,2.5052,2.9631,-12.1133,0,Serve prepare 0.76,0,9,Drive,103.2352,138.7697,1.9837,0.9318,-12.8939,0.0494,1,1,Ready,0,9,5.0536,-3.8404,0.1171,0,Missed,,2.35,-12.35,-1.95,11.2,0,0,0,0.9396,0,0
263,PlayerServeToss,Toss,1,0,48,1.8,0.455,-13.75,2.5029,2.9807,-12.1135,0,Serve prepare 0.78,0,9,Drive,102.786,139.5242,1.9756,0.9406,-12.8831,0.0918,1,1,Ready,0,9,4.2098,-4.2993,0.1365,0,Missed,,2.35,-12.35,-1.95,11.2,0,0,0,1.2735,0,0
264,PlayerServeToss,Toss,1,0,48,1.8,0.455,-13.75,2.4983,3.014,-12.1139,0,Serve prepare 0.79,0,9,Drive,102.5074,140.1777,1.9697,0.9448,-12.8758,0.0481,1,1,Ready,0,9,3.9395,-4.3496,0.2226,0,Missed,,2.35,-12.35,-1.95,11.2,0,0,0,1.1843,0,0
265,PlayerServeToss,Toss,1,0,48,1.8,0.455,-13.75,2.4959,3.0296,-12.1142,0,Serve prepare 0.80,0,9,Drive,101.9683,141.0882,1.9616,0.9529,-12.8639,0.0898,1,1,Ready,0,9,4.0308,-4.0773,0.2767,0,Missed,,2.35,-12.35,-1.95,11.2,0,0,0,1.4793,0,0
266,PlayerServeToss,Toss,1,0,48,1.8,0.455,-13.75,2.4913,3.0587,-12.1146,0,Serve prepare 0.81,0,9,Drive,101.6532,141.8602,1.9553,0.9566,-12.8555,0.0495,1,1,Ready,0,9,4.3891,-3.4344,0.3455,0,Missed,,2.35,-12.35,-1.95,11.2,0,0,0,1.3026,0,0
267,PlayerServeToss,Toss,1,0,48,1.8,0.455,-13.75,2.489,3.0723,-12.1148,0,Serve prepare 0.83,0,9,Drive,100.9485,142.8922,1.9471,0.9641,-12.8422,0.1043,1,1,Ready,0,9,4.8669,-2.583,0,0,Missed,,2.35,-12.35,-1.95,11.2,0,0,0,1.6183,0,0
268,PlayerServeToss,Toss,1,0,48,1.8,0.455,-13.75,2.4843,3.0974,-12.1152,0,Serve prepare 0.84,0,9,Drive,100.6074,143.746,1.9404,0.9673,-12.8326,0.0472,1,1,Ready,0,9,5.2834,-1.6125,0,0,Missed,,2.35,-12.35,-1.95,11.2,0,0,0,1.3376,0,0
269,PlayerServeToss,Toss,1,0,48,1.8,0.455,-13.75,2.482,3.1089,-12.1154,0,Serve prepare 0.85,0,9,Drive,99.8466,144.8446,1.9322,0.9742,-12.8181,0.099,1,1,Ready,0,9,5.6729,-0.598,0,0,Missed,,2.35,-12.35,-1.95,11.2,0,0,0,1.5762,0,0
270,PlayerServeToss,Toss,1,0,48,1.8,0.455,-13.75,2.4774,3.1299,-12.1159,0,Serve prepare 0.86,0,9,Drive,99.4689,145.7493,1.9257,0.9769,-12.8079,0.0472,1,1,Ready,0,9,6.0097,0.3544,0,0,Missed,,2.35,-12.35,-1.95,11.2,0,0,0,1.2593,0,0
271,PlayerServeToss,Toss,1,0,48,1.8,0.455,-13.75,2.4751,3.1393,-12.1161,0,Serve prepare 0.88,0,9,Drive,98.7185,146.845,1.9179,0.983,-12.7926,0.0964,1,1,Ready,0,9,6.2963,1.2321,0,0,Missed,,2.35,-12.35,-1.95,11.2,0,0,0,1.4199,0,0
272,PlayerServeToss,Toss,1,0,48,1.8,0.455,-13.75,2.4704,3.1562,-12.1165,0,Serve prepare 0.88,0,9,Drive,98.3194,147.7299,1.9118,0.985,-12.782,0.0512,1,1,Ready,0,9,6.5267,1.9708,0,0,Missed,,2.35,-12.35,-1.95,11.2,0,0,0,1.0828,0,0
273,PlayerServeToss,Toss,1,0,48,1.8,0.455,-13.75,2.4681,3.1636,-12.1167,0,Serve prepare 0.90,0,9,Drive,97.5494,148.7591,1.9046,0.9899,-12.7663,0.1136,1,1,Ready,0,9,6.7017,2.5797,0,0,Missed,,2.35,-12.35,-1.95,11.2,0,0,0,1.2335,0,0
274,PlayerServeToss,Toss,1,0,48,1.8,0.455,-13.75,2.4634,3.1764,-12.1172,0,Serve prepare 0.91,0,9,Drive,97.1361,149.5919,1.899,0.9913,-12.7556,0.062,1,1,Ready,0,9,6.8357,3.0441,0,0,Missed,,2.35,-12.35,-1.95,11.2,0,0,0,0.9211,0,0
275,PlayerServeToss,Toss,1,0,48,1.8,0.455,-13.75,2.4611,3.1818,-12.1174,0,Serve prepare 0.92,0,9,Drive,96.3186,150.5378,1.8926,0.9952,-12.7398,0.1229,1,1,Ready,0,9,6.8777,3.3532,0,0,Missed,,2.35,-12.35,-1.95,11.2,0,0,0,1.0799,0,0
276,PlayerServeToss,Toss,1,0,48,1.8,0.455,-13.75,2.4565,3.1905,-12.1178,0,Serve prepare 0.93,0,9,Drive,95.8769,151.3048,1.8879,0.9962,-12.7294,0,1,1,Ready,0,9,6.7249,3.4757,0,0,Missed,,2.35,-12.35,-1.95,11.2,0,0,0,0.8271,0,0
277,PlayerServeToss,Toss,1,0,48,1.8,0.455,-13.75,2.4542,3.1939,-12.118,0,Serve prepare 0.95,0,9,Drive,94.999,152.1373,1.8828,0.9991,-12.7138,0,1,1,Ready,0,9,6.5539,3.4864,0.2252,0,Missed,,2.35,-12.35,-1.95,11.2,0,0,0,0.9667,0,0
278,PlayerServeToss,Toss,1,0,48,1.8,0.455,-13.75,2.4495,3.1985,-12.1184,0,Serve prepare 0.96,0,9,Drive,94.5319,152.8239,1.8789,0.9997,-12.7035,0,1,1,Ready,0,9,6.5278,3.3956,0.7175,0,Missed,,2.35,-12.35,-1.95,11.2,0,0,0,0.7423,0,0
279,PlayerServeToss,Toss,1,0,48,1.8,0.455,-13.75,2.4472,3.1998,-12.1187,0,Serve prepare 0.97,0,9,Drive,93.5592,153.56,1.8751,1.0018,-12.6881,0,1,1,Ready,0,9,6.567,3.3259,0.7274,0,Missed,,2.35,-12.35,-1.95,11.2,0,0,0,0.9321,0,0
280,PlayerServeToss,Toss,1,0,48,1.8,0.455,-13.75,2.4426,3.2004,-12.1191,0,Serve prepare 0.98,0,9,Drive,93.0748,154.1774,1.8721,1.0019,-12.6781,0,1,1,Ready,0,9,6.634,3.4274,0.62,0,Missed,,2.35,-12.35,-1.95,11.2,0,0,0,0.7242,0,0
281,PlayerServeToss,Toss,1,0,48,1.8,0.455,-13.75,2.4402,3.1996,-12.1193,0,Serve prepare 1.00,0,9,Drive,92.0284,154.8258,1.8694,1.0031,-12.6629,0,1,1,Ready,0,9,6.7675,3.6781,0.4816,0,Missed,,2.35,-12.35,-1.95,11.2,0,0,0,0.9635,0,0
282,PlayerServeToss,Toss,1,0,48,1.8,0.455,-13.75,2.4356,3.1961,-12.1197,0,Serve prepare 1.00,0,9,Drive,91.8183,155.3429,1.867,1.002,-12.6564,1.1081,1,1,Ready,0,9,6.9787,4.1119,0.3448,0,Missed,,2.35,-12.35,-1.95,11.2,0,0,0,0.5159,0,0
283,PlayerServeToss,Toss,1,0,48,1.8,0.455,-13.75,2.4333,3.1933,-12.1199,0,Serve prepare 1.00,0,9,Drive,91.8183,155.7613,1.865,1.0007,-12.6527,0.032,1,1,Ready,0,9,7.3025,4.7317,0.2573,0,Missed,,2.35,-12.35,-1.95,11.2,0,0,0,0,0,0
284,PlayerServeToss,Toss,1,0,48,1.8,0.455,-13.75,2.4286,3.1856,-12.1204,0,Serve prepare 1.00,0,9,Drive,91.8183,156.0716,1.8635,0.9998,-12.65,0,1,1,Ready,0,9,7.736,5.5683,0.1005,0,Missed,,2.35,-12.35,-1.95,11.2,0,0,0,0.338,0,0
285,PlayerServeToss,Toss,1,0,48,1.8,0.455,-13.75,2.4263,3.1808,-12.1206,0,Serve prepare 1.00,0,9,Drive,91.8183,156.2693,1.8626,0.9991,-12.6482,0,1,1,Ready,0,9,8.4056,6.5471,0.1805,0,Missed,,2.35,-12.35,-1.95,11.2,0,0,0,0.5828,0,0
286,PlayerServeToss,Toss,1,0,48,1.8,0.455,-13.75,2.4217,3.1691,-12.121,0,Serve prepare 1.00,0,9,Drive,91.8183,156.3628,1.8621,0.9987,-12.6474,0,1,1,Ready,0,9,9.5165,7.5912,0.1014,0,Missed,,2.35,-12.35,-1.95,11.2,0,0,0,0.7011,0,0
287,PlayerServeToss,Toss,1,0,48,1.8,0.455,-13.75,2.4194,3.1622,-12.1212,0,Serve prepare 1.00,0,9,Drive,91.8183,156.3693,1.8621,0.9986,-12.6474,0,1,1,Ready,0,9,10.806,8.6404,0.2468,0,Missed,,2.35,-12.35,-1.95,11.2,0,0,0,0.7111,0,0
288,PlayerServeToss,Toss,1,0,48,1.8,0.455,-13.75,2.4147,3.1464,-12.1217,0,Serve prepare 1.00,0,9,Drive,91.8183,156.3108,1.8624,0.9988,-12.6479,0,1,1,Ready,0,9,12.175,9.67,0.4785,0,Missed,,2.35,-12.35,-1.95,11.2,0,0,0,0.6416,0,0
289,PlayerServeToss,Toss,1,0,48,1.8,0.455,-13.75,2.4124,3.1375,-12.1219,0,Serve prepare 1.00,0,9,Drive,91.8183,156.2104,1.8629,0.999,-12.6488,0,1,1,Ready,0,9,13.3628,10.53,0.4172,0,Missed,,2.35,-12.35,-1.95,11.2,0,0,0,0.5204,0,0
290,PlayerServeToss,Toss,1,0,48,1.8,0.455,-13.75,2.4077,3.1176,-12.1223,0,Serve prepare 1.00,0,9,Drive,91.8183,156.0894,1.8634,0.9993,-12.6499,0,1,1,Ready,0,9,14.083,11.1231,0,0,Missed,,2.35,-12.35,-1.95,11.2,0,0,0,0.3711,0,0
291,PlayerServeToss,Toss,1,0,48,1.8,0.455,-13.75,2.4054,3.1066,-12.1225,0,Serve prepare 1.00,0,9,Drive,91.8183,155.966,1.864,0.9997,-12.651,0,1,1,Ready,0,9,14.3623,11.382,0,0,Missed,,2.35,-12.35,-1.95,11.2,0,0,0,0.2094,0,0
292,PlayerServeToss,Toss,1,0,48,1.8,0.455,-13.75,2.4008,3.0826,-12.123,0,Serve prepare 1.00,0,9,Drive,91.8183,155.8537,1.8646,1,-12.652,0,1,1,Ready,0,9,14.0483,11.1738,0,0,Missed,,2.35,-12.35,-1.95,11.2,0,0,0,0,0,0
293,PlayerServeToss,Toss,1,0,48,1.8,0.455,-13.75,2.3985,3.0696,-12.1232,0,Serve prepare 1.00,0,9,Drive,91.8183,155.7616,1.865,1.0003,-12.6528,0,1,1,Ready,0,9,13.4056,10.6333,0,0,Missed,,2.35,-12.35,-1.95,11.2,0,0,0,0,0,0
294,PlayerServeToss,Toss,1,0,48,1.8,0.455,-13.75,2.3938,3.0416,-12.1236,0,Serve prepare 1.00,0,9,Drive,91.8183,155.6934,1.8653,1.0005,-12.6534,0,1,1,Ready,0,9,12.5848,9.7803,0,0,Missed,,2.35,-12.35,-1.95,11.2,0,0,0,0,0,0
295,PlayerServeToss,Toss,1,0,48,1.8,0.455,-13.75,2.3915,3.0265,-12.1238,0,Serve prepare 1.00,0,9,Drive,91.8183,155.6508,1.8656,1.0007,-12.6538,0,1,1,Ready,0,9,11.7425,8.7475,6.8526,0,Missed,,2.35,-12.35,-1.95,11.2,0,0,0,0,0,0
296,PlayerServeToss,Toss,1,0,48,1.8,0.455,-13.75,2.3869,2.9944,-12.1242,0,Serve prepare 1.00,0,9,Drive,91.8183,155.6316,1.8656,1.0007,-12.6539,0,1,1,Ready,0,9,11.0938,7.6125,0.6661,0,Missed,,2.35,-12.35,-1.95,11.2,0,0,0,0,0,0
297,PlayerServeToss,Toss,1,0,48,1.8,0.455,-13.75,2.3845,2.9773,-12.1245,0,Serve prepare 1.00,0,9,Drive,91.8183,155.6318,1.8656,1.0008,-12.6539,0,1,1,Ready,0,9,10.5785,6.4781,2.6746,0,Missed,,2.35,-12.35,-1.95,11.2,0,0,0,0,0,0
298,PlayerServeToss,Toss,1,0,48,1.8,0.455,-13.75,2.3799,2.941,-12.1249,0,Serve prepare 1.00,0,9,Drive,91.8183,155.6463,1.8656,1.0007,-12.6538,0,1,1,Ready,0,9,10.1834,5.4615,0.6945,0,Missed,,2.35,-12.35,-1.95,11.2,0,0,0,0,0,0
299,PlayerServeToss,Toss,1,0,48,1.8,0.455,-13.75,2.3776,2.9219,-12.1251,0,Serve prepare 1.00,0,9,Drive,91.8183,155.6698,1.8655,1.0007,-12.6536,0,1,1,Ready,0,9,9.9816,4.6269,0.6639,0,Missed,,2.35,-12.35,-1.95,11.2,0,0,0,0,0,0
300,PlayerServeToss,Toss,1,0,48,1.8,0.455,-13.75,2.3729,2.8815,-12.1255,0,Serve prepare 1.00,0,9,Drive,91.8183,155.6977,1.8653,1.0006,-12.6534,0,1,1,Ready,0,9,10.0504,4.0976,0.4963,0,Missed,,2.35,-12.35,-1.95,11.2,0,0,0,0,0,0
301,PlayerServeToss,Toss,1,0,48,1.8,0.455,-13.75,2.3706,2.8603,-12.1257,0,Serve prepare 1.00,0,9,Drive,91.8183,155.7257,1.8652,1.0005,-12.6531,0,1,1,Ready,0,9,10.3518,3.8425,0.1798,0,Missed,,2.35,-12.35,-1.95,11.2,0,0,0,0,0,0
302,PlayerServeToss,Toss,1,0,48,1.8,0.455,-13.75,2.366,2.8159,-12.1262,0,Serve prepare 1.00,0,9,Drive,91.8183,155.7509,1.8651,1.0004,-12.6529,0,1,1,Ready,0,9,10.863,3.8997,0.4288,0,Missed,,2.35,-12.35,-1.95,11.2,0,0,0,0,0,0
303,PlayerServeToss,Toss,1,0,48,1.8,0.455,-13.75,2.3637,2.7927,-12.1264,0,Serve prepare 1.00,0,9,Drive,91.8183,155.7696,1.865,1.0004,-12.6527,0,1,1,Ready,0,9,11.6205,4.2078,0.7022,0,Missed,,2.35,-12.35,-1.95,11.2,0,0,0,0,0,0
304,PlayerServeToss,Toss,1,0,48,1.8,0.455,-13.75,2.359,2.7442,-12.1268,0,Serve prepare 1.00,1,0.1717,Serve,37.0388,168.699,1.8244,0.9871,-12.4161,0,1,1,Ready,0,9,12.7206,4.7292,0.7759,0,Missed,,2.35,-12.35,-1.95,11.2,0,0,0,18.8252,0,0
305,PlayerServeToss,Toss,1,0,48,1.8,0.455,-13.75,2.3567,2.7189,-12.127,0,Serve swing,1,0.1633,Serve,78.5118,167.2597,1.8338,0.9782,-12.5554,0.8306,1,1,Ready,0,9,13.9587,5.3851,0.7582,0,Missed,,2.35,-12.35,-1.95,11.2,0,0,0,1.2085,0,0
306,PlayerServeToss,Toss,1,0,48,1.8,0.455,-13.75,2.352,2.6663,-12.1275,0,Serve swing,1,0.1467,Serve,63.0274,-176.1931,1.841,0.957,-12.3595,0.7756,1,1,Ready,0,9,15.2137,6.0956,0.6589,0,Missed,,2.35,-12.35,-1.95,11.2,0,0,0,0,0,0
307,PlayerServeToss,Toss,1,0,48,1.8,0.455,-13.75,2.3497,2.639,-12.1277,0,Serve swing,1,0.1383,Serve,55.3692,-168.0531,1.8938,0.9764,-12.234,3.1402,1,1,Ready,0,9,16.358,6.8553,0.5544,0,Missed,,2.35,-12.35,-1.95,11.2,0,0,0,0,0,0
308,PlayerServeToss,Toss,1,0,48,1.8,0.455,-13.75,2.3451,2.5823,-12.1281,0,Serve swing,1,0.1217,Serve,30.9216,-151.6752,2.0589,1.0827,-12.025,1.2368,1,1,Ready,0,9,17.2245,7.6628,0.4196,0,Missed,,2.35,-12.35,-1.95,11.2,0,0,0,0,0,0
309,PlayerServeToss,Toss,1,0,48,1.8,0.455,-13.75,2.3428,2.553,-12.1283,0,Serve swing,1,0.1133,Serve,21.0238,-145.4517,2.1439,1.1849,-11.9853,3.7282,1,1,Ready,0,9,17.8361,8.486,0.2836,0,Missed,,2.35,-12.35,-1.95,11.2,0,0,0,0,0,0
310,PlayerServeToss,Toss,1,0,48,1.8,0.455,-13.75,2.3381,2.4922,-12.1287,0,Serve swing,1,0.0967,Serve,2.4891,-159.2012,2.2151,1.3491,-12.035,0.5194,1,1,Ready,0,9,18.1129,9.2958,0.0335,0,Missed,,2.35,-12.35,-1.95,11.2,0,0,0,0,0,0
311,PlayerServeToss,Toss,1,0,48,1.8,0.455,-13.75,2.3358,2.4608,-12.129,0,Serve swing,1,0.0883,Serve,1.2855,-175.466,2.2243,1.4281,-12.097,1.0709,1,1,Ready,0,9,18.2027,10.0912,0.0768,0,Missed,,2.35,-12.35,-1.95,11.2,0,0,0,0,0,0
312,PlayerServeToss,Toss,1,0,48,1.8,0.455,-13.75,2.3312,2.3959,-12.1294,0,Serve swing,1,0.0717,Serve,-15.4289,144.8002,2.1096,1.5662,-12.3283,0.4969,1,1,Ready,0,9,18.175,10.836,0.0327,0,Missed,,2.35,-12.35,-1.95,11.2,0,0,0,0,0,0
313,PlayerServeToss,Toss,1,0,48,1.8,0.455,-13.75,2.3288,2.3625,-12.1296,0,Serve swing,1,0.0633,Serve,39.6753,132.893,2.1418,1.5118,-12.5572,3.0793,1,1,Ready,0,9,18.1638,11.5257,0.0492,0,Missed,,2.35,-12.35,-1.95,11.2,0,0,0,0,0,0
314,PlayerServeToss,Toss,1,0,48,1.8,0.455,-13.75,2.3242,2.2936,-12.13,0,Serve swing,1,0.0467,Serve,26.9843,91.1307,2.3511,1.788,-12.281,19.0504,1,1,Ready,0,9,18.3662,12.108,0.0396,0,Missed,,2.35,-12.35,-1.95,11.2,0,0,0,0,0,0
315,PlayerServeToss,Toss,1,0,48,1.8,0.455,-13.75,2.3219,2.2581,-12.1302,0,Serve swing,1,0.0383,Serve,-2.7825,79.3103,2.4848,1.8572,-12.0107,24.6446,1,1,Ready,0,9,18.6365,12.5857,0.0402,0,Missed,,2.35,-12.35,-1.95,11.2,0,0,0,0,0,0
316,PlayerServeToss,Toss,1,0,48,1.8,0.455,-13.75,2.3172,2.185,-12.1307,0,Serve swing,1,0.0217,Serve,-2.6289,53.4248,2.6295,1.8392,-11.9193,0,1,1,Ready,0,9,18.9379,12.9797,0.0175,0,Missed,,2.35,-12.35,-1.95,11.2,0,0,0,0,0,0
317,PlayerServeToss,Toss,1,0,48,1.8,0.455,-13.75,2.3149,2.1475,-12.1309,0,Serve swing,1,0.0133,Serve,13.6525,44.6281,2.6876,1.8509,-11.986,0,1,1,Ready,0,9,19.1557,13.2191,0.0838,0,Missed,,2.35,-12.35,-1.95,11.2,0,0,0,0,0,0
318,Rally,None,1,0,55.1,1.2908,3.4973,-16.7506,2.2612,2.1313,-11.8016,1,Serve swing,1,-0.0033,Serve,8.4015,26.4965,2.459,1.7276,-12.2646,0,1,1,Ready,0,9,19.173,13.2732,0.2345,0.1217,Missed,,2.35,-12.35,-1.91,11.2,7.1,0,0,0,0,0
319,Rally,None,1,0,55.1216,1.281,3.4888,-16.7524,2.156,2.1397,-11.3863,1,Serve follow,1,-0.02,Serve,16.8764,16.5065,2.4266,1.7118,-12.2556,0,1,1,Run,0,9,12.1236,6.2697,1.863,0.0633,Missed,,2.3481,-12.3491,-1.8299,11.2,0.0216,0,0,0,0,0
320,Rally,None,1,0,55.1619,1.2703,3.4801,-16.7541,2.0508,2.1453,-10.9711,1,Serve follow,1,-0.0367,Serve,18.4004,5.8337,2.4709,1.7002,-12.2412,0,1,1,Run,0,9,-1.1638,-6.7984,6.02,0.005,Missed,,2.3438,-12.347,-1.7498,11.2,0.0403,0,0,0,0,0
321,Rally,None,1,0,55.2184,1.26,3.4724,-16.7548,1.8929,2.1483,-10.3482,1,Serve follow,1,-0.0617,Serve,18.6783,-4.6893,2.2536,1.6091,-11.9901,0,1,1,Run,0,9,-14.3149,-19.8468,1.6482,0,Missed,,2.3325,-12.3415,-1.6297,11.2,0.0566,0,0,0,0,0
322,Rally,None,1,0,55.2892,1.2501,3.4658,-16.7547,1.7877,2.1467,-9.933,1,Serve follow,1,-0.0783,Serve,15.4725,-2.7559,2.3714,1.5391,-11.9026,0,1,1,Run,0,9,-25.1335,-30.3311,1.0324,0,Missed,,2.3219,-12.3363,-1.5496,11.2,0.0708,0,0,2.5176,0,0
323,Rally,None,1,0,55.3723,1.24,3.46,-16.7533,1.6298,2.1389,-9.3101,1,Serve follow,1,-0.1033,Serve,11.8746,-7.3484,2.4674,1.2412,-11.9075,0,1,1,Run,0,9,-33.3258,-37.7704,0.6656,0,Missed,,2.3013,-12.3262,-1.4295,11.2,0.0831,0,0,9.6283,0,0
324,Rally,None,1,0,55.4543,1.23,3.4551,-16.7511,1.5246,2.1302,-8.8949,1,Serve follow,1,-0.12,Serve,12.5988,-15.3042,2.4937,1.0596,-11.9325,0,1,1,Run,0,9,-39.3268,-42.6168,0.8148,0,Missed,,2.2845,-12.318,-1.3494,11.2,0.082,0,0,16.112,0,0
325,Rally,None,1,0,55.5256,1.2198,3.4509,-16.7478,1.4193,2.1186,-8.4797,1,Serve follow,1,-0.1367,Serve,14.2906,-15.7302,2.5058,0.9442,-11.9926,0,1,1,Run,0,9,-43.801,-45.4563,1.1823,0,Missed,,2.2652,-12.3085,-1.2693,11.2,0.0713,0,0,19.8706,0,0
326,Rally,None,1,0,55.5875,1.2085,3.4472,-16.7428,1.2615,2.0958,-7.8568,1,Serve follow,1,-0.1617,Serve,14.0589,-10.3659,2.5228,0.8613,-12.1005,0,1,1,Run,0,9,-46.9891,-47.0007,0,0,Missed,,2.2315,-12.292,-1.1492,11.2,0.062,0,0,20.1422,0,0
327,Rally,None,1,0,55.6414,1.1967,3.4441,-16.7368,1.1562,2.077,-7.4416,1,Serve follow,1,-0.1783,Serve,15.443,0.2483,2.5258,0.8892,-12.1978,0,1,1,Run,0,9,-49.2795,-47.6705,7.5814,0,Missed,,2.2059,-12.2795,-1.0691,11.2,0.0539,0,0,15.3626,0,0
328,Rally,None,1,0,55.6883,1.1833,3.4415,-16.7289,0.9984,2.0435,-6.8187,1,Serve follow,1,-0.2033,Serve,15.9581,14.5349,2.4948,0.883,-12.2166,0,1,1,Run,0,9,-50.8132,-47.8829,0.6012,0,Missed,,2.1629,-12.2584,-0.949,11.2,0.0468,0,0,12.7176,0,0
329,Rally,None,1,0,55.729,1.1692,3.4392,-16.7199,0.8932,2.0176,-6.4035,1,Serve follow,1,-0.22,Serve,17.2538,20.3785,2.3398,0.9954,-12.3756,0,1,1,Run,0,9,-51.6143,-47.9458,0.4288,0,Missed,,2.1311,-12.2429,-1.029,11.2,0.0407,0,0,10.3015,0,0
330,Rally,None,1,0,55.7644,1.1545,3.4373,-16.7099,0.7879,1.9888,-5.9882,1,Serve follow,1,-0.2367,Serve,17.0407,27.535,2.4409,1.0942,-12.3517,3.0831,1,1,Run,0,9,-41.4525,-38.6152,0,0,Missed,,2.0968,-12.2261,-1.1091,11.2,0.0354,0,0,10.3655,0,0
331,Rally,None,1,0,55.7952,1.1376,3.4358,-16.6976,0.6301,1.9402,-5.3654,1,Serve follow,1,-0.2617,Serve,16.9243,32.0726,2.41,1.1144,-12.3315,0.1593,1,1,Run,0,9,-20.895,-19.9707,0,0,Missed,,2.0406,-12.1986,-1.2293,11.2,0.0308,0,0,9.2682,0,0
332,Rally,None,1,0,55.8219,1.1199,3.4345,-16.6843,0.5248,1.9043,-4.9502,1,Serve follow,1,-0.2783,Serve,17.0069,33.6969,2.3995,1.1552,-12.3208,0.2962,1,1,Run,0,9,-0.0678,-0.6569,0,0,Missed,,2.0001,-12.1788,-1.3093,11.2,0.0268,0,0,8.1874,0,0
333,Rally,None,1,0,55.8452,1.0997,3.4334,-16.6685,0.367,1.845,-4.3273,1,Serve follow,0,9,Serve,17.0069,33.6969,2.3537,1.1552,-12.2924,0.1636,1,1,Run,0,9,16.3407,15.2566,12.9844,0,Missed,,1.9346,-12.1467,-1.4295,11.2,0.0233,0,0,8.1874,0,0
334,Rally,None,1,0,55.8654,1.0787,3.4325,-16.6518,0.2617,1.8019,-3.9121,1,Run,0,9,Serve,16.5954,26.5367,2.3394,1.1747,-12.2758,0.0447,0.9555,0.8333,Backhand prepare 0.08,0,9,26.4279,27.4859,6.6629,0,Missed,,1.8878,-12.1238,-1.5095,11.2,0.0202,0,1.1806,7.6051,0,0
335,Rally,None,1,0,55.883,1.0568,3.4319,-16.6341,0.1565,1.756,-3.4968,1,Run,0,9,Serve,15.2169,22.2644,2.3695,1.1505,-12.1563,0.2137,0.856,0.6667,Backhand prepare 0.17,0,9,30.8598,34.3776,2.6387,0,Missed,,1.8385,-12.0997,-1.5896,11.2,0.0176,0,2.3611,2.6213,0,0
336,Rally,None,1,0,55.8983,1.032,3.4313,-16.6137,-0.0014,1.6817,-2.874,1,Run,0,9,Serve,12.6103,19.0855,2.2208,0.9578,-12.0078,0.4206,0.7361,0.5,Backhand prepare 0.25,0,9,29.7975,35.9783,1.4416,0,Missed,,1.7599,-12.0612,-1.7098,11.2,0.0153,0,3.536,2.0084,0,0
337,Rally,None,1,0,55.9116,1.0064,3.431,-16.5924,-0.1066,1.6286,-2.4587,1,Run,0,9,Serve,8.6376,14.0467,2.1643,0.9501,-11.9299,0,0.6155,0.3333,Backhand prepare 0.32,0,9,29.5871,36.0655,0.5427,0,Missed,,1.7044,-12.0341,-1.7898,11.2,0.0133,0,4.7222,1.4793,0,0
338,Rally,None,1,0,55.9231,0.9777,3.4307,-16.5682,-0.2645,1.5435,-1.8359,1,Run,0,9,Serve,3.4377,7.588,2.0667,0.942,-11.8496,0,0.5041,0.1667,Backhand prepare 0.35,0,9,28.4174,35.4364,1.2547,0,Missed,,1.6165,-11.991,-1.91,11.2,0.0116,0,5.9028,1.0369,0,0
339,Rally,None,1,0,55.9332,0.9483,3.4306,-16.5432,-0.3697,1.4833,-1.4206,1,Run,0,9,Serve,-2.6108,0.5748,1.9811,0.9234,-11.7707,0,0.4064,0,Backhand prepare 0.41,0,9,27.0204,33.9721,2.05,0,Missed,,1.5547,-11.9608,-1.99,11.2,0.01,0,7.0833,0.6698,0,0
340,Rally,None,1,0,55.9419,0.918,3.4305,-16.5175,-0.4749,1.4201,-1.0054,1,Run,0,9,Serve,-8.948,-6.1431,1.8766,0.8887,-11.6909,0,0.3236,0,Backhand prepare 0.45,0,9,27.4482,33.2165,7.5298,0,Missed,,1.4918,-11.93,-2.0701,11.2,0.0087,0,8.2639,0.5082,0,0
341,Rally,None,1,0,55.9495,0.8849,3.4306,-16.4891,-0.6328,1.3201,-0.3825,1,Run,0,9,Serve,-15.0442,-13.199,1.7245,0.841,-11.5695,11.553,0.2551,0,Backhand prepare 0.48,0,9,28.951,33.1494,4.7004,0,Missed,,1.3975,-11.8839,-2.1903,11.2,0.0076,0,7.3287,0.6654,0,0
342,Rally,None,1,0,55.9518,0.8514,3.4307,-16.4603,-0.738,1.2498,0.0327,1,Run,0,9,Serve,-20.5497,-19.0222,1.5968,0.8184,-11.4705,11.0626,0.1995,0,Backhand prepare 0.54,0,9,31.9065,33.6834,4.9388,0,Missed,,1.3346,-11.8531,-2.2703,11.2,0.0023,0,5.776,0.9416,0,0
343,Rally,None,1,0,55.8725,0.8154,3.4309,-16.4293,-0.8959,1.139,0.6555,1,Run,0,9,Serve,-25.1263,-23.2152,1.44,0.8204,-11.3728,6.4952,0.1549,0,Backhand prepare 0.58,0,9,34.9174,34.8622,5.1128,0,Missed,,1.2403,-11.807,-2.3905,11.2,-0.0793,0,4.5522,1.1302,0,0
344,Rally,None,1,0,55.7492,0.7796,3.4311,-16.3983,-1.0011,1.0616,1.0708,1,Run,0,9,Serve,-28.6563,-26.2036,1.3247,0.8334,-11.3092,5.7232,0.1195,0,Backhand prepare 0.63,0,9,33.967,33.6947,1.6825,0,Missed,,1.1775,-11.7762,-2.4705,11.2,-0.1232,0,3.5877,1.1364,0,0
345,Rally,None,1,0,55.5879,0.7437,3.4314,-16.3673,-1.1064,0.9812,1.486,1,Run,0,9,Serve,-31.2685,-28.2967,1.2235,0.8481,-11.2622,4.0296,0.0918,0,Backhand prepare 0.67,0,9,31.757,31.5761,1.2879,0,Missed,,1.1146,-11.7454,-2.5506,11.2,-0.1614,0,2.8276,0.9917,0,0
346,Rally,None,1,0,55.3662,0.7057,3.4317,-16.3344,-1.2642,0.8554,2.1089,1,Run,0,9,Serve,-32.9809,-29.7666,1.1048,0.8511,-11.2095,1.8311,0.0702,0,Backhand prepare 0.71,0,9,29.8142,28.7256,1.7031,0,Missed,,1.0203,-11.6993,-2.5693,11.2,-0.2217,0,2.2285,0.7108,0,0
347,Rally,None,1,0,55.1193,0.668,3.432,-16.3018,-1.3694,0.768,2.5241,1,Run,0,9,Serve,-33.8419,-30.8847,1.0311,0.8307,-11.1805,3.7636,0.0534,0,Backhand prepare 0.76,0,9,25.8939,22.523,0,0,Missed,,0.9574,-11.6685,-2.5693,11.2,-0.247,0,1.7563,0.3698,0,0
348,Rally,None,1,0,54.8232,0.6284,3.4324,-16.2674,-1.5273,0.6314,3.147,1,Run,0,9,Serve,-34.0634,-31.8202,0.9362,0.8005,-11.143,0,0.0405,0,Backhand prepare 0.80,0,9,20.2836,13.9033,0,0,Missed,,0.8631,-11.6224,-2.5693,11.2,-0.2961,0,1.3842,0.4193,0,0
349,Rally,None,1,0,54.5116,0.5893,3.4329,-16.2335,-1.6325,0.5368,3.5622,1,Run,0,9,Serve,-33.9024,-32.6506,0.8787,0.7861,-11.1249,0,0.0307,0,Backhand prepare 0.85,0,9,13.4974,2.6132,0,0,Missed,,0.8002,-11.5916,-2.5693,11.2,-0.3116,0,1.0909,0.7706,0,0.0003
350,Rally,None,1,0,54.1864,0.5507,3.4333,-16.1999,-1.7378,0.4393,3.9774,1,Run,0,9,Serve,-33.3805,-33.5246,0.8271,0.7693,-11.1109,0,0.0231,0,Backhand prepare 0.89,0,9,3.4849,-9.5729,2.0966,0,Missed,,0.7373,-11.5608,-2.5693,11.2,-0.3252,0,0.8598,1.1211,0,0.0001
351,Rally,None,1,0,53.8223,0.5102,3.4338,-16.1648,-1.8956,0.2878,4.6003,1,Run,0,9,Serve,-32.7012,-34.4263,0.7477,0.7583,-11.0771,0,0.0174,0,Backhand prepare 0.93,0,9,-5.5682,-22.0733,1.3751,0,Missed,,0.643,-11.5147,-2.5693,11.2,-0.3641,0,0.6776,1.3567,0,0
352,Rally,None,1,0,53.4516,0.4704,3.4344,-16.1302,-2.0009,0.1831,5.0155,1,Run,0,9,Serve,-32.103,-35.2676,0.6946,0.7524,-11.0587,2.8877,0.0131,0,Backhand prepare 0.98,0,9,-7.8764,-35.2072,0.8243,0,Missed,,0.5801,-11.4839,-2.5693,11.2,-0.3707,0,0.5341,1.3905,0,0.0002
353,Rally,None,1,0,53.0494,0.429,3.4349,-16.0942,-2.1559,0.133,5.6272,1,Run,0,9,Serve,-31.5128,-36.0656,0.6098,0.7746,-11.0304,0.3834,0.0098,0,Backhand prepare 1.00,0,9,-16.1644,-49.5634,0.3209,0,Missed,,0.4874,-11.4385,-2.6093,11.2,-0.4022,0,0.4209,1.2893,0,0.0001
354,Rally,None,1,0,52.651,0.3887,3.4355,-16.0592,-2.2554,0.1969,6.02,1,Run,0,9,Serve,-31.1613,-37.0594,0.5536,0.7832,-11.0145,2.9278,0.0073,0,Backhand prepare 1.00,0,9,-25.0058,-62.7154,0,0,Missed,,0.4286,-11.4097,-2.6894,11.2,-0.3984,0.0007,1.0753,1.0367,0,0.0001
355,Rally,None,1,0,52.3047,0.3494,3.4361,-16.0252,-2.355,0.258,6.4128,1,Run,0,9,Serve,-31.1401,-37.8763,0.4518,0.7862,-10.9897,1.8045,0.0055,0,Backhand prepare 1.00,1,0.1753,30.6665,-72.2574,0,0,Missed,,0.3723,-11.3822,-2.7695,11.2,-0.3463,0.0026,2.4365,0.6475,0,0
356,Rally,None,1,0,52.0036,0.3095,3.4367,-15.9905,-2.5043,0.3444,7.002,1,Run,0,9,Serve,-31.2318,-38.3566,0.3668,0.7839,-10.9473,2.4758,0.0041,0,Forehand swing,1,0.1514,-23.9915,-27.9102,0,0,Missed,,0.2925,-11.3432,-2.8896,11.2,-0.3011,0.0058,3.5093,0.211,0,0
357,Rally,None,1,0,51.7418,0.271,3.4373,-15.9571,-2.6039,0.3985,7.3948,1,Run,0,9,Serve,-31.4855,-38.744,0.3502,0.7777,-10.9159,1.2333,0.003,0,Forehand swing,1,0.1355,-46.855,0.17,0,0,Missed,,0.2425,-11.3187,-2.9697,11.2,-0.2618,0.0105,5.1493,0.2341,0,0
358,Rally,None,1,0,51.5143,0.2323,3.4379,-15.9237,-2.7532,0.4745,7.9841,1,Run,0,9,Serve,-31.8298,-38.7789,0.271,0.7784,-10.8738,1.3023,0.0023,0,Forehand swing,1,0.1116,-35.2928,12.9351,0.8299,0,Missed,,0.1721,-11.2842,-3.0898,11.2,-0.2276,0.016,5.6474,0.5873,0,0
359,Rally,None,1,0,51.3165,0.1955,3.4386,-15.8918,-2.8528,0.5217,8.3769,1,Run,0,9,Serve,-32.318,-38.7232,0.2158,0.7847,-10.8425,0.5728,0,0,Forehand swing,1,0.0956,-22.4449,21.7917,0.3848,0,Missed,,0.1282,-11.2628,-3.1699,11.2,-0.1978,0.0221,6.8344,0.8753,0,0
360,Rally,None,1,0,51.1445,0.1603,3.4392,-15.8614,-2.9523,0.5661,8.7697,1,Run,0,9,Serve,-32.839,-38.3789,0.1641,0.7852,-10.8125,4.0323,0,0,Forehand swing,1,0.0797,-14.1368,23.6903,0.9086,0,Missed,,0.0869,-11.2425,-3.25,11.2,-0.172,0.0278,6.9754,1.0588,0,0
361,Rally,None,1,0,50.995,0.1255,3.4399,-15.8313,-3.1017,0.6274,9.3589,1,Run,0,9,Serve,-33.3413,-37.9433,0.0979,0.782,-10.775,0.1611,0,0,Forehand swing,1,0.0558,-10.2816,13.1778,1.308,0,Missed,,0.0296,-11.2145,-3.2881,11.2,-0.1495,0.0328,7.0866,1.1162,0,0
362,Rally,None,1,0,50.865,0.093,3.4406,-15.8032,-3.2012,0.6649,9.7517,1,Run,0,9,Serve,-33.7888,-37.5788,0.0607,0.7795,-10.7517,0.2322,0,0,Forehand swing,1,0.0398,-3.8105,4.4262,0.2917,0,Missed,,0,-11.2,-3.2881,11.2,-0.13,0.0371,7.9687,1.0488,0,0
363,Rally,None,1,0,50.752,0.0646,3.4413,-15.7788,-3.3505,0.7158,10.3409,1,Ready,0,9,Serve,-28.1228,-32.4484,0.069,0.7772,-10.7595,1.7094,0,0,Forehand swing,1,0.0159,-6.8126,-10.4707,0.2736,0,Missed,,0,-11.2,-3.2881,11.2,-0.113,0.0393,6.2803,1.6456,0,0.0001
364,Rally,None,1,0,51.4376,0.0396,3.4421,-15.7568,-3.4501,0.7463,10.6138,1,Ready,0,9,Serve,-17.3376,-22.0496,0.0877,0.7747,-10.7777,16.3699,0,0,Forehand swing,1,0,-7.4182,-8.5201,0.2931,0,Missed,R;,0,-11.2,-3.2881,11.2,0.6856,0.039,4.9497,1.2401,0,0
365,Rally,None,1,0,52.0336,0.0178,3.4428,-15.7376,-3.3596,0.8191,10.338,1,Ready,0,9,Serve,-6.7444,-11.6075,0.1,0.7771,-10.7939,2.9976,0,0,Forehand swing,1,-0.0167,-12.868,-10.5522,0.8045,0,Missed,,0,-11.2,-3.208,11.2,0.596,0.0364,3.901,0.7142,0,0
366,Rally,None,1,0,52.5518,-0.0013,3.4436,-15.7209,-3.2691,0.8894,10.0622,1,Ready,0,9,Serve,1.8928,-3.2424,0.1095,0.7789,-10.8054,1.0949,0,0,Forehand follow,1,-0.0333,-21.0799,-16.1309,1.4359,0,Missed,,0,-11.2,-3.128,11.2,0.5182,0.0319,3.0745,1.0705,0,0
367,Rally,None,1,0,53.0023,-0.0181,3.4444,-15.7063,-3.1333,0.9901,9.6486,1,Ready,0,9,Serve,8.2706,2.8029,0.1169,0.7823,-10.8135,1.0022,0,0,Forehand follow,1,-0.0583,-33.7366,-32.91,1.865,0,Missed,,0,-11.2,-3.0078,11.2,0.4505,0.0264,2.4231,1.4733,0,0
368,Rally,None,1,0,53.3939,-0.0328,3.4451,-15.6936,-3.0428,1.0541,9.3728,1,Ready,0,9,Serve,12.6084,6.8188,0.1212,0.7887,-10.8162,0.6876,0,0,Forehand follow,1,-0.075,-42.4048,-49.3771,1.5407,0,Missed,,0,-11.2,-2.9277,11.2,0.3916,0.0206,1.9097,1.613,0,0
369,Rally,None,1,0,53.7344,-0.0455,3.4459,-15.6825,-2.907,1.1454,8.9592,1,Ready,0,9,Serve,15.3374,9.276,0.1285,0.7965,-10.8158,0.4521,0,0,Forehand follow,1,-0.1,-53.3373,-68.0367,0,0,Missed,,0.0042,-11.2,-2.8076,11.2,0.3405,0.0149,1.5051,1.4966,0,0
370,Rally,None,1,0,54.0304,-0.0562,3.4466,-15.6728,-2.8165,1.2032,8.6834,1,Run,0,9,Serve,17.1521,10.4793,0.1423,0.7949,-10.8174,0.2773,0,0,Forehand follow,1,-0.1167,-56.795,-77.4833,0,0,Missed,,0.0104,-11.1999,-2.7275,11.2,0.296,0.0113,3.4844,1.178,0,0
371,Rally,None,1,0,54.2877,-0.0649,3.4474,-15.6644,-2.7259,1.2584,8.4076,1,Run,0,9,Serve,19.0456,12.1273,0.1717,0.7879,-10.8273,0.3028,0,0,Forehand follow,1,-0.1333,-58.5953,-85.6631,0,0,Missed,,0.0194,-11.1998,-2.6475,11.2,0.2573,0.0099,4.3233,0.8276,0,0
372,Rally,None,1,0,54.5114,-0.0714,3.4482,-15.6569,-2.5902,1.3365,7.994,1,Run,0,9,Serve,21.5768,14.4684,0.234,0.7702,-10.8505,0.4161,0,0,Forehand follow,1,-0.1583,-58.6548,-95.1597,0,0,Missed,,0.0382,-11.1996,-2.5273,11.2,0.2237,0.0104,4.9912,0.6424,0,0
373,Rally,None,1,0,54.7059,-0.076,3.4489,-15.6504,-2.4997,1.3855,7.7182,1,Run,0,9,Serve,25.2862,17.7556,0.3028,0.7357,-10.8973,2.5943,0,0,Forehand follow,1,-0.175,-56.0917,-102.0413,0,0,Missed,,0.0542,-11.1994,-2.4472,11.2,0.1945,0.0127,6.314,0.712,0,0
374,Rally,None,1,0,54.8749,-0.078,3.4497,-15.6447,-2.3639,1.4542,7.3046,1,Run,0,9,Serve,30.1255,22.2928,0.3781,0.7112,-10.9698,3.1117,0,0,Forehand follow,1,-0.2,-55.4932,-110.305,0,0,Missed,,0.0833,-11.1991,-2.3271,11.2,0.1691,0.0158,6.5643,0.9314,0,0
375,Rally,None,1,0,55.0219,-0.0783,3.4504,-15.6396,-2.2734,1.4969,7.0288,1,Run,0,9,Serve,35.3647,26.7516,0.4373,0.6921,-11.0543,0.777,0,0,Forehand follow,1,-0.2167,-49.4602,-110.5135,0,0,Missed,,0.1062,-11.1989,-2.247,11.2,0.147,0.0191,7.5563,0.4761,0,0
376,Rally,None,1,0,55.1497,-0.0768,3.4512,-15.6352,-2.1828,1.5371,6.753,1,Run,0,9,Serve,40.0889,30.9345,0.485,0.6741,-11.1357,1.7585,0,0,Forehand follow,1,-0.2333,-50.5266,-115.1579,0,0,Missed,,0.1319,-11.1986,-2.167,11.2,0.1278,0.0219,7.544,0.4763,0,0
377,Rally,None,1,0,55.2608,-0.0725,3.4519,-15.6312,-2.0471,1.5926,6.3394,1,Run,0,9,Serve,43.8062,34.195,0.5391,0.6632,-11.2013,7.1639,0,0,Forehand follow,1,-0.2583,-50.1045,-118.8558,0,0,Missed,,0.1757,-11.1981,-2.0468,11.2,0.1111,0.0234,7.5345,0.4747,0,0
378,Rally,None,1,0,55.3574,-0.0666,3.4527,-15.6277,-1.9565,1.6265,6.0636,1,Run,0,9,Serve,46.586,36.3469,0.5739,0.6503,-11.2497,0.5605,0,0,Forehand follow,1,-0.275,-47.9533,-118.3809,0,0,Missed,,0.2083,-11.1978,-1.9667,11.2,0.0966,0.0237,8.3216,0.4145,0,0
379,Rally,None,1,0,55.4413,-0.0577,3.4534,-15.6245,-1.8208,1.6727,5.65,1,Run,0,9,Serve,48.4441,38.0552,0.7113,0.668,-11.2911,0.8864,0,0,Forehand follow,0,9,-46.8156,-117.3139,2.6813,0,Missed,,0.2625,-11.1972,-1.8466,11.2,0.084,0.0224,8.1475,0.3052,0,0
380,Rally,None,1,0,55.5143,-0.0473,3.4541,-15.6217,-1.7302,1.7003,5.3742,1,Run,0,9,Serve,49.65,39.0641,0.7851,0.6769,-11.3251,4.5775,0,0,Run,0,9,-47.0518,-68.7718,2.9661,0,Missed,,0.3021,-11.1968,-1.7665,11.2,0.073,0.0198,8.5,0.167,0,0
381,Rally,None,1,0,55.5778,-0.0354,3.4549,-15.6191,-1.6397,1.7254,5.0985,1,Run,0,9,Serve,50.3762,39.8989,0.8707,0.6978,-11.3383,0.3219,0,0,Run,0,9,-47.1013,-56.8192,0.4247,0,Missed,,0.3444,-11.1963,-1.6865,11.2,0.0635,0.0158,8.5,0.076,0,0
382,Rally,None,1,0,55.6329,-0.0202,3.4556,-15.6168,-1.5039,1.7584,4.6848,1,Run,0,9,Serve,50.736,40.6058,0.9364,0.7011,-11.3537,1.5918,0,0,Run,0,9,-47.4064,-54.8036,0.9457,0,Missed,,0.4132,-11.1956,-1.5663,11.2,0.0552,0.0112,8.3104,0.181,0,0
383,Rally,None,1,0,55.6809,-0.0036,3.4563,-15.6147,-1.4134,1.7772,4.4091,1,Run,0,9,Serve,50.7682,41.0967,0.96,0.6887,-11.3385,0,0,0,Run,0,9,-48.0751,-52.5397,0.6121,0,Missed,,0.4625,-11.1951,-1.4862,11.2,0.048,0.0066,8.5,0.3526,0,0
384,Rally,None,1,0,55.7226,0.0164,3.457,-15.6127,-1.2777,1.8008,3.9954,1,Run,0,9,Serve,50.519,41.6911,1.0159,0.68,-11.3181,0,0,0,Run,0,9,-48.9266,-50.2612,2.2217,0,Missed,,0.5416,-11.1942,-1.3661,11.2,0.0417,0.0026,8.5,0.5424,0,0
385,Rally,None,1,0,55.7588,0.0376,3.4577,-15.6109,-1.1871,1.8134,3.7196,1,Run,0,9,Serve,50.057,42.3497,1.0069,0.6578,-11.2964,0,0,0,Run,0,9,-49.8831,-48.1341,2.0047,0,Missed,,0.5979,-11.1936,-1.286,11.2,0.0362,-0.0004,8.5,0.723,0,0
386,Rally,None,1,0,55.7903,0.0602,3.4584,-15.6092,-1.0966,1.8234,3.4439,1,Run,0,9,Serve,49.4998,43.0501,1.0809,0.6624,-11.2842,0,0,0,Run,0,9,-50.9099,-46.2398,1.1349,0,Missed,,0.6569,-11.193,-1.206,11.2,0.0315,-0.0024,8.5,0.8486,0,0
387,Rally,None,1,0,55.8177,0.0864,3.4591,-15.6076,-0.9608,1.8338,3.0302,1,Run,0,9,Serve,48.8285,43.8329,1.1896,0.672,-11.2692,1.8112,0,0,Run,0,9,-51.7112,-44.774,1.6027,0,Missed,,0.7507,-11.192,-1.0858,11.2,0.0274,-0.0035,8.5,0.9406,0,0
388,Rally,None,1,0,55.8415,0.1138,3.4598,-15.6061,-0.8703,1.8376,2.7545,1,Run,0,9,Serve,48.0455,44.7139,1.271,0.6972,-11.2528,2.9579,0,0,Run,0,9,-52.3394,-43.7008,2.4732,0,Missed,,0.8166,-11.1913,-1.0057,11.2,0.0238,-0.0037,8.5,1.0092,0,0
389,Rally,None,1,0,55.8622,0.145,3.4605,-15.6046,-0.7345,1.8386,2.3408,1,Run,0,9,Serve,47.3814,45.6082,1.3932,0.7286,-11.2419,0.3908,0,0,Run,0,9,-52.6582,-43.0774,1.0812,0,Missed,,0.9208,-11.1901,-0.8856,11.2,0.0207,-0.0035,8.5,0.9753,0,0
390,Rally,None,1,0,55.8802,0.1771,3.4612,-15.6032,-0.644,1.8361,2.065,1,Run,0,9,Serve,46.8213,46.3836,1.4797,0.7527,-11.2365,0.5128,0,0,Run,0,9,-52.5743,-42.9322,2.0562,0,Missed,,0.9937,-11.1894,-0.8055,11.2,0.018,-0.0028,8.5,0.8373,0,0
391,Rally,None,1,0,55.8959,0.2104,3.4618,-15.6019,-0.5535,1.8311,1.7893,1,Run,0,9,Serve,46.4239,47.065,1.5632,0.7669,-11.2293,1.297,0,0,Run,0,9,-52.18,-43.1832,0.458,0,Missed,,1.0694,-11.1886,-0.7255,11.2,0.0156,-0.002,8.5,0.621,0,0
392,Rally,None,1,0,55.9095,0.2477,3.4625,-15.6005,-0.4177,1.8189,1.3756,1,Run,0,9,Serve,46.3381,47.5277,1.6795,0.7804,-11.2266,0.6891,0,0,Run,0,9,-51.5141,-43.777,0,0,Missed,,1.1881,-11.1873,-0.6053,11.2,0.0136,-0.0012,8.5,0.2912,0,0
393,Rally,None,1,0,55.9213,0.2859,3.4631,-15.5992,-0.3272,1.8076,1.0999,1,Run,0,9,Serve,46.6315,47.693,1.7562,0.7903,-11.2329,4.8098,0,0,Run,0,9,-50.565,-44.6904,0,0,Missed,,1.2708,-11.1864,-0.5252,11.2,0.0118,-0.0005,8.5,0.1467,0,0
394,Rally,None,1,0,55.9316,0.3283,3.4637,-15.5979,-0.1914,1.786,0.6862,1,Run,0,9,Serve,47.2142,47.5795,1.875,0.7641,-11.2433,2.543,0,0,Run,0,9,-49.6187,-45.7223,0,0,Missed,,1.3999,-11.185,-0.4051,11.2,0.0103,0,8.5,0.5986,0,0
395,Rally,None,1,0,55.9405,0.3714,3.4644,-15.5967,-0.1009,1.7685,0.4105,1,Run,0,9,Serve,48.1402,47.1259,1.939,0.7257,-11.2576,11.4442,0,0,Run,0,9,-48.6465,-46.8498,4.2995,0,Missed,,1.4895,-11.1841,-0.325,11.2,0.0089,0.0004,8.5,1.0652,0,0
396,Rally,None,1,0,55.9483,0.4154,3.465,-15.5955,-0.0104,1.7484,0.1347,1,Forehand prepare 0.04,0,9,Serve,49.0266,46.5725,1.9876,0.7166,-11.1531,0,0.2083,0.1667,Run,0,9,-47.8154,-47.9332,0.7491,0,Missed,,1.5819,-11.1831,-0.245,11.2,0.0078,0.0006,8.5,3.3007,0,0
397,Rally,None,1,0,55.955,0.4639,3.4656,-15.5942,0.1254,1.7137,-0.279,1,Forehand prepare 0.08,0,9,Serve,64.8002,50.2112,2.0958,0.6726,-11.465,3.7055,0.4167,0.3333,Run,0,9,-47.3136,-48.8147,0.1052,0,Missed,,1.7256,-11.1815,-0.1248,11.2,0.0068,0.0006,8.5,8.7553,0,0
398,Rally,None,1,0,55.9609,0.5128,3.4662,-15.5929,0.2159,1.6873,-0.5547,1,Forehand prepare 0.13,0,9,Serve,60.3764,50.2152,2.1671,0.6975,-11.3669,4.1583,0.625,0.5,Run,0,9,-47.0797,-49.4826,0.6487,0,Missed,,1.8224,-11.1805,-0.0447,11.2,0.0059,0.0006,8.5,7.2367,0,0
399,Rally,None,1,0,55.954,0.5658,3.4668,-15.5916,0.3517,1.6431,-0.9684,1,Forehand prepare 0.17,0,9,Serve,59.6609,48.7234,2.306,0.7384,-11.3896,2.8022,0.8333,0.6667,Run,0,9,-47.2029,-49.841,0.1117,0,Missed,,1.9625,-11.179,0,11.2,-0.007,0.0005,6.6311,6.2831,0,0
400,Rally,None,1,0,55.9388,0.6186,3.4676,-15.5904,0.4422,1.6105,-1.2441,1,Forehand prepare 0.23,0,9,Serve,61.6278,48.0945,2.4266,0.7732,-11.3848,3.4145,1,0.8333,Ready,0,9,-41.5851,-45.0437,4.8947,0,Missed,,2.0524,-11.178,0,11.2,-0.0152,0.0004,2.8426,4.0623,0,0
401,Rally,None,1,0,55.9165,0.6711,3.4683,-15.5892,0.5327,1.5754,-1.5199,1,Forehand prepare 0.26,0,9,Serve,60.652,46.4241,2.5065,0.7741,-11.3353,1.3805,1,1,Ready,0,9,-30.9841,-35.3723,1.1206,0,Missed,,2.1395,-11.1771,0,11.2,-0.0223,0.0002,0.6513,2.9086,0,0
402,Rally,None,1,0,55.8835,0.7263,3.4691,-15.588,0.6685,1.5181,-1.9335,1,Forehand prepare 0.30,0,9,Serve,58.1065,44.3796,2.621,0.7629,-11.3247,0.8703,1,1,Ready,0,9,-20.5163,-25.1639,0.9405,0,Missed,,2.265,-11.1758,0,11.2,-0.033,0.0008,1.0758,3.5975,0,0
403,Rally,None,1,0,55.8457,0.7803,3.47,-15.5869,0.759,1.4767,-2.2093,1,Forehand prepare 0.36,0,9,Serve,54.7917,43.1898,2.7967,0.7953,-11.343,4.5802,1,1,Ready,0,9,-12.0056,-16.6297,0.6518,0,Missed,,2.3451,-11.1749,0,11.2,-0.0378,0.0031,3.2314,5.8545,0,0
404,Rally,None,1,0,55.7992,0.8361,3.4709,-15.5857,0.8948,1.4099,-2.623,1,Forehand prepare 0.39,0,9,Serve,52.4995,43.0748,2.9723,0.8447,-11.3622,0,1,1,Ready,0,9,-5.7148,-10.1273,0.5448,0,Missed,,2.4602,-11.1737,0,11.2,-0.0465,0.0069,4.1358,7.2546,0,0
405,Rally,None,1,0,55.7496,0.8901,3.4717,-15.5846,0.9853,1.3622,-2.8987,1,Forehand prepare 0.45,0,9,Serve,50.7416,46.4924,3.0947,0.9482,-11.4071,2.1829,1,1,Ready,0,9,-1.3596,-5.4317,0,0,Missed,,2.5334,-11.1729,0,11.2,-0.0495,0.0122,5.6431,9.9241,0,0
406,Rally,None,1,0,55.6975,0.9425,3.4726,-15.5836,1.0758,1.3121,-3.1745,1,Forehand prepare 0.49,0,9,Serve,48.4557,50.1984,3.1696,1.031,-11.45,1.5768,1,1,Ready,0,9,1.4158,-2.2035,1.4827,0,Missed,,2.6039,-11.1721,0,11.2,-0.0522,0.0181,6.0365,10.7057,0,0
407,Rally,None,1,0,55.6385,0.9959,3.4735,-15.5825,1.2116,1.2321,-3.5881,1,Forehand prepare 0.52,0,9,Serve,47.6564,54.9041,3.2492,1.1125,-11.5132,0.6311,1,1,Ready,0,9,3.17,-0.0373,0.3359,0,Missed,,2.7043,-11.1711,0,11.2,-0.059,0.0239,6.3466,9.4224,0,0
408,Rally,None,1,0,55.5781,1.0471,3.4744,-15.5816,1.3021,1.1757,-3.8639,1,Forehand prepare 0.58,0,9,Serve,52.078,62.4474,3.2168,1.2318,-11.622,1.3795,1,1,Ready,0,9,4.384,1.3442,0.3729,0,Missed,,2.7678,-11.1704,0,11.2,-0.0604,0.0295,7.3855,5.771,0,0
409,Rally,None,1,0,55.5119,1.0988,3.4753,-15.5806,1.4379,1.0863,-4.2775,1,Forehand prepare 0.62,0,9,Serve,52.8487,67.0495,3.2328,1.2974,-11.6582,0.9719,1,1,Ready,0,9,5.2173,2.255,0.6212,0,Missed,,2.8579,-11.1694,0,11.2,-0.0661,0.0343,7.4098,3.9269,0,0
410,Rally,None,1,0,55.4454,1.148,3.4762,-15.5797,1.5284,1.0236,-4.5533,1,Forehand prepare 0.67,0,9,Serve,44.2164,69.8773,3.2369,1.348,-11.6721,2.4039,1,1,Ready,0,9,5.7897,2.9857,0.5904,0,Missed,,2.9144,-11.1688,0,11.2,-0.0666,0.0385,8.2234,7.6589,0,0
411,Rally,None,1,0,55.3784,1.1937,3.477,-15.5789,1.6189,0.9584,-4.8291,1,Forehand prepare 0.71,0,9,Serve,37.4673,73.5816,3.2353,1.3582,-11.6862,2.8843,1,1,Ready,0,9,6.2419,3.6171,0.4875,0,Missed,,2.9487,-11.1684,0,11.2,-0.067,0.0416,8.0701,9.5275,0,0
412,Rally,None,1,0,55.3066,1.234,3.4779,-15.5782,1.7547,0.8559,-5.2427,1,Forehand prepare 0.75,0,9,Serve,33.6903,73.9569,3.252,1.3035,-11.7003,9.3386,1,1,Ready,0,9,6.6528,4.2562,0.3745,0,Missed,,2.9487,-11.1684,0,11.2,-0.0718,0.0426,6.3603,5.3842,0,0
413,Rally,None,1,0,55.235,1.2694,3.4787,-15.5776,1.8452,0.7844,-5.5185,1,Forehand prepare 0.80,0,9,Serve,35.3595,73.4778,3.2157,1.2847,-11.6893,2.509,1,1,Ready,0,9,7.1011,4.961,0.2796,0,Missed,,2.9487,-11.1684,0,11.2,-0.0715,0.041,5.0127,4.7837,0,0
414,Rally,None,1,0,55.1593,1.3008,3.4795,-15.5771,1.981,0.6724,-5.9321,1,Forehand prepare 0.84,0,9,Serve,32.5129,68.9704,3.2509,1.213,-11.6574,1.6986,1,1,Ready,0,9,7.6119,5.8042,0.1069,0,Missed,,2.9487,-11.1684,0,11.2,-0.0758,0.0373,3.9507,10.2504,0,0
415,Rally,None,1,0,55.0843,1.3285,3.4803,-15.5767,2.0715,0.5946,-6.2079,1,Forehand prepare 0.90,0,9,Serve,24.1724,63.0822,3.2997,1.1411,-11.6099,0,1,1,Ready,0,9,8.3292,6.7434,0.1878,0,Missed,,2.9487,-11.1684,0,11.2,-0.075,0.032,3.1136,14.4145,0,0
416,Rally,None,1,0,55.0101,1.353,3.4811,-15.5763,2.162,0.5144,-6.4837,1,Forehand prepare 0.93,0,9,Serve,16.9506,58.7204,3.3216,1.0621,-11.5744,0,1,1,Ready,0,9,9.5165,7.7693,0.116,0,Missed,,2.9487,-11.1684,0,11.2,-0.0742,0.026,2.4539,14.8952,0,0
417,Rally,None,1,0,54.9319,1.3749,3.4819,-15.576,2.2978,0.3892,-6.8973,1,Forehand prepare 0.97,0,9,Serve,10.1045,55.3854,3.3172,0.9808,-11.5399,0,1,1,Ready,0,9,10.806,8.7353,0.2467,0,Missed,,2.9487,-11.1684,0,11.2,-0.0781,0.0198,1.934,14.7182,0,0
418,Rally,None,1,0,54.8549,1.3943,3.4826,-15.5757,2.3883,0.3027,-7.1731,1,Forehand prepare 1.00,0,9,Serve,6.8995,53.2436,3.2952,0.9168,-11.5179,0,1,1,Ready,0,9,12.175,9.6962,0.4786,0,Missed,,2.9487,-11.1684,0,11.2,-0.077,0.0141,1.5243,13.5685,0,0
419,Rally,None,1,0,54.7744,1.4118,3.4833,-15.5754,2.5241,0.1682,-7.5867,1,Forehand prepare 1.00,0,9,Serve,11.2242,56.5899,3.2521,0.8943,-11.5563,0,1,1,Ready,0,9,13.3629,10.5054,0.4799,0,Missed,,2.9487,-11.1684,0,11.2,-0.0806,0.0092,1.2013,8.3876,0,0
420,Rally,None,1,0,54.7019,1.4272,3.484,-15.5752,2.6146,0.1,-7.8625,1,Forehand prepare 1.00,0,9,Serve,15.4493,60.9342,3.1897,0.8948,-11.6217,0,1,1,Ready,0,9,14.083,11.0666,0.5821,0,Missed,,2.9487,-11.1684,0,11.2,-0.0724,0.0053,0.9468,4.3019,0,0
421,Rally,None,1,0,54.6299,1.4409,3.4847,-15.575,2.6987,0.1656,-8.1186,1,Forehand prepare 1.00,0,9,Serve,18.9481,65.034,3.1133,0.8977,-11.6763,3.0943,1,1,Ready,0,9,14.3623,11.3111,0.3549,0,Missed,,2.9487,-11.1684,0,11.2,-0.072,0.0024,0.7462,4.682,0,0
422,Rally,None,1,0,54.5537,1.4535,3.4853,-15.5748,2.8248,0.259,-8.5029,1,Forehand prepare 1.00,0,9,Serve,21.5186,68.2858,3.043,0.8967,-11.7071,1.4389,1,1,Ready,0,9,14.0483,11.1029,0.34,0,Missed,,2.9487,-11.1684,0,11.2,-0.0762,0.0006,0.5881,6.7592,0,0
423,Rally,None,1,0,54.4783,1.4649,3.4859,-15.5746,2.9089,0.318,-8.759,1,Forehand prepare 1.00,0,9,Serve,23.3349,70.8319,2.9878,0.8936,-11.7224,0.4141,1,1,Ready,0,9,13.4056,10.5728,0,0,Missed,,2.9487,-11.1684,0,11.2,-0.0753,-0.0005,0.4635,7.9305,0,0
424,Rally,None,1,0,54.3992,1.4755,3.4866,-15.5744,3.035,0.4015,-9.1432,1,Forehand prepare 1.00,1,0.1562,LowPickup,-16.2047,45.6895,3.1671,0.7333,-11.514,0.3547,1,1,Ready,0,9,12.5848,9.7364,0,0,Missed,,2.9487,-11.1684,0,11.2,-0.0791,-0.0009,0.2879,6.1966,0,0
425,Rally,None,1,0,54.3214,1.4851,3.4872,-15.5742,3.1191,0.4539,-9.3994,1,Forehand swing,1,0.1355,LowPickup,-0.1812,51.684,3.2228,0.7032,-11.3525,1.727,1,1,Ready,0,9,11.7425,8.7228,0,0,Missed,,2.9487,-11.1684,0,11.2,-0.0778,-0.0006,0.2269,1.3159,0,0
426,Rally,None,1,0,54.2447,1.4939,3.4878,-15.574,3.2032,0.5037,-9.6555,1,Forehand swing,1,0.1109,LowPickup,-8.7167,41.2412,3.398,0.6501,-11.0595,0.8323,1,1,Ready,0,9,11.0938,7.6065,6.5342,0,Missed,,2.9487,-11.1684,0,11.2,-0.0767,-0.0002,0.1788,0,0,0
427,Rally,None,1,0,54.1643,1.5023,3.4883,-15.5737,3.3293,0.5734,-10.0397,1,Forehand swing,1,0.0739,LowPickup,-21.8545,13.596,3.4998,0.6331,-10.7014,0.595,1,1,Ready,0,9,10.5785,6.4885,0.5287,0,Missed,,2.9487,-11.1684,0,11.2,-0.0803,0.0001,0.1214,0,0,0
428,Rally,None,1,0,54.0854,1.51,3.4889,-15.5735,3.4134,0.6166,-10.2959,1,Forehand swing,1,0.0493,LowPickup,-24.2892,-9.3542,3.3262,0.8252,-10.5715,0,1,1,Ready,0,9,10.1834,5.4846,0.6945,0,Missed,,2.9487,-11.1684,0,11.2,-0.0789,0.0004,0.0802,0,0,0
429,Rally,None,1,0,54.0089,1.5171,3.4895,-15.5733,3.5395,0.6764,-10.6801,1,Forehand swing,1,0.0123,LowPickup,-33.7426,-44.3199,3.222,0.8311,-10.7863,0,1,1,Ready,0,9,9.9816,4.6588,0.6639,0,Missed,,2.9487,-11.1684,0,11.2,-0.0765,0.0007,0.0511,0,0,0
430,Rally,None,1,0.014,54.2691,1.5053,3.4836,-15.5751,3.5082,0.6736,-10.355,1,Forehand swing,1,-0.0083,LowPickup,-32.2878,-42.0425,3.2087,0.89,-10.8479,0,1,1,Ready,0,9,10.0504,4.1342,0.4963,0.2617,Excellent,P:Excellent;,2.9487,-11.1684,0,11.2,0.2601,0.0008,0.031,0,0,0
431,Rally,None,1,-0.0027,54.4952,1.492,3.4824,-15.576,3.5082,0.6736,-10.355,1,Forehand follow,1,-0.0083,LowPickup,-26.8072,-26.5692,3.209,0.9119,-10.8511,0,1,1,Ready,0,9,10.3518,3.8804,0.1798,0.2033,Excellent,,2.9487,-11.1684,0,11.2,0.2261,0.0008,0.031,0,0,0
432,Rally,None,1,-0.0027,54.6918,1.4823,3.4829,-15.5764,3.4349,0.7289,-10.0219,1,Forehand follow,1,-0.025,LowPickup,-35.2694,-40.3553,3.1948,0.9311,-10.914,0,1,1,Ready,0,9,10.863,3.9361,0.4288,0.145,Excellent,,2.9466,-11.1685,0,11.2,0.1966,0.0017,0.7344,0,0,0
433,Rally,None,1,-0.0027,54.8627,1.4724,3.4813,-15.5771,3.3617,0.7817,-9.6888,1,Forehand follow,1,-0.0417,LowPickup,-38.1354,-41.0252,3.2912,0.7363,-11.0843,0,1,1,Ready,0,9,11.6205,4.2413,0.7022,0.0867,Excellent,,2.9418,-11.1685,0,11.2,0.1709,0.004,1.2938,0,0,0
434,Rally,None,1,-0.0027,55.0113,1.4652,3.4802,-15.5776,3.2517,0.8561,-9.1891,1,Forehand follow,1,-0.0667,LowPickup,-41.6128,-49.6018,3.2762,0.7504,-10.9138,4.1766,1,1,Ready,0,9,12.7206,4.7602,0.7759,0.0283,Excellent,,2.9293,-11.1687,0,11.2,0.1486,0.008,2.0923,0,0,0
435,Rally,None,1,-0.0027,55.1404,1.4585,3.4791,-15.5781,3.1784,0.9025,-8.8559,1,Forehand follow,1,-0.0833,LowPickup,-40.5421,-55.702,3.2277,0.8398,-10.8032,7.5578,1,1,Ready,0,9,13.9587,5.4136,0.7582,0,Excellent,,2.9174,-11.1688,0,11.2,0.1292,0.0131,3.0937,1.3698,0,0
436,Rally,None,1,-0.0027,55.2527,1.4504,3.4786,-15.5785,3.0685,0.9674,-8.3562,1,Forehand follow,1,-0.1083,LowPickup,-44.802,-66.194,3.0806,1.033,-10.7052,0.616,1,1,Ready,0,9,15.2137,6.1215,0.6589,0,Excellent,,2.8945,-11.169,0,11.2,0.1123,0.019,4.748,4.2028,0,0
437,Rally,None,1,-0.0027,55.3504,1.4419,3.4782,-15.5788,2.9952,1.0074,-8.0231,1,Forehand follow,1,-0.125,LowPickup,-42.8097,-71.0219,2.9653,1.1163,-10.7125,0.7885,1,1,Ready,0,9,16.358,6.8795,0.5544,0,Excellent,,2.8758,-11.1692,0,11.2,0.0976,0.025,5.8333,9.4665,0,0
438,Rally,None,1,-0.0027,55.4352,1.4329,3.4778,-15.5792,2.9219,1.0449,-7.69,1,Forehand follow,1,-0.1417,LowPickup,-42.8024,-76.5463,2.8654,1.153,-10.7023,0,1,1,Ready,0,9,17.2245,7.687,0.4196,0,Excellent,,2.8543,-11.1695,0,11.2,0.0849,0.0302,6.8938,12.375,0,0
439,Rally,None,1,-0.0027,55.509,1.4224,3.4774,-15.5795,2.8119,1.0964,-7.1903,1,Forehand follow,1,-0.1667,LowPickup,-43.4356,-83.9552,2.7123,1.1702,-10.6891,0,1,1,Ready,0,9,17.8361,8.5115,0.2836,0,Excellent,,2.8168,-11.1699,0,11.2,0.0738,0.0349,7.8167,12.8602,0,0
440,Rally,None,1,-0.0027,55.5732,1.4111,3.477,-15.5799,2.7386,1.1276,-6.8571,1,Forehand follow,1,-0.1833,LowPickup,-42.4526,-88.8869,2.6416,1.1175,-10.6551,0,1,1,Ready,0,9,18.1129,9.3235,0.0335,0,Excellent,,2.7883,-11.1702,0,11.2,0.0641,0.0386,7.7496,10.7202,0,0
441,Rally,None,1,-0.0027,55.6289,1.3978,3.4766,-15.5803,2.6287,1.1695,-6.3574,1,Forehand follow,1,-0.2083,LowPickup,-43.9712,-96.651,2.5078,1.0408,-10.7231,0,1,1,Ready,0,9,18.2027,10.1222,0.0768,0,Excellent,,2.7404,-11.1707,0,11.2,0.0558,0.0415,8.4913,10.0541,0,0
442,Rally,None,1,-0.0027,55.6774,1.3836,3.4762,-15.5807,2.5554,1.1943,-6.0243,1,Forehand follow,1,-0.225,LowPickup,-44.222,-102.5198,2.4329,0.999,-10.7271,0,1,1,Ready,0,9,18.175,10.8716,0.0326,0,Excellent,,2.705,-11.1711,0,11.2,0.0485,0.0435,8.2812,5.8479,0,0
443,Rally,None,1,-0.0027,55.7195,1.3685,3.4758,-15.5811,2.4821,1.2166,-5.6912,1,Forehand follow,1,-0.2417,LowPickup,-45.1798,-109.0923,2.3635,1.1056,-11.0825,0,1,1,Ready,0,9,18.1638,11.5664,0.0492,0,Excellent,,2.6668,-11.1715,0,11.2,0.0421,0.0443,8.1157,3.4054,0,0
444,Rally,None,1,-0.0027,55.7562,1.3509,3.4754,-15.5816,2.3721,1.2452,-5.1915,1,Forehand follow,1,-0.2667,LowPickup,-45.8315,-115.2194,2.3188,0.7703,-10.9699,0,1,1,Ready,0,9,18.3662,12.1536,0.0395,0,Excellent,,2.6043,-11.1721,-0.1201,11.2,0.0366,0.0447,8.5,3.7835,0,0
445,Rally,None,1,-0.0027,55.788,1.3322,3.475,-15.5821,2.2988,1.2611,-4.8583,1,Forehand follow,0,9,LowPickup,-46.0026,-115.8982,2.2679,0.7331,-11.0151,6.6681,1,1,Run,0,9,21.7678,16.7992,0.5209,0,Excellent,,2.5591,-11.1726,-0.2002,11.2,0.0319,0.0447,8.5,3.7835,0,0
446,Rally,None,1,-0.0027,55.8157,1.3107,3.4745,-15.5826,2.1889,1.2802,-4.3586,1,Run,0,9,LowPickup,-46.811,-71.7277,2.3079,0.6941,-10.7459,0,0.9555,0.8333,Run,0,9,27.628,24.5725,0.4039,0,Excellent,,2.4862,-11.1734,-0.3203,11.2,0.0277,0.0444,8.5,19.4939,0,0
447,Rally,None,1,-0.0027,55.8398,1.2882,3.4741,-15.5832,2.1156,1.2897,-4.0255,1,Run,0,9,LowPickup,-47.0056,-57.8161,2.1641,0.7638,-10.8226,0,0.856,0.6667,Run,0,9,33.1181,32.1133,0.4567,0,Excellent,,2.4341,-11.1739,-0.3482,11.2,0.0241,0.0441,8.5,7.1897,0,0
448,Rally,None,1,-0.0027,55.8607,1.2647,3.4737,-15.5837,2.0423,1.2967,-3.6924,1,Run,0,9,LowPickup,-46.9207,-54.9336,2.175,0.7217,-10.826,0.7878,0.7361,0.5,Ready,0,9,34.4469,33.4113,0,0,Excellent,,2.3793,-11.1745,-0.3482,11.2,0.0209,0.0434,8.5,5.507,0,0
449,Rally,None,1,-0.0027,55.8789,1.238,3.4732,-15.5843,1.9324,1.3025,-3.1927,1,Run,0,9,LowPickup,-46.6634,-52.4549,2.1627,0.7154,-10.8306,1.2426,0.6155,0.3333,Ready,0,9,32.0155,30.7209,0,0,Excellent,,2.2918,-11.1755,-0.3482,11.2,0.0182,0.0423,8.4873,3.6702,0,0.0001
450,Rally,None,1,-0.0027,55.8947,1.2102,3.4727,-15.585,1.8591,1.3031,-2.8595,1,Run,0,9,LowPickup,-46.3922,-50.3659,2.1313,0.7322,-10.8375,0.1243,0.5041,0.1667,Ready,0,9,28.562,27.1826,0,0,Excellent,,2.23,-11.1761,-0.3482,11.2,0.0158,0.0413,8.5,2.0294,0,0
451,Rally,None,1,-0.0027,55.9085,1.1791,3.4722,-15.5857,1.7491,1.2993,-2.3598,1,Run,0,9,LowPickup,-46.2558,-48.6485,2.1088,0.7557,-10.8072,0.2396,0.4064,0,Backhand prepare 0.02,0,9,24.79,23.7463,0,0,Excellent,,2.1321,-11.1772,-0.3482,11.2,0.0138,0.04,8.5,1.0366,0,0
452,Rally,None,1,-0.0027,55.9205,1.147,3.4717,-15.5864,1.6758,1.2936,-2.0267,1,Run,0,9,LowPickup,-46.2609,-47.3053,2.0112,0.7672,-10.8085,0.23,0.3236,0,Backhand prepare 0.08,0,9,20.2605,21.2764,0,0,Excellent,,2.0633,-11.1779,-0.3482,11.2,0.012,0.0387,8.5,1.1888,0,0.0001
453,Rally,None,1,-0.0027,55.9308,1.1141,3.4712,-15.5871,1.6025,1.2853,-1.6936,1,Run,0,9,LowPickup,-46.4601,-46.2724,1.9439,0.7729,-10.8059,0.6337,0.2551,0,Backhand prepare 0.11,0,9,16.0269,19.5254,0,0,Excellent,,1.9933,-11.1787,-0.3482,11.2,0.0104,0.0372,8.5,1.5915,0,0
454,Rally,None,1,-0.0027,55.9399,1.0779,3.4706,-15.5879,1.4926,1.2681,-1.1939,1,Run,0,9,LowPickup,-46.9511,-45.8682,1.8177,0.7787,-10.8322,1.2349,0.1995,0,Backhand prepare 0.15,0,9,11.2438,17.5516,0,0,Excellent,,1.8883,-11.1798,-0.3482,11.2,0.009,0.0346,7.329,1.7112,0,0
455,Rally,None,1,-0.0027,55.9477,1.0413,3.47,-15.5887,1.4193,1.2535,-0.8607,1,Run,0,9,LowPickup,-47.6836,-45.7118,1.8143,0.7904,-10.8204,9.7196,0.1549,0,Backhand prepare 0.21,0,9,4.2737,13.9703,1.6604,0,Excellent,,1.8183,-11.1805,-0.3482,11.2,0.0079,0.0307,5.7762,1.5614,0,0.0001
456,Rally,None,1,-0.0027,55.9546,1.0021,3.4695,-15.5895,1.3093,1.2268,-0.361,1,Run,0,9,LowPickup,-48.4578,-45.5407,1.6886,0.7943,-10.809,0.198,0.1195,0,Backhand prepare 0.24,0,9,0.2521,10.2485,0.5988,0,Excellent,,1.7134,-11.1817,-0.3482,11.2,0.0068,0.0257,4.5524,1.291,0,0.0001
457,Rally,None,1,-0.0027,55.9605,0.9628,3.4688,-15.5904,1.236,1.2058,-0.0279,1,Run,0,9,LowPickup,-49.3206,-45.2927,1.596,0.7864,-10.7972,1.8234,0.0918,0,Backhand prepare 0.30,0,9,-2.6132,5.7224,0.5206,0,Excellent,,1.6434,-11.1824,-0.3482,11.2,0.0059,0.02,3.5879,1.0021,0,0.0001
458,Rally,None,1,-0.0027,55.9258,0.9237,3.4682,-15.5911,1.1627,1.1823,0.3052,1,Run,0,9,LowPickup,-50.2405,-45.0099,1.5024,0.7833,-10.7872,1.1599,0.0702,0,Backhand prepare 0.34,0,9,-5.9625,1.27,0.4352,0,Excellent,,1.5734,-11.1832,-0.3482,11.2,-0.0347,0.0142,2.8277,0.852,0,0.0001
459,Rally,None,1,-0.0027,55.8303,0.8822,3.4676,-15.592,1.0528,1.1423,0.8049,1,Run,0,9,LowPickup,-50.9709,-44.7438,1.3771,0.8268,-10.7806,0.6636,0.0534,0,Backhand prepare 0.37,0,9,-10.0874,-4.0034,0.2633,0,Excellent,,1.4684,-11.1843,-0.3482,11.2,-0.0955,0.0088,2.2286,0.8368,0,0.0001
460,Rally,None,1,-0.0027,55.7038,0.841,3.4669,-15.5928,0.9795,1.1124,1.1381,1,Run,0,9,LowPickup,-51.5792,-44.4181,1.292,0.8527,-10.7749,0.7404,0.0405,0,Backhand prepare 0.43,0,9,-15.8501,-11.3974,1.2319,0,Excellent,,1.3984,-11.185,-0.3482,11.2,-0.1265,0.0041,1.7564,0.8505,0,0.0001
461,Rally,None,1,-0.0027,55.5285,0.7977,3.4662,-15.5936,0.8696,1.0628,1.6378,1,Run,0,9,LowPickup,-51.9719,-44.1767,1.1806,0.8671,-10.7754,1.2748,0.0307,0,Backhand prepare 0.47,0,9,-20.5956,-17.7347,0.9042,0,Excellent,,1.2934,-11.1862,-0.3482,11.2,-0.1753,0.0004,1.3843,0.7845,0,0
462,Rally,None,1,-0.0027,55.3327,0.755,3.4655,-15.5944,0.7963,1.0266,1.9709,1,Run,0,9,LowPickup,-52.064,-44.0471,1.1106,0.8691,-10.776,2.5351,0.0231,0,Backhand prepare 0.52,0,9,-26.439,-25.7996,0.9934,0,Excellent,,1.2234,-11.1869,-0.3482,11.2,-0.1959,-0.0022,1.091,0.5819,0,0
463,Rally,None,1,-0.0027,55.1188,0.7129,3.4647,-15.5952,0.723,0.9878,2.304,1,Run,0,9,LowPickup,-51.8791,-44.054,1.0464,0.8598,-10.7779,1.2035,0.0174,0,Backhand prepare 0.56,0,9,-33.067,-32.9142,0.8068,0,Excellent,,1.1534,-11.1877,-0.3482,11.2,-0.2138,-0.0037,0.8598,0.2884,0,0
464,Rally,None,1,-0.0027,54.8677,0.6687,3.4639,-15.596,0.613,0.9249,2.8037,1,Run,0,9,LowPickup,-51.4863,-44.1967,0.9521,0.8293,-10.7841,0.7076,0.0131,0,Backhand prepare 0.60,0,9,-41.4086,-40.5893,1.0817,0,Excellent,,1.0484,-11.1888,-0.3482,11.2,-0.2512,-0.0042,0.6777,0.2013,0,0
465,Rally,None,1,-0.0027,54.6058,0.6253,3.4632,-15.5968,0.5397,0.8797,3.1369,1,Run,0,9,LowPickup,-50.8792,-44.5145,0.8984,0.8035,-10.7951,0,0.0098,0,Backhand prepare 0.65,0,9,-53.8499,-52.9999,3.2398,0,Excellent,,0.9784,-11.1895,-0.3482,11.2,-0.2619,-0.004,0.5341,0.5267,0,0.0001
466,Rally,None,1,-0.0027,54.3128,0.58,3.4624,-15.5976,0.4298,0.8073,3.6366,1,Run,0,9,LowPickup,-50.0661,-45.0316,0.8139,0.7832,-10.8056,0,0.0073,0,Backhand prepare 0.69,0,9,-60.4629,-62.9322,0.4984,0,Excellent,,0.8734,-11.1907,-0.3482,11.2,-0.2929,-0.0034,0.4209,0.8822,0,0.0002
467,Rally,None,1,-0.0027,54.0146,0.5357,3.4615,-15.5984,0.3565,0.7558,3.9697,1,Run,0,9,LowPickup,-49.2533,-45.6421,0.7636,0.7681,-10.8161,0,0.0055,0,Backhand prepare 0.74,0,9,-66.6471,-76.7908,1.2169,0,Excellent,,0.8034,-11.1914,-0.3482,11.2,-0.2982,-0.0025,0.3317,1.1219,0,0.0001
468,Rally,None,1,-0.0027,53.7119,0.4921,3.4607,-15.5991,0.2832,0.7017,4.3028,1,Run,0,9,LowPickup,-48.4353,-46.349,0.7124,0.7599,-10.8287,1.9404,0.0041,0,Backhand prepare 0.78,0,9,-70.8354,-86.297,3.1097,0,Excellent,,0.7334,-11.1922,-0.3482,11.2,-0.3028,-0.0016,0.2615,1.2486,0,0
469,Rally,None,1,-0.0027,53.3834,0.4467,3.4598,-15.5999,0.1732,0.6159,4.8025,1,Run,0,9,LowPickup,-47.6512,-47.1171,0.626,0.7599,-10.8438,0.9526,0.003,0,Backhand prepare 0.82,0,9,-73.9973,-94.4791,14.3649,0,Excellent,,0.6284,-11.1933,-0.3482,11.2,-0.3285,-0.0008,0.2061,1.2608,0,0.0002
470,Rally,None,1,-0.0027,53.0543,0.4023,3.4589,-15.6006,0.0999,0.5555,5.1357,1,Run,0,9,LowPickup,-47.0968,-47.8066,0.5707,0.7723,-10.8557,2.5936,0.0023,0,Backhand prepare 0.87,0,9,-71.7543,-103.1966,1.0539,0,Excellent,,0.5592,-11.194,-0.3482,11.2,-0.3291,-0.0002,0.1624,1.0969,0,0
471,Rally,None,1,-0.0027,52.7029,0.3566,3.458,-15.6013,-0.01,0.4601,5.6354,1,Run,0,9,LowPickup,-46.7826,-48.6266,0.4347,0.7813,-10.8629,0.0672,0,0,Backhand prepare 0.91,0,9,-64.2442,-108.4313,1.5512,0,Excellent,,0.4606,-11.1951,-0.3482,11.2,-0.3514,0.0007,0.7158,0.8081,0,0
472,Rally,None,1,-0.0027,52.3539,0.3125,3.4571,-15.602,-0.0833,0.3934,5.9685,1,Run,0,9,LowPickup,-46.7155,-49.6403,0.3696,0.7805,-10.8655,0.5549,0,0,Backhand prepare 0.97,0,9,-42.9668,-110.7766,11.6288,0,Excellent,,0.3983,-11.1957,-0.3482,11.2,-0.349,0.0028,2.9477,0.4441,0,0
473,Rally,None,1,-0.0027,52.0464,0.2699,3.4562,-15.6027,-0.1566,0.3241,6.3016,1,Run,0,9,LowPickup,-46.832,-50.1229,0.3048,0.7853,-10.8641,0.2844,0,0,Backhand prepare 1.00,0,9,-29.3787,-110.8711,0.9176,0,Excellent,,0.3388,-11.1964,-0.3482,11.2,-0.3075,0.0061,3.9122,0.0514,0,0.0001
474,Rally,None,1,-0.0027,51.7791,0.2268,3.4552,-15.6033,-0.2666,0.2154,6.8013,1,Run,0,9,LowPickup,-47.1607,-50.3419,0.2715,0.7929,-10.8525,0.2497,0,0,Backhand prepare 1.00,1,0.1833,3.4586,-102.8725,0,0,Excellent,,0.2548,-11.1973,-0.3482,11.2,-0.2673,0.0103,4.6724,0.3697,0,0
475,Rally,None,1,-0.0027,51.5466,0.1857,3.4543,-15.604,-0.3399,0.1397,7.1345,1,Run,0,9,LowPickup,-47.623,-50.5243,0.1862,0.798,-10.851,3.6664,0,0,Forehand swing,1,0.1692,-89.9877,-100.6055,22.2767,0,Excellent,,0.2022,-11.1978,-0.3482,11.2,-0.2324,0.0154,6.066,0.7066,0,0
476,Rally,None,1,-0.0027,51.3446,0.1447,3.4533,-15.6046,-0.4473,0.1284,7.6229,1,Run,0,9,LowPickup,-48.099,-50.3368,0.1,0.7932,-10.8432,0.2135,0,0,Forehand swing,1,0.148,-77.4984,-64.3322,0.1519,0,Excellent,,0.1286,-11.1986,-0.3882,11.2,-0.2021,0.0208,6.3698,0.9336,0,0
477,Rally,None,1,-0.0027,51.1689,0.1058,3.4523,-15.6053,-0.5156,0.1831,7.9333,1,Run,0,9,LowPickup,-48.6215,-50.1842,0.0417,0.7853,-10.835,1.1811,0,0,Forehand swing,1,0.1339,-34.943,-25.3844,4.1263,0,Excellent,,0.083,-11.1991,-0.4683,11.2,-0.1757,0.0263,7.4038,1.0515,0,0
478,Rally,None,1,-0.0027,51.0162,0.069,3.4513,-15.6059,-0.5839,0.2352,8.2438,1,Run,0,9,LowPickup,-49.1737,-49.7079,-0.0129,0.7707,-10.8264,6.3123,0,0,Forehand swing,1,0.1198,-38.2741,0.3368,0,0,Excellent,,0.0402,-11.1996,-0.5484,11.2,-0.1527,0.0313,7.4242,1.0908,0,0
479,Rally,None,1,-0.0027,50.8835,0.0342,3.4503,-15.6066,-0.6864,0.3083,8.7095,1,Run,0,9,LowPickup,-49.7131,-49.1715,-0.0642,0.7498,-10.819,0.6978,0,0,Forehand swing,1,0.0987,-30.8034,7.6957,0,0,Excellent,,0,-11.2,-0.6685,11.2,-0.1328,0.0354,7.4402,1.0414,0,0
480,Rally,None,1,-0.0027,50.768,0.0039,3.4493,-15.6072,-0.7547,0.3538,9.02,1,Ready,0,9,LowPickup,-42.7545,-42.7545,-0.0405,0.7577,-10.8165,2.3281,0,0,Forehand swing,1,0.0846,-21.9699,11.9161,0,0,Excellent,,0,-11.2,-0.7486,11.2,-0.1154,0.0373,5.8639,1.4558,0,0
481,Rally,None,1,-0.0027,50.6677,-0.0223,3.4482,-15.6077,-0.8572,0.417,9.4857,1,Ready,0,9,LowPickup,-29.357,-29.8754,0.0177,0.7732,-10.8171,1.7302,0,0,Forehand swing,1,0.0634,-21.0089,3.1782,0,0,Excellent,,0,-11.2,-0.7975,11.2,-0.1003,0.0367,4.6215,0.795,0,0
482,Rally,None,1,-0.0027,50.5805,-0.045,3.4472,-15.6082,-0.9255,0.4558,9.7962,1,Ready,0,9,LowPickup,-16.1572,-17.1786,0.073,0.7726,-10.8286,2.3626,0,0,Forehand swing,1,0.0493,-16.2374,-4.5386,2.6936,0,Excellent,,0,-11.2,-0.7975,11.2,-0.0872,0.034,3.6423,1.2863,0,0.0001
483,Rally,None,1,-0.0027,50.5046,-0.0647,3.4461,-15.6085,-0.9938,0.492,10.1067,1,Ready,0,9,LowPickup,-5.5187,-7.268,0.1087,0.7735,-10.8443,0,0,0,Forehand swing,1,0.0352,-15.9968,-14.9031,3.5086,0,Excellent,,0,-11.2,-0.7975,11.2,-0.0758,0.0296,2.8706,2.1477,0,0
484,Rally,None,1,-0.0027,50.4387,-0.0817,3.4451,-15.6088,-1.0963,0.5413,10.5724,1,Ready,0,9,LowPickup,2.2909,-0.3539,0.1224,0.7807,-10.8509,0,0,0,Forehand swing,1,0.0141,-20.2881,-26.6588,0.34,0,Excellent,,0,-11.2,-0.7975,11.2,-0.0659,0.0242,2.2624,2.6094,0,0.0001
485,Rally,None,1,-0.0027,51.1653,-0.0964,3.4441,-15.6091,-1.1508,0.4674,10.7033,1,Ready,0,9,LowPickup,7.7909,4.1277,0.1261,0.7907,-10.8515,0,0,0,Forehand swing,1,0,-21.1517,-23.7138,0.5245,0,Excellent,R;,0,-11.2,-0.8307,11.2,0.7265,0.0186,1.7831,2.6728,0,0
486,Rally,None,1,-0.0027,51.7969,-0.1092,3.443,-15.6093,-1.1583,0.55,10.4217,1,Ready,0,9,LowPickup,11.6939,6.8983,0.133,0.7966,-10.8526,0,0,0,Forehand swing,1,-0.0167,-26.2826,-27.9242,0.4674,0,Excellent,,0,-11.2,-0.7506,11.2,0.6316,0.0134,1.4053,2.4512,0,0
487,Rally,None,1,-0.0027,52.346,-0.1202,3.442,-15.6094,-1.1659,0.63,10.1402,1,Ready,0,9,LowPickup,14.4035,8.4727,0.1359,0.7986,-10.8537,0,0,0,Forehand follow,1,-0.0333,-31.4573,-28.7006,0,0,Excellent,,0,-11.2,-0.6705,11.2,0.5491,0.0088,1.1075,2.025,0,0
488,Rally,None,1,-0.0027,52.8233,-0.1297,3.4409,-15.6096,-1.1771,0.745,9.718,1,Ready,0,9,LowPickup,16.2363,9.2634,0.125,0.7971,-10.8552,0,0,0,Forehand follow,1,-0.0583,-39.8529,-39.8119,0,0,Excellent,,0,-11.2,-0.5504,11.2,0.4774,0.0051,0.8729,1.4835,0,0
489,Rally,None,1,-0.0027,53.2383,-0.1378,3.4399,-15.6097,-1.1847,0.8184,9.4364,1,Ready,0,9,LowPickup,17.4866,9.607,0.1127,0.7948,-10.8559,1.2237,0,0,Forehand follow,1,-0.075,-43.4745,-49.7606,0,0,Excellent,,0,-11.2,-0.4703,11.2,0.415,0.0023,0.6879,0.9347,0,0
490,Rally,None,1,-0.0027,53.5991,-0.1451,3.4388,-15.6101,-1.1959,0.9235,9.0142,1,Ready,0,9,LowPickup,18.3189,9.7227,0.1064,0.7945,-10.8551,0.2743,0,0,Forehand follow,1,-0.1,-51.1367,-63.4021,0,0,Excellent,,-0.0038,-11.2016,-0.3502,11.2,0.3608,0.0005,0.5422,0.4931,0,0
491,Rally,None,1,-0.0027,53.9128,-0.1517,3.4377,-15.6107,-1.2035,0.9903,8.7326,1,Run,0,9,LowPickup,18.2635,9.668,0.099,0.802,-10.8543,0.0194,0,0,Forehand follow,1,-0.1167,-52.6732,-71.3172,2.172,0,Excellent,,-0.0096,-11.2041,-0.2701,11.2,0.3137,-0.0008,1.995,0.4892,0,0
492,Rally,None,1,-0.0027,54.1855,-0.158,3.4366,-15.6118,-1.211,1.0544,8.4511,1,Run,0,9,LowPickup,16.4499,8.1242,0.0884,0.8002,-10.8531,0.1637,0,0,Forehand follow,1,-0.1333,-54.249,-79.9258,0.6689,0,Excellent,,-0.0179,-11.2076,-0.19,11.2,0.2727,-0.0016,3.1588,0.9713,0,0
493,Rally,None,1,-0.0027,54.4225,-0.1646,3.4355,-15.6137,-1.2223,1.1456,8.0288,1,Run,0,9,LowPickup,12.5643,5.0571,0.0656,0.796,-10.8519,0.2884,0,0,Forehand follow,1,-0.1583,-55.2847,-90.5607,9.9027,0,Excellent,,-0.0352,-11.2149,-0.0699,11.2,0.2371,-0.0019,4.0778,1.5753,0,0
494,Rally,None,1,-0.0027,54.6286,-0.1713,3.4344,-15.6162,-1.2298,1.2031,7.7473,1,Run,0,9,LowPickup,6.2749,0.3662,0.0366,0.7973,-10.8438,0.4631,0,0,Forehand follow,1,-0.175,-53.9592,-98.514,8.4265,0,Excellent,,-0.0499,-11.2212,0,11.2,0.2061,-0.0019,5.5969,2.2138,0,0
495,Rally,None,1,-0.0027,54.8078,-0.1789,3.4333,-15.6198,-1.2411,1.2844,7.3251,1,Run,0,9,LowPickup,-2.0349,-5.9555,-0.0049,0.8013,-10.8401,0,0,0,Forehand follow,1,-0.2,-54.7401,-108.1803,1.559,0,Excellent,,-0.0767,-11.2325,0,11.2,0.1792,-0.0016,6,2.7843,0,0
496,Rally,None,1,-0.0027,54.9635,-0.1869,3.4322,-15.6242,-1.2486,1.3353,7.0435,1,Run,0,9,LowPickup,-10.6802,-10.5773,-0.0259,0.8114,-10.8386,0,0,0,Forehand follow,1,-0.2167,-46.7616,-103.8873,2.9162,0,Excellent,,-0.0978,-11.2415,0,11.2,0.1558,-0.0013,7.1123,1.2466,0,0
497,Rally,None,1,-0.0027,55.0989,-0.1955,3.4311,-15.6294,-1.2561,1.3835,6.762,1,Run,0,9,LowPickup,-18.2033,-15.8473,-0.0565,0.8148,-10.8369,0,0,0,Forehand follow,1,-0.2333,-33.8914,-92.5906,6.5368,0,Excellent,,-0.1215,-11.2515,0,11.2,0.1354,-0.0008,7.1944,1.0674,0,0
498,Rally,None,1,-0.0027,55.2166,-0.2057,3.4299,-15.6362,-1.2674,1.4509,6.3397,1,Run,0,9,LowPickup,-24.0098,-19.9428,-0.1043,0.8179,-10.8439,0,0,0,Forehand follow,1,-0.2583,-22.306,-81.4265,2.2725,0,Excellent,,-0.1617,-11.2686,0,11.2,0.1177,-0.0005,7.2591,0.9085,0,0
499,Rally,None,1,-0.0027,55.319,-0.2167,3.4288,-15.6437,-1.275,1.4925,6.0582,1,Run,0,9,LowPickup,-28.13,-22.5027,-0.1396,0.8226,-10.8492,0,0,0,Forehand follow,1,-0.275,-14.1642,-70.9098,1.7934,0,Excellent,,-0.1918,-11.2813,0,11.2,0.1023,-0.0001,8.1047,0.6587,0,0
500,Rally,None,1,-0.0027,55.408,-0.2296,3.4277,-15.6531,-1.2862,1.55,5.6359,1,Run,0,9,LowPickup,-30.9599,-24.4902,-0.1919,0.8215,-10.8652,0,0,0,Forehand follow,0,9,-10.7765,-66.2138,1.1321,0,Excellent,,-0.2417,-11.3025,0,11.2,0.089,0.0001,7.9765,0.3714,0,0
501,Rally,None,1,-0.0027,55.4853,-0.2434,3.4265,-15.6633,-1.2938,1.585,5.3544,1,Run,0,9,LowPickup,-32.7624,-25.5399,-0.2281,0.8219,-10.8776,0,0,0,Forehand finish,0,9,-10.5889,-63.1723,0,0,Excellent,,-0.2781,-11.318,0,11.2,0.0773,0.0002,8.5,0.1037,0,0
502,Rally,None,1,-0.0027,55.5525,-0.258,3.4254,-15.6744,-1.3013,1.6173,5.0729,1,Run,0,9,LowPickup,-33.8827,-26.426,-0.2647,0.8185,-10.8929,0,0,0,Forehand finish,0,9,-12.8146,-61.9761,0,0,Excellent,,-0.3171,-11.3345,0,11.2,0.0672,0.0003,8.4222,0.2049,0,0
503,Rally,None,1,-0.0027,55.611,-0.2752,3.4242,-15.6875,-1.3126,1.6609,4.6506,1,Run,0,9,LowPickup,-34.5226,-27.1127,-0.3249,0.8154,-10.9204,0,0,0,Forehand finish,0,9,-16.7231,-62.5156,0,0,Excellent,,-0.3804,-11.3613,0,11.2,0.0585,0.0003,8.2268,0.3971,0,0
504,Rally,None,1,-0.0027,55.6618,-0.2932,3.4231,-15.7015,-1.3201,1.6866,4.3691,1,Run,0,9,LowPickup,-34.7627,-27.4959,-0.3656,0.8134,-10.9428,0,0,0,Forehand finish,0,9,-21.1787,-64.5753,0,0,Excellent,,-0.4258,-11.3806,0,11.2,0.0508,0.0003,8.5,0.5565,0,0
505,Rally,None,1,-0.0027,55.706,-0.314,3.4219,-15.7177,-1.3314,1.7202,3.9468,1,Run,0,9,LowPickup,-34.7522,-27.9796,-0.4325,0.8099,-10.9792,0,0,0,Forehand finish,0,9,-25.249,-66.5856,0,0,Excellent,,-0.4987,-11.4115,0,11.2,0.0442,0.0002,8.5,0.6728,0,0
506,Rally,None,1,-0.0027,55.7444,-0.3357,3.4207,-15.7347,-1.3389,1.7393,3.6653,1,Run,0,9,LowPickup,-34.5794,-28.4716,-0.4782,0.807,-11.0084,0.8305,0,0,Forehand finish,0,9,-28.5197,-67.8936,0,0,Excellent,,-0.5505,-11.4335,0,11.2,0.0384,0.0002,8.5,0.7363,0,0
507,Rally,None,1,-0.0027,55.7778,-0.3582,3.4196,-15.7525,-1.3464,1.7558,3.3838,1,Run,0,9,LowPickup,-34.3155,-28.9204,-0.5279,0.8079,-11.0391,1.4555,0,0,Forehand finish,0,9,-30.9812,-68.8314,1.2661,0,Excellent,,-0.6048,-11.4565,0,11.2,0.0334,0.0001,8.5,0.7297,0,0
508,Rally,None,1,-0.0027,55.8068,-0.3839,3.4184,-15.7729,-1.3577,1.7755,2.9615,1,Run,0,9,LowPickup,-34.0099,-29.4409,-0.6107,0.8225,-11.0849,0.5066,0,0,Forehand finish,0,9,-32.7768,-69.7782,1.4783,0,Excellent,,-0.6911,-11.4931,0,11.2,0.029,0,8.5,0.6942,0,0
509,Rally,None,1,-0.0027,55.8321,-0.4105,3.4172,-15.7939,-1.3652,1.7854,2.68,1,Run,0,9,LowPickup,-33.6727,-29.9833,-0.6652,0.8274,-11.1185,0.2104,0,0,Forehand finish,0,9,-33.9593,-70.837,0,0,Excellent,,-0.7518,-11.5189,0,11.2,0.0252,0,8.5,0.633,0,0
510,Rally,None,1,-0.0027,55.854,-0.4403,3.416,-15.8175,-1.3765,1.7952,2.2577,1,Run,0,9,LowPickup,-33.4637,-30.5075,-0.7532,0.8331,-11.1637,0,0,0,Forehand finish,0,9,-34.5852,-71.9454,0,0,Excellent,,-0.8477,-11.5595,0,11.2,0.0219,0,8.5,0.5112,0,0
511,Rally,None,1,-0.0027,55.8731,-0.4708,3.4148,-15.8418,-1.3841,1.7984,1.9762,1,Run,0,9,LowPickup,-33.2985,-30.8774,-0.8146,0.8412,-11.1935,0,0,0,Forehand finish,0,9,-34.2689,-72.9287,0,0,Excellent,,-0.9137,-11.5875,0,11.2,0.0191,-0.0001,8.5,0.3396,0,0
512,Rally,None,1,-0.0027,55.8897,-0.5018,3.4136,-15.8664,-1.3916,1.799,1.6947,1,Run,0,9,LowPickup,-33.2887,-31.6029,-0.881,0.8384,-11.2188,0,0,0,Forehand finish,0,9,-32.7871,-73.6997,0,0,Excellent,,-0.9774,-11.6145,0,11.2,0.0166,-0.0001,7.5129,0.1523,0,0
513,Rally,None,1,-0.0027,55.9041,-0.5351,3.4124,-15.8928,-1.4029,1.7949,1.2724,1,Run,0,9,LowPickup,-33.5366,-33.1614,-0.9767,0.8214,-11.2539,0,0,0,Forehand finish,0,9,-30.4918,-74.2246,0,0,Excellent,,-1.068,-11.6529,0,11.2,0.0144,-0.0001,4.3321,0.1101,0,0
514,Rally,None,1,-0.0027,55.9166,-0.5679,3.4112,-15.919,-1.4104,1.7888,0.9909,1,Run,0,9,LowPickup,-33.9496,-34.5677,-1.0402,0.795,-11.2727,0,0,0,Forehand finish,0,9,-27.5889,-74.5211,0,0,Excellent,,-1.1252,-11.6772,0,11.2,0.0125,0,1.0307,0.3295,0,0
515,Rally,None,1,-0.0027,55.9275,-0.6022,3.41,-15.9462,-1.4217,1.7748,0.5686,1,Run,0,9,LowPickup,-34.3628,-35.1938,-1.1298,0.772,-11.3009,0,0,0,Forehand finish,0,9,-24.307,-74.4707,0,0,Excellent,,-1.2062,-11.7116,0,11.2,0.0109,0.0005,0.7767,0.5168,0,0
516,Rally,None,1,-0.0027,55.937,-0.6354,3.4088,-15.9728,-1.4292,1.7622,0.2871,1,Run,0,9,LowPickup,-34.8026,-35.8945,-1.1913,0.7514,-11.3178,6.0918,0,0,Forehand finish,0,9,-20.5974,-73.9657,0,0,Excellent,,-1.257,-11.7331,0,11.2,0.0095,0.0027,2.9957,0.6311,0,0
517,Rally,None,1,-0.0027,55.9452,-0.6677,3.4076,-15.9985,-1.4367,1.7468,0.0056,1,Run,0,9,LowPickup,-35.2549,-35.9672,-1.2498,0.7543,-11.3316,0,0,0,Forehand finish,0,9,-16.5659,-73.073,0,0,Excellent,,-1.3053,-11.7536,0,11.2,0.0082,0.0064,3.9501,0.7057,0,0
518,Rally,None,1,-0.0027,55.9524,-0.7004,3.4063,-16.0246,-1.448,1.7189,-0.4167,1,Backhand prepare 0.05,0,9,LowPickup,-35.8466,-36.2508,-1.3292,0.7503,-11.3765,0,0.2083,0.1667,Forehand finish,0,9,-12.0222,-71.1112,0.8251,0,Excellent,,-1.3729,-11.7823,0,11.2,0.0072,0.0111,4.7022,1.9123,0,0
519,Rally,None,1,-0.0027,55.9586,-0.7316,3.4051,-16.0497,-1.4555,1.697,-0.6982,1,Backhand prepare 0.10,0,9,LowPickup,-36.5443,-35.2237,-1.3363,0.7302,-11.4139,0,0.4167,0.3333,Forehand finish,0,9,-7.1194,-68.1635,0.9131,0,Excellent,,-1.4147,-11.8,0,11.2,0.0062,0.0168,6.0895,3.6448,0,0
520,Rally,None,1,-0.0027,55.9614,-0.7627,3.4039,-16.0746,-1.4668,1.6592,-1.1205,1,Backhand prepare 0.14,0,9,LowPickup,-36.8739,-33.526,-1.3454,0.7168,-11.4643,0,0.625,0.5,Forehand finish,0,9,-2.0041,-64.3993,0.9658,0,Excellent,,-1.4727,-11.8246,0,11.2,0.0028,0.0227,6.3883,3.1174,0,0
521,Rally,None,1,-0.0027,55.9549,-0.7897,3.403,-16.0967,-1.4744,1.6306,-1.402,1,Backhand prepare 0.19,0,9,LowPickup,-40.0654,-32.8358,-1.35,0.7018,-11.5036,0,0.8333,0.6667,Forehand finish,0,9,3.0559,-59.9328,0.9686,0,Excellent,,-1.4805,-11.8279,0,11.2,-0.0065,0.0285,7.4184,2.6703,0,0
522,Rally,None,1,-0.0027,55.9401,-0.8126,3.4023,-16.1159,-1.4819,1.5994,-1.6835,1,Backhand prepare 0.23,0,9,LowPickup,-37.1835,-27.7489,-1.3361,0.6977,-11.5449,6.8441,1,0.8333,Forehand finish,0,9,7.7852,-54.8875,0.9377,0,Excellent,,-1.4805,-11.8279,0,11.2,-0.0147,0.0327,5.8466,2.2004,0,0
523,Rally,None,1,-0.0027,55.9137,-0.8318,3.402,-16.1325,-1.4932,1.5477,-2.1058,1,Backhand prepare 0.26,0,9,LowPickup,-31.4928,-21.3482,-1.3324,0.7239,-11.5575,1.8181,1,1,Forehand finish,0,9,11.9625,-49.3027,2.7285,0,Excellent,,-1.4805,-11.8279,0,11.2,-0.0264,0.0343,4.6079,2.7355,0,0
524,Rally,None,1,-0.0027,55.8817,-0.8479,3.4018,-16.1469,-1.5007,1.5099,-2.3873,1,Backhand prepare 0.32,0,9,LowPickup,-26.0202,-17.028,-1.4625,0.789,-11.5124,2.0175,1,1,Forehand finish,0,9,15.3676,-43.2466,1.3625,0,Excellent,,-1.4805,-11.8279,0,11.2,-0.032,0.0334,3.6316,3.6586,0,0
525,Rally,None,1,-0.0027,55.8402,-0.8611,3.4019,-16.1593,-1.512,1.4482,-2.8096,1,Backhand prepare 0.36,0,9,LowPickup,-23.1812,-15.1451,-1.4482,0.8116,-11.5299,0.8321,1,1,Forehand finish,0,9,17.8153,-36.8264,1.0089,0,Excellent,,-1.4805,-11.8279,0,11.2,-0.0415,0.0304,2.8622,4.2608,0,0
526,Rally,None,1,-0.0027,55.7951,-0.8721,3.4022,-16.1701,-1.5195,1.4038,-3.0911,1,Backhand prepare 0.41,0,9,LowPickup,-23.7056,-17.165,-1.4157,0.8427,-11.4601,0.4175,1,1,Forehand finish,0,9,18.9615,-30.257,0.1692,0,Excellent,,-1.4805,-11.8279,0,11.2,-0.0451,0.0259,2.2558,4.1952,0,0
527,Rally,None,1,-0.0027,55.7468,-0.8811,3.4025,-16.1795,-1.527,1.3567,-3.3726,1,Backhand prepare 0.45,0,9,LowPickup,-25.0871,-20.2977,-1.4635,0.8166,-11.4893,0.3091,1,1,Forehand finish,0,9,18.8896,-23.5954,0.1987,0,Excellent,,-1.4805,-11.8279,0,11.2,-0.0483,0.0207,1.7778,3.9811,0,0
528,Rally,None,1,-0.0027,55.6912,-0.8882,3.4031,-16.1876,-1.5383,1.2811,-3.7949,1,Backhand prepare 0.49,0,9,LowPickup,-27.6351,-24.9591,-1.5312,0.7801,-11.5535,0.3773,1,1,Forehand finish,0,9,18.0206,-17.1642,0.3326,0,Excellent,,-1.4805,-11.8279,0,11.2,-0.0556,0.0155,1.4012,3.8737,0,0
529,Rally,None,1,-0.0027,55.6338,-0.8938,3.4038,-16.1946,-1.5458,1.2274,-4.0764,1,Backhand prepare 0.54,0,9,LowPickup,-35.7571,-33.4791,-1.5351,0.7643,-11.5877,4.1235,1,1,Forehand finish,0,9,16.8079,-11.0812,0.3825,0,Excellent,,-1.4805,-11.8279,0,11.2,-0.0574,0.0107,1.1043,3.831,0,0
530,Rally,None,1,-0.0027,55.5703,-0.898,3.4047,-16.2007,-1.5571,1.1419,-4.4987,1,Backhand prepare 0.58,0,9,LowPickup,-44.4354,-41.7075,-1.5971,0.783,-11.5778,2.2218,1,1,Forehand finish,0,9,15.6904,-5.7521,0.363,0,Excellent,,-1.4805,-11.8279,0,11.2,-0.0635,0.0066,0.8703,3.7914,0,0
531,Rally,None,1,-0.0027,55.506,-0.9011,3.4057,-16.2059,-1.5646,1.0816,-4.7802,1,Backhand prepare 0.63,0,9,LowPickup,-56.5342,-55.3622,-1.694,0.8362,-11.6109,2.0364,1,1,Forehand finish,0,9,14.7922,-1.3475,0.2934,0,Excellent,,-1.4805,-11.8279,0,11.2,-0.0643,0.0035,0.6859,5.9804,0,0
532,Rally,None,1,-0.0027,55.441,-0.9033,3.4067,-16.2105,-1.5722,1.0186,-5.0617,1,Backhand prepare 0.67,0,9,LowPickup,-62.3227,-66.2382,-1.7484,0.87,-11.5979,0.7849,1,1,Ready,0,9,8.6908,-3.0144,0,0,Excellent,,-1.4805,-11.8279,0,11.2,-0.065,0.0012,0.5406,8.2639,0,0
533,Rally,None,1,-0.0027,55.3709,-0.9046,3.4079,-16.2144,-1.5835,0.9192,-5.484,1,Backhand prepare 0.71,0,9,LowPickup,-66.5364,-77.068,-1.8057,0.8903,-11.6341,0.756,1,1,Ready,0,9,8.6252,-2.3765,0,0,Excellent,,-1.4805,-11.8279,0,11.2,-0.0701,-0.0002,0.4261,9.3725,0,0
534,Rally,None,1,-0.0027,55.3009,-0.9052,3.4092,-16.2177,-1.591,0.8497,-5.7655,1,Backhand prepare 0.76,0,9,LowPickup,-72.7228,-90.3401,-1.8634,0.955,-11.6978,0,1,1,Ready,0,9,8.514,-1.9086,0,0,Excellent,,-1.4805,-11.8279,0,11.2,-0.07,-0.0009,0.3358,7.069,0,0
535,Rally,None,1,-0.0027,55.2265,-0.905,3.4106,-16.2206,-1.6023,0.7403,-6.1878,1,Backhand prepare 0.80,0,9,LowPickup,-74.0363,-98.3279,-1.8747,0.9795,-11.7398,0,1,1,Ready,0,9,8.3504,-1.5052,0,0,Excellent,,-1.4805,-11.8279,0,11.2,-0.0745,-0.0011,0.2646,5.4191,0,0
536,Rally,None,1,-0.0027,55.1527,-0.9044,3.4121,-16.2231,-1.6098,0.6641,-6.4693,1,Backhand prepare 0.86,0,9,LowPickup,-66.2476,-106.2712,-1.868,1.0017,-11.7551,15.3441,1,1,Ready,0,9,8.096,-1.126,0,0,Excellent,,-1.4805,-11.8279,0,11.2,-0.0738,-0.001,0.2086,11.7239,0,0
537,Rally,None,1,-0.0027,55.0794,-0.9034,3.4136,-16.2252,-1.6173,0.5853,-6.7508,1,Backhand prepare 0.89,0,9,LowPickup,-53.5022,-110.4959,-1.847,1.0267,-11.7576,2.3831,1,1,Ready,0,9,7.7804,-0.7596,1.6448,0,Excellent,,-1.4805,-11.8279,0,11.2,-0.0732,-0.0006,0.1644,17.0206,0,0
538,Rally,None,1,-0.0027,55.0022,-0.9019,3.4152,-16.227,-1.6286,0.4621,-7.1731,1,Backhand prepare 0.93,0,9,LowPickup,-37.0869,-112.0263,-1.7944,1.0827,-11.7687,1.381,1,1,Ready,0,9,7.5089,-0.4214,0.6413,0,Excellent,,-1.4805,-11.8279,0,11.2,-0.0773,-0.0003,0.1296,18.9724,0,0
539,Rally,None,1,-0.0027,54.9259,-0.9001,3.4169,-16.2286,-1.6361,0.3766,-7.4546,1,Backhand prepare 0.99,0,9,LowPickup,-16.7617,-103.7054,-1.7071,1.0068,-11.7565,1.8193,1,1,Ready,0,9,7.3001,-0.0556,0.3697,0,Excellent,,-1.4805,-11.8279,0,11.2,-0.0763,0.0001,0.1021,13.9605,0,0
540,Rally,None,1,-0.0027,54.846,-0.898,3.4188,-16.2299,-1.6474,0.2435,-7.8769,1,Backhand prepare 1.00,0,9,LowPickup,-12.257,-102.782,-1.7039,0.9598,-11.7486,0.2657,1,1,Ready,0,9,7.156,0.4604,0.3848,0,Excellent,,-1.4805,-11.8279,0,11.2,-0.0799,0.0004,0.0805,8.7651,0,0
541,Rally,None,1,-0.0027,54.7675,-0.8957,3.4207,-16.231,-1.6549,0.1514,-8.1584,1,Backhand prepare 1.00,0,9,LowPickup,-12.257,-105.8709,-1.6971,0.9547,-11.772,0,1,1,Ready,0,9,7.1158,1.1394,0.4634,0,Excellent,,-1.4805,-11.8279,0,11.2,-0.0785,0.0006,0.0634,5.804,0,0
542,Rally,None,1,-0.0027,54.6962,-0.8934,3.4224,-16.2319,-1.6625,0.1,-8.44,1,Backhand prepare 1.00,1,0.1645,Drive,-1.7618,-100.2478,-1.7076,0.9292,-11.7264,0,1,1,Ready,0,9,7.1935,2.0153,0.4254,0,Excellent,,-1.4805,-11.8279,0,11.2,-0.0713,0.0007,0.0394,2.7388,0,0
543,Rally,None,1,-0.0027,54.6206,-0.8909,3.4242,-16.2327,-1.673,0.2029,-8.8351,1,Backhand swing,1,0.1395,Drive,3.1307,-97.1275,-1.7222,0.9295,-11.7014,2.6277,1,1,Ready,0,9,7.4189,3.0852,0.3093,0,Excellent,,-1.4805,-11.8279,0,11.2,-0.0756,0.0006,0.031,0.7383,0,0
544,Rally,None,1,-0.0027,54.5458,-0.8883,3.4261,-16.2333,-1.6801,0.2682,-9.0986,1,Backhand swing,1,0.1228,Drive,10.8227,-89.9343,-1.746,0.9493,-11.6362,2.0772,1,1,Ready,0,9,7.7874,4.3551,0.1313,0,Excellent,,-1.4805,-11.8279,0,11.2,-0.0748,0.0005,0.0245,0,0,0
545,Rally,None,1,-0.0027,54.4671,-0.8855,3.4282,-16.2338,-1.6906,0.3611,-9.4938,1,Backhand swing,1,0.0978,Drive,21.2684,-72.8471,-1.7248,1.1004,-11.6319,1.7487,1,1,Ready,0,9,8.4136,5.7329,0.2005,0,Excellent,,-1.4805,-11.8279,0,11.2,-0.0786,0.0004,0.0193,0,0,0
546,Rally,None,1,-0.0027,54.3897,-0.8826,3.4303,-16.2342,-1.6977,0.4196,-9.7573,1,Backhand swing,1,0.0812,Drive,20.516,-59.3341,-1.7062,1.1674,-11.6087,0.8214,1,1,Ready,0,9,9.4945,7.1246,0.1364,0,Excellent,,-1.4805,-11.8279,0,11.2,-0.0774,0.0003,0.0131,0,0,0
547,Rally,None,1,-0.0027,54.3133,-0.8797,3.4324,-16.2345,-1.7047,0.4754,-10.0207,1,Backhand swing,1,0.0645,Drive,21.5418,-41.6349,-1.6198,0.9587,-11.4192,0.8192,1,1,Ready,0,9,10.7721,8.459,0.2614,0,Excellent,,-1.4805,-11.8279,0,11.2,-0.0764,0.0001,0.0087,0,0,0
548,Rally,None,1,-0.0027,54.2333,-0.8767,3.4347,-16.2347,-1.7153,0.5541,-10.4159,1,Backhand swing,1,0.0469,Drive,24.0317,-18.7874,-1.72,0.994,-11.1888,0.5336,1,1,Ready,0,9,12.1404,9.7075,0.5035,0,Excellent,,-1.4805,-11.8279,0,11.2,-0.08,0.0001,0.0055,0,0,0
549,Rally,None,1,-0.0027,54.1547,-0.8737,3.437,-16.2348,-1.7223,0.6032,-10.6794,1,Backhand swing,1,0.0352,Drive,23.7652,-5.83,-1.5054,0.9249,-11.2337,1.704,1,1,Ready,0,9,13.334,10.72,0.5061,0,Excellent,,-1.4805,-11.8279,0,11.2,-0.0786,0,0.0033,0,0,0
550,Rally,None,1,-0.0027,54.0727,-0.8705,3.4395,-16.2348,-1.7329,0.6719,-11.0746,1,Backhand swing,1,0.0176,Drive,13.2543,-11.2299,-1.3717,1.038,-11.3187,14.5757,1,1,Ready,0,9,14.0624,11.4045,0.621,0,Excellent,,-1.4805,-11.8279,0,11.2,-0.082,0,0.0026,0,0,0
551,Rally,None,1,-0.0027,53.9979,-0.8676,3.4418,-16.2348,-1.7399,0.7142,-11.338,1,Backhand swing,1,0.0059,Drive,-1.5646,-28.5132,-1.3792,0.9608,-11.389,2.3488,1,1,Ready,0,9,14.349,11.7027,0.3926,0,Excellent,,-1.4805,-11.8279,0,11.2,-0.0748,-0.0001,0.0021,0,0,0
552,Rally,None,1,0.03,54.0243,-0.8945,3.4374,-16.2352,-1.6988,0.7973,-10.9784,1,Backhand swing,1,-0.0083,Drive,2.0714,-12.6058,-1.3515,0.9262,-11.448,14.2866,1,1,Ready,0,9,14.0407,11.4929,0.2715,0.6417,Perfect,P:Perfect;,-1.4805,-11.8279,0,11.2,0.0264,-0.0001,0.0016,0,0,0
553,Rally,None,1,0.0133,54.0688,-0.9018,3.425,-16.2376,-1.6988,0.7973,-10.9784,1,Backhand follow,1,-0.0083,Drive,17.1311,5.0674,-1.3516,0.9264,-11.4483,0,1,1,Ready,0,9,13.4056,10.9325,0.4417,0.5833,Perfect,,-1.4805,-11.8279,0,11.2,0.0445,-0.0001,0.0016,0,0,0
554,Rally,None,1,-0.0033,54.1291,-0.89,3.4067,-16.2415,-1.6988,0.7973,-10.9784,1,Backhand follow,1,-0.0083,Drive,17.1311,5.0674,-1.3516,0.9998,-11.4482,0,1,1,Ready,0,9,12.5848,10.0258,0.3942,0.525,Perfect,,-1.4805,-11.8279,0,11.2,0.0603,0,0.0013,0,0,0
555,Rally,None,1,-0.0033,54.203,-0.9023,3.4035,-16.2418,-1.6542,0.8571,-10.6071,1,Backhand follow,1,-0.025,Drive,22.2793,27.2859,-1.3293,0.9512,-11.5485,0,1,1,Ready,0,9,11.7425,8.9328,0.9862,0.4667,Perfect,,-1.4786,-11.8271,0,11.2,0.0739,0.001,0.7159,0,0,0
556,Rally,None,1,-0.0033,54.2888,-0.906,3.3958,-16.2428,-1.6096,0.9139,-10.2357,1,Backhand follow,1,-0.0417,Drive,43.4561,54.706,-1.4954,0.8164,-11.8017,0,1,1,Ready,0,9,11.0938,7.7382,4.1887,0.4083,Perfect,,-1.4741,-11.8252,0,11.2,0.0858,0.0034,1.2793,0,0,0
557,Rally,None,1,-0.0033,54.385,-0.9013,3.384,-16.2443,-1.5427,0.9932,-9.6787,1,Backhand follow,1,-0.0667,Drive,52.9867,69.1104,-1.392,0.823,-11.8077,0,1,1,Ready,0,9,10.5785,6.5507,0.5287,0.35,Perfect,,-1.4626,-11.8203,0,11.2,0.0962,0.0076,2.0808,0,0,0
558,Rally,None,1,-0.0033,54.4902,-0.9054,3.3806,-16.2434,-1.4981,1.0423,-9.3073,1,Backhand follow,1,-0.0833,Drive,58.3424,72.0913,-1.4139,0.8209,-11.7331,8.1978,1,1,Ready,0,9,10.1834,5.4914,0.6945,0.2917,Perfect,,-1.4518,-11.8157,0,11.2,0.1052,0.0128,3.0819,2.3875,0,0
559,Rally,None,1,-0.0033,54.6032,-0.9088,3.3764,-16.2416,-1.4312,1.1101,-8.7503,1,Backhand follow,1,-0.1083,Drive,67.5706,86.7862,-1.3874,0.845,-11.7322,3.5577,1,1,Ready,0,9,9.9816,4.626,0.9977,0.2333,Perfect,,-1.4307,-11.8068,0,11.2,0.113,0.0189,4.7365,4.0396,0,0
560,Rally,None,1,-0.0033,54.7229,-0.9013,3.374,-16.2391,-1.3866,1.1515,-8.3789,1,Backhand follow,1,-0.125,Drive,66.4757,91.5653,-1.3636,0.8857,-11.6418,1.5797,1,1,Ready,0,9,10.0504,4.078,3.4584,0.175,Perfect,,-1.4134,-11.7995,0,11.2,0.1198,0.025,5.8225,9.3186,0,0
561,Rally,None,1,-0.0033,54.8486,-0.8968,3.3695,-16.2362,-1.3419,1.1898,-8.0075,1,Backhand follow,1,-0.1417,Drive,67.362,95.2325,-1.2451,0.9494,-11.622,3.0412,1,1,Ready,0,9,10.3518,3.8149,0.1798,0.1167,Perfect,,-1.3936,-11.791,0,11.2,0.1257,0.0304,6.8839,12.074,0,0
562,Rally,None,1,-0.0033,54.9794,-0.8901,3.3651,-16.2318,-1.275,1.2415,-7.4505,1,Backhand follow,1,-0.1667,Drive,71.0283,98.4673,-1.2102,1.0735,-11.7756,1.4161,1,1,Ready,0,9,10.863,3.8723,0.4288,0.0583,Perfect,,-1.3591,-11.7764,0,11.2,0.1308,0.0352,7.809,11.4807,0,0
563,Rally,None,1,-0.0033,55.1128,-0.8819,3.3617,-16.2265,-1.2304,1.2721,-7.0791,1,Backhand follow,1,-0.1833,Drive,68.7418,96.4736,-1.1452,1.0823,-11.8243,0.5775,1,1,Ready,0,9,11.6205,4.1881,0.7022,0,Perfect,,-1.3329,-11.7653,0,11.2,0.1333,0.0389,7.7435,12.1911,0,0
564,Rally,None,1,-0.0033,55.2287,-0.8712,3.3591,-16.2193,-1.1635,1.3123,-6.5221,1,Backhand follow,1,-0.2083,Drive,70.9066,96.1577,-1.056,1.0714,-11.8608,0.2002,1,1,Ready,0,9,12.7206,4.7238,0.7759,0,Perfect,,-1.2887,-11.7466,0,11.2,0.1159,0.042,8.4864,11.9287,0,0
565,Rally,None,1,-0.0033,55.3294,-0.8593,3.3567,-16.2114,-1.1189,1.3352,-6.1507,1,Backhand follow,1,-0.225,Drive,66.9104,92.3008,-0.977,1.0395,-11.882,0,1,1,Ready,0,9,13.9587,5.3963,0.7582,0,Perfect,,-1.2561,-11.7327,0,11.2,0.1008,0.0441,8.2774,10.1002,0,0
566,Rally,None,1,-0.0033,55.4171,-0.8462,3.3545,-16.2025,-1.0743,1.3551,-5.7794,1,Backhand follow,1,-0.2417,Drive,65.0642,89.2574,-0.9164,0.9878,-11.8726,0,1,1,Ready,0,9,15.2137,6.1223,0.6589,0,Perfect,,-1.221,-11.7178,0,11.2,0.0876,0.0451,8.1127,8.1088,0,0
567,Rally,None,1,-0.0033,55.4932,-0.8305,3.3525,-16.1916,-1.0073,1.3791,-5.2223,1,Backhand follow,1,-0.2667,Drive,64.1051,86.2765,-0.8652,0.9279,-11.8487,0,1,1,Ready,0,9,16.358,6.8965,0.5545,0,Perfect,,-1.1634,-11.6934,0.1201,11.2,0.0762,0.0456,8.5,8.7272,0,0
568,Rally,None,1,-0.0033,55.5594,-0.8136,3.3506,-16.1799,-0.9627,1.3913,-4.851,1,Backhand follow,0,9,Drive,58.3039,83.5131,-0.8059,0.9105,-11.8434,12.0252,1,1,Run,0,9,10.1419,1.6999,0.7679,0,Perfect,,-1.1219,-11.6758,0.2002,11.2,0.0662,0.0456,8.5,8.7272,0,0
569,Rally,None,1,-0.0033,55.617,-0.7939,3.3488,-16.166,-0.8958,1.4038,-4.2939,1,Run,0,9,Drive,39.7713,48.6993,-0.6948,0.7227,-11.6633,4.0928,0.9555,0.8333,Run,0,9,-2.506,-9.2294,12.876,0,Perfect,,-1.0548,-11.6473,0.3203,11.2,0.0576,0.0457,8.5,6.4729,0,0
570,Rally,None,1,-0.0033,55.667,-0.7731,3.3471,-16.1513,-0.8512,1.4083,-3.9226,1,Run,0,9,Drive,39.2075,40.8884,-0.6359,0.6962,-11.6307,0.4534,0.856,0.6667,Forehand prepare 0.03,0,9,-8.7033,-20.1021,3.5971,0,Perfect,,-1.0068,-11.627,0.4004,11.2,0.05,0.0457,8.5,2.5233,0,0
571,Rally,None,1,-0.0033,55.7105,-0.7511,3.3455,-16.1357,-0.8066,1.4097,-3.5512,1,Run,0,9,Drive,38.9545,37.3409,-0.5764,0.6782,-11.6209,0.5033,0.7361,0.5,Forehand prepare 0.07,0,9,-6.6273,-25.6589,3.8842,0,Perfect,,-0.9563,-11.6056,0.4805,11.2,0.0435,0.0455,8.5,2.0933,0,0
572,Rally,None,1,-0.0033,55.7483,-0.726,3.3441,-16.1178,-0.7397,1.4061,-2.9942,1,Run,0,9,Drive,38.8345,34.6799,-0.5001,0.6624,-11.5883,0.3911,0.6155,0.3333,Forehand prepare 0.11,0,9,7.5129,0.5594,4.8352,0,Perfect,,-0.8757,-11.5714,0.5652,11.2,0.0378,0.0449,8.4864,1.5823,0,0
573,Rally,None,1,-0.0033,55.7812,-0.6998,3.3427,-16.099,-0.6951,1.3998,-2.6228,1,Run,0,9,Drive,38.6866,32.7256,-0.4437,0.6541,-11.5654,0.0594,0.5041,0.1667,Forehand prepare 0.16,0,9,17.0527,4.9946,1.5013,0,Perfect,,-0.8188,-11.5473,0.5652,11.2,0.0329,0.0446,8.5,1.1059,0,0
574,Rally,None,1,-0.0033,55.8098,-0.6704,3.3413,-16.0778,-0.6281,1.3846,-2.0658,1,Run,0,9,Drive,38.3949,31.398,-0.2709,0.6775,-11.5296,0.2983,0.4064,0,Forehand prepare 0.20,0,9,23.9723,10.2145,0.6798,0,Perfect,,-0.7287,-11.5091,0.5652,11.2,0.0286,0.0442,8.5,0.8559,0,0
575,Rally,None,1,-0.0033,55.8346,-0.64,3.3401,-16.0558,-0.5835,1.3707,-1.6944,1,Run,0,9,Drive,37.9023,30.6242,-0.1255,0.718,-11.4929,0,0.3236,0,Forehand prepare 0.26,0,9,29.6958,17.4325,0,0,Perfect,,-0.6654,-11.4822,0.5652,11.2,0.0248,0.0441,8.5,0.9803,0,0
576,Rally,None,1,-0.0033,55.8563,-0.6087,3.3389,-16.0331,-0.5389,1.3537,-1.3231,1,Run,0,9,Drive,37.2043,30.3408,-0.0506,0.714,-11.4432,9.15,0.2551,0,Forehand prepare 0.29,0,9,35.8936,25.3244,2.9616,0,Perfect,,-0.601,-11.4549,0.5652,11.2,0.0216,0.0439,8.5,1.2826,0,0
577,Rally,None,1,-0.0033,55.875,-0.5745,3.3378,-16.0082,-0.472,1.3223,-0.766,1,Run,0,9,Drive,36.3494,30.8753,0.021,0.6896,-11.3767,0.2147,0.1995,0,Forehand prepare 0.33,0,9,42.4141,33.549,1.0145,0,Perfect,,-0.5056,-11.4144,0.5652,11.2,0.0188,0.0427,7.3287,1.5672,0,0.0002
578,Rally,None,1,-0.0033,55.8914,-0.5401,3.3367,-15.9832,-0.4274,1.2976,-0.3947,1,Run,0,9,Drive,35.4524,32.1687,-0.0092,0.6669,-11.323,0,0.1549,0,Forehand prepare 0.38,0,9,48.7914,42.7076,0.4356,0,Perfect,,-0.4449,-11.3887,0.5652,11.2,0.0163,0.0392,4.591,1.7339,0,0
579,Rally,None,1,-0.0033,55.8843,-0.5038,3.3356,-15.9566,-0.3605,1.2548,0.1624,1,Run,0,9,Drive,34.6098,33.4879,0.0938,0.7059,-11.2652,0,0.1195,0,Forehand prepare 0.42,0,9,55.374,52.0083,0.1409,0,Perfect,,-0.3588,-11.3522,0.5652,11.2,-0.007,0.0331,2.0292,1.7287,0,0
580,Rally,None,1,-0.0033,55.8297,-0.4681,3.3346,-15.9305,-0.3159,1.2224,0.5337,1,Run,0,9,Drive,33.6977,34.6864,0.164,0.7562,-11.2238,0,0.0918,0,Forehand prepare 0.48,0,9,59.6477,62.5128,0.2886,0,Perfect,,-0.3046,-11.3292,0.5652,11.2,-0.0546,0.0247,0.7843,1.5681,0,0
581,Rally,None,1,-0.0033,55.7337,-0.4331,3.3336,-15.9048,-0.2712,1.1869,0.9051,1,Run,0,9,Drive,33.1374,35.792,0.2278,0.797,-11.191,0.5568,0.0702,0,Forehand prepare 0.51,0,9,64.8295,71.7959,0.4083,0,Perfect,,-0.2529,-11.3073,0.5652,11.2,-0.096,0.0159,2.2072,1.2899,0,0.0001
582,Rally,None,1,-0.0033,55.5775,-0.3972,3.3327,-15.8784,-0.2043,1.128,1.4621,1,Run,0,9,Drive,32.7475,36.7347,0.3083,0.8441,-11.1528,0.3964,0.0534,0,Forehand prepare 0.55,0,9,70.8923,79.9324,0.8312,0,Perfect,,-0.1802,-11.2764,0.5652,11.2,-0.1562,0.0079,3.3286,0.9191,0,0
583,Rally,None,1,-0.0033,55.3932,-0.3625,3.3317,-15.8529,-0.1597,1.0848,1.8335,1,Run,0,9,Drive,32.5367,37.5595,0.3551,0.8783,-11.1324,0.1344,0.0405,0,Forehand prepare 0.61,0,9,74.3041,87.7855,0.2596,0,Perfect,,-0.1349,-11.2572,0.5652,11.2,-0.1843,0.0015,5.0069,0.4998,0,0
584,Rally,None,1,-0.0033,55.1601,-0.3276,3.3309,-15.8271,-0.0928,1.0143,2.3905,1,Run,0,9,Drive,32.4262,38.071,0.4162,0.8887,-11.1082,0.2514,0.0307,0,Forehand prepare 0.64,0,9,71.2953,93.6039,1.3046,0,Perfect,,-0.0718,-11.2305,0.5652,11.2,-0.233,-0.0031,5.5351,0.1503,0,0
585,Rally,None,1,-0.0033,54.9091,-0.2942,3.33,-15.8025,-0.0482,0.9634,2.7619,1,Run,0,9,Drive,32.4561,38.5228,0.4528,0.8999,-11.095,0.2595,0.0231,0,Forehand prepare 0.70,0,9,65.1156,99.2961,2.1348,0,Perfect,,-0.0329,-11.214,0.5652,11.2,-0.2511,-0.0058,6.7459,0.3033,0,0.0001
586,Rally,None,1,-0.0033,54.6422,-0.2626,3.3292,-15.7792,-0.0036,0.9095,3.1332,1,Run,0,9,Drive,32.5717,38.6471,0.4843,0.902,-11.085,0.2238,0.0174,0,Forehand prepare 0.74,0,9,65.5026,103.0545,0,0,Perfect,,0,-11.2,0.5652,11.2,-0.2668,-0.0069,6.9057,0.5713,0,0
587,Rally,None,1,-0.0033,54.3375,-0.2348,3.3284,-15.7589,0.0633,0.8229,3.6903,1,Ready,0,9,Drive,30.7524,36.3663,0.4464,0.8857,-11.0741,0.4318,0.0131,0,Forehand prepare 0.77,0,9,66.6964,105.136,0,0,Perfect,,0,-11.2,0.5652,11.2,-0.3047,-0.0068,5.4426,1.9112,0,0.0001
588,Rally,None,1,-0.0033,54.0241,-0.2105,3.3276,-15.7412,0.108,0.7613,4.0616,1,Ready,0,9,Drive,27.3353,31.7905,0.3767,0.8747,-11.049,1.4993,0.0098,0,Forehand prepare 0.83,0,9,63.5992,105.2899,0,0,Perfect,,0,-11.2,0.5652,11.2,-0.3134,-0.0058,4.2894,3.5619,0,0
589,Rally,None,1,-0.0033,53.6788,-0.1891,3.3268,-15.7258,0.1749,0.6631,4.6187,1,Ready,0,9,Drive,24.077,26.52,0.3103,0.8697,-11.0203,8.6429,0.0073,0,Forehand prepare 0.87,0,9,57.2023,103.7717,0,0,Perfect,,0,-11.2,0.5652,11.2,-0.3453,-0.0045,3.3806,4.1047,0,0
590,Rally,None,1,-0.0033,53.3302,-0.1702,3.3261,-15.7124,0.2195,0.5938,4.99,1,Ready,0,9,Drive,21.5521,21.9346,0.2591,0.8665,-10.9957,0.3669,0.0055,0,Forehand prepare 0.92,0,9,39.9853,95.0569,0,0,Perfect,,0,-11.2,0.5652,11.2,-0.3487,-0.0029,2.6644,4.0416,0,0
591,Rally,None,1,-0.0033,52.9785,-0.1536,3.3255,-15.7006,0.2641,0.5215,5.3614,1,Ready,0,9,Drive,19.8128,18.1878,0.2234,0.8621,-10.9792,0.1858,0.0041,0,Forehand prepare 0.96,0,9,27.3896,85.0768,0,0,Perfect,,0,-11.2,0.5652,11.2,-0.3516,-0.0016,2.0999,3.4978,0,0
592,Rally,None,1,-0.0033,52.6001,-0.139,3.3248,-15.6904,0.331,0.4072,5.9184,1,Ready,0,9,Drive,18.7037,15.1683,0.2028,0.8574,-10.9824,0.5296,0.003,0,Forehand prepare 1.00,0,9,17.3259,71.883,1.8062,0,Perfect,,0,-11.2,0.5652,11.2,-0.3785,-0.0004,1.655,2.679,0,0
593,Rally,None,1,-0.0033,52.2604,-0.126,3.3242,-15.6814,0.3756,0.3271,6.2898,1,Ready,0,9,Drive,18.0675,12.8053,0.1884,0.8505,-10.9901,0.7483,0.0023,0,Forehand prepare 1.00,0,9,16.3184,69.3373,0.0734,0,Perfect,,0,-11.2,0.5652,11.2,-0.3397,0.0004,1.3043,1.7521,0,0
594,Rally,None,1,-0.0033,51.9651,-0.1144,3.3236,-15.6737,0.4425,0.2013,6.8468,1,Ready,0,9,Drive,17.7496,11.031,0.1642,0.8307,-10.9814,0.9387,0,0,Forehand prepare 1.00,1,0.168,7.0961,61.5512,0,0,Perfect,,0,-11.2,0.5652,11.2,-0.2953,0.0009,1.028,0.8432,0,0
595,Rally,None,1,-0.0033,51.7084,-0.1042,3.3231,-15.667,0.4872,0.1135,7.2182,1,Ready,0,9,Drive,17.6587,9.7507,0.141,0.8088,-10.9707,0.748,0,0,Backhand swing,1,0.1527,80.9208,53.3952,9.2739,0,Perfect,,0,-11.2,0.5652,11.2,-0.2567,0.0012,0.8102,0.1439,0,0.0001
596,Rally,None,1,-0.0033,51.4852,-0.095,3.3226,-15.6612,0.5308,0.1353,7.5816,1,Ready,0,9,Drive,17.743,8.8729,0.1327,0.7927,-10.9665,0.3096,0,0,Backhand swing,1,0.1375,69.6622,20.2403,0,0,Perfect,,0,-11.2,0.6053,11.2,-0.2232,0.0012,0.6385,0.5476,0,0.0001
597,Rally,None,1,-0.0033,51.2912,-0.0869,3.3221,-15.6561,0.5949,0.2368,8.115,1,Ready,0,9,Drive,17.9155,8.3755,0.1304,0.7809,-10.9647,0.1301,0,0,Backhand swing,1,0.1146,58.6676,-8.8105,0,0,Perfect,,0,-11.2,0.7254,11.2,-0.194,0.001,0.5032,0.9404,0,0
598,Rally,None,1,-0.0033,51.1225,-0.0795,3.3217,-15.6517,0.6376,0.3009,8.4706,1,Ready,0,9,Drive,18.1211,8.2621,0.1312,0.7705,-10.966,0.1804,0,0,Backhand swing,1,0.0993,-5.8943,-38.0226,11.265,0,Perfect,,0,-11.2,0.8055,11.2,-0.1687,0.0008,0.3966,1.204,0,0
599,Rally,None,1,-0.0033,50.9758,-0.0729,3.3213,-15.6479,0.7017,0.3917,9.0039,1,Ready,0,9,Drive,18.3158,8.404,0.1307,0.7599,-10.9665,0.1876,0,0,Backhand swing,1,0.0764,39.4034,-23.1476,0.6606,0,Perfect,,0,-11.2,0.8853,11.2,-0.1466,0.0005,0.3126,1.319,0,0
600,Rally,None,1,-0.0033,50.8484,-0.067,3.321,-15.6445,0.7444,0.4486,9.3595,1,Ready,0,9,Drive,18.4714,8.6991,0.1183,0.7465,-10.9597,0.0808,0,0,Backhand swing,1,0.0611,31.9488,-14.0466,0.8361,0,Perfect,,0,-11.2,0.8853,11.2,-0.1275,0.0003,0.2464,1.2931,0,0.0001
601,Rally,None,1,-0.0033,50.7375,-0.0615,3.3206,-15.6417,0.7871,0.5026,9.7151,1,Ready,0,9,Drive,18.5516,9.0963,0.1094,0.7392,-10.9542,0.1394,0,0,Backhand swing,1,0.0458,30.1822,0.9762,0.7352,0,Perfect,,0,-11.2,0.8853,11.2,-0.1108,0.0001,0.1942,1.1776,0,0
602,Rally,None,1,-0.0033,50.6412,-0.0566,3.3203,-15.6392,0.8512,0.5783,10.2485,1,Ready,0,9,Drive,18.5418,9.563,0.1233,0.7461,-10.9556,0.1431,0,0,Backhand swing,1,0.0229,35.8164,25.7386,22.1316,0,Perfect,,0,-11.2,0.8853,11.2,-0.0964,-0.0001,0.153,1.0195,0,0
603,Rally,None,1,-0.0033,50.5574,-0.0521,3.3201,-15.637,0.8939,0.6251,10.604,1,Ready,0,9,Drive,18.5403,10.0866,0.14,0.7578,-10.9605,0.1101,0,0,Backhand swing,1,0.0076,34.4545,30.2056,5.2101,0,Perfect,,0,-11.2,0.8853,11.2,-0.0838,-0.0001,0.1206,0.8174,0,0
604,Rally,None,1,-0.0033,51.2684,-0.0479,3.32,-15.6363,0.9153,0.6474,10.6618,1,Ready,0,9,Drive,18.5109,10.5239,0.1454,0.7662,-10.9693,0.031,0,0,Backhand swing,1,0,16.928,4.0202,2.4074,0,Perfect,R;,0,-11.2,0.8908,11.2,0.711,-0.0002,0.095,0.5716,0,0
605,Rally,None,1,-0.0033,51.8866,-0.044,3.32,-15.6357,0.867,0.7206,10.3607,1,Ready,0,9,Drive,18.4889,10.8913,0.1442,0.7708,-10.9664,0.0133,0,0,Backhand swing,1,-0.0167,21.7483,22.0688,0,0,Perfect,,0,-11.2,0.8107,11.2,0.6181,-0.0002,0.0749,0.3218,0,0
606,Rally,None,1,-0.0033,52.424,-0.0403,3.3199,-15.6352,0.8187,0.7913,10.0595,1,Ready,0,9,Drive,18.5302,11.1982,0.1311,0.7689,-10.9278,0.0149,0,0,Backhand follow,1,-0.0333,41.7589,51.6157,0,0,Perfect,,0,-11.2,0.7306,11.2,0.5374,-0.0002,0.059,0,0,0
607,Rally,None,1,-0.0033,52.8911,-0.037,3.3199,-15.6348,0.7463,0.8925,9.6077,1,Ready,0,9,Drive,18.5792,11.395,0.1169,0.7717,-10.8927,0.0138,0,0,Backhand follow,1,-0.0583,51.051,66.0939,0,0,Perfect,,0,-11.2,0.6105,11.2,0.4672,-0.0001,0.0465,0.1615,0,0
608,Rally,None,1,-0.0033,53.2973,-0.0338,3.3199,-15.6344,0.698,0.9569,9.3066,1,Ready,0,9,Drive,18.6069,11.4694,0.1155,0.776,-10.8881,0.0151,0,0,Backhand follow,1,-0.075,57.7114,67.9313,0,0,Perfect,,0,-11.2,0.5304,11.2,0.4061,-0.0001,0.0367,0.3242,0,0
609,Rally,None,1,-0.0033,53.6504,-0.0311,3.3199,-15.6343,0.6255,1.0488,8.8548,1,Ready,0,9,Drive,18.5948,11.4325,0.1173,0.7805,-10.8917,0.0162,0,0,Backhand follow,1,-0.1,68.965,82.503,0,0,Perfect,,-0.0037,-11.202,0.4103,11.2,0.3531,-0.0001,0.0289,0.4228,0,0
610,Rally,None,1,-0.0033,53.9573,-0.0289,3.3199,-15.6346,0.5772,1.1069,8.5537,1,Run,0,9,Drive,17.9368,11.1677,0.1245,0.7991,-10.8886,0.0541,0,0,Backhand follow,1,-0.1167,69.0334,88.3798,0,0,Perfect,,-0.0092,-11.2049,0.3302,11.2,0.307,0,2.4063,0.4032,0,0
611,Rally,None,1,-0.0033,54.2242,-0.0274,3.32,-15.6354,0.5289,1.1625,8.2525,1,Run,0,9,Drive,15.7445,9.3737,0.1277,0.8092,-10.8834,0.2392,0,0,Backhand follow,1,-0.1333,70.3574,93.3013,7.8114,0,Perfect,,-0.0172,-11.2091,0.2501,11.2,0.2669,0,3.4855,0.2598,0,0
612,Rally,None,1,-0.0033,54.4562,-0.027,3.32,-15.6373,0.4565,1.2411,7.8007,1,Run,0,9,Drive,11.7454,6.0413,0.1102,0.8101,-10.8814,0.3999,0,0,Backhand follow,1,-0.1583,72.9022,97.4164,6.3483,0,Perfect,,-0.0338,-11.2179,0.13,11.2,0.232,0,4.336,0.2538,0,0
613,Rally,None,1,-0.0033,54.6579,-0.0275,3.3201,-15.6398,0.4082,1.2905,7.4996,1,Run,0,9,Drive,5.6559,1.108,0.0872,0.8113,-10.8723,0.5295,0,0,Backhand follow,1,-0.175,69.6821,97.5811,0,0,Perfect,,-0.0479,-11.2254,0.0499,11.2,0.2017,0,5.8009,0.6248,0,0
614,Rally,None,1,-0.0033,54.8332,-0.0295,3.3202,-15.6439,0.3358,1.3597,7.0478,1,Run,0,9,Drive,-2.1356,-5.3644,0.0445,0.8056,-10.8612,0.7906,0,0,Backhand follow,1,-0.2,69.9923,96.5758,0,0,Perfect,,-0.0736,-11.239,0,11.2,0.1753,0,6.1609,1.0662,0,0
615,Rally,None,1,-0.0033,54.9856,-0.0325,3.3204,-15.6488,0.2875,1.4027,6.7467,1,Run,0,9,Drive,-10.1102,-11.0582,0.0117,0.8153,-10.8501,0,0,0,Backhand follow,1,-0.2167,63.3855,87.5736,0,0,Perfect,,-0.0939,-11.2497,0,11.2,0.1524,0,7.2391,0.5576,0,0
616,Rally,None,1,-0.0033,55.1182,-0.0366,3.3206,-15.6546,0.2392,1.4433,6.4455,1,Run,0,9,Drive,-16.9269,-16.4509,-0.0202,0.8167,-10.8439,0,0,0,Backhand follow,1,-0.2333,58.9513,77.4245,0,0,Perfect,,-0.1166,-11.2618,0,11.2,0.1325,0,7.2944,0.5231,0,0
617,Rally,None,1,-0.0033,55.2334,-0.0427,3.3207,-15.6623,0.1668,1.4993,5.9937,1,Run,0,9,Drive,-22.1559,-20.5761,-0.0674,0.8174,-10.8504,0,0,0,Backhand follow,1,-0.2583,57.7522,68.7768,1.4747,0,Perfect,,-0.1553,-11.2822,0,11.2,0.1152,0,7.338,0.4819,0,0
618,Rally,None,1,-0.0033,55.3335,-0.0498,3.321,-15.671,0.1185,1.5336,5.6926,1,Run,0,9,Drive,-25.8944,-23.1725,-0.1041,0.821,-10.8556,0,0,0,Backhand follow,1,-0.275,55.0768,62.081,0.9258,0,Perfect,,-0.1841,-11.2975,0,11.2,0.1002,0,8.1668,0.3892,0,0
619,Rally,None,1,-0.0033,55.4206,-0.0592,3.3212,-15.6819,0.0461,1.5802,5.2408,1,Run,0,9,Drive,-28.5087,-25.1837,-0.157,0.8199,-10.8729,0.6441,0,0,Backhand follow,0,9,53.8678,61.3085,0.8053,0,Perfect,,-0.232,-11.3229,0,11.2,0.0871,0,8.0255,0.2725,0,0
620,Rally,None,1,-0.0033,55.4963,-0.0698,3.3215,-15.6938,-0.0022,1.6082,4.9397,1,Run,0,9,Drive,-30.2204,-26.2615,-0.1935,0.8218,-10.8848,0.2117,0,0,Backhand finish,0,9,55.4799,59.9132,0.4493,0,Perfect,,-0.267,-11.3414,0,11.2,0.0757,0,8.5,0.1467,0,0
621,Rally,None,1,-0.0033,55.5621,-0.0814,3.3218,-15.7067,-0.0505,1.6336,4.6385,1,Run,0,9,Drive,-31.314,-27.1212,-0.2301,0.8196,-10.9003,0.8566,0,0,Backhand finish,0,9,57.6334,60.6231,0.3628,0,Perfect,,-0.3044,-11.3612,0,11.2,0.0658,0,8.4526,0.0593,0,0
622,Rally,None,1,-0.0033,55.6193,-0.0957,3.3221,-15.7221,-0.123,1.6671,4.1867,1,Run,0,9,Drive,-31.962,-27.7782,-0.2884,0.8165,-10.9306,1.6784,0,0,Backhand finish,0,9,60.0872,63.4253,0.2113,0,Perfect,,-0.3652,-11.3934,0,11.2,0.0572,0,8.2508,0.1385,0,0
623,Rally,None,1,-0.0033,55.669,-0.111,3.3225,-15.7385,-0.1713,1.6863,3.8856,1,Run,0,9,Drive,-32.2718,-28.0882,-0.329,0.8154,-10.954,0,0,0,Backhand finish,0,9,62.6878,68.2485,0.1807,0,Perfect,,-0.4087,-11.4164,0,11.2,0.0497,0,8.5,0.2417,0,0
624,Rally,None,1,-0.0033,55.7123,-0.1292,3.3229,-15.7576,-0.2437,1.7103,3.4338,1,Run,0,9,Drive,-32.4219,-28.4078,-0.3971,0.8146,-10.9934,0,0,0,Backhand finish,0,9,65.225,73.2296,0.1747,0,Perfect,,-0.4787,-11.4535,0,11.2,0.0432,0,8.5,0.3084,0,0
625,Rally,None,1,-0.0033,55.7499,-0.1484,3.3233,-15.7776,-0.292,1.7232,3.1327,1,Run,0,9,Drive,-32.4175,-28.7011,-0.4448,0.8147,-11.0242,0,0,0,Backhand finish,0,9,67.5829,77.3082,0.1271,0,Perfect,,-0.5284,-11.4798,0,11.2,0.0376,0,8.5,0.3562,0,0
626,Rally,None,1,-0.0033,55.7825,-0.1686,3.3238,-15.7986,-0.3403,1.7336,2.8315,1,Run,0,9,Drive,-32.2243,-28.9786,-0.494,0.8146,-11.058,0,0,0,Backhand finish,0,9,69.7145,80.2754,0.127,0,Perfect,,-0.5806,-11.5074,0,11.2,0.0327,0,8.5,0.4026,0,0
627,Rally,None,1,-0.0033,55.811,-0.192,3.3242,-15.8226,-0.4127,1.7445,2.3797,1,Run,0,9,Drive,-0.6828,3.2635,-0.4686,0.84,-11.2117,5.9206,0,0,Backhand finish,0,9,71.5703,82.3122,0.1725,0,Perfect,,-0.6634,-11.5513,0,11.2,0.0284,0,8.5,0.2218,0,0
628,Rally,None,1,-0.0033,55.8356,-0.2163,3.3247,-15.8475,-0.461,1.7486,2.0786,1,Run,0,9,Drive,-0.9282,3.0906,-0.5295,0.841,-11.2405,0,0,0,Backhand finish,0,9,73.0979,83.5127,0.2722,0,Perfect,,-0.7217,-11.5822,0,11.2,0.0247,0,8.5,0.2277,0,0
629,Rally,None,1,-0.0033,55.8571,-0.2438,3.3253,-15.8754,-0.5334,1.75,1.6268,1,Run,0,9,Drive,-1.1525,2.8169,-0.6232,0.8384,-11.2892,0,0,0,Backhand finish,0,9,74.2705,84.1612,0.2753,0,Perfect,,-0.8138,-11.6309,0,11.2,0.0215,0,8.5,0.1722,0,0
630,Rally,None,1,-0.0033,55.8758,-0.2723,3.3258,-15.9042,-0.5817,1.7478,1.3257,1,Run,0,9,Drive,-1.555,2.141,-0.6839,0.8284,-11.3253,0,0,0,Backhand finish,0,9,75.0739,84.4325,0.1931,0,Perfect,,-0.8782,-11.6651,0,11.2,0.0187,0,8.5,0.0542,0,0
631,Rally,None,1,-0.0033,55.892,-0.3016,3.3264,-15.9338,-0.63,1.7431,1.0245,1,Run,0,9,Drive,-2.2508,0.9476,-0.7411,0.8107,-11.3646,0,0,0,Backhand finish,0,9,75.4576,84.3953,0.0358,0,Perfect,,-0.9451,-11.7005,0,11.2,0.0162,0,8.5,0.15,0,0
632,Rally,None,1,-0.0033,55.9061,-0.3345,3.327,-15.9668,-0.7024,1.7314,0.5727,1,Backhand prepare 0.03,0,9,Drive,-3.4075,-0.6357,-0.8489,0.8188,-11.4474,3.5228,0.2083,0.1667,Backhand finish,0,9,75.6148,84.2095,0.0288,0,Perfect,,-1.05,-11.7561,0,11.2,0.0141,0,8.5,0.4405,0,0
633,Rally,None,1,-0.0033,55.9184,-0.3682,3.3277,-16.0006,-0.7507,1.7204,0.2716,1,Backhand prepare 0.08,0,9,Drive,-5.1935,-0.6952,-0.9007,0.8115,-11.532,6.0993,0.4167,0.3333,Backhand finish,0,9,75.5852,83.9469,0.4785,0,Perfect,,-1.1231,-11.7947,0,11.2,0.0123,0,8.5,0.4727,0,0
634,Rally,None,1,-0.0033,55.929,-0.4055,3.3284,-16.0378,-0.8232,1.6993,-0.1802,1,Backhand prepare 0.11,0,9,Drive,-7.1477,-1.0003,-0.9808,0.8091,-11.6401,3.3189,0.625,0.5,Backhand finish,0,9,75.4444,83.6036,0.4356,0,Perfect,,-1.2372,-11.8552,0,11.2,0.0107,0,8.5,0.8393,0,0
635,Rally,None,1,-0.0033,55.936,-0.4435,3.3292,-16.0755,-0.8715,1.682,-0.4813,1,Backhand prepare 0.16,0,9,Drive,-11.467,-2.3036,-1.0449,0.8144,-11.714,4.5521,0.8333,0.6667,Backhand finish,0,9,74.5074,83.1552,0.2845,0,Perfect,,-1.3164,-11.8971,0,11.2,0.007,0,8.5,1.2512,0,0
636,Rally,None,1,-0.0033,55.9343,-0.4823,3.3303,-16.114,-0.9197,1.6622,-0.7825,1,Backhand prepare 0.19,0,9,Drive,-6.0599,-1.7098,-1.0899,0.826,-11.7899,0.9849,1,0.8333,Backhand finish,0,9,72.2398,82.6972,0.4332,0,Perfect,,-1.398,-11.9403,0,11.2,-0.0017,0,8.5,1.0203,0,0
637,Rally,None,1,-0.0033,55.9212,-0.525,3.332,-16.1559,-0.9922,1.6279,-1.2343,1,Backhand prepare 0.22,0,9,Drive,-8.0505,-3.626,-1.2857,0.8111,-11.8505,2.3276,1,1,Backhand finish,0,9,68.7662,82.3355,0.6147,0,Perfect,,-1.5238,-12.0069,0,11.2,-0.0131,0,8.5,0.9413,0,0
638,Rally,None,1,-0.0033,55.9021,-0.5679,3.334,-16.198,-1.0405,1.6019,-1.5354,1,Backhand prepare 0.27,0,9,Drive,-20.7954,-9.6311,-1.4032,0.8193,-11.86,15.3079,1,1,Backhand finish,0,9,64.2559,82.2397,0.7666,0,Perfect,,-1.6053,-12.0501,0,11.2,-0.0191,0,7.5619,3.3552,0,0
639,Rally,None,1,-0.0033,55.8737,-0.6137,3.3363,-16.2426,-1.1129,1.5581,-1.9872,1,Backhand prepare 0.30,0,9,Drive,-23.1081,-13.7162,-1.7748,0.8122,-11.7905,5.5104,1,1,Backhand finish,0,9,58.9,82.3063,0.8973,0,Perfect,,-1.7231,-12.1125,0,11.2,-0.0284,0,4.3707,3.1452,0,0
640,Rally,None,1,-0.0033,55.8412,-0.6588,3.3388,-16.2865,-1.1612,1.5258,-2.2883,1,Backhand prepare 0.35,0,9,Drive,-26.2013,-19.4485,-1.895,0.839,-11.7658,9.6603,1,1,Backhand finish,0,9,52.8262,82.3057,1.0083,0,Perfect,,-1.7985,-12.1524,0,11.2,-0.0325,0,1.0611,2.7554,0,0
641,Rally,None,1,-0.0033,55.805,-0.7033,3.3415,-16.3297,-1.2095,1.4909,-2.5895,1,Backhand prepare 0.38,0,9,Drive,-29.2211,-24.4303,-1.9371,0.8411,-11.7618,9.2769,1,1,Backhand finish,0,9,46.4839,82.1933,1.0504,0,Perfect,,-1.8715,-12.191,0,11.2,-0.0362,0.0005,0.7527,2.0543,0,0
642,Rally,None,1,-0.0033,55.7616,-0.7494,3.3444,-16.3743,-1.2819,1.434,-3.0413,1,Backhand prepare 0.41,0,9,Drive,-31.8512,-28.9501,-2.0866,0.871,-11.7806,7.1656,1,1,Backhand finish,0,9,39.9989,80.9726,1.0132,0,Perfect,,-1.9763,-12.2466,0,11.2,-0.0434,0.0022,2.1823,1.5144,0,0
643,Rally,None,1,-0.0033,55.7158,-0.7944,3.3475,-16.4177,-1.3302,1.3929,-3.3424,1,Backhand prepare 0.46,0,9,Drive,-33.3869,-33.5507,-2.1643,0.7883,-11.9067,3.7426,1,1,Backhand finish,0,9,33.696,78.4475,0.9226,0,Perfect,,-2.0431,-12.282,0,11.2,-0.0457,0.0056,4.1035,2.3192,0,0
644,Rally,None,1,-0.0033,55.664,-0.8403,3.3508,-16.4619,-1.4026,1.3265,-3.7942,1,Backhand prepare 0.50,0,9,Drive,-34.8487,-36.6631,-2.2632,0.7604,-11.9639,0.2051,1,1,Backhand finish,0,9,27.7607,74.7296,0.8284,0,Perfect,,-2.1388,-12.3326,0,11.2,-0.0518,0.0104,4.8231,3.234,0,0
645,Rally,None,1,-0.0033,55.6108,-0.8846,3.3541,-16.5045,-1.4509,1.2791,-4.0953,1,Backhand prepare 0.54,0,9,Drive,-40.324,-42.4359,-2.3188,0.7413,-12.038,0.4078,1,1,Backhand finish,0,9,22.4078,69.9043,0,0,Perfect,,-2.1995,-12.3648,0,11.2,-0.0532,0.0163,6.1848,4.3179,0,0
646,Rally,None,1,-0.0033,55.5564,-0.9273,3.3575,-16.5454,-1.4992,1.2292,-4.3965,1,Backhand prepare 0.58,0,9,Drive,-44.9922,-47.4053,-2.4678,0.7762,-12.0607,7.322,1,1,Backhand finish,0,9,17.6065,64.0361,0,0,Perfect,,-2.2577,-12.3956,0,11.2,-0.0544,0.0224,6.4635,4.9422,0,0
647,Rally,None,1,-0.0033,55.4969,-0.9704,3.3611,-16.5866,-1.5717,1.1497,-4.8483,1,Backhand prepare 0.61,0,9,Drive,-47.3914,-51.7837,-2.5681,0.7597,-12.1322,8.2133,1,1,Backhand finish,0,9,13.5696,57.434,0,0,Perfect,,-2.3405,-12.4394,0,11.2,-0.0596,0.028,6.6831,5.6737,0,0
648,Rally,None,1,-0.0033,55.4368,-1.0117,3.3647,-16.626,-1.6199,1.0935,-5.1494,1,Backhand prepare 0.66,0,9,Drive,-44.4173,-56.1224,-2.66,0.8095,-12.1125,3.517,1,1,Backhand finish,0,9,10.3428,50.2365,0,0,Perfect,,-2.3926,-12.467,0,11.2,-0.06,0.0331,7.6507,8.9748,0,0
649,Rally,None,1,-0.0033,55.3722,-1.0529,3.3684,-16.6652,-1.6924,1.0045,-5.6012,1,Backhand prepare 0.69,0,9,Drive,-40.6805,-58.9869,-2.7595,0.8715,-12.1379,1.6346,1,1,Backhand finish,0,9,8.1007,42.7593,0.1827,0,Perfect,,-2.4661,-12.506,0,11.2,-0.0646,0.0373,7.6188,9.1229,0,0
650,Rally,None,1,-0.0033,55.3072,-1.0899,3.3722,-16.7003,-1.7407,0.9421,-5.9023,1,Backhand prepare 0.74,0,9,Drive,-38.6063,-63.7033,-2.8005,0.9299,-12.1316,0,1,1,Backhand finish,0,9,7.1105,35.3192,0.403,0,Perfect,,-2.4817,-12.5142,0,11.2,-0.065,0.0408,8.3881,6.5252,0,0
651,Rally,None,1,-0.0033,55.2417,-1.1221,3.3759,-16.7307,-1.789,0.8771,-6.2035,1,Backhand prepare 0.78,0,9,Drive,-33.4109,-60.923,-2.7681,0.9165,-12.103,0,1,1,Backhand finish,0,9,7.3436,27.9612,1.9477,0,Perfect,,-2.4817,-12.5142,0,11.2,-0.0656,0.0423,6.6109,3.792,0,0
652,Rally,None,1,-0.0033,55.171,-1.1502,3.3799,-16.757,-1.8614,0.7749,-6.6552,1,Backhand prepare 0.82,0,9,Drive,-22.0482,-55.5479,-2.7049,0.9123,-12.0625,0,1,1,Backhand finish,0,9,8.339,20.9742,0.6983,0,Perfect,,-2.4817,-12.5142,0,11.2,-0.0706,0.0413,5.2102,6.2599,0,0
653,Rally,None,1,-0.0033,55.1006,-1.1747,3.3838,-16.7798,-1.9097,0.7037,-6.9564,1,Backhand prepare 0.87,0,9,Drive,-1.3937,-51.9692,-2.6382,0.9162,-12.0387,0,1,1,Backhand finish,0,9,9.6739,14.4773,0.713,0,Perfect,,-2.4817,-12.5142,0,11.2,-0.0705,0.038,4.1063,15.1542,0,0
654,Rally,None,1,-0.0033,55.0257,-1.1961,3.3878,-16.7995,-1.9821,0.5921,-7.4082,1,Backhand prepare 0.91,0,9,Drive,11.9223,-52.0368,-2.6049,0.9421,-12.0536,0,1,1,Backhand finish,0,9,10.8744,8.8241,0.6262,0,Perfect,,-2.4817,-12.5142,0,11.2,-0.0749,0.033,3.2363,17.224,0,0
655,Rally,None,1,-0.0033,54.9516,-1.2148,3.3918,-16.8165,-2.0304,0.5146,-7.7093,1,Backhand prepare 0.96,0,9,Drive,19.4176,-51.9811,-2.6104,0.9537,-12.1282,0,1,1,Backhand finish,0,9,11.8267,4.185,0.5174,0,Perfect,,-2.4817,-12.5142,0,11.2,-0.0742,0.0271,2.5506,11.097,0,0
656,Rally,None,1,-0.0033,54.878,-1.2311,3.3957,-16.8312,-2.0787,0.4345,-8.0105,1,Backhand prepare 1.00,0,9,Drive,18.1266,-52.589,-2.6282,0.9223,-12.1406,1.6979,1,1,Ready,0,9,18.0963,5.8772,1.0645,0,Perfect,,-2.4817,-12.5142,0,11.2,-0.0735,0.0209,2.0102,5.9749,0,0
657,Rally,None,1,-0.0033,54.8005,-1.2454,3.3998,-16.8439,-2.1511,0.3098,-8.4622,1,Backhand prepare 1.00,0,9,Drive,14.7395,-57.4016,-2.6525,0.8924,-12.1692,2.5143,1,1,Ready,0,9,17.6584,5.0189,0.1037,0,Perfect,,-2.4817,-12.5142,0,11.2,-0.0775,0.0151,1.5843,4.9687,0,0
658,Rally,None,1,-0.0033,54.724,-1.258,3.4037,-16.8549,-2.1994,0.2235,-8.7634,1,Backhand prepare 1.00,1,0.1645,Drive,4.5996,-67.1814,-2.6835,0.8925,-12.1634,0.8889,1,1,Ready,0,9,16.8799,4.324,0.2542,0,Perfect,,-2.4817,-12.5142,0,11.2,-0.0765,0.0059,0.9841,2.2802,0,0
659,Rally,None,1,-0.0033,54.6499,-1.2689,3.4076,-16.8643,-2.2719,0.1,-9.2152,1,Backhand swing,1,0.1395,Drive,15.0172,-70.0824,-2.6955,0.9088,-12.2036,6.2974,1,1,Ready,0,9,15.7888,3.7869,0.4224,0,Perfect,,-2.4817,-12.5142,0,11.2,-0.0741,0.0029,0.7756,0.5987,0,0
660,Rally,None,1,-0.0033,54.5765,-1.2786,3.4113,-16.8725,-2.3167,0.1638,-9.4951,1,Backhand swing,1,0.1228,Drive,18.4738,-72.1604,-2.7096,0.9314,-12.2349,0.7841,1,1,Ready,0,9,14.4893,3.4374,0.3647,0,Perfect,,-2.4817,-12.5142,0,11.2,-0.0734,0.0009,0.6113,0,0,0
661,Rally,None,1,-0.0033,54.5036,-1.287,3.415,-16.8795,-2.3616,0.225,-9.775,1,Backhand swing,1,0.1062,Drive,21.3619,-68.4252,-2.7132,0.9534,-12.2083,0.2783,1,1,Ready,0,9,13.1338,3.3158,0.1486,0,Perfect,,-2.4817,-12.5142,0,11.2,-0.0729,-0.0003,0.4818,0,0,0
662,Rally,None,1,-0.0033,54.4265,-1.2946,3.4188,-16.8855,-2.429,0.3119,-10.1949,1,Backhand swing,1,0.0812,Drive,25.7879,-51.0458,-2.7005,1.1617,-12.2578,0.3398,1,1,Ready,0,9,11.8502,3.3913,0.1186,0,Perfect,,-2.4817,-12.5142,0,11.2,-0.077,-0.0008,0.3269,0,0,0
663,Rally,None,1,-0.0033,54.3505,-1.3012,3.4226,-16.8906,-2.4738,0.3665,-10.4749,1,Backhand swing,1,0.0645,Drive,22.8758,-37.5687,-2.5984,0.9524,-12.0912,1.0724,1,1,Ready,0,9,10.7197,3.6111,0.3377,0,Perfect,,-2.4817,-12.5142,0,11.2,-0.076,-0.0009,0.2161,0,0,0
664,Rally,None,1,-0.0033,54.2708,-1.3072,3.4264,-16.8949,-2.5412,0.4435,-10.8948,1,Backhand swing,1,0.0425,Drive,27.2653,-8.8746,-2.5109,0.9489,-11.8416,0.5116,1,1,Ready,0,9,9.7843,3.888,0.4621,0,Perfect,,-2.4817,-12.5142,0,11.2,-0.0797,-0.0007,0.1376,0,0,0
665,Rally,None,1,-0.0033,54.1925,-1.3124,3.4301,-16.8986,-2.5861,0.4915,-11.1747,1,Backhand swing,1,0.0319,Drive,24.3829,-1.3625,-2.3698,0.8338,-11.8426,1.0763,1,1,Ready,0,9,8.9994,4.133,0.5157,0,Perfect,,-2.4817,-12.5142,0,11.2,-0.0784,-0.0003,0.0836,0,0,0
666,Rally,None,1,-0.0033,54.1153,-1.3172,3.4337,-16.9017,-2.6309,0.5369,-11.4547,1,Backhand swing,1,0.0213,Drive,27.1523,9.3243,-2.3477,0.7876,-11.882,10.5473,1,1,Ready,0,9,8.2352,4.2467,0.4854,0,Perfect,,-2.4817,-12.5142,0,11.2,-0.0772,0.0001,0.0659,0,0,0
667,Rally,None,1,-0.0033,54.0349,-1.3214,3.4374,-16.9044,-2.6983,0.6,-11.8746,1,Backhand swing,1,0.0053,Drive,-1.3544,-27.7568,-2.3499,0.838,-11.9415,0.2213,1,1,Ready,0,9,7.5963,4.2476,0.229,0,Perfect,,-2.4817,-12.5142,0,11.2,-0.0804,0.0004,0.052,0,0,0
668,Rally,None,1,0.045,54.0565,-1.3237,3.4237,-16.9098,-2.6741,0.7027,-11.5315,1,Backhand swing,1,-0.0083,Drive,2.0952,-12.52,-2.3269,0.8089,-11.9953,23.8058,1,1,Ready,0,9,7.2191,4.1317,0.4735,0.9417,Perfect,P:Perfect+S;,-2.4817,-12.5142,0,11.2,0.0216,0.0006,0.0409,0,0,0
669,Rally,None,1,0.0283,54.0968,-1.3407,3.4364,-16.9095,-2.6741,0.7027,-11.5315,1,Backhand follow,1,-0.0083,Drive,17.1457,5.1195,-2.3277,0.8104,-11.9946,0,1,1,Ready,0,9,7.0142,4.0097,0.6614,0.8833,Perfect,,-2.4817,-12.5142,0,11.2,0.0403,0.0006,0.0409,0,0,0
670,Rally,None,1,0.0117,54.1534,-1.3324,3.4208,-16.9149,-2.6741,0.7027,-11.5315,1,Backhand follow,1,-0.0083,Drive,17.1401,5.0996,-2.3282,0.8976,-11.994,0,1,1,Ready,0,9,6.9185,4.0323,0.5904,0.825,Perfect,,-2.4817,-12.5142,0,11.2,0.0566,0.0007,0.0323,0,0,0
671,Rally,None,1,-0.005,54.2241,-1.3391,3.4184,-16.9171,-2.6741,0.7027,-11.5315,1,Backhand follow,1,-0.0083,Drive,17.1368,5.0875,-2.3284,0.8981,-11.9935,0,1,1,Ready,0,9,6.9454,4.1864,0.4848,0.7667,Perfect,,-2.4817,-12.5142,0,11.2,0.0708,0.0008,0.0254,0,0,0
672,Rally,None,1,-0.005,54.3072,-1.3151,3.4023,-16.9226,-2.6274,0.7826,-11.1684,1,Backhand follow,1,-0.025,Drive,22.2793,27.2901,-2.3072,0.8473,-12.0941,0,1,1,Ready,0,9,7.0882,4.5127,0.3555,0.7083,Perfect,,-2.4799,-12.5132,0,11.2,0.0831,0.0016,0.7309,0,0,0
673,Rally,None,1,-0.005,54.401,-1.3214,3.3982,-16.9241,-2.5808,0.8594,-10.8054,1,Backhand follow,1,-0.0417,Drive,43.4558,54.7116,-2.475,0.7404,-12.3484,0,1,1,Ready,0,9,7.3688,5.0237,0.261,0.65,Perfect,,-2.4756,-12.511,0,11.2,0.0938,0.0039,1.2911,0,0,0
674,Rally,None,1,-0.005,54.5041,-1.3339,3.4019,-16.9231,-2.5108,0.969,-10.2608,1,Backhand follow,1,-0.0667,Drive,52.9863,69.1195,-2.4187,0.763,-12.4229,0,1,1,Ready,0,9,7.7754,5.7583,0.1033,0.5917,Perfect,,-2.4645,-12.5051,0,11.2,0.1031,0.0079,2.0901,0,0,0
675,Rally,None,1,-0.005,54.6152,-1.3156,3.3863,-16.926,-2.4642,1.0381,-9.8978,1,Backhand follow,1,-0.0833,Drive,58.336,72.0911,-2.4241,0.7721,-12.3623,6.6203,1,1,Ready,0,9,8.4284,6.65,0.1812,0.5333,Perfect,,-2.4541,-12.4996,0,11.2,0.1112,0.013,3.0915,2.39,0,0
676,Rally,None,1,-0.005,54.7334,-1.3136,3.3851,-16.9242,-2.3942,1.1362,-9.3532,1,Backhand follow,1,-0.1083,Drive,67.5293,86.7675,-2.3867,0.8456,-12.3665,2.9259,1,1,Ready,0,9,9.5289,7.6261,0.1028,0.475,Perfect,,-2.4338,-12.4889,0,11.2,0.1182,0.019,4.7458,4.0473,0,0
677,Rally,None,1,-0.005,54.8577,-1.3153,3.3821,-16.9217,-2.3475,1.1977,-8.9901,1,Backhand follow,1,-0.125,Drive,66.3376,91.4589,-2.3499,0.8809,-12.2809,1.6315,1,1,Ready,0,9,10.806,8.629,0.2521,0.4167,Perfect,,-2.4173,-12.4801,0,11.2,0.1243,0.025,5.8313,9.3584,0,0
678,Rally,None,1,-0.005,54.9874,-1.3104,3.3866,-16.9171,-2.3009,1.2561,-8.6271,1,Backhand follow,1,-0.1417,Drive,67.0474,94.9517,-2.227,0.9408,-12.2631,2.6684,1,1,Ready,0,9,12.175,9.6413,0.4785,0.3583,Perfect,,-2.3982,-12.47,0,11.2,0.1296,0.0303,6.8919,12.1822,0,0
679,Rally,None,1,-0.005,55.1197,-1.3037,3.3865,-16.9116,-2.2309,1.338,-8.0825,1,Backhand follow,1,-0.1667,Drive,70.4752,97.9321,-2.1954,1.0671,-12.4163,13.8847,1,1,Ready,0,9,13.3629,10.5035,0.4798,0.3,Perfect,,-2.3651,-12.4525,0,11.2,0.1323,0.0351,7.8153,11.635,0,0
680,Rally,None,1,-0.005,55.2347,-1.3006,3.3903,-16.9042,-2.1843,1.3888,-7.7195,1,Backhand follow,1,-0.1833,Drive,67.9037,95.6261,-2.1313,1.0811,-12.4641,2.2434,1,1,Ready,0,9,14.083,11.1132,0.6005,0.2417,Perfect,,-2.3399,-12.4391,0,11.2,0.115,0.0389,7.7485,12.3542,0,0
681,Rally,None,1,-0.005,55.3347,-1.2876,3.3885,-16.896,-2.1143,1.4592,-7.1749,1,Backhand follow,1,-0.2083,Drive,69.7542,94.9826,-2.0438,1.0808,-12.4977,12.6222,1,1,Ready,0,9,14.3623,11.3979,0.3788,0.1833,Perfect,,-2.2976,-12.4167,0,11.2,0.1,0.042,8.4903,12.0378,0,0
682,Rally,None,1,-0.005,55.4216,-1.2758,3.3886,-16.8863,-2.0677,1.5023,-6.8118,1,Backhand follow,1,-0.225,Drive,65.4273,90.785,-1.9664,1.0487,-12.5171,2.5263,1,1,Ready,0,9,14.0483,11.2187,0.28,0.125,Perfect,,-2.2663,-12.4001,0,11.2,0.0869,0.0441,8.2805,10.1158,0,0
683,Rally,None,1,-0.005,55.4971,-1.2618,3.3908,-16.8753,-2.021,1.5424,-6.4488,1,Backhand follow,1,-0.2417,Drive,63.2476,87.4195,-1.8936,1.0287,-12.5225,13.301,1,1,Ready,0,9,13.4056,10.7059,0.4241,0.0667,Perfect,,-2.2325,-12.3823,0,11.2,0.0756,0.0451,8.1151,8.0449,0,0
684,Rally,None,1,-0.005,55.5628,-1.2474,3.3915,-16.862,-1.951,1.5967,-5.9042,1,Backhand follow,1,-0.2667,Drive,61.9583,84.1403,-1.8614,0.9302,-12.4809,1.3227,1,1,Ready,0,9,12.5848,9.875,0.2027,0.0083,Perfect,,-2.1773,-12.353,-0.1079,11.2,0.0657,0.0457,8.5,8.6856,0,0
685,Rally,None,1,-0.005,55.62,-1.2316,3.3927,-16.8476,-1.9044,1.6291,-5.5412,1,Backhand follow,0,9,Drive,55.8536,81.0684,-1.8046,0.9078,-12.4718,0,1,1,Run,0,9,15.4197,13.1748,5.2268,0,Perfect,,-2.1374,-12.3319,-0.1079,11.2,0.0571,0.0457,8.5,8.6856,0,0
686,Rally,None,1,-0.005,55.6696,-1.2133,3.394,-16.8306,-1.8344,1.6719,-4.9966,1,Run,0,9,Drive,37.0228,45.1612,-1.7253,0.7154,-12.3048,0,0.9555,0.8333,Ready,0,9,17.986,15.5698,1.0862,0,Perfect,,-2.073,-12.2978,-0.1079,11.2,0.0497,0.0458,8.5,6.9485,0,0
687,Rally,None,1,-0.005,55.7128,-1.1941,3.3953,-16.8125,-1.7878,1.6966,-4.6336,1,Run,0,9,Drive,36.2027,37.0331,-1.6214,0.6982,-12.2682,0,0.856,0.6667,Ready,0,9,17.3416,14.4496,4.6712,0,Perfect,,-2.027,-12.2734,-0.1079,11.2,0.0432,0.0459,8.5,2.6054,0,0.0002
688,Rally,None,1,-0.005,55.7503,-1.174,3.3966,-16.7935,-1.7411,1.7182,-4.2705,1,Run,0,9,Drive,35.6658,33.6626,-1.4875,0.7073,-12.2658,0,0.7361,0.5,Ready,0,9,15.6942,12.3076,0.8077,0,Perfect,,-1.9785,-12.2477,-0.1079,11.2,0.0375,0.0457,8.5,2.0692,0,0
689,Rally,None,1,-0.005,55.7829,-1.151,3.398,-16.7715,-1.6712,1.745,-3.7259,1,Run,0,9,Drive,35.2357,31.3036,-1.3309,0.7485,-12.2144,0,0.6155,0.3333,Ready,0,9,14.0745,10.0795,0.7329,0,Perfect,,-1.9011,-12.2068,-0.1079,11.2,0.0326,0.0452,8.4871,1.5256,0,0.0001
690,Rally,None,1,-0.005,55.8113,-1.1272,3.3994,-16.7486,-1.6245,1.7589,-3.3629,1,Run,0,9,Drive,34.7673,29.753,-1.3926,0.692,-12.0831,0,0.5041,0.1667,Forehand prepare 0.06,0,9,20.7855,10.3275,0.5221,0,Perfect,,-1.8465,-12.1779,-0.1079,11.2,0.0284,0.045,8.5,1.1786,0,0.0001
691,Rally,None,1,-0.005,55.8359,-1.1003,3.4008,-16.7226,-1.5546,1.7742,-2.8183,1,Run,0,9,Drive,34.1631,28.8932,-1.2528,0.7021,-12.0959,0,0.4064,0,Forehand prepare 0.09,0,9,13.7273,8.5071,0.4874,0,Perfect,,-1.76,-12.132,-0.1079,11.2,0.0247,0.0447,8.5,1.2157,0,0.0001
692,Rally,None,1,-0.005,55.8574,-1.0726,3.4022,-16.6958,-1.5079,1.7805,-2.4553,1,Run,0,9,Drive,33.3879,28.6313,-1.302,0.65,-12.0383,3.6125,0.3236,0,Forehand prepare 0.15,0,9,21.7991,12.1539,0.778,0,Perfect,,-1.6992,-12.0999,-0.1079,11.2,0.0214,0.0447,8.5,1.5127,0,0.0001
693,Rally,None,1,-0.005,55.876,-1.0442,3.4036,-16.6682,-1.4613,1.7837,-2.0922,1,Run,0,9,Drive,32.5004,28.8465,-1.2245,0.6414,-11.9802,1.8001,0.2551,0,Forehand prepare 0.19,0,9,27.569,15.44,0.6876,0,Perfect,,-1.6374,-12.0671,-0.1079,11.2,0.0186,0.0447,8.5,1.8084,0,0.0001
694,Rally,None,1,-0.005,55.8922,-1.0129,3.4051,-16.6378,-1.3913,1.7828,-1.5476,1,Run,0,9,Drive,31.5801,29.7861,-1.1145,0.6536,-11.9044,1.5439,0.1995,0,Forehand prepare 0.22,0,9,32.8802,19.6449,0.5567,0,Perfect,,-1.5446,-12.018,-0.1079,11.2,0.0162,0.0437,7.329,1.9827,0,0
695,Rally,None,1,-0.005,55.9063,-0.9813,3.4065,-16.6069,-1.3446,1.7784,-1.1846,1,Run,0,9,Drive,30.7117,31.0328,-1.035,0.7024,-11.8485,1.1358,0.1549,0,Forehand prepare 0.28,0,9,36.5758,24.4948,0.5924,0,Perfect,,-1.4827,-11.9852,-0.1079,11.2,0.0141,0.0411,5.7762,1.9824,0,0
696,Rally,None,1,-0.005,55.9185,-0.9473,3.408,-16.5737,-1.2747,1.766,-0.64,1,Run,0,9,Drive,29.995,32.2387,-0.9256,0.7434,-11.7833,1.1846,0.1195,0,Forehand prepare 0.32,0,9,41.1817,30.1516,0.3901,0,Perfect,,-1.3899,-11.9361,-0.1079,11.2,0.0122,0.037,4.5524,1.788,0,0.0001
697,Rally,None,1,-0.005,55.9292,-0.9134,3.4095,-16.5405,-1.228,1.7539,-0.277,1,Run,0,9,Drive,29.284,33.1391,-0.8538,0.7849,-11.7373,0.4977,0.0918,0,Forehand prepare 0.37,0,9,46.0808,37.4565,0.2921,0,Perfect,,-1.3281,-11.9033,-0.1079,11.2,0.0106,0.0317,3.5878,1.4338,0,0
698,Rally,None,1,-0.005,55.9272,-0.8795,3.4109,-16.5072,-1.1814,1.7388,0.0861,1,Run,0,9,Drive,29.1109,34.1227,-0.7899,0.8086,-11.7008,0.932,0.0702,0,Forehand prepare 0.41,0,9,52.0623,45.829,0.1497,0,Perfect,,-1.2662,-11.8705,-0.1079,11.2,-0.002,0.0259,2.8277,0.9598,0,0
699,Rally,None,1,-0.005,55.8543,-0.8435,3.4124,-16.4718,-1.1114,1.7103,0.6307,1,Run,0,9,Drive,29.2457,34.8403,-0.701,0.8242,-11.6594,1.5727,0.0534,0,Forehand prepare 0.45,0,9,56.9206,55.2032,0,0,Perfect,,-1.1734,-11.8214,-0.1079,11.2,-0.0729,0.02,2.2286,0.4478,0,0
700,Rally,None,1,-0.005,55.7435,-0.8078,3.4139,-16.4367,-1.0648,1.6875,0.9937,1,Run,0,9,Drive,29.6223,35.1613,-0.6407,0.8381,-11.6367,5.6096,0.0405,0,Forehand prepare 0.50,0,9,62.5113,66.3244,0,0,Perfect,,-1.1116,-11.7886,-0.1079,11.2,-0.1108,0.0145,1.7564,0.3826,0,0.0001
701,Rally,None,1,-0.005,55.5761,-0.7703,3.4153,-16.3996,-0.9948,1.6475,1.5383,1,Run,0,9,Drive,30.2768,35.2455,-0.5534,0.8233,-11.602,1.5905,0.0307,0,Forehand prepare 0.54,0,9,69.3706,75.4968,0,0,Perfect,,-1.0188,-11.7395,-0.1079,11.2,-0.1675,0.0098,1.3843,0.8494,0,0
702,Rally,None,1,-0.005,55.3831,-0.7333,3.4168,-16.3631,-0.9481,1.617,1.9013,1,Run,0,9,Drive,31.1208,34.9862,-0.5041,0.792,-11.5888,1.8165,0.0231,0,Forehand prepare 0.59,0,9,72.9956,84.3389,0,0,Perfect,,-0.9569,-11.7068,-0.1079,11.2,-0.193,0.0059,1.091,1.2918,0,0
703,Rally,None,1,-0.005,55.1678,-0.6968,3.4182,-16.3269,-0.9015,1.5834,2.2644,1,Run,0,9,Drive,32.0932,34.4582,-0.4517,0.7571,-11.5785,2.266,0.0174,0,Forehand prepare 0.63,0,9,69.8969,91.0876,0,0,Perfect,,-0.895,-11.674,-0.1079,11.2,-0.2152,0.003,0.8598,1.611,0,0
704,Rally,None,1,-0.005,54.9096,-0.6585,3.4197,-16.289,-0.8315,1.5274,2.8089,1,Run,0,9,Drive,33.0707,33.7522,-0.3693,0.7315,-11.551,3.1159,0.0131,0,Forehand prepare 0.67,0,9,65.6682,97.2057,0,0,Perfect,,-0.8023,-11.6249,-0.1079,11.2,-0.2583,0.0011,0.6777,1.7551,0,0
705,Rally,None,1,-0.005,54.6376,-0.6208,3.4211,-16.2517,-0.7849,1.4861,3.172,1,Run,0,9,Drive,33.9926,32.9327,-0.3206,0.7245,-11.5379,4.4866,0.0098,0,Forehand prepare 0.72,0,9,65.4042,101.668,8.19,0,Perfect,,-0.7404,-11.5921,-0.1079,11.2,-0.2719,-0.0001,0.5341,1.7263,0,0
706,Rally,None,1,-0.005,54.3301,-0.5816,3.4225,-16.2127,-0.7149,1.4186,3.7166,1,Run,0,9,Drive,34.7579,32.1038,-0.2424,0.7339,-11.5037,0.6514,0.0073,0,Forehand prepare 0.76,0,9,66.5135,104.1379,1.9658,0,Perfect,,-0.6476,-11.543,-0.1079,11.2,-0.3076,-0.0007,0.4209,1.5228,0,0
707,Rally,None,1,-0.005,54.0153,-0.5431,3.424,-16.1745,-0.6683,1.3697,4.0796,1,Run,0,9,Drive,35.271,31.3743,-0.1911,0.7499,-11.4785,1.3872,0.0055,0,Forehand prepare 0.82,0,9,62.265,104.4475,0.296,0,Perfect,,-0.5857,-11.5102,-0.1079,11.2,-0.3148,-0.0009,0.3317,1.1567,0,0.0001
708,Rally,None,1,-0.005,53.6942,-0.5054,3.4254,-16.137,-0.6216,1.3177,4.4427,1,Run,0,9,Drive,35.5108,30.8107,-0.1304,0.7555,-11.4494,0.0643,0.0041,0,Forehand prepare 0.85,0,9,54.813,102.4891,0.9439,0,Perfect,,-0.5239,-11.4775,-0.1079,11.2,-0.3211,-0.0008,0.2615,0.6806,0,0
709,Rally,None,1,-0.005,53.3439,-0.4663,3.4268,-16.0982,-0.5517,1.234,4.9872,1,Run,0,9,Drive,35.4445,30.5016,-0.0388,0.7604,-11.4027,0.8087,0.003,0,Forehand prepare 0.89,0,9,42.7381,96.8871,1.5025,0,Perfect,,-0.435,-11.4304,-0.1079,11.2,-0.3503,-0.0006,0.1361,0.147,0,0.0001
710,Rally,None,1,-0.005,52.9919,-0.4284,3.4282,-16.0605,-0.505,1.1744,5.3503,1,Run,0,9,Drive,35.151,30.9479,0.0278,0.7757,-11.3602,2.3036,0.0023,0,Forehand prepare 0.95,0,9,23.6665,81.4164,1.7,0,Perfect,,-0.3788,-11.4006,-0.1079,11.2,-0.352,-0.0004,2.2763,0.4182,0,0
711,Rally,None,1,-0.005,52.6148,-0.3899,3.4296,-16.0221,-0.435,1.0792,5.8949,1,Run,0,9,Drive,34.6392,31.3358,0.1581,0.7926,-11.3009,1.778,0,0,Forehand prepare 0.98,0,9,14.0007,67.3759,0.7271,0,Perfect,,-0.299,-11.3584,-0.1079,11.2,-0.3771,-0.0002,3.383,0.8895,0,0
712,Rally,None,1,-0.005,52.2732,-0.3529,3.431,-15.9852,-0.3884,1.012,6.2579,1,Run,0,9,Drive,34.0291,32.0122,0.1779,0.7652,-11.2564,4.8028,0,0,Forehand prepare 1.00,0,9,9.869,60.2891,0.8413,0,Perfect,,-0.2489,-11.3318,-0.1079,11.2,-0.3416,0,5.0498,1.2373,0,0
713,Rally,None,1,-0.005,51.9762,-0.3175,3.4324,-15.9499,-0.3417,0.9416,6.621,1,Run,0,9,Drive,33.335,32.6443,0.2341,0.7781,-11.2136,0,0,0,Forehand prepare 1.00,1,0.176,18.6973,64.3835,0,0,Perfect,,-0.2013,-11.3066,-0.1079,11.2,-0.297,0.0001,5.569,1.4426,0,0
714,Rally,None,1,-0.005,51.718,-0.2821,3.4338,-15.9145,-0.2718,0.8303,7.1655,1,Run,0,9,Drive,32.6408,33.3731,0.3079,0.7931,-11.1603,0,0,0,Backhand swing,1,0.154,76.0173,44.691,8.1713,0,Perfect,,-0.1344,-11.2712,-0.1079,11.2,-0.2582,0.0002,5.9781,1.4969,0,0
715,Rally,None,1,-0.005,51.4936,-0.2484,3.4351,-15.8808,-0.2251,0.7523,7.5286,1,Run,0,9,Drive,32.0175,34.2606,0.3544,0.8158,-11.1223,0,0,0,Backhand swing,1,0.1393,65.1712,12.6143,0,0,Perfect,,-0.0929,-11.2492,-0.1079,11.2,-0.2244,0.0007,7.0951,1.4092,0,0
716,Rally,None,1,-0.005,51.2985,-0.2152,3.4365,-15.8475,-0.1552,0.6295,8.0731,1,Run,0,9,Drive,31.4666,34.9929,0.4163,0.8289,-11.0797,0,0,0,Backhand swing,1,0.1173,54.8727,-11.5288,0,0,Perfect,,-0.0353,-11.2187,-0.1079,11.2,-0.1951,0.0021,7.1809,1.2043,0,0
717,Rally,None,1,-0.005,51.1288,-0.1839,3.4379,-15.8161,-0.1085,0.5438,8.4362,1,Run,0,9,Drive,31.0251,35.7949,0.4577,0.8492,-11.0521,0,0,0,Backhand swing,1,0.1026,-10.4836,-38.7929,0,0,Perfect,,0,-11.2,-0.1079,11.2,-0.1696,0.0045,8.043,0.9269,0,0
718,Rally,None,1,-0.005,50.9814,-0.1568,3.4392,-15.7888,-0.0619,0.4551,8.7992,1,Ready,0,9,Drive,29.0579,33.0203,0.4213,0.8406,-11.0293,2.5939,0,0,Backhand swing,1,0.088,33.8008,-35.5802,6.5862,0,Perfect,,0,-11.2,-0.1079,11.2,-0.1475,0.0069,6.3389,0.82,0,0
719,Rally,None,1,-0.005,50.8532,-0.1335,3.4405,-15.765,0.0081,0.3162,9.3438,1,Ready,0,9,Drive,25.8134,29.0057,0.3583,0.8464,-11.0069,3.6556,0,0,Backhand swing,1,0.066,31.9525,-23.7271,1.0325,0,Perfect,,0,-11.2,-0.1079,11.2,-0.1282,0.0088,4.9959,1.1737,0,0
720,Rally,None,1,-0.005,50.7417,-0.1133,3.4419,-15.7443,0.0548,0.2198,9.7069,1,Ready,0,9,Drive,22.8779,25.0275,0.2994,0.8463,-10.9882,3.4445,0,0,Backhand swing,1,0.0513,26.7996,-14.9948,1.1513,0,Perfect,,0,-11.2,-0.1079,11.2,-0.1115,0.0098,3.9374,2.6628,0,0
721,Rally,None,1,-0.005,50.6448,-0.096,3.4432,-15.7263,0.1247,0.1,10.2514,1,Ready,0,9,Drive,20.7058,21.5514,0.2551,0.8449,-10.9765,0.578,0,0,Backhand swing,1,0.0293,32.74,12.164,0.5919,0,Perfect,,0,-11.2,-0.1079,11.2,-0.0969,0.0099,3.1032,3.6149,0,0
722,Rally,None,1,-0.005,50.5606,-0.081,3.4445,-15.7106,0.1694,0.1791,10.5991,1,Ready,0,9,Drive,19.2659,18.6157,0.2265,0.8433,-10.983,0.3706,0,0,Backhand swing,1,0.0147,14.9657,-5.9009,0.6123,0,Perfect,,0,-11.2,-0.0278,11.2,-0.0842,0.0093,2.4457,3.9656,0,0
723,PointOver,Reaction,1,-0.005,38,0.9,1.185,-8.2,0.2141,0.2553,10.9467,0,Ready,0,9,Drive,18.4065,16.1684,0.2064,0.8399,-10.9938,0.7714,0,0,Backhand swing,1,0,17.5448,4.3194,2.4518,0.4417,Perfect,,0,-11.2,0.0522,11.2,-12.5606,0.0081,1.9275,3.7911,0,0
724,PointOver,Reaction,1,-0.005,38,0.9,1.185,-8.2072,0.281,0.3642,11.4681,0,HitPerfect,0,9,Drive,17.9373,15.1971,0.1829,0.8244,-10.9917,1.0769,0.023,0,MatchLose,1,-0.025,21.7325,30.254,0,0.3833,Perfect,,0,-11.2,0.1724,11.2,0,0.0066,1.5191,4.4973,0,0
725,PointOver,Reaction,1,-0.005,38,0.9,1.185,-8.2145,0.3257,0.4332,11.8157,0,HitPerfect,0,9,Drive,17.6886,13.2234,0.1582,0.8061,-10.9794,0.862,0.0796,0,MatchLose,1,-0.0417,38.4789,48.5363,0,0.325,Perfect,,0,-11.2,0.2525,11.2,0,0.005,1.1973,3.4838,0,0
726,PointOver,Reaction,1,-0.005,38,0.9,1.185,-8.2217,0.3927,0.5313,12.3371,0,HitPerfect,0,9,Drive,17.4395,11.2025,0.1497,0.796,-10.9715,0.3395,0.1549,0,MatchLose,1,-0.0667,43.4218,56.5592,0,0.2667,Perfect,,0,-11.2,0.3726,11.2,0,0.0035,0.9436,2.3323,0,0
727,PointOver,Reaction,1,-0.005,38,0.9,1.185,-8.229,0.4374,0.5932,12.6848,0,HitPerfect,0,9,Drive,16.8871,9.0474,0.1501,0.7913,-10.9642,0.1171,0.2385,0,MatchLose,1,-0.0833,42.4047,52.3107,0,0.2083,Perfect,,0,-11.2,0.4527,11.2,0,0.0022,0.7437,1.2741,0,0
728,PointOver,Reaction,1,-0.005,38,0.9,1.185,-8.2362,0.482,0.6521,13.0324,0,HitPerfect,0,9,Drive,15.7739,6.6066,0.1573,0.7969,-10.9588,0.142,0.3239,0,MatchLose,1,-0.1,38.5481,52.6784,0,0.15,Perfect,,0,-11.2,0.5219,11.2,0,0.0011,0.5861,0.5454,0,0
729,PointOver,Reaction,1,-0.005,38,0.9,1.185,-8.2435,0.549,0.7352,13.5538,0,HitPerfect,0,9,Drive,13.9509,3.716,0.1685,0.8057,-10.9526,0.1603,0.4067,0,MatchLose,1,-0.125,34.3216,54.3862,0,0.0917,Perfect,,0,-11.2,0.5788,11.2,0,0.0004,0.4619,0.8252,0,0
730,PointOver,Reaction,1,-0.005,38,0.9,1.185,-8.2507,0.5937,0.787,13.9014,0,HitPerfect,0,9,Drive,11.4134,0.362,0.1763,0.8115,-10.9422,0.4068,0.4842,0,MatchLose,1,-0.1417,19.9907,46.494,5.7371,0.0333,Perfect,,0,-11.2,0.6168,11.2,0,-0.0001,0.3641,1.3493,0,0
731,PointOver,Reaction,1,-0.005,38,0.9,1.185,-8.258,0.6607,0.8593,14.4229,0,HitPerfect,0,9,Drive,8.306,-3.3053,0.1925,0.8242,-10.9352,0.6164,0.5552,0,MatchLose,1,-0.1667,10.5465,38.7763,3.6898,0,Perfect,,0,-11.2,0.6737,11.2,0,-0.0003,0.2869,1.765,0,0
732,PointOver,Reaction,1,-0.005,38,0.9,1.185,-8.2652,0.7054,0.9039,14.7705,0,HitPerfect,0,9,Drive,4.9705,-6.9412,0.2228,0.8548,-10.9333,0.6638,0.6189,0,MatchLose,1,-0.1833,-2.0161,27.7931,0.8523,0,Perfect,,0,-11.2,0.7117,11.2,0,-0.0004,0.2261,2.0433,0,0
733,PointOver,Reaction,1,-0.005,38,0.9,1.185,-8.2725,0.75,0.9456,15.1181,0,HitPerfect,0,9,Drive,1.6999,-10.3146,0.2499,0.9023,-10.9326,0.6611,0.6753,0,MatchLose,1,-0.2,-10.1512,18.9293,0.4681,0,Perfect,,0,-11.2,0.7497,11.2,0,-0.0004,0.1782,2.1438,0,0
734,PointOver,Reaction,1,-0.005,38,0.9,1.185,-8.2797,0.817,1.0028,15.6395,0,HitPerfect,0,9,Drive,-0.8625,-12.824,0.2673,0.946,-10.9337,0,0.7248,0,MatchLose,1,-0.225,-14.3705,11.2536,0.9538,0,Perfect,,0,-11.2,0.8066,11.2,0,-0.0003,0.1405,2.0213,0,0
735,PointOver,Reaction,1,-0.005,38,0.9,1.185,-8.287,0.8617,1.0374,15.9871,0,HitPerfect,0,9,Drive,-2.9616,-14.7784,0.2819,0.9833,-10.9291,0,0.7677,0,MatchLose,1,-0.2417,-20.7272,3.8821,0.435,0,Perfect,,0,-11.2,0.8446,11.2,0,-0.0001,0.1107,1.753,0,0
736,PointOver,Reaction,1,-0.005,38,0.9,1.185,-8.2942,0.9287,1.0838,16.5086,0,HitPerfect,0,9,Drive,-4.6873,-16.3206,0.2915,1.0077,-10.9142,0,0.8046,0,MatchLose,1,-0.2667,-45.5166,-4.5099,0.2029,0,Perfect,,0,-11.2,0.9015,11.2,0,0,0.0872,1.4116,0,0
737,PointOver,Reaction,1,-0.005,38,0.9,1.185,-8.3014,0.9733,1.1112,16.8562,0,HitPerfect,0,9,Drive,-6.1657,-17.6001,0.3013,1.0259,-10.9036,0,0.8363,0,MatchLose,1,-0.2833,-26.3505,-4.8198,3.1008,0,Perfect,,0,-11.2,0.9395,11.2,0,0.0001,0.0688,1.0616,0,0.0001
738,PointOver,Reaction,1,-0.005,38,0.9,1.185,-8.3087,1.018,1.1357,17.2038,0,HitPerfect,0,9,Drive,-7.4051,-18.6419,0.3129,1.0426,-10.9048,0,0.8632,0,MatchLose,0,9,-29.7242,-6.3388,2.9861,0,Perfect,,0,-11.2,0.9774,11.2,0,0.0002,0.0542,0.7486,0,0.0001
739,PointOver,Reaction,1,-0.005,38,0.9,1.185,-8.3159,1.085,1.167,17.7252,0,HitPerfect,0,9,Drive,-8.4137,-19.459,0.3238,1.0529,-10.9088,0,0.886,0,MatchLose,0,9,-50.197,-37.9175,3.5558,0,Perfect,,0,-11.2,1.0344,11.2,0,0.0002,0.0427,0.4813,0,0
740,PointOver,Reaction,1,-0.005,38,0.9,1.185,-8.3232,1.1297,1.1843,18.0728,0,HitPerfect,0,9,Drive,-9.2156,-20.0658,0.3337,1.0585,-10.9122,0,0.9052,0,MatchLose,0,9,-46.9315,-38.3489,1.8284,0,Perfect,,0,-11.2,1.0724,11.2,0,0.0002,0.0337,0.2741,0,0.0001
741,PointOver,Reaction,1,-0.005,38,0.9,1.185,-8.3304,1.1967,1.2049,18.5943,0,HitPerfect,0,9,Drive,-9.8168,-20.4749,0.3418,1.0574,-10.9165,0,0.9214,0,MatchLose,0,9,-43.9706,-38.9158,12.5688,0,Perfect,,0,-11.2,1.1293,11.2,0,0.0002,0.0265,0,0,0.0002
742,PointOver,Reaction,1,-0.005,38,0.9,1.185,-8.3377,1.2413,1.2151,18.9419,0,HitPerfect,0,9,Drive,-10.2361,-20.6992,0.3483,1.0507,-10.9218,0,0.9349,0,MatchLose,0,9,-43.1999,-41.0525,0.3939,0,Perfect,,0,-11.2,1.1673,11.2,0,0.0002,0.0209,0,0,0.0001
743,PointOver,Reaction,1,-0.005,38,0.9,1.185,-8.3449,1.286,1.2223,19.2895,0,HitPerfect,0,9,Drive,-10.4933,-20.752,0.3539,1.0426,-10.9274,0.1039,0.9462,0,MatchLose,0,9,-44.8699,-44.8353,0.1025,0,Perfect,,0,-11.2,1.2052,11.2,0,0.0001,0.0165,0.1978,0,0
744,PointOver,Reaction,1,-0.005,38,0.9,1.185,-8.3522,1.353,1.2278,19.8109,0,HitPerfect,0,9,Drive,-10.6101,-20.6472,0.3586,1.037,-10.9327,0.2127,0.9556,0,MatchLose,0,9,-48.513,-49.8772,0.9323,0,Perfect,,0,-11.2,1.2622,11.2,0,0.0001,0.013,0.2654,0,0
745,PointOver,Reaction,1,-0.005,38,0.9,1.185,-8.3594,1.3977,1.2279,20.1586,0,HitPerfect,0,9,Drive,-10.6053,-20.3979,0.3635,1.0355,-10.9384,0.1259,0.9635,0,MatchLose,0,9,-53.3786,-55.5093,1.1056,0,Perfect,,0,-11.2,1.3001,11.2,0,0.0001,0.0102,0.3115,0,0
746,PointOver,Reaction,1,-0.005,38,0.9,1.185,-8.3667,1.4646,1.2227,20.68,0,HitPerfect,0,9,Drive,-10.494,-20.0158,0.369,1.0399,-10.9448,0.0866,0.9699,0,MatchLose,0,9,-59.1043,-61.4984,1.0179,0,Perfect,,0,-11.2,1.3571,11.2,0,0,0.0081,0.3494,0,0
747,PointOver,Reaction,1,-0.005,38,0.9,1.185,-8.3739,1.5093,1.2156,21.0276,0,HitPerfect,0,9,Drive,-10.3037,-19.5232,0.3744,1.0439,-10.9516,0.072,0.9753,0,MatchLose,0,9,-65.306,-67.6012,1.1721,0,Perfect,,0,-11.2,1.3951,11.2,0,0,0.0064,0.3815,0,0
748,PointOver,Reaction,1,-0.005,38,0.9,1.185,-8.3812,1.554,1.2056,21.3752,0,HitPerfect,0,9,Drive,-10.0519,-18.9359,0.3794,1.0474,-10.9585,0.0606,0.9798,0,MatchLose,0,9,-71.6747,-73.673,1.2565,0,Perfect,,0,-11.2,1.433,11.2,0,0,0.005,0.4054,0,0.0001
749,PointOver,Reaction,1,-0.005,38,0.9,1.185,-8.3884,1.621,1.1853,21.8966,0,HitPerfect,0,9,Drive,-9.7476,-18.2669,0.3844,1.0503,-10.9655,0.0506,0.9834,0,MatchLose,0,9,-78.1958,-79.7544,3.1828,0,Perfect,,0,-11.2,1.49,11.2,0,0,0.0039,0.4243,0,0.0001
750,PointOver,Reaction,1,-0.005,38,0.9,1.185,-8.3957,1.6656,1.1681,22.2443,0,HitPerfect,0,9,Drive,-9.401,-17.5304,0.3895,1.0535,-10.9726,0.0421,0.9864,0,MatchLose,0,9,-84.8467,-85.8925,19.3066,0,Perfect,,0,-11.2,1.5279,11.2,0,0,0.0031,0.4352,0,0.0001
751,PointOver,Reaction,1,-0.005,38,0.9,1.185,-8.4029,1.7326,1.137,22.7657,0,HitPerfect,0,9,Drive,-9.0182,-16.7384,0.3946,1.0565,-10.9798,0.035,0.9889,0,MatchLose,0,9,-90.575,-91.116,3.1728,0,Perfect,,0,-11.2,1.5849,11.2,0,0,0.0025,0.4352,0,0.0002
752,PointOver,Reaction,1,-0.005,38,0.9,1.185,-8.4101,1.7773,1.1127,23.1133,0,HitPerfect,0,9,Drive,-8.6067,-15.9044,0.3995,1.0592,-10.9871,0.0288,0.9909,0,MatchLose,0,9,-90.3779,-90.4674,3.8034,0,Perfect,,0,-11.2,1.6228,11.2,0,0,0.0019,0.4187,0,0.0001
753,PointOver,Reaction,1,-0.005,38,0.9,1.185,-8.4174,1.822,1.0855,23.4609,0,HitPerfect,0,9,Drive,-8.1726,-15.0402,0.4042,1.0616,-10.9944,0.024,0.9926,0,MatchLose,0,9,-90.2421,-89.9676,0.0349,0,Perfect,,0,-11.2,1.6608,11.2,0,0,0.0015,0.3976,0,0.0001
754,PointOver,Reaction,1,-0.005,38,0.9,1.185,-8.4246,1.889,1.0393,23.9824,0,HitPerfect,0,9,Drive,-7.7217,-14.157,0.4087,1.064,-11.0016,0.02,0.994,0,MatchLose,0,9,-90.1507,-89.6198,0.0189,0,Perfect,,0,-11.2,1.7178,11.2,0,0,0.0012,0.3733,0,0
755,PointOver,Reaction,1,-0.005,38,0.9,1.185,-8.4319,1.9336,1.0049,24.33,0,HitPerfect,0,9,Drive,-7.2596,-13.2649,0.4131,1.0662,-11.0088,0.0167,0.9951,0,MatchLose,0,9,-90.0503,-89.3768,0.0183,0,Perfect,,0,-11.2,1.7557,11.2,0,0,0.0009,0.3403,0,0
756,PointOver,Reaction,1,-0.005,38,0.9,1.185,-8.4391,2.0006,0.9479,24.8514,0,HitPerfect,0,9,Drive,-6.7901,-12.3709,0.4173,1.0683,-11.0161,0.014,0.996,0,MatchLose,0,9,-90.0288,-89.3112,0.0036,0,Perfect,,0,-11.2,1.8127,11.2,0,0,0.0007,0.3115,0,0.0001
757,PointOver,Reaction,1,-0.005,38,0.9,1.185,-8.4464,2.0453,0.9064,25.199,0,HitPerfect,0,9,Drive,-6.3362,-11.4968,0.4214,1.0705,-11.0234,0.0179,0.9967,0,MatchLose,0,9,-90.0153,-89.3375,0.0008,0,Perfect,,0,-11.2,1.8506,11.2,0,0,0.0006,0.2907,0,0.0002
758,PointOver,Reaction,1,-0.005,38,0.9,1.185,-8.4536,2.0899,0.8619,25.5466,0,HitPerfect,0,9,Drive,-5.8488,-10.6068,0.4251,1.0723,-11.0302,0.0033,0.9974,0,MatchLose,0,9,-90.0077,-89.4295,0.0005,0,Perfect,,0,-11.2,1.8886,11.2,0,0,0.0005,0.2624,0,0.0001
759,PointOver,Reaction,1,-0.005,38,0.9,1.185,-8.4609,2.1569,0.7899,26.0681,0,HitPerfect,0,9,Drive,-5.2245,-9.622,0.4273,1.0727,-11.035,0.048,0.9978,0,MatchLose,0,9,-90.0035,-89.5599,3.1174,0,Perfect,,0,-11.2,1.9455,11.2,0,0,0.0004,0.2056,0,0.0001
760,PointOver,Reaction,1,-0.005,38,0.9,1.185,-8.4681,2.2016,0.7383,26.4157,0,HitPerfect,0,9,Drive,-4.4196,-8.5287,0.4274,1.0712,-11.0366,0.1225,1,0,MatchLose,0,9,-90,-89.7036,18.9908,0,Perfect,,0,-11.2,1.9835,11.2,0,0,0.0003,0.1978,0,0.0001
761,PointOver,Reaction,1,-0.005,38,0.9,1.185,-8.4754,2.2686,0.6555,26.9371,0,HitPerfect,0,9,Drive,-3.3979,-7.3139,0.4248,1.0672,-11.0344,0.213,1,0,MatchLose,0,9,-90,-89.843,0.0001,0,Perfect,,0,-11.2,2.0405,11.2,0,0,0.0002,0.3334,0,0.0001
762,PointOver,Reaction,1,-0.005,38,0.9,1.185,-8.4826,2.3133,0.5967,27.2847,0,HitPerfect,0,9,Drive,-2.2413,-6.0686,0.42,1.0641,-11.0288,0.2818,1,0,MatchLose,0,9,-90,-89.9627,5.6063,0,Perfect,,0,-11.2,2.0784,11.2,0,0,0.0002,0.5482,0,0
763,PointOver,Reaction,1,-0.005,38,0.9,1.185,-8.4899,2.3579,0.535,27.6323,0,HitPerfect,0,9,Drive,-0.9954,-4.8454,0.4131,1.0572,-11.0204,0.3386,1,0,MatchLose,0,9,-90,-90.055,2.3547,0,Perfect,,0,-11.2,2.1164,11.2,0,0,0.0001,0.7783,0,0
764,PointOver,Reaction,1,-0.005,38,0.9,1.185,-8.4971,2.4249,0.4371,28.1538,0,HitPerfect,0,9,Drive,0.3529,-3.6411,0.4037,1.0476,-11.009,0.3993,1,0,MatchLose,0,9,-90,-90.1174,0,0,Perfect,,0,-11.2,2.1733,11.2,0,0,0.0001,1.0033,0,0
765,PointOver,Reaction,1,-0.005,38,0.9,1.185,-8.5043,2.4696,0.3683,28.5014,0,HitPerfect,0,9,Drive,1.7304,-2.5255,0.3925,1.0361,-10.9956,0.4382,1,0,MatchLose,0,9,-90,-90.1511,0.0001,0,Perfect,,0,-11.2,2.2113,11.2,0,0,0.0001,1.1929,0,0
766,PointOver,Reaction,1,-0.005,38,0.9,1.185,-8.5116,2.5366,0.2596,29.0228,0,HitPerfect,0,9,Drive,3.1185,-1.5167,0.3794,1.0225,-10.9808,0.4726,1,0,MatchLose,0,9,-90,-90.1601,0,0,Perfect,,0,-11.2,2.2682,11.2,0,0,0.0001,1.3382,0,0
767,PointOver,Reaction,1,-0.005,38,0.9,1.185,-8.5188,2.5812,0.1836,29.3704,0,HitPerfect,0,9,Drive,4.4799,-0.6401,0.3648,1.0071,-10.9653,0.4832,1,0,MatchLose,0,9,-90,-90.1499,0.0001,0,Perfect,,0,-11.2,2.3062,11.2,0,0,0.0001,1.4282,0,0
768,PointOver,Reaction,1,-0.005,38,0.9,1.185,-8.5261,2.6259,0.1047,29.7181,0,HitPerfect,0,9,Drive,5.803,0.1025,0.3491,0.9902,-10.9494,0.4909,1,0,MatchLose,0,9,-90,-90.1265,0,0,Perfect,,0,-11.2,2.3442,11.2,0,0,0,1.4634,0,0
769,PointOver,Reaction,1,-0.005,38,0.9,1.185,-8.5333,2.6906,0.1612,30.2214,0,HitPerfect,0,9,Drive,7.0641,0.7042,0.3326,0.9721,-10.9341,0.4987,1,0,MatchLose,0,9,-90,-90.0959,0.0001,0,Perfect,,0,-11.2,2.4432,11.2,0,0,0,1.4478,0,0
770,PointOver,Reaction,1,-0.005,38,0.9,1.185,-8.5406,2.7329,0.2197,30.5509,0,HitPerfect,0,9,Drive,8.2458,1.1703,0.3159,0.9534,-10.9196,0.4891,1,0,MatchLose,0,9,-83,-83.0632,3.6728,0,Perfect,,0,-11.2,2.5233,11.2,0,0,0,1.3814,0,0
771,PointOver,Reaction,1,-0.005,38,0.9,1.185,-8.5478,2.7964,0.3021,31.0451,0,HitPerfect,0,9,Drive,9.3386,1.5083,0.2992,0.9343,-10.9064,0.4715,1,0,MatchLose,0,9,-76,-76.0324,20.1372,0,Perfect,,0,-11.2,2.6434,11.2,0,0,0,1.2772,0,0
772,PointOver,Reaction,1,-0.005,38,0.9,1.185,-8.5551,2.8388,0.3536,31.3746,0,HitPerfect,0,9,Drive,10.3225,1.7298,0.2834,0.9159,-10.8948,0.4402,1,0,MatchLose,0,9,-69,-69.0061,11.1272,0,Perfect,,0,-11.2,2.7235,11.2,0,0,0,1.1337,0,0
773,PointOver,Reaction,1,-0.005,38,0.9,1.185,-8.5623,2.8811,0.4022,31.7041,0,HitPerfect,0,9,Drive,11.1908,1.849,0.2685,0.8983,-10.8849,0.4006,1,0,MatchLose,0,9,-62,-61.9861,6.0526,0,Perfect,,0,-11.2,2.8036,11.2,0,0,0,0.9602,0,0
774,PointOver,Reaction,1,-0.005,38,0.9,1.185,-8.5696,2.9446,0.47,32.1984,0,HitPerfect,0,9,Drive,11.9302,1.8813,0.255,0.8823,-10.8769,0.3422,1,0,MatchLose,0,9,-55,-54.9727,1.1722,0,Perfect,,0,-11.2,2.9043,11.2,0,0,0,0.761,0,0
775,PointOver,Reaction,1,-0.005,38,0.9,1.185,-8.5768,2.9869,0.5117,32.5279,0,HitPerfect,0,9,Drive,12.5269,1.8422,0.2446,0.8692,-10.8704,0.2829,1,0,MatchLose,0,9,-48,-47.9628,1.1722,0,Perfect,,0,-11.2,2.9403,11.2,0,0,0,0.5381,0,0
776,PointOver,Reaction,1,-0.005,38,0.9,1.185,-8.5841,3.0504,0.5691,33.0221,0,HitPerfect,0,9,Drive,12.9745,1.7467,0.236,0.8586,-10.8657,2.2629,1,0,MatchLose,0,9,-54.9985,-55.7807,1.2186,0,Perfect,,0,-11.2,2.9942,11.2,0,0,0,0.3013,0.0019,2.9689
777,PointOver,Reaction,1,-0.005,38,0.9,1.185,-8.5913,3.0928,0.6038,33.3516,0,HitPerfect,0,9,Drive,13.2378,1.5995,0.2306,0.852,-10.8629,0.47,1,0,MatchLose,0,9,-61.9992,-62.4946,1.1636,0,Perfect,,0,-11.2,3.0302,11.2,0,0,0,0,0.0045,2.3402
778,PointOver,Reaction,1,-0.005,38,0.9,1.185,-8.5986,3.1351,0.6358,33.6811,0,Ready,0,9,Drive,13.2174,1.4143,0.2301,0.8514,-10.8627,0.0088,0.9555,0,MatchLose,0,9,-68.9996,-69.2893,1.1663,0,Perfect,,0,-11.2,3.0662,11.2,0,0,0,0.243,0.0068,1.8443
779,PointOver,Reaction,1,-0.005,38,0.9,1.185,-8.6058,3.1986,0.6785,34.1753,0,Ready,0,9,Drive,13.0837,1.2215,0.23,0.8516,-10.8637,0.0257,0.856,0,MatchLose,0,9,-75.9998,-76.1465,1.1684,0,Perfect,,0,-11.2,3.1202,11.2,0,0,0,0.4023,0.0085,1.4536
780,PointOver,Reaction,1,-0.005,38,0.9,1.185,-8.613,3.2409,0.7035,34.5048,0,Ready,0,9,Drive,12.6836,0.905,0.2306,0.8545,-10.8673,0.0317,0.7361,0,MatchLose,0,9,-83,-83.051,1.1699,0,Perfect,,0,-11.2,3.1562,11.2,0,0,0,0.5181,0.0093,1.1456
781,PointOver,Reaction,1,-0.005,38,0.9,1.185,-8.6203,3.3045,0.7357,34.9991,0,Ready,0,9,Drive,11.8875,0.3714,0.2327,0.8647,-10.8747,0.0621,0.6155,0,MatchLose,0,9,-90,-89.9905,6.3306,0,Perfect,,0,-11.2,3.2102,11.2,0,0,0,0.575,0.0092,0.9026
782,PointOver,Reaction,1,-0.005,38,0.9,1.185,-8.6275,3.3468,0.7537,35.3286,0,Ready,0,9,Drive,10.7318,-0.3954,0.2394,0.8881,-10.8858,0.1105,0.5041,0,MatchLose,0,9,-90,-89.9973,19.3193,0,Perfect,,0,-11.2,3.2461,11.2,0,0,0,0.6424,0.0085,0.7116
783,PointOver,Reaction,1,-0.005,38,0.9,1.185,-8.6348,3.3891,0.7689,35.6581,0,Ready,0,9,Drive,9.3816,-1.2881,0.2554,0.9314,-10.8947,0.2038,0.4064,0,MatchLose,0,9,-90,-90.0026,0.0031,0,Perfect,,0,-11.2,3.2821,11.2,0,0,0,0.6924,0.0073,0.5609
784,PointOver,Reaction,1,-0.005,38,0.9,1.185,-8.642,3.4526,0.7866,36.1523,0,Ready,0,9,Drive,8.1688,-2.0694,0.2847,1.025,-10.9013,0.2294,0.3236,0,MatchLose,0,9,-90,-90.0064,0.0025,0,Perfect,,0,-11.2,3.3361,11.2,0,0,0,0.6879,0.0058,0.442
785,PointOver,Reaction,1,-0.005,38,0.9,1.185,-8.6493,3.495,0.7948,36.4818,0,Ready,0,9,Drive,7.2408,-2.5791,0.2943,1.0935,-10.9069,0.3126,0.2551,0,MatchLose,0,9,-90,-90.0084,0.002,0,Perfect,,0,-11.2,3.3721,11.2,0,0,0,0.6501,0.0043,0.3484
786,PointOver,Reaction,1,-0.005,38,0.9,1.185,-8.6565,3.5585,0.802,36.9761,0,Ready,0,9,Drive,6.681,-2.6398,0.2555,0.9721,-10.8348,0.4002,0.1995,0,MatchLose,0,9,-90,-90.009,0.0015,0,Perfect,,0,-11.2,3.4261,11.2,0,0,0,0.6149,0.0029,0.2743
787,PointOver,Reaction,1,-0.005,38,0.9,1.185,-8.6638,3.6008,0.8033,37.3056,0,Ready,0,9,Drive,6.434,-2.2956,0.1698,0.821,-10.8698,0.3553,0.1549,0,MatchLose,0,9,-90,-90.0085,0.0012,0,Perfect,,0,-11.2,3.4621,11.2,0,0,0,0.5649,0.0017,0.2165
788,PointOver,Reaction,1,-0.005,38,0.9,1.185,-8.671,3.6431,0.8018,37.6351,0,Ready,0,9,Drive,6.3299,-1.6296,0.165,0.809,-10.89,0.2541,0.1195,0,MatchLose,0,9,-90,-90.0073,0.001,0,Perfect,,0,-11.2,3.498,11.2,0,0,0,0.5434,0.0008,0.1706
789,PointOver,Reaction,1,-0.005,38,0.9,1.185,-8.6783,3.7066,0.7943,38.1293,0,Ready,0,9,Drive,6.3502,-0.7518,0.1796,0.8264,-10.8939,1.4332,0.0918,0,MatchLose,0,9,-90,-90.0056,0.0008,0,Perfect,,0,-11.2,3.552,11.2,0,0,0,0.5427,0.0002,0.1344
790,PointOver,Reaction,1,-0.005,38,0.9,1.185,-8.6855,3.749,0.7858,38.4588,0,Ready,0,9,Drive,6.4384,0.1881,0.1879,0.8309,-10.9011,0,0.0702,0,MatchLose,0,9,-90,-90.0037,3.4081,0,Perfect,,0,-11.2,3.588,11.2,0,0,0,0.5518,-0.0002,0.106
791,PointOver,Reaction,1,-0.005,38,0.9,1.185,-8.6928,3.8125,0.7679,38.9531,0,Ready,0,9,Drive,6.564,1.1221,0.1929,0.8319,-10.9063,0,0.0534,0,MatchLose,0,9,-90,-90.002,19.1998,0,Perfect,,0,-11.2,3.642,11.2,0,0,0,0.5849,-0.0004,0.0832
792,PointOver,Reaction,1,-0.005,38,0.9,1.185,-8.7,3.8548,0.7524,39.2826,0,Ready,0,9,Drive,6.6926,1.945,0.1894,0.8243,-10.9164,0,0.0405,0,MatchLose,0,9,-90,-90.0004,0.0004,0,Perfect,,0,-11.2,3.678,11.2,0,0,0,0.6224,-0.0004,0.0659
793,PointOver,Reaction,1,-0.005,38,2.814,1.185,8.2072,3.8972,0.7342,39.6121,0,Ready,0,9,Drive,6.804,2.6365,0.1747,0.8199,-10.9163,0,0.0307,0,MatchLose,0,9,-90,-89.9993,0.0003,0,Perfect,,0,-11.2,3.714,11.2,0,0,0,0.6647,-0.0004,0.0519
794,PointOver,Reaction,1,-0.005,38,2.8679,1.185,8.2145,3.9607,0.7016,40.1063,0,Ready,0,9,Drive,6.8986,3.166,0.1314,0.8417,-10.8823,0,0.0231,0,MatchLose,0,9,-90,-89.9985,4.1586,0,Perfect,,0,-11.2,3.7679,11.2,0,0,0,0.7001,-0.0002,0.0409
795,PointOver,Reaction,1,-0.005,38,2.9039,1.185,8.2217,4.003,0.6765,40.4358,0,Ready,0,9,Drive,6.9166,3.5156,0.123,0.8793,-10.8311,0,0.0174,0,MatchLose,0,9,-90,-89.9981,3.3073,0,Perfect,,0,-11.2,3.8039,11.2,0,0,0,0.7238,-0.0001,0.032
796,PointOver,Reaction,1,-0.005,38,2.9579,1.185,8.229,4.0665,0.6334,40.9301,0,Ready,0,9,Drive,6.7496,3.652,0.1441,0.8256,-10.8821,0.5069,0.0131,0,MatchLose,0,9,-90,-89.9979,0.0088,0,Perfect,,0,-11.2,3.8579,11.2,0,0,0,0.7169,0,0.0257
797,PointOver,Reaction,1,-0.005,38,2.9939,1.185,8.2362,4.1088,0.6013,41.2596,0,Ready,0,9,Drive,6.5694,3.6572,0.1952,0.7936,-10.9148,0.3307,0.0098,0,MatchLose,0,9,-90,-89.9981,0.006,0,Perfect,,0,-11.2,3.8939,11.2,0,0,0,0.6979,0.0001,0.0203
798,PointOver,Reaction,1,-0.005,38,3.0299,1.185,8.2435,4.1512,0.5663,41.5891,0,Ready,0,9,Drive,6.5374,3.5493,0.2035,0.7882,-10.9153,0.5585,0.0073,0,MatchLose,0,9,-90,-89.9984,0.001,0,Perfect,,0,-11.2,3.9299,11.2,0,0,0,0.6918,0.0002,0.016
799,PointOver,Reaction,1,-0.005,38,3.0838,1.185,8.2507,4.2147,0.5087,42.0833,0,Ready,0,9,Drive,6.567,3.4539,0.1999,0.7844,-10.9077,0.724,0.0055,0,MatchLose,0,9,-90,-89.9988,0.0005,0,Perfect,,0,-11.2,3.9838,11.2,0,0,0,0.6583,0.0002,0.0126
800,PointOver,Reaction,1,-0.005,38,3.1198,1.185,8.258,4.257,0.4667,42.4128,0,Ready,0,9,Drive,6.634,3.5282,0.1994,0.7741,-10.9043,0.62,0.0041,0,MatchLose,0,9,-90,-89.9992,0.0004,0,Perfect,,0,-11.2,4.0198,11.2,0,0,0,0.5462,0.0002,0.0099
801,PointOver,Reaction,1,-0.005,38,3.1738,1.185,8.2652,4.3205,0.3986,42.907,0,Ready,0,9,Drive,6.7675,3.7509,0.198,0.7625,-10.9068,0.4815,0.003,0,MatchLose,0,9,-90,-89.9996,0.0003,0,Perfect,,0,-11.2,4.0738,11.2,0,0,0,0.4255,0.0002,0.0073
802,PointOver,Reaction,1,-0.005,38,3.2098,1.185,8.2725,4.3628,0.3497,43.2365,0,Ready,0,9,Drive,6.9787,4.1576,0.1969,0.7553,-10.9267,0.3449,0.0023,0,MatchLose,0,9,-90,-89.9999,3.0587,0,Perfect,,0,-11.2,4.1098,11.2,0,0,0,0.3747,0.0001,0.0063
803,PointOver,Reaction,1,-0.005,38,3.2458,1.185,8.2797,4.4052,0.298,43.566,0,Ready,0,9,Drive,7.3025,4.7541,0.1957,0.7554,-10.9497,0.2573,0,0,MatchLose,0,9,-90,-90.0002,17.4528,0,Perfect,,0,-11.2,4.1458,11.2,0,0,0,0.4559,0.0001,0.005
804,PointOver,Reaction,1,-0.005,38,3.2998,1.185,8.287,4.4687,0.2153,44.0603,0,Ready,0,9,Drive,7.736,5.5726,0.1969,0.7605,-10.9609,0.1005,0,0,MatchLose,0,9,-90,-90.0003,2.2301,0,Perfect,,0,-11.2,4.1998,11.2,0,0,0,0.5763,0.0001,0.0039
805,PointOver,Reaction,1,-0.005,38,3.3357,1.185,8.2942,4.511,0.1566,44.3898,0,Ready,0,9,Drive,8.4057,6.5402,0.1936,0.7645,-10.9625,0.1805,0,0,MatchLose,0,9,-90,-90.0004,0.0003,0,Perfect,,0,-11.2,4.2357,11.2,0,0,0,0.6352,0,0.0031
806,PointOver,Reaction,1,-0.005,38,3.4118,1.185,8.3014,4.5733,0.1234,44.8747,0,Ready,0,9,Drive,9.5165,7.5799,0.1769,0.7684,-10.9482,0.1014,0,0,MatchLose,0,9,-90,-90.0004,0.0003,0,Perfect,,0,-11.2,4.3118,11.2,0,0,0,0.5262,0,0.0024
807,PointOver,Reaction,1,-0.005,38,3.4918,1.185,8.3087,4.6133,0.1683,45.1856,0,Ready,0,9,Drive,10.806,8.632,0.1878,0.7758,-10.9312,0.2467,0,0,MatchLose,0,9,-83,-83.0004,1.1724,0,Perfect,,0,-11.2,4.3918,11.2,0,0,0,0.4414,0,0.0019
808,PointOver,Reaction,1,-0.005,38,3.5719,1.185,8.3159,4.6532,0.2103,45.4965,0,Ready,0,9,Drive,12.175,9.6723,0.1497,0.783,-10.9402,0.4785,0,0,MatchLose,0,9,-76,-76.0003,1.1718,0,Perfect,,0,-11.2,4.4719,11.2,0,0,0,0.4361,0,0.0015
809,PointOver,Reaction,1,-0.005,38,3.6921,1.185,8.3232,4.7131,0.2683,45.9629,0,Ready,0,9,Drive,13.3629,10.5459,0.1743,0.7905,-10.9424,0.4448,0,0,MatchLose,0,9,-69,-69.0003,2.4753,0,Perfect,,0,-11.2,4.5921,11.2,0,0,0,0.4821,0,0.0012
810,PointOver,Reaction,1,-0.005,38,3.7502,1.185,8.3304,4.7531,0.3034,46.2738,0,Ready,0,9,Drive,14.083,11.1528,0.1553,0.8037,-10.952,0.5096,0,0,MatchLose,0,9,-62,-62.0002,18.1137,0,Perfect,,0,-11.2,4.6502,11.2,0,0,0,0.4405,0,0.0009
811,PointOver,Reaction,1,-0.005,38,3.8011,1.185,8.3377,4.813,0.3511,46.7401,0,Ready,0,9,Drive,14.3623,11.4236,0.1641,0.8138,-10.9587,0,0,0,MatchLose,0,9,-69,-69.0001,1.1725,0,Perfect,,0,-11.2,4.7011,11.2,0,0,0,0.3448,0,0.0007
812,PointOver,Reaction,1,-0.005,38,3.835,1.185,8.3449,4.853,0.3794,47.051,0,Ready,0,9,Drive,14.0484,11.2238,0.1654,0.8123,-10.9724,0,0,0,MatchLose,0,9,-75.9999,-76.1128,1.1761,0,Perfect,,0,-11.2,4.735,11.2,0,0,0,0.2493,0.0008,1.2428
813,PointOver,Reaction,1,-0.005,38,3.869,1.185,8.3522,4.8929,0.4049,47.3619,0,Ready,0,9,Drive,13.4056,10.6876,0.1541,0.8135,-10.9732,0,0,0,MatchLose,0,9,-83,-83.0445,1.1723,0,Perfect,,0,-11.2,4.769,11.2,0,0,0,0.2163,0.0019,0.9789
814,PointOver,Reaction,1,-0.005,38,3.9199,1.185,8.3594,4.9528,0.4381,47.8283,0,Ready,0,9,Drive,12.5848,9.8345,0.1366,0.8399,-10.9273,0,0,0,MatchLose,0,9,-90,-89.9999,3.5404,0,Perfect,,0,-11.2,4.8199,11.2,0,0,0,0.1517,0.0029,0.7721
815,PointOver,Reaction,1,-0.005,38,3.9539,1.185,8.3667,4.9928,0.4568,48.1392,0,Ready,0,9,Drive,11.7425,8.798,0.0686,0.8677,-10.9064,6.4317,0,0,MatchLose,0,9,-90,-89.9999,3.1256,0,Perfect,,0,-11.2,4.8539,11.2,0,0,0,0,0.0036,0.6085
816,PointOver,Reaction,1,-0.005,38,4.0048,1.185,8.3739,5.0527,0.4796,48.6055,0,Ready,0,9,Drive,11.0938,7.6565,0.0907,0.8565,-10.9144,0.6661,0,0,MatchLose,0,9,-90,-89.9999,0.0027,0,Perfect,,0,-11.2,4.9048,11.2,0,0,0,0.2824,0.0039,0.4796
817,PointOver,Reaction,1,-0.005,38,4.015,1.185,8.3812,5.0926,0.4914,48.9164,0,Ready,0,9,Drive,10.5785,6.5141,0.1186,0.8435,-10.9281,2.6746,0,0,MatchLose,0,9,-90,-89.9999,0.0022,0,Perfect,,0,-11.2,4.915,11.2,0,0,0,0.5656,0.0039,0.3774
818,PointOver,Reaction,1,-0.005,38,4.015,1.185,8.3884,5.1326,0.5005,49.2273,0,Ready,0,9,Drive,10.1834,5.4889,0.0938,0.8601,-10.9144,0.6945,0,0,MatchLose,0,9,-83,-83.013,1.1727,0,Perfect,,0,-11.2,4.915,11.2,0,0,0,0.7819,0.0036,0.2975
819,PointOver,Reaction,1,-0.005,38,4.015,1.185,8.3957,5.1925,0.5089,49.6937,0,Ready,0,9,Drive,9.9815,4.6459,0.0707,0.874,-10.9067,0.6639,0,0,MatchLose,0,9,-76,-76.0203,1.1729,0,Perfect,,0,-11.2,4.915,11.2,0,0,0,0.924,0.003,0.2344
820,PointOver,Reaction,1,-0.005,38,4.015,1.185,8.4029,5.2324,0.5111,50.0046,0,Ready,0,9,Drive,10.0504,4.1086,0.1265,0.853,-10.9266,0.4963,0,0,MatchLose,0,9,-69,-69.0235,1.1729,0,Perfect,,0,-11.2,4.915,11.2,0,0,0,0.9709,0.0024,0.1848
821,PointOver,Reaction,1,-0.005,38,4.015,1.185,8.4101,5.2924,0.5092,50.4709,0,Ready,0,9,Drive,10.3518,3.8465,0.1279,0.8381,-10.961,0.1798,0,0,MatchLose,0,9,-62,-62.0241,1.1728,0,Perfect,,0,-11.2,4.915,11.2,0,0,0,0.9453,0.0018,0.1456
822,PointOver,Reaction,1,-0.005,38,4.015,1.185,8.4174,5.3323,0.5044,50.7818,0,Ready,0,9,Drive,10.863,3.8976,0.1338,0.8426,-10.9271,0.4288,0,0,MatchLose,0,9,-55,-55.023,1.1728,0,Perfect,,0,-11.2,4.915,11.2,0,0,0,0.8652,0.0012,0.1148
823,PointOver,Reaction,1,-0.005,38,4.015,1.185,8.4246,5.3722,0.497,51.0927,0,Ready,0,9,Drive,11.6205,4.2005,0.0848,0.8484,-10.9083,0.7022,0,0,MatchLose,0,9,-48,-48.021,1.5924,0,Perfect,,0,-11.2,4.915,11.2,0,0,0,0.7564,0.0007,0.0904
824,PointOver,Reaction,1,-0.005,38,4.015,1.185,8.4319,5.4322,0.4806,51.559,0,Ready,0,9,Drive,12.7206,4.7172,0.1351,0.8264,-10.9125,0.7759,0,0,MatchLose,0,9,-41,-41.0185,1.1727,0,Perfect,,0,-11.2,4.915,11.2,0,0,0,0.6303,0.0003,0.0713
825,PointOver,Reaction,1,-0.005,38,4.015,1.185,8.4391,5.4721,0.4663,51.8699,0,Ready,0,9,Drive,13.9588,5.3687,0.1301,0.8058,-10.9343,0.7582,0,0,MatchLose,0,9,-34,-34.0158,1.1721,0,Perfect,,0,-11.2,4.915,11.2,0,0,0,0.5001,0.0001,0.0562
826,PointOver,Reaction,1,-0.005,38,4.015,1.185,8.4464,5.532,0.4396,52.3363,0,Ready,0,9,Drive,15.2137,6.0752,0.1198,0.8027,-10.919,0.6589,0,0,MatchLose,0,9,-27,-27,1.1728,0,Perfect,,0,-11.2,4.915,11.2,0,0,0,0.3797,-0.0001,0.0443
827,PointOver,Reaction,1,-0.005,38,4.015,1.185,8.4536,5.572,0.4184,52.6472,0,Ready,0,9,Drive,16.358,6.831,0.1066,0.8005,-10.9083,0.5544,0,0,MatchLose,0,9,-20,-20,1.1719,0,Perfect,,0,-11.2,4.915,11.2,0,0,0,0.2523,-0.0002,0.0349
828,PointOver,Reaction,1,-0.005,38,4.015,1.185,8.4609,5.6119,0.3944,52.9581,0,Ready,0,9,Drive,17.2245,7.6337,0.1142,0.7922,-10.9352,0.4195,0,0,MatchLose,0,9,-13,-13,1.1719,0,Perfect,,0,-11.2,4.915,11.2,0,0,0,0.2366,-0.0002,0.0275
829,PointOver,Reaction,1,-0.005,38,4.015,1.185,8.4681,5.6718,0.3533,53.4244,0,Ready,0,9,Drive,17.8361,8.4516,0.1233,0.7899,-10.969,0.2836,0,0,MatchLose,0,9,-6,-6,1.1719,0,Perfect,,0,-11.2,4.915,11.2,0,0,0,0.4749,-0.0001,0.0217
830,PointOver,Reaction,1,-0.005,38,4.015,1.185,8.4754,5.7118,0.3224,53.7353,0,Ready,0,9,Drive,18.1129,9.2558,0.1247,0.7881,-10.9722,0.0335,0,0,MatchLose,0,9,0,0,1.0047,0,Perfect,,0,-11.2,4.915,11.2,0,0,0,0.7765,-0.0001,0.0171
831,PointOver,Reaction,1,-0.005,38,4.015,1.185,8.4826,5.7717,0.271,54.2017,0,Ready,0,9,Drive,18.2027,10.0445,0.1246,0.7862,-10.9671,0.0768,0,0,MatchLose,0,9,0,0,1.7694,0,Perfect,,0,-11.2,4.915,11.2,0,0,0,1.0266,0,0.0135
832,PointOver,Reaction,1,-0.005,38,4.015,1.185,8.4899,5.8116,0.2333,54.5126,0,Ready,0,9,Drive,18.175,10.7808,0.1252,0.7863,-10.9668,0.0327,0,0,MatchLose,0,9,0,0,0.0559,0,Perfect,,0,-11.2,4.915,11.2,0,0,0,1.1626,0,0.0106
833,PointOver,Reaction,1,-0.005,38,4.015,1.185,8.4971,5.8516,0.1928,54.8235,0,Ready,0,9,Drive,18.1639,11.4608,0.1256,0.7895,-10.9665,0.0492,0,0,MatchLose,0,9,0,0,0.0014,0,Perfect,,0,-11.2,4.915,11.2,0,0,0,1.1345,0,0.0084
834,PointOver,Reaction,1,-0.005,38,4.015,1.185,8.5043,5.9115,0.1269,55.2898,0,Ready,0,9,Drive,18.3662,12.0331,0.1262,0.7989,-10.9684,0.0395,0,0,MatchLose,0,9,0,0,0.0007,0,Perfect,,0,-11.2,4.915,11.2,0,0,0,0.8824,0.0001,0.0066
835,PointOver,Reaction,1,-0.005,38,4.015,1.185,8.5116,5.9515,0.1,55.6007,0,Ready,0,9,Drive,18.6365,12.501,0.1245,0.8086,-10.9648,0.0402,0,0,MatchLose,0,9,0,0,0.0006,0,Perfect,,0,-11.2,4.915,11.2,0,0,0,0.5723,0.0001,0.0052
836,PointOver,Reaction,1,-0.005,38,4.015,1.185,8.5188,6.0079,0.152,56.0398,0,Ready,0,9,Drive,18.9379,12.8868,0.1143,0.8128,-10.9412,0.0175,0,0,MatchLose,0,9,0,0,0.0002,0,Perfect,,0,-11.2,4.915,11.2,0,0,0,0.3335,0.0001,0.0041
837,PointOver,Reaction,1,-0.005,38,4.015,1.185,8.5261,6.0455,0.1832,56.3326,0,Ready,0,9,Drive,19.1557,13.1188,0.1059,0.8193,-10.9266,0.0838,0,0,MatchLose,0,9,0,0,0.0008,0,Perfect,,0,-11.2,4.915,11.2,0,0,0,0.317,0.0001,0.0032
838,PointOver,Reaction,1,-0.005,38,4.015,1.185,8.5333,6.0831,0.2117,56.6253,0,Ready,0,9,Drive,19.173,13.1656,0.1128,0.8308,-10.9507,0.2345,0,0,MatchLose,0,9,0,0,0.0002,0,Perfect,,0,-11.2,4.915,11.2,0,0,0,0.3936,0.0001,0.0025
839,PointOver,Reaction,1,-0.005,38,4.015,1.185,8.5406,6.1395,0.2493,57.0644,0,Ready,0,9,Drive,18.9804,13.0217,0.1213,0.846,-10.9793,0.1348,0,0,MatchLose,0,9,-0.0126,-0.0064,0.0236,0,Perfect,,0,-11.2,4.915,11.2,0,0,0,0.4182,0,0.002
840,PointOver,Reaction,1,-0.005,38,4.015,1.185,8.5478,6.1771,0.271,57.3572,0,Ready,0,9,Drive,18.489,12.67,0.1257,0.8516,-10.9656,0.1479,0,0,MatchLose,0,9,0,0.001,0.0237,0,Perfect,,0,-11.2,4.915,11.2,0,0,0,0.3481,0,0.0016
841,PointOver,Reaction,1,-0.005,38,4.015,1.185,8.5551,6.2336,0.2984,57.7963,0,Ready,0,9,Drive,17.8301,12.1735,0.1276,0.854,-10.9464,0.2503,0,0,MatchLose,0,9,0.1116,0.0576,0.0559,0,Perfect,,0,-11.2,4.915,11.2,0,0,0,0.2613,0,0.0012
842,PointOver,Reaction,1,-0.005,38,4.015,1.185,8.5623,6.2712,0.3132,58.089,0,Ready,0,9,Drive,17.0621,11.552,0.1243,0.8556,-10.9485,0.5277,0,0,MatchLose,0,9,0.3722,0.1809,0.1302,0,Perfect,,0,-11.2,4.915,11.2,0,0,0,0.2216,0,0.001
843,PlayerServeHold,Reaction,1,-0.005,38,4.015,1.185,8.5696,6.29,0.3196,58.2354,0,Ready,0,9,Drive,16.2991,10.8936,0.1236,0.8618,-10.956,0.497,0,0,MatchLose,0,9,0.8123,0.3734,0.2204,0,Perfect,,0,-11.2,4.915,11.2,0,0,0,0.225,0,0.0008
844,PlayerServeHold,Reaction,1,-0.005,38,3.9349,1.185,8.5768,0.2575,0.875,-10.9667,0,Ready,0,9,Drive,15.661,10.2528,0.1328,0.8764,-11.0283,0.2116,0,0,Backhand prepare 1.00,0,9,3.4645,-5.6966,1.7048,0,Perfect,,-0.0025,-11.2667,4.8349,11.2,0,0,0,0.2301,0,0.0006
845,PlayerServeHold,Reaction,1,-0.005,38,3.8949,1.185,8.5841,0.2456,0.875,-10.9911,0,Serve prepare 0.00,0,9,Drive,14.7771,7.7419,0.117,0.8759,-11.0605,0.33,0.2083,0.1667,Backhand prepare 1.00,0,9,2.4435,-20.7005,2.0948,0,Perfect,,-0.0038,-11.3,4.7949,11.2,0,0,1.2315,2.2554,0,0.0005
846,PlayerServeHold,Reaction,1,-0.005,38,3.8148,1.185,8.5913,0.2321,0.875,-11.0493,0,Serve prepare 0.00,0,9,Drive,15.7756,6.5813,0.1212,0.8564,-11.1302,0.4792,0.4167,0.3333,Backhand prepare 1.00,0,9,2.9351,-33.3143,5.2564,0,Perfect,,-0.0064,-11.3667,4.7148,11.2,0,0,0.814,4.1426,0,0.0004
847,PlayerServeHold,Reaction,1,-0.005,38,3.7748,1.185,8.5986,0.2413,0.875,-11.0911,0,Run,0,9,Drive,19.1328,12.2457,0.1445,0.8753,-11.1941,0,0.3981,0.1667,Backhand prepare 1.00,0,9,7.1008,-41.3678,1.1566,0,Perfect,,-0.0081,-11.4,4.6748,11.2,0,0,0.9018,0.3059,0,0.0003
848,PlayerServeHold,Reaction,1,-0.005,38,3.6947,1.185,8.6058,0.2478,0.875,-11.1667,0,Run,0,9,Drive,20.6903,13.5749,0.1391,0.8608,-11.2589,0,0.3567,0,Backhand prepare 1.00,0,9,14.7273,-45.0632,11.3763,0,Perfect,,-0.0122,-11.4667,4.5947,11.2,0,0,1.1432,0.4829,0,0.0002
849,PlayerServeHold,Reaction,1,-0.005,38,3.6546,1.185,8.613,-0.3222,0.695,-11.4572,0,Run,0,9,Drive,12.4572,5.296,0.1024,0.8481,-11.266,0,0.3067,0,Backhand prepare 1.00,0,9,25.2665,-45.0857,2.753,0,Perfect,,-0.0147,-11.5,4.5546,11.2,0,0,1.5366,0.794,0,0.0002
850,PlayerServeHold,Reaction,1,-0.005,38,3.5745,1.185,8.6203,-0.331,0.695,-11.5616,0,Run,0,9,Drive,4.153,-3.0574,0.0705,0.8353,-11.3104,0,0.2565,0,Backhand prepare 1.00,0,9,33.0541,-43.5127,12.1106,0,Perfect,,-0.0206,-11.5667,4.4745,11.2,0,0,1.5288,1.051,0,0.0001
851,PlayerServeHold,Reaction,1,-0.005,38,3.5345,1.185,8.6275,-0.3326,0.695,-11.6328,0,Run,0,9,Drive,-3.9846,-11.1677,0.0468,0.8231,-11.3294,0,0.21,0,Backhand prepare 1.00,0,9,42.7336,-39.6498,2.5329,0,Perfect,,-0.0239,-11.6,4.4345,11.2,0,0,1.8405,1.1973,0,0.0001
852,PlayerServeHold,Reaction,1,-0.005,38,3.4544,1.185,8.6348,-0.3338,0.695,-11.7369,0,Run,0,9,Drive,-11.9264,-19.1787,0.0307,0.8133,-11.3949,0,0.1693,0,Backhand prepare 1.00,0,9,53.463,-34.437,10.6317,0,Perfect,,-0.0314,-11.6667,4.3544,11.2,0,0,1.7684,1.2183,0,0.0001
853,PlayerServeHold,Reaction,1,-0.005,38,3.4144,1.185,8.642,-0.3272,0.695,-11.8066,0,Run,0,9,Drive,-19.6973,-26.9548,0.0162,0.8014,-11.4282,0,0.1348,0,Backhand prepare 1.00,0,9,63.505,-28.1905,2.5026,0,Perfect,,-0.0356,-11.7,4.3144,11.2,0,0,2.0293,1.1325,0,0.0001
854,PlayerServeHold,Reaction,1,-0.005,38,3.3343,1.185,8.6493,-0.3212,0.695,-11.908,0,Run,0,9,Drive,-27.3379,-34.6252,-0.0215,0.7751,-11.4951,3.1326,0.1063,0,Backhand prepare 1.00,0,9,71.1935,-22.5247,4.5848,0,Perfect,,-0.0447,-11.7667,4.2343,11.2,0,0,1.9172,0.9522,0,0.0001
855,PlayerServeHold,Reaction,1,-0.005,38,3.2943,1.185,8.6565,-0.3069,0.695,-11.9739,0,Run,0,9,Drive,-34.8811,-42.1497,-0.0534,0.7487,-11.5325,4.3217,0.0831,0,Backhand prepare 1.00,0,9,76.2792,-18.5764,3.9614,0,Perfect,,-0.0497,-11.8,4.1943,11.2,0,0,2.1466,0.7264,0,0
856,PlayerServeHold,Reaction,1,-0.005,38,3.2142,1.185,8.6638,-0.2946,0.695,-12.0707,0,Run,0,9,Drive,-42.3443,-49.6639,-0.0803,0.7282,-11.5992,1.6061,0.0645,0,Backhand prepare 1.00,0,9,79.1825,-16.0534,0,0,Perfect,,-0.0606,-11.8667,4.1142,11.2,0,0,2.0096,0.4837,0,0
857,PlayerServeHold,Reaction,1,-0.005,38,3.1741,1.185,8.671,-0.2739,0.695,-12.131,0,Run,0,9,Drive,-49.7984,-57.0974,-0.0984,0.7063,-11.6316,1.5462,0.0498,0,Backhand prepare 1.00,0,9,80.6903,-14.3392,0,0,Perfect,,-0.0664,-11.9,4.0741,11.2,0,0,2.2194,0.2838,0,0
858,PlayerServeHold,Reaction,1,-0.005,38,3.094,1.185,8.6783,-0.2567,0.695,-12.2212,0,Run,0,9,Drive,-57.3805,-64.5907,-0.1223,0.6931,-11.6982,1.4674,0.0382,0,Backhand prepare 1.00,0,9,81.3977,-13.0228,0,0,Perfect,,-0.0789,-11.9667,3.994,11.2,0,0,2.067,0.1567,0,0
859,PlayerServeHold,Reaction,1,-0.005,38,3.054,1.185,8.6855,-0.231,0.695,-12.2743,0,Run,0,9,Drive,-64.862,-71.9292,-0.1392,0.6841,-11.7335,0,0.0292,0,Backhand prepare 1.00,0,9,81.6334,-11.9501,2.1784,0,Perfect,,-0.0856,-12,3.954,11.2,0,0,2.2647,0.1439,0,0.0003
860,PlayerServeHold,Reaction,1,-0.005,38,2.9739,1.185,8.6928,-0.2106,0.695,-12.3567,0,Run,0,9,Drive,-72.4231,-79.3268,-0.1648,0.6739,-11.8085,4.39,0.0223,0,Backhand prepare 1.00,0,9,81.8824,-10.788,1.8265,0,Perfect,,-0.0997,-12.0667,3.8739,11.2,0,0,2.1027,0.1878,0,0.0002
861,PlayerServeHold,None,1,-0.005,38,2.9339,1.185,8.7,-0.1872,0.695,-12.4,0,Run,0,9,Drive,-79.0681,-85.7488,-0.1867,0.6792,-11.8089,2.2011,0.0169,0,Backhand prepare 1.00,0,9,82.1748,-9.6211,2.7022,0,Perfect,,-0.1072,-12.1,3.8339,11.2,0,0,2.2928,0.2446,0,0.0002
862,PlayerServeHold,None,1,-0.005,52,-2.2231,2.535,-16.5667,-0.2031,0.695,-12.4667,0,Run,0,9,Drive,-79.7947,-86.1754,-0.1829,0.7014,-11.8165,1.5525,0.0128,0,Backhand prepare 1.00,0,9,82.637,-8.4087,1.9521,0,Perfect,,-0.1231,-12.1667,3.7538,11.2,14,0,2.1248,0.3084,0,0.0001
863,PlayerServeHold,None,1,-0.005,52,-2.2227,2.5317,-16.5701,-0.2114,0.695,-12.5,0,Run,0,9,Drive,-80.6172,-86.6576,-0.1702,0.7108,-11.8354,0.2106,0.0096,0,Backhand prepare 1.00,0,9,83.3895,-7.0784,2.4952,0,Perfect,,-0.1314,-12.2,3.7138,11.2,0,0,2.3102,0.3897,0,0.0001
864,PlayerServeHold,None,1,-0.005,52,-2.2238,2.5288,-16.5784,-0.2289,0.695,-12.5667,0,Run,0,9,Drive,-81.5107,-87.1936,-0.1653,0.7206,-11.8931,0.2845,0.0073,0,Backhand prepare 1.00,0,9,84.3238,-5.7567,7.1068,0,Perfect,,-0.1489,-12.2667,3.6337,11.2,0,0,2.1386,0.4576,0,0.0001
865,PlayerServeHold,None,1,-0.005,52,-2.2256,2.5262,-16.5886,-0.2381,0.695,-12.6,0,Run,0,9,Drive,-82.4799,-87.7585,-0.1524,0.7145,-11.9564,0.2764,0.0054,0,Backhand prepare 1.00,0,9,85.2983,-4.5784,1.1082,0,Perfect,,-0.1581,-12.3,3.5936,11.2,0,0,2.3211,0.5174,0,0.0001
866,PlayerServeHold,None,1,-0.005,52,-2.2288,2.5238,-16.6018,-0.2572,0.695,-12.65,0,Run,0,9,Drive,-83.4741,-88.2981,-0.1599,0.7218,-12.0023,0,0.0041,0,Backhand prepare 1.00,0,9,86.4207,-3.412,4.6367,0,Perfect,,-0.1772,-12.35,3.5135,11.2,0,0,2.1471,0.5469,0,0.0001
867,PlayerServeHold,None,1,-0.005,52,-2.2326,2.5218,-16.6139,-0.2672,0.695,-12.65,0,Run,0,9,Drive,-84.4869,-88.7759,-0.1627,0.7302,-11.9979,0,0.0031,0,Backhand prepare 1.00,0,9,87.2614,-2.6492,1.3119,0,Perfect,,-0.1872,-12.35,3.4735,11.2,0,0,2.3278,0.5406,0,0
868,PlayerServeHold,None,1,-0.005,52,-2.2379,2.5199,-16.625,-0.2881,0.695,-12.65,0,Run,0,9,Drive,-85.5792,-88.9966,-0.1824,0.7399,-11.9922,0,0.0023,0,Backhand prepare 1.00,0,9,87.9078,-2.165,0.7513,0,Perfect,,-0.2081,-12.35,3.3934,11.2,0,0,2.1524,0.2142,0,0
869,PlayerServeHold,None,1,-0.005,52,-2.2436,2.5183,-16.6353,-0.2989,0.695,-12.65,0,Run,0,9,Drive,-86.6228,-89.3119,-0.1959,0.7491,-11.988,0,0,0,Backhand prepare 1.00,0,9,88.2844,-1.9965,1.2204,0,Perfect,,-0.2189,-12.35,3.3534,11.2,0,0,2.332,0.1791,0,0
870,PlayerServeHold,None,1,-0.005,52,-2.2507,2.5169,-16.6447,-0.3213,0.695,-12.65,0,Run,0,9,Drive,-87.6072,-89.5791,-0.2246,0.7511,-11.9836,0,0,0,Backhand prepare 1.00,0,9,88.2568,-2.2441,9.4037,0,Perfect,,-0.2413,-12.35,3.2733,11.2,0,0,2.1557,0.1761,0,0
871,PlayerServeHold,None,1,-0.005,52,-2.2583,2.5157,-16.6534,-0.3325,0.695,-12.65,0,Run,0,9,Drive,-88.6158,-89.8159,-0.2338,0.7418,-12.0238,0,0,0,Backhand prepare 1.00,0,9,87.8962,-2.8101,2.9438,0,Perfect,,-0.2525,-12.35,3.2333,11.2,0,0,2.1757,0.1802,0,0
872,PlayerServeHold,None,1,-0.005,52,-2.267,2.5146,-16.6613,-0.355,0.695,-12.65,0,Run,0,9,Drive,-89.7353,-90.0543,-0.27,0.7449,-12.019,0,0,0,Backhand prepare 1.00,0,9,87.2837,-3.5951,3.9798,0,Perfect,,-0.275,-12.35,3.1532,11.2,0,0,1.7147,0.1958,0,0
873,PlayerServeHold,None,1,-0.005,52,-2.2761,2.5137,-16.6686,-0.3663,0.695,-12.65,0,Run,0,9,Drive,-90.8594,-90.2748,-0.296,0.7464,-12.0145,0,0,0,Backhand prepare 1.00,0,9,86.3642,-4.6427,0,0,Perfect,,-0.2863,-12.35,3.1131,11.2,0,0,1.3514,0.2084,0,0
874,PlayerServeHold,None,1,-0.005,52,-2.2863,2.513,-16.6753,-0.3888,0.695,-12.65,0,Run,0,9,Drive,-91.7925,-90.4346,-0.3424,0.746,-12.018,0,0,0,Backhand prepare 1.00,0,9,85.3986,-5.6894,0,0,Perfect,,-0.3088,-12.35,3.033,11.2,0,0,1.0651,0.1981,0,0
875,PlayerServeHold,None,1,-0.005,52,-2.2966,2.5123,-16.6814,-0.4,0.695,-12.65,0,Run,0,9,Drive,-92.6542,-90.5701,-0.3652,0.7441,-12.016,0.3999,0,0,Backhand prepare 1.00,0,9,84.4484,-6.6767,0,0,Perfect,,-0.32,-12.35,2.993,11.2,0,0,0.8394,0.1786,0,0
876,PlayerServeHold,None,1,-0.005,52,-2.308,2.5118,-16.687,-0.4225,0.695,-12.65,0,Run,0,9,Drive,-93.4994,-90.6997,-0.3872,0.7407,-12.0052,1.0447,0,0,Backhand prepare 1.00,0,9,83.5768,-7.5477,2.2159,0,Perfect,,-0.3425,-12.35,2.9129,11.2,0,0,0.6616,0.1579,0,0
877,PlayerServeHold,None,1,-0.005,52,-2.3195,2.5114,-16.6922,-0.4338,0.695,-12.65,0,Run,0,9,Drive,-94.3598,-90.8389,-0.421,0.7361,-12.0129,0.6113,0,0,Backhand prepare 1.00,0,9,83.0329,-8.062,2.4066,0,Perfect,,-0.3538,-12.35,2.8729,11.2,0,0,0.5214,0.1392,0,0
878,PlayerServeHold,None,1,-0.005,52,-2.3319,2.5111,-16.6969,-0.4563,0.695,-12.65,0,Run,0,9,Drive,-94.9617,-90.9097,-0.4516,0.7323,-12.0111,0.2461,0,0,Backhand prepare 1.00,0,9,82.7622,-8.2849,1.3643,0,Perfect,,-0.3762,-12.35,2.7928,11.2,0,0,0.4109,0.1033,0,0
879,PlayerServeHold,None,1,-0.005,52,-2.3444,2.5109,-16.7012,-0.4675,0.695,-12.65,0,Run,0,9,Drive,-95.4123,-90.9509,-0.4686,0.7286,-12.0111,0.2343,0,0,Backhand prepare 1.00,0,9,82.823,-8.1677,0.6402,0,Perfect,,-0.3875,-12.35,2.7528,11.2,0,0,0.3239,0.0641,0,0
880,PlayerServeHold,None,1,-0.005,52,-2.3577,2.5108,-16.7051,-0.49,0.695,-12.65,0,Run,0,9,Drive,-95.7334,-90.9703,-0.4952,0.7259,-12.0103,0.0108,0,0,Backhand prepare 1.00,0,9,83.2844,-7.6496,1.9968,0,Perfect,,-0.41,-12.35,2.6727,11.2,0,0,0.2552,0,0,0
881,PlayerServeHold,None,1,-0.005,52,-2.3709,2.5108,-16.7087,-0.5012,0.695,-12.65,0,Run,0,9,Drive,-95.9423,-90.9741,-0.509,0.7241,-12.0099,0.0106,0,0,Backhand prepare 1.00,0,9,83.9981,-6.8858,10.7848,0,Perfect,,-0.4212,-12.35,2.6326,11.2,0,0,0.2012,0,0,0
882,PlayerServeHold,None,1,-0.005,52,-2.385,2.5108,-16.712,-0.5237,0.695,-12.65,0,Run,0,9,Drive,-95.9855,-90.95,-0.5323,0.7238,-12.0099,0.0031,0,0,Backhand prepare 1.00,0,9,84.8769,-5.9686,0.8104,0,Perfect,,-0.4437,-12.35,2.5525,11.2,0,0,0.1585,0.0649,0,0
883,PlayerServeHold,None,1,-0.005,52,-2.399,2.5109,-16.715,-0.535,0.695,-12.65,0,Run,0,9,Drive,-95.8656,-90.8998,-0.5414,0.7249,-12.0099,0.0034,0,0,Backhand prepare 1.00,0,9,85.9193,-4.9009,2.8315,0,Perfect,,-0.455,-12.35,2.5125,11.2,0,0,0.125,0.0994,0,0
884,PlayerServeHold,None,1,-0.005,52,-2.4137,2.5111,-16.7177,-0.5575,0.695,-12.65,0,Run,0,9,Drive,-95.5914,-90.8263,-0.5604,0.7275,-12.0103,0.0008,0,0,Backhand prepare 1.00,0,9,86.8168,-3.9919,3.3164,0,Perfect,,-0.4775,-12.35,2.4324,11.2,0,0,0.0985,0.1305,0,0
885,PlayerServeHold,None,1,-0.005,52,-2.4282,2.5113,-16.7201,-0.5687,0.695,-12.65,0,Run,0,9,Drive,-95.1044,-90.7153,-0.5651,0.7316,-12.011,0.0009,0,0,Backhand prepare 1.00,0,9,87.6092,-3.2006,3.3684,0,Perfect,,-0.4887,-12.35,2.3924,11.2,0,0,0.0776,0.1652,0,0
886,PlayerServeHold,None,1,-0.005,52,-2.4435,2.5116,-16.7223,-0.5912,0.695,-12.65,0,Run,0,9,Drive,-94.5132,-90.5942,-0.5797,0.7361,-12.012,0.0015,0,0,Backhand prepare 1.00,0,9,88.1462,-2.6743,2.7267,0,Perfect,,-0.5112,-12.35,2.3123,11.2,0,0,0.0612,0.1905,0,0
887,PlayerServeHold,None,1,-0.005,52,-2.4585,2.5119,-16.7243,-0.6025,0.695,-12.65,0,Run,0,9,Drive,-93.8703,-90.4749,-0.5823,0.7402,-12.0131,0.0009,0,0,Backhand prepare 1.00,0,9,88.2958,-2.5417,3.1672,0,Perfect,,-0.5225,-12.35,2.2723,11.2,0,0,0.0482,0.2046,0,0
888,PlayerServeHold,None,1,-0.005,52,-2.4743,2.5122,-16.7262,-0.625,0.695,-12.65,0,Run,0,9,Drive,-93.1291,-90.3439,-0.5947,0.7438,-12.0146,0.0292,0,0,Backhand prepare 1.00,0,9,88.1306,-2.727,3.3133,0,Perfect,,-0.545,-12.35,2.1922,11.2,0,0,0.038,0.2126,0,0
889,PlayerServeHold,None,1,-0.005,52,-2.4898,2.5126,-16.7278,-0.6362,0.695,-12.65,0,Run,0,9,Drive,-92.2031,-90.1779,-0.5931,0.7466,-12.0163,0.119,0,0,Backhand prepare 1.00,0,9,87.6536,-3.2237,2.3266,0,Perfect,,-0.5562,-12.35,2.1521,11.2,0,0,0.03,0.2256,0,0
890,PlayerServeHold,None,1,-0.005,52,-2.5059,2.513,-16.7292,-0.6587,0.695,-12.65,0,Run,0,9,Drive,-91.1732,-89.9967,-0.601,0.7481,-12.0187,0,0,0,Backhand prepare 1.00,0,9,86.837,-4.0565,0,0,Perfect,,-0.5788,-12.35,2.072,11.2,0,0,0.0236,0.2359,0,0
891,PlayerServeHold,None,1,-0.005,52,-2.5218,2.5135,-16.7305,-0.67,0.695,-12.65,0,Run,0,9,Drive,-90.2598,-89.8534,-0.5994,0.7477,-12.0209,0,0,0,Backhand prepare 1.00,0,9,85.9321,-4.9723,0,0,Perfect,,-0.59,-12.35,2.032,11.2,0,0,0.0186,0.2249,0,0
892,PlayerServeHold,None,1,-0.005,52,-2.5383,2.514,-16.7317,-0.6925,0.695,-12.65,0,Run,0,9,Drive,-89.3546,-89.7174,-0.6091,0.7459,-12.0232,0,0,0,Backhand prepare 1.00,0,9,84.9359,-5.9736,0,0,Perfect,,-0.6125,-12.35,1.9519,11.2,0,0,0.0147,0.2072,0,0
893,PlayerServeHold,None,1,-0.005,52,-2.5544,2.5145,-16.7327,-0.7038,0.695,-12.65,0,Run,0,9,Drive,-88.4023,-89.5717,-0.6066,0.7423,-12.0257,0,0,0,Backhand prepare 1.00,0,9,83.9834,-6.925,2.6651,0,Perfect,,-0.6238,-12.35,1.95,11.2,0,0,0.0116,0.1915,0,0
894,PlayerServeHold,None,1,-0.005,52,-2.5712,2.5151,-16.7336,-0.7263,0.695,-12.65,0,Run,0,9,Drive,-87.3662,-89.4059,-0.6141,0.7365,-12.0287,0.5502,0,0,Backhand prepare 1.00,0,9,80.2572,-6.7056,2.2318,0,Perfect,,-0.6463,-12.35,1.95,11.2,0,0,0.0091,0.1829,0,0
895,PlayerServeHold,None,1,-0.005,52,-2.5877,2.5156,-16.7344,-0.7375,0.695,-12.65,0,Run,0,9,Drive,-86.5406,-89.292,-0.6135,0.7306,-12.031,0.5514,0,0,Backhand prepare 1.00,0,9,72.4006,-9.7418,3.4255,0,Perfect,,-0.6575,-12.35,1.95,11.2,0,0,0.0072,0.1548,0,2.1972
896,PlayerServeHold,None,1,-0.005,52,-2.6047,2.5162,-16.7351,-0.76,0.695,-12.65,0,Run,0,9,Drive,-85.8423,-89.2057,-0.626,0.7247,-12.0336,0.6675,0,0,Backhand prepare 1.00,0,9,62.8877,-15.0486,1.3116,0,Perfect,,-0.68,-12.35,1.95,11.2,0,0,0.0057,0.1195,0,1.7317
897,PlayerServeHold,None,1,-0.005,52,-2.6214,2.5169,-16.7357,-0.7713,0.695,-12.65,0,Run,0,9,Drive,-85.2335,-89.1345,-0.6285,0.7185,-12.0354,0.0406,0,0,Backhand prepare 1.00,0,9,53.0855,-21.0121,0.6266,0,Perfect,,-0.6913,-12.35,1.95,11.2,0,0,0.0045,0.0845,0,1.3648
898,PlayerServeHold,None,1,-0.005,52,-2.6386,2.5175,-16.7362,-0.7938,0.695,-12.65,0,Run,0,9,Drive,-84.6604,-89.063,-0.6428,0.726,-11.9914,0.018,0,0,Backhand prepare 1.00,0,9,43.5663,-27.3643,0.7097,0,Perfect,,-0.7138,-12.35,1.95,11.2,0,0,0.0035,0.0585,0,1.0756
899,PlayerServeHold,None,1,-0.005,52,-2.6555,2.5182,-16.7366,-0.805,0.695,-12.65,0,Run,0,9,Drive,-84.2695,-89.0269,-0.6485,0.7213,-11.9927,0.0003,0,0,Backhand prepare 1.00,0,9,34.539,-34.1482,0.6176,0,Perfect,,-0.725,-12.35,1.95,11.2,0,0,0.0028,0,0,0.8477
900,PlayerServeHold,None,1,-0.005,52,-2.6729,2.5188,-16.7369,-0.8275,0.695,-12.65,0,Run,0,9,Drive,-84.0648,-89.0254,-0.6682,0.7188,-11.9934,0.0041,0,0,Backhand prepare 1.00,0,9,26.0639,-41.5077,0,0,Perfect,,-0.7475,-12.35,1.95,11.2,0,0,0.0022,0,0,0.6681
901,PlayerServeHold,None,1,-0.005,52,-2.69,2.5195,-16.7372,-0.8388,0.695,-12.65,0,Run,0,9,Drive,-84.0117,-89.048,-0.6788,0.718,-11.9936,0.0017,0,0,Backhand prepare 1.00,0,9,18.1285,-49.5961,0,0,Perfect,,-0.7588,-12.35,1.95,11.2,0,0,0.0017,0.0641,0,0.5266
902,PlayerServeHold,None,1,-0.005,52,-2.7075,2.5202,-16.7374,-0.8613,0.695,-12.65,0,Run,0,9,Drive,-84.1309,-89.0991,-0.7036,0.7197,-11.9931,0.0022,0,0,Backhand prepare 1.00,0,9,11.1736,-58.4116,1.1561,0,Perfect,,-0.7813,-12.35,1.95,11.2,0,0,0.0014,0.0984,0,0.415
903,PlayerServeHold,None,1,-0.005,52,-2.7247,2.521,-16.7375,-0.8725,0.695,-12.65,0,Run,0,9,Drive,-84.39,-89.1697,-0.7184,0.7227,-11.9923,0.0016,0,0,Backhand prepare 1.00,0,9,5.7839,-66.4147,0.399,0,Perfect,,-0.7925,-12.35,1.95,11.2,0,0,0.0011,0.1297,0,0.3271
904,PlayerServeHold,None,1,-0.005,52,-2.7424,2.5217,-16.7376,-0.895,0.695,-12.65,0,Run,0,9,Drive,-84.7651,-89.254,-0.7466,0.7272,-11.991,0.0003,0,0,Backhand prepare 1.00,0,9,1.9756,-72.9483,0.1913,0,Perfect,,-0.815,-12.35,1.95,11.2,0,0,0.0008,0.1545,0,0.2578
905,PlayerServeHold,None,1,-0.005,52,-2.7597,2.5225,-16.7377,-0.9063,0.695,-12.65,0,Run,0,9,Drive,-85.2724,-89.3567,-0.7653,0.7326,-11.9893,0.0051,0,0,Backhand prepare 1.00,0,9,-0.593,-78.2612,0.0851,0,Perfect,,-0.8263,-12.35,1.95,11.2,0,0,0.0007,0.1756,0,0.2032
906,PlayerServeHold,None,1,-0.005,52,-2.7776,2.5232,-16.7376,-0.9288,0.695,-12.65,0,Run,0,9,Drive,-85.976,-89.4947,-0.7982,0.7393,-11.9869,0.0118,0,0,Backhand prepare 1.00,0,9,-2.3005,-82.6043,4.3779,0,Perfect,,-0.8488,-12.35,1.95,11.2,0,0,0.0005,0.1986,0,0.1601
907,PlayerServeHold,None,1,-0.005,52,-2.795,2.524,-16.7376,-0.94,0.695,-12.65,0,Run,0,9,Drive,-86.8354,-89.6577,-0.8107,0.7328,-12.0299,0.0241,0,0,Backhand prepare 1.00,0,9,-3.4065,-86.156,1.2339,0,Perfect,,-0.86,-12.35,1.95,11.2,0,0,0.0004,0.2218,0,0.1262
908,PlayerServeHold,None,1,-0.005,52,-2.8129,2.5248,-16.7375,-0.9625,0.695,-12.65,0,Run,0,9,Drive,-87.6504,-89.7968,-0.8454,0.7389,-12.0266,0.0547,0,0,Backhand prepare 1.00,0,9,-4.1189,-89.0121,0.1105,0,Perfect,,-0.8825,-12.35,1.95,11.2,0,0,0.0003,0.2247,0,0.0995
909,PlayerServeHold,None,1,-0.005,52,-2.8304,2.5256,-16.7373,-0.9738,0.695,-12.65,0,Run,0,9,Drive,-88.5084,-89.9369,-0.88,0.7428,-12.0256,0.4907,0,0,Backhand prepare 1.00,0,9,-4.5665,-91.2233,0.0688,0,Perfect,,-0.8938,-12.35,1.95,11.2,0,0,0.0003,0.2207,0,0.0784
910,PlayerServeHold,None,1,-0.005,52,-2.8483,2.5264,-16.7371,-0.9963,0.695,-12.65,0,Run,0,9,Drive,-89.4607,-90.0932,-0.9164,0.7461,-12.0232,0,0,0,Backhand prepare 1.00,0,9,-4.8986,-92.9217,0.0115,0,Perfect,,-0.9163,-12.35,1.95,11.2,0,0,0.0002,0.2176,0,0.0618
911,PlayerServeHold,None,1,-0.005,52,-2.8659,2.5273,-16.7369,-1.0075,0.695,-12.65,0,Run,0,9,Drive,-90.5693,-90.2824,-0.9435,0.748,-12.0206,0,0,0,Backhand prepare 1.00,0,9,-5.0453,-93.9783,0.0075,0,Perfect,,-0.9275,-12.35,1.95,11.2,0,0,0.0002,0.2223,0,0.0487
912,PlayerServeHold,None,1,-0.005,52,-2.8839,2.5281,-16.7367,-1.03,0.695,-12.65,0,Run,0,9,Drive,-91.5164,-90.4263,-0.9793,0.748,-12.0184,0,0,0,Backhand prepare 1.00,0,9,-5.1329,-94.5874,0.0045,0,Perfect,,-0.95,-12.35,1.95,11.2,0,0,0.0001,0.2058,0,0.0384
913,PlayerServeHold,None,1,-0.005,52,-2.9016,2.529,-16.7364,-1.0413,0.695,-12.65,0,Run,0,9,Drive,-92.373,-90.5463,-1.0024,0.7464,-12.0165,0.2963,0,0,Backhand prepare 1.00,0,9,-5.1852,-94.8283,0.0039,0,Perfect,,-0.9613,-12.35,1.95,11.2,0,0,0.0001,0.1783,0,0.0302
914,PlayerServeHold,None,1,-0.005,52,-2.9196,2.5299,-16.7361,-1.0638,0.695,-12.65,0,Run,0,9,Drive,-93.1879,-90.6581,-1.036,0.7434,-12.0149,0.392,0,0,Backhand prepare 1.00,0,9,-5.2164,-94.7885,0.0035,0,Perfect,,-0.9838,-12.35,1.95,11.2,0,0,0.0001,0.1503,0,0.0238
915,PlayerServeHold,None,1,-0.005,52,-2.9373,2.5308,-16.7358,-1.075,0.695,-12.65,0,Run,0,9,Drive,-94.0475,-90.7851,-1.0472,0.7389,-12.0032,0.8958,0,0,Backhand prepare 1.00,0,9,-5.2647,-94.6064,0.0037,0,Perfect,,-0.995,-12.35,1.95,11.2,0,0,0.0001,0.1305,0,0.0188
916,PlayerServeHold,None,1,-0.005,52,-2.9554,2.5317,-16.7354,-1.0975,0.695,-12.65,0,Run,0,9,Drive,-94.744,-90.8766,-1.0906,0.7348,-12.0113,0.6818,0,0,Backhand prepare 1.00,0,9,-5.2647,-94.246,0,0,Perfect,,-1.0175,-12.35,1.95,11.2,0,0,0,0.1023,0,0.0148
917,PlayerServeHold,None,1,-0.005,52,-2.9731,2.5326,-16.7351,-1.1088,0.695,-12.65,0,Run,0,9,Drive,-95.2475,-90.9278,-1.1082,0.7307,-12.0113,0.4385,0,0,Backhand prepare 1.00,0,9,-5.2647,-93.8506,0,0,Perfect,,-1.0288,-12.35,1.95,11.2,0,0,0,0.0656,0,0.0117
918,PlayerServeHold,None,1,-0.005,52,-2.9913,2.5335,-16.7347,-1.1313,0.695,-12.65,0,Run,0,9,Drive,-95.6187,-90.9565,-1.1354,0.7275,-12.0106,0.0106,0,0,Backhand prepare 1.00,0,9,-5.2647,-93.4709,0,0,Perfect,,-1.0513,-12.35,1.95,11.2,0,0,0,0,0,0.0092
919,PlayerServeHold,None,1,-0.005,52,-3.009,2.5344,-16.7343,-1.1425,0.695,-12.65,0,Run,0,9,Drive,-95.8748,-90.9687,-1.1497,0.7252,-12.01,0.0049,0,0,Backhand prepare 1.00,0,9,-5.2647,-93.1428,0,0,Perfect,,-1.0625,-12.35,1.95,11.2,0,0,0,0,0,0.0072
920,PlayerServeHold,None,1,-0.005,52,-3.0272,2.5354,-16.7339,-1.165,0.695,-12.65,0,Run,0,9,Drive,-95.9891,-90.9586,-1.1737,0.7241,-12.0098,0.008,0,0,Backhand prepare 1.00,0,9,-5.2647,-92.8877,0,0,Perfect,,-1.085,-12.35,1.95,11.2,0,0,0,0.0577,0,0.0057
921,PlayerServeHold,None,1,-0.005,52,-3.0449,2.5363,-16.7334,-1.1763,0.695,-12.65,0,Run,0,9,Drive,-95.9314,-90.9197,-1.1842,0.7248,-12.0099,0.0025,0,0,Backhand prepare 1.00,0,9,-5.2647,-92.7133,0,0,Perfect,,-1.0963,-12.35,1.95,11.2,0,0,0,0.0885,0,0.0045
922,PlayerServeHold,None,1,-0.005,52,-3.0631,2.5373,-16.733,-1.1988,0.695,-12.65,0,Run,0,9,Drive,-95.7225,-90.8579,-1.2034,0.7265,-12.0101,0.0008,0,0,Backhand prepare 1.00,0,9,-5.2647,-92.617,0,0,Perfect,,-1.1188,-12.35,1.95,11.2,0,0,0,0.1195,0,0.0035
923,PlayerServeHold,None,1,-0.005,52,-3.0809,2.5383,-16.7325,-1.21,0.695,-12.65,0,Run,0,9,Drive,-95.3251,-90.7643,-1.2095,0.73,-12.0107,0.0022,0,0,Backhand prepare 1.00,0,9,-5.2647,-92.5887,0,0,Perfect,,-1.13,-12.35,1.95,11.2,0,0,0,0.151,0,0.0028
924,PlayerServeHold,None,1,-0.005,52,-3.0991,2.5393,-16.732,-1.2325,0.695,-12.65,0,Run,0,9,Drive,-94.7501,-90.6418,-1.2243,0.7345,-12.0116,0.0005,0,0,Backhand prepare 1.00,0,9,-5.2647,-92.6138,0,0,Perfect,,-1.1525,-12.35,1.95,11.2,0,0,0,0.1816,0,0.0022
925,PlayerServeHold,None,1,-0.005,52,-3.1169,2.5403,-16.7316,-1.2438,0.695,-12.65,0,Run,0,9,Drive,-94.1396,-90.5255,-1.2273,0.7387,-12.0126,0.0071,0,0,Backhand prepare 1.00,0,9,-5.2647,-92.6756,0,0,Perfect,,-1.1638,-12.35,1.95,11.2,0,0,0,0.1981,0,0.0017
926,PlayerServeHold,None,1,-0.005,52,-3.1351,2.5413,-16.7311,-1.2663,0.695,-12.65,0,Run,0,9,Drive,-93.4386,-90.4,-1.2402,0.7425,-12.014,0.0164,0,0,Backhand prepare 1.00,0,9,-5.2647,-92.7583,0,0,Perfect,,-1.1863,-12.35,1.95,11.2,0,0,0,0.2082,0,0.0014
927,PlayerServeHold,None,1,-0.005,52,-3.1528,2.5423,-16.7306,-1.2775,0.695,-12.65,0,Run,0,9,Drive,-92.6071,-90.2533,-1.24,0.7455,-12.0155,0.0406,0,0,Backhand prepare 1.00,0,9,-5.2647,-92.8475,0,0,Perfect,,-1.1975,-12.35,1.95,11.2,0,0,0,0.2169,0,0.0011
928,PlayerServeHold,None,1,-0.005,52,-3.1711,2.5434,-16.7301,-1.3,0.695,-12.65,0,Run,0,9,Drive,-91.5686,-90.0654,-1.2482,0.748,-12.0177,0.191,0,0,Backhand prepare 1.00,0,9,-5.2647,-92.9323,0,0,Perfect,,-1.22,-12.35,1.95,11.2,0,0,0,0.2337,0,0.0009
929,PlayerServeHold,None,1,-0.005,52,-3.1888,2.5444,-16.7295,-1.3113,0.695,-12.65,0,Run,0,9,Drive,-90.62,-89.91,-1.2457,0.7479,-12.02,0,0,0,Backhand prepare 1.00,0,9,-5.2647,-93.0048,0,0,Perfect,,-1.2313,-12.35,1.95,11.2,0,0,0,0.2294,0,0.0007
930,PlayerServeHold,None,1,-0.005,52,-3.207,2.5455,-16.729,-1.3338,0.695,-12.65,0,Run,0,9,Drive,-89.7149,-89.7719,-1.2554,0.7468,-12.0222,0,0,0,Backhand prepare 1.00,0,9,-5.2647,-93.0585,0,0,Perfect,,-1.2538,-12.35,1.95,11.2,0,0,0,0.2142,0,0.0005
931,PlayerServeHold,None,1,-0.005,52,-3.2248,2.5465,-16.7285,-1.345,0.695,-12.65,0,Run,0,9,Drive,-88.8001,-89.6347,-1.2536,0.7441,-12.0246,0,0,0,Backhand prepare 1.00,0,9,-5.2647,-93.0948,0,0,Perfect,,-1.265,-12.35,1.95,11.2,0,0,0,0.1956,0,0.0004
932,PlayerServeHold,None,1,-0.005,52,-3.243,2.5476,-16.7279,-1.3675,0.695,-12.65,0,Run,0,9,Drive,-87.7675,-89.4692,-1.2612,0.7389,-12.0276,0,0,0,Backhand prepare 1.00,0,9,-5.2647,-93.1142,0,0,Perfect,,-1.2875,-12.35,1.95,11.2,0,0,0,0.1872,0,0.0003
933,PlayerServeHold,None,1,-0.005,52,-3.2607,2.5487,-16.7274,-1.3788,0.695,-12.65,0,Run,0,9,Drive,-86.8484,-89.3323,-1.2591,0.733,-12.0301,0.6215,0,0,Backhand prepare 1.00,0,9,-5.2647,-93.1192,0,0,Perfect,,-1.2988,-12.35,1.95,11.2,0,0,0,0.1676,0,0.0003
934,PlayerServeHold,None,1,-0.005,52,-3.2789,2.5498,-16.7269,-1.4013,0.695,-12.65,0,Run,0,9,Drive,-86.1102,-89.2379,-1.2711,0.7271,-12.0326,0.5977,0,0,Backhand prepare 1.00,0,9,-5.2647,-93.113,0,0,Perfect,,-1.3213,-12.35,1.95,11.2,0,0,0,0.1338,0,0.0002
935,PlayerServeHold,None,1,-0.005,52,-3.2966,2.5509,-16.7263,-1.4125,0.695,-12.65,0,Run,0,9,Drive,-85.47,-89.1619,-1.2731,0.7209,-12.0347,0.1062,0,0,Backhand prepare 1.00,0,9,-5.2647,-93.0991,0,0,Perfect,,-1.3325,-12.35,1.95,11.2,0,0,0,0.0979,0,0.0002
936,PlayerServeHold,None,1,-0.005,52,-3.3148,2.552,-16.7257,-1.435,0.695,-12.65,0,Run,0,9,Drive,-84.8795,-89.0898,-1.2872,0.7286,-11.9906,0.2525,0,0,Backhand prepare 1.00,0,9,-5.2647,-93.081,0,0,Perfect,,-1.355,-12.35,1.95,11.2,0,0,0,0.0692,0,0.0001
937,PlayerServeHold,None,1,-0.005,52,-3.3325,2.5532,-16.7252,-1.4463,0.695,-12.65,0,Run,0,9,Drive,-84.3984,-89.0354,-1.2916,0.7228,-11.9922,0.256,0,0,Backhand prepare 1.00,0,9,-5.2647,-93.0617,0,0,Perfect,,-1.3663,-12.35,1.95,11.2,0,0,0,0.0431,0,0.0001
938,PlayerServeHold,None,1,-0.005,52,-3.3506,2.5543,-16.7246,-1.4688,0.695,-12.65,0,Run,0,9,Drive,-84.1292,-89.0228,-1.3104,0.7196,-11.9932,0.0061,0,0,Backhand prepare 1.00,0,9,-5.2647,-93.0435,0,0,Perfect,,-1.3888,-12.35,1.95,11.2,0,0,0,0,0,0.0001
939,PlayerServeHold,None,1,-0.005,52,-3.3683,2.5554,-16.7241,-1.48,0.695,-12.65,0,Run,0,9,Drive,-84.0135,-89.0349,-1.3199,0.7181,-11.9936,0.0011,0,0,Backhand prepare 1.00,0,9,-5.2647,-93.0301,0,0,Perfect,,-1.4,-12.35,1.95,11.2,0,0,0,0.0504,0,0.0001
940,PlayerServeHold,None,1,-0.005,52,-3.3864,2.5566,-16.7235,-1.5025,0.695,-12.65,0,Run,0,9,Drive,-84.0618,-89.0738,-1.3439,0.7189,-11.9934,0.0031,0,0,Backhand prepare 1.00,0,9,-5.2647,-93.0201,0,0,Perfect,,-1.4225,-12.35,1.95,11.2,0,0,0,0.0833,0,0
941,PlayerServeHold,None,1,-0.005,52,-3.4041,2.5578,-16.723,-1.5138,0.695,-12.65,0,Run,0,9,Drive,-84.2744,-89.1389,-1.358,0.7214,-11.9927,0.0015,0,0,Backhand prepare 1.00,0,9,-5.2647,-93.0128,0,0,Perfect,,-1.4338,-12.35,1.95,11.2,0,0,0,0.1166,0,0
942,PlayerServeHold,None,1,-0.005,52,-3.4222,2.5589,-16.7224,-1.5363,0.695,-12.65,0,Run,0,9,Drive,-84.5988,-89.2167,-1.3853,0.7252,-11.9915,0.0002,0,0,Backhand prepare 1.00,0,9,-5.2647,-93.0073,0,0,Perfect,,-1.4563,-12.35,1.95,11.2,0,0,0,0.1437,0,0
943,PlayerServeHold,None,1,-0.005,52,-3.4398,2.5601,-16.7218,-1.5475,0.695,-12.65,0,Run,0,9,Drive,-85.0531,-89.3121,-1.4033,0.7303,-11.99,0.0016,0,0,Backhand prepare 1.00,0,9,-5.2647,-93.0033,0,0,Perfect,,-1.4675,-12.35,1.95,11.2,0,0,0,0.1667,0,0
944,PlayerServeHold,None,1,-0.005,52,-3.4579,2.5613,-16.7213,-1.57,0.695,-12.65,0,Run,0,9,Drive,-85.6609,-89.4319,-1.4348,0.7365,-11.988,0.0027,0,0,Backhand prepare 1.00,0,9,-5.2647,-93.0003,0,0,Perfect,,-1.49,-12.35,1.95,11.2,0,0,0,0.1874,0,0
945,PlayerServeHold,None,1,-0.005,52,-3.4755,2.5625,-16.7207,-1.5813,0.695,-12.65,0,Run,0,9,Drive,-86.496,-89.5947,-1.447,0.7301,-12.0312,0.03,0,0,Backhand prepare 1.00,0,9,-5.2647,-92.9981,0,0,Perfect,,-1.5013,-12.35,1.95,11.2,0,0,0,0.2142,0,0
946,PlayerServeHold,None,1,-0.005,52,-3.4935,2.5637,-16.7201,-1.6038,0.695,-12.65,0,Run,0,9,Drive,-87.3232,-89.7419,-1.4931,0.7505,-11.9835,0.1145,0,0,Backhand prepare 1.00,0,9,-5.2647,-92.9964,0,0,Perfect,,-1.5238,-12.35,1.95,11.2,0,0,0,0.2245,0,0
947,PlayerServeHold,None,1,-0.005,52,-3.5111,2.5649,-16.7196,-1.615,0.695,-12.65,0,Run,0,9,Drive,-88.1608,-89.8806,-1.5163,0.7412,-12.0265,0.1425,0,0,Backhand prepare 1.00,0,9,-5.2647,-92.9982,0,0,Perfect,,-1.535,-12.35,1.95,11.2,0,0,0,0.2234,0,0
948,PlayerServeHold,None,1,-0.005,52,-3.5291,2.5661,-16.719,-1.6375,0.695,-12.65,0,Run,0,9,Drive,-89.0578,-90.026,-1.5518,0.745,-12.0242,0,0,0,Backhand prepare 1.00,0,9,-5.2647,-92.9996,0,0,Perfect,,-1.5575,-12.35,1.95,11.2,0,0,0,0.2178,0,0
949,PlayerServeHold,None,1,-0.005,52,-3.5467,2.5673,-16.7185,-1.6488,0.695,-12.65,0,Run,0,9,Drive,-90.129,-90.2084,-1.5785,0.7474,-12.0216,0,0,0,Backhand prepare 1.00,0,9,-5.2647,-93.0005,0,0,Perfect,,-1.5688,-12.35,1.95,11.2,0,0,0,0.2221,0,0
950,PlayerServeHold,None,1,-0.005,52,-3.5646,2.5685,-16.7179,-1.6713,0.695,-12.65,0,Run,0,9,Drive,-91.1569,-90.3742,-1.6156,0.7482,-12.0192,0,0,0,Backhand prepare 1.00,0,9,-5.2647,-93.0013,0,0,Perfect,,-1.5913,-12.35,1.95,11.2,0,0,0,0.2149,0,0
951,PlayerServeHold,None,1,-0.005,52,-3.5821,2.5698,-16.7174,-1.6825,0.695,-12.65,0,Run,0,9,Drive,-92.0356,-90.4998,-1.639,0.7472,-12.0173,0,0,0,Backhand prepare 1.00,0,9,-5.2647,-93.0018,0,0,Perfect,,-1.6025,-12.35,1.95,11.2,0,0,0,0.1903,0,0
952,PlayerServeHold,None,1,-0.005,52,-3.6001,2.571,-16.7168,-1.705,0.695,-12.65,0,Run,0,9,Drive,-92.8617,-90.6132,-1.6729,0.7448,-12.0154,0.4523,0,0,Backhand prepare 1.00,0,9,-5.2647,-93.0022,0,0,Perfect,,-1.625,-12.35,1.95,11.2,0,0,0,0.1613,0,0
953,PlayerServeHold,None,1,-0.005,52,-3.6175,2.5722,-16.7163,-1.7163,0.695,-12.65,0,Run,0,9,Drive,-93.704,-90.7341,-1.6838,0.7408,-12.0043,1.354,0,0,Backhand prepare 1.00,0,9,-5.2647,-93.0025,0,0,Perfect,,-1.6363,-12.35,1.95,11.2,0,0,0,0.1385,0,0
954,PlayerServeHold,None,1,-0.005,52,-3.6354,2.5735,-16.7157,-1.7388,0.695,-12.65,0,Run,0,9,Drive,-94.4969,-90.8474,-1.7286,0.7363,-12.0123,1.4268,0,0,Backhand prepare 1.00,0,9,-5.2647,-93.0027,0,0,Perfect,,-1.6588,-12.35,1.95,11.2,0,0,0,0.1158,0,0
955,PlayerServeHold,None,1,-0.005,52,-3.6529,2.5747,-16.7152,-1.75,0.695,-12.65,0,Run,0,9,Drive,-95.0613,-90.9101,-1.7472,0.7323,-12.0112,0.0655,0,0,Backhand prepare 1.00,0,9,-5.2647,-93.0029,0,0,Perfect,,-1.67,-12.35,1.95,11.2,0,0,0,0.081,0,0
956,PlayerServeHold,None,1,-0.005,52,-3.6707,2.576,-16.7147,-1.7725,0.695,-12.65,0,Run,0,9,Drive,-95.4861,-90.9476,-1.775,0.7287,-12.011,0.028,0,0,Backhand prepare 1.00,0,9,-5.2647,-93.003,0,0,Perfect,,-1.6925,-12.35,1.95,11.2,0,0,0,0.0464,0,0
957,PlayerServeHold,None,1,-0.005,52,-3.6881,2.5772,-16.7141,-1.7838,0.695,-12.65,0,Run,0,9,Drive,-95.7848,-90.9654,-1.7899,0.7261,-12.0102,0.0061,0,0,Backhand prepare 1.00,0,9,-5.2647,-93.0031,0,0,Perfect,,-1.7038,-12.35,1.95,11.2,0,0,0,0,0,0
958,PlayerServeHold,None,1,-0.005,52,-3.7059,2.5785,-16.7136,-1.8063,0.695,-12.65,0,Run,0,9,Drive,-95.9655,-90.9667,-1.8146,0.7243,-12.0099,0.0108,0,0,Backhand prepare 1.00,0,9,-5.2647,-93.003,0,0,Perfect,,-1.7263,-12.35,1.95,11.2,0,0,0,0.0474,0,0
959,PlayerServeHold,None,1,-0.005,52,-3.7233,2.5797,-16.7131,-1.8175,0.695,-12.65,0,Run,0,9,Drive,-95.9737,-90.9387,-1.8263,0.7244,-12.0099,0.0007,0,0,Backhand prepare 1.00,0,9,-5.2647,-93.003,0,0,Perfect,,-1.7375,-12.35,1.95,11.2,0,0,0,0.0766,0,0
960,PlayerServeHold,None,1,-0.005,52,-3.7411,2.581,-16.7126,-1.84,0.695,-12.65,0,Run,0,9,Drive,-95.8243,-90.8859,-1.846,0.7256,-12.0099,0.0026,0,0,Backhand prepare 1.00,0,9,-5.2647,-93.0029,0,0,Perfect,,-1.76,-12.35,1.95,11.2,0,0,0,0.1079,0,0
961,PlayerServeHold,None,1,-0.005,52,-3.7584,2.5822,-16.7121,-1.8513,0.695,-12.65,0,Run,0,9,Drive,-95.5132,-90.8078,-1.8533,0.7285,-12.0104,0.0014,0,0,Backhand prepare 1.00,0,9,-5.2647,-93.0029,0,0,Perfect,,-1.7713,-12.35,1.95,11.2,0,0,0,0.1378,0,0
962,PlayerServeHold,None,1,-0.005,52,-3.7761,2.5835,-16.7116,-1.8738,0.695,-12.65,0,Run,0,9,Drive,-94.987,-90.6912,-1.8687,0.7328,-12.0112,0.0008,0,0,Backhand prepare 1.00,0,9,-5.2647,-93.0029,0,0,Perfect,,-1.7938,-12.35,1.95,11.2,0,0,0,0.1707,0,0
963,PlayerServeHold,None,1,-0.005,52,-3.7934,2.5848,-16.7111,-1.885,0.695,-12.65,0,Run,0,9,Drive,-94.3917,-90.5728,-1.872,0.737,-12.0122,0.0037,0,0,Backhand prepare 1.00,0,9,-5.2647,-93.0028,0,0,Perfect,,-1.805,-12.35,1.95,11.2,0,0,0,0.1926,0,0
964,PlayerServeHold,None,1,-0.005,52,-3.811,2.586,-16.7106,-1.9075,0.695,-12.65,0,Run,0,9,Drive,-93.7291,-90.4516,-1.8854,0.741,-12.0134,0.0047,0,0,Backhand prepare 1.00,0,9,-5.2647,-93.0028,0,0,Perfect,,-1.8275,-12.35,1.95,11.2,0,0,0,0.2046,0,0
965,PlayerServeHold,None,1,-0.005,52,-3.8283,2.5873,-16.7101,-1.9188,0.695,-12.65,0,Run,0,9,Drive,-92.9643,-90.3171,-1.8862,0.7444,-12.0149,0.0223,0,0,Backhand prepare 1.00,0,9,-5.2647,-93.0028,0,0,Perfect,,-1.8388,-12.35,1.95,11.2,0,0,0,0.2126,0,0
966,PlayerServeHold,None,1,-0.005,52,-3.8459,2.5885,-16.7096,-1.9413,0.695,-12.65,0,Run,0,9,Drive,-91.9911,-90.1412,-1.8952,0.7472,-12.0167,0.1461,0,0,Backhand prepare 1.00,0,9,-5.2647,-93.0028,0,0,Perfect,,-1.8613,-12.35,1.95,11.2,0,0,0,0.2279,0,0
967,PlayerServeHold,None,1,-0.005,52,-3.8631,2.5898,-16.7092,-1.9525,0.695,-12.65,0,Run,0,9,Drive,-90.9854,-89.9677,-1.8921,0.7481,-12.0191,0,0,0,Backhand prepare 1.00,0,9,-5.2647,-93.0028,0,0,Perfect,,-1.8725,-12.35,1.95,11.2,0,0,0,0.2341,0,0
968,PlayerServeHold,None,1,-0.005,52,-3.8807,2.591,-16.7087,-1.975,0.695,-12.65,0,Run,0,9,Drive,-90.0785,-89.827,-1.9019,0.7477,-12.0213,0,0,0,Backhand prepare 1.00,0,9,-5.2647,-93.0028,0,0,Perfect,,-1.895,-12.35,1.95,11.2,0,0,0,0.2216,0,0
969,PlayerServeHold,None,1,-0.005,52,-3.8978,2.5923,-16.7083,-1.9863,0.695,-12.65,0,Run,0,9,Drive,-89.1728,-89.6909,-1.9002,0.7454,-12.0236,0,0,0,Backhand prepare 1.00,0,9,-5.2647,-93.0028,0,0,Perfect,,-1.9063,-12.35,1.95,11.2,0,0,0,0.2039,0,0
970,PlayerServeHold,None,1,-0.005,52,-3.9153,2.5935,-16.7078,-2.0088,0.695,-12.65,0,Run,0,9,Drive,-88.1918,-89.538,-1.9086,0.7412,-12.0264,0,0,0,Backhand prepare 1.00,0,9,-5.2647,-93.0028,0,0,Perfect,,-1.9288,-12.35,1.95,11.2,0,0,0,0.191,0,0
971,PlayerServeHold,None,1,-0.005,52,-3.9324,2.5948,-16.7074,-2.02,0.695,-12.65,0,Run,0,9,Drive,-87.1838,-89.379,-1.9052,0.7354,-12.0292,0.3084,0,0,Backhand prepare 1.00,0,9,-5.2647,-93.0028,0,0,Perfect,,-1.94,-12.35,1.95,11.2,0,0,0,0.1805,0,0
972,PlayerServeHold,None,1,-0.005,52,-3.9499,2.596,-16.707,-2.0425,0.695,-12.65,0,Run,0,9,Drive,-86.394,-89.2732,-1.9164,0.7294,-12.0315,0.491,0,0,Backhand prepare 1.00,0,9,-5.2647,-93.0028,0,0,Perfect,,-1.9625,-12.35,1.95,11.2,0,0,0,0.1503,0,0
973,PlayerServeHold,None,1,-0.005,52,-3.9669,2.5973,-16.7065,-2.0538,0.695,-12.65,0,Run,0,9,Drive,-85.7148,-89.1903,-1.9179,0.7234,-12.034,0.2419,0,0,Backhand prepare 1.00,0,9,-5.2647,-93.0028,0,0,Perfect,,-1.9738,-12.35,1.95,11.2,0,0,0,0.1149,0,0
974,PlayerServeHold,None,1,-0.005,52,-3.9844,2.5985,-16.7061,-2.0763,0.695,-12.65,0,Run,0,9,Drive,-85.115,-89.1194,-1.9318,0.7174,-12.0358,0.2157,0,0,Backhand prepare 1.00,0,9,-5.2647,-93.0028,0,0,Perfect,,-1.9963,-12.35,1.95,11.2,0,0,0,0.0828,0,0
975,PlayerServeHold,None,1,-0.005,52,-4.0013,2.5997,-16.7057,-2.0875,0.695,-12.65,0,Run,0,9,Drive,-84.5625,-89.0512,-1.9352,0.7248,-11.9917,0.222,0,0,Backhand prepare 1.00,0,9,-5.2647,-93.0028,0,0,Perfect,,-2.0075,-12.35,1.95,11.2,0,0,0,0.0568,0,0
976,PlayerServeHold,None,1,-0.005,52,-4.0187,2.6009,-16.7053,-2.11,0.695,-12.65,0,Run,0,9,Drive,-84.2162,-89.0241,-1.9528,0.7206,-11.9929,0.0067,0,0,Backhand prepare 1.00,0,9,-5.2647,-93.0028,0,0,Perfect,,-2.03,-12.35,1.95,11.2,0,0,0,0,0,0
977,PlayerServeHold,None,1,-0.005,52,-4.0357,2.6021,-16.705,-2.1213,0.695,-12.65,0,Run,0,9,Drive,-84.0415,-89.0275,-1.9616,0.7185,-11.9935,0.0033,0,0,Backhand prepare 1.00,0,9,-5.2647,-93.0028,0,0,Perfect,,-2.0413,-12.35,1.95,11.2,0,0,0,0.0431,0,0
978,PlayerServeHold,None,1,-0.005,52,-4.053,2.6033,-16.7046,-2.1436,0.695,-12.65,0,Run,0,9,Drive,-84.0209,-89.0555,-1.9839,0.7182,-11.9936,0.0027,0,0,Backhand prepare 1.00,0,9,-5.2647,-93.0028,0,0,Perfect,,-2.0636,-12.35,1.95,11.2,0,0,0,0.0727,0,0
979,PlayerServeHold,None,1,-0.005,52,-4.0698,2.6045,-16.7042,-2.1546,0.695,-12.65,0,Run,0,9,Drive,-84.1719,-89.1115,-1.9977,0.7201,-11.993,0.0035,0,0,Backhand prepare 1.00,0,9,-5.2647,-93.0028,0,0,Perfect,,-2.0746,-12.35,1.95,11.2,0,0.0001,0.1331,0.1061,0,0
980,PlayerServeHold,None,1,-0.005,52,-4.087,2.6057,-16.7039,-2.1758,0.695,-12.65,0,Run,0,9,Drive,-84.4418,-89.1819,-2.0232,0.7232,-11.9921,0.0048,0,0,Backhand prepare 1.00,0,9,-5.2647,-93.0028,0,0,Perfect,,-2.0958,-12.35,1.95,11.2,0,0.0004,0.3455,0.1349,0,0
981,PlayerServeHold,None,1,-0.005,52,-4.1036,2.6069,-16.7035,-2.1861,0.695,-12.65,0,Run,0,9,Drive,-84.8082,-89.2614,-2.0398,0.7274,-11.9908,0.0085,0,0,Backhand prepare 1.00,0,9,-5.2647,-93.0028,0,0,Perfect,,-2.1061,-12.35,1.95,11.2,0,0.001,0.7538,0.1558,0,0
982,PlayerServeHold,None,1,-0.005,52,-4.1205,2.6081,-16.7032,-2.206,0.695,-12.65,0,Run,0,9,Drive,-85.2782,-89.353,-2.0669,0.7326,-11.9892,0.006,0,0,Backhand prepare 1.00,0,9,-5.2647,-93.0028,0,0,Perfect,,-2.126,-12.35,1.95,11.2,0,0.0018,0.8349,0.1705,0,0
983,PlayerServeHold,None,1,-0.005,52,-4.1368,2.6093,-16.7029,-2.2157,0.695,-12.65,0,Run,0,9,Drive,-85.883,-89.6373,-2.087,0.7356,-11.9873,0.0088,0,0,Backhand prepare 1.00,0,9,-5.2647,-93.0028,0,0,Perfect,,-2.1357,-12.35,1.95,11.2,0,0.0029,1.1397,0.3895,0,0
984,PlayerServeHold,None,1,-0.005,52,-4.1532,2.6104,-16.7026,-2.2344,0.695,-12.65,0,Run,0,9,Drive,-86.6222,-89.8991,-2.1059,0.7274,-12.0298,0.0108,0,0,Backhand prepare 1.00,0,9,-5.2647,-93.0028,0,0,Perfect,,-2.1544,-12.35,1.95,11.2,0,0.004,1.1391,0.5525,0,0
985,PlayerServeHold,None,1,-0.005,52,-4.1691,2.6116,-16.7023,-2.2434,0.695,-12.65,0,Run,0,9,Drive,-87.2964,-90.0004,-2.1367,0.7457,-11.9837,0.1033,0,0,Backhand prepare 1.00,0,9,-5.2647,-93.0028,0,0,Perfect,,-2.1634,-12.35,1.95,11.2,0,0.0051,1.3798,0.5392,0,0
986,PlayerServeHold,None,1,-0.005,52,-4.1851,2.6127,-16.702,-2.2608,0.695,-12.65,0,Run,0,9,Drive,-87.9624,-90.0796,-2.1518,0.7349,-12.024,0.0918,0,0,Backhand prepare 1.00,0,9,-5.2647,-93.0028,0,0,Perfect,,-2.1808,-12.35,1.95,11.2,0,0.0061,1.3286,0.5016,0,0
987,PlayerServeHold,None,1,-0.005,52,-4.2004,2.6138,-16.7017,-2.2692,0.695,-12.65,0,Run,0,9,Drive,-88.5993,-90.1299,-2.1705,0.7373,-12.0211,0.2236,0,0,Backhand prepare 1.00,0,9,-5.2647,-93.0028,0,0,Perfect,,-2.1892,-12.35,1.95,11.2,0,0.0069,1.5294,0.4483,0,0
988,PlayerServeHold,None,1,-0.005,52,-4.2158,2.6149,-16.7014,-2.2854,0.695,-12.65,0,Run,0,9,Drive,-89.1852,-90.1353,-2.1989,0.7389,-12.0188,0,0,0,Backhand prepare 1.00,0,9,-5.2647,-93.0028,0,0,Perfect,,-2.2054,-12.35,1.95,11.2,0,0.0076,1.4467,0.3887,0,0
989,PlayerServeHold,None,1,-0.005,52,-4.2306,2.616,-16.7011,-2.2931,0.695,-12.65,0,Run,0,9,Drive,-89.6693,-90.0628,-2.2231,0.7394,-12.0166,0,0,0,Backhand prepare 1.00,0,9,-5.2647,-93.0028,0,0,Perfect,,-2.2131,-12.35,1.95,11.2,0,0.0081,1.623,0.3381,0,0
990,PlayerServeHold,None,1,-0.005,52,-4.2454,2.6171,-16.7009,-2.308,0.695,-12.65,0,Run,0,9,Drive,-89.9386,-89.8756,-2.2665,0.7517,-11.9805,0,0,0,Backhand prepare 1.00,0,9,-5.2647,-93.0028,0,0,Perfect,,-2.228,-12.35,1.95,11.2,0,0.0084,1.5208,0.3084,0,0
991,PlayerServeHold,None,1,-0.005,52,-4.2595,2.6182,-16.7007,-2.3152,0.695,-12.65,0,Run,0,9,Drive,-89.9169,-89.5508,-2.2905,0.7498,-11.9842,1.1753,0,0,Backhand prepare 1.00,0,9,-5.2647,-93.0028,0,0,Perfect,,-2.2352,-12.35,1.95,11.2,0,0.0086,1.682,0.2446,0,0
992,PlayerServeHold,None,1,-0.005,52,-4.2736,2.6193,-16.7004,-2.3288,0.695,-12.65,0,Run,0,9,Drive,-89.7281,-89.1518,-2.3209,0.7482,-11.9866,0.7901,0,0,Backhand prepare 1.00,0,9,-5.2647,-93.0028,0,0,Perfect,,-2.2488,-12.35,1.95,11.2,0,0.0087,1.5673,0.3034,0,0
993,PlayerServeHold,None,1,-0.005,52,-4.287,2.6203,-16.7002,-2.3353,0.695,-12.65,0,Run,0,9,Drive,-89.3889,-88.6948,-2.3446,0.7421,-12.0317,0.3642,0,0,Backhand prepare 1.00,0,9,-5.2647,-93.0028,0,0,Perfect,,-2.2553,-12.35,1.95,11.2,0,0.0087,1.7194,0.3936,0,0
994,PlayerServeHold,None,1,-0.005,52,-4.3003,2.6214,-16.7,-2.3476,0.695,-12.65,0,Run,0,9,Drive,-88.9558,-88.2253,-2.3721,0.7501,-12.0345,0.4326,0,0,Backhand prepare 1.00,0,9,-5.2647,-93.0028,0,0,Perfect,,-2.2676,-12.35,1.95,11.2,0,0.0087,1.5973,0.4708,0,0
995,PlayerServeHold,None,1,-0.005,52,-4.313,2.6224,-16.6998,-2.3535,0.695,-12.65,0,Run,0,9,Drive,-88.4332,-87.7455,-2.3938,0.7554,-12.0397,0.3277,0,0,Backhand prepare 1.00,0,9,-5.2647,-93.0028,0,0,Perfect,,-2.2735,-12.35,1.95,11.2,0,0.0087,1.7436,0.5255,0,0
996,PlayerServeHold,None,1,-0.005,52,-4.3256,2.6234,-16.6997,-2.3646,0.695,-12.65,0,Run,0,9,Drive,-87.8539,-87.2763,-2.4256,0.7564,-12.0496,0.1014,0,0,Backhand prepare 1.00,0,9,-5.2647,-93.0028,0,0,Perfect,,-2.2846,-12.35,1.95,11.2,0,0.0086,1.6167,0.5518,0,0
997,PlayerServeHold,None,1,-0.005,52,-4.3375,2.6244,-16.6995,-2.3698,0.695,-12.65,0,Run,0,9,Drive,-87.1697,-86.7987,-2.4525,0.7541,-12.0615,0.3334,0,0,Backhand prepare 1.00,0,9,-5.2647,-93.0028,0,0,Perfect,,-2.2898,-12.35,1.95,11.2,0,0.0086,1.76,0.5683,0,0
998,PlayerServeHold,None,1,-0.005,52,-4.3492,2.6254,-16.6993,-2.3796,0.695,-12.65,0,Run,0,9,Drive,-86.4071,-86.336,-2.4774,0.7517,-12.0705,0.1098,0,0,Backhand prepare 1.00,0,9,-5.2647,-93.0028,0,0,Perfect,,-2.2996,-12.35,1.95,11.2,0,0.0085,1.6301,0.5776,0,0
999,PlayerServeHold,None,1,-0.005,52,-4.3603,2.6263,-16.6992,-2.3842,0.695,-12.65,0,Run,0,9,Drive,-85.575,-85.8835,-2.4948,0.7525,-12.0778,0.1835,0,0,Backhand prepare 1.00,0,9,-5.2647,-93.0028,0,0,Perfect,,-2.3042,-12.35,1.95,11.2,0,0.0086,1.7717,0.5855,0,0
1000,PlayerServeHold,None,1,-0.005,52,-4.3712,2.6273,-16.6991,-2.3927,0.695,-12.65,0,Run,0,9,Drive,-84.7431,-85.4657,-2.5172,0.7551,-12.0813,0.2601,0,0,Backhand prepare 1.00,0,9,-5.2647,-93.0028,0,0,Perfect,,-2.3127,-12.35,1.95,11.2,0,0.0085,1.6399,0.5783,0,0
1001,PlayerServeHold,None,1,-0.005,52,-4.3815,2.6282,-16.699,-2.3966,0.695,-12.65,0,Run,0,9,Drive,-83.885,-85.0628,-2.535,0.7595,-12.0837,0.246,0,0,Backhand prepare 1.00,0,9,-5.2647,-93.0028,0,0,Perfect,,-2.3166,-12.35,1.95,11.2,0,0.0086,1.781,0.571,0,0
1002,PlayerServeHold,None,1,-0.005,52,-4.3914,2.6291,-16.6989,-2.4039,0.695,-12.65,0,Run,0,9,Drive,-83.0192,-84.6739,-2.5536,0.7612,-12.0904,0.2374,0,0,Backhand prepare 1.00,0,9,-5.2647,-93.0028,0,0,Perfect,,-2.3239,-12.35,1.95,11.2,0,0.0086,1.6481,0.5594,0,0
1003,PlayerServeHold,None,1,-0.005,52,-4.4009,2.63,-16.6988,-2.4072,0.695,-12.65,0,Run,0,9,Drive,-82.1123,-84.2806,-2.5692,0.7648,-12.1002,0.2546,0,0,Backhand prepare 1.00,0,9,-5.2647,-93.0028,0,0,Perfect,,-2.3272,-12.35,1.95,11.2,0,0.0087,1.7893,0.556,0,0
1004,PlayerServeHold,None,1,-0.005,52,-4.41,2.6309,-16.6987,-2.4131,0.695,-12.65,0,Run,0,9,Drive,-81.1737,-83.8852,-2.5928,0.7704,-12.1141,0.2618,0,0,Backhand prepare 1.00,0,9,-5.2647,-93.0028,0,0,Perfect,,-2.3331,-12.35,1.95,11.2,0,0.0087,1.6563,0.5567,0,0
1005,PlayerServeHold,None,1,-0.005,52,-4.4185,2.6317,-16.6987,-2.4158,0.695,-12.65,0,Run,0,9,Drive,-80.1518,-83.4586,-2.6132,0.7778,-12.1288,0.2743,0,0,Backhand prepare 1.00,0,9,-5.2647,-93.0028,0,0,Perfect,,-2.3358,-12.35,1.95,11.2,0,0.0087,1.7988,0.5736,0,0
1006,PlayerServeHold,None,1,-0.005,52,-4.4267,2.6326,-16.6986,-2.4204,0.695,-12.65,0,Run,0,9,Drive,-78.997,-82.9706,-2.6292,0.7812,-12.1374,0.2914,0,0,Backhand prepare 1.00,0,9,-5.2647,-93.0028,0,0,Perfect,,-2.3404,-12.35,1.95,11.2,0,0.0087,1.6654,0.6118,0,0
1007,PlayerServeHold,None,1,-0.005,52,-4.4343,2.6334,-16.6986,-2.4224,0.695,-12.65,0,Run,0,9,Drive,-77.7607,-82.4483,-2.6401,0.7838,-12.1471,0.302,0,0,Backhand prepare 1.00,0,9,-5.2647,-93.0028,0,0,Perfect,,-2.3424,-12.35,1.95,11.2,0,0.0088,1.8106,0.656,0,0
1008,PlayerServeHold,None,1,-0.005,52,-4.4415,2.6342,-16.6986,-2.4617,0.695,-12.638,0,Run,0,9,Drive,-69.5319,-74.9554,-2.6266,0.7817,-12.1311,1.4793,0,0,Backhand prepare 1.00,0,9,-5.2647,-93.0028,0,0,Perfect,,-2.3458,-12.35,1.95,11.2,0,0.0088,1.6777,0.6846,0,0
1009,PlayerServeHold,None,1,-0.005,52,-4.4482,2.635,-16.6986,-2.4973,0.695,-12.6217,0,Run,0,9,Drive,-61.2807,-67.4532,-2.6112,0.7806,-12.1171,1.4832,0,0,Backhand prepare 1.00,0,9,-5.2647,-93.0028,0,0,Perfect,,-2.3471,-12.35,1.95,11.2,0,0.0089,1.8288,0.7001,0,0
1010,PlayerServeHold,None,1,-0.005,52,-4.4546,2.6357,-16.6986,-2.5318,0.695,-12.6014,0,Run,0,9,Drive,-53.0535,-59.9265,-2.596,0.7804,-12.0949,1.4842,0,0,Backhand prepare 1.00,0,9,-5.2647,-93.0028,0,0,Perfect,,-2.3496,-12.35,1.95,11.2,0,0.0089,1.6983,0.6879,0,0
1011,PlayerServeHold,None,1,-0.005,52,-4.4603,2.6365,-16.6986,-2.5615,0.695,-12.5773,0,Run,0,9,Drive,-44.9348,-52.4151,-2.575,0.7797,-12.0703,0,0,0,Backhand prepare 1.00,0,9,-5.2647,-93.0028,0,0,Perfect,,-2.35,-12.35,1.95,11.2,0,0.0087,1.4287,0.6267,0,0
1012,PlayerServeHold,None,1,-0.005,52,-4.4656,2.6372,-16.6987,-2.5876,0.695,-12.5499,0,Serve prepare 0.00,0,9,Drive,-37.3441,-46.9565,-2.5618,0.7682,-12.0755,0,0.2083,0.1667,Backhand prepare 1.00,0,9,-5.2647,-93.0028,0,0,Perfect,,-2.35,-12.35,1.95,11.2,0,0.0074,1.7969,2.4418,0,0
1013,PlayerServeHold,None,1,-0.005,52,-4.4704,2.6379,-16.6987,-2.6102,0.695,-12.5194,0,Serve prepare 0.00,0,9,Drive,-28.9432,-40.1574,-2.5839,0.8149,-12.0431,0,0.4167,0.3333,Backhand prepare 1.00,0,9,-5.2647,-93.0028,0,0,Perfect,,-2.35,-12.35,1.95,11.2,0,0.0057,1.5268,3.5581,0,0
1014,PlayerServeHold,None,1,-0.005,52,-4.4747,2.6386,-16.6988,-2.6289,0.695,-12.4864,0,Serve prepare 0.00,0,9,Drive,-16.1971,-31.3978,-2.4786,0.7432,-12.0662,0,0.625,0.5,Backhand prepare 1.00,0,9,-5.2647,-93.0028,0,0,Perfect,,-2.35,-12.35,1.95,11.2,0,0.0037,0.9719,5.392,0,0
1015,PlayerServeHold,None,1,-0.005,52,-4.4787,2.6392,-16.6989,-2.6434,0.695,-12.4514,0,Serve prepare 0.00,0,9,Drive,-2.7258,-21.5133,-2.458,0.7437,-12.105,0,0.8333,0.6667,Backhand prepare 1.00,0,9,-5.2647,-93.0028,0,0,Perfect,,-2.35,-12.35,1.95,11.2,0,0.0019,0.5836,6.4281,0,0
1016,PlayerServeHold,None,1,-0.005,52,-4.4822,2.6399,-16.699,-2.6536,0.695,-12.4149,0,Serve prepare 0.00,0,9,Drive,12.3483,-10.1403,-2.385,0.7406,-12.107,0,1,0.8333,Backhand prepare 1.00,0,9,-5.2647,-93.0028,0,0,Perfect,,-2.35,-12.35,1.95,11.2,0,0.0005,0.3162,6.5345,0,0
1017,PlayerServeHold,None,1,-0.005,52,-4.4854,2.6405,-16.6991,-2.6593,0.695,-12.3774,0,Serve prepare 0.00,0,9,Drive,28.6002,3.667,-2.3222,0.7648,-12.1199,0,1,1,Backhand prepare 1.00,0,9,-5.2647,-93.0028,0,0,Perfect,,-2.35,-12.35,1.95,11.2,0,-0.0006,0.1359,4.1654,0,0
1018,PlayerServeHold,None,1,-0.005,52,-4.4883,2.6411,-16.6993,-2.6603,0.695,-12.3395,0,Serve prepare 0.00,0,9,Drive,45.0194,18.1586,-2.2579,0.7746,-12.1672,0,1,1,Backhand prepare 1.00,0,9,-5.2647,-93.0028,0,0,Perfect,,-2.35,-12.35,1.95,11.2,0,-0.0012,0.0179,2.082,0,0
1019,PlayerServeHold,None,1,-0.005,52,-4.4908,2.6417,-16.6994,-2.6567,0.695,-12.3018,0,Serve prepare 0.00,0,9,Drive,61.905,33.1122,-2.2061,0.7798,-12.2314,0,1,1,Backhand prepare 1.00,0,9,-5.2647,-93.0028,0,0,Perfect,,-2.35,-12.35,1.95,11.2,0,-0.0015,0,1.4,0,0
1020,PlayerServeHold,None,1,-0.005,52,-4.4931,2.6422,-16.6996,-2.1954,0.875,-11.9843,0,Serve prepare 0.00,0,9,Drive,77.9202,47.3354,-2.1737,0.7802,-12.3049,0,1,1,Backhand prepare 1.00,0,9,-5.2647,-93.0028,0,0,Perfect,,-2.35,-12.35,1.95,11.2,0,-0.0015,0,2.0093,0,0
1021,PlayerServeHold,None,1,-0.005,52,-4.4951,2.6427,-16.6998,-2.2083,0.875,-11.9792,0,Serve prepare 0.00,0,9,Drive,87.4333,55.1139,-2.1559,0.775,-12.3616,0,1,1,Backhand prepare 1.00,0,9,-5.2647,-93.0028,0,0,Perfect,,-2.35,-12.35,1.95,11.2,0,-0.0013,0,2.418,0,0
1022,PlayerServeHold,None,1,-0.005,52,-4.4969,2.6433,-16.7,-2.2213,0.875,-11.9745,0,Serve prepare 0.00,0,9,Drive,94.7968,60.9936,-2.14,0.7662,-12.4093,0,1,1,Backhand prepare 1.00,0,9,-5.2647,-93.0028,0,0,Perfect,,-2.35,-12.35,1.95,11.2,0,-0.001,0,2.4441,0,0
1023,PlayerServeHold,None,1,-0.005,52,-4.4984,2.6437,-16.7002,-2.2345,0.875,-11.9702,0,Serve prepare 0.00,0,9,Drive,99.7026,64.8197,-2.1274,0.7595,-12.4427,0,1,1,Backhand prepare 1.00,0,9,-5.2647,-93.0028,0,0,Perfect,,-2.35,-12.35,1.95,11.2,0,-0.0007,0,2.1851,0,0
1024,PlayerServeHold,None,1,-0.005,52,-4.4997,2.6442,-16.7004,-2.2478,0.8644,-11.9664,0,Serve prepare 0.00,0,9,Drive,102.5073,66.8657,-2.1174,0.7553,-12.4629,0,1,1,Backhand prepare 1.00,0,9,-5.2647,-93.0028,0,0,Perfect,,-2.35,-12.35,1.95,11.2,0,-0.0004,0,1.7395,0,0
1025,PlayerServeHold,None,1,-0.005,52,-4.5008,2.6446,-16.7006,-2.2613,0.8533,-11.9631,0,Serve prepare 0.00,0,9,Drive,103.7378,67.563,-2.1079,0.7531,-12.4734,0,1,1,Backhand prepare 1.00,0,9,-5.2647,-93.0028,0,0,Perfect,,-2.35,-12.35,1.95,11.2,0,-0.0001,0,1.2297,0,0
1026,PlayerServeHold,None,1,-0.005,52,-4.5018,2.6451,-16.7009,-2.2748,0.8311,-11.9602,0,Serve prepare 0.00,0,9,Drive,103.8577,67.2976,-2.0988,0.7524,-12.4771,0,1,1,Backhand prepare 1.00,0,9,-5.2647,-93.0028,0,0,Perfect,,-2.35,-12.35,1.95,11.2,0,0.0001,0,0.7833,0,0
1027,PlayerServeHold,None,1,-0.005,52,-4.5026,2.6454,-16.7012,-2.2885,0.82,-11.9578,0,Serve prepare 0.00,0,9,Drive,103.2141,66.3677,-2.0904,0.7525,-12.4757,0,1,1,Backhand prepare 1.00,0,9,-5.2647,-93.0028,0,0,Perfect,,-2.35,-12.35,1.95,11.2,0,0.0002,0,0.572,0,0
1028,PlayerServeHold,None,1,-0.005,52,-4.5032,2.6458,-16.7015,-2.3022,0.7978,-11.9559,0,Serve prepare 0.00,0,9,Drive,102.0602,64.9899,-2.0829,0.7529,-12.4708,0,1,1,Backhand prepare 1.00,0,9,-5.2647,-93.0028,0,0,Perfect,,-2.35,-12.35,1.95,11.2,0,0.0002,0,0.6501,0,0
1029,PlayerServeHold,None,1,-0.005,52,-4.5036,2.6462,-16.7018,-2.316,0.7729,-11.9545,0,Serve prepare 0.00,0,9,Drive,100.5713,63.3184,-2.0764,0.7535,-12.4635,0,1,1,Backhand prepare 1.00,0,9,-5.2647,-93.0028,0,0,Perfect,,-2.35,-12.35,1.95,11.2,0,0.0003,0,0.7913,0,0
1030,PlayerServeHold,None,1,-0.005,52,-4.504,2.6465,-16.7021,-2.3298,0.7122,-11.9535,0,Serve prepare 0.00,0,9,Drive,98.8655,61.4587,-2.0709,0.754,-12.4545,0,1,1,Backhand prepare 1.00,0,9,-5.2647,-93.0028,0,0,Perfect,,-2.35,-12.35,1.95,11.2,0,0.0002,0,0.8731,0,0
1031,PlayerServeHold,None,1,-0.005,52,-4.5042,2.6468,-16.7024,-2.3298,0.6808,-11.9535,0,Serve prepare 0.00,0,9,Drive,99.0204,61.4826,-2.0697,0.7543,-12.4543,0,1,1,Backhand prepare 1.00,0,9,-5.2647,-93.0028,0,0,Perfect,,-2.35,-12.35,1.95,11.2,0,0.0002,0,0.8713,0,0
1032,PlayerServeHold,None,1,-0.005,52,-4.5043,2.647,-16.7028,-2.3298,0.616,-11.9535,0,Serve prepare 0.00,0,9,Drive,99.0868,61.4374,-2.0688,0.7545,-12.4535,0,1,1,Backhand prepare 1.00,0,9,-5.2647,-93.0028,0,0,Perfect,,-2.35,-12.35,1.95,11.2,0,0.0001,0,0.7962,0,0
1033,PlayerServeHold,None,1,-0.005,52,-4.5042,2.6473,-16.7031,-2.3298,0.5826,-11.9535,0,Serve prepare 0.00,0,9,Drive,99.0976,61.3532,-2.0683,0.7546,-12.4524,0,1,1,Backhand prepare 1.00,0,9,-5.2647,-93.0028,0,0,Perfect,,-2.35,-12.35,1.95,11.2,0,0.0001,0,0.6761,0,0
1034,PlayerServeHold,None,1,-0.005,52,-4.5041,2.6475,-16.7035,-2.3298,0.5137,-11.9535,0,Serve prepare 0.00,0,9,Drive,99.1552,61.3221,-2.0679,0.7543,-12.4517,0,1,1,Backhand prepare 1.00,0,9,-5.2647,-93.0028,0,0,Perfect,,-2.35,-12.35,1.95,11.2,0,0,0,0.5234,0,0
1035,PlayerServeHold,None,1,-0.005,52,-4.5039,2.6477,-16.7039,-2.3298,0.4782,-11.9535,0,Serve prepare 0.00,0,9,Drive,99.0755,61.1796,-2.0679,0.7542,-12.4503,0,1,1,Backhand prepare 1.00,0,9,-5.2647,-93.0028,0,0,Perfect,,-2.35,-12.35,1.95,11.2,0,0,0,0.3795,0,0
1036,PlayerServeHold,None,1,-0.005,52,-4.5036,2.6479,-16.7043,-2.3298,0.4052,-11.9535,0,Serve prepare 0.00,0,9,Drive,98.994,61.0451,-2.0679,0.7541,-12.449,0,1,1,Backhand prepare 1.00,0,9,-5.2647,-93.0028,0,0,Perfect,,-2.35,-12.35,1.95,11.2,0,0,0,0.2564,0,0
1037,PlayerServeHold,None,1,-0.005,52,-4.5032,2.6481,-16.7047,-2.3298,0.3677,-11.9535,0,Serve prepare 0.00,0,9,Drive,98.9105,60.9183,-2.0678,0.7541,-12.4477,0,1,1,Backhand prepare 1.00,0,9,-5.2647,-93.0028,0,0,Perfect,,-2.35,-12.35,1.95,11.2,0,0,0,0.1725,0,0
1038,PlayerServeHold,None,1,-0.005,52,-4.5027,2.6482,-16.7051,-2.3298,0.2906,-11.9535,0,Serve prepare 0.00,0,9,Drive,98.8253,60.7975,-2.0676,0.7541,-12.4465,0,1,1,Backhand prepare 1.00,0,9,-5.2647,-93.0028,0,0,Perfect,,-2.35,-12.35,1.95,11.2,0,0,0,0,0,0
1039,PlayerServeHold,None,1,-0.005,52,-4.5021,2.6483,-16.7055,-2.3298,0.2511,-11.9535,0,Serve prepare 0.00,0,9,Drive,98.7386,60.6803,-2.0674,0.7543,-12.4453,0,1,1,Backhand prepare 1.00,0,9,-5.2647,-93.0028,0,0,Perfect,,-2.35,-12.35,1.95,11.2,0,0,0,0.1725,0,0
1040,PlayerServeHold,None,1,-0.005,52,-4.5015,2.6484,-16.706,-2.3298,0.1699,-11.9535,0,Serve prepare 0.00,0,9,Drive,98.6553,60.563,-2.067,0.7545,-12.4441,0,1,1,Backhand prepare 1.00,0,9,-5.2647,-93.0028,0,0,Perfect,,-2.35,-12.35,1.95,11.2,0,0,0,0.1897,0,0
1041,PlayerServeHold,None,1,-0.005,52,-4.5008,2.6484,-16.7064,-2.3298,0.1397,-11.9535,0,Serve prepare 0.00,0,9,Drive,98.5719,60.4438,-2.0666,0.7547,-12.4429,0,1,1,Backhand prepare 1.00,0,9,-5.2647,-93.0028,0,0,Perfect,,-2.35,-12.35,1.95,11.2,0,0,0,0.1897,0,0
1042,PlayerServeHold,None,1,-0.005,52,-4.5001,2.6485,-16.7069,-2.3298,0.1966,-11.9535,0,Serve prepare 0.00,0,9,Drive,98.4866,60.321,-2.0661,0.7551,-12.4418,0,1,1,Backhand prepare 1.00,0,9,-5.2647,-93.0028,0,0,Perfect,,-2.35,-12.35,1.95,11.2,0,0,0,0.1897,0,0
1043,PlayerServeHold,None,1,-0.005,52,-4.4993,2.6485,-16.7074,-2.3298,0.2241,-11.9535,0,Serve prepare 0.00,0,9,Drive,98.4002,60.1937,-2.0655,0.7554,-12.4405,0,1,1,Backhand prepare 1.00,0,9,-5.2647,-93.0028,0,0,Perfect,,-2.35,-12.35,1.95,11.2,0,0,0,0.1725,0,0
1044,PlayerServeHold,None,1,-0.005,52,-4.4984,2.6485,-16.7079,-2.3298,0.277,-11.9535,0,Serve prepare 0.00,0,9,Drive,98.3128,60.0623,-2.065,0.7558,-12.4393,0,1,1,Backhand prepare 1.00,0,9,-5.2647,-93.0028,0,0,Perfect,,-2.35,-12.35,1.95,11.2,0,0,0,0.1725,0,0
1045,PlayerServeHold,None,1,-0.005,52,-4.4975,2.6484,-16.7084,-2.3298,0.3024,-11.9535,0,Serve prepare 0.00,0,9,Drive,98.2247,59.9271,-2.0644,0.7563,-12.438,0,1,1,Backhand prepare 1.00,0,9,-5.2647,-93.0028,0,0,Perfect,,-2.35,-12.35,1.95,11.2,0,0,0,0.1725,0,0
1046,PlayerServeHold,None,1,-0.005,52,-4.4966,2.6484,-16.7089,-2.3298,0.3512,-11.9535,0,Serve prepare 0.00,0,9,Drive,98.1361,59.7886,-2.0638,0.7567,-12.4366,0,1,1,Backhand prepare 1.00,0,9,-5.2647,-93.0028,0,0,Perfect,,-2.35,-12.35,1.95,11.2,0,0,0,0.1725,0,0
1047,PlayerServeHold,None,1,-0.005,52,-4.4956,2.6483,-16.7094,-2.3298,0.3746,-11.9535,0,Serve prepare 0.00,0,9,Drive,98.0491,59.6468,-2.0632,0.757,-12.4353,0,1,1,Backhand prepare 1.00,0,9,-5.2647,-93.0028,0,0,Perfect,,-2.35,-12.35,1.95,11.2,0,0,0,0.1769,0,0
1048,PlayerServeHold,None,1,-0.005,52,-4.4945,2.6482,-16.71,-2.3298,0.4194,-11.9535,0,Serve prepare 0.00,0,9,Drive,97.9597,59.5018,-2.0625,0.7573,-12.434,0,1,1,Backhand prepare 1.00,0,9,-5.2647,-93.0028,0,0,Perfect,,-2.35,-12.35,1.95,11.2,0,0,0,0.1813,0,0
1049,PlayerServeHold,None,1,-0.005,52,-4.4935,2.648,-16.7105,-2.3298,0.4407,-11.9535,0,Serve prepare 0.00,0,9,Drive,97.8694,59.3542,-2.0618,0.7576,-12.4327,0,1,1,Backhand prepare 1.00,0,9,-5.2647,-93.0028,0,0,Perfect,,-2.35,-12.35,1.95,11.2,0,0,0,0.1897,0,0
1050,PlayerServeHold,None,1,-0.005,52,-4.4924,2.6479,-16.7111,-2.3298,0.4813,-11.9535,0,Serve prepare 0.00,0,9,Drive,97.7785,59.2048,-2.0612,0.7578,-12.4313,0,1,1,Backhand prepare 1.00,0,9,-5.2647,-93.0028,0,0,Perfect,,-2.35,-12.35,1.95,11.2,0,0,0,0.1897,0,0
1051,PlayerServeHold,None,1,-0.005,52,-4.4912,2.6477,-16.7116,-2.3298,0.5006,-11.9535,0,Serve prepare 0.00,0,9,Drive,97.6871,59.0538,-2.0605,0.7581,-12.43,0,1,1,Backhand prepare 1.00,0,9,-5.2647,-93.0028,0,0,Perfect,,-2.35,-12.35,1.95,11.2,0,0,0,0.1938,0,0
1052,PlayerServeHold,None,1,-0.005,52,-4.4901,2.6475,-16.7122,-2.3298,0.5372,-11.9535,0,Serve prepare 0.00,0,9,Drive,97.5953,58.9022,-2.0599,0.7583,-12.4286,0,1,1,Backhand prepare 1.00,0,9,-5.2647,-93.0028,0,0,Perfect,,-2.35,-12.35,1.95,11.2,0,0,0,0.1897,0,0
1053,PlayerServeHold,None,1,-0.005,52,-4.4889,2.6473,-16.7128,-2.3298,0.5544,-11.9535,0,Serve prepare 0.00,0,9,Drive,97.5031,58.75,-2.0592,0.7584,-12.4272,0,1,1,Backhand prepare 1.00,0,9,-5.2647,-93.0028,0,0,Perfect,,-2.35,-12.35,1.95,11.2,0,0,0,0.1856,0,0
1054,PlayerServeHold,None,1,-0.005,52,-4.4877,2.647,-16.7134,-2.3298,0.5869,-11.9535,0,Serve prepare 0.00,0,9,Drive,97.4084,58.597,-2.0585,0.7586,-12.4259,0,1,1,Backhand prepare 1.00,0,9,-5.2647,-93.0028,0,0,Perfect,,-2.35,-12.35,1.95,11.2,0,0,0,0.1856,0,0
1055,PlayerServeHold,None,1,-0.005,52,-4.4864,2.6468,-16.714,-2.3298,0.6021,-11.9535,0,Serve prepare 0.00,0,9,Drive,97.3133,58.4437,-2.0579,0.7587,-12.4245,0,1,1,Backhand prepare 1.00,0,9,-5.2647,-93.0028,0,0,Perfect,,-2.35,-12.35,1.95,11.2,0,0,0,0.1856,0,0
1056,PlayerServeHold,None,1,-0.005,52,-4.4852,2.6465,-16.7146,-2.3298,0.6305,-11.9535,0,Serve prepare 0.00,0,9,Drive,97.2183,58.291,-2.0573,0.7589,-12.4231,0,1,1,Backhand prepare 1.00,0,9,-5.2647,-93.0028,0,0,Perfect,,-2.35,-12.35,1.95,11.2,0,0,0,0.1813,0,0
1057,PlayerServeHold,None,1,-0.005,52,-4.4839,2.6462,-16.7152,-2.3298,0.6436,-11.9535,0,Serve prepare 0.00,0,9,Drive,97.1235,58.1396,-2.0678,0.7471,-12.4345,0,1,1,Backhand prepare 1.00,0,9,-5.2647,-93.0028,0,0,Perfect,,-2.35,-12.35,1.95,11.2,0,0,0,0.1725,0,0
1058,PlayerServeHold,None,1,-0.005,52,-4.4826,2.6458,-16.7158,-2.3298,0.6679,-11.9535,0,Serve prepare 0.00,0,9,Drive,97.0292,57.9894,-2.0673,0.7473,-12.4332,0,1,1,Backhand prepare 1.00,0,9,-5.2647,-93.0028,0,0,Perfect,,-2.35,-12.35,1.95,11.2,0,0,0,0.1725,0,0
1059,PlayerServeHold,None,1,-0.005,52,-4.4813,2.6455,-16.7164,-2.3298,0.679,-11.9535,0,Serve prepare 0.00,0,9,Drive,96.9359,57.8401,-2.0668,0.7475,-12.4318,0,1,1,Backhand prepare 1.00,0,9,-5.2647,-93.0028,0,0,Perfect,,-2.35,-12.35,1.95,11.2,0,0,0,0.1769,0,0
1060,PlayerServeHold,None,1,-0.005,52,-4.4799,2.6451,-16.717,-2.3298,0.6992,-11.9535,0,Serve prepare 0.00,0,9,Drive,96.8392,57.6921,-2.0663,0.7477,-12.4304,0,1,1,Backhand prepare 1.00,0,9,-5.2647,-93.0028,0,0,Perfect,,-2.35,-12.35,1.95,11.2,0,0,0,0.1679,0,0
1061,PlayerServeHold,None,1,-0.005,52,-4.4786,2.6447,-16.7177,-2.3298,0.7083,-11.9535,0,Serve prepare 0.00,0,9,Drive,96.7428,57.5451,-2.0659,0.748,-12.429,0,1,1,Backhand prepare 1.00,0,9,-5.2647,-93.0028,0,0,Perfect,,-2.35,-12.35,1.95,11.2,0,0,0,0.1725,0,0
1062,PlayerServeHold,None,1,-0.005,52,-4.4772,2.6443,-16.7183,-2.3298,0.7244,-11.9535,0,Serve prepare 0.00,0,9,Drive,96.6471,57.4006,-2.0656,0.7483,-12.4277,0,1,1,Backhand prepare 1.00,0,9,-5.2647,-93.0028,0,0,Perfect,,-2.35,-12.35,1.95,11.2,0,0,0,0.1631,0,0
1063,PlayerServeHold,None,1,-0.005,52,-4.4759,2.6439,-16.719,-2.3298,0.7315,-11.9535,0,Serve prepare 0.00,0,9,Drive,96.5523,57.2593,-2.0653,0.7486,-12.4263,0,1,1,Backhand prepare 1.00,0,9,-5.2647,-93.0028,0,0,Perfect,,-2.35,-12.35,1.95,11.2,0,0,0,0.1679,0,0
1064,PlayerServeHold,None,1,-0.005,52,-4.4745,2.6434,-16.7196,-2.3298,0.7435,-11.9535,0,Serve prepare 0.00,0,9,Drive,96.4582,57.121,-2.065,0.7489,-12.4249,0,1,1,Backhand prepare 1.00,0,9,-5.2647,-93.0028,0,0,Perfect,,-2.35,-12.35,1.95,11.2,0,0,0,0.1631,0,0
1065,PlayerServeHold,None,1,-0.005,52,-4.4731,2.6429,-16.7203,-2.3298,0.7485,-11.9535,0,Serve prepare 0.00,0,9,Drive,96.3648,56.9859,-2.0648,0.7492,-12.4235,0,1,1,Backhand prepare 1.00,0,9,-5.2647,-93.0028,0,0,Perfect,,-2.35,-12.35,1.95,11.2,0,0,0,0,0,0
1066,PlayerServeHold,None,1,-0.005,52,-4.4717,2.6424,-16.7209,-2.3298,0.7564,-11.9535,0,Serve prepare 0.00,0,9,Drive,96.2698,56.853,-2.0645,0.7495,-12.4222,0,1,1,Backhand prepare 1.00,0,9,-5.2647,-93.0028,0,0,Perfect,,-2.35,-12.35,1.95,11.2,0,0,0,0.1631,0,0
1067,PlayerServeHold,None,1,-0.005,52,-4.4703,2.6419,-16.7216,-2.3298,0.7594,-11.9535,0,Serve prepare 0.00,0,9,Drive,96.1756,56.7227,-2.0643,0.7498,-12.4209,0,1,1,Backhand prepare 1.00,0,9,-5.2647,-93.0028,0,0,Perfect,,-2.35,-12.35,1.95,11.2,0,0,0,0.1631,0,0
1068,PlayerServeHold,None,1,-0.005,52,-4.469,2.6414,-16.7222,-2.3298,0.7632,-11.9535,0,Serve prepare 0.00,0,9,Drive,96.0821,56.5959,-2.064,0.7501,-12.4195,0,1,1,Backhand prepare 1.00,0,9,-5.2647,-93.0028,0,0,Perfect,,-2.35,-12.35,1.95,11.2,0,0,0,0.1679,0,0
1069,PlayerServeHold,None,1,-0.005,52,-4.4676,2.6408,-16.7229,-2.3298,0.7641,-11.9535,0,Serve prepare 0.00,0,9,Drive,95.9894,56.4727,-2.0638,0.7484,-12.4182,0,1,1,Backhand prepare 1.00,0,9,-5.2647,-93.0028,0,0,Perfect,,-2.35,-12.35,1.95,11.2,0,0,0,0.1631,0,0
1070,PlayerServeHold,None,1,-0.005,52,-4.4662,2.6402,-16.7236,-2.3298,0.7653,-11.9535,0,Serve prepare 0.00,0,9,Drive,95.8976,56.353,-2.0635,0.7487,-12.417,0,1,1,Backhand prepare 1.00,0,9,-5.2647,-93.0028,0,0,Perfect,,-2.35,-12.35,1.95,11.2,0,0,0,0.1631,0,0
1071,PlayerServeHold,None,1,-0.005,52,-4.4648,2.6396,-16.7242,-2.3298,0.7675,-11.9535,0,Serve prepare 0.00,0,9,Drive,95.8077,56.2362,-2.0631,0.749,-12.4157,0,1,1,Backhand prepare 1.00,0,9,-5.2647,-93.0028,0,0,Perfect,,-2.35,-12.35,1.95,11.2,0,0,0,0.1631,0,0
1072,PlayerServeHold,None,1,-0.005,52,-4.4634,2.639,-16.7249,-2.3298,0.7751,-11.9535,0,Serve prepare 0.00,0,9,Drive,95.7175,56.1212,-2.0627,0.7493,-12.4145,0,1,1,Backhand prepare 1.00,0,9,-5.2647,-93.0028,0,0,Perfect,,-2.35,-12.35,1.95,11.2,0,0,0,0.1679,0,0
1073,PlayerServeHold,None,1,-0.005,52,-4.462,2.6384,-16.7256,-2.3298,0.7804,-11.9535,0,Serve prepare 0.00,0,9,Drive,95.6285,56.0087,-2.0876,0.7495,-12.4055,0,1,1,Backhand prepare 1.00,0,9,-5.2647,-93.0028,0,0,Perfect,,-2.35,-12.35,1.95,11.2,0,0,0,0,0,0
1074,PlayerServeHold,None,1,-0.005,52,-4.4606,2.6377,-16.7262,-2.3298,0.7929,-11.9535,0,Serve prepare 0.00,0,9,Drive,95.541,55.8987,-2.0871,0.7497,-12.4043,0,1,1,Backhand prepare 1.00,0,9,-5.2647,-93.0028,0,0,Perfect,,-2.35,-12.35,1.95,11.2,0,0,0,0,0,0
1075,PlayerServeHold,None,1,-0.005,52,-4.4592,2.6371,-16.7269,-2.3298,0.7999,-11.9535,0,Serve prepare 0.00,0,9,Drive,95.4548,55.7916,-2.0866,0.7499,-12.4032,0,1,1,Backhand prepare 1.00,0,9,-5.2647,-93.0028,0,0,Perfect,,-2.35,-12.35,1.95,11.2,0,0,0,0,0,0
1076,PlayerServeHold,None,1,-0.005,52,-4.4578,2.6364,-16.7276,-2.3298,0.8149,-11.9535,0,Serve prepare 0.00,0,9,Drive,95.3699,55.6871,-2.0608,0.752,-12.4099,0,1,1,Backhand prepare 1.00,0,9,-5.2647,-93.0028,0,0,Perfect,,-2.35,-12.35,1.95,11.2,0,0,0,0,0,0
1077,PlayerServeHold,None,1,-0.005,52,-4.4564,2.6357,-16.7282,-2.3298,0.8226,-11.9535,0,Serve prepare 0.00,0,9,Drive,95.2877,55.5845,-2.0603,0.7522,-12.4088,0,1,1,Backhand prepare 1.00,0,9,-5.2647,-93.0028,0,0,Perfect,,-2.35,-12.35,1.95,11.2,0,0,0,0,0,0
1078,PlayerServeHold,None,1,-0.005,52,-4.455,2.635,-16.7289,-2.3298,0.8376,-11.9535,0,Serve prepare 0.00,0,9,Drive,95.2074,55.4836,-2.0598,0.7524,-12.4077,0,1,1,Backhand prepare 1.00,0,9,-5.2647,-93.0028,0,0,Perfect,,-2.35,-12.35,1.95,11.2,0,0,0,0,0,0
1079,PlayerServeHold,None,1,-0.005,52,-4.4537,2.6342,-16.7296,-2.3298,0.8448,-11.9535,0,Serve prepare 0.00,0,9,Drive,95.1286,55.3837,-2.0593,0.7526,-12.4066,0,1,1,Backhand prepare 1.00,0,9,-5.2647,-93.0028,0,0,Perfect,,-2.35,-12.35,1.95,11.2,0,0,0,0,0,0
1080,PlayerServeHold,None,1,-0.005,52,-4.4523,2.6335,-16.7303,-2.3298,0.8576,-11.9535,0,Serve prepare 0.00,0,9,Drive,95.051,55.2853,-2.0588,0.7527,-12.4056,0,1,1,Backhand prepare 1.00,0,9,-5.2647,-93.0028,0,0,Perfect,,-2.35,-12.35,1.95,11.2,0,0,0,0,0,0
1081,PlayerServeHold,None,1,-0.005,52,-4.451,2.6327,-16.7309,-2.3298,0.863,-11.9535,0,Serve prepare 0.00,0,9,Drive,94.9748,55.1892,-2.0583,0.7529,-12.4046,0,1,1,Backhand prepare 1.00,0,9,-5.2647,-93.0028,0,0,Perfect,,-2.35,-12.35,1.95,11.2,0,0,0,0,0,0
1082,PlayerServeHold,None,1,-0.005,52,-4.4496,2.632,-16.7316,-2.3298,0.8711,-11.9535,0,Serve prepare 0.00,0,9,Drive,94.8998,55.0956,-2.0579,0.7531,-12.4036,0,1,1,Backhand prepare 1.00,0,9,-5.2647,-93.0028,0,0,Perfect,,-2.35,-12.35,1.95,11.2,0,0,0,0,0,0
1083,PlayerServeHold,None,1,-0.005,52,-4.4483,2.6312,-16.7323,-2.3298,0.8736,-11.9535,0,Serve prepare 0.00,0,9,Drive,94.8262,55.0046,-2.0575,0.7532,-12.4026,0,1,1,Backhand prepare 1.00,0,9,-5.2647,-93.0028,0,0,Perfect,,-2.35,-12.35,1.95,11.2,0,0,0,0,0,0
1084,PlayerServeHold,None,1,-0.005,52,-4.4469,2.6304,-16.7329,-2.3298,0.8686,-11.9535,0,Serve prepare 0.00,0,9,Drive,94.7554,54.9156,-2.0571,0.7534,-12.4017,0,1,1,Backhand prepare 1.00,0,9,-5.2647,-93.0028,0,0,Perfect,,-2.35,-12.35,1.95,11.2,0,0,0,0,0,0
1085,PlayerServeHold,None,1,-0.005,52,-4.4456,2.6296,-16.7336,-2.3298,0.8575,-11.9535,0,Serve prepare 0.00,0,9,Drive,94.6869,54.8287,-2.0567,0.7535,-12.4008,0,1,1,Backhand prepare 1.00,0,9,-5.2647,-93.0028,0,0,Perfect,,-2.35,-12.35,1.95,11.2,0,0,0,0,0,0
1086,PlayerServeHold,None,1,-0.005,52,-4.4443,2.6287,-16.7342,-2.3298,0.8353,-11.9535,0,Serve prepare 0.00,0,9,Drive,94.6217,54.7438,-2.0563,0.7536,-12.4,0,1,1,Backhand prepare 1.00,0,9,-5.2647,-93.0028,0,0,Perfect,,-2.35,-12.35,1.95,11.2,0,0,0,0,0,0
1087,PlayerServeHold,None,1,-0.005,52,-4.443,2.6279,-16.7349,-2.3298,0.8242,-11.9535,0,Serve prepare 0.00,0,9,Drive,94.5582,54.6611,-2.0559,0.7538,-12.3991,0,1,1,Backhand prepare 1.00,0,9,-5.2647,-93.0028,0,0,Perfect,,-2.35,-12.35,1.95,11.2,0,0,0,0,0,0
1088,PlayerServeHold,None,1,-0.005,52,-4.4418,2.627,-16.7355,-2.3298,0.8019,-11.9535,0,Serve prepare 0.00,0,9,Drive,94.4962,54.5806,-2.0556,0.7539,-12.3983,0,1,1,Backhand prepare 1.00,0,9,-5.2647,-93.0028,0,0,Perfect,,-2.35,-12.35,1.95,11.2,0,0,0,0,0,0
1089,PlayerServeHold,None,1,-0.005,52,-4.4405,2.6262,-16.7362,-2.3298,0.784,-11.9535,0,Serve prepare 0.00,0,9,Drive,94.4359,54.5039,-2.0553,0.754,-12.3975,0,1,1,Backhand prepare 1.00,0,9,-5.2647,-93.0028,0,0,Perfect,,-2.35,-12.35,1.95,11.2,0,0,0,0,0,0
1090,PlayerServeHold,None,1,-0.005,52,-4.4392,2.6253,-16.7368,-2.3298,0.7238,-11.9535,0,Serve prepare 0.00,0,9,Drive,94.3774,54.4308,-2.055,0.7541,-12.3968,0,1,1,Backhand prepare 1.00,0,9,-5.2647,-93.0028,0,0,Perfect,,-2.35,-12.35,1.95,11.2,0,0,0,0,0,0
1091,PlayerServeHold,None,1,-0.005,52,-4.438,2.6244,-16.7375,-2.3298,0.6927,-11.9535,0,Serve prepare 0.00,0,9,Drive,94.3208,54.3613,-2.0547,0.7541,-12.3961,0,1,1,Backhand prepare 1.00,0,9,-5.2647,-93.0028,0,0,Perfect,,-2.35,-12.35,1.95,11.2,0,0,0,0,0,0
1092,PlayerServeHold,None,1,-0.005,52,-4.4368,2.6235,-16.7381,-2.3298,0.6284,-11.9535,0,Serve prepare 0.00,0,9,Drive,94.2665,54.2955,-2.0544,0.7542,-12.3954,0,1,1,Backhand prepare 1.00,0,9,-5.2647,-93.0028,0,0,Perfect,,-2.35,-12.35,1.95,11.2,0,0,0,0,0,0
1093,PlayerServeHold,None,1,-0.005,52,-4.4356,2.6226,-16.7387,-2.3298,0.5952,-11.9535,0,Serve prepare 0.00,0,9,Drive,94.2163,54.2326,-2.0542,0.7523,-12.3948,0,1,1,Backhand prepare 1.00,0,9,-5.2647,-93.0028,0,0,Perfect,,-2.35,-12.35,1.95,11.2,0,0,0,0,0,0
1094,PlayerServeHold,None,1,-0.005,52,-4.4344,2.6217,-16.7394,-2.3298,0.5268,-11.9535,0,Serve prepare 0.00,0,9,Drive,94.1682,54.1728,-2.0539,0.7524,-12.3942,0,1,1,Backhand prepare 1.00,0,9,-5.2647,-93.0028,0,0,Perfect,,-2.35,-12.35,1.95,11.2,0,0,0,0,0,0
1095,PlayerServeHold,None,1,-0.005,52,-4.4332,2.6208,-16.74,-2.3298,0.4916,-11.9535,0,Serve prepare 0.00,0,9,Drive,94.1226,54.1155,-2.0537,0.7525,-12.3936,0,1,1,Backhand prepare 1.00,0,9,-5.2647,-93.0028,0,0,Perfect,,-2.35,-12.35,1.95,11.2,0,0,0,0,0,0
1096,PlayerServeHold,None,1,-0.005,52,-4.4321,2.6198,-16.7406,-2.3298,0.4191,-11.9535,0,Serve prepare 0.00,0,9,Drive,94.079,54.0605,-2.0534,0.7526,-12.393,0,1,1,Backhand prepare 1.00,0,9,-5.2647,-93.0028,0,0,Perfect,,-2.35,-12.35,1.95,11.2,0,0,0,0,0,0
1097,PlayerServeHold,None,1,-0.005,52,-4.4309,2.6189,-16.7412,-2.3298,0.3819,-11.9535,0,Serve prepare 0.00,0,9,Drive,94.0375,54.0078,-2.0532,0.7527,-12.3925,0,1,1,Backhand prepare 1.00,0,9,-5.2647,-93.0028,0,0,Perfect,,-2.35,-12.35,1.95,11.2,0,0,0,0,0,0
1098,PlayerServeHold,None,1,-0.005,52,-4.4298,2.618,-16.7418,-2.3298,0.3053,-11.9535,0,Serve prepare 0.00,0,9,Drive,93.9981,53.9573,-2.053,0.7528,-12.392,0,1,1,Backhand prepare 1.00,0,9,-5.2647,-93.0028,0,0,Perfect,,-2.35,-12.35,1.95,11.2,0,0,0,0,0,0
1099,PlayerServeHold,None,1,-0.005,52,-4.4287,2.617,-16.7424,-2.3298,0.266,-11.9535,0,Serve prepare 0.00,0,9,Drive,93.9608,53.9092,-2.0528,0.7529,-12.3915,0,1,1,Backhand prepare 1.00,0,9,-5.2647,-93.0028,0,0,Perfect,,-2.35,-12.35,1.95,11.2,0,0,0,0,0,0
1100,PlayerServeHold,None,1,-0.005,52,-4.4276,2.616,-16.743,-2.3298,0.1854,-11.9535,0,Serve prepare 0.00,0,9,Drive,93.9256,53.864,-2.0526,0.753,-12.3911,0,1,1,Backhand prepare 1.00,0,9,-5.2647,-93.0028,0,0,Perfect,,-2.35,-12.35,1.95,11.2,0,0,0,0,0,0
1101,PlayerServeHold,None,1,-0.005,52,-4.4266,2.6151,-16.7436,-2.3298,0.144,-11.9535,0,Serve prepare 0.00,0,9,Drive,93.8927,53.8216,-2.0525,0.7531,-12.3907,0,1,1,Backhand prepare 1.00,0,9,-5.2647,-93.0028,0,0,Perfect,,-2.35,-12.35,1.95,11.2,0,0,0,0,0,0
1102,PlayerServeHold,None,1,-0.005,52,-4.4255,2.6141,-16.7442,-2.3298,0.1861,-11.9535,0,Serve prepare 0.00,0,9,Drive,93.862,53.7822,-2.0523,0.7531,-12.3903,0,1,1,Backhand prepare 1.00,0,9,-5.2647,-93.0028,0,0,Perfect,,-2.35,-12.35,1.95,11.2,0,0,0,0,0,0
1103,PlayerServeHold,None,1,-0.005,52,-4.4245,2.6131,-16.7448,-2.3298,0.2139,-11.9535,0,Serve prepare 0.00,0,9,Drive,93.8336,53.7476,-2.0522,0.7532,-12.3899,0,1,1,Backhand prepare 1.00,0,9,-5.2647,-93.0028,0,0,Perfect,,-2.35,-12.35,1.95,11.2,0,0,0,0,0,0
1104,PlayerServeHold,None,1,-0.005,52,-4.4235,2.6121,-16.7453,-2.3298,0.2673,-11.9535,0,Serve prepare 0.00,0,9,Drive,93.8074,53.7173,-2.052,0.7533,-12.3896,0,1,1,Backhand prepare 1.00,0,9,-5.2647,-93.0028,0,0,Perfect,,-2.35,-12.35,1.95,11.2,0,0,0,0,0,0
1105,PlayerServeHold,None,1,-0.005,52,-4.4225,2.6111,-16.7459,-2.3298,0.293,-11.9535,0,Serve prepare 0.00,0,9,Drive,93.7836,53.6905,-2.0519,0.7533,-12.3893,0,1,1,Backhand prepare 1.00,0,9,-5.2647,-93.0028,0,0,Perfect,,-2.35,-12.35,1.95,11.2,0,0,0,0,0,0
1106,PlayerServeHold,None,1,-0.005,52,-4.4215,2.6101,-16.7464,-2.3298,0.3423,-11.9535,0,Serve prepare 0.00,0,9,Drive,93.7624,53.6652,-2.0518,0.7534,-12.3891,0,1,1,Backhand prepare 1.00,0,9,-5.2647,-93.0028,0,0,Perfect,,-2.35,-12.35,1.95,11.2,0,0,0,0,0,0
1107,PlayerServeHold,None,1,-0.005,52,-4.4206,2.6091,-16.747,-2.3298,0.3659,-11.9535,0,Serve prepare 0.00,0,9,Drive,93.7438,53.6412,-2.0517,0.7534,-12.3888,0,1,1,Backhand prepare 1.00,0,9,-5.2647,-93.0028,0,0,Perfect,,-2.35,-12.35,1.95,11.2,0,0,0,0,0,0
1108,PlayerServeHold,None,1,-0.005,52,-4.4196,2.6081,-16.7475,-2.3298,0.4112,-11.9535,0,Serve prepare 0.00,0,9,Drive,93.7274,53.619,-2.0516,0.7534,-12.3886,0,1,1,Backhand prepare 1.00,0,9,-5.2647,-93.0028,0,0,Perfect,,-2.35,-12.35,1.95,11.2,0,0,0,0,0,0
1109,PlayerServeHold,None,1,-0.005,52,-4.4187,2.6071,-16.7481,-2.3298,0.4328,-11.9535,0,Serve prepare 0.00,0,9,Drive,93.7134,53.6007,-2.0515,0.7534,-12.3884,0,1,1,Backhand prepare 1.00,0,9,-5.2647,-93.0028,0,0,Perfect,,-2.35,-12.35,1.95,11.2,0,0,0,0,0,0
1110,PlayerServeHold,None,1,-0.005,52,-4.4179,2.6061,-16.7486,-2.3298,0.4739,-11.9535,0,Serve prepare 0.00,0,9,Drive,93.7016,53.5859,-2.0515,0.7535,-12.3883,0,1,1,Backhand prepare 1.00,0,9,-5.2647,-93.0028,0,0,Perfect,,-2.35,-12.35,1.95,11.2,0,0,0,0,0,0
1111,PlayerServeHold,None,1,-0.005,52,-4.417,2.6051,-16.7491,-2.3298,0.4935,-11.9535,0,Serve prepare 0.00,0,9,Drive,93.6922,53.5742,-2.0515,0.7535,-12.3881,0,1,1,Backhand prepare 1.00,0,9,-5.2647,-93.0028,0,0,Perfect,,-2.35,-12.35,1.95,11.2,0,0,0,0,0,0
1112,PlayerServeHold,None,1,-0.005,52,-4.4162,2.6041,-16.7496,-2.3298,0.5305,-11.9535,0,Serve prepare 0.00,0,9,Drive,93.685,53.5654,-2.0514,0.7535,-12.388,0,1,1,Backhand prepare 1.00,0,9,-5.2647,-93.0028,0,0,Perfect,,-2.35,-12.35,1.95,11.2,0,0,0,0,0,0
1113,PlayerServeHold,None,1,-0.005,52,-4.4153,2.6031,-16.7501,-2.3298,0.548,-11.9535,0,Serve prepare 0.00,0,9,Drive,93.6803,53.5594,-2.0514,0.7535,-12.388,0,1,1,Backhand prepare 1.00,0,9,-5.2647,-93.0028,0,0,Perfect,,-2.35,-12.35,1.95,11.2,0,0,0,0,0,0
1114,PlayerServeHold,None,1,-0.005,52,-4.4146,2.6021,-16.7506,-2.3298,0.581,-11.9535,0,Serve prepare 0.00,0,9,Drive,93.6778,53.556,-2.0514,0.7535,-12.388,0,1,1,Backhand prepare 1.00,0,9,-5.2647,-93.0028,0,0,Perfect,,-2.35,-12.35,1.95,11.2,0,0,0,0,0,0
1115,PlayerServeHold,None,1,-0.005,52,-4.4138,2.6011,-16.7511,-2.3298,0.5965,-11.9535,0,Serve prepare 0.00,0,9,Drive,93.6778,53.5551,-2.0514,0.7535,-12.3879,0,1,1,Backhand prepare 1.00,0,9,-5.2647,-93.0028,0,0,Perfect,,-2.35,-12.35,1.95,11.2,0,0,0,0,0,0
1116,PlayerServeHold,None,1,-0.005,52,-4.413,2.6,-16.7515,-2.3298,0.6253,-11.9535,0,Serve prepare 0.00,0,9,Drive,93.68,53.5568,-2.0514,0.7535,-12.388,0,1,1,Backhand prepare 1.00,0,9,-5.2647,-93.0028,0,0,Perfect,,-2.35,-12.35,1.95,11.2,0,0,0,0,0,0
1117,PlayerServeHold,None,1,-0.005,52,-4.4123,2.599,-16.752,-2.3298,0.6388,-11.9535,0,Serve prepare 0.00,0,9,Drive,93.6845,53.5608,-2.0514,0.7535,-12.388,0,1,1,Backhand prepare 1.00,0,9,-5.2647,-93.0028,0,0,Perfect,,-2.35,-12.35,1.95,11.2,0,0,0,0,0,0
1118,PlayerServeHold,None,1,-0.005,52,-4.4116,2.598,-16.7524,-2.3298,0.6636,-11.9535,0,Serve prepare 0.00,0,9,Drive,93.6915,53.5672,-2.0515,0.7535,-12.3881,0,1,1,Backhand prepare 1.00,0,9,-5.2647,-93.0028,0,0,Perfect,,-2.35,-12.35,1.95,11.2,0,0,0,0,0,0
1119,PlayerServeHold,None,1,-0.005,52,-4.4109,2.597,-16.7529,-2.3298,0.6749,-11.9535,0,Serve prepare 0.00,0,9,Drive,93.7007,53.5761,-2.0515,0.7534,-12.3882,0,1,1,Backhand prepare 1.00,0,9,-5.2647,-93.0028,0,0,Perfect,,-2.35,-12.35,1.95,11.2,0,0,0,0,0,0
1120,PlayerServeHold,None,1,-0.005,52,-4.4103,2.596,-16.7533,-2.3298,0.6957,-11.9535,0,Serve prepare 0.00,0,9,Drive,93.7122,53.5871,-2.0516,0.7534,-12.3883,0,1,1,Backhand prepare 1.00,0,9,-5.2647,-93.0028,0,0,Perfect,,-2.35,-12.35,1.95,11.2,0,0,0,0,0,0
1121,PlayerServeHold,None,1,-0.005,52,-4.4096,2.595,-16.7538,-2.3298,0.705,-11.9535,0,Serve prepare 0.00,0,9,Drive,93.7261,53.6005,-2.0517,0.7534,-12.3885,0,1,1,Backhand prepare 1.00,0,9,-5.2647,-93.0028,0,0,Perfect,,-2.35,-12.35,1.95,11.2,0,0,0,0,0,0
1122,PlayerServeHold,None,1,-0.005,52,-4.409,2.594,-16.7542,-2.3298,0.7216,-11.9535,0,Serve prepare 0.00,0,9,Drive,93.7422,53.6162,-2.0518,0.7533,-12.3886,0,1,1,Backhand prepare 1.00,0,9,-5.2647,-93.0028,0,0,Perfect,,-2.35,-12.35,1.95,11.2,0,0,0,0,0,0
1123,PlayerServeHold,None,1,-0.005,52,-4.4085,2.593,-16.7546,-2.3298,0.7289,-11.9535,0,Serve prepare 0.00,0,9,Drive,93.7607,53.6342,-2.0519,0.7533,-12.3888,0,1,1,Backhand prepare 1.00,0,9,-5.2647,-93.0028,0,0,Perfect,,-2.35,-12.35,1.95,11.2,0,0,0,0,0,0
1124,PlayerServeHold,None,1,-0.005,52,-4.4079,2.5919,-16.755,-2.3298,0.7414,-11.9535,0,Serve prepare 0.00,0,9,Drive,93.7816,53.6567,-2.052,0.7532,-12.3891,0,1,1,Backhand prepare 1.00,0,9,-5.2647,-93.0028,0,0,Perfect,,-2.35,-12.35,1.95,11.2,0,0,0,0,0,0
1125,PlayerServeHold,None,1,-0.005,52,-4.4074,2.5909,-16.7554,-2.3298,0.7467,-11.9535,0,Serve prepare 0.00,0,9,Drive,93.8052,53.6834,-2.0522,0.7531,-12.3894,0,1,1,Backhand prepare 1.00,0,9,-5.2647,-93.0028,0,0,Perfect,,-2.35,-12.35,1.95,11.2,0,0,0,0,0,0
1126,PlayerServeHold,None,1,-0.005,52,-4.4068,2.5899,-16.7557,-2.3298,0.7551,-11.9535,0,Serve prepare 0.00,0,9,Drive,93.8312,53.714,-2.0523,0.7531,-12.3897,0,1,1,Backhand prepare 1.00,0,9,-5.2647,-93.0028,0,0,Perfect,,-2.35,-12.35,1.95,11.2,0,0,0,0,0,0
1127,PlayerServeHold,None,1,-0.005,52,-4.4064,2.5889,-16.7561,-2.3298,0.7583,-11.9535,0,Serve prepare 0.00,0,9,Drive,93.8594,53.7484,-2.0525,0.753,-12.39,0,1,1,Backhand prepare 1.00,0,9,-5.2647,-93.0028,0,0,Perfect,,-2.35,-12.35,1.95,11.2,0,0,0,0,0,0
1128,PlayerServeHold,None,1,-0.005,52,-4.4059,2.5879,-16.7565,-2.3298,0.7627,-11.9535,0,Serve prepare 0.00,0,9,Drive,93.8899,53.786,-2.0526,0.753,-12.3904,0,1,1,Backhand prepare 1.00,0,9,-5.2647,-93.0028,0,0,Perfect,,-2.35,-12.35,1.95,11.2,0,0,0,0,0,0
1129,PlayerServeHold,None,1,-0.005,52,-4.4055,2.587,-16.7568,-2.3298,0.7638,-11.9535,0,Serve prepare 0.00,0,9,Drive,93.9226,53.8267,-2.0528,0.7529,-12.3908,0,1,1,Backhand prepare 1.00,0,9,-5.2647,-93.0028,0,0,Perfect,,-2.35,-12.35,1.95,11.2,0,0,0,0,0,0
1130,PlayerServeHold,None,1,-0.005,52,-4.405,2.586,-16.7571,-2.3298,0.7648,-11.9535,0,Serve prepare 0.00,0,9,Drive,93.9576,53.8699,-2.053,0.7528,-12.3913,0,1,1,Backhand prepare 1.00,0,9,-5.2647,-93.0028,0,0,Perfect,,-2.35,-12.35,1.95,11.2,0,0,0,0,0,0
1131,PlayerServeHold,None,1,-0.005,52,-4.4047,2.585,-16.7575,-2.3298,0.7665,-11.9535,0,Serve prepare 0.00,0,9,Drive,93.9946,53.9161,-2.0532,0.7527,-12.3917,0,1,1,Backhand prepare 1.00,0,9,-5.2647,-93.0028,0,0,Perfect,,-2.35,-12.35,1.95,11.2,0,0,0,0,0,0
1132,PlayerServeHold,None,1,-0.005,52,-4.4043,2.584,-16.7578,-2.3298,0.7734,-11.9535,0,Serve prepare 0.00,0,9,Drive,94.0339,53.9651,-2.0534,0.7526,-12.3922,0,1,1,Backhand prepare 1.00,0,9,-5.2647,-93.0028,0,0,Perfect,,-2.35,-12.35,1.95,11.2,0,0,0,0,0,0
1133,PlayerServeHold,None,1,-0.005,52,-4.4039,2.583,-16.7581,-2.3298,0.7783,-11.9535,0,Serve prepare 0.00,0,9,Drive,94.0753,54.0171,-2.0536,0.7525,-12.3927,0,1,1,Backhand prepare 1.00,0,9,-5.2647,-93.0028,0,0,Perfect,,-2.35,-12.35,1.95,11.2,0,0,0,0,0,0
1134,PlayerServeHold,None,1,-0.005,52,-4.4036,2.5821,-16.7584,-2.3298,0.7903,-11.9535,0,Serve prepare 0.00,0,9,Drive,94.1186,54.0718,-2.0538,0.7524,-12.3933,0,1,1,Backhand prepare 1.00,0,9,-5.2647,-93.0028,0,0,Perfect,,-2.35,-12.35,1.95,11.2,0,0,0,0,0,0
1135,PlayerServeHold,None,1,-0.005,52,-4.4033,2.5811,-16.7587,-2.3298,0.7972,-11.9535,0,Serve prepare 0.00,0,9,Drive,94.1641,54.1295,-2.0541,0.7523,-12.3938,0,1,1,Backhand prepare 1.00,0,9,-5.2647,-93.0028,0,0,Perfect,,-2.35,-12.35,1.95,11.2,0,0,0,0,0,0
1136,PlayerServeHold,None,1,-0.005,52,-4.4031,2.5801,-16.759,-2.3298,0.812,-11.9535,0,Serve prepare 0.00,0,9,Drive,94.212,54.1897,-2.0543,0.7522,-12.3944,0,1,1,Backhand prepare 1.00,0,9,-5.2647,-93.0028,0,0,Perfect,,-2.35,-12.35,1.95,11.2,0,0,0,0,0,0
1137,PlayerServeHold,None,1,-0.005,52,-4.4028,2.5792,-16.7592,-2.3298,0.8197,-11.9535,0,Serve prepare 0.00,0,9,Drive,94.262,54.2525,-2.0546,0.7541,-12.3951,0,1,1,Backhand prepare 1.00,0,9,-5.2647,-93.0028,0,0,Perfect,,-2.35,-12.35,1.95,11.2,0,0,0,0,0,0
1138,PlayerServeHold,None,1,-0.005,52,-4.4026,2.5782,-16.7595,-2.3298,0.8349,-11.9535,0,Serve prepare 0.00,0,9,Drive,94.3158,54.3172,-2.0549,0.754,-12.3958,0,1,1,Backhand prepare 1.00,0,9,-5.2647,-93.0028,0,0,Perfect,,-2.35,-12.35,1.95,11.2,0,0,0,0,0,0
1139,PlayerServeHold,None,1,-0.005,52,-4.4024,2.5773,-16.7597,-2.3298,0.8421,-11.9535,0,Serve prepare 0.00,0,9,Drive,94.3723,54.3836,-2.0552,0.7539,-12.3964,0,1,1,Backhand prepare 1.00,0,9,-5.2647,-93.0028,0,0,Perfect,,-2.35,-12.35,1.95,11.2,0,0,0,0,0,0
1140,PlayerServeHold,None,1,-0.005,52,-4.4022,2.5763,-16.76,-2.3298,0.8553,-11.9535,0,Serve prepare 0.00,0,9,Drive,94.4307,54.4519,-2.0555,0.7538,-12.3972,0,1,1,Backhand prepare 1.00,0,9,-5.2647,-93.0028,0,0,Perfect,,-2.35,-12.35,1.95,11.2,0,0,0,0,0,0
1141,PlayerServeHold,None,1,-0.005,52,-4.4021,2.5754,-16.7602,-2.3298,0.861,-11.9535,0,Serve prepare 0.00,0,9,Drive,94.4908,54.522,-2.0558,0.7537,-12.3979,0,1,1,Backhand prepare 1.00,0,9,-5.2647,-93.0028,0,0,Perfect,,-2.35,-12.35,1.95,11.2,0,0,0,0,0,0
1142,PlayerServeHold,None,1,-0.005,52,-4.402,2.5744,-16.7604,-2.3298,0.8699,-11.9535,0,Serve prepare 0.00,0,9,Drive,94.5526,54.5959,-2.0561,0.7536,-12.3987,0,1,1,Backhand prepare 1.00,0,9,-5.2647,-93.0028,0,0,Perfect,,-2.35,-12.35,1.95,11.2,0,0,0,0,0,0
1143,PlayerServeHold,None,1,-0.005,52,-4.4019,2.5735,-16.7606,-2.3298,0.8728,-11.9535,0,Serve prepare 0.00,0,9,Drive,94.616,54.6729,-2.0565,0.7535,-12.3995,0,1,1,Backhand prepare 1.00,0,9,-5.2647,-93.0028,0,0,Perfect,,-2.35,-12.35,1.95,11.2,0,0,0,0,0,0
1144,PlayerServeHold,None,1,-0.005,52,-4.4018,2.5726,-16.7608,-2.3298,0.875,-11.9535,0,Serve prepare 0.00,0,9,Drive,94.681,54.7535,-2.0569,0.7534,-12.4003,0,1,1,Backhand prepare 1.00,0,9,-5.2647,-93.0028,0,0,Perfect,,-2.35,-12.35,1.95,11.2,0,0,0,0,0,0
1145,PlayerServeHold,None,1,-0.005,52,-4.4018,2.5717,-16.761,-2.3298,0.875,-11.9535,0,Serve prepare 0.00,0,9,Drive,94.7492,54.8372,-2.0573,0.7532,-12.4012,0,1,1,Backhand prepare 1.00,0,9,-5.2647,-93.0028,0,0,Perfect,,-2.35,-12.35,1.95,11.2,0,0,0,0,0,0
1146,PlayerServeHold,None,1,-0.005,52,-4.4017,2.5707,-16.7612,-2.3298,0.875,-11.9535,0,Serve prepare 0.00,0,9,Drive,94.8197,54.9235,-2.0577,0.7531,-12.4021,0,1,1,Backhand prepare 1.00,0,9,-5.2647,-93.0028,0,0,Perfect,,-2.35,-12.35,1.95,11.2,0,0,0,0,0,0
1147,PlayerServeHold,None,1,-0.005,52,-4.4017,2.5698,-16.7614,-2.3298,0.875,-11.9535,0,Serve prepare 0.00,0,9,Drive,94.8932,55.0118,-2.0581,0.7529,-12.403,0,1,1,Backhand prepare 1.00,0,9,-5.2647,-93.0028,0,0,Perfect,,-2.35,-12.35,1.95,11.2,0,0,0,0,0,0
1148,PlayerServeHold,None,1,-0.005,52,-4.4018,2.5689,-16.7615,-2.3298,0.875,-11.9535,0,Serve prepare 0.00,0,9,Drive,94.9681,55.1021,-2.0586,0.7528,-12.404,0,1,1,Backhand prepare 1.00,0,9,-5.2647,-93.0028,0,0,Perfect,,-2.35,-12.35,1.95,11.2,0,0,0,0,0,0
1149,PlayerServeHold,None,1,-0.005,52,-4.4018,2.568,-16.7617,-2.3298,0.875,-11.9535,0,Serve prepare 0.00,0,9,Drive,95.0442,55.1946,-2.059,0.7526,-12.405,0,1,1,Backhand prepare 1.00,0,9,-5.2647,-93.0028,0,0,Perfect,,-2.35,-12.35,1.95,11.2,0,0,0,0,0,0
1150,PlayerServeHold,None,1,-0.005,52,-4.4019,2.5671,-16.7618,-2.3298,0.875,-11.9535,0,Serve prepare 0.00,0,9,Drive,95.1216,55.2903,-2.0596,0.7524,-12.406,0,1,1,Backhand prepare 1.00,0,9,-5.2647,-93.0028,0,0,Perfect,,-2.35,-12.35,1.95,11.2,0,0,0,0,0,0
1151,PlayerServeHold,None,1,-0.005,52,-4.402,2.5662,-16.762,-2.3298,0.875,-11.9535,0,Serve prepare 0.00,0,9,Drive,95.2003,55.3888,-2.0854,0.7523,-12.3994,0,1,1,Backhand prepare 1.00,0,9,-5.2647,-93.0028,0,0,Perfect,,-2.35,-12.35,1.95,11.2,0,0,0,0,0,0
1152,PlayerServeHold,None,1,-0.005,52,-4.4021,2.5653,-16.7621,-2.3298,0.875,-11.9535,0,Serve prepare 0.00,0,9,Drive,95.2805,55.4896,-2.0859,0.7521,-12.4004,0,1,1,Backhand prepare 1.00,0,9,-5.2647,-93.0028,0,0,Perfect,,-2.35,-12.35,1.95,11.2,0,0,0,0,0,0
1153,PlayerServeHold,None,1,-0.005,52,-4.4022,2.5644,-16.7622,-2.3298,0.875,-11.9535,0,Serve prepare 0.00,0,9,Drive,95.3624,55.5927,-2.0864,0.7519,-12.4015,0,1,1,Backhand prepare 1.00,0,9,-5.2647,-93.0028,0,0,Perfect,,-2.35,-12.35,1.95,11.2,0,0,0,0,0,0
1154,PlayerServeHold,None,1,-0.005,52,-4.4024,2.5635,-16.7623,-2.3298,0.875,-11.9535,0,Serve prepare 0.00,0,9,Drive,95.4472,55.6975,-2.0869,0.7497,-12.4026,0,1,1,Backhand prepare 1.00,0,9,-5.2647,-93.0028,0,0,Perfect,,-2.35,-12.35,1.95,11.2,0,0,0,0,0,0
1155,PlayerServeHold,None,1,-0.005,52,-4.4026,2.5626,-16.7624,-2.3296,0.8754,-11.9536,0,Serve prepare 0.00,0,9,Drive,95.5332,55.8042,-2.0874,0.7495,-12.4038,0,1,1,Backhand prepare 1.00,0,9,-5.2647,-93.0028,0,0,Perfect,,-2.35,-12.35,1.95,11.2,0,0,0,0,0,0
1156,PlayerServeHold,None,1,-0.005,52,-4.4028,2.5617,-16.7625,-2.3281,0.8782,-11.9545,0,Serve prepare 0.00,0,9,Drive,95.6207,55.9136,-2.0879,0.7493,-12.4049,0,1,1,Backhand prepare 1.00,0,9,-5.2647,-93.0028,0,0,Perfect,,-2.35,-12.35,1.95,11.2,0,0,0,0,0,0
1157,PlayerServeHold,None,1,-0.005,52,-4.403,2.5609,-16.7626,-2.3261,0.8806,-11.9553,0,Serve prepare 0.01,0,9,Drive,97.9792,58.542,-2.0654,0.7562,-12.4269,0,1,1,Backhand prepare 1.00,0,9,-5.2647,-93.0028,0,0,Perfect,,-2.35,-12.35,1.95,11.2,0,0,0,1.2175,0,0
1158,PlayerServeHold,None,1,-0.005,52,-4.4033,2.56,-16.7627,-2.3222,0.8873,-11.9574,0,Serve prepare 0.02,0,9,Drive,98.5069,59.3685,-2.0683,0.7548,-12.4344,0,1,1,Backhand prepare 1.00,0,9,-5.2647,-93.0028,0,0,Perfect,,-2.35,-12.35,1.95,11.2,0,0,0,1.2098,0,0
1159,PlayerServeHold,None,1,-0.005,52,-4.4035,2.5591,-16.7627,-2.3192,0.8916,-11.9588,0,Serve prepare 0.03,0,9,Drive,99.6257,60.9453,-2.0748,0.7508,-12.4488,0,1,1,Backhand prepare 1.00,0,9,-5.2647,-93.0028,0,0,Perfect,,-2.35,-12.35,1.95,11.2,0,0,0,1.3562,0,0
1160,PlayerServeHold,None,1,-0.005,52,-4.4038,2.5582,-16.7628,-2.3135,0.9017,-11.962,0,Serve prepare 0.04,0,9,Drive,100.2037,61.9275,-2.0791,0.7482,-12.4577,0,1,1,Backhand prepare 1.00,0,9,-5.2647,-93.0028,0,0,Perfect,,-2.35,-12.35,1.95,11.2,0,0,0,1.1663,0,0
1161,PlayerServeHold,None,1,-0.005,52,-4.4042,2.5573,-16.7628,-2.3097,0.9076,-11.9639,0,Serve prepare 0.05,0,9,Drive,101.2997,63.6904,-2.0714,0.7515,-12.4694,0,1,1,Backhand prepare 1.00,0,9,-5.2647,-93.0028,0,0,Perfect,,-2.35,-12.35,1.95,11.2,0,0,0,1.2505,0,0
1162,PlayerServeHold,None,1,-0.005,52,-4.4045,2.5564,-16.7629,-2.3024,0.9208,-11.968,0,Serve prepare 0.06,0,9,Drive,101.8477,64.829,-2.0659,0.7427,-12.4935,0,1,1,Backhand prepare 1.00,0,9,-5.2647,-93.0028,0,0,Perfect,,-2.35,-12.35,1.95,11.2,0,0,0,1.034,0,0
1163,PlayerServeHold,None,1,-0.005,52,-4.4049,2.5555,-16.7629,-2.2979,0.928,-11.9704,0,Serve prepare 0.07,0,9,Drive,103.0159,66.8104,-2.0659,0.7397,-12.5126,0,1,1,Backhand prepare 1.00,0,9,-5.2647,-93.0028,0,0,Perfect,,-2.35,-12.35,1.95,11.2,0,0,0,1.179,0,0
1164,PlayerServeHold,None,1,-0.005,52,-4.4052,2.5546,-16.7629,-2.2893,0.9437,-11.9753,0,Serve prepare 0.08,0,9,Drive,103.6817,68.0491,-2.0945,0.738,-12.507,0,1,1,Backhand prepare 1.00,0,9,-5.2647,-93.0028,0,0,Perfect,,-2.35,-12.35,1.95,11.2,0,0,0,0.9039,0,0
1165,PlayerServeHold,None,1,-0.005,52,-4.4057,2.5538,-16.7629,-2.2841,0.9522,-11.9781,0,Serve prepare 0.09,0,9,Drive,105.0969,70.1144,-2.1021,0.7344,-12.5226,0,1,1,Backhand prepare 1.00,0,9,-5.2647,-93.0028,0,0,Perfect,,-2.35,-12.35,1.95,11.2,0,0,0,0.9296,0,0
1166,PlayerServeHold,None,1,-0.005,52,-4.4061,2.5529,-16.7629,-2.2744,0.97,-11.9838,0,Serve prepare 0.10,0,9,Drive,105.8251,71.3812,-2.0831,0.7334,-12.5468,0,1,1,Backhand prepare 1.00,0,9,-5.2647,-93.0028,0,0,Perfect,,-2.35,-12.35,1.95,11.2,0,0,0,0.7033,0,0
1167,PlayerServeHold,None,1,-0.005,52,-4.4065,2.552,-16.7629,-2.2688,0.9794,-11.9869,0,Serve prepare 0.11,0,9,Drive,107.3995,73.4875,-2.0767,0.7419,-12.5541,0,1,1,Backhand prepare 1.00,0,9,-5.2647,-93.0028,0,0,Perfect,,-2.35,-12.35,1.95,11.2,0,0,0,0.6013,0,0
1168,PlayerServeHold,None,1,-0.005,52,-4.407,2.551,-16.7629,-2.2583,0.999,-11.9932,0,Serve prepare 0.12,0,9,Drive,108.199,74.7562,-2.0811,0.7393,-12.5638,0,1,1,Backhand prepare 1.00,0,9,-5.2647,-93.0028,0,0,Perfect,,-2.35,-12.35,1.95,11.2,0,0,0,0.3115,0,0
1169,PlayerServeHold,None,1,-0.005,52,-4.4075,2.5501,-16.7629,-2.2523,1.0091,-11.9966,0,Serve prepare 0.13,0,9,Drive,109.6336,76.9836,-2.0927,0.7335,-12.581,0.0562,1,1,Backhand prepare 1.00,0,9,-5.2647,-93.0028,0,0,Perfect,,-2.35,-12.35,1.95,11.2,0,0,0,0.5581,0,0
1170,PlayerServeHold,None,1,-0.005,52,-4.408,2.5492,-16.7629,-2.2411,1.0299,-12.0033,0,Serve prepare 0.14,0,9,Drive,110.3682,78.2978,-2.0963,0.7321,-12.5914,0.0269,1,1,Backhand prepare 1.00,0,9,-5.2647,-93.0028,0,0,Perfect,,-2.35,-12.35,1.95,11.2,0,0,0,0.638,0,0
1171,PlayerServeHold,None,1,-0.005,52,-4.4085,2.5483,-16.7629,-2.2349,1.0405,-12.0069,0,Serve prepare 0.15,0,9,Drive,111.8687,80.8868,-2.0947,0.7294,-12.6209,0.0402,1,1,Backhand prepare 1.00,0,9,-5.2647,-93.0028,0,0,Perfect,,-2.35,-12.35,1.95,11.2,0,0,0,1.0697,0,0
1172,PlayerServeHold,None,1,-0.005,52,-4.4091,2.5474,-16.7628,-2.2233,1.0621,-12.0139,0,Serve prepare 0.16,0,9,Drive,112.6274,82.4878,-2.0925,0.7311,-12.6328,0.0217,1,1,Backhand prepare 1.00,0,9,-5.2647,-93.0028,0,0,Perfect,,-2.35,-12.35,1.95,11.2,0,0,0,1.1955,0,0
1173,PlayerServeHold,None,1,-0.005,52,-4.4096,2.5464,-16.7628,-2.217,1.073,-12.0176,0,Serve prepare 0.17,0,9,Drive,114.1407,85.3698,-2.0915,0.752,-12.6058,0.0527,1,1,Backhand prepare 1.00,0,9,-5.2647,-93.0028,0,0,Perfect,,-2.35,-12.35,1.95,11.2,0,0,0,1.7583,0,0
1174,PlayerServeHold,None,1,-0.005,52,-4.4102,2.5455,-16.7628,-2.2052,1.095,-12.0248,0,Serve prepare 0.18,0,9,Drive,114.8752,87.2422,-2.0696,0.7796,-12.5948,0.0263,1,1,Backhand prepare 1.00,0,9,-5.2647,-93.0028,0,0,Perfect,,-2.35,-12.35,1.95,11.2,0,0,0,1.5226,0,0
1175,PlayerServeHold,None,1,-0.005,52,-4.4108,2.5446,-16.7627,-2.1989,1.106,-12.0286,0,Serve prepare 0.19,0,9,Drive,113.7942,90.4842,-2.0778,0.7717,-12.6178,0.4304,1,1,Backhand prepare 1.00,0,9,-5.2647,-93.0028,0,0,Perfect,,-2.35,-12.35,1.95,11.2,0,0,0,1.6217,0,0
1176,PlayerServeHold,None,1,-0.005,52,-4.4115,2.5436,-16.7626,-2.1872,1.1279,-12.0358,0,Serve prepare 0.20,0,9,Drive,112.0389,92.4371,-2.0808,0.7695,-12.6341,0.4245,1,1,Backhand prepare 1.00,0,9,-5.2647,-93.0028,0,0,Perfect,,-2.35,-12.35,1.95,11.2,0,0,0,1.2468,0,0
1177,PlayerServeHold,None,1,-0.005,52,-4.4121,2.5426,-16.7626,-2.181,1.1387,-12.0396,0,Serve prepare 0.21,0,9,Drive,113.528,95.6009,-2.1077,0.7293,-12.7624,0.0201,1,1,Backhand prepare 1.00,0,9,-5.2647,-93.0028,0,0,Perfect,,-2.35,-12.35,1.95,11.2,0,0,0,1.3528,0,0
1178,PlayerServeHold,None,1,-0.005,52,-4.4128,2.5417,-16.7625,-2.1696,1.1601,-12.0467,0,Serve prepare 0.22,0,9,Drive,114.26,97.4943,-2.1153,0.7304,-12.7738,0.0099,1,1,Backhand prepare 1.00,0,9,-5.2647,-93.0028,0,0,Perfect,,-2.35,-12.35,1.95,11.2,0,0,0,1.0241,0,0
1179,PlayerServeHold,None,1,-0.005,52,-4.4134,2.5407,-16.7624,-2.1636,1.1706,-12.0504,0,Serve prepare 0.23,0,9,Drive,115.7041,100.535,-2.1529,0.7205,-12.7634,0.0207,1,1,Backhand prepare 1.00,0,9,-5.2647,-93.0028,0,0,Perfect,,-2.35,-12.35,1.95,11.2,0,0,0,1.0972,0,0
1180,PlayerServeHold,None,1,-0.005,52,-4.4141,2.5397,-16.7624,-2.1527,1.191,-12.0573,0,Serve prepare 0.24,0,9,Drive,116.3709,102.2905,-2.1456,0.7302,-12.8005,0.0125,1,1,Backhand prepare 1.00,0,9,-5.2647,-93.0028,0,0,Perfect,,-2.35,-12.35,1.95,11.2,0,0,0,0.7933,0,0
1181,PlayerServeHold,None,1,-0.005,52,-4.4148,2.5387,-16.7623,-2.1471,1.2009,-12.0608,0,Serve prepare 0.25,0,9,Drive,117.5483,105.0249,-2.1746,0.7259,-12.7396,0.0283,1,1,Backhand prepare 1.00,0,9,-5.2647,-93.0028,0,0,Perfect,,-2.35,-12.35,1.95,11.2,0,0,0,0.9986,0,0
1182,PlayerServeHold,None,1,-0.005,52,-4.4156,2.5377,-16.7622,-2.137,1.22,-12.0673,0,Serve prepare 0.26,0,9,Drive,118.0124,106.5968,-2.166,0.7329,-12.7845,0.01,1,1,Backhand prepare 1.00,0,9,-5.2647,-93.0028,0,0,Perfect,,-2.35,-12.35,1.95,11.2,0,0,0,0.874,0,0
1183,PlayerServeHold,None,1,-0.005,52,-4.4163,2.5367,-16.7621,-2.1317,1.229,-12.0706,0,Serve prepare 0.27,0,9,Drive,120.2851,109.3631,-2.16,0.7455,-12.7817,2.3161,1,1,Backhand prepare 1.00,0,9,-5.2647,-93.0028,0,0,Perfect,,-2.35,-12.35,1.95,11.2,0,0,0,4.6426,0,0
1184,PlayerServeHold,None,1,-0.005,52,-4.4171,2.5357,-16.762,-2.1226,1.2463,-12.0765,0,Serve prepare 0.28,0,9,Drive,120.3006,110.9907,-2.1716,0.7436,-12.7947,0.1833,1,1,Backhand prepare 1.00,0,9,-5.2647,-93.0028,0,0,Perfect,,-2.35,-12.35,1.95,11.2,0,0,0,4.2239,0,0
1185,PlayerServeHold,None,1,-0.005,52,-4.4179,2.5347,-16.7619,-2.1179,1.2543,-12.0796,0,Serve prepare 0.29,0,9,Drive,120.1017,113.3447,-2.174,0.7478,-12.7689,0.0758,1,1,Backhand prepare 1.00,0,9,-5.2647,-93.0028,0,0,Perfect,,-2.35,-12.35,1.95,11.2,0,0,0,4.4458,0,0
1186,PlayerServeHold,None,1,-0.005,52,-4.4187,2.5336,-16.7618,-2.11,1.2692,-12.0847,0,Serve prepare 0.30,0,9,Drive,119.9578,114.8319,-2.237,0.7555,-12.943,0.0697,1,1,Backhand prepare 1.00,0,9,-5.2647,-93.0028,0,0,Perfect,,-2.35,-12.35,1.95,11.2,0,0,0,3.6658,0,0
1187,PlayerServeHold,None,1,-0.005,52,-4.4195,2.5326,-16.7617,-2.106,1.2761,-12.0874,0,Serve prepare 0.31,0,9,Drive,119.4493,116.8939,-2.4164,0.7066,-12.9419,0.1327,1,1,Backhand prepare 1.00,0,9,-5.2647,-93.0028,0,0,Perfect,,-2.35,-12.35,1.95,11.2,0,0,0,3.8163,0,0
1188,PlayerServeHold,None,1,-0.005,52,-4.4203,2.5315,-16.7616,-2.0994,1.2883,-12.0917,0,Serve prepare 0.32,0,9,Drive,119.1138,118.1864,-2.4258,0.7081,-12.9519,0.0817,1,1,Backhand prepare 1.00,0,9,-5.2647,-93.0028,0,0,Perfect,,-2.35,-12.35,1.95,11.2,0,0,0,2.9643,0,0
1189,PlayerServeHold,None,1,-0.005,52,-4.4211,2.5305,-16.7615,-2.0962,1.2936,-12.0939,0,Serve prepare 0.33,0,9,Drive,118.2369,119.8167,-2.4145,0.694,-12.916,0.203,1,1,Backhand prepare 1.00,0,9,-5.2647,-93.0028,0,0,Perfect,,-2.35,-12.35,1.95,11.2,0,0,0,3.3252,0,0
1190,PlayerServeHold,None,1,-0.005,52,-4.422,2.5294,-16.7613,-2.0913,1.3027,-12.0972,0,Serve prepare 0.34,0,9,Drive,117.6991,120.9179,-2.4245,0.6957,-12.926,0.1114,1,1,Backhand prepare 1.00,0,9,-5.2647,-93.0028,0,0,Perfect,,-2.35,-12.35,1.95,11.2,0,0,0,2.6806,0,0
1191,PlayerServeHold,None,1,-0.005,52,-4.4228,2.5283,-16.7612,-2.089,1.3063,-12.0989,0,Serve prepare 0.35,0,9,Drive,119.8745,121.2943,-2.435,0.6862,-12.922,0.7084,1,1,Backhand prepare 1.00,0,9,-5.2647,-93.0028,0,0,Perfect,,-2.35,-12.35,1.95,11.2,0,0,0,4.1035,0,0
1192,PlayerServeHold,None,1,-0.005,52,-4.4237,2.5272,-16.7611,-2.0859,1.3118,-12.1009,0,Serve prepare 0.36,0,9,Drive,119.6031,121.6981,-2.4087,0.6852,-12.9124,0.1011,1,1,Backhand prepare 1.00,0,9,-5.2647,-93.0028,0,0,Perfect,,-2.35,-12.35,1.95,11.2,0,0,0,3.6425,0,0
1193,PlayerServeHold,None,1,-0.005,52,-4.4246,2.5261,-16.761,-2.0846,1.3136,-12.102,0,Serve prepare 0.37,0,9,Drive,116.2939,122.8972,-2.4169,0.6904,-12.9241,0.6684,1,1,Backhand prepare 1.00,0,9,-5.2647,-93.0028,0,0,Perfect,,-2.35,-12.35,1.95,11.2,0,0,0,2.8161,0,0
1194,PlayerServeHold,None,1,-0.005,52,-4.4255,2.525,-16.7608,-2.0836,1.315,-12.1027,0,Serve prepare 0.38,0,9,Drive,112.6249,124.2433,-2.4121,0.6999,-12.9287,0.6286,1,1,Backhand prepare 1.00,0,9,-5.2647,-93.0028,0,0,Perfect,,-2.35,-12.35,1.95,11.2,0,0,0,7.6085,0,0
1195,PlayerServeToss,Toss,1,-0.005,48,-2.9,0.455,-13.75,-2.0832,1.315,-12.1032,0,Serve prepare 0.39,0,9,Drive,110.2821,125.3871,-2.4357,0.7072,-12.9556,0.1685,1,1,Backhand prepare 1.00,0,9,-5.2647,-93.0028,0,0,Perfect,,-2.35,-12.35,1.95,11.2,-4,0,0,7.9689,0,0
1196,PlayerServeToss,Toss,1,-0.005,48,-2.9,0.455,-13.75,-2.0857,1.415,-12.1034,0,Serve prepare 0.40,0,9,Drive,109.1196,126.5028,-2.453,0.7061,-12.9637,0.0783,1,1,Backhand prepare 1.00,0,9,-5.2647,-93.0028,0,0,Perfect,,-2.35,-12.35,1.95,11.2,0,0,0,6.4657,0,0
1197,PlayerServeToss,Toss,1,-0.005,48,-2.9,0.455,-13.75,-2.087,1.464,-12.1035,0,Serve prepare 0.41,0,9,Drive,108.8144,127.7737,-2.4633,0.6979,-12.96,0.0201,1,1,Backhand prepare 1.00,0,9,-5.2647,-93.0028,0,0,Perfect,,-2.35,-12.35,1.95,11.2,0,0,0,4.1823,0,0
1198,PlayerServeToss,Toss,1,-0.005,48,-2.9,0.455,-13.75,-2.0895,1.5599,-12.1037,0,Serve prepare 0.42,0,9,Drive,108.5179,128.9405,-2.4733,0.6904,-12.9563,0.0219,1,1,Backhand prepare 1.00,0,9,-5.2647,-93.0028,0,0,Perfect,,-2.35,-12.35,1.95,11.2,0,0,0,2.0562,0,0
1199,PlayerServeToss,Toss,1,-0.005,48,-2.9,0.455,-13.75,-2.0908,1.6068,-12.1037,0,Serve prepare 0.43,0,9,Drive,107.9176,129.8933,-2.4878,0.6888,-12.9572,0.0134,1,1,Backhand prepare 1.00,0,9,-5.2647,-93.0028,0,0,Perfect,,-2.35,-12.35,1.95,11.2,0,0,0,0.691,0,0
1200,PlayerServeToss,Toss,1,-0.005,48,-2.9,0.455,-13.75,-2.0933,1.6987,-12.1039,0,Serve prepare 0.44,0,9,Drive,107.6668,130.6622,-2.4967,0.6863,-12.9556,0.0331,1,1,Backhand prepare 1.00,0,9,-5.2647,-93.0028,0,0,Perfect,,-2.35,-12.35,1.95,11.2,0,0,0,0.8476,0,0
1201,PlayerServeToss,Toss,1,-0.005,48,-2.9,0.455,-13.75,-2.0946,1.7436,-12.104,0,Serve prepare 0.46,0,9,Drive,107.1469,131.1168,-2.5104,0.6917,-12.9585,0.1009,1,1,Backhand prepare 1.00,0,9,-5.2647,-93.0028,0,0,Perfect,,-2.35,-12.35,1.95,11.2,0,0,0,1.4893,0,0
1202,PlayerServeToss,Toss,1,-0.005,48,-2.9,0.455,-13.75,-2.0972,1.8313,-12.1042,0,Serve prepare 0.46,0,9,Drive,106.9168,131.4633,-2.5179,0.6945,-12.9591,0.0555,1,1,Backhand prepare 1.00,0,9,-5.2647,-93.0028,0,0,Perfect,,-2.35,-12.35,1.95,11.2,0,0,0,1.9411,0,0
1203,PlayerServeToss,Toss,1,-0.005,48,-2.9,0.455,-13.75,-2.0984,1.8742,-12.1042,0,Serve prepare 0.48,0,9,Drive,106.5414,131.5585,-2.5298,0.7051,-12.9633,0.0769,1,1,Backhand prepare 1.00,0,9,-5.2647,-93.0028,0,0,Perfect,,-2.35,-12.35,1.95,11.2,0,0,0,1.9094,0,0
1204,PlayerServeToss,Toss,1,-0.005,48,-2.9,0.455,-13.75,-2.101,1.9578,-12.1044,0,Serve prepare 0.49,0,9,Drive,106.3603,131.6642,-2.5358,0.7115,-12.9654,0.0327,1,1,Backhand prepare 1.00,0,9,-5.2647,-93.0028,0,0,Perfect,,-2.35,-12.35,1.95,11.2,0,0,0,1.7883,0,0
1205,PlayerServeToss,Toss,1,-0.005,48,-2.9,0.455,-13.75,-2.1023,1.9986,-12.1045,0,Serve prepare 0.50,0,9,Drive,106.0713,131.6028,-2.5462,0.725,-12.9695,0.1386,1,1,Backhand prepare 1.00,0,9,-5.2647,-93.0028,0,0,Perfect,,-2.35,-12.35,1.95,11.2,0,0,0,1.4639,0,0
1206,PlayerServeToss,Toss,1,-0.005,48,-2.9,0.455,-13.75,-2.1048,2.0782,-12.1047,0,Serve prepare 0.51,0,9,Drive,105.9258,131.6118,-2.5515,0.7336,-12.9717,0.0926,1,1,Backhand prepare 1.00,0,9,-5.2647,-93.0028,0,0,Perfect,,-2.35,-12.35,1.95,11.2,0,0,0,1.1481,0,0
1207,PlayerServeToss,Toss,1,-0.005,48,-2.9,0.455,-13.75,-2.1061,2.117,-12.1047,0,Serve prepare 0.53,0,9,Drive,105.6755,131.5538,-2.5615,0.749,-12.9745,0.2032,1,1,Backhand prepare 1.00,0,9,-5.2647,-93.0028,0,0,Perfect,,-2.35,-12.35,1.95,11.2,0,0,0,0.9134,0,0
1208,PlayerServeToss,Toss,1,-0.005,48,-2.9,0.455,-13.75,-2.1086,2.1925,-12.1049,0,Serve prepare 0.54,0,9,Drive,105.5759,131.6213,-2.567,0.7582,-12.976,0.1017,1,1,Backhand prepare 1.00,0,9,-5.2647,-93.0028,0,0,Perfect,,-2.35,-12.35,1.95,11.2,0,0,0,0.7465,0,0
1209,PlayerServeToss,Toss,1,-0.005,48,-2.9,0.455,-13.75,-2.1099,2.2292,-12.105,0,Serve prepare 0.55,0,9,Drive,105.385,131.7265,-2.5773,0.774,-12.9769,0.167,1,1,Backhand prepare 1.00,0,9,-5.2647,-93.0028,0,0,Perfect,,-2.35,-12.35,1.95,11.2,0,0,0,0.8961,0,0
1210,PlayerServeToss,Toss,1,-0.005,48,-2.9,0.455,-13.75,-2.1125,2.3006,-12.1052,0,Serve prepare 0.56,0,9,Drive,105.3055,131.9205,-2.5835,0.7833,-12.9769,0.0813,1,1,Backhand prepare 1.00,0,9,-5.2647,-93.0028,0,0,Perfect,,-2.35,-12.35,1.95,11.2,0,0,0,0.8021,0,0
1211,PlayerServeToss,Toss,1,-0.005,48,-2.9,0.455,-13.75,-2.1137,2.3352,-12.1052,0,Serve prepare 0.58,0,9,Drive,105.1375,132.192,-2.5943,0.7986,-12.9753,0.1506,1,1,Backhand prepare 1.00,0,9,-5.2647,-93.0028,0,0,Perfect,,-2.35,-12.35,1.95,11.2,0,0,0,1.0126,0,0
1212,PlayerServeToss,Toss,1,-0.005,48,-2.9,0.455,-13.75,-2.1163,2.4025,-12.1054,0,Serve prepare 0.59,0,9,Drive,105.067,132.5045,-2.6011,0.8071,-12.9737,0.0603,1,1,Backhand prepare 1.00,0,9,-5.2647,-93.0028,0,0,Perfect,,-2.35,-12.35,1.95,11.2,0,0,0,0.8659,0,0
1213,PlayerServeToss,Toss,1,-0.005,48,-2.9,0.455,-13.75,-2.1176,2.4352,-12.1055,0,Serve prepare 0.60,0,9,Drive,104.9527,132.8923,-2.6119,0.8213,-12.9702,0.1015,1,1,Backhand prepare 1.00,0,9,-5.2647,-93.0028,0,0,Perfect,,-2.35,-12.35,1.95,11.2,0,0,0,0.9253,0,0
1214,PlayerServeToss,Toss,1,-0.005,48,-2.9,0.455,-13.75,-2.1201,2.4984,-12.1057,0,Serve prepare 0.61,0,9,Drive,104.876,133.2753,-2.6188,0.8288,-12.9675,0.0358,1,1,Backhand prepare 1.00,0,9,-5.2647,-93.0028,0,0,Perfect,,-2.35,-12.35,1.95,11.2,0,0,0,0.7285,0,0
1215,PlayerServeToss,Toss,1,-0.005,48,-2.9,0.455,-13.75,-2.1214,2.529,-12.1057,0,Serve prepare 0.63,0,9,Drive,104.7801,133.7464,-2.6296,0.8421,-12.9629,0.066,1,1,Backhand prepare 1.00,0,9,-5.2647,-93.0028,0,0,Perfect,,-2.35,-12.35,1.95,11.2,0,0,0,0.722,0,0
1216,PlayerServeToss,Toss,1,-0.005,48,-2.9,0.455,-13.75,-2.1239,2.5881,-12.1059,0,Serve prepare 0.63,0,9,Drive,104.719,134.1514,-2.6363,0.8489,-12.9595,0.0273,1,1,Backhand prepare 1.00,0,9,-5.2647,-93.0028,0,0,Perfect,,-2.35,-12.35,1.95,11.2,0,0,0,0.5293,0,0
1217,PlayerServeToss,Toss,1,-0.005,48,-2.9,0.455,-13.75,-2.1252,2.6167,-12.106,0,Serve prepare 0.65,0,9,Drive,104.6614,134.6224,-2.6471,0.8611,-12.9539,0.0612,1,1,Backhand prepare 1.00,0,9,-5.2647,-93.0028,0,0,Perfect,,-2.35,-12.35,1.95,11.2,0,0,0,0.5174,0,0
1218,PlayerServeToss,Toss,1,-0.005,48,-2.9,0.455,-13.75,-2.1278,2.6717,-12.1062,0,Serve prepare 0.66,0,9,Drive,104.6399,134.9774,-2.6534,0.867,-12.9502,0.0315,1,1,Backhand prepare 1.00,0,9,-5.2647,-93.0028,0,0,Perfect,,-2.35,-12.35,1.95,11.2,0,0,0,0.3583,0,0
1219,PlayerServeToss,Toss,1,-0.005,48,-2.9,0.455,-13.75,-2.129,2.6982,-12.1062,0,Serve prepare 0.67,0,9,Drive,104.548,135.4126,-2.6637,0.8779,-12.9438,0.0773,1,1,Backhand prepare 1.00,0,9,-5.2647,-93.0028,0,0,Perfect,,-2.35,-12.35,1.95,11.2,0,0,0,0.428,0,0
1220,PlayerServeToss,Toss,1,-0.005,48,-2.9,0.455,-13.75,-2.1316,2.7492,-12.1064,0,Serve prepare 0.68,0,9,Drive,104.5127,135.7351,-2.6697,0.8832,-12.9399,0.0454,1,1,Backhand prepare 1.00,0,9,-5.2647,-93.0028,0,0,Perfect,,-2.35,-12.35,1.95,11.2,0,0,0,0.3334,0,0
1221,PlayerServeToss,Toss,1,-0.005,48,-2.9,0.455,-13.75,-2.1329,2.7736,-12.1065,0,Serve prepare 0.70,0,9,Drive,104.3768,136.1692,-2.6793,0.893,-12.9328,0.1009,1,1,Backhand prepare 1.00,0,9,-5.2647,-93.0028,0,0,Perfect,,-2.35,-12.35,1.95,11.2,0,0,0,0.4614,0,0
1222,PlayerServeToss,Toss,1,-0.005,48,-2.9,0.455,-13.75,-2.1354,2.8205,-12.1066,0,Serve prepare 0.71,0,9,Drive,104.2856,136.4956,-2.6847,0.8981,-12.9284,0.0537,1,1,Backhand prepare 1.00,0,9,-5.2647,-93.0028,0,0,Perfect,,-2.35,-12.35,1.95,11.2,0,0,0,0.3976,0,0
1223,PlayerServeToss,Toss,1,-0.005,48,-2.9,0.455,-13.75,-2.1367,2.8429,-12.1067,0,Serve prepare 0.72,0,9,Drive,104.0776,136.9665,-2.6932,0.908,-12.9202,0.1002,1,1,Backhand prepare 1.00,0,9,-5.2647,-93.0028,0,0,Perfect,,-2.35,-12.35,1.95,11.2,0,0,0,0.6168,0,0
1224,PlayerServeToss,Toss,1,-0.005,48,-2.9,0.455,-13.75,-2.1392,2.8857,-12.1069,0,Serve prepare 0.73,0,9,Drive,103.9322,137.3423,-2.6983,0.9131,-12.915,0.0514,1,1,Backhand prepare 1.00,0,9,-5.2647,-93.0028,0,0,Perfect,,-2.35,-12.35,1.95,11.2,0,0,0,0.6026,0,0
1225,PlayerServeToss,Toss,1,-0.005,48,-2.9,0.455,-13.75,-2.1405,2.9061,-12.107,0,Serve prepare 0.75,0,9,Drive,103.6463,137.8984,-2.7063,0.9226,-12.9055,0.1071,1,1,Backhand prepare 1.00,0,9,-5.2647,-93.0028,0,0,Perfect,,-2.35,-12.35,1.95,11.2,0,0,0,0.8811,0,0
1226,PlayerServeToss,Toss,1,-0.005,48,-2.9,0.455,-13.75,-2.1431,2.9448,-12.1071,0,Serve prepare 0.75,0,9,Drive,103.4453,138.3691,-2.7117,0.9272,-12.8995,0.0518,1,1,Backhand prepare 1.00,0,9,-5.2647,-93.0028,0,0,Perfect,,-2.35,-12.35,1.95,11.2,0,0,0,0.8587,0,0
1227,PlayerServeToss,Toss,1,-0.005,48,-2.9,0.455,-13.75,-2.1443,2.9631,-12.1072,0,Serve prepare 0.77,0,9,Drive,103.0296,139.0676,-2.7198,0.9362,-12.8891,0.0948,1,1,Backhand prepare 1.00,0,9,-5.2647,-93.0028,0,0,Perfect,,-2.35,-12.35,1.95,11.2,0,0,0,1.1929,0,0
1228,PlayerServeToss,Toss,1,-0.005,48,-2.9,0.455,-13.75,-2.1469,2.9977,-12.1074,0,Serve prepare 0.78,0,9,Drive,102.786,139.6678,-2.7256,0.9406,-12.8821,0.0466,1,1,Backhand prepare 1.00,0,9,-5.2647,-93.0028,0,0,Perfect,,-2.35,-12.35,1.95,11.2,0,0,0,1.1128,0,0
1229,PlayerServeToss,Toss,1,-0.005,48,-2.9,0.455,-13.75,-2.1482,3.014,-12.1075,0,Serve prepare 0.80,0,9,Drive,102.2357,140.5361,-2.7336,0.9489,-12.8706,0.0939,1,1,Backhand prepare 1.00,0,9,-5.2647,-93.0028,0,0,Perfect,,-2.35,-12.35,1.95,11.2,0,0,0,1.4596,0,0
1230,PlayerServeToss,Toss,1,-0.005,48,-2.9,0.455,-13.75,-2.1507,3.0445,-12.1076,0,Serve prepare 0.80,0,9,Drive,101.9683,141.2663,-2.7398,0.9528,-12.8626,0.0439,1,1,Backhand prepare 1.00,0,9,-5.2647,-93.0028,0,0,Perfect,,-2.35,-12.35,1.95,11.2,0,0,0,1.2802,0,0
1231,PlayerServeToss,Toss,1,-0.005,48,-2.9,0.455,-13.75,-2.152,3.0587,-12.1077,0,Serve prepare 0.82,0,9,Drive,101.3078,142.2662,-2.7479,0.9605,-12.8497,0.1017,1,1,Backhand prepare 1.00,0,9,-5.2647,-93.0028,0,0,Perfect,,-2.35,-12.35,1.95,11.2,0,0,0,1.5988,0,0
1232,PlayerServeToss,Toss,1,-0.005,48,-2.9,0.455,-13.75,-2.1545,3.0852,-12.1079,0,Serve prepare 0.83,0,9,Drive,100.9485,143.1041,-2.7545,0.9639,-12.8405,0.0521,1,1,Backhand prepare 1.00,0,9,-5.2647,-93.0028,0,0,Perfect,,-2.35,-12.35,1.95,11.2,0,0,0,1.3808,0,0
1233,PlayerServeToss,Toss,1,-0.005,48,-2.9,0.455,-13.75,-2.1558,3.0974,-12.108,0,Serve prepare 0.84,0,9,Drive,100.2302,144.1793,-2.7629,0.971,-12.8263,0.0973,1,1,Backhand prepare 1.00,0,9,-5.2647,-93.0028,0,0,Perfect,,-2.35,-12.35,1.95,11.2,0,0,0,1.6052,0,0
1234,PlayerServeToss,Toss,1,-0.005,48,-2.9,0.455,-13.75,-2.1584,3.1197,-12.1081,0,Serve prepare 0.85,0,9,Drive,99.8466,145.0787,-2.7695,0.9739,-12.8163,0.049,1,1,Backhand prepare 1.00,0,9,-5.2647,-93.0028,0,0,Perfect,,-2.35,-12.35,1.95,11.2,0,0,0,1.3128,0,0
1235,PlayerServeToss,Toss,1,-0.005,48,-2.9,0.455,-13.75,-2.1596,3.1299,-12.1082,0,Serve prepare 0.87,0,9,Drive,99.1029,146.1834,-2.7774,0.9803,-12.8012,0.094,1,1,Backhand prepare 1.00,0,9,-5.2647,-93.0028,0,0,Perfect,,-2.35,-12.35,1.95,11.2,0,0,0,1.4799,0,0
1236,PlayerServeToss,Toss,1,-0.005,48,-2.9,0.455,-13.75,-2.1622,3.1481,-12.1084,0,Serve prepare 0.88,0,9,Drive,98.7185,147.0822,-2.7837,0.9825,-12.7907,0.0494,1,1,Backhand prepare 1.00,0,9,-5.2647,-93.0028,0,0,Perfect,,-2.35,-12.35,1.95,11.2,0,0,0,1.1542,0,0
1237,PlayerServeToss,Toss,1,-0.005,48,-2.9,0.455,-13.75,-2.1635,3.1562,-12.1085,0,Serve prepare 0.89,0,9,Drive,97.9506,148.1309,-2.7911,0.9877,-12.7751,0.1043,1,1,Backhand prepare 1.00,0,9,-5.2647,-93.0028,0,0,Perfect,,-2.35,-12.35,1.95,11.2,0,0,0,1.2833,0,0
1238,PlayerServeToss,Toss,1,-0.005,48,-2.9,0.455,-13.75,-2.166,3.1704,-12.1086,0,Serve prepare 0.90,0,9,Drive,97.5494,148.9835,-2.7969,0.9894,-12.7644,0.0603,1,1,Backhand prepare 1.00,0,9,-5.2647,-93.0028,0,0,Perfect,,-2.35,-12.35,1.95,11.2,0,0,0,0.9828,0,0
1239,PlayerServeToss,Toss,1,-0.005,48,-2.9,0.455,-13.75,-2.1673,3.1764,-12.1087,0,Serve prepare 0.92,0,9,Drive,96.7238,149.9599,-2.8036,0.9936,-12.7486,0.124,1,1,Backhand prepare 1.00,0,9,-5.2647,-93.0028,0,0,Perfect,,-2.35,-12.35,1.95,11.2,0,0,0,1.1392,0,0
1240,PlayerServeToss,Toss,1,-0.005,48,-2.9,0.455,-13.75,-2.1698,3.1865,-12.1089,0,Serve prepare 0.92,0,9,Drive,96.3186,150.7449,-2.8087,0.9947,-12.7381,0.0609,1,1,Backhand prepare 1.00,0,9,-5.2647,-93.0028,0,0,Perfect,,-2.35,-12.35,1.95,11.2,0,0,0,0.8504,0,0
1241,PlayerServeToss,Toss,1,-0.005,48,-2.9,0.455,-13.75,-2.1711,3.1905,-12.109,0,Serve prepare 0.94,0,9,Drive,95.4217,151.6248,-2.8142,0.998,-12.7224,0.1231,1,1,Backhand prepare 1.00,0,9,-5.2647,-93.0028,0,0,Perfect,,-2.35,-12.35,1.95,11.2,0,0,0,1.046,0,0
1242,PlayerServeToss,Toss,1,-0.005,48,-2.9,0.455,-13.75,-2.1737,3.1965,-12.1091,0,Serve prepare 0.95,0,9,Drive,94.999,152.3269,-2.8183,0.9987,-12.7121,0.0527,1,1,Backhand prepare 1.00,0,9,-5.2647,-93.0028,0,0,Perfect,,-2.35,-12.35,1.95,11.2,0,0,0,0.759,0,0
1243,PlayerServeToss,Toss,1,-0.005,48,-2.9,0.455,-13.75,-2.1749,3.1985,-12.1092,0,Serve prepare 0.96,0,9,Drive,94.0484,153.1024,-2.8225,1.0011,-12.6966,0.1119,1,1,Backhand prepare 1.00,0,9,-5.2647,-93.0028,0,0,Perfect,,-2.35,-12.35,1.95,11.2,0,0,0,0.978,0,0
1244,PlayerServeToss,Toss,1,-0.005,48,-2.9,0.455,-13.75,-2.1775,3.2004,-12.1094,0,Serve prepare 0.97,0,9,Drive,93.5592,153.7379,-2.8259,1.0013,-12.6865,0,1,1,Backhand prepare 1.00,0,9,-5.2647,-93.0028,0,0,Perfect,,-2.35,-12.35,1.95,11.2,0,0,0,0.7381,0,0
1245,PlayerServeToss,Toss,1,-0.005,48,-2.9,0.455,-13.75,-2.1788,3.2004,-12.1095,0,Serve prepare 0.99,0,9,Drive,92.5533,154.4254,-2.8289,1.0028,-12.6713,0,1,1,Backhand prepare 1.00,0,9,-5.2647,-93.0028,0,0,Perfect,,-2.35,-12.35,1.95,11.2,0,0,0,0.9962,0,0
1246,PlayerServeToss,Toss,1,-0.005,48,-2.9,0.455,-13.75,-2.1813,3.1982,-12.1096,0,Serve prepare 1.00,0,9,Drive,92.0284,155.0025,-2.8314,1.0025,-12.6614,0,1,1,Backhand prepare 1.00,0,9,-5.2647,-93.0028,0,0,Perfect,,-2.35,-12.35,1.95,11.2,0,0,0,0.7672,0,0
1247,PlayerServeToss,Toss,1,-0.005,48,-2.9,0.455,-13.75,-2.1826,3.1961,-12.1097,0,Serve prepare 1.00,0,9,Drive,91.8183,155.4921,-2.8337,1.0016,-12.6551,0,1,1,Backhand prepare 1.00,0,9,-5.2647,-93.0028,0,0,Perfect,,-2.35,-12.35,1.95,11.2,0,0,0,0.369,0,0
1248,PlayerServeToss,Toss,1,-0.005,48,-2.9,0.455,-13.75,-2.1851,3.1898,-12.1099,0,Serve prepare 1.00,0,9,Drive,91.8183,155.8745,-2.8355,1.0004,-12.6517,0,1,1,Backhand prepare 1.00,0,9,-5.2647,-93.0028,0,0,Perfect,,-2.35,-12.35,1.95,11.2,0,0,0,0.1725,0,0
1249,PlayerServeToss,Toss,1,-0.005,48,-2.9,0.455,-13.75,-2.1864,3.1856,-12.11,0,Serve prepare 1.00,0,9,Drive,91.8183,156.1462,-2.8368,0.9995,-12.6493,0,1,1,Backhand prepare 1.00,0,9,-5.2647,-93.0028,0,0,Perfect,,-2.35,-12.35,1.95,11.2,0,0,0,0.4614,0,0
1250,PlayerServeToss,Toss,1,-0.005,48,-2.9,0.455,-13.75,-2.1889,3.1753,-12.1101,0,Serve prepare 1.00,0,9,Drive,91.8183,156.3075,-2.8376,0.9989,-12.6479,0.9411,1,1,Backhand prepare 1.00,0,9,-5.2647,-93.0028,0,0,Perfect,,-2.35,-12.35,1.95,11.2,0,0,0,0.6537,0,0
1251,PlayerServeToss,Toss,1,-0.005,48,-2.9,0.455,-13.75,-2.1902,3.1691,-12.1102,0,Serve prepare 1.00,0,9,Drive,91.8183,156.37,-2.8379,0.9987,-12.6474,0.0298,1,1,Backhand prepare 1.00,0,9,-5.2647,-93.0028,0,0,Perfect,,-2.35,-12.35,1.95,11.2,0,0,0,0.7295,0,0
1252,PlayerServeToss,Toss,1,-0.005,48,-2.9,0.455,-13.75,-2.1928,3.1546,-12.1104,0,Serve prepare 1.00,0,9,Drive,91.8183,156.3529,-2.8378,0.9987,-12.6475,0,1,1,Backhand prepare 1.00,0,9,-5.2647,-93.0028,0,0,Perfect,,-2.35,-12.35,1.95,11.2,0,0,0,0.7111,0,0
1253,PlayerServeToss,Toss,1,-0.005,48,-2.9,0.455,-13.75,-2.194,3.1464,-12.1105,0,Serve prepare 1.00,0,9,Drive,91.8183,156.2786,-2.8375,0.9988,-12.6482,0,1,1,Backhand prepare 1.00,0,9,-5.2647,-93.0028,0,0,Perfect,,-2.35,-12.35,1.95,11.2,0,0,0,0.6256,0,0
1254,PlayerServeToss,Toss,1,-0.005,48,-2.9,0.455,-13.75,-2.1966,3.1279,-12.1106,0,Serve prepare 1.00,0,9,Drive,91.8183,156.1698,-2.8369,0.9991,-12.6492,0,1,1,Backhand prepare 1.00,0,9,-5.2647,-93.0028,0,0,Perfect,,-2.35,-12.35,1.95,11.2,0,0,0,0.5005,0,0
1255,PlayerServeToss,Toss,1,-0.005,48,-2.9,0.455,-13.75,-2.1979,3.1176,-12.1107,0,Serve prepare 1.00,0,9,Drive,91.8183,156.047,-2.8364,0.9995,-12.6503,0,1,1,Backhand prepare 1.00,0,9,-5.2647,-93.0028,0,0,Perfect,,-2.35,-12.35,1.95,11.2,0,0,0,0.3605,0,0
1256,PlayerServeToss,Toss,1,-0.005,48,-2.9,0.455,-13.75,-2.2004,3.095,-12.1109,0,Serve prepare 1.00,0,9,Drive,91.8183,155.9266,-2.8358,0.9998,-12.6513,0,1,1,Backhand prepare 1.00,0,9,-5.2647,-93.0028,0,0,Perfect,,-2.35,-12.35,1.95,11.2,0,0,0,0.2307,0,0
1257,PlayerServeToss,Toss,1,-0.005,48,-2.9,0.455,-13.75,-2.2017,3.0826,-12.111,0,Serve prepare 1.00,0,9,Drive,91.8183,155.8208,-2.8353,1.0001,-12.6523,0,1,1,Backhand prepare 1.00,0,9,-5.2647,-93.0028,0,0,Perfect,,-2.35,-12.35,1.95,11.2,0,0,0,0,0,0
1258,PlayerServeToss,Toss,1,-0.005,48,-2.9,0.455,-13.75,-2.2042,3.0559,-12.1111,0,Serve prepare 1.00,0,9,Drive,91.8183,155.7369,-2.8349,1.0004,-12.653,0,1,1,Backhand prepare 1.00,0,9,-5.2647,-93.0028,0,0,Perfect,,-2.35,-12.35,1.95,11.2,0,0,0,0,0,0
1259,PlayerServeToss,Toss,1,-0.005,48,-2.9,0.455,-13.75,-2.2055,3.0416,-12.1112,0,Serve prepare 1.00,0,9,Drive,91.8183,155.6781,-2.8346,1.0006,-12.6535,0,1,1,Backhand prepare 1.00,0,9,-5.2647,-93.0028,0,0,Perfect,,-2.35,-12.35,1.95,11.2,0,0,0,0,0,0
1260,PlayerServeToss,Toss,1,-0.005,48,-2.9,0.455,-13.75,-2.2081,3.0108,-12.1114,0,Serve prepare 1.00,0,9,Drive,91.8183,155.644,-2.8344,1.0007,-12.6538,0,1,1,Backhand prepare 1.00,0,9,-5.2647,-93.0028,0,0,Perfect,,-2.35,-12.35,1.95,11.2,0,0,0,0.1856,0,0
1261,PlayerServeToss,Toss,1,-0.005,48,-2.9,0.455,-13.75,-2.2093,2.9944,-12.1115,0,Serve prepare 1.00,0,9,Drive,91.8183,155.6319,-2.8344,1.0008,-12.6539,0,1,1,Backhand prepare 1.00,0,9,-5.2647,-93.0028,0,0,Perfect,,-2.35,-12.35,1.95,11.2,0,0,0,0.1978,0,0
1262,PlayerServeToss,Toss,1,-0.005,48,-2.9,0.455,-13.75,-2.2119,2.9595,-12.1116,0,Serve prepare 1.00,0,9,Drive,91.8183,155.6372,-2.8344,1.0008,-12.6539,0,1,1,Backhand prepare 1.00,0,9,-5.2647,-93.0028,0,0,Perfect,,-2.35,-12.35,1.95,11.2,0,0,0,0.1938,0,0
1263,PlayerServeToss,Toss,1,-0.005,48,-2.9,0.455,-13.75,-2.2132,2.941,-12.1117,0,Serve prepare 1.00,0,9,Drive,91.8183,155.655,-2.8345,1.0007,-12.6537,0,1,1,Backhand prepare 1.00,0,9,-5.2647,-93.0028,0,0,Perfect,,-2.35,-12.35,1.95,11.2,0,0,0,0.1769,0,0
1264,PlayerServeToss,Toss,1,-0.005,48,-2.9,0.455,-13.75,-2.2157,2.902,-12.1119,0,Serve prepare 1.00,0,9,Drive,91.8183,155.6801,-2.8346,1.0007,-12.6535,0,1,1,Backhand prepare 1.00,0,9,-5.2647,-93.0028,0,0,Perfect,,-2.35,-12.35,1.95,11.2,0,0,0,0,0,0
1265,PlayerServeToss,Toss,1,-0.005,48,-2.9,0.455,-13.75,-2.217,2.8815,-12.112,0,Serve prepare 1.00,0,9,Drive,91.8183,155.7079,-2.8347,1.0006,-12.6533,0,1,1,Backhand prepare 1.00,0,9,-5.2647,-93.0028,0,0,Perfect,,-2.35,-12.35,1.95,11.2,0,0,0,0,0,0
1266,PlayerServeToss,Toss,1,-0.005,48,-2.9,0.455,-13.75,-2.2195,2.8385,-12.1121,0,Serve prepare 1.00,0,9,Drive,91.8183,155.7349,-2.8349,1.0005,-12.653,0,1,1,Backhand prepare 1.00,0,9,-5.2647,-93.0028,0,0,Perfect,,-2.35,-12.35,1.95,11.2,0,0,0,0,0,0
1267,PlayerServeToss,Toss,1,-0.005,48,-2.9,0.455,-13.75,-2.2208,2.8159,-12.1122,0,Serve prepare 1.00,0,9,Drive,91.8183,155.7583,-2.835,1.0004,-12.6528,0,1,1,Backhand prepare 1.00,0,9,-5.2647,-93.0028,0,0,Perfect,,-2.35,-12.35,1.95,11.2,0,0,0,0,0,0
1268,PlayerServeToss,Toss,1,-0.005,48,-2.9,0.455,-13.75,-2.2234,2.7688,-12.1124,0,Serve prepare 1.00,1,0.18,Serve,92.6903,155.0653,-2.8325,1.0071,-12.6557,0,1,1,Backhand prepare 1.00,0,9,-5.2647,-93.0028,0,0,Perfect,,-2.35,-12.35,1.95,11.2,0,0,0,1.0272,0,0
1269,PlayerServeToss,Toss,1,-0.005,48,-2.9,0.455,-13.75,-2.2246,2.7442,-12.1125,0,Serve swing,1,0.1717,Serve,81.7986,163.7268,-2.8563,0.9886,-12.5864,0.5253,1,1,Backhand prepare 1.00,0,9,-5.2647,-93.0028,0,0,Perfect,,-2.35,-12.35,1.95,11.2,0,0,0,1.7021,0,0
1270,PlayerServeToss,Toss,1,-0.005,48,-2.9,0.455,-13.75,-2.2272,2.693,-12.1126,0,Serve swing,1,0.155,Serve,67.8612,179.5299,-2.8807,0.9461,-12.4285,0.6743,1,1,Backhand prepare 1.00,0,9,-5.2647,-93.0028,0,0,Perfect,,-2.35,-12.35,1.95,11.2,0,0,0,0,0,0
1271,PlayerServeToss,Toss,1,-0.005,48,-2.9,0.455,-13.75,-2.2285,2.6663,-12.1127,0,Serve swing,1,0.1467,Serve,61.2479,-172.8104,-2.851,0.9529,-12.324,1.6096,1,1,Backhand prepare 1.00,0,9,-5.2647,-93.0028,0,0,Perfect,,-2.35,-12.35,1.95,11.2,0,0,0,0,0,0
1272,PlayerServeToss,Toss,1,-0.005,48,-2.9,0.455,-13.75,-2.231,2.611,-12.1129,0,Serve swing,1,0.13,Serve,40.5731,-158.6026,-2.732,1.0173,-12.1242,0.8702,1,1,Backhand prepare 1.00,0,9,-5.2647,-93.0028,0,0,Perfect,,-2.35,-12.35,1.95,11.2,0,0,0,0,0,0
1273,PlayerServeToss,Toss,1,-0.005,48,-2.9,0.455,-13.75,-2.2323,2.5823,-12.113,0,Serve swing,1,0.1217,Serve,29.8651,-149.9966,-2.5792,1.1081,-12.0087,3.3104,1,1,Backhand prepare 1.00,0,9,-5.2647,-93.0028,0,0,Perfect,,-2.35,-12.35,1.95,11.2,0,0,0,0,0,0
1274,PlayerServeToss,Toss,1,-0.005,48,-2.9,0.455,-13.75,-2.2348,2.5229,-12.1131,0,Serve swing,1,0.105,Serve,9.6638,-154.6361,-2.4862,1.2703,-12.0249,0.7931,1,1,Backhand prepare 1.00,0,9,-5.2647,-93.0028,0,0,Perfect,,-2.35,-12.35,1.95,11.2,0,0,0,0,0,0
1275,PlayerServeToss,Toss,1,-0.005,48,-2.9,0.455,-13.75,-2.2361,2.4922,-12.1132,0,Serve swing,1,0.0967,Serve,8.5576,-167.1301,-2.4489,1.3374,-12.0712,1.1919,1,1,Backhand prepare 1.00,0,9,-5.2647,-93.0028,0,0,Perfect,,-2.35,-12.35,1.95,11.2,0,0,0,0,0,0
1276,PlayerServeToss,Toss,1,-0.005,48,-2.9,0.455,-13.75,-2.2387,2.4287,-12.1134,0,Serve swing,1,0.08,Serve,-11.0294,158.7212,-2.4466,1.515,-12.24,0.707,1,1,Backhand prepare 1.00,0,9,-5.2647,-93.0028,0,0,Perfect,,-2.35,-12.35,1.95,11.2,0,0,0,0,0,0
1277,PlayerServeToss,Toss,1,-0.005,48,-2.9,0.455,-13.75,-2.2399,2.3959,-12.1135,0,Serve swing,1,0.0717,Serve,42.0244,143.9999,-2.4198,1.4399,-12.4447,1.9921,1,1,Backhand prepare 1.00,0,9,-5.2647,-93.0028,0,0,Perfect,,-2.35,-12.35,1.95,11.2,0,0,0,0,0,0
1278,PlayerServeToss,Toss,1,-0.005,48,-2.9,0.455,-13.75,-2.2425,2.3284,-12.1136,0,Serve swing,1,0.055,Serve,30.7325,105.2374,-2.3001,1.6771,-12.4845,1.5137,1,1,Backhand prepare 1.00,0,9,-5.2647,-93.0028,0,0,Perfect,,-2.35,-12.35,1.95,11.2,0,0,0,0,0,0
1279,PlayerServeToss,Toss,1,-0.005,48,-2.9,0.455,-13.75,-2.2438,2.2936,-12.1137,0,Serve swing,1,0.0467,Serve,33.4614,94.1873,-2.2209,1.8165,-12.1959,22.3429,1,1,Backhand prepare 1.00,0,9,-5.2647,-93.0028,0,0,Perfect,,-2.35,-12.35,1.95,11.2,0,0,0,0,0,0
1280,PlayerServeToss,Toss,1,-0.005,48,-2.9,0.455,-13.75,-2.2463,2.2219,-12.1139,0,Serve swing,1,0.03,Serve,-8.4845,65.8348,-2.0509,1.8463,-11.9609,0,1,1,Backhand prepare 1.00,0,9,-5.2647,-93.0028,0,0,Perfect,,-2.35,-12.35,1.95,11.2,0,0,0,0,0,0
1281,PlayerServeToss,Toss,1,-0.005,48,-2.9,0.455,-13.75,-2.2476,2.185,-12.114,0,Serve swing,1,0.0217,Serve,11.0722,55.4588,-1.9832,1.8559,-11.9464,0,1,1,Backhand prepare 1.00,0,9,-5.2647,-93.0028,0,0,Perfect,,-2.35,-12.35,1.95,11.2,0,0,0,0,0,0
1282,PlayerServeToss,Toss,1,-0.005,48,-2.9,0.455,-13.75,-2.2501,2.1093,-12.1141,0,Serve swing,1,0.005,Serve,6.8603,29.855,-1.9638,1.7888,-12.151,0,1,1,Backhand prepare 1.00,0,9,-5.2647,-93.0028,0,0,Perfect,,-2.35,-12.35,1.95,11.2,0,0,0,0,0,0
1283,Rally,None,1,-0.005,55.1,-1.2943,3.5007,-16.7498,-2.1951,2.1282,-11.778,1,Serve swing,1,-0.0033,Serve,18.096,30.6757,-2.1013,1.7221,-12.2326,0,1,1,Backhand prepare 1.00,0,9,-5.2647,-93.0028,0,0.1217,Perfect,,-2.35,-12.35,1.91,11.2,7.1,0,0,0,0,0
1284,Rally,None,1,-0.005,55.1216,-1.2912,3.4946,-16.7509,-2.0856,2.1326,-11.3466,1,Serve follow,1,-0.02,Serve,16.8764,16.5065,-2.1506,1.7023,-12.2507,0,1,1,Backhand prepare 1.00,0,9,-4.4069,-91.8474,0.1298,0.0633,Perfect,,-2.3481,-12.3491,1.8299,11.2,0.0216,0,0,0,0,0
1285,Rally,None,1,-0.005,55.1619,-1.2891,3.4915,-16.7512,-1.9761,2.134,-10.9151,1,Serve follow,1,-0.0367,Serve,18.4004,5.8337,-2.1214,1.6714,-12.2541,0,1,1,Backhand prepare 1.00,0,9,-1.8488,-88.5434,1.7145,0.005,Perfect,,-2.3438,-12.347,1.7498,11.2,0.0403,0,0,0,0,0
1286,Rally,None,1,-0.005,55.2184,-1.2865,3.4889,-16.7507,-1.8119,2.1309,-10.268,1,Serve follow,1,-0.0617,Serve,18.6783,-4.6893,-2.3712,1.6011,-12.0253,0,1,1,Backhand prepare 1.00,0,9,2.539,-83.1551,10.4896,0,Perfect,,-2.3325,-12.3415,1.6297,11.2,0.0566,0,0,0,0,0
1287,Rally,None,1,-0.005,55.2892,-1.2837,3.4864,-16.7496,-1.7024,2.1252,-9.8366,1,Serve follow,1,-0.0783,Serve,15.4725,-2.7559,-2.2636,1.5359,-11.9049,0,1,1,Backhand prepare 1.00,0,9,8.7616,-75.9455,0,0,Perfect,,-2.3219,-12.3363,1.5496,11.2,0.0708,0,0,2.5176,0,0
1288,Rally,None,1,-0.005,55.3723,-1.2799,3.4841,-16.7474,-1.5381,2.1113,-9.1895,1,Serve follow,1,-0.1033,Serve,11.8746,-7.3484,-2.1307,1.2427,-11.8988,0,1,1,Backhand prepare 1.00,0,9,16.7177,-67.2803,0,0,Perfect,,-2.3013,-12.3262,1.4295,11.2,0.0831,0,0,9.6283,0,0
1289,Rally,None,1,-0.005,55.4543,-1.2756,3.4819,-16.7444,-1.4286,2.0984,-8.7581,1,Serve follow,1,-0.12,Serve,12.5988,-15.3042,-2.0744,1.0597,-11.924,0,1,1,Backhand prepare 1.00,0,9,9.6426,-74.2427,0,0,Perfect,,-2.2845,-12.318,1.3494,11.2,0.082,0,0,16.112,0,0
1290,Rally,None,1,-0.005,55.5256,-1.2705,3.4798,-16.7406,-1.3191,2.0827,-8.3267,1,Serve follow,1,-0.1367,Serve,14.2906,-15.7302,-2.025,0.9439,-11.9861,0,1,1,Backhand prepare 1.00,0,9,14.5979,-69.956,0,0,Perfect,,-2.2652,-12.3085,1.2693,11.2,0.0713,0,0,19.8706,0,0
1291,Rally,None,1,-0.005,55.5875,-1.2639,3.4778,-16.7351,-1.1549,2.0537,-7.6796,1,Serve follow,1,-0.1617,Serve,14.0589,-10.3659,-1.9393,0.8613,-12.0962,0,1,1,Backhand prepare 1.00,0,9,20.0747,-66.144,0,0,Perfect,,-2.2315,-12.292,1.1492,11.2,0.062,0,0,20.1422,0,0
1292,Rally,None,1,-0.005,55.6414,-1.2564,3.4759,-16.7288,-1.0454,2.0308,-7.2481,1,Serve follow,1,-0.1783,Serve,15.443,0.2483,-1.8853,0.8892,-12.1941,0,1,1,Backhand prepare 1.00,0,9,25.9895,-61.4606,0,0,Perfect,,-2.2059,-12.2795,1.0691,11.2,0.0539,0,0,15.3626,0,0
1293,Rally,None,1,-0.005,55.6883,-1.247,3.4741,-16.7206,-0.8811,1.991,-6.601,1,Serve follow,1,-0.2033,Serve,15.9581,14.5349,-1.8304,0.883,-12.2135,0,1,1,Backhand prepare 1.00,0,9,31.6586,-56.349,0,0,Perfect,,-2.1629,-12.2584,0.949,11.2,0.0468,0,0,12.7176,0,0
1294,Rally,None,1,-0.005,55.729,-1.2367,3.4723,-16.7114,-0.7716,1.961,-6.1696,1,Serve follow,1,-0.22,Serve,17.2538,20.3785,-1.9218,0.9954,-12.3731,0,1,1,Backhand prepare 1.00,0,9,36.4417,-52.178,0,0,Perfect,,-2.1311,-12.2429,1.029,11.2,0.0407,0,0,10.3015,0,0
1295,Rally,None,1,-0.005,55.7644,-1.2255,3.4706,-16.7013,-0.6621,1.928,-5.7382,1,Serve follow,1,-0.2367,Serve,17.0407,27.535,-1.7522,1.0942,-12.3499,6.8299,1,1,Backhand prepare 1.00,0,9,38.4637,-50.7771,0,0,Perfect,,-2.0968,-12.2261,1.1091,11.2,0.0354,0,0,10.3655,0,0
1296,Rally,None,1,-0.005,55.7952,-1.2118,3.4689,-16.6889,-0.4978,1.8732,-5.0911,1,Serve follow,1,-0.2617,Serve,16.9243,32.0726,-1.671,1.1144,-12.3303,1.4157,1,1,Backhand prepare 1.00,0,9,37.1206,-52.7045,0,0,Perfect,,-2.0406,-12.1986,1.2293,11.2,0.0308,0,0,9.2682,0,0
1297,Rally,None,1,-0.005,55.8219,-1.1971,3.4673,-16.6756,-0.3883,1.8331,-4.6597,1,Serve follow,1,-0.2783,Serve,17.0069,33.6969,-1.6005,1.1552,-12.3201,3.3126,1,1,Backhand prepare 1.00,0,9,33.9214,-56.3954,0,0,Perfect,,-2.0001,-12.1788,1.3093,11.2,0.0268,0,0,8.1874,0,0
1298,Rally,None,1,-0.005,55.8452,-1.1799,3.4657,-16.6598,-0.2241,1.7676,-4.0126,1,Serve follow,0,9,Serve,17.0069,33.6969,-1.5154,1.1552,-12.2921,9.0273,1,1,Backhand prepare 1.00,0,9,29.8802,-60.8006,7.5699,0,Perfect,,-1.9346,-12.1467,1.4295,11.2,0.0233,0,0,8.1874,0,0
1299,Rally,None,1,-0.005,55.8654,-1.1616,3.4641,-16.6432,-0.1146,1.7203,-3.5811,1,Run,0,9,Serve,17.1811,25.325,-1.4319,1.1617,-12.2822,1.6633,0.9555,0.8333,Forehand prepare 0.92,0,9,-40.1211,-8.4476,18.5276,0,Perfect,,-1.8878,-12.1238,1.5095,11.2,0.0202,0,1.1806,7.5783,0,0
1300,Rally,None,1,-0.005,55.883,-1.1424,3.4626,-16.6256,-0.0051,1.6702,-3.1497,1,Run,0,9,Serve,17.7908,21.8311,-1.2882,1.1114,-12.1695,5.9181,0.856,0.6667,Forehand prepare 0.83,0,9,-24.5011,0.0983,4.4144,0,Perfect,,-1.8385,-12.0997,1.5896,11.2,0.0176,0,2.3611,2.5767,0,0
1301,Rally,None,1,-0.005,55.8983,-1.1202,3.4611,-16.6052,0.1592,1.5896,-2.5026,1,Run,0,9,Serve,18.9256,21.342,-1.2862,0.9075,-12.0303,0.047,0.7361,0.5,Forehand prepare 0.75,0,9,-21.1598,2.6612,5.5747,0,Perfect,,-1.7599,-12.0612,1.7098,11.2,0.0153,0,3.536,1.9123,0,0
1302,Rally,None,1,-0.005,55.9116,-1.0971,3.4596,-16.5841,0.2687,1.5323,-2.0712,1,Run,0,9,Serve,20.5947,21.1934,-1.2285,0.8854,-12.0155,1.2399,0.6155,0.3333,Forehand prepare 0.62,0,9,-25.8536,-5.0652,0,0,Perfect,,-1.7044,-12.0341,1.7898,11.2,0.0133,0,4.7222,1.3474,0,0
1303,Rally,None,1,-0.005,55.9231,-1.0708,3.4581,-16.5601,0.4329,1.4409,-1.4241,1,Run,0,9,Serve,22.6795,21.4404,-1.1101,0.8922,-12.0219,9.9632,0.5041,0.1667,Forehand prepare 0.54,0,9,-22.2358,-5.6787,6.0381,0,Perfect,,-1.6165,-11.991,1.91,11.2,0.0116,0,5.9028,0.9371,0,0
1304,Rally,None,1,-0.005,55.9332,-1.0437,3.4566,-16.5353,0.5424,1.3765,-0.9927,1,Run,0,9,Serve,24.9866,21.9825,-1.0926,0.8228,-11.9772,0.1506,0.4064,0,Forehand prepare 0.49,0,9,-31.2161,-11.1573,7.7426,0,Perfect,,-1.5547,-11.9608,1.99,11.2,0.01,0,7.0833,0.6721,0,0
1305,Rally,None,1,-0.005,55.9419,-1.0158,3.4551,-16.5097,0.6519,1.3091,-0.5613,1,Run,0,9,Serve,27.3242,22.6451,-1.0447,0.7834,-11.9371,0.7473,0.3236,0,Forehand prepare 0.52,0,9,-30.3172,-8.4237,0.8835,0,Perfect,,-1.4918,-11.93,2.0701,11.2,0.0087,0,8.2639,0.4748,0,0
1306,Rally,None,1,-0.005,55.9383,-0.9849,3.4537,-16.4815,0.8162,1.2027,0.0859,1,Run,0,9,Serve,29.517,24.2549,-0.9615,0.7763,-11.8853,0,0.2551,0,Forehand prepare 0.56,0,9,-29.9077,-7.0605,1.5187,0,Perfect,,-1.3975,-11.8839,2.1903,11.2,-0.0036,0,7.3287,0.2957,0,0
1307,Rally,None,1,-0.005,55.8788,-0.9536,3.4522,-16.4529,0.9257,1.1282,0.5173,1,Run,0,9,Serve,31.3896,25.8759,-0.906,0.7728,-11.851,0,0.1995,0,Forehand prepare 0.62,0,9,-37.8498,-8.0918,0,0,Perfect,,-1.3346,-11.8531,2.2703,11.2,-0.0595,0,5.776,0.1676,0,0
1308,Rally,None,1,-0.005,55.7425,-0.9199,3.4508,-16.422,1.0899,1.011,1.1644,1,Run,0,9,Serve,32.9073,27.0702,-0.8185,0.7641,-11.8041,0,0.1549,0,Forehand prepare 0.65,0,9,-46.194,-8.5982,0,0,Perfect,,-1.2403,-11.807,2.3905,11.2,-0.1363,0,4.5522,0.1853,0,0
1309,Rally,None,1,-0.005,55.5677,-0.8862,3.4493,-16.3911,1.1994,0.9294,1.5958,1,Run,0,9,Serve,33.9636,28.0088,-0.7601,0.7636,-11.7719,0,0.1195,0,Forehand prepare 0.71,0,9,-46.1178,-3.5079,0,0,Perfect,,-1.1775,-11.7762,2.4705,11.2,-0.1748,0,3.5877,0.2264,0,0
1310,Rally,None,1,-0.005,55.3593,-0.8525,3.4479,-16.3602,1.3089,0.8448,2.0272,1,Run,0,9,Serve,34.562,28.8019,-0.6526,0.7856,-11.7341,0,0.0918,0,Forehand prepare 0.75,0,9,-41.9361,1.1469,0,0,Perfect,,-1.1146,-11.7454,2.5506,11.2,-0.2084,0,2.8276,0.2247,0,0
1311,Rally,None,1,-0.005,55.0936,-0.8166,3.4465,-16.3272,1.4732,0.7126,2.6743,1,Run,0,9,Serve,34.8097,29.4713,-0.5549,0.7836,-11.6784,0,0.0702,0,Forehand prepare 0.78,0,9,-42.0789,2.9061,0,0,Perfect,,-1.0203,-11.6993,2.6708,11.2,-0.2657,0,2.2285,0.2613,0,0
1312,Rally,None,1,-0.005,54.8063,-0.7811,3.445,-16.2945,1.5827,0.6209,3.1057,1,Run,0,9,Serve,34.6865,30.1218,-0.5301,0.7593,-11.6328,5.1836,0.0534,0,Forehand prepare 0.84,0,9,-51.1694,0.4647,8.2484,0,Perfect,,-0.9574,-11.6685,2.7508,11.2,-0.2873,0,1.7563,0.3949,0,0
1313,Rally,None,1,-0.005,54.472,-0.7436,3.4436,-16.2601,1.7469,0.4779,3.7529,1,Run,0,9,Serve,34.2813,30.7945,-0.4313,0.7522,-11.5664,1.3556,0.0405,0,Forehand prepare 0.88,0,9,-60.8524,-3.0141,3.2073,0,Perfect,,-0.8631,-11.6224,2.871,11.2,-0.3343,0,1.3842,0.5964,0,0
1314,Rally,None,1,-0.005,54.1249,-0.7066,3.4422,-16.226,1.8564,0.379,4.1843,1,Run,0,9,Serve,33.745,31.4729,-0.3609,0.7386,-11.5163,0,0.0307,0,Forehand prepare 0.93,0,9,-72.4922,-9.7347,0.8382,0,Perfect,,-0.8002,-11.5916,2.951,11.2,-0.347,0,1.0909,0.7727,0,0
1315,Rally,None,1,-0.005,53.7669,-0.6701,3.4408,-16.1924,1.9659,0.2773,4.6157,1,Run,0,9,Serve,33.1638,32.1514,-0.2875,0.7663,-11.4685,2.5663,0.0231,0,Forehand prepare 0.97,0,9,-72.5279,-13.285,0.8289,0,Perfect,,-0.7373,-11.5608,3.0107,11.2,-0.358,0,0.8598,0.8785,0,0
1316,Rally,None,1,-0.005,53.3711,-0.6317,3.4393,-16.1571,2.1302,0.1193,5.2628,1,Run,0,9,Serve,32.5533,32.8468,-0.1847,0.7969,-11.4051,1.2029,0.0174,0,Forehand prepare 1.00,0,9,-70.5782,-15.4143,0.1721,0,Perfect,,-0.643,-11.5147,3.0107,11.2,-0.3958,0,0.6776,0.9176,0,0
1317,Rally,None,1,-0.005,52.9722,-0.594,3.4379,-16.1224,2.2367,0.133,5.6826,1,Run,0,9,Serve,32.0574,33.481,-0.1115,0.8185,-11.3587,3.4791,0.0131,0,Forehand prepare 1.00,0,9,-65.4866,-12.6169,0.9123,0,Perfect,,-0.5801,-11.4839,3.0507,11.2,-0.3989,0,0.5341,0.8431,0,0
1318,Rally,None,1,-0.005,52.5839,-0.5547,3.4366,-16.0862,2.3921,0.2278,6.2947,1,Run,0,9,Serve,31.744,33.9606,-0.0123,0.8341,-11.3049,1.145,0.0098,0,Forehand prepare 1.00,1,0.1753,-51.9119,-4.1111,8.0302,0,Perfect,,-0.4874,-11.4385,3.1708,11.2,-0.3883,0,0.4209,0.6419,0,0
1319,Rally,None,1,-0.005,52.2463,-0.5164,3.4352,-16.0511,2.4957,0.2875,6.7029,1,Run,0,9,Serve,31.6132,34.6647,0.0493,0.8492,-11.2751,3.2897,0.0073,0,Backhand swing,1,0.1594,6.2225,-87.5287,10.8312,0,Perfect,,-0.4286,-11.4097,3.2509,11.2,-0.3376,0.0007,1.0753,0.3928,0,0
1320,Rally,None,1,-0.005,51.9529,-0.4793,3.4338,-16.0169,2.5993,0.3444,7.111,1,Run,0,9,Serve,31.7116,35.1912,0.106,0.8533,-11.2516,0.3553,0.0055,0,Backhand swing,1,0.1434,9.6942,-93.6117,6.4196,0,Perfect,,-0.3723,-11.3822,3.331,11.2,-0.2935,0.0026,2.4365,0.0954,0,0
1321,Rally,None,1,-0.005,51.6977,-0.4414,3.4324,-15.9821,2.7547,0.4245,7.7232,1,Run,0,9,Serve,31.9683,35.4211,0.1843,0.8494,-11.2189,0.2955,0.0041,0,Backhand swing,1,0.1195,14.0945,-90.9895,1.4168,0,Perfect,,-0.2925,-11.3432,3.4511,11.2,-0.2551,0.0058,3.5093,0.2437,0,0
1322,Rally,None,1,-0.005,51.4759,-0.405,3.4311,-15.9487,2.8583,0.4745,8.1313,1,Run,0,9,Serve,32.3133,35.6093,0.2309,0.8478,-11.2012,1.4673,0.003,0,Backhand swing,1,0.1036,10.157,-88.958,2.696,0,Perfect,,-0.2425,-11.3187,3.5312,11.2,-0.2218,0.0105,5.1493,0.5123,0,0
1323,Rally,None,1,-0.005,51.2831,-0.3685,3.4297,-15.9151,3.0137,0.5442,8.7434,1,Run,0,9,Serve,32.6927,35.4829,0.2947,0.8332,-11.1746,8.5292,0.0023,0,Backhand swing,1,0.0797,7.1133,-76.5667,2.9104,0,Perfect,,-0.1721,-11.2842,3.6513,11.2,-0.1928,0.016,5.6474,0.7096,0,0
1324,Rally,None,1,-0.005,51.1155,-0.3337,3.4284,-15.8831,3.1172,0.5871,9.1516,1,Run,0,9,Serve,33.1192,35.3589,0.3299,0.8251,-11.1613,1.4016,0,0,Backhand swing,1,0.0638,-1.5704,-68.28,0,0,Perfect,,-0.1282,-11.2628,3.7314,11.2,-0.1676,0.0221,6.8344,0.8245,0,0
1325,Rally,None,1,-0.005,50.9698,-0.3007,3.4271,-15.8527,3.2208,0.6273,9.5597,1,Run,0,9,Serve,33.5528,34.9876,0.3646,0.8123,-11.1498,0,0,0,Backhand swing,1,0.0478,-27.6025,-76.0836,0,0,Perfect,,-0.0869,-11.2425,3.7596,11.2,-0.1457,0.0278,6.9754,0.8676,0,0
1326,Rally,None,1,-0.005,50.8431,-0.2679,3.4258,-15.8226,3.3762,0.6824,10.1718,1,Run,0,9,Serve,33.9683,34.5654,0.417,0.7985,-11.1294,0,0,0,Backhand swing,1,0.0239,0.245,-18.1955,0,0,Perfect,,-0.0296,-11.2145,3.7596,11.2,-0.1267,0.0328,7.0866,0.8338,0,0.0002
1327,Rally,None,1,-0.005,50.7329,-0.2375,3.4245,-15.7945,3.4798,0.7157,10.58,1,Run,0,9,Serve,34.3393,34.2543,0.4437,0.7928,-11.1204,0,0,0,Backhand swing,1,0.008,6.4046,1.8241,13.0012,0,Perfect,,0,-11.2,3.7596,11.2,-0.1101,0.0371,7.9687,0.7264,0,0.0002
1328,Rally,None,1,-0.005,51.421,-0.2111,3.4233,-15.771,3.546,0.7381,10.6729,1,Ready,0,9,Serve,32.0479,31.6198,0.4201,0.7805,-11.0956,4.7601,0,0,Backhand swing,1,0,14.102,12.2893,3.4991,0,Perfect,R;,0,-11.2,3.7661,11.2,0.6881,0.0393,6.2803,1.0451,0,0.0002
1329,Rally,None,1,-0.005,52.0192,-0.1883,3.4221,-15.7507,3.5265,0.8096,10.3671,1,Ready,0,9,Serve,28.0529,26.7728,0.3698,0.799,-11.0506,8.785,0,0,Backhand swing,1,-0.0167,24.4846,32.4351,0.2824,0,Perfect,,0,-11.2,3.686,11.2,0.5982,0.039,4.9497,1.0447,0,0.0001
1330,Rally,None,1,-0.005,52.5393,-0.1686,3.4209,-15.733,3.507,0.8786,10.0614,1,Ready,0,9,Serve,24.401,22.1743,0.3168,0.8177,-11.0161,0.22,0,0,Backhand follow,1,-0.0333,32.3872,39.4287,2.3835,0,Perfect,,0,-11.2,3.6059,11.2,0.5201,0.0364,3.901,1.3548,0,0.0001
1331,Rally,None,1,-0.005,52.9914,-0.1516,3.4197,-15.7177,3.4778,0.9773,9.6028,1,Ready,0,9,Serve,21.4508,18.5718,0.2732,0.8267,-10.9964,0.2618,0,0,Backhand follow,1,-0.0583,48.5888,60.0271,2.5608,0,Perfect,,0,-11.2,3.4858,11.2,0.4521,0.0319,3.0745,1.7695,0,0.0001
1332,Rally,None,1,-0.005,53.3845,-0.1369,3.4185,-15.7044,3.4583,1.04,9.297,1,Ready,0,9,Serve,18.9141,15.7208,0.2375,0.825,-10.9923,0.4042,0,0,Backhand follow,1,-0.075,60.8682,69.8948,2.5715,0,Perfect,,0,-11.2,3.4057,11.2,0.393,0.0264,2.4231,2.0087,0,0.0001
1333,Rally,None,1,-0.005,53.7262,-0.1241,3.4173,-15.6932,3.4291,1.1294,8.8384,1,Ready,0,9,Serve,16.7218,13.4239,0.2059,0.8218,-10.9874,0.492,0,0,Backhand follow,1,-0.1,73.7967,88.7716,3.5694,0,Perfect,,0.0031,-11.2028,3.2856,11.2,0.3417,0.0206,1.9097,2.0035,0,0.0001
1334,Rally,None,1,-0.005,54.0232,-0.1127,3.4162,-15.6841,3.4096,1.1858,8.5327,1,Run,0,9,Serve,15.0087,11.1886,0.1543,0.8399,-10.9507,0.2842,0,0,Backhand follow,1,-0.1167,74.8569,95.9801,3.4466,0,Perfect,,0.0076,-11.2071,3.2055,11.2,0.2971,0.0145,2.3167,1.6624,0,0.0001
1335,Rally,None,1,-0.005,54.2815,-0.1025,3.415,-15.677,3.3901,1.2396,8.2269,1,Run,0,9,Serve,14.1131,9.9057,0.1593,0.8656,-10.9208,0.3881,0,0,Backhand follow,1,-0.1333,76.061,101.1836,1.3882,0,Perfect,,0.0143,-11.2132,3.1254,11.2,0.2583,0.0086,3.2363,1.0115,0,0.0001
1336,Rally,None,1,-0.005,54.506,-0.0927,3.4138,-15.6725,3.3609,1.3157,7.7683,1,Run,0,9,Serve,14.3098,9.4651,0.177,0.8521,-10.9539,0.8229,0,0,Backhand follow,1,-0.1583,77.1551,104.192,1.4438,0,Perfect,,0.028,-11.226,3.0053,11.2,0.2245,0.0036,4.0802,0.3121,0,0.0001
1337,Rally,None,1,-0.005,54.7012,-0.0835,3.4127,-15.6701,3.3414,1.3633,7.4625,1,Run,0,9,Serve,15.6152,9.8809,0.2404,0.8297,-10.9883,3.8406,0,0,Backhand follow,1,-0.175,73.5927,103.0284,1.6825,0,Perfect,,0.0397,-11.2368,2.9252,11.2,0.1952,-0.0003,5.5675,1.1019,0,0
1338,Rally,None,1,-0.005,54.8708,-0.0741,3.4116,-15.6706,3.3122,1.4299,7.0039,1,Run,0,9,Serve,17.8497,11.4108,0.2892,0.808,-11.0158,0.3915,0,0,Backhand follow,1,-0.2,73.5176,101.9855,8.5485,0,Perfect,,0.0611,-11.2567,2.8051,11.2,0.1697,-0.0029,5.968,2.0186,0,0
1339,Rally,None,1,-0.005,55.0184,-0.0648,3.4105,-15.6731,3.2927,1.4711,6.6982,1,Run,0,9,Serve,20.4304,12.7357,0.3428,0.7749,-11.0472,5.3971,0,0,Backhand follow,1,-0.2167,69.699,99.3634,3.7875,0,Perfect,,0.0779,-11.2723,2.725,11.2,0.1475,-0.0043,7.0806,1.0538,0,0
1340,Rally,None,1,-0.005,55.1466,-0.0554,3.4094,-15.6776,3.2732,1.5099,6.3924,1,Run,0,9,Serve,22.817,14.4998,0.4055,0.7433,-11.1086,0.4533,0,0,Backhand follow,1,-0.2333,69.2276,97.6535,0.1465,0,Perfect,,0.0967,-11.2897,2.6449,11.2,0.1282,-0.0047,7.1672,0.9766,0,0
1341,Rally,None,1,-0.005,55.2581,-0.0451,3.4083,-15.6854,3.244,1.5632,5.9338,1,Run,0,9,Serve,24.6923,15.9553,0.4673,0.7263,-11.1694,0.5639,0,0,Backhand follow,1,-0.2583,70.3926,96.0451,0,0,Perfect,,0.1288,-11.3195,2.5248,11.2,0.1115,-0.0044,7.2364,0.8793,0,0
1342,Rally,None,1,-0.005,55.355,-0.0346,3.4072,-15.6951,3.2245,1.5957,5.6281,1,Run,0,9,Serve,25.984,16.7882,0.5081,0.7131,-11.198,1.7148,0,0,Backhand follow,1,-0.275,68.5903,94.4951,0,0,Perfect,,0.1527,-11.3417,2.4447,11.2,0.0969,-0.0036,8.0856,0.6766,0,0
1343,Rally,None,1,-0.005,55.4393,-0.0227,3.4062,-15.7084,3.1953,1.6396,5.1694,1,Run,0,9,Serve,26.8178,17.5869,0.5632,0.7092,-11.2403,7.6572,0,0,Backhand follow,0,9,67.5642,95.1186,0,0,Perfect,,0.1924,-11.3785,2.3246,11.2,0.0843,-0.0026,7.9611,0.4118,0,0
1344,Rally,None,1,-0.005,55.5125,-0.0103,3.4051,-15.7235,3.1758,1.6657,4.8637,1,Run,0,9,Serve,27.2166,17.9613,0.6053,0.7079,-11.2718,3.543,0,0,Run,0,9,51.9164,57.1795,4.2831,0,Perfect,,0.2215,-11.4055,2.2445,11.2,0.0733,-0.0016,8.5,0.1447,0,0
1345,Rally,None,1,-0.005,55.5762,0.0026,3.4041,-15.7404,3.1563,1.6893,4.5579,1,Run,0,9,Serve,27.3061,18.4279,0.6481,0.714,-11.2985,2.5495,0,0,Run,0,9,52.3017,50.5307,1.1474,0,Perfect,,0.2525,-11.4343,2.1644,11.2,0.0637,-0.0007,8.4122,0.2205,0,0
1346,Rally,None,1,-0.005,55.6316,0.0173,3.4031,-15.7612,3.1271,1.72,4.0993,1,Run,0,9,Serve,27.1569,18.89,0.7082,0.7193,-11.3367,2.2136,0,0,Run,0,9,52.3477,49.469,1.4612,0,Perfect,,0.3029,-11.481,2.0443,11.2,0.0554,0,8.2188,0.4619,0,0
1347,Rally,None,1,-0.005,55.6797,0.0326,3.4021,-15.7837,3.1076,1.7373,3.7936,1,Run,0,9,Serve,26.7872,19.2153,0.7514,0.7111,-11.3582,2.7449,0,0,Run,0,9,51.9924,48.7929,1.6713,0,Perfect,,0.3391,-11.5146,1.9642,11.2,0.0481,0.0004,8.5,0.6717,0,0
1348,Rally,None,1,-0.005,55.7216,0.0499,3.4012,-15.8103,3.0784,1.7585,3.335,1,Run,0,9,Serve,26.2519,19.7073,0.8157,0.72,-11.3987,7.0607,0,0,Run,0,9,51.3627,48.4633,0.218,0,Perfect,,0.3971,-11.5684,1.8441,11.2,0.0418,0.0007,8.5,0.8449,0,0
1349,Rally,None,1,-0.005,55.7579,0.0679,3.4002,-15.8385,3.0589,1.7695,3.0292,1,Run,0,9,Serve,25.5808,20.2811,0.8629,0.7307,-11.4217,2.7352,0,0,Run,0,9,50.5417,48.5048,0,0,Perfect,,0.4383,-11.6067,1.764,11.2,0.0364,0.0008,8.5,0.9735,0,0
1350,Rally,None,1,-0.005,55.7896,0.0866,3.3993,-15.8683,3.0394,1.778,2.7235,1,Run,0,9,Serve,24.8671,20.9045,0.9125,0.7599,-11.4459,2.7717,0,0,Run,0,9,49.5257,48.9521,0,0,Perfect,,0.4816,-11.6468,1.6839,11.2,0.0316,0.0008,8.5,1.0291,0,0
1351,Rally,None,1,-0.005,55.817,0.1076,3.3984,-15.9025,3.0102,1.786,2.2648,1,Run,0,9,Serve,24.1832,21.5397,0.9931,0.8035,-11.4951,1.0815,0,0,Run,0,9,48.6241,49.6156,0,0,Perfect,,0.5503,-11.7106,1.5638,11.2,0.0275,0.0006,8.5,0.9988,0,0
1352,Rally,None,1,-0.005,55.841,0.1294,3.3975,-15.9381,2.9907,1.7881,1.9591,1,Run,0,9,Serve,23.5746,22.1529,1.0507,0.8263,-11.5296,1.848,0,0,Run,0,9,47.7999,50.4743,3.342,0,Perfect,,0.5987,-11.7555,1.4837,11.2,0.0239,0.0005,8.5,0.887,0,0
1353,Rally,None,1,-0.005,55.8617,0.1536,3.3967,-15.9784,2.9615,1.7867,1.5005,1,Run,0,9,Serve,23.096,22.7086,1.1348,0.8327,-11.5941,15.8513,0,0,Run,0,9,47.2088,51.371,1.8816,0,Perfect,,0.675,-11.8263,1.3636,11.2,0.0208,0.0003,8.5,0.6991,0,0
1354,Rally,None,1,-0.005,55.8798,0.1785,3.3958,-16.0199,2.942,1.7825,1.1947,1,Run,0,9,Serve,22.8728,23.0855,1.1947,0.8272,-11.6411,6.5804,0,0,Run,0,9,46.9963,52.1374,5.8249,0,Perfect,,0.7285,-11.8759,1.2835,11.2,0.0181,0.0001,8.5,0.4025,0,0
1355,Rally,None,1,-0.005,55.8955,0.2041,3.395,-16.0627,2.9225,1.7759,0.889,1,Run,0,9,Serve,22.9765,23.2306,1.2539,0.8182,-11.6964,3.775,0,0,Run,0,9,47.0933,52.7268,1.6865,0,Perfect,,0.784,-11.9274,1.2034,11.2,0.0157,0,8.5,0,0,0
1356,Rally,None,1,-0.005,55.9092,0.2324,3.3942,-16.1105,2.8933,1.7611,0.4304,1,Forehand prepare 0.04,0,9,Serve,26.486,22.8029,1.3421,0.7877,-11.8168,0.2684,0.2083,0.1667,Run,0,9,47.514,53.0509,1.6682,0,Perfect,,0.871,-12.0081,1.0833,11.2,0.0137,-0.0001,8.5,1.7451,0,0
1357,Rally,None,1,-0.005,55.921,0.2612,3.3934,-16.159,2.8738,1.7482,0.1246,1,Forehand prepare 0.09,0,9,Serve,38.4861,26.2644,1.3694,0.7316,-12.1039,2.3734,0.4167,0.3333,Run,0,9,48.2886,53.0236,0.1182,0,Perfect,,0.9285,-12.0615,1.0032,11.2,0.0119,-0.0001,8.5,6.5409,0,0
1358,Rally,None,1,-0.005,55.9313,0.292,3.3927,-16.2112,2.8446,1.724,-0.334,1,Forehand prepare 0.12,0,9,Serve,37.4241,28.8396,1.4744,0.816,-12.0586,10.7477,0.625,0.5,Run,0,9,49.1793,52.7411,1.1611,0,Perfect,,1.011,-12.138,0.8831,11.2,0.0103,-0.0001,5.6201,6.8039,0,0
1359,Rally,None,1,-0.005,55.937,0.3226,3.392,-16.263,2.8251,1.7047,-0.6398,1,Forehand prepare 0.16,0,9,Serve,36.7843,29.8273,1.4853,0.8132,-12.1612,13.0287,0.8333,0.6667,Run,0,9,50.1839,52.1894,2.7593,0,Perfect,,1.0634,-12.1866,0.803,11.2,0.0057,-0.0001,2.0458,7.569,0,0
1360,Rally,None,1,-0.005,55.9343,0.3529,3.3917,-16.3141,2.8056,1.6829,-0.9455,1,Forehand prepare 0.20,0,9,Serve,40.6199,30.5884,1.5089,0.8212,-12.2399,6.9032,1,0.8333,Run,0,9,51.176,51.4502,0.6035,0,Perfect,,1.1137,-12.2333,0.7229,11.2,-0.0027,-0.0001,0.0235,6.6143,0,0
1361,Rally,None,1,-0.005,55.9203,0.3845,3.3916,-16.3671,2.7764,1.6455,-1.4041,1,Forehand prepare 0.23,0,9,Serve,41.6282,30.3128,1.5585,0.819,-12.3108,4.4182,1,1,Run,0,9,51.9097,50.7037,0.8111,0,Perfect,,1.1855,-12.2999,0.6028,11.2,-0.014,0.0009,1.5707,4.651,0,0
1362,Rally,None,1,-0.005,55.9003,0.4154,3.3918,-16.4187,2.7569,1.6174,-1.7099,1,Forehand prepare 0.27,0,9,Serve,39.5269,29.2904,1.5946,0.8139,-12.3404,5.0595,1,1,Run,0,9,52.4488,49.9669,2.4288,0,Perfect,,1.2308,-12.3419,0.5227,11.2,-0.02,0.0038,3.6215,2.9166,0,0
1363,Rally,None,1,-0.005,55.8711,0.4469,3.3923,-16.4712,2.7277,1.5706,-2.1685,1,Forehand prepare 0.31,0,9,Serve,37.5544,27.6232,1.7104,0.8301,-12.3881,0.9426,1,1,Run,0,9,52.6416,49.3913,0.3173,0,Perfect,,1.2949,-12.4013,0.4026,11.2,-0.0292,0.0082,4.4432,3.1018,0,0
1364,Rally,None,1,-0.005,55.8377,0.4774,3.3929,-16.5217,2.7082,1.5362,-2.4742,1,Forehand prepare 0.35,0,9,Serve,34.8255,27.5893,1.8445,0.8924,-12.4096,2.528,1,1,Run,0,9,52.4377,49.075,1.805,0,Perfect,,1.3351,-12.4386,0.3225,11.2,-0.0334,0.0138,5.8854,5.7719,0,0
1365,Rally,None,1,-0.005,55.8007,0.5067,3.3936,-16.5703,2.6887,1.4992,-2.78,1,Forehand prepare 0.39,0,9,Serve,33.1258,28.4842,1.9325,0.9482,-12.4397,5.7723,1,1,Run,0,9,51.9484,49.0141,0.4188,0,Perfect,,1.3732,-12.474,0.2424,11.2,-0.037,0.02,6.2275,7.5309,0,0
1366,Rally,None,1,-0.005,55.7563,0.5362,3.3946,-16.6189,2.6595,1.4391,-3.2386,1,Forehand prepare 0.42,0,9,Serve,31.4293,31.16,2.0185,1.0158,-12.4985,0.409,1,1,Run,0,9,51.1865,49.2472,0,0,Perfect,,1.4266,-12.5236,0.1223,11.2,-0.0443,0.0257,6.4971,9.0185,0,0
1367,Rally,None,1,-0.005,55.7094,0.5638,3.3957,-16.6642,2.64,1.3959,-3.5444,1,Forehand prepare 0.47,0,9,Serve,29.1545,37.1482,2.0609,1.1213,-12.5698,0.5875,1,1,Run,0,9,50.198,49.7768,0,0,Perfect,,1.4526,-12.5477,0.0422,11.2,-0.0469,0.0312,7.5041,10.784,0,0
1368,Rally,None,1,-0.005,55.655,0.588,3.3971,-16.7036,2.6108,1.3263,-4.003,1,Forehand prepare 0.50,0,9,Serve,29.6322,39.6987,2.048,1.0987,-12.634,0.9309,1,1,Run,0,9,49.2623,50.4441,0,0,Perfect,,1.4526,-12.5477,0,11.2,-0.0544,0.0348,5.9142,7.2142,0,0
1369,Rally,None,1,-0.005,55.5987,0.6092,3.3985,-16.7377,2.5913,1.2768,-4.3087,1,Forehand prepare 0.56,0,9,Serve,33.5076,43.2109,2.0031,1.0827,-12.7351,1.0426,1,1,Ready,0,9,45.3641,45.0927,1.962,0,Perfect,,1.4526,-12.5477,0,11.2,-0.0564,0.0358,4.6611,2.2601,0,0
1370,Rally,None,1,-0.005,55.5406,0.6278,3.4,-16.7674,2.5718,1.2247,-4.6145,1,Forehand prepare 0.59,0,9,Serve,31.391,44.2963,1.9704,1.0386,-12.7627,1.0985,1,1,Ready,0,9,38.5629,37.3538,3.0776,0,Perfect,,1.4526,-12.5477,0,11.2,-0.0581,0.0343,3.6736,1.2741,0,0
1371,Rally,None,1,-0.005,55.4765,0.6442,3.4018,-16.7931,2.5426,1.1419,-5.0731,1,Forehand prepare 0.63,0,9,Serve,26.2653,46.427,1.9413,1.0057,-12.7824,1.625,1,1,Ready,0,9,32.1547,30.5474,2.2165,0,Perfect,,1.4526,-12.5477,0,11.2,-0.0641,0.0308,2.8952,4.5501,0,0
1372,Rally,None,1,-0.005,55.4117,0.6585,3.4036,-16.8154,2.5231,1.0836,-5.3788,1,Forehand prepare 0.69,0,9,Serve,25.5544,51.5661,1.8887,1.008,-12.8527,2.4808,1,1,Ready,0,9,27.1693,24.9871,1.4879,0,Perfect,,1.4526,-12.5477,0,11.2,-0.0648,0.026,2.2818,4.8133,0,0
1373,Rally,None,1,-0.005,55.3418,0.6713,3.4055,-16.8347,2.4939,0.9913,-5.8375,1,Forehand prepare 0.72,0,9,Serve,34.0765,58.5235,1.8165,1.0429,-12.933,1.3414,1,1,Ready,0,9,23.6717,20.7627,0.5686,0,Perfect,,1.4526,-12.5477,0,11.2,-0.0699,0.0206,1.7984,2.7449,0,0
1374,Rally,None,1,-0.005,55.2719,0.6825,3.4076,-16.8515,2.4744,0.9266,-6.1432,1,Forehand prepare 0.78,0,9,Serve,40.3052,64.3772,1.7423,1.0645,-12.9946,1.5061,1,1,Ready,0,9,21.3751,17.6394,1.3576,0,Perfect,,1.4526,-12.5477,0,11.2,-0.0699,0.0152,1.4173,7.0222,0,0
1375,Rally,None,1,-0.005,55.2021,0.6924,3.4096,-16.866,2.4549,0.8594,-6.449,1,Forehand prepare 0.82,0,9,Serve,40.7031,69.0284,1.6817,1.0727,-13.0408,0.173,1,1,Ready,0,9,19.9665,15.3115,1.0429,0,Perfect,,1.4526,-12.5477,0,11.2,-0.0698,0.0103,1.117,8.1692,0,0
1376,Rally,None,1,-0.005,55.1278,0.7013,3.4118,-16.8785,2.4257,0.7539,-6.9076,1,Forehand prepare 0.85,0,9,Serve,37.1761,72.471,1.619,1.0862,-13.0759,0.5604,1,1,Ready,0,9,19.1927,13.5274,0.4966,0,Perfect,,1.4526,-12.5477,0,11.2,-0.0743,0.0063,0.8804,8.5621,0,0
1377,Rally,None,1,-0.005,55.0542,0.7091,3.414,-16.8893,2.4062,0.6804,-7.2133,1,Forehand prepare 0.91,0,9,Serve,22.5561,67.7531,1.6175,1.0359,-13.0578,1.6016,1,1,Ready,0,9,18.8173,12.1777,0.25,0,Perfect,,1.4526,-12.5477,0,11.2,-0.0737,0.0032,0.6938,13.3697,0,0
1378,Rally,None,1,-0.005,54.9765,0.7162,3.4164,-16.8987,2.377,0.5655,-7.672,1,Forehand prepare 0.95,0,9,Serve,15.1345,61.4636,1.6363,0.9405,-13.0183,0.7712,1,1,Ready,0,9,18.6781,11.2393,0.0927,0,Perfect,,1.4526,-12.5477,0,11.2,-0.0777,0.001,0.5468,13.2531,0,0
1379,Rally,None,1,-0.005,54.8999,0.7225,3.4188,-16.9067,2.3575,0.4857,-7.9777,1,Forehand prepare 1.00,0,9,Serve,4.7412,46.4303,1.7187,0.7955,-12.8283,1.4522,1,1,Ready,0,9,18.6582,10.5952,0,0,Perfect,,1.4526,-12.5477,0,11.2,-0.0766,-0.0003,0.431,10.3412,0,0
1380,Rally,None,1,-0.005,54.8243,0.7282,3.4211,-16.9137,2.338,0.4033,-8.2834,1,Forehand prepare 1.00,0,9,Serve,5.2421,47.5759,1.6929,0.7698,-12.8366,0.285,1,1,Ready,0,9,18.6636,10.1582,0,0,Perfect,,1.4526,-12.5477,0,11.2,-0.0756,-0.0009,0.3397,6.2751,0,0
1381,Rally,None,1,-0.005,54.7449,0.7334,3.4236,-16.9196,2.3088,0.2751,-8.7421,1,Forehand prepare 1.00,0,9,Serve,5.5697,48.4139,1.6743,0.7477,-12.8381,0.2077,1,1,Ready,0,9,18.6693,9.936,0,0,Perfect,,1.4526,-12.5477,0,11.2,-0.0794,-0.0011,0.2677,2.8036,0,0
1382,Rally,None,1,-0.005,54.6668,0.738,3.4261,-16.9247,2.2893,0.1865,-9.0478,1,Forehand prepare 1.00,0,9,Serve,5.7969,49.06,1.6612,0.7314,-12.8378,0.1307,1,1,Ready,0,9,18.6448,9.9336,0,0,Perfect,,1.4526,-12.5477,0,11.2,-0.0781,-0.0009,0.211,1.5692,0,0
1383,Rally,None,1,-0.005,54.591,0.7422,3.4285,-16.9291,2.2608,0.1327,-9.4957,1,Forehand prepare 1.00,0,9,Serve,5.9258,49.4652,1.654,0.7194,-12.8352,0,1,1,Ready,0,9,18.6032,10.0698,0,0,Perfect,,1.4526,-12.5477,0,11.2,-0.0758,-0.0006,0.1663,3.1322,0,0
1384,Rally,None,1,-0.005,54.5161,0.746,3.4309,-16.9329,2.2427,0.1962,-9.7801,1,Forehand prepare 1.00,0,9,Serve,6.0078,49.7127,1.65,0.7123,-12.8332,0,1,1,Ready,0,9,18.5494,10.2498,0,0,Perfect,,1.4526,-12.5477,0,11.2,-0.075,-0.0002,0.1311,4.3224,0,0
1385,Rally,None,1,-0.005,54.4418,0.7495,3.4333,-16.9361,2.2245,0.257,-10.0645,1,Forehand prepare 1.00,0,9,Serve,6.0598,49.8303,1.6484,0.7096,-12.8325,0,1,1,Ready,0,9,18.4889,10.4489,0,0,Perfect,,1.4526,-12.5477,0,11.2,-0.0743,0.0002,0.1033,4.806,0,0
1386,Rally,None,1,-0.005,54.3636,0.7528,3.4359,-16.9388,2.1974,0.3432,-10.491,1,Forehand prepare 1.00,0,9,Serve,6.0926,49.8505,1.6486,0.7107,-12.8332,0,1,1,Ready,0,9,18.5303,10.7235,0.915,0,Perfect,,1.4526,-12.5477,0,11.2,-0.0782,0.0004,0.0814,4.6793,0,0
1387,Rally,None,1,-0.005,54.2866,0.7558,3.4384,-16.9411,2.1792,0.3975,-10.7754,1,Forehand prepare 1.00,1,0.1645,LowPickup,21.7024,65.5054,1.5809,0.7691,-12.9376,0,1,1,Ready,0,9,18.5792,10.9656,0.0804,0,Perfect,,1.4526,-12.5477,0,11.2,-0.077,0.0007,0.0506,8.3782,0,0
1388,Rally,Ultimate,0,-0.005,54.2061,0.7587,3.4411,-16.943,2.1521,0.4738,-11.2019,1,Forehand swing,1,0.1215,LowPickup,-7.4871,47.558,1.7847,0.6357,-12.652,0,1,1,Ready,0,9,18.6069,11.1233,0.0151,0,Perfect,,1.4526,-12.5477,0,11.2,-0.0806,0.0007,0.0398,0.8062,0,0
1389,Rally,Ultimate,0,-0.005,34,1.8526,1.535,-10.7486,2.1521,0.4738,-11.2019,1,Forehand swing,1,0.1215,LowPickup,-2.4349,48.3301,1.8248,0.6396,-12.5827,14.5309,1,1,Ready,0,9,18.5948,11.1957,0.0161,0,Perfect,,1.4526,-12.5477,0,11.2,-20.2061,0.0007,0.0398,0.8062,0,0
1390,Rally,Ultimate,0,-0.005,34,1.8526,1.535,-10.7514,2.1521,0.4738,-11.2019,1,Forehand swing,1,0.1215,LowPickup,-3.1016,46.3938,1.8709,0.6345,-12.5088,0,1,1,Ready,0,9,18.5948,11.1957,0,0,Perfect,,1.4526,-12.5477,0,11.2,0,0.0007,0.0398,0.8062,0,0
1391,Rally,Ultimate,0,-0.005,34,1.8526,1.535,-10.7558,2.1521,0.4738,-11.2019,1,Forehand swing,1,0.1215,LowPickup,-3.7682,44.4594,1.9009,0.6303,-12.458,0,1,1,Ready,0,9,18.5948,11.1957,0,0,Perfect,,1.4526,-12.5477,0,11.2,0,0.0007,0.0398,0.8062,0,0
1392,Rally,Ultimate,0,-0.005,34,1.8526,1.535,-10.7618,2.1521,0.4738,-11.2019,1,Forehand swing,1,0.1215,LowPickup,-4.4349,42.5218,1.9082,0.6281,-12.443,0,1,1,Ready,0,9,18.5948,11.1957,0,0,Perfect,,1.4526,-12.5477,0,11.2,0,0.0007,0.0398,0.8062,0,0
1393,Rally,Ultimate,0,-0.005,34,1.8526,1.535,-10.7693,2.1521,0.4738,-11.2019,1,Forehand swing,1,0.1215,LowPickup,-5.1016,40.5819,1.9145,0.626,-12.4269,0,1,1,Ready,0,9,18.5948,11.1957,0,0,Perfect,,1.4526,-12.5477,0,11.2,0,0.0007,0.0398,0.8062,0,0
1394,Rally,Ultimate,0,-0.005,34,1.8526,1.535,-10.7782,2.1521,0.4738,-11.2019,1,Forehand swing,1,0.1215,LowPickup,-5.7682,38.6455,1.9199,0.6241,-12.4099,0,1,1,Ready,0,9,18.5948,11.1957,0,0,Perfect,,1.4526,-12.5477,0,11.2,0,0.0007,0.0398,0.8062,0,0
1395,Rally,Ultimate,0,-0.005,34,1.8526,1.535,-10.7882,2.1521,0.4738,-11.2019,1,Forehand swing,1,0.1215,LowPickup,-6.4349,36.7187,1.9247,0.6223,-12.3925,0,1,1,Ready,0,9,18.5948,11.1957,0,0,Perfect,,1.4526,-12.5477,0,11.2,0,0.0007,0.0398,0.8062,0,0
1396,Rally,Ultimate,0,-0.005,34,1.8526,1.535,-10.7994,2.1521,0.4738,-11.2019,1,Forehand swing,1,0.1215,LowPickup,-7.1016,34.8074,1.9289,0.6206,-12.3754,0,1,1,Ready,0,9,18.5948,11.1957,0,0,Perfect,,1.4526,-12.5477,0,11.2,0,0.0007,0.0398,0.8062,0,0
1397,Rally,Ultimate,0,-0.005,34,1.8526,1.535,-10.8116,2.1521,0.4738,-11.2019,1,Forehand swing,1,0.1215,LowPickup,-7.7682,32.911,1.9329,0.6189,-12.3591,0,1,1,Ready,0,9,18.5948,11.1957,0,0,Perfect,,1.4526,-12.5477,0,11.2,0,0.0007,0.0398,0.8062,0,0
1398,Rally,Ultimate,0,-0.005,34,1.8526,1.535,-10.8246,2.1521,0.4738,-11.2019,1,Forehand swing,1,0.1215,LowPickup,-8.4349,31.0257,1.9367,0.6172,-12.3436,0,1,1,Ready,0,9,18.5948,11.1957,0,0,Perfect,,1.4526,-12.5477,0,11.2,0,0.0007,0.0398,0.8062,0,0
1399,Rally,Ultimate,0,-0.005,34,1.8526,1.535,-10.8384,2.1521,0.4738,-11.2019,1,Forehand swing,1,0.1215,LowPickup,-9.1016,29.1449,1.94,0.6154,-12.3282,0,1,1,Ready,0,9,18.5948,11.1957,0,0,Perfect,,1.4526,-12.5477,0,11.2,0,0.0007,0.0398,0.8062,0,0
1400,Rally,Ultimate,0,-0.005,34,1.8526,1.535,-10.8528,2.1521,0.4738,-11.2019,1,Forehand swing,1,0.1215,LowPickup,-9.7682,27.2641,1.9428,0.6137,-12.3124,0,1,1,Ready,0,9,18.5948,11.1957,0,0,Perfect,,1.4526,-12.5477,0,11.2,0,0.0007,0.0398,0.8062,0,0
1401,Rally,Ultimate,0,-0.005,34,1.8526,1.535,-10.8678,2.1521,0.4738,-11.2019,1,Forehand swing,1,0.1215,LowPickup,-10.4349,25.3797,1.9445,0.6121,-12.2952,0,1,1,Ready,0,9,18.5948,11.1957,0,0,Perfect,,1.4526,-12.5477,0,11.2,0,0.0007,0.0398,0.8062,0,0
1402,Rally,Ultimate,0,-0.005,34,1.8526,1.535,-10.8832,2.1521,0.4738,-11.2019,1,Forehand swing,1,0.1215,LowPickup,-11.1016,23.494,1.945,0.611,-12.2763,0,1,1,Ready,0,9,18.5948,11.1957,0,0,Perfect,,1.4526,-12.5477,0,11.2,0,0.0007,0.0398,0.8062,0,0
1403,Rally,Ultimate,0,-0.005,34,1.8526,1.535,-10.8989,2.1521,0.4738,-11.2019,1,Forehand swing,1,0.1215,LowPickup,-11.7683,21.614,1.9443,0.61,-12.2554,0,1,1,Ready,0,9,18.5948,11.1957,0,0,Perfect,,1.4526,-12.5477,0,11.2,0,0.0007,0.0398,0.8062,0,0
1404,Rally,Ultimate,0,-0.005,34,1.8526,1.535,-10.9147,2.1521,0.4738,-11.2019,1,Forehand swing,1,0.1215,LowPickup,-12.4349,19.7477,1.943,0.6092,-12.2343,0,1,1,Ready,0,9,18.5948,11.1957,0,0,Perfect,,1.4526,-12.5477,0,11.2,0,0.0007,0.0398,0.8062,0,0
1405,Rally,Ultimate,0,-0.005,34,1.8526,1.535,-10.9306,2.1521,0.4738,-11.2019,1,Forehand swing,1,0.1215,LowPickup,-13.1016,17.8929,1.9412,0.6088,-12.2137,0,1,1,Ready,0,9,18.5948,11.1957,0,0,Perfect,,1.4526,-12.5477,0,11.2,0,0.0007,0.0398,0.8062,0,0
1406,Rally,Ultimate,0,-0.005,34,1.8526,1.535,-10.9465,2.1521,0.4738,-11.2019,1,Forehand swing,1,0.1215,LowPickup,-13.7683,16.0408,1.9391,0.6087,-12.1949,0,1,1,Ready,0,9,18.5948,11.1957,0,0,Perfect,,1.4526,-12.5477,0,11.2,0,0.0007,0.0398,0.8062,0,0
1407,Rally,Ultimate,0,-0.005,34,1.8526,1.535,-10.9621,2.1521,0.4738,-11.2019,1,Forehand swing,1,0.1215,LowPickup,-14.4349,14.1817,1.9374,0.6079,-12.1783,0,1,1,Ready,0,9,18.5948,11.1957,0,0,Perfect,,1.4526,-12.5477,0,11.2,0,0.0007,0.0398,0.8062,0,0
1408,Rally,Ultimate,0,-0.005,34,1.8526,1.535,-10.9775,2.1521,0.4738,-11.2019,1,Forehand swing,1,0.1215,LowPickup,-15.1016,12.3134,1.9363,0.606,-12.1631,0,1,1,Ready,0,9,18.5948,11.1957,0,0,Perfect,,1.4526,-12.5477,0,11.2,0,0.0007,0.0398,0.8062,0,0
1409,Rally,Ultimate,0,-0.005,34,1.8526,1.535,-10.9925,2.1521,0.4738,-11.2019,1,Forehand swing,1,0.1215,LowPickup,-15.7683,10.44,1.9347,0.6044,-12.1499,0,1,1,Ready,0,9,18.5948,11.1957,0,0,Perfect,,1.4526,-12.5477,0,11.2,0,0.0007,0.0398,0.8062,0,0
1410,Rally,Ultimate,0,-0.005,34,1.8526,1.535,-11.0069,2.1521,0.4738,-11.2019,1,Forehand swing,1,0.1215,LowPickup,-15.7683,10.4258,1.9337,0.6032,-12.1515,0,1,1,Ready,0,9,18.5948,11.1957,0,0,Perfect,,1.4526,-12.5477,0,11.2,0,0.0007,0.0398,0.8062,0,0
1411,Rally,Ultimate,0,-0.005,34,1.8526,1.535,-11.0207,2.1521,0.4738,-11.2019,1,Forehand swing,1,0.1215,LowPickup,-15.7683,10.4226,1.9325,0.6026,-12.1515,0,1,1,Ready,0,9,18.5948,11.1957,0,0,Perfect,,1.4526,-12.5477,0,11.2,0,0.0007,0.0398,0.8062,0,0
1412,Rally,Ultimate,0,-0.005,34,1.8526,1.535,-11.0338,2.1521,0.4738,-11.2019,1,Forehand swing,1,0.1215,LowPickup,-15.7683,10.4302,1.9303,0.6033,-12.1499,0,1,1,Ready,0,9,18.5948,11.1957,0,0,Perfect,,1.4526,-12.5477,0,11.2,0,0.0007,0.0398,0.8062,0,0
1413,Rally,Ultimate,0,-0.005,34,1.8526,1.535,-11.0459,2.1521,0.4738,-11.2019,1,Forehand swing,1,0.1215,LowPickup,-15.7683,10.4469,1.9278,0.6046,-12.1472,0,1,1,Ready,0,9,18.5948,11.1957,0,0,Perfect,,1.4526,-12.5477,0,11.2,0,0.0007,0.0398,0.8062,0,0
1414,Rally,Ultimate,0,-0.005,34,1.8526,1.535,-11.0571,2.1521,0.4738,-11.2019,1,Forehand swing,1,0.1215,LowPickup,-15.7683,10.4716,1.9255,0.606,-12.1439,0,1,1,Ready,0,9,18.5948,11.1957,0,0,Perfect,,1.4526,-12.5477,0,11.2,0,0.0007,0.0398,0.8062,0,0
1415,Rally,Ultimate,0,-0.005,34,1.8526,1.535,-11.0672,2.1521,0.4738,-11.2019,1,Forehand swing,1,0.1215,LowPickup,-15.7683,10.4943,1.9237,0.6073,-12.1414,0,1,1,Ready,0,9,18.5948,11.1957,0,0,Perfect,,1.4526,-12.5477,0,11.2,0,0.0007,0.0398,0.8062,0,0
1416,Rally,Ultimate,0,-0.005,34,1.8526,1.535,-11.076,2.1521,0.4738,-11.2019,1,Forehand swing,1,0.1215,LowPickup,-15.7683,10.5015,1.9227,0.6083,-12.141,0,1,1,Ready,0,9,18.5948,11.1957,0,0,Perfect,,1.4526,-12.5477,0,11.2,0,0.0007,0.0398,0.8062,0,0
1417,Rally,Ultimate,0,-0.005,34,1.8526,1.535,-11.0835,2.1521,0.4738,-11.2019,1,Forehand swing,1,0.1215,LowPickup,-15.7683,10.4895,1.9234,0.6078,-12.1423,0,1,1,Ready,0,9,18.5948,11.1957,0,0,Perfect,,1.4526,-12.5477,0,11.2,0,0.0007,0.0398,0.8062,0,0
1418,Rally,Ultimate,0,-0.005,34,1.8526,1.535,-11.0895,2.1521,0.4738,-11.2019,1,Forehand swing,1,0.1215,LowPickup,-15.7683,10.4656,1.925,0.6065,-12.1449,0,1,1,Ready,0,9,18.5948,11.1957,0,0,Perfect,,1.4526,-12.5477,0,11.2,0,0.0007,0.0398,0.8062,0,0
1419,Rally,Ultimate,0,-0.005,34,1.8526,1.535,-11.094,2.1521,0.4738,-11.2019,1,Forehand swing,1,0.1215,LowPickup,-15.7683,10.442,1.9268,0.6051,-12.1481,0,1,1,Ready,0,9,18.5948,11.1957,0,0,Perfect,,1.4526,-12.5477,0,11.2,0,0.0007,0.0398,0.8062,0,0
1420,Rally,Ultimate,0,-0.005,34,1.8526,1.535,-11.0967,2.1521,0.4738,-11.2019,1,Forehand swing,1,0.1215,LowPickup,-15.7683,10.4272,1.9281,0.6039,-12.1504,0,1,1,Ready,0,9,18.5948,11.1957,0,0,Perfect,,1.4526,-12.5477,0,11.2,0,0.0007,0.0398,0.8062,0,0
1421,Rally,Ultimate,0,-0.005,43,3.2526,0.835,-10.2477,2.1521,0.4738,-11.2019,1,Forehand swing,1,0.1215,LowPickup,-15.7683,10.4224,1.9289,0.6029,-12.1509,0,1,1,Ready,0,9,18.5948,11.1957,0,0,Perfect,,1.4526,-12.5477,0,11.2,9,0.0007,0.0398,0.8062,0,0
1422,Rally,Ultimate,0,-0.005,43,3.2317,0.835,-10.2477,2.1521,0.4738,-11.2019,1,Forehand swing,1,0.1215,LowPickup,-15.7683,10.438,1.9272,0.604,-12.1482,0,1,1,Ready,0,9,18.5948,11.1957,0,0,Perfect,,1.4526,-12.5477,0,11.2,0,0.0007,0.0398,0.8062,0,0
1423,Rally,Ultimate,0,-0.005,43,3.2109,0.835,-10.2477,2.1521,0.4738,-11.2019,1,Forehand swing,1,0.1215,LowPickup,-15.7683,10.4467,1.9262,0.6048,-12.147,0,1,1,Ready,0,9,18.5948,11.1957,0,0,Perfect,,1.4526,-12.5477,0,11.2,0,0.0007,0.0398,0.8062,0,0
1424,Rally,Ultimate,0,-0.005,43,3.1901,0.835,-10.2477,2.1521,0.4738,-11.2019,1,Forehand swing,1,0.1215,LowPickup,-15.7683,10.4557,1.9253,0.6055,-12.1458,0,1,1,Ready,0,9,18.5948,11.1957,0,0,Perfect,,1.4526,-12.5477,0,11.2,0,0.0007,0.0398,0.8062,0,0
1425,Rally,Ultimate,0,-0.005,43,3.1692,0.835,-10.2477,2.1521,0.4738,-11.2019,1,Forehand swing,1,0.1215,LowPickup,-15.7683,10.4645,1.9246,0.6061,-12.1448,0,1,1,Ready,0,9,18.5948,11.1957,0,0,Perfect,,1.4526,-12.5477,0,11.2,0,0.0007,0.0398,0.8062,0,0
1426,Rally,Ultimate,0,-0.005,43,3.1484,0.835,-10.2477,2.1521,0.4738,-11.2019,1,Forehand swing,1,0.1215,LowPickup,-15.7683,10.4736,1.924,0.6068,-12.1438,0,1,1,Ready,0,9,18.5948,11.1957,0,0,Perfect,,1.4526,-12.5477,0,11.2,0,0.0007,0.0398,0.8062,0,0
1427,Rally,Ultimate,0,-0.005,43,3.1276,0.835,-10.2477,2.1521,0.4738,-11.2019,1,Forehand swing,1,0.1215,LowPickup,-15.7683,10.4815,1.9235,0.6073,-12.143,0,1,1,Ready,0,9,18.5948,11.1957,0,0,Perfect,,1.4526,-12.5477,0,11.2,0,0.0007,0.0398,0.8062,0,0
1428,Rally,Ultimate,0,-0.005,43,3.1067,0.835,-10.2477,2.1521,0.4738,-11.2019,1,Forehand swing,1,0.1215,LowPickup,-15.7683,10.4881,1.9232,0.6078,-12.1423,0,1,1,Ready,0,9,18.5948,11.1957,0,0,Perfect,,1.4526,-12.5477,0,11.2,0,0.0007,0.0398,0.8062,0,0
1429,Rally,Ultimate,0,-0.005,43,3.0859,0.835,-10.2477,2.1521,0.4738,-11.2019,1,Forehand swing,1,0.1215,LowPickup,-15.7683,10.4943,1.9229,0.6082,-12.1418,0,1,1,Ready,0,9,18.5948,11.1957,0,0,Perfect,,1.4526,-12.5477,0,11.2,0,0.0007,0.0398,0.8062,0,0
1430,Rally,Ultimate,0,-0.005,43,3.0651,0.835,-10.2477,2.1521,0.4738,-11.2019,1,Forehand swing,1,0.1215,LowPickup,-15.7683,10.4986,1.9227,0.6084,-12.1414,0,1,1,Ready,0,9,18.5948,11.1957,0,0,Perfect,,1.4526,-12.5477,0,11.2,0,0.0007,0.0398,0.8062,0,0
1431,Rally,Ultimate,0,-0.005,43,3.0442,0.835,-10.2477,2.1521,0.4738,-11.2019,1,Forehand swing,1,0.1215,LowPickup,-15.7683,10.5009,1.9226,0.6086,-12.1412,0,1,1,Ready,0,9,18.5948,11.1957,0,0,Perfect,,1.4526,-12.5477,0,11.2,0,0.0007,0.0398,0.8062,0,0
1432,Rally,Ultimate,0,-0.005,43,3.0234,0.835,-10.2477,2.1521,0.4738,-11.2019,1,Forehand swing,1,0.1215,LowPickup,-15.7683,10.5017,1.9227,0.6086,-12.1411,0,1,1,Ready,0,9,18.5948,11.1957,0,0,Perfect,,1.4526,-12.5477,0,11.2,0,0.0007,0.0398,0.8062,0,0
1433,Rally,Ultimate,0,-0.005,43,3.0026,0.835,-10.2477,2.1521,0.4738,-11.2019,1,Forehand swing,1,0.1215,LowPickup,-15.7683,10.5009,1.9228,0.6086,-12.1412,0,1,1,Ready,0,9,18.5948,11.1957,0,0,Perfect,,1.4526,-12.5477,0,11.2,0,0.0007,0.0398,0.8062,0,0
1434,Rally,Ultimate,0,-0.005,43,2.9817,0.835,-10.2477,2.1521,0.4738,-11.2019,1,Forehand swing,1,0.1215,LowPickup,-15.7683,10.4986,1.923,0.6084,-12.1415,0,1,1,Ready,0,9,18.5948,11.1957,0,0,Perfect,,1.4526,-12.5477,0,11.2,0,0.0007,0.0398,0.8062,0,0
1435,Rally,Ultimate,0,-0.005,43,2.9609,0.835,-10.2477,2.1521,0.4738,-11.2019,1,Forehand swing,1,0.1215,LowPickup,-15.7683,10.495,1.9233,0.6082,-12.1418,0,1,1,Ready,0,9,18.5948,11.1957,0,0,Perfect,,1.4526,-12.5477,0,11.2,0,0.0007,0.0398,0.8062,0,0
1436,Rally,Ultimate,0,-0.005,43,2.9401,0.835,-10.2477,2.1521,0.4738,-11.2019,1,Forehand swing,1,0.1215,LowPickup,-15.7683,10.4901,1.9236,0.6079,-12.1423,0,1,1,Ready,0,9,18.5948,11.1957,0,0,Perfect,,1.4526,-12.5477,0,11.2,0,0.0007,0.0398,0.8062,0,0
1437,Rally,Ultimate,0,-0.005,43,2.9192,0.835,-10.2477,2.1521,0.4738,-11.2019,1,Forehand swing,1,0.1215,LowPickup,-15.7683,10.4843,1.924,0.6075,-12.1429,0,1,1,Ready,0,9,18.5948,11.1957,0,0,Perfect,,1.4526,-12.5477,0,11.2,0,0.0007,0.0398,0.8062,0,0
1438,Rally,Ultimate,0,-0.005,43,2.8984,0.835,-10.2477,2.1521,0.4738,-11.2019,1,Forehand swing,1,0.1215,LowPickup,-15.7683,10.4778,1.9245,0.6071,-12.1435,0,1,1,Ready,0,9,18.5948,11.1957,0,0,Perfect,,1.4526,-12.5477,0,11.2,0,0.0007,0.0398,0.8062,0,0
1439,Rally,Ultimate,0,-0.005,43,2.8776,0.835,-10.2477,2.1521,0.4738,-11.2019,1,Forehand swing,1,0.1215,LowPickup,-15.7683,10.4709,1.9249,0.6066,-12.1442,0,1,1,Ready,0,9,18.5948,11.1957,0,0,Perfect,,1.4526,-12.5477,0,11.2,0,0.0007,0.0398,0.8062,0,0
1440,Rally,Ultimate,0,-0.005,43,2.8567,0.835,-10.2477,2.1521,0.4738,-11.2019,1,Forehand swing,1,0.1215,LowPickup,-15.7683,10.4637,1.9254,0.6061,-12.145,0,1,1,Ready,0,9,18.5948,11.1957,0,0,Perfect,,1.4526,-12.5477,0,11.2,0,0.0007,0.0398,0.8062,0,0
1441,Rally,Ultimate,0,-0.005,43,2.8359,0.835,-10.2477,2.1521,0.4738,-11.2019,1,Forehand swing,1,0.1215,LowPickup,-15.7683,10.456,1.926,0.6055,-12.1459,0,1,1,Ready,0,9,18.5948,11.1957,0,0,Perfect,,1.4526,-12.5477,0,11.2,0,0.0007,0.0398,0.8062,0,0
1442,Rally,Ultimate,0,-0.005,43,2.8151,0.835,-10.2477,2.1521,0.4738,-11.2019,1,Forehand swing,1,0.1215,LowPickup,-15.7683,10.4491,1.9265,0.605,-12.1468,0,1,1,Ready,0,9,18.5948,11.1957,0,0,Perfect,,1.4526,-12.5477,0,11.2,0,0.0007,0.0398,0.8062,0,0
1443,Rally,Ultimate,0,-0.005,43,2.7942,0.835,-10.2477,2.1521,0.4738,-11.2019,1,Forehand swing,1,0.1215,LowPickup,-15.7683,10.4426,1.927,0.6044,-12.1476,0,1,1,Ready,0,9,18.5948,11.1957,0,0,Perfect,,1.4526,-12.5477,0,11.2,0,0.0007,0.0398,0.8062,0,0
1444,Rally,Ultimate,0,-0.005,43,2.7734,0.835,-10.2477,2.1521,0.4738,-11.2019,1,Forehand swing,1,0.1215,LowPickup,-15.7683,10.4365,1.9275,0.6039,-12.1485,0,1,1,Ready,0,9,18.5948,11.1957,0,0,Perfect,,1.4526,-12.5477,0,11.2,0,0.0007,0.0398,0.8062,0,0
1445,Rally,Ultimate,0,-0.005,43,2.7526,0.835,-10.2477,2.1521,0.4738,-11.2019,1,Forehand swing,1,0.1215,LowPickup,-15.7683,10.4312,1.9279,0.6034,-12.1493,0,1,1,Ready,0,9,18.5948,11.1957,0,0,Perfect,,1.4526,-12.5477,0,11.2,0,0.0007,0.0398,0.8062,0,0
1446,Rally,Ultimate,0,-0.005,43,2.7317,0.835,-10.2477,2.1521,0.4738,-11.2019,1,Forehand swing,1,0.1215,LowPickup,-15.7683,10.4273,1.9283,0.603,-12.1499,0,1,1,Ready,0,9,18.5948,11.1957,0,0,Perfect,,1.4526,-12.5477,0,11.2,0,0.0007,0.0398,0.8062,0,0
1447,Rally,Ultimate,0,-0.005,43,2.7109,0.835,-10.2477,2.1521,0.4738,-11.2019,1,Forehand swing,1,0.1215,LowPickup,-15.7683,10.4244,1.9285,0.6028,-12.1503,0,1,1,Ready,0,9,18.5948,11.1957,0,0,Perfect,,1.4526,-12.5477,0,11.2,0,0.0007,0.0398,0.8062,0,0
1448,Rally,Ultimate,0,-0.005,43,2.6901,0.835,-10.2477,2.1521,0.4738,-11.2019,1,Forehand swing,1,0.1215,LowPickup,-15.7683,10.4229,1.9285,0.6026,-12.1506,0,1,1,Ready,0,9,18.5948,11.1957,0,0,Perfect,,1.4526,-12.5477,0,11.2,0,0.0007,0.0398,0.8062,0,0
1449,Rally,Ultimate,0,-0.005,43,2.6692,0.835,-10.2477,2.1521,0.4738,-11.2019,1,Forehand swing,1,0.1215,LowPickup,-15.7683,10.4224,1.9285,0.6025,-12.1506,0,1,1,Ready,0,9,18.5948,11.1957,0,0,Perfect,,1.4526,-12.5477,0,11.2,0,0.0007,0.0398,0.8062,0,0
1450,Rally,Ultimate,0,-0.005,43,2.6484,0.835,-10.2477,2.1521,0.4738,-11.2019,1,Forehand swing,1,0.1215,LowPickup,-15.7683,10.4226,1.9284,0.6026,-12.1506,0,1,1,Ready,0,9,18.5948,11.1957,0,0,Perfect,,1.4526,-12.5477,0,11.2,0,0.0007,0.0398,0.8062,0,0
1451,Rally,Ultimate,0,-0.005,43,2.6276,0.835,-10.2477,2.1521,0.4738,-11.2019,1,Forehand swing,1,0.1215,LowPickup,-15.7683,10.4237,1.9282,0.6027,-12.1504,0,1,1,Ready,0,9,18.5948,11.1957,0,0,Perfect,,1.4526,-12.5477,0,11.2,0,0.0007,0.0398,0.8062,0,0
1452,Rally,Ultimate,0,-0.005,43,2.6067,0.835,-10.2477,2.1521,0.4738,-11.2019,1,Forehand swing,1,0.1215,LowPickup,-15.7683,10.4257,1.9279,0.6029,-12.15,0,1,1,Ready,0,9,18.5948,11.1957,0,0,Perfect,,1.4526,-12.5477,0,11.2,0,0.0007,0.0398,0.8062,0,0
1453,Rally,Ultimate,0,-0.005,43,2.5859,0.835,-10.2477,2.1521,0.4738,-11.2019,1,Forehand swing,1,0.1215,LowPickup,-15.7683,10.4286,1.9276,0.6032,-12.1495,0,1,1,Ready,0,9,18.5948,11.1957,0,0,Perfect,,1.4526,-12.5477,0,11.2,0,0.0007,0.0398,0.8062,0,0
1454,Rally,Ultimate,0,-0.005,43,2.5651,0.835,-10.2477,2.1521,0.4738,-11.2019,1,Forehand swing,1,0.1215,LowPickup,-15.7683,10.4323,1.9272,0.6035,-12.1489,0,1,1,Ready,0,9,18.5948,11.1957,0,0,Perfect,,1.4526,-12.5477,0,11.2,0,0.0007,0.0398,0.8062,0,0
1455,Rally,Ultimate,0,-0.005,43,2.5442,0.835,-10.2477,2.1521,0.4738,-11.2019,1,Forehand swing,1,0.1215,LowPickup,-15.7683,10.4371,1.9267,0.604,-12.1482,0,1,1,Ready,0,9,18.5948,11.1957,0,0,Perfect,,1.4526,-12.5477,0,11.2,0,0.0007,0.0398,0.8062,0,0
1456,Rally,Ultimate,0,-0.005,43,2.5234,0.835,-10.2477,2.1521,0.4738,-11.2019,1,Forehand swing,1,0.1215,LowPickup,-15.7683,10.4425,1.9262,0.6044,-12.1475,0,1,1,Ready,0,9,18.5948,11.1957,0,0,Perfect,,1.4526,-12.5477,0,11.2,0,0.0007,0.0398,0.8062,0,0
1457,Rally,Ultimate,0,-0.005,43,2.5026,0.835,-10.2477,2.1521,0.4738,-11.2019,1,Forehand swing,1,0.1215,LowPickup,-15.7683,10.4489,1.9257,0.605,-12.1466,0,1,1,Ready,0,9,18.5948,11.1957,0,0,Perfect,,1.4526,-12.5477,0,11.2,0,0.0007,0.0398,0.8062,0,0
1458,Rally,Ultimate,0,-0.005,43,2.4817,0.835,-10.2477,2.1521,0.4738,-11.2019,1,Forehand swing,1,0.1215,LowPickup,-15.7683,10.4561,1.9251,0.6055,-12.1457,0,1,1,Ready,0,9,18.5948,11.1957,0,0,Perfect,,1.4526,-12.5477,0,11.2,0,0.0007,0.0398,0.8062,0,0
1459,Rally,Ultimate,0,-0.005,43,2.4609,0.835,-10.2477,2.1521,0.4738,-11.2019,1,Forehand swing,1,0.1215,LowPickup,-15.7683,10.4634,1.9246,0.6061,-12.1449,0,1,1,Ready,0,9,18.5948,11.1957,0,0,Perfect,,1.4526,-12.5477,0,11.2,0,0.0007,0.0398,0.8062,0,0
1460,Rally,Ultimate,0,-0.005,43,2.4401,0.835,-10.2477,2.1521,0.4738,-11.2019,1,Forehand swing,1,0.1215,LowPickup,-15.7683,10.471,1.9241,0.6066,-12.144,0,1,1,Ready,0,9,18.5948,11.1957,0,0,Perfect,,1.4526,-12.5477,0,11.2,0,0.0007,0.0398,0.8062,0,0
1461,Rally,Ultimate,0,-0.005,43,2.4192,0.835,-10.2477,2.1521,0.4738,-11.2019,1,Forehand swing,1,0.1215,LowPickup,-15.7683,10.4791,1.9236,0.6072,-12.1432,0,1,1,Ready,0,9,18.5948,11.1957,0,0,Perfect,,1.4526,-12.5477,0,11.2,0,0.0007,0.0398,0.8062,0,0
1462,Rally,Ultimate,0,-0.005,43,2.3984,0.835,-10.2477,2.1521,0.4738,-11.2019,1,Forehand swing,1,0.1215,LowPickup,-15.7683,10.4867,1.9232,0.6077,-12.1425,0,1,1,Ready,0,9,18.5948,11.1957,0,0,Perfect,,1.4526,-12.5477,0,11.2,0,0.0007,0.0398,0.8062,0,0
1463,Rally,Ultimate,0,-0.005,43,2.3776,0.835,-10.2477,2.1521,0.4738,-11.2019,1,Forehand swing,1,0.1215,LowPickup,-15.7683,10.4923,1.9229,0.608,-12.1419,0,1,1,Ready,0,9,18.5948,11.1957,0,0,Perfect,,1.4526,-12.5477,0,11.2,0,0.0007,0.0398,0.8062,0,0
1464,Rally,Ultimate,0,-0.005,43,2.3567,0.835,-10.2477,2.1521,0.4738,-11.2019,1,Forehand swing,1,0.1215,LowPickup,-15.7683,10.4968,1.9228,0.6083,-12.1415,0,1,1,Ready,0,9,18.5948,11.1957,0,0,Perfect,,1.4526,-12.5477,0,11.2,0,0.0007,0.0398,0.8062,0,0
1465,Rally,Ultimate,0,-0.005,43,2.3359,0.835,-10.2477,2.1521,0.4738,-11.2019,1,Forehand swing,1,0.1215,LowPickup,-15.7683,10.4999,1.9227,0.6085,-12.1413,0,1,1,Ready,0,9,18.5948,11.1957,0,0,Perfect,,1.4526,-12.5477,0,11.2,0,0.0007,0.0398,0.8062,0,0
1466,Rally,Ultimate,0,-0.005,43,2.3151,0.835,-10.2477,2.1521,0.4738,-11.2019,1,Forehand swing,1,0.1215,LowPickup,-15.7683,10.5015,1.9227,0.6086,-12.1412,0,1,1,Ready,0,9,18.5948,11.1957,0,0,Perfect,,1.4526,-12.5477,0,11.2,0,0.0007,0.0398,0.8062,0,0
1467,Rally,Ultimate,0,-0.005,43,2.2942,0.835,-10.2477,2.1521,0.4738,-11.2019,1,Forehand swing,1,0.1215,LowPickup,-15.7683,10.5015,1.9227,0.6086,-12.1412,0,1,1,Ready,0,9,18.5948,11.1957,0,0,Perfect,,1.4526,-12.5477,0,11.2,0,0.0007,0.0398,0.8062,0,0
1468,Rally,Ultimate,0,-0.005,43,2.2734,0.835,-10.2477,2.1521,0.4738,-11.2019,1,Forehand swing,1,0.1215,LowPickup,-15.7683,10.4999,1.9229,0.6085,-12.1413,0,1,1,Ready,0,9,18.5948,11.1957,0,0,Perfect,,1.4526,-12.5477,0,11.2,0,0.0007,0.0398,0.8062,0,0
1469,Rally,Ultimate,0,-0.005,43,2.2526,0.835,-10.2477,2.1521,0.4738,-11.2019,1,Forehand swing,1,0.1215,LowPickup,-15.7683,10.4969,1.9232,0.6083,-12.1416,0,1,1,Ready,0,9,18.5948,11.1957,0,0,Perfect,,1.4526,-12.5477,0,11.2,0,0.0007,0.0398,0.8062,0,0
1470,Rally,Ultimate,0,-0.005,44,-0.0474,0.685,-9.0482,2.1521,0.4738,-11.2019,1,Forehand swing,1,0.1215,LowPickup,-15.7683,10.4925,1.9235,0.608,-12.1421,0,1,1,Ready,0,9,18.5948,11.1957,0,0,Perfect,,1.4526,-12.5477,0,11.2,1,0.0007,0.0398,0.8062,0,0
1471,Rally,Ultimate,0,-0.005,44,-0.0474,0.685,-9.0499,2.1521,0.4738,-11.2019,1,Forehand swing,1,0.1215,LowPickup,-15.7683,10.4865,1.9239,0.6077,-12.1426,0,1,1,Ready,0,9,18.5948,11.1957,0,0,Perfect,,1.4526,-12.5477,0,11.2,0,0.0007,0.0398,0.8062,0,0
1472,Rally,Ultimate,0,-0.005,44,-0.0474,0.685,-9.0526,2.1521,0.4738,-11.2019,1,Forehand swing,1,0.1215,LowPickup,-15.7683,10.4797,1.9244,0.6072,-12.1433,0,1,1,Ready,0,9,18.5948,11.1957,0,0,Perfect,,1.4526,-12.5477,0,11.2,0,0.0007,0.0398,0.8062,0,0
1473,Rally,Ultimate,0,-0.005,44,-0.0474,0.685,-9.0564,2.1521,0.4738,-11.2019,1,Forehand swing,1,0.1215,LowPickup,-15.7683,10.4723,1.9249,0.6067,-12.1441,0,1,1,Ready,0,9,18.5948,11.1957,0,0,Perfect,,1.4526,-12.5477,0,11.2,0,0.0007,0.0398,0.8062,0,0
1474,Rally,Ultimate,0,-0.005,44,-0.0474,0.685,-9.0611,2.1521,0.4738,-11.2019,1,Forehand swing,1,0.1215,LowPickup,-15.7683,10.4646,1.9254,0.6062,-12.1449,0,1,1,Ready,0,9,18.5948,11.1957,0,0,Perfect,,1.4526,-12.5477,0,11.2,0,0.0007,0.0398,0.8062,0,0
1475,Rally,Ultimate,0,-0.005,44,-0.0474,0.685,-9.0668,2.1521,0.4738,-11.2019,1,Forehand swing,1,0.1215,LowPickup,-15.7683,10.4567,1.926,0.6056,-12.1459,0,1,1,Ready,0,9,18.5948,11.1957,0,0,Perfect,,1.4526,-12.5477,0,11.2,0,0.0007,0.0398,0.8062,0,0
1476,Rally,Ultimate,0,-0.005,44,-0.0474,0.685,-9.0733,2.1521,0.4738,-11.2019,1,Forehand swing,1,0.1215,LowPickup,-15.7683,10.449,1.9265,0.605,-12.1468,0,1,1,Ready,0,9,18.5948,11.1957,0,0,Perfect,,1.4526,-12.5477,0,11.2,0,0.0007,0.0398,0.8062,0,0
1477,Rally,Ultimate,0,-0.005,44,-0.0474,0.685,-9.0807,2.1521,0.4738,-11.2019,1,Forehand swing,1,0.1215,LowPickup,-15.7683,10.4421,1.9271,0.6044,-12.1477,0,1,1,Ready,0,9,18.5948,11.1957,0,0,Perfect,,1.4526,-12.5477,0,11.2,0,0.0007,0.0398,0.8062,0,0
1478,Rally,Ultimate,0,-0.005,44,-0.0474,0.685,-9.0889,2.1521,0.4738,-11.2019,1,Forehand swing,1,0.1215,LowPickup,-15.7683,10.436,1.9276,0.6039,-12.1486,0,1,1,Ready,0,9,18.5948,11.1957,0,0,Perfect,,1.4526,-12.5477,0,11.2,0,0.0007,0.0398,0.8062,0,0
1479,Rally,Ultimate,0,-0.005,44,-0.0474,0.685,-9.0978,2.1521,0.4738,-11.2019,1,Forehand swing,1,0.1215,LowPickup,-15.7683,10.4311,1.928,0.6034,-12.1493,0,1,1,Ready,0,9,18.5948,11.1957,0,0,Perfect,,1.4526,-12.5477,0,11.2,0,0.0007,0.0398,0.8062,0,0
1480,Rally,Ultimate,0,-0.005,44,-0.0474,0.685,-9.1074,2.1521,0.4738,-11.2019,1,Forehand swing,1,0.1215,LowPickup,-15.7683,10.4277,1.9282,0.6031,-12.1498,0,1,1,Ready,0,9,18.5948,11.1957,0,0,Perfect,,1.4526,-12.5477,0,11.2,0,0.0007,0.0398,0.8062,0,0
1481,Rally,Ultimate,0,-0.005,44,-0.0474,0.685,-9.1177,2.1521,0.4738,-11.2019,1,Forehand swing,1,0.1215,LowPickup,-15.7683,10.4251,1.9284,0.6028,-12.1502,0,1,1,Ready,0,9,18.5948,11.1957,0,0,Perfect,,1.4526,-12.5477,0,11.2,0,0.0007,0.0398,0.8062,0,0
1482,Rally,Ultimate,0,-0.005,44,-0.0474,0.685,-9.1286,2.1521,0.4738,-11.2019,1,Forehand swing,1,0.1215,LowPickup,-15.7683,10.4234,1.9285,0.6027,-12.1505,0,1,1,Ready,0,9,18.5948,11.1957,0,0,Perfect,,1.4526,-12.5477,0,11.2,0,0.0007,0.0398,0.8062,0,0
1483,Rally,Ultimate,0,-0.005,44,-0.0474,0.685,-9.14,2.1521,0.4738,-11.2019,1,Forehand swing,1,0.1215,LowPickup,-15.7683,10.4225,1.9285,0.6026,-12.1506,0,1,1,Ready,0,9,18.5948,11.1957,0,0,Perfect,,1.4526,-12.5477,0,11.2,0,0.0007,0.0398,0.8062,0,0
1484,Rally,Ultimate,0,-0.005,44,-0.0474,0.685,-9.152,2.1521,0.4738,-11.2019,1,Forehand swing,1,0.1215,LowPickup,-15.7683,10.4224,1.9284,0.6026,-12.1506,0,1,1,Ready,0,9,18.5948,11.1957,0,0,Perfect,,1.4526,-12.5477,0,11.2,0,0.0007,0.0398,0.8062,0,0
1485,Rally,Ultimate,0,-0.005,44,-0.0474,0.685,-9.1644,2.1521,0.4738,-11.2019,1,Forehand swing,1,0.1215,LowPickup,-15.7683,10.4232,1.9283,0.6026,-12.1505,0,1,1,Ready,0,9,18.5948,11.1957,0,0,Perfect,,1.4526,-12.5477,0,11.2,0,0.0007,0.0398,0.8062,0,0
1486,Rally,Ultimate,0,-0.005,44,-0.0474,0.685,-9.1773,2.1521,0.4738,-11.2019,1,Forehand swing,1,0.1215,LowPickup,-15.7683,10.4248,1.9281,0.6028,-12.1502,0,1,1,Ready,0,9,18.5948,11.1957,0,0,Perfect,,1.4526,-12.5477,0,11.2,0,0.0007,0.0398,0.8062,0,0
1487,Rally,Ultimate,0,-0.005,44,-0.0474,0.685,-9.1905,2.1521,0.4738,-11.2019,1,Forehand swing,1,0.1215,LowPickup,-15.7683,10.4273,1.9277,0.603,-12.1497,0,1,1,Ready,0,9,18.5948,11.1957,0,0,Perfect,,1.4526,-12.5477,0,11.2,0,0.0007,0.0398,0.8062,0,0
1488,Rally,Ultimate,0,-0.005,44,-0.0474,0.685,-9.2041,2.1521,0.4738,-11.2019,1,Forehand swing,1,0.1215,LowPickup,-15.7683,10.4305,1.9274,0.6034,-12.1492,0,1,1,Ready,0,9,18.5948,11.1957,0,0,Perfect,,1.4526,-12.5477,0,11.2,0,0.0007,0.0398,0.8062,0,0
1489,Rally,Ultimate,0,-0.005,44,-0.0474,0.685,-9.218,2.1521,0.4738,-11.2019,1,Forehand swing,1,0.1215,LowPickup,-15.7683,10.4346,1.9269,0.6037,-12.1486,0,1,1,Ready,0,9,18.5948,11.1957,0,0,Perfect,,1.4526,-12.5477,0,11.2,0,0.0007,0.0398,0.8062,0,0
1490,Rally,Ultimate,0,-0.005,44,-0.0474,0.685,-9.2322,2.1521,0.4738,-11.2019,1,Forehand swing,1,0.1215,LowPickup,-15.7683,10.44,1.9264,0.6042,-12.1478,0,1,1,Ready,0,9,18.5948,11.1957,0,0,Perfect,,1.4526,-12.5477,0,11.2,0,0.0007,0.0398,0.8062,0,0
1491,Rally,Ultimate,0,-0.005,44,-0.0474,0.685,-9.2465,2.1521,0.4738,-11.2019,1,Forehand swing,1,0.1215,LowPickup,-15.7683,10.4463,1.9259,0.6047,-12.147,0,1,1,Ready,0,9,18.5948,11.1957,0,0,Perfect,,1.4526,-12.5477,0,11.2,0,0.0007,0.0398,0.8062,0,0
1492,Rally,Ultimate,0,-0.005,44,-0.0474,0.685,-9.261,2.1521,0.4738,-11.2019,1,Forehand swing,1,0.1215,LowPickup,-15.7683,10.4531,1.9253,0.6053,-12.1461,0,1,1,Ready,0,9,18.5948,11.1957,0,0,Perfect,,1.4526,-12.5477,0,11.2,0,0.0007,0.0398,0.8062,0,0
1493,Rally,Ultimate,0,-0.005,44,-0.0474,0.685,-9.2756,2.1521,0.4738,-11.2019,1,Forehand swing,1,0.1215,LowPickup,-15.7683,10.4604,1.9248,0.6058,-12.1452,0,1,1,Ready,0,9,18.5948,11.1957,0,0,Perfect,,1.4526,-12.5477,0,11.2,0,0.0007,0.0398,0.8062,0,0
1494,Rally,Ultimate,0,-0.005,44,-0.0474,0.685,-9.2903,2.1521,0.4738,-11.2019,1,Forehand swing,1,0.1215,LowPickup,-15.7683,10.4449,1.9263,0.6046,-12.1472,0,1,1,Ready,0,9,18.5948,11.1957,0,0,Perfect,,1.4526,-12.5477,0,11.2,0,0.0007,0.0398,0.8062,0,0
1495,Rally,Ultimate,0,-0.005,44,-0.0474,0.685,-9.305,2.1521,0.4738,-11.2019,1,Forehand swing,1,0.1215,LowPickup,-15.7683,10.4884,1.924,0.6063,-12.1416,0,1,1,Ready,0,9,18.5948,11.1957,0,0,Perfect,,1.4526,-12.5477,0,11.2,0,0.0007,0.0398,0.8062,0,0
1496,Rally,Ultimate,0,-0.005,44,-0.0474,0.685,-9.3197,2.1521,0.4738,-11.2019,1,Forehand swing,1,0.1215,LowPickup,-15.7683,10.4977,1.923,0.6074,-12.141,0,1,1,Ready,0,9,18.5948,11.1957,0,0,Perfect,,1.4526,-12.5477,0,11.2,0,0.0007,0.0398,0.8062,0,0
1497,Rally,Ultimate,0,-0.005,44,-0.0474,0.685,-9.3343,2.1521,0.4738,-11.2019,1,Forehand swing,1,0.1215,LowPickup,-15.7683,10.5005,1.9224,0.6084,-12.1411,0,1,1,Ready,0,9,18.5948,11.1957,0,0,Perfect,,1.4526,-12.5477,0,11.2,0,0.0007,0.0398,0.8062,0,0
1498,Rally,Ultimate,0,-0.005,44,-0.0474,0.685,-9.3488,2.1521,0.4738,-11.2019,1,Forehand swing,1,0.1215,LowPickup,-15.7683,10.4313,1.926,0.6061,-12.1504,0,1,1,Ready,0,9,18.5948,11.1957,0,0,Perfect,,1.4526,-12.5477,0,11.2,0,0.0007,0.0398,0.8062,0,0
1499,Rally,Ultimate,0,-0.005,44,-0.0474,0.685,-9.3631,2.1521,0.4738,-11.2019,1,Forehand swing,1,0.1215,LowPickup,-15.7683,10.4231,1.9272,0.6051,-12.1516,0,1,1,Ready,0,9,18.5948,11.1957,0,0,Perfect,,1.4526,-12.5477,0,11.2,0,0.0007,0.0398,0.8062,0,0
1500,Rally,Ultimate,0,-0.005,44,-0.0474,0.685,-9.3773,2.1521,0.4738,-11.2019,1,Forehand swing,1,0.1215,LowPickup,-15.7683,10.4228,1.9279,0.6042,-12.1513,0,1,1,Ready,0,9,18.5948,11.1957,0,0,Perfect,,1.4526,-12.5477,0,11.2,0,0.0007,0.0398,0.8062,0,0
1501,Rally,Ultimate,0,-0.005,44,-0.0474,0.685,-9.3912,2.1521,0.4738,-11.2019,1,Forehand swing,1,0.1215,LowPickup,-15.7683,10.4266,1.9283,0.6034,-12.1502,0,1,1,Ready,0,9,18.5948,11.1957,0,0,Perfect,,1.4526,-12.5477,0,11.2,0,0.0007,0.0398,0.8062,0,0
1502,Rally,Ultimate,0,-0.005,44,-0.0474,0.685,-9.4048,2.1521,0.4738,-11.2019,1,Forehand swing,1,0.1215,LowPickup,-15.7683,10.4344,1.9276,0.6037,-12.1487,0,1,1,Ready,0,9,18.5948,11.1957,0,0,Perfect,,1.4526,-12.5477,0,11.2,0,0.0007,0.0398,0.8062,0,0
1503,Rally,Ultimate,0,-0.005,44,-0.0474,0.685,-9.418,2.1521,0.4738,-11.2019,1,Forehand swing,1,0.1215,LowPickup,-15.7683,10.4456,1.9263,0.6047,-12.1471,0,1,1,Ready,0,9,18.5948,11.1957,0,0,Perfect,,1.4526,-12.5477,0,11.2,0,0.0007,0.0398,0.8062,0,0
1504,Rally,Ultimate,0,-0.005,44,-0.0474,0.685,-9.4309,2.1521,0.4738,-11.2019,1,Forehand swing,1,0.1215,LowPickup,-15.7683,10.4601,1.9249,0.6058,-12.1453,0,1,1,Ready,0,9,18.5948,11.1957,0,0,Perfect,,1.4526,-12.5477,0,11.2,0,0.0007,0.0398,0.8062,0,0
1505,Rally,Ultimate,0,-0.005,44,-0.0474,0.685,-9.4433,2.1521,0.4738,-11.2019,1,Forehand swing,1,0.1215,LowPickup,-15.7683,10.4721,1.924,0.6067,-12.1439,0,1,1,Ready,0,9,18.5948,11.1957,0,0,Perfect,,1.4526,-12.5477,0,11.2,0,0.0007,0.0398,0.8062,0,0
1506,Rally,Ultimate,0,-0.005,44,-0.0474,0.685,-9.4553,2.1521,0.4738,-11.2019,1,Forehand swing,1,0.1215,LowPickup,-15.7683,10.4827,1.9233,0.6074,-12.1428,0,1,1,Ready,0,9,18.5948,11.1957,0,0,Perfect,,1.4526,-12.5477,0,11.2,0,0.0007,0.0398,0.8062,0,0
1507,Rally,Ultimate,0,-0.005,44,-0.0474,0.685,-9.4668,2.1521,0.4738,-11.2019,1,Forehand swing,1,0.1215,LowPickup,-15.7683,10.4927,1.9228,0.608,-12.1419,0,1,1,Ready,0,9,18.5948,11.1957,0,0,Perfect,,1.4526,-12.5477,0,11.2,0,0.0007,0.0398,0.8062,0,0
1508,Rally,Ultimate,0,-0.005,44,-0.0474,0.685,-9.4776,2.1521,0.4738,-11.2019,1,Forehand swing,1,0.1215,LowPickup,-15.7683,10.4995,1.9225,0.6085,-12.1413,0,1,1,Ready,0,9,18.5948,11.1957,0,0,Perfect,,1.4526,-12.5477,0,11.2,0,0.0007,0.0398,0.8062,0,0
1509,Rally,Ultimate,0,-0.005,44,-0.0474,0.685,-9.4879,2.1521,0.4738,-11.2019,1,Forehand swing,1,0.1215,LowPickup,-15.7683,10.5016,1.9225,0.6086,-12.1411,0,1,1,Ready,0,9,18.5948,11.1957,0,0,Perfect,,1.4526,-12.5477,0,11.2,0,0.0007,0.0398,0.8062,0,0
1510,Rally,Ultimate,0,-0.005,44,-0.0474,0.685,-9.4975,2.1521,0.4738,-11.2019,1,Forehand swing,1,0.1215,LowPickup,-15.7683,10.5004,1.9227,0.6085,-12.1413,0,1,1,Ready,0,9,18.5948,11.1957,0,0,Perfect,,1.4526,-12.5477,0,11.2,0,0.0007,0.0398,0.8062,0,0
1511,Rally,Ultimate,0,-0.005,44,-0.0474,0.685,-9.5064,2.1521,0.4738,-11.2019,1,Forehand swing,1,0.1215,LowPickup,-15.7683,10.4952,1.9231,0.6082,-12.1418,0,1,1,Ready,0,9,18.5948,11.1957,0,0,Perfect,,1.4526,-12.5477,0,11.2,0,0.0007,0.0398,0.8062,0,0
1512,Rally,Ultimate,0,-0.005,44,-0.0474,0.685,-9.5146,2.1521,0.4738,-11.2019,1,Forehand swing,1,0.1215,LowPickup,-15.7683,10.4893,1.9236,0.6078,-12.1423,0,1,1,Ready,0,9,18.5948,11.1957,0,0,Perfect,,1.4526,-12.5477,0,11.2,0,0.0007,0.0398,0.8062,0,0
1513,Rally,Ultimate,0,-0.005,44,-0.0474,0.685,-9.522,2.1521,0.4738,-11.2019,1,Forehand swing,1,0.1215,LowPickup,-15.7683,10.4819,1.9242,0.6074,-12.1431,0,1,1,Ready,0,9,18.5948,11.1957,0,0,Perfect,,1.4526,-12.5477,0,11.2,0,0.0007,0.0398,0.8062,0,0
1514,Rally,Ultimate,0,-0.005,44,-0.0474,0.685,-9.5285,2.1521,0.4738,-11.2019,1,Forehand swing,1,0.1215,LowPickup,-15.7683,10.4733,1.9248,0.6068,-12.144,0,1,1,Ready,0,9,18.5948,11.1957,0,0,Perfect,,1.4526,-12.5477,0,11.2,0,0.0007,0.0398,0.8062,0,0
1515,Rally,Ultimate,0,-0.005,44,-0.0474,0.685,-9.5342,2.1521,0.4738,-11.2019,1,Forehand swing,1,0.1215,LowPickup,-15.7683,10.463,1.9255,0.606,-12.1451,0,1,1,Ready,0,9,18.5948,11.1957,0,0,Perfect,,1.4526,-12.5477,0,11.2,0,0.0007,0.0398,0.8062,0,0
1516,Rally,Ultimate,0,-0.005,44,-0.0474,0.685,-9.5389,2.1521,0.4738,-11.2019,1,Forehand swing,1,0.1215,LowPickup,-15.7683,10.4517,1.9264,0.6052,-12.1465,0,1,1,Ready,0,9,18.5948,11.1957,0,0,Perfect,,1.4526,-12.5477,0,11.2,0,0.0007,0.0398,0.8062,0,0
1517,Rally,Ultimate,0,-0.005,44,-0.0474,0.685,-9.5427,2.1521,0.4738,-11.2019,1,Forehand swing,1,0.1215,LowPickup,-15.7683,10.4396,1.9274,0.6042,-12.1481,0,1,1,Ready,0,9,18.5948,11.1957,0,0,Perfect,,1.4526,-12.5477,0,11.2,0,0.0007,0.0398,0.8062,0,0
1518,Rally,Ultimate,0,-0.005,44,-0.0474,0.685,-9.5454,2.1521,0.4738,-11.2019,1,Forehand swing,1,0.1215,LowPickup,-15.7683,10.4287,1.9285,0.6032,-12.1497,0,1,1,Ready,0,9,18.5948,11.1957,0,0,Perfect,,1.4526,-12.5477,0,11.2,0,0.0007,0.0398,0.8062,0,0
1519,Rally,Ultimate,0,-0.005,44,-0.0474,0.685,-9.5471,2.1521,0.4738,-11.2019,1,Forehand swing,1,0.1215,LowPickup,-15.7683,10.4236,1.9289,0.6027,-12.1505,0,1,1,Ready,0,9,18.5948,11.1957,0,0,Perfect,,1.4526,-12.5477,0,11.2,0,0.0007,0.0398,0.8062,0,0
1520,Rally,None,1,-0.005,53.6699,0.7989,3.5,-16.9477,2.1521,0.4738,-11.2019,1,Forehand swing,1,0.1215,LowPickup,-15.7683,10.4224,1.9288,0.6025,-12.1507,0,1,1,Ready,0,9,18.5948,11.1957,0,0,Perfect,,1.4526,-12.5477,0,11.2,9.6699,0.0007,0.0398,0.8062,0,0
1521,Rally,None,1,-0.005,53.6608,0.7963,3.4949,-16.9487,2.1339,0.5214,-11.4863,1,Forehand swing,1,0.0868,LowPickup,-24.5828,6.683,1.9681,0.5574,-12.0704,0,1,1,Ready,0,9,18.5948,11.1957,0,0,Perfect,,1.4526,-12.5477,0,11.2,-0.0091,0.0006,0.0314,0,0,0
1522,Rally,None,1,-0.005,53.6439,0.7943,3.4908,-16.9495,2.1158,0.5664,-11.7707,1,Forehand swing,1,0.0521,LowPickup,-27.3044,-7.974,1.8472,0.752,-11.9498,6.9254,1,1,Ready,0,9,18.4979,11.1758,0.0062,0,Perfect,,1.4526,-12.5477,0,11.2,-0.017,0.0005,0.0213,0,0,0
1523,Rally,None,1,-0.005,53.6251,0.7925,3.4874,-16.9502,2.0886,0.6289,-12.1972,1,Forehand swing,1,0,LowPickup,-41.6091,-56.8472,1.719,0.8568,-12.2171,0.6303,1,1,Ready,0,9,18.3722,11.0898,0.0057,0,Perfect,,1.4526,-12.5477,0,11.2,-0.0188,0.0004,0.0141,0,0,0
1524,Rally,None,1,0.045,53.7002,0.7876,3.4675,-16.9541,2.0276,0.7126,-11.7939,1,Forehand follow,1,-0.0083,LowPickup,-29.2533,-33.6338,1.7141,0.8468,-12.2394,1.93,1,1,Ready,0,9,18.246,10.9664,0.0121,0.9417,Great,P:Great;,1.4526,-12.5477,0,11.2,0.0751,0.0002,0.009,0,0,0
1525,Rally,None,1,0.0283,53.787,0.7701,3.4663,-16.9547,2.0276,0.7126,-11.7939,1,Forehand follow,1,-0.0083,LowPickup,-26.8232,-26.6119,1.7142,0.8463,-12.2397,0,1,1,Ready,0,9,18.1502,10.8225,0.0152,0.8833,Great,,1.4526,-12.5477,0,11.2,0.0869,0.0002,0.009,0,0,0
1526,Rally,None,1,0.0117,53.8841,0.7696,3.4594,-16.956,2.0276,0.7126,-11.7939,1,Forehand follow,1,-0.0083,LowPickup,-26.8232,-26.6119,1.7142,0.8463,-12.2396,0,1,1,Ready,0,9,18.11,10.6733,0.0201,0.825,Great,,1.4526,-12.5477,0,11.2,0.0971,0.0001,0.0055,0,0,0
1527,Rally,None,1,-0.005,53.99,0.751,3.4283,-16.9622,2.0276,0.7126,-11.7939,1,Forehand follow,1,-0.0083,LowPickup,-26.8232,-26.6119,1.7142,0.8463,-12.2396,0,1,1,Ready,0,9,18.1664,10.5567,0.0133,0.7667,Great,,1.4526,-12.5477,0,11.2,0.1059,0.0001,0.0043,0,0,0
1528,Rally,None,1,-0.005,54.1037,0.7473,3.4258,-16.9624,1.9677,0.7936,-11.5105,1,Forehand follow,1,-0.025,LowPickup,-35.2813,-40.3161,1.6975,0.8861,-12.287,0,1,1,Ready,0,9,18.4075,10.5269,0.0132,0.7083,Great,,1.451,-12.5462,0,11.2,0.1137,0.001,0.7177,0,0,0
1529,Rally,None,1,-0.005,54.2241,0.744,3.4279,-16.9615,1.9089,0.8718,-11.2272,1,Forehand follow,1,-0.0417,LowPickup,-38.1309,-40.904,1.7975,0.6818,-12.4692,0,1,1,Ready,0,9,18.7066,10.5283,0.0196,0.65,Great,,1.4475,-12.5429,0,11.2,0.1204,0.0034,1.2807,0,0,0
1530,Rally,None,1,-0.005,54.3503,0.7334,3.4066,-16.9639,1.8228,0.9841,-10.8022,1,Forehand follow,1,-0.0667,LowPickup,-41.6063,-49.4396,1.7723,0.7323,-12.282,0,1,1,Ready,0,9,18.9662,10.5228,0.0093,0.5917,Great,,1.4383,-12.5344,0,11.2,0.1262,0.0075,2.082,0,0,0
1531,Rally,None,1,-0.005,54.4815,0.7325,3.4033,-16.962,1.7668,1.0555,-10.5189,1,Forehand follow,1,-0.0833,LowPickup,-40.5252,-55.5295,1.7296,0.8211,-12.1668,5.9022,1,1,Ready,0,9,19.2033,10.5321,0.0074,0.5333,Great,,1.4297,-12.5264,0,11.2,0.1313,0.0127,3.0831,1.687,0,0
1532,Rally,None,1,-0.005,54.6172,0.7255,3.4096,-16.9567,1.6849,1.1576,-10.0939,1,Forehand follow,1,-0.1083,LowPickup,-44.4468,-65.8377,1.602,1.0088,-12.047,5.4851,1,1,Ready,0,9,19.3898,10.5576,0.0166,0.475,Great,,1.4129,-12.5108,0,11.2,0.1357,0.0188,4.7377,5.3009,0,0
1533,Rally,None,1,-0.005,54.7567,0.7267,3.3973,-16.9536,1.6316,1.2222,-9.8105,1,Forehand follow,1,-0.125,LowPickup,-41.1843,-69.637,1.5083,1.0814,-12.0283,0.6445,1,1,Ready,0,9,19.5647,10.6259,0.018,0.4167,Great,,1.3991,-12.4981,0,11.2,0.1395,0.0249,5.8236,11.3554,0,0
1534,Rally,None,1,-0.005,54.8995,0.7214,3.3935,-16.9477,1.5795,1.2841,-9.5272,1,Forehand follow,1,-0.1417,LowPickup,-38.7323,-72.984,1.4089,1.0886,-12.0313,0.4901,1,1,Ready,0,9,19.7556,10.763,0.0116,0.3583,Great,,1.3833,-12.4834,0,11.2,0.1428,0.0303,6.8849,14.6006,0,0
1535,Rally,None,1,-0.005,55.0433,0.7212,3.3954,-16.9382,1.5034,1.3719,-9.1022,1,Forehand follow,1,-0.1667,LowPickup,-35.9957,-77.2573,1.3182,1.1373,-11.9015,0.3249,1,1,Ready,0,9,19.9635,10.9562,0.0099,0.3,Great,,1.3558,-12.4579,0,11.2,0.1438,0.0351,7.8098,14.8198,0,0
1536,Rally,None,1,-0.005,55.1683,0.7153,3.393,-16.9283,1.454,1.4269,-8.8189,1,Forehand follow,1,-0.1833,LowPickup,-30.9779,-78.2745,1.289,1.091,-11.8163,0,1,1,Ready,0,9,20.2062,11.1992,0.0098,0.2417,Great,,1.335,-12.4386,0,11.2,0.125,0.0389,7.7441,12.2458,0,0
1537,Rally,None,1,-0.005,55.2769,0.7079,3.3899,-16.9155,1.3821,1.5045,-8.3939,1,Forehand follow,1,-0.2083,LowPickup,-28.0672,-81.773,1.1893,0.89,-12.0519,8.5316,1,1,Ready,0,9,20.4593,11.4795,0.0096,0.1833,Great,,1.2998,-12.406,0,11.2,0.1087,0.0419,8.4869,11.0717,0,0
1538,Rally,None,1,-0.005,55.3714,0.7024,3.3935,-16.9001,1.3355,1.5527,-8.1106,1,Forehand follow,1,-0.225,LowPickup,-23.6321,-82.9926,1.1777,0.8257,-12.0473,0.8576,1,1,Ready,0,9,20.7492,11.8121,0.0057,0.125,Great,,1.2739,-12.3819,0,11.2,0.0945,0.044,8.2778,6.6135,0,0
1539,Rally,None,1,-0.005,55.4535,0.6927,3.3921,-16.8842,1.2901,1.5983,-7.8272,1,Forehand follow,1,-0.2417,LowPickup,-19.7641,-84.7907,1.0518,1.1833,-12.0426,6.2824,1,1,Ready,0,9,20.9425,12.1012,0.008,0.0667,Great,,1.2459,-12.3559,0,11.2,0.0821,0.0449,8.113,4.3401,0,0
1540,Rally,None,1,-0.005,55.5249,0.6826,3.3913,-16.8647,1.224,1.6615,-7.4022,1,Forehand follow,1,-0.2667,LowPickup,-15.802,-86.5031,0.9915,1.1793,-12.0327,0.4819,1,1,Ready,0,9,20.9203,12.2656,0.0117,0.0083,Great,,1.2001,-12.3134,-0.1201,11.2,0.0714,0.0454,8.5,5.1376,0,0
1541,Rally,None,1,-0.005,55.587,0.6711,3.3912,-16.8436,1.1813,1.7002,-7.1189,1,Forehand follow,0,9,LowPickup,-12.3545,-83.566,0.9452,1.1641,-12.0277,1.9056,1,1,Run,0,9,24.1223,16.1365,0.4905,0,Great,,1.167,-12.2827,-0.2002,11.2,0.0621,0.0454,8.5,5.1376,0,0
1542,Rally,None,1,-0.005,55.6409,0.6574,3.3912,-16.8188,1.1193,1.7532,-6.6939,1,Run,0,9,LowPickup,-10.7626,-38.0437,0.9004,0.813,-11.8319,0,0.9555,0.8333,Run,0,9,30.0055,23.0423,1.0389,0,Great,,1.1135,-12.2331,-0.3203,11.2,0.054,0.0454,8.5,18.4102,0,0
1543,Rally,None,1,-0.005,55.6878,0.6429,3.3913,-16.7926,1.0794,1.7852,-6.4105,1,Run,0,9,LowPickup,-9.7428,-22.9514,0.9755,0.7319,-11.8024,0,0.856,0.6667,Run,0,9,35.4958,29.9276,0,0,Great,,1.0753,-12.1977,-0.4004,11.2,0.0469,0.0453,8.5,6.7928,0,0
1544,Rally,None,1,-0.005,55.7286,0.6275,3.3914,-16.7649,1.0406,1.8144,-6.1272,1,Run,0,9,LowPickup,-9.1834,-19.5195,1.0005,0.6871,-11.7816,0.8419,0.7361,0.5,Run,0,9,39.5889,35.7994,0,0,Great,,1.0351,-12.1604,-0.3496,11.2,0.0408,0.045,8.5,5.1994,0,0
1545,Rally,None,1,-0.005,55.7641,0.6097,3.3917,-16.733,0.9845,1.8531,-5.7022,1,Run,0,9,LowPickup,-8.9918,-17.0325,1.0244,0.6799,-11.7355,1.281,0.6155,0.3333,Run,0,9,32.4047,30.4666,0,0,Great,,0.971,-12.1009,-0.2665,11.2,0.0355,0.0443,8.4865,3.4843,0,0
1546,Rally,None,1,-0.005,55.7949,0.5911,3.392,-16.6998,0.9485,1.8754,-5.4189,1,Run,0,9,LowPickup,-9.1621,-15.2875,1.0469,0.7025,-11.7026,0.6239,0.5041,0.1667,Run,0,9,14.917,14.1406,0,0,Great,,0.9257,-12.0588,-0.2124,11.2,0.0308,0.0438,8.5,1.9792,0.0003,0.8104
1547,Rally,None,1,-0.005,55.8217,0.5699,3.3923,-16.6621,0.8966,1.9039,-4.9939,1,Run,0,9,LowPickup,-9.5744,-14.2196,1.0898,0.7312,-11.6525,0.2954,0.4064,0,Run,0,9,-3.1328,-3.5622,0,0,Great,,0.8539,-11.9922,-0.1329,11.2,0.0268,0.0432,8.5,1.0928,0.001,1.1789
1548,Rally,None,1,-0.005,55.845,0.5479,3.3928,-16.6233,0.8633,1.9195,-4.7105,1,Run,0,9,LowPickup,-10.2379,-13.7209,1.036,0.7336,-11.6005,0.3409,0.3236,0,Run,0,9,-17.625,-18.4765,5.5298,0,Great,,0.8035,-11.9455,-0.081,11.2,0.0233,0.0428,8.5,1.2437,0.0022,1.7395
1549,Rally,None,1,-0.005,55.8652,0.5254,3.3932,-16.5833,0.8312,1.9323,-4.4272,1,Run,0,9,LowPickup,-11.2189,-13.5846,0.988,0.7363,-11.5491,0,0.2551,0,Run,0,9,-27.8961,-29.377,1.5832,0,Great,,0.7522,-11.8978,-0.0302,11.2,0.0203,0.0423,8.5,1.5815,0.0037,1.9113
1550,Rally,None,1,-0.005,55.8828,0.5003,3.3938,-16.5392,0.7851,1.9465,-4.0022,1,Run,0,9,LowPickup,-12.5089,-14.0503,0.9056,0.7395,-11.4613,0,0.1995,0,Run,0,9,-34.7277,-36.9335,0.5235,0,Great,,0.6752,-11.8264,0.0444,11.2,0.0176,0.0407,7.3288,1.6587,0.0053,2.0467
1551,Rally,None,1,-0.005,55.8982,0.4751,3.3943,-16.4946,0.7557,1.9525,-3.7189,1,Run,0,9,LowPickup,-13.9175,-14.7816,0.8436,0.7386,-11.3931,0,0.1549,0,Run,0,9,-39.1702,-42.1107,0.1568,0,Great,,0.6239,-11.7788,0.0929,11.2,0.0153,0.0377,5.776,1.5224,0.0071,2.4235
1552,Rally,None,1,-0.005,55.9115,0.4477,3.3949,-16.4464,0.7138,1.9565,-3.2939,1,Run,0,9,LowPickup,-15.4092,-15.4532,0.7542,0.7467,-11.2977,0,0.1195,0,Run,0,9,-42.0612,-45.4865,0.3543,0,Great,,0.5469,-11.7074,0.1638,11.2,0.0133,0.0332,4.5522,1.2429,0.0088,2.4503
1553,Rally,None,1,-0.005,55.923,0.4204,3.3955,-16.3983,0.6872,1.9557,-3.0105,1,Run,0,9,LowPickup,-16.9863,-16.0071,0.6882,0.7536,-11.2236,5.1559,0.0918,0,Run,0,9,-44.0236,-47.7534,0.7114,0,Great,,0.4956,-11.6598,0.21,11.2,0.0116,0.0277,3.5877,0.9398,0.0104,2.7415
1554,Rally,None,1,-0.005,55.9331,0.3931,3.3962,-16.3503,0.6618,1.9522,-2.7272,1,Run,0,9,LowPickup,-18.4197,-16.5338,0.6229,0.7944,-11.1525,0.1965,0.0702,0,Run,0,9,-45.4068,-49.1367,0.6294,0,Great,,0.4443,-11.6122,0.2552,11.2,0.0101,0.0217,2.8276,0.7751,0.0118,2.7009
1555,Rally,None,1,-0.005,55.9418,0.3643,3.3969,-16.2995,0.6257,1.9419,-2.3022,1,Run,0,9,LowPickup,-19.6762,-17.0239,0.5355,0.8121,-11.0683,0.6292,0.0534,0,Run,0,9,-46.439,-49.9721,1.256,0,Great,,0.3703,-11.5436,0.3212,11.2,0.0087,0.0158,2.2285,0.7323,0.0129,2.6689
1556,Rally,None,1,-0.005,55.9494,0.336,3.3976,-16.2496,0.603,1.9315,-2.0189,1,Run,0,9,LowPickup,-20.7584,-17.8905,0.477,0.8182,-11.0162,0.4574,0.0405,0,Run,0,9,-47.2535,-50.4892,0.4251,0,Great,,0.3235,-11.5002,0.3641,11.2,0.0076,0.0098,0.6018,0.7242,0.0137,2.9139
1557,Rally,None,1,-0.005,55.956,0.3069,3.3984,-16.1982,0.571,1.911,-1.5939,1,Run,0,9,LowPickup,-21.5375,-18.5309,0.4035,0.8245,-10.9517,1.5134,0.0307,0,Run,0,9,-47.984,-50.6893,3.2853,0,Great,,0.2572,-11.4386,0.4266,11.2,0.0066,0.0045,2.0633,0.6307,0.0143,2.8368
1558,Rally,None,1,-0.005,55.9618,0.2787,3.3992,-16.1485,0.5511,1.8938,-1.3105,1,Run,0,9,LowPickup,-22.0099,-19.2681,0.3606,0.8306,-10.9148,9.0057,0.0231,0,Run,0,9,-48.6238,-50.6571,1.9229,0,Great,,0.2155,-11.4,0.467,11.2,0.0057,0.0003,4.0097,0.4328,0.0148,3.0462
1559,Rally,None,1,-0.005,55.9668,0.2515,3.4,-16.1004,0.5323,1.874,-1.0272,1,Run,0,9,LowPickup,-22.265,-19.7923,0.3227,0.8283,-10.8822,1.7792,0.0174,0,Run,0,9,-49.2323,-50.3901,6.5351,0,Great,,0.1759,-11.3632,0.5066,11.2,0.005,-0.0026,4.7492,0.2114,0.0151,2.9411
1560,Rally,None,1,-0.005,55.9711,0.2241,3.4008,-16.0518,0.5062,1.8391,-0.6022,1,Run,0,9,LowPickup,-22.3806,-20.3076,0.2698,0.8266,-10.8376,2.1043,0.0131,0,Run,0,9,-49.8993,-50.1237,0.2477,0,Great,,0.1202,-11.3116,0.5641,11.2,0.0043,-0.0042,5.332,0.1702,0.0152,2.8582
1561,Rally,None,1,-0.005,55.9749,0.1979,3.4017,-16.0054,0.4902,1.8124,-0.3189,1,Run,0,9,LowPickup,-22.3694,-20.9517,0.2372,0.819,-10.8147,2.7274,0.0098,0,Forehand prepare 0.05,0,9,-49.6667,-50.7785,0,0,Great,,0.0857,-11.2795,0.6013,11.2,0.0038,-0.0048,6.5859,0.3581,0.0153,3.0631
1562,Rally,None,1,-0.005,55.9643,0.1719,3.4025,-15.9591,0.4683,1.7673,0.1061,1,Run,0,9,LowPickup,-22.2003,-21.502,0.1927,0.8028,-10.7793,1.5419,0.0073,0,Forehand prepare 0.09,0,9,-47.7625,-49.0545,0,0,Great,,0.0377,-11.235,0.6553,11.2,-0.0106,-0.0042,6.7796,0.5567,0.0152,2.9543
1563,Rally,None,1,-0.005,55.9181,0.1474,3.4034,-15.9153,0.455,1.7339,0.3895,1,Run,0,9,LowPickup,-21.9968,-22.1711,0.1666,0.7901,-10.7603,2.8798,0.0055,0,Forehand prepare 0.15,0,9,-39.1065,-44.2377,0,0,Great,,0.0082,-11.2076,0.6901,11.2,-0.0462,-0.0024,7.7267,0.691,0.0153,3.1388
1564,Rally,None,1,-0.005,55.8409,0.1257,3.4043,-15.8761,0.4429,1.6977,0.6728,1,Run,0,9,LowPickup,-21.7806,-22.7148,0.1615,0.7828,-10.7613,2.2384,0.0041,0,Forehand prepare 0.18,0,9,-33.6208,-40.5126,0,0,Great,,0,-11.2,0.724,11.2,-0.0772,0.0007,7.6787,0.7423,0.0153,3.014
1565,Rally,None,1,-0.005,55.7183,0.107,3.4052,-15.842,0.4268,1.6383,1.0978,1,Ready,0,9,LowPickup,-18.7911,-20.1611,0.1773,0.7779,-10.7899,0,0.003,0,Forehand prepare 0.22,0,9,-30.2753,-38.1318,0.4417,0,Great,,0,-11.2,0.773,11.2,-0.1226,0.0038,6.0518,1.4721,0.0152,2.9156
1566,Rally,None,1,-0.005,55.5746,0.0909,3.4061,-15.8123,0.4175,1.5952,1.3811,1,Ready,0,9,LowPickup,-13.603,-16.1139,0.2036,0.8476,-10.7939,0,0.0023,0,Forehand prepare 0.28,0,9,-30.9453,-37.6269,0.806,0,Great,,0,-11.2,0.8045,11.2,-0.1436,0.0064,4.7696,1.9791,0.0152,3.1084
1567,Rally,None,1,-0.005,55.3943,0.0772,3.407,-15.7864,0.4055,1.5256,1.8061,1,Ready,0,9,LowPickup,-8.5952,-12.6391,0.2377,0.9712,-10.7861,0,0,0,Forehand prepare 0.31,0,9,-32.6623,-38.5357,0.7843,0,Great,,0,-11.2,0.85,11.2,-0.1804,0.0081,3.759,2.0386,0.0152,2.9901
1568,Rally,None,1,-0.005,55.2004,0.0654,3.408,-15.7638,0.3989,1.4758,2.0895,1,Ready,0,9,LowPickup,-4.3965,-9.7018,0.2123,0.8931,-10.8081,0,0,0,Forehand prepare 0.37,0,9,-36.5171,-40.3285,2.0755,0,Great,,0,-11.2,0.8791,11.2,-0.1938,0.0087,2.9626,1.9196,0.0153,3.1669
1569,Rally,None,1,-0.005,54.9949,0.0554,3.4089,-15.7441,0.3935,1.4232,2.3728,1,Ready,0,9,LowPickup,-1.0932,-7.2857,0.1678,0.7913,-10.8666,0.4529,0,0,Forehand prepare 0.41,0,9,-40.3566,-41.6951,7.8236,0,Great,,0,-11.2,0.9073,11.2,-0.2055,0.0086,2.3349,1.623,0.0154,3.0363
1570,Rally,None,1,-0.005,54.7607,0.0469,3.4099,-15.727,0.3874,1.3393,2.7978,1,Ready,0,9,LowPickup,1.3357,-5.2667,0.166,0.7933,-10.8875,1.2786,0,0,Forehand prepare 0.44,0,9,-44.5687,-41.3604,0.5578,0,Great,,0,-11.2,0.9479,11.2,-0.2342,0.0077,1.8402,1.2833,0.0153,2.9332
1571,Rally,None,1,-0.005,54.5201,0.0397,3.4108,-15.712,0.3847,1.2799,3.0811,1,Ready,0,9,LowPickup,3.1023,-3.5329,0.1774,0.8146,-10.8927,2.8408,0,0,Forehand prepare 0.50,0,9,-44.8037,-37.2553,0.1823,0,Great,,0,-11.2,0.9737,11.2,-0.2406,0.0064,1.4503,1.1509,0.0154,3.1223
1572,Rally,None,1,-0.005,54.2554,0.0337,3.4118,-15.6989,0.3828,1.1858,3.5061,1,Ready,0,9,LowPickup,4.3591,-2.0495,0.1849,0.8224,-10.8998,0,0,0,Forehand prepare 0.54,0,9,-40.9568,-32.4622,0.7668,0,Great,,0,-11.2,1.0107,11.2,-0.2647,0.0049,1.143,1.2622,0.0154,3.0009
1573,Rally,None,1,-0.005,53.9882,0.0286,3.4128,-15.6875,0.3828,1.1196,3.7895,1,Ready,0,9,LowPickup,5.248,-0.7451,0.1891,0.8258,-10.9052,0,0,0,Forehand prepare 0.59,0,9,-40.5286,-27.9989,0.4015,0,Great,,0,-11.2,1.0342,11.2,-0.2671,0.0035,0.9009,1.4351,0.0155,3.1756
1574,Rally,None,1,-0.005,53.719,0.0245,3.4138,-15.6776,0.3841,1.0507,4.0728,1,Ready,0,9,LowPickup,5.8668,0.3685,0.1853,0.82,-10.9157,0,0,0,Forehand prepare 0.63,0,9,-44.5504,-23.4874,6.0248,0,Great,,0,-11.2,1.0567,11.2,-0.2693,0.0022,0.71,1.522,0.0155,3.043
1575,Rally,None,1,-0.005,53.4294,0.0211,3.4148,-15.6689,0.3879,0.9422,4.4978,1,Ready,0,9,LowPickup,6.2895,1.3226,0.1705,0.818,-10.9162,0,0,0,Forehand prepare 0.67,0,9,-45.5983,-16.5444,0.3212,0,Great,,0,-11.2,1.0887,11.2,-0.2896,0.0012,0.5596,1.5004,0.0155,2.9385
1576,Rally,None,1,-0.005,53.1406,0.0183,3.4159,-15.6613,0.3919,0.8665,4.7811,1,Ready,0,9,LowPickup,6.5799,2.1076,0.127,0.8402,-10.883,0,0,0,Forehand prepare 0.72,0,9,-36.2252,-6.1638,0.9979,0,Great,,0,-11.2,1.1089,11.2,-0.2888,0.0004,0.441,1.3873,0.0155,3.1263
1577,Rally,None,1,-0.005,52.834,0.0162,3.4169,-15.6547,0.4,0.7479,5.2061,1,Ready,0,9,LowPickup,6.7202,2.7075,0.1188,0.8779,-10.8317,0,0,0,Forehand prepare 0.76,0,9,-26.7208,3.4348,5.2283,0,Great,,0,-11.2,1.1374,11.2,-0.3066,-0.0001,0.3476,1.2395,0.0155,3.0043
1578,Rally,None,1,-0.005,52.5305,0.0145,3.4179,-15.6489,0.4068,0.6653,5.4895,1,Ready,0,9,LowPickup,6.6289,3.0813,0.1412,0.8241,-10.8827,0.4434,0,0,Forehand prepare 0.81,0,9,-23.8887,10.142,0.4,0,Great,,0,-11.2,1.1552,11.2,-0.3035,-0.0004,0.2739,1.1102,0.0155,3.1781
1579,Rally,None,1,-0.005,52.2296,0.0133,3.419,-15.6438,0.4146,0.5801,5.7728,1,Ready,0,9,LowPickup,6.5538,3.3586,0.1932,0.7923,-10.9153,0.1944,0,0,Forehand prepare 0.85,0,9,-22.6108,16.9471,0.3256,0,Great,,0,-11.2,1.1721,11.2,-0.3009,-0.0005,0.2159,0.9811,0.0156,3.0451
1580,Rally,None,1,-0.005,51.9383,0.0125,3.42,-15.6393,0.4285,0.4471,6.1978,1,Ready,0,9,LowPickup,6.5278,3.411,0.2022,0.7871,-10.9159,0.5603,0,0,Forehand prepare 0.89,0,9,-24.1051,22.1283,0.4987,0,Great,,0,-11.2,1.1956,11.2,-0.2913,-0.0005,0.1701,0.8697,0.0155,2.9402
1581,Rally,None,1,-0.005,51.6851,0.012,3.4211,-15.6355,0.4392,0.355,6.4811,1,Ready,0,9,LowPickup,6.5669,3.4467,0.1994,0.7838,-10.9083,0.7264,0,0,Forehand prepare 0.94,0,9,-27.6428,21.6199,0.4586,0,Great,,0,-11.2,1.2101,11.2,-0.2532,-0.0004,0.1341,0.7877,0.0155,3.1276
1582,Rally,None,1,-0.005,51.4649,0.0118,3.4222,-15.6321,0.4572,0.2118,6.9061,1,Ready,0,9,LowPickup,6.634,3.6154,0.1995,0.7737,-10.9048,0.6194,0,0,Forehand prepare 0.98,0,9,-24.3576,22.3469,1.6447,0,Great,,0,-11.2,1.2301,11.2,-0.2201,-0.0002,0.1057,0.6536,0.0155,3.0051
1583,Rally,None,1,-0.005,51.2736,0.0118,3.4232,-15.6291,0.4707,0.113,7.1895,1,Ready,0,9,LowPickup,6.7675,3.8968,0.1985,0.7624,-10.9073,0.4815,0,0,Forehand prepare 1.00,0,9,-19.5868,24.8989,1.5781,0,Great,,0,-11.2,1.2423,11.2,-0.1914,-0.0001,0.0833,0.5054,0.0155,3.1789
1584,Rally,None,1,-0.005,51.1072,0.0121,3.4243,-15.6266,0.4848,0.1378,7.4643,1,Ready,0,9,LowPickup,6.9787,4.3302,0.1976,0.7554,-10.9272,0.3451,0,0,Forehand prepare 1.00,0,9,-13.3549,30.9161,1.1297,0,Great,,0,-11.2,1.288,11.2,-0.1664,0,0.0656,0.3994,0.0155,3.0457
1585,Rally,None,1,-0.005,50.9625,0.0126,3.4254,-15.6243,0.5073,0.247,7.8638,1,Ready,0,9,LowPickup,7.3025,4.9274,0.1965,0.7556,-10.9501,0.2575,0,0,Forehand prepare 1.00,1,0.168,4.2429,45.3976,0.9515,0,Great,,0,-11.2,1.4081,11.2,-0.1446,0.0001,0.0517,0.4353,0.0142,1.8918
1586,Rally,None,1,-0.005,50.8368,0.0132,3.4265,-15.6224,0.5238,0.3163,8.1301,1,Ready,0,9,LowPickup,7.736,5.7325,0.1976,0.7607,-10.9612,0.1006,0,0,Forehand swing,1,0.1527,-9.6806,40.5842,1.5904,0,Great,,0,-11.2,1.4882,11.2,-0.1257,0.0002,0.0408,0.5363,0.0127,1.491
1587,Rally,None,1,-0.005,50.7275,0.014,3.4276,-15.6206,0.5505,0.4153,8.5296,1,Ready,0,9,LowPickup,8.4057,6.6691,0.1942,0.7648,-10.9627,0.1805,0,0,Forehand swing,1,0.1298,-21.808,32.0784,16.0505,0,Great,,0,-11.2,1.6084,11.2,-0.1093,0.0002,0.0321,0.6118,0.0108,1.1751
1588,Rally,None,1,-0.005,50.6324,0.0149,3.4287,-15.6191,0.5698,0.4779,8.796,1,Ready,0,9,LowPickup,9.5165,7.6724,0.1774,0.7686,-10.9483,0.1014,0,0,Forehand swing,1,0.1146,-29.4461,21.1826,0,0,Great,,0,-11.2,1.6748,11.2,-0.095,0.0002,0.0253,0.5476,0.0087,0.9261
1589,Rally,None,1,-0.005,50.5498,0.016,3.4298,-15.6178,0.5901,0.5377,9.0623,1,Ready,0,9,LowPickup,10.806,8.6879,0.1882,0.776,-10.9314,0.2467,0,0,Forehand swing,1,0.0993,-38.9885,6.9393,0,0,Great,,0,-11.2,1.681,11.2,-0.0826,0.0002,0.02,0.49,0.0067,0.6285
1590,Rally,None,1,-0.005,50.478,0.0171,3.4309,-15.6167,0.6227,0.6224,9.4618,1,Ready,0,9,LowPickup,12.1751,9.6952,0.1499,0.7831,-10.9403,0.4785,0,0,Forehand swing,1,0.0764,-46.8556,-13.344,0,0,Great,,0,-11.2,1.6886,11.2,-0.0718,0.0001,0.0157,0.4773,0.0054,1.0008
1591,Rally,None,1,-0.005,50.4155,0.0183,3.4321,-15.6157,0.6458,0.6754,9.7281,1,Ready,0,9,LowPickup,13.3629,10.542,0.1744,0.7905,-10.9425,0.4798,0,0,Forehand swing,1,0.0611,-43.3079,-22.0144,14.5713,0,Great,,0,-11.2,1.6925,11.2,-0.0624,0.0001,0.0124,0.49,0.0048,0.9522
1592,Rally,None,1,-0.005,50.3613,0.0196,3.4332,-15.6148,0.6825,0.7499,10.1276,1,Ready,0,9,LowPickup,14.083,11.1295,0.1552,0.8037,-10.952,0.6005,0,0,Forehand swing,1,0.0382,-41.6213,-39.0484,0.3155,0,Great,,0,-11.2,1.6965,11.2,-0.0543,0.0001,0.0098,0.4228,0.0052,0.9436
1593,Rally,None,1,-0.005,50.3141,0.021,3.4343,-15.614,0.7084,0.7961,10.394,1,Ready,0,9,LowPickup,14.3623,11.3885,0.164,0.8137,-10.9587,0.3576,0,0,Forehand swing,1,0.0229,-34.6502,-38.5321,0.6855,0,Great,,0,-11.2,1.698,11.2,-0.0472,0,0.0077,0.317,0.0062,0.9868
1594,Rally,None,1,-0.005,50.273,0.0224,3.4354,-15.6133,0.7354,0.8396,10.6603,1,Ready,0,9,LowPickup,14.0483,11.1837,0.1653,0.8122,-10.9724,0.3448,0,0,Forehand swing,1,0.0076,-32.9833,-37.3261,0.7023,0,Great,,0,-11.2,1.6985,11.2,-0.041,0,0.0061,0.2317,0.0075,1.0208
1595,Rally,None,1,-0.005,51.0212,0.0239,3.4366,-15.6129,0.8115,0.7974,10.6693,1,Ready,0,9,LowPickup,13.4056,10.648,0.1539,0.8132,-10.9732,0.4731,0,0,Forehand swing,1,0,-30.1701,-30.6619,0,0,Great,R;,0,-11.2,1.7082,11.2,0.7482,0,0.0048,0.2216,0.0087,0.8045
1596,Rally,None,1,-0.005,51.6717,0.0255,3.4377,-15.6125,0.7768,0.8707,10.4052,1,Ready,0,9,LowPickup,12.5848,9.7995,0.1364,0.8396,-10.9273,0,0,0,Forehand swing,1,-0.0167,-36.0779,-39.362,0,0,Great,,0,-11.2,1.6281,11.2,0.6504,0,0.0038,0.1615,0.0092,0.6341
1597,Rally,None,1,-0.005,52.2371,0.027,3.4389,-15.6122,0.742,0.9413,10.1411,1,Ready,0,9,LowPickup,11.7425,8.7701,0.0685,0.8674,-10.9065,1.163,0,0,Forehand follow,1,-0.0333,-37.7991,-36.8053,0,0,Great,,0,-11.2,1.548,11.2,0.5655,0,0.003,0,0.0091,0.4997
1598,Rally,None,1,-0.005,52.7287,0.0286,3.44,-15.6118,0.6899,1.0424,9.7449,1,Ready,0,9,LowPickup,11.0938,7.637,0.0905,0.8562,-10.9144,5.1951,0,0,Forehand follow,1,-0.0583,-38.4118,-39.5348,0,0,Great,,0,-11.2,1.4279,11.2,0.4916,0,0.0023,0.2699,0.0085,0.3939
1599,Rally,None,1,-0.005,53.1561,0.0303,3.4412,-15.6115,0.6551,1.1065,9.4808,1,Ready,0,9,LowPickup,10.5785,6.5028,0.1185,0.8432,-10.9282,0.5287,0,0,Forehand follow,1,-0.075,-31.6128,-38.5284,0,0,Great,,0,-11.2,1.3478,11.2,0.4274,0,0.0018,0.5608,0.0074,0.4062
1600,Rally,None,1,-0.005,53.5276,0.0317,3.4423,-15.6109,0.603,1.1978,9.0847,1,Ready,0,9,LowPickup,10.1834,5.485,0.0902,0.8598,-10.9123,0.9311,0,0,Forehand follow,1,-0.1,-27.8082,-40.5941,0,0,Great,,-0.0035,-11.1978,1.2277,11.2,0.3715,0,0.0015,0.7848,0.0061,0.3957
1601,Rally,None,1,-0.005,53.8506,0.0327,3.4434,-15.61,0.5682,1.2553,8.8205,1,Run,0,9,LowPickup,9.5376,4.7254,0.0622,0.8695,-10.8998,3.1171,0,0,Forehand follow,1,-0.1167,-16.9103,-35.8305,7.2363,0,Great,,-0.0088,-11.1945,1.1476,11.2,0.323,0,2.3824,0.9081,0.0047,0.3713
1602,Rally,None,1,-0.005,54.1314,0.0334,3.4445,-15.6085,0.5335,1.3103,8.5564,1,Run,0,9,LowPickup,7.9135,3.0564,0.0842,0.8492,-10.9152,0.6835,0,0,Forehand follow,1,-0.1333,-5.408,-30.8708,5.7461,0,Great,,-0.0165,-11.1897,1.0675,11.2,0.2808,0,3.4667,0.8932,0.0034,0.3377
1603,Rally,None,1,-0.005,54.3755,0.033,3.4456,-15.6058,0.4813,1.3879,8.1603,1,Run,0,9,LowPickup,4.991,0.4739,0.0964,0.8398,-10.9126,0.5154,0,0,Forehand follow,1,-0.1583,6.8937,-27.9174,4.2396,0,Great,,-0.0324,-11.1798,0.9474,11.2,0.2441,0,4.3213,0.9004,0.0022,0.2661
1604,Rally,None,1,-0.005,54.5878,0.0319,3.4468,-15.6024,0.4466,1.4363,7.8962,1,Run,0,9,LowPickup,0.4227,-3.0185,0.0599,0.8346,-10.8557,0.6372,0,0,Forehand follow,1,-0.175,20.6963,-23.1804,8.4264,0,Great,,-0.0459,-11.1713,0.8673,11.2,0.2122,0,5.7893,1.2264,0.0013,0.2097
1605,Rally,None,1,-0.005,54.7722,0.0294,3.4478,-15.5974,0.3944,1.504,7.5,1,Run,0,9,LowPickup,-5.5799,-7.7222,0.0106,0.8209,-10.7915,1.1552,0,0,Forehand follow,1,-0.2,29.6131,-22.3438,4.9956,0,Great,,-0.0707,-11.1558,0.7472,11.2,0.1845,0,6.1517,1.7859,0.0006,0.1653
1606,Rally,None,1,-0.005,54.9326,0.0261,3.4489,-15.5914,0.3597,1.5459,7.2359,1,Run,0,9,LowPickup,-11.8323,-11.172,0.0055,0.811,-10.7524,1.8939,0,0,Forehand follow,1,-0.2167,36.9043,-21.868,0,0,Great,,-0.0901,-11.1437,0.6671,11.2,0.1604,0,7.2319,0.8957,0.0001,0.1303
1607,Rally,None,1,-0.005,55.0721,0.0219,3.45,-15.5844,0.3249,1.5852,6.9718,1,Run,0,9,LowPickup,-17.3807,-15.0566,-0.0118,0.8025,-10.7164,0,0,0,Forehand follow,1,-0.2333,43.647,-19.8937,0,0,Great,,-0.1119,-11.13,0.587,11.2,0.1394,0,7.2887,0.8385,-0.0001,0.1027
1608,Rally,None,1,-0.005,55.1933,0.0158,3.4511,-15.5752,0.2728,1.6393,6.5756,1,Run,0,9,LowPickup,-21.7528,-18.1704,-0.0595,0.7972,-10.6704,0,0,0,Forehand follow,1,-0.2583,44.1959,-23.8276,0,0,Great,,-0.149,-11.1069,0.4669,11.2,0.1212,0,7.3335,0.7655,-0.0002,0.0809
1609,Rally,None,1,-0.005,55.2987,0.0087,3.4522,-15.565,0.238,1.672,6.3115,1,Run,0,9,LowPickup,-24.9294,-20.203,-0.0909,0.789,-10.6402,11.4847,0,0,Forehand follow,1,-0.275,45.7497,-23.2445,0,0,Great,,-0.1766,-11.0895,0.3868,11.2,0.1054,0,8.1633,0.591,-0.0002,0.0638
1610,Rally,None,1,-0.005,55.3903,-0.0005,3.4532,-15.5523,0.1859,1.7163,5.9153,1,Run,0,9,LowPickup,-27.1336,-21.8803,-0.1323,0.7923,-10.6075,2.4344,0,0,Forehand follow,0,9,45.9708,-23.051,0,0,Great,,-0.2226,-11.0608,0.2667,11.2,0.0916,0,8.0227,0.3543,-0.0002,0.0638
1611,Rally,None,1,-0.005,55.47,-0.0107,3.4543,-15.5385,0.1512,1.7425,5.6512,1,Run,0,9,LowPickup,-28.5202,-22.9092,-0.1606,0.79,-10.5857,2.789,0,0,Run,0,9,46.1914,27.5483,0,0,Great,,-0.2561,-11.0398,0.1866,11.2,0.0797,0,8.5,0.1106,-0.0002,0.0503
1612,Rally,None,1,-0.005,55.5392,-0.0219,3.4553,-15.5235,0.1164,1.7661,5.3871,1,Run,0,9,LowPickup,-29.3115,-23.8331,-0.1927,0.7822,-10.5652,1.7163,0,0,Run,0,9,46.5037,41.7285,0,0,Great,,-0.292,-11.0174,0.1065,11.2,0.0692,0,8.4509,0.2301,-0.0001,0.0396
1613,Rally,None,1,-0.005,55.5994,-0.0356,3.4564,-15.5057,0.0643,1.7967,4.9909,1,Run,0,9,LowPickup,-29.5956,-24.6858,-0.245,0.7686,-10.5349,1.6926,0,0,Run,0,9,46.9934,43.8797,2.7991,0,Great,,-0.3503,-10.9809,0,11.2,0.0602,0,8.2494,0.4884,0,0.0312
1614,Rally,None,1,-0.005,55.6517,-0.0503,3.4574,-15.4868,0.0295,1.8138,4.7268,1,Run,0,9,LowPickup,-29.4884,-25.3791,-0.2781,0.7521,-10.5197,3.178,0,0,Run,0,9,47.524,45.8535,2.5988,0,Great,,-0.3921,-10.9548,0,11.2,0.0523,0,8.5,0.7336,0.0001,0.0246
1615,Rally,None,1,-0.005,55.6972,-0.0676,3.4585,-15.4649,-0.0226,1.8345,4.3307,1,Run,0,9,LowPickup,-29.1767,-26.1456,-0.3367,0.7505,-10.4908,3.1637,0,0,Ready,0,9,45.4663,43.6022,0.4572,0,Great,,-0.4593,-10.9128,0,11.2,0.0455,0,8.5,0.9083,0.0001,0.0194
1616,Rally,None,1,-0.005,55.7368,-0.086,3.4595,-15.4418,-0.0574,1.8451,4.0665,1,Run,0,9,LowPickup,-28.7803,-26.9011,-0.3768,0.7621,-10.4747,1.0795,0,0,Ready,0,9,41.1513,41.7205,0.4123,0,Great,,-0.507,-10.883,0,11.2,0.0396,0,8.5,0.9836,0.0002,0.0153
1617,Rally,None,1,-0.005,55.7712,-0.1052,3.4605,-15.4177,-0.0921,1.853,3.8024,1,Run,0,9,LowPickup,-28.2896,-27.6856,-0.4197,0.7638,-10.4597,1.0354,0,0,Ready,0,9,36.588,38.9779,0.0522,0,Great,,-0.557,-10.8517,0,11.2,0.0344,0,8.5,0.9951,0.0002,0.012
1618,Rally,None,1,-0.005,55.8011,-0.1275,3.4615,-15.3902,-0.1443,1.86,3.4063,1,Run,0,9,LowPickup,-27.7632,-28.4367,-0.4931,0.7641,-10.4258,0.2542,0,0,Ready,0,9,32.6262,35.7029,0.3937,0,Great,,-0.6365,-10.802,0,11.2,0.0299,0,8.5,0.9339,0.0002,0.0095
1619,Rally,None,1,-0.005,55.8271,-0.1507,3.4625,-15.3618,-0.179,1.8614,3.1422,1,Run,0,9,LowPickup,-27.4325,-29.1316,-0.5454,0.7768,-10.3995,1.0908,0,0,Ready,0,9,29.2798,32.0072,0.526,0,Great,,-0.6924,-10.767,0,11.2,0.026,0,8.5,0.7596,0.0001,0.0075
1620,Rally,None,1,-0.005,55.8497,-0.1769,3.4635,-15.3297,-0.2312,1.8587,2.746,1,Run,0,9,LowPickup,-27.3497,-29.6512,-0.6303,0.7815,-10.346,8.1064,0,0,Ready,0,9,26.523,28.2277,0.4411,0,Great,,-0.7807,-10.7118,0,11.2,0.0226,0,8.5,0.4708,0.0001,0.0059
1621,Rally,None,1,-0.005,55.8693,-0.204,3.4645,-15.2968,-0.2659,1.8536,2.4819,1,Run,0,9,LowPickup,-27.4313,-29.9174,-0.6911,0.7906,-10.3075,1.1844,0,0,Ready,0,9,24.2134,24.4877,0.3312,0,Great,,-0.8426,-10.6731,0,11.2,0.0196,0,8.5,0.1219,0.0001,0.0046
1622,Rally,None,1,-0.005,55.8864,-0.2319,3.4655,-15.263,-0.3007,1.8458,2.2178,1,Run,0,9,LowPickup,-27.8008,-29.9191,-0.8038,0.7813,-10.2591,4.3281,0,0,Ready,0,9,22.1343,20.8784,0.2699,0,Great,,-0.9068,-10.633,0,11.2,0.0171,0,8.5,0.2931,0.0001,0.0037
1623,Rally,None,1,-0.005,55.9012,-0.2631,3.4665,-15.2254,-0.3528,1.8294,1.8216,1,Run,0,9,LowPickup,-28.5563,-29.5574,-0.9161,0.7659,-10.1774,0.5021,0,0,Ready,0,9,20.3146,17.5759,0.3143,0,Great,,-1.0063,-10.5708,0,11.2,0.0148,0,8.5,0.7644,0,0.0029
1624,Rally,None,1,-0.005,55.9141,-0.2946,3.4675,-15.1874,-0.3876,1.8151,1.5575,1,Run,0,9,LowPickup,-29.5185,-29.1943,-0.9561,0.7571,-10.1141,4.8954,0,0,Ready,0,9,18.7283,14.6637,0.5701,0,Great,,-1.0704,-10.5306,0,11.2,0.0129,0,7.5824,1.1747,0,0.0023
1625,Rally,None,1,-0.005,55.9253,-0.3284,3.4684,-15.1469,-0.4397,1.7888,1.1613,1,Run,0,9,LowPickup,-30.5706,-29.2517,-1.0707,0.7562,-10.0341,2.8466,0,0,Ready,0,9,17.3993,12.2324,0.5632,0,Great,,-1.1623,-10.4732,0,11.2,0.0112,0,4.3868,1.446,0,0.0018
1626,Rally,None,1,-0.005,55.9351,-0.3617,3.4694,-15.1068,-0.4745,1.768,0.8972,1,Run,0,9,LowPickup,-31.644,-29.111,-1.1506,0.7827,-9.9769,5.4841,0,0,Ready,0,9,16.3759,10.3119,0.3121,0,Great,,-1.2207,-10.4358,0,11.2,0.0098,0,1.0738,1.5833,0,0.0014
1627,Rally,None,1,-0.005,55.9436,-0.3946,3.4704,-15.0668,-0.5092,1.7446,0.6331,1,Run,0,9,LowPickup,-32.4405,-28.7069,-1.2176,0.8149,-9.9183,0.5186,0,0,Ready,0,9,15.6262,8.9171,0.2135,0,Great,,-1.2773,-10.3964,0,11.2,0.0085,0,0.7909,1.5077,0,0.0011
1628,Rally,None,1,-0.005,55.951,-0.4287,3.4713,-15.0238,-0.5614,1.7046,0.2369,1,Backhand prepare 0.05,0,9,LowPickup,-33.1135,-29.4649,-1.3088,0.8254,-9.8718,0.4109,0.2083,0.1667,Ready,0,9,15.1806,8.0687,0.2274,0,Great,,-1.3579,-10.3343,0,11.2,0.0074,0.0001,2.2025,2.8485,0,0.0009
1629,Rally,None,1,-0.005,55.9574,-0.4619,3.4723,-14.9809,-0.5961,1.6747,-0.0272,1,Backhand prepare 0.12,0,9,LowPickup,-33.6694,-28.253,-1.3091,0.792,-9.8597,3.7177,0.4167,0.3333,Ready,0,9,14.9726,7.6487,0.2796,0,Great,,-1.4085,-10.2914,0,11.2,0.0064,0.0008,4.0778,3.4011,0,0.0007
1630,Rally,None,1,-0.005,55.9507,-0.4959,3.4733,-14.935,-0.6482,1.6249,-0.4233,1,Backhand prepare 0.16,0,9,LowPickup,-34.5751,-26.2264,-1.3348,0.7672,-9.8374,1.3598,0.625,0.5,Ready,0,9,14.988,7.5772,0.3465,0,Great,,-1.4794,-10.226,0,11.2,-0.0066,0.0021,4.7493,1.7141,0,0.0005
1631,Rally,None,1,-0.005,55.9344,-0.5286,3.4744,-14.8893,-0.683,1.5885,-0.6874,1,Backhand prepare 0.22,0,9,LowPickup,-35.6306,-24.9346,-1.3866,0.7508,-9.8412,3.0281,0.8333,0.6667,Ready,0,9,15.1502,7.7375,0,0,Great,,-1.5232,-10.182,0,11.2,-0.0163,0.0045,6.0145,2.364,0,0.0004
1632,Rally,None,1,-0.005,55.9096,-0.5602,3.4754,-14.8439,-0.7178,1.5494,-0.9516,1,Backhand prepare 0.27,0,9,LowPickup,-34.9694,-23.7973,-1.4185,0.7389,-9.8462,0.7653,1,0.8333,Ready,0,9,15.3607,8.0041,0,0,Great,,-1.5642,-10.1381,0,11.2,-0.0248,0.0076,6.24,4.5616,0,0.0003
1633,Rally,None,1,-0.005,55.8722,-0.5919,3.4766,-14.7959,-0.7699,1.4859,-1.3477,1,Backhand prepare 0.31,0,9,LowPickup,-34.8823,-24.0188,-1.711,0.7866,-9.747,0.7241,1,1,Ready,0,9,15.6828,8.3672,0,0,Great,,-1.6205,-10.0731,0,11.2,-0.0374,0.0112,6.4154,6.0034,0,0.0003
1634,Rally,None,1,-0.005,55.8291,-0.6221,3.4777,-14.7485,-0.8047,1.4403,-1.6118,1,Backhand prepare 0.38,0,9,LowPickup,-34.777,-26.6856,-1.6902,0.7887,-9.6099,2.8115,1,1,Ready,0,9,16.0048,8.6513,0,0,Great,,-1.6547,-10.0306,0,11.2,-0.043,0.0154,7.3072,7.1691,0,0.0002
1635,Rally,None,1,-0.005,55.776,-0.6519,3.4789,-14.6993,-0.8568,1.367,-2.008,1,Backhand prepare 0.42,0,9,LowPickup,-34.4211,-28.9876,-1.7765,0.8279,-9.5087,6.1288,1,1,Ready,0,9,16.3302,8.8788,0,0,Great,,-1.7012,-9.9686,0,11.2,-0.0532,0.0197,7.2589,6.779,0,0.0002
1636,Rally,None,1,-0.005,55.7193,-0.68,3.4801,-14.6513,-0.8915,1.3149,-2.2721,1,Backhand prepare 0.48,0,9,LowPickup,-33.677,-32.0226,-1.8132,0.7401,-9.5363,0.3311,1,1,Ready,0,9,16.6426,9.0692,0,0,Great,,-1.7291,-9.9289,0,11.2,-0.0566,0.0241,7.9517,7.348,0,0.0001
1637,Rally,None,1,-0.005,55.6597,-0.7064,3.4812,-14.6045,-0.9263,1.2601,-2.5362,1,Backhand prepare 0.53,0,9,LowPickup,-36.1273,-35.3973,-1.8441,0.749,-9.5449,0,1,1,Ready,0,9,16.96,9.2064,1.072,0,Great,,-1.7547,-9.8908,0,11.2,-0.0596,0.0282,7.7352,6.2871,0,0.0001
1638,Rally,None,1,-0.005,55.5924,-0.7321,3.4824,-14.5568,-0.9784,1.1731,-2.9324,1,Backhand prepare 0.57,0,9,LowPickup,-40.4452,-40.2793,-1.9196,0.7525,-9.4945,0.4156,1,1,Ready,0,9,17.3061,9.2772,1.0837,0,Great,,-1.7891,-9.8369,0,11.2,-0.0673,0.0315,7.5655,5.8574,0,0.0001
1639,Rally,None,1,-0.005,55.5237,-0.7561,3.4835,-14.511,-1.0132,1.1119,-3.1965,1,Backhand prepare 0.63,0,9,LowPickup,-40.582,-45.9611,-1.9971,0.8072,-9.4088,0.1895,1,1,Ready,0,9,17.6438,9.3415,0.0741,0,Great,,-1.8094,-9.8033,0,11.2,-0.0687,0.0346,8.1942,8.9389,0,0.0001
1640,Rally,None,1,-0.005,55.4487,-0.7792,3.4846,-14.465,-1.0653,1.015,-3.5927,1,Backhand prepare 0.67,0,9,LowPickup,-34.9347,-48.783,-2.0515,0.8556,-9.3407,1.0718,1,1,Ready,0,9,17.9527,9.4836,0.2409,0,Great,,-1.8362,-9.7566,0,11.2,-0.075,0.0371,7.9668,10.3181,0,0.0001
1641,Rally,None,1,-0.005,55.3735,-0.8006,3.4857,-14.4213,-1.1001,0.9472,-3.8568,1,Backhand prepare 0.74,0,9,LowPickup,-30.8514,-53.6067,-2.0939,0.9391,-9.2933,0.328,1,1,Ready,0,9,18.2117,9.651,0.2288,0,Great,,-1.8517,-9.728,0,11.2,-0.0752,0.0393,8.5,8.0843,0,0
1642,Rally,None,1,-0.005,55.2981,-0.8204,3.4868,-14.3798,-1.1348,0.8768,-4.1209,1,Backhand prepare 0.78,0,9,LowPickup,-25.5403,-56.1451,-2.112,1.0021,-9.2584,0.6586,1,1,Ready,0,9,18.3895,9.8019,0.0477,0,Great,,-1.8662,-9.7013,0,11.2,-0.0754,0.0409,8.2997,6.6139,0,0
1643,Rally,None,1,-0.005,55.2177,-0.8399,3.4878,-14.3389,-1.187,0.7663,-4.517,1,Backhand prepare 0.82,0,9,LowPickup,-14.0536,-56.8771,-2.1269,1.0512,-9.2085,1.6712,1,1,Ready,0,9,18.5014,9.9803,0.1314,0,Great,,-1.8917,-9.6651,0,11.2,-0.0804,0.0414,7.2149,9.233,0,0
1644,Rally,None,1,-0.005,55.138,-0.8583,3.4888,-14.3006,-1.2217,0.6894,-4.7812,1,Forehand prepare 0.88,0,9,LowPickup,-40.3514,-20.8981,-1.3629,1.1495,-9.4525,3.8611,1,1,Ready,0,9,18.5419,10.2216,0.1331,0,Great,,-1.9111,-9.6435,0,11.2,-0.0797,0.0403,6.093,42.7165,0,0
1645,Rally,None,1,-0.005,55.0541,-0.8771,3.4898,-14.2635,-1.2739,0.5691,-5.1773,1,Forehand prepare 0.92,0,9,LowPickup,-48.3809,-20.4595,-1.4054,1.0981,-9.4656,1.1398,1,1,Ready,0,9,18.5404,10.4759,0.1101,0,Great,,-1.9433,-9.6152,0,11.2,-0.0839,0.0376,5.6415,35.6349,0,0
1646,Rally,None,1,-0.005,54.9716,-0.8953,3.4907,-14.2292,-1.3086,0.4856,-5.4414,1,Forehand prepare 0.98,0,9,LowPickup,-48.1686,-18.5259,-1.4843,0.8966,-9.5014,0.443,1,1,Ready,0,9,18.511,10.6791,0.0308,0,Great,,-1.9669,-9.5991,0,11.2,-0.0825,0.0338,6.2979,23.4744,0,0
1647,Rally,None,1,-0.005,54.8903,-0.9131,3.4916,-14.1976,-1.3434,0.3995,-5.7055,1,Forehand prepare 1.00,0,9,LowPickup,-48.0151,-14.1196,-1.5297,0.876,-9.5323,0.0683,1,1,Ready,0,9,18.4889,10.8631,0.0129,0,Great,,-1.9919,-9.5854,0,11.2,-0.0813,0.0293,6.4059,13.1325,0,0
1648,Rally,None,1,-0.005,54.8054,-0.9319,3.4925,-14.1679,-1.3955,0.2655,-6.1017,1,Forehand prepare 1.00,0,9,LowPickup,-50.2446,-10.1192,-1.5691,0.8973,-9.5495,1.17,1,1,Ready,0,9,18.5303,11.0432,0.0148,0,Great,,-2.0321,-9.5693,0,11.2,-0.0848,0.0246,6.5714,6.1497,0,0
1649,Rally,None,1,-0.005,54.7223,-0.9505,3.4933,-14.1412,-1.4303,0.1729,-6.3658,1,Forehand prepare 1.00,0,9,LowPickup,-53.0566,-7.7455,-1.598,0.9199,-9.5669,7.5573,1,1,Ready,0,9,18.5792,11.1758,0.0133,0,Great,,-2.0604,-9.5617,0,11.2,-0.0831,0.0201,7.5317,0.8271,0,0
1650,Rally,None,1,-0.005,54.6418,-0.9701,3.4941,-14.117,-1.4813,0.1348,-6.7532,1,Forehand prepare 1.00,0,9,LowPickup,-56.1507,-7.1189,-1.6437,0.9341,-9.5728,0.3952,1,1,Ready,0,9,18.6069,11.2247,0.0151,0,Great,,-2.1048,-9.5551,0,11.2,-0.0805,0.016,7.5218,4.0242,0,0
1651,Rally,None,1,-0.005,54.5627,-0.9895,3.4948,-14.0958,-1.5137,0.2024,-6.9998,1,Forehand prepare 1.00,0,9,LowPickup,-59.7171,-8.2646,-1.6755,0.9479,-9.5702,0.3435,1,1,Ready,0,9,18.5948,11.2001,0.0161,0,Great,,-2.1347,-9.5534,0,11.2,-0.0791,0.0126,8.311,6.7619,0,0
1652,Rally,None,1,-0.005,54.4848,-1.0085,3.4955,-14.0771,-1.5462,0.2673,-7.2464,1,Forehand prepare 1.00,1,0.1645,LowPickup,-54.7749,-6.4018,-1.6701,0.971,-9.5188,0.1557,1,1,Ready,0,9,18.4979,11.102,0.0062,0,Great,,-2.1618,-9.5518,0,11.2,-0.0779,0.0085,5.5145,6.4889,0,0
1653,Rally,None,1,-0.005,54.4033,-1.0281,3.4962,-14.0606,-1.5948,0.3596,-7.6163,1,Forehand swing,1,0.1395,LowPickup,-74.7723,-16.91,-1.7497,0.924,-9.4716,2.167,1,1,Ready,0,9,18.3722,10.9603,0.0057,0,Great,,-2.1972,-9.5497,0,11.2,-0.0814,0.0083,4.525,0.5919,0,0
1654,Rally,None,1,-0.005,54.3234,-1.0468,3.4968,-14.0461,-1.6273,0.4178,-7.8628,1,Forehand swing,1,0.1228,LowPickup,-78.4239,-23.9579,-1.8384,0.8646,-9.3953,1.3064,1,1,Ready,0,9,18.246,10.8038,0.0122,0,Great,,-2.2173,-9.5486,0,11.2,-0.0799,0.0099,4.8229,0,0,0
1655,Rally,None,1,-0.005,54.2403,-1.0652,3.4974,-14.0333,-1.676,0.5001,-8.2327,1,Forehand swing,1,0.086,LowPickup,-83.8284,-41.3807,-2.0197,0.8619,-8.9103,1.7569,1,1,Ready,0,9,18.1502,10.6471,0.0152,0,Great,,-2.2423,-9.5471,0,11.2,-0.0831,0.0129,5.0495,0,0,0
1656,Rally,None,1,-0.005,54.1589,-1.0825,3.4979,-14.022,-1.7084,0.5516,-8.4793,1,Forehand swing,1,0.0614,LowPickup,-77.2381,-51.6322,-1.8736,0.9679,-8.9389,20.548,1,1,Ready,0,9,18.11,10.502,0.0201,0,Great,,-2.2555,-9.5463,0,11.2,-0.0814,0.0173,5.2778,0,0,0
1657,Rally,None,1,-0.005,54.0791,-1.0986,3.4985,-14.0121,-1.7409,0.6004,-8.7259,1,Forehand swing,1,0.0369,LowPickup,-69.1473,-62.1797,-1.7473,1.0083,-8.9694,15.2416,1,1,Ready,0,9,18.1664,10.4013,0.0133,0,Great,,-2.266,-9.5457,0,11.2,-0.0798,0.0221,4.5826,0,0,0
1658,Rally,None,1,-0.005,54.0034,-1.1135,3.4989,-14.0035,-1.7895,0.6686,-9.0958,1,Forehand swing,1,0,LowPickup,-25.1358,-32.215,-1.6802,1.0548,-8.9287,18.9645,1,1,Ready,0,9,18.4075,10.3945,0.012,0,Great,,-2.2764,-9.5451,0,11.2,-0.0757,0.0268,3.8191,0,0,0
1659,Rally,None,1,0.014,54.2643,-1.1207,3.4968,-13.9965,-1.7632,0.7275,-8.6781,1,Forehand swing,1,-0.0083,LowPickup,-18.9903,-29.5735,-1.6834,1.0481,-8.9566,10.1081,1,1,Ready,0,9,18.7066,10.4218,0.0174,0.2617,Excellent,P:Excellent;,-2.2785,-9.545,0,11.2,0.2608,0.0314,3.3795,0,0,0
1660,Rally,None,1,-0.0027,54.491,-1.1214,3.4978,-13.9902,-1.7632,0.7275,-8.6781,1,Forehand follow,1,-0.0083,LowPickup,-27.5874,-27.9496,-1.6813,1.0669,-9.0159,1.9244,1,1,Ready,0,9,18.9662,10.4415,0.0092,0.2033,Excellent,,-2.2785,-9.545,0,11.2,0.2268,0.0314,3.3795,0,0,0
1661,Rally,None,1,-0.0027,54.6882,-1.1219,3.4979,-13.9849,-1.7347,0.7838,-8.3805,1,Forehand follow,1,-0.025,LowPickup,-44.4647,-38.3455,-1.8535,0.9979,-9.1284,1.2662,1,1,Ready,0,9,19.2033,10.4731,0.0074,0.145,Excellent,,-2.281,-9.5459,0,11.2,0.1971,0.0359,2.7717,0,0,0
1662,Rally,None,1,-0.0027,54.8595,-1.1228,3.5003,-13.9802,-1.7063,0.8376,-8.0829,1,Forehand follow,1,-0.0417,LowPickup,-43.3081,-37.7197,-1.9506,0.9965,-9.2447,0.9708,1,1,Ready,0,9,19.3898,10.5164,0.0166,0.0867,Excellent,,-2.2812,-9.5484,0,11.2,0.1714,0.0365,2.8756,0,0,0
1663,Rally,None,1,-0.0027,55.0085,-1.1227,3.5013,-13.9772,-1.6636,0.9134,-7.6366,1,Forehand follow,1,-0.0667,LowPickup,-44.1692,-46.2079,-1.9028,0.7604,-9.3638,0,1,1,Ready,0,9,19.5647,10.5972,0.0179,0.0283,Excellent,,-2.2771,-9.5551,0,11.2,0.149,0.037,3.3206,0,0,0
1664,Rally,None,1,-0.0027,55.1381,-1.121,3.5031,-13.9752,-1.6352,0.9607,-7.339,1,Forehand follow,1,-0.0833,LowPickup,-41.8013,-52.9909,-1.9625,0.8016,-9.2431,0,1,1,Ready,0,9,19.7556,10.7421,0.0116,0,Excellent,,-2.2716,-9.5615,0,11.2,0.1295,0.0373,4.3521,1.3098,0,0
1665,Rally,None,1,-0.0027,55.2507,-1.1188,3.5046,-13.9752,-1.5925,1.0269,-6.8926,1,Forehand follow,1,-0.1083,LowPickup,-44.9723,-64.348,-2.0356,1.0191,-9.1079,0,1,1,Ready,0,9,19.9635,10.9385,0.0098,0,Excellent,,-2.2589,-9.5739,0,11.2,0.1126,0.0377,5.9651,4.0038,0,0
1666,Rally,None,1,-0.0027,55.3486,-1.116,3.5061,-13.9765,-1.5641,1.0679,-6.5951,1,Forehand follow,1,-0.125,LowPickup,-41.5399,-69.666,-2.0751,1.1513,-9.0914,0,1,1,Ready,0,9,20.2062,11.1814,0.0098,0,Excellent,,-2.2476,-9.5842,0,11.2,0.0979,0.0379,6.9718,8.9679,0,0
1667,Rally,None,1,-0.0027,55.4337,-1.1125,3.5075,-13.9792,-1.5356,1.1062,-6.2975,1,Forehand follow,1,-0.1417,LowPickup,-38.5244,-73.5205,-2.1081,1.2301,-9.0947,0,1,1,Ready,0,9,20.4593,11.4591,0.0097,0,Excellent,,-2.2339,-9.596,0,11.2,0.0851,0.0377,7.9263,11.6625,0,0
1668,Rally,None,1,-0.0027,55.5077,-1.1075,3.5088,-13.9841,-1.493,1.1589,-5.8512,1,Forehand follow,1,-0.1667,LowPickup,-34.5906,-76.9688,-2.1641,1.2869,-9.1289,0,1,1,Ready,0,9,20.7492,11.7877,0.0057,0,Excellent,,-2.2091,-9.6166,0,11.2,0.074,0.0373,8.5,12.2331,0,0
1669,Rally,None,1,-0.0027,55.572,-1.1017,3.5102,-13.9905,-1.4645,1.1909,-5.5536,1,Forehand follow,1,-0.1833,LowPickup,-27.5556,-75.8054,-2.1523,1.2487,-9.0485,6.3102,1,1,Ready,0,9,20.9425,12.0726,0.008,0,Excellent,,-2.1897,-9.6323,0,11.2,0.0643,0.0365,8.3883,10.2994,0,0
1670,Rally,None,1,-0.0027,55.6279,-1.0941,3.5115,-13.9994,-1.4218,1.234,-5.1072,1,Forehand follow,1,-0.2083,LowPickup,-21.9204,-75.7242,-2.1622,1.1927,-9.0756,4.3022,1,1,Ready,0,9,20.9203,12.2335,0.0117,0,Excellent,,-2.1563,-9.6587,0,11.2,0.0559,0.0354,8.5,9.8095,0,0
1671,Rally,None,1,-0.0027,55.6765,-1.0856,3.5128,-14.0097,-1.3934,1.2595,-4.8097,1,Forehand follow,1,-0.225,LowPickup,-13.9381,-72.2658,-2.0575,1.1519,-9.0026,0.2864,1,1,Ready,0,9,20.6864,12.2755,0.0135,0,Excellent,,-2.1311,-9.6783,0,11.2,0.0486,0.0336,8.5,6.6966,0,0
1672,Rally,None,1,-0.0027,55.7188,-1.0762,3.5141,-14.0214,-1.365,1.2825,-4.5121,1,Forehand follow,1,-0.2417,LowPickup,-5.8172,-68.2879,-2.127,0.9236,-9.3126,0.3701,1,1,Ready,0,9,20.1762,12.1751,0.0179,0,Excellent,,-2.1036,-9.6994,0,11.2,0.0423,0.031,8.4276,6.0962,0,0
1673,Rally,None,1,-0.0027,55.7555,-1.0646,3.5154,-14.0361,-1.3223,1.3121,-4.0657,1,Forehand follow,1,-0.2667,LowPickup,3.1944,-64.1161,-2.0784,0.8814,-9.3751,0.455,1,1,Ready,0,9,19.4805,11.9532,0.0151,0,Excellent,,-2.0581,-9.7338,-0.1201,11.2,0.0367,0.0279,8.5,7.286,0,0
1674,Rally,None,1,-0.0027,55.7875,-1.052,3.5166,-14.052,-1.2938,1.3287,-3.7682,1,Forehand follow,0,9,LowPickup,11.7982,-56.8732,-1.9865,1.3332,-9.425,0.7071,1,1,Run,0,9,21.883,15.5373,0.3265,0,Excellent,,-2.0248,-9.7588,-0.2002,11.2,0.0319,0.0279,8.5,7.286,0,0
1675,Rally,None,1,-0.0027,55.8152,-1.0371,3.5179,-14.0711,-1.2512,1.3487,-3.3218,1,Run,0,9,LowPickup,17.5925,-15.5179,-1.4834,0.701,-9.4393,2.0189,0.9555,0.8333,Run,0,9,27.5534,21.9985,0.6047,0,Excellent,,-1.9705,-9.799,-0.2338,11.2,0.0278,0.0242,8.5,16.6969,0,0
1676,Rally,None,1,-0.0027,55.8394,-1.0213,3.5191,-14.0915,-1.2227,1.3588,-3.0242,1,Run,0,9,LowPickup,21.3431,0.9139,-1.5273,0.6804,-9.5541,1.0795,0.856,0.6667,Ready,0,9,29.8022,24.3877,0.3017,0,Excellent,,-1.9314,-9.8277,-0.2338,11.2,0.0241,0.0199,8.5,6.3907,0,0
1677,Rally,None,1,-0.0027,55.8603,-1.0045,3.5204,-14.1131,-1.1943,1.3664,-2.7267,1,Run,0,9,LowPickup,23.6319,7.2778,-1.5013,0.6773,-9.6327,1.3369,0.7361,0.5,Ready,0,9,27.8944,22.478,0.1525,0,Excellent,,-1.89,-9.858,-0.2338,11.2,0.021,0.015,8.5,5.1844,0,0.0001
1678,Rally,None,1,-0.0027,55.8786,-0.985,3.5216,-14.1381,-1.1516,1.3729,-2.2803,1,Run,0,9,LowPickup,25.0337,12.5916,-1.4511,0.6822,-9.6943,5.4288,0.6155,0.3333,Ready,0,9,24.8241,19.2893,0.5647,0,Excellent,,-1.8236,-9.9062,-0.2338,11.2,0.0182,0.0098,8.5,3.8002,0,0
1679,Rally,None,1,-0.0027,55.8945,-0.9647,3.5228,-14.1643,-1.1232,1.3741,-1.9827,1,Run,0,9,LowPickup,25.7468,17.0454,-1.4174,0.6929,-9.7278,3.119,0.5041,0.1667,Ready,0,9,21.8333,16.0158,0.9559,0,Excellent,,-1.7763,-9.9403,-0.2338,11.2,0.0159,0.0051,8.5,2.4488,0,0
1680,Rally,None,1,-0.0027,55.9082,-0.9415,3.5241,-14.1941,-1.0805,1.371,-1.5364,1,Run,0,9,LowPickup,26.0076,20.7464,-1.3176,0.7132,-9.7861,9.6366,0.4064,0,Ready,0,9,19.3768,13.1134,0.835,0,Excellent,,-1.7012,-9.9942,-0.2338,11.2,0.0138,0.0012,8.5,1.257,0,0
1681,Rally,None,1,-0.0027,55.9202,-0.9174,3.5253,-14.2249,-1.0521,1.3658,-1.2388,1,Run,0,9,LowPickup,25.9477,23.7949,-1.2443,0.748,-9.8268,0.7505,0.3236,0,Ready,0,9,17.5315,10.6699,0.5719,0,Excellent,,-1.6481,-10.032,-0.2338,11.2,0.012,-0.0016,8.5,0.3632,0,0
1682,Rally,None,1,-0.0027,55.9307,-0.8925,3.5265,-14.2568,-1.0236,1.3579,-0.9412,1,Run,0,9,LowPickup,25.7133,26.241,-1.1699,0.7859,-9.8665,0.8263,0.2551,0,Forehand prepare 0.05,0,9,23.3516,10.4674,0,0,Excellent,,-1.5927,-10.0714,-0.2338,11.2,0.0104,-0.0033,8.5,0.4951,0,0.0001
1683,Rally,None,1,-0.0027,55.9397,-0.8646,3.5277,-14.2924,-0.981,1.3414,-0.4949,1,Run,0,9,LowPickup,25.4678,28.1023,-1.0687,0.8166,-9.9262,0.5557,0.1995,0,Forehand prepare 0.08,0,9,31.7371,11.7953,0,0,Excellent,,-1.5071,-10.1321,-0.2338,11.2,0.0091,-0.004,8.5,0.939,0,0
1684,Rally,None,1,-0.0027,55.9476,-0.8362,3.5289,-14.3287,-0.9525,1.3272,-0.1973,1,Run,0,9,LowPickup,25.3985,29.7818,-1.0012,0.8342,-9.9676,0,0.1549,0,Forehand prepare 0.14,0,9,24.7211,11.3738,4.0066,0,Excellent,,-1.45,-10.1726,-0.2338,11.2,0.0079,-0.004,7.5899,1.2283,0,0.0001
1685,Rally,None,1,-0.0027,55.9219,-0.8053,3.5302,-14.368,-0.9099,1.301,0.2491,1,Run,0,9,LowPickup,25.547,31.2438,-0.9099,0.8409,-10.0322,0,0.1195,0,Forehand prepare 0.17,0,9,28.8919,13.8355,0.8947,0,Excellent,,-1.3643,-10.2333,-0.2338,11.2,-0.0257,-0.0035,5.9818,1.3847,0,0.0001
1686,Rally,None,1,-0.0027,55.8607,-0.7743,3.5314,-14.4075,-0.8814,1.2803,0.5466,1,Run,0,9,LowPickup,25.7626,31.9247,-0.852,0.8456,-10.0777,0,0.0918,0,Forehand prepare 0.23,0,9,32.8478,17.5361,0.4474,0,Excellent,,-1.3072,-10.2738,-0.2338,11.2,-0.0612,-0.0027,4.7144,1.4608,0,0
1687,Rally,None,1,-0.0027,55.7686,-0.7433,3.5326,-14.4471,-0.853,1.2571,0.8442,1,Run,0,9,LowPickup,26.4468,32.2612,-0.796,0.8501,-10.1282,0,0.0702,0,Forehand prepare 0.27,0,9,36.3716,21.6605,0.3553,0,Excellent,,-1.2501,-10.3142,-0.2338,11.2,-0.0921,-0.0018,3.7156,1.5065,0,0.0001
1688,Rally,None,1,-0.0027,55.6302,-0.71,3.5338,-14.4895,-0.8103,1.2175,1.2906,1,Run,0,9,LowPickup,27.2476,32.0871,-0.7147,0.8432,-10.2021,0,0.0534,0,Forehand prepare 0.30,0,9,40.0351,26.8683,0.4503,0,Excellent,,-1.1644,-10.3749,-0.2338,11.2,-0.1384,-0.001,2.9283,1.5297,0,0.0001
1689,Rally,None,1,-0.0027,55.4711,-0.677,3.5351,-14.5315,-0.7819,1.1879,1.5881,1,Run,0,9,LowPickup,28.2102,31.5763,-0.6664,0.818,-10.2634,0,0.0405,0,Forehand prepare 0.36,0,9,44.22,33.9579,0.4533,0,Excellent,,-1.1073,-10.4154,-0.2338,11.2,-0.1592,-0.0003,2.3079,1.5378,0,0
1690,Rally,None,1,-0.0027,55.2744,-0.6421,3.5363,-14.576,-0.7392,1.1386,2.0345,1,Run,0,9,LowPickup,29.3183,30.9574,-0.5886,0.7886,-10.3482,1.0763,0.0307,0,Forehand prepare 0.40,0,9,49.89,42.3973,0.4854,0,Excellent,,-1.0216,-10.4761,-0.2338,11.2,-0.1967,0.0002,1.8189,1.5014,0,0
1691,Rally,None,1,-0.0027,55.0645,-0.6077,3.5375,-14.6199,-0.7107,1.1026,2.3321,1,Run,0,9,LowPickup,30.3154,30.0642,-0.5428,0.7779,-10.4131,2.6906,0.0231,0,Forehand prepare 0.45,0,9,54.5056,53.4,0.0838,0,Excellent,,-0.9645,-10.5166,-0.2338,11.2,-0.2099,0.0005,1.4335,1.4082,0,0
1692,Rally,None,1,-0.0027,54.8432,-0.5736,3.5388,-14.6633,-0.6823,1.0639,2.6296,1,Run,0,9,LowPickup,31.1584,29.1258,-0.4972,0.7701,-10.4756,6.9195,0.0174,0,Forehand prepare 0.49,0,9,60.5827,64.287,0.4513,0,Excellent,,-0.9074,-10.557,-0.2338,11.2,-0.2213,0.0007,1.1298,1.2269,0,0
1693,Rally,None,1,-0.0027,54.5925,-0.5378,3.54,-14.709,-0.6396,1.0012,3.076,1,Run,0,9,LowPickup,31.8039,28.2768,-0.4206,0.7643,-10.5532,3.9785,0.0131,0,Forehand prepare 0.53,0,9,67.8901,74.2619,0.9841,0,Excellent,,-0.8217,-10.6178,-0.2338,11.2,-0.2507,0.0007,0.8904,0.9511,0,0
1694,Rally,None,1,-0.0027,54.3356,-0.5026,3.5412,-14.7539,-0.6112,0.9562,3.3736,1,Run,0,9,LowPickup,32.19,27.5968,-0.3256,0.7753,-10.6029,5.5748,0.0098,0,Forehand prepare 0.58,0,9,72.0516,83.7882,0.2987,0,Excellent,,-0.7646,-10.6582,-0.2338,11.2,-0.2568,0.0006,0.7018,0.5973,0,0
1695,Rally,None,1,-0.0027,54.054,-0.4658,3.5424,-14.8009,-0.5685,0.8838,3.8199,1,Run,0,9,LowPickup,32.2653,27.1569,-0.2832,0.7544,-10.6623,2.3838,0.0073,0,Forehand prepare 0.62,0,9,69.1535,90.9794,1.4457,0,Excellent,,-0.6789,-10.7189,-0.2338,11.2,-0.2816,0.0005,0.5531,0.239,0,0
1696,Rally,None,1,-0.0027,53.7703,-0.4297,3.5437,-14.8469,-0.5401,0.8324,4.1175,1,Run,0,9,LowPickup,32.0306,26.9929,-0.2209,0.7394,-10.6904,2.8838,0.0055,0,Forehand prepare 0.67,0,9,63.9082,97.6541,2.1361,0,Excellent,,-0.6218,-10.7594,-0.2338,11.2,-0.2837,0.0003,0.4359,0.4,0,0
1697,Rally,None,1,-0.0027,53.4848,-0.3943,3.5449,-14.8922,-0.5116,0.7784,4.4151,1,Run,0,9,LowPickup,31.5132,27.1166,-0.1557,0.7325,-10.7144,0.7332,0.0041,0,Forehand prepare 0.71,0,9,65.2366,101.8601,1.1012,0,Excellent,,-0.5647,-10.7999,-0.2338,11.2,-0.2855,0.0002,0.3436,0.8217,0,0
1698,Rally,None,1,-0.0027,53.1783,-0.3573,3.5461,-14.9395,-0.469,0.6926,4.8614,1,Run,0,9,LowPickup,30.7627,27.5157,-0.0589,0.7506,-10.7542,0.3949,0.003,0,Forehand prepare 0.75,0,9,66.3082,104.2693,0,0,Excellent,,-0.4792,-10.8605,-0.2338,11.2,-0.3065,0.0001,0.2708,1.2053,0,0
1699,Rally,None,1,-0.0027,52.873,-0.3212,3.5473,-14.9857,-0.4405,0.6322,5.159,1,Run,0,9,LowPickup,29.8723,28.2381,0.0071,0.8034,-10.768,3.4281,0.0023,0,Forehand prepare 0.80,0,9,61.4004,104.3054,0,0,Excellent,,-0.4241,-10.8995,-0.2338,11.2,-0.3053,0,0.0403,1.4891,0,0
1700,Rally,None,1,-0.0027,52.5492,-0.2842,3.5485,-15.033,-0.3979,0.5367,5.6054,1,Run,0,9,LowPickup,29.0197,29.7022,0.0946,0.8278,-10.8,3.6448,0,0,Forehand prepare 0.84,0,9,53.2571,101.8751,0,0,Excellent,,-0.3458,-10.955,-0.2338,11.2,-0.3238,0.001,1.6201,1.6231,0,0
1701,Rally,None,1,-0.0027,52.2288,-0.2485,3.5497,-15.0787,-0.3694,0.4699,5.9029,1,Run,0,9,LowPickup,28.2867,31.4084,0.1526,0.8421,-10.816,5.7614,0,0,Forehand prepare 0.90,0,9,33.6995,90.7328,0,0,Excellent,,-0.2964,-10.99,-0.2338,11.2,-0.3203,0.0039,3.6604,1.5776,0,0
1702,Rally,None,1,-0.0027,51.9377,-0.2141,3.5509,-15.1228,-0.341,0.4005,6.2005,1,Run,0,9,LowPickup,27.6162,32.5765,0.2092,0.8548,-10.8347,2.8122,0,0,Forehand prepare 0.93,0,9,21.6628,78.8747,0,0,Excellent,,-0.2493,-11.0234,-0.2338,11.2,-0.2912,0.0082,4.4739,1.3869,0,0
1703,Rally,None,1,-0.0027,51.6845,-0.1795,3.5521,-15.1671,-0.2983,0.2916,6.6469,1,Run,0,9,LowPickup,27.1054,33.5998,0.2811,0.8623,-10.8724,0.8285,0,0,Forehand prepare 0.97,0,9,11.9747,64.386,0,0,Excellent,,-0.1829,-11.0704,-0.2338,11.2,-0.2531,0.0133,5.1151,1.0783,0,0
1704,Rally,None,1,-0.0027,51.4645,-0.1464,3.5533,-15.2095,-0.2699,0.2158,6.9444,1,Run,0,9,LowPickup,26.8209,34.7851,0.3244,0.8676,-10.8964,0.8695,0,0,Forehand prepare 1.00,0,9,5.5037,52.9056,1.026,0,Excellent,,-0.1414,-11.0998,-0.2338,11.2,-0.2201,0.0192,6.4149,0.6899,0,0
1705,Rally,None,1,-0.0027,51.2731,-0.1136,3.5545,-15.2517,-0.2272,0.1,7.3908,1,Run,0,9,LowPickup,26.6573,35.3519,0.3803,0.8654,-10.9392,0.1307,0,0,Forehand prepare 1.00,1,0.1762,27.0285,67.548,0.0238,0,Excellent,,-0.0835,-11.1409,-0.2338,11.2,-0.1913,0.0251,6.6448,0.2803,0,0
1706,Rally,None,1,-0.0027,51.1068,-0.0824,3.5556,-15.2917,-0.2007,0.1571,7.6681,1,Run,0,9,LowPickup,26.6825,36.075,0.4146,0.8652,-10.9675,0.1756,0,0,Backhand swing,1,0.1621,66.1016,36.8565,7.3395,0,Excellent,,-0.0477,-11.1662,-0.1537,11.2,-0.1663,0.0307,7.6205,0.1211,0,0
1707,Rally,None,1,-0.0027,50.9622,-0.053,3.5568,-15.3295,-0.1742,0.2116,7.9455,1,Run,0,9,LowPickup,26.7874,36.1921,0.4479,0.8642,-10.9955,0.1649,0,0,Backhand swing,1,0.148,56.7114,0.3429,0,0,Excellent,,-0.0142,-11.19,-0.0736,11.2,-0.1446,0.0356,7.595,0.4476,0,0
1708,Rally,None,1,-0.0027,50.8365,-0.0265,3.5579,-15.3637,-0.1344,0.2883,8.3615,1,Run,0,9,LowPickup,26.9848,36.154,0.462,0.8645,-11.0108,0,0,0,Backhand swing,1,0.1269,-3.6904,-28.3219,15.6478,0,Excellent,,0,-11.2,-0.0588,11.2,-0.1257,0.0392,7.5749,0.6966,0,0
1709,Rally,None,1,-0.0027,50.7272,-0.0035,3.5591,-15.3933,-0.1079,0.3361,8.6388,1,Ready,0,9,LowPickup,24.722,33.0682,0.4317,0.8458,-10.9981,0,0,0,Backhand swing,1,0.1128,37.718,-36.8125,7.9337,0,Excellent,,0,-11.2,-0.0588,11.2,-0.1093,0.0405,5.97,1.9187,0,0
1710,Rally,None,1,-0.0027,50.6322,0.0165,3.5602,-15.419,-0.0681,0.4028,9.0548,1,Ready,0,9,LowPickup,20.6219,27.4649,0.3924,0.8326,-10.9709,0,0,0,Backhand swing,1,0.0916,35.1631,-34.6401,0.9817,0,Excellent,,0,-11.2,-0.0588,11.2,-0.095,0.0393,4.7051,3.2394,0,0
1711,Rally,None,1,-0.0027,50.5496,0.0338,3.5613,-15.4414,-0.0416,0.444,9.3321,1,Ready,0,9,LowPickup,16.7178,21.4666,0.3462,0.8188,-10.9408,0,0,0,Backhand swing,1,0.0775,27.6379,-34.8872,1.0771,0,Excellent,,0,-11.2,-0.0588,11.2,-0.0826,0.0358,3.7082,3.5704,0,0
1712,Rally,None,1,-0.0027,50.4778,0.0488,3.5624,-15.4608,-0.0151,0.4825,9.6095,1,Ready,0,9,LowPickup,13.6323,16.53,0.3058,0.8035,-10.9213,0,0,0,Backhand swing,1,0.0634,24.93,-28.0251,0.969,0,Excellent,,0,-11.2,-0.0588,11.2,-0.0718,0.0308,2.9225,3.3876,0,0
1713,Rally,None,1,-0.0027,50.4154,0.0617,3.5635,-15.4776,0.0247,0.5352,10.0255,1,Ready,0,9,LowPickup,11.449,12.7789,0.272,0.7882,-10.9146,0,0,0,Backhand swing,1,0.0423,8.59,-27.2341,0.674,0,Excellent,,0,-11.2,-0.0588,11.2,-0.0624,0.025,2.3033,2.7957,0,0
1714,Rally,None,1,-0.0027,50.3611,0.0729,3.5646,-15.4922,0.0512,0.5671,10.3028,1,Ready,0,9,LowPickup,10.0424,10.1273,0.2451,0.7746,-10.9273,3.3879,0,0,Backhand swing,1,0.0282,27.6951,7.4877,0.6272,0,Excellent,,0,-11.2,-0.0588,11.2,-0.0543,0.019,1.8153,1.9541,0,0
1715,Rally,None,1,-0.0027,50.314,0.0826,3.5656,-15.5049,0.0909,0.6099,10.7188,1,Ready,0,9,LowPickup,9.2699,8.4214,0.2256,0.7678,-10.9462,2.2008,0,0,Backhand swing,1,0.007,-1.5301,-27.4322,0.3935,0,Excellent,,0,-11.2,-0.0564,11.2,-0.0472,0.0135,1.4307,1.0823,0,1.2612
1716,Rally,None,1,-0.0027,51.0568,0.0909,3.5666,-15.5153,0.1042,0.664,10.7375,1,Ready,0,9,LowPickup,8.9796,7.547,0.2146,0.769,-10.9558,0.34,0,0,Backhand swing,1,0,16.0316,1.2196,0,0,Excellent,R;,0,-11.2,-0.0451,11.2,0.7428,0.0087,1.1276,0.5539,0,0.994
1717,Rally,None,1,-0.0027,51.7026,0.0981,3.5675,-15.5244,0.145,0.7524,10.4345,1,Ready,0,9,LowPickup,9.1757,7.3176,0.2034,0.7708,-10.9566,0.2641,0,0,Backhand swing,1,-0.0167,2.9183,-3.0366,0,0,Excellent,,0,-11.2,0,11.2,0.6458,0.005,0.8887,0.8559,0,0.7834
1718,Rally,None,1,-0.0027,52.264,0.1042,3.5685,-15.5322,0.1858,0.8376,10.1314,1,Ready,0,9,LowPickup,9.9787,7.5591,0.1818,0.7756,-10.9417,0.1481,0,0,Backhand follow,1,-0.0333,40.2209,50.4155,0,0,Excellent,,0,-11.2,0,11.2,0.5614,0.0022,0.7004,1.0655,0,0.6174
1719,Rally,None,1,-0.0027,52.7521,0.1094,3.5694,-15.539,0.2469,0.9591,9.6769,1,Ready,0,9,LowPickup,11.0784,8.1284,0.1607,0.7838,-10.9297,0.1606,0,0,Backhand follow,1,-0.0583,48.6055,64.9707,0,0,Excellent,,0,-11.2,0,11.2,0.4881,0.0004,0.552,1.0748,0,0.4866
1720,Rally,None,1,-0.0027,53.1764,0.1139,3.5704,-15.5449,0.2877,1.036,9.3738,1,Ready,0,9,LowPickup,12.3334,8.9272,0.1778,0.7902,-10.9274,0.4399,0,0,Backhand follow,1,-0.075,54.1261,66.9675,0,0,Excellent,,0,-11.2,0,11.2,0.4243,-0.0006,0.435,0.9359,0,0.5018
1721,Rally,None,1,-0.0027,53.5453,0.118,3.5713,-15.5501,0.3489,1.1453,8.9193,1,Ready,0,9,LowPickup,13.4552,9.7388,0.1483,0.7977,-10.9404,0.4658,0,0,Backhand follow,1,-0.1,65.0092,82.5781,0,0,Excellent,,0.0041,-11.201,0,11.2,0.3689,-0.001,0.3429,0.7442,0,0.4888
1722,Rally,None,1,-0.0027,53.866,0.1218,3.5722,-15.5548,0.3897,1.214,8.6162,1,Run,0,9,LowPickup,14.4517,10.3901,0.1667,0.8096,-10.948,0.6352,0,0,Backhand follow,1,-0.1167,64.8389,89.007,1.2661,0,Excellent,,0.0101,-11.2024,0,11.2,0.3207,-0.0011,2.135,0.6376,0,0.4588
1723,Rally,None,1,-0.0027,54.1448,0.1257,3.5731,-15.5591,0.4305,1.2795,8.3132,1,Run,0,9,LowPickup,15.8049,11.7273,0.1981,0.8173,-10.9627,5.7237,0,0,Backhand follow,1,-0.1333,66.309,94.2734,1.4098,0,Excellent,,0.0189,-11.2046,0,11.2,0.2788,-0.001,3.2708,0.5662,0,0.4172
1724,Rally,None,1,-0.0027,54.3871,0.1303,3.574,-15.5634,0.4916,1.3715,7.8586,1,Run,0,9,LowPickup,17.5803,13.6,0.2413,0.8088,-10.9919,0.639,0,0,Backhand follow,1,-0.1583,70.6165,99.448,1.0412,0,Excellent,,0.0371,-11.2089,0,11.2,0.2424,-0.0009,4.1666,0.5676,0,0.3288
1725,Rally,None,1,-0.0027,54.5978,0.1353,3.5749,-15.5677,0.5324,1.4288,7.5556,1,Run,0,9,LowPickup,20.3097,16.1682,0.2833,0.7907,-11.0168,5.9408,0,0,Backhand follow,1,-0.175,69.4473,99.5798,1.0226,0,Excellent,,0.0527,-11.2127,0,11.2,0.2107,-0.0007,5.6672,0.7072,0,0.2591
1726,Rally,None,1,-0.0027,54.781,0.1416,3.5757,-15.5722,0.5936,1.5086,7.1011,1,Run,0,9,LowPickup,24.0606,19.7228,0.3365,0.7779,-11.0258,0.7622,0,0,Backhand follow,1,-0.2,74.4866,102.2736,4.7815,0,Excellent,,0.081,-11.2195,0,11.2,0.1832,-0.0004,6.0555,1.0582,0,0.2042
1727,Rally,None,1,-0.0027,54.9403,0.1485,3.5766,-15.5769,0.6344,1.5577,6.798,1,Run,0,9,LowPickup,28.1655,23.2041,0.3984,0.7528,-11.0566,4.0452,0,0,Backhand follow,1,-0.2167,73.4938,101.2011,3.634,0,Excellent,,0.1033,-11.2249,0,11.2,0.1592,-0.0002,7.156,0.5834,0,0.161
1728,Rally,None,1,-0.0027,55.0787,0.1562,3.5774,-15.5817,0.6752,1.6035,6.495,1,Run,0,9,LowPickup,31.9364,26.5014,0.4684,0.7269,-11.1199,0,0,0,Backhand follow,1,-0.2333,75.3546,100.5675,0.2738,0,Excellent,,0.1283,-11.2309,0,11.2,0.1384,0,7.2289,0.5956,0,0.1269
1729,Rally,None,1,-0.0027,55.1991,0.1659,3.5782,-15.5872,0.7363,1.6661,6.0404,1,Run,0,9,LowPickup,34.9468,29.1589,0.5378,0.7105,-11.1773,0,0,0,Backhand follow,1,-0.2583,79.3138,100.3569,0.0947,0,Excellent,,0.1708,-11.2411,0,11.2,0.1204,0.0001,7.2863,0.5931,0,0.1
1730,Rally,None,1,-0.0027,55.3037,0.1764,3.579,-15.5929,0.7771,1.7037,5.7374,1,Run,0,9,LowPickup,37.159,30.8328,0.5778,0.6974,-11.2111,0,0,0,Backhand follow,1,-0.275,78.4488,98.5028,0.5365,0,Excellent,,0.2025,-11.2488,0,11.2,0.1046,0.0002,8.1261,0.5198,0,0.0788
1731,Rally,None,1,-0.0027,55.3947,0.1892,3.5798,-15.5996,0.8383,1.754,5.2828,1,Run,0,9,LowPickup,38.7576,32.3124,0.6374,0.692,-11.2449,0,0,0,Backhand follow,0,9,76.1536,97.9708,0.5484,0,Excellent,,0.2552,-11.2615,0,11.2,0.091,0.0002,7.9935,0.4006,0,0.0788
1732,Rally,None,1,-0.0027,55.4738,0.2029,3.5805,-15.6066,0.8791,1.7834,4.9798,1,Run,0,9,LowPickup,39.8273,33.0686,0.6795,0.6836,-11.273,0,0,0,Backhand finish,0,9,76.5059,96.8915,1.6811,0,Excellent,,0.2937,-11.2707,0,11.2,0.0791,0.0002,8.5,0.2621,0,0.0621
1733,Rally,None,1,-0.0027,55.5425,0.2177,3.5812,-15.6139,0.9199,1.8096,4.6768,1,Run,0,9,LowPickup,40.5303,33.7493,0.7624,0.6899,-11.2963,1.96,0,0,Backhand finish,0,9,76.3733,96.1541,8.9473,0,Excellent,,0.3349,-11.2806,0,11.2,0.0687,0.0002,8.4327,0.129,0,0.0489
1734,Rally,None,1,-0.0027,55.6023,0.2352,3.5819,-15.6224,0.9811,1.8427,4.2222,1,Run,0,9,LowPickup,40.9461,34.2646,0.833,0.6886,-11.3147,1.8188,0,0,Backhand finish,0,9,75.6857,95.6196,0.4585,0,Excellent,,0.4017,-11.2967,0,11.2,0.0598,0.0001,8.2351,0.081,0,0.0386
1735,Rally,None,1,-0.0027,55.6542,0.2537,3.5826,-15.6313,1.0218,1.8607,3.9192,1,Run,0,9,LowPickup,41.0882,34.47,0.8462,0.6731,-11.3211,0,0,0,Backhand finish,0,9,74.7746,95.2283,0.4729,0,Excellent,,0.4496,-11.3083,0,11.2,0.052,0.0001,8.5,0.1802,0,0.0304
1736,Rally,None,1,-0.0027,55.6994,0.2752,3.5833,-15.6414,1.083,1.8815,3.4646,1,Run,0,9,LowPickup,41.0444,34.7549,0.9288,0.6701,-11.3365,0,0,0,Backhand finish,0,9,74.0784,94.7766,0.3775,0,Excellent,,0.5266,-11.3268,0,11.2,0.0452,0,8.5,0.299,0,0.024
1737,Rally,None,1,-0.0027,55.7387,0.2977,3.5839,-15.6519,1.1238,1.8913,3.1616,1,Run,0,9,LowPickup,40.8109,34.998,0.9917,0.6701,-11.3429,0,0,0,Backhand finish,0,9,73.8025,94.1524,0,0,Excellent,,0.5813,-11.34,0,11.2,0.0393,0,8.5,0.4058,0,0.0189
1738,Rally,None,1,-0.0027,55.7728,0.3212,3.5846,-15.6628,1.1646,1.8978,2.8586,1,Run,0,9,LowPickup,40.5596,35.2976,1.0568,0.6731,-11.3486,0,0,0,Backhand finish,0,9,73.9224,93.1418,0,0,Excellent,,0.6387,-11.3538,0,11.2,0.0341,0,8.5,0.4766,0,0.0149
1739,Rally,None,1,-0.0027,55.8025,0.348,3.5852,-15.6752,1.2258,1.9014,2.404,1,Run,0,9,LowPickup,40.171,35.6773,1.1573,0.6801,-11.3594,0,0,0,Backhand finish,0,9,74.3422,91.8278,0.1473,0,Excellent,,0.7298,-11.3758,0,11.2,0.0297,0,8.5,0.5522,0,0.0117
1740,Rally,None,1,-0.0027,55.8283,0.3757,3.5857,-15.6879,1.2665,1.8997,2.101,1,Run,0,9,LowPickup,39.6937,36.1123,1.2328,0.6911,-11.3628,1.5394,0,0,Backhand finish,0,9,74.8888,90.1889,0.2711,0,Excellent,,0.794,-11.3912,0,11.2,0.0258,0,8.5,0.6143,0,0.0092
1741,Rally,None,1,-0.0027,55.8507,0.407,3.5863,-15.7022,1.3277,1.891,1.6464,1,Run,0,9,LowPickup,39.2904,36.5575,1.3428,0.7101,-11.3783,1.4274,0,0,Backhand finish,0,9,75.4129,88.4424,0.2697,0,Excellent,,0.8952,-11.4156,0,11.2,0.0224,0,8.5,0.6076,0,0.0073
1742,Rally,None,1,-0.0027,55.8702,0.439,3.5868,-15.7168,1.3685,1.8812,1.3434,1,Run,0,9,LowPickup,38.8489,36.9719,1.4222,0.7223,-11.3865,0.8033,0,0,Backhand finish,0,9,75.7638,86.6957,0.1855,0,Excellent,,0.9661,-11.4327,0,11.2,0.0195,0,8.5,0.5686,0,0.0057
1743,Rally,None,1,-0.0027,55.8872,0.472,3.5873,-15.7318,1.4093,1.868,1.0403,1,Forehand prepare 0.03,0,9,LowPickup,38.2765,35.4087,1.5067,0.7406,-11.4234,0.5284,0.2083,0.1667,Backhand finish,0,9,75.8968,85.1274,0,0,Excellent,,1.0397,-11.4504,0,11.2,0.017,0,8.5,0.6264,0,0.0045
1744,Rally,None,1,-0.0027,55.9019,0.5089,3.5878,-15.7485,1.4705,1.8422,0.5858,1,Forehand prepare 0.07,0,9,LowPickup,38.0465,34.9026,1.5724,0.7788,-11.3852,0.9959,0.4167,0.3333,Backhand finish,0,9,75.8938,83.8175,0,0,Excellent,,1.1552,-11.4782,0,11.2,0.0147,0,8.5,0.4393,0,0.0036
1745,Rally,None,1,-0.0027,55.9147,0.5464,3.5882,-15.7655,1.5112,1.8208,0.2827,1,Forehand prepare 0.12,0,9,LowPickup,49.4045,39.3008,1.6913,0.7776,-11.5212,0,0.625,0.5,Backhand finish,0,9,75.7618,82.8198,0.4924,0,Excellent,,1.2355,-11.4975,0,11.2,0.0128,0,8.5,3.6729,0,0.0028
1746,Rally,None,1,-0.0027,55.9198,0.5878,3.5885,-15.7842,1.5724,1.7827,-0.1718,1,Forehand prepare 0.15,0,9,LowPickup,47.67,39.0013,1.7706,0.7551,-11.5925,0,0.8333,0.6667,Backhand finish,0,9,75.5555,82.0873,0.4195,0,Excellent,,1.3611,-11.5278,0,11.2,0.0051,0,8.5,5.2114,0,0.0022
1747,Rally,None,1,-0.0027,55.9157,0.6295,3.5885,-15.8033,1.6132,1.7532,-0.4748,1,Forehand prepare 0.21,0,9,LowPickup,50.5368,39.1453,1.8227,0.741,-11.6414,0,1,0.8333,Backhand finish,0,9,74.5768,81.5367,0.29,0,Excellent,,1.4482,-11.5487,0,11.2,-0.0041,0,8.5,6.0678,0,0.0017
1748,Rally,None,1,-0.0027,55.9038,0.6716,3.5884,-15.8226,1.654,1.7204,-0.7779,1,Forehand prepare 0.24,0,9,LowPickup,50.669,38.3433,1.8689,0.724,-11.6616,0,1,1,Backhand finish,0,9,72.2398,81.1426,0.443,0,Excellent,,1.5347,-11.5696,0,11.2,-0.012,0,8.5,5.6259,0,0.0014
1749,Rally,None,1,-0.0027,55.8806,0.7165,3.5879,-15.8434,1.7152,1.665,-1.2324,1,Forehand prepare 0.27,0,9,LowPickup,49.4451,37.8841,2.0105,0.7317,-11.6972,2.0841,1,1,Backhand finish,0,9,68.7661,81.0545,0.6147,0,Excellent,,1.6593,-11.5996,0,11.2,-0.0231,0,5.8979,4.479,0,0.0011
1750,Rally,None,1,-0.0027,55.8521,0.7608,3.5873,-15.864,1.756,1.6241,-1.5355,1,Forehand prepare 0.33,0,9,LowPickup,47.2961,38.0234,2.1901,0.7987,-11.7397,0.4407,1,1,Backhand finish,0,9,64.2559,81.2967,0.7665,0,Excellent,,1.7391,-11.6188,0,11.2,-0.0286,0,2.2648,3.3657,0,0.0009
1751,Rally,None,1,-0.0027,55.8144,0.8071,3.5865,-15.8856,1.8171,1.5564,-1.99,1,Forehand prepare 0.36,0,9,LowPickup,46.099,38.7461,2.3721,0.864,-11.7879,0.9762,1,1,Backhand finish,0,9,58.9,81.7113,0.8973,0,Excellent,,1.8536,-11.6464,0,11.2,-0.0376,0,0.1959,4.1417,0,0.0007
1752,Rally,None,1,-0.0027,55.7731,0.8521,3.5856,-15.9067,1.8579,1.5073,-2.2931,1,Forehand prepare 0.41,0,9,LowPickup,45.2184,42.9023,2.5055,0.9909,-11.848,8.2256,1,1,Backhand finish,0,9,52.8261,82.0282,1.0084,0,Excellent,,1.9266,-11.6639,0,11.2,-0.0413,0.0014,2.2292,7.5761,0,0.0005
1753,Rally,None,1,-0.0027,55.7287,0.8958,3.5846,-15.9272,1.8987,1.4548,-2.5961,1,Forehand prepare 0.45,0,9,LowPickup,43.5575,46.8954,2.5822,1.0726,-11.9083,3.3799,1,1,Backhand finish,0,9,46.4839,82.1772,1.0504,0,Excellent,,1.9969,-11.6809,0,11.2,-0.0444,0.0044,3.3459,9.3699,0,0.0004
1754,Rally,None,1,-0.0027,55.6772,0.9405,3.5833,-15.9483,1.9599,1.37,-3.0507,1,Forehand prepare 0.48,0,9,LowPickup,43.3568,51.687,2.6636,1.1458,-11.9928,1.5944,1,1,Backhand finish,0,9,39.9989,81.1507,1.0132,0,Excellent,,2.0973,-11.705,0,11.2,-0.0515,0.0085,4.2261,8.8302,0,0.0003
1755,Rally,None,1,-0.0027,55.6238,0.9835,3.582,-15.9687,2.0007,1.3094,-3.3537,1,Forehand prepare 0.54,0,9,LowPickup,47.9857,59.2099,2.6401,1.253,-12.1075,4.6934,1,1,Backhand finish,0,9,33.6959,78.7507,0.9226,0,Excellent,,2.1608,-11.7203,0,11.2,-0.0534,0.0139,5.7142,5.7612,0,0.0003
1756,Rally,None,1,-0.0027,55.5644,1.0268,3.5806,-15.9894,2.0618,1.2123,-3.8082,1,Forehand prepare 0.57,0,9,LowPickup,47.5359,63.0331,2.6684,1.2898,-12.1566,1.5467,1,1,Backhand finish,0,9,27.7606,75.0945,0.8284,0,Excellent,,2.251,-11.7421,0,11.2,-0.0594,0.0198,6.0926,4.5684,0,0.0002
1757,Rally,None,1,-0.0027,55.5041,1.0682,3.5791,-16.0091,2.1026,1.1434,-4.1113,1,Forehand prepare 0.62,0,9,LowPickup,36.5521,65.2349,2.6813,1.3165,-12.1773,0,1,1,Backhand finish,0,9,22.4077,70.2771,0,0,Excellent,,2.3078,-11.7557,0,11.2,-0.0603,0.0258,7.1853,9.7907,0,0.0002
1758,Rally,None,1,-0.0027,55.443,1.1076,3.5776,-16.028,2.1434,1.0713,-4.4143,1,Forehand prepare 0.66,0,9,LowPickup,30.1377,68.9892,2.6899,1.3387,-12.2035,0,1,1,Backhand finish,0,9,17.6065,64.3753,0,0,Excellent,,2.3619,-11.7688,0,11.2,-0.0611,0.0313,7.252,10.6669,0,0.0001
1759,Rally,None,1,-0.0027,55.3768,1.1468,3.5759,-16.0469,2.2046,0.9571,-4.8689,1,Forehand prepare 0.69,0,9,LowPickup,31.36,75.7584,2.6657,1.3847,-12.2255,0,1,1,Backhand finish,0,9,13.5695,57.7118,0,0,Excellent,,2.4379,-11.7871,0,11.2,-0.0662,0.0358,7.3045,6.6555,0,0.0001
1760,Rally,None,1,-0.0027,55.3103,1.1816,3.5742,-16.0639,2.2454,0.8768,-5.1719,1,Forehand prepare 0.75,0,9,LowPickup,37.9469,83.7382,2.5235,1.4552,-12.1696,0,1,1,Backhand finish,0,9,10.3428,50.4382,0,0,Excellent,,2.4529,-11.7907,0,11.2,-0.0665,0.0395,8.1405,3.4865,0,0.0001
1761,Rally,None,1,-0.0027,55.2389,1.2114,3.5723,-16.0787,2.3065,0.7502,-5.6265,1,Forehand prepare 0.78,0,9,LowPickup,34.6837,79.9813,2.5771,1.3942,-12.2052,0,1,1,Backhand finish,0,9,8.1007,42.8822,0.4341,0,Excellent,,2.4529,-11.7907,0,11.2,-0.0714,0.0412,6.4157,8.7076,0,0.0001
1762,Rally,None,1,-0.0027,55.1677,1.2369,3.5705,-16.0916,2.3473,0.6617,-5.9295,1,Forehand prepare 0.84,0,9,LowPickup,21.1819,69.8011,2.6851,1.2857,-12.2198,2.2328,1,1,Backhand finish,0,9,7.1106,35.3702,0.403,0,Excellent,,2.4529,-11.7907,0,11.2,-0.0712,0.0403,5.0564,14.8973,0,0
1763,Rally,None,1,-0.0027,55.0968,1.2586,3.5686,-16.1029,2.3881,0.57,-6.2325,1,Forehand prepare 0.88,0,9,LowPickup,9.0126,60.2251,2.7736,1.1518,-12.1931,0.9802,1,1,Backhand finish,0,9,7.3437,27.9533,1.9578,0,Excellent,,2.4529,-11.7907,0,11.2,-0.0709,0.0372,3.9851,17.6287,0,0
1764,Rally,None,1,-0.0027,55.0215,1.2771,3.5666,-16.1128,2.4493,0.4262,-6.6871,1,Forehand prepare 0.91,0,9,LowPickup,0.5259,51.8005,2.8115,1.0161,-12.1386,1.1324,1,1,Backhand finish,0,9,8.3391,20.9236,0.6982,0,Excellent,,2.4529,-11.7907,0,11.2,-0.0753,0.0323,3.1408,19.1066,0,0
1765,Rally,None,1,-0.0027,54.947,1.2928,3.5646,-16.1214,2.4901,0.3262,-6.9901,1,Forehand prepare 0.97,0,9,LowPickup,-2.0772,43.2108,2.8261,0.8616,-11.9882,0.3727,1,1,Backhand finish,0,9,9.6739,14.4007,0.713,0,Excellent,,2.4529,-11.7907,0,11.2,-0.0745,0.0266,2.4753,15.6915,0,0
1766,Rally,None,1,-0.0027,54.8686,1.306,3.5625,-16.129,2.5512,0.1702,-7.4447,1,Forehand prepare 1.00,0,9,LowPickup,-1.7797,37.1524,2.78,0.7899,-11.8836,0.4799,1,1,Backhand finish,0,9,10.8744,8.7366,0.6286,0,Excellent,,2.4529,-11.7907,0,11.2,-0.0784,0.0205,1.9509,11.4503,0,0
1767,Rally,None,1,-0.0027,54.7941,1.3172,3.5605,-16.1357,2.592,0.1,-7.7477,1,Forehand prepare 1.00,1,0.1645,LowPickup,11.7166,43.2361,2.7922,0.7888,-11.9198,3.2821,1,1,Backhand finish,0,9,11.8267,4.0989,0.328,0,Excellent,,2.4529,-11.7907,0,11.2,-0.0745,0.0098,1.2118,5.3423,0,0
1768,Rally,None,1,-0.0027,54.7203,1.3266,3.5585,-16.1415,2.6317,0.1883,-8.0428,1,Forehand swing,1,0.1478,LowPickup,-2.2674,41.0846,2.7953,0.762,-11.8896,2.254,1,1,Ready,0,9,18.22,5.9448,1.0522,0,Excellent,,2.4529,-11.7907,0,11.2,-0.0738,0.0058,0.955,0.8846,0,0
1769,Rally,None,1,-0.0027,54.6425,1.3344,3.5564,-16.1467,2.6913,0.3151,-8.4854,1,Forehand swing,1,0.1228,LowPickup,-9.9938,37.6174,2.7981,0.7431,-11.9129,0.2237,1,1,Ready,0,9,18.204,5.4906,0.1079,0,Excellent,,2.4529,-11.7907,0,11.2,-0.0778,0.0028,0.7527,0,0,0
1770,Rally,None,1,-0.0027,54.5658,1.3409,3.5543,-16.1512,2.731,0.3959,-8.7805,1,Forehand swing,1,0.1062,LowPickup,-11.4369,33.2732,2.7938,0.7332,-11.9231,1.7013,1,1,Ready,0,9,18.2006,5.4821,0,0,Excellent,,2.4529,-11.7907,0,11.2,-0.0767,0.0008,0.5932,0,0,0
1771,Rally,None,1,-0.0027,54.4855,1.3461,3.5522,-16.1553,2.7906,0.5116,-9.2231,1,Forehand swing,1,0.0812,LowPickup,-18.1528,17.8723,2.8119,0.7234,-11.8385,7.3885,1,1,Ready,0,9,18.227,5.8518,0,0,Excellent,,2.4529,-11.7907,0,11.2,-0.0803,-0.0004,0.4026,0,0,0
1772,Rally,None,1,-0.0027,54.4067,1.3503,3.55,-16.1588,2.8303,0.585,-9.5182,1,Forehand swing,1,0.0645,LowPickup,-19.1699,6.42,2.8112,0.7327,-11.7555,0.8062,1,1,Ready,0,9,18.2804,6.5051,0,0,Excellent,,2.4529,-11.7907,0,11.2,-0.0789,-0.0009,0.2661,0,0,0
1773,Rally,None,1,-0.0027,54.329,1.3537,3.5479,-16.162,2.87,0.6555,-9.8133,1,Forehand swing,1,0.0478,LowPickup,-21.55,-9.2691,2.7993,0.7542,-11.6428,0.4004,1,1,Ready,0,9,18.3483,7.3464,0,0,Excellent,,2.4529,-11.7907,0,11.2,-0.0776,-0.0009,0.1694,0,0,0
1774,Rally,None,1,-0.0027,54.2479,1.3564,3.5457,-16.1648,2.9296,0.7556,-10.2559,1,Forehand swing,1,0.0282,LowPickup,-24.784,-26.941,2.7194,1.1011,-10.9349,0.2222,1,1,Ready,0,9,18.4027,8.2921,2.7121,0,Excellent,,2.4529,-11.7907,0,11.2,-0.0811,-0.0007,0.103,0,0,0
1775,Rally,None,1,-0.0027,54.1684,1.3584,3.5435,-16.1673,2.9693,0.8186,-10.551,1,Forehand swing,1,0.0169,LowPickup,-23.4376,-28.1343,2.6892,1.1358,-10.9909,0,1,1,Ready,0,9,18.4347,9.2297,1.5021,0,Excellent,,2.4529,-11.7907,0,11.2,-0.0796,-0.0003,0.0812,0,0,0
1776,Rally,None,1,-0.0027,54.0856,1.3598,3.5413,-16.1696,3.0289,0.9076,-10.9936,1,Forehand swing,1,0,LowPickup,-28.7286,-36.105,2.6699,1.1516,-11.0186,0,1,1,Ready,0,9,18.4404,10.0396,0.3085,0,Excellent,,2.4529,-11.7907,0,11.2,-0.0828,0.0001,0.064,0,0,0
1777,Rally,None,1,0.045,54.1005,1.3618,3.546,-16.1703,2.9834,0.9777,-10.5525,1,Forehand swing,1,-0.0083,LowPickup,-29.1179,-33.3863,2.661,1.1211,-11.0392,0,1,1,Ready,0,9,18.4422,10.6936,0.2663,0.9417,Perfect,P:Perfect+S;,2.4529,-11.7907,0,11.2,0.015,0.0004,0.0504,0,0,0
1778,Rally,None,1,0.0283,54.1351,1.3543,3.5569,-16.1699,2.9834,0.9777,-10.5525,1,Forehand follow,1,-0.0083,LowPickup,-26.739,-26.4646,2.6587,1.1169,-11.0382,0,1,1,Ready,0,9,18.4921,11.193,0.2138,0.8833,Perfect,,2.4529,-11.7907,0,11.2,0.0346,0.0004,0.0504,0,0,0
1779,Rally,None,1,0.0117,54.1867,1.3618,3.5559,-16.1711,2.9834,0.9777,-10.5525,1,Forehand follow,1,-0.0083,LowPickup,-26.771,-26.5167,2.6573,1.1148,-11.0375,0,1,1,Ready,0,9,18.5489,11.5112,0.1579,0.825,Perfect,,2.4529,-11.7907,0,11.2,0.0516,0.0006,0.0397,0,0,0
1780,Rally,None,1,-0.005,54.2531,1.3683,3.555,-16.172,2.9834,0.9777,-10.5525,1,Forehand follow,1,-0.0083,LowPickup,-26.7911,-26.5536,2.6562,1.1132,-11.0371,0,1,1,Ready,0,9,18.5851,11.633,0.1086,0.7667,Perfect,,2.4529,-11.7907,0,11.2,0.0664,0.0007,0.0313,0,0,0
1781,Rally,None,1,-0.005,54.3324,1.3641,3.5616,-16.1718,2.938,1.0451,-10.2314,1,Forehand follow,1,-0.025,LowPickup,-35.2595,-40.3233,2.6562,1.0562,-11.1414,0,1,1,Ready,0,9,18.5811,11.5942,0.0723,0.7083,Perfect,,2.4509,-11.7902,0,11.2,0.0793,0.0017,0.7345,0,0,0
1782,Rally,None,1,-0.005,54.4228,1.3839,3.5585,-16.1722,2.8926,1.1101,-9.9103,1,Forehand follow,1,-0.0417,LowPickup,-38.1341,-40.9904,2.7337,0.9666,-11.2884,10.2267,1,1,Ready,0,9,18.4915,11.4247,0.0394,0.65,Perfect,,2.4462,-11.7891,0,11.2,0.0905,0.004,1.294,0,0,0
1783,Rally,None,1,-0.005,54.5231,1.3841,3.5608,-16.1718,2.8244,1.2027,-9.4286,1,Forehand follow,1,-0.0667,LowPickup,-41.6109,-49.5519,2.9114,0.7568,-11.3057,18.3789,1,1,Ready,0,9,18.3702,11.1813,0.0239,0.5917,Perfect,,2.434,-11.7861,0,11.2,0.1002,0.008,2.0924,0,0,0
1784,Rally,None,1,-0.005,54.6318,1.3851,3.5491,-16.1737,2.779,1.2612,-9.1075,1,Forehand follow,1,-0.0833,LowPickup,-40.5292,-55.6024,2.8097,0.8536,-11.211,0.7177,1,1,Ready,0,9,18.2459,10.9154,0.0166,0.5333,Perfect,,2.4225,-11.7834,0,11.2,0.1087,0.0131,3.0938,1.5468,0,0
1785,Rally,None,1,-0.005,54.7478,1.3743,3.5586,-16.1713,2.7108,1.3443,-8.6258,1,Forehand follow,1,-0.1083,LowPickup,-44.7146,-66.1279,2.6019,1.0294,-11.1298,0.5181,1,1,Ready,0,9,18.1508,10.6581,0.0217,0.475,Perfect,,2.4003,-11.778,0,11.2,0.116,0.0191,4.7481,4.8257,0,0
1786,Rally,None,1,-0.005,54.8702,1.3699,3.5632,-16.1691,2.6654,1.3964,-8.3047,1,Forehand follow,1,-0.125,LowPickup,-42.4771,-70.8528,2.4575,1.1267,-11.1594,0,1,1,Ready,0,9,18.1105,10.4316,0.0208,0.4167,Perfect,,2.382,-11.7736,0,11.2,0.1224,0.0251,5.8334,10.5396,0,0
1787,Rally,None,1,-0.005,54.9982,1.3714,3.5592,-16.1677,2.62,1.446,-7.9836,1,Forehand follow,1,-0.1417,LowPickup,-41.9962,-76.0434,2.3538,1.1646,-11.16,0,1,1,Ready,0,9,18.1666,10.2732,0.0125,0.3583,Perfect,,2.3611,-11.7686,0,11.2,0.128,0.0304,6.8939,13.6638,0,0
1788,Rally,None,1,-0.005,55.1291,1.3609,3.5608,-16.1648,2.5518,1.5157,-7.5019,1,Forehand follow,1,-0.1667,LowPickup,-41.9918,-82.9511,2.2043,1.1674,-11.1539,0,1,1,Ready,0,9,18.4073,10.2329,0.0111,0.3,Perfect,,2.3246,-11.7598,0,11.2,0.1309,0.0352,7.8168,14.0929,0,0
1789,Rally,None,1,-0.005,55.2429,1.3512,3.5649,-16.1608,2.5064,1.5589,-7.1808,1,Forehand follow,1,-0.1833,LowPickup,-40.2826,-87.236,2.1439,1.1318,-11.1186,0,1,1,Ready,0,9,18.7066,10.2503,0.0161,0.2417,Perfect,,2.297,-11.7531,0,11.2,0.1138,0.0389,7.7497,11.7449,0,0
1790,Rally,None,1,-0.005,55.3418,1.3379,3.5603,-16.1575,2.4382,1.619,-6.6991,1,Forehand follow,1,-0.2083,LowPickup,-41.0726,-94.3613,2.0156,1.07,-11.1784,0,1,1,Ready,0,9,18.9662,10.2761,0.0093,0.1833,Perfect,,2.2504,-11.7419,0,11.2,0.0989,0.042,8.4913,10.7973,0,0
1791,Rally,None,1,-0.005,55.4278,1.3269,3.5618,-16.1524,2.3928,1.6558,-6.378,1,Forehand follow,1,-0.225,LowPickup,-40.6293,-99.5435,1.9501,1.0386,-11.1796,0,1,1,Ready,0,9,19.2033,10.3266,0.0074,0.125,Perfect,,2.2159,-11.7336,0,11.2,0.086,0.0441,8.2813,6.3727,0,0
1792,Rally,None,1,-0.005,55.5025,1.3172,3.5652,-16.1462,2.3473,1.6901,-6.0569,1,Forehand follow,1,-0.2417,LowPickup,-40.9506,-105.4682,1.9137,1.2583,-11.539,0,1,1,Ready,0,9,19.3898,10.3968,0.0166,0.0667,Perfect,,2.1788,-11.7247,0,11.2,0.0748,0.0451,8.1157,3.7371,0,0
1793,Rally,None,1,-0.005,55.5675,1.3004,3.5654,-16.1397,2.2792,1.7368,-5.5752,1,Forehand follow,1,-0.2667,LowPickup,-41.0818,-111.1047,1.8264,0.8319,-11.4331,8.0729,1,1,Ready,0,9,19.5647,10.5076,0.018,0.0083,Perfect,,2.118,-11.71,-0.1201,11.2,0.065,0.0457,8.5,4.0521,0,0
1794,Rally,None,1,-0.005,55.624,1.2835,3.566,-16.1325,2.2337,1.7647,-5.2541,1,Forehand follow,0,9,LowPickup,-40.9184,-111.4777,1.7771,0.8109,-11.4699,4.9027,1,1,Run,0,9,23.269,14.5345,0.9698,0,Perfect,,2.0742,-11.6995,-0.2002,11.2,0.0565,0.0457,8.5,4.0521,0,0
1795,Rally,None,1,-0.005,55.6732,1.2635,3.5663,-16.124,2.1656,1.8018,-4.7724,1,Run,0,9,LowPickup,-41.5211,-66.2696,1.6629,0.8621,-11.2811,0.2582,0.9555,0.8333,Run,0,9,30.0079,21.7746,0.8804,0,Perfect,,2.0033,-11.6824,-0.2576,11.2,0.0491,0.0458,8.5,20.3344,0,0
1796,Rally,None,1,-0.005,55.7159,1.2422,3.5665,-16.1151,2.1201,1.8234,-4.4513,1,Run,0,9,LowPickup,-41.6199,-50.9055,1.7295,0.8096,-11.2229,0.1517,0.856,0.6667,Ready,0,9,32.92,24.861,0,0,Perfect,,1.9526,-11.6702,-0.2576,11.2,0.0427,0.0459,8.5,7.5682,0,0
1797,Rally,None,1,-0.005,55.753,1.2196,3.5665,-16.1058,2.0747,1.8424,-4.1302,1,Run,0,9,LowPickup,-41.4807,-47.4295,1.6944,0.7858,-11.2138,0.9134,0.7361,0.5,Ready,0,9,31.6645,23.5056,0,0,Perfect,,1.8993,-11.6574,-0.2576,11.2,0.0371,0.0458,8.5,5.8339,0,0
1798,Rally,None,1,-0.005,55.7852,1.1936,3.5664,-16.095,2.0066,1.8661,-3.6485,1,Run,0,9,LowPickup,-41.1788,-44.5105,1.6796,0.7381,-11.1946,6.9161,0.6155,0.3333,Ready,0,9,29.3574,21.0856,0,0,Perfect,,1.8142,-11.6369,-0.2576,11.2,0.0323,0.0453,8.4873,3.8965,0,0
1799,Rally,None,1,-0.005,55.8133,1.1665,3.5661,-16.0838,1.9611,1.8787,-3.3274,1,Run,0,9,LowPickup,-40.6827,-42.2228,1.7792,0.7071,-11.1807,0,0.5041,0.1667,Ready,0,9,27.1102,18.7771,0.3974,0,Perfect,,1.7541,-11.6224,-0.2576,11.2,0.0281,0.0451,8.5,2.0983,0,0
1800,Rally,None,1,-0.005,55.8377,1.1358,3.5657,-16.0711,1.893,1.8928,-2.8457,1,Run,0,9,LowPickup,-40.0276,-40.6098,1.6946,0.7046,-11.1699,0,0.4064,0,Ready,0,9,25.1717,16.8875,0,0,Perfect,,1.6589,-11.5995,-0.2576,11.2,0.0244,0.0448,8.5,1.169,0,0.0002
1801,Rally,None,1,-0.005,55.8589,1.104,3.5652,-16.0579,1.8475,1.899,-2.5246,1,Run,0,9,LowPickup,-39.3572,-39.594,1.634,0.7035,-11.1629,0,0.3236,0,Ready,0,9,23.5462,15.4292,0,0,Perfect,,1.5921,-11.5834,-0.2576,11.2,0.0212,0.0449,8.5,1.7553,0,0
1802,Rally,None,1,-0.005,55.8773,1.0713,3.5645,-16.0445,1.8021,1.9027,-2.2035,1,Run,0,9,LowPickup,-38.7355,-39.1077,1.5867,0.7226,-11.1568,0.4327,0.2551,0,Ready,0,9,22.073,14.2784,0,0,Perfect,,1.5241,-11.567,-0.2576,11.2,0.0184,0.0449,8.5,2.4521,0,0
1803,Rally,None,1,-0.005,55.8934,1.0352,3.5639,-16.0296,1.7339,1.9034,-1.7218,1,Run,0,9,LowPickup,-38.218,-39.4668,1.499,0.7426,-11.1454,0.4874,0.1995,0,Backhand prepare 0.04,0,9,20.0555,13.1893,0,0,Perfect,,1.422,-11.5424,-0.2576,11.2,0.016,0.044,7.329,2.8013,0,0
1804,Rally,None,1,-0.005,55.9073,0.9987,3.5631,-16.0145,1.6885,1.9007,-1.4007,1,Run,0,9,LowPickup,-37.9329,-40.1768,1.3954,0.7484,-11.138,0.0248,0.1549,0,Backhand prepare 0.10,0,9,17.0118,13.2053,0,0,Perfect,,1.3539,-11.526,-0.2576,11.2,0.0139,0.0414,5.7762,2.7371,0,0
1805,Rally,None,1,-0.005,55.9194,0.9595,3.5623,-15.9983,1.6203,1.8919,-0.919,1,Run,0,9,LowPickup,-37.8821,-40.8765,1.2502,0.7536,-11.1152,0.1549,0.1195,0,Backhand prepare 0.13,0,9,13.7217,13.0343,0,0,Perfect,,1.2518,-11.5015,-0.2576,11.2,0.0121,0.0374,4.5524,2.3415,0,0
1806,Rally,None,1,-0.005,55.9299,0.9202,3.5614,-15.982,1.5749,1.8828,-0.5979,1,Run,0,9,LowPickup,-37.9001,-41.3568,1.1769,0.7524,-11.0958,0.327,0.0918,0,Backhand prepare 0.19,0,9,7.174,11.1639,0,0,Perfect,,1.1838,-11.4851,-0.2576,11.2,0.0105,0.0321,3.5879,1.7428,0,0
1807,Rally,None,1,-0.005,55.9391,0.8809,3.5604,-15.9658,1.5295,1.8712,-0.2768,1,Run,0,9,LowPickup,-38.3082,-41.9099,1.1404,0.7549,-11.0728,0.392,0.0702,0,Backhand prepare 0.23,0,9,3.2155,9.211,2.038,0,Perfect,,1.1157,-11.4687,-0.2576,11.2,0.0092,0.0263,2.8277,1.0875,0,0.0002
1808,Rally,None,1,-0.005,55.9203,0.8391,3.5594,-15.9486,1.4613,1.849,0.2049,1,Run,0,9,LowPickup,-38.9237,-42.1888,1.065,0.7759,-11.0361,1.3596,0.0534,0,Backhand prepare 0.26,0,9,-0.7243,6.0679,0.6663,0,Perfect,,1.0136,-11.4441,-0.2576,11.2,-0.0188,0.0204,2.2286,0.6113,0,0
1809,Rally,None,1,-0.005,55.862,0.7977,3.5583,-15.9316,1.4159,1.8309,0.526,1,Run,0,9,LowPickup,-39.6316,-42.1837,0.98,0.7924,-11.0058,12.2799,0.0405,0,Backhand prepare 0.32,0,9,-4.3954,1.6527,0.3206,0,Perfect,,0.9456,-11.4277,-0.2576,11.2,-0.0583,0.0149,1.7564,0.7797,0,0
1810,Rally,None,1,-0.005,55.7484,0.7541,3.5573,-15.9136,1.3477,1.7991,1.0077,1,Run,0,9,LowPickup,-40.3218,-42.0176,0.8601,0.7926,-10.9679,0.3585,0.0307,0,Backhand prepare 0.36,0,9,-8.5633,-3.0842,0.4768,0,Perfect,,0.8435,-11.4031,-0.2576,11.2,-0.1136,0.0102,1.3843,1.1524,0,0
1811,Rally,None,1,-0.005,55.6076,0.7111,3.5561,-15.8959,1.3023,1.7747,1.3288,1,Run,0,9,LowPickup,-41.0763,-41.6148,0.7731,0.7963,-10.9381,2.288,0.0231,0,Backhand prepare 0.41,0,9,-14.4349,-10.2212,1.1843,0,Perfect,,0.7755,-11.3867,-0.2576,11.2,-0.1407,0.0064,1.091,1.4441,0,0
1812,Rally,None,1,-0.005,55.4434,0.6686,3.555,-15.8785,1.2568,1.7478,1.6499,1,Run,0,9,LowPickup,-41.7233,-41.0974,0.6902,0.8311,-10.9074,0.5166,0.0174,0,Backhand prepare 0.45,0,9,-19.4504,-16.7716,0.6731,0,Perfect,,0.7074,-11.3703,-0.2576,11.2,-0.1643,0.0035,0.8598,1.5359,0,0
1813,Rally,None,1,-0.005,55.2376,0.6241,3.5538,-15.8601,1.1887,1.7026,2.1316,1,Run,0,9,LowPickup,-42.1945,-40.5451,0.5795,0.8513,-10.8758,0.7689,0.0131,0,Backhand prepare 0.49,0,9,-25.3169,-24.0562,0,0,Perfect,,0.6053,-11.3458,-0.2576,11.2,-0.2057,0.0015,0.6777,1.423,0,0.0001
1814,Rally,None,1,-0.005,55.0168,0.5803,3.5526,-15.8422,1.1433,1.6693,2.4527,1,Run,0,9,LowPickup,-42.5258,-39.9853,0.5085,0.8604,-10.8586,2.5514,0.0098,0,Backhand prepare 0.54,0,9,-37.5466,-35.1065,0,0,Perfect,,0.5383,-11.3296,-0.2576,11.2,-0.2208,0.0003,0.5341,1.1717,0,0
1815,Rally,None,1,-0.005,54.7619,0.5351,3.5514,-15.8236,1.0751,1.6145,2.9344,1,Run,0,9,LowPickup,-42.6651,-39.7829,0.4131,0.8605,-10.837,0.7759,0.0073,0,Backhand prepare 0.58,0,9,-47.7845,-45.1563,0,0,Perfect,,0.4429,-11.3067,-0.2576,11.2,-0.2549,-0.0006,0.6089,0.8016,0,0
1816,Rally,None,1,-0.005,54.4983,0.4913,3.5501,-15.8056,1.0297,1.5748,3.2555,1,Run,0,9,LowPickup,-42.6042,-39.9871,0.3565,0.8552,-10.8265,3.0597,0.0055,0,Backhand prepare 0.63,0,9,-59.2597,-60.585,4.4142,0,Perfect,,0.3827,-11.2922,-0.2576,11.2,-0.2635,-0.0011,2.8635,0.3839,0,0
1817,Rally,None,1,-0.005,54.2273,0.4489,3.5488,-15.7882,0.9842,1.5325,3.5766,1,Run,0,9,LowPickup,-42.3593,-40.0278,0.3054,0.8436,-10.8182,1.0745,0.0041,0,Backhand prepare 0.67,0,9,-64.3541,-72.1565,9.2409,0,Perfect,,0.3252,-11.2783,-0.2576,11.2,-0.2711,-0.0013,3.8458,0.2423,0,0
1818,Rally,None,1,-0.005,53.9287,0.4059,3.5475,-15.7706,0.9161,1.4644,4.0583,1,Run,0,9,LowPickup,-42.0285,-40.1569,0.2323,0.8247,-10.8047,0.7751,0.003,0,Backhand prepare 0.71,0,9,-69.187,-83.2297,0.218,0,Perfect,,0.2439,-11.2587,-0.2576,11.2,-0.2986,-0.0013,4.62,0.5338,0,0
1819,Rally,None,1,-0.005,53.6271,0.3647,3.5462,-15.7537,0.8706,1.4157,4.3794,1,Run,0,9,LowPickup,-41.6377,-40.5548,0.1915,0.8093,-10.7992,4.1635,0.0023,0,Backhand prepare 0.76,0,9,-73.6809,-95.4635,1.8472,0,Perfect,,0.1932,-11.2465,-0.2576,11.2,-0.3015,-0.0011,6.0247,0.7989,0,0
1820,Rally,None,1,-0.005,53.3021,0.3235,3.5448,-15.7368,0.8025,1.338,4.8611,1,Run,0,9,LowPickup,-41.1533,-40.8769,0.131,0.7985,-10.7899,0,0,0,Backhand prepare 0.80,0,9,-71.2009,-102.7665,1.2617,0,Perfect,,0.1221,-11.2294,-0.2576,11.2,-0.3251,-0.0008,6.3373,0.9807,0,0
1821,Rally,None,1,-0.005,52.9775,0.2844,3.5434,-15.7208,0.757,1.283,5.1822,1,Run,0,9,LowPickup,-40.7102,-41.4138,0.0937,0.791,-10.7857,0,0,0,Backhand prepare 0.86,0,9,-55.5714,-108.7383,0,0,Perfect,,0.078,-11.2188,-0.2576,11.2,-0.3245,-0.0006,7.3782,1.0408,0,0
1822,Rally,None,1,-0.005,52.6534,0.2471,3.542,-15.7056,0.7116,1.2254,5.5033,1,Run,0,9,LowPickup,-40.3074,-41.8066,0.0574,0.791,-10.7814,1.4554,0,0,Backhand prepare 0.89,0,9,-38.7168,-110.7462,0,0,Perfect,,0.0367,-11.2088,-0.2576,11.2,-0.3241,-0.0003,7.404,0.9836,0,0
1823,Rally,None,1,-0.005,52.3088,0.2119,3.5406,-15.6913,0.6434,1.1342,5.985,1,Run,0,9,LowPickup,-39.9389,-42.2324,0.0264,0.7968,-10.7791,1.0954,0,0,Backhand prepare 0.93,0,9,-23.3084,-108.5763,0,0,Perfect,,0,-11.2,-0.2576,11.2,-0.3447,-0.0001,7.4243,0.8532,0,0
1824,Rally,None,1,-0.005,52.0071,0.181,3.5392,-15.6789,0.598,1.0703,6.3061,1,Ready,0,9,LowPickup,-34.8504,-37.402,0.0679,0.793,-10.7998,4.0497,0,0,Backhand prepare 0.99,0,9,-6.207,-94.2045,10.6045,0,Perfect,,0,-11.2,-0.2576,11.2,-0.3016,0.0001,5.8513,1.3902,0,0
1825,Rally,None,1,-0.005,51.7449,0.1539,3.5378,-15.6682,0.5299,0.9696,6.7878,1,Ready,0,9,LowPickup,-26.0068,-29.6558,0.1202,0.8215,-10.8245,5.7273,0,0,Backhand prepare 1.00,0,9,-2.6465,-92.0555,0.4778,0,Perfect,,0,-11.2,-0.2576,11.2,-0.2622,0.0002,4.6116,1.3585,0,0
1826,Rally,None,1,-0.005,51.517,0.1302,3.5363,-15.6588,0.4844,0.8993,7.1089,1,Ready,0,9,LowPickup,-17.5904,-22.6843,0.1765,0.9446,-10.8007,5.2514,0,0,Backhand prepare 1.00,1,0.176,-28.6258,-112.0288,0,0,Perfect,,0,-11.2,-0.2576,11.2,-0.228,0.0002,3.6345,1.0458,0,0
1827,Rally,None,1,-0.005,51.3188,0.1094,3.5348,-15.6507,0.439,0.8264,7.43,1,Ready,0,9,LowPickup,-10.7619,-17.0894,0.2242,1.0732,-10.81,0,0,0,Backhand swing,1,0.1613,-7.5303,-104.6666,3.0459,0,Perfect,,0,-11.2,-0.2576,11.2,-0.1982,0.0002,2.8645,0.9963,0,0
1828,Rally,None,1,-0.005,51.1465,0.0911,3.5334,-15.6437,0.3708,0.7123,7.9117,1,Ready,0,9,LowPickup,-5.5412,-12.7204,0.1997,0.9507,-10.8048,0,0,0,Backhand swing,1,0.1393,5.4314,-98.2131,3.4163,0,Perfect,,0,-11.2,-0.2576,11.2,-0.1723,0.0002,2.2576,1.0963,0,0
1829,Rally,None,1,-0.005,50.9967,0.0749,3.5319,-15.6377,0.3254,0.633,8.2328,1,Ready,0,9,LowPickup,-1.681,-9.3028,0.1499,0.8229,-10.8651,0,0,0,Backhand swing,1,0.1246,10.8845,-92.2293,1.0896,0,Perfect,,0,-11.2,-0.2576,11.2,-0.1498,0.0002,1.7792,1.2404,0,0
1830,Rally,None,1,-0.005,50.8665,0.0607,3.5304,-15.6324,0.2572,0.5093,8.7144,1,Ready,0,9,LowPickup,1.0378,-6.5548,0.1537,0.8243,-10.8819,0,0,0,Backhand swing,1,0.1026,20.432,-77.332,0.4751,0,Perfect,,0,-11.2,-0.2576,11.2,-0.1302,0.0001,1.4023,1.392,0,0
1831,Rally,None,1,-0.005,50.7533,0.0481,3.5289,-15.6279,0.2118,0.4237,9.0356,1,Ready,0,9,LowPickup,2.9547,-4.2767,0.1698,0.8461,-10.8836,0,0,0,Backhand swing,1,0.088,19.9063,-66.3787,0,0,Perfect,,0,-11.2,-0.2576,11.2,-0.1132,0.0001,1.1052,1.5137,0,0
1832,Rally,None,1,-0.005,50.6549,0.037,3.5273,-15.624,0.1664,0.3355,9.3567,1,Ready,0,9,LowPickup,4.2879,-2.389,0.1804,0.853,-10.8887,0,0,0,Backhand swing,1,0.0733,20.3516,-51.7657,0,0,Perfect,,0,-11.2,-0.2576,11.2,-0.0984,0,0.871,1.5505,0,0
1833,Rally,None,1,-0.005,50.5693,0.0271,3.5258,-15.6206,0.0982,0.1984,9.8383,1,Ready,0,9,LowPickup,5.2152,-0.7919,0.1867,0.8556,-10.8928,0,0,0,Backhand swing,1,0.0513,25.6006,-23.7759,0,0,Perfect,,0,-11.2,-0.2576,11.2,-0.0856,0,0.6865,1.4829,0,0
1834,Rally,None,1,-0.005,50.495,0.0183,3.5243,-15.6177,0.0528,0.1038,10.1595,1,Ready,0,9,LowPickup,5.8529,0.5187,0.1843,0.8486,-10.9022,0,0,0,Backhand swing,1,0.0367,24.962,-6.2202,0,0,Perfect,,0,-11.2,-0.2576,11.2,-0.0744,0,0.541,1.307,0,0
1835,Rally,None,1,-0.005,50.4303,0.0105,3.5228,-15.6152,-0.0123,0.1688,10.6193,1,Ready,0,9,LowPickup,6.2843,1.589,0.1703,0.8451,-10.902,0,0,0,Backhand swing,1,0.0147,-4.0606,-36.2725,0,0,Perfect,,0,-11.2,-0.1775,11.2,-0.0647,0,0.4264,1.0701,0,0
1836,Rally,None,1,-0.005,51.1579,0.0035,3.5212,-15.6129,-0.0497,0.3244,10.7819,1,Ready,0,9,LowPickup,6.5869,2.4285,0.1274,0.8701,-10.8702,0,0,0,Backhand swing,1,0,-0.7284,-23.5324,19.198,0,Perfect,R;,0,-11.2,-0.0975,11.2,0.7276,0,0.3361,0.8183,0,0
1837,Rally,None,1,-0.005,51.7905,-0.0028,3.5196,-15.611,-0.0484,0.3778,10.4819,1,Ready,0,9,LowPickup,6.7255,3.0267,0.1211,0.9104,-10.8219,0,0,0,Backhand swing,1,-0.0167,0.9277,-5.0194,8.6881,0,Perfect,,0,-11.2,-0.0174,11.2,0.6326,0,0.2649,0.6436,0,0
1838,Rally,None,1,-0.005,52.3404,-0.0084,3.5181,-15.6094,-0.047,0.4285,10.1819,1,Ready,0,9,LowPickup,6.6324,3.3664,0.1422,0.8538,-10.87,0,0,0,Backhand follow,1,-0.0333,35.8976,45.8833,8.505,0,Perfect,,0,-11.2,0,11.2,0.5499,0,0.2087,0.6068,0,0
1839,Rally,None,1,-0.005,52.8185,-0.0135,3.5165,-15.608,-0.045,0.4995,9.7319,1,Ready,0,9,LowPickup,6.5538,3.5846,0.1941,0.814,-10.9015,0.2575,0,0,Backhand follow,1,-0.0583,42.5569,57.1306,2.2167,0,Perfect,,0,-11.2,0,11.2,0.4781,0,0.1645,0.6267,0,0
1840,Rally,None,1,-0.005,53.2342,-0.0181,3.515,-15.6068,-0.0436,0.5434,9.4319,1,Ready,0,9,LowPickup,6.5278,3.5676,0.2029,0.802,-10.9025,0.7257,0,0,Backhand follow,1,-0.075,48.0054,57.4629,0.8521,0,Perfect,,0,-11.2,0,11.2,0.4156,0,0.1297,0.6618,0,0
1841,Rally,None,1,-0.005,53.5955,-0.0223,3.5134,-15.6059,-0.0416,0.6041,8.9819,1,Ready,0,9,LowPickup,6.5669,3.5323,0.1999,0.7987,-10.8957,0.7271,0,0,Backhand follow,1,-0.1,59.1845,72.1183,0,0,Perfect,,0,-11.2,0,11.2,0.3613,0,0.1022,0.6687,0,0
1842,Rally,None,1,-0.005,53.9096,-0.0261,3.5119,-15.605,-0.0402,0.6411,8.6819,1,Ready,0,9,LowPickup,6.634,3.6359,0.1998,0.7885,-10.893,0.62,0,0,Backhand follow,1,-0.1167,60.0812,79.6113,0.6502,0,Perfect,,0,-11.2,0,11.2,0.3141,0,0.0805,0.5622,0,0
1843,Rally,None,1,-0.005,54.1827,-0.0295,3.5103,-15.6044,-0.0389,0.6755,8.3819,1,Ready,0,9,LowPickup,6.7675,3.865,0.1986,0.7767,-10.8962,0.4817,0,0,Backhand follow,1,-0.1333,62.7353,86.2816,0.6441,0,Perfect,,0,-11.2,0,11.2,0.2731,0,0.0635,0.4483,0,0
1844,Rally,None,1,-0.005,54.4201,-0.0327,3.5088,-15.6038,-0.0368,0.7219,7.9319,1,Ready,0,9,LowPickup,6.9787,4.2622,0.1975,0.7684,-10.9166,0.3452,0,0,Backhand follow,1,-0.1583,67.9858,92.8492,0.7811,0,Perfect,,0,-11.2,0,11.2,0.2374,0,0.05,0.42,0,0
1845,Rally,None,1,-0.005,54.6265,-0.0356,3.5072,-15.6034,-0.0355,0.7494,7.6319,1,Ready,0,9,LowPickup,7.3025,4.842,0.1964,0.7674,-10.94,0.2583,0,0,Backhand follow,1,-0.175,67.607,94.3692,0.9844,0,Perfect,,0,-11.2,0,11.2,0.2064,0,0.0394,0.5248,0,0
1846,Rally,None,1,-0.005,54.806,-0.0383,3.5057,-15.603,-0.0334,0.7856,7.1819,1,Ready,0,9,LowPickup,7.736,5.6339,0.1975,0.7718,-10.9517,0.1004,0,0,Backhand follow,1,-0.2,73.1828,98.2274,0.3028,0,Perfect,,0,-11.2,0,11.2,0.1794,0,0.0311,0.6495,0,0
1847,Rally,None,1,-0.005,54.962,-0.0408,3.5041,-15.6028,-0.0321,0.8064,6.8819,1,Ready,0,9,LowPickup,8.4057,6.5726,0.1942,0.7755,-10.9537,0.1805,0,0,Backhand follow,1,-0.2167,72.6185,98.202,4.6681,0,Perfect,,0,-11.2,0,11.2,0.156,0,0.0245,0.7185,0,0
1848,Rally,None,1,-0.005,55.0976,-0.0432,3.5026,-15.6026,-0.0307,0.8244,6.5819,1,Ready,0,9,LowPickup,9.5165,7.5844,0.1774,0.7797,-10.9395,0.1014,0,0,Backhand follow,1,-0.2333,74.7215,98.383,0.2803,0,Perfect,,0,-11.2,0,11.2,0.1356,0,0.0193,0.634,0,0
1849,Rally,None,1,-0.005,55.2155,-0.0454,3.501,-15.6019,-0.0287,0.8463,6.1319,1,Ready,0,9,LowPickup,10.806,8.6099,0.1593,0.7871,-10.9241,0.2468,0,0,Backhand follow,1,-0.2583,78.9018,98.9466,0.1152,0,Perfect,,-0.0006,-11.1959,0,11.2,0.1179,0,0.0152,0.5574,0,0
1850,Rally,None,1,-0.005,55.318,-0.0475,3.4995,-15.6006,-0.0273,0.8574,5.8319,1,Run,0,9,LowPickup,11.9674,9.5769,0.1783,0.7845,-10.915,0.4928,0,0,Backhand follow,1,-0.275,78.1887,97.7254,0.5452,0,Perfect,,-0.0015,-11.1897,0,11.2,0.1025,0.0015,2.3791,0.5363,0,0
1851,Rally,None,1,-0.005,55.4071,-0.0497,3.498,-15.5975,-0.0253,0.8691,5.3819,1,Run,0,9,LowPickup,12.242,9.8359,0.1492,0.7898,-10.904,0.4236,0,0,Backhand follow,0,9,75.9937,97.3367,0.6441,0,Perfect,,-0.0037,-11.1753,0,11.2,0.0891,0.0045,3.464,0.4908,0,0
1852,Rally,None,1,-0.005,55.4845,-0.0519,3.4965,-15.5932,-0.024,0.8735,5.0819,1,Run,0,9,LowPickup,10.9677,9.0989,0.1644,0.7972,-10.877,0,0,0,Backhand finish,0,9,76.5059,96.8415,1.5242,0,Perfect,,-0.0057,-11.1622,0,11.2,0.0775,0.0092,5.1136,0.5836,0,0
1853,Rally,None,1,-0.005,55.5519,-0.0541,3.4949,-15.5875,-0.0226,0.8751,4.7819,1,Run,0,9,LowPickup,8.3405,7.2807,0.1802,0.8018,-10.838,0,0,0,Backhand finish,0,9,76.3733,96.3735,8.2103,0,Perfect,,-0.0081,-11.1465,0,11.2,0.0673,0.0147,5.6192,1.0329,0,0
1854,Rally,None,1,-0.005,55.6104,-0.0564,3.4934,-15.5787,-0.0206,0.8725,4.332,1,Run,0,9,LowPickup,4.7748,4.7225,0.19,0.7938,-10.7838,11.2354,0,0,Backhand finish,0,9,75.6857,96.0178,0.4586,0,Perfect,,-0.0126,-11.1176,0,11.2,0.0585,0.0203,6.0177,1.5455,0,0
1855,Rally,None,1,-0.005,55.6613,-0.0589,3.4919,-15.5682,-0.0192,0.8673,4.032,1,Run,0,9,LowPickup,1.1883,3.0854,0.2001,0.7773,-10.7316,1.157,0,0,Backhand finish,0,9,74.7746,95.7168,0.4729,0,Perfect,,-0.0162,-11.095,0,11.2,0.0509,0.0259,7.1261,0.7401,0,0
1856,Rally,None,1,-0.005,55.7056,-0.0616,3.4904,-15.554,-0.0172,0.8545,3.582,1,Run,0,9,LowPickup,-1.7415,0.934,0.1908,0.7616,-10.653,0.8032,0,0,Backhand finish,0,9,74.0784,95.2792,0.3775,0,Perfect,,-0.0224,-11.0559,0,11.2,0.0442,0.0308,7.2052,0.6333,0,0
1857,Rally,None,1,-0.005,55.744,-0.0644,3.4889,-15.5378,-0.0158,0.8425,3.282,1,Run,0,9,LowPickup,-3.7613,-0.722,0.193,0.7342,-10.6047,0.5236,0,0,Backhand finish,0,9,73.8025,94.6119,0,0,Perfect,,-0.0271,-11.0264,0,11.2,0.0385,0.035,8.0622,0.5175,0,0
1858,Rally,None,1,-0.005,55.7775,-0.0673,3.4874,-15.5196,-0.0145,0.8278,2.982,1,Run,0,9,LowPickup,-4.9765,-2.0065,0.208,0.7066,-10.5699,1.9566,0,0,Backhand finish,0,9,73.9224,93.5209,0,0,Perfect,,-0.0324,-10.9942,0,11.2,0.0334,0.0381,7.943,0.3869,0,0
1859,Rally,None,1,-0.005,55.8065,-0.0706,3.4859,-15.4967,-0.0124,0.8006,2.532,1,Run,0,9,LowPickup,-5.6159,-2.9157,0.2141,0.693,-10.5186,1.3792,0,0,Backhand finish,0,9,74.3422,92.108,0.1473,0,Perfect,,-0.0412,-10.9408,0,11.2,0.0291,0.0398,7.8487,0.3592,0,0
1860,Rally,None,1,-0.005,55.8318,-0.074,3.4845,-15.4718,-0.0111,0.7791,2.232,1,Run,0,9,LowPickup,-5.8707,-3.5543,0.2145,0.6838,-10.4843,0,0,0,Backhand finish,0,9,74.8888,90.367,0.2711,0,Perfect,,-0.0477,-10.9017,0,11.2,0.0253,0.0406,8.5,0.4493,0,0
1861,Rally,None,1,-0.005,55.8538,-0.0779,3.483,-15.4419,-0.009,0.7417,1.782,1,Run,0,9,LowPickup,-5.853,-4.185,0.2099,0.6775,-10.4288,0,0,0,Backhand finish,0,9,75.4129,88.5265,0.2697,0,Perfect,,-0.0585,-10.8381,0,11.2,0.022,0.0404,8.3424,0.5746,0,0
1862,Rally,None,1,-0.005,55.8729,-0.082,3.4815,-15.4099,-0.0077,0.7134,1.482,1,Forehand prepare 0.03,0,9,LowPickup,-5.3594,-4.9464,-0.0469,0.7015,-10.4156,0,0.2083,0.1667,Backhand finish,0,9,75.7638,86.7015,0.1855,0,Perfect,,-0.0664,-10.7922,0,11.2,0.0191,0.0397,8.5,1.7455,0,0
1863,Rally,None,1,-0.005,55.8895,-0.0862,3.4801,-15.3758,-0.0063,0.6824,1.182,1,Forehand prepare 0.07,0,9,LowPickup,-3.8041,-3.7061,0.3171,0.7286,-10.4055,0,0.4167,0.3333,Backhand finish,0,9,75.8968,85.0746,0,0,Perfect,,-0.0748,-10.7436,0,11.2,0.0166,0.0382,8.5,2.9384,0,0
1864,Rally,None,1,-0.005,55.9023,-0.0909,3.4787,-15.336,-0.0043,0.6307,0.732,1,Forehand prepare 0.12,0,9,LowPickup,9.5763,1.8352,0.2272,0.7086,-10.3947,0,0.625,0.5,Backhand finish,0,9,75.8938,83.7267,0,0,Perfect,,-0.0883,-10.6656,0,11.2,0.0129,0.0359,8.4057,5.0337,0,0
1865,Rally,None,1,-0.005,55.9028,-0.0956,3.4773,-15.2942,-0.0029,0.5928,0.432,1,Forehand prepare 0.18,0,9,LowPickup,9.6464,2.1724,0.2393,0.7552,-10.3761,0,0.8333,0.6667,Backhand finish,0,9,75.7618,82.7101,0.4924,0,Perfect,,-0.098,-10.6102,0,11.2,0.0004,0.0332,8.5,5.192,0,0
1866,PointOver,Reaction,1,-0.005,38,0.7863,1.185,-7.5221,-0.0009,0.5335,0.05,0,Forehand prepare 0.23,0,9,LowPickup,11.8572,2.5164,0.2067,0.7632,-10.319,0,1,0.8333,Backhand finish,0,9,75.5555,81.975,0.4195,0.1917,Perfect,,-0.1137,-10.5221,0,11.2,-17.9028,0.0301,8.5,3.7653,0,0
1867,PointOver,Reaction,1,-0.005,38,0.7759,1.185,-7.4712,-0.0008,0.5321,0.074,0,CelebratePoint,0,9,LowPickup,6.0978,2.0955,0.2295,0.8099,-10.0701,5.7445,1,0.6667,SadPointLost,0,9,67.9489,74.7026,0,0.1333,Perfect,,-0.1241,-10.464,0,11.2,0,0.0266,8.5,1.0048,0,0
1868,PointOver,Reaction,1,-0.005,38,0.766,1.185,-7.4231,-0.0006,0.528,0.098,0,CelebratePoint,0,9,LowPickup,5.5278,0.0022,0.1681,0.7792,-10.0753,3.7946,1,0.5,SadPointLost,0,9,55.9234,60.4541,0,0.075,Perfect,,-0.134,-10.4086,0,11.2,0,0.022,5.6854,2.0771,0,0
1869,PointOver,Reaction,1,-0.005,38,0.752,1.185,-7.3525,-0.0004,0.5168,0.134,0,CelebratePoint,0,9,LowPickup,5.1057,-1.5029,0.1335,0.7808,-10.0051,0.5264,1,0.3333,SadPointLost,0,9,43.8238,45.9151,0.6638,0.0167,Perfect,,-0.148,-10.3307,0,11.2,0,0.0166,2.8931,2.9209,0,0
1870,PointOver,Reaction,1,-0.005,38,0.7432,1.185,-7.3112,-0.0003,0.5059,0.158,0,CelebratePoint,0,9,LowPickup,5.4451,-1.9683,0.106,0.7961,-9.931,3.1173,1,0.1667,SadPointLost,0,9,34.0543,33.7862,0.4193,0,Perfect,,-0.1568,-10.2822,0,11.2,0,0.0108,0.156,3.2866,0,0
1871,PointOver,Reaction,1,-0.005,38,0.731,1.185,-7.2508,-0.0001,0.4844,0.194,0,CelebratePoint,0,9,LowPickup,6.6454,-1.4108,0.0796,0.8166,-9.8531,0.5918,1,0,SadPointLost,0,9,26.9921,24.485,0.3024,0,Perfect,,-0.169,-10.2146,0,11.2,0,0.0057,1.6752,3.127,0,0
1872,PointOver,Reaction,1,-0.005,38,0.7234,1.185,-7.2164,0,0.4667,0.218,0,CelebratePoint,0,9,LowPickup,8.1927,-0.4464,0.0636,0.8454,-9.8119,0.5424,1,0,SadPointLost,0,9,22.1733,17.5582,0.1822,0,Perfect,,-0.1766,-10.1729,0,11.2,0,0.0019,3.7026,2.6104,0,0
1873,PointOver,Reaction,1,-0.005,38,0.7164,1.185,-7.1847,0.0002,0.4463,0.242,0,CelebratePoint,0,9,LowPickup,9.5933,0.5224,0.0525,0.8696,-9.7783,0,1,0,SadPointLost,0,9,18.9864,12.4265,0.3274,0,Perfect,,-0.1836,-10.134,0,11.2,0,-0.0001,4.507,1.9798,0,0
1874,PointOver,Reaction,1,-0.005,38,0.7067,1.185,-7.1387,0.0004,0.4105,0.278,0,CelebratePoint,0,9,LowPickup,3.381,-5.7583,-0.0038,0.8818,-9.7092,0,1,0,SadPointLost,0,9,16.5365,8.4289,0.2502,0,Perfect,,-0.1933,-10.0807,0,11.2,0,-0.0001,5.141,1.3104,0,0
1875,PointOver,Reaction,1,-0.005,38,0.7008,1.185,-7.1138,0.0005,0.3832,0.302,0,CelebratePoint,0,9,LowPickup,0.1907,-8.8458,-0.0304,0.8827,-9.6807,0,1,0,SadPointLost,0,9,14.4781,5.2856,0.4057,0,Perfect,,-0.1992,-10.0486,0,11.2,0,0.0018,6.4353,0.6525,0,0
1876,PointOver,Reaction,1,-0.005,38,0.6929,1.185,-7.0781,0.0007,0.3373,0.338,0,CelebratePoint,0,9,LowPickup,-0.4851,-9.1321,-0.035,0.8747,-9.6524,11.8993,1,0,SadPointLost,0,9,12.3573,2.705,0.6698,0,Perfect,,-0.2071,-10.0056,0,11.2,0,0.0054,6.6608,0.502,0,0
1877,PointOver,Reaction,1,-0.005,38,0.6882,1.185,-7.0601,0.0008,0.3032,0.362,0,CelebratePoint,0,9,LowPickup,-1.6798,-9.6889,-0.0341,0.8771,-9.6461,4.1588,1,0,SadPointLost,0,9,10.2667,0.7024,0.7856,0,Perfect,,-0.2118,-9.9804,0,11.2,0,0.0102,7.6331,1.0993,0,0
1878,PointOver,Reaction,1,-0.005,38,0.6841,1.185,-7.0448,0.001,0.2664,0.386,0,CelebratePoint,0,9,LowPickup,-3.2259,-10.3598,-0.0301,0.8828,-9.6433,0.8083,1,0,SadPointLost,0,9,8.1683,-0.7873,0.87,0,Perfect,,-0.2159,-9.9578,0,11.2,0,0.0156,7.6049,1.6879,0,0
1879,PointOver,Reaction,1,-0.005,38,0.6787,1.185,-7.0234,0.0012,0.2061,0.422,0,CelebratePoint,0,9,LowPickup,-5.0155,-11.0878,-0.0268,0.9007,-9.6372,0.881,1,0,SadPointLost,0,9,6.1327,-1.7884,0.9092,0,Perfect,,-0.2213,-9.9292,0,11.2,0,0.0209,7.5827,2.1037,0,0
1880,PointOver,Reaction,1,-0.005,38,0.6757,1.185,-7.015,0.0013,0.1625,0.446,0,CelebratePoint,0,9,LowPickup,-6.7649,-11.6639,-0.0207,0.9284,-9.6478,0,1,0,SadPointLost,0,9,4.2522,-2.332,0.8708,0,Perfect,,-0.2243,-9.9135,0,11.2,0,0.0262,8.3597,2.3494,0,0
1881,PointOver,Reaction,1,-0.005,38,0.6722,1.185,-7.0038,0.0015,0.1,0.482,0,CelebratePoint,0,9,LowPickup,-8.3611,-12.0261,-0.0179,0.9592,-9.656,0,1,0,SadPointLost,0,9,2.5727,-2.4886,0.8045,0,Perfect,,-0.2278,-9.8951,0,11.2,0,0.0308,8.1775,2.4338,0,0
1882,PointOver,Reaction,1,-0.005,38,0.6704,1.185,-7.0022,0.0017,0.1354,0.5046,0,CelebratePoint,0,9,LowPickup,-9.8657,-12.3514,-0.017,0.985,-9.6722,0,1,0,SadPointLost,0,9,1.2641,-2.2719,0.628,0,Perfect,,-0.2296,-9.8863,0,11.2,0,0.035,8.5,2.279,0,0
1883,PointOver,Reaction,1,-0.005,38,0.6691,1.185,-7.0034,0.0018,0.1681,0.5271,0,CelebratePoint,0,9,LowPickup,-11.046,-12.4884,-0.0177,1.0074,-9.6839,0,1,0,SadPointLost,0,9,0.3108,-1.8283,0.44,0,Perfect,,-0.2309,-9.8802,0,11.2,0,0.0381,8.5,1.8612,0,0
1884,PointOver,Reaction,1,-0.005,38,0.6681,1.185,-7.0066,0.002,0.2121,0.561,0,CelebratePoint,0,9,LowPickup,-11.959,-12.6519,-0.0201,1.0295,-9.6888,0,1,0,SadPointLost,0,9,0.0375,-1.0178,0.136,0,Perfect,,-0.2319,-9.8761,0,11.2,0,0.04,8.3252,1.0697,0,0
1885,PointOver,Reaction,1,-0.005,38,0.6681,1.185,-7.0146,0.0021,0.238,0.5835,0,CelebratePoint,0,9,LowPickup,-5.009,-5.269,0.0079,1.0661,-9.7276,0,1,0,SadPointLost,0,9,-0.0198,-0.2216,1.9684,0,Perfect,,-0.2319,-9.8769,0,11.2,0,0.0413,8.5,0.3494,0,0
1886,PointOver,Reaction,1,-0.005,38,0.6689,1.185,-7.028,0.0023,0.2717,0.6174,0,CelebratePoint,0,9,LowPickup,-0.0007,0.0848,0.0236,1.1274,-9.7725,0,1,0,SadPointLost,0,9,-0.0049,0.4313,0.0323,0,Perfect,,-0.2311,-9.8831,0,11.2,0,0.0417,8.5,1.0408,0,0
1887,PointOver,Reaction,1,-0.005,38,0.6701,1.185,-7.0428,0.0024,0.2908,0.6399,0,CelebratePoint,0,9,LowPickup,7.0071,7.3273,0.0408,1.201,-9.8318,0,1,0,SadPointLost,0,9,0,0.876,0.0094,0,Perfect,,-0.2299,-9.8907,0,11.2,0,0.0418,8.5,1.9184,0,0
1888,PointOver,Reaction,1,-0.005,38,0.6717,1.185,-7.0604,0.0025,0.3071,0.6625,0,CelebratePoint,0,9,LowPickup,14.0094,14.5077,0.0461,1.2874,-9.9034,0,1,0,SadPointLost,0,9,0,1.1199,0.0006,0,Perfect,,-0.2283,-9.901,0,11.2,0,0.0412,8.5,2.655,0,0
1889,PointOver,Reaction,1,-0.005,38,0.6751,1.185,-7.0882,0.0027,0.3265,0.6963,0,CelebratePoint,0,9,LowPickup,21.0112,21.6547,0.0438,1.3792,-9.9879,0,1,0,SadPointLost,0,9,0,1.1886,0.0005,0,Perfect,,-0.2249,-9.9215,0,11.2,0,0.04,8.5,3.1695,0,0
1890,PointOver,Reaction,1,-0.005,38,0.678,1.185,-7.1126,0.0029,0.3361,0.7189,0,CelebratePoint,0,9,LowPickup,28.0123,28.7924,0.0269,1.4709,-10.075,0,1,0,SadPointLost,0,9,0,1.1168,0.0003,0,Perfect,,-0.222,-9.9387,0,11.2,0,0.0384,8.5,3.4174,0,0
1891,PointOver,Reaction,1,-0.005,38,0.6832,1.185,-7.1507,0.0031,0.3453,0.7527,0,CelebratePoint,0,9,LowPickup,35.0126,35.9406,0.0008,1.5584,-10.1727,0,1,0,SadPointLost,0,9,0,0.9455,0.0005,0,Perfect,,-0.2168,-9.9695,0,11.2,0,0.0363,8.5,3.4112,0,0
1892,PointOver,Reaction,1,-0.005,38,0.6873,1.185,-7.1819,0.0032,0.348,0.7753,0,CelebratePoint,0,9,LowPickup,42.0122,43.1,-0.0431,1.6385,-10.259,0,1,0,SadPointLost,0,9,0,0.7166,0.0004,0,Perfect,,-0.2127,-9.9935,0,11.2,0,0.0339,8.5,3.1247,0,0
1893,PointOver,Reaction,1,-0.005,38,0.6919,1.185,-7.2159,0.0033,0.348,0.7978,0,CelebratePoint,0,9,LowPickup,49.0111,50.2651,-0.0859,1.7006,-10.3323,0,1,0,SadPointLost,0,9,0,0.4688,0.0005,0,Perfect,,-0.2081,-10.0202,0,11.2,0,0.031,8.5,2.6053,0,0
1894,PointOver,Reaction,1,-0.005,38,0.6997,1.185,-7.2683,0.0035,0.3429,0.8317,0,CelebratePoint,0,9,LowPickup,56.0094,57.412,-0.1132,1.7398,-10.4061,0,1,0,SadPointLost,0,9,0,0.2338,0.0001,0,Perfect,,-0.2003,-10.0654,0,11.2,0,0.0275,8.5,1.8684,0,0
1895,PointOver,Reaction,1,-0.005,38,0.7055,1.185,-7.3091,0.0036,0.3361,0.8542,0,CelebratePoint,0,9,LowPickup,63.007,64.5095,-0.1753,1.7462,-10.497,0,1,0,SadPointLost,0,9,0,0.0343,0.0001,0,Perfect,,-0.1945,-10.0989,0,11.2,0,0.0236,8.5,0.9496,0,0
1896,PointOver,Reaction,1,-0.005,38,0.7151,1.185,-7.3718,0.0038,0.3207,0.8881,0,CelebratePoint,0,9,LowPickup,70.0043,71.5272,-0.1929,1.748,-10.5596,0,1,0,SadPointLost,0,9,0,-0.1173,0.0001,0,Perfect,,-0.1849,-10.1544,0,11.2,0,0.0192,8.5,0,0,0
1897,PointOver,Reaction,1,-0.005,38,0.7222,1.185,-7.4194,0.0039,0.3071,0.9106,0,CelebratePoint,0,9,LowPickup,77.0013,78.4666,-0.2253,1.7546,-10.5521,0,1,0,SadPointLost,0,9,0,-0.2169,0,0,Perfect,,-0.1778,-10.1948,0,11.2,0,0.0144,8.5,1.0814,0,0
1898,PointOver,Reaction,1,-0.005,38,0.7297,1.185,-7.4697,0.0041,0.2907,0.9332,0,CelebratePoint,0,9,LowPickup,70.0043,71.4675,-0.1837,1.7442,-10.6013,0,1,0,SadPointLost,0,9,0,-0.2674,0,0,Perfect,,-0.1703,-10.2379,0,11.2,0,0.0093,8.5,1.9286,0,0
1899,PointOver,Reaction,1,-0.005,38,0.7419,1.185,-7.5468,0.0043,0.2611,0.967,0,CelebratePoint,0,9,LowPickup,63.007,64.3908,-0.1327,1.7295,-10.6698,0,1,0,SadPointLost,0,9,0,-0.2761,0.0001,0,Perfect,,-0.1581,-10.3077,0,11.2,0,0.0047,8.5,2.5638,0,0
1900,PointOver,Reaction,1,-0.005,38,0.7507,1.185,-7.604,0.0044,0.238,0.9896,0,CelebratePoint,0,9,LowPickup,56.0093,57.2474,-0.0643,1.7035,-10.7488,0,1,0,SadPointLost,0,9,0,-0.2533,0.0001,0,Perfect,,-0.1493,-10.3576,0,11.2,0,0.0009,8.5,2.959,0,0
1901,PointOver,Reaction,1,-0.005,38,0.7648,1.185,-7.6913,0.0046,0.1981,1.0234,0,CelebratePoint,0,9,LowPickup,49.0111,50.053,-0.0342,1.6892,-10.7721,0,1,0,SadPointLost,0,9,0,-0.2096,0.0001,0,Perfect,,-0.1352,-10.4376,0,11.2,0,-0.0017,8.5,3.1282,0,0
1902,PointOver,Reaction,1,-0.005,38,0.7748,1.185,-7.7553,0.0047,0.1681,1.046,0,CelebratePoint,0,9,LowPickup,42.0122,42.8345,0.0157,1.666,-10.8026,0,1,0,SadPointLost,0,9,0,-0.1553,0.0001,0,Perfect,,-0.1252,-10.4944,0,11.2,0,-0.0033,8.5,3.0686,0,0
1903,PointOver,Reaction,1,-0.005,38,0.7853,1.185,-7.822,0.0048,0.1354,1.0686,0,CelebratePoint,0,9,LowPickup,35.0126,35.6136,0.0897,1.6373,-10.8561,0,1,0,SadPointLost,0,9,0,-0.0989,0.0002,0,Perfect,,-0.1147,-10.5539,0,11.2,0,-0.004,8.5,2.8258,0,0
1904,PointOver,Reaction,1,-0.005,38,0.802,1.185,-7.9237,0.005,0.1135,1.1017,0,CelebratePoint,0,9,LowPickup,28.0123,28.4132,0.1392,1.6175,-10.9066,0,1,0,SadPointLost,0,9,0,-0.0469,0.0004,0,Perfect,,-0.098,-10.6483,0,11.2,0,-0.0039,8.5,2.4277,0,0
1905,PointOver,Reaction,1,-0.005,38,0.8134,1.185,-7.9952,0.0051,0.1383,1.1229,0,CelebratePoint,0,9,LowPickup,21.0112,21.2506,0.1748,1.6011,-10.9233,0,1,0,SadPointLost,0,9,0,-0.0037,0.0002,0,Perfect,,-0.0866,-10.7126,0,11.2,0,-0.0034,8.5,1.9045,0,0
1906,PointOver,Reaction,1,-0.005,38,0.8297,1.185,-8.0938,0.0053,0.1705,1.1547,0,CelebratePoint,0,9,LowPickup,14.0062,14.0739,0.2028,1.5927,-10.9419,2.4507,1,0,SadPointLost,0,9,0,0.0285,0.0002,0,Perfect,,-0.0703,-10.804,0,11.2,0,-0.0026,6.8687,1.3062,0,0
1907,PointOver,Reaction,1,-0.005,38,0.8399,1.185,-8.1586,0.0054,0.1886,1.1759,0,CelebratePoint,0,9,LowPickup,7.0009,6.9994,0.2092,1.589,-10.895,2.3006,1,0,SadPointLost,0,9,0,0.0493,0.0001,0,Perfect,,-0.0601,-10.8615,0,11.2,0,-0.0017,3.0299,0.6168,0,0
1908,PointOver,Reaction,1,-0.005,38,0.8496,1.185,-8.2205,0.0056,0.2039,1.1971,0,CelebratePoint,0,9,LowPickup,0,0.0234,0.2092,1.5829,-10.8736,3.1534,1,0,SadPointLost,0,9,0,0.0593,0.0002,0,Perfect,,-0.0504,-10.9162,0,11.2,0,-0.0009,0.7993,0,0,0
1909,PointOver,Reaction,1,-0.005,38,0.8633,1.185,-8.3048,0.0057,0.2218,1.229,0,CelebratePoint,0,9,LowPickup,0,0.0485,0.2173,1.5789,-10.9184,0.0365,1,0,SadPointLost,0,9,0,0.0605,0.0001,0,Perfect,,-0.0367,-10.9932,0,11.2,0,0.0003,0.9598,0.6679,0,0
1910,PointOver,Reaction,1,-0.005,38,0.8718,1.185,-8.3599,0.0059,0.2303,1.2502,0,CelebratePoint,0,9,LowPickup,0.0006,0.0931,0.2189,1.5736,-10.9314,0.0457,1,0,SadPointLost,0,9,0,0.0549,0.0001,0,Perfect,,-0.0282,-11.0411,0,11.2,0,0.0028,3.1398,1.0741,0,0
1911,PointOver,Reaction,1,-0.005,38,0.8836,1.185,-8.4339,0.006,0.238,1.282,0,CelebratePoint,0,9,LowPickup,0.001,0.1135,0.2278,1.5682,-10.9835,0.0196,1,0,SadPointLost,0,9,0,0.045,0.0002,0,Perfect,,-0.0164,-11.1078,0,11.2,0,0.0065,4.0636,1.2574,0,0
1912,PointOver,Reaction,1,-0.005,38,0.8909,1.185,-8.4822,0.0062,0.2397,1.3032,0,CelebratePoint,0,9,LowPickup,0.0019,0.1524,0.2304,1.5605,-11.0035,3.7825,1,0,SadPointLost,0,9,0,0.0329,0.0001,0,Perfect,,-0.0091,-11.1489,0,11.2,0,0.0115,5.5862,1.2685,0,0
1913,PointOver,Reaction,1,-0.005,38,0.8977,1.185,-8.5278,0.0063,0.2386,1.3244,0,CelebratePoint,0,9,LowPickup,0.0021,0.1558,0.2361,1.5551,-11.0379,21.2984,1,0,SadPointLost,0,9,0,0.0206,0.0002,0,Perfect,,-0.0023,-11.1872,0,11.2,0,0.0171,5.9917,1.1528,0,0
1914,PointOver,Reaction,1,-0.005,38,0.9,1.185,-8.5478,0.0065,0.232,1.3562,0,CelebratePoint,0,9,LowPickup,7.0039,7.2541,0.2436,1.5543,-11.0794,1.1724,1,0,SadPointLost,0,9,0,0.0093,0.0002,0,Perfect,,0,-11.2,0,11.2,0,0.0225,6.3113,0.9545,0,0
1915,PointOver,Reaction,1,-0.005,38,0.9,1.185,-8.5551,0.0066,0.2242,1.3774,0,CelebratePoint,0,9,LowPickup,0.0015,0.1032,0.2419,1.5513,-11.0709,1.1745,1,0,SadPointLost,0,9,0,0,0.0002,0,Perfect,,0,-11.2,0,11.2,0,0.0264,4.9741,0.7165,0,0
1916,PointOver,Reaction,1,-0.005,38,0.9,1.185,-8.5623,0.0068,0.2073,1.4092,0,CelebratePoint,0,9,LowPickup,0.0009,0.0672,0.2453,1.5534,-11.0894,2.3355,1,0,SadPointLost,0,9,0,-0.0068,0.0002,0,Perfect,,0,-11.2,0,11.2,0,0.0281,3.9202,0.4764,0,0
1917,PointOver,Reaction,1,-0.005,38,0.9,1.185,-8.5696,0.0069,0.1927,1.4304,0,CelebratePoint,0,9,LowPickup,0.0006,0.0428,0.248,1.5571,-11.1048,0.0266,1,0,SadPointLost,0,9,0,-0.0111,0.0002,0,Perfect,,0,-11.2,0,11.2,0,0.0276,3.0896,0.2594,0,0
1918,PointOver,Reaction,1,-0.005,38,0.9,1.185,-8.5768,0.007,0.1753,1.4516,0,CelebratePoint,0,9,LowPickup,0.0004,0.0267,0.2502,1.5605,-11.1175,0.0164,1,0,SadPointLost,0,9,0,-0.0131,0.0002,0,Perfect,,0,-11.2,0,11.2,0,0.0252,2.435,0,0,0
1919,PointOver,Reaction,1,-0.005,38,0.9,1.185,-8.5841,0.0072,0.1441,1.4834,0,CelebratePoint,0,9,LowPickup,0.0002,0.0164,0.2519,1.5668,-11.1278,0.0133,1,0,SadPointLost,0,9,0,-0.0132,0.0002,0,Perfect,,0,-11.2,0,11.2,0,0.0215,1.9191,0,0,0
1920,PointOver,Reaction,1,-0.005,38,0.9,1.185,-8.5913,0.0073,0.1199,1.5046,0,CelebratePoint,0,9,LowPickup,0.0001,0.0093,0.2533,1.5733,-11.1362,0.0102,1,0,SadPointLost,0,9,0,-0.0119,0.0002,0,Perfect,,0,-11.2,0,11.2,0,0.0173,1.5125,0,0,0
1921,PointOver,Reaction,1,-0.005,38,0.9,1.185,-8.5986,0.0075,0.1103,1.5358,0,CelebratePoint,0,9,LowPickup,0.0001,0.0053,0.2543,1.5798,-11.1429,0.0086,1,0,SadPointLost,0,9,0,-0.0096,0.0002,0,Perfect,,0,-11.2,0,11.2,0,0.0129,1.192,0,0,0
1922,PointOver,Reaction,1,-0.005,38,0.9,1.185,-8.6058,0.0076,0.1287,1.5557,0,CelebratePoint,0,9,LowPickup,0.0001,0.0032,0.2551,1.5858,-11.1484,0.0072,1,0,SadPointLost,0,9,0,-0.0069,0.0001,0,Perfect,,0,-11.2,0,11.2,0,0.0089,0.9395,0,0,0
1923,PointOver,Reaction,1,-0.005,38,0.9,1.185,-8.613,0.0077,0.1445,1.5757,0,CelebratePoint,0,9,LowPickup,0,0.0024,0.2557,1.5911,-11.1528,0.0056,1,0,SadPointLost,0,9,0,-0.0042,0.0001,0,Perfect,,0,-11.2,0,11.2,0,0.0054,0.7404,0,0,0
1924,PointOver,Reaction,1,-0.005,38,0.9,1.185,-8.6203,0.0079,0.163,1.6056,0,CelebratePoint,0,9,LowPickup,0,0.0023,0.2563,1.5956,-11.1566,0.0048,1,0,SadPointLost,0,9,0,-0.0018,0.0001,0,Perfect,,0,-11.2,0,11.2,0,0.0028,0.5836,0,0,0
1925,PointOver,Reaction,1,-0.005,38,0.9,1.185,-8.6275,0.008,0.172,1.6255,0,CelebratePoint,0,9,LowPickup,0,0.0022,0.2567,1.6002,-11.1598,0.0039,1,0,SadPointLost,0,9,0,0.0002,0.0003,0,Perfect,,0,-11.2,0,11.2,0,0.0009,0.4599,0,0,0
1926,PointOver,Reaction,1,-0.005,38,0.9,1.185,-8.6348,0.0082,0.1803,1.6554,0,CelebratePoint,0,9,LowPickup,0,0.0023,0.257,1.6019,-11.1627,0.0028,1,0,SadPointLost,0,9,0,0.0016,0.0003,0,Perfect,,0,-11.2,0,11.2,0,-0.0003,0.3625,0,0,0
1927,PointOver,Reaction,1,-0.005,38,0.9,1.185,-8.642,0.0083,0.1824,1.6753,0,CelebratePoint,0,9,LowPickup,-0.0126,-0.0038,0.2568,1.604,-11.1662,0.0069,1,0,SadPointLost,0,9,0,0.0025,0.0002,0,Perfect,,0,-11.2,0,11.2,0,-0.0008,0.2857,0,0,0
1928,PointOver,Reaction,1,-0.005,38,0.9,1.185,-8.6493,0.0084,0.1818,1.6953,0,CelebratePoint,0,9,LowPickup,0,0.0034,0.2575,1.6055,-11.1678,0.0061,1,0,SadPointLost,0,9,0,0.0029,0.0002,0,Perfect,,0,-11.2,0,11.2,0,-0.001,0.2251,0,0,0
1929,PointOver,Reaction,1,-0.005,38,0.9,1.185,-8.6565,0.0085,0.1758,1.7252,0,CelebratePoint,0,9,LowPickup,0.1116,0.059,0.2623,1.6049,-11.163,0.0556,1,0,SadPointLost,0,9,0,0.0029,0.0002,0,Perfect,,0,-11.2,0,11.2,0,-0.0009,0.1774,0,0,0
1930,PointOver,Reaction,1,-0.005,38,0.9,1.185,-8.6638,0.0087,0.1684,1.7451,0,CelebratePoint,0,9,LowPickup,0.3722,0.1807,0.2353,1.6059,-11.16,0.1299,1,0,SadPointLost,0,9,0,0.0026,0.0002,0,Perfect,,0,-11.2,0,11.2,0,-0.0006,0.1398,0.1631,0,0
1931,PointOver,Reaction,1,-0.005,38,0.9,1.185,-8.671,0.0088,0.1522,1.775,0,CelebratePoint,0,9,LowPickup,0.8122,0.3716,0.2537,1.6001,-11.1345,0.22,1,0,SadPointLost,0,9,0,0.0021,0.0002,0,Perfect,,0,-11.2,0,11.2,0,-0.0003,0.1102,0.3494,0,0
1932,PointOver,Reaction,1,-0.005,38,0.9,1.185,-8.6783,0.0089,0.1379,1.7949,0,CelebratePoint,0,9,LowPickup,1.3874,0.5951,0.2764,1.5871,-11.1007,0.2872,1,0,SadPointLost,0,9,0,0.0015,0.0002,0,Perfect,,0,-11.2,0,11.2,0,0.0001,0.0869,0.5855,0,0
1933,PointOver,Reaction,1,-0.005,38,0.9,1.185,-8.6855,0.0091,0.121,1.8149,0,CelebratePoint,0,9,LowPickup,2.0855,0.8342,0.3024,1.5661,-11.0606,0.3492,1,0,SadPointLost,0,9,0,0.0009,0.0001,0,Perfect,,0,-11.2,0,11.2,0,0.0003,0.0685,0.8337,0,0
1934,PointOver,Reaction,1,-0.005,38,0.9,1.185,-8.6928,0.0092,0.1,1.8448,0,CelebratePoint,0,9,LowPickup,2.8838,1.0696,0.3288,1.5352,-11.0167,0.3996,1,0,SadPointLost,0,9,0,0.0004,0.0001,0,Perfect,,0,-11.2,0,11.2,0,0.0005,0.054,1.0646,0,0
1935,PointOver,Reaction,1,-0.005,38,0.9,1.185,-8.7,0.0093,0.1154,1.8635,0,CelebratePoint,0,9,LowPickup,3.7594,1.2858,0.3536,1.4937,-10.9721,0.4385,1,0,SadPointLost,0,9,0,-0.0001,0.0001,0,Perfect,,0,-11.2,0,11.2,0,0.0005,0.0425,1.2543,0,0
1936,PointOver,Reaction,1,-0.005,38,-0.9,1.185,8.2072,0.0095,0.1335,1.8916,0,CelebratePoint,0,9,LowPickup,4.7001,1.4787,0.3739,1.4412,-10.9286,0.4729,1,0,SadPointLost,0,9,0,-0.0004,0.0001,0,Perfect,,0,-11.2,0,11.2,0,0.0005,0.0335,1.3966,0,0
1937,PointOver,Reaction,1,-0.005,38,-0.9,1.185,8.2145,0.0096,0.1421,1.9104,0,CelebratePoint,0,9,LowPickup,5.6759,1.6368,0.3877,1.3794,-10.8895,0.4825,1,0,SadPointLost,0,9,-0.0126,-0.0068,0.0241,0,Perfect,,0,-11.2,0,11.2,0,0.0005,0.0264,1.4772,0,0
1938,PointOver,Reaction,1,-0.005,38,-0.9,1.185,8.2217,0.0097,0.148,1.9291,0,CelebratePoint,0,9,LowPickup,6.6745,1.7618,0.3934,1.3102,-10.8575,0.4913,1,0,SadPointLost,0,9,0,0.0003,0.0241,0,Perfect,,0,-11.2,0,11.2,0,0.0004,0.0208,1.5019,0,0
1939,PointOver,Reaction,1,-0.005,38,-0.9,1.185,8.229,0.0099,0.1517,1.9572,0,CelebratePoint,0,9,LowPickup,7.6733,1.852,0.3904,1.2369,-10.8337,0.4987,1,0,SadPointLost,0,9,0.1116,0.056,0.0559,0,Perfect,,0,-11.2,0,11.2,0,0.0003,0.0164,1.4714,0,0
1940,PointOver,Reaction,1,-0.005,38,-0.9,1.185,8.2362,0.01,0.1508,1.9759,0,CelebratePoint,0,9,LowPickup,8.6489,1.9071,0.3793,1.1635,-10.819,0.4891,1,0,SadPointLost,0,9,0.3722,0.1779,0.1299,0,Perfect,,0,-11.2,0,11.2,0,0.0002,0.0129,1.3899,0,0
1941,PointOver,Reaction,1,-0.005,38,-0.9,1.185,8.2435,0.0101,0.1443,2.004,0,CelebratePoint,0,9,LowPickup,9.5898,1.9335,0.3609,1.093,-10.813,0.4715,1,0,SadPointLost,0,9,0.8122,0.369,0.2202,0,Perfect,,0,-11.2,0,11.2,0,0.0001,0.0102,1.2698,0,0
1942,PointOver,Reaction,1,-0.005,38,-0.9,1.185,8.2507,0.0102,0.1366,2.0228,0,CelebratePoint,0,9,LowPickup,10.4653,1.9279,0.3379,1.0293,-10.8144,0.4403,1,0,SadPointLost,0,9,1.3873,0.5925,0.2872,0,Perfect,,0,-11.2,0,11.2,0,0.0001,0.008,1.1113,0,0
1943,PointOver,Reaction,1,-0.005,38,-0.9,1.185,8.258,0.0103,0.1262,2.0415,0,CelebratePoint,0,9,LowPickup,11.2636,1.8967,0.3121,0.9741,-10.8213,0.4007,1,0,SadPointLost,0,9,2.0855,0.8314,0.3492,0,Perfect,,0,-11.2,0,11.2,0,0,0.0063,0.927,0,0
1944,PointOver,Reaction,1,-0.005,38,-0.9,1.185,8.2652,0.0105,0.1054,2.0696,0,CelebratePoint,0,9,LowPickup,11.9618,1.84,0.2866,0.9288,-10.8313,0.3422,1,0,SadPointLost,0,9,2.8838,1.0664,0.3995,0,Perfect,,0,-11.2,0,11.2,0,0,0.005,0.7176,0,0
1945,PointOver,Reaction,1,-0.005,38,-0.9,1.185,8.2725,0.0106,0.1061,2.0878,0,CelebratePoint,0,9,LowPickup,12.5368,1.7569,0.2634,0.8943,-10.8424,2.4877,1,0,SadPointLost,0,9,3.7594,1.2826,0.4387,0,Perfect,,0,-11.2,0,11.2,0,0,0.0039,0.4894,0,0
1946,PointOver,Reaction,1,-0.005,38,-0.9,1.185,8.2797,0.0107,0.1204,2.1142,0,CelebratePoint,0,9,LowPickup,12.9769,1.652,0.2446,0.8691,-10.8523,0.7633,1,0,SadPointLost,0,9,4.7001,1.4751,0.4729,0,Perfect,,0,-11.2,0,11.2,0,0,0.0031,0.2502,0,0
1947,PointOver,Reaction,1,-0.005,38,-0.9,1.185,8.287,0.0108,0.1266,2.1318,0,CelebratePoint,0,9,LowPickup,13.2248,1.5057,0.2342,0.856,-10.858,0.1247,1,0,SadPointLost,0,9,5.6759,1.633,0.4832,0,Perfect,,0,-11.2,0,11.2,0,0,0.0024,0,0,0
1948,PointOver,Reaction,1,-0.005,38,-0.9,1.185,8.2942,0.0109,0.13,2.1495,0,Ready,0,9,LowPickup,13.2218,1.3726,0.2337,0.8553,-10.8578,0.003,0.9555,0,SadPointLost,0,9,6.6745,1.7581,0.5119,0,Perfect,,0,-11.2,0,11.2,0,0,0.0019,0.2598,0,0
1949,PointOver,Reaction,1,-0.005,38,-0.9,1.185,8.3014,0.0111,0.13,2.1759,0,Ready,0,9,LowPickup,13.1841,1.2585,0.2334,0.8547,-10.8585,0.0164,0.856,0,SadPointLost,0,9,7.6733,1.8486,0.4791,0,Perfect,,0,-11.2,0,11.2,0,0,0.0015,0.407,0,0
1950,PointOver,Reaction,1,-0.005,38,-0.9,1.185,8.3087,0.0112,0.1266,2.1935,0,Ready,0,9,LowPickup,13.0021,1.098,0.2336,0.8546,-10.8606,0.0323,0.7361,0,SadPointLost,0,9,8.6489,1.9043,0.4891,0,Perfect,,0,-11.2,0,11.2,0,0,0.0012,0.49,0,0
1951,PointOver,Reaction,1,-0.005,38,-0.9,1.185,8.3159,0.0113,0.1164,2.2199,0,Ready,0,9,LowPickup,12.5251,0.7849,0.2344,0.8565,-10.8652,0.0527,0.6155,0,SadPointLost,0,9,9.5898,1.9314,0.4715,0,Perfect,,0,-11.2,0,11.2,0,0,0.0009,0.5448,0,0
1952,PointOver,Reaction,1,-0.005,38,-0.9,1.185,8.3232,0.0114,0.1062,2.2375,0,Ready,0,9,LowPickup,11.6009,0.2211,0.2357,0.8644,-10.8745,0.0704,0.5041,0,SadPointLost,0,9,10.4653,1.9267,0.4404,0,Perfect,,0,-11.2,0,11.2,0,0,0.0007,0.6112,0,0
1953,PointOver,Reaction,1,-0.005,38,-0.9,1.185,8.3304,0.0115,0.1,2.2551,0,Ready,0,9,LowPickup,10.2639,-0.5871,0.2396,0.8841,-10.8875,0.1168,0.4064,0,SadPointLost,0,9,11.2636,1.8965,0.4008,0,Perfect,,0,-11.2,0,11.2,0,0,0.0006,0.6879,0,0
1954,PointOver,Reaction,1,-0.005,38,-0.9,1.185,8.3377,0.0117,0.113,2.28,0,Ready,0,9,LowPickup,8.7698,-1.5327,0.2509,0.9197,-10.9027,0.1653,0.3236,0,SadPointLost,0,9,11.9618,1.8405,0.3423,0,Perfect,,0,-11.2,0,11.2,0,0,0.0005,0.7006,0,0
1955,PointOver,Reaction,1,-0.005,38,-0.9,1.185,8.3449,0.0118,0.1183,2.2965,0,Ready,0,9,LowPickup,7.3522,-2.4351,0.2719,0.9753,-10.913,0.1543,0.2551,0,SadPointLost,0,9,12.5368,1.758,2.4638,0,Perfect,,0,-11.2,0,11.2,0,0,0.0004,0.6352,0,0
1956,PointOver,Reaction,1,-0.005,38,-0.9,1.185,8.3522,0.0119,0.1211,2.3214,0,Ready,0,9,LowPickup,6.3439,-3.046,0.2959,1.0798,-10.9322,0.2376,0.1995,0,SadPointLost,0,9,12.9769,1.6533,0.7621,0,Perfect,,0,-11.2,0,11.2,0,0,0.0003,0.4773,0,0
1957,PointOver,Reaction,1,-0.005,38,-0.9,1.185,8.3594,0.012,0.1196,2.3379,0,Ready,0,9,LowPickup,5.7515,-3.2928,0.2986,1.1371,-10.9404,0.3006,0.1549,0,SadPointLost,0,9,13.2375,1.5134,0.1311,0,Perfect,,0,-11.2,0,11.2,0,0,0.0002,0.2996,0,0
1958,PointOver,Reaction,1,-0.005,38,-0.9,1.185,8.3667,0.0121,0.1153,2.3545,0,Ready,0,9,LowPickup,5.5511,-3.0705,0.2605,0.9969,-10.8312,0.3719,0.1195,0,Ready,0,9,13.1532,1.3204,0.0194,0,Perfect,,0,-11.2,0,11.2,0,0,0.0002,0.2127,0,0
1959,PointOver,Reaction,1,-0.005,38,-0.9,1.185,8.3739,0.0122,0.1038,2.3793,0,Ready,0,9,LowPickup,5.6149,-2.4989,0.1644,0.8286,-10.8697,0.8689,0.0918,0,Ready,0,9,12.8803,1.0576,0.0924,0,Perfect,,0,-11.2,0,11.2,0,0,0.0001,0.2145,0,0
1960,PointOver,Reaction,1,-0.005,38,-0.9,1.185,8.3812,0.0123,0.1038,2.3954,0,Ready,0,9,LowPickup,5.7543,-1.6769,0.1621,0.824,-10.888,5.941,0.0702,0,Ready,0,9,12.4082,0.7824,0.2283,0,Perfect,,0,-11.2,0,11.2,0,0,0.0001,0.3059,0,0
1961,PointOver,Reaction,1,-0.005,38,-0.9,1.185,8.3884,0.0125,0.1112,2.4187,0,Ready,0,9,LowPickup,5.9641,-0.7124,0.1781,0.8449,-10.8895,0,0.0534,0,Ready,0,9,11.7666,0.5817,0.379,0,Perfect,,0,-11.2,0,11.2,0,0,0.0001,0.4255,0,0
1962,PointOver,Reaction,1,-0.005,38,-0.9,1.185,8.3957,0.0125,0.1127,2.4343,0,Ready,0,9,LowPickup,6.188,0.2521,0.1874,0.8502,-10.8946,0,0.0405,0,Ready,0,9,11.0247,0.5375,0.3115,0,Perfect,,0,-11.2,0,11.2,0,0,0.0001,0.5342,0,0
1963,PointOver,Reaction,1,-0.005,38,-0.9,1.185,8.4029,0.0126,0.1114,2.4498,0,Ready,0,9,LowPickup,6.4049,1.1706,0.1927,0.8519,-10.8983,0,0.0307,0,Ready,0,9,10.2732,0.7029,0.0967,0,Perfect,,0,-11.2,0,11.2,0,0,0.0001,0.608,0,0
1964,PointOver,Reaction,1,-0.005,38,-0.9,1.185,8.4101,0.0128,0.1045,2.4732,0,Ready,0,9,LowPickup,6.5926,1.9581,0.1892,0.8445,-10.907,0,0.0231,0,Ready,0,9,9.5794,1.0462,0.1605,0,Perfect,,0,-11.2,0,11.2,0,0,0,0.6358,0,0
1965,PointOver,Reaction,1,-0.005,38,-0.9,1.185,8.4174,0.0129,0.1,2.4887,0,Ready,0,9,LowPickup,6.7416,2.6102,0.1744,0.8408,-10.906,0,0.0174,0,Ready,0,9,8.9798,1.5147,0.3684,0,Perfect,,0,-11.2,0,11.2,0,0,0,0.6309,0,0
1966,PointOver,Reaction,1,-0.005,38,-0.9,1.185,8.4246,0.013,0.1075,2.5107,0,Ready,0,9,LowPickup,6.8599,3.1062,0.1308,0.8649,-10.8726,0,0.0131,0,Ready,0,9,8.4923,2.026,0.4814,0,Perfect,,0,-11.2,0,11.2,0,0,0,0.6017,0,0
1967,PointOver,Reaction,1,-0.005,38,-0.9,1.185,8.4319,0.0131,0.1091,2.5253,0,Ready,0,9,LowPickup,6.8925,3.4332,0.1232,0.9047,-10.8235,0,0.0098,0,Ready,0,9,8.0661,2.4986,0.5285,0,Perfect,,0,-11.2,0,11.2,0,0,0,0.5656,0,0
1968,PointOver,Reaction,1,-0.005,38,-0.9,1.185,8.4391,0.0131,0.108,2.54,0,Ready,0,9,LowPickup,6.7342,3.5605,0.1436,0.849,-10.8721,0,0.0073,0,Ready,0,9,7.5794,2.8422,0.495,0,Perfect,,0,-11.2,0,11.2,0,0,0,0.5248,0,0
1969,PointOver,Reaction,1,-0.005,38,-0.9,1.185,8.4464,0.0133,0.1012,2.5619,0,Ready,0,9,LowPickup,6.5539,3.5657,0.1948,0.81,-10.9036,0.231,0.0055,0,Ready,0,9,7.1502,3.0784,0.2362,0,Perfect,,0,-11.2,0,11.2,0,0,0,0.5069,0,0
1970,PointOver,Reaction,1,-0.005,38,-0.9,1.185,8.4536,0.0134,0.1026,2.5761,0,Ready,0,9,LowPickup,6.5279,3.4641,0.2031,0.8,-10.9043,0.7201,0.0041,0,Ready,0,9,6.9238,3.1955,0.467,0,Perfect,,0,-11.2,0,11.2,0,0,0,0.5129,0,0
1971,PointOver,Reaction,1,-0.005,38,-0.9,1.185,8.4609,0.0135,0.1064,2.5967,0,Ready,0,9,LowPickup,6.567,3.3796,0.1996,0.7967,-10.8971,0.7274,0.003,0,Ready,0,9,6.8223,3.2965,0.6569,0,Perfect,,0,-11.2,0,11.2,0,0,0,0.5069,0,0
1972,PointOver,Reaction,1,-0.005,38,-0.9,1.185,8.4681,0.0135,0.1056,2.6105,0,Ready,0,9,LowPickup,6.634,3.4649,0.1992,0.7864,-10.8942,0.62,0.0023,0,Ready,0,9,6.7957,3.5263,0.5875,0,Perfect,,0,-11.2,0,11.2,0,0,0,0.4209,0,0
1973,PointOver,Reaction,1,-0.005,38,-0.9,1.185,8.4754,0.0136,0.102,2.6242,0,Ready,0,9,LowPickup,6.7675,3.6998,0.1979,0.7747,-10.8972,0.4815,0,0,Ready,0,9,6.8676,3.8646,0.4831,0,Perfect,,0,-11.2,0,11.2,0,0,0,0.347,0,0
1974,PointOver,Reaction,1,-0.005,38,-0.9,1.185,8.4826,0.0137,0.1034,2.644,0,Ready,0,9,LowPickup,6.9787,4.1194,0.1968,0.7667,-10.9175,0.3448,0,0,Ready,0,9,7.0394,4.3463,0.3557,0,Perfect,,0,-11.2,0,11.2,0,0,0,0.3653,0,0
1975,PointOver,Reaction,1,-0.005,38,-0.9,1.185,8.4899,0.0138,0.104,2.6569,0,Ready,0,9,LowPickup,7.3025,4.7277,0.1958,0.7659,-10.9408,0.2573,0,0,Ready,0,9,7.3383,4.9805,0.2616,0,Perfect,,0,-11.2,0,11.2,0,0,0,0.4853,0,0
1976,PointOver,Reaction,1,-0.005,38,-0.9,1.185,8.4971,0.0139,0.1,2.6763,0,Ready,0,9,LowPickup,7.736,5.5562,0.197,0.7705,-10.9524,0.1005,0,0,Ready,0,9,7.7565,5.8049,0.1031,0,Perfect,,0,-11.2,0,11.2,0,0,0,0.6099,0,0
1977,PointOver,Reaction,1,-0.005,38,-0.9,1.185,8.5043,0.014,0.1022,2.6885,0,Ready,0,9,LowPickup,8.4057,6.5302,0.1938,0.7744,-10.9543,0.1805,0,0,Ready,0,9,8.4168,6.7551,0.1814,0,Perfect,,0,-11.2,0,11.2,0,0,0,0.6618,0,0
1978,PointOver,Reaction,1,-0.005,38,-0.9,1.185,8.5116,0.0141,0.1018,2.7006,0,Ready,0,9,LowPickup,9.5165,7.5726,0.1772,0.7787,-10.94,0.1014,0,0,Ready,0,9,9.5217,7.7624,0.103,0,Perfect,,0,-11.2,0,11.2,0,0,0,0.5574,0,0
1979,PointOver,Reaction,1,-0.005,38,-0.9,1.185,8.5188,0.0142,0.1014,2.7185,0,Ready,0,9,LowPickup,10.806,8.6222,0.1598,0.7865,-10.9286,0.2467,0,0,Ready,0,9,10.806,8.7805,0.2524,0,Perfect,,0,-11.2,0,11.2,0,0,0,0.4876,0,0
1980,PointOver,Reaction,1,-0.005,38,-0.9,1.185,8.5261,0.0142,0.1021,2.7299,0,Ready,0,9,LowPickup,12.1751,9.6537,0.1799,0.7933,-10.9271,0.4785,0,0,Ready,0,9,12.1751,9.7852,0.4785,0,Perfect,,0,-11.2,0,11.2,0,0,0,0.5008,0,0
1981,PointOver,Reaction,1,-0.005,38,-0.9,1.185,8.5333,0.0143,0.1,2.7471,0,Ready,0,9,LowPickup,13.3629,10.5159,0.1466,0.8002,-10.9395,0.4175,0,0,Ready,0,9,13.3629,10.6296,0.4798,0,Perfect,,0,-11.2,0,11.2,0,0,0,0.5497,0,0
1982,PointOver,Reaction,1,-0.005,38,-0.9,1.185,8.5406,0.0144,0.1022,2.7578,0,Ready,0,9,LowPickup,14.083,11.111,0.1555,0.8129,-10.9447,0.505,0,0,Ready,0,9,14.083,11.2156,0.6005,0,Perfect,,0,-11.2,0,11.2,0,0,0,0.5062,0,0
1983,PointOver,Reaction,1,-0.005,38,-0.9,1.185,8.5478,0.0144,0.1017,2.7685,0,Ready,0,9,LowPickup,14.3623,11.3712,0.1642,0.8224,-10.9518,0,0,0,Ready,0,9,14.3623,11.4744,0.3787,0,Perfect,,0,-11.2,0,11.2,0,0,0,0.407,0,0
1984,PointOver,Reaction,1,-0.005,38,-0.9,1.185,8.5551,0.0145,0.1014,2.7843,0,Ready,0,9,LowPickup,14.0483,11.1636,0.1654,0.8201,-10.9655,0,0,0,Ready,0,9,14.0483,11.2699,0.28,0,Perfect,,0,-11.2,0,11.2,0,0,0,0.297,0,0
1985,PointOver,Reaction,1,-0.005,38,-0.9,1.185,8.5623,0.0146,0.1021,2.7944,0,Ready,0,9,LowPickup,13.4056,10.623,0.154,0.8275,-10.9664,0,0,0,Ready,0,9,13.4056,10.7347,0.4241,0,Perfect,,0,-11.2,0,11.2,0,0,0,0.2477,0,0
1986,PlayerServeHold,Reaction,1,-0.005,38,-0.9,1.185,8.5696,0.0146,0.1001,2.8045,0,Ready,0,9,LowPickup,12.5848,9.7697,0.1071,0.8544,-10.9283,6.7255,0,0,Ready,0,9,12.5848,9.8854,0.6278,0,Perfect,,0,-11.2,0,11.2,0,0,0,0.1939,0,0
1987,PlayerServeHold,Reaction,1,-0.005,38,-0.94,1.185,8.5768,0.2613,0.875,-10.9333,0,Forehand prepare 0.31,0,9,LowPickup,12.8801,9.2489,0.1021,0.8636,-10.9462,0.8101,0.2083,0.1667,Ready,0,9,11.7425,8.8537,2.1879,0,Perfect,,0.0013,-11.2333,-0.04,11.2,0,0,0,1.383,0,0
1988,PlayerServeHold,Reaction,1,-0.005,38,-1.0201,1.185,8.5841,0.2531,0.875,-10.9911,0,Serve prepare 0.31,0,9,LowPickup,12.6302,9.3479,0.1222,0.8401,-11.0518,5.644,0.4167,0.3333,Run,0,9,14.9409,12.1203,0.8449,0,Perfect,,0.0038,-11.3,-0.1201,11.2,0,0,1.2315,3.5752,0,0
1989,PlayerServeHold,Reaction,1,-0.005,38,-1.0602,1.185,8.5913,0.2434,0.875,-11.0159,0,Serve prepare 0.23,0,9,LowPickup,18.501,11.4174,0.1399,0.8421,-11.1104,1.4033,0.625,0.5,Run,0,9,21.7191,19.6725,9.8819,0,Perfect,,0.005,-11.3333,-0.1602,11.2,0,0,0.814,5.8409,0,0
1990,PlayerServeHold,Reaction,1,-0.005,38,-1.1403,1.185,8.5986,0.2353,0.875,-11.0745,0,Serve prepare 0.19,0,9,LowPickup,25.888,15.0284,0.1615,0.8498,-11.1968,9.1473,0.8333,0.6667,Run,0,9,28.7187,27.5707,1.7563,0,Perfect,,0.0081,-11.4,-0.2403,11.2,0,0,0.5182,7.5745,0,0
1991,PlayerServeHold,Reaction,1,-0.005,38,-1.1803,1.185,8.6058,0.2257,0.875,-11.1001,0,Serve prepare 0.11,0,9,LowPickup,33.8329,17.4566,0.1529,0.8386,-11.2551,0.6801,1,0.8333,Run,0,9,34.8125,34.1557,0.6456,0,Perfect,,0.01,-11.4333,-0.2803,11.2,0,0,0.523,9.5572,0,0
1992,PlayerServeHold,Reaction,1,-0.005,38,-1.2604,1.185,8.613,0.2187,0.875,-11.1594,0,Serve prepare 0.06,0,9,LowPickup,43.3685,23.8076,0.1698,0.8233,-11.3736,0.6392,1,1,Run,0,9,39.8419,38.9663,0.8259,0,Perfect,,0.0147,-11.5,-0.3604,11.2,0,0,0.3805,7.4704,0,0
1993,PlayerServeHold,Reaction,1,-0.005,38,-1.3004,1.185,8.6203,-0.2705,0.695,-11.4174,0,Run,0,9,LowPickup,54.0814,41.3327,0.2314,0.8282,-11.5065,0.5607,0.9555,0.8333,Run,0,9,43.7584,42.1782,0.5669,0,Perfect,,0.0175,-11.5333,-0.4004,11.2,0,0,0.7187,2.6198,0,0
1994,PlayerServeHold,Reaction,1,-0.005,38,-1.3805,1.185,8.6275,-0.2478,0.695,-11.4498,0,Run,0,9,LowPickup,60.1233,46.993,0.2406,0.8295,-11.5767,0,0.856,0.6667,Run,0,9,46.8212,44.081,3.1367,0,Perfect,,0.0239,-11.6,-0.4805,11.2,0,0,0.9288,3.5296,0,0
1995,PlayerServeHold,Reaction,1,-0.005,38,-1.4205,1.185,8.6348,-0.2239,0.695,-11.4511,0,Run,0,9,LowPickup,62.8737,49.9091,0.2744,0.8272,-11.6133,0,0.7361,0.5,Run,0,9,49.1318,45.0606,1.1343,0,Perfect,,0.0275,-11.6333,-0.5205,11.2,0,0,1.3654,4.0898,0,0
1996,PlayerServeHold,Reaction,1,-0.005,38,-1.5006,1.185,8.642,-0.1918,0.695,-11.4885,0,Run,0,9,LowPickup,65.034,52.4799,0.2876,0.8052,-11.7065,0,0.6155,0.3333,Run,0,9,50.6832,45.4981,0.6271,0,Perfect,,0.0356,-11.7,-0.6006,11.2,0,0,1.5567,4.2305,0,0
1997,PlayerServeHold,Reaction,1,-0.005,38,-1.5407,1.185,8.6493,-0.1599,0.695,-11.4957,0,Run,0,9,LowPickup,67.7712,55.7267,0.2779,0.7777,-11.7616,0,0.5041,0.1667,Run,0,9,51.6615,45.6363,0.5004,0,Perfect,,0.04,-11.7333,-0.6407,11.2,0,0,2.0604,3.974,0,0
1998,PlayerServeHold,Reaction,1,-0.005,38,-1.6208,1.185,8.6565,-0.1197,0.695,-11.5398,0,Run,0,9,LowPickup,69.4618,58.0606,0.2949,0.7578,-11.8363,0,0.4064,0,Run,0,9,52.0563,45.6994,1.8251,0,Perfect,,0.0497,-11.8,-0.7208,11.2,0,0,1.9417,3.4002,0,0
1999,PlayerServeHold,Reaction,1,-0.005,38,-1.6608,1.185,8.6638,-0.0814,0.695,-11.5544,0,Run,0,9,LowPickup,72.2579,61.5743,0.312,0.7351,-11.9063,0,0.3236,0,Run,0,9,51.9109,45.8533,1.6725,0,Perfect,,0.055,-11.8333,-0.7608,11.2,0,0,2.1659,2.6496,0,0
2000,PlayerServeHold,Reaction,1,-0.005,38,-1.7409,1.185,8.671,-0.035,0.695,-11.6066,0,Run,0,9,LowPickup,75.9192,66.1341,0.293,0.7199,-12.002,4.589,0.2551,0,Run,0,9,51.4227,46.1224,1.5271,0,Perfect,,0.0664,-11.9,-0.8409,11.2,0,0,2.0248,1.8719,0,0
2001,PlayerServeHold,Reaction,1,-0.005,38,-1.7809,1.185,8.6783,0.0076,0.695,-11.6297,0,Run,0,9,LowPickup,80.3173,71.4749,0.269,0.7072,-12.0835,3.7499,0.1995,0,Run,0,9,50.6359,46.5776,0,0,Perfect,,0.0725,-11.9333,-0.8809,11.2,0,0,2.2314,1.1799,0,0
2002,PlayerServeHold,Reaction,1,-0.005,38,-1.861,1.185,8.6855,0.0581,0.695,-11.6907,0,Run,0,9,LowPickup,85.183,77.3418,0.2554,0.6994,-12.1865,0.7474,0.1549,0,Run,0,9,49.6566,47.2181,0,0,Perfect,,0.0856,-12,-0.961,11.2,0,0,2.0765,0.738,0,0
2003,PlayerServeHold,Reaction,1,-0.005,38,-1.901,1.185,8.6928,0.103,0.695,-11.723,0,Run,0,9,LowPickup,90.4822,83.5775,0.2295,0.6935,-12.2518,0,0.1195,0,Run,0,9,48.7702,47.9024,0,0,Perfect,,0.0925,-12.0333,-1.001,11.2,0,0,2.2721,0.6618,0,0
2004,PlayerServeHold,None,1,-0.005,38,-1.9811,1.185,8.7,0.1554,0.695,-11.7933,0,Run,0,9,LowPickup,96.0458,89.9641,0.2174,0.7028,-12.3804,0,0.0918,0,Run,0,9,47.9434,48.6904,1.0067,0,Perfect,,0.1072,-12.1,-1.0811,11.2,0,0,2.1085,0.7564,0,0
2005,PlayerServeHold,None,1,-0.005,52,-1.985,2.535,-16.5334,0.195,0.695,-11.8334,0,Run,0,9,LowPickup,100.7981,95.3811,0.1773,0.7186,-12.4778,0,0.0702,0,Run,0,9,47.3506,49.348,1.2695,0,Perfect,,0.115,-12.1334,-1.1212,11.2,14,0,2.2974,0.8178,0,0
2006,PlayerServeHold,None,1,-0.005,52,-1.9892,2.5326,-16.538,0.2114,0.695,-11.9,0,Run,0,9,LowPickup,99.709,94.7514,0.1759,0.7233,-12.5544,0,0.0534,0,Run,0,9,47.1072,49.8319,1.6952,0,Perfect,,0.1314,-12.2,-1.2013,11.2,0,0,2.1285,0.8084,0,0
2007,PlayerServeHold,None,1,-0.005,52,-1.9924,2.5302,-16.5449,0.22,0.695,-11.9334,0,Run,0,9,LowPickup,98.6088,94.0521,0.1661,0.7288,-12.5966,0,0.0405,0,Run,0,9,47.1692,50.1139,0.8656,0,Perfect,,0.14,-12.2334,-1.2413,11.2,0,0,2.3131,0.7467,0,0
2008,PlayerServeHold,None,1,-0.005,52,-1.994,2.528,-16.5564,0.2381,0.695,-12,0,Run,0,9,LowPickup,97.4388,93.2848,0.1686,0.7346,-12.6698,0,0.0307,0,Run,0,9,47.5889,50.1109,0.5186,0,Perfect,,0.1581,-12.3,-1.3214,11.2,0,0,2.1408,0.6418,0,0
2009,PlayerServeHold,None,1,-0.005,52,-1.9948,2.5258,-16.5696,0.2475,0.695,-12.0334,0,Run,0,9,LowPickup,96.0377,92.3781,0.163,0.729,-12.6739,0,0.0231,0,Run,0,9,48.3418,49.7908,1.3812,0,Perfect,,0.1675,-12.3334,-1.3614,11.2,0,0,2.3229,0.497,0,0
2010,PlayerServeHold,None,1,-0.005,52,-1.9941,2.5237,-16.583,0.2672,0.695,-12.05,0,Run,0,9,LowPickup,94.7546,91.6539,0.1766,0.7393,-12.7004,5.0899,0.0174,0,Run,0,9,49.2024,49.2588,4.1739,0,Perfect,,0.1872,-12.35,-1.4415,11.2,0,0,2.1485,0.3726,0,0
2011,PlayerServeHold,None,1,-0.005,52,-1.9927,2.5217,-16.5955,0.2775,0.695,-12.05,0,Run,0,9,LowPickup,93.5765,91.1214,0.1856,0.7515,-12.7087,1.1512,0.0131,0,Run,0,9,50.2268,48.4731,1.0193,0,Perfect,,0.1975,-12.35,-1.4815,11.2,0,0,2.3289,0.1263,0,0
2012,PlayerServeHold,None,1,-0.005,52,-1.9898,2.5197,-16.6069,0.2989,0.695,-12.05,0,Run,0,9,LowPickup,92.4625,90.6955,0.21,0.753,-12.7144,0.396,0.0098,0,Run,0,9,51.193,47.5738,2.3855,0,Perfect,,0.2189,-12.35,-1.5616,11.2,0,0,2.1533,0.1195,0,0
2013,PlayerServeHold,None,1,-0.005,52,-1.9864,2.5178,-16.6175,0.31,0.695,-12.05,0,Run,0,9,LowPickup,91.3536,90.3332,0.2174,0.7433,-12.6753,0,0.0073,0,Run,0,9,51.9352,46.6918,1.2167,0,Perfect,,0.23,-12.35,-1.6017,11.2,0,0,2.3327,0.1551,0,0
2014,PlayerServeHold,None,1,-0.005,52,-1.9814,2.516,-16.6273,0.3325,0.695,-12.05,0,Run,0,9,LowPickup,90.129,89.9958,0.2522,0.7456,-12.6806,0,0.0055,0,Run,0,9,52.4882,45.854,2.2019,0,Perfect,,0.2525,-12.35,-1.6818,11.2,0,0,2.1563,0.2022,0,0
2015,PlayerServeHold,None,1,-0.005,52,-1.9761,2.5142,-16.6363,0.3438,0.695,-12.05,0,Run,0,9,LowPickup,89.0018,89.7261,0.2766,0.7464,-12.6853,0,0.0041,0,Run,0,9,52.6679,45.2246,0.7634,0,Perfect,,0.2638,-12.35,-1.7218,11.2,0,0,1.8583,0.2309,0,0
2016,PlayerServeHold,None,1,-0.005,52,-1.9694,2.5124,-16.6447,0.3663,0.695,-12.05,0,Run,0,9,LowPickup,88.0556,89.5331,0.3225,0.7456,-12.6823,0,0.003,0,Run,0,9,52.4766,44.8629,2.7343,0,Perfect,,0.2863,-12.35,-1.8019,11.2,0,0,1.4646,0.2313,0,0
2017,PlayerServeHold,None,1,-0.005,52,-1.9625,2.5107,-16.6524,0.3775,0.695,-12.05,0,Run,0,9,LowPickup,87.1869,89.3798,0.3451,0.7433,-12.6844,0.4304,0.0023,0,Run,0,9,52.0098,44.7672,0.1423,0,Perfect,,0.2975,-12.35,-1.8419,11.2,0,0,1.1543,0.2172,0,0
2018,PlayerServeHold,None,1,-0.005,52,-1.9543,2.509,-16.6595,0.4,0.695,-12.05,0,Run,0,9,LowPickup,86.3147,89.2376,0.3673,0.7394,-12.6951,1.3288,0,0,Run,0,9,51.2224,45.0052,0,0,Perfect,,0.32,-12.35,-1.922,11.2,0,0,0.9097,0.1981,0,0
2019,PlayerServeHold,None,1,-0.005,52,-1.946,2.5074,-16.6661,0.4113,0.695,-12.05,0,Run,0,9,LowPickup,85.5114,89.1185,0.4008,0.7351,-12.6878,1.1536,0,0,Run,0,9,50.2507,45.5231,0,0,Perfect,,0.3313,-12.35,-1.95,11.2,0,0,0.717,0.1719,0,0
2020,PlayerServeHold,None,1,-0.005,52,-1.9366,2.5058,-16.6722,0.4337,0.695,-12.05,0,Run,0,9,LowPickup,84.9219,89.0476,0.4304,0.7311,-12.6889,0.1884,0,0,Run,0,9,49.6159,46.014,0,0,Perfect,,0.3538,-12.35,-1.95,11.2,0,0,0.5651,0.1271,0,0
2021,PlayerServeHold,None,1,-0.005,52,-1.9271,2.5043,-16.6778,0.445,0.695,-12.05,0,Run,0,9,LowPickup,84.5016,89.0206,0.4471,0.7277,-12.6891,0.1871,0,0,Ready,0,9,45.7388,41.0927,3.2191,0,Perfect,,0.365,-12.35,-1.95,11.2,0,0,0.4453,0.0766,0,0
2022,PlayerServeHold,None,1,-0.005,52,-1.9166,2.5027,-16.683,0.4675,0.695,-12.05,0,Run,0,9,LowPickup,84.2066,89.0138,0.4734,0.7252,-12.6898,0.0057,0,0,Ready,0,9,38.91,33.8007,4.0013,0,Perfect,,0.3875,-12.35,-1.95,11.2,0,0,0.351,0,0,0
2023,PlayerServeHold,None,1,-0.005,52,-1.906,2.5013,-16.6878,0.4787,0.695,-12.05,0,Run,0,9,LowPickup,84.0312,89.0233,0.4868,0.7237,-12.6901,0.0107,0,0,Ready,0,9,32.4465,27.4737,2.4647,0,Perfect,,0.3987,-12.35,-1.95,11.2,0,0,0.2766,0,0,0
2024,PlayerServeHold,None,1,-0.005,52,-1.8946,2.4998,-16.6923,0.5012,0.695,-12.05,0,Run,0,9,LowPickup,84.0289,89.0607,0.5097,0.7239,-12.6901,0.0014,0,0,Ready,0,9,27.3926,22.3994,0.8911,0,Perfect,,0.4212,-12.35,-1.95,11.2,0,0,0.218,0.0699,0,0
2025,PlayerServeHold,None,1,-0.005,52,-1.8832,2.4984,-16.6964,0.5125,0.695,-12.05,0,Run,0,9,LowPickup,84.1833,89.1207,0.5181,0.7252,-12.69,0.0029,0,0,Ready,0,9,23.8276,18.657,0.5316,0,Perfect,,0.4325,-12.35,-1.95,11.2,0,0,0.1718,0.1097,0,0
2026,PlayerServeHold,None,1,-0.005,52,-1.871,2.497,-16.7002,0.535,0.695,-12.05,0,Run,0,9,LowPickup,84.501,89.2044,0.5366,0.7282,-12.6896,0.0018,0,0,Ready,0,9,21.4742,16.0041,1.0415,0,Perfect,,0.455,-12.35,-1.95,11.2,0,0,0.1354,0.1454,0,0
2027,PlayerServeHold,None,1,-0.005,52,-1.8588,2.4956,-16.7038,0.5462,0.695,-12.05,0,Run,0,9,LowPickup,85.0331,89.3242,0.5407,0.7326,-12.6888,0.0013,0,0,Ready,0,9,15.3021,9.3482,1.6773,0,Perfect,,0.4662,-12.35,-1.95,11.2,0,0,0.1067,0.1816,0,0
2028,PlayerServeHold,None,1,-0.005,52,-1.8459,2.4942,-16.7071,0.5687,0.695,-12.05,0,Run,0,9,LowPickup,85.6292,89.4427,0.5552,0.737,-12.6878,0.004,0,0,Ready,0,9,16.24,9.6739,0.2114,0,Perfect,,0.4887,-12.35,-1.95,11.2,0,0,0.0841,0.2034,0,0
2029,PlayerServeHold,None,1,-0.005,52,-1.8331,2.4929,-16.7101,0.58,0.695,-12.05,0,Run,0,9,LowPickup,86.2951,89.5635,0.5574,0.741,-12.6866,0.0047,0,0,Ready,0,9,16.9646,9.7625,0.1377,0,Perfect,,0.5,-12.35,-1.95,11.2,0,0,0.0663,0.2144,0,0
2030,PlayerServeHold,None,1,-0.005,52,-1.8196,2.4916,-16.7129,0.6025,0.695,-12.05,0,Run,0,9,LowPickup,87.0646,89.6971,0.5694,0.7444,-12.6851,0.0192,0,0,Ready,0,9,17.5242,9.7955,0.2672,0,Perfect,,0.5225,-12.35,-1.95,11.2,0,0,0.0522,0.2205,0,0
2031,PlayerServeHold,None,1,-0.005,52,-1.8063,2.4903,-16.7155,0.6137,0.695,-12.05,0,Run,0,9,LowPickup,88.0451,89.8722,0.5672,0.7472,-12.6832,0.151,0,0,Ready,0,9,17.9442,9.7957,0.2412,0,Perfect,,0.5337,-12.35,-1.95,11.2,0,0,0.0412,0.2337,0,0
2032,PlayerServeHold,None,1,-0.005,52,-1.7923,2.489,-16.718,0.6362,0.695,-12.05,0,Run,0,9,LowPickup,89.0462,90.0418,0.5754,0.7481,-12.6808,0,0,0,Ready,0,9,18.2245,9.7717,0.0324,0,Perfect,,0.5562,-12.35,-1.95,11.2,0,0,0.0325,0.2364,0,0
2033,PlayerServeHold,None,1,-0.005,52,-1.7785,2.4877,-16.7202,0.6475,0.695,-12.05,0,Run,0,9,LowPickup,89.9526,90.18,0.5739,0.7477,-12.6786,0,0,0,Ready,0,9,18.4007,9.798,0.1223,0,Perfect,,0.5675,-12.35,-1.95,11.2,0,0,0.0256,0.2203,0,0
2034,PlayerServeHold,None,1,-0.005,52,-1.764,2.4865,-16.7223,0.67,0.695,-12.05,0,Run,0,9,LowPickup,90.8583,90.3141,0.5835,0.7453,-12.6763,0,0,0,Ready,0,9,18.4813,9.927,0.1285,0,Perfect,,0.59,-12.35,-1.95,11.2,0,0,0.0202,0.2003,0,0
2035,PlayerServeHold,None,1,-0.005,52,-1.7498,2.4852,-16.7243,0.6813,0.695,-12.05,0,Run,0,9,LowPickup,91.8444,90.4668,0.5806,0.741,-12.6736,0,0,0,Ready,0,9,18.5042,10.1153,0.1072,0,Perfect,,0.6013,-12.35,-1.95,11.2,0,0,0.0159,0.1861,0,0
2036,PlayerServeHold,None,1,-0.005,52,-1.735,2.484,-16.7261,0.7038,0.695,-12.05,0,Run,0,9,LowPickup,92.8461,90.6234,0.5886,0.7352,-12.6707,0.5603,0,0,Ready,0,9,18.4897,10.297,0.0278,0,Perfect,,0.6238,-12.35,-1.95,11.2,0,0,0.0125,0.173,0,0
2037,PlayerServeHold,None,1,-0.005,52,-1.7204,2.4828,-16.7278,0.715,0.695,-12.05,0,Run,0,9,LowPickup,93.6306,90.7274,0.5885,0.7293,-12.6684,0.302,0,0,Ready,0,9,18.4889,10.5065,0.0086,0,Perfect,,0.635,-12.35,-1.95,11.2,0,0,0.0099,0.1409,0,0
2038,PlayerServeHold,None,1,-0.005,52,-1.7053,2.4816,-16.7293,0.7375,0.695,-12.05,0,Run,0,9,LowPickup,94.3065,90.8097,0.6013,0.7232,-12.666,0.6105,0,0,Ready,0,9,18.5303,10.7251,0.0149,0,Perfect,,0.6575,-12.35,-1.95,11.2,0,0,0.0078,0.1042,0,0
2039,PlayerServeHold,None,1,-0.005,52,-1.6904,2.4804,-16.7308,0.7488,0.695,-12.05,0,Run,0,9,LowPickup,94.9053,90.8808,0.6041,0.7172,-12.6642,0.0131,0,0,Ready,0,9,18.5792,10.9147,0.0133,0,Perfect,,0.6688,-12.35,-1.95,11.2,0,0,0.0061,0.0692,0,0
2040,PlayerServeHold,None,1,-0.005,52,-1.675,2.4793,-16.7322,0.7713,0.695,-12.05,0,Run,0,9,LowPickup,95.4532,90.9486,0.6187,0.7247,-12.7082,0.0332,0,0,Ready,0,9,18.6069,11.0282,0.0151,0,Perfect,,0.6913,-12.35,-1.95,11.2,0,0,0.0048,0,0,0
2041,PlayerServeHold,None,1,-0.005,52,-1.6599,2.4781,-16.7334,0.7825,0.695,-12.05,0,Run,0,9,LowPickup,95.7922,90.9748,0.6252,0.7205,-12.7071,0.0073,0,0,Ready,0,9,18.5948,11.0674,0.0161,0,Perfect,,0.7025,-12.35,-1.95,11.2,0,0,0.0038,0,0,0
2042,PlayerServeHold,None,1,-0.005,52,-1.6442,2.4769,-16.7346,0.805,0.695,-12.05,0,Run,0,9,LowPickup,95.9619,90.9711,0.6453,0.7184,-12.7065,0.0031,0,0,Ready,0,9,18.4979,11.0257,0.0062,0,Perfect,,0.725,-12.35,-1.95,11.2,0,0,0.003,0,0,0
2043,PlayerServeHold,None,1,-0.005,52,-1.6288,2.4758,-16.7358,0.8163,0.695,-12.05,0,Run,0,9,LowPickup,95.9769,90.9427,0.6566,0.7182,-12.7064,0.0028,0,0,Ready,0,9,18.3722,10.9293,0.0057,0,Perfect,,0.7363,-12.35,-1.95,11.2,0,0,0.0024,0.0633,0,0
2044,PlayerServeHold,None,1,-0.005,52,-1.613,2.4747,-16.7368,0.8388,0.695,-12.05,0,Run,0,9,LowPickup,95.818,90.8856,0.6818,0.7203,-12.707,0.0016,0,0,Ready,0,9,18.246,10.8054,0.0122,0,Perfect,,0.7588,-12.35,-1.95,11.2,0,0,0.0019,0.1009,0,0
2045,PlayerServeHold,None,1,-0.005,52,-1.5974,2.4735,-16.7378,0.85,0.695,-12.05,0,Run,0,9,LowPickup,95.534,90.8126,0.697,0.7236,-12.708,0.0011,0,0,Ready,0,9,18.1502,10.669,0.0152,0,Perfect,,0.77,-12.35,-1.95,11.2,0,0,0.0015,0.1316,0,0
2046,PlayerServeHold,None,1,-0.005,52,-1.5814,2.4724,-16.7387,0.8725,0.695,-12.05,0,Run,0,9,LowPickup,95.1273,90.724,0.7257,0.7284,-12.7094,0.001,0,0,Ready,0,9,18.11,10.5331,0.02,0,Perfect,,0.7925,-12.35,-1.95,11.2,0,0,0.0012,0.1558,0,0
2047,PlayerServeHold,None,1,-0.005,52,-1.5657,2.4713,-16.7396,0.8838,0.695,-12.05,0,Run,0,9,LowPickup,94.5859,90.616,0.7449,0.7341,-12.7112,0.0049,0,0,Ready,0,9,18.1664,10.4325,0.0133,0,Perfect,,0.8038,-12.35,-1.95,11.2,0,0,0.0009,0.1761,0,0
2048,PlayerServeHold,None,1,-0.005,52,-1.5495,2.4702,-16.7404,0.9063,0.695,-12.05,0,Run,0,9,LowPickup,93.8242,90.4668,0.7786,0.7411,-12.7138,0.0242,0,0,Ready,0,9,18.4075,10.419,0.0121,0,Perfect,,0.8263,-12.35,-1.95,11.2,0,0,0.0007,0.202,0,0
2049,PlayerServeHold,None,1,-0.005,52,-1.5336,2.4692,-16.7412,0.9175,0.695,-12.05,0,Run,0,9,LowPickup,92.9734,90.3091,0.791,0.7344,-12.6707,0.0744,0,0,Ready,0,9,18.7066,10.4355,0.0173,0,Perfect,,0.8375,-12.35,-1.95,11.2,0,0,0.0006,0.2203,0,0
2050,PlayerServeHold,None,1,-0.005,52,-1.5173,2.4681,-16.7419,0.94,0.695,-12.05,0,Run,0,9,LowPickup,92.1535,90.1712,0.8255,0.7398,-12.6744,0.0302,0,0,Ready,0,9,18.9662,10.4427,0.0093,0,Perfect,,0.86,-12.35,-1.95,11.2,0,0,0.0004,0.2212,0,0
2051,PlayerServeHold,None,1,-0.005,52,-1.5013,2.467,-16.7426,0.9513,0.695,-12.05,0,Run,0,9,LowPickup,91.2828,90.0298,0.8606,0.7437,-12.6749,0.4095,0,0,Ready,0,9,19.2033,10.4619,0.0074,0,Perfect,,0.8713,-12.35,-1.95,11.2,0,0,0.0004,0.2163,0,0
2052,PlayerServeHold,None,1,-0.005,52,-1.4849,2.466,-16.7432,0.9738,0.695,-12.05,0,Run,0,9,LowPickup,90.2836,89.8631,0.8976,0.7467,-12.6774,0,0,0,Ready,0,9,19.3898,10.4945,0.0166,0,Perfect,,0.8938,-12.35,-1.95,11.2,0,0,0.0003,0.2163,0,0
2053,PlayerServeHold,None,1,-0.005,52,-1.4688,2.465,-16.7438,0.985,0.695,-12.05,0,Run,0,9,LowPickup,89.1916,89.6793,0.9244,0.7482,-12.68,0,0,0,Ready,0,9,19.5647,10.5673,0.0179,0,Perfect,,0.905,-12.35,-1.95,11.2,0,0,0.0002,0.2174,0,0
2054,PlayerServeHold,None,1,-0.005,52,-1.4523,2.464,-16.7444,1.0075,0.695,-12.05,0,Run,0,9,LowPickup,88.2797,89.5448,0.9597,0.7478,-12.682,0,0,0,Ready,0,9,19.7556,10.7072,0.0116,0,Perfect,,0.9275,-12.35,-1.95,11.2,0,0,0.0002,0.1963,0,0
2055,PlayerServeHold,None,1,-0.005,52,-1.4361,2.463,-16.7449,1.0188,0.695,-12.05,0,Run,0,9,LowPickup,87.4351,89.4275,0.9826,0.7459,-12.6839,0.3118,0,0,Ready,0,9,19.9635,10.9016,0.0099,0,Perfect,,0.9388,-12.35,-1.95,11.2,0,0,0.0001,0.1682,0,0
2056,PlayerServeHold,None,1,-0.005,52,-1.4195,2.462,-16.7454,1.0413,0.695,-12.05,0,Run,0,9,LowPickup,86.6153,89.3136,1.0161,0.7425,-12.6852,0.7452,0,0,Ready,0,9,20.2062,11.1451,0.0098,0,Perfect,,0.9613,-12.35,-1.95,11.2,0,0,0.0001,0.1409,0,0
2057,PlayerServeHold,None,1,-0.005,52,-1.4033,2.461,-16.7459,1.0525,0.695,-12.05,0,Run,0,9,LowPickup,85.7644,89.1876,1.0388,0.7378,-12.6866,0.2177,0,0,Ready,0,9,20.4593,11.4255,0.0097,0,Perfect,,0.9725,-12.35,-1.95,11.2,0,0,0.0001,0.1215,0,0
2058,PlayerServeHold,None,1,-0.005,52,-1.3866,2.4601,-16.7464,1.075,0.695,-12.05,0,Run,0,9,LowPickup,85.1257,89.109,1.0698,0.7338,-12.6889,0.4266,0,0,Ready,0,9,20.7492,11.7583,0.0057,0,Perfect,,0.995,-12.35,-1.95,11.2,0,0,0.0001,0.0879,0,0
2059,PlayerServeHold,None,1,-0.005,52,-1.3703,2.4592,-16.7468,1.0863,0.695,-12.05,0,Run,0,9,LowPickup,84.6535,89.0635,1.087,0.7299,-12.6888,0.3176,0,0,Ready,0,9,20.9425,12.0484,0.008,0,Perfect,,1.0063,-12.35,-1.95,11.2,0,0,0.0001,0.0474,0,0
2060,PlayerServeHold,None,1,-0.005,52,-1.3535,2.4583,-16.7472,1.1088,0.695,-12.05,0,Run,0,9,LowPickup,84.3123,89.0395,1.1138,0.7269,-12.6896,0.0127,0,0,Ready,0,9,20.9203,12.2149,0.0116,0,Perfect,,1.0288,-12.35,-1.95,11.2,0,0,0,0,0,0
2061,PlayerServeHold,None,1,-0.005,52,-1.3372,2.4574,-16.7476,1.12,0.695,-12.05,0,Run,0,9,LowPickup,84.0827,89.0309,1.1278,0.7248,-12.69,0.0094,0,0,Ready,0,9,20.6864,12.2626,0.0136,0,Perfect,,1.04,-12.35,-1.95,11.2,0,0,0,0,0,0
2062,PlayerServeHold,None,1,-0.005,52,-1.3204,2.4565,-16.748,1.1425,0.695,-12.05,0,Run,0,9,LowPickup,84.0099,89.0479,1.1513,0.7241,-12.6902,0.0053,0,0,Ready,0,9,20.1761,12.1674,0.0179,0,Perfect,,1.0625,-12.35,-1.95,11.2,0,0,0,0.0542,0,0
2063,PlayerServeHold,None,1,-0.005,52,-1.304,2.4556,-16.7484,1.1538,0.695,-12.05,0,Run,0,9,LowPickup,84.1046,89.0924,1.1609,0.725,-12.6901,0.0034,0,0,Ready,0,9,19.4805,11.95,0.0151,0,Perfect,,1.0738,-12.35,-1.95,11.2,0,0,0,0.0901,0,0
2064,PlayerServeHold,None,1,-0.005,52,-1.2872,2.4548,-16.7487,1.1763,0.695,-12.05,0,Run,0,9,LowPickup,84.3505,89.1598,1.1801,0.7272,-12.6898,0.0003,0,0,Ready,0,9,18.6388,11.6013,0.0031,0,Perfect,,1.0963,-12.35,-1.95,11.2,0,0,0,0.1215,0,0
2065,PlayerServeHold,None,1,-0.005,52,-1.2708,2.454,-16.749,1.1875,0.695,-12.05,0,Run,0,9,LowPickup,84.8014,89.2632,1.1853,0.7311,-12.6892,0.0015,0,0,Ready,0,9,17.7307,11.158,0.0048,0,Perfect,,1.1075,-12.35,-1.95,11.2,0,0,0,0.1548,0,0
2066,PlayerServeHold,None,1,-0.005,52,-1.2539,2.4532,-16.7493,1.21,0.695,-12.05,0,Run,0,9,LowPickup,85.3879,89.385,1.1999,0.7355,-12.6882,0.0003,0,0,Ready,0,9,16.8163,10.6356,0.0177,0,Perfect,,1.13,-12.35,-1.95,11.2,0,0,0,0.1829,0,0
2067,PlayerServeHold,None,1,-0.005,52,-1.2374,2.4524,-16.7496,1.2213,0.695,-12.05,0,Run,0,9,LowPickup,86.0157,89.5024,1.2027,0.7396,-12.6871,0.0048,0,0,Ready,0,9,15.9817,10.0522,0.2052,0,Perfect,,1.1413,-12.35,-1.95,11.2,0,0,0,0.1971,0,0
2068,PlayerServeHold,None,1,-0.005,52,-1.2205,2.4517,-16.7499,1.2438,0.695,-12.05,0,Run,0,9,LowPickup,86.7397,89.631,1.2153,0.7433,-12.6857,0.0258,0,0,Ready,0,9,15.3498,9.4229,0.2919,0,Perfect,,1.1638,-12.35,-1.95,11.2,0,0,0,0.2065,0,0
2069,PlayerServeHold,None,1,-0.005,52,-1.204,2.451,-16.7502,1.255,0.695,-12.05,0,Run,0,9,LowPickup,87.6251,89.7888,1.2143,0.7462,-12.6841,0.0896,0,0,Ready,0,9,14.854,8.7349,0.3006,0,Perfect,,1.175,-12.35,-1.95,11.2,0,0,0,0.2181,0,0
2070,PlayerServeHold,None,1,-0.005,52,-1.1871,2.4503,-16.7504,1.2775,0.695,-12.05,0,Run,0,9,LowPickup,88.6674,89.9752,1.2221,0.7481,-12.6817,0.5944,0,0,Ready,0,9,14.4748,7.9885,0.2944,0,Perfect,,1.1975,-12.35,-1.95,11.2,0,0,0,0.2326,0,0
2071,PlayerServeHold,None,1,-0.005,52,-1.1706,2.4496,-16.7507,1.2888,0.695,-12.05,0,Run,0,9,LowPickup,89.5909,90.1226,1.2203,0.7478,-12.6795,0,0,0,Ready,0,9,14.1999,7.1864,0.1597,0,Perfect,,1.2088,-12.35,-1.95,11.2,0,0,0,0.224,0,0
2072,PlayerServeHold,None,1,-0.005,52,-1.1536,2.449,-16.7509,1.3113,0.695,-12.05,0,Run,0,9,LowPickup,90.4959,90.2597,1.2299,0.7463,-12.6772,0,0,0,Ready,0,9,14.0302,6.3425,0.1551,0,Perfect,,1.2313,-12.35,-1.95,11.2,0,0,0,0.2077,0,0
2073,PlayerServeHold,None,1,-0.005,52,-1.1371,2.4484,-16.7511,1.3225,0.695,-12.05,0,Run,0,9,LowPickup,91.4282,90.401,1.2278,0.7431,-12.6747,0,0,0,Ready,0,9,13.9082,5.4637,0.2888,0,Perfect,,1.2425,-12.35,-1.95,11.2,0,0,0,0.1903,0,0
2074,PlayerServeHold,None,1,-0.005,52,-1.1201,2.4478,-16.7513,1.345,0.695,-12.05,0,Run,0,9,LowPickup,92.4724,90.5692,1.2352,0.7375,-12.6717,0.5569,0,0,Ready,0,9,13.7775,4.5721,0.3517,0,Perfect,,1.265,-12.35,-1.95,11.2,0,0,0,0.1829,0,0
2075,PlayerServeHold,None,1,-0.005,52,-1.1035,2.4472,-16.7515,1.3563,0.695,-12.05,0,Run,0,9,LowPickup,93.3346,90.6921,1.234,0.7316,-12.6694,0.644,0,0,Ready,0,9,13.6458,3.6834,0.3126,0,Perfect,,1.2763,-12.35,-1.95,11.2,0,0,0,0.1579,0,0
2076,PlayerServeHold,None,1,-0.005,52,-1.0865,2.4467,-16.7517,1.3788,0.695,-12.05,0,Run,0,9,LowPickup,94.0491,90.7817,1.2463,0.7257,-12.6668,0.6726,0,0,Ready,0,9,13.4986,2.8292,0.1047,0,Perfect,,1.2988,-12.35,-1.95,11.2,0,0,0,0.1227,0,0
2077,PlayerServeHold,None,1,-0.005,52,-1.0699,2.4461,-16.7519,1.39,0.695,-12.05,0,Run,0,9,LowPickup,94.6691,90.8546,1.2486,0.7195,-12.6649,0.0548,0,0,Ready,0,9,13.3426,1.9991,0.0424,0,Perfect,,1.31,-12.35,-1.95,11.2,0,0,0,0.0862,0,0
2078,PlayerServeHold,None,1,-0.005,52,-1.0529,2.4457,-16.7521,1.4125,0.695,-12.05,0,Run,0,9,LowPickup,95.2519,90.9269,1.2628,0.7271,-12.7089,0.0344,0,0,Ready,0,9,12.9094,1.4308,0.2462,0,Perfect,,1.3325,-12.35,-1.95,11.2,0,0,0,0.0577,0,0
2079,PlayerServeHold,None,1,-0.005,52,-1.0363,2.4452,-16.7522,1.4238,0.695,-12.05,0,Run,0,9,LowPickup,95.6809,90.9706,1.268,0.7219,-12.7075,0.0068,0,0,Ready,0,9,12.2725,0.7936,0.1556,0,Perfect,,1.3438,-12.35,-1.95,11.2,0,0,0,0,0,0
2080,PlayerServeHold,None,1,-0.005,52,-1.0193,2.4448,-16.7524,1.4463,0.695,-12.05,0,Run,0,9,LowPickup,95.9113,90.9764,1.2873,0.7191,-12.7067,0.0049,0,0,Ready,0,9,11.0901,-0.1244,0.1663,0,Perfect,,1.3663,-12.35,-1.95,11.2,0,0,0,0,0,0
2081,PlayerServeHold,None,1,-0.005,52,-1.0027,2.4444,-16.7525,1.4575,0.695,-12.05,0,Run,0,9,LowPickup,95.9909,90.9574,1.2974,0.718,-12.7064,0.0006,0,0,Ready,0,9,9.6278,-1.1286,0.261,0,Perfect,,1.3775,-12.35,-1.95,11.2,0,0,0,0.0504,0,0
2082,PlayerServeHold,None,1,-0.005,52,-0.9857,2.444,-16.7527,1.48,0.695,-12.05,0,Run,0,9,LowPickup,95.9009,90.9108,1.322,0.7194,-12.7068,0.0026,0,0,Ready,0,9,7.9221,-2.1725,0.2273,0,Perfect,,1.4,-12.35,-1.95,11.2,0,0,0,0.0879,0,0
2083,PlayerServeHold,None,1,-0.005,52,-0.9691,2.4437,-16.7528,1.4913,0.695,-12.05,0,Run,0,9,LowPickup,95.6601,90.8419,1.3364,0.7221,-12.7076,0.0017,0,0,Ready,0,9,6.2936,-3.1099,0.1968,0,Perfect,,1.4113,-12.35,-1.95,11.2,0,0,0,0.1219,0,0
2084,PlayerServeHold,None,1,-0.005,52,-0.952,2.4434,-16.7529,1.5138,0.695,-12.05,0,Run,0,9,LowPickup,95.3068,90.7605,1.3642,0.7264,-12.7088,0.0003,0,0,Ready,0,9,5.0535,-3.8488,0.1171,0,Perfect,,1.4338,-12.35,-1.95,11.2,0,0,0,0.1487,0,0
2085,PlayerServeHold,None,1,-0.005,52,-0.9354,2.4431,-16.7531,1.525,0.695,-12.05,0,Run,0,9,LowPickup,94.8219,90.661,1.3827,0.7317,-12.7104,0.0039,0,0,Ready,0,9,4.2098,-4.3103,0.1365,0,Perfect,,1.445,-12.35,-1.95,11.2,0,0,0,0.1705,0,0
2086,PlayerServeHold,None,1,-0.005,52,-0.9183,2.4428,-16.7532,1.5475,0.695,-12.05,0,Run,0,9,LowPickup,94.1599,90.5313,1.4149,0.7381,-12.7126,0.0031,0,0,Ready,0,9,3.9395,-4.3623,0.2226,0,Perfect,,1.4675,-12.35,-1.95,11.2,0,0,0,0.1928,0,0
2087,PlayerServeHold,None,1,-0.005,52,-0.9017,2.4426,-16.7533,1.5588,0.695,-12.05,0,Run,0,9,LowPickup,93.3026,90.3667,1.4274,0.7317,-12.6696,0.0058,0,0,Ready,0,9,4.0308,-4.0908,0,0,Perfect,,1.4788,-12.35,-1.95,11.2,0,0,0,0.2176,0,0
2088,PlayerServeHold,None,1,-0.005,52,-0.8847,2.4425,-16.7534,1.5813,0.695,-12.05,0,Run,0,9,LowPickup,92.4863,90.2255,1.4621,0.738,-12.6727,0.0924,0,0,Ready,0,9,4.3891,-3.4476,0,0,Perfect,,1.5013,-12.35,-1.95,11.2,0,0,0,0.2234,0,0
2089,PlayerServeHold,None,1,-0.005,52,-0.868,2.4423,-16.7535,1.5925,0.695,-12.05,0,Run,0,9,LowPickup,91.6368,90.0863,1.4967,0.7421,-12.6741,0.1984,0,0,Ready,0,9,4.8669,-2.5947,0,0,Perfect,,1.5125,-12.35,-1.95,11.2,0,0,0,0.2201,0,0
2090,PlayerServeHold,None,1,-0.005,52,-0.851,2.4422,-16.7535,1.615,0.695,-12.05,0,Run,0,9,LowPickup,90.7123,89.9361,1.5327,0.7457,-12.6764,0,0,0,Ready,0,9,5.2834,-1.6213,0,0,Perfect,,1.535,-12.35,-1.95,11.2,0,0,0,0.2147,0,0
2091,PlayerServeHold,None,1,-0.005,52,-0.8343,2.4421,-16.7536,1.6263,0.695,-12.05,0,Run,0,9,LowPickup,89.6099,89.7475,1.5597,0.7478,-12.679,0,0,0,Ready,0,9,5.6729,-0.6019,0,0,Perfect,,1.5463,-12.35,-1.95,11.2,0,0,0,0.2201,0,0
2092,PlayerServeHold,None,1,-0.005,52,-0.8172,2.4421,-16.7537,1.6488,0.695,-12.05,0,Run,0,9,LowPickup,88.6306,89.5951,1.596,0.7481,-12.6813,0,0,0,Ready,0,9,6.0097,0.3579,0,0,Perfect,,1.5688,-12.35,-1.95,11.2,0,0,0,0.2065,0,0
2093,PlayerServeHold,None,1,-0.005,52,-0.8006,2.442,-16.7537,1.66,0.695,-12.05,0,Run,0,9,LowPickup,87.7653,89.473,1.6193,0.7468,-12.6831,0,0,0,Ready,0,9,6.2964,1.2444,0,0,Perfect,,1.58,-12.35,-1.95,11.2,0,0,0,0.1797,0,0
2094,PlayerServeHold,None,1,-0.005,52,-0.7835,2.4421,-16.7538,1.6825,0.695,-12.05,0,Run,0,9,LowPickup,86.9481,89.3612,1.6529,0.744,-12.6849,0.3892,0,0,Ready,0,9,6.5267,1.9923,0,0,Perfect,,1.6025,-12.35,-1.95,11.2,0,0,0,0.1507,0,0
2095,PlayerServeHold,None,1,-0.005,52,-0.7669,2.4421,-16.7538,1.6938,0.695,-12.05,0,Run,0,9,LowPickup,86.0927,89.236,1.664,0.7397,-12.6963,1.2519,0,0,Ready,0,9,6.7017,2.6096,0,0,Perfect,,1.6138,-12.35,-1.95,11.2,0,0,0,0.1297,0,0
2096,PlayerServeHold,None,1,-0.005,52,-0.7498,2.4422,-16.7539,1.7163,0.695,-12.05,0,Run,0,9,LowPickup,85.3545,89.135,1.708,0.7354,-12.6883,1.5206,0,0,Ready,0,9,6.8357,3.0807,0,0,Perfect,,1.6363,-12.35,-1.95,11.2,0,0,0,0.1028,0,0
2097,PlayerServeHold,None,1,-0.005,52,-0.7332,2.4423,-16.7539,1.7275,0.695,-12.05,0,Run,0,9,LowPickup,84.8277,89.0795,1.726,0.7313,-12.6887,0.1769,0,0,Ready,0,9,6.8777,3.3935,0,0,Perfect,,1.6475,-12.35,-1.95,11.2,0,0,0,0.0641,0,0
2098,PlayerServeHold,None,1,-0.005,52,-0.7161,2.4425,-16.7539,1.75,0.695,-12.05,0,Run,0,9,LowPickup,84.434,89.047,1.7535,0.728,-12.6893,0.0637,0,0,Ready,0,9,6.7249,3.5154,0.779,0,Perfect,,1.67,-12.35,-1.95,11.2,0,0,0,0,0,0
2099,PlayerServeHold,None,1,-0.005,52,-0.6994,2.4426,-16.754,1.7613,0.695,-12.05,0,Run,0,9,LowPickup,84.1602,89.0324,1.7681,0.7256,-12.6899,0.0006,0,0,Ready,0,9,6.5539,3.5242,0.2252,0,Perfect,,1.6813,-12.35,-1.95,11.2,0,0,0,0,0,0
2100,PlayerServeHold,None,1,-0.005,52,-0.6823,2.4429,-16.754,1.7838,0.695,-12.05,0,Run,0,9,LowPickup,84.0173,89.0369,1.7924,0.7242,-12.6902,0.0096,0,0,Ready,0,9,6.5278,3.4326,0.7175,0,Perfect,,1.7038,-12.35,-1.95,11.2,0,0,0,0,0,0
2101,PlayerServeHold,None,1,-0.005,52,-0.6657,2.4431,-16.754,1.795,0.695,-12.05,0,Run,0,9,LowPickup,84.0481,89.071,1.8035,0.7246,-12.6901,0.0014,0,0,Ready,0,9,6.567,3.3626,0.7275,0,Perfect,,1.715,-12.35,-1.95,11.2,0,0,0,0.076,0,0
2102,PlayerServeHold,None,1,-0.005,52,-0.6486,2.4434,-16.754,1.8175,0.695,-12.05,0,Run,0,9,LowPickup,84.2321,89.1288,1.8228,0.7261,-12.69,0.0016,0,0,Ready,0,9,6.634,3.4649,0.62,0,Perfect,,1.7375,-12.35,-1.95,11.2,0,0,0,0.1084,0,0
2103,PlayerServeHold,None,1,-0.005,52,-0.6319,2.4437,-16.754,1.8288,0.695,-12.05,0,Run,0,9,LowPickup,84.592,89.2155,1.8294,0.7293,-12.6895,0.0023,0,0,Ready,0,9,6.7675,3.716,0.4816,0,Perfect,,1.7488,-12.35,-1.95,11.2,0,0,0,0.1399,0,0
2104,PlayerServeHold,None,1,-0.005,52,-0.6148,2.4441,-16.754,1.8513,0.695,-12.05,0,Run,0,9,LowPickup,85.1521,89.3371,1.8443,0.7338,-12.6886,0.0013,0,0,Ready,0,9,6.9787,4.1487,0.3448,0,Perfect,,1.7713,-12.35,-1.95,11.2,0,0,0,0.173,0,0
2105,PlayerServeHold,None,1,-0.005,52,-0.5982,2.4445,-16.754,1.8625,0.695,-12.05,0,Run,0,9,LowPickup,85.7542,89.4538,1.8475,0.738,-12.6876,0.006,0,0,Ready,0,9,7.3025,4.7666,0.2573,0,Perfect,,1.7825,-12.35,-1.95,11.2,0,0,0,0.1921,0,0
2106,PlayerServeHold,None,1,-0.005,52,-0.5811,2.4449,-16.754,1.885,0.695,-12.05,0,Run,0,9,LowPickup,86.4393,89.5778,1.8606,0.7419,-12.6863,0.0095,0,0,Ready,0,9,7.736,5.6009,0.1005,0,Perfect,,1.805,-12.35,-1.95,11.2,0,0,0,0.2034,0,0
2107,PlayerServeHold,None,1,-0.005,52,-0.5644,2.4453,-16.7539,1.8963,0.695,-12.05,0,Run,0,9,LowPickup,87.2392,89.7187,1.8609,0.7451,-12.6848,0.0083,0,0,Ready,0,9,8.4057,6.5789,0.1805,0,Perfect,,1.8163,-12.35,-1.95,11.2,0,0,0,0.2119,0,0
2108,PlayerServeHold,None,1,-0.005,52,-0.5473,2.4458,-16.7539,1.9188,0.695,-12.05,0,Run,0,9,LowPickup,88.2579,89.9036,1.8693,0.7477,-12.6827,0.1711,0,0,Ready,0,9,9.5165,7.6242,0.1014,0,Perfect,,1.8388,-12.35,-1.95,11.2,0,0,0,0.229,0,0
2109,PlayerServeHold,None,1,-0.005,52,-0.5306,2.4464,-16.7539,1.93,0.695,-12.05,0,Run,0,9,LowPickup,89.2297,90.0666,1.8666,0.748,-12.6804,0,0,0,Ready,0,9,10.806,8.6793,0.2467,0,Perfect,,1.85,-12.35,-1.95,11.2,0,0,0,0.2299,0,0
2110,PlayerServeHold,None,1,-0.005,52,-0.5135,2.4469,-16.7538,1.9525,0.695,-12.05,0,Run,0,9,LowPickup,90.1352,90.2058,1.8763,0.7472,-12.6782,0,0,0,Ready,0,9,12.1751,9.7228,0.4785,0,Perfect,,1.8725,-12.35,-1.95,11.2,0,0,0,0.2156,0,0
2111,PlayerServeHold,None,1,-0.005,52,-0.4969,2.4475,-16.7538,1.9638,0.695,-12.05,0,Run,0,9,LowPickup,91.0434,90.3419,1.8746,0.7447,-12.6758,0,0,0,Ready,0,9,13.3629,10.6001,0.4172,0,Perfect,,1.8838,-12.35,-1.95,11.2,0,0,0,0.1973,0,0
2112,PlayerServeHold,None,1,-0.005,52,-0.4798,2.4482,-16.7537,1.9863,0.695,-12.05,0,Run,0,9,LowPickup,92.0575,90.5029,1.8825,0.7399,-12.6729,0,0,0,Ready,0,9,14.083,11.2116,0,0,Perfect,,1.9063,-12.35,-1.95,11.2,0,0,0,0.1872,0,0
2113,PlayerServeHold,None,1,-0.005,52,-0.4631,2.4488,-16.7536,1.9975,0.695,-12.05,0,Run,0,9,LowPickup,93.0165,90.6496,1.8798,0.734,-12.6703,0.5169,0,0,Ready,0,9,14.3623,11.4879,0,0,Perfect,,1.9175,-12.35,-1.95,11.2,0,0,0,0.1713,0,0
2114,PlayerServeHold,None,1,-0.005,52,-0.446,2.4495,-16.7536,2.02,0.695,-12.05,0,Run,0,9,LowPickup,93.7733,90.7479,1.8915,0.7281,-12.6679,0.5098,0,0,Ready,0,9,14.0483,11.2937,0,0,Perfect,,1.94,-12.35,-1.95,11.2,0,0,0,0.1378,0,0
2115,PlayerServeHold,None,1,-0.005,52,-0.4293,2.4502,-16.7535,2.0313,0.695,-12.05,0,Run,0,9,LowPickup,94.4299,90.8268,1.8933,0.7219,-12.6656,0.1163,0,0,Ready,0,9,13.4056,10.7623,0,0,Perfect,,1.9513,-12.35,-1.95,11.2,0,0,0,0.1009,0,0
2116,PlayerServeHold,None,1,-0.005,52,-0.4122,2.451,-16.7534,2.0538,0.695,-12.05,0,Run,0,9,LowPickup,95.0239,90.8982,1.9074,0.716,-12.6637,0.2368,0,0,Ready,0,9,12.5848,9.912,6.7373,0,Perfect,,1.9738,-12.35,-1.95,11.2,0,0,0,0.0678,0,0
2117,PlayerServeHold,None,1,-0.005,52,-0.3956,2.4518,-16.7534,2.065,0.695,-12.05,0,Run,0,9,LowPickup,95.5385,90.9592,1.9112,0.7236,-12.708,0.2424,0,0,Ready,0,9,11.7425,8.8761,0.645,0,Perfect,,1.985,-12.35,-1.95,11.2,0,0,0,0,0,0
2118,PlayerServeHold,None,1,-0.005,52,-0.3785,2.4526,-16.7533,2.0875,0.695,-12.05,0,Run,0,9,LowPickup,95.8378,90.9773,1.9296,0.72,-12.7069,0.0077,0,0,Ready,0,9,11.0938,7.7325,2.8145,0,Perfect,,2.0075,-12.35,-1.95,11.2,0,0,0,0,0,0
2119,PlayerServeHold,None,1,-0.005,52,-0.3618,2.4535,-16.7532,2.0988,0.695,-12.05,0,Run,0,9,LowPickup,95.978,90.9684,1.9388,0.7182,-12.7064,0.0021,0,0,Ready,0,9,10.5785,6.5856,0.5286,0,Perfect,,2.0188,-12.35,-1.95,11.2,0,0,0,0,0,0
2120,PlayerServeHold,None,1,-0.005,52,-0.3447,2.4544,-16.7531,2.1213,0.695,-12.05,0,Run,0,9,LowPickup,95.959,90.9339,1.9621,0.7185,-12.7065,0.0032,0,0,Ready,0,9,10.1834,5.5551,0.6945,0,Perfect,,2.0413,-12.35,-1.95,11.2,0,0,0,0.0713,0,0
2121,PlayerServeHold,None,1,-0.005,52,-0.328,2.4553,-16.753,2.1325,0.695,-12.05,0,Run,0,9,LowPickup,95.7691,90.8716,1.9762,0.7209,-12.7072,0.0015,0,0,Ready,0,9,9.9815,4.706,0.9976,0,Perfect,,2.0525,-12.35,-1.95,11.2,0,0,0,0.1084,0,0
2122,PlayerServeHold,None,1,-0.005,52,-0.3109,2.4563,-16.7528,2.1546,0.695,-12.05,0,Run,0,9,LowPickup,95.4636,90.796,2.0027,0.7245,-12.7083,0.0006,0,0,Ready,0,9,10.0504,4.1632,3.4584,0,Perfect,,2.0746,-12.35,-1.95,11.2,0,0,0,0.1367,0,0
2123,PlayerServeHold,None,1,-0.005,52,-0.2943,2.4573,-16.7527,2.1653,0.695,-12.05,0,Run,0,9,LowPickup,95.0448,90.7072,2.0204,0.7292,-12.7097,0.0079,0,0,Ready,0,9,10.3518,3.8963,0.1798,0,Perfect,,2.0853,-12.35,-1.95,11.2,0,0.0002,0.3737,0.1598,0,0
2124,PlayerServeHold,None,1,-0.005,52,-0.2774,2.4583,-16.7526,2.1861,0.695,-12.05,0,Run,0,9,LowPickup,94.5062,90.6023,2.0495,0.7348,-12.7115,0.0043,0,0,Ready,0,9,10.863,3.9435,0.4288,0,Perfect,,2.1061,-12.35,-1.95,11.2,0,0.0007,0.5354,0.1767,0,0
2125,PlayerServeHold,None,1,-0.005,52,-0.261,2.4593,-16.7525,2.1961,0.695,-12.05,0,Run,0,9,LowPickup,93.7905,90.4663,2.0708,0.7415,-12.7139,0.0289,0,0,Ready,0,9,11.6205,4.2457,0.7022,0,Perfect,,2.1161,-12.35,-1.95,11.2,0,0.0015,0.9034,0.1961,0,0
2126,PlayerServeHold,None,1,-0.005,52,-0.2444,2.4604,-16.7524,2.2157,0.695,-12.05,0,Run,0,9,LowPickup,93.0265,90.3304,2.0903,0.7318,-12.6713,0.0645,0,0,Ready,0,9,12.7206,4.7671,0.7759,0,Perfect,,2.1357,-12.35,-1.95,11.2,0,0.0025,0.9529,0.2058,0,0
2127,PlayerServeHold,None,1,-0.005,52,-0.2283,2.4615,-16.7522,2.2251,0.695,-12.05,0,Run,0,9,LowPickup,92.3268,90.0333,2.1119,0.736,-12.6745,0.0218,0,0,Ready,0,9,13.9588,5.4256,0.7582,0,Perfect,,2.1451,-12.35,-1.95,11.2,0,0.0036,1.2327,0.4166,0,0
2128,PlayerServeHold,None,1,-0.005,52,-0.2121,2.4627,-16.7521,2.2434,0.695,-12.05,0,Run,0,9,LowPickup,91.6079,89.8305,2.1403,0.7383,-12.6778,0.1898,0,0,Ready,0,9,15.2137,6.1391,0.6589,0,Perfect,,2.1634,-12.35,-1.95,11.2,0,0.0047,1.2124,0.5122,0,0
2129,PlayerServeHold,None,1,-0.005,52,-0.1964,2.4638,-16.7519,2.2522,0.695,-12.05,0,Run,0,9,LowPickup,90.875,89.7483,2.16,0.7406,-12.6808,0,0,0,Ready,0,9,16.358,6.9033,0.5545,0,Perfect,,2.1722,-12.35,-1.95,11.2,0,0.0058,1.4378,0.4659,0,0
2130,PlayerServeHold,None,1,-0.005,52,-0.1806,2.465,-16.7518,2.2692,0.695,-12.05,0,Run,0,9,LowPickup,90.0368,89.6286,2.1888,0.7419,-12.684,0,0,0,Ready,0,9,17.2245,7.7178,0.42,0,Perfect,,2.1892,-12.35,-1.95,11.2,0,0.0067,1.3743,0.4405,0,0
2131,PlayerServeHold,None,1,-0.005,52,-0.1654,2.4663,-16.7516,2.2774,0.695,-12.05,0,Run,0,9,LowPickup,89.314,89.5761,2.2101,0.7426,-12.6867,0,0,0,Ready,0,9,17.8361,8.5486,0.2836,0,Perfect,,2.1974,-12.35,-1.95,11.2,0,0.0074,1.5657,0.3897,0,0
2132,PlayerServeHold,None,1,-0.005,52,-0.1502,2.4675,-16.7515,2.2931,0.695,-12.05,0,Run,0,9,LowPickup,88.8856,89.6791,2.2384,0.7418,-12.6879,0,0,0,Ready,0,9,18.1129,9.3653,0.0336,0,Perfect,,2.2131,-12.35,-1.95,11.2,0,0.0079,1.4754,0.2918,0,0
2133,PlayerServeHold,None,1,-0.005,52,-0.1355,2.4688,-16.7513,2.3007,0.695,-12.05,0,Run,0,9,LowPickup,88.7263,89.9355,2.2714,0.7539,-12.7223,0.9318,0,0,Ready,0,9,18.2027,10.1678,0.0768,0,Perfect,,2.2207,-12.35,-1.95,11.2,0,0.0083,1.6459,0.2109,0,0
2134,PlayerServeHold,None,1,-0.005,52,-0.1209,2.4701,-16.7511,2.3152,0.695,-12.05,0,Run,0,9,LowPickup,88.7573,90.3018,2.3004,0.7521,-12.7194,0.6548,0,0,Ready,0,9,18.175,10.9199,0.0327,0,Perfect,,2.2352,-12.35,-1.95,11.2,0,0.0085,1.5388,0.1542,0,0
2135,PlayerServeHold,None,1,-0.005,52,-0.1068,2.4715,-16.751,2.3221,0.695,-12.05,0,Run,0,9,LowPickup,88.9741,90.7643,2.3224,0.7619,-12.7153,0.4463,0,0,Ready,0,9,18.1638,11.6158,0.0492,0,Perfect,,2.2421,-12.35,-1.95,11.2,0,0.0087,1.6962,0.2301,0,0
2136,PlayerServeHold,None,1,-0.005,52,-0.0928,2.4729,-16.7508,2.3353,0.695,-12.05,0,Run,0,9,LowPickup,89.3121,91.26,2.3392,0.7545,-12.6819,0.4602,0,0,Ready,0,9,18.3662,12.2022,0.0395,0,Perfect,,2.2553,-12.35,-1.95,11.2,0,0.0087,1.5787,0.3253,0,0
2137,PlayerServeHold,None,1,-0.005,52,-0.0795,2.4742,-16.7506,2.3416,0.695,-12.05,0,Run,0,9,LowPickup,89.8042,91.795,2.3715,0.7564,-12.662,0.1401,0,0,Ready,0,9,18.6365,12.6809,0.0402,0,Perfect,,2.2616,-12.35,-1.95,11.2,0,0.0087,1.7287,0.4145,0,0
2138,PlayerServeHold,None,1,-0.005,52,-0.0662,2.4757,-16.7505,2.3535,0.695,-12.05,0,Run,0,9,LowPickup,90.4589,92.3637,2.3981,0.7533,-12.6526,0.1863,0,0,Ready,0,9,18.9379,13.0725,0.0175,0,Perfect,,2.2735,-12.35,-1.95,11.2,0,0.0087,1.6047,0.497,0,0
2139,PlayerServeHold,None,1,-0.005,52,-0.0535,2.4771,-16.7503,2.3591,0.695,-12.05,0,Run,0,9,LowPickup,91.2539,92.9499,2.4178,0.7531,-12.641,0.2182,0,0,Ready,0,9,19.1557,13.3073,0.0838,0,Perfect,,2.2791,-12.35,-1.95,11.2,0,0.0086,1.7497,0.5689,0,0
2140,PlayerServeHold,None,1,-0.005,52,-0.0409,2.4786,-16.7501,2.3698,0.695,-12.05,0,Run,0,9,LowPickup,92.078,93.5004,2.4366,0.7575,-12.6352,0.3391,0,0,Ready,0,9,19.173,13.3556,0.2218,0,Perfect,,2.2898,-12.35,-1.95,11.2,0,0.0086,1.6217,0.6131,0,0
2141,PlayerServeHold,None,1,-0.005,52,-0.029,2.4801,-16.7499,2.3748,0.695,-12.05,0,Run,0,9,LowPickup,92.9055,94.0058,2.448,0.7649,-12.6312,0.308,0,0,Ready,0,9,18.9804,13.2115,0.1656,0,Perfect,,2.2948,-12.35,-1.95,11.2,0,0.0086,1.7642,0.6328,0,0
2142,PlayerServeHold,None,1,-0.005,52,-0.0172,2.4816,-16.7497,2.3842,0.695,-12.05,0,Run,0,9,LowPickup,93.642,94.425,2.4703,0.7707,-12.624,0.2911,0,0,Ready,0,9,18.489,12.8578,0.156,0,Perfect,,2.3042,-12.35,-1.95,11.2,0,0.0085,1.6338,0.6168,0,0
2143,PlayerServeHold,None,1,-0.005,52,-0.006,2.4832,-16.7495,2.3885,0.695,-12.05,0,Run,0,9,LowPickup,94.3163,94.7714,2.4894,0.7774,-12.6156,0.2489,0,0,Ready,0,9,17.8301,12.3582,0.2546,0,Perfect,,2.3085,-12.35,-1.95,11.2,0,0.0086,1.7748,0.5888,0,0
2144,PlayerServeHold,None,1,-0.005,52,0.0049,2.4847,-16.7493,2.3966,0.695,-12.05,0,Run,0,9,LowPickup,94.9019,95.0204,2.5056,0.7831,-12.6053,0.1023,0,0,Ready,0,9,17.0621,11.7334,0.5288,0,Perfect,,2.3166,-12.35,-1.95,11.2,0,0.0086,1.6429,0.5546,0,0
2145,PlayerServeHold,None,1,-0.005,52,0.0153,2.4863,-16.7491,2.4004,0.695,-12.05,0,Run,0,9,LowPickup,95.4547,95.2107,2.5155,0.7909,-12.5959,0.0837,0,0,Ready,0,9,16.2991,11.0702,0.4945,0,Perfect,,2.3204,-12.35,-1.95,11.2,0,0.0086,1.7836,0.5248,0,0
2146,PlayerServeHold,None,1,-0.005,52,0.0255,2.4879,-16.7488,2.4072,0.695,-12.05,0,Run,0,9,LowPickup,96.0162,95.3562,2.5296,0.801,-12.5938,0.1913,0,0,Ready,0,9,15.661,10.422,0.2117,0,Perfect,,2.3272,-12.35,-1.95,11.2,0,0.0086,1.651,0.5031,0,0
2147,PlayerServeHold,None,1,-0.005,52,0.035,2.4896,-16.7486,2.4103,0.695,-12.05,0,Run,0,9,LowPickup,96.6301,95.5031,2.5387,0.8158,-12.5924,0.2713,0,0,Ready,0,9,15.1683,9.8513,0.1444,0,Perfect,,2.3303,-12.35,-1.95,11.2,0,0.0087,1.7924,0.49,0,0
2148,PlayerServeHold,None,1,-0.005,52,0.0443,2.4912,-16.7484,2.4158,0.695,-12.05,0,Run,0,9,LowPickup,97.3377,95.7061,2.5492,0.824,-12.5858,0.3806,0,0,Ready,0,9,14.8916,9.4443,0.2297,0,Perfect,,2.3358,-12.35,-1.95,11.2,0,0.0087,1.659,0.4821,0,0
2149,PlayerServeHold,None,1,-0.005,52,0.0531,2.4929,-16.7482,2.4182,0.695,-12.05,0,Run,0,9,LowPickup,98.1547,95.9645,2.5564,0.8302,-12.5753,0.454,0,0,Ready,0,9,14.7922,9.1591,0.2832,0,Perfect,,2.3382,-12.35,-1.95,11.2,0,0.0088,1.8023,0.4845,0,0
2150,PlayerServeHold,None,1,-0.005,52,0.0615,2.4946,-16.7479,2.4224,0.695,-12.05,0,Run,0,9,LowPickup,99.088,96.2902,2.566,0.8281,-12.558,0.5134,0,0,Ready,0,9,14.8767,8.9977,0.3479,0,Perfect,,2.3424,-12.35,-1.95,11.2,0,0.0088,1.6689,0.497,0,0
2151,PlayerServeHold,None,1,-0.005,52,0.0694,2.4963,-16.7477,2.3871,0.695,-12.0425,0,Run,0,9,LowPickup,93.1312,89.7021,2.5955,0.8256,-12.5108,0.6617,0,0,Ready,0,9,15.0821,8.9217,0.3062,0,Perfect,,2.3442,-12.35,-1.95,11.2,0,0.0088,1.8156,0.5218,0,0
2152,PlayerServeHold,None,1,-0.005,52,0.0769,2.498,-16.7475,2.3521,0.695,-12.0396,0,Run,0,9,LowPickup,87.2452,83.1649,2.6218,0.8248,-12.4679,0.5549,0,0,Ready,0,9,15.3607,8.9167,0.2201,0,Perfect,,2.3471,-12.35,-1.95,11.2,0,0.0088,1.6833,0.5448,0,0
2153,PlayerServeHold,None,1,-0.005,52,0.0839,2.4998,-16.7472,2.3155,0.695,-12.0413,0,Run,0,9,LowPickup,81.4341,76.662,2.6381,0.8258,-12.4269,0.5571,0,0,Ready,0,9,15.6828,8.9324,0.1217,0,Perfect,,2.3483,-12.35,-1.95,11.2,0,0.0089,1.8378,0.577,0,0
2154,PlayerServeHold,None,1,-0.005,52,0.0905,2.5015,-16.747,2.2798,0.695,-12.0476,0,Run,0,9,LowPickup,75.603,70.0733,2.6381,0.8262,-12.3971,0.7683,0,0,Ready,0,9,16.0048,8.8995,0.2514,0,Perfect,,2.35,-12.35,-1.95,11.2,0,0.0088,1.5387,0.6074,0,0
2155,PlayerServeHold,None,1,-0.005,52,0.0966,2.5033,-16.7467,2.2435,0.695,-12.0584,0,Serve prepare 0.00,0,9,LowPickup,69.2075,61.3271,2.6248,0.8114,-12.3428,1.3014,0.2083,0.1667,Ready,0,9,16.3302,8.8661,0.4235,0,Perfect,,2.35,-12.35,-1.95,11.2,0,0.0076,1.8716,2.776,0,0
2156,PlayerServeHold,None,1,-0.005,52,0.1023,2.5051,-16.7465,2.2087,0.695,-12.0735,0,Serve prepare 0.00,0,9,LowPickup,63.7424,53.6918,2.6316,0.7871,-12.3172,1.7568,0.4167,0.3333,Ready,0,9,16.6426,8.8645,0.623,0,Perfect,,2.35,-12.35,-1.95,11.2,0,0.0058,1.5762,4.0552,0,0
2157,PlayerServeHold,None,1,-0.005,52,0.1075,2.5069,-16.7462,2.1761,0.695,-12.0928,0,Serve prepare 0.00,0,9,LowPickup,62.2864,47.6231,2.5641,0.756,-12.2418,1.5757,0.625,0.5,Ready,0,9,16.96,8.881,0.5292,0,Perfect,,2.35,-12.35,-1.95,11.2,0,0.0039,1.0033,6.5788,0,0
2158,PlayerServeHold,None,1,-0.005,52,0.1123,2.5088,-16.746,2.146,0.695,-12.1159,0,Serve prepare 0.00,0,9,LowPickup,61.6305,42.5362,2.5314,0.7365,-12.2275,0,0.8333,0.6667,Ready,0,9,17.3061,8.8961,0.1778,0,Perfect,,2.35,-12.35,-1.95,11.2,0,0.0021,0.6025,7.8564,0,0
2159,PlayerServeHold,None,1,-0.005,52,0.1167,2.5106,-16.7457,2.119,0.695,-12.1425,0,Serve prepare 0.00,0,9,LowPickup,62.4941,38.9241,2.5063,0.7205,-12.2327,0,1,0.8333,Ready,0,9,17.6438,8.9588,0.074,0,Perfect,,2.35,-12.35,-1.95,11.2,0,0.0006,0.3264,7.947,0,0
2160,PlayerServeHold,None,1,-0.005,52,0.1208,2.5125,-16.7454,2.0955,0.695,-12.1722,0,Serve prepare 0.00,0,9,LowPickup,64.5748,38.21,2.5005,0.7183,-12.2615,0,1,1,Ready,0,9,17.9527,9.1393,0.2408,0,Perfect,,2.35,-12.35,-1.95,11.2,0,-0.0005,0.1403,5.3353,0,0
2161,PlayerServeHold,None,1,-0.005,52,0.1246,2.5144,-16.7451,2.0757,0.695,-12.2046,0,Serve prepare 0.00,0,9,LowPickup,66.9416,38.2474,2.5021,0.7192,-12.2897,0,1,1,Ready,0,9,18.2117,9.3707,0.2288,0,Perfect,,2.35,-12.35,-1.95,11.2,0,-0.0012,0.0184,2.8244,0,0
2162,PlayerServeHold,None,1,-0.005,52,0.1281,2.5162,-16.7449,2.06,0.695,-12.2391,0,Serve prepare 0.00,0,9,LowPickup,69.7611,38.8343,2.5291,0.7225,-12.3147,0,1,1,Ready,0,9,18.3895,9.598,0.0476,0,Perfect,,2.35,-12.35,-1.95,11.2,0,-0.0015,0,1.715,0,0
2163,PlayerServeHold,None,1,-0.005,52,0.1313,2.5181,-16.7446,2.5046,0.875,-11.9843,0,Serve prepare 0.00,0,9,LowPickup,73.7134,40.7146,2.5177,0.7274,-12.3333,0,1,1,Ready,0,9,18.5014,9.8538,0.1314,0,Perfect,,2.35,-12.35,-1.95,11.2,0,-0.0015,0,2.3009,0,0
2164,PlayerServeHold,None,1,-0.005,52,0.1342,2.52,-16.7443,2.4917,0.875,-11.9792,0,Serve prepare 0.00,0,9,LowPickup,82.9974,48.0647,2.5375,0.7323,-12.3694,0,1,1,Ready,0,9,18.5419,10.165,0.1332,0,Perfect,,2.35,-12.35,-1.95,11.2,0,-0.0013,0,2.9061,0,0
2165,PlayerServeHold,None,1,-0.005,52,0.137,2.522,-16.744,2.4787,0.875,-11.9745,0,Serve prepare 0.00,0,9,LowPickup,90.4166,53.8094,2.5768,0.7363,-12.403,0,1,1,Ready,0,9,18.5404,10.4763,0.1101,0,Perfect,,2.35,-12.35,-1.95,11.2,0,-0.001,0,3.0484,0,0
2166,PlayerServeHold,None,1,-0.005,52,0.1395,2.5239,-16.7437,2.4655,0.875,-11.9702,0,Serve prepare 0.00,0,9,LowPickup,95.2553,57.4958,2.5882,0.7399,-12.4209,0,1,1,Ready,0,9,18.511,10.7209,0.0308,0,Perfect,,2.35,-12.35,-1.95,11.2,0,-0.0007,0,2.8641,0,0
2167,PlayerServeHold,None,1,-0.005,52,0.1419,2.5258,-16.7434,2.4522,0.875,-11.9664,0,Serve prepare 0.00,0,9,LowPickup,98.036,59.528,2.5991,0.7428,-12.43,0,1,1,Ready,0,9,18.4889,10.9305,0.0129,0,Perfect,,2.35,-12.35,-1.95,11.2,0,-0.0004,0,2.4425,0,0
2168,PlayerServeHold,None,1,-0.005,52,0.144,2.5278,-16.7431,2.4387,0.8533,-11.9631,0,Serve prepare 0.00,0,9,LowPickup,99.2815,60.3146,2.6103,0.7458,-12.4323,0,1,1,Ready,0,9,18.5303,11.1217,0.0148,0,Perfect,,2.35,-12.35,-1.95,11.2,0,-0.0001,0,1.9016,0,0
2169,PlayerServeHold,None,1,-0.005,52,0.146,2.5297,-16.7428,2.4252,0.8422,-11.9602,0,Serve prepare 0.00,0,9,LowPickup,99.4455,60.2142,2.5951,0.7483,-12.4222,0,1,1,Ready,0,9,18.5792,11.2536,0.0132,0,Perfect,,2.35,-12.35,-1.95,11.2,0,0.0001,0,1.3568,0,0
2170,PlayerServeHold,None,1,-0.005,52,0.1479,2.5317,-16.7425,2.4115,0.82,-11.9578,0,Serve prepare 0.00,0,9,LowPickup,98.8763,59.5002,2.6014,0.7501,-12.4198,0,1,1,Ready,0,9,18.6069,11.2931,0.0152,0,Perfect,,2.35,-12.35,-1.95,11.2,0,0.0002,0,0.9211,0,0
2171,PlayerServeHold,None,1,-0.005,52,0.1496,2.5337,-16.7422,2.3978,0.8089,-11.9559,0,Serve prepare 0.00,0,9,LowPickup,97.8219,58.3698,2.6311,0.7516,-12.4242,0,1,1,Ready,0,9,18.5948,11.2537,0.0161,0,Perfect,,2.35,-12.35,-1.95,11.2,0,0.0002,0,0.7022,0,0
2172,PlayerServeHold,None,1,-0.005,52,0.1511,2.5356,-16.7418,2.384,0.7729,-11.9545,0,Serve prepare 0.00,0,9,LowPickup,96.452,56.9597,2.6356,0.7527,-12.4176,0,1,1,Ready,0,9,18.4979,11.1384,0.0062,0,Perfect,,2.35,-12.35,-1.95,11.2,0,0.0003,0,0.7022,0,0
2173,PlayerServeHold,None,1,-0.005,52,0.1526,2.5376,-16.7415,2.3702,0.7429,-11.9535,0,Serve prepare 0.00,0,9,LowPickup,94.8817,55.3637,2.6391,0.7534,-12.4098,0,1,1,Ready,0,9,18.3722,10.9795,0.0057,0,Perfect,,2.35,-12.35,-1.95,11.2,0,0.0002,0,0.7713,0,0
2174,PlayerServeHold,None,1,-0.005,52,0.1539,2.5396,-16.7412,2.3702,0.6808,-11.9535,0,Serve prepare 0.00,0,9,LowPickup,95.1833,55.6463,2.6396,0.7537,-12.4115,0,1,1,Ready,0,9,18.246,10.8077,0.0122,0,Perfect,,2.35,-12.35,-1.95,11.2,0,0.0002,0,0.8001,0,0
2175,PlayerServeHold,None,1,-0.005,52,0.1551,2.5416,-16.7409,2.3702,0.6487,-11.9535,0,Serve prepare 0.00,0,9,LowPickup,95.4046,55.8517,2.6395,0.7536,-12.4128,0,1,1,Ready,0,9,18.1502,10.6387,0.0152,0,Perfect,,2.35,-12.35,-1.95,11.2,0,0.0001,0,0.759,0,0
2176,PlayerServeHold,None,1,-0.005,52,0.1563,2.5436,-16.7406,2.3702,0.5826,-11.9535,0,Serve prepare 0.00,0,9,LowPickup,95.5762,56.01,2.6391,0.7513,-12.4139,0,1,1,Ready,0,9,18.11,10.4849,0.0201,0,Perfect,,2.35,-12.35,-1.95,11.2,0,0.0001,0,0.6609,0,0
2177,PlayerServeHold,None,1,-0.005,52,0.1573,2.5456,-16.7402,2.3702,0.5485,-11.9535,0,Serve prepare 0.00,0,9,LowPickup,95.7963,56.2081,2.6386,0.7507,-12.4152,0,1,1,Ready,0,9,18.1664,10.379,0.0132,0,Perfect,,2.35,-12.35,-1.95,11.2,0,0,0,0.5234,0,0
2178,PlayerServeHold,None,1,-0.005,52,0.1583,2.5476,-16.7399,2.3702,0.4782,-11.9535,0,Serve prepare 0.00,0,9,LowPickup,95.8862,56.2969,2.6378,0.75,-12.4162,0,1,1,Ready,0,9,18.4075,10.3702,0.012,0,Perfect,,2.35,-12.35,-1.95,11.2,0,0,0,0.3795,0,0
2179,PlayerServeHold,None,1,-0.005,52,0.1592,2.5496,-16.7395,2.3702,0.4421,-11.9535,0,Serve prepare 0.00,0,9,LowPickup,95.9777,56.3903,2.637,0.7493,-12.4173,0,1,1,Ready,0,9,18.7066,10.3981,0.0174,0,Perfect,,2.35,-12.35,-1.95,11.2,0,0,0,0.2502,0,0
2180,PlayerServeHold,None,1,-0.005,52,0.16,2.5515,-16.7392,2.3702,0.3677,-11.9535,0,Serve prepare 0.00,0,9,LowPickup,96.0703,56.49,2.6362,0.7505,-12.4184,0,1,1,Ready,0,9,18.9662,10.4203,0.0097,0,Perfect,,2.35,-12.35,-1.95,11.2,0,0,0,0.1679,0,0
2181,PlayerServeHold,None,1,-0.005,52,0.1608,2.5535,-16.7389,2.3702,0.3295,-11.9535,0,Serve prepare 0.00,0,9,LowPickup,96.1637,56.5975,2.6355,0.7498,-12.4196,0,1,1,Ready,0,9,19.2033,10.4554,0.0068,0,Perfect,,2.35,-12.35,-1.95,11.2,0,0,0,0.1679,0,0
2182,PlayerServeHold,None,1,-0.005,52,0.1615,2.5555,-16.7385,2.3702,0.2511,-11.9535,0,Serve prepare 0.00,0,9,LowPickup,96.2578,56.7139,2.6349,0.7492,-12.4209,0,1,1,Ready,0,9,19.3898,10.5028,0.0166,0,Perfect,,2.35,-12.35,-1.95,11.2,0,0,0,0.2017,0,0
2183,PlayerServeHold,None,1,-0.005,52,0.1621,2.5575,-16.7382,2.3702,0.2109,-11.9535,0,Serve prepare 0.00,0,9,LowPickup,96.3527,56.8383,2.6345,0.7487,-12.4223,0,1,1,Ready,0,9,19.5647,10.5877,0.018,0,Perfect,,2.35,-12.35,-1.95,11.2,0,0,0,0.2307,0,0
2184,PlayerServeHold,None,1,-0.005,52,0.1627,2.5595,-16.7378,2.3702,0.1397,-11.9535,0,Serve prepare 0.00,0,9,LowPickup,96.4464,56.9691,2.6341,0.7483,-12.4237,0,1,1,Ready,0,9,19.7556,10.7361,0.0116,0,Perfect,,2.35,-12.35,-1.95,11.2,0,0,0,0.2374,0,0
2185,PlayerServeHold,None,1,-0.005,52,0.1633,2.5615,-16.7375,2.3702,0.1685,-11.9535,0,Serve prepare 0.00,0,9,LowPickup,96.5403,57.1053,2.6338,0.7479,-12.4251,0,1,1,Ready,0,9,19.9635,10.9354,0.0099,0,Perfect,,2.35,-12.35,-1.95,11.2,0,0,0,0.2273,0,0
2186,PlayerServeHold,None,1,-0.005,52,0.1638,2.5635,-16.7371,2.3702,0.2241,-11.9535,0,Serve prepare 0.00,0,9,LowPickup,96.6351,57.2454,2.6336,0.7476,-12.4266,0,1,1,Ready,0,9,20.2062,11.1804,0.0098,0,Perfect,,2.35,-12.35,-1.95,11.2,0,0,0,0.1938,0,0
2187,PlayerServeHold,None,1,-0.005,52,0.1643,2.5655,-16.7368,2.3702,0.2509,-11.9535,0,Serve prepare 0.00,0,9,LowPickup,96.7306,57.3889,2.6333,0.7474,-12.428,0,1,1,Ready,0,9,20.4593,11.4595,0.0096,0,Perfect,,2.35,-12.35,-1.95,11.2,0,0,0,0,0,0
2188,PlayerServeHold,None,1,-0.005,52,0.1647,2.5674,-16.7364,2.3702,0.3024,-11.9535,0,Serve prepare 0.00,0,9,LowPickup,96.8269,57.536,2.6331,0.7473,-12.4294,0,1,1,Ready,0,9,20.7492,11.7887,0.0058,0,Perfect,,2.35,-12.35,-1.95,11.2,0,0,0,0,0,0
2189,PlayerServeHold,None,1,-0.005,52,0.1651,2.5694,-16.7361,2.3702,0.3272,-11.9535,0,Serve prepare 0.00,0,9,LowPickup,96.924,57.6851,2.6327,0.7472,-12.4308,0,1,1,Ready,0,9,20.9425,12.0736,0.008,0,Perfect,,2.35,-12.35,-1.95,11.2,0,0,0,0,0,0
2190,PlayerServeHold,None,1,-0.005,52,0.1655,2.5714,-16.7358,2.3702,0.3746,-11.9535,0,Serve prepare 0.00,0,9,LowPickup,97.0173,57.8354,2.6323,0.7471,-12.4322,0,1,1,Ready,0,9,20.9203,12.2342,0.0116,0,Perfect,,2.35,-12.35,-1.95,11.2,0,0,0,0,0,0
2191,PlayerServeHold,None,1,-0.005,52,0.1658,2.5733,-16.7354,2.3702,0.3973,-11.9535,0,Serve prepare 0.00,0,9,LowPickup,97.1115,57.9864,2.6429,0.7589,-12.4207,0,1,1,Ready,0,9,20.6864,12.2758,0.0136,0,Perfect,,2.35,-12.35,-1.95,11.2,0,0,0,0,0,0
2192,PlayerServeHold,None,1,-0.005,52,0.1661,2.5753,-16.7351,2.3702,0.4407,-11.9535,0,Serve prepare 0.00,0,9,LowPickup,97.2062,58.1377,2.6424,0.7588,-12.4221,0,1,1,Ready,0,9,20.1761,12.1747,0.0178,0,Perfect,,2.35,-12.35,-1.95,11.2,0,0,0,0,0,0
2193,PlayerServeHold,None,1,-0.005,52,0.1664,2.5772,-16.7347,2.3702,0.4614,-11.9535,0,Serve prepare 0.00,0,9,LowPickup,97.3012,58.2894,2.6418,0.7586,-12.4235,0,1,1,Ready,0,9,19.4805,11.9523,0.0151,0,Perfect,,2.35,-12.35,-1.95,11.2,0,0,0,0,0,0
2194,PlayerServeHold,None,1,-0.005,52,0.1667,2.5791,-16.7344,2.3702,0.5006,-11.9535,0,Serve prepare 0.00,0,9,LowPickup,97.3964,58.4419,2.6412,0.7585,-12.4248,0,1,1,Ready,0,9,18.6387,11.5995,0.0031,0,Perfect,,2.35,-12.35,-1.95,11.2,0,0,0,0,0,0
2195,PlayerServeHold,None,1,-0.005,52,0.167,2.581,-16.734,2.3702,0.5192,-11.9535,0,Serve prepare 0.00,0,9,LowPickup,97.4913,58.5948,2.6405,0.7583,-12.4261,0,1,1,Ready,0,9,17.7307,11.1531,0.0048,0,Perfect,,2.35,-12.35,-1.95,11.2,0,0,0,0,0,0
2196,PlayerServeHold,None,1,-0.005,52,0.1672,2.5829,-16.7337,2.3702,0.5544,-11.9535,0,Serve prepare 0.00,0,9,LowPickup,97.5836,58.7472,2.6398,0.7582,-12.4275,0,1,1,Ready,0,9,16.8163,10.6285,0.0177,0,Perfect,,2.35,-12.35,-1.95,11.2,0,0,0,0,0,0
2197,PlayerServeHold,None,1,-0.005,52,0.1674,2.5848,-16.7333,2.3702,0.571,-11.9535,0,Serve prepare 0.00,0,9,LowPickup,97.6755,58.8993,2.6391,0.7579,-12.4289,0,1,1,Ready,0,9,15.9817,10.0436,0.0187,0,Perfect,,2.35,-12.35,-1.95,11.2,0,0,0,0,0,0
2198,PlayerServeHold,None,1,-0.005,52,0.1676,2.5867,-16.733,2.3702,0.6021,-11.9535,0,Serve prepare 0.00,0,9,LowPickup,97.7669,59.051,2.6384,0.7577,-12.4302,0,1,1,Ready,0,9,15.3498,9.4137,0.2918,0,Perfect,,2.35,-12.35,-1.95,11.2,0,0,0,0,0,0
2199,PlayerServeHold,None,1,-0.005,52,0.1678,2.5886,-16.7326,2.3702,0.6166,-11.9535,0,Serve prepare 0.00,0,9,LowPickup,97.8579,59.2021,2.6378,0.7575,-12.4316,0,1,1,Ready,0,9,14.854,8.7255,0.3006,0,Perfect,,2.35,-12.35,-1.95,11.2,0,0,0,0,0,0
2200,PlayerServeHold,None,1,-0.005,52,0.1679,2.5904,-16.7323,2.3702,0.6436,-11.9535,0,Serve prepare 0.00,0,9,LowPickup,97.9483,59.3523,2.6371,0.7572,-12.4329,0,1,1,Ready,0,9,14.4748,7.9793,0.2944,0,Perfect,,2.35,-12.35,-1.95,11.2,0,0,0,0,0,0
2201,PlayerServeHold,None,1,-0.005,52,0.1681,2.5923,-16.7319,2.3702,0.6561,-11.9535,0,Serve prepare 0.00,0,9,LowPickup,98.038,59.5017,2.6365,0.7569,-12.4342,0,1,1,Ready,0,9,14.1999,7.1776,0.1597,0,Perfect,,2.35,-12.35,-1.95,11.2,0,0,0,0,0,0
2202,PlayerServeHold,None,1,-0.005,52,0.1682,2.5941,-16.7316,2.3702,0.679,-11.9535,0,Serve prepare 0.00,0,9,LowPickup,98.1251,59.6491,2.636,0.7566,-12.4356,0,1,1,Ready,0,9,14.0302,6.3343,0.1551,0,Perfect,,2.35,-12.35,-1.95,11.2,0,0,0,0,0,0
2203,PlayerServeHold,None,1,-0.005,52,0.1683,2.5959,-16.7313,2.3702,0.6895,-11.9535,0,Serve prepare 0.00,0,9,LowPickup,98.2134,59.7946,2.6355,0.7563,-12.437,0,1,1,Ready,0,9,13.9082,5.4561,0.2889,0,Perfect,,2.35,-12.35,-1.95,11.2,0,0,0,0,0,0
2204,PlayerServeHold,None,1,-0.005,52,0.1685,2.5977,-16.7309,2.3702,0.7083,-11.9535,0,Serve prepare 0.00,0,9,LowPickup,98.3017,59.9377,2.635,0.756,-12.4384,0,1,1,Ready,0,9,13.7775,4.5652,0.3517,0,Perfect,,2.35,-12.35,-1.95,11.2,0,0,0,0,0,0
2205,PlayerServeHold,None,1,-0.005,52,0.1686,2.5995,-16.7306,2.3702,0.7167,-11.9535,0,Serve prepare 0.00,0,9,LowPickup,98.3892,60.0788,2.6345,0.7556,-12.4398,0,1,1,Ready,0,9,13.6458,3.6772,0.3126,0,Perfect,,2.35,-12.35,-1.95,11.2,0,0,0,0,0,0
2206,PlayerServeHold,None,1,-0.005,52,0.1687,2.6013,-16.7303,2.3702,0.7315,-11.9535,0,Serve prepare 0.00,0,9,LowPickup,98.4757,60.2187,2.634,0.7553,-12.4411,0,1,1,Ready,0,9,13.4986,2.8238,0.1047,0,Perfect,,2.35,-12.35,-1.95,11.2,0,0,0,0,0,0
2207,PlayerServeHold,None,1,-0.005,52,0.1687,2.603,-16.7299,2.3702,0.7378,-11.9535,0,Serve prepare 0.00,0,9,LowPickup,98.5611,60.357,2.6336,0.755,-12.4425,0,1,1,Ready,0,9,13.3426,1.9947,0.0423,0,Perfect,,2.35,-12.35,-1.95,11.2,0,0,0,0,0,0
2208,PlayerServeHold,None,1,-0.005,52,0.1688,2.6048,-16.7296,2.3702,0.7485,-11.9535,0,Serve prepare 0.00,0,9,LowPickup,98.6448,60.4936,2.6332,0.7547,-12.4438,0,1,1,Ready,0,9,12.9094,1.4273,0.2463,0,Perfect,,2.35,-12.35,-1.95,11.2,0,0,0,0,0,0
2209,PlayerServeHold,None,1,-0.005,52,0.1689,2.6065,-16.7293,2.3702,0.7528,-11.9535,0,Serve prepare 0.00,0,9,LowPickup,98.7275,60.6282,2.6327,0.7543,-12.4451,0,1,1,Ready,0,9,12.2725,0.7913,0.1556,0,Perfect,,2.35,-12.35,-1.95,11.2,0,0,0,0,0,0
2210,PlayerServeHold,None,1,-0.005,52,0.169,2.6082,-16.729,2.3702,0.7594,-11.9535,0,Serve prepare 0.00,0,9,LowPickup,98.8144,60.7589,2.6323,0.754,-12.4463,0,1,1,Ready,0,9,11.0901,-0.1246,0.1663,0,Perfect,,2.35,-12.35,-1.95,11.2,0,0,0,0,0,0
2211,PlayerServeHold,None,1,-0.005,52,0.169,2.6098,-16.7286,2.3702,0.7616,-11.9535,0,Serve prepare 0.00,0,9,LowPickup,98.8998,60.8866,2.6318,0.7537,-12.4475,0,1,1,Ready,0,9,9.6278,-1.1264,0.261,0,Perfect,,2.35,-12.35,-1.95,11.2,0,0,0,0,0,0
2212,PlayerServeHold,None,1,-0.005,52,0.1691,2.6115,-16.7283,2.3702,0.7641,-11.9535,0,Serve prepare 0.00,0,9,LowPickup,98.9835,61.0112,2.6314,0.7534,-12.4487,0,1,1,Ready,0,9,7.9221,-2.1675,0.2273,0,Perfect,,2.35,-12.35,-1.95,11.2,0,0,0,0,0,0
2213,PlayerServeHold,None,1,-0.005,52,0.1691,2.6131,-16.728,2.3702,0.7644,-11.9535,0,Serve prepare 0.00,0,9,LowPickup,99.0653,61.134,2.6309,0.7531,-12.4498,0,1,1,Ready,0,9,6.2936,-3.1022,0.1968,0,Perfect,,2.35,-12.35,-1.95,11.2,0,0,0,0,0,0
2214,PlayerServeHold,None,1,-0.005,52,0.1692,2.6147,-16.7277,2.3702,0.7675,-11.9535,0,Serve prepare 0.00,0,9,LowPickup,99.1452,61.2544,2.6304,0.7529,-12.4509,0,1,1,Ready,0,9,5.0535,-3.839,0.1171,0,Perfect,,2.35,-12.35,-1.95,11.2,0,0,0,0,0,0
2215,PlayerServeHold,None,1,-0.005,52,0.1692,2.6163,-16.7274,2.3702,0.7708,-11.9535,0,Serve prepare 0.00,0,9,LowPickup,99.2232,61.3726,2.63,0.7526,-12.4519,0,1,1,Ready,0,9,4.2098,-4.2989,0.1365,0,Perfect,,2.35,-12.35,-1.95,11.2,0,0,0,0,0,0
2216,PlayerServeHold,None,1,-0.005,52,0.1693,2.6179,-16.7271,2.3702,0.7804,-11.9535,0,Serve prepare 0.00,0,9,LowPickup,99.2992,61.4886,2.6294,0.7523,-12.4529,0,1,1,Ready,0,9,3.9395,-4.3503,0.2226,0,Perfect,,2.35,-12.35,-1.95,11.2,0,0,0,0,0,0
2217,PlayerServeHold,None,1,-0.005,52,0.1693,2.6194,-16.7268,2.3702,0.7863,-11.9535,0,Serve prepare 0.00,0,9,LowPickup,99.3736,61.6022,2.6287,0.752,-12.4539,0,1,1,Ready,0,9,4.0308,-4.0788,0.2767,0,Perfect,,2.35,-12.35,-1.95,11.2,0,0,0,0,0,0
2218,PlayerServeHold,None,1,-0.005,52,0.1693,2.6209,-16.7265,2.3702,0.7999,-11.9535,0,Serve prepare 0.00,0,9,LowPickup,99.4461,61.7132,2.628,0.7517,-12.4549,0,1,1,Ready,0,9,4.3891,-3.4364,0.3455,0,Perfect,,2.35,-12.35,-1.95,11.2,0,0,0,0,0,0
2219,PlayerServeHold,None,1,-0.005,52,0.1694,2.6224,-16.7262,2.3702,0.8073,-11.9535,0,Serve prepare 0.00,0,9,LowPickup,99.5165,61.8214,2.6273,0.7513,-12.4559,0,1,1,Ready,0,9,4.8669,-2.5851,0,0,Perfect,,2.35,-12.35,-1.95,11.2,0,0,0,0,0,0
2220,PlayerServeHold,None,1,-0.005,52,0.1694,2.6239,-16.7259,2.3702,0.8226,-11.9535,0,Serve prepare 0.00,0,9,LowPickup,99.5847,61.9266,2.6266,0.7509,-12.4569,0,1,1,Ready,0,9,5.2834,-1.614,0,0,Perfect,,2.35,-12.35,-1.95,11.2,0,0,0,0,0,0
2221,PlayerServeHold,None,1,-0.005,52,0.1694,2.6253,-16.7256,2.3702,0.8302,-11.9535,0,Serve prepare 0.00,0,9,LowPickup,99.6506,62.0297,2.626,0.7506,-12.4579,0,1,1,Ready,0,9,5.6729,-0.598,0,0,Perfect,,2.35,-12.35,-1.95,11.2,0,0,0,0,0,0
2222,PlayerServeHold,None,1,-0.005,52,0.1694,2.6267,-16.7254,2.3702,0.8448,-11.9535,0,Serve prepare 0.00,0,9,LowPickup,99.7142,62.1301,2.6254,0.7502,-12.4588,0,1,1,Ready,0,9,6.0097,0.357,0,0,Perfect,,2.35,-12.35,-1.95,11.2,0,0,0,0,0,0
2223,PlayerServeHold,None,1,-0.005,52,0.1694,2.6281,-16.7251,2.3702,0.8515,-11.9535,0,Serve prepare 0.00,0,9,LowPickup,99.7755,62.2277,2.6249,0.7499,-12.4598,0,1,1,Ready,0,9,6.2964,1.2383,0,0,Perfect,,2.35,-12.35,-1.95,11.2,0,0,0,0,0,0
2224,PlayerServeHold,None,1,-0.005,52,0.1695,2.6295,-16.7248,2.3702,0.863,-11.9535,0,Serve prepare 0.00,0,9,LowPickup,99.8342,62.3222,2.6245,0.7495,-12.4608,0,1,1,Ready,0,9,6.5267,1.981,0,0,Perfect,,2.35,-12.35,-1.95,11.2,0,0,0,0,0,0
2225,PlayerServeHold,None,1,-0.005,52,0.1695,2.6308,-16.7245,2.3702,0.8675,-11.9535,0,Serve prepare 0.00,0,9,LowPickup,99.8903,62.4131,2.6241,0.7492,-12.4617,0,1,1,Ready,0,9,6.7017,2.5939,0,0,Perfect,,2.35,-12.35,-1.95,11.2,0,0,0,0,0,0
2226,PlayerServeHold,None,1,-0.005,52,0.1695,2.6321,-16.7243,2.3702,0.8736,-11.9535,0,Serve prepare 0.00,0,9,LowPickup,99.9438,62.5003,2.6238,0.749,-12.4626,0,1,1,Ready,0,9,6.8357,3.0619,0,0,Perfect,,2.35,-12.35,-1.95,11.2,0,0,0,0,0,0
2227,PlayerServeHold,None,1,-0.005,52,0.1695,2.6334,-16.724,2.3702,0.8749,-11.9535,0,Serve prepare 0.00,0,9,LowPickup,99.9918,62.5843,2.6236,0.7487,-12.4635,0,1,1,Ready,0,9,6.8777,3.3732,0,0,Perfect,,2.35,-12.35,-1.95,11.2,0,0,0,0,0,0
2228,PlayerServeHold,None,1,-0.005,52,0.1695,2.6346,-16.7238,2.3702,0.8575,-11.9535,0,Serve prepare 0.00,0,9,LowPickup,100.0373,62.6644,2.6235,0.7485,-12.4643,0,1,1,Ready,0,9,6.7249,3.4958,1.7778,0,Perfect,,2.35,-12.35,-1.95,11.2,0,0,0,0,0,0
2229,PlayerServeHold,None,1,-0.005,52,0.1695,2.6358,-16.7235,2.3702,0.8464,-11.9535,0,Serve prepare 0.00,0,9,LowPickup,100.0803,62.7407,2.6234,0.7483,-12.465,0,1,1,Ready,0,9,6.5539,3.5059,0.1778,0,Perfect,,2.35,-12.35,-1.95,11.2,0,0,0,0,0,0
2230,PlayerServeHold,None,1,-0.005,52,0.1695,2.637,-16.7233,2.3702,0.8242,-11.9535,0,Serve prepare 0.00,0,9,LowPickup,100.1208,62.813,2.6233,0.7482,-12.4657,0,1,1,Ready,0,9,6.5278,3.4153,0.635,0,Perfect,,2.35,-12.35,-1.95,11.2,0,0,0,0,0,0
2231,PlayerServeHold,None,1,-0.005,52,0.1695,2.6382,-16.7231,2.3702,0.8131,-11.9535,0,Serve prepare 0.00,0,9,LowPickup,100.1587,62.8811,2.6233,0.7481,-12.4663,0,1,1,Ready,0,9,6.567,3.346,0.7274,0,Perfect,,2.35,-12.35,-1.95,11.2,0,0,0,0,0,0
2232,PlayerServeHold,None,1,-0.005,52,0.1695,2.6393,-16.7228,2.3702,0.784,-11.9535,0,Serve prepare 0.00,0,9,LowPickup,100.1941,62.9454,2.6233,0.748,-12.4668,0,1,1,Ready,0,9,6.634,3.4486,0.62,0,Perfect,,2.35,-12.35,-1.95,11.2,0,0,0,0,0,0
2233,PlayerServeHold,None,1,-0.005,52,0.1695,2.6404,-16.7226,2.3702,0.7542,-11.9535,0,Serve prepare 0.00,0,9,LowPickup,100.2269,63.0017,2.6233,0.748,-12.4673,0,1,1,Ready,0,9,6.7675,3.7003,0.4816,0,Perfect,,2.35,-12.35,-1.95,11.2,0,0,0,0,0,0
2234,PlayerServeHold,None,1,-0.005,52,0.1695,2.6415,-16.7224,2.3702,0.6927,-11.9535,0,Serve prepare 0.00,0,9,LowPickup,100.257,63.0552,2.6234,0.748,-12.4677,0,1,1,Ready,0,9,6.9787,4.134,0.3448,0,Perfect,,2.35,-12.35,-1.95,11.2,0,0,0,0,0,0
2235,PlayerServeHold,None,1,-0.005,52,0.1695,2.6425,-16.7222,2.3702,0.6609,-11.9535,0,Serve prepare 0.00,0,9,LowPickup,100.2845,63.1059,2.6235,0.748,-12.4681,0,1,1,Ready,0,9,7.3025,4.753,0.2573,0,Perfect,,2.35,-12.35,-1.95,11.2,0,0,0,0,0,0
2236,PlayerServeHold,None,1,-0.005,52,0.1695,2.6435,-16.722,2.3702,0.5952,-11.9535,0,Serve prepare 0.00,0,9,LowPickup,100.3093,63.1493,2.6235,0.748,-12.4684,0,1,1,Ready,0,9,7.736,5.5884,0.1005,0,Perfect,,2.35,-12.35,-1.95,11.2,0,0,0,0,0,0
2237,PlayerServeHold,None,1,-0.005,52,0.1695,2.6445,-16.7218,2.3702,0.5614,-11.9535,0,Serve prepare 0.00,0,9,LowPickup,100.3313,63.1906,2.6236,0.748,-12.4687,0,1,1,Ready,0,9,8.4057,6.5668,0.1805,0,Perfect,,2.35,-12.35,-1.95,11.2,0,0,0,0,0,0
2238,PlayerServeHold,None,1,-0.005,52,0.1695,2.6455,-16.7216,2.3702,0.4916,-11.9535,0,Serve prepare 0.00,0,9,LowPickup,100.3507,63.225,2.6237,0.7481,-12.4689,0,1,1,Ready,0,9,9.5165,7.6117,0.1014,0,Perfect,,2.35,-12.35,-1.95,11.2,0,0,0,0,0,0
2239,PlayerServeHold,None,1,-0.005,52,0.1695,2.6464,-16.7214,2.3702,0.4557,-11.9535,0,Serve prepare 0.00,0,9,LowPickup,100.3673,63.2535,2.6237,0.7481,-12.4691,0,1,1,Ready,0,9,10.806,8.6647,0.2467,0,Perfect,,2.35,-12.35,-1.95,11.2,0,0,0,0,0,0
2240,PlayerServeHold,None,1,-0.005,52,0.1694,2.6473,-16.7212,2.3702,0.3819,-11.9535,0,Serve prepare 0.00,0,9,LowPickup,100.3811,63.2767,2.6238,0.7481,-12.4692,0,1,1,Ready,0,9,12.1751,9.7033,0.4785,0,Perfect,,2.35,-12.35,-1.95,11.2,0,0,0,0,0,0
2241,PlayerServeHold,None,1,-0.005,52,0.1694,2.6481,-16.721,2.3702,0.3439,-11.9535,0,Serve prepare 0.00,0,9,LowPickup,100.3922,63.2991,2.6239,0.7482,-12.4694,0,1,1,Ready,0,9,13.3629,10.575,0.4172,0,Perfect,,2.35,-12.35,-1.95,11.2,0,0,0,0,0,0
2242,PlayerServeHold,None,1,-0.005,52,0.1694,2.6489,-16.7209,2.3702,0.266,-11.9535,0,Serve prepare 0.00,0,9,LowPickup,100.4005,63.3158,2.6239,0.7482,-12.4695,0,1,1,Ready,0,9,14.083,11.1808,0,0,Perfect,,2.35,-12.35,-1.95,11.2,0,0,0,0,0,0
2243,PlayerServeHold,None,1,-0.005,52,0.1694,2.6497,-16.7207,2.3702,0.226,-11.9535,0,Serve prepare 0.00,0,9,LowPickup,100.4059,63.3274,2.624,0.7482,-12.4695,0,1,1,Ready,0,9,14.3623,11.4521,0,0,Perfect,,2.35,-12.35,-1.95,11.2,0,0,0,0,0,0
2244,PlayerServeHold,None,1,-0.005,52,0.1694,2.6505,-16.7206,2.3702,0.144,-11.9535,0,Serve prepare 0.00,0,9,LowPickup,100.4086,63.3341,2.624,0.7482,-12.4696,0,1,1,Ready,0,9,14.0483,11.2542,0,0,Perfect,,2.35,-12.35,-1.95,11.2,0,0,0,0,0,0
2245,PlayerServeHold,None,1,-0.005,52,0.1694,2.6512,-16.7204,2.3702,0.1577,-11.9535,0,Serve prepare 0.00,0,9,LowPickup,100.4085,63.3364,2.624,0.7482,-12.4696,0,1,1,Ready,0,9,13.4056,10.721,0,0,Perfect,,2.35,-12.35,-1.95,11.2,0,0,0,0,0,0
2246,PlayerServeHold,None,1,-0.005,52,0.1694,2.6518,-16.7203,2.3702,0.2139,-11.9535,0,Serve prepare 0.00,0,9,LowPickup,100.4056,63.3344,2.624,0.7482,-12.4696,0,1,1,Ready,0,9,12.5848,9.871,0,0,Perfect,,2.35,-12.35,-1.95,11.2,0,0,0,0,0,0
2247,PlayerServeHold,None,1,-0.005,52,0.1693,2.6525,-16.7201,2.3702,0.2409,-11.9535,0,Serve prepare 0.00,0,9,LowPickup,100.3999,63.3283,2.6239,0.7482,-12.4695,0,1,1,Ready,0,9,11.7425,8.8372,6.8526,0,Perfect,,2.35,-12.35,-1.95,11.2,0,0,0,0,0,0
2248,PlayerServeHold,None,1,-0.005,52,0.1693,2.6531,-16.72,2.3702,0.293,-11.9535,0,Serve prepare 0.00,0,9,LowPickup,100.3914,63.3182,2.6239,0.7482,-12.4695,0,1,1,Ready,0,9,11.0938,7.6973,0.6661,0,Perfect,,2.35,-12.35,-1.95,11.2,0,0,0,0,0,0
2249,PlayerServeHold,None,1,-0.005,52,0.1693,2.6537,-16.7199,2.3702,0.318,-11.9535,0,Serve prepare 0.00,0,9,LowPickup,100.3802,63.3042,2.6239,0.7482,-12.4694,0,1,1,Ready,0,9,10.5785,6.5552,2.6746,0,Perfect,,2.35,-12.35,-1.95,11.2,0,0,0,0,0,0
2250,PlayerServeHold,None,1,-0.005,52,0.1693,2.6542,-16.7198,2.3702,0.3659,-11.9535,0,Serve prepare 0.00,0,9,LowPickup,100.3661,63.2865,2.6238,0.7481,-12.4693,0,1,1,Ready,0,9,10.1834,5.5296,0.6945,0,Perfect,,2.35,-12.35,-1.95,11.2,0,0,0,0,0,0
2251,PlayerServeHold,None,1,-0.005,52,0.1693,2.6547,-16.7196,2.3702,0.3889,-11.9535,0,Serve prepare 0.00,0,9,LowPickup,100.3493,63.265,2.6238,0.7481,-12.4691,0,1,1,Ready,0,9,9.9815,4.6855,0.6639,0,Perfect,,2.35,-12.35,-1.95,11.2,0,0,0,0,0,0
2252,PlayerServeHold,None,1,-0.005,52,0.1693,2.6552,-16.7195,2.3702,0.4328,-11.9535,0,Serve prepare 0.00,0,9,LowPickup,100.3298,63.24,2.6237,0.7481,-12.469,0,1,1,Ready,0,9,10.0504,4.1473,0.4963,0,Perfect,,2.35,-12.35,-1.95,11.2,0,0,0,0,0,0
2253,PlayerServeHold,None,1,-0.005,52,0.1692,2.6557,-16.7194,2.3702,0.4537,-11.9535,0,Serve prepare 0.00,0,9,LowPickup,100.3075,63.2115,2.6237,0.7481,-12.4688,0,1,1,Ready,0,9,10.3518,3.8844,0.1798,0,Perfect,,2.35,-12.35,-1.95,11.2,0,0,0,0,0,0
2254,PlayerServeHold,None,1,-0.005,52,0.1692,2.6561,-16.7194,2.3702,0.4935,-11.9535,0,Serve prepare 0.00,0,9,LowPickup,100.2825,63.174,2.6236,0.7481,-12.4685,0,1,1,Ready,0,9,10.863,3.935,0.4288,0,Perfect,,2.35,-12.35,-1.95,11.2,0,0,0,0,0,0
2255,PlayerServeHold,None,1,-0.005,52,0.1692,2.6565,-16.7193,2.3702,0.5123,-11.9535,0,Serve prepare 0.00,0,9,LowPickup,100.2548,63.1281,2.6236,0.7481,-12.4682,0,1,1,Ready,0,9,11.6205,4.2394,0.7022,0,Perfect,,2.35,-12.35,-1.95,11.2,0,0,0,0,0,0
2256,PlayerServeHold,None,1,-0.005,52,0.1692,2.6568,-16.7192,2.3702,0.548,-11.9535,0,Serve prepare 0.00,0,9,LowPickup,100.2245,63.0745,2.6235,0.7481,-12.4677,0,1,1,Ready,0,9,12.7206,4.7618,0.7759,0,Perfect,,2.35,-12.35,-1.95,11.2,0,0,0,0,0,0
2257,PlayerServeHold,None,1,-0.005,52,0.1691,2.6571,-16.7191,2.3702,0.5649,-11.9535,0,Serve prepare 0.00,0,9,LowPickup,100.1915,63.0141,2.6235,0.7481,-12.4672,0,1,1,Ready,0,9,13.9588,5.4209,0.7581,0,Perfect,,2.35,-12.35,-1.95,11.2,0,0,0,0,0,0
2258,PlayerServeHold,None,1,-0.005,52,0.1691,2.6574,-16.7191,2.3702,0.5965,-11.9535,0,Serve prepare 0.00,0,9,LowPickup,100.156,62.948,2.6235,0.7482,-12.4667,0,1,1,Ready,0,9,15.2137,6.1347,0.659,0,Perfect,,2.35,-12.35,-1.95,11.2,0,0,0,0,0,0
2259,PlayerServeHold,None,1,-0.005,52,0.1691,2.6576,-16.719,2.3702,0.6112,-11.9535,0,Serve prepare 0.00,0,9,LowPickup,100.1178,62.8771,2.6235,0.7483,-12.466,0,1,1,Ready,0,9,16.358,6.899,0.5544,0,Perfect,,2.35,-12.35,-1.95,11.2,0,0,0,0,0,0
2260,PlayerServeHold,None,1,-0.005,52,0.1691,2.6578,-16.719,2.3702,0.6388,-11.9535,0,Serve prepare 0.00,0,9,LowPickup,100.0771,62.8024,2.6236,0.7484,-12.4653,0,1,1,Ready,0,9,17.2245,7.7133,0.4195,0,Perfect,,2.35,-12.35,-1.95,11.2,0,0,0,0,0,0
2261,PlayerServeHold,None,1,-0.005,52,0.1691,2.658,-16.7189,2.3702,0.6515,-11.9535,0,Serve prepare 0.00,0,9,LowPickup,100.034,62.7242,2.6237,0.7486,-12.4646,0,1,1,Ready,0,9,17.8361,8.5442,0.2836,0,Perfect,,2.35,-12.35,-1.95,11.2,0,0,0,0,0,0
2262,PlayerServeHold,None,1,-0.005,52,0.169,2.6581,-16.7189,2.3702,0.6749,-11.9535,0,Serve prepare 0.00,0,9,LowPickup,99.9883,62.643,2.6238,0.7488,-12.4638,0,1,1,Ready,0,9,18.1129,9.3611,0.0335,0,Perfect,,2.35,-12.35,-1.95,11.2,0,0,0,0,0,0
2263,PlayerServeHold,None,1,-0.005,52,0.169,2.6583,-16.7188,2.3702,0.6856,-11.9535,0,Serve prepare 0.00,0,9,LowPickup,99.9399,62.559,2.6241,0.7491,-12.4629,0,1,1,Ready,0,9,18.2027,10.1642,0.0768,0,Perfect,,2.35,-12.35,-1.95,11.2,0,0,0,0,0,0
2264,PlayerServeHold,None,1,-0.005,52,0.169,2.6583,-16.7188,2.3702,0.705,-11.9535,0,Serve prepare 0.00,0,9,LowPickup,99.8861,62.473,2.6243,0.7493,-12.4621,0,1,1,Ready,0,9,18.175,10.9173,0.0326,0,Perfect,,2.35,-12.35,-1.95,11.2,0,0,0,0,0,0
2265,PlayerServeHold,None,1,-0.005,52,0.169,2.6584,-16.7188,2.3702,0.7136,-11.9535,0,Serve prepare 0.00,0,9,LowPickup,99.8299,62.3846,2.6247,0.7496,-12.4611,0,1,1,Ready,0,9,18.1638,11.6147,0.0492,0,Perfect,,2.35,-12.35,-1.95,11.2,0,0,0,0,0,0
2266,PlayerServeHold,None,1,-0.005,52,0.1689,2.6584,-16.7188,2.3702,0.7289,-11.9535,0,Serve prepare 0.00,0,9,LowPickup,99.7709,62.293,2.6251,0.75,-12.4602,0,1,1,Ready,0,9,18.3662,12.203,0.0395,0,Perfect,,2.35,-12.35,-1.95,11.2,0,0,0,0,0,0
2267,PlayerServeHold,None,1,-0.005,52,0.1689,2.6584,-16.7188,2.3702,0.7355,-11.9535,0,Serve prepare 0.00,0,9,LowPickup,99.7095,62.1985,2.6257,0.7503,-12.4593,0,1,1,Ready,0,9,18.6365,12.6842,0.0402,0,Perfect,,2.35,-12.35,-1.95,11.2,0,0,0,0,0,0
2268,PlayerServeHold,None,1,-0.005,52,0.1689,2.6583,-16.7188,2.3702,0.7467,-11.9535,0,Serve prepare 0.00,0,9,LowPickup,99.6457,62.1007,2.6263,0.7507,-12.4583,0,1,1,Ready,0,9,18.9379,13.0786,0.0175,0,Perfect,,2.35,-12.35,-1.95,11.2,0,0,0,0,0,0
2269,PlayerServeHold,None,1,-0.005,52,0.1689,2.6582,-16.7188,2.3702,0.7512,-11.9535,0,Serve prepare 0.00,0,9,LowPickup,99.5796,61.9994,2.6269,0.7511,-12.4573,0,1,1,Ready,0,9,19.1557,13.3163,0.0838,0,Perfect,,2.35,-12.35,-1.95,11.2,0,0,0,0,0,0
2270,PlayerServeHold,None,1,-0.005,52,0.1688,2.6581,-16.7188,2.3702,0.7583,-11.9535,0,Serve prepare 0.00,0,9,LowPickup,99.5112,61.8956,2.6276,0.7514,-12.4564,0,1,1,Ready,0,9,19.173,13.3678,0.2345,0,Perfect,,2.35,-12.35,-1.95,11.2,0,0,0,0,0,0
2271,PlayerServeHold,None,1,-0.005,52,0.1688,2.658,-16.7188,2.3702,0.7608,-11.9535,0,Serve prepare 0.00,0,9,LowPickup,99.4407,61.7889,2.6283,0.7518,-12.4554,0,1,1,Ready,0,9,18.9804,13.2268,0.1347,0,Perfect,,2.35,-12.35,-1.95,11.2,0,0,0,0,0,0
2272,PlayerServeHold,None,1,-0.005,52,0.1688,2.6578,-16.7189,2.3702,0.7638,-11.9535,0,Serve prepare 0.00,0,9,LowPickup,99.368,61.6794,2.629,0.7522,-12.4544,0,1,1,Ready,0,9,18.489,12.8761,0.1479,0,Perfect,,2.35,-12.35,-1.95,11.2,0,0,0,0,0,0
2273,PlayerServeHold,None,1,-0.005,52,0.1687,2.6576,-16.7189,2.3702,0.7643,-11.9535,0,Serve prepare 0.00,0,9,LowPickup,99.2935,61.5668,2.6297,0.7525,-12.4534,0,1,1,Ready,0,9,17.8301,12.3795,0.2503,0,Perfect,,2.35,-12.35,-1.95,11.2,0,0,0,0,0,0
2274,PlayerServeHold,None,1,-0.005,52,0.1687,2.6573,-16.719,2.3702,0.7665,-11.9535,0,Serve prepare 0.00,0,9,LowPickup,99.2174,61.4509,2.6303,0.7528,-12.4524,0,1,1,Ready,0,9,17.0621,11.7575,0.5277,0,Perfect,,2.35,-12.35,-1.95,11.2,0,0,0,0,0,0
2275,PlayerServeHold,None,1,-0.005,52,0.1687,2.6571,-16.719,2.3702,0.7694,-11.9535,0,Serve prepare 0.00,0,9,LowPickup,99.1392,61.332,2.6308,0.753,-12.4514,0,1,1,Ready,0,9,16.2991,11.0967,0.497,0,Perfect,,2.35,-12.35,-1.95,11.2,0,0,0,0,0,0
2276,PlayerServeHold,None,1,-0.005,52,0.1687,2.6568,-16.7191,2.3702,0.7783,-11.9535,0,Serve prepare 0.00,0,9,LowPickup,99.0591,61.2099,2.6313,0.7533,-12.4503,0,1,1,Ready,0,9,15.661,10.4506,0.2116,0,Perfect,,2.35,-12.35,-1.95,11.2,0,0,0,0,0,0
2277,PlayerServeHold,None,1,-0.005,52,0.1686,2.6564,-16.7191,2.3702,0.784,-11.9535,0,Serve prepare 0.00,0,9,LowPickup,98.9771,61.0846,2.6317,0.7536,-12.4492,0,1,1,Ready,0,9,15.1683,9.8814,0.1825,0,Perfect,,2.35,-12.35,-1.95,11.2,0,0,0,0,0,0
2278,PlayerServeHold,None,1,-0.005,52,0.1686,2.6561,-16.7192,2.3702,0.7972,-11.9535,0,Serve prepare 0.00,0,9,LowPickup,98.8934,60.9582,2.6322,0.7539,-12.448,0,1,1,Ready,0,9,14.8916,9.4755,0.2317,0,Perfect,,2.35,-12.35,-1.95,11.2,0,0,0,0,0,0
2279,PlayerServeHold,None,1,-0.005,52,0.1686,2.6557,-16.7192,2.3702,0.8045,-11.9535,0,Serve prepare 0.00,0,9,LowPickup,98.8079,60.8307,2.6327,0.7542,-12.4468,0,1,1,Ready,0,9,14.7922,9.1908,0.2832,0,Perfect,,2.35,-12.35,-1.95,11.2,0,0,0,0,0,0
2280,PlayerServeHold,None,1,-0.005,52,0.1686,2.6553,-16.7193,2.3702,0.8197,-11.9535,0,Serve prepare 0.00,0,9,LowPickup,98.7208,60.7023,2.6331,0.7545,-12.4456,0,1,1,Ready,0,9,14.8767,9.0294,0.3479,0,Perfect,,2.35,-12.35,-1.95,11.2,0,0,0,0,0,0
2281,PlayerServeHold,None,1,-0.005,52,0.1685,2.6549,-16.7194,2.3702,0.8273,-11.9535,0,Serve prepare 0.00,0,9,LowPickup,98.6386,60.5713,2.6336,0.7549,-12.4443,0,1,1,Ready,0,9,15.0821,8.9533,0.3062,0,Perfect,,2.35,-12.35,-1.95,11.2,0,0,0,0,0,0
2282,PlayerServeHold,None,1,-0.005,52,0.1685,2.6544,-16.7195,2.3702,0.8421,-11.9535,0,Serve prepare 0.00,0,9,LowPickup,98.5547,60.4382,2.634,0.7552,-12.443,0,1,1,Ready,0,9,15.3607,8.948,0.22,0,Perfect,,2.35,-12.35,-1.95,11.2,0,0,0,0,0,0
2283,PlayerServeHold,None,1,-0.005,52,0.1685,2.654,-16.7196,2.3702,0.849,-11.9535,0,Serve prepare 0.00,0,9,LowPickup,98.4692,60.3026,2.6345,0.7555,-12.4417,0,1,1,Ready,0,9,15.6828,8.9637,0.1217,0,Perfect,,2.35,-12.35,-1.95,11.2,0,0,0,0,0,0
2284,PlayerServeHold,None,1,-0.005,52,0.1684,2.6535,-16.7197,2.3702,0.861,-11.9535,0,Serve prepare 0.00,0,9,LowPickup,98.3826,60.1647,2.635,0.7559,-12.4404,0,1,1,Ready,0,9,16.0048,8.9313,0.2525,0,Perfect,,2.35,-12.35,-1.95,11.2,0,0,0,0,0,0
2285,PlayerServeHold,None,1,-0.005,52,0.1684,2.6529,-16.7198,2.3702,0.8659,-11.9535,0,Serve prepare 0.00,0,9,LowPickup,98.295,60.0259,2.6354,0.7562,-12.439,0,1,1,Ready,0,9,16.3302,8.8988,0.4224,0,Perfect,,2.35,-12.35,-1.95,11.2,0,0,0,0,0,0
2286,PlayerServeHold,None,1,-0.005,52,0.1684,2.6524,-16.7199,2.3702,0.8728,-11.9535,0,Serve prepare 0.00,0,9,LowPickup,98.2067,59.8858,2.6359,0.7565,-12.4376,0,1,1,Ready,0,9,16.6426,8.8989,0.6231,0,Perfect,,2.35,-12.35,-1.95,11.2,0,0,0,0,0,0
2287,PlayerServeHold,None,1,-0.005,52,0.1684,2.6518,-16.72,2.3702,0.8746,-11.9535,0,Serve prepare 0.00,0,9,LowPickup,98.1185,59.745,2.6364,0.7569,-12.4363,0,1,1,Ready,0,9,16.96,8.9172,0.5223,0,Perfect,,2.35,-12.35,-1.95,11.2,0,0,0,0,0,0
2288,PlayerServeHold,None,1,-0.005,52,0.1683,2.6513,-16.7201,2.3702,0.875,-11.9535,0,Serve prepare 0.00,0,9,LowPickup,98.0313,59.6031,2.637,0.7571,-12.4349,0,1,1,Ready,0,9,17.3061,8.934,0.1848,0,Perfect,,2.35,-12.35,-1.95,11.2,0,0,0,0,0,0
2289,PlayerServeHold,None,1,-0.005,52,0.1683,2.6507,-16.7202,2.3702,0.875,-11.9535,0,Serve prepare 0.00,0,9,LowPickup,97.9415,59.4592,2.6376,0.7574,-12.4336,0,1,1,Ready,0,9,17.6438,8.9983,0.074,0,Perfect,,2.35,-12.35,-1.95,11.2,0,0,0,0,0,0
2290,PlayerServeHold,None,1,-0.005,52,0.1683,2.65,-16.7203,2.3702,0.875,-11.9535,0,Serve prepare 0.00,0,9,LowPickup,97.851,59.314,2.6382,0.7576,-12.4323,0,1,1,Ready,0,9,17.9527,9.1806,0.2408,0,Perfect,,2.35,-12.35,-1.95,11.2,0,0,0,0,0,0
2291,PlayerServeHold,None,1,-0.005,52,0.1682,2.6494,-16.7204,2.3702,0.875,-11.9535,0,Serve prepare 0.00,0,9,LowPickup,97.76,59.1673,2.6388,0.7578,-12.431,0,1,1,Ready,0,9,18.2117,9.4141,0.2288,0,Perfect,,2.35,-12.35,-1.95,11.2,0,0,0,0,0,0
2292,PlayerServeHold,None,1,-0.005,52,0.1682,2.6487,-16.7206,2.3702,0.875,-11.9535,0,Serve prepare 0.00,0,9,LowPickup,97.6685,59.0191,2.6395,0.758,-12.4296,0,1,1,Ready,0,9,18.3895,9.6436,0.0477,0,Perfect,,2.35,-12.35,-1.95,11.2,0,0,0,0,0,0
2293,PlayerServeHold,None,1,-0.005,52,0.1682,2.6481,-16.7207,2.3702,0.875,-11.9535,0,Serve prepare 0.00,0,9,LowPickup,97.5767,58.87,2.6402,0.7582,-12.4283,0,1,1,Ready,0,9,18.5014,9.9018,0.1314,0,Perfect,,2.35,-12.35,-1.95,11.2,0,0,0,0,0,0
2294,PlayerServeHold,None,1,-0.005,52,0.1682,2.6474,-16.7208,2.3702,0.875,-11.9535,0,Serve prepare 0.00,0,9,LowPickup,97.4843,58.7198,2.6408,0.7584,-12.4269,0,1,1,Ready,0,9,18.5419,10.2161,0.1331,0,Perfect,,2.35,-12.35,-1.95,11.2,0,0,0,0,0,0
2295,PlayerServeHold,None,1,-0.005,52,0.1681,2.6467,-16.721,2.3702,0.875,-11.9535,0,Serve prepare 0.00,0,9,LowPickup,97.3891,58.5682,2.6415,0.7585,-12.4256,0,1,1,Ready,0,9,18.5404,10.5303,0.1101,0,Perfect,,2.35,-12.35,-1.95,11.2,0,0,0,0,0,0
2296,PlayerServeHold,None,1,-0.005,52,0.1681,2.646,-16.7211,2.3702,0.875,-11.9535,0,Serve prepare 0.00,0,9,LowPickup,97.294,58.4158,2.6422,0.7587,-12.4242,0,1,1,Ready,0,9,18.511,10.7772,0.0308,0,Perfect,,2.35,-12.35,-1.95,11.2,0,0,0,0,0,0
2297,PlayerServeHold,None,1,-0.005,52,0.1681,2.6453,-16.7212,2.3702,0.875,-11.9535,0,Serve prepare 0.00,0,9,LowPickup,97.199,58.2637,2.6428,0.7589,-12.4229,0,1,1,Ready,0,9,18.4889,10.9884,0.0129,0,Perfect,,2.35,-12.35,-1.95,11.2,0,0,0,0,0,0
2298,PlayerServeHold,None,1,-0.005,52,0.168,2.6445,-16.7214,2.3704,0.8754,-11.9536,0,Serve prepare 0.00,0,9,LowPickup,97.1043,58.1123,2.6323,0.7471,-12.4343,0,1,1,Ready,0,9,18.5303,11.1804,0.0148,0,Perfect,,2.35,-12.35,-1.95,11.2,0,0,0,0,0,0
2299,PlayerServeHold,None,1,-0.005,52,0.168,2.6438,-16.7215,2.3709,0.8764,-11.954,0,Serve prepare 0.00,0,9,LowPickup,97.0102,57.9619,2.6328,0.7473,-12.4329,0,1,1,Ready,0,9,18.5792,11.3126,0.0132,0,Perfect,,2.35,-12.35,-1.95,11.2,0,0,0,0,0,0
2300,PlayerServeHold,None,1,-0.005,52,0.168,2.643,-16.7217,2.3735,0.8806,-11.9553,0,Serve prepare 0.01,0,9,LowPickup,97.4534,58.4291,2.6407,0.7583,-12.4246,0,1,1,Ready,0,9,18.6069,11.3516,0.0152,0,Perfect,,2.35,-12.35,-1.95,11.2,0,0,0,0,0,0
2301,PlayerServeHold,None,1,-0.005,52,0.168,2.6423,-16.7218,2.3759,0.8837,-11.9563,0,Serve prepare 0.02,0,9,LowPickup,98.5069,59.7001,2.633,0.7553,-12.4367,0,1,1,Ready,0,9,18.5948,11.3113,0.0161,0,Perfect,,2.35,-12.35,-1.95,11.2,0,0,0,0.6977,0,0
2302,PlayerServeHold,None,1,-0.005,52,0.1679,2.6415,-16.722,2.3804,0.8916,-11.9587,0,Serve prepare 0.03,0,9,LowPickup,99.0523,60.4517,2.63,0.7532,-12.4439,0,1,1,Ready,0,9,18.4979,11.195,0.0062,0,Perfect,,2.35,-12.35,-1.95,11.2,0,0,0,0.8261,0,0
2303,PlayerServeHold,None,1,-0.005,52,0.1679,2.6407,-16.7221,2.3837,0.8964,-11.9603,0,Serve prepare 0.04,0,9,LowPickup,100.2037,61.9409,2.621,0.7482,-12.4578,0,1,1,Ready,0,9,18.3722,11.0349,0.0057,0,Perfect,,2.35,-12.35,-1.95,11.2,0,0,0,1.1205,0,0
2304,PlayerServeHold,None,1,-0.005,52,0.1679,2.6399,-16.7223,2.3899,0.9076,-11.9638,0,Serve prepare 0.05,0,9,LowPickup,100.7532,62.8659,2.6206,0.7471,-12.4658,0,1,1,Ready,0,9,18.246,10.8615,0.0122,0,Perfect,,2.35,-12.35,-1.95,11.2,0,0,0,1.0835,0,0
2305,PlayerServeHold,None,1,-0.005,52,0.1679,2.6391,-16.7224,2.394,0.9139,-11.9659,0,Serve prepare 0.06,0,9,LowPickup,101.8477,64.6214,2.6087,0.7424,-12.4792,0,1,1,Ready,0,9,18.1502,10.6909,0.0152,0,Perfect,,2.35,-12.35,-1.95,11.2,0,0,0,1.3056,0,0
2306,PlayerServeHold,None,1,-0.005,52,0.1678,2.6383,-16.7226,2.4018,0.928,-11.9703,0,Serve prepare 0.07,0,9,LowPickup,102.4113,65.7553,2.6391,0.7418,-12.5048,0,1,1,Ready,0,9,18.11,10.5349,0.0201,0,Perfect,,2.35,-12.35,-1.95,11.2,0,0,0,1.1836,0,0
2307,PlayerServeHold,None,1,-0.005,52,0.1678,2.6375,-16.7228,2.4065,0.9357,-11.9728,0,Serve prepare 0.08,0,9,LowPickup,103.6817,67.7457,2.6048,0.7375,-12.5051,0,1,1,Ready,0,9,18.1664,10.4271,0.0133,0,Perfect,,2.35,-12.35,-1.95,11.2,0,0,0,1.308,0,0
2308,PlayerServeHold,None,1,-0.005,52,0.1678,2.6366,-16.7229,2.4155,0.9522,-11.9781,0,Serve prepare 0.09,0,9,LowPickup,104.3896,68.987,2.6015,0.7359,-12.5141,0,1,1,Ready,0,9,18.4075,10.4166,0.012,0,Perfect,,2.35,-12.35,-1.95,11.2,0,0,0,1.018,0,0
2309,PlayerServeHold,None,1,-0.005,52,0.1678,2.6358,-16.7231,2.4208,0.961,-11.9809,0,Serve prepare 0.10,0,9,LowPickup,105.8251,71.0939,2.6165,0.7329,-12.5447,0,1,1,Ready,0,9,18.7066,10.4432,0.0174,0,Perfect,,2.35,-12.35,-1.95,11.2,0,0,0,1.0864,0,0
2310,PlayerServeHold,None,1,-0.005,52,0.1677,2.6349,-16.7233,2.4308,0.9794,-11.9868,0,Serve prepare 0.11,0,9,LowPickup,106.5916,72.3816,2.6126,0.732,-12.5545,0,1,1,Ready,0,9,18.9662,10.4646,0.0092,0,Perfect,,2.35,-12.35,-1.95,11.2,0,0,0,0.7793,0,0
2311,PlayerServeHold,None,1,-0.005,52,0.1677,2.6341,-16.7234,2.4366,0.9891,-11.99,0,Serve prepare 0.12,0,9,LowPickup,108.199,74.5691,2.6186,0.739,-12.5624,0,1,1,Ready,0,9,19.2033,10.4991,0.0074,0,Perfect,,2.35,-12.35,-1.95,11.2,0,0,0,0.5482,0,0
2312,PlayerServeHold,None,1,-0.005,52,0.1677,2.6332,-16.7236,2.4474,1.0091,-11.9965,0,Serve prepare 0.13,0,9,LowPickup,108.9198,75.8822,2.614,0.7366,-12.5723,0.0278,1,1,Ready,0,9,19.3898,10.546,0.0166,0,Perfect,,2.35,-12.35,-1.95,11.2,0,0,0,0.3165,0,0
2313,PlayerServeHold,None,1,-0.005,52,0.1677,2.6323,-16.7238,2.4534,1.0194,-11.9999,0,Serve prepare 0.14,0,9,LowPickup,110.3682,78.1606,2.6036,0.7319,-12.5904,0.0554,1,1,Ready,0,9,19.5647,10.6305,0.018,0,Perfect,,2.35,-12.35,-1.95,11.2,0,0,0,0.7621,0,0
2314,PlayerServeHold,None,1,-0.005,52,0.1677,2.6314,-16.724,2.4648,1.0405,-12.0068,0,Serve prepare 0.15,0,9,LowPickup,111.1078,79.6142,2.5935,0.7244,-12.6084,0.0207,1,1,Ready,0,9,19.7556,10.7784,0.0116,0,Perfect,,2.35,-12.35,-1.95,11.2,0,0,0,0.7641,0,0
2315,PlayerServeHold,None,1,-0.005,52,0.1676,2.6305,-16.7241,2.471,1.0513,-12.0104,0,Serve prepare 0.16,0,9,LowPickup,112.6274,82.357,2.6076,0.731,-12.632,0.0408,1,1,Ready,0,9,19.9635,10.9771,0.0098,0,Perfect,,2.35,-12.35,-1.95,11.2,0,0,0,1.327,0,0
2316,PlayerServeHold,None,1,-0.005,52,0.1676,2.6295,-16.7243,2.4827,1.073,-12.0175,0,Serve prepare 0.17,0,9,LowPickup,113.3859,84.0245,2.6152,0.7556,-12.5989,0.0262,1,1,Ready,0,9,20.2062,11.2213,0.0098,0,Perfect,,2.35,-12.35,-1.95,11.2,0,0,0,1.3899,0,0
2317,PlayerServeHold,None,1,-0.005,52,0.1676,2.6286,-16.7245,2.489,1.084,-12.0213,0,Serve prepare 0.18,0,9,LowPickup,114.8752,87.0777,2.6306,0.7795,-12.5941,0.052,1,1,Ready,0,9,20.4593,11.4993,0.0096,0,Perfect,,2.35,-12.35,-1.95,11.2,0,0,0,1.7064,0,0
2318,PlayerServeHold,None,1,-0.005,52,0.1676,2.6276,-16.7247,2.5008,1.106,-12.0285,0,Serve prepare 0.19,0,9,LowPickup,115.6028,89.0031,2.6242,0.7746,-12.604,0.0245,1,1,Ready,0,9,20.7492,11.8275,0.0057,0,Perfect,,2.35,-12.35,-1.95,11.2,0,0,0,1.4199,0,0
2319,PlayerServeHold,None,1,-0.005,52,0.1676,2.6266,-16.7249,2.5071,1.117,-12.0323,0,Serve prepare 0.20,0,9,LowPickup,112.0389,92.2517,2.6195,0.7694,-12.6335,0.8583,1,1,Ready,0,9,20.9425,12.1109,0.008,0,Perfect,,2.35,-12.35,-1.95,11.2,0,0,0,1.4602,0,0
2320,PlayerServeHold,None,1,-0.005,52,0.1675,2.6256,-16.7251,2.5187,1.1387,-12.0394,0,Serve prepare 0.21,0,9,LowPickup,112.7875,94.1605,2.6126,0.7673,-12.6439,0.0105,1,1,Ready,0,9,20.9203,12.2695,0.0116,0,Perfect,,2.35,-12.35,-1.95,11.2,0,0,0,1.135,0,0
2321,PlayerServeHold,None,1,-0.005,52,0.1675,2.6246,-16.7253,2.5249,1.1495,-12.0432,0,Serve prepare 0.22,0,9,LowPickup,114.26,97.2936,2.5851,0.7301,-12.7731,0.0198,1,1,Ready,0,9,20.6864,12.3087,0.0136,0,Perfect,,2.35,-12.35,-1.95,11.2,0,0,0,1.2468,0,0
2322,PlayerServeHold,None,1,-0.005,52,0.1675,2.6236,-16.7255,2.5361,1.1706,-12.0503,0,Serve prepare 0.23,0,9,LowPickup,114.9921,99.1512,2.5549,0.7204,-12.7537,0.0104,1,1,Ready,0,9,20.1761,12.2048,0.0179,0,Perfect,,2.35,-12.35,-1.95,11.2,0,0,0,0.9143,0,0
2323,PlayerServeHold,None,1,-0.005,52,0.1675,2.6225,-16.7257,2.542,1.1809,-12.054,0,Serve prepare 0.24,0,9,LowPickup,116.3709,102.0923,2.5548,0.7299,-12.7998,0.0212,1,1,Ready,0,9,19.4805,11.9795,0.0151,0,Perfect,,2.35,-12.35,-1.95,11.2,0,0,0,1.0095,0,0
2324,PlayerServeHold,None,1,-0.005,52,0.1674,2.6215,-16.7259,2.5527,1.2009,-12.0607,0,Serve prepare 0.25,0,9,LowPickup,116.9974,103.7763,2.5322,0.7228,-12.7944,0.0166,1,1,Ready,0,9,18.6387,11.6237,0.0031,0,Perfect,,2.35,-12.35,-1.95,11.2,0,0,0,0.7444,0,0
2325,PlayerServeHold,None,1,-0.005,52,0.1674,2.6204,-16.7261,2.5582,1.2106,-12.0642,0,Serve prepare 0.26,0,9,LowPickup,118.0124,106.4086,2.5346,0.7327,-12.7839,0.0205,1,1,Ready,0,9,17.7307,11.1744,0.0048,0,Perfect,,2.35,-12.35,-1.95,11.2,0,0,0,1.0763,0,0
2326,PlayerServeHold,None,1,-0.005,52,0.1674,2.6193,-16.7263,2.568,1.229,-12.0704,0,Serve prepare 0.27,0,9,LowPickup,119.3111,108.0725,2.5208,0.7301,-12.7945,0.1863,1,1,Ready,0,9,16.8163,10.647,0.0177,0,Perfect,,2.35,-12.35,-1.95,11.2,0,0,0,2.4851,0,0
2327,PlayerServeHold,None,1,-0.005,52,0.1674,2.6182,-16.7265,2.5731,1.2378,-12.0737,0,Serve prepare 0.28,0,9,LowPickup,120.3006,110.7088,2.5288,0.7435,-12.7948,0.7464,1,1,Ready,0,9,15.9817,10.0594,0.2052,0,Perfect,,2.35,-12.35,-1.95,11.2,0,0,0,4.7705,0,0
2328,PlayerServeHold,None,1,-0.005,52,0.1674,2.6171,-16.7268,2.5818,1.2543,-12.0793,0,Serve prepare 0.29,0,9,LowPickup,120.2306,112.2844,2.5126,0.7377,-12.7975,0.3612,1,1,Ready,0,9,15.3498,9.4269,0.2918,0,Perfect,,2.35,-12.35,-1.95,11.2,0,0,0,4.2224,0,0
2329,PlayerServeHold,None,1,-0.005,52,0.1673,2.6159,-16.727,2.5863,1.262,-12.0823,0,Serve prepare 0.30,0,9,LowPickup,119.9578,114.5249,2.4627,0.7562,-12.9442,0.1474,1,1,Ready,0,9,14.854,8.7363,0.3006,0,Perfect,,2.35,-12.35,-1.95,11.2,0,0,0,4.3834,0,0
2330,PlayerServeHold,None,1,-0.005,52,0.1673,2.6147,-16.7272,2.5938,1.2761,-12.0872,0,Serve prepare 0.31,0,9,LowPickup,119.7459,115.9776,2.2926,0.7016,-12.9286,0.067,1,1,Ready,0,9,14.4748,7.9879,0.2944,0,Perfect,,2.35,-12.35,-1.95,11.2,0,0,0,3.5645,0,0
2331,PlayerServeHold,None,1,-0.005,52,0.1673,2.6135,-16.7274,2.5975,1.2824,-12.0897,0,Serve prepare 0.32,0,9,LowPickup,119.1138,117.8944,2.425,0.744,-12.9453,0.1495,1,1,Ready,0,9,14.1999,7.1843,0.1597,0,Perfect,,2.35,-12.35,-1.95,11.2,0,0,0,3.6971,0,0
2332,PlayerServeHold,None,1,-0.005,52,0.1673,2.6123,-16.7277,2.6035,1.2936,-12.0937,0,Serve prepare 0.33,0,9,LowPickup,118.7074,119.118,2.2982,0.7031,-12.939,0.0972,1,1,Ready,0,9,14.0302,6.3393,0.1551,0,Perfect,,2.35,-12.35,-1.95,11.2,0,0,0,2.8791,0,0
2333,PlayerServeHold,None,1,-0.005,52,0.1673,2.6111,-16.7279,2.6065,1.2984,-12.0958,0,Serve prepare 0.34,0,9,LowPickup,117.6991,120.6532,2.2755,0.6979,-12.9275,0.2172,1,1,Ready,0,9,13.9082,5.4596,0.2889,0,Perfect,,2.35,-12.35,-1.95,11.2,0,0,0,3.3678,0,0
2334,PlayerServeHold,None,1,-0.005,52,0.1673,2.6098,-16.7282,2.6108,1.3063,-12.0986,0,Serve prepare 0.35,0,9,LowPickup,117.0887,121.7543,2.2661,0.6845,-12.9017,0.1284,1,1,Ready,0,9,13.7775,4.5674,0.3517,0,Perfect,,2.35,-12.35,-1.95,11.2,0,0,0,2.7879,0,0
2335,PlayerServeHold,None,1,-0.005,52,0.1672,2.6086,-16.7284,2.6128,1.3094,-12.1001,0,Serve prepare 0.36,0,9,LowPickup,119.6031,121.9881,2.2908,0.6823,-12.9102,0.7636,1,1,Ready,0,9,13.6458,3.6785,0.3126,0,Perfect,,2.35,-12.35,-1.95,11.2,0,0,0,4.4361,0,0
2336,PlayerServeHold,None,1,-0.005,52,0.1672,2.6073,-16.7287,2.6152,1.3136,-12.1018,0,Serve prepare 0.37,0,9,LowPickup,119.2687,122.396,2.2814,0.6871,-12.9252,0.0789,1,1,Ready,0,9,13.4986,2.8242,0.1047,0,Perfect,,2.35,-12.35,-1.95,11.2,0,0,0,3.8378,0,0
2337,PlayerServeHold,None,1,-0.005,52,0.1672,2.606,-16.7289,2.6162,1.3146,-12.1026,0,Serve prepare 0.38,0,9,LowPickup,112.6249,124.2765,2.2882,0.6984,-12.9276,1.2395,1,1,Ready,0,9,13.3426,1.9947,0.0423,0,Perfect,,2.35,-12.35,-1.95,11.2,0,0,0,7.3417,0,0
2338,PlayerServeToss,None,1,-0.005,52,0.1672,2.6046,-16.7292,2.6166,1.315,-12.103,0,Serve prepare 0.39,0,9,LowPickup,111.4755,125.2826,2.2752,0.6996,-12.9411,0.0905,1,1,Ready,0,9,12.9094,1.4269,0.2463,0,Perfect,,2.35,-12.35,-1.95,11.2,0,0,0,6.818,0,0
2339,PlayerServeToss,None,1,-0.005,52,0.1672,2.6033,-16.7294,2.6129,1.3653,-12.103,0,Serve prepare 0.40,0,9,LowPickup,109.1196,126.2795,2.2483,0.707,-12.9646,0.1538,1,1,Ready,0,9,12.2724,0.7908,0.1556,0,Perfect,,2.35,-12.35,-1.95,11.2,0,0,0,6.7916,0,0
2340,PlayerServeToss,None,1,-0.005,52,0.1671,2.6019,-16.7297,2.6054,1.464,-12.103,0,Serve prepare 0.40,0,9,LowPickup,109.1196,127.5008,2.2428,0.6969,-12.9573,0,1,1,Ready,0,9,11.09,-0.1248,0.1663,0,Perfect,,2.35,-12.35,-1.95,11.2,0,0,0,4.3511,0,0
2341,PlayerServeToss,None,1,-0.005,52,0.1671,2.6005,-16.7299,2.6016,1.5123,-12.103,0,Serve prepare 0.42,0,9,LowPickup,108.5179,128.6208,2.2282,0.6928,-12.9581,0.0419,1,1,Ready,0,9,9.6278,-1.1259,0.261,0,Perfect,,2.35,-12.35,-1.95,11.2,0,0,0,2.6432,0,0
2342,PlayerServeToss,None,1,-0.005,52,0.1671,2.5991,-16.7302,2.5941,1.6068,-12.1029,0,Serve prepare 0.42,0,9,LowPickup,108.2107,129.6226,2.2188,0.6874,-12.9554,0.0114,1,1,Ready,0,9,7.9221,-2.1661,0.2273,0,Perfect,,2.35,-12.35,-1.95,11.2,0,0,0,0.9253,0,0
2343,PlayerServeToss,None,1,-0.005,52,0.1671,2.5977,-16.7305,2.5904,1.6531,-12.1029,0,Serve prepare 0.44,0,9,LowPickup,107.6668,130.366,2.2045,0.6889,-12.9576,0.0442,1,1,Ready,0,9,6.2936,-3.0995,0.1968,0,Perfect,,2.35,-12.35,-1.95,11.2,0,0,0,0.4168,0,0
2344,PlayerServeToss,None,1,-0.005,52,0.1671,2.5962,-16.7308,2.5829,1.7436,-12.1029,0,Serve prepare 0.45,0,9,LowPickup,107.412,130.9509,2.1961,0.6887,-12.957,0.047,1,1,Ready,0,9,5.0535,-3.8353,0.1172,0,Perfect,,2.35,-12.35,-1.95,11.2,0,0,0,1.2072,0,0
2345,PlayerServeToss,None,1,-0.005,52,0.167,2.5948,-16.731,2.5791,1.7878,-12.1029,0,Serve prepare 0.46,0,9,LowPickup,106.9168,131.2466,2.183,0.6964,-12.9606,0.1094,1,1,Ready,0,9,4.2098,-4.2943,0.1365,0,Perfect,,2.35,-12.35,-1.95,11.2,0,0,0,1.5491,0,0
2346,PlayerServeToss,None,1,-0.005,52,0.167,2.5933,-16.7313,2.5717,1.8742,-12.1029,0,Serve prepare 0.47,0,9,LowPickup,106.7301,131.4729,2.176,0.7007,-12.962,0.0461,1,1,Ready,0,9,3.9395,-4.3451,0.2226,0,Perfect,,2.35,-12.35,-1.95,11.2,0,0,0,1.7971,0,0
2347,PlayerServeToss,None,1,-0.005,52,0.167,2.5918,-16.7316,2.5679,1.9163,-12.1029,0,Serve prepare 0.49,0,9,LowPickup,106.3603,131.5272,2.1649,0.7124,-12.9661,0.0573,1,1,Ready,0,9,4.0308,-4.0735,0.2767,0,Perfect,,2.35,-12.35,-1.95,11.2,0,0,0,1.5974,0,0
2348,PlayerServeToss,None,1,-0.005,52,0.167,2.5902,-16.7319,2.5604,1.9986,-12.1029,0,Serve prepare 0.50,0,9,LowPickup,106.2127,131.5854,2.1591,0.7194,-12.9683,0.0592,1,1,Ready,0,9,4.3891,-3.4313,0,0,Perfect,,2.35,-12.35,-1.95,11.2,0,0,0,1.4336,0,0
2349,PlayerServeToss,None,1,-0.005,52,0.167,2.5887,-16.7322,2.5567,2.0388,-12.1029,0,Serve prepare 0.51,0,9,LowPickup,105.9258,131.5315,2.149,0.7335,-12.9718,0.1723,1,1,Ready,0,9,4.8669,-2.5806,0,0,Perfect,,2.35,-12.35,-1.95,11.2,0,0,0,1.1399,0,0
2350,PlayerServeToss,None,1,-0.005,52,0.167,2.5871,-16.7325,2.5492,2.117,-12.1028,0,Serve prepare 0.52,0,9,LowPickup,105.7827,131.5614,2.1435,0.7423,-12.9736,0.0963,1,1,Ready,0,9,5.2834,-1.6107,0,0,Perfect,,2.35,-12.35,-1.95,11.2,0,0,0,0.8421,0,0
2351,PlayerServeToss,None,1,-0.005,52,0.1669,2.5856,-16.7328,2.5454,2.1551,-12.1028,0,Serve prepare 0.54,0,9,LowPickup,105.5759,131.5671,2.1335,0.7574,-12.9758,0.2085,1,1,Ready,0,9,5.6729,-0.5966,0,0,Perfect,,2.35,-12.35,-1.95,11.2,0,0,0,0.8495,0,0
2352,PlayerServeToss,None,1,-0.005,52,0.1669,2.5839,-16.7331,2.5379,2.2292,-12.1028,0,Serve prepare 0.55,0,9,LowPickup,105.4794,131.6991,2.1277,0.7665,-12.9767,0.088,1,1,Ready,0,9,6.0097,0.3557,0,0,Perfect,,2.35,-12.35,-1.95,11.2,0,0,0,0.7444,0,0
2353,PlayerServeToss,None,1,-0.005,52,0.1669,2.5823,-16.7334,2.5342,2.2652,-12.1028,0,Serve prepare 0.56,0,9,LowPickup,105.3055,131.8656,2.117,0.7823,-12.9767,0.1603,1,1,Ready,0,9,6.2964,1.2336,0,0,Perfect,,2.35,-12.35,-1.95,11.2,0,0,0,0.8926,0,0
2354,PlayerServeToss,None,1,-0.005,52,0.1669,2.5807,-16.7337,2.5267,2.3352,-12.1028,0,Serve prepare 0.57,0,9,LowPickup,105.2307,132.1161,2.1106,0.7911,-12.976,0.0801,1,1,Ready,0,9,6.5267,1.973,0,0,Perfect,,2.35,-12.35,-1.95,11.2,0,0,0,0.8137,0,0
2355,PlayerServeToss,None,1,-0.005,52,0.1669,2.579,-16.734,2.5229,2.3692,-12.1028,0,Serve prepare 0.59,0,9,LowPickup,105.067,132.4318,2.0996,0.8062,-12.9737,0.1305,1,1,Ready,0,9,6.7017,2.5829,0,0,Perfect,,2.35,-12.35,-1.95,11.2,0,0,0,0.9479,0,0
2356,PlayerServeToss,None,1,-0.005,52,0.1668,2.5774,-16.7343,2.5154,2.4352,-12.1028,0,Serve prepare 0.59,0,9,LowPickup,105.0084,132.7719,2.0928,0.8143,-12.9716,0.0549,1,1,Ready,0,9,6.8357,3.0485,0,0,Perfect,,2.35,-12.35,-1.95,11.2,0,0,0,0.7803,0,0
2357,PlayerServeToss,None,1,-0.005,52,0.1668,2.5757,-16.7347,2.5117,2.4671,-12.1028,0,Serve prepare 0.61,0,9,LowPickup,104.876,133.1877,2.082,0.8281,-12.9678,0.0824,1,1,Ready,0,9,6.8777,3.3585,0,0,Perfect,,2.35,-12.35,-1.95,11.2,0,0,0,0.8147,0,0
2358,PlayerServeToss,None,1,-0.005,52,0.1668,2.574,-16.735,2.5042,2.529,-12.1027,0,Serve prepare 0.62,0,9,LowPickup,104.8228,133.5779,2.0752,0.8354,-12.9649,0.034,1,1,Ready,0,9,6.7249,3.4815,0,0,Perfect,,2.35,-12.35,-1.95,11.2,0,0,0,0.6052,0,0
2359,PlayerServeToss,None,1,-0.005,52,0.1668,2.5723,-16.7353,2.5005,2.5589,-12.1027,0,Serve prepare 0.63,0,9,LowPickup,104.719,134.0587,2.0645,0.8484,-12.9599,0.0589,1,1,Ready,0,9,6.5539,3.4924,0.2252,0,Perfect,,2.35,-12.35,-1.95,11.2,0,0,0,0.6205,0,0
2360,PlayerServeToss,None,1,-0.005,52,0.1668,2.5705,-16.7356,2.493,2.6167,-12.1027,0,Serve prepare 0.64,0,9,LowPickup,104.6855,134.4454,2.0578,0.855,-12.9565,0.0302,1,1,Ready,0,9,6.5278,3.4022,0.7175,0,Perfect,,2.35,-12.35,-1.95,11.2,0,0,0,0.4131,0,0
2361,PlayerServeToss,None,1,-0.005,52,0.1668,2.5688,-16.736,2.4892,2.6445,-12.1027,0,Serve prepare 0.66,0,9,LowPickup,104.6399,134.8928,2.0473,0.8667,-12.9506,0.0625,1,1,Ready,0,9,6.567,3.3331,0.7274,0,Perfect,,2.35,-12.35,-1.95,11.2,0,0,0,0.4388,0,0
2362,PlayerServeToss,None,1,-0.005,52,0.1667,2.567,-16.7363,2.4817,2.6982,-12.1027,0,Serve prepare 0.67,0,9,LowPickup,104.5914,135.2337,2.0411,0.8726,-12.9468,0.0363,1,1,Ready,0,9,6.634,3.4354,0.62,0,Perfect,,2.35,-12.35,-1.95,11.2,0,0,0,0.2907,0,0
2363,PlayerServeToss,None,1,-0.005,52,0.1667,2.5652,-16.7366,2.478,2.724,-12.1027,0,Serve prepare 0.68,0,9,LowPickup,104.5127,135.6597,2.031,0.883,-12.9402,0.0864,1,1,Ready,0,9,6.7675,3.6869,0.4816,0,Perfect,,2.35,-12.35,-1.95,11.2,0,0,0,0.3976,0,0
2364,PlayerServeToss,None,1,-0.005,52,0.1667,2.5634,-16.7369,2.4705,2.7736,-12.1027,0,Serve prepare 0.69,0,9,LowPickup,104.467,135.9746,2.0252,0.8882,-12.9363,0.0487,1,1,Ready,0,9,6.9787,4.1211,0.3448,0,Perfect,,2.35,-12.35,-1.95,11.2,0,0,0,0.2987,0,0
2365,PlayerServeToss,None,1,-0.005,52,0.1667,2.5616,-16.7373,2.4667,2.7974,-12.1027,0,Serve prepare 0.71,0,9,LowPickup,104.2856,136.4185,2.016,0.898,-12.9288,0.1064,1,1,Ready,0,9,7.3025,4.7408,0.2573,0,Perfect,,2.35,-12.35,-1.95,11.2,0,0,0,0.4731,0,0
2366,PlayerServeToss,None,1,-0.005,52,0.1667,2.5598,-16.7376,2.4592,2.8429,-12.1026,0,Serve prepare 0.71,0,9,LowPickup,104.1978,136.7517,2.0108,0.9032,-12.9242,0.0527,1,1,Ready,0,9,7.736,5.5771,0.1005,0,Perfect,,2.35,-12.35,-1.95,11.2,0,0,0,0.4112,0,0
2367,PlayerServeToss,None,1,-0.005,52,0.1666,2.558,-16.738,2.4555,2.8646,-12.1026,0,Serve prepare 0.73,0,9,LowPickup,103.9322,137.2511,2.0025,0.9131,-12.9156,0.0988,1,1,Ready,0,9,8.4057,6.5558,0.1805,0,Perfect,,2.35,-12.35,-1.95,11.2,0,0,0,0.7,0,0
2368,PlayerServeToss,None,1,-0.005,52,0.1666,2.5561,-16.7383,2.448,2.9061,-12.1026,0,Serve prepare 0.74,0,9,LowPickup,103.7923,137.653,1.9974,0.918,-12.9101,0.0534,1,1,Ready,0,9,9.5165,7.6002,0.1014,0,Perfect,,2.35,-12.35,-1.95,11.2,0,0,0,0.6703,0,0
2369,PlayerServeToss,None,1,-0.005,52,0.1666,2.5543,-16.7386,2.4442,2.9257,-12.1026,0,Serve prepare 0.75,0,9,LowPickup,103.4453,138.2561,1.9893,0.9273,-12.9003,0.1052,1,1,Ready,0,9,10.806,8.651,0.2467,0,Perfect,,2.35,-12.35,-1.95,11.2,0,0,0,0.982,0,0
2370,PlayerServeToss,None,1,-0.005,52,0.1666,2.5524,-16.739,2.4368,2.9631,-12.1026,0,Serve prepare 0.76,0,9,LowPickup,103.2352,138.7696,1.9837,0.9318,-12.8939,0.0494,1,1,Ready,0,9,12.1751,9.6847,0.4785,0,Perfect,,2.35,-12.35,-1.95,11.2,0,0,0,0.9379,0,0
2371,PlayerServeToss,None,1,-0.005,52,0.1666,2.5505,-16.7393,2.433,2.9807,-12.1026,0,Serve prepare 0.78,0,9,LowPickup,102.786,139.5242,1.9756,0.9406,-12.8831,0.0918,1,1,Ready,0,9,13.3629,10.5501,0.4172,0,Perfect,,2.35,-12.35,-1.95,11.2,0,0,0,1.2722,0,0
2372,PlayerServeToss,None,1,-0.005,52,0.1665,2.5487,-16.7397,2.4255,3.014,-12.1026,0,Serve prepare 0.79,0,9,LowPickup,102.5074,140.1777,1.9697,0.9448,-12.8758,0.0481,1,1,Ready,0,9,14.083,11.1493,0,0,Perfect,,2.35,-12.35,-1.95,11.2,0,0,0,1.1836,0,0
2373,PlayerServeToss,None,1,-0.005,52,0.1665,2.5468,-16.74,2.4218,3.0296,-12.1025,0,Serve prepare 0.80,0,9,LowPickup,101.9683,141.0882,1.9616,0.9529,-12.8639,0.0898,1,1,Ready,0,9,14.3623,11.4144,0,0,Perfect,,2.35,-12.35,-1.95,11.2,0,0,0,1.4788,0,0
2374,PlayerServeToss,None,1,-0.005,52,0.1665,2.5449,-16.7404,2.4143,3.0587,-12.1025,0,Serve prepare 0.81,0,9,LowPickup,101.6532,141.8602,1.9553,0.9566,-12.8555,0.0495,1,1,Ready,0,9,14.0483,11.2115,0,0,Perfect,,2.35,-12.35,-1.95,11.2,0,0,0,1.3014,0,0
2375,PlayerServeToss,None,1,-0.005,52,0.1665,2.543,-16.7407,2.4105,3.0723,-12.1025,0,Serve prepare 0.83,0,9,LowPickup,100.9485,142.8921,1.9471,0.9641,-12.8422,0.1043,1,1,Ready,0,9,13.4056,10.6751,0,0,Perfect,,2.35,-12.35,-1.95,11.2,0,0,0,1.6173,0,0
2376,PlayerServeToss,None,1,-0.005,52,0.1665,2.541,-16.7411,2.403,3.0974,-12.1025,0,Serve prepare 0.84,0,9,LowPickup,100.6074,143.746,1.9404,0.9673,-12.8326,0.0472,1,1,Ready,0,9,12.5848,9.8242,0,0,Perfect,,2.35,-12.35,-1.95,11.2,0,0,0,1.3365,0,0
2377,PlayerServeToss,None,1,-0.005,52,0.1665,2.5391,-16.7414,2.3993,3.1089,-12.1025,0,Serve prepare 0.85,0,9,LowPickup,99.8466,144.8446,1.9322,0.9742,-12.8181,0.099,1,1,Ready,0,9,11.7425,8.7914,6.8526,0,Perfect,,2.35,-12.35,-1.95,11.2,0,0,0,1.5752,0,0
2378,PlayerServeToss,None,1,-0.005,52,0.1664,2.5372,-16.7418,2.3918,3.1299,-12.1025,0,Serve prepare 0.86,0,9,LowPickup,99.4689,145.7493,1.9257,0.9769,-12.8079,0.0471,1,1,Ready,0,9,11.0938,7.6546,0.6661,0,Perfect,,2.35,-12.35,-1.95,11.2,0,0,0,1.2574,0,0
2379,PlayerServeToss,None,1,-0.005,52,0.1664,2.5353,-16.7421,2.388,3.1393,-12.1025,0,Serve prepare 0.88,0,9,LowPickup,98.7185,146.8451,1.9179,0.983,-12.7926,0.0964,1,1,Ready,0,9,10.5785,6.5169,2.6746,0,Perfect,,2.35,-12.35,-1.95,11.2,0,0,0,1.4188,0,0
2380,PlayerServeToss,None,1,-0.005,52,0.1664,2.5333,-16.7425,2.3805,3.1562,-12.1025,0,Serve prepare 0.88,0,9,LowPickup,98.3194,147.7299,1.9118,0.985,-12.782,0.0512,1,1,Ready,0,9,10.1834,5.4963,0.6945,0,Perfect,,2.35,-12.35,-1.95,11.2,0,0,0,1.0814,0,0
2381,PlayerServeToss,None,1,-0.005,52,0.1664,2.5314,-16.7428,2.3768,3.1636,-12.1024,0,Serve prepare 0.90,0,9,LowPickup,97.5494,148.7591,1.9046,0.9899,-12.7663,0.1136,1,1,Ready,0,9,9.9815,4.6575,0.6639,0,Perfect,,2.35,-12.35,-1.95,11.2,0,0,0,1.2322,0,0
2382,PlayerServeToss,None,1,-0.005,52,0.1664,2.5294,-16.7432,2.3693,3.1764,-12.1024,0,Serve prepare 0.91,0,9,LowPickup,97.1361,149.5919,1.899,0.9913,-12.7556,0.062,1,1,Ready,0,9,10.0504,4.1241,0.4963,0,Perfect,,2.35,-12.35,-1.95,11.2,0,0,0,0.9186,0,0
2383,PlayerServeToss,None,1,-0.005,52,0.1663,2.5275,-16.7435,2.3656,3.1818,-12.1024,0,Serve prepare 0.92,0,9,LowPickup,96.3186,150.5378,1.8926,0.9952,-12.7398,0.1229,1,1,Ready,0,9,10.3518,3.8654,0.1798,0,Perfect,,2.35,-12.35,-1.95,11.2,0,0,0,1.0785,0,0
2384,PlayerServeToss,None,1,-0.005,52,0.1663,2.5255,-16.7439,2.3581,3.1905,-12.1024,0,Serve prepare 0.93,0,9,LowPickup,95.8769,151.3048,1.8879,0.9962,-12.7294,0,1,1,Ready,0,9,10.863,3.9196,0.4288,0,Perfect,,2.35,-12.35,-1.95,11.2,0,0,0,0.8252,0,0
2385,PlayerServeToss,None,1,-0.005,52,0.1663,2.5236,-16.7442,2.3543,3.1939,-12.1024,0,Serve prepare 0.95,0,9,LowPickup,94.999,152.1373,1.8828,0.9991,-12.7138,0,1,1,Ready,0,9,11.6205,4.2262,0.7022,0,Perfect,,2.35,-12.35,-1.95,11.2,0,0,0,0.9651,0,0
2386,PlayerServeToss,None,1,-0.005,52,0.1663,2.5216,-16.7445,2.3468,3.1985,-12.1024,0,Serve prepare 0.96,0,9,LowPickup,94.5319,152.8239,1.8789,0.9997,-12.7035,0,1,1,Ready,0,9,12.7206,4.7487,0.7759,0,Perfect,,2.35,-12.35,-1.95,11.2,0,0,0,0.7402,0,0
2387,PlayerServeToss,None,1,-0.005,52,0.1663,2.5197,-16.7449,2.3431,3.1998,-12.1024,0,Serve prepare 0.97,0,9,LowPickup,93.5592,153.5601,1.8751,1.0018,-12.6881,0,1,1,Ready,0,9,13.9588,5.4069,0.7581,0,Perfect,,2.35,-12.35,-1.95,11.2,0,0,0,0.9304,0,0
2388,PlayerServeToss,None,1,-0.005,52,0.1662,2.5177,-16.7452,2.3356,3.2004,-12.1024,0,Serve prepare 0.98,0,9,LowPickup,93.0748,154.1774,1.8721,1.0019,-12.6781,0,1,1,Ready,0,9,15.2137,6.1197,0.659,0,Perfect,,2.35,-12.35,-1.95,11.2,0,0,0,0.722,0,0
2389,PlayerServeToss,None,1,-0.005,52,0.1662,2.5158,-16.7456,2.3318,3.1996,-12.1023,0,Serve prepare 1.00,0,9,LowPickup,92.0284,154.8258,1.8694,1.0031,-12.6629,0,1,1,Ready,0,9,16.358,6.8826,0.5544,0,Perfect,,2.35,-12.35,-1.95,11.2,0,0,0,0.9618,0,0
2390,PlayerServeToss,None,1,-0.005,52,0.1662,2.5138,-16.7459,2.3243,3.1961,-12.1023,0,Serve prepare 1.00,0,9,LowPickup,91.8183,155.3429,1.867,1.002,-12.6564,1.1081,1,1,Ready,0,9,17.2245,7.6945,0.4195,0,Perfect,,2.35,-12.35,-1.95,11.2,0,0,0,0.5128,0,0
2391,PlayerServeToss,None,1,-0.005,52,0.1662,2.5119,-16.7463,2.3206,3.1933,-12.1023,0,Serve prepare 1.00,0,9,LowPickup,91.8183,155.7613,1.865,1.0007,-12.6527,0.032,1,1,Ready,0,9,17.8361,8.5227,0.2836,0,Perfect,,2.35,-12.35,-1.95,11.2,0,0,0,0,0,0
2392,PlayerServeToss,None,1,-0.005,52,0.1662,2.5099,-16.7466,2.3131,3.1856,-12.1023,0,Serve prepare 1.00,0,9,LowPickup,91.8183,156.0716,1.8635,0.9998,-12.65,0,1,1,Ready,0,9,18.1129,9.3373,0.0335,0,Perfect,,2.35,-12.35,-1.95,11.2,0,0,0,0.3334,0,0
2393,PlayerServeToss,None,1,-0.005,52,0.1661,2.508,-16.747,2.3093,3.1808,-12.1023,0,Serve prepare 1.00,0,9,LowPickup,91.8183,156.2693,1.8626,0.9991,-12.6482,0,1,1,Ready,0,9,18.2027,10.138,0.0768,0,Perfect,,2.35,-12.35,-1.95,11.2,0,0,0,0.5801,0,0
2394,PlayerServeToss,None,1,-0.005,52,0.1661,2.506,-16.7473,2.3019,3.1691,-12.1023,0,Serve prepare 1.00,0,9,LowPickup,91.8183,156.3628,1.8621,0.9987,-12.6474,0,1,1,Ready,0,9,18.175,10.8888,0.0326,0,Perfect,,2.35,-12.35,-1.95,11.2,0,0,0,0.6989,0,0
2395,PlayerServeToss,None,1,-0.005,52,0.1661,2.5041,-16.7476,2.2981,3.1622,-12.1023,0,Serve prepare 1.00,0,9,LowPickup,91.8183,156.3693,1.8621,0.9986,-12.6474,0,1,1,Ready,0,9,18.1638,11.5842,0.0492,0,Perfect,,2.35,-12.35,-1.95,11.2,0,0,0,0.7078,0,0
2396,PlayerServeToss,None,1,-0.005,52,0.1661,2.5022,-16.748,2.2906,3.1464,-12.1023,0,Serve prepare 1.00,0,9,LowPickup,91.8183,156.3108,1.8624,0.9988,-12.6479,0,1,1,Ready,0,9,18.3662,12.1715,0.0395,0,Perfect,,2.35,-12.35,-1.95,11.2,0,0,0,0.6392,0,0
2397,PlayerServeToss,None,1,-0.005,52,0.1661,2.5003,-16.7483,2.2869,3.1375,-12.1022,0,Serve prepare 1.00,0,9,LowPickup,91.8183,156.2104,1.8629,0.999,-12.6488,0,1,1,Ready,0,9,18.6365,12.6527,0.0402,0,Perfect,,2.35,-12.35,-1.95,11.2,0,0,0,0.5174,0,0
2398,PlayerServeToss,None,1,-0.005,52,0.1661,2.4983,-16.7486,2.2794,3.1176,-12.1022,0,Serve prepare 1.00,0,9,LowPickup,91.8183,156.0894,1.8634,0.9993,-12.6499,0,1,1,Ready,0,9,18.9379,13.0482,0.0175,0,Perfect,,2.35,-12.35,-1.95,11.2,0,0,0,0.3669,0,0
2399,PlayerServeToss,None,1,-0.005,52,0.166,2.4964,-16.749,2.2756,3.1066,-12.1022,0,Serve prepare 1.00,0,9,LowPickup,91.8183,155.966,1.864,0.9997,-12.651,0,1,1,Ready,0,9,19.1557,13.2878,0.0838,0,Perfect,,2.35,-12.35,-1.95,11.2,0,0,0,0.2017,0,0
2400,PlayerServeToss,None,1,-0.005,52,0.166,2.4945,-16.7493,2.2681,3.0826,-12.1022,0,Serve prepare 1.00,0,9,LowPickup,91.8183,155.8537,1.8646,1,-12.652,0,1,1,Ready,0,9,19.173,13.3416,0.2345,0,Perfect,,2.35,-12.35,-1.95,11.2,0,0,0,0,0,0
2401,PlayerServeToss,None,1,-0.005,52,0.166,2.4926,-16.7496,2.2644,3.0696,-12.1022,0,Serve prepare 1.00,0,9,LowPickup,91.8183,155.7616,1.865,1.0003,-12.6528,0,1,1,Ready,0,9,18.9804,13.2033,0.1347,0,Perfect,,2.35,-12.35,-1.95,11.2,0,0,0,0,0,0
2402,PlayerServeToss,None,1,-0.005,52,0.166,2.4908,-16.7499,2.2569,3.0416,-12.1022,0,Serve prepare 1.00,0,9,LowPickup,91.8183,155.6934,1.8653,1.0005,-12.6534,0,1,1,Ready,0,9,18.489,12.8557,0.1479,0,Perfect,,2.35,-12.35,-1.95,11.2,0,0,0,0,0,0
2403,PlayerServeToss,None,1,-0.005,52,0.166,2.4889,-16.7503,2.2531,3.0265,-12.1022,0,Serve prepare 1.00,0,9,LowPickup,91.8183,155.6508,1.8656,1.0007,-12.6538,0,1,1,Ready,0,9,17.8301,12.3624,0.2503,0,Perfect,,2.35,-12.35,-1.95,11.2,0,0,0,0,0,0
2404,PlayerServeToss,None,1,-0.005,52,0.1659,2.487,-16.7506,2.2456,2.9944,-12.1021,0,Serve prepare 1.00,0,9,LowPickup,91.8183,155.6316,1.8656,1.0007,-12.6539,0,1,1,Ready,0,9,17.0621,11.7437,0.5277,0,Perfect,,2.35,-12.35,-1.95,11.2,0,0,0,0,0,0
2405,PlayerServeToss,None,1,-0.005,52,0.1659,2.4852,-16.7509,2.2419,2.9773,-12.1021,0,Serve prepare 1.00,0,9,LowPickup,91.8183,155.6318,1.8656,1.0008,-12.6539,0,1,1,Ready,0,9,16.2991,11.0863,0.497,0,Perfect,,2.35,-12.35,-1.95,11.2,0,0,0,0,0,0
2406,PlayerServeToss,None,1,-0.005,52,0.1659,2.4833,-16.7512,2.2344,2.941,-12.1021,0,Serve prepare 1.00,0,9,LowPickup,91.8183,155.6463,1.8656,1.0007,-12.6538,0,1,1,Ready,0,9,15.6609,10.4436,0.2116,0,Perfect,,2.35,-12.35,-1.95,11.2,0,0,0,0,0,0
2407,PlayerServeToss,None,1,-0.005,52,0.1659,2.4815,-16.7515,2.2307,2.9219,-12.1021,0,Serve prepare 1.00,0,9,LowPickup,91.8183,155.6698,1.8655,1.0007,-12.6536,0,1,1,Ready,0,9,15.1683,9.8777,0.1826,0,Perfect,,2.35,-12.35,-1.95,11.2,0,0,0,0,0,0
2408,PlayerServeToss,None,1,-0.005,52,0.1659,2.4797,-16.7518,2.2232,2.8815,-12.1021,0,Serve prepare 1.00,0,9,LowPickup,91.8183,155.6977,1.8653,1.0006,-12.6534,0,1,1,Ready,0,9,14.8916,9.475,0.2317,0,Perfect,,2.35,-12.35,-1.95,11.2,0,0,0,0,0,0
2409,PlayerServeToss,None,1,-0.005,52,0.1658,2.4779,-16.7521,2.2194,2.8603,-12.1021,0,Serve prepare 1.00,0,9,LowPickup,91.8183,155.7257,1.8652,1.0005,-12.6531,0,1,1,Ready,0,9,14.7922,9.1933,0.2832,0,Perfect,,2.35,-12.35,-1.95,11.2,0,0,0,0,0,0
2410,PlayerServeToss,None,1,-0.005,52,0.1658,2.4761,-16.7524,2.2119,2.8159,-12.1021,0,Serve prepare 1.00,0,9,LowPickup,91.8183,155.7509,1.8651,1.0004,-12.6529,0,1,1,Ready,0,9,14.8767,9.0345,0.3479,0,Perfect,,2.35,-12.35,-1.95,11.2,0,0,0,0,0,0
2411,PlayerServeToss,None,1,-0.005,52,0.1658,2.4744,-16.7527,2.2082,2.7927,-12.1021,0,Serve prepare 1.00,1,0.18,Serve,92.6903,155.0627,1.8675,1.0071,-12.6558,0,1,1,Ready,0,9,15.0821,8.9606,0.3062,0,Perfect,,2.35,-12.35,-1.95,11.2,0,0,0,1.0207,0,0
2412,PlayerServeToss,None,1,-0.005,52,0.1658,2.4726,-16.753,2.2007,2.7442,-12.102,0,Serve swing,1,0.1633,Serve,75.1776,169.7832,1.8273,0.9663,-12.5344,0.5253,1,1,Ready,0,9,15.3607,8.9573,0.22,0,Perfect,,2.35,-12.35,-1.95,11.2,0,0,0,1.7025,0,0
2413,PlayerServeToss,None,1,-0.005,52,0.1658,2.4709,-16.7533,2.1969,2.7189,-12.102,0,Serve swing,1,0.155,Serve,68.3982,-179.933,1.8137,0.9475,-12.4211,1.4549,1,1,Ready,0,9,15.6828,8.9747,0.1217,0,Perfect,,2.35,-12.35,-1.95,11.2,0,0,0,0,0,0
2414,PlayerServeToss,None,1,-0.005,52,0.1658,2.4691,-16.7536,2.1894,2.6663,-12.102,0,Serve swing,1,0.1383,Serve,51.8701,-166.8677,1.8614,0.9787,-12.2202,1.0193,1,1,Ready,0,9,16.0048,8.944,0.2524,0,Perfect,,2.35,-12.35,-1.95,11.2,0,0,0,0,0,0
2415,PlayerServeToss,None,1,-0.005,52,0.1657,2.4674,-16.7539,2.1857,2.639,-12.102,0,Serve swing,1,0.13,Serve,41.946,-157.2297,1.9444,1.028,-12.0749,1.215,1,1,Ready,0,9,16.3302,8.9133,0.4225,0,Perfect,,2.35,-12.35,-1.95,11.2,0,0,0,0,0,0
2416,PlayerServeToss,None,1,-0.005,52,0.1657,2.4657,-16.7542,2.1782,2.5823,-12.102,0,Serve swing,1,0.1133,Serve,16.5942,-147.9212,2.1119,1.2206,-11.9556,3.5495,1,1,Ready,0,9,16.6426,8.9154,0.6231,0,Perfect,,2.35,-12.35,-1.95,11.2,0,0,0,0,0,0
2417,PlayerServeToss,None,1,-0.005,52,0.1657,2.4641,-16.7544,2.1744,2.553,-12.102,0,Serve swing,1,0.105,Serve,14.4527,-155.6339,2.1345,1.2957,-11.9845,1.4008,1,1,Ready,0,9,16.96,8.9358,0.5223,0,Perfect,,2.35,-12.35,-1.95,11.2,0,0,0,0,0,0
2418,PlayerServeToss,None,1,-0.005,52,0.1657,2.4624,-16.7547,2.167,2.4922,-12.102,0,Serve swing,1,0.0883,Serve,-3.8482,176.6606,2.085,1.4446,-12.094,0,1,1,Ready,0,9,17.3061,8.9546,0.1848,0,Perfect,,2.35,-12.35,-1.95,11.2,0,0,0,0,0,0
2419,PlayerServeToss,None,1,-0.005,52,0.1657,2.4608,-16.755,2.1632,2.4608,-12.102,0,Serve swing,1,0.08,Serve,-3.8043,160.692,1.9916,1.4994,-12.216,0,1,1,Ready,0,9,17.6438,9.021,0.074,0,Perfect,,2.35,-12.35,-1.95,11.2,0,0,0,0,0,0
2420,PlayerServeToss,None,1,-0.005,52,0.1657,2.4592,-16.7552,2.1557,2.3959,-12.1019,0,Serve swing,1,0.0633,Serve,34.0252,124.6308,2.0182,1.5385,-12.5662,0,1,1,Ready,0,9,17.9527,9.2056,0.2408,0,Perfect,,2.35,-12.35,-1.95,11.2,0,0,0,0,0,0
2421,PlayerServeToss,None,1,-0.005,52,0.1656,2.4576,-16.7555,2.152,2.3625,-12.1019,0,Serve swing,1,0.055,Serve,36.7016,109.9275,2.0514,1.6717,-12.4689,0,1,1,Ready,0,9,18.2117,9.4416,0.2288,0,Perfect,,2.35,-12.35,-1.95,11.2,0,0,0,0,0,0
2422,PlayerServeToss,None,1,-0.005,52,0.1656,2.456,-16.7558,2.1445,2.2936,-12.1019,0,Serve swing,1,0.0383,Serve,-15.0579,73.0907,2.3384,1.8375,-11.9625,20.0989,1,1,Ready,0,9,18.3895,9.6738,0.0476,0,Perfect,,2.35,-12.35,-1.95,11.2,0,0,0,0,0,0
2423,PlayerServeToss,None,1,-0.005,52,0.1656,2.4545,-16.756,2.1407,2.2581,-12.1019,0,Serve swing,1,0.03,Serve,5.5873,68.9211,2.3873,1.8649,-11.9321,0,1,1,Ready,0,9,18.5014,9.935,0.1315,0,Perfect,,2.35,-12.35,-1.95,11.2,0,0,0,0,0,0
2424,PlayerServeToss,None,1,-0.005,52,0.1656,2.4529,-16.7563,2.1332,2.185,-12.1019,0,Serve swing,1,0.0133,Serve,4.942,37.3111,2.5003,1.8279,-11.9749,0,1,1,Ready,0,9,18.5419,10.2528,0.1332,0,Perfect,,2.35,-12.35,-1.95,11.2,0,0,0,0,0,0
2425,PlayerServeToss,None,1,-0.005,52,0.1656,2.4514,-16.7565,2.1295,2.1475,-12.1019,0,Serve swing,1,0.005,Serve,15.8391,37.4481,2.4223,1.8297,-12.1271,0,1,1,Ready,0,9,18.5404,10.5707,0.1101,0,Perfect,,2.35,-12.35,-1.95,11.2,0,0,0,0,0,0
2426,Rally,None,1,-0.005,52.405,0.3005,2.574,-16.7568,2.077,2.1653,-11.7528,1,Serve swing,1,-0.0033,Serve,18.096,30.6757,2.2834,1.7616,-12.2173,0,1,1,Ready,0,9,18.511,10.8208,0.0308,0.1217,Perfect,,2.35,-12.35,-1.91,11.2,0.405,0,0,0,0,0
2427,Rally,None,1,-0.005,52.7786,0.4159,2.6773,-16.7576,1.9613,2.1649,-11.3018,1,Serve follow,1,-0.02,Serve,16.8764,16.5065,2.2611,1.7466,-12.2196,0,1,1,Run,0,9,11.146,5.0322,0.7303,0.0633,Perfect,,2.3481,-12.3491,-1.8299,11.2,0.3736,0,0,0,0,0
2428,Rally,None,1,-0.005,53.125,0.5186,2.7705,-16.7578,1.8456,2.1616,-10.8508,1,Serve follow,1,-0.0367,Serve,18.4004,5.8337,2.3173,1.7336,-12.2017,0,1,1,Run,0,9,-2.8131,-6.545,0.6691,0.005,Perfect,,2.3438,-12.347,-1.7498,11.2,0.3464,0,0,0,0,0
2429,Rally,None,1,-0.005,53.4477,0.6068,2.8509,-16.7575,1.6721,2.1513,-10.1743,1,Serve follow,1,-0.0617,Serve,18.6783,-4.6893,2.2145,1.6059,-11.9346,0,1,1,Run,0,9,-16.5976,-18.2201,3.3824,0,Perfect,,2.3325,-12.3415,-1.6297,11.2,0.3227,0,0,0,0,0
2430,Rally,None,1,-0.005,53.7498,0.6827,2.9206,-16.7568,1.5564,2.1408,-9.7233,1,Serve follow,1,-0.0783,Serve,15.4725,-2.7559,2.3502,1.5394,-11.8737,0,1,1,Run,0,9,-27.5359,-27.8771,0,0,Perfect,,2.3219,-12.3363,-1.5496,11.2,0.3021,0,0,2.5176,0,0
2431,Rally,None,1,-0.005,54.034,0.7472,2.9811,-16.755,1.3828,2.1196,-9.0468,1,Serve follow,1,-0.1033,Serve,11.8746,-7.3484,2.4498,1.2336,-11.897,0,1,1,Run,0,9,-35.2363,-35.1499,0,0,Perfect,,2.3013,-12.3262,-1.4295,11.2,0.2842,0,0,9.6283,0,0
2432,Rally,None,1,-0.005,54.2908,0.8021,3.0335,-16.7525,1.2671,2.102,-8.5957,1,Serve follow,1,-0.12,Serve,12.5988,-15.3042,2.4814,1.0554,-11.9273,0,1,1,Run,0,9,-40.158,-40.4467,0,0,Perfect,,2.2845,-12.318,-1.3494,11.2,0.2568,0,0,16.112,0,0
2433,Rally,None,1,-0.005,54.5141,0.8484,3.079,-16.7493,1.1515,2.0814,-8.1447,1,Serve follow,1,-0.1367,Serve,14.2906,-15.7302,2.4984,0.9422,-11.9947,0,1,1,Run,0,9,-42.981,-44.3177,0,0,Perfect,,2.2652,-12.3085,-1.2693,11.2,0.2233,0,0,19.8706,0,0
2434,Rally,None,1,-0.005,54.7082,0.8863,3.1184,-16.7444,0.9779,2.0452,-7.4682,1,Serve follow,1,-0.1617,Serve,14.0589,-10.3659,2.5217,0.8613,-12.1068,0,1,1,Run,0,9,-44.5562,-47.1057,0,0,Perfect,,2.2315,-12.292,-1.1492,11.2,0.1941,0,0,20.1422,0,0
2435,Rally,None,1,-0.005,54.877,0.9174,3.1525,-16.7386,0.8622,2.0175,-7.0172,1,Serve follow,1,-0.1783,Serve,15.443,0.2483,2.5249,0.8892,-12.2032,0,1,1,Run,0,9,-45.2908,-49.1907,3.4799,0,Perfect,,2.2059,-12.2795,-1.0691,11.2,0.1688,0,0,15.3626,0,0
2436,Rally,None,1,-0.005,55.0237,0.9413,3.182,-16.7309,0.6887,1.9705,-6.3407,1,Serve follow,1,-0.2033,Serve,15.9581,14.5349,2.494,0.883,-12.2211,0,1,1,Run,0,9,-45.7053,-50.7259,1.7395,0,Perfect,,2.1629,-12.2584,-0.949,11.2,0.1467,0,0,12.7176,0,0
2437,Rally,None,1,-0.005,55.1512,0.9599,3.2076,-16.7223,0.573,1.9356,-5.8897,1,Serve follow,1,-0.22,Serve,17.2538,20.3785,2.3392,0.9954,-12.3791,0,1,1,Run,0,9,-46.1098,-51.7737,4.6638,0,Perfect,,2.1311,-12.2429,-1.029,11.2,0.1275,0,0,10.3015,0,0
2438,Rally,None,1,-0.005,55.2621,0.9735,3.2297,-16.7127,0.4573,1.8978,-5.4387,1,Serve follow,1,-0.2367,Serve,17.0407,27.535,2.4405,1.0942,-12.3544,3.0778,1,1,Run,0,9,-37.3985,-42.4203,9.9997,0,Perfect,,2.0968,-12.2261,-1.1091,11.2,0.1109,0,0,10.3655,0,0
2439,Rally,None,1,-0.005,55.3585,0.9814,3.2488,-16.7008,0.2837,1.8357,-4.7622,1,Serve follow,1,-0.2617,Serve,16.9243,32.0726,2.4096,1.1144,-12.3333,0.141,1,1,Run,0,9,-19.2702,-22.8422,13.1815,0,Perfect,,2.0406,-12.1986,-1.2293,11.2,0.0964,0,0,9.2682,0,0
2440,Rally,None,1,-0.005,55.4423,0.9853,3.2653,-16.6879,0.168,1.7907,-4.3112,1,Serve follow,1,-0.2783,Serve,17.0069,33.6969,2.3994,1.1552,-12.3217,0.3143,1,1,Run,0,9,-0.049,-2.6833,12.6354,0,Perfect,,2.0001,-12.1788,-1.3093,11.2,0.0838,0,0,8.1874,0,0
2441,Rally,None,1,-0.005,55.5152,0.984,3.2795,-16.6725,-0.0055,1.7179,-3.6346,1,Serve follow,0,9,Serve,17.0069,33.6969,2.3536,1.1552,-12.2929,0.1635,1,1,Run,0,9,16.0473,13.4426,6.2021,0,Perfect,,1.9346,-12.1467,-1.4295,11.2,0.0729,0,0,8.1874,0,0
2442,Rally,None,1,-0.005,55.5785,0.9795,3.2918,-16.6563,-0.1212,1.6657,-3.1836,1,Run,0,9,Serve,16.6043,26.6075,2.3398,1.1745,-12.2757,0.0462,0.9555,0.8333,Backhand prepare 0.08,0,9,26.809,24.3744,21.2108,0,Perfect,,1.8878,-12.1238,-1.5095,11.2,0.0633,0,1.1806,7.5825,0,0
2443,Rally,None,1,-0.005,55.6336,0.9721,3.3024,-16.639,-0.2369,1.6107,-2.7326,1,Run,0,9,Serve,15.1847,22.5203,2.3002,0.9642,-12.0776,0.2117,0.856,0.6667,Backhand prepare 0.17,0,9,31.8319,30.886,0.4563,0,Perfect,,1.8385,-12.0997,-1.5896,11.2,0.0551,0,2.3611,2.59,0,0
2444,Rally,None,1,-0.005,55.6815,0.96,3.3115,-16.619,-0.4105,1.5227,-2.0561,1,Run,0,9,Serve,12.5508,19.5779,2.2213,0.9615,-12.0068,0.3881,0.7361,0.5,Backhand prepare 0.25,0,9,33.3001,33.7979,0.6109,0,Perfect,,1.7599,-12.0612,-1.7098,11.2,0.0479,0,3.536,1.9514,0,0
2445,Rally,None,1,-0.005,55.7231,0.9455,3.3193,-16.5981,-0.5262,1.4605,-1.6051,1,Run,0,9,Serve,8.6471,14.8116,2.1618,0.9636,-11.9626,0,0.6155,0.3333,Backhand prepare 0.38,0,9,33.1659,33.1197,0.2034,0,Perfect,,1.7044,-12.0341,-1.7898,11.2,0.0416,0,4.7222,1.4138,0,0
2446,Rally,None,1,-0.005,55.7593,0.9265,3.326,-16.5743,-0.6997,1.3618,-0.9286,1,Run,0,9,Serve,3.6747,8.608,2.0604,0.9454,-11.8622,0,0.5041,0.1667,Backhand prepare 0.46,0,9,31.1059,30.4503,0,0,Perfect,,1.6165,-11.991,-1.91,11.2,0.0362,0,5.9028,0.9975,0,0
2447,Rally,None,1,-0.005,55.7907,0.9056,3.3318,-16.5497,-0.8154,1.2924,-0.4776,1,Run,0,9,Serve,-1.9119,1.7334,1.9732,0.9233,-11.7692,0,0.4064,0,Backhand prepare 0.57,0,9,18.2609,21.6926,7.0334,0,Perfect,,1.5547,-11.9608,-1.99,11.2,0.0315,0,7.0833,0.6854,0,0
2448,Rally,None,1,-0.005,55.818,0.883,3.3367,-16.5244,-0.9311,1.2201,-0.0266,1,Run,0,9,Serve,-7.6412,-4.9679,1.8741,0.8963,-11.71,0,0.3236,0,Backhand prepare 0.61,0,9,15.3713,16.9422,2.0664,0,Perfect,,1.4918,-11.93,-2.0701,11.2,0.0273,0,8.2639,0.4591,0,0
2449,Rally,None,1,-0.005,55.7569,0.8565,3.3409,-16.4962,-1.1047,1.1063,0.65,1,Run,0,9,Serve,-13.2123,-12.0381,1.7341,0.865,-11.6021,0,0.2551,0,Backhand prepare 0.65,0,9,17.4879,13.2152,0,0,Perfect,,1.3975,-11.8839,-2.1903,11.2,-0.0611,0,7.3287,0.3924,0,0
2450,Rally,None,1,-0.005,55.6448,0.829,3.3445,-16.4678,-1.2204,1.0268,1.101,1,Run,0,9,Serve,-18.3051,-17.913,1.6177,0.835,-11.5538,0,0.1995,0,Backhand prepare 0.70,0,9,23.7828,9.9131,0,0,Perfect,,1.3346,-11.8531,-2.2703,11.2,-0.1121,0,5.776,0.5653,0,0
2451,Rally,None,1,-0.005,55.459,0.7983,3.3475,-16.437,-1.3939,0.9022,1.7775,1,Run,0,9,Serve,-22.7263,-22.0903,1.4669,0.8154,-11.4594,2.3621,0.1549,0,Backhand prepare 0.74,0,9,27.5673,7.5204,0,0,Perfect,,1.2403,-11.807,-2.3905,11.2,-0.1858,0,4.5522,0.8295,0,0
2452,Rally,None,1,-0.005,55.2386,0.7671,3.3501,-16.4061,-1.5096,0.8156,2.2285,1,Run,0,9,Serve,-26.4897,-24.8807,1.3492,0.796,-11.3883,9.8574,0.1195,0,Backhand prepare 0.79,0,9,37.3658,5.7209,8.6121,0,Perfect,,1.1775,-11.7762,-2.4705,11.2,-0.2205,0,3.5877,1.0829,0,0
2453,Rally,None,1,-0.005,54.988,0.7355,3.3522,-16.3753,-1.6253,0.7261,2.6795,1,Run,0,9,Serve,-29.6104,-26.6222,1.2367,0.8005,-11.3245,1.5996,0.0918,0,Backhand prepare 0.83,0,9,50.2209,4.7054,5.7559,0,Perfect,,1.1146,-11.7454,-2.5506,11.2,-0.2506,0,2.8276,1.2571,0,0
2454,Rally,None,1,-0.005,54.6818,0.7012,3.3541,-16.3425,-1.7989,0.5864,3.356,1,Run,0,9,Serve,-32.0113,-27.6116,1.1034,0.8249,-11.2523,1.4549,0.0702,0,Backhand prepare 0.87,0,9,66.8186,2.6286,7.0318,0,Perfect,,1.0203,-11.6993,-2.6708,11.2,-0.3062,0,2.2285,1.2825,0,0
2455,Rally,None,1,-0.005,54.3566,0.6669,3.3556,-16.3099,-1.9146,0.4897,3.807,1,Run,0,9,Serve,-33.7628,-28.0801,1.0141,0.8444,-11.2037,0,0.0534,0,Backhand prepare 0.92,0,9,84.9815,-0.7761,1.9503,0,Perfect,,0.9574,-11.6685,-2.7508,11.2,-0.3251,0,1.7563,1.1643,0,0
2456,Rally,None,1,-0.005,53.9856,0.6304,3.3568,-16.2756,-2.0881,0.3392,4.4835,1,Run,0,9,Serve,-34.9341,-28.2627,0.9055,0.8633,-11.1495,9.1876,0.0405,0,Backhand prepare 0.96,0,9,85.0187,-5.7101,2.4978,0,Perfect,,0.8631,-11.6224,-2.8141,11.2,-0.371,0,1.3842,0.914,0,0
2457,Rally,None,1,-0.005,53.6041,0.5941,3.3579,-16.2417,-2.2038,0.2353,4.9346,1,Run,0,9,Serve,-35.5245,-28.391,0.8375,0.8706,-11.116,3.1979,0.0307,0,Backhand prepare 1.00,0,9,77.7497,-9.4107,9.2732,0,Perfect,,0.8002,-11.5916,-2.8141,11.2,-0.3815,0,1.0909,0.5408,0,0
2458,Rally,None,1,-0.005,53.2135,0.558,3.3588,-16.2082,-2.3195,0.1286,5.3856,1,Run,0,9,Serve,-35.6573,-28.5732,0.776,0.8611,-11.087,0.6135,0.0231,0,Backhand prepare 1.00,0,9,70.1523,-15.3338,0.6293,0,Perfect,,0.7373,-11.5608,-2.8141,11.2,-0.3906,0,0.8598,0.2427,0,0.0003
2459,Rally,None,1,-0.005,52.7937,0.5199,3.3595,-16.173,-2.4868,0.1657,6.0377,1,Run,0,9,Serve,-35.4414,-28.876,0.6881,0.8368,-11.0478,0.7432,0.0174,0,Backhand prepare 1.00,1,0.1753,45.0391,-25.9019,0.5546,0,Perfect,,0.643,-11.5147,-2.8942,11.2,-0.4198,0,0.6776,0.5133,0,0.0002
2460,Rally,None,1,-0.005,52.4287,0.4822,3.3601,-16.1384,-2.5962,0.2286,6.4644,1,Run,0,9,Serve,-34.906,-29.3729,0.6366,0.8004,-11.0303,3.6373,0.0131,0,Forehand swing,1,0.1594,-9.0727,33.3232,0,0,Perfect,,0.5801,-11.4839,-2.9743,11.2,-0.365,0,0.5341,0.9289,0,0.0001
2461,Rally,Ultimate,0,-0.005,52.1114,0.4428,3.3606,-16.1024,-2.7604,0.3178,7.1044,1,Run,0,9,Serve,-34.1311,-30.0345,0.56,0.78,-10.9997,0,0.0098,0,Forehand swing,1,0.1355,-13.532,40.5966,0,0,Perfect,,0.4874,-11.4385,-3.0944,11.2,-0.3173,0,0.4209,1.2817,0,0.0001
2462,Rally,Ultimate,0,-0.005,34,-3.4944,1.535,9.4009,-2.7604,0.3178,7.1044,1,Run,0,9,Serve,-33.396,-31.1466,0.574,0.7694,-11.0143,0,0.0073,0,Forehand swing,1,0.1355,-4.6421,49.0673,6.4468,0,Perfect,,0.4874,-11.4385,-3.0944,11.2,-18.1114,0.0007,1.0753,1.4736,0,0.0001
2463,Rally,Ultimate,0,-0.005,34,-3.4944,1.535,9.4037,-2.7604,0.3178,7.1044,1,Run,0,9,Serve,-33.4974,-31.2383,0.5726,0.7694,-11.014,0,0.0073,0,Forehand swing,1,0.1355,-5.3088,46.893,0,0,Perfect,,0.4874,-11.4385,-3.0944,11.2,0,0.0007,1.0753,1.4736,0,0.0001
2464,Rally,Ultimate,0,-0.005,34,-3.4944,1.535,9.4082,-2.7604,0.3178,7.1044,1,Run,0,9,Serve,-33.4974,-31.2383,0.5726,0.7694,-11.014,0,0.0073,0,Forehand swing,1,0.1355,-5.9755,44.7259,0,0,Perfect,,0.4874,-11.4385,-3.0944,11.2,0,0.0007,1.0753,1.4736,0,0.0001
2465,Rally,Ultimate,0,-0.005,34,-3.4944,1.535,9.4142,-2.7604,0.3178,7.1044,1,Run,0,9,Serve,-33.4974,-31.2383,0.5726,0.7694,-11.014,0,0.0073,0,Forehand swing,1,0.1355,-6.6421,42.5657,0,0,Perfect,,0.4874,-11.4385,-3.0944,11.2,0,0.0007,1.0753,1.4736,0,0.0001
2466,Rally,Ultimate,0,-0.005,34,-3.4944,1.535,9.4217,-2.7604,0.3178,7.1044,1,Run,0,9,Serve,-33.4974,-31.2383,0.5726,0.7694,-11.014,0,0.0073,0,Forehand swing,1,0.1355,-7.3088,40.4166,0,0,Perfect,,0.4874,-11.4385,-3.0944,11.2,0,0.0007,1.0753,1.4736,0,0.0001
2467,Rally,Ultimate,0,-0.005,34,-3.4944,1.535,9.4305,-2.7604,0.3178,7.1044,1,Run,0,9,Serve,-33.4974,-31.2383,0.5726,0.7694,-11.014,0,0.0073,0,Forehand swing,1,0.1355,-7.9755,38.2793,0,0,Perfect,,0.4874,-11.4385,-3.0944,11.2,0,0.0007,1.0753,1.4736,0,0.0001
2468,Rally,Ultimate,0,-0.005,34,-3.4944,1.535,9.4406,-2.7604,0.3178,7.1044,1,Run,0,9,Serve,-33.4974,-31.2383,0.5726,0.7694,-11.014,0,0.0073,0,Forehand swing,1,0.1355,-8.6421,36.1554,0,0,Perfect,,0.4874,-11.4385,-3.0944,11.2,0,0.0007,1.0753,1.4736,0,0.0001
2469,Rally,Ultimate,0,-0.005,34,-3.4944,1.535,9.4517,-2.7604,0.3178,7.1044,1,Run,0,9,Serve,-33.4974,-31.2383,0.5726,0.7694,-11.014,0,0.0073,0,Forehand swing,1,0.1355,-9.3088,34.0484,0,0,Perfect,,0.4874,-11.4385,-3.0944,11.2,0,0.0007,1.0753,1.4736,0,0.0001
2470,Rally,Ultimate,0,-0.005,34,-3.4944,1.535,9.4639,-2.7604,0.3178,7.1044,1,Run,0,9,Serve,-33.4974,-31.2383,0.5726,0.7694,-11.014,0,0.0073,0,Forehand swing,1,0.1355,-9.9755,31.9587,0,0,Perfect,,0.4874,-11.4385,-3.0944,11.2,0,0.0007,1.0753,1.4736,0,0.0001
2471,Rally,Ultimate,0,-0.005,34,-3.4944,1.535,9.4769,-2.7604,0.3178,7.1044,1,Run,0,9,Serve,-33.4974,-31.2383,0.5726,0.7694,-11.014,0,0.0073,0,Forehand swing,1,0.1355,-10.6422,29.8878,0,0,Perfect,,0.4874,-11.4385,-3.0944,11.2,0,0.0007,1.0753,1.4736,0,0.0001
2472,Rally,Ultimate,0,-0.005,34,-3.4944,1.535,9.4907,-2.7604,0.3178,7.1044,1,Run,0,9,Serve,-33.4974,-31.2383,0.5726,0.7694,-11.014,0,0.0073,0,Forehand swing,1,0.1355,-11.3088,27.8368,0,0,Perfect,,0.4874,-11.4385,-3.0944,11.2,0,0.0007,1.0753,1.4736,0,0.0001
2473,Rally,Ultimate,0,-0.005,34,-3.4944,1.535,9.5052,-2.7604,0.3178,7.1044,1,Run,0,9,Serve,-33.4974,-31.2383,0.5726,0.7694,-11.014,0,0.0073,0,Forehand swing,1,0.1355,-11.9755,25.7958,0,0,Perfect,,0.4874,-11.4385,-3.0944,11.2,0,0.0007,1.0753,1.4736,0,0.0001
2474,Rally,Ultimate,0,-0.005,34,-3.4944,1.535,9.5202,-2.7604,0.3178,7.1044,1,Run,0,9,Serve,-33.4974,-31.2383,0.5726,0.7694,-11.014,0,0.0073,0,Forehand swing,1,0.1355,-12.6422,23.7719,0,0,Perfect,,0.4874,-11.4385,-3.0944,11.2,0,0.0007,1.0753,1.4736,0,0.0001
2475,Rally,Ultimate,0,-0.005,34,-3.4944,1.535,9.5355,-2.7604,0.3178,7.1044,1,Run,0,9,Serve,-33.4974,-31.2383,0.5726,0.7694,-11.014,0,0.0073,0,Forehand swing,1,0.1355,-13.3088,21.7547,0,0,Perfect,,0.4874,-11.4385,-3.0944,11.2,0,0.0007,1.0753,1.4736,0,0.0001
2476,Rally,Ultimate,0,-0.005,34,-3.4944,1.535,9.5512,-2.7604,0.3178,7.1044,1,Run,0,9,Serve,-33.4974,-31.2383,0.5726,0.7694,-11.014,0,0.0073,0,Forehand swing,1,0.1355,-13.9755,19.742,0,0,Perfect,,0.4874,-11.4385,-3.0944,11.2,0,0.0007,1.0753,1.4736,0,0.0001
2477,Rally,Ultimate,0,-0.005,34,-3.4944,1.535,9.567,-2.7604,0.3178,7.1044,1,Run,0,9,Serve,-33.4974,-31.2383,0.5726,0.7694,-11.014,0,0.0073,0,Forehand swing,1,0.1355,-14.6422,17.7319,0,0,Perfect,,0.4874,-11.4385,-3.0944,11.2,0,0.0007,1.0753,1.4736,0,0.0001
2478,Rally,Ultimate,0,-0.005,34,-3.4944,1.535,9.583,-2.7604,0.3178,7.1044,1,Run,0,9,Serve,-33.4974,-31.2383,0.5726,0.7694,-11.014,0,0.0073,0,Forehand swing,1,0.1355,-15.3088,15.7251,0,0,Perfect,,0.4874,-11.4385,-3.0944,11.2,0,0.0007,1.0753,1.4736,0,0.0001
2479,Rally,Ultimate,0,-0.005,34,-3.4944,1.535,9.5988,-2.7604,0.3178,7.1044,1,Run,0,9,Serve,-33.4974,-31.2383,0.5726,0.7694,-11.014,0,0.0073,0,Forehand swing,1,0.1355,-15.9755,13.7203,0,0,Perfect,,0.4874,-11.4385,-3.0944,11.2,0,0.0007,1.0753,1.4736,0,0.0001
2480,Rally,Ultimate,0,-0.005,34,-3.4944,1.535,9.6145,-2.7604,0.3178,7.1044,1,Run,0,9,Serve,-33.4974,-31.2383,0.5726,0.7694,-11.014,0,0.0073,0,Forehand swing,1,0.1355,-16.6422,11.7174,0,0,Perfect,,0.4874,-11.4385,-3.0944,11.2,0,0.0007,1.0753,1.4736,0,0.0001
2481,Rally,Ultimate,0,-0.005,34,-3.4944,1.535,9.6298,-2.7604,0.3178,7.1044,1,Run,0,9,Serve,-33.4974,-31.2383,0.5726,0.7694,-11.014,0,0.0073,0,Forehand swing,1,0.1355,-17.3088,9.7022,0,0,Perfect,,0.4874,-11.4385,-3.0944,11.2,0,0.0007,1.0753,1.4736,0,0.0001
2482,Rally,Ultimate,0,-0.005,34,-3.4944,1.535,9.6448,-2.7604,0.3178,7.1044,1,Run,0,9,Serve,-33.4974,-31.2383,0.5726,0.7694,-11.014,0,0.0073,0,Forehand swing,1,0.1355,-17.9755,7.6892,0,0,Perfect,,0.4874,-11.4385,-3.0944,11.2,0,0.0007,1.0753,1.4736,0,0.0001
2483,Rally,Ultimate,0,-0.005,34,-3.4944,1.535,9.6593,-2.7604,0.3178,7.1044,1,Run,0,9,Serve,-33.4974,-31.2383,0.5726,0.7694,-11.014,0,0.0073,0,Forehand swing,1,0.1355,-17.9755,7.6689,0,0,Perfect,,0.4874,-11.4385,-3.0944,11.2,0,0.0007,1.0753,1.4736,0,0.0001
2484,Rally,Ultimate,0,-0.005,34,-3.4944,1.535,9.6731,-2.7604,0.3178,7.1044,1,Run,0,9,Serve,-33.4974,-31.2383,0.5726,0.7694,-11.014,0,0.0073,0,Forehand swing,1,0.1355,-17.9755,7.6504,0,0,Perfect,,0.4874,-11.4385,-3.0944,11.2,0,0.0007,1.0753,1.4736,0,0.0001
2485,Rally,Ultimate,0,-0.005,34,-3.4944,1.535,9.6861,-2.7604,0.3178,7.1044,1,Run,0,9,Serve,-33.4974,-31.2383,0.5726,0.7694,-11.014,0,0.0073,0,Forehand swing,1,0.1355,-17.9755,7.6411,0,0,Perfect,,0.4874,-11.4385,-3.0944,11.2,0,0.0007,1.0753,1.4736,0,0.0001
2486,Rally,Ultimate,0,-0.005,34,-3.4944,1.535,9.6983,-2.7604,0.3178,7.1044,1,Run,0,9,Serve,-33.4974,-31.2383,0.5726,0.7694,-11.014,0,0.0073,0,Forehand swing,1,0.1355,-17.9755,7.6328,0,0,Perfect,,0.4874,-11.4385,-3.0944,11.2,0,0.0007,1.0753,1.4736,0,0.0001
2487,Rally,Ultimate,0,-0.005,34,-3.4944,1.535,9.7094,-2.7604,0.3178,7.1044,1,Run,0,9,Serve,-33.4974,-31.2383,0.5726,0.7694,-11.014,0,0.0073,0,Forehand swing,1,0.1355,-17.9755,7.6279,0,0,Perfect,,0.4874,-11.4385,-3.0944,11.2,0,0.0007,1.0753,1.4736,0,0.0001
2488,Rally,Ultimate,0,-0.005,34,-3.4944,1.535,9.7195,-2.7604,0.3178,7.1044,1,Run,0,9,Serve,-33.4974,-31.2383,0.5726,0.7694,-11.014,0,0.0073,0,Forehand swing,1,0.1355,-17.9755,7.624,0,0,Perfect,,0.4874,-11.4385,-3.0944,11.2,0,0.0007,1.0753,1.4736,0,0.0001
2489,Rally,Ultimate,0,-0.005,34,-3.4944,1.535,9.7283,-2.7604,0.3178,7.1044,1,Run,0,9,Serve,-33.4974,-31.2383,0.5726,0.7694,-11.014,0,0.0073,0,Forehand swing,1,0.1355,-17.9755,7.6237,0,0,Perfect,,0.4874,-11.4385,-3.0944,11.2,0,0.0007,1.0753,1.4736,0,0.0001
2490,Rally,Ultimate,0,-0.005,34,-3.4944,1.535,9.7358,-2.7604,0.3178,7.1044,1,Run,0,9,Serve,-33.4974,-31.2383,0.5726,0.7694,-11.014,0,0.0073,0,Forehand swing,1,0.1355,-17.9755,7.6304,0,0,Perfect,,0.4874,-11.4385,-3.0944,11.2,0,0.0007,1.0753,1.4736,0,0.0001
2491,Rally,Ultimate,0,-0.005,34,-3.4944,1.535,9.7418,-2.7604,0.3178,7.1044,1,Run,0,9,Serve,-33.4974,-31.2383,0.5726,0.7694,-11.014,0,0.0073,0,Forehand swing,1,0.1355,-17.9755,7.6416,0,0,Perfect,,0.4874,-11.4385,-3.0944,11.2,0,0.0007,1.0753,1.4736,0,0.0001
2492,Rally,Ultimate,0,-0.005,34,-3.4944,1.535,9.7463,-2.7604,0.3178,7.1044,1,Run,0,9,Serve,-33.4974,-31.2383,0.5726,0.7694,-11.014,0,0.0073,0,Forehand swing,1,0.1355,-17.9755,7.6551,0,0,Perfect,,0.4874,-11.4385,-3.0944,11.2,0,0.0007,1.0753,1.4736,0,0.0001
2493,Rally,Ultimate,0,-0.005,34,-3.4944,1.535,9.7491,-2.7604,0.3178,7.1044,1,Run,0,9,Serve,-33.4974,-31.2383,0.5726,0.7694,-11.014,0,0.0073,0,Forehand swing,1,0.1355,-17.9755,7.6661,0,0,Perfect,,0.4874,-11.4385,-3.0944,11.2,0,0.0007,1.0753,1.4736,0,0.0001
2494,Rally,Ultimate,0,-0.005,43,-4.8944,0.835,8.9,-2.7604,0.3178,7.1044,1,Run,0,9,Serve,-33.4974,-31.2383,0.5726,0.7694,-11.014,0,0.0073,0,Forehand swing,1,0.1355,-17.9755,7.6788,0,0,Perfect,,0.4874,-11.4385,-3.0944,11.2,9,0.0007,1.0753,1.4736,0,0.0001
2495,Rally,Ultimate,0,-0.005,43,-4.8736,0.835,8.9,-2.7604,0.3178,7.1044,1,Run,0,9,Serve,-33.4974,-31.2383,0.5726,0.7694,-11.014,0,0.0073,0,Forehand swing,1,0.1355,-17.9755,7.6929,0,0,Perfect,,0.4874,-11.4385,-3.0944,11.2,0,0.0007,1.0753,1.4736,0,0.0001
2496,Rally,Ultimate,0,-0.005,43,-4.8527,0.835,8.9,-2.7604,0.3178,7.1044,1,Run,0,9,Serve,-33.4974,-31.2383,0.5726,0.7694,-11.014,0,0.0073,0,Forehand swing,1,0.1355,-17.9755,7.707,0,0,Perfect,,0.4874,-11.4385,-3.0944,11.2,0,0.0007,1.0753,1.4736,0,0.0001
2497,Rally,Ultimate,0,-0.005,43,-4.8319,0.835,8.9,-2.7604,0.3178,7.1044,1,Run,0,9,Serve,-33.4974,-31.2383,0.5726,0.7694,-11.014,0,0.0073,0,Forehand swing,1,0.1355,-17.9755,7.7142,0,0,Perfect,,0.4874,-11.4385,-3.0944,11.2,0,0.0007,1.0753,1.4736,0,0.0001
2498,Rally,Ultimate,0,-0.005,43,-4.8111,0.835,8.9,-2.7604,0.3178,7.1044,1,Run,0,9,Serve,-33.4974,-31.2383,0.5726,0.7694,-11.014,0,0.0073,0,Forehand swing,1,0.1355,-17.9755,7.7156,0,0,Perfect,,0.4874,-11.4385,-3.0944,11.2,0,0.0007,1.0753,1.4736,0,0.0001
2499,Rally,Ultimate,0,-0.005,43,-4.7902,0.835,8.9,-2.7604,0.3178,7.1044,1,Run,0,9,Serve,-33.4974,-31.2383,0.5726,0.7694,-11.014,0,0.0073,0,Forehand swing,1,0.1355,-17.9755,7.7116,0,0,Perfect,,0.4874,-11.4385,-3.0944,11.2,0,0.0007,1.0753,1.4736,0,0.0001
2500,Rally,Ultimate,0,-0.005,43,-4.7694,0.835,8.9,-2.7604,0.3178,7.1044,1,Run,0,9,Serve,-33.4974,-31.2383,0.5726,0.7694,-11.014,0,0.0073,0,Forehand swing,1,0.1355,-17.9755,7.7044,0,0,Perfect,,0.4874,-11.4385,-3.0944,11.2,0,0.0007,1.0753,1.4736,0,0.0001
2501,Rally,Ultimate,0,-0.005,43,-4.7486,0.835,8.9,-2.7604,0.3178,7.1044,1,Run,0,9,Serve,-33.4974,-31.2383,0.5726,0.7694,-11.014,0,0.0073,0,Forehand swing,1,0.1355,-17.9755,7.6945,0,0,Perfect,,0.4874,-11.4385,-3.0944,11.2,0,0.0007,1.0753,1.4736,0,0.0001
2502,Rally,Ultimate,0,-0.005,43,-4.7277,0.835,8.9,-2.7604,0.3178,7.1044,1,Run,0,9,Serve,-33.4974,-31.2383,0.5726,0.7694,-11.014,0,0.0073,0,Forehand swing,1,0.1355,-17.9755,7.6834,0,0,Perfect,,0.4874,-11.4385,-3.0944,11.2,0,0.0007,1.0753,1.4736,0,0.0001
2503,Rally,Ultimate,0,-0.005,43,-4.7069,0.835,8.9,-2.7604,0.3178,7.1044,1,Run,0,9,Serve,-33.4974,-31.2383,0.5726,0.7694,-11.014,0,0.0073,0,Forehand swing,1,0.1355,-17.9755,7.6719,0,0,Perfect,,0.4874,-11.4385,-3.0944,11.2,0,0.0007,1.0753,1.4736,0,0.0001
2504,Rally,Ultimate,0,-0.005,43,-4.6861,0.835,8.9,-2.7604,0.3178,7.1044,1,Run,0,9,Serve,-33.4974,-31.2383,0.5726,0.7694,-11.014,0,0.0073,0,Forehand swing,1,0.1355,-17.9755,7.6618,0,0,Perfect,,0.4874,-11.4385,-3.0944,11.2,0,0.0007,1.0753,1.4736,0,0.0001
2505,Rally,Ultimate,0,-0.005,43,-4.6652,0.835,8.9,-2.7604,0.3178,7.1044,1,Run,0,9,Serve,-33.4974,-31.2383,0.5726,0.7694,-11.014,0,0.0073,0,Forehand swing,1,0.1355,-17.9755,7.6526,0,0,Perfect,,0.4874,-11.4385,-3.0944,11.2,0,0.0007,1.0753,1.4736,0,0.0001
2506,Rally,Ultimate,0,-0.005,43,-4.6444,0.835,8.9,-2.7604,0.3178,7.1044,1,Run,0,9,Serve,-33.4974,-31.2383,0.5726,0.7694,-11.014,0,0.0073,0,Forehand swing,1,0.1355,-17.9755,7.6442,0,0,Perfect,,0.4874,-11.4385,-3.0944,11.2,0,0.0007,1.0753,1.4736,0,0.0001
2507,Rally,Ultimate,0,-0.005,43,-4.6236,0.835,8.9,-2.7604,0.3178,7.1044,1,Run,0,9,Serve,-33.4974,-31.2383,0.5726,0.7694,-11.014,0,0.0073,0,Forehand swing,1,0.1355,-17.9755,7.6363,0,0,Perfect,,0.4874,-11.4385,-3.0944,11.2,0,0.0007,1.0753,1.4736,0,0.0001
2508,Rally,Ultimate,0,-0.005,43,-4.6027,0.835,8.9,-2.7604,0.3178,7.1044,1,Run,0,9,Serve,-33.4974,-31.2383,0.5726,0.7694,-11.014,0,0.0073,0,Forehand swing,1,0.1355,-17.9755,7.6291,0,0,Perfect,,0.4874,-11.4385,-3.0944,11.2,0,0.0007,1.0753,1.4736,0,0.0001
2509,Rally,Ultimate,0,-0.005,43,-4.5819,0.835,8.9,-2.7604,0.3178,7.1044,1,Run,0,9,Serve,-33.4974,-31.2383,0.5726,0.7694,-11.014,0,0.0073,0,Forehand swing,1,0.1355,-17.9755,7.625,0,0,Perfect,,0.4874,-11.4385,-3.0944,11.2,0,0.0007,1.0753,1.4736,0,0.0001
2510,Rally,Ultimate,0,-0.005,43,-4.5611,0.835,8.9,-2.7604,0.3178,7.1044,1,Run,0,9,Serve,-33.4974,-31.2383,0.5726,0.7694,-11.014,0,0.0073,0,Forehand swing,1,0.1355,-17.9755,7.6233,0,0,Perfect,,0.4874,-11.4385,-3.0944,11.2,0,0.0007,1.0753,1.4736,0,0.0001
2511,Rally,Ultimate,0,-0.005,43,-4.5402,0.835,8.9,-2.7604,0.3178,7.1044,1,Run,0,9,Serve,-33.4974,-31.2383,0.5726,0.7694,-11.014,0,0.0073,0,Forehand swing,1,0.1355,-17.9755,7.6232,0,0,Perfect,,0.4874,-11.4385,-3.0944,11.2,0,0.0007,1.0753,1.4736,0,0.0001
2512,Rally,Ultimate,0,-0.005,43,-4.5194,0.835,8.9,-2.7604,0.3178,7.1044,1,Run,0,9,Serve,-33.4974,-31.2383,0.5726,0.7694,-11.014,0,0.0073,0,Forehand swing,1,0.1355,-17.9755,7.6248,0,0,Perfect,,0.4874,-11.4385,-3.0944,11.2,0,0.0007,1.0753,1.4736,0,0.0001
2513,Rally,Ultimate,0,-0.005,43,-4.4986,0.835,8.9,-2.7604,0.3178,7.1044,1,Run,0,9,Serve,-33.4974,-31.2383,0.5726,0.7694,-11.014,0,0.0073,0,Forehand swing,1,0.1355,-17.9755,7.6284,0,0,Perfect,,0.4874,-11.4385,-3.0944,11.2,0,0.0007,1.0753,1.4736,0,0.0001
2514,Rally,Ultimate,0,-0.005,43,-4.4777,0.835,8.9,-2.7604,0.3178,7.1044,1,Run,0,9,Serve,-33.4974,-31.2383,0.5726,0.7694,-11.014,0,0.0073,0,Forehand swing,1,0.1355,-17.9755,7.6339,0,0,Perfect,,0.4874,-11.4385,-3.0944,11.2,0,0.0007,1.0753,1.4736,0,0.0001
2515,Rally,Ultimate,0,-0.005,43,-4.4569,0.835,8.9,-2.7604,0.3178,7.1044,1,Run,0,9,Serve,-33.4974,-31.2383,0.5726,0.7694,-11.014,0,0.0073,0,Forehand swing,1,0.1355,-17.9755,7.6409,0,0,Perfect,,0.4874,-11.4385,-3.0944,11.2,0,0.0007,1.0753,1.4736,0,0.0001
2516,Rally,Ultimate,0,-0.005,43,-4.4361,0.835,8.9,-2.7604,0.3178,7.1044,1,Run,0,9,Serve,-33.4974,-31.2383,0.5726,0.7694,-11.014,0,0.0073,0,Forehand swing,1,0.1355,-17.9755,7.6505,0,0,Perfect,,0.4874,-11.4385,-3.0944,11.2,0,0.0007,1.0753,1.4736,0,0.0001
2517,Rally,Ultimate,0,-0.005,43,-4.4152,0.835,8.9,-2.7604,0.3178,7.1044,1,Run,0,9,Serve,-33.4974,-31.2383,0.5726,0.7694,-11.014,0,0.0073,0,Forehand swing,1,0.1355,-17.9755,7.6604,0,0,Perfect,,0.4874,-11.4385,-3.0944,11.2,0,0.0007,1.0753,1.4736,0,0.0001
2518,Rally,Ultimate,0,-0.005,43,-4.3944,0.835,8.9,-2.7604,0.3178,7.1044,1,Run,0,9,Serve,-33.4974,-31.2383,0.5726,0.7694,-11.014,0,0.0073,0,Forehand swing,1,0.1355,-17.9755,7.6705,0,0,Perfect,,0.4874,-11.4385,-3.0944,11.2,0,0.0007,1.0753,1.4736,0,0.0001
2519,Rally,Ultimate,0,-0.005,43,-4.3736,0.835,8.9,-2.7604,0.3178,7.1044,1,Run,0,9,Serve,-33.4974,-31.2383,0.5726,0.7694,-11.014,0,0.0073,0,Forehand swing,1,0.1355,-17.9755,7.6822,0,0,Perfect,,0.4874,-11.4385,-3.0944,11.2,0,0.0007,1.0753,1.4736,0,0.0001
2520,Rally,Ultimate,0,-0.005,43,-4.3527,0.835,8.9,-2.7604,0.3178,7.1044,1,Run,0,9,Serve,-33.4974,-31.2383,0.5726,0.7694,-11.014,0,0.0073,0,Forehand swing,1,0.1355,-17.9755,7.6917,0,0,Perfect,,0.4874,-11.4385,-3.0944,11.2,0,0.0007,1.0753,1.4736,0,0.0001
2521,Rally,Ultimate,0,-0.005,43,-4.3319,0.835,8.9,-2.7604,0.3178,7.1044,1,Run,0,9,Serve,-33.4974,-31.2383,0.5726,0.7694,-11.014,0,0.0073,0,Forehand swing,1,0.1355,-17.9755,7.7006,0,0,Perfect,,0.4874,-11.4385,-3.0944,11.2,0,0.0007,1.0753,1.4736,0,0.0001
2522,Rally,Ultimate,0,-0.005,43,-4.3111,0.835,8.9,-2.7604,0.3178,7.1044,1,Run,0,9,Serve,-33.4974,-31.2383,0.5726,0.7694,-11.014,0,0.0073,0,Forehand swing,1,0.1355,-17.9755,7.7079,0,0,Perfect,,0.4874,-11.4385,-3.0944,11.2,0,0.0007,1.0753,1.4736,0,0.0001
2523,Rally,Ultimate,0,-0.005,43,-4.2902,0.835,8.9,-2.7604,0.3178,7.1044,1,Run,0,9,Serve,-33.4974,-31.2383,0.5726,0.7694,-11.014,0,0.0073,0,Forehand swing,1,0.1355,-17.9755,7.713,0,0,Perfect,,0.4874,-11.4385,-3.0944,11.2,0,0.0007,1.0753,1.4736,0,0.0001
2524,Rally,Ultimate,0,-0.005,43,-4.2694,0.835,8.9,-2.7604,0.3178,7.1044,1,Run,0,9,Serve,-33.4974,-31.2383,0.5726,0.7694,-11.014,0,0.0073,0,Forehand swing,1,0.1355,-17.9755,7.7157,0,0,Perfect,,0.4874,-11.4385,-3.0944,11.2,0,0.0007,1.0753,1.4736,0,0.0001
2525,Rally,Ultimate,0,-0.005,43,-4.2486,0.835,8.9,-2.7604,0.3178,7.1044,1,Run,0,9,Serve,-33.4974,-31.2383,0.5726,0.7694,-11.014,0,0.0073,0,Forehand swing,1,0.1355,-17.9755,7.7156,0,0,Perfect,,0.4874,-11.4385,-3.0944,11.2,0,0.0007,1.0753,1.4736,0,0.0001
2526,Rally,Ultimate,0,-0.005,43,-4.2277,0.835,8.9,-2.7604,0.3178,7.1044,1,Run,0,9,Serve,-33.4974,-31.2383,0.5726,0.7694,-11.014,0,0.0073,0,Forehand swing,1,0.1355,-17.9755,7.7124,0,0,Perfect,,0.4874,-11.4385,-3.0944,11.2,0,0.0007,1.0753,1.4736,0,0.0001
2527,Rally,Ultimate,0,-0.005,43,-4.2069,0.835,8.9,-2.7604,0.3178,7.1044,1,Run,0,9,Serve,-33.4974,-31.2383,0.5726,0.7694,-11.014,0,0.0073,0,Forehand swing,1,0.1355,-17.9755,7.7062,0,0,Perfect,,0.4874,-11.4385,-3.0944,11.2,0,0.0007,1.0753,1.4736,0,0.0001
2528,Rally,Ultimate,0,-0.005,43,-4.1861,0.835,8.9,-2.7604,0.3178,7.1044,1,Run,0,9,Serve,-33.4974,-31.2383,0.5726,0.7694,-11.014,0,0.0073,0,Forehand swing,1,0.1355,-17.9755,7.6976,0,0,Perfect,,0.4874,-11.4385,-3.0944,11.2,0,0.0007,1.0753,1.4736,0,0.0001
2529,Rally,Ultimate,0,-0.005,43,-4.1652,0.835,8.9,-2.7604,0.3178,7.1044,1,Run,0,9,Serve,-33.4974,-31.2383,0.5726,0.7694,-11.014,0,0.0073,0,Forehand swing,1,0.1355,-17.9755,7.686,0,0,Perfect,,0.4874,-11.4385,-3.0944,11.2,0,0.0007,1.0753,1.4736,0,0.0001
2530,Rally,Ultimate,0,-0.005,43,-4.1444,0.835,8.9,-2.7604,0.3178,7.1044,1,Run,0,9,Serve,-33.4974,-31.2383,0.5726,0.7694,-11.014,0,0.0073,0,Forehand swing,1,0.1355,-17.9755,7.6726,0,0,Perfect,,0.4874,-11.4385,-3.0944,11.2,0,0.0007,1.0753,1.4736,0,0.0001
2531,Rally,Ultimate,0,-0.005,43,-4.1236,0.835,8.9,-2.7604,0.3178,7.1044,1,Run,0,9,Serve,-33.4974,-31.2383,0.5726,0.7694,-11.014,0,0.0073,0,Forehand swing,1,0.1355,-17.9755,7.6419,0,0,Perfect,,0.4874,-11.4385,-3.0944,11.2,0,0.0007,1.0753,1.4736,0,0.0001
2532,Rally,Ultimate,0,-0.005,43,-4.1027,0.835,8.9,-2.7604,0.3178,7.1044,1,Run,0,9,Serve,-33.4974,-31.2383,0.5726,0.7694,-11.014,0,0.0073,0,Forehand swing,1,0.1355,-17.9755,7.6297,0,0,Perfect,,0.4874,-11.4385,-3.0944,11.2,0,0.0007,1.0753,1.4736,0,0.0001
2533,Rally,Ultimate,0,-0.005,43,-4.0819,0.835,8.9,-2.7604,0.3178,7.1044,1,Run,0,9,Serve,-33.4974,-31.2383,0.5726,0.7694,-11.014,0,0.0073,0,Forehand swing,1,0.1355,-17.9755,7.6236,0,0,Perfect,,0.4874,-11.4385,-3.0944,11.2,0,0.0007,1.0753,1.4736,0,0.0001
2534,Rally,Ultimate,0,-0.005,43,-4.0611,0.835,8.9,-2.7604,0.3178,7.1044,1,Run,0,9,Serve,-33.4974,-31.2383,0.5726,0.7694,-11.014,0,0.0073,0,Forehand swing,1,0.1355,-17.9755,7.6231,0,0,Perfect,,0.4874,-11.4385,-3.0944,11.2,0,0.0007,1.0753,1.4736,0,0.0001
2535,Rally,Ultimate,0,-0.005,43,-4.0402,0.835,8.9,-2.7604,0.3178,7.1044,1,Run,0,9,Serve,-33.4974,-31.2383,0.5726,0.7694,-11.014,0,0.0073,0,Forehand swing,1,0.1355,-17.9755,7.6245,0,0,Perfect,,0.4874,-11.4385,-3.0944,11.2,0,0.0007,1.0753,1.4736,0,0.0001
2536,Rally,Ultimate,0,-0.005,43,-4.0194,0.835,8.9,-2.7604,0.3178,7.1044,1,Run,0,9,Serve,-33.4974,-31.2383,0.5726,0.7694,-11.014,0,0.0073,0,Forehand swing,1,0.1355,-17.9755,7.6274,0,0,Perfect,,0.4874,-11.4385,-3.0944,11.2,0,0.0007,1.0753,1.4736,0,0.0001
2537,Rally,Ultimate,0,-0.005,43,-3.9986,0.835,8.9,-2.7604,0.3178,7.1044,1,Run,0,9,Serve,-33.4974,-31.2383,0.5726,0.7694,-11.014,0,0.0073,0,Forehand swing,1,0.1355,-17.9755,7.6315,0,0,Perfect,,0.4874,-11.4385,-3.0944,11.2,0,0.0007,1.0753,1.4736,0,0.0001
2538,Rally,Ultimate,0,-0.005,43,-3.9777,0.835,8.9,-2.7604,0.3178,7.1044,1,Run,0,9,Serve,-33.4974,-31.2383,0.5726,0.7694,-11.014,0,0.0073,0,Forehand swing,1,0.1355,-17.9755,7.6374,0,0,Perfect,,0.4874,-11.4385,-3.0944,11.2,0,0.0007,1.0753,1.4736,0,0.0001
2539,Rally,Ultimate,0,-0.005,43,-3.9569,0.835,8.9,-2.7604,0.3178,7.1044,1,Run,0,9,Serve,-33.4974,-31.2383,0.5726,0.7694,-11.014,0,0.0073,0,Forehand swing,1,0.1355,-17.9755,7.6444,0,0,Perfect,,0.4874,-11.4385,-3.0944,11.2,0,0.0007,1.0753,1.4736,0,0.0001
2540,Rally,Ultimate,0,-0.005,43,-3.9361,0.835,8.9,-2.7604,0.3178,7.1044,1,Run,0,9,Serve,-33.4974,-31.2383,0.5726,0.7694,-11.014,0,0.0073,0,Forehand swing,1,0.1355,-17.9755,7.6532,0,0,Perfect,,0.4874,-11.4385,-3.0944,11.2,0,0.0007,1.0753,1.4736,0,0.0001
2541,Rally,Ultimate,0,-0.005,43,-3.9152,0.835,8.9,-2.7604,0.3178,7.1044,1,Run,0,9,Serve,-33.4974,-31.2383,0.5726,0.7694,-11.014,0,0.0073,0,Forehand swing,1,0.1355,-17.9755,7.6628,0,0,Perfect,,0.4874,-11.4385,-3.0944,11.2,0,0.0007,1.0753,1.4736,0,0.0001
2542,Rally,Ultimate,0,-0.005,43,-3.8944,0.835,8.9,-2.7604,0.3178,7.1044,1,Run,0,9,Serve,-33.4974,-31.2383,0.5726,0.7694,-11.014,0,0.0073,0,Forehand swing,1,0.1355,-17.9755,7.6728,0,0,Perfect,,0.4874,-11.4385,-3.0944,11.2,0,0.0007,1.0753,1.4736,0,0.0001
2543,Rally,Ultimate,0,-0.005,44,-1.5944,0.685,7.7006,-2.7604,0.3178,7.1044,1,Run,0,9,Serve,-33.4974,-31.2383,0.5726,0.7694,-11.014,0,0.0073,0,Forehand swing,1,0.1355,-17.9755,7.684,0,0,Perfect,,0.4874,-11.4385,-3.0944,11.2,1,0.0007,1.0753,1.4736,0,0.0001
2544,Rally,Ultimate,0,-0.005,44,-1.5944,0.685,7.7022,-2.7604,0.3178,7.1044,1,Run,0,9,Serve,-33.4974,-31.2383,0.5726,0.7694,-11.014,0,0.0073,0,Forehand swing,1,0.1355,-17.9755,7.6935,0,0,Perfect,,0.4874,-11.4385,-3.0944,11.2,0,0.0007,1.0753,1.4736,0,0.0001
2545,Rally,Ultimate,0,-0.005,44,-1.5944,0.685,7.705,-2.7604,0.3178,7.1044,1,Run,0,9,Serve,-33.4974,-31.2383,0.5726,0.7694,-11.014,0,0.0073,0,Forehand swing,1,0.1355,-17.9755,7.7027,0,0,Perfect,,0.4874,-11.4385,-3.0944,11.2,0,0.0007,1.0753,1.4736,0,0.0001
2546,Rally,Ultimate,0,-0.005,44,-1.5944,0.685,7.7087,-2.7604,0.3178,7.1044,1,Run,0,9,Serve,-33.4974,-31.2383,0.5726,0.7694,-11.014,0,0.0073,0,Forehand swing,1,0.1355,-17.9755,7.7098,0,0,Perfect,,0.4874,-11.4385,-3.0944,11.2,0,0.0007,1.0753,1.4736,0,0.0001
2547,Rally,Ultimate,0,-0.005,44,-1.5944,0.685,7.7135,-2.7604,0.3178,7.1044,1,Run,0,9,Serve,-33.4974,-31.2383,0.5726,0.7694,-11.014,0,0.0073,0,Forehand swing,1,0.1355,-17.9755,7.7151,0,0,Perfect,,0.4874,-11.4385,-3.0944,11.2,0,0.0007,1.0753,1.4736,0,0.0001
2548,Rally,Ultimate,0,-0.005,44,-1.5944,0.685,7.7191,-2.7604,0.3178,7.1044,1,Run,0,9,Serve,-33.4974,-31.2383,0.5726,0.7694,-11.014,0,0.0073,0,Forehand swing,1,0.1355,-17.9755,7.7158,0,0,Perfect,,0.4874,-11.4385,-3.0944,11.2,0,0.0007,1.0753,1.4736,0,0.0001
2549,Rally,Ultimate,0,-0.005,44,-1.5944,0.685,7.7257,-2.7604,0.3178,7.1044,1,Run,0,9,Serve,-33.4974,-31.2383,0.5726,0.7694,-11.014,0,0.0073,0,Forehand swing,1,0.1355,-17.9755,7.7136,0,0,Perfect,,0.4874,-11.4385,-3.0944,11.2,0,0.0007,1.0753,1.4736,0,0.0001
2550,Rally,Ultimate,0,-0.005,44,-1.5944,0.685,7.733,-2.7604,0.3178,7.1044,1,Run,0,9,Serve,-33.4974,-31.2383,0.5726,0.7694,-11.014,0,0.0073,0,Forehand swing,1,0.1355,-17.9755,7.7088,0,0,Perfect,,0.4874,-11.4385,-3.0944,11.2,0,0.0007,1.0753,1.4736,0,0.0001
2551,Rally,Ultimate,0,-0.005,44,-1.5944,0.685,7.7412,-2.7604,0.3178,7.1044,1,Run,0,9,Serve,-33.4974,-31.2383,0.5726,0.7694,-11.014,0,0.0073,0,Forehand swing,1,0.1355,-17.9755,7.702,0,0,Perfect,,0.4874,-11.4385,-3.0944,11.2,0,0.0007,1.0753,1.4736,0,0.0001
2552,Rally,Ultimate,0,-0.005,44,-1.5944,0.685,7.7501,-2.7604,0.3178,7.1044,1,Run,0,9,Serve,-33.4974,-31.2383,0.5726,0.7694,-11.014,0,0.0073,0,Forehand swing,1,0.1355,-17.9755,7.6941,0,0,Perfect,,0.4874,-11.4385,-3.0944,11.2,0,0.0007,1.0753,1.4736,0,0.0001
2553,Rally,Ultimate,0,-0.005,44,-1.5944,0.685,7.7597,-2.7604,0.3178,7.1044,1,Run,0,9,Serve,-33.4974,-31.2383,0.5726,0.7694,-11.014,0,0.0073,0,Forehand swing,1,0.1355,-17.9755,7.6845,0,0,Perfect,,0.4874,-11.4385,-3.0944,11.2,0,0.0007,1.0753,1.4736,0,0.0001
2554,Rally,Ultimate,0,-0.005,44,-1.5944,0.685,7.77,-2.7604,0.3178,7.1044,1,Run,0,9,Serve,-33.4974,-31.2383,0.5726,0.7694,-11.014,0,0.0073,0,Forehand swing,1,0.1355,-17.9755,7.6748,0,0,Perfect,,0.4874,-11.4385,-3.0944,11.2,0,0.0007,1.0753,1.4736,0,0.0001
2555,Rally,Ultimate,0,-0.005,44,-1.5944,0.685,7.7809,-2.7604,0.3178,7.1044,1,Run,0,9,Serve,-33.4974,-31.2383,0.5726,0.7694,-11.014,0,0.0073,0,Forehand swing,1,0.1355,-17.9755,7.6655,0,0,Perfect,,0.4874,-11.4385,-3.0944,11.2,0,0.0007,1.0753,1.4736,0,0.0001
2556,Rally,Ultimate,0,-0.005,44,-1.5944,0.685,7.7923,-2.7604,0.3178,7.1044,1,Run,0,9,Serve,-33.4974,-31.2383,0.5726,0.7694,-11.014,0,0.0073,0,Forehand swing,1,0.1355,-17.9755,7.6558,0,0,Perfect,,0.4874,-11.4385,-3.0944,11.2,0,0.0007,1.0753,1.4736,0,0.0001
2557,Rally,Ultimate,0,-0.005,44,-1.5944,0.685,7.8043,-2.7604,0.3178,7.1044,1,Run,0,9,Serve,-33.4974,-31.2383,0.5726,0.7694,-11.014,0,0.0073,0,Forehand swing,1,0.1355,-17.9755,7.6473,0,0,Perfect,,0.4874,-11.4385,-3.0944,11.2,0,0.0007,1.0753,1.4736,0,0.0001
2558,Rally,Ultimate,0,-0.005,44,-1.5944,0.685,7.8168,-2.7604,0.3178,7.1044,1,Run,0,9,Serve,-33.4974,-31.2383,0.5726,0.7694,-11.014,0,0.0073,0,Forehand swing,1,0.1355,-17.9755,7.6394,0,0,Perfect,,0.4874,-11.4385,-3.0944,11.2,0,0.0007,1.0753,1.4736,0,0.0001
2559,Rally,Ultimate,0,-0.005,44,-1.5944,0.685,7.8296,-2.7604,0.3178,7.1044,1,Run,0,9,Serve,-33.4974,-31.2383,0.5726,0.7694,-11.014,0,0.0073,0,Forehand swing,1,0.1355,-17.9755,7.6331,0,0,Perfect,,0.4874,-11.4385,-3.0944,11.2,0,0.0007,1.0753,1.4736,0,0.0001
2560,Rally,Ultimate,0,-0.005,44,-1.5944,0.685,7.8429,-2.7604,0.3178,7.1044,1,Run,0,9,Serve,-33.4974,-31.2383,0.5726,0.7694,-11.014,0,0.0073,0,Forehand swing,1,0.1355,-17.9755,7.6286,0,0,Perfect,,0.4874,-11.4385,-3.0944,11.2,0,0.0007,1.0753,1.4736,0,0.0001
2561,Rally,Ultimate,0,-0.005,44,-1.5944,0.685,7.8565,-2.7604,0.3178,7.1044,1,Run,0,9,Serve,-33.4974,-31.2383,0.5726,0.7694,-11.014,0,0.0073,0,Forehand swing,1,0.1355,-17.9755,7.6251,0,0,Perfect,,0.4874,-11.4385,-3.0944,11.2,0,0.0007,1.0753,1.4736,0,0.0001
2562,Rally,Ultimate,0,-0.005,44,-1.5944,0.685,7.8704,-2.7604,0.3178,7.1044,1,Run,0,9,Serve,-33.4974,-31.2383,0.5726,0.7694,-11.014,0,0.0073,0,Forehand swing,1,0.1355,-17.9755,7.6232,0,0,Perfect,,0.4874,-11.4385,-3.0944,11.2,0,0.0007,1.0753,1.4736,0,0.0001
2563,Rally,Ultimate,0,-0.005,44,-1.5944,0.685,7.8845,-2.7604,0.3178,7.1044,1,Run,0,9,Serve,-33.4974,-31.2383,0.5726,0.7694,-11.014,0,0.0073,0,Forehand swing,1,0.1355,-17.9755,7.6234,0,0,Perfect,,0.4874,-11.4385,-3.0944,11.2,0,0.0007,1.0753,1.4736,0,0.0001
2564,Rally,Ultimate,0,-0.005,44,-1.5944,0.685,7.8989,-2.7604,0.3178,7.1044,1,Run,0,9,Serve,-33.4974,-31.2383,0.5726,0.7694,-11.014,0,0.0073,0,Forehand swing,1,0.1355,-17.9755,7.6262,0,0,Perfect,,0.4874,-11.4385,-3.0944,11.2,0,0.0007,1.0753,1.4736,0,0.0001
2565,Rally,Ultimate,0,-0.005,44,-1.5944,0.685,7.9134,-2.7604,0.3178,7.1044,1,Run,0,9,Serve,-33.4974,-31.2383,0.5726,0.7694,-11.014,0,0.0073,0,Forehand swing,1,0.1355,-17.9755,7.6298,0,0,Perfect,,0.4874,-11.4385,-3.0944,11.2,0,0.0007,1.0753,1.4736,0,0.0001
2566,Rally,Ultimate,0,-0.005,44,-1.5944,0.685,7.928,-2.7604,0.3178,7.1044,1,Run,0,9,Serve,-33.4974,-31.2383,0.5726,0.7694,-11.014,0,0.0073,0,Forehand swing,1,0.1355,-17.9755,7.6347,0,0,Perfect,,0.4874,-11.4385,-3.0944,11.2,0,0.0007,1.0753,1.4736,0,0.0001
2567,Rally,Ultimate,0,-0.005,44,-1.5944,0.685,7.9426,-2.7604,0.3178,7.1044,1,Run,0,9,Serve,-33.4974,-31.2383,0.5726,0.7694,-11.014,0,0.0073,0,Forehand swing,1,0.1355,-17.9755,7.641,0,0,Perfect,,0.4874,-11.4385,-3.0944,11.2,0,0.0007,1.0753,1.4736,0,0.0001
2568,Rally,Ultimate,0,-0.005,44,-1.5944,0.685,7.9574,-2.7604,0.3178,7.1044,1,Run,0,9,Serve,-33.4974,-31.2383,0.5726,0.7694,-11.014,0,0.0073,0,Forehand swing,1,0.1355,-17.9755,7.6481,0,0,Perfect,,0.4874,-11.4385,-3.0944,11.2,0,0.0007,1.0753,1.4736,0,0.0001
2569,Rally,Ultimate,0,-0.005,44,-1.5944,0.685,7.972,-2.7604,0.3178,7.1044,1,Run,0,9,Serve,-33.4974,-31.2383,0.5726,0.7694,-11.014,0,0.0073,0,Forehand swing,1,0.1355,-17.9755,7.656,0,0,Perfect,,0.4874,-11.4385,-3.0944,11.2,0,0.0007,1.0753,1.4736,0,0.0001
2570,Rally,Ultimate,0,-0.005,44,-1.5944,0.685,7.9866,-2.7604,0.3178,7.1044,1,Run,0,9,Serve,-33.4974,-31.2383,0.5726,0.7694,-11.014,0,0.0073,0,Forehand swing,1,0.1355,-17.9755,7.6648,0,0,Perfect,,0.4874,-11.4385,-3.0944,11.2,0,0.0007,1.0753,1.4736,0,0.0001
2571,Rally,Ultimate,0,-0.005,44,-1.5944,0.685,8.0011,-2.7604,0.3178,7.1044,1,Run,0,9,Serve,-33.4974,-31.2383,0.5726,0.7694,-11.014,0,0.0073,0,Forehand swing,1,0.1355,-17.9755,7.6749,0,0,Perfect,,0.4874,-11.4385,-3.0944,11.2,0,0.0007,1.0753,1.4736,0,0.0001
2572,Rally,Ultimate,0,-0.005,44,-1.5944,0.685,8.0155,-2.7604,0.3178,7.1044,1,Run,0,9,Serve,-33.4974,-31.2383,0.5726,0.7694,-11.014,0,0.0073,0,Forehand swing,1,0.1355,-17.9755,7.686,0,0,Perfect,,0.4874,-11.4385,-3.0944,11.2,0,0.0007,1.0753,1.4736,0,0.0001
2573,Rally,Ultimate,0,-0.005,44,-1.5944,0.685,8.0296,-2.7604,0.3178,7.1044,1,Run,0,9,Serve,-33.4974,-31.2383,0.5726,0.7694,-11.014,0,0.0073,0,Forehand swing,1,0.1355,-17.9755,7.697,0,0,Perfect,,0.4874,-11.4385,-3.0944,11.2,0,0.0007,1.0753,1.4736,0,0.0001
2574,Rally,Ultimate,0,-0.005,44,-1.5944,0.685,8.0435,-2.7604,0.3178,7.1044,1,Run,0,9,Serve,-33.4974,-31.2383,0.5726,0.7694,-11.014,0,0.0073,0,Forehand swing,1,0.1355,-17.9755,7.7052,0,0,Perfect,,0.4874,-11.4385,-3.0944,11.2,0,0.0007,1.0753,1.4736,0,0.0001
2575,Rally,Ultimate,0,-0.005,44,-1.5944,0.685,8.0571,-2.7604,0.3178,7.1044,1,Run,0,9,Serve,-33.4974,-31.2383,0.5726,0.7694,-11.014,0,0.0073,0,Forehand swing,1,0.1355,-17.9755,7.7115,0,0,Perfect,,0.4874,-11.4385,-3.0944,11.2,0,0.0007,1.0753,1.4736,0,0.0001
2576,Rally,Ultimate,0,-0.005,44,-1.5944,0.685,8.0704,-2.7604,0.3178,7.1044,1,Run,0,9,Serve,-33.4974,-31.2383,0.5726,0.7694,-11.014,0,0.0073,0,Forehand swing,1,0.1355,-17.9755,7.7152,0,0,Perfect,,0.4874,-11.4385,-3.0944,11.2,0,0.0007,1.0753,1.4736,0,0.0001
2577,Rally,Ultimate,0,-0.005,44,-1.5944,0.685,8.0832,-2.7604,0.3178,7.1044,1,Run,0,9,Serve,-33.4974,-31.2383,0.5726,0.7694,-11.014,0,0.0073,0,Forehand swing,1,0.1355,-17.9755,7.7159,0,0,Perfect,,0.4874,-11.4385,-3.0944,11.2,0,0.0007,1.0753,1.4736,0,0.0001
2578,Rally,Ultimate,0,-0.005,44,-1.5944,0.685,8.0957,-2.7604,0.3178,7.1044,1,Run,0,9,Serve,-33.4974,-31.2383,0.5726,0.7694,-11.014,0,0.0073,0,Forehand swing,1,0.1355,-17.9755,7.7137,0,0,Perfect,,0.4874,-11.4385,-3.0944,11.2,0,0.0007,1.0753,1.4736,0,0.0001
2579,Rally,Ultimate,0,-0.005,44,-1.5944,0.685,8.1077,-2.7604,0.3178,7.1044,1,Run,0,9,Serve,-33.4974,-31.2383,0.5726,0.7694,-11.014,0,0.0073,0,Forehand swing,1,0.1355,-17.9755,7.7096,0,0,Perfect,,0.4874,-11.4385,-3.0944,11.2,0,0.0007,1.0753,1.4736,0,0.0001
2580,Rally,Ultimate,0,-0.005,44,-1.5944,0.685,8.1191,-2.7604,0.3178,7.1044,1,Run,0,9,Serve,-33.4974,-31.2383,0.5726,0.7694,-11.014,0,0.0073,0,Forehand swing,1,0.1355,-17.9755,7.7029,0,0,Perfect,,0.4874,-11.4385,-3.0944,11.2,0,0.0007,1.0753,1.4736,0,0.0001
2581,Rally,Ultimate,0,-0.005,44,-1.5944,0.685,8.13,-2.7604,0.3178,7.1044,1,Run,0,9,Serve,-33.4974,-31.2383,0.5726,0.7694,-11.014,0,0.0073,0,Forehand swing,1,0.1355,-17.9755,7.6946,0,0,Perfect,,0.4874,-11.4385,-3.0944,11.2,0,0.0007,1.0753,1.4736,0,0.0001
2582,Rally,Ultimate,0,-0.005,44,-1.5944,0.685,8.1403,-2.7604,0.3178,7.1044,1,Run,0,9,Serve,-33.4974,-31.2383,0.5726,0.7694,-11.014,0,0.0073,0,Forehand swing,1,0.1355,-17.9755,7.6847,0,0,Perfect,,0.4874,-11.4385,-3.0944,11.2,0,0.0007,1.0753,1.4736,0,0.0001
2583,Rally,Ultimate,0,-0.005,44,-1.5944,0.685,8.1499,-2.7604,0.3178,7.1044,1,Run,0,9,Serve,-33.4974,-31.2383,0.5726,0.7694,-11.014,0,0.0073,0,Forehand swing,1,0.1355,-17.9755,7.6749,0,0,Perfect,,0.4874,-11.4385,-3.0944,11.2,0,0.0007,1.0753,1.4736,0,0.0001
2584,Rally,Ultimate,0,-0.005,44,-1.5944,0.685,8.1588,-2.7604,0.3178,7.1044,1,Run,0,9,Serve,-33.4974,-31.2383,0.5726,0.7694,-11.014,0,0.0073,0,Forehand swing,1,0.1355,-17.9755,7.6655,0,0,Perfect,,0.4874,-11.4385,-3.0944,11.2,0,0.0007,1.0753,1.4736,0,0.0001
2585,Rally,Ultimate,0,-0.005,44,-1.5944,0.685,8.167,-2.7604,0.3178,7.1044,1,Run,0,9,Serve,-33.4974,-31.2383,0.5726,0.7694,-11.014,0,0.0073,0,Forehand swing,1,0.1355,-17.9755,7.6559,0,0,Perfect,,0.4874,-11.4385,-3.0944,11.2,0,0.0007,1.0753,1.4736,0,0.0001
2586,Rally,Ultimate,0,-0.005,44,-1.5944,0.685,8.1743,-2.7604,0.3178,7.1044,1,Run,0,9,Serve,-33.4974,-31.2383,0.5726,0.7694,-11.014,0,0.0073,0,Forehand swing,1,0.1355,-17.9755,7.6467,0,0,Perfect,,0.4874,-11.4385,-3.0944,11.2,0,0.0007,1.0753,1.4736,0,0.0001
2587,Rally,Ultimate,0,-0.005,44,-1.5944,0.685,8.1809,-2.7604,0.3178,7.1044,1,Run,0,9,Serve,-33.4974,-31.2383,0.5726,0.7694,-11.014,0,0.0073,0,Forehand swing,1,0.1355,-17.9755,7.6383,0,0,Perfect,,0.4874,-11.4385,-3.0944,11.2,0,0.0007,1.0753,1.4736,0,0.0001
2588,Rally,Ultimate,0,-0.005,44,-1.5944,0.685,8.1865,-2.7604,0.3178,7.1044,1,Run,0,9,Serve,-33.4974,-31.2383,0.5726,0.7694,-11.014,0,0.0073,0,Forehand swing,1,0.1355,-17.9755,7.6322,0,0,Perfect,,0.4874,-11.4385,-3.0944,11.2,0,0.0007,1.0753,1.4736,0,0.0001
2589,Rally,Ultimate,0,-0.005,44,-1.5944,0.685,8.1913,-2.7604,0.3178,7.1044,1,Run,0,9,Serve,-33.4974,-31.2383,0.5726,0.7694,-11.014,0,0.0073,0,Forehand swing,1,0.1355,-17.9755,7.6275,0,0,Perfect,,0.4874,-11.4385,-3.0944,11.2,0,0.0007,1.0753,1.4736,0,0.0001
2590,Rally,Ultimate,0,-0.005,44,-1.5944,0.685,8.195,-2.7604,0.3178,7.1044,1,Run,0,9,Serve,-33.4974,-31.2383,0.5726,0.7694,-11.014,0,0.0073,0,Forehand swing,1,0.1355,-17.9755,7.6243,0,0,Perfect,,0.4874,-11.4385,-3.0944,11.2,0,0.0007,1.0753,1.4736,0,0.0001
2591,Rally,Ultimate,0,-0.005,44,-1.5944,0.685,8.1978,-2.7604,0.3178,7.1044,1,Run,0,9,Serve,-33.4974,-31.2383,0.5726,0.7694,-11.014,0,0.0073,0,Forehand swing,1,0.1355,-17.9755,7.6231,0,0,Perfect,,0.4874,-11.4385,-3.0944,11.2,0,0.0007,1.0753,1.4736,0,0.0001
2592,Rally,Ultimate,0,-0.005,44,-1.5944,0.685,8.1994,-2.7604,0.3178,7.1044,1,Run,0,9,Serve,-33.4974,-31.2383,0.5726,0.7694,-11.014,0,0.0073,0,Forehand swing,1,0.1355,-17.9755,7.6237,0,0,Perfect,,0.4874,-11.4385,-3.0944,11.2,0,0.0007,1.0753,1.4736,0,0.0001
2593,Rally,None,1,-0.005,50,0.2681,3.5,-15.8385,-2.7604,0.3178,7.1044,1,Run,0,9,Serve,-33.4974,-31.2383,0.5726,0.7694,-11.014,0,0.0073,0,Forehand swing,1,0.1355,-17.9755,7.6259,0,0,Perfect,,0.4874,-11.4385,-3.0944,11.2,6,0.0007,1.0753,1.4736,0,0.0001
2594,Rally,None,1,-0.005,50,0.2524,3.4822,-15.838,-2.8699,0.3737,7.531,1,Run,0,9,Serve,-33.4974,-31.2383,0.5138,0.7694,-10.9852,0,0.0073,0,Forehand swing,1,0.1195,-19.1227,13.9952,0,0,Perfect,,0.4286,-11.4097,-3.1745,11.2,0,0.0007,1.0753,1.4736,0,0.0001
2595,Rally,None,1,-0.005,50,0.2347,3.4668,-15.834,-2.9793,0.4269,7.9577,1,Run,0,9,Serve,-32.7657,-32.3203,0.47,0.76,-10.973,0,0.0055,0,Forehand swing,1,0.1036,-6.6034,37.1015,2.3156,0,Perfect,,0.3723,-11.3822,-3.2546,11.2,0,0.0026,2.4365,1.5005,0,0.0001
2596,Rally,None,1,-0.005,50,0.2137,3.4534,-15.8254,-3.1435,0.5014,8.5977,1,Run,0,9,Serve,-32.1017,-33.3595,0.4003,0.752,-10.9477,0.9082,0.0041,0,Forehand swing,1,0.0797,-2.0218,35.9342,2.4131,0,Perfect,,0.2925,-11.3432,-3.3747,11.2,0,0.0058,3.5093,1.3923,0,0
2597,Rally,None,1,-0.005,50,0.1917,3.4417,-15.8148,-3.2529,0.5476,9.0243,1,Run,0,9,Serve,-31.6434,-34.4075,0.3538,0.7627,-10.9312,0.4339,0.003,0,Forehand swing,1,0.0638,4.1308,31.5306,0.5164,0,Perfect,,0.2425,-11.3187,-3.4548,11.2,0,0.0105,5.1493,1.1342,0,0
2598,Rally,None,1,-0.005,50,0.1676,3.4315,-15.801,-3.4171,0.6116,9.6643,1,Run,0,9,Serve,-31.359,-35.13,0.2842,0.769,-10.9014,0.8691,0.0023,0,Forehand swing,1,0.0398,6.1481,15.5597,0,0,Perfect,,0.1721,-11.2842,-3.5749,11.2,0,0.016,5.6474,0.7744,0,0
2599,Rally,None,1,-0.005,50,0.1435,3.4227,-15.7863,-3.5266,0.6508,10.091,1,Run,0,9,Serve,-31.2233,-35.8354,0.2388,0.7676,-10.8817,0.1099,0,0,Forehand swing,1,0.0239,12.8835,13.7062,0,0,Perfect,,0.1282,-11.2628,-3.6083,11.2,0,0.0221,6.8344,0.3932,0,0
2600,Rally,None,1,-0.005,50,0.1196,3.415,-15.7708,-3.636,0.6873,10.5176,1,Run,0,9,Serve,-31.1793,-36.2479,0.1968,0.7647,-10.8608,0.1708,0,0,Forehand swing,1,0.008,10.3565,8.0404,1.6904,0,Perfect,,0.0869,-11.2425,-3.6083,11.2,0,0.0278,6.9754,0.0671,0,0
2601,Rally,None,1,-0.005,50.5487,0.0971,3.4085,-15.756,-3.7845,0.5328,10.7171,1,Run,0,9,Serve,-31.2703,-36.4934,0.1767,0.7636,-10.8497,0.337,0,0,Forehand swing,1,0,5.0072,6.3411,1.1038,0,Perfect,R;,0.0672,-11.2329,-3.6083,11.2,0.5487,0.0328,7.0866,0.3092,0,0.0003
2602,Rally,None,1,-0.005,51.0473,0.0749,3.4028,-15.7408,-3.7186,0.6148,10.4437,1,Run,0,9,Serve,-31.4648,-36.4577,0.1369,0.7649,-10.8269,0.3351,0,0,Forehand swing,1,-0.0167,-6.8283,-5.6657,1.2867,0,Perfect,,0.0296,-11.2145,-3.5283,11.2,0.4986,0.0361,6.3797,0.5768,0,0.0002
2603,Rally,None,1,-0.005,51.5023,0.0531,3.3979,-15.7253,-3.6537,0.6941,10.1703,1,Run,0,9,Serve,-31.757,-36.4131,0.0956,0.7715,-10.8026,0.1092,0,0,Forehand follow,1,-0.0333,-19.2513,-15.2273,2.8676,0,Perfect,,-0.0055,-11.1973,-3.4482,11.2,0.455,0.038,6.617,0.7656,0,0.0002
2604,Rally,None,1,-0.005,51.9194,0.0306,3.3937,-15.7087,-3.5586,0.8079,9.7602,1,Run,0,9,Serve,-32.0772,-36.2514,0.0401,0.7794,-10.772,0.5447,0,0,Forehand follow,1,-0.0583,-34.709,-35.2403,11.8544,0,Perfect,,-0.0535,-11.1738,-3.3281,11.2,0.4171,0.0388,6.8041,0.8597,0,0.0001
2605,Rally,None,1,-0.005,52.3035,0.0091,3.3901,-15.6925,-3.4965,0.8803,9.4868,1,Run,0,9,Serve,-32.4083,-36.1184,0.0031,0.7841,-10.751,4.8106,0,0,Forehand follow,1,-0.075,-44.5351,-53.527,0,0,Perfect,,-0.0823,-11.1597,-3.248,11.2,0.3842,0.0394,7.7461,0.8606,0,0.0001
2606,Rally,None,1,-0.005,52.6591,-0.013,3.3869,-15.6756,-3.4055,0.9839,9.0767,1,Run,0,9,Serve,-32.7263,-35.7852,-0.0497,0.7827,-10.7242,0.4123,0,0,Forehand follow,1,-0.1,-54.268,-68.959,5.7459,0,Perfect,,-0.1288,-11.1388,-3.1278,11.2,0.3555,0.0398,7.6939,0.7979,0,0.0001
2607,Rally,None,1,-0.005,52.9897,-0.0347,3.3842,-15.6591,-3.3462,1.0496,8.8033,1,Run,0,9,Serve,-33.1188,-34.6083,-0.0868,0.7815,-10.705,0.0841,0,0,Forehand follow,1,-0.1167,-55.6619,-76.3617,0.7366,0,Perfect,,-0.1633,-11.1248,-3.0478,11.2,0.3306,0.0375,3.9976,0.7148,0,0.0001
2608,Rally,None,1,-0.005,53.2987,-0.0563,3.3819,-15.6428,-3.288,1.1125,8.5299,1,Run,0,9,Serve,-33.8284,-33.9116,-0.1305,0.7821,-10.685,0.9663,0,0,Forehand follow,1,-0.1333,-55.6366,-82.5268,1.1344,0,Perfect,,-0.2005,-11.1106,-2.9677,11.2,0.309,0.0323,2.1387,0.6291,0,0.0001
2609,Rally,None,1,-0.005,53.5889,-0.0794,3.3799,-15.6259,-3.2029,1.2018,8.1199,1,Run,0,9,Serve,-34.7342,-33.3977,-0.2004,0.7805,-10.6566,2.5412,0,0,Forehand follow,1,-0.1583,-54.6302,-90.877,0.2,0,Perfect,,-0.2616,-11.0894,-2.8476,11.2,0.2902,0.0246,1.7828,0.5484,0,0.0001
2610,Rally,None,1,-0.005,53.8628,-0.1027,3.3783,-15.6094,-3.1475,1.2579,7.8465,1,Run,0,9,Serve,-35.7541,-32.7699,-0.256,0.7784,-10.6347,10.9848,0,0,Forehand follow,1,-0.175,-52.0868,-97.7658,4.4481,0,Perfect,,-0.3058,-11.0752,-2.7675,11.2,0.2738,0.0163,3.3343,0.4722,0,0.0001
2611,Rally,None,1,-0.005,54.1224,-0.128,3.3769,-15.5922,-3.0665,1.337,7.4364,1,Run,0,9,Serve,-36.8637,-32.6452,-0.3427,0.7959,-10.6069,0.6781,0,0,Forehand follow,1,-0.2,-52.2692,-106.8594,3.497,0,Perfect,,-0.3773,-11.0541,-2.6473,11.2,0.2596,0.0086,4.1552,0.3924,0,0.0001
2612,Rally,None,1,-0.005,54.3677,-0.1538,3.3757,-15.5754,-3.0138,1.3863,7.163,1,Run,0,9,Serve,-37.9553,-32.3192,-0.4092,0.8324,-10.5866,0.4894,0,0,Forehand follow,1,-0.2167,-47.6765,-108.5165,10.0036,0,Perfect,,-0.4285,-11.0401,-2.5673,11.2,0.2453,0.0022,5.6301,0.3128,0,0
2613,Rally,None,1,-0.005,54.5809,-0.18,3.3748,-15.559,-2.9623,1.4329,6.8896,1,Run,0,9,Serve,-39.0857,-32.4483,-0.4769,0.8478,-10.5663,0.3183,0,0,Forehand follow,1,-0.2333,-50.633,-115.0844,0,0,Perfect,,-0.4824,-11.0263,-2.4872,11.2,0.2133,-0.0024,6.0208,0.2493,0,0
2614,Rally,None,1,-0.005,54.7663,-0.209,3.374,-15.5421,-2.8872,1.4976,6.4795,1,Run,0,9,Serve,-40.1083,-32.6385,-0.5715,0.8637,-10.5435,2.1104,0,0,Forehand follow,1,-0.2583,-51.9266,-120.5249,3.1803,0,Perfect,,-0.5684,-11.006,-2.3671,11.2,0.1854,-0.0052,6.3326,0.173,0,0
2615,Rally,None,1,-0.005,54.9275,-0.2386,3.3734,-15.5256,-2.8384,1.5374,6.2061,1,Run,0,9,Serve,-40.9221,-32.6244,-0.6392,0.8835,-10.5287,9.1467,0,0,Forehand follow,1,-0.275,-51.5339,-121.8158,7.2121,0,Perfect,,-0.6293,-10.9929,-2.287,11.2,0.1612,-0.0064,7.3743,0.0495,0,0
2616,Rally,None,1,-0.005,55.0676,-0.2713,3.373,-15.5089,-2.7674,1.5919,5.796,1,Run,0,9,Serve,-41.6027,-33.1672,-0.7409,0.8872,-10.5114,0.9806,0,0,Forehand follow,0,9,-51.742,-122.0922,5.1151,0,Perfect,,-0.7256,-10.9741,-2.1668,11.2,0.1401,-0.0065,7.4002,0.1136,0,0
2617,Rally,None,1,-0.005,55.1894,-0.3045,3.3727,-15.4927,-2.7215,1.6249,5.5226,1,Run,0,9,Serve,-42.1093,-33.4976,-0.8115,0.8792,-10.5041,2.1569,0,0,Run,0,9,-52.5714,-69.0654,1.5612,0,Perfect,,-0.7932,-10.9624,-2.0868,11.2,0.1218,-0.0057,8.2105,0.2856,0,0
2618,Rally,None,1,-0.005,55.2953,-0.3385,3.3725,-15.4773,-2.6766,1.6551,5.2492,1,Run,0,9,Serve,-42.4472,-34.4561,-0.8787,0.8629,-10.5,0.4442,0,0,Run,0,9,-52.5518,-54.5454,0.9544,0,Perfect,,-0.8635,-10.9515,-2.0067,11.2,0.1059,-0.0044,8.0491,0.4925,0,0
2619,Rally,None,1,-0.005,55.3874,-0.3759,3.3723,-15.462,-2.6115,1.6954,4.8391,1,Run,0,9,Serve,-42.5505,-35.6101,-0.9782,0.8407,-10.4959,0.3775,0,0,Run,0,9,-52.0664,-52.7147,1.5705,0,Perfect,,-0.9733,-10.9379,-1.8866,11.2,0.0921,-0.003,7.9067,0.7275,0,0
2620,Rally,None,1,-0.005,55.4674,-0.4138,3.3723,-15.4479,-2.5694,1.7188,4.5657,1,Run,0,9,Serve,-42.5826,-36.6542,-1.0438,0.8114,-10.5014,4.3388,0,0,Run,0,9,-51.3061,-51.0251,1.9867,0,Perfect,,-1.048,-10.9316,-1.8065,11.2,0.08,-0.0017,8.4451,0.9279,0,0
2621,Rally,None,1,-0.005,55.537,-0.4545,3.3724,-15.4348,-2.5084,1.7488,4.1556,1,Run,0,9,Serve,-42.804,-38.6809,-1.144,0.806,-10.509,1.3812,0,0,Run,0,9,-50.4267,-49.6543,4.1747,0,Perfect,,-1.1562,-10.9251,-1.6863,11.2,0.0696,-0.0005,7.385,1.0502,0,0
2622,Rally,None,1,-0.005,55.5975,-0.4948,3.3726,-15.4229,-2.4691,1.7654,3.8822,1,Run,0,9,Serve,-43.1488,-41.6582,-1.2059,0.7934,-10.52,5.4454,0,0,Run,0,9,-49.3803,-48.8095,0,0,Perfect,,-1.2249,-10.9214,-1.6063,11.2,0.0605,0.0003,4.7186,1.1046,0,0
2623,Rally,None,1,-0.005,55.6501,-0.5347,3.3728,-15.4121,-2.4309,1.7793,3.6089,1,Run,0,9,Serve,-43.4953,-44.1444,-1.2681,0.7998,-10.5292,0.9242,0,0,Run,0,9,-48.4732,-48.3894,2.2989,0,Perfect,,-1.2908,-10.9179,-1.5262,11.2,0.0526,0.0008,3.185,1.0373,0,0
2624,Rally,None,1,-0.005,55.6958,-0.5761,3.3731,-15.4017,-2.3758,1.795,3.1988,1,Run,0,9,Serve,-43.7917,-46.1887,-1.362,0.8005,-10.5329,0.531,0,0,Run,0,9,-47.7216,-48.3792,1.1828,0,Perfect,,-1.3857,-10.911,-1.4061,11.2,0.0457,0.002,2.7573,0.8638,0,0
2625,Rally,None,1,-0.005,55.7355,-0.6165,3.3734,-15.3917,-2.3404,1.8021,2.9254,1,Run,0,9,Serve,-43.4441,-47.6888,-1.4182,0.7813,-10.5356,0.3316,0,0,Run,0,9,-47.2051,-48.6634,0.7313,0,Perfect,,-1.4471,-10.9035,-1.326,11.2,0.0397,0.0041,2.3876,0.6461,0,0
2626,Rally,None,1,-0.005,55.7701,-0.6581,3.3738,-15.381,-2.2894,1.8076,2.5153,1,Run,0,9,Serve,-43.4695,-48.9302,-1.5036,0.7684,-10.5293,0.3243,0,0,Run,0,9,-47.0863,-49.0336,2.047,0,Perfect,,-1.536,-10.8882,-1.2058,11.2,0.0346,0.0066,2.8016,0.364,0,0
2627,Rally,None,1,-0.005,55.8001,-0.6983,3.3743,-15.37,-2.2568,1.8078,2.2419,1,Run,0,9,Serve,-43.0933,-49.5185,-1.6028,0.7664,-10.5163,2.0489,0,0,Run,0,9,-47.3021,-49.3969,5.7895,0,Perfect,,-1.5927,-10.8756,-1.1258,11.2,0.03,0.0095,4.4128,0,0,0
2628,Rally,None,1,-0.005,55.8262,-0.7371,3.3747,-15.3585,-2.2252,1.8053,1.9685,1,Run,0,9,Serve,-42.4363,-49.0047,-1.657,0.7604,-10.4948,9.526,0,0,Run,0,9,-47.8002,-49.6547,4.9788,0,Perfect,,-1.6472,-10.8613,-1.0457,11.2,0.0261,0.0126,5.0562,0.3319,0,0
2629,Rally,None,1,-0.005,55.8489,-0.7765,3.3753,-15.3454,-2.1801,1.7965,1.5584,1,Run,0,9,Serve,-41.7196,-48.0305,-1.7365,0.761,-10.4604,0.6532,0,0,Run,0,9,-48.6391,-49.6551,0.3553,0,Perfect,,-1.7244,-10.8374,-0.9256,11.2,0.0227,0.0155,5.5735,0.6429,0,0
2630,Rally,None,1,-0.005,55.8687,-0.8142,3.3758,-15.3316,-2.1513,1.7872,1.285,1,Run,0,9,Serve,-41.0071,-46.9652,-1.7882,0.7572,-10.4303,0.8449,0,0,Run,0,9,-49.5845,-49.4471,5.305,0,Perfect,,-1.7727,-10.8201,-0.8455,11.2,0.0197,0.0186,6.7612,0.8868,0,0
2631,Rally,None,1,-0.005,55.8858,-0.8518,3.3764,-15.3161,-2.1103,1.7682,0.8749,1,Run,0,9,Serve,-40.304,-45.2747,-1.8162,0.7459,-10.3861,6.1699,0,0,Run,0,9,-50.553,-49.0299,0,0,Perfect,,-1.8401,-10.7927,-0.7253,11.2,0.0172,0.0216,6.8906,1.0623,0,0
2632,Rally,None,1,-0.005,55.9007,-0.8874,3.3771,-15.3001,-2.0844,1.7521,0.6015,1,Run,0,9,Serve,-39.6137,-43.6882,-1.8601,0.7447,-10.3504,0.1344,0,0,Run,0,9,-51.5038,-48.4119,1.2418,0,Perfect,,-1.8816,-10.7738,-0.6453,11.2,0.0149,0.0247,7.7474,1.1269,0,0
2633,Rally,None,1,-0.005,55.9137,-0.9213,3.3777,-15.2836,-2.0595,1.7333,0.3281,1,Backhand prepare 0.06,0,9,Serve,-39.0985,-42.2327,-1.8999,0.7441,-10.3376,1.2406,0.2083,0.1667,Run,0,9,-52.1611,-47.776,1.2025,0,Perfect,,-1.9204,-10.7548,-0.5652,11.2,0.013,0.0277,7.6372,2.7831,0,0
2634,Rally,None,1,-0.005,55.925,-0.9545,3.3784,-15.2656,-2.0244,1.7,-0.082,1,Backhand prepare 0.10,0,9,Serve,-38.5346,-39.482,-1.9149,0.7343,-10.3179,9.1906,0.4167,0.3333,Run,0,9,-52.5758,-47.1418,0.1496,0,Perfect,,-1.9733,-10.7261,-0.4451,11.2,0.0113,0.0302,7.5467,4.6443,0,0
2635,Rally,None,1,-0.005,55.9301,-0.9858,3.3793,-15.2474,-2.0023,1.6743,-0.3554,1,Backhand prepare 0.16,0,9,Serve,-38.9832,-36.9028,-1.8981,0.7321,-10.3191,0.442,0.625,0.5,Run,0,9,-52.6621,-46.6238,0,0,Perfect,,-2.0092,-10.7076,-0.365,11.2,0.0052,0.0327,8.2428,3.7241,0,0
2636,Rally,None,1,-0.005,55.9202,-1.0169,3.3806,-15.228,-1.9713,1.6308,-0.7654,1,Backhand prepare 0.20,0,9,Serve,-40.4637,-33.4179,-1.9434,0.7424,-10.3266,0.4757,0.8333,0.6667,Run,0,9,-52.3407,-46.3416,3.3654,0,Perfect,,-2.068,-10.6817,-0.2448,11.2,-0.01,0.0329,4.9115,3.1219,0,0
2637,Rally,None,1,-0.005,55.9019,-1.0467,3.3822,-15.2091,-1.952,1.5983,-1.0388,1,Forehand prepare 0.26,0,9,Serve,-25.2716,-29.0001,-1.9672,0.7727,-10.3537,2.4106,1,0.8333,Run,0,9,-51.7341,-46.2924,2.6913,0,Perfect,,-2.1103,-10.6659,-0.1648,11.2,-0.0183,0.0299,1.5783,6.1416,0,0
2638,Rally,None,1,-0.005,55.8764,-1.0756,3.384,-15.1907,-1.9338,1.5632,-1.3122,1,Forehand prepare 0.29,0,9,Serve,-24.4088,-26.363,-1.9717,0.8049,-10.319,0.1297,1,1,Run,0,9,-50.9227,-46.4822,0,0,Perfect,,-2.1549,-10.6516,-0.0847,11.2,-0.0254,0.0241,0.8432,6.0076,0,0
2639,Rally,None,1,-0.005,55.8401,-1.1055,3.3862,-15.1723,-1.9087,1.5053,-1.7223,1,Forehand prepare 0.33,0,9,Serve,-24.8991,-25.1317,-1.9914,0.8591,-10.2601,0.3301,1,1,Run,0,9,-49.8952,-46.9528,0,0,Perfect,,-2.2255,-10.6338,0,11.2,-0.0363,0.0172,2.1192,4.9035,0,0
2640,Rally,None,1,-0.005,55.7992,-1.1347,3.3884,-15.155,-1.8933,1.4633,-1.9957,1,Forehand prepare 0.39,0,9,Serve,-27.0408,-23.8598,-1.9656,0.992,-10.1857,1.1727,1,1,Run,0,9,-46.0069,-42.6087,0,0,Perfect,,-2.2742,-10.625,0,11.2,-0.0409,0.0102,4.0441,4.3712,0,0
2641,Rally,None,1,-0.005,55.7497,-1.165,3.3909,-15.1389,-1.8723,1.3952,-2.4058,1,Forehand prepare 0.43,0,9,Serve,-31.1975,-24.0902,-2.0199,1.0979,-10.1565,5.9725,1,1,Ready,0,9,-36.319,-33.4345,3.9969,0,Perfect,,-2.3475,-10.6169,0,11.2,-0.0495,0.0042,4.7098,5.5796,0,0
2642,Rally,None,1,-0.005,55.6976,-1.1945,3.3935,-15.1245,-1.8597,1.3464,-2.6792,1,Forehand prepare 0.49,0,9,Serve,-34.8081,-22.7269,-2.0334,1.2259,-10.1903,4.3555,1,1,Ready,0,9,-24.5386,-23.4101,1.2939,0,Perfect,,-2.395,-10.6146,0,11.2,-0.0522,-0.0004,5.7091,6.9918,0,0
2643,Rally,None,1,-0.005,55.6432,-1.2233,3.3961,-15.1118,-1.8482,1.2949,-2.9526,1,Forehand prepare 0.52,0,9,Serve,-34.8766,-22.2646,-2.048,1.2945,-10.2414,1.2582,1,1,Ready,0,9,-14.2749,-15.1097,0.8942,0,Perfect,,-2.4405,-10.6141,0,11.2,-0.0544,-0.003,5.5923,4.8975,0,0
2644,Rally,None,1,-0.005,55.5823,-1.2525,3.3989,-15.101,-1.833,1.2125,-3.3627,1,Forehand prepare 0.56,0,9,Serve,-36.733,-22.5693,-2.101,1.3527,-10.2902,1.0738,1,1,Ready,0,9,-6.3356,-9.0942,1.8024,0,Perfect,,-2.5041,-10.616,0,11.2,-0.0609,-0.0031,5.4327,3.7074,0,0
2645,Rally,None,1,-0.005,55.5204,-1.2804,3.4017,-15.0919,-1.8242,1.1542,-3.6361,1,Forehand prepare 0.62,0,9,Serve,-47.3459,-24.1374,-2.144,1.3905,-10.3477,6.4555,1,1,Ready,0,9,-0.4843,-4.9816,0.7378,0,Perfect,,-2.5433,-10.6185,0,11.2,-0.0619,-0.0005,5.9447,7.4842,0,0
2646,Rally,None,1,-0.005,55.4532,-1.3083,3.4046,-15.0845,-1.8132,1.0616,-4.0462,1,Forehand prepare 0.65,0,9,Serve,-54.9679,-22.8296,-2.1929,1.3846,-10.4045,6.0176,1,1,Ready,0,9,3.7989,-2.1298,0.9828,0,Perfect,,-2.5971,-10.6237,0,11.2,-0.0672,0.0042,5.9265,9.9223,0,0
2647,Rally,None,1,-0.005,55.3858,-1.3346,3.4075,-15.0785,-1.8073,0.9964,-4.3196,1,Forehand prepare 0.71,0,9,Serve,-52.3851,-15.7414,-2.1999,1.3938,-10.526,1.6639,1,1,Ready,0,9,7.0581,-0.0554,0.9392,0,Perfect,,-2.6296,-10.6275,0,11.2,-0.0674,0.0105,6.733,7.027,0,0
2648,Rally,None,1,-0.005,55.3182,-1.3594,3.4104,-15.0738,-1.8025,0.9286,-4.593,1,Forehand prepare 0.75,0,9,Serve,-48.4527,-9.8277,-2.2473,1.4143,-10.5838,0.8476,1,1,Ready,0,9,9.788,1.5981,0.8629,0,Perfect,,-2.6593,-10.6314,0,11.2,-0.0675,0.0174,6.602,7.8635,0,0
2649,Rally,None,1,-0.005,55.2461,-1.3834,3.4134,-15.0703,-1.7973,0.8217,-5.003,1,Forehand prepare 0.78,0,9,Serve,-49.4282,-6.9326,-2.3028,1.4212,-10.5973,0.6522,1,1,Ready,0,9,12.0856,3.0139,0.775,0,Perfect,,-2.6986,-10.6373,0,11.2,-0.0721,0.0238,6.635,9.4146,0,0
2650,Rally,None,1,-0.005,55.1744,-1.4058,3.4163,-15.0678,-1.7952,0.747,-5.2764,1,Forehand prepare 0.84,0,9,Serve,-57.8443,-10.3807,-2.2579,1.2852,-10.5122,2.065,1,1,Ready,0,9,14.0253,4.2729,0.6007,0,Perfect,,-2.7213,-10.641,0,11.2,-0.0717,0.0298,7.4438,10.5829,0,0
2651,Rally,None,1,-0.005,55.0987,-1.4269,3.4194,-15.0661,-1.7942,0.6298,-5.6865,1,Forehand prepare 0.87,0,9,Serve,-63.6726,-11.6076,-2.2608,1.1312,-10.4784,0,1,1,Ready,0,9,15.61,5.4629,0.511,0,Perfect,,-2.7503,-10.6462,0,11.2,-0.0757,0.0348,7.382,12.3544,0,0
2652,Rally,None,1,-0.005,55.0239,-1.4462,3.4223,-15.0651,-1.7949,0.5484,-5.9599,1,Forehand prepare 0.93,0,9,Serve,-67.4946,-13.1827,-2.2915,0.9345,-10.5024,0,1,1,Ready,0,9,16.7583,6.6319,0.4419,0,Perfect,,-2.7661,-10.6494,0,11.2,-0.0748,0.039,8.1309,17.2272,0,0
2653,Rally,None,1,-0.005,54.9499,-1.4637,3.4252,-15.0645,-1.7968,0.4641,-6.2333,1,Forehand prepare 0.96,0,9,Serve,-59.1352,-9.2249,-2.3515,0.8003,-10.5125,0,1,1,Ready,0,9,17.5481,7.7682,0.312,0,Perfect,,-2.7791,-10.6523,0,11.2,-0.074,0.042,7.9667,16.9363,0,0
2654,Rally,None,1,-0.005,54.872,-1.4795,3.4282,-15.0644,-1.8016,0.3327,-6.6434,1,Forehand prepare 1.00,0,9,Serve,-48.93,-4.345,-2.4175,0.7263,-10.5004,1.7315,1,1,Ready,0,9,17.9365,8.8477,0.0209,0,Perfect,,-2.7935,-10.6561,0,11.2,-0.0778,0.0437,7.8462,15.2904,0,0
2655,Rally,None,1,-0.005,54.7954,-1.4936,3.4311,-15.0645,-1.8062,0.2417,-6.9168,1,Forehand prepare 1.00,0,9,Serve,-38.5945,3.8078,-2.4238,0.7028,-10.5366,1.6119,1,1,Ready,0,9,18.0953,9.8708,0.0599,0,Perfect,,-2.7997,-10.6582,0,11.2,-0.0767,0.0448,8.5,12.1453,0,0
2656,Rally,None,1,-0.005,54.7152,-1.5057,3.4341,-15.0649,-1.8152,0.1,-7.3269,1,Forehand prepare 1.00,0,9,Serve,-28.0695,12.3616,-2.4271,0.688,-10.5822,1.6029,1,1,Ready,0,9,18.175,10.8607,0.0595,0,Perfect,,-2.8038,-10.6608,0,11.2,-0.0802,0.0452,8.315,9.0903,0,0
2657,Rally,None,1,-0.005,54.6419,-1.5162,3.4368,-15.0653,-1.8223,0.1364,-7.5921,1,Forehand prepare 1.00,0,9,Serve,-18.622,20.1345,-2.4299,0.6703,-10.634,1.3419,1,1,Ready,0,9,18.1639,11.6661,0.0492,0,Perfect,,-2.8037,-10.6615,0,11.2,-0.0733,0.0455,8.5,6.5307,0,0
2658,Rally,None,1,-0.005,54.569,-1.5251,3.4395,-15.0656,-1.8304,0.207,-7.8491,1,Forehand prepare 1.00,0,9,Serve,-11.0206,26.8768,-2.4371,0.6618,-10.7053,0,1,1,Ready,0,9,18.3662,12.3291,0.0395,0,Perfect,,-2.8037,-10.6615,0,11.2,-0.0728,0.045,7.8819,5.1864,0,0
2659,Rally,None,1,-0.005,54.4921,-1.5324,3.4422,-15.0658,-1.8446,0.3079,-8.2346,1,Forehand prepare 1.00,0,9,Serve,-5.4814,32.047,-2.4554,0.6621,-10.77,0,1,1,Ready,0,9,18.6365,12.8522,0.0402,0,Perfect,,-2.8037,-10.6615,0,11.2,-0.0769,0.0429,6.2119,5.4037,0,0
2660,Rally,None,1,-0.005,54.4162,-1.5386,3.4449,-15.0659,-1.8554,0.3717,-8.4915,1,Forehand prepare 1.00,0,9,Serve,-1.6857,35.6458,-2.4806,0.6628,-10.8162,0,1,1,Ready,0,9,18.9379,13.26,0.0175,0,Perfect,,-2.8037,-10.6615,0,11.2,-0.076,0.0391,4.8958,6.0025,0,0
2661,Rally,None,1,-0.005,54.3365,-1.5436,3.4476,-15.066,-1.8737,0.4624,-8.877,1,Forehand prepare 1.00,0,9,Serve,0.8265,38.1949,-2.5047,0.6672,-10.8494,0,1,1,Ready,0,9,19.1557,13.4887,0.0838,0,Perfect,,-2.8037,-10.6615,0,11.2,-0.0796,0.0341,3.8585,6.2083,0,0
2662,Rally,None,1,-0.005,54.2582,-1.5477,3.4503,-15.066,-1.8873,0.5194,-9.134,1,Forehand prepare 1.00,1,0.1645,LowPickup,20.3243,59.3738,-2.6012,0.7311,-11.0054,0,1,1,Ready,0,9,19.173,13.5154,0.2217,0,Perfect,,-2.8037,-10.6615,0,11.2,-0.0783,0.0223,2.3967,10.5383,0,0
2663,Rally,None,1,-0.005,54.1811,-1.5511,3.4529,-15.0659,-1.902,0.5737,-9.391,1,Forehand swing,1,0.1367,LowPickup,-2.3505,50.8588,-2.5149,0.6952,-10.8731,0,1,1,Ready,0,9,18.9804,13.3406,0.1782,0,Perfect,,-2.8037,-10.6615,0,11.2,-0.0771,0.0166,1.8889,1.3943,0,0
2664,Rally,None,1,-0.005,54.1004,-1.5537,3.4555,-15.0658,-1.9262,0.6501,-9.7765,1,Forehand swing,1,0.0781,LowPickup,-27.2368,14.6161,-2.153,0.6359,-10.2809,6.4389,1,1,Ready,0,9,18.489,12.9529,0,0,Perfect,,-2.8037,-10.6615,0,11.2,-0.0807,0.0116,1.4887,0,0,0
2665,Rally,None,1,-0.005,54.022,-1.5557,3.458,-15.0657,-1.9437,0.6976,-10.0335,1,Forehand swing,1,0.039,LowPickup,-31.5179,-24.8808,-2.2703,0.9089,-10.078,11.3348,1,1,Ready,0,9,17.8301,12.4207,0.2509,0,Perfect,,-2.8037,-10.6615,0,11.2,-0.0784,0.0075,1.0103,0,0,0
2666,Rally,None,1,0.014,54.2804,-1.5678,3.4538,-15.0663,-1.9357,0.6711,-9.8474,1,Forehand swing,1,-0.0083,LowPickup,-41.1161,-59.1515,-2.382,0.8956,-10.2971,0.5536,1,1,Ready,0,9,17.0621,11.7679,0.5262,0.1217,Great,P:Great;,-2.8037,-10.6615,0,11.2,0.2584,0.0043,0.6678,0,0,0
2667,Rally,None,1,-0.0027,54.505,-1.5765,3.4461,-15.0677,-1.9357,0.6711,-9.8474,1,Forehand follow,1,-0.0083,LowPickup,-26.9396,-26.5393,-2.3297,0.9643,-10.3341,0.9241,1,1,Ready,0,9,16.2991,11.0832,0.4924,0.0633,Great,,-2.8037,-10.6615,0,11.2,0.2247,0.0043,0.6678,0,0,0
2668,Rally,None,1,-0.0027,54.7003,-1.5835,3.4428,-15.0683,-1.909,0.7264,-9.5243,1,Forehand follow,1,-0.025,LowPickup,-35.3386,-40.1668,-2.4239,0.9484,-10.3235,0,1,1,Ready,0,9,15.6609,10.4207,0.2056,0.005,Great,,-2.8017,-10.6619,0,11.2,0.1953,0.0016,0.9623,0,0,0
2669,Rally,None,1,-0.0027,54.8701,-1.5894,3.4399,-15.0689,-1.8824,0.7791,-9.2012,1,Forehand follow,1,-0.0417,LowPickup,-38.1237,-40.7302,-2.2812,0.7889,-10.5576,0,1,1,Ready,0,9,15.1683,9.8424,0.1287,0,Great,,-2.7969,-10.6628,0,11.2,0.1698,0.0032,1.472,0,0,0
2670,Rally,None,1,-0.0027,55.0177,-1.5937,3.4375,-15.0698,-1.8425,0.8534,-8.7166,1,Forehand follow,1,-0.0667,LowPickup,-41.5974,-49.2841,-2.3608,0.7785,-10.3762,0,1,1,Ready,0,9,14.8916,9.4339,0.2233,0,Great,,-2.7846,-10.6652,0,11.2,0.1476,0.007,2.2321,0,0,0
2671,Rally,None,1,-0.0027,55.1461,-1.5966,3.4356,-15.0707,-1.8158,0.8998,-8.3935,1,Forehand follow,1,-0.0833,LowPickup,-40.5122,-55.3385,-2.4047,0.8627,-10.2809,0,1,1,Ready,0,9,14.7922,9.1517,0.2831,0,Great,,-2.773,-10.6674,0,11.2,0.1283,0.012,3.2377,1.3662,0,0
2672,Rally,None,1,-0.0027,55.2576,-1.5975,3.4341,-15.0721,-1.7759,0.9645,-7.9089,1,Forehand follow,1,-0.1083,LowPickup,-44.1779,-65.453,-2.4804,1.0658,-10.1954,0,1,1,Ready,0,9,14.8767,8.9962,0.3479,0,Great,,-2.7505,-10.6717,0,11.2,0.1116,0.018,4.8881,4.1638,0,0
2673,Rally,None,1,-0.0027,55.3546,-1.597,3.4329,-15.0737,-1.7493,1.0045,-7.5858,1,Forehand follow,1,-0.125,LowPickup,-39.9475,-68.21,-2.521,1.1699,-10.2008,0,1,1,Ready,0,9,15.0821,8.9278,0.3062,0,Great,,-2.7321,-10.6753,0,11.2,0.097,0.0238,5.9648,9.371,0,0
2674,Rally,None,1,-0.0027,55.4389,-1.595,3.432,-15.0756,-1.7226,1.0419,-7.2627,1,Forehand follow,1,-0.1417,LowPickup,-35.5226,-69.4419,-2.5278,1.2346,-10.1804,1.7235,1,1,Ready,0,9,15.3607,8.931,0.2201,0,Great,,-2.711,-10.6793,0,11.2,0.0843,0.0288,7.0132,12.1116,0,0
2675,Rally,None,1,-0.0027,55.5122,-1.5906,3.4314,-15.0782,-1.6827,1.0932,-6.7781,1,Forehand follow,1,-0.1667,LowPickup,-29.8724,-70.5775,-2.5661,1.2842,-10.1844,2.2418,1,1,Ready,0,9,15.6828,8.9547,0.1217,0,Great,,-2.6742,-10.6864,0,11.2,0.0733,0.033,7.9108,12.399,0,0
2676,Rally,None,1,-0.0027,55.5759,-1.5848,3.4311,-15.0811,-1.6561,1.1243,-6.455,1,Forehand follow,1,-0.1833,LowPickup,-20.9678,-67.4793,-2.5287,1.2417,-10.1299,0.2617,1,1,Ready,0,9,16.0048,8.929,0.2525,0,Great,,-2.6462,-10.6918,0,11.2,0.0637,0.0359,7.8238,10.0555,0,0
2677,Rally,None,1,-0.0027,55.6313,-1.5764,3.4309,-15.0847,-1.6161,1.166,-5.9704,1,Forehand follow,1,-0.2083,LowPickup,-13.3265,-65.7634,-2.4692,1.1816,-10.1027,0.1853,1,1,Ready,0,9,16.3302,8.9018,0.4224,0,Great,,-2.5991,-10.7008,0,11.2,0.0554,0.0377,8.5,9.3803,0,0
2678,Rally,None,1,-0.0027,55.6795,-1.5666,3.4309,-15.0887,-1.5895,1.1907,-5.6473,1,Forehand follow,1,-0.225,LowPickup,-3.2717,-61.0308,-2.3736,1.1294,-10.0839,0.2457,1,1,Ready,0,9,16.6426,8.9053,0.6231,0,Great,,-2.5644,-10.7075,0,11.2,0.0482,0.0382,8.3273,5.5707,0,0
2679,Rally,None,1,-0.0027,55.7214,-1.5553,3.431,-15.0931,-1.5629,1.2128,-5.3242,1,Forehand follow,1,-0.2417,LowPickup,6.9334,-56.1784,-2.3321,1.0812,-10.1156,0,1,1,Ready,0,9,16.96,8.9254,0.5223,0,Great,,-2.5268,-10.7147,0,11.2,0.0419,0.0373,8.152,4.7413,0,0
2680,Rally,None,1,-0.0027,55.7578,-1.5411,3.4313,-15.0985,-1.5229,1.2412,-4.8396,1,Forehand follow,1,-0.2667,LowPickup,17.3911,-51.009,-2.4216,0.8455,-10.3892,0,1,1,Ready,0,9,17.3061,8.9425,0.1848,0,Great,,-2.4655,-10.7265,0.1201,11.2,0.0364,0.0355,8.5,6.434,0,0
2681,Rally,None,1,-0.0027,55.7894,-1.5256,3.4317,-15.1042,-1.4963,1.2569,-4.5165,1,Forehand follow,0,9,LowPickup,26.2909,-42.8484,-2.3589,0.8287,-10.424,0,1,1,Run,0,9,10.3182,3.199,0.8706,0,Great,,-2.4211,-10.735,0.2002,11.2,0.0316,0.0355,8.5,6.434,0,0
2682,Rally,None,1,-0.0027,55.8169,-1.507,3.4322,-15.1109,-1.4564,1.2757,-4.0319,1,Run,0,9,LowPickup,31.737,-0.036,-1.8725,0.6433,-10.519,0,0.9555,0.8333,Run,0,9,-3.1855,-7.43,1.4926,0,Great,,-2.3495,-10.7487,0.3203,11.2,0.0275,0.0327,8.5,17.1919,0,0
2683,Rally,None,1,-0.0027,55.8409,-1.4871,3.4328,-15.118,-1.4297,1.2851,-3.7088,1,Run,0,9,LowPickup,35.5966,15.7118,-1.8532,0.6391,-10.6448,1.0335,0.856,0.6667,Run,0,9,-16.4231,-18.1772,0,0,Great,,-2.2984,-10.7586,0.3402,11.2,0.0239,0.0293,8.5,6.2795,0,0
2684,Rally,None,1,-0.0027,55.8616,-1.466,3.4334,-15.1255,-1.4031,1.2919,-3.3857,1,Run,0,9,LowPickup,38.2376,20.8425,-1.8477,0.646,-10.6972,0.8383,0.7361,0.5,Ready,0,9,-19.5365,-21.4008,0,0,Great,,-2.2445,-10.7689,0.3402,11.2,0.0208,0.0253,8.5,4.7522,0,0
2685,Rally,None,1,-0.0027,55.8797,-1.4414,3.4341,-15.1342,-1.3632,1.2973,-2.901,1,Run,0,9,LowPickup,40.0862,24.7891,-1.7715,0.6416,-10.7544,0.1961,0.6155,0.3333,Ready,0,9,-13.4034,-15.8849,0,0,Great,,-2.1586,-10.7854,0.3402,11.2,0.0181,0.0206,8.4983,3.1078,0,0
2686,Rally,None,1,-0.0027,55.8954,-1.4157,3.4349,-15.1432,-1.3365,1.2977,-2.578,1,Run,0,9,LowPickup,41.3567,27.8639,-1.7101,0.6409,-10.8031,1.2917,0.5041,0.1667,Ready,0,9,-5.4028,-8.2724,10.5152,0,Great,,-2.0979,-10.7971,0.3402,11.2,0.0157,0.0156,8.5,1.6429,0,0
2687,Rally,None,1,-0.0027,55.9091,-1.3865,3.4357,-15.1535,-1.2966,1.2935,-2.0933,1,Run,0,9,LowPickup,42.1402,30.2817,-1.5379,0.6687,-10.8393,6.9343,0.4064,0,Ready,0,9,1.6712,-1.6403,0.414,0,Great,,-2.0017,-10.8155,0.3402,11.2,0.0137,0.0102,8.5,0.7558,0,0
2688,Rally,None,1,-0.0027,55.921,-1.3562,3.4366,-15.164,-1.27,1.2875,-1.7702,1,Run,0,9,LowPickup,42.5655,32.1429,-1.4292,0.6912,-10.8703,0,0.3236,0,Forehand prepare 0.06,0,9,15.1183,5.5989,0.6901,0,Great,,-1.9342,-10.8285,0.3402,11.2,0.0119,0.0053,8.5,0.9634,0,0
2689,Rally,None,1,-0.0027,55.9313,-1.3249,3.4375,-15.1749,-1.2433,1.279,-1.4472,1,Run,0,9,LowPickup,42.7004,33.5477,-1.3531,0.7008,-10.8884,5.1863,0.2551,0,Forehand prepare 0.10,0,9,12.1282,8.1808,0.982,0,Great,,-1.8655,-10.8417,0.3402,11.2,0.0103,0.0012,8.5,1.3497,0,0
2690,Rally,None,1,-0.0027,55.9403,-1.2903,3.4384,-15.1869,-1.2034,1.2615,-0.9625,1,Run,0,9,LowPickup,42.5288,35.1911,-1.2704,0.7005,-10.8986,0,0.1995,0,Forehand prepare 0.14,0,9,23.2568,14.2623,1.2934,0,Great,,-1.7623,-10.8615,0.3402,11.2,0.009,-0.0017,7.3324,1.44,0,0.0001
2691,Rally,None,1,-0.0027,55.9481,-1.2553,3.4394,-15.1991,-1.1768,1.2466,-0.6394,1,Run,0,9,LowPickup,42.1467,36.7443,-1.2619,0.6879,-10.8962,0,0.1549,0,Forehand prepare 0.19,0,9,29.45,18.5778,0.6979,0,Great,,-1.6936,-10.8747,0.3402,11.2,0.0078,-0.0034,5.7788,1.2949,0,0.0001
2692,Rally,None,1,-0.0027,55.9549,-1.2174,3.4404,-15.2122,-1.1368,1.2194,-0.1548,1,Run,0,9,LowPickup,41.6929,37.9123,-1.1437,0.7085,-10.9029,0,0.1195,0,Forehand prepare 0.23,0,9,34.4574,22.8009,0.3286,0,Great,,-1.5905,-10.8945,0.3402,11.2,0.0068,-0.0042,4.5545,1.0443,0,0
2693,Rally,None,1,-0.0027,55.9388,-1.1796,3.4414,-15.2254,-1.1102,1.1981,0.1683,1,Run,0,9,LowPickup,40.992,38.7594,-1.0602,0.7367,-10.8987,1.0235,0.0918,0,Forehand prepare 0.29,0,9,37.6539,27.2738,0.2565,0,Great,,-1.5217,-10.9077,0.3402,11.2,-0.0161,-0.0042,3.5895,0.7482,0,0
2694,Rally,None,1,-0.0027,55.8826,-1.1417,3.4424,-15.2384,-1.0836,1.1743,0.4914,1,Run,0,9,LowPickup,40.4467,39.6192,-0.9761,0.7838,-10.9,1.5416,0.0702,0,Forehand prepare 0.32,0,9,41.7021,32.4503,0.2086,0,Great,,-1.453,-10.9209,0.3402,11.2,-0.0562,-0.0036,2.829,0.5655,0,0
2695,Rally,None,1,-0.0027,55.7704,-1.1014,3.4434,-15.2523,-1.0436,1.1338,0.976,1,Run,0,9,LowPickup,40.0314,40.2577,-0.8635,0.8079,-10.9122,0.1001,0.0534,0,Forehand prepare 0.36,0,9,46.558,38.8113,0.2287,0,Great,,-1.3499,-10.9407,0.3402,11.2,-0.1122,-0.0028,2.2296,0.5321,0,0
2696,Rally,None,1,-0.0027,55.6307,-1.0614,3.4444,-15.2661,-1.017,1.1036,1.2991,1,Run,0,9,LowPickup,39.7745,40.8686,-0.7886,0.8215,-10.9205,0.2158,0.0405,0,Forehand prepare 0.42,0,9,51.8728,47.5619,0.2378,0,Great,,-1.2811,-10.9539,0.3402,11.2,-0.1397,-0.0019,1.7572,0.5388,0,0
2697,Rally,None,1,-0.0027,55.4459,-1.0193,3.4455,-15.2807,-0.9771,1.0535,1.7837,1,Run,0,9,LowPickup,39.5825,41.1941,-0.6832,0.8307,-10.9369,0.3026,0.0307,0,Forehand prepare 0.45,0,9,56.5169,56.9049,0,0,Great,,-1.178,-10.9737,0.3402,11.2,-0.1848,-0.001,1.3849,0.4841,0,0
2698,Rally,None,1,-0.0027,55.2431,-0.9777,3.4465,-15.295,-0.9504,1.0169,2.1068,1,Run,0,9,LowPickup,39.6647,41.3528,-0.6157,0.8416,-10.9527,0,0.0231,0,Forehand prepare 0.51,0,9,63.8577,68.1312,0,0,Great,,-1.1093,-10.9869,0.3402,11.2,-0.2028,-0.0003,1.0915,0.3092,0,0.0001
2699,Rally,None,1,-0.0027,55.0245,-0.9366,3.4476,-15.3091,-0.9238,0.9777,2.4299,1,Run,0,9,LowPickup,39.9862,41.3462,-0.5515,0.8415,-10.9734,0,0.0174,0,Forehand prepare 0.54,0,9,70.5949,77.1549,0,0,Great,,-1.0405,-11.0001,0.3402,11.2,-0.2186,0.0002,0.8602,0.0706,0,0
2700,Rally,None,1,-0.0027,54.7712,-0.8934,3.4486,-15.324,-0.8839,0.9142,2.9145,1,Run,0,9,LowPickup,40.4348,41.2201,-0.4572,0.824,-11.0026,0,0.0131,0,Forehand prepare 0.58,0,9,73.0687,84.7422,0,0,Great,,-0.9374,-11.02,0.3402,11.2,-0.2533,0.0005,0.678,0.2518,0,0
2701,Rally,None,1,-0.0027,54.5088,-0.851,3.4497,-15.3386,-0.8572,0.8687,3.2376,1,Run,0,9,LowPickup,41.0851,40.9129,-0.4038,0.7917,-11.0286,0,0.0098,0,Forehand prepare 0.64,0,9,66.8678,92.2108,0,0,Great,,-0.8687,-11.0332,0.3402,11.2,-0.2624,0.0007,0.5343,0.5492,0,0
2702,Rally,None,1,-0.0027,54.2173,-0.8066,3.4507,-15.3539,-0.8173,0.7956,3.7222,1,Run,0,9,LowPickup,41.8654,40.4515,-0.3101,0.7597,-11.0649,2.792,0.0073,0,Forehand prepare 0.67,0,9,64.366,98.2074,0,0,Great,,-0.7656,-11.053,0.3402,11.2,-0.2915,0.0007,0.4211,0.8197,0,0
2703,Rally,None,1,-0.0027,53.9217,-0.7632,3.4518,-15.3688,-0.7907,0.7437,4.0453,1,Run,0,9,LowPickup,42.5836,39.9458,-0.2509,0.7634,-11.0946,1.9978,0.0055,0,Forehand prepare 0.73,0,9,66.0482,101.5668,4.2572,0,Great,,-0.6968,-11.0662,0.3402,11.2,-0.2956,0.0006,0.3319,0.9652,0,0
2704,Rally,None,1,-0.0027,53.6225,-0.7204,3.4529,-15.3836,-0.764,0.6893,4.3684,1,Run,0,9,LowPickup,43.2868,39.3776,-0.1947,0.7598,-11.1235,2.5797,0.0041,0,Forehand prepare 0.77,0,9,65.8521,103.7826,2.8108,0,Great,,-0.6281,-11.0794,0.3402,11.2,-0.2992,0.0005,0.2616,1.0184,0,0
2705,Rally,None,1,-0.0027,53.2991,-0.676,3.454,-15.3989,-0.7241,0.6028,4.853,1,Run,0,9,LowPickup,43.909,38.8023,-0.1076,0.7562,-11.1572,2.4314,0.003,0,Forehand prepare 0.80,0,9,61.5822,104.2986,0.3116,0,Great,,-0.527,-11.0988,0.3402,11.2,-0.3234,0.0003,0.2062,0.9665,0,0.0001
2706,Rally,None,1,-0.0027,52.9758,-0.6328,3.455,-15.4138,-0.6975,0.542,5.1761,1,Run,0,9,LowPickup,44.3399,38.9285,-0.0483,0.7631,-11.177,3.9113,0.0023,0,Forehand prepare 0.86,0,9,47.4802,98.7799,1.8192,0,Great,,-0.463,-11.1111,0.3402,11.2,-0.3234,0.0011,1.4266,0.7615,0,0
2707,Rally,None,1,-0.0027,52.6313,-0.5887,3.4561,-15.429,-0.6575,0.4459,5.6607,1,Run,0,9,LowPickup,44.5417,39.0451,0.0839,0.7829,-11.1962,1.538,0,0,Forehand prepare 0.90,0,9,33.9048,90.7535,1.4973,0,Great,,-0.3722,-11.1285,0.3402,11.2,-0.3444,0.0032,2.7134,0.4606,0,0
2708,Rally,None,1,-0.0027,52.2897,-0.5463,3.4572,-15.4437,-0.6309,0.3787,5.9838,1,Run,0,9,LowPickup,44.6073,39.4484,0.182,0.8119,-11.205,3.2733,0,0,Forehand prepare 0.95,0,9,16.9146,72.0009,0.9598,0,Great,,-0.315,-11.1395,0.3402,11.2,-0.3416,0.007,4.522,0.1323,0,0
2709,Rally,None,1,-0.0027,51.9906,-0.5055,3.4582,-15.4578,-0.6043,0.3089,6.3069,1,Run,0,9,LowPickup,44.4746,39.5945,0.2324,0.7986,-11.2168,1.3955,0,0,Forehand prepare 0.99,0,9,7.7868,57.7835,1.6227,0,Great,,-0.2606,-11.1499,0.3402,11.2,-0.2991,0.012,5.153,0.2003,0,0
2710,Rally,None,1,-0.0027,51.7305,-0.4645,3.4593,-15.472,-0.5643,0.1995,6.7915,1,Run,0,9,LowPickup,44.1482,39.8822,0.2825,0.7659,-11.2132,0.9752,0,0,Forehand prepare 1.00,0,9,5.5694,52.8029,0.4303,0,Great,,-0.1841,-11.1646,0.3402,11.2,-0.26,0.0175,5.6503,0.5203,0,0
2711,Rally,None,1,-0.0027,51.5044,-0.4255,3.4604,-15.4855,-0.5377,0.1233,7.1146,1,Run,0,9,LowPickup,43.7641,40.5172,0.2987,0.7494,-11.211,3.2522,0,0,Forehand prepare 1.00,1,0.1762,27.1263,67.8896,0,0,Great,,-0.1365,-11.1738,0.3402,11.2,-0.2261,0.0233,6.8367,0.7671,0,0
2712,Rally,None,1,-0.0027,51.3079,-0.3868,3.4614,-15.4989,-0.4996,0.1555,7.5773,1,Run,0,9,LowPickup,43.3289,40.9174,0.3727,0.7504,-11.2127,0,0,0,Forehand swing,1,0.1551,6.3998,60.5826,1.3444,0,Great,,-0.0702,-11.1865,0.4203,11.2,-0.1965,0.0288,6.9772,0.9099,0,0
2713,Rally,None,1,-0.0027,51.137,-0.3502,3.4625,-15.5116,-0.4747,0.2083,7.8784,1,Run,0,9,LowPickup,42.9371,41.6095,0.421,0.7594,-11.2107,0,0,0,Forehand swing,1,0.141,-0.1087,56.4197,1.2352,0,Great,,-0.0294,-11.1944,0.5004,11.2,-0.1709,0.0339,7.8825,0.947,0,0
2714,Rally,None,1,-0.0027,50.9885,-0.3163,3.4636,-15.5233,-0.4499,0.2585,8.1795,1,Run,0,9,LowPickup,42.4754,42.086,0.4573,0.7638,-11.2056,0,0,0,Forehand swing,1,0.1269,-7.7058,48.3307,1.0094,0,Great,,0,-11.2,0.5005,11.2,-0.1485,0.038,7.8015,0.9245,0,0
2715,Rally,None,1,-0.0027,50.8593,-0.2868,3.4646,-15.5335,-0.4127,0.3288,8.6312,1,Ready,0,9,LowPickup,39.8229,38.4266,0.4309,0.7487,-11.1417,0.286,0,0,Forehand swing,1,0.1057,-16.5063,34.0524,0.6705,0,Great,,0,-11.2,0.5005,11.2,-0.1291,0.04,6.1485,1.4643,0,0
2716,Rally,None,1,-0.0027,50.7471,-0.2612,3.4657,-15.5424,-0.3879,0.3724,8.9323,1,Ready,0,9,LowPickup,34.8752,32.8082,0.3797,0.7568,-11.043,1.5376,0,0,Forehand swing,1,0.0916,-17.3725,25.7203,0,0,Great,,0,-11.2,0.5005,11.2,-0.1123,0.0393,4.8458,1.2925,0,0
2717,Rally,None,1,-0.0027,50.6495,-0.2389,3.4667,-15.5501,-0.3507,0.4328,9.384,1,Ready,0,9,LowPickup,29.7941,27.4879,0.3314,0.7717,-10.9612,0.534,0,0,Forehand swing,1,0.0705,-22.9913,8.778,0,0,Great,,0,-11.2,0.5005,11.2,-0.0976,0.0363,3.8191,1.1012,0,0
2718,Rally,None,1,-0.0027,50.5646,-0.2195,3.4678,-15.5568,-0.3258,0.4697,9.6851,1,Ready,0,9,LowPickup,25.3799,22.8844,0.2907,0.7788,-10.9046,0.7146,0,0,Forehand swing,1,0.0564,-22.3516,-1.1449,0,0,Great,,0,-11.2,0.5005,11.2,-0.0849,0.0316,3.01,1.2707,0,0
2719,Rally,None,1,-0.0027,50.4909,-0.2027,3.4688,-15.5626,-0.301,0.504,9.9862,1,Ready,0,9,LowPickup,21.8602,19.1115,0.2619,0.783,-10.8684,0.4751,0,0,Forehand swing,1,0.0423,-23.1974,-15.0645,0,0,Great,,0,-11.2,0.5005,11.2,-0.0738,0.0259,2.3722,1.4468,0,0
2720,Rally,None,1,-0.0027,50.4267,-0.1881,3.4698,-15.5677,-0.2638,0.5504,10.4379,1,Ready,0,9,LowPickup,19.2677,16.0519,0.2447,0.7866,-10.8472,3.5109,0,0,Forehand swing,1,0.0211,-27.675,-33.1057,0,0,Great,,0,-11.2,0.5005,11.2,-0.0641,0.02,1.8696,1.5581,0,0
2721,Rally,None,1,-0.0027,50.371,-0.1753,3.4708,-15.5721,-0.239,0.5781,10.739,1,Ready,0,9,LowPickup,17.4096,13.5232,0.2357,0.7888,-10.8335,0.9902,0,0,Forehand swing,1,0.007,-27.1689,-33.7837,0,0,Great,,0,-11.2,0.5032,11.2,-0.0557,0.0143,1.4735,1.5932,0,1.3867
2722,Rally,None,1,-0.0027,51.1064,-0.1643,3.4719,-15.5761,-0.2266,0.5909,10.7696,1,Ready,0,9,LowPickup,16.114,11.377,0.2323,0.7882,-10.822,0.8696,0,0,Forehand swing,1,0,-26.6523,-30.0304,11.6749,0,Great,R;,0,-11.2,0.5138,11.2,0.7354,0.0094,1.1613,1.5625,0,1.0929
2723,Rally,None,1,-0.0027,51.7457,-0.1546,3.4729,-15.5796,-0.2479,0.6709,10.4805,1,Ready,0,9,LowPickup,15.2372,9.5062,0.2313,0.7895,-10.818,0.0655,0,0,Forehand swing,1,-0.0167,-34.4743,-41.4672,4.6572,0,Great,,0,-11.2,0.4337,11.2,0.6393,0.0055,0.9153,1.4791,0,0.8614
2724,Rally,None,1,-0.0027,52.3015,-0.1463,3.4739,-15.5826,-0.2693,0.7483,10.1914,1,Ready,0,9,LowPickup,14.6788,7.8486,0.2316,0.8018,-10.8353,0.2196,0,0,Forehand follow,1,-0.0333,-37.097,-38.7757,0.3666,0,Great,,0,-11.2,0.3536,11.2,0.5558,0.0026,0.7213,1.3591,0,0.6789
2725,Rally,None,1,-0.0027,52.7847,-0.139,3.4749,-15.5852,-0.3014,0.8595,9.7578,1,Ready,0,9,LowPickup,14.3106,6.3588,0.2308,0.8176,-10.8538,0.3059,0,0,Forehand follow,1,-0.0583,-38.2192,-41.0778,0.6681,0,Great,,0,-11.2,0.2335,11.2,0.4832,0.0006,0.5685,1.1951,0,0.535
2726,Rally,None,1,-0.0027,53.2047,-0.1327,3.4759,-15.5874,-0.3227,0.9302,9.4687,1,Ready,0,9,LowPickup,14.0259,5.022,0.2245,0.8188,-10.8432,0.348,0,0,Forehand follow,1,-0.075,-31.5205,-39.4245,0,0,Great,,0,-11.2,0.1534,11.2,0.4201,-0.0005,0.4481,0.9889,0,0.5518
2727,Rally,None,1,-0.0027,53.5699,-0.1275,3.4769,-15.5896,-0.3548,1.0314,9.0351,1,Ready,0,9,LowPickup,13.8099,3.8291,0.2153,0.82,-10.8339,0.3122,0,0,Forehand follow,1,-0.1,-28.0422,-41.2364,0,0,Great,,-0.0037,-11.202,0.0333,11.2,0.3652,-0.001,0.3531,0.7833,0,0.5375
2728,Rally,None,1,-0.0027,53.8874,-0.1233,3.4779,-15.5919,-0.3762,1.0956,8.746,1,Run,0,9,LowPickup,13.1303,2.8222,0.2091,0.8394,-10.8502,0.0645,0,0,Forehand follow,1,-0.1167,-17.6197,-36.5129,0,0,Great,,-0.0092,-11.2049,0,11.2,0.3175,0.0001,2.6058,0.6118,0,0.5044
2729,Rally,None,1,-0.0027,54.1634,-0.1203,3.4788,-15.5944,-0.3975,1.1571,8.457,1,Run,0,9,LowPickup,11.1847,0.6352,0.2003,0.857,-10.8711,0.293,0,0,Forehand follow,1,-0.1333,-10.9893,-34.1294,0,0,Great,,-0.0172,-11.2092,0,11.2,0.276,0.0026,3.6407,0.549,0,0.4587
2730,Rally,None,1,-0.0027,54.4033,-0.1188,3.4798,-15.5978,-0.4296,1.2444,8.0234,1,Run,0,9,LowPickup,7.4582,-2.5326,0.1757,0.8631,-10.8818,0.4363,0,0,Forehand follow,1,-0.1583,-10.2208,-39.5337,0,0,Great,,-0.0337,-11.218,0,11.2,0.2399,0.0058,4.4577,0.7012,0,0.3615
2731,Rally,None,1,-0.0027,54.6119,-0.1186,3.4807,-15.6016,-0.451,1.2993,7.7343,1,Run,0,9,LowPickup,1.9702,-6.8608,0.1498,0.8749,-10.8881,0.6497,0,0,Forehand follow,1,-0.175,-9.5792,-45.0267,0,0,Great,,-0.0478,-11.2255,0,11.2,0.2086,0.0095,5.8964,1.0698,0,0.2849
2732,Rally,None,1,-0.0027,54.7933,-0.1202,3.4816,-15.6068,-0.483,1.3767,7.3007,1,Run,0,9,LowPickup,-5.1021,-12.5704,0.1113,0.8699,-10.898,0.7614,0,0,Forehand follow,1,-0.2,-13.3235,-54.221,2.7932,0,Great,,-0.0735,-11.2392,0,11.2,0.1813,0.0128,6.236,1.4569,0,0.2246
2733,Rally,None,1,-0.0027,54.9509,-0.1231,3.4825,-15.6126,-0.5044,1.425,7.0116,1,Run,0,9,LowPickup,-12.112,-17.3759,0.0827,0.8688,-10.9046,0,0,0,Forehand follow,1,-0.2167,-16.6716,-62.4829,5.3496,0,Great,,-0.0937,-11.25,0,11.2,0.1577,0.0152,7.2982,0.6768,0,0.177
2734,Rally,None,1,-0.0027,55.088,-0.1272,3.4835,-15.6193,-0.5258,1.4707,6.7225,1,Run,0,9,LowPickup,-17.9406,-21.9182,0.049,0.862,-10.9097,0,0,0,Forehand follow,1,-0.2333,-21.1807,-71.6537,0.6623,0,Great,,-0.1164,-11.2621,0,11.2,0.1371,0.0163,7.341,0.5905,0,0.1395
2735,Rally,None,1,-0.0027,55.2071,-0.1336,3.4843,-15.6277,-0.5578,1.5342,6.2889,1,Run,0,9,LowPickup,-22.2051,-25.2414,0.0001,0.8556,-10.9189,0,0,0,Forehand follow,1,-0.2583,-25.0745,-81.3051,0.6518,0,Great,,-0.155,-11.2827,0,11.2,0.1192,0.0158,7.3746,0.5106,0,0.1099
2736,Rally,None,1,-0.0027,55.3107,-0.1412,3.4852,-15.6371,-0.5792,1.5732,5.9998,1,Run,0,9,LowPickup,-25.1279,-27.1166,-0.0372,0.8547,-10.9204,0,0,0,Forehand follow,1,-0.275,-27.3228,-86.901,0.9293,0,Great,,-0.1838,-11.2981,0,11.2,0.1036,0.0137,8.1957,0.3975,0,0.0866
2737,Rally,None,1,-0.0027,55.4008,-0.1512,3.4861,-15.6485,-0.6113,1.6268,5.5662,1,Run,0,9,LowPickup,-27.1921,-28.484,-0.0952,0.8495,-10.9309,0,0,0,Forehand follow,0,9,-30.1797,-90.3464,0.3077,0,Great,,-0.2316,-11.3236,0,11.2,0.0901,0.0105,8.0483,0.3104,0,0.0866
2738,Rally,None,1,-0.0027,55.479,-0.1624,3.487,-15.6609,-0.6326,1.6592,5.2772,1,Run,0,9,LowPickup,-28.6637,-28.9567,-0.1431,0.8473,-10.9329,0,0,0,Forehand finish,0,9,-31.7901,-93.4178,0,0,Great,,-0.2665,-11.3423,0,11.2,0.0783,0.0071,8.5,0.3106,0,0.0683
2739,Rally,None,1,-0.0027,55.5471,-0.1749,3.4878,-15.6743,-0.654,1.6889,4.9881,1,Run,0,9,LowPickup,-29.8279,-29.1942,-0.1938,0.837,-10.9396,2.9407,0,0,Forehand finish,0,9,-30.9795,-93.2453,0,0,Great,,-0.3039,-11.3622,0,11.2,0.0681,0.0038,8.4667,0.3913,0,0.0538
2740,Rally,None,1,-0.0027,55.6063,-0.1901,3.4887,-15.6901,-0.6861,1.7286,4.5545,1,Run,0,9,LowPickup,-30.8008,-29.2079,-0.2682,0.8255,-10.9606,3.7678,0,0,Forehand finish,0,9,-31.4891,-92.3105,0,0,Great,,-0.3645,-11.3946,0,11.2,0.0592,0.0011,8.2619,0.4919,0,0.0424
2741,Rally,None,1,-0.0027,55.6577,-0.2064,3.4895,-15.7068,-0.7075,1.7518,4.2654,1,Run,0,9,LowPickup,-31.6526,-28.8223,-0.326,0.8502,-10.9738,0.6802,0,0,Forehand finish,0,9,-31.9912,-90.3221,0,0,Great,,-0.408,-11.4178,0,11.2,0.0514,-0.0009,8.5,0.5872,0,0.0334
2742,Rally,None,1,-0.0027,55.7024,-0.2256,3.4903,-15.7263,-0.7395,1.7816,3.8318,1,Run,0,9,LowPickup,-32.4668,-28.3864,-0.4089,0.8624,-11.0034,1.3725,0,0,Forehand finish,0,9,-32.6723,-87.8876,0,0,Great,,-0.4778,-11.4551,0,11.2,0.0447,-0.0021,8.5,0.6657,0,0.0263
2743,Rally,None,1,-0.0027,55.7413,-0.2459,3.4911,-15.7466,-0.7609,1.7981,3.5427,1,Run,0,9,LowPickup,-33.2328,-27.8508,-0.4697,0.8759,-11.0216,7.8704,0,0,Forehand finish,0,9,-33.5285,-85.4239,0,0,Great,,-0.5275,-11.4816,0,11.2,0.0389,-0.0027,8.5,0.7127,0,0.0208
2744,Rally,None,1,-0.0027,55.7751,-0.2672,3.4919,-15.7679,-0.7823,1.812,3.2536,1,Run,0,9,LowPickup,-33.88,-27.2342,-0.5309,0.8979,-11.0381,4.3443,0,0,Forehand finish,0,9,-34.2531,-82.9297,0.3818,0,Great,,-0.5795,-11.5094,0,11.2,0.0338,-0.0027,8.5,0.7092,0,0.0164
2745,Rally,None,1,-0.0027,55.8045,-0.2917,3.4927,-15.7921,-0.8143,1.8279,2.82,1,Run,0,9,LowPickup,-34.4387,-26.6783,-0.622,0.9134,-11.074,2.9725,0,0,Forehand finish,0,9,-34.8895,-80.7808,0,0,Great,,-0.6622,-11.5535,0,11.2,0.0294,-0.0024,8.5,0.6364,0,0.0129
2746,Rally,None,1,-0.0027,55.83,-0.3172,3.4935,-15.8173,-0.8357,1.8351,2.5309,1,Run,0,9,LowPickup,-34.8216,-26.2104,-0.686,0.9179,-11.1004,3.9119,0,0,Forehand finish,0,9,-35.3118,-79.0067,0,0,Great,,-0.7204,-11.5846,0,11.2,0.0255,-0.0019,8.5,0.4838,0,0.0102
2747,Rally,None,1,-0.0027,55.8522,-0.346,3.4942,-15.8455,-0.8677,1.8411,2.0973,1,Run,0,9,LowPickup,-35.0477,-25.9003,-0.7789,0.9147,-11.1472,2.2547,0,0,Forehand finish,0,9,-35.4749,-77.609,0,0,Great,,-0.8123,-11.6337,0,11.2,0.0222,-0.0013,8.5,0.266,0,0.008
2748,Rally,None,1,-0.0027,55.8715,-0.3756,3.495,-15.8745,-0.8891,1.8418,1.8083,1,Run,0,9,LowPickup,-34.9108,-25.7324,-0.8351,0.906,-11.1815,4.1692,0,0,Forehand finish,0,9,-34.8326,-76.3522,0,0,Great,,-0.8767,-11.668,0,11.2,0.0193,-0.0007,8.5,0.0474,0,0.0063
2749,Rally,None,1,-0.0027,55.8883,-0.4062,3.4957,-15.9044,-0.9105,1.8398,1.5192,1,Run,0,9,LowPickup,-34.4544,-25.8194,-0.8911,0.882,-11.2233,1.2917,0,0,Forehand finish,0,9,-33.158,-75.2777,0,0,Great,,-0.9434,-11.7036,0,11.2,0.0168,-0.0003,8.5,0.4115,0,0.005
2750,Rally,None,1,-0.0027,55.9029,-0.44,3.4964,-15.9373,-0.9426,1.8319,1.0856,1,Run,0,9,LowPickup,-33.7575,-26.1407,-0.9826,0.8589,-11.2934,4.6808,0,0,Forehand finish,0,9,-30.7249,-74.3924,0,0,Great,,-1.0443,-11.7575,0,11.2,0.0146,0.0001,8.5,0.7831,0,0.0039
2751,Rally,None,1,-0.0027,55.9156,-0.474,3.4971,-15.9705,-0.9639,1.8233,0.7965,1,Run,0,9,LowPickup,-32.9914,-27.8137,-1.032,0.8519,-11.3459,4.8611,0,0,Forehand finish,0,9,-27.7346,-73.7028,0,0,Great,,-1.1084,-11.7917,0,11.2,0.0127,0.0003,5.8823,1.114,0,0.0031
2752,Rally,None,1,-0.0027,55.9266,-0.5101,3.4978,-16.0056,-0.996,1.8054,0.3629,1,Run,0,9,LowPickup,-32.1926,-29.7277,-1.1068,0.8291,-11.4118,3.5063,0,0,Forehand finish,0,9,-24.3975,-73.0556,0,0,Great,,-1.2,-11.8406,0,11.2,0.011,0.0004,3.0469,1.3282,0,0.0024
2753,Rally,None,1,-0.0027,55.9362,-0.5457,3.4985,-16.0402,-1.0174,1.7902,0.0738,1,Backhand prepare 0.03,0,9,LowPickup,-31.5542,-30.3313,-1.1524,0.8003,-11.4838,5.9432,0.2083,0.1667,Forehand finish,0,9,-20.6528,-72.2843,0,0,Great,,-1.2581,-11.8716,0,11.2,0.0096,0.0005,0.0178,2.5149,0,0.0019
2754,Rally,None,1,-0.0027,55.9445,-0.5806,3.4992,-16.0741,-1.0387,1.7723,-0.2153,1,Backhand prepare 0.07,0,9,LowPickup,-30.9955,-28.9953,-1.1798,0.7835,-11.5564,3.3915,0.4167,0.3333,Forehand finish,0,9,-16.5659,-71.3386,0,0,Great,,-1.3136,-11.9013,0,11.2,0.0083,0.0014,1.575,1.7843,0,0.0015
2755,Rally,None,1,-0.0027,55.9518,-0.6166,3.4999,-16.1091,-1.0708,1.7406,-0.6489,1,Backhand prepare 0.10,0,9,LowPickup,-30.686,-27.795,-1.2129,0.7803,-11.5966,0.9611,0.625,0.5,Forehand finish,0,9,-12.0222,-69.5701,0.8251,0,Great,,-1.3924,-11.9433,0,11.2,0.0072,0.0036,2.8304,0.4715,0,0.0012
2756,Rally,None,1,-0.0027,55.9573,-0.6515,3.5005,-16.1429,-1.0922,1.7161,-0.938,1,Backhand prepare 0.15,0,9,LowPickup,-26.079,-26.4054,-1.1894,0.7907,-11.6058,1.5931,0.8333,0.6667,Forehand finish,0,9,-7.1194,-66.9228,0.9131,0,Great,,-1.4419,-11.9697,0,11.2,0.0055,0.0076,4.6142,1.2316,0,0.0009
2757,Rally,None,1,-0.0027,55.9497,-0.6865,3.5011,-16.1771,-1.1242,1.6745,-1.3716,1,Backhand prepare 0.18,0,9,LowPickup,-25.1571,-26.1719,-1.2393,0.7914,-11.6558,0.2735,1,0.8333,Forehand finish,0,9,-2.0041,-63.5094,0.9658,0,Great,,-1.5114,-12.0069,0,11.2,-0.0076,0.0126,5.2257,1.0587,0,0.0007
2758,Rally,None,1,-0.0027,55.9347,-0.7198,3.5017,-16.2098,-1.1456,1.6434,-1.6606,1,Backhand prepare 0.23,0,9,LowPickup,-25.4432,-27.7158,-1.3158,0.7847,-11.6632,0.2027,1,1,Forehand finish,0,9,3.0559,-59.3986,0.9686,0,Great,,-1.5548,-12.03,0,11.2,-0.015,0.0185,6.502,2.1602,0,0.0006
2759,Rally,None,1,-0.0027,55.9132,-0.7515,3.5023,-16.2411,-1.167,1.6096,-1.9497,1,Backhand prepare 0.27,0,9,LowPickup,-26.075,-29.224,-1.3761,0.7867,-11.6749,0,1,1,Forehand finish,0,9,7.7852,-54.6786,0.9377,0,Great,,-1.5956,-12.0518,0,11.2,-0.0214,0.0244,6.7135,2.7845,0,0.0005
2760,Rally,None,1,-0.0027,55.8815,-0.7809,3.5028,-16.2704,-1.199,1.5541,-2.3833,1,Backhand prepare 0.30,0,9,LowPickup,-36.5025,-33.8683,-1.7833,0.8426,-11.6992,0,1,1,Forehand finish,0,9,11.9625,-49.3636,2.7285,0,Great,,-1.6261,-12.0681,0,11.2,-0.0317,0.0298,6.8801,4.5975,0,0.0004
2761,Rally,None,1,-0.0027,55.8449,-0.8062,3.5034,-16.2959,-1.2204,1.5137,-2.6724,1,Backhand prepare 0.35,0,9,LowPickup,-33.6874,-31.4893,-1.7232,0.7644,-11.7702,0,1,1,Forehand finish,0,9,15.3676,-43.5067,1.3625,0,Great,,-1.6261,-12.0681,0,11.2,-0.0367,0.033,5.4224,2.7355,0,0.0003
2762,Rally,None,1,-0.0027,55.7994,-0.8279,3.5038,-16.318,-1.2525,1.4483,-3.106,1,Backhand prepare 0.39,0,9,LowPickup,-27.5125,-25.0407,-1.6389,0.7891,-11.6406,0,1,1,Forehand finish,0,9,17.8153,-37.2106,1.0089,0,Great,,-1.6261,-12.0681,0,11.2,-0.0455,0.0338,4.2736,1.1412,0,0.0002
2763,Rally,None,1,-0.0027,55.7508,-0.8465,3.5043,-16.3372,-1.2738,1.4013,-3.3951,1,Backhand prepare 0.45,0,9,LowPickup,-21.7488,-19.7965,-1.5784,0.7324,-11.715,3.9679,1,1,Forehand finish,0,9,18.9615,-30.6944,0.1692,0,Great,,-1.6261,-12.0681,0,11.2,-0.0486,0.0322,3.3681,1.1467,0,0.0002
2764,Rally,None,1,-0.0027,55.6995,-0.8624,3.5047,-16.3539,-1.2952,1.3517,-3.6842,1,Backhand prepare 0.48,0,9,LowPickup,-18.8082,-16.9463,-1.5682,0.7588,-11.7209,2.6755,1,1,Forehand finish,0,9,18.8896,-24.0267,0.1987,0,Great,,-1.6261,-12.0681,0,11.2,-0.0513,0.0287,2.6545,2.2838,0,0.0001
2765,Rally,None,1,-0.0027,55.6412,-0.8759,3.505,-16.3684,-1.3273,1.2723,-4.1178,1,Backhand prepare 0.52,0,9,LowPickup,-21.6881,-18.2755,-1.575,0.7772,-11.7753,1.1957,1,1,Forehand finish,0,9,18.0206,-17.5454,0.3326,0,Great,,-1.6261,-12.0681,0,11.2,-0.0582,0.024,2.0921,2.9569,0,0.0001
2766,Rally,None,1,-0.0027,55.5815,-0.8875,3.5054,-16.381,-1.3486,1.2161,-4.4069,1,Backhand prepare 0.58,0,9,LowPickup,-32.3331,-25.6606,-1.6324,0.8191,-11.754,4.3813,1,1,Forehand finish,0,9,16.8079,-11.3849,0.3825,0,Great,,-1.6261,-12.0681,0,11.2,-0.0597,0.0188,1.6488,4.0379,0,0.0001
2767,Rally,None,1,-0.0027,55.516,-0.8971,3.5057,-16.392,-1.3807,1.1268,-4.8405,1,Backhand prepare 0.61,0,9,LowPickup,-40.0903,-34.4018,-1.6927,0.8598,-11.7455,1.6055,1,1,Forehand finish,0,9,15.6904,-5.9665,0.363,0,Great,,-1.6261,-12.0681,0,11.2,-0.0655,0.0138,1.2995,5.0179,0,0.0001
2768,Rally,None,1,-0.0027,55.45,-0.9053,3.506,-16.4015,-1.4021,1.064,-5.1295,1,Backhand prepare 0.67,0,9,LowPickup,-47.8828,-48.9204,-1.8053,0.9176,-11.7425,2.1776,1,1,Forehand finish,0,9,14.7922,-1.4733,0.2934,0,Great,,-1.6261,-12.0681,0,11.2,-0.066,0.0092,1.0242,8.8875,0,0.0001
2769,Rally,None,1,-0.0027,55.3836,-0.9122,3.5062,-16.4098,-1.4234,0.9985,-5.4186,1,Backhand prepare 0.71,0,9,LowPickup,-56.0395,-63.4839,-1.9102,0.964,-11.7864,0,1,1,Ready,0,9,8.7405,-2.9875,0,0,Great,,-1.6261,-12.0681,0,11.2,-0.0665,0.0055,0.8072,8.616,0,0
2770,Rally,None,1,-0.0027,55.3122,-0.9178,3.5064,-16.417,-1.4555,0.8953,-5.8522,1,Backhand prepare 0.74,0,9,LowPickup,-63.5892,-77.0697,-1.9771,0.9902,-11.8493,0,1,1,Ready,0,9,8.8124,-2.1667,0.2691,0,Great,,-1.6261,-12.0681,0,11.2,-0.0714,0.0026,0.6362,7.1061,0,0
2771,Rally,None,1,-0.0027,55.241,-0.9225,3.5066,-16.4232,-1.4769,0.8232,-6.1413,1,Backhand prepare 0.80,0,9,LowPickup,-63.8583,-90.2583,-2.0152,1.0165,-11.9002,0,1,1,Ready,0,9,8.9043,-1.5319,0.4607,0,Great,,-1.6261,-12.0681,0,11.2,-0.0711,0.0007,0.5014,11.3085,0,0
2772,Rally,None,1,-0.0027,55.1656,-0.9262,3.5068,-16.4287,-1.5089,0.7101,-6.5749,1,Backhand prepare 0.84,0,9,LowPickup,-57.2759,-99.0274,-2.0157,1.0189,-11.9322,0,1,1,Ready,0,9,8.9949,-1.0475,0.5667,0,Great,,-1.6261,-12.0681,0,11.2,-0.0755,-0.0005,0.3951,16.3764,0,0
2773,Rally,None,1,-0.0027,55.0909,-0.9292,3.5069,-16.4334,-1.5303,0.6314,-6.864,1,Backhand prepare 0.89,0,9,LowPickup,-34.8431,-102.8068,-1.9609,1.07,-11.9427,10.5342,1,1,Ready,0,9,9.0967,-0.676,0.4261,0,Great,,-1.6261,-12.0681,0,11.2,-0.0747,-0.001,0.3114,23.8881,0,0
2774,Rally,None,1,-0.0027,55.0169,-0.9316,3.507,-16.4376,-1.5517,0.5501,-7.1531,1,Backhand prepare 0.93,0,9,LowPickup,-20.8947,-102.2844,-1.872,1.0446,-11.9942,1.8106,1,1,Ready,0,9,9.2792,-0.3249,2.8332,0,Great,,-1.6261,-12.0681,0,11.2,-0.074,-0.0011,0.2454,18.5702,0,0
2775,Rally,None,1,-0.0027,54.939,-0.9333,3.5071,-16.4412,-1.5837,0.4231,-7.5867,1,Backhand prepare 0.97,0,9,LowPickup,-9.8881,-95.9979,-1.8583,0.9431,-11.9449,0.7063,1,1,Ready,0,9,9.6015,0.0887,1.338,0,Great,,-1.6261,-12.0681,0,11.2,-0.0779,-0.0009,0.1934,10.7948,0,0
2776,Rally,None,1,-0.0027,54.8622,-0.9345,3.5071,-16.4443,-1.6051,0.3351,-7.8758,1,Backhand prepare 1.00,0,9,LowPickup,-1.074,-87.5521,-1.8938,0.9516,-11.8594,2.6812,1,1,Ready,0,9,10.1093,0.6743,0.3135,0,Great,,-1.6261,-12.0681,0,11.2,-0.0768,-0.0005,0.1525,7.1333,0,0
2777,Rally,None,1,-0.0027,54.7818,-0.9353,3.5072,-16.4471,-1.6372,0.1982,-8.3094,1,Backhand prepare 1.00,0,9,LowPickup,-1.2355,-90.2516,-1.8942,0.9504,-11.8819,0.0547,1,1,Ready,0,9,10.8646,1.4595,0.6506,0,Great,,-1.6261,-12.0681,0,11.2,-0.0804,-0.0001,0.1202,7.3866,0,0
2778,Rally,None,1,-0.0027,54.7028,-0.9357,3.5072,-16.4495,-1.6585,0.1036,-8.5984,1,Backhand prepare 1.00,0,9,LowPickup,-1.3374,-91.6034,-1.8936,0.9495,-11.8945,0.0363,1,1,Ready,0,9,11.9684,2.4432,0.762,0,Great,,-1.6261,-12.0681,0,11.2,-0.079,0.0002,0.0947,8.2276,0,0
2779,Rally,None,1,-0.0027,54.6309,-0.936,3.5072,-16.4516,-1.6792,0.1354,-8.8783,1,Backhand prepare 1.00,0,9,LowPickup,-1.4022,-91.853,-1.8929,0.9496,-11.8988,0.0248,1,1,Ready,0,9,13.2674,3.5619,0.7668,0,Great,,-1.6261,-12.0681,0,11.2,-0.072,0.0004,0.0746,8.5785,0,0
2780,Rally,None,1,-0.0027,54.5547,-0.9359,3.5071,-16.4534,-1.7092,0.2377,-9.2841,1,Backhand prepare 1.00,0,9,LowPickup,-1.4435,-91.2859,-1.8816,0.9869,-11.9333,0.0171,1,1,Ready,0,9,14.6313,4.726,0.61,0,Great,,-1.6261,-12.0681,0,11.2,-0.0762,0.0006,0.0588,8.2196,0,0
2781,Rally,None,1,-0.0027,54.4794,-0.9356,3.5071,-16.455,-1.7292,0.3025,-9.5546,1,Backhand prepare 1.00,0,9,LowPickup,-1.5132,-90.2539,-1.8821,0.9892,-11.9278,0.0273,1,1,Ready,0,9,15.9046,5.8992,0.5344,0,Great,,-1.6261,-12.0681,0,11.2,-0.0753,0.0007,0.0464,7.2419,0,0
2782,Rally,None,1,-0.0027,54.4003,-0.935,3.507,-16.4564,-1.7592,0.3946,-9.9604,1,Backhand prepare 1.00,1,0.1562,Drive,-16.9398,-102.5572,-1.8911,0.9181,-11.9358,0,1,1,Ready,0,9,16.8964,7.06,0.4855,0,Great,,-1.6261,-12.0681,0,11.2,-0.0791,0.0006,0.0288,4.8888,0,0
2783,Rally,None,1,-0.0027,54.3225,-0.9342,3.5069,-16.4577,-1.7792,0.4527,-10.231,1,Backhand swing,1,0.1395,Drive,1.3584,-94.9516,-1.8795,0.9401,-11.9198,0.5311,1,1,Ready,0,9,17.6108,8.1686,0.3454,0,Great,,-1.6261,-12.0681,0,11.2,-0.0778,0.0004,0.0227,0.8211,0,0
2784,Rally,None,1,-0.0027,54.2458,-0.9333,3.5068,-16.4587,-1.7992,0.5081,-10.5015,1,Backhand swing,1,0.1141,Drive,14.5704,-83.5792,-1.9835,0.9544,-11.626,0.8717,1,1,Ready,0,9,17.9659,9.1943,0.0444,0,Great,,-1.6261,-12.0681,0,11.2,-0.0767,0.0003,0.0179,0,0,0
2785,Rally,None,1,-0.0027,54.1655,-0.9322,3.5066,-16.4597,-1.8293,0.5861,-10.9074,1,Backhand swing,1,0.0761,Drive,26.9922,-50.7285,-2.0057,1.201,-11.4976,0.7782,1,1,Ready,0,9,18.1095,10.1422,0.0489,0,Great,,-1.6261,-12.0681,0,11.2,-0.0803,0.0002,0.0141,0,0,0
2786,Rally,None,1,-0.0027,54.0866,-0.931,3.5064,-16.4606,-1.8493,0.6347,-11.1779,1,Backhand swing,1,0.0507,Drive,26.3504,-22.0265,-1.9403,1.2597,-11.4593,0,1,1,Ready,0,9,18.1171,10.9851,0.0515,0,Great,,-1.6261,-12.0681,0,11.2,-0.0789,0.0001,0.0096,0,0,0
2787,Rally,None,1,-0.0027,54.01,-0.9297,3.5063,-16.4613,-1.8793,0.7027,-11.5837,1,Backhand swing,1,0.0127,Drive,-3.4557,-34.5163,-1.5395,0.9625,-11.6001,0,1,1,Ready,0,9,18.128,11.7271,0.0556,0,Great,,-1.6261,-12.0681,0,11.2,-0.0766,0,0.0063,0,0,0
2788,Rally,None,1,0.014,54.27,-0.9316,3.5117,-16.4608,-1.8607,0.7883,-11.2278,1,Backhand swing,1,-0.0083,Drive,2.0714,-12.6058,-1.4973,0.9159,-11.6972,15.36,1,1,Ready,0,9,18.3436,12.3262,0.0294,0.2617,Excellent,P:Excellent;,-1.6261,-12.0681,0,11.2,0.26,0,0.004,0,0,0
2789,Rally,None,1,-0.0027,54.496,-0.9462,3.5106,-16.4611,-1.8607,0.7883,-11.2278,1,Backhand follow,1,-0.0083,Drive,17.1311,5.0674,-1.4974,0.9161,-11.6975,0,1,1,Ready,0,9,18.6223,12.7946,0.0346,0.2033,Excellent,,-1.6261,-12.0681,0,11.2,0.226,0,0.004,0,0,0
2790,Rally,None,1,-0.0027,54.6925,-0.9517,3.511,-16.4612,-1.8322,0.8497,-10.8567,1,Backhand follow,1,-0.025,Drive,22.2794,27.2914,-1.4752,0.943,-11.7976,0,1,1,Ready,0,9,18.9379,13.1759,0.0164,0.145,Excellent,,-1.6243,-12.0671,0,11.2,0.1965,0.001,0.717,0,0,0
2791,Rally,None,1,-0.0027,54.8633,-0.957,3.5086,-16.4615,-1.8037,0.9079,-10.4855,1,Backhand follow,1,-0.0417,Drive,43.4558,54.7119,-1.6365,0.81,-12.0464,0,1,1,Ready,0,9,19.1557,13.3754,0.0838,0.0867,Excellent,,-1.62,-12.0648,0,11.2,0.1708,0.0033,1.2802,0,0,0
2792,Rally,None,1,-0.0027,55.0118,-0.9579,3.5102,-16.4603,-1.7609,0.9895,-9.9288,1,Backhand follow,1,-0.0667,Drive,52.9863,69.1197,-1.5365,0.8179,-12.0504,7.9882,1,1,Ready,0,9,19.173,13.3899,0.2344,0.0283,Excellent,,-1.609,-12.0589,0,11.2,0.1485,0.0074,2.0815,0,0,0
2793,Rally,None,1,-0.0027,55.1409,-0.9593,3.5111,-16.4586,-1.7324,1.0401,-9.5576,1,Backhand follow,1,-0.0833,Drive,58.3354,72.1141,-1.5602,0.8169,-11.9746,9.1046,1,1,Ready,0,9,18.9804,13.2167,0.1116,0,Excellent,,-1.5985,-12.0534,0,11.2,0.1291,0.0126,3.0826,2.3148,0,0
2794,Rally,None,1,-0.0027,55.2531,-0.9591,3.512,-16.4557,-1.6896,1.1102,-9.0009,1,Backhand follow,1,-0.1083,Drive,67.5902,86.8874,-1.5402,0.8646,-11.9729,4.4596,1,1,Ready,0,9,18.489,12.8403,0.0943,0,Excellent,,-1.5783,-12.0426,0,11.2,0.1122,0.0186,4.7372,3.775,0,0
2795,Rally,None,1,-0.0027,55.3507,-0.9578,3.5129,-16.452,-1.6611,1.153,-8.6298,1,Backhand follow,1,-0.125,Drive,66.4961,91.7271,-1.5183,0.903,-11.8807,0.9058,1,1,Ready,0,9,17.8301,12.3253,0.2428,0,Excellent,,-1.5618,-12.0338,0,11.2,0.0976,0.0245,5.8232,8.9012,0,0
2796,Rally,None,1,-0.0027,55.4355,-0.9553,3.5136,-16.4474,-1.6325,1.1929,-8.2586,1,Backhand follow,1,-0.1417,Drive,67.2989,95.3599,-1.403,0.958,-11.8573,1.8011,1,1,Ready,0,9,17.0621,11.6918,0.5381,0,Excellent,,-1.5428,-12.0236,0,11.2,0.0848,0.0297,6.8845,11.564,0,0
2797,Rally,None,1,-0.0027,55.5093,-0.9507,3.5143,-16.4411,-1.5897,1.2468,-7.7019,1,Backhand follow,1,-0.1667,Drive,70.7961,98.4502,-1.3673,1.0856,-11.9995,1.3678,1,1,Ready,0,9,16.2991,11.026,0.5388,0,Excellent,,-1.5097,-12.006,0,11.2,0.0737,0.0343,7.8094,10.8455,0,0
2798,Rally,None,1,-0.0027,55.5734,-0.9449,3.5149,-16.4339,-1.5612,1.2789,-7.3307,1,Backhand follow,1,-0.1833,Drive,68.2436,96.2132,-1.2998,1.0975,-12.0419,0.7724,1,1,Ready,0,9,15.6609,10.3801,0.2931,0,Excellent,,-1.4846,-11.9925,0,11.2,0.0641,0.0377,7.7439,11.5124,0,0
2799,Rally,None,1,-0.0027,55.6291,-0.9369,3.5155,-16.4247,-1.5184,1.3214,-6.774,1,Backhand follow,1,-0.2083,Drive,70.0321,95.5798,-1.208,1.0792,-12.0708,0.1076,1,1,Ready,0,9,15.1683,9.8149,0.2073,0,Excellent,,-1.4423,-11.97,0,11.2,0.0557,0.0404,8.4867,11.2262,0,0
2800,Rally,None,1,-0.0027,55.6776,-0.9276,3.516,-16.4145,-1.4899,1.3458,-6.4028,1,Backhand follow,1,-0.225,Drive,65.5208,91.2549,-1.1261,1.0463,-12.0858,0.8716,1,1,Ready,0,9,14.8916,9.4153,0.2318,0,Excellent,,-1.4111,-11.9533,0,11.2,0.0485,0.0419,8.2777,9.5351,0,0
2801,Rally,None,1,-0.0027,55.7197,-0.9171,3.5164,-16.4033,-1.4614,1.3672,-6.0317,1,Backhand follow,1,-0.2417,Drive,63.0305,87.5838,-1.0631,1.0063,-12.0699,0.5703,1,1,Ready,0,9,14.7922,9.1382,0.2832,0,Excellent,,-1.3774,-11.9353,0,11.2,0.0421,0.0422,8.1129,7.8321,0,0
2802,Rally,None,1,-0.0027,55.7563,-0.9041,3.5168,-16.3897,-1.4186,1.3935,-5.475,1,Backhand follow,1,-0.2667,Drive,61.3134,83.8143,-1.0125,0.9766,-12.037,0.4237,1,1,Ready,0,9,14.8767,8.9845,0.3479,0,Excellent,,-1.3222,-11.9059,0.1201,11.2,0.0366,0.042,8.5,8.7356,0,0
2803,Rally,None,1,-0.0027,55.7881,-0.8898,3.5172,-16.3751,-1.3901,1.4072,-5.1038,1,Backhand follow,0,9,Drive,54.7021,80.1966,-0.9515,0.9618,-12.0215,0.2697,1,1,Run,0,9,8.6438,2.6744,1.1788,0,Excellent,,-1.2824,-11.8846,0.2002,11.2,0.0318,0.042,8.5,8.7356,0,0
2804,Rally,None,1,-0.0027,55.8158,-0.8728,3.5175,-16.3579,-1.3473,1.422,-4.5471,1,Run,0,9,Drive,35.4025,47.7503,-0.8142,0.7381,-11.781,0,0.9555,0.8333,Run,0,9,-3.4401,-9.0619,0,0,Excellent,,-1.2181,-11.8503,0.3203,11.2,0.0277,0.0409,8.5,4.7726,0,0
2805,Rally,None,1,-0.0027,55.8399,-0.8548,3.5178,-16.3397,-1.3188,1.428,-4.1759,1,Run,0,9,Drive,34.2534,41.8012,-0.7529,0.7157,-11.7389,0,0.856,0.6667,Run,0,9,-15.7308,-20.6669,7.0669,0,Excellent,,-1.1722,-11.8258,0.4004,11.2,0.0241,0.0396,8.5,1.952,0,0
2806,Rally,None,1,-0.0027,55.8608,-0.8356,3.5181,-16.3206,-1.2902,1.4309,-3.8048,1,Run,0,9,Drive,33.5986,38.7214,-0.6898,0.6967,-11.7151,0,0.7361,0.5,Forehand prepare 0.04,0,9,-25.498,-30.0272,2.3003,0,Excellent,,-1.1238,-11.7999,0.4115,11.2,0.0209,0.0377,8.5,1.7337,0,0
2807,Rally,None,1,-0.0027,55.879,-0.8133,3.5183,-16.2985,-1.2475,1.4296,-3.248,1,Run,0,9,Drive,33.2635,36.477,-0.6159,0.6838,-11.6708,0,0.6155,0.3333,Forehand prepare 0.08,0,9,-9.5507,-26.3509,2.9741,0,Excellent,,-1.0466,-11.7587,0.4115,11.2,0.0182,0.0353,8.4864,1.4315,0,0
2808,Rally,None,1,-0.0027,55.8948,-0.7901,3.5185,-16.2756,-1.2189,1.4248,-2.8769,1,Run,0,9,Drive,33.1702,34.783,-0.5645,0.6858,-11.6399,5.4282,0.5041,0.1667,Forehand prepare 0.14,0,9,-8.1131,-18.2001,0.8686,0,Excellent,,-0.992,-11.7296,0.4115,11.2,0.0158,0.0326,8.5,1.0882,0,0.0001
2809,Rally,None,1,-0.0027,55.9085,-0.7637,3.5187,-16.2496,-1.1761,1.412,-2.3202,1,Run,0,9,Drive,33.2427,33.4813,-0.4818,0.7041,-11.5944,1.0048,0.4064,0,Forehand prepare 0.17,0,9,5.2494,-6.6089,1.0394,0,Excellent,,-0.9057,-11.6835,0.4115,11.2,0.0137,0.0294,8.5,0.7454,0,0
2810,Rally,None,1,-0.0027,55.9205,-0.7363,3.5189,-16.2227,-1.1476,1.3996,-1.949,1,Run,0,9,Drive,33.3766,32.49,-0.4247,0.7187,-11.5649,1.3161,0.3236,0,Forehand prepare 0.23,0,9,17.283,4.9694,0,0,Excellent,,-0.845,-11.6511,0.4115,11.2,0.0119,0.0259,8.5,0.4675,0,0
2811,Rally,None,1,-0.0027,55.9309,-0.7081,3.5191,-16.1951,-1.1191,1.3841,-1.5779,1,Run,0,9,Drive,33.5204,31.744,-0.3662,0.7228,-11.5387,0.215,0.2551,0,Forehand prepare 0.27,0,9,26.9454,15.3436,5.4076,0,Excellent,,-0.7833,-11.6181,0.4115,11.2,0.0104,0.022,8.5,0.3406,0,0
2812,Rally,None,1,-0.0027,55.9399,-0.677,3.5192,-16.1647,-1.0763,1.3551,-1.0211,1,Run,0,9,Drive,33.6775,31.5349,-0.273,0.7293,-11.4953,1.9725,0.1995,0,Forehand prepare 0.30,0,9,34.9923,24.7749,4.4881,0,Excellent,,-0.6906,-11.5687,0.4115,11.2,0.009,0.0174,7.3288,0.376,0,0
2813,Rally,None,1,-0.0027,55.9478,-0.6454,3.5194,-16.1339,-1.0478,1.3319,-0.65,1,Run,0,9,Drive,33.7676,31.6031,-0.2092,0.7363,-11.4655,13.4017,0.1549,0,Forehand prepare 0.36,0,9,42.0146,34.4334,0.6413,0,Excellent,,-0.6289,-11.5357,0.4115,11.2,0.0079,0.0124,5.776,0.4477,0,0.0001
2814,Rally,None,1,-0.0027,55.9546,-0.6114,3.5195,-16.1006,-1.005,1.2914,-0.0932,1,Run,0,9,Drive,33.7574,31.7249,-0.1159,0.7417,-11.4182,0.6692,0.1195,0,Forehand prepare 0.40,0,9,49.4651,44.2159,0.4251,0,Excellent,,-0.5363,-11.4863,0.4115,11.2,0.0068,0.0074,4.5522,0.4806,0,0
2815,Rally,None,1,-0.0027,55.9242,-0.5774,3.5196,-16.0676,-0.9765,1.2605,0.2779,1,Run,0,9,Drive,33.443,31.6976,-0.0552,0.7421,-11.3841,5.3147,0.0918,0,Forehand prepare 0.45,0,9,54.9643,55.5624,0.2253,0,Excellent,,-0.4762,-11.4542,0.4115,11.2,-0.0304,0.003,3.5877,0.4704,0,0
2816,Rally,None,1,-0.0027,55.8493,-0.5438,3.5197,-16.0349,-0.9479,1.2266,0.6491,1,Run,0,9,Drive,33.4052,32.3377,0.0066,0.7468,-11.3496,3.126,0.0702,0,Forehand prepare 0.49,0,9,61.2684,66.2047,0.5421,0,Excellent,,-0.4186,-11.4235,0.4115,11.2,-0.0749,-0.0003,1.3242,0.4305,0,0
2817,Rally,None,1,-0.0027,55.7115,-0.5087,3.5198,-16.0007,-0.9052,1.1699,1.2058,1,Run,0,9,Drive,33.2921,32.9346,0.0921,0.7548,-11.2996,0,0.0534,0,Forehand prepare 0.53,0,9,68.5214,75.7183,0.9217,0,Excellent,,-0.3368,-11.3798,0.4115,11.2,-0.1378,-0.0024,0.5454,0.3865,0,0.0001
2818,Rally,None,1,-0.0027,55.5432,-0.4744,3.5199,-15.9675,-0.8766,1.1283,1.5769,1,Run,0,9,Drive,33.1132,33.5288,0.1482,0.7748,-11.2648,0,0.0405,0,Forehand prepare 0.58,0,9,72.7279,84.7419,0.2612,0,Excellent,,-0.2854,-11.3523,0.4115,11.2,-0.1683,-0.0027,2.8134,0.3428,0,0
2819,Rally,None,1,-0.0027,55.3241,-0.4394,3.52,-15.9335,-0.8338,1.0601,2.1337,1,Run,0,9,Drive,32.9459,33.9527,0.2249,0.7848,-11.2195,0,0.0307,0,Forehand prepare 0.62,0,9,69.8046,91.4956,1.714,0,Excellent,,-0.2127,-11.3136,0.4115,11.2,-0.2191,-0.0012,3.8064,0.3055,0,0
2820,Rally,None,1,-0.0027,55.0852,-0.4058,3.5201,-15.9009,-0.8053,1.0109,2.5048,1,Run,0,9,Drive,32.7652,34.4486,0.2759,0.7961,-11.1872,0,0.0231,0,Forehand prepare 0.67,0,9,64.2299,97.8672,2.3697,0,Excellent,,-0.1674,-11.2894,0.4115,11.2,-0.2389,0.0022,5.3835,0.2775,0,0
2821,Rally,None,1,-0.0027,54.829,-0.3734,3.5202,-15.8695,-0.7768,0.9585,2.876,1,Run,0,9,Drive,32.5726,34.7529,0.3228,0.7963,-11.1577,2.6447,0.0174,0,Forehand prepare 0.71,0,9,65.3671,101.9248,1.0155,0,Excellent,,-0.1245,-11.2665,0.4115,11.2,-0.2562,0.0068,5.8319,0.2524,0,0
2822,Rally,None,1,-0.0027,54.5335,-0.341,3.5203,-15.8381,-0.734,0.8742,3.4327,1,Run,0,9,Drive,32.4112,35.0201,0.3858,0.8302,-11.1203,1.4556,0.0131,0,Forehand prepare 0.75,0,9,66.5586,104.3537,0,0,Excellent,,-0.0648,-11.2346,0.4115,11.2,-0.2955,0.012,6.1853,0.2181,0,0
2823,Rally,None,1,-0.0027,54.2281,-0.3101,3.5203,-15.8083,-0.7055,0.8141,3.8039,1,Run,0,9,Drive,32.3097,35.3533,0.4254,0.849,-11.0969,2.6202,0.0098,0,Forehand prepare 0.80,0,9,61.792,104.3493,0,0,Excellent,,-0.028,-11.2149,0.4115,11.2,-0.3054,0.0177,7.2584,0.1733,0,0
2824,Rally,None,1,-0.0027,53.8899,-0.2813,3.5204,-15.7804,-0.6627,0.7183,4.3606,1,Run,0,9,Drive,32.2109,35.5121,0.4553,0.8487,-11.0803,0.3374,0.0073,0,Forehand prepare 0.84,0,9,53.7766,101.9807,0,0,Excellent,,0,-11.2,0.4115,11.2,-0.3382,0.0232,7.3096,0.1342,0,0
2825,Rally,None,1,-0.0027,53.5474,-0.2563,3.5204,-15.7562,-0.6342,0.6506,4.7317,1,Ready,0,9,Drive,30.6697,33.1657,0.4226,0.8177,-11.0552,0.7336,0.0055,0,Forehand prepare 0.90,0,9,34.2926,91.0383,0,0,Excellent,,0,-11.2,0.4115,11.2,-0.3425,0.0271,5.7609,0.3828,0,0
2826,Rally,None,1,-0.0027,53.2012,-0.2345,3.5205,-15.7351,-0.6056,0.5798,5.1029,1,Ready,0,9,Drive,27.8734,29.1711,0.3647,0.7918,-11.0131,0.6898,0.0041,0,Forehand prepare 0.93,0,9,22.093,79.3214,0,0,Excellent,,0,-11.2,0.4115,11.2,-0.3462,0.0288,4.5403,1.5207,0,0
2827,Rally,None,1,-0.0027,52.8275,-0.2155,3.5205,-15.7169,-0.5629,0.4678,5.6596,1,Ready,0,9,Drive,25.1461,24.9879,0.3075,0.7848,-10.9737,0.2096,0.003,0,Forehand prepare 0.97,0,9,12.4007,64.9032,0,0,Excellent,,0,-11.2,0.4115,11.2,-0.3737,0.0281,3.5783,2.3306,0,0
2828,Rally,None,1,-0.0027,52.4581,-0.199,3.5206,-15.701,-0.5343,0.3894,6.0308,1,Ready,0,9,Drive,22.9525,21.3531,0.2568,0.7881,-10.9373,0.6441,0.0023,0,Forehand prepare 1.00,0,9,5.6132,53.1094,0.8409,0,Excellent,,0,-11.2,0.4115,11.2,-0.3694,0.0256,2.8202,2.7078,0,0.0001
2829,Rally,None,1,-0.0027,52.1369,-0.1847,3.5206,-15.6872,-0.4916,0.2659,6.5875,1,Ready,0,9,Drive,21.3976,18.4045,0.2153,0.792,-10.9082,0.6446,0,0,Forehand prepare 1.00,1,0.176,26.9421,68.0462,0.0305,0,Excellent,,0,-11.2,0.4115,11.2,-0.3211,0.0219,2.2227,2.6649,0,0
2830,Rally,None,1,-0.0027,51.8578,-0.1722,3.5207,-15.6753,-0.463,0.1797,6.9587,1,Ready,0,9,Drive,20.4908,16.1251,0.19,0.7916,-10.8913,0.4672,0,0,Forehand swing,1,0.1613,9.5225,61.9994,1.3217,0,Excellent,,0,-11.2,0.4115,11.2,-0.2792,0.0175,1.7517,2.3205,0,0
2831,Rally,None,1,-0.0027,51.6151,-0.1614,3.5207,-15.6649,-0.4345,0.1,7.3298,1,Ready,0,9,Drive,20.0229,14.3704,0.1715,0.7897,-10.881,0.3086,0,0,Forehand swing,1,0.1466,2.9914,59.0177,0.7871,0,Excellent,,0,-11.2,0.4115,11.2,-0.2427,0.013,1.3806,1.7803,0,0
2832,Rally,None,1,-0.0027,51.4041,-0.152,3.5207,-15.6558,-0.3935,0.2036,7.8629,1,Ready,0,9,Drive,19.79,13.01,0.1471,0.7856,-10.8749,0.193,0,0,Forehand swing,1,0.1246,-6.0504,50.6249,0.6848,0,Excellent,,0,-11.2,0.5316,11.2,-0.211,0.0089,1.0881,1.1459,0,0
2833,Rally,None,1,-0.0027,51.2206,-0.1437,3.5208,-15.6479,-0.3662,0.2691,8.2183,1,Ready,0,9,Drive,19.7147,11.9901,0.1262,0.7816,-10.8713,0.1103,0,0,Forehand swing,1,0.11,-9.246,42.4819,0.7924,0,Excellent,,0,-11.2,0.6117,11.2,-0.1834,0.0054,0.8576,0.5262,0,0
2834,Rally,None,1,-0.0027,51.0612,-0.1366,3.5208,-15.641,-0.3253,0.362,8.7513,1,Ready,0,9,Drive,19.7059,11.2587,0.1183,0.7798,-10.8668,0.0616,0,0,Forehand swing,1,0.088,-19.0829,23.9971,0,0,Excellent,,0,-11.2,0.615,11.2,-0.1595,0.0028,0.6759,0.1795,0,0
2835,Rally,None,1,-0.0027,50.9225,-0.1304,3.5208,-15.6351,-0.2979,0.4203,9.1067,1,Ready,0,9,Drive,19.7589,10.7987,0.1156,0.7792,-10.8623,0.0344,0,0,Forehand swing,1,0.0733,-21.4688,11.109,0,0,Excellent,,0,-11.2,0.615,11.2,-0.1386,0.0009,0.5327,0.5476,0,0.0001
2836,Rally,None,1,-0.0027,50.802,-0.125,3.5208,-15.6299,-0.2706,0.4758,9.4621,1,Ready,0,9,Drive,19.8741,10.5986,0.1145,0.7748,-10.8594,0.0141,0,0,Forehand swing,1,0.0587,-23.8842,-1.6634,0,0,Excellent,,0,-11.2,0.615,11.2,-0.1205,-0.0003,0.4198,0.855,0,0
2837,Rally,None,1,-0.0027,50.6972,-0.1202,3.5208,-15.6254,-0.2297,0.5535,9.9952,1,Ready,0,9,Drive,20.0352,10.6095,0.1132,0.7728,-10.8553,0.0055,0,0,Forehand swing,1,0.0367,-28.1763,-25.0401,0,0,Excellent,,0,-11.2,0.615,11.2,-0.1048,-0.0009,0.3309,1.0273,0,0
2838,Rally,None,1,-0.0027,50.6062,-0.1161,3.5209,-15.6215,-0.2023,0.6018,10.3505,1,Ready,0,9,Drive,20.2493,10.7898,0.1068,0.7775,-10.8463,0.0056,0,0,Forehand swing,1,0.022,-25.9739,-30.164,0,0,Excellent,,0,-11.2,0.615,11.2,-0.0911,-0.001,0.2608,1.0683,0,0
2839,PointOver,Reaction,1,-0.0027,38,0.9,1.185,-8.2,-0.1614,0.6688,10.8836,0,Ready,0,9,Drive,20.4979,11.1035,0.1017,0.7841,-10.8376,0.0101,0,0,Forehand swing,1,0,-31.6221,-40.6449,0,0.4417,Excellent,,0,-11.2,0.6252,11.2,-12.6062,-0.0009,0.2055,1.0131,0,0
2840,PointOver,Reaction,1,-0.0027,38,0.9,1.185,-8.2072,-0.1341,0.7099,11.239,0,HitPerfect,0,9,Drive,20.7315,11.2222,0.103,0.7862,-10.833,0.0062,0.023,0,MatchLose,1,-0.0167,-34.8789,-41.6154,23.5717,0.3833,Excellent,,0,-11.2,0.6484,11.2,0,-0.0006,0.162,1.25,0,0.7325
2841,PointOver,Reaction,1,-0.0027,38,0.9,1.185,-8.2145,-0.1068,0.7481,11.5944,0,HitPerfect,0,9,Drive,20.8102,11.5166,0.1096,0.7897,-10.8301,0.0145,0.0796,0,MatchLose,1,-0.0333,-39.5585,-41.2519,5.6229,0.325,Excellent,,0,-11.2,0.6716,11.2,0,-0.0002,0.1277,1.1149,0,0.5773
2842,PointOver,Reaction,1,-0.0027,38,0.9,1.185,-8.2217,-0.0658,0.8,12.1274,0,HitPerfect,0,9,Drive,20.4253,11.4003,0.1174,0.7959,-10.827,0.0359,0.1549,0,MatchLose,1,-0.0583,-46.006,-48.9979,0.2565,0.2667,Excellent,,0,-11.2,0.7065,11.2,0,0.0001,0.1006,0.9931,0,0.455
2843,PointOver,Reaction,1,-0.0027,38,0.9,1.185,-8.229,-0.0385,0.831,12.4828,0,HitPerfect,0,9,Drive,19.4043,10.6326,0.128,0.8038,-10.8252,0.108,0.2385,0,MatchLose,1,-0.075,-47.1115,-55.1689,0.7438,0.2083,Excellent,,0,-11.2,0.7297,11.2,0,0.0003,0.0793,0.9279,0,0.4692
2844,PointOver,Reaction,1,-0.0027,38,0.9,1.185,-8.2362,0.0025,0.8721,13.0159,0,HitPerfect,0,9,Drive,17.5402,8.9936,0.1399,0.8129,-10.8258,0.236,0.3239,0,MatchLose,1,-0.1,-52.8916,-65.9599,0.7602,0.15,Excellent,,0,-11.2,0.7645,11.2,0,0.0005,0.0625,0.9338,0,0.457
2845,PointOver,Reaction,1,-0.0027,38,0.9,1.185,-8.2435,0.0298,0.8959,13.3713,0,HitPerfect,0,9,Drive,14.8743,6.4446,0.1595,0.8245,-10.8286,0.394,0.4067,0,MatchLose,1,-0.1167,-52.7891,-71.3113,0,0.0917,Excellent,,0,-11.2,0.7877,11.2,0,0.0006,0.0493,0.9931,0,0.429
2846,PointOver,Reaction,1,-0.0027,38,0.9,1.185,-8.2507,0.0571,0.9168,13.7266,0,HitPerfect,0,9,Drive,11.5273,3.0984,0.1925,0.8415,-10.8325,0.5448,0.4842,0,MatchLose,1,-0.1333,-52.636,-76.6797,0.7483,0.0333,Excellent,,0,-11.2,0.8109,11.2,0,0.0006,0.0388,1.1078,0,0.3901
2847,PointOver,Reaction,1,-0.0027,38,0.9,1.185,-8.258,0.0981,0.9429,14.2597,0,HitPerfect,0,9,Drive,7.7308,-0.825,0.2266,0.873,-10.8387,0.6831,0.5552,0,MatchLose,1,-0.1583,-51.9673,-83.8625,0.8993,0,Excellent,,0,-11.2,0.8457,11.2,0,0.0005,0.0306,1.2617,0,0.3074
2848,PointOver,Reaction,1,-0.0027,38,0.9,1.185,-8.2652,0.1254,0.9566,14.6151,0,HitPerfect,0,9,Drive,3.8746,-4.9098,0.2529,0.9058,-10.8479,0,0.6189,0,MatchLose,1,-0.175,-48.7974,-88.6788,0.2472,0,Excellent,,0,-11.2,0.869,11.2,0,0.0004,0.0241,1.3977,0,0.2423
2849,PointOver,Reaction,1,-0.0027,38,0.9,1.185,-8.2725,0.1664,0.9719,15.1482,0,HitPerfect,0,9,Drive,0.3248,-8.7731,0.275,0.9408,-10.8572,0,0.6753,0,MatchLose,1,-0.2,-48.4109,-95.6884,0.1108,0,Excellent,,0,-11.2,0.9038,11.2,0,0.0003,0.019,1.4623,0,0.1909
2850,PointOver,Reaction,1,-0.0027,38,0.9,1.185,-8.2797,0.1937,0.9785,15.5035,0,HitPerfect,0,9,Drive,-2.362,-11.839,0.2924,0.9747,-10.8648,0,0.7248,0,MatchLose,1,-0.2167,-46.9366,-100.2113,0.133,0,Excellent,,0,-11.2,0.927,11.2,0,0.0002,0.015,1.3836,0,0.1505
2851,PointOver,Reaction,1,-0.0027,38,0.9,1.185,-8.287,0.221,0.9821,15.8589,0,HitPerfect,0,9,Drive,-4.4632,-14.3428,0.3082,1.0086,-10.8694,0,0.7677,0,MatchLose,1,-0.2333,-46.1963,-104.2676,0.1988,0,Excellent,,0,-11.2,0.9502,11.2,0,0.0001,0.0118,1.2163,0,0.1186
2852,PointOver,Reaction,1,-0.0027,38,0.9,1.185,-8.2942,0.262,0.9823,16.392,0,HitPerfect,0,9,Drive,-6.131,-16.4091,0.32,1.0363,-10.873,0,0.8046,0,MatchLose,1,-0.2583,-45.3418,-107.6051,7.0961,0,Excellent,,0,-11.2,0.985,11.2,0,0.0001,0.0093,0.9939,0,0.0935
2853,PointOver,Reaction,1,-0.0027,38,0.9,1.185,-8.3014,0.2893,0.9788,16.7474,0,HitPerfect,0,9,Drive,-7.4989,-18.1468,0.3285,1.058,-10.8787,0,0.8363,0,MatchLose,1,-0.275,-44.234,-107.8729,5.3692,0,Excellent,,0,-11.2,1.0083,11.2,0,0,0.0073,0.7327,0,0.0737
2854,PointOver,Reaction,1,-0.0027,38,0.9,1.185,-8.3087,0.3302,0.9682,17.2804,0,HitPerfect,0,9,Drive,-8.5898,-19.5538,0.3332,1.0755,-10.8896,0,0.8632,0,MatchLose,0,9,-43.9307,-107.5445,11.1247,0,Excellent,,0,-11.2,1.0431,11.2,0,0,0.0058,0.4781,0,0.0737
2855,PointOver,Reaction,1,-0.0027,38,0.9,1.185,-8.3159,0.3576,0.9575,17.6358,0,HitPerfect,0,9,Drive,-9.4404,-20.6383,0.3359,1.0831,-10.8991,0,0.886,0,MatchLose,0,9,-46.7893,-88.0222,0.7638,0,Excellent,,0,-11.2,1.0663,11.2,0,0,0.0046,0.2094,0,0.0581
2856,PointOver,Reaction,1,-0.0027,38,0.9,1.185,-8.3232,0.3849,0.944,17.9912,0,HitPerfect,0,9,Drive,-10.087,-21.4168,0.3392,1.0797,-10.9023,0,0.9052,0,MatchLose,0,9,-44.432,-79.2026,1.0825,0,Excellent,,0,-11.2,1.0895,11.2,0,0,0.0036,0,0,0.0458
2857,PointOver,Reaction,1,-0.0027,38,0.9,1.185,-8.3304,0.4258,0.9182,18.5242,0,HitPerfect,0,9,Drive,-10.5495,-21.9076,0.3429,1.0716,-10.9062,0,0.9214,0,MatchLose,0,9,-42.1528,-69.4475,0.7023,0,Excellent,,0,-11.2,1.1243,11.2,0,0,0.0028,0.2502,0,0.0359
2858,PointOver,Reaction,1,-0.0027,38,0.9,1.185,-8.3377,0.4532,0.8975,18.8796,0,HitPerfect,0,9,Drive,-10.8529,-22.1338,0.3468,1.0639,-10.914,0,0.9349,0,MatchLose,0,9,-42.2065,-62.0648,0,0,Excellent,,0,-11.2,1.1475,11.2,0,0,0.0022,0.4334,0,0.0285
2859,PointOver,Reaction,1,-0.0027,38,0.9,1.185,-8.3449,0.4941,0.861,19.4127,0,HitPerfect,0,9,Drive,-11.0154,-22.1239,0.351,1.0557,-10.9223,0.3761,0.9462,0,MatchLose,0,9,-44.1117,-57.0503,0,0,Excellent,,0,-11.2,1.1824,11.2,0,0,0.0018,0.5637,0,0.0223
2860,PointOver,Reaction,1,-0.0027,38,0.9,1.185,-8.3522,0.5214,0.8331,19.7681,0,HitPerfect,0,9,Drive,-11.0818,-21.8955,0.3563,1.0472,-10.9292,0.1335,0.9556,0,MatchLose,0,9,-47.6639,-54.5868,0,0,Excellent,,0,-11.2,1.2056,11.2,0,0,0.0014,0.6703,0,0.0177
2861,PointOver,Reaction,1,-0.0027,38,0.9,1.185,-8.3594,0.5487,0.8023,20.1234,0,HitPerfect,0,9,Drive,-11.0505,-21.5012,0.3619,1.0466,-10.9363,0.1218,0.9635,0,MatchLose,0,9,-52.5097,-54.562,0,0,Excellent,,0,-11.2,1.2288,11.2,0,0,0.0011,0.7144,0,0.014
2862,PointOver,Reaction,1,-0.0027,38,0.9,1.185,-8.3667,0.5897,0.7507,20.6565,0,HitPerfect,0,9,Drive,-10.9531,-20.9791,0.3676,1.0493,-10.9435,0.0879,0.9699,0,MatchLose,0,9,-58.1986,-56.6459,1.0747,0,Excellent,,0,-11.2,1.2636,11.2,0,0,0.0009,0.7144,0,0.011
2863,PointOver,Reaction,1,-0.0027,38,0.9,1.185,-8.3739,0.617,0.7127,21.0119,0,HitPerfect,0,9,Drive,-10.7759,-20.3374,0.3732,1.0522,-10.9509,0.0753,0.9753,0,MatchLose,0,9,-64.3921,-60.4817,0,0,Excellent,,0,-11.2,1.2868,11.2,0,0,0.0007,0.6714,0,0.0087
2864,PointOver,Reaction,1,-0.0027,38,0.9,1.185,-8.3812,0.658,0.6503,21.5449,0,HitPerfect,0,9,Drive,-10.5271,-19.5984,0.3784,1.0555,-10.9587,0.0597,0.9798,0,MatchLose,0,9,-70.8925,-65.7358,3.0939,0,Excellent,,0,-11.2,1.3217,11.2,0,0,0.0005,0.6039,0,0.0068
2865,PointOver,Reaction,1,-0.0027,38,0.9,1.185,-8.3884,0.6853,0.6052,21.9003,0,HitPerfect,0,9,Drive,-10.2063,-18.781,0.3836,1.0571,-10.9665,0.0471,0.9834,0,MatchLose,0,9,-77.5812,-72.0917,21.3796,0,Excellent,,0,-11.2,1.3449,11.2,0,0,0.0004,0.5159,0,0.0054
2866,PointOver,Reaction,1,-0.0027,38,0.9,1.185,-8.3957,0.7126,0.5571,22.2557,0,HitPerfect,0,9,Drive,-9.8209,-17.9066,0.3889,1.0609,-10.9743,0.038,0.9864,0,MatchLose,0,9,-84.3833,-79.2528,1.1389,0,Excellent,,0,-11.2,1.3681,11.2,0,0,0.0003,0.4168,0,0.0042
2867,PointOver,Reaction,1,-0.0027,38,0.9,1.185,-8.4029,0.7536,0.4797,22.7888,0,HitPerfect,0,9,Drive,-9.3882,-16.996,0.3941,1.0647,-10.9818,0.0302,0.9889,0,MatchLose,0,9,-90.251,-85.9499,0.9833,0,Excellent,,0,-11.2,1.4029,11.2,0,0,0.0003,0.3263,0,0.0033
2868,PointOver,Reaction,1,-0.0027,38,0.9,1.185,-8.4101,0.7809,0.4244,23.1441,0,HitPerfect,0,9,Drive,-8.9198,-16.0657,0.3989,1.0698,-10.989,0.0275,0.9909,0,MatchLose,0,9,-90.1369,-86.8873,0.0382,0,Excellent,,0,-11.2,1.4261,11.2,0,0,0.0002,0.2502,0,0.0026
2869,PointOver,Reaction,1,-0.0027,38,0.9,1.185,-8.4174,0.8219,0.3362,23.6772,0,HitPerfect,0,9,Drive,-8.4313,-15.1314,0.404,1.0719,-10.9959,0.0241,0.9926,0,MatchLose,0,9,-90.091,-88.022,0.0177,0,Excellent,,0,-11.2,1.461,11.2,0,0,0.0002,0.1897,0,0.0019
2870,PointOver,Reaction,1,-0.0027,38,0.9,1.185,-8.4246,0.8492,0.2738,24.0326,0,HitPerfect,0,9,Drive,-7.9322,-14.202,0.4098,1.0684,-11.0024,0.0209,0.994,0,MatchLose,0,9,-90.0029,-89.0503,0.0247,0,Excellent,,0,-11.2,1.4842,11.2,0,0,0.0001,0,0,0.0018
2871,PointOver,Reaction,1,-0.0027,38,0.9,1.185,-8.4319,0.8765,0.2085,24.388,0,HitPerfect,0,9,Drive,-7.4296,-13.2853,0.4149,1.0663,-11.0092,0.0176,0.9951,0,MatchLose,0,9,-90.0044,-89.9966,0.0049,0,Excellent,,0,-11.2,1.5074,11.2,0,0,0.0001,0,0,0.0014
2872,PointOver,Reaction,1,-0.0027,38,0.9,1.185,-8.4391,0.9175,0.1051,24.921,0,HitPerfect,0,9,Drive,-6.928,-12.3835,0.4189,1.0681,-11.0165,0.0158,0.996,0,MatchLose,0,9,-90.0042,-90.7128,0.003,0,Excellent,,0,-11.2,1.5422,11.2,0,0,0.0001,0,0,0.0011
2873,PointOver,Reaction,1,-0.0027,38,0.9,1.185,-8.4464,0.9441,0.1274,25.2671,0,HitPerfect,0,9,Drive,-6.4474,-11.5119,0.4226,1.0707,-11.0239,0.0174,0.9967,0,MatchLose,0,9,-90,-91.176,0.0063,0,Excellent,,0,-11.2,1.5939,11.2,0,0,0.0001,0,0,0.0006
2874,PointOver,Reaction,1,-0.0027,38,0.9,1.185,-8.4536,0.9829,0.2054,25.7724,0,HitPerfect,0,9,Drive,-5.9375,-10.6298,0.426,1.0724,-11.0305,0.0061,0.9974,0,MatchLose,0,9,-83,-84.4009,1.172,0,Excellent,,0,-11.2,1.714,11.2,0,0,0,0,0,0.0005
2875,PointOver,Reaction,1,-0.0027,38,0.9,1.185,-8.4609,1.0088,0.254,26.1093,0,HitPerfect,0,9,Drive,-5.2943,-9.6543,0.428,1.0729,-11.0352,0.0523,0.9978,0,MatchLose,0,9,-76,-77.4198,3.8055,0,Excellent,,0,-11.2,1.7768,11.2,0,0,0,0,0,0.0004
2876,PointOver,Reaction,1,-0.0027,38,0.9,1.185,-8.4681,1.0347,0.2997,26.4461,0,HitPerfect,0,9,Drive,-4.4709,-8.567,0.4279,1.0712,-11.0367,0.126,1,0,MatchLose,0,9,-69,-70.2826,25.2614,0,Excellent,,0,-11.2,1.7988,11.2,0,0,0,0,0,0.0003
2877,PointOver,Reaction,1,-0.0027,38,0.9,1.185,-8.4754,1.0735,0.3631,26.9514,0,HitPerfect,0,9,Drive,-3.4326,-7.3545,0.4251,1.0671,-11.0343,0.2151,1,0,MatchLose,0,9,-76,-77.044,1.1722,0,Excellent,,0,-11.2,1.8318,11.2,0,0,0,0.3065,0,0.0002
2878,PointOver,Reaction,1,-0.0027,38,0.9,1.185,-8.4826,1.0994,0.4019,27.2883,0,HitPerfect,0,9,Drive,-2.2635,-6.1094,0.4201,1.0638,-11.0285,0.2826,1,0,MatchLose,0,9,-83,-83.7568,5.5553,0,Excellent,,0,-11.2,1.8538,11.2,0,0,0,0.5234,0,0.0002
2879,PointOver,Reaction,1,-0.0027,38,0.9,1.185,-8.4899,1.1382,0.4548,27.7935,0,HitPerfect,0,9,Drive,-0.9954,-4.8728,0.413,1.0572,-11.0202,0.337,1,0,MatchLose,0,9,-90,-90.4643,2.9551,0,Excellent,,0,-11.2,1.8868,11.2,0,0,0,0.7528,0,0.0003
2880,PointOver,Reaction,1,-0.0027,38,0.9,1.185,-8.4971,1.1641,0.4866,28.1304,0,HitPerfect,0,9,Drive,0.3529,-3.6698,0.4036,1.0476,-11.0088,0.3997,1,0,MatchLose,0,9,-90,-90.1994,0,0,Excellent,,0,-11.2,1.9088,11.2,0,0,0,0.9756,0,0.0001
2881,PointOver,Reaction,1,-0.0027,38,0.9,1.185,-8.5043,1.19,0.5156,28.4673,0,HitPerfect,0,9,Drive,1.7304,-2.5522,0.3924,1.0361,-10.9954,0.4386,1,0,MatchLose,0,9,-90,-89.9829,0,0,Excellent,,0,-11.2,1.9308,11.2,0,0,0,1.165,0,0.0001
2882,PointOver,Reaction,1,-0.0027,38,0.9,1.185,-8.5116,1.2288,0.5539,28.9725,0,HitPerfect,0,9,Drive,3.1185,-1.5391,0.3793,1.0225,-10.9807,0.473,1,0,MatchLose,0,9,-90,-89.825,0.0001,0,Excellent,,0,-11.2,1.9638,11.2,0,0,0,1.3128,0,0.0001
2883,PointOver,Reaction,1,-0.0027,38,0.9,1.185,-8.5188,1.2547,0.5759,29.3094,0,HitPerfect,0,9,Drive,4.4799,-0.657,0.3648,1.0071,-10.9652,0.4822,1,0,MatchLose,0,9,-90,-89.7269,0.0001,0,Excellent,,0,-11.2,1.9858,11.2,0,0,0,1.4055,0,0
2884,PointOver,Reaction,1,-0.0027,38,0.9,1.185,-8.5261,1.2936,0.6037,29.8147,0,HitPerfect,0,9,Drive,5.803,0.0915,0.3491,0.9902,-10.9494,0.4909,1,0,MatchLose,0,9,-90,-89.6833,0.0001,0,Excellent,,0,-11.2,2.0188,11.2,0,0,0,1.4467,0,0
2885,PointOver,Reaction,1,-0.0027,38,0.9,1.185,-8.5333,1.3194,0.6188,30.1515,0,HitPerfect,0,9,Drive,7.0641,0.6988,0.3326,0.9721,-10.934,0.4987,1,0,MatchLose,0,9,-90,-89.6845,0.0001,0,Excellent,,0,-11.2,2.0408,11.2,0,0,0,1.4364,0,0.0001
2886,PointOver,Reaction,1,-0.0027,38,0.9,1.185,-8.5406,1.3453,0.6311,30.4884,0,HitPerfect,0,9,Drive,8.2458,1.1695,0.3159,0.9534,-10.9196,0.4891,1,0,MatchLose,0,9,-90,-89.7185,0.0001,0,Excellent,,0,-11.2,2.0628,11.2,0,0,0,1.374,0,0.0002
2887,PointOver,Reaction,1,-0.0027,38,0.9,1.185,-8.5478,1.3842,0.6443,30.9936,0,HitPerfect,0,9,Drive,9.3386,1.5111,0.2992,0.9343,-10.9064,0.4715,1,0,MatchLose,0,9,-90,-89.7734,0,0,Excellent,,0,-11.2,2.0958,11.2,0,0,0,1.2729,0,0.0001
2888,PointOver,Reaction,1,-0.0027,38,0.9,1.185,-8.5551,1.4101,0.6496,31.3305,0,HitPerfect,0,9,Drive,10.3225,1.735,0.2834,0.9159,-10.8948,0.4402,1,0,MatchLose,0,9,-90,-89.8379,0.0001,0,Excellent,,0,-11.2,2.1178,11.2,0,0,0,1.1316,0,0.0002
2889,PointOver,Reaction,1,-0.0027,38,0.9,1.185,-8.5623,1.4489,0.6523,31.8358,0,HitPerfect,0,9,Drive,11.1908,1.8553,0.2686,0.8983,-10.8849,0.4007,1,0,MatchLose,0,9,-90,-89.9026,0.0001,0,Excellent,,0,-11.2,2.1509,11.2,0,0,0,0.9578,0,0.0001
2890,PointOver,Reaction,1,-0.0027,38,0.9,1.185,-8.5696,1.4748,0.6506,32.1726,0,HitPerfect,0,9,Drive,11.9302,1.8878,0.255,0.8823,-10.877,0.3422,1,0,MatchLose,0,9,-90,-89.9608,0.0001,0,Excellent,,0,-11.2,2.1729,11.2,0,0,0,0.758,0,0.0002
2891,PointOver,Reaction,1,-0.0027,38,0.9,1.185,-8.5768,1.5007,0.6462,32.5095,0,HitPerfect,0,9,Drive,12.5269,1.8482,0.2446,0.8692,-10.8704,0.2829,1,0,MatchLose,0,9,-90,-90.0079,3.1908,0,Excellent,,0,-11.2,2.1949,11.2,0,0,0,0.5308,0,0.0001
2892,PointOver,Reaction,1,-0.0027,38,0.9,1.185,-8.5841,1.5395,0.6343,33.0148,0,HitPerfect,0,9,Drive,12.9745,1.7517,0.236,0.8586,-10.8657,2.1691,1,0,MatchLose,0,9,-90,-90.042,17.2742,0,Excellent,,0,-11.2,2.2279,11.2,0,0,0,0.2825,0,0.0002
2893,PointOver,Reaction,1,-0.0027,38,0.9,1.185,-8.5913,1.5654,0.6228,33.3516,0,HitPerfect,0,9,Drive,13.2378,1.6032,0.2306,0.852,-10.8629,0.4671,1,0,MatchLose,0,9,-90,-90.0627,0.0001,0,Excellent,,0,-11.2,2.2499,11.2,0,0,0,0,0,0.0001
2894,PointOver,Reaction,1,-0.0027,38,0.9,1.185,-8.5986,1.6042,0.6005,33.8569,0,Ready,0,9,Drive,13.2454,1.4965,0.2294,0.8525,-10.8627,0.0762,0.9555,0,MatchLose,0,9,-90,-90.0714,2.8977,0,Excellent,,0,-11.2,2.2829,11.2,0,0,0,0.2366,0,0.0002
2895,PointOver,Reaction,1,-0.0027,38,0.9,1.185,-8.6058,1.6301,0.5821,34.1938,0,Ready,0,9,Drive,13.284,1.6426,0.2269,0.8558,-10.8641,0.2694,0.856,0,MatchLose,0,9,-90,-90.0702,2.0335,0,Excellent,,0,-11.2,2.3049,11.2,0,0,0,0.4643,0,0.0004
2896,PointOver,Reaction,1,-0.0027,38,0.9,1.185,-8.613,1.656,0.5609,34.5306,0,Ready,0,9,Drive,13.319,2.046,0.2229,0.8702,-10.8684,0.4972,0.7361,0,MatchLose,0,9,-90,-90.062,0.0001,0,Excellent,,0,-11.2,2.3269,11.2,0,0,0,0.6773,0,0.0002
2897,PointOver,Reaction,1,-0.0027,38,0.9,1.185,-8.6203,1.6948,0.5238,35.0359,0,Ready,0,9,Drive,13.2663,2.641,0.2153,0.883,-10.8742,0.6607,0.6155,0,MatchLose,0,9,-90,-90.0494,0.0001,0,Excellent,,0,-11.2,2.3599,11.2,0,0,0,0.9273,0,0.0001
2898,PointOver,Reaction,1,-0.0027,38,0.9,1.185,-8.6275,1.7207,0.4957,35.3727,0,Ready,0,9,Drive,13.0344,3.2608,0.1929,0.8803,-10.8716,0.3323,0.5041,0,MatchLose,0,9,-90,-90.0348,0.0001,0,Excellent,,0,-11.2,2.3819,11.2,0,0,0,1.1216,0,0.0001
2899,PointOver,Reaction,1,-0.0027,38,0.9,1.185,-8.6348,1.7596,0.4482,35.878,0,Ready,0,9,Drive,12.5972,3.7391,0.1602,0.8735,-10.8633,0.2466,0.4064,0,MatchLose,0,9,-90,-90.0204,0.0001,0,Excellent,,0,-11.2,2.4149,11.2,0,0,0,1.2069,0,0.0001
2900,PointOver,Reaction,1,-0.0027,38,0.9,1.185,-8.642,1.7854,0.4131,36.2149,0,Ready,0,9,Drive,12.0685,3.9685,0.1526,0.8656,-10.8707,0.3916,0.3236,0,MatchLose,0,9,-90,-90.0076,0.0001,0,Excellent,,0,-11.2,2.4369,11.2,0,0,0,1.096,0,0
2901,PointOver,Reaction,1,-0.0027,38,0.9,1.185,-8.6493,1.8113,0.3752,36.5517,0,Ready,0,9,Drive,11.5058,3.9522,0.1564,0.8579,-10.8853,0.5145,0.2551,0,MatchLose,0,9,-90,-89.9973,0.0001,0,Excellent,,0,-11.2,2.4589,11.2,0,0,0,0.8155,0,0.0002
2902,PointOver,Reaction,1,-0.0027,38,0.9,1.185,-8.6565,1.8502,0.313,37.057,0,Ready,0,9,Drive,10.9746,3.7903,0.1281,0.866,-10.8841,0.8487,0.1995,0,MatchLose,0,9,-90,-89.99,0.0001,0,Excellent,,0,-11.2,2.4919,11.2,0,0,0,0.4584,0,0.0004
2903,PointOver,Reaction,1,-0.0027,38,0.9,1.185,-8.6638,1.8761,0.2681,37.3939,0,Ready,0,9,Drive,10.5909,3.5913,0.0998,0.8764,-10.8856,2.0762,0.1549,0,MatchLose,0,9,-90,-89.9857,0,0,Excellent,,0,-11.2,2.5139,11.2,0,0,0,0.1919,0,0
2904,PointOver,Reaction,1,-0.0027,38,0.9,1.185,-8.671,1.9149,0.1956,37.8991,0,Ready,0,9,Drive,10.4693,3.52,0.117,0.8626,-10.9167,0.5088,0.1195,0,MatchLose,0,9,-90,-89.984,0.0001,0,Excellent,,0,-11.2,2.5469,11.2,0,0,0,0.3956,0,0.0003
2905,PointOver,Reaction,1,-0.0027,38,0.9,1.185,-8.6783,1.9408,0.1437,38.236,0,Ready,0,9,Drive,10.6097,3.6018,0.1382,0.8484,-10.947,0.2641,0.0918,0,MatchLose,0,9,-90,-89.9844,0.0001,0,Excellent,,0,-11.2,2.569,11.2,0,0,0,0.6489,0,0.0002
2906,PointOver,Reaction,1,-0.0027,38,0.9,1.185,-8.6855,1.9667,0.1,38.5728,0,Ready,0,9,Drive,11.0034,3.9002,0.1154,0.8486,-10.926,0.5227,0.0702,0,MatchLose,0,9,-90,-89.9864,0.0001,0,Excellent,,0,-11.2,2.591,11.2,0,0,0,0.807,0,0.0001
2907,PointOver,Reaction,1,-0.0027,38,0.9,1.185,-8.6928,2.0033,0.1606,39.0496,0,Ready,0,9,Drive,11.6827,4.3742,0.1217,0.8513,-10.896,0.7469,0.0534,0,MatchLose,0,9,-90,-89.9893,3.0807,0,Excellent,,0,-11.2,2.7111,11.2,0,0,0,0.8749,0,0.0001
2908,PointOver,Reaction,1,-0.0027,38,0.9,1.185,-8.7,2.0277,0.1975,39.3674,0,Ready,0,9,Drive,12.7332,4.9955,0.1111,0.8293,-10.917,0.7852,0.0405,0,MatchLose,0,9,-83,-82.9926,24.0225,0,Excellent,,0,-11.2,2.7572,11.2,0,0,0,0.8863,0,0.0001
2909,PointOver,Reaction,1,-0.0027,38,1.8884,1.185,8.2072,2.0644,0.2477,39.8442,0,Ready,0,9,Drive,13.9474,5.6954,0.1332,0.8068,-10.9343,0.7576,0.0307,0,MatchLose,0,9,-90,-89.9957,1.1722,0,Excellent,,0,-11.2,2.7884,11.2,0,0,0,0.841,0,0.0001
2910,PointOver,Reaction,1,-0.0027,38,1.9091,1.185,8.2145,2.0888,0.2778,40.162,0,Ready,0,9,Drive,15.1943,6.4045,0.1223,0.8013,-10.9204,0.647,0.0231,0,MatchLose,0,9,-90,-89.9985,0.0008,0,Excellent,,0,-11.2,2.8091,11.2,0,0,0,0.7549,0,0
2911,PointOver,Reaction,1,-0.0027,38,1.9299,1.185,8.2217,2.1132,0.3051,40.4799,0,Ready,0,9,Drive,16.3389,7.1286,0.1086,0.798,-10.9106,0.5495,0.0174,0,MatchLose,0,9,-90,-90.0008,0.0006,0,Excellent,,0,-11.2,2.8299,11.2,0,0,0,0.5895,0,0
2912,PointOver,Reaction,1,-0.0027,38,1.9611,1.185,8.229,2.1499,0.3409,40.9566,0,Ready,0,9,Drive,17.2093,7.8784,0.1155,0.7885,-10.9383,0.4262,0.0131,0,MatchLose,0,9,-90,-90.0023,0.0087,0,Excellent,,0,-11.2,2.8611,11.2,0,0,0,0.3492,0,0
2913,PointOver,Reaction,1,-0.0027,38,1.9818,1.185,8.2362,2.1743,0.3613,41.2745,0,Ready,0,9,Drive,17.8254,8.6339,0.1239,0.7859,-10.9726,0.2913,0.0098,0,MatchLose,0,9,-90,-90.0032,0.006,0,Excellent,,0,-11.2,2.8818,11.2,0,0,0,0.3664,0,0
2914,PointOver,Reaction,1,-0.0027,38,2.013,1.185,8.2435,2.2109,0.3867,41.7512,0,Ready,0,9,Drive,18.1059,9.3759,0.125,0.7833,-10.9763,0.0342,0.0073,0,MatchLose,0,9,-90,-90.0036,0.0011,0,Excellent,,0,-11.2,2.913,11.2,0,0,0,0.6846,0,0
2915,PointOver,Reaction,1,-0.0027,38,2.0337,1.185,8.2507,2.2354,0.4003,42.0691,0,Ready,0,9,Drive,18.2027,10.1177,0.1246,0.7804,-10.9717,0.0693,0.0055,0,MatchLose,0,9,-90,-90.0034,0.0006,0,Excellent,,0,-11.2,2.9337,11.2,0,0,0,0.9982,0,0
2916,PointOver,Reaction,1,-0.0027,38,2.0545,1.185,8.258,2.2598,0.4111,42.3869,0,Ready,0,9,Drive,18.175,10.8114,0.125,0.7799,-10.9717,0.0326,0.0041,0,MatchLose,0,9,-90,-90.0029,0.0003,0,Excellent,,0,-11.2,2.9545,11.2,0,0,0,1.189,0,0
2917,PointOver,Reaction,1,-0.0027,38,2.0856,1.185,8.2652,2.2964,0.4221,42.8637,0,Ready,0,9,Drive,18.1639,11.4649,0.1253,0.7826,-10.9717,0.0492,0.003,0,MatchLose,0,9,-90,-90.0023,0.0003,0,Excellent,,0,-11.2,2.9856,11.2,0,0,0,1.2024,0,0
2918,PointOver,Reaction,1,-0.0027,38,2.1064,1.185,8.2725,2.3209,0.426,43.1815,0,Ready,0,9,Drive,18.3662,12.026,0.126,0.7916,-10.9739,0.0395,0.0023,0,MatchLose,0,9,-90,-90.0015,0.0004,0,Excellent,,0,-11.2,3.0064,11.2,0,0,0,0.9725,0,0
2919,PointOver,Reaction,1,-0.0027,38,2.1375,1.185,8.2797,2.3575,0.4267,43.6583,0,Ready,0,9,Drive,18.6365,12.4955,0.1242,0.8007,-10.9708,0.0402,0,0,MatchLose,0,9,-90,-90.0009,0.0003,0,Excellent,,0,-11.2,3.0375,11.2,0,0,0,0.6612,0,0
2920,PointOver,Reaction,1,-0.0027,38,2.1583,1.185,8.287,2.3819,0.4237,43.9761,0,Ready,0,9,Drive,18.9379,12.892,0.114,0.8037,-10.9478,0.0175,0,0,MatchLose,0,9,-90,-90.0002,2.9866,0,Excellent,,0,-11.2,3.0583,11.2,0,0,0,0.3787,0,0
2921,PointOver,Reaction,1,-0.0027,38,2.1791,1.185,8.2942,2.4064,0.418,44.294,0,Ready,0,9,Drive,19.1557,13.1414,0.1056,0.8092,-10.9337,0.0839,0,0,MatchLose,0,9,-90,-89.9998,16.179,0,Excellent,,0,-11.2,3.0791,11.2,0,0,0,0.2742,0,0
2922,PointOver,Reaction,1,-0.0027,38,2.2102,1.185,8.3014,2.443,0.4042,44.7707,0,Ready,0,9,Drive,19.173,13.2102,0.1127,0.8213,-10.9582,0.2344,0,0,MatchLose,0,9,-90,-89.9994,2.8553,0,Excellent,,0,-11.2,3.1102,11.2,0,0,0,0.3335,0,0
2923,PointOver,Reaction,1,-0.0027,38,2.231,1.185,8.3087,2.4674,0.3916,45.0886,0,Ready,0,9,Drive,18.9804,13.0895,0.1212,0.8374,-10.987,0.1114,0,0,MatchLose,0,9,-90,-89.9992,1.9225,0,Excellent,,0,-11.2,3.131,11.2,0,0,0,0.3747,0,0
2924,PointOver,Reaction,1,-0.0027,38,2.2621,1.185,8.3159,2.5041,0.3676,45.5653,0,Ready,0,9,Drive,18.489,12.7598,0.1257,0.8421,-10.9736,0.1197,0,0,MatchLose,0,9,-90,-89.9992,0.0003,0,Excellent,,0,-11.2,3.1621,11.2,0,0,0,0.3346,0,0
2925,PointOver,Reaction,1,-0.0027,38,2.2829,1.185,8.3232,2.5285,0.3481,45.8832,0,Ready,0,9,Drive,17.8301,12.2829,0.1277,0.8433,-10.9548,0.2535,0,0,MatchLose,0,9,-90,-89.9992,0.0003,0,Excellent,,0,-11.2,3.1829,11.2,0,0,0,0.2797,0,0
2926,PointOver,Reaction,1,-0.0027,38,2.3036,1.185,8.3304,2.5529,0.3258,46.201,0,Ready,0,9,Drive,17.0621,11.6779,0.1244,0.8447,-10.9573,0.5312,0,0,MatchLose,0,9,-90,-89.9993,0.0003,0,Excellent,,0,-11.2,3.2036,11.2,0,0,0,0.2523,0,0
2927,PointOver,Reaction,1,-0.0027,38,2.3348,1.185,8.3377,2.5896,0.2873,46.6778,0,Ready,0,9,Drive,16.2991,11.0316,0.1238,0.8479,-10.965,0.5098,0,0,MatchLose,0,9,-90,-89.9995,0.0003,0,Excellent,,0,-11.2,3.2348,11.2,0,0,0,0.2477,0,0
2928,PointOver,Reaction,1,-0.0027,38,2.3556,1.185,8.3449,2.614,0.2582,46.9956,0,Ready,0,9,Drive,15.661,10.3975,0.1355,0.8578,-10.9705,0.2931,0,0,MatchLose,0,9,-90,-89.9997,0.0003,0,Excellent,,0,-11.2,3.2556,11.2,0,0,0,0.2334,0,0
2929,PointOver,Reaction,1,-0.0027,38,2.3867,1.185,8.3522,2.6506,0.2094,47.4724,0,Ready,0,9,Drive,15.1683,9.8381,0.147,0.8658,-10.976,0.2073,0,0,MatchLose,0,9,-90,-89.9998,0.0003,0,Excellent,,0,-11.2,3.2867,11.2,0,0,0,0.2109,0,0
2930,PointOver,Reaction,1,-0.0027,38,2.4075,1.185,8.3594,2.675,0.1734,47.7902,0,Ready,0,9,Drive,14.8916,9.4398,0.1503,0.87,-10.977,0.2318,0,0,MatchLose,0,9,-90,-89.9999,0.0003,0,Excellent,,0,-11.2,3.3075,11.2,0,0,0,0.1978,0,0
2931,PointOver,Reaction,1,-0.0027,38,2.4282,1.185,8.3667,2.6995,0.1346,48.1081,0,Ready,0,9,Drive,14.7922,9.1613,0.1486,0.8664,-10.9754,0.2832,0,0,MatchLose,0,9,-90,-90,0.0003,0,Excellent,,0,-11.2,3.3282,11.2,0,0,0,0.2198,0,0
2932,PointOver,Reaction,1,-0.0027,38,2.489,1.185,8.3739,2.7354,0.1158,48.5755,0,Ready,0,9,Drive,14.8767,9.005,0.1392,0.8545,-10.9704,0.3478,0,0,MatchLose,0,9,-90,-90.0001,0.0003,0,Excellent,,0,-11.2,3.389,11.2,0,0,0,0.2824,0,0
2933,PointOver,Reaction,1,-0.0027,38,2.5609,1.185,8.3812,2.7584,0.1454,48.8748,0,Ready,0,9,Drive,15.0821,8.933,0.1301,0.8412,-10.9647,0.3062,0,0,MatchLose,0,9,-83,-83.0002,2.8614,0,Excellent,,0,-11.2,3.4609,11.2,0,0,0,0.3525,0,0
2934,PointOver,Reaction,1,-0.0027,38,2.5903,1.185,8.3884,2.7929,0.1846,49.3237,0,Ready,0,9,Drive,15.3607,8.9309,0.1312,0.8327,-10.9576,0.2201,0,0,MatchLose,0,9,-76,-76.0002,15.3467,0,Excellent,,0,-11.2,3.4903,11.2,0,0,0,0.4136,0,0
2935,PointOver,Reaction,1,-0.0027,38,2.6098,1.185,8.3957,2.8159,0.2073,49.623,0,Ready,0,9,Drive,15.6828,8.9493,0.1374,0.8264,-10.9552,0.1217,0,0,MatchLose,0,9,-83,-83.0001,1.1724,0,Excellent,,0,-11.2,3.5098,11.2,0,0,0,0.4483,0,0
2936,PointOver,Reaction,1,-0.0027,38,2.6294,1.185,8.4029,2.8389,0.2273,49.9223,0,Ready,0,9,Drive,16.0048,8.9192,0.15,0.8246,-10.9711,0.247,0,0,MatchLose,0,9,-90,-90.0001,1.1724,0,Excellent,,0,-11.2,3.5294,11.2,0,0,0,0.45,0,0
2937,PointOver,Reaction,1,-0.0027,38,2.6587,1.185,8.4101,2.8734,0.2521,50.3712,0,Ready,0,9,Drive,16.3303,8.8893,0.1574,0.8218,-10.9876,0.4275,0,0,MatchLose,0,9,-90,-90.0001,3.1155,0,Excellent,,0,-11.2,3.5587,11.2,0,0,0,0.4061,0,0
2938,PointOver,Reaction,1,-0.0027,38,2.6782,1.185,8.4174,2.8964,0.2653,50.6704,0,Ready,0,9,Drive,16.6426,8.8922,0.145,0.8046,-10.9849,0.623,0,0,MatchLose,0,9,-90,-90.0001,1.8237,0,Excellent,,0,-11.2,3.5782,11.2,0,0,0,0.2996,0,0.0003
2939,PointOver,Reaction,1,-0.0027,38,2.7076,1.185,8.4246,2.9309,0.2798,51.1193,0,Ready,0,9,Drive,16.96,8.9141,0.1302,0.7853,-10.9786,0.5223,0,0,MatchLose,0,9,-90,-90,0.0003,0,Excellent,,0,-11.2,3.6076,11.2,0,0,0,0.2233,0,0.0001
2940,PointOver,Reaction,1,-0.0027,38,2.7271,1.185,8.4319,2.9539,0.2861,51.4186,0,Ready,0,9,Drive,17.3061,8.9351,0.1283,0.7754,-10.9772,0.1848,0,0,MatchLose,0,9,-90,-90,0.0002,0,Excellent,,0,-11.2,3.6271,11.2,0,0,0,0.2613,0,0
2941,PointOver,Reaction,1,-0.0027,38,2.7467,1.185,8.4391,2.9769,0.2897,51.7179,0,Ready,0,9,Drive,17.6438,9.0042,0.1301,0.7643,-10.9771,0.0741,0,0,MatchLose,0,9,-90,-90,0.0002,0,Excellent,,0,-11.2,3.6467,11.2,0,0,0,0.3358,0,0
2942,PointOver,Reaction,1,-0.0027,38,2.776,1.185,8.4464,3.0114,0.2899,52.1668,0,Ready,0,9,Drive,17.9527,9.1919,0.1331,0.7545,-10.9795,0.2408,0,0,MatchLose,0,9,-90,-90,0.0003,0,Excellent,,0,-11.2,3.676,11.2,0,0,0,0.3867,0,0
2943,PointOver,Reaction,1,-0.0027,38,2.7955,1.185,8.4536,3.0344,0.2866,52.4661,0,Ready,0,9,Drive,18.2117,9.4312,0.1336,0.7444,-10.9806,0.2288,0,0,MatchLose,0,9,-90,-90,0.0002,0,Excellent,,0,-11.2,3.6955,11.2,0,0,0,0.4218,0,0.0003
2944,PointOver,Reaction,1,-0.0027,38,2.8249,1.185,8.4609,3.0689,0.2766,52.915,0,Ready,0,9,Drive,18.3895,9.6668,0.1215,0.7307,-10.9743,0.0476,0,0,MatchLose,0,9,-90,-89.9999,0.0002,0,Excellent,,0,-11.2,3.7249,11.2,0,0,0,0.4237,0,0.0001
2945,PointOver,Reaction,1,-0.0027,38,2.8444,1.185,8.4681,3.0919,0.2665,53.2142,0,Ready,0,9,Drive,18.5014,9.9316,0.1122,0.723,-10.9692,0.1314,0,0,MatchLose,0,9,-90,-90,0.0002,0,Excellent,,0,-11.2,3.7444,11.2,0,0,0,0.42,0,0.0001
2946,PointOver,Reaction,1,-0.0027,38,2.864,1.185,8.4754,3.1149,0.2536,53.5135,0,Ready,0,9,Drive,18.5419,10.2533,0.1257,0.73,-10.9699,0.1331,0,0,MatchLose,0,9,-90,-89.9999,0.0002,0,Excellent,,0,-11.2,3.764,11.2,0,0,0,0.4326,0,0
2947,PointOver,Reaction,1,-0.0027,38,2.8933,1.185,8.4826,3.1494,0.2292,53.9624,0,Ready,0,9,Drive,18.5404,10.5752,0.1414,0.7421,-10.9734,0.1101,0,0,MatchLose,0,9,-90,-90,2.6205,0,Excellent,,0,-11.2,3.7933,11.2,0,0,0,0.4449,0,0
2948,PointOver,Reaction,1,-0.0027,38,2.9128,1.185,8.4899,3.1724,0.2095,54.2617,0,Ready,0,9,Drive,18.511,10.8295,0.146,0.7512,-10.9812,0.0308,0,0,MatchLose,0,9,-90,-90,2.346,0,Excellent,,0,-11.2,3.8128,11.2,0,0,0,0.4173,0,0.0002
2949,PointOver,Reaction,1,-0.0027,38,2.9422,1.185,8.4971,3.2069,0.1748,54.7106,0,Ready,0,9,Drive,18.4889,11.0478,0.1441,0.7559,-10.9779,0.0129,0,0,MatchLose,0,9,-90,-90,12.9025,0,Excellent,,0,-11.2,3.8422,11.2,0,0,0,0.3536,0,0.0001
2950,PointOver,Reaction,1,-0.0027,38,2.9617,1.185,8.5043,3.2299,0.1483,55.0099,0,Ready,0,9,Drive,18.5303,11.2464,0.1305,0.7514,-10.9396,0.0148,0,0,MatchLose,0,9,-90,-90,0.0002,0,Excellent,,0,-11.2,3.8617,11.2,0,0,0,0.2553,0,0.0001
2951,PointOver,Reaction,1,-0.0027,38,2.9813,1.185,8.5116,3.2529,0.119,55.3091,0,Ready,0,9,Drive,18.5792,11.3845,0.1158,0.7522,-10.9046,0.0133,0,0,MatchLose,0,9,-90,-90,0.0002,0,Excellent,,0,-11.2,3.8813,11.2,0,0,0,0.1707,0,0.0001
2952,PointOver,Reaction,1,-0.0027,38,3.0409,1.185,8.5188,3.2867,0.1122,55.7492,0,Ready,0,9,Drive,18.6069,11.4287,0.1143,0.7566,-10.8999,0.0152,0,0,MatchLose,0,9,-90,-90,0.0002,0,Excellent,,0,-11.2,3.9409,11.2,0,0,0,0.1615,0,0
2953,PointOver,Reaction,1,-0.0027,38,3.09,1.185,8.5261,3.3084,0.1346,56.0307,0,Ready,0,9,Drive,18.5948,11.393,0.1198,0.7618,-10.9016,0.0161,0,0,MatchLose,0,9,-83,-83,1.1723,0,Excellent,,0,-11.2,3.99,11.2,0,0,0,0.2054,0,0
2954,PointOver,Reaction,1,-0.0027,38,3.1176,1.185,8.5333,3.3408,0.163,56.453,0,Ready,0,9,Drive,18.4979,11.2809,0.1343,0.7689,-10.8959,0.0062,0,0,MatchLose,0,9,-90,-90,1.1723,0,Excellent,,0,-11.2,4.0176,11.2,0,0,0,0.2317,0,0
2955,PointOver,Reaction,1,-0.0027,38,3.136,1.185,8.5406,3.3625,0.1785,56.7345,0,Ready,0,9,Drive,18.3722,11.1244,0.1482,0.7758,-10.8911,0.0057,0,0,MatchLose,0,9,-90.0126,-90.0064,2.2416,0,Excellent,,0,-11.2,4.036,11.2,0,0,0,0.225,0,0.0005
2956,PointOver,Reaction,1,-0.0027,38,3.1544,1.185,8.5478,3.3841,0.1913,57.0161,0,Ready,0,9,Drive,18.246,10.9543,0.1517,0.7782,-10.89,0.0121,0,0,MatchLose,0,9,-90,-89.999,12.3189,0,Excellent,,0,-11.2,4.0544,11.2,0,0,0,0.1978,0,0.0001
2957,PointOver,Reaction,1,-0.0027,38,3.182,1.185,8.5551,3.4165,0.2054,57.4384,0,Ready,0,9,Drive,18.1502,10.7862,0.1495,0.7801,-10.8876,0.0152,0,0,MatchLose,0,9,-89.8884,-89.9424,0.0559,0,Excellent,,0,-11.2,4.082,11.2,0,0,0,0.1638,0,0.0006
2958,PointOver,Reaction,1,-0.0027,38,3.2003,1.185,8.5623,3.4382,0.2113,57.7199,0,Ready,0,9,Drive,18.11,10.6318,0.1408,0.7866,-10.8776,0.0201,0,0,MatchLose,0,9,-89.6278,-89.8191,0.1302,0,Excellent,,0,-11.2,4.1003,11.2,0,0,0,0.1439,0,0
2959,PlayerServeHold,Reaction,1,-0.0027,38,3.2279,1.185,8.5696,3.4598,0.2146,58.0014,0,Ready,0,9,Drive,18.1664,10.5254,0.1326,0.7925,-10.8682,0.0133,0,0,MatchLose,0,9,-89.1877,-89.6266,0.2204,0,Excellent,,0,-11.2,4.1279,11.2,0,0,0,0.1542,0,0.0005
2960,PlayerServeHold,Reaction,1,-0.0027,38,3.1879,1.185,8.5768,0.2588,0.875,-10.9333,0,Ready,0,9,Drive,18.4076,10.517,0.1331,0.7927,-10.8985,0.0121,0,0,Forehand prepare 1.00,0,9,-84.8462,-79.224,1.2473,0,Excellent,,-0.0013,-11.2333,4.0879,11.2,0,0,0,0.2054,0,0.0001
2961,PlayerServeHold,Reaction,1,-0.0027,38,3.1078,1.185,8.5841,0.2456,0.875,-10.9911,0,Serve prepare 0.00,0,9,Drive,18.2638,8.7265,0.1055,0.7819,-10.9656,0.2453,0.2083,0.1667,Forehand prepare 1.00,0,9,-76.7759,-64.6365,2.1641,0,Excellent,,-0.0038,-11.3,4.0078,11.2,0,0,1.2315,1.9578,0,0.0001
2962,PlayerServeHold,Reaction,1,-0.0027,38,3.0678,1.185,8.5913,0.2334,0.875,-11.0159,0,Serve prepare 0.00,0,9,Drive,19.1732,7.7741,0.0739,0.8235,-10.9482,0.5373,0.4167,0.3333,Forehand prepare 1.00,0,9,-67.7704,-49.0767,1.744,0,Excellent,,-0.005,-11.3333,3.9678,11.2,0,0,0.814,3.0854,0,0.0001
2963,PlayerServeHold,Reaction,1,-0.0027,38,2.9877,1.185,8.5986,0.2413,0.875,-11.0911,0,Run,0,9,Drive,23.3053,13.7082,0.1094,0.7881,-11.0941,0.2945,0.3981,0.1667,Forehand prepare 1.00,0,9,-59.5418,-34.4023,1.1061,0,Excellent,,-0.0081,-11.4,3.8877,11.2,0,0.0006,0.7649,0.7012,0,0.0003
2964,PlayerServeHold,Reaction,1,-0.0027,38,2.9476,1.185,8.6058,0.25,0.875,-11.1333,0,Run,0,9,Drive,24.924,15.2953,0.1165,0.7863,-11.1281,0,0.3567,0,Forehand prepare 1.00,0,9,-52.2741,-20.9744,0.799,0,Excellent,,-0.01,-11.4333,3.8476,11.2,0,0.0016,1.1768,0.7259,0,0.0003
2965,PlayerServeHold,Reaction,1,-0.0027,38,2.8676,1.185,8.613,0.2453,0.875,-11.2,0,Run,0,9,Drive,23.5427,14.0813,0.1136,0.7793,-11.1879,0,0.3067,0,Forehand prepare 1.00,0,9,-45.574,-8.6213,0,0,Excellent,,-0.0147,-11.5,3.7676,11.2,0,0.0029,1.2453,0.8304,0,0.0002
2966,PlayerServeHold,Reaction,1,-0.0027,38,2.8275,1.185,8.6203,-0.325,0.695,-11.4905,0,Run,0,9,Drive,14.8549,5.8679,0.0756,0.7712,-11.2031,0,0.2565,0,Forehand prepare 1.00,0,9,-35.3308,4.1911,0,0,Excellent,,-0.0175,-11.5333,3.7275,11.2,0,0.0045,1.6171,0.9835,0,0.0002
2967,PlayerServeHold,Reaction,1,-0.0027,38,2.7474,1.185,8.6275,-0.3343,0.695,-11.595,0,Run,0,9,Drive,6.1792,-2.2971,0.0333,0.7634,-11.2564,0,0.21,0,Forehand prepare 1.00,0,9,-25.4004,16.4877,0,0,Excellent,,-0.0239,-11.6,3.6474,11.2,0,0.006,1.5923,1.1151,0,0.0001
2968,PlayerServeHold,Reaction,1,-0.0027,38,2.7074,1.185,8.6348,-0.3362,0.695,-11.6662,0,Run,0,9,Drive,-2.4085,-10.1973,-0.0116,0.7608,-11.2789,0,0.1693,0,Forehand prepare 1.00,0,9,-15.5494,27.9773,0,0,Excellent,,-0.0275,-11.6333,3.6074,11.2,0,0.0075,1.8905,1.2018,0,0.0001
2969,PlayerServeHold,Reaction,1,-0.0027,38,2.6273,1.185,8.642,-0.338,0.695,-11.7702,0,Run,0,9,Drive,-10.8946,-18.0205,-0.0588,0.7587,-11.3408,0,0.1348,0,Forehand prepare 1.00,0,9,-5.8987,38.4915,0,0,Excellent,,-0.0356,-11.7,3.5273,11.2,0,0.0087,1.8078,1.2392,0,0.0001
2970,PlayerServeHold,Reaction,1,-0.0027,38,2.5873,1.185,8.6493,-0.3316,0.695,-11.8399,0,Run,0,9,Drive,-19.3001,-25.6377,-0.093,0.7539,-11.3751,0,0.1063,0,Forehand prepare 1.00,0,9,3.4926,48.2743,4.3818,0,Excellent,,-0.04,-11.7333,3.4873,11.2,0,0.0097,2.0604,1.2404,0,0.0001
2971,PlayerServeHold,Reaction,1,-0.0027,38,2.5072,1.185,8.6565,-0.3262,0.695,-11.9413,0,Run,0,9,Drive,-27.7187,-33.2982,-0.1291,0.7496,-11.4455,3.1066,0.0831,0,Forehand prepare 1.00,0,9,12.4034,57.1701,4.4891,0,Excellent,,-0.0497,-11.8,3.4072,11.2,0,0.0104,1.9417,1.2148,0,0.0001
2972,PlayerServeHold,Reaction,1,-0.0027,38,2.4671,1.185,8.6638,-0.3122,0.695,-12.0073,0,Run,0,9,Drive,-36.2505,-40.9522,-0.1601,0.7463,-11.4848,3.5352,0.0645,0,Forehand prepare 1.00,0,9,19.7676,64.2124,9.5734,0,Excellent,,-0.055,-11.8333,3.3671,11.2,0,0.011,2.1659,1.1799,0,0
2973,PlayerServeHold,Reaction,1,-0.0027,38,2.3871,1.185,8.671,-0.3005,0.695,-12.104,0,Run,0,9,Drive,-44.8352,-48.6989,-0.1958,0.7442,-11.56,1.5577,0.0498,0,Forehand prepare 1.00,0,9,20.6237,64.5518,2.9802,0,Excellent,,-0.0664,-11.9,3.2871,11.2,0,0.0112,2.0248,1.1192,0,0
2974,PlayerServeHold,Reaction,1,-0.0027,38,2.347,1.185,8.6783,-0.28,0.695,-12.1643,0,Run,0,9,Drive,-53.6053,-56.5541,-0.2247,0.7406,-11.6051,1.5633,0.0382,0,Forehand prepare 1.00,0,9,21.0109,64.334,3.7378,0,Excellent,,-0.0725,-11.9333,3.247,11.2,0,0.0114,2.2314,1.0528,0,0
2975,PlayerServeHold,Reaction,1,-0.0027,38,2.2669,1.185,8.6855,-0.2633,0.695,-12.2546,0,Run,0,9,Drive,-62.1895,-64.3298,-0.2563,0.7389,-11.683,1.56,0.0292,0,Forehand prepare 1.00,0,9,20.8924,63.6122,4.3693,0,Excellent,,-0.0856,-12,3.1669,11.2,0,0.0114,2.0765,0.9469,0,0
2976,PlayerServeHold,Reaction,1,-0.0027,38,2.2269,1.185,8.6928,-0.2379,0.695,-12.3077,0,Run,0,9,Drive,-70.7319,-72.1194,-0.2773,0.7378,-11.7215,1.5542,0.0223,0,Forehand prepare 1.00,0,9,20.4607,62.647,2.5544,0,Excellent,,-0.0925,-12.0333,3.1269,11.2,0,0.0114,2.2721,0.8248,0,0
2977,PlayerServeHold,None,1,-0.0027,38,2.1468,1.185,8.7,-0.2181,0.695,-12.39,0,Run,0,9,Drive,-79.1384,-79.9065,-0.3048,0.7379,-11.795,2.8501,0.0169,0,Forehand prepare 1.00,0,9,19.8078,61.5689,2.5824,0,Excellent,,-0.1072,-12.1,3.0468,11.2,0,0.0112,2.1085,0.6891,0,0
2978,PlayerServeHold,None,1,-0.0027,52,-2.215,2.535,-16.5334,-0.195,0.695,-12.4334,0,Run,0,9,Drive,-86.3683,-86.6445,-0.317,0.7361,-11.8375,11.391,0.0128,0,Forehand prepare 1.00,0,9,18.9654,60.4317,4.1738,0,Excellent,,-0.115,-12.1334,3.0068,11.2,14,0.0111,2.2974,0.5676,0,0
2979,PlayerServeHold,None,1,-0.0027,52,-2.2223,2.5365,-16.5364,-0.2114,0.695,-12.5,0,Run,0,9,Drive,-87.3631,-87.295,-0.3049,0.7367,-11.8939,0.3637,0.0096,0,Forehand prepare 1.00,0,9,18.2539,59.5547,4.1241,0,Excellent,,-0.1314,-12.2,2.9267,11.2,0,0.0109,2.1285,0.4821,0,0
2980,PlayerServeHold,None,1,-0.0027,52,-2.2297,2.5379,-16.5417,-0.22,0.695,-12.5334,0,Run,0,9,Drive,-88.0485,-87.8536,-0.2814,0.7329,-11.9183,1.0733,0.0073,0,Forehand prepare 1.00,0,9,17.6889,58.9394,0.8043,0,Excellent,,-0.14,-12.2334,2.8866,11.2,0,0.0108,2.3131,0.4765,0,0
2981,PlayerServeHold,None,1,-0.0027,52,-2.2379,2.5392,-16.5518,-0.2381,0.695,-12.6,0,Run,0,9,Drive,-88.4654,-88.3182,-0.265,0.729,-11.9787,6.2622,0.0054,0,Forehand prepare 1.00,0,9,17.3646,58.6569,0.0939,0,Excellent,,-0.1581,-12.3,2.8066,11.2,0,0.0107,2.1408,0.5363,0,0
2982,PlayerServeHold,None,1,-0.0027,52,-2.2461,2.5404,-16.5637,-0.2475,0.695,-12.6334,0,Run,0,9,Drive,-88.6711,-88.6786,-0.2409,0.7275,-12.0087,0,0.0041,0,Forehand prepare 1.00,0,9,17.4138,58.8085,2.3885,0,Excellent,,-0.1675,-12.3334,2.7665,11.2,0,0.0105,2.3229,0.5842,0,0
2983,PlayerServeHold,None,1,-0.0027,52,-2.2553,2.5415,-16.5759,-0.2672,0.695,-12.65,0,Run,0,9,Drive,-88.6265,-88.9063,-0.2316,0.7294,-12.0239,0,0.0031,0,Forehand prepare 1.00,0,9,17.7856,59.3172,7.2995,0,Excellent,,-0.1872,-12.35,2.6864,11.2,0,0.0103,2.1485,0.6023,0,0
2984,PlayerServeHold,None,1,-0.0027,52,-2.2645,2.5425,-16.5872,-0.2775,0.695,-12.65,0,Run,0,9,Drive,-88.3108,-89.3032,-0.2181,0.7297,-12.0238,0,0.0023,0,Forehand prepare 1.00,0,9,18.4184,60.0961,5.7503,0,Excellent,,-0.1975,-12.35,2.6464,11.2,0,0.0101,2.3289,0.2474,0,0
2985,PlayerServeHold,None,1,-0.0027,52,-2.2747,2.5434,-16.5976,-0.2989,0.695,-12.65,0,Run,0,9,Drive,-87.7371,-89.3273,-0.217,0.7282,-12.0253,0,0,0,Forehand prepare 1.00,0,9,19.369,61.1812,2.5131,0,Excellent,,-0.2189,-12.35,2.5663,11.2,0,0.0098,2.1533,0.2271,0,0
2986,PlayerServeHold,None,1,-0.0027,52,-2.2849,2.5443,-16.6072,-0.31,0.695,-12.65,0,Run,0,9,Drive,-86.9597,-89.245,-0.2064,0.724,-12.0283,0.0941,0,0,Forehand prepare 1.00,0,9,20.3932,62.3148,3.3144,0,Excellent,,-0.23,-12.35,2.5263,11.2,0,0.0095,2.3327,0.2394,0,0
2987,PlayerServeHold,None,1,-0.0027,52,-2.2961,2.5451,-16.6161,-0.3325,0.695,-12.65,0,Run,0,9,Drive,-86.2875,-89.1749,-0.2128,0.7197,-12.0307,0.0294,0,0,Forehand prepare 1.00,0,9,21.4161,63.4143,0.9888,0,Excellent,,-0.2525,-12.35,2.4462,11.2,0,0.0091,2.1563,0.2286,0,0
2988,PlayerServeHold,None,1,-0.0027,52,-2.3072,2.5458,-16.6243,-0.3438,0.695,-12.65,0,Run,0,9,Drive,-85.6718,-89.1112,-0.2113,0.7189,-12.0332,0.1365,0,0,Forehand prepare 1.00,0,9,22.3884,64.428,2.5425,0,Excellent,,-0.2638,-12.35,2.4061,11.2,0,0.0084,1.8583,0.2051,0,0
2989,PlayerServeHold,None,1,-0.0027,52,-2.3192,2.5465,-16.6319,-0.3663,0.695,-12.65,0,Run,0,9,Drive,-85.1113,-89.0559,-0.2238,0.7106,-12.0351,0.0172,0,0,Forehand prepare 1.00,0,9,23.0458,65.0952,2.7746,0,Excellent,,-0.2863,-12.35,2.3261,11.2,0,0.0074,1.4646,0.173,0,0
2990,PlayerServeHold,None,1,-0.0027,52,-2.3312,2.5472,-16.6389,-0.3775,0.695,-12.65,0,Run,0,9,Drive,-84.574,-88.9985,-0.2261,0.7196,-11.9912,0.0145,0,0,Forehand prepare 1.00,0,9,23.44,65.4738,2.46,0,Excellent,,-0.2975,-12.35,2.286,11.2,0,0.0061,1.1543,0.1385,0,0
2991,PlayerServeHold,None,1,-0.0027,52,-2.3439,2.5478,-16.6454,-0.4,0.695,-12.65,0,Run,0,9,Drive,-84.2222,-88.9811,-0.2429,0.7166,-11.9925,0.0088,0,0,Forehand prepare 1.00,0,9,23.4985,65.4995,3.6532,0,Excellent,,-0.32,-12.35,2.2059,11.2,0,0.0046,0.9097,0.0938,0,0
2992,PlayerServeHold,None,1,-0.0027,52,-2.3566,2.5483,-16.6514,-0.4113,0.695,-12.65,0,Run,0,9,Drive,-84.0426,-88.9965,-0.2514,0.7157,-11.9933,0.0062,0,0,Forehand prepare 1.00,0,9,23.1465,65.1066,3.4582,0,Excellent,,-0.3313,-12.35,2.1659,11.2,0,0.0032,0.717,0.0523,0,0
2993,PlayerServeHold,None,1,-0.0027,52,-2.3699,2.5489,-16.6569,-0.4338,0.695,-12.65,0,Run,0,9,Drive,-84.0153,-89.0346,-0.2728,0.7185,-11.9936,0.0041,0,0,Forehand prepare 1.00,0,9,22.5178,64.4371,3.0979,0,Excellent,,-0.3538,-12.35,2.0858,11.2,0,0.0019,0.5651,0.0474,0,0
2994,PlayerServeHold,None,1,-0.0027,52,-2.3831,2.5493,-16.662,-0.445,0.695,-12.65,0,Run,0,9,Drive,-84.1531,-89.0994,-0.2868,0.7202,-11.9931,0.0034,0,0,Forehand prepare 1.00,0,9,21.6985,63.5838,0,0,Excellent,,-0.365,-12.35,2.0458,11.2,0,0.0007,0.4453,0.0874,0,0
2995,PlayerServeHold,None,1,-0.0027,52,-2.397,2.5498,-16.6667,-0.4675,0.695,-12.65,0,Run,0,9,Drive,-84.4237,-89.1799,-0.3132,0.7233,-11.9921,0.0026,0,0,Forehand prepare 1.00,0,9,20.6818,62.5445,0,0,Excellent,,-0.3875,-12.35,1.9657,11.2,0,-0.0001,0.351,0.1274,0,0
2996,PlayerServeHold,None,1,-0.0027,52,-2.4107,2.5502,-16.6711,-0.4787,0.695,-12.65,0,Run,0,9,Drive,-84.8133,-89.2724,-0.3305,0.7278,-11.9908,0.0018,0,0,Forehand prepare 1.00,0,9,19.7778,61.6307,0,0,Excellent,,-0.3987,-12.35,1.95,11.2,0,-0.0007,0.2766,0.1598,0,0
2997,PlayerServeHold,None,1,-0.0027,52,-2.425,2.5506,-16.6751,-0.5012,0.695,-12.65,0,Run,0,9,Drive,-85.3356,-89.3811,-0.3608,0.7333,-11.9891,0.0058,0,0,Forehand prepare 1.00,0,9,19.4439,61.2973,0.5592,0,Excellent,,-0.4212,-12.35,1.95,11.2,0,-0.001,0.218,0.1861,0,0
2998,PlayerServeHold,None,1,-0.0027,52,-2.4391,2.551,-16.6788,-0.5125,0.695,-12.65,0,Run,0,9,Drive,-86.0662,-89.5258,-0.3829,0.7401,-11.9866,0.0179,0,0,Forehand prepare 1.00,0,9,14.9699,55.5323,1.8593,0,Excellent,,-0.4325,-12.35,1.95,11.2,0,-0.0011,0.1718,0.2133,0,0
2999,PlayerServeHold,None,1,-0.0027,52,-2.4539,2.5513,-16.6822,-0.535,0.695,-12.65,0,Run,0,9,Drive,-86.9229,-89.6863,-0.4067,0.7335,-12.0298,0.0471,0,0,Forehand prepare 1.00,0,9,7.296,46.3829,1.1394,0,Excellent,,-0.455,-12.35,1.95,11.2,0,-0.001,0.1354,0.2341,0,0
3000,PlayerServeHold,None,1,-0.0027,52,-2.4683,2.5517,-16.6854,-0.5462,0.695,-12.65,0,Run,0,9,Drive,-87.7393,-89.823,-0.4302,0.7393,-12.0262,0.024,0,0,Forehand prepare 1.00,0,9,0.7258,38.3766,1.0354,0,Excellent,,-0.4662,-12.35,1.95,11.2,0,-0.0008,0.1067,0.2343,0,0
3001,PlayerServeHold,None,1,-0.0027,52,-2.4834,2.552,-16.6883,-0.5687,0.695,-12.65,0,Run,0,9,Drive,-88.603,-89.9612,-0.4762,0.7431,-12.0254,0.2603,0,0,Forehand prepare 1.00,0,9,-3.4829,32.9013,1.4134,0,Excellent,,-0.4887,-12.35,1.95,11.2,0,-0.0006,0.0841,0.2271,0,0
3002,PlayerServeHold,None,1,-0.0027,52,-2.4981,2.5523,-16.691,-0.58,0.695,-12.65,0,Run,0,9,Drive,-89.576,-90.1193,-0.5016,0.7463,-12.023,0,0,0,Forehand prepare 1.00,0,9,-5.4763,29.9293,2.2963,0,Excellent,,-0.5,-12.35,1.95,11.2,0,-0.0004,0.0663,0.2216,0,0
3003,PlayerServeHold,None,1,-0.0027,52,-2.5134,2.5526,-16.6935,-0.6025,0.695,-12.65,0,Run,0,9,Drive,-90.6807,-90.3042,-0.54,0.748,-12.0203,0,0,0,Forehand prepare 1.00,0,9,-5.7227,29.0673,1.0247,0,Excellent,,-0.5225,-12.35,1.95,11.2,0,-0.0002,0.0522,0.2221,0,0
3004,PlayerServeHold,None,1,-0.0027,52,-2.5284,2.5529,-16.6958,-0.6137,0.695,-12.65,0,Run,0,9,Drive,-91.6099,-90.4409,-0.5644,0.7479,-12.0182,0,0,0,Forehand prepare 1.00,0,9,-4.7403,29.8478,0.2782,0,Excellent,,-0.5337,-12.35,1.95,11.2,0,0,0.0412,0.1995,0,0
3005,PlayerServeHold,None,1,-0.0027,52,-2.5439,2.5531,-16.698,-0.6362,0.695,-12.65,0,Run,0,9,Drive,-92.4609,-90.5577,-0.5986,0.7462,-12.0163,0.3868,0,0,Forehand prepare 1.00,0,9,-2.9394,31.915,0.5005,0,Excellent,,-0.5562,-12.35,1.95,11.2,0,0.0001,0.0325,0.169,0,0
3006,PlayerServeHold,None,1,-0.0027,52,-2.5591,2.5534,-16.6999,-0.6475,0.695,-12.65,0,Run,0,9,Drive,-93.2766,-90.6687,-0.6209,0.743,-12.0148,0.5253,0,0,Forehand prepare 1.00,0,9,-0.8398,34.9541,0.6457,0,Excellent,,-0.5675,-12.35,1.95,11.2,0,0.0002,0.0256,0.1381,0,0
3007,PlayerServeHold,None,1,-0.0027,52,-2.5749,2.5536,-16.7017,-0.67,0.695,-12.65,0,Run,0,9,Drive,-94.135,-90.7952,-0.6434,0.7384,-12.0028,0.9542,0,0,Forehand prepare 1.00,0,9,1.0448,38.0037,0.5717,0,Excellent,,-0.59,-12.35,1.95,11.2,0,0.0002,0.0202,0.1179,0,0
3008,PlayerServeHold,None,1,-0.0027,52,-2.5903,2.5539,-16.7034,-0.6813,0.695,-12.65,0,Run,0,9,Drive,-94.8047,-90.8804,-0.6751,0.7344,-12.0112,0.5158,0,0,Forehand prepare 1.00,0,9,2.5026,40.566,0.4127,0,Excellent,,-0.6013,-12.35,1.95,11.2,0,0.0002,0.0159,0.0851,0,0
3009,PlayerServeHold,None,1,-0.0027,52,-2.6062,2.5541,-16.705,-0.7038,0.695,-12.65,0,Run,0,9,Drive,-95.2937,-90.929,-0.7038,0.7304,-12.0113,0.3054,0,0,Forehand prepare 1.00,0,9,3.5452,42.6473,0.2863,0,Excellent,,-0.6238,-12.35,1.95,11.2,0,0.0001,0.0125,0.042,0,0
3010,PlayerServeHold,None,1,-0.0027,52,-2.6217,2.5544,-16.7064,-0.715,0.695,-12.65,0,Run,0,9,Drive,-95.651,-90.9559,-0.7196,0.7272,-12.0105,0.0123,0,0,Forehand prepare 1.00,0,9,4.2554,44.3202,0.2013,0,Excellent,,-0.635,-12.35,1.95,11.2,0,0.0001,0.0099,0,0,0
3011,PlayerServeHold,None,1,-0.0027,52,-2.6377,2.5546,-16.7077,-0.7375,0.695,-12.65,0,Run,0,9,Drive,-95.8953,-90.9671,-0.745,0.7251,-12.01,0.0073,0,0,Forehand prepare 1.00,0,9,4.735,45.6607,0.1436,0,Excellent,,-0.6575,-12.35,1.95,11.2,0,0.0001,0.0078,0,0,0
3012,PlayerServeHold,None,1,-0.0027,52,-2.6534,2.5548,-16.709,-0.7488,0.695,-12.65,0,Run,0,9,Drive,-95.9907,-90.9547,-0.7575,0.7241,-12.0098,0.0069,0,0,Forehand prepare 1.00,0,9,5.0557,46.7187,0.1026,0,Excellent,,-0.6688,-12.35,1.95,11.2,0,0,0.0061,0.0453,0,0
3013,PlayerServeHold,None,1,-0.0027,52,-2.6695,2.555,-16.7101,-0.7713,0.695,-12.65,0,Run,0,9,Drive,-95.916,-90.9139,-0.7788,0.7248,-12.0099,0.0031,0,0,Forehand prepare 1.00,0,9,5.264,47.5303,0.0746,0,Excellent,,-0.6913,-12.35,1.95,11.2,0,0,0.0048,0.0822,0,0
3014,PlayerServeHold,None,1,-0.0027,52,-2.6853,2.5553,-16.7111,-0.7825,0.695,-12.65,0,Run,0,9,Drive,-95.6905,-90.8502,-0.7868,0.7269,-12.0101,0.0005,0,0,Forehand prepare 1.00,0,9,5.3861,48.1216,0.0593,0,Excellent,,-0.7025,-12.35,1.95,11.2,0,0,0.0038,0.1154,0,0
3015,PlayerServeHold,None,1,-0.0027,52,-2.7015,2.5555,-16.7121,-0.805,0.695,-12.65,0,Run,0,9,Drive,-95.2686,-90.7525,-0.8038,0.7305,-12.0107,0.0096,0,0,Forehand prepare 1.00,0,9,5.4743,48.5283,0.0326,0,Excellent,,-0.725,-12.35,1.95,11.2,0,0,0.003,0.1477,0,0
3016,PlayerServeHold,None,1,-0.0027,52,-2.7174,2.5557,-16.713,-0.8163,0.695,-12.65,0,Run,0,9,Drive,-94.6874,-90.6304,-0.8072,0.735,-12.0117,0.0094,0,0,Forehand prepare 1.00,0,9,5.5295,48.774,0.0175,0,Excellent,,-0.7363,-12.35,1.95,11.2,0,0,0.0024,0.178,0,0
3017,PlayerServeHold,None,1,-0.0027,52,-2.7337,2.5559,-16.7138,-0.8388,0.695,-12.65,0,Run,0,9,Drive,-94.0696,-90.5139,-0.8213,0.7391,-12.0128,0.0068,0,0,Forehand prepare 1.00,0,9,5.5638,48.8893,0.009,0,Excellent,,-0.7588,-12.35,1.95,11.2,0,0,0.0019,0.1933,0,0
3018,PlayerServeHold,None,1,-0.0027,52,-2.7496,2.5562,-16.7146,-0.85,0.695,-12.65,0,Run,0,9,Drive,-93.3581,-90.3869,-0.8228,0.7429,-12.0141,0.0211,0,0,Forehand prepare 1.00,0,9,5.5849,48.9054,0.0041,0,Excellent,,-0.77,-12.35,1.95,11.2,0,0,0.0015,0.203,0,0
3019,PlayerServeHold,None,1,-0.0027,52,-2.766,2.5564,-16.7153,-0.8725,0.695,-12.65,0,Run,0,9,Drive,-92.5031,-90.2353,-0.8336,0.7458,-12.0157,0.0634,0,0,Forehand prepare 1.00,0,9,5.6169,48.8792,0.0124,0,Excellent,,-0.7925,-12.35,1.95,11.2,0,0,0.0012,0.2131,0,0
3020,PlayerServeHold,None,1,-0.0027,52,-2.782,2.5566,-16.716,-0.8838,0.695,-12.65,0,Run,0,9,Drive,-91.4593,-90.047,-0.8303,0.748,-12.018,0.4939,0,0,Forehand prepare 1.00,0,9,5.6169,48.7735,0,0,Excellent,,-0.8038,-12.35,1.95,11.2,0,0,0.0009,0.2299,0,0
3021,PlayerServeHold,None,1,-0.0027,52,-2.7985,2.5569,-16.7166,-0.9063,0.695,-12.65,0,Run,0,9,Drive,-90.5237,-89.8955,-0.8394,0.7479,-12.0202,0,0,0,Forehand prepare 1.00,0,9,5.6169,48.6529,0,0,Excellent,,-0.8263,-12.35,1.95,11.2,0,0,0.0007,0.224,0,0
3022,PlayerServeHold,None,1,-0.0027,52,-2.8145,2.5571,-16.7171,-0.9175,0.695,-12.65,0,Run,0,9,Drive,-89.6187,-89.7578,-0.8378,0.7466,-12.0225,0,0,0,Forehand prepare 1.00,0,9,5.6169,48.5339,0,0,Excellent,,-0.8375,-12.35,1.95,11.2,0,0,0.0006,0.2082,0,0
3023,PlayerServeHold,None,1,-0.0027,52,-2.831,2.5574,-16.7177,-0.94,0.695,-12.65,0,Run,0,9,Drive,-88.6975,-89.6189,-0.8471,0.7437,-12.0249,0,0,0,Forehand prepare 1.00,0,9,5.6169,48.4287,0,0,Excellent,,-0.86,-12.35,1.95,11.2,0,0,0.0004,0.1897,0,0
3024,PlayerServeHold,None,1,-0.0027,52,-2.847,2.5576,-16.7181,-0.9513,0.695,-12.65,0,Run,0,9,Drive,-87.6567,-89.4513,-0.8433,0.7383,-12.0279,0.1289,0,0,Forehand prepare 1.00,0,9,5.6169,48.3448,0,0,Excellent,,-0.8713,-12.35,1.95,11.2,0,0,0.0004,0.1824,0,0
3025,PlayerServeHold,None,1,-0.0027,52,-2.8636,2.5579,-16.7186,-0.9738,0.695,-12.65,0,Run,0,9,Drive,-86.7638,-89.3208,-0.8529,0.7324,-12.0303,0.6816,0,0,Forehand prepare 1.00,0,9,5.6169,48.2855,0,0,Excellent,,-0.8938,-12.35,1.95,11.2,0,0,0.0003,0.1598,0,0
3026,PlayerServeHold,None,1,-0.0027,52,-2.8797,2.5581,-16.719,-0.985,0.695,-12.65,0,Run,0,9,Drive,-86.0367,-89.2286,-0.8537,0.7265,-12.0329,0.3262,0,0,Forehand prepare 1.00,0,9,5.6169,48.2507,0,0,Excellent,,-0.905,-12.35,1.95,11.2,0,0,0.0002,0.1239,0,0
3027,PlayerServeHold,None,1,-0.0027,52,-2.8962,2.5584,-16.7194,-1.0075,0.695,-12.65,0,Run,0,9,Drive,-85.4063,-89.1542,-0.8672,0.7202,-12.0349,0.1951,0,0,Forehand prepare 1.00,0,9,5.6169,48.2378,0,0,Excellent,,-0.9275,-12.35,1.95,11.2,0,0,0.0002,0.0868,0,0
3028,PlayerServeHold,None,1,-0.0027,52,-2.9123,2.5587,-16.7197,-1.0188,0.695,-12.65,0,Run,0,9,Drive,-84.8187,-89.0819,-0.8701,0.7279,-11.9909,0.1973,0,0,Forehand prepare 1.00,0,9,5.6169,48.2423,0,0,Excellent,,-0.9388,-12.35,1.95,11.2,0,0,0.0001,0.0523,0,0
3029,PlayerServeHold,None,1,-0.0027,52,-2.9289,2.5589,-16.7201,-1.0413,0.695,-12.65,0,Run,0,9,Drive,-84.3609,-89.0323,-0.886,0.7224,-11.9924,0.0122,0,0,Forehand prepare 1.00,0,9,5.6169,48.2594,0,0,Excellent,,-0.9613,-12.35,1.95,11.2,0,0,0.0001,0,0,0
3030,PlayerServeHold,None,1,-0.0027,52,-2.9451,2.5592,-16.7204,-1.0525,0.695,-12.65,0,Run,0,9,Drive,-84.1099,-89.0229,-0.8938,0.7193,-11.9933,0.0054,0,0,Forehand prepare 1.00,0,9,5.6169,48.284,0,0,Excellent,,-0.9725,-12.35,1.95,11.2,0,0,0.0001,0,0,0
3031,PlayerServeHold,None,1,-0.0027,52,-2.9617,2.5595,-16.7207,-1.075,0.695,-12.65,0,Run,0,9,Drive,-84.0105,-89.0381,-0.9149,0.718,-11.9936,0.0005,0,0,Forehand prepare 1.00,0,9,5.6169,48.3115,0,0,Excellent,,-0.995,-12.35,1.95,11.2,0,0,0.0001,0,0,0
3032,PlayerServeHold,None,1,-0.0027,52,-2.9778,2.5598,-16.7209,-1.0863,0.695,-12.65,0,Run,0,9,Drive,-84.0777,-89.0806,-0.928,0.7191,-11.9933,0.0029,0,0,Forehand prepare 1.00,0,9,5.6169,48.3382,0,0,Excellent,,-1.0063,-12.35,1.95,11.2,0,0,0.0001,0.0773,0,0
3033,PlayerServeHold,None,1,-0.0027,52,-2.9944,2.5601,-16.7212,-1.1088,0.695,-12.65,0,Run,0,9,Drive,-84.3036,-89.1476,-0.9534,0.7217,-11.9926,0.0017,0,0,Forehand prepare 1.00,0,9,5.6169,48.3616,0,0,Excellent,,-1.0288,-12.35,1.95,11.2,0,0,0,0.1128,0,0
3034,PlayerServeHold,None,1,-0.0027,52,-3.0106,2.5605,-16.7214,-1.12,0.695,-12.65,0,Run,0,9,Drive,-84.641,-89.227,-0.9697,0.7257,-11.9914,0.0003,0,0,Forehand prepare 1.00,0,9,5.6169,48.3789,0,0,Excellent,,-1.04,-12.35,1.95,11.2,0,0,0,0.1409,0,0
3035,PlayerServeHold,None,1,-0.0027,52,-3.0272,2.5608,-16.7216,-1.1425,0.695,-12.65,0,Run,0,9,Drive,-85.1091,-89.3243,-0.9992,0.7309,-11.9898,0.0026,0,0,Forehand prepare 1.00,0,9,5.6169,48.3917,0,0,Excellent,,-1.0625,-12.35,1.95,11.2,0,0,0,0.1637,0,0
3036,PlayerServeHold,None,1,-0.0027,52,-3.0434,2.5611,-16.7218,-1.1538,0.695,-12.65,0,Run,0,9,Drive,-85.7406,-89.4483,-1.0197,0.7372,-11.9877,0.0014,0,0,Forehand prepare 1.00,0,9,5.6169,48.4011,0,0,Excellent,,-1.0738,-12.35,1.95,11.2,0,0,0,0.1858,0,0
3037,PlayerServeHold,None,1,-0.0027,52,-3.06,2.5615,-16.722,-1.1763,0.695,-12.65,0,Run,0,9,Drive,-86.5887,-89.6126,-1.0433,0.7308,-12.0309,0.022,0,0,Forehand prepare 1.00,0,9,5.6169,48.4051,0,0,Excellent,,-1.0963,-12.35,1.95,11.2,0,0,0,0.2126,0,0
3038,PlayerServeHold,None,1,-0.0027,52,-3.0762,2.5618,-16.7222,-1.1875,0.695,-12.65,0,Run,0,9,Drive,-87.4099,-89.7568,-1.0782,0.7511,-11.9832,0.1094,0,0,Forehand prepare 1.00,0,9,5.6169,48.4046,0,0,Excellent,,-1.1075,-12.35,1.95,11.2,0,0,0,0.221,0,0
3039,PlayerServeHold,None,1,-0.0027,52,-3.0928,2.5622,-16.7224,-1.21,0.695,-12.65,0,Run,0,9,Drive,-88.253,-89.8958,-1.1126,0.7416,-12.0263,0.1692,0,0,Forehand prepare 1.00,0,9,5.6169,48.4008,0,0,Excellent,,-1.13,-12.35,1.95,11.2,0,0,0,0.2187,0,0
3040,PlayerServeHold,None,1,-0.0027,52,-3.109,2.5626,-16.7225,-1.2213,0.695,-12.65,0,Run,0,9,Drive,-89.1613,-90.0431,-1.1371,0.7453,-12.024,0,0,0,Forehand prepare 1.00,0,9,5.6169,48.3949,0,0,Excellent,,-1.1413,-12.35,1.95,11.2,0,0,0,0.2133,0,0
3041,PlayerServeHold,None,1,-0.0027,52,-3.1256,2.5629,-16.7227,-1.2438,0.695,-12.65,0,Run,0,9,Drive,-90.249,-90.2288,-1.1752,0.7476,-12.0213,0,0,0,Forehand prepare 1.00,0,9,5.6169,48.3907,0,0,Excellent,,-1.1638,-12.35,1.95,11.2,0,0,0,0.2183,0,0
3042,PlayerServeHold,None,1,-0.0027,52,-3.1418,2.5633,-16.7228,-1.255,0.695,-12.65,0,Run,0,9,Drive,-91.2547,-90.3885,-1.2007,0.7482,-12.019,0,0,0,Forehand prepare 1.00,0,9,5.6169,48.3874,0,0,Excellent,,-1.175,-12.35,1.95,11.2,0,0,0,0.2077,0,0
3043,PlayerServeHold,None,1,-0.0027,52,-3.1584,2.5637,-16.7229,-1.2775,0.695,-12.65,0,Run,0,9,Drive,-92.1272,-90.5124,-1.2353,0.747,-12.0171,0,0,0,Forehand prepare 1.00,0,9,5.6169,48.3851,0,0,Excellent,,-1.1975,-12.35,1.95,11.2,0,0,0,0.1818,0,0
3044,PlayerServeHold,None,1,-0.0027,52,-3.1746,2.5641,-16.723,-1.2888,0.695,-12.65,0,Run,0,9,Drive,-92.9484,-90.6249,-1.2578,0.7444,-12.0153,0.3324,0,0,Forehand prepare 1.00,0,9,5.6169,48.3833,0,0,Excellent,,-1.2088,-12.35,1.95,11.2,0,0,0,0.152,0,0
3045,PlayerServeHold,None,1,-0.0027,52,-3.1912,2.5646,-16.7231,-1.3113,0.695,-12.65,0,Run,0,9,Drive,-93.7973,-90.7479,-1.28,0.7403,-12.004,1.4063,0,0,Forehand prepare 1.00,0,9,5.6169,48.382,0,0,Excellent,,-1.2313,-12.35,1.95,11.2,0,0,0,0.1297,0,0
3046,PlayerServeHold,None,1,-0.0027,52,-3.2074,2.565,-16.7233,-1.3225,0.695,-12.65,0,Run,0,9,Drive,-94.5663,-90.8558,-1.3132,0.7359,-12.012,1.2241,0,0,Forehand prepare 1.00,0,9,5.6169,48.3811,0,0,Excellent,,-1.2425,-12.35,1.95,11.2,0,0,0,0.1037,0,0
3047,PlayerServeHold,None,1,-0.0027,52,-3.224,2.5654,-16.7234,-1.345,0.695,-12.65,0,Run,0,9,Drive,-95.1127,-90.915,-1.3428,0.7318,-12.0112,0.2287,0,0,Forehand prepare 1.00,0,9,5.6169,48.3804,0,0,Excellent,,-1.265,-12.35,1.95,11.2,0,0,0,0.0633,0,0
3048,PlayerServeHold,None,1,-0.0027,52,-3.2402,2.5659,-16.7234,-1.3563,0.695,-12.65,0,Run,0,9,Drive,-95.5234,-90.9502,-1.3592,0.7284,-12.0109,0.1989,0,0,Forehand prepare 1.00,0,9,5.6169,48.3798,0,0,Excellent,,-1.2763,-12.35,1.95,11.2,0,0,0,0,0,0
3049,PlayerServeHold,None,1,-0.0027,52,-3.2568,2.5664,-16.7235,-1.3788,0.695,-12.65,0,Run,0,9,Drive,-95.8107,-90.9665,-1.3852,0.7258,-12.0102,0.0033,0,0,Forehand prepare 1.00,0,9,5.6169,48.3795,0,0,Excellent,,-1.2988,-12.35,1.95,11.2,0,0,0,0,0,0
3050,PlayerServeHold,None,1,-0.0027,52,-3.273,2.5668,-16.7236,-1.39,0.695,-12.65,0,Run,0,9,Drive,-95.9747,-90.9662,-1.3985,0.7242,-12.0099,0.0105,0,0,Forehand prepare 1.00,0,9,5.6169,48.3792,0,0,Excellent,,-1.31,-12.35,1.95,11.2,0,0,0,0,0,0
3051,PlayerServeHold,None,1,-0.0027,52,-3.2896,2.5673,-16.7237,-1.4125,0.695,-12.65,0,Run,0,9,Drive,-95.9648,-90.9358,-1.4212,0.7245,-12.0099,0.0004,0,0,Forehand prepare 1.00,0,9,5.6169,48.3789,0,0,Excellent,,-1.3325,-12.35,1.95,11.2,0,0,0,0.0649,0,0
3052,PlayerServeHold,None,1,-0.0027,52,-3.3057,2.5678,-16.7238,-1.4238,0.695,-12.65,0,Run,0,9,Drive,-95.7997,-90.881,-1.4294,0.7258,-12.01,0.0022,0,0,Forehand prepare 1.00,0,9,5.6169,48.3788,0,0,Excellent,,-1.3438,-12.35,1.95,11.2,0,0,0,0.0989,0,0
3053,PlayerServeHold,None,1,-0.0027,52,-3.3223,2.5683,-16.7239,-1.4463,0.695,-12.65,0,Run,0,9,Drive,-95.4672,-90.7992,-1.4477,0.7288,-12.0105,0.002,0,0,Forehand prepare 1.00,0,9,5.6169,48.3787,0,0,Excellent,,-1.3663,-12.35,1.95,11.2,0,0,0,0.1312,0,0
3054,PlayerServeHold,None,1,-0.0027,52,-3.3385,2.5688,-16.7239,-1.4575,0.695,-12.65,0,Run,0,9,Drive,-94.9237,-90.6797,-1.4516,0.7333,-12.0113,0.0013,0,0,Forehand prepare 1.00,0,9,5.6169,48.3786,0,0,Excellent,,-1.3775,-12.35,1.95,11.2,0,0,0,0.1658,0,0
3055,PlayerServeHold,None,1,-0.0027,52,-3.3551,2.5693,-16.724,-1.48,0.695,-12.65,0,Run,0,9,Drive,-94.3257,-90.5619,-1.4661,0.7375,-12.0123,0.0048,0,0,Forehand prepare 1.00,0,9,5.6169,48.3785,0,0,Excellent,,-1.4,-12.35,1.95,11.2,0,0,0,0.1869,0,0
3056,PlayerServeHold,None,1,-0.0027,52,-3.3712,2.5699,-16.7241,-1.4913,0.695,-12.65,0,Run,0,9,Drive,-93.6528,-90.4392,-1.4681,0.7414,-12.0135,0.006,0,0,Forehand prepare 1.00,0,9,5.6169,48.3785,0,0,Excellent,,-1.4113,-12.35,1.95,11.2,0,0,0,0.1993,0,0
3057,PlayerServeHold,None,1,-0.0027,52,-3.3878,2.5704,-16.7241,-1.5138,0.695,-12.65,0,Run,0,9,Drive,-92.873,-90.3016,-1.4799,0.7447,-12.0151,0.0113,0,0,Forehand prepare 1.00,0,9,5.6169,48.3785,0,0,Excellent,,-1.4338,-12.35,1.95,11.2,0,0,0,0.208,0,0
3058,PlayerServeHold,None,1,-0.0027,52,-3.4039,2.571,-16.7242,-1.525,0.695,-12.65,0,Run,0,9,Drive,-91.8773,-90.1209,-1.4774,0.7474,-12.017,0.1579,0,0,Forehand prepare 1.00,0,9,5.6169,48.3786,0,0,Excellent,,-1.445,-12.35,1.95,11.2,0,0,0,0.2245,0,0
3059,PlayerServeHold,None,1,-0.0027,52,-3.4205,2.5715,-16.7242,-1.5475,0.695,-12.65,0,Run,0,9,Drive,-90.8867,-89.9519,-1.4857,0.7481,-12.0194,0,0,0,Forehand prepare 1.00,0,9,5.6169,48.3786,0,0,Excellent,,-1.4675,-12.35,1.95,11.2,0,0,0,0.229,0,0
3060,PlayerServeHold,None,1,-0.0027,52,-3.4366,2.5721,-16.7243,-1.5588,0.695,-12.65,0,Run,0,9,Drive,-89.9808,-89.8118,-1.4842,0.7476,-12.0215,0,0,0,Forehand prepare 1.00,0,9,5.6169,48.3786,0,0,Excellent,,-1.4788,-12.35,1.95,11.2,0,0,0,0.2153,0,0
3061,PlayerServeHold,None,1,-0.0027,52,-3.4532,2.5727,-16.7243,-1.5813,0.695,-12.65,0,Run,0,9,Drive,-89.0747,-89.6759,-1.4938,0.7451,-12.0239,0,0,0,Forehand prepare 1.00,0,9,5.6169,48.3787,0,0,Excellent,,-1.5013,-12.35,1.95,11.2,0,0,0,0.1973,0,0
3062,PlayerServeHold,None,1,-0.0027,52,-3.4693,2.5733,-16.7244,-1.5925,0.695,-12.65,0,Run,0,9,Drive,-88.0781,-89.519,-1.4907,0.7406,-12.0267,0,0,0,Forehand prepare 1.00,0,9,5.6169,48.3787,0,0,Excellent,,-1.5125,-12.35,1.95,11.2,0,0,0,0.1853,0,0
3063,PlayerServeHold,None,1,-0.0027,52,-3.4859,2.5739,-16.7244,-1.615,0.695,-12.65,0,Run,0,9,Drive,-87.091,-89.3652,-1.4989,0.7348,-12.0295,0.5771,0,0,Forehand prepare 1.00,0,9,5.6169,48.3787,0,0,Excellent,,-1.535,-12.35,1.95,11.2,0,0,0,0.1719,0,0
3064,PlayerServeHold,None,1,-0.0027,52,-3.502,2.5745,-16.7245,-1.6263,0.695,-12.65,0,Run,0,9,Drive,-86.3172,-89.2633,-1.499,0.7288,-12.0318,0.2294,0,0,Forehand prepare 1.00,0,9,5.6169,48.3787,0,0,Excellent,,-1.5463,-12.35,1.95,11.2,0,0,0,0.1395,0,0
3065,PlayerServeHold,None,1,-0.0027,52,-3.5185,2.5751,-16.7245,-1.6488,0.695,-12.65,0,Run,0,9,Drive,-85.6483,-89.1822,-1.5119,0.7227,-12.0342,0.5931,0,0,Forehand prepare 1.00,0,9,5.6169,48.3787,0,0,Excellent,,-1.5688,-12.35,1.95,11.2,0,0,0,0.1018,0,0
3066,PlayerServeHold,None,1,-0.0027,52,-3.5346,2.5758,-16.7246,-1.66,0.695,-12.65,0,Run,0,9,Drive,-85.0515,-89.1113,-1.5147,0.7167,-12.036,0.0209,0,0,Forehand prepare 1.00,0,9,5.6169,48.3787,0,0,Excellent,,-1.58,-12.35,1.95,11.2,0,0,0,0.0664,0,0
3067,PlayerServeHold,None,1,-0.0027,52,-3.5512,2.5764,-16.7246,-1.6825,0.695,-12.65,0,Run,0,9,Drive,-84.5144,-89.0459,-1.5295,0.7242,-11.9919,0.0454,0,0,Forehand prepare 1.00,0,9,5.6169,48.3787,0,0,Excellent,,-1.6025,-12.35,1.95,11.2,0,0,0,0,0,0
3068,PlayerServeHold,None,1,-0.0027,52,-3.5673,2.5771,-16.7247,-1.6938,0.695,-12.65,0,Run,0,9,Drive,-84.1905,-89.0233,-1.5362,0.7203,-11.993,0.0082,0,0,Forehand prepare 1.00,0,9,5.6169,48.3787,0,0,Excellent,,-1.6138,-12.35,1.95,11.2,0,0,0,0,0,0
3069,PlayerServeHold,None,1,-0.0027,52,-3.5838,2.5777,-16.7247,-1.7163,0.695,-12.65,0,Run,0,9,Drive,-84.0315,-89.0293,-1.5565,0.7183,-11.9936,0.0027,0,0,Forehand prepare 1.00,0,9,5.6169,48.3787,0,0,Excellent,,-1.6363,-12.35,1.95,11.2,0,0,0,0,0,0
3070,PlayerServeHold,None,1,-0.0027,52,-3.5999,2.5784,-16.7248,-1.7275,0.695,-12.65,0,Run,0,9,Drive,-84.0287,-89.0602,-1.568,0.7183,-11.9935,0.003,0,0,Forehand prepare 1.00,0,9,5.6169,48.3787,0,0,Excellent,,-1.6475,-12.35,1.95,11.2,0,0,0,0.0593,0,0
3071,PlayerServeHold,None,1,-0.0027,52,-3.6164,2.5791,-16.7248,-1.75,0.695,-12.65,0,Run,0,9,Drive,-84.1994,-89.1196,-1.5932,0.7205,-11.9929,0.0015,0,0,Forehand prepare 1.00,0,9,5.6169,48.3787,0,0,Excellent,,-1.67,-12.35,1.95,11.2,0,0,0,0.0994,0,0
3072,PlayerServeHold,None,1,-0.0027,52,-3.6325,2.5798,-16.7249,-1.7613,0.695,-12.65,0,Run,0,9,Drive,-84.4911,-89.1937,-1.6087,0.7239,-11.9919,0.0009,0,0,Forehand prepare 1.00,0,9,5.6169,48.3787,0,0,Excellent,,-1.6813,-12.35,1.95,11.2,0,0,0,0.1305,0,0
3073,PlayerServeHold,None,1,-0.0027,52,-3.649,2.5805,-16.7249,-1.7838,0.695,-12.65,0,Run,0,9,Drive,-84.9074,-89.2838,-1.6374,0.7287,-11.9905,0.0008,0,0,Forehand prepare 1.00,0,9,5.6169,48.3787,0,0,Excellent,,-1.7038,-12.35,1.95,11.2,0,0,0,0.1558,0,0
3074,PlayerServeHold,None,1,-0.0027,52,-3.6651,2.5812,-16.725,-1.795,0.695,-12.65,0,Run,0,9,Drive,-85.4607,-89.3938,-1.6569,0.7345,-11.9887,0.0039,0,0,Forehand prepare 1.00,0,9,5.6169,48.3787,0,0,Excellent,,-1.715,-12.35,1.95,11.2,0,0,0,0.1767,0,0
3075,PlayerServeHold,None,1,-0.0027,52,-3.6816,2.5819,-16.725,-1.8175,0.695,-12.65,0,Run,0,9,Drive,-86.2393,-89.5462,-1.6795,0.7279,-12.0324,0.0272,0,0,Forehand prepare 1.00,0,9,5.6169,48.3787,0,0,Excellent,,-1.7375,-12.35,1.95,11.2,0,0,0,0.2032,0,0
3076,PlayerServeHold,None,1,-0.0027,52,-3.6976,2.5826,-16.725,-1.8288,0.695,-12.65,0,Run,0,9,Drive,-87.0857,-89.7017,-1.7032,0.7349,-12.0291,0.0881,0,0,Forehand prepare 1.00,0,9,5.6169,48.3787,0,0,Excellent,,-1.7488,-12.35,1.95,11.2,0,0,0,0.2201,0,0
3077,PlayerServeHold,None,1,-0.0027,52,-3.7142,2.5834,-16.7251,-1.8513,0.695,-12.65,0,Run,0,9,Drive,-87.9087,-89.8395,-1.7376,0.7401,-12.0253,0.0538,0,0,Forehand prepare 1.00,0,9,5.6169,48.3787,0,0,Excellent,,-1.7713,-12.35,1.95,11.2,0,0,0,0.2203,0,0
3078,PlayerServeHold,None,1,-0.0027,52,-3.7302,2.5841,-16.7251,-1.8625,0.695,-12.65,0,Run,0,9,Drive,-88.7835,-89.9814,-1.7728,0.744,-12.0249,0.387,0,0,Forehand prepare 1.00,0,9,5.6169,48.3787,0,0,Excellent,,-1.7825,-12.35,1.95,11.2,0,0,0,0.2149,0,0
3079,PlayerServeHold,None,1,-0.0027,52,-3.7467,2.5849,-16.7252,-1.885,0.695,-12.65,0,Run,0,9,Drive,-89.798,-90.1512,-1.81,0.7468,-12.0224,0,0,0,Forehand prepare 1.00,0,9,5.6169,48.3787,0,0,Excellent,,-1.805,-12.35,1.95,11.2,0,0,0,0.2151,0,0
3080,PlayerServeHold,None,1,-0.0027,52,-3.7627,2.5856,-16.7252,-1.8963,0.695,-12.65,0,Run,0,9,Drive,-90.8797,-90.3319,-1.8367,0.7482,-12.0198,0,0,0,Forehand prepare 1.00,0,9,5.6169,48.3787,0,0,Excellent,,-1.8163,-12.35,1.95,11.2,0,0,0,0.2151,0,0
3081,PlayerServeHold,None,1,-0.0027,52,-3.7792,2.5864,-16.7253,-1.9188,0.695,-12.65,0,Run,0,9,Drive,-91.7833,-90.4641,-1.8718,0.7477,-12.0178,0,0,0,Forehand prepare 1.00,0,9,5.6169,48.3787,0,0,Excellent,,-1.8388,-12.35,1.95,11.2,0,0,0,0.1926,0,0
3082,PlayerServeHold,None,1,-0.0027,52,-3.7953,2.5871,-16.7253,-1.93,0.695,-12.65,0,Run,0,9,Drive,-92.6242,-90.5806,-1.8946,0.7457,-12.016,0.3237,0,0,Forehand prepare 1.00,0,9,5.6169,48.3787,0,0,Excellent,,-1.85,-12.35,1.95,11.2,0,0,0,0.1637,0,0
3083,PlayerServeHold,None,1,-0.0027,52,-3.8117,2.5879,-16.7253,-1.9525,0.695,-12.65,0,Run,0,9,Drive,-93.4476,-90.6955,-1.9166,0.7422,-12.0048,0.8974,0,0,Forehand prepare 1.00,0,9,5.6169,48.3787,0,0,Excellent,,-1.8725,-12.35,1.95,11.2,0,0,0,0.136,0,0
3084,PlayerServeHold,None,1,-0.0027,52,-3.8278,2.5887,-16.7254,-1.9638,0.695,-12.65,0,Run,0,9,Drive,-94.2912,-90.8201,-1.9508,0.7375,-12.0132,0.3127,0,0,Forehand prepare 1.00,0,9,5.6169,48.3787,0,0,Excellent,,-1.8838,-12.35,1.95,11.2,0,0,0,0.1162,0,0
3085,PlayerServeHold,None,1,-0.0027,52,-3.8442,2.5895,-16.7254,-1.9863,0.695,-12.65,0,Run,0,9,Drive,-94.9131,-90.895,-1.9815,0.7335,-12.0111,0.3413,0,0,Forehand prepare 1.00,0,9,5.6169,48.3787,0,0,Excellent,,-1.9063,-12.35,1.95,11.2,0,0,0,0.0804,0,0
3086,PlayerServeHold,None,1,-0.0027,52,-3.8603,2.5903,-16.7255,-1.9975,0.695,-12.65,0,Run,0,9,Drive,-95.3758,-90.9389,-1.9986,0.7297,-12.0112,0.2782,0,0,Forehand prepare 1.00,0,9,5.6169,48.3787,0,0,Excellent,,-1.9175,-12.35,1.95,11.2,0,0,0,0,0,0
3087,PlayerServeHold,None,1,-0.0027,52,-3.8767,2.5911,-16.7255,-2.02,0.695,-12.65,0,Run,0,9,Drive,-95.708,-90.9615,-2.0253,0.7267,-12.0104,0.012,0,0,Forehand prepare 1.00,0,9,5.6169,48.3787,0,0,Excellent,,-1.94,-12.35,1.95,11.2,0,0,0,0,0,0
3088,PlayerServeHold,None,1,-0.0027,52,-3.8927,2.5919,-16.7256,-2.0313,0.695,-12.65,0,Run,0,9,Drive,-95.9288,-90.969,-2.0391,0.7247,-12.0099,0.0102,0,0,Forehand prepare 1.00,0,9,5.6169,48.3787,0,0,Excellent,,-1.9513,-12.35,1.95,11.2,0,0,0,0,0,0
3089,PlayerServeHold,None,1,-0.0027,52,-3.9092,2.5927,-16.7256,-2.0538,0.695,-12.65,0,Run,0,9,Drive,-95.9886,-90.9498,-2.0626,0.7242,-12.0098,0.0043,0,0,Forehand prepare 1.00,0,9,5.6169,48.3787,0,0,Excellent,,-1.9738,-12.35,1.95,11.2,0,0,0,0.0504,0,0
3090,PlayerServeHold,None,1,-0.0027,52,-3.9252,2.5935,-16.7256,-2.065,0.695,-12.65,0,Run,0,9,Drive,-95.8828,-90.9036,-2.0719,0.7251,-12.0099,0.0034,0,0,Forehand prepare 1.00,0,9,5.6169,48.3787,0,0,Excellent,,-1.985,-12.35,1.95,11.2,0,0,0,0.0879,0,0
3091,PlayerServeHold,None,1,-0.0027,52,-3.9417,2.5943,-16.7257,-2.0875,0.695,-12.65,0,Run,0,9,Drive,-95.6247,-90.8343,-2.091,0.7275,-12.0102,0.0003,0,0,Forehand prepare 1.00,0,9,5.6169,48.3787,0,0,Excellent,,-2.0075,-12.35,1.95,11.2,0,0,0,0.1203,0,0
3092,PlayerServeHold,None,1,-0.0027,52,-3.9577,2.5951,-16.7257,-2.0988,0.695,-12.65,0,Run,0,9,Drive,-95.1577,-90.7279,-2.096,0.7314,-12.0109,0.0011,0,0,Forehand prepare 1.00,0,9,5.6169,48.3787,0,0,Excellent,,-2.0188,-12.35,1.95,11.2,0,0,0,0.1551,0,0
3093,PlayerServeHold,None,1,-0.0027,52,-3.9741,2.5959,-16.7258,-2.1213,0.695,-12.65,0,Run,0,9,Drive,-94.5688,-90.6067,-2.1106,0.7358,-12.0119,0.0007,0,0,Forehand prepare 1.00,0,9,5.6169,48.3787,0,0,Excellent,,-2.0413,-12.35,1.95,11.2,0,0,0,0.1821,0,0
3094,PlayerServeHold,None,1,-0.0027,52,-3.9901,2.5968,-16.7258,-2.1325,0.695,-12.65,0,Run,0,9,Drive,-93.9347,-90.4888,-2.1133,0.7399,-12.013,0.0029,0,0,Forehand prepare 1.00,0,9,5.6169,48.3787,0,0,Excellent,,-2.0525,-12.35,1.95,11.2,0,0,0,0.1966,0,0
3095,PlayerServeHold,None,1,-0.0027,52,-4.0065,2.5976,-16.7259,-2.1546,0.695,-12.65,0,Run,0,9,Drive,-93.2033,-90.3591,-2.1253,0.7435,-12.0144,0.0278,0,0,Forehand prepare 1.00,0,9,5.6169,48.3787,0,0,Excellent,,-2.0746,-12.35,1.95,11.2,0,0,0,0.2051,0,0
3096,PlayerServeHold,None,1,-0.0027,52,-4.0225,2.5984,-16.7259,-2.1653,0.695,-12.65,0,Run,0,9,Drive,-92.33,-90.205,-2.1247,0.7469,-12.016,0.1044,0,0,Forehand prepare 1.00,0,9,5.6169,48.3787,0,0,Excellent,,-2.0853,-12.35,1.95,11.2,0,0.0002,0.3737,0.2149,0,0
3097,PlayerServeHold,None,1,-0.0027,52,-4.0387,2.5992,-16.726,-2.1861,0.695,-12.65,0,Run,0,9,Drive,-91.3364,-90.0309,-2.1318,0.7488,-12.0183,0.5774,0,0,Forehand prepare 1.00,0,9,5.6169,48.3787,0,0,Excellent,,-2.1061,-12.35,1.95,11.2,0,0.0007,0.5354,0.2245,0,0
3098,PlayerServeHold,None,1,-0.0027,52,-4.0544,2.6,-16.726,-2.1961,0.695,-12.65,0,Run,0,9,Drive,-90.4893,-89.9017,-2.1306,0.7489,-12.0203,0,0,0,Forehand prepare 1.00,0,9,5.6169,48.3787,0,0,Excellent,,-2.1161,-12.35,1.95,11.2,0,0.0015,0.9034,0.2096,0,0
3099,PlayerServeHold,None,1,-0.0027,52,-4.0704,2.6009,-16.7261,-2.2157,0.695,-12.65,0,Run,0,9,Drive,-89.6778,-89.7854,-2.1389,0.7451,-12.0223,0,0,0,Forehand prepare 1.00,0,9,5.6169,48.3787,0,0,Excellent,,-2.1357,-12.35,1.95,11.2,0,0.0025,0.9529,0.1866,0,0
3100,PlayerServeHold,None,1,-0.0027,52,-4.0858,2.6017,-16.7261,-2.2251,0.695,-12.65,0,Run,0,9,Drive,-88.8951,-89.5233,-2.1369,0.7417,-12.0243,0,0,0,Forehand prepare 1.00,0,9,5.6169,48.3787,0,0,Excellent,,-2.1451,-12.35,1.95,11.2,0,0.0036,1.2327,0.3367,0,0
3101,PlayerServeHold,None,1,-0.0027,52,-4.1013,2.6025,-16.7262,-2.2434,0.695,-12.65,0,Run,0,9,Drive,-88.0432,-89.3277,-2.1425,0.7364,-12.0267,0,0,0,Forehand prepare 1.00,0,9,5.6169,48.3787,0,0,Excellent,,-2.1634,-12.35,1.95,11.2,0,0.0047,1.2124,0.3946,0,0
3102,PlayerServeHold,None,1,-0.0027,52,-4.1163,2.6033,-16.7263,-2.2522,0.695,-12.65,0,Run,0,9,Drive,-87.2355,-89.2373,-2.1403,0.7304,-12.029,0.2912,0,0,Forehand prepare 1.00,0,9,5.6169,48.3787,0,0,Excellent,,-2.1722,-12.35,1.95,11.2,0,0.0058,1.4378,0.3415,0,0
3103,PlayerServeHold,None,1,-0.0027,52,-4.1314,2.6041,-16.7263,-2.2692,0.695,-12.65,0,Run,0,9,Drive,-86.5962,-89.2017,-2.1482,0.7246,-12.0308,0.4844,0,0,Forehand prepare 1.00,0,9,5.6169,48.3787,0,0,Excellent,,-2.1892,-12.35,1.95,11.2,0,0.0067,1.3743,0.2523,0,0
3104,PlayerServeHold,None,1,-0.0027,52,-4.146,2.6049,-16.7264,-2.2774,0.695,-12.65,0,Run,0,9,Drive,-85.9834,-89.1259,-2.1522,0.7189,-12.0332,0.1525,0,0,Forehand prepare 1.00,0,9,5.6169,48.3787,0,0,Excellent,,-2.1974,-12.35,1.95,11.2,0,0.0074,1.5657,0.1638,0,0
3105,PlayerServeHold,None,1,-0.0027,52,-4.1605,2.6057,-16.7264,-2.2931,0.695,-12.65,0,Run,0,9,Drive,-85.3298,-88.9604,-2.1689,0.7126,-12.0357,0.1024,0,0,Forehand prepare 1.00,0,9,5.6169,48.3787,0,0,Excellent,,-2.2131,-12.35,1.95,11.2,0,0.0079,1.4754,0,0,0
3106,PlayerServeHold,None,1,-0.0027,52,-4.1745,2.6065,-16.7265,-2.3007,0.695,-12.65,0,Run,0,9,Drive,-84.6468,-88.7077,-2.184,0.7065,-12.0378,0.0421,0,0,Forehand prepare 1.00,0,9,5.6169,48.3787,0,0,Excellent,,-2.2207,-12.35,1.95,11.2,0,0.0083,1.6459,0.1542,0,0
3107,PlayerServeHold,None,1,-0.0027,52,-4.1884,2.6072,-16.7266,-2.3152,0.695,-12.65,0,Run,0,9,Drive,-83.9581,-88.4011,-2.2093,0.7136,-11.9935,0.0613,0,0,Forehand prepare 1.00,0,9,5.6169,48.3787,0,0,Excellent,,-2.2352,-12.35,1.95,11.2,0,0.0085,1.5388,0.3218,0,0
3108,PlayerServeHold,None,1,-0.0027,52,-4.2018,2.608,-16.7267,-2.3221,0.695,-12.65,0,Run,0,9,Drive,-83.3535,-88.0942,-2.2318,0.7112,-11.9952,0.0935,0,0,Forehand prepare 1.00,0,9,5.6169,48.3787,0,0,Excellent,,-2.2421,-12.35,1.95,11.2,0,0.0087,1.6962,0.4299,0,0
3109,PlayerServeHold,None,1,-0.0027,52,-4.2151,2.6088,-16.7267,-2.3353,0.695,-12.65,0,Run,0,9,Drive,-82.8739,-87.8302,-2.2629,0.709,-11.9967,0.0964,0,0,Forehand prepare 1.00,0,9,5.6169,48.3787,0,0,Excellent,,-2.2553,-12.35,1.95,11.2,0,0.0087,1.5787,0.5137,0,0
3110,PlayerServeHold,None,1,-0.0027,52,-4.2278,2.6095,-16.7268,-2.3416,0.695,-12.65,0,Run,0,9,Drive,-82.4718,-87.6085,-2.2901,0.7094,-11.9979,0.1441,0,0,Forehand prepare 1.00,0,9,5.6169,48.3787,0,0,Excellent,,-2.2616,-12.35,1.95,11.2,0,0.0087,1.7287,0.5683,0,0
3111,PlayerServeHold,None,1,-0.0027,52,-4.2404,2.6102,-16.7269,-2.3535,0.695,-12.65,0,Run,0,9,Drive,-82.1302,-87.4421,-2.3232,0.7112,-11.9988,0.1737,0,0,Forehand prepare 1.00,0,9,5.6169,48.3787,0,0,Excellent,,-2.2735,-12.35,1.95,11.2,0,0.0087,1.6047,0.5908,0,0
3112,PlayerServeHold,None,1,-0.0027,52,-4.2524,2.611,-16.727,-2.3591,0.695,-12.65,0,Run,0,9,Drive,-81.8306,-87.3324,-2.3511,0.7141,-11.9997,0.2032,0,0,Forehand prepare 1.00,0,9,5.6169,48.3787,0,0,Excellent,,-2.2791,-12.35,1.95,11.2,0,0.0086,1.7497,0.5882,0,0
3113,PlayerServeHold,None,1,-0.0027,52,-4.2642,2.6117,-16.727,-2.3698,0.695,-12.65,0,Run,0,9,Drive,-81.5633,-87.2898,-2.384,0.7186,-12.0003,0.1912,0,0,Forehand prepare 1.00,0,9,5.6169,48.3787,0,0,Excellent,,-2.2898,-12.35,1.95,11.2,0,0.0086,1.6217,0.5696,0,0
3114,PlayerServeHold,None,1,-0.0027,52,-4.2755,2.6124,-16.7271,-2.3748,0.695,-12.65,0,Run,0,9,Drive,-81.3032,-87.3098,-2.4118,0.715,-12.0431,0.0976,0,0,Forehand prepare 1.00,0,9,5.6169,48.3787,0,0,Excellent,,-2.2948,-12.35,1.95,11.2,0,0.0086,1.7642,0.5539,0,0
3115,PlayerServeHold,None,1,-0.0027,52,-4.2866,2.6131,-16.7272,-2.3842,0.695,-12.65,0,Run,0,9,Drive,-81.0568,-87.3972,-2.4432,0.7259,-12.0434,0.0418,0,0,Forehand prepare 1.00,0,9,5.6169,48.3787,0,0,Excellent,,-2.3042,-12.35,1.95,11.2,0,0.0085,1.6338,0.542,0,0
3116,PlayerServeHold,None,1,-0.0027,52,-4.2971,2.6137,-16.7273,-2.3885,0.695,-12.65,0,Run,0,9,Drive,-80.8217,-87.5417,-2.4742,0.734,-12.0478,0.0456,0,0,Forehand prepare 1.00,0,9,5.6169,48.3787,0,0,Excellent,,-2.3085,-12.35,1.95,11.2,0,0.0086,1.7748,0.5434,0,0
3117,PlayerServeHold,None,1,-0.0027,52,-4.3074,2.6144,-16.7274,-2.3966,0.695,-12.65,0,Run,0,9,Drive,-80.5982,-87.7432,-2.5085,0.7422,-12.0529,0.0653,0,0,Forehand prepare 1.00,0,9,5.6169,48.3787,0,0,Excellent,,-2.3166,-12.35,1.95,11.2,0,0.0086,1.6429,0.5483,0,0
3118,PlayerServeHold,None,1,-0.0027,52,-4.3171,2.615,-16.7275,-2.4004,0.695,-12.65,0,Run,0,9,Drive,-80.3839,-87.9884,-2.5316,0.7571,-12.0546,0.0625,0,0,Forehand prepare 1.00,0,9,5.6169,48.3787,0,0,Excellent,,-2.3204,-12.35,1.95,11.2,0,0.0086,1.7836,0.5497,0,0
3119,PlayerServeHold,None,1,-0.0027,52,-4.3265,2.6156,-16.7276,-2.4072,0.695,-12.65,0,Run,0,9,Drive,-80.1849,-88.2881,-2.5523,0.7748,-12.0561,0.0794,0,0,Forehand prepare 1.00,0,9,5.6169,48.3787,0,0,Excellent,,-2.3272,-12.35,1.95,11.2,0,0.0086,1.651,0.5469,0,0
3120,PlayerServeHold,None,1,-0.0027,52,-4.3354,2.6162,-16.7277,-2.4103,0.695,-12.65,0,Run,0,9,Drive,-80.1518,-88.507,-2.5676,0.7855,-12.0609,0.1264,0,0,Forehand prepare 1.00,0,9,5.6169,48.3787,0,0,Excellent,,-2.3303,-12.35,1.95,11.2,0,0.0087,1.7924,0.4246,0,0
3121,PlayerServeHold,None,1,-0.0027,52,-4.344,2.6168,-16.7278,-2.4158,0.695,-12.65,0,Run,0,9,Drive,-80.2796,-88.8268,-2.5829,0.7957,-12.0659,0.1345,0,0,Forehand prepare 1.00,0,9,5.6169,48.3787,0,0,Excellent,,-2.3358,-12.35,1.95,11.2,0,0.0087,1.659,0.3072,0,0
3122,PlayerServeHold,None,1,-0.0027,52,-4.3521,2.6174,-16.728,-2.4182,0.695,-12.65,0,Run,0,9,Drive,-80.8155,-89.4031,-2.5933,0.8064,-12.0714,0.1635,0,0,Forehand prepare 1.00,0,9,5.6169,48.3787,0,0,Excellent,,-2.3382,-12.35,1.95,11.2,0,0.0088,1.8023,0.2398,0,0
3123,PlayerServeHold,None,1,-0.0027,52,-4.3598,2.6179,-16.7281,-2.4224,0.695,-12.65,0,Run,0,9,Drive,-81.6452,-90.1415,-2.6034,0.8208,-12.0768,0,0,0,Forehand prepare 1.00,0,9,5.6169,48.3787,0,0,Excellent,,-2.3424,-12.35,1.95,11.2,0,0.0088,1.6689,0.3218,0,0
3124,PlayerServeHold,None,1,-0.0027,52,-4.367,2.6185,-16.7282,-2.4602,0.695,-12.638,0,Run,0,9,Drive,-75.7753,-84.055,-2.5717,0.8454,-12.0534,0,0,0,Forehand prepare 1.00,0,9,5.6169,48.3787,0,0,Excellent,,-2.3442,-12.35,1.95,11.2,0,0.0088,1.8156,0.4837,0,0
3125,PlayerServeHold,None,1,-0.0027,52,-4.3739,2.619,-16.7283,-2.4973,0.695,-12.6217,0,Run,0,9,Drive,-69.982,-78.0008,-2.5362,0.8786,-12.0292,0,0,0,Forehand prepare 1.00,0,9,5.6169,48.3787,0,0,Excellent,,-2.3471,-12.35,1.95,11.2,0,0.0088,1.6833,0.5991,0,0
3126,PlayerServeHold,None,1,-0.0027,52,-4.3802,2.6195,-16.7285,-2.5305,0.695,-12.6014,0,Run,0,9,Drive,-63.9894,-71.8997,-2.4895,0.9247,-12.0021,1.7369,0,0,Forehand prepare 1.00,0,9,5.6169,48.3787,0,0,Excellent,,-2.3483,-12.35,1.95,11.2,0,0.0089,1.8378,0.5809,0,0
3127,PlayerServeHold,None,1,-0.0027,52,-4.3862,2.6199,-16.7286,-2.5615,0.695,-12.5773,0,Run,0,9,Drive,-57.741,-65.6063,-2.4381,0.9834,-11.9714,1.0566,0,0,Forehand prepare 1.00,0,9,5.6169,48.3787,0,0,Excellent,,-2.35,-12.35,1.95,11.2,0,0.0088,1.5387,0.4853,0,0
3128,PlayerServeHold,None,1,-0.0027,52,-4.3916,2.6204,-16.7287,-2.5876,0.695,-12.5499,0,Serve prepare 0.00,0,9,Drive,-51.3232,-61.2764,-2.4165,1.0719,-11.9457,1.0164,0.2083,0.1667,Forehand prepare 1.00,0,9,5.6169,48.3787,0,0,Excellent,,-2.35,-12.35,1.95,11.2,0,0.0076,1.8716,1.9589,0,0
3129,PlayerServeHold,None,1,-0.0027,52,-4.3966,2.6208,-16.7289,-2.6102,0.695,-12.5194,0,Serve prepare 0.00,0,9,Drive,-42.2711,-54.7661,-2.4167,1.0827,-11.9239,0.9153,0.4167,0.3333,Forehand prepare 1.00,0,9,5.6169,48.3787,0,0,Excellent,,-2.35,-12.35,1.95,11.2,0,0.0058,1.5762,3.8987,0,0
3130,PlayerServeHold,None,1,-0.0027,52,-4.4011,2.6212,-16.729,-2.6289,0.695,-12.4864,0,Serve prepare 0.00,0,9,Drive,-30.6206,-46.2724,-2.453,0.8995,-11.9696,0.8212,0.625,0.5,Forehand prepare 1.00,0,9,5.6169,48.3787,0,0,Excellent,,-2.35,-12.35,1.95,11.2,0,0.0039,1.0033,5.5648,0,0
3131,PlayerServeHold,None,1,-0.0027,52,-4.4053,2.6216,-16.7292,-2.6434,0.695,-12.4514,0,Serve prepare 0.00,0,9,Drive,-16.7313,-36.2337,-2.4043,0.8044,-12.027,0.7852,0.8333,0.6667,Forehand prepare 1.00,0,9,5.6169,48.3787,0,0,Excellent,,-2.35,-12.35,1.95,11.2,0,0.0021,0.6025,6.889,0,0
3132,PlayerServeHold,None,1,-0.0027,52,-4.4091,2.6219,-16.7293,-2.6536,0.695,-12.4149,0,Serve prepare 0.00,0,9,Drive,-1.0674,-24.4716,-2.3565,0.7981,-12.0716,0,1,0.8333,Forehand prepare 1.00,0,9,5.6169,48.3787,0,0,Excellent,,-2.35,-12.35,1.95,11.2,0,0.0006,0.3264,7.1615,0,0
3133,PlayerServeHold,None,1,-0.0027,52,-4.4125,2.6223,-16.7295,-2.6593,0.695,-12.3774,0,Serve prepare 0.00,0,9,Drive,16.0451,-9.3777,-2.2806,0.7976,-12.1033,0,1,1,Forehand prepare 1.00,0,9,5.6169,48.3787,0,0,Excellent,,-2.35,-12.35,1.95,11.2,0,-0.0005,0.1403,4.7153,0,0
3134,PlayerServeHold,None,1,-0.0027,52,-4.4157,2.6226,-16.7296,-2.6603,0.695,-12.3395,0,Serve prepare 0.00,0,9,Drive,33.6154,6.5239,-2.2143,0.7902,-12.1547,0,1,1,Forehand prepare 1.00,0,9,5.6169,48.3787,0,0,Excellent,,-2.35,-12.35,1.95,11.2,0,-0.0012,0.0184,2.5064,0,0
3135,PlayerServeHold,None,1,-0.0027,52,-4.4185,2.6229,-16.7298,-2.6567,0.695,-12.3018,0,Serve prepare 0.00,0,9,Drive,51.7241,22.8269,-2.1649,0.7808,-12.2206,0,1,1,Forehand prepare 1.00,0,9,5.6169,48.3787,0,0,Excellent,,-2.35,-12.35,1.95,11.2,0,-0.0015,0,1.8494,0,0
3136,PlayerServeHold,None,1,-0.0027,52,-4.4211,2.6231,-16.73,-2.1954,0.875,-11.9843,0,Serve prepare 0.00,0,9,Drive,68.9475,38.1908,-2.1047,0.7798,-12.2775,0,1,1,Forehand prepare 1.00,0,9,5.6169,48.3787,0,0,Excellent,,-2.35,-12.35,1.95,11.2,0,-0.0015,0,2.4364,0,0
3137,PlayerServeHold,None,1,-0.0027,52,-4.4234,2.6234,-16.7301,-2.2083,0.875,-11.9792,0,Serve prepare 0.00,0,9,Drive,79.3687,46.6084,-2.093,0.7724,-12.3222,0,1,1,Forehand prepare 1.00,0,9,5.6169,48.3787,0,0,Excellent,,-2.35,-12.35,1.95,11.2,0,-0.0013,0,2.8622,0,0
3138,PlayerServeHold,None,1,-0.0027,52,-4.4255,2.6236,-16.7303,-2.2213,0.875,-11.9745,0,Serve prepare 0.00,0,9,Drive,87.6426,52.9446,-2.091,0.7613,-12.3619,0,1,1,Forehand prepare 1.00,0,9,5.6169,48.3787,0,0,Excellent,,-2.35,-12.35,1.95,11.2,0,-0.001,0,2.8883,0,0
3139,PlayerServeHold,None,1,-0.0027,52,-4.4275,2.6238,-16.7305,-2.2345,0.875,-11.9702,0,Serve prepare 0.00,0,9,Drive,93.0412,56.8757,-2.1068,0.7586,-12.3766,0,1,1,Forehand prepare 1.00,0,9,5.6169,48.3787,0,0,Excellent,,-2.35,-12.35,1.95,11.2,0,-0.0007,0,2.6122,0,0
3140,PlayerServeHold,None,1,-0.0027,52,-4.4292,2.624,-16.7307,-2.2478,0.875,-11.9664,0,Serve prepare 0.00,0,9,Drive,96.1437,58.8866,-2.1,0.7526,-12.3977,0,1,1,Forehand prepare 1.00,0,9,5.6169,48.3787,0,0,Excellent,,-2.35,-12.35,1.95,11.2,0,-0.0004,0,2.1074,0,0
3141,PlayerServeHold,None,1,-0.0027,52,-4.4307,2.6241,-16.7309,-2.2613,0.8533,-11.9631,0,Serve prepare 0.00,0,9,Drive,97.5639,59.4847,-2.0941,0.7526,-12.4077,0,1,1,Forehand prepare 1.00,0,9,5.6169,48.3787,0,0,Excellent,,-2.35,-12.35,1.95,11.2,0,-0.0001,0,1.4983,0,0
3142,PlayerServeHold,None,1,-0.0027,52,-4.4321,2.6242,-16.7311,-2.2748,0.8422,-11.9602,0,Serve prepare 0.00,0,9,Drive,97.813,59.1036,-2.0884,0.7538,-12.4077,0,1,1,Forehand prepare 1.00,0,9,5.6169,48.3787,0,0,Excellent,,-2.35,-12.35,1.95,11.2,0,0.0001,0,0.9446,0,0
3143,PlayerServeHold,None,1,-0.0027,52,-4.4333,2.6243,-16.7313,-2.2885,0.82,-11.9578,0,Serve prepare 0.00,0,9,Drive,97.2627,58.0757,-2.0598,0.7551,-12.4125,0,1,1,Forehand prepare 1.00,0,9,5.6169,48.3787,0,0,Excellent,,-2.35,-12.35,1.95,11.2,0,0.0002,0,0.6537,0,0
3144,PlayerServeHold,None,1,-0.0027,52,-4.4344,2.6244,-16.7315,-2.3022,0.8089,-11.9559,0,Serve prepare 0.00,0,9,Drive,96.1831,56.6363,-2.0557,0.756,-12.4055,0,1,1,Forehand prepare 1.00,0,9,5.6169,48.3787,0,0,Excellent,,-2.35,-12.35,1.95,11.2,0,0.0002,0,0.7349,0,0
3145,PlayerServeHold,None,1,-0.0027,52,-4.4354,2.6244,-16.7317,-2.316,0.7729,-11.9545,0,Serve prepare 0.00,0,9,Drive,94.761,54.9447,-2.0525,0.7568,-12.3968,0,1,1,Forehand prepare 1.00,0,9,5.6169,48.3787,0,0,Excellent,,-2.35,-12.35,1.95,11.2,0,0.0003,0,0.9134,0,0
3146,PlayerServeHold,None,1,-0.0027,52,-4.4363,2.6244,-16.7319,-2.3298,0.7429,-11.9535,0,Serve prepare 0.00,0,9,Drive,93.1196,53.108,-2.0502,0.7572,-12.387,0,1,1,Forehand prepare 1.00,0,9,5.6169,48.3787,0,0,Excellent,,-2.35,-12.35,1.95,11.2,0,0.0002,0,1.0157,0,0
3147,PlayerServeHold,None,1,-0.0027,52,-4.437,2.6244,-16.7321,-2.3298,0.6808,-11.9535,0,Serve prepare 0.00,0,9,Drive,93.3396,53.1948,-2.0498,0.7555,-12.3871,0,1,1,Forehand prepare 1.00,0,9,5.6169,48.3787,0,0,Excellent,,-2.35,-12.35,1.95,11.2,0,0.0002,0,1.011,0,0
3148,PlayerServeHold,None,1,-0.0027,52,-4.4377,2.6244,-16.7323,-2.3298,0.6487,-11.9535,0,Serve prepare 0.00,0,9,Drive,93.473,53.2461,-2.0497,0.7556,-12.387,0,1,1,Forehand prepare 1.00,0,9,5.6169,48.3787,0,0,Excellent,,-2.35,-12.35,1.95,11.2,0,0.0001,0,0.916,0,0
3149,PlayerServeHold,None,1,-0.0027,52,-4.4382,2.6243,-16.7325,-2.3298,0.5826,-11.9535,0,Serve prepare 0.00,0,9,Drive,93.5531,53.2847,-2.0499,0.7554,-12.3869,0,1,1,Forehand prepare 1.00,0,9,5.6169,48.3787,0,0,Excellent,,-2.35,-12.35,1.95,11.2,0,0.0001,0,0.758,0,0
3150,PlayerServeHold,None,1,-0.0027,52,-4.4387,2.6243,-16.7328,-2.3298,0.5485,-11.9535,0,Serve prepare 0.00,0,9,Drive,93.6855,53.3894,-2.0501,0.755,-12.3871,0,1,1,Forehand prepare 1.00,0,9,5.6169,48.3787,0,0,Excellent,,-2.35,-12.35,1.95,11.2,0,0,0,0.5595,0,0
3151,PlayerServeHold,None,1,-0.0027,52,-4.4391,2.6241,-16.733,-2.3298,0.4782,-11.9535,0,Serve prepare 0.00,0,9,Drive,93.6806,53.3999,-2.0505,0.7546,-12.387,0,1,1,Forehand prepare 1.00,0,9,5.6169,48.3787,0,0,Excellent,,-2.35,-12.35,1.95,11.2,0,0,0,0.369,0,0
3152,PlayerServeHold,None,1,-0.0027,52,-4.4394,2.624,-16.7332,-2.3298,0.4421,-11.9535,0,Serve prepare 0.00,0,9,Drive,93.678,53.4239,-2.051,0.7541,-12.387,0,1,1,Forehand prepare 1.00,0,9,5.6169,48.3787,0,0,Excellent,,-2.35,-12.35,1.95,11.2,0,0,0,0.1978,0,0
3153,PlayerServeHold,None,1,-0.0027,52,-4.4397,2.6238,-16.7335,-2.3298,0.3677,-11.9535,0,Serve prepare 0.00,0,9,Drive,93.6777,53.4558,-2.0513,0.7537,-12.3871,0,1,1,Forehand prepare 1.00,0,9,5.6169,48.3787,0,0,Excellent,,-2.35,-12.35,1.95,11.2,0,0,0,0,0,0
3154,PlayerServeHold,None,1,-0.0027,52,-4.4399,2.6236,-16.7337,-2.3298,0.3295,-11.9535,0,Serve prepare 0.00,0,9,Drive,93.6797,53.4907,-2.0517,0.7534,-12.3873,0,1,1,Forehand prepare 1.00,0,9,5.6169,48.3787,0,0,Excellent,,-2.35,-12.35,1.95,11.2,0,0,0,0,0,0
3155,PlayerServeHold,None,1,-0.0027,52,-4.4401,2.6234,-16.7339,-2.3298,0.2511,-11.9535,0,Serve prepare 0.00,0,9,Drive,93.6841,53.5252,-2.0519,0.7531,-12.3875,0,1,1,Forehand prepare 1.00,0,9,5.6169,48.3787,0,0,Excellent,,-2.35,-12.35,1.95,11.2,0,0,0,0,0,0
3156,PlayerServeHold,None,1,-0.0027,52,-4.4402,2.6232,-16.7342,-2.3298,0.2109,-11.9535,0,Serve prepare 0.00,0,9,Drive,93.6908,53.557,-2.052,0.753,-12.3878,0,1,1,Forehand prepare 1.00,0,9,5.6169,48.3787,0,0,Excellent,,-2.35,-12.35,1.95,11.2,0,0,0,0.1856,0,0
3157,PlayerServeHold,None,1,-0.0027,52,-4.4402,2.6229,-16.7344,-2.3298,0.1397,-11.9535,0,Serve prepare 0.00,0,9,Drive,93.6999,53.5851,-2.0521,0.7529,-12.3881,0,1,1,Forehand prepare 1.00,0,9,5.6169,48.3787,0,0,Excellent,,-2.35,-12.35,1.95,11.2,0,0,0,0.1938,0,0
3158,PlayerServeHold,None,1,-0.0027,52,-4.4403,2.6226,-16.7347,-2.3298,0.1685,-11.9535,0,Serve prepare 0.00,0,9,Drive,93.7113,53.6095,-2.0521,0.7529,-12.3883,0,1,1,Forehand prepare 1.00,0,9,5.6169,48.3787,0,0,Excellent,,-2.35,-12.35,1.95,11.2,0,0,0,0.1679,0,0
3159,PlayerServeHold,None,1,-0.0027,52,-4.4402,2.6223,-16.7349,-2.3298,0.2241,-11.9535,0,Serve prepare 0.00,0,9,Drive,93.7249,53.6306,-2.0521,0.7529,-12.3886,0,1,1,Forehand prepare 1.00,0,9,5.6169,48.3787,0,0,Excellent,,-2.35,-12.35,1.95,11.2,0,0,0,0,0,0
3160,PlayerServeHold,None,1,-0.0027,52,-4.4402,2.622,-16.7352,-2.3298,0.2509,-11.9535,0,Serve prepare 0.00,0,9,Drive,93.7409,53.6497,-2.0521,0.753,-12.3888,0,1,1,Forehand prepare 1.00,0,9,5.6169,48.3787,0,0,Excellent,,-2.35,-12.35,1.95,11.2,0,0,0,0,0,0
3161,PlayerServeHold,None,1,-0.0027,52,-4.4401,2.6216,-16.7355,-2.3298,0.3024,-11.9535,0,Serve prepare 0.00,0,9,Drive,93.7592,53.668,-2.0521,0.753,-12.389,0,1,1,Forehand prepare 1.00,0,9,5.6169,48.3787,0,0,Excellent,,-2.35,-12.35,1.95,11.2,0,0,0,0,0,0
3162,PlayerServeHold,None,1,-0.0027,52,-4.44,2.6212,-16.7357,-2.3298,0.3272,-11.9535,0,Serve prepare 0.00,0,9,Drive,93.7799,53.6869,-2.0521,0.7531,-12.3893,0,1,1,Forehand prepare 1.00,0,9,5.6169,48.3787,0,0,Excellent,,-2.35,-12.35,1.95,11.2,0,0,0,0,0,0
3163,PlayerServeHold,None,1,-0.0027,52,-4.4399,2.6208,-16.736,-2.3298,0.3746,-11.9535,0,Serve prepare 0.00,0,9,Drive,93.8034,53.7075,-2.0522,0.7531,-12.3895,0,1,1,Forehand prepare 1.00,0,9,5.6169,48.3787,0,0,Excellent,,-2.35,-12.35,1.95,11.2,0,0,0,0,0,0
3164,PlayerServeHold,None,1,-0.0027,52,-4.4397,2.6204,-16.7363,-2.3298,0.3973,-11.9535,0,Serve prepare 0.00,0,9,Drive,93.8291,53.7308,-2.0522,0.7531,-12.3898,0,1,1,Forehand prepare 1.00,0,9,5.6169,48.3787,0,0,Excellent,,-2.35,-12.35,1.95,11.2,0,0,0,0,0,0
3165,PlayerServeHold,None,1,-0.0027,52,-4.4395,2.6199,-16.7365,-2.3298,0.4407,-11.9535,0,Serve prepare 0.00,0,9,Drive,93.8572,53.7565,-2.0524,0.7531,-12.3901,0,1,1,Forehand prepare 1.00,0,9,5.6169,48.3787,0,0,Excellent,,-2.35,-12.35,1.95,11.2,0,0,0,0,0,0
3166,PlayerServeHold,None,1,-0.0027,52,-4.4393,2.6194,-16.7368,-2.3298,0.4614,-11.9535,0,Serve prepare 0.00,0,9,Drive,93.8875,53.7846,-2.0525,0.753,-12.3905,0,1,1,Forehand prepare 1.00,0,9,5.6169,48.3787,0,0,Excellent,,-2.35,-12.35,1.95,11.2,0,0,0,0,0,0
3167,PlayerServeHold,None,1,-0.0027,52,-4.4391,2.6189,-16.7371,-2.3298,0.5006,-11.9535,0,Serve prepare 0.00,0,9,Drive,93.92,53.815,-2.0527,0.753,-12.3908,0,1,1,Forehand prepare 1.00,0,9,5.6169,48.3787,0,0,Excellent,,-2.35,-12.35,1.95,11.2,0,0,0,0,0,0
3168,PlayerServeHold,None,1,-0.0027,52,-4.4389,2.6184,-16.7374,-2.3298,0.5192,-11.9535,0,Serve prepare 0.00,0,9,Drive,93.9548,53.8477,-2.0529,0.7529,-12.3912,0,1,1,Forehand prepare 1.00,0,9,5.6169,48.3787,0,0,Excellent,,-2.35,-12.35,1.95,11.2,0,0,0,0,0,0
3169,PlayerServeHold,None,1,-0.0027,52,-4.4387,2.6178,-16.7376,-2.3298,0.5544,-11.9535,0,Serve prepare 0.00,0,9,Drive,93.9918,53.8879,-2.0531,0.7528,-12.3916,0,1,1,Forehand prepare 1.00,0,9,5.6169,48.3787,0,0,Excellent,,-2.35,-12.35,1.95,11.2,0,0,0,0,0,0
3170,PlayerServeHold,None,1,-0.0027,52,-4.4384,2.6172,-16.7379,-2.3298,0.571,-11.9535,0,Serve prepare 0.00,0,9,Drive,94.0309,53.9352,-2.0534,0.7527,-12.3921,0,1,1,Forehand prepare 1.00,0,9,5.6169,48.3787,0,0,Excellent,,-2.35,-12.35,1.95,11.2,0,0,0,0,0,0
3171,PlayerServeHold,None,1,-0.0027,52,-4.4382,2.6166,-16.7382,-2.3298,0.6021,-11.9535,0,Serve prepare 0.00,0,9,Drive,94.072,53.9884,-2.0536,0.7526,-12.3926,0,1,1,Forehand prepare 1.00,0,9,5.6169,48.3787,0,0,Excellent,,-2.35,-12.35,1.95,11.2,0,0,0,0,0,0
3172,PlayerServeHold,None,1,-0.0027,52,-4.4379,2.616,-16.7385,-2.3298,0.6166,-11.9535,0,Serve prepare 0.00,0,9,Drive,94.1153,54.0467,-2.0538,0.7524,-12.3931,0,1,1,Forehand prepare 1.00,0,9,5.6169,48.3787,0,0,Excellent,,-2.35,-12.35,1.95,11.2,0,0,0,0,0,0
3173,PlayerServeHold,None,1,-0.0027,52,-4.4376,2.6154,-16.7388,-2.3298,0.6436,-11.9535,0,Serve prepare 0.00,0,9,Drive,94.1605,54.1091,-2.0541,0.7523,-12.3937,0,1,1,Forehand prepare 1.00,0,9,5.6169,48.3787,0,0,Excellent,,-2.35,-12.35,1.95,11.2,0,0,0,0,0,0
3174,PlayerServeHold,None,1,-0.0027,52,-4.4373,2.6147,-16.7391,-2.3298,0.6561,-11.9535,0,Serve prepare 0.00,0,9,Drive,94.2082,54.1745,-2.0543,0.7522,-12.3943,0,1,1,Forehand prepare 1.00,0,9,5.6169,48.3787,0,0,Excellent,,-2.35,-12.35,1.95,11.2,0,0,0,0,0,0
3175,PlayerServeHold,None,1,-0.0027,52,-4.437,2.614,-16.7394,-2.3298,0.679,-11.9535,0,Serve prepare 0.00,0,9,Drive,94.2581,54.2421,-2.0546,0.7541,-12.395,0,1,1,Forehand prepare 1.00,0,9,5.6169,48.3787,0,0,Excellent,,-2.35,-12.35,1.95,11.2,0,0,0,0,0,0
3176,PlayerServeHold,None,1,-0.0027,52,-4.4367,2.6133,-16.7397,-2.3298,0.6895,-11.9535,0,Serve prepare 0.00,0,9,Drive,94.3116,54.311,-2.0549,0.754,-12.3957,0,1,1,Forehand prepare 1.00,0,9,5.6169,48.3787,0,0,Excellent,,-2.35,-12.35,1.95,11.2,0,0,0,0,0,0
3177,PlayerServeHold,None,1,-0.0027,52,-4.4364,2.6126,-16.74,-2.3298,0.7083,-11.9535,0,Serve prepare 0.00,0,9,Drive,94.368,54.3807,-2.0552,0.7539,-12.3964,0,1,1,Forehand prepare 1.00,0,9,5.6169,48.3787,0,0,Excellent,,-2.35,-12.35,1.95,11.2,0,0,0,0,0,0
3178,PlayerServeHold,None,1,-0.0027,52,-4.4361,2.6118,-16.7403,-2.3298,0.7167,-11.9535,0,Serve prepare 0.00,0,9,Drive,94.4262,54.4511,-2.0555,0.7538,-12.3971,0,1,1,Forehand prepare 1.00,0,9,5.6169,48.3787,0,0,Excellent,,-2.35,-12.35,1.95,11.2,0,0,0,0,0,0
3179,PlayerServeHold,None,1,-0.0027,52,-4.4358,2.611,-16.7406,-2.3298,0.7315,-11.9535,0,Serve prepare 0.00,0,9,Drive,94.4862,54.5221,-2.0558,0.7537,-12.3979,0,1,1,Forehand prepare 1.00,0,9,5.6169,48.3787,0,0,Excellent,,-2.35,-12.35,1.95,11.2,0,0,0,0,0,0
3180,PlayerServeHold,None,1,-0.0027,52,-4.4355,2.6102,-16.7409,-2.3298,0.7378,-11.9535,0,Serve prepare 0.00,0,9,Drive,94.5479,54.596,-2.0561,0.7536,-12.3986,0,1,1,Forehand prepare 1.00,0,9,5.6169,48.3787,0,0,Excellent,,-2.35,-12.35,1.95,11.2,0,0,0,0,0,0
3181,PlayerServeHold,None,1,-0.0027,52,-4.4352,2.6094,-16.7412,-2.3298,0.7485,-11.9535,0,Serve prepare 0.00,0,9,Drive,94.6112,54.6724,-2.0565,0.7535,-12.3994,0,1,1,Forehand prepare 1.00,0,9,5.6169,48.3787,0,0,Excellent,,-2.35,-12.35,1.95,11.2,0,0,0,0,0,0
3182,PlayerServeHold,None,1,-0.0027,52,-4.4349,2.6086,-16.7415,-2.3298,0.7528,-11.9535,0,Serve prepare 0.00,0,9,Drive,94.676,54.7518,-2.0569,0.7534,-12.4002,0,1,1,Forehand prepare 1.00,0,9,5.6169,48.3787,0,0,Excellent,,-2.35,-12.35,1.95,11.2,0,0,0,0,0,0
3183,PlayerServeHold,None,1,-0.0027,52,-4.4346,2.6078,-16.7418,-2.3298,0.7594,-11.9535,0,Serve prepare 0.00,0,9,Drive,94.7439,54.8342,-2.0572,0.7533,-12.4011,0,1,1,Forehand prepare 1.00,0,9,5.6169,48.3787,0,0,Excellent,,-2.35,-12.35,1.95,11.2,0,0,0,0,0,0
3184,PlayerServeHold,None,1,-0.0027,52,-4.4343,2.6069,-16.7421,-2.3298,0.7616,-11.9535,0,Serve prepare 0.00,0,9,Drive,94.8142,54.9191,-2.0576,0.7531,-12.402,0,1,1,Forehand prepare 1.00,0,9,5.6169,48.3787,0,0,Excellent,,-2.35,-12.35,1.95,11.2,0,0,0,0,0,0
3185,PlayerServeHold,None,1,-0.0027,52,-4.434,2.606,-16.7424,-2.3298,0.7641,-11.9535,0,Serve prepare 0.00,0,9,Drive,94.8876,55.0062,-2.0581,0.753,-12.4029,0,1,1,Forehand prepare 1.00,0,9,5.6169,48.3787,0,0,Excellent,,-2.35,-12.35,1.95,11.2,0,0,0,0,0,0
3186,PlayerServeHold,None,1,-0.0027,52,-4.4337,2.6051,-16.7427,-2.3298,0.7644,-11.9535,0,Serve prepare 0.00,0,9,Drive,94.9623,55.0954,-2.0585,0.7528,-12.4039,0,1,1,Forehand prepare 1.00,0,9,5.6169,48.3787,0,0,Excellent,,-2.35,-12.35,1.95,11.2,0,0,0,0,0,0
3187,PlayerServeHold,None,1,-0.0027,52,-4.4334,2.6042,-16.743,-2.3298,0.7675,-11.9535,0,Serve prepare 0.00,0,9,Drive,95.0384,55.187,-2.059,0.7526,-12.4049,0,1,1,Forehand prepare 1.00,0,9,5.6169,48.3787,0,0,Excellent,,-2.35,-12.35,1.95,11.2,0,0,0,0,0,0
3188,PlayerServeHold,None,1,-0.0027,52,-4.4331,2.6033,-16.7433,-2.3298,0.7708,-11.9535,0,Serve prepare 0.00,0,9,Drive,95.1157,55.282,-2.0595,0.7524,-12.4059,0,1,1,Forehand prepare 1.00,0,9,5.6169,48.3787,0,0,Excellent,,-2.35,-12.35,1.95,11.2,0,0,0,0,0,0
3189,PlayerServeHold,None,1,-0.0027,52,-4.4328,2.6023,-16.7436,-2.3298,0.7804,-11.9535,0,Serve prepare 0.00,0,9,Drive,95.1943,55.3799,-2.0853,0.7523,-12.3993,0,1,1,Forehand prepare 1.00,0,9,5.6169,48.3787,0,0,Excellent,,-2.35,-12.35,1.95,11.2,0,0,0,0,0,0
3190,PlayerServeHold,None,1,-0.0027,52,-4.4325,2.6013,-16.7439,-2.3298,0.7863,-11.9535,0,Serve prepare 0.00,0,9,Drive,95.2744,55.4806,-2.0859,0.7521,-12.4003,0,1,1,Forehand prepare 1.00,0,9,5.6169,48.3787,0,0,Excellent,,-2.35,-12.35,1.95,11.2,0,0,0,0,0,0
3191,PlayerServeHold,None,1,-0.0027,52,-4.4322,2.6004,-16.7442,-2.3298,0.7999,-11.9535,0,Serve prepare 0.00,0,9,Drive,95.356,55.5837,-2.0864,0.7519,-12.4014,0,1,1,Forehand prepare 1.00,0,9,5.6169,48.3787,0,0,Excellent,,-2.35,-12.35,1.95,11.2,0,0,0,0,0,0
3192,PlayerServeHold,None,1,-0.0027,52,-4.4319,2.5994,-16.7446,-2.3298,0.8073,-11.9535,0,Serve prepare 0.00,0,9,Drive,95.4407,55.6885,-2.0869,0.7497,-12.4025,0,1,1,Forehand prepare 1.00,0,9,5.6169,48.3787,0,0,Excellent,,-2.35,-12.35,1.95,11.2,0,0,0,0,0,0
3193,PlayerServeHold,None,1,-0.0027,52,-4.4316,2.5984,-16.7449,-2.3298,0.8226,-11.9535,0,Serve prepare 0.00,0,9,Drive,95.5267,55.7953,-2.0874,0.7495,-12.4037,0,1,1,Forehand prepare 1.00,0,9,5.6169,48.3787,0,0,Excellent,,-2.35,-12.35,1.95,11.2,0,0,0,0,0,0
3194,PlayerServeHold,None,1,-0.0027,52,-4.4313,2.5973,-16.7452,-2.3298,0.8302,-11.9535,0,Serve prepare 0.00,0,9,Drive,95.614,55.9047,-2.0879,0.7493,-12.4048,0,1,1,Forehand prepare 1.00,0,9,5.6169,48.3787,0,0,Excellent,,-2.35,-12.35,1.95,11.2,0,0,0,0,0,0
3195,PlayerServeHold,None,1,-0.0027,52,-4.4311,2.5963,-16.7455,-2.3298,0.8448,-11.9535,0,Serve prepare 0.00,0,9,Drive,95.7027,56.0172,-2.063,0.7491,-12.4138,0,1,1,Forehand prepare 1.00,0,9,5.6169,48.3787,0,0,Excellent,,-2.35,-12.35,1.95,11.2,0,0,0,0,0,0
3196,PlayerServeHold,None,1,-0.0027,52,-4.4308,2.5952,-16.7458,-2.3298,0.8515,-11.9535,0,Serve prepare 0.00,0,9,Drive,95.7928,56.133,-2.0634,0.7488,-12.415,0,1,1,Forehand prepare 1.00,0,9,5.6169,48.3787,0,0,Excellent,,-2.35,-12.35,1.95,11.2,0,0,0,0,0,0
3197,PlayerServeHold,None,1,-0.0027,52,-4.4305,2.5942,-16.7461,-2.3298,0.863,-11.9535,0,Serve prepare 0.00,0,9,Drive,95.8828,56.2503,-2.0638,0.7486,-12.4162,0,1,1,Forehand prepare 1.00,0,9,5.6169,48.3787,0,0,Excellent,,-2.35,-12.35,1.95,11.2,0,0,0,0,0,0
3198,PlayerServeHold,None,1,-0.0027,52,-4.4303,2.5931,-16.7464,-2.3298,0.8675,-11.9535,0,Serve prepare 0.00,0,9,Drive,95.9742,56.3694,-2.0641,0.7482,-12.4175,0,1,1,Forehand prepare 1.00,0,9,5.6169,48.3787,0,0,Excellent,,-2.35,-12.35,1.95,11.2,0,0,0,0,0,0
3199,PlayerServeHold,None,1,-0.0027,52,-4.43,2.592,-16.7467,-2.3298,0.8736,-11.9535,0,Serve prepare 0.00,0,9,Drive,96.0668,56.4899,-2.0644,0.7499,-12.4188,0,1,1,Forehand prepare 1.00,0,9,5.6169,48.3787,0,0,Excellent,,-2.35,-12.35,1.95,11.2,0,0,0,0,0,0
3200,PlayerServeHold,None,1,-0.0027,52,-4.4297,2.5909,-16.747,-2.3298,0.8749,-11.9535,0,Serve prepare 0.00,0,9,Drive,96.1601,56.6124,-2.0646,0.7496,-12.42,0,1,1,Forehand prepare 1.00,0,9,5.6169,48.3787,0,0,Excellent,,-2.35,-12.35,1.95,11.2,0,0,0,0,0,0
3201,PlayerServeHold,None,1,-0.0027,52,-4.4295,2.5898,-16.7474,-2.3298,0.8575,-11.9535,0,Serve prepare 0.00,0,9,Drive,96.2543,56.738,-2.0649,0.7493,-12.4213,0,1,1,Forehand prepare 1.00,0,9,5.6169,48.3787,0,0,Excellent,,-2.35,-12.35,1.95,11.2,0,0,0,0,0,0
3202,PlayerServeHold,None,1,-0.0027,52,-4.4292,2.5887,-16.7477,-2.3298,0.8464,-11.9535,0,Serve prepare 0.00,0,9,Drive,96.3492,56.8662,-2.0651,0.749,-12.4226,0,1,1,Forehand prepare 1.00,0,9,5.6169,48.3787,0,0,Excellent,,-2.35,-12.35,1.95,11.2,0,0,0,0,0,0
3203,PlayerServeHold,None,1,-0.0027,52,-4.429,2.5876,-16.748,-2.3298,0.8242,-11.9535,0,Serve prepare 0.00,0,9,Drive,96.4428,56.9963,-2.0654,0.7487,-12.424,0,1,1,Forehand prepare 1.00,0,9,5.6169,48.3787,0,0,Excellent,,-2.35,-12.35,1.95,11.2,0,0,0,0,0,0
3204,PlayerServeHold,None,1,-0.0027,52,-4.4288,2.5865,-16.7483,-2.3298,0.8131,-11.9535,0,Serve prepare 0.00,0,9,Drive,96.5368,57.1287,-2.0656,0.7484,-12.4253,0,1,1,Forehand prepare 1.00,0,9,5.6169,48.3787,0,0,Excellent,,-2.35,-12.35,1.95,11.2,0,0,0,0,0,0
3205,PlayerServeHold,None,1,-0.0027,52,-4.4285,2.5853,-16.7486,-2.3298,0.784,-11.9535,0,Serve prepare 0.00,0,9,Drive,96.6315,57.2628,-2.0659,0.7481,-12.4266,0,1,1,Forehand prepare 1.00,0,9,5.6169,48.3787,0,0,Excellent,,-2.35,-12.35,1.95,11.2,0,0,0,0,0,0
3206,PlayerServeHold,None,1,-0.0027,52,-4.4283,2.5842,-16.7489,-2.3298,0.7542,-11.9535,0,Serve prepare 0.00,0,9,Drive,96.727,57.3995,-2.0662,0.7479,-12.428,0,1,1,Forehand prepare 1.00,0,9,5.6169,48.3787,0,0,Excellent,,-2.35,-12.35,1.95,11.2,0,0,0,0,0,0
3207,PlayerServeHold,None,1,-0.0027,52,-4.4281,2.583,-16.7492,-2.3298,0.6927,-11.9535,0,Serve prepare 0.00,0,9,Drive,96.8232,57.5399,-2.0666,0.7476,-12.4293,0,1,1,Forehand prepare 1.00,0,9,5.6169,48.3787,0,0,Excellent,,-2.35,-12.35,1.95,11.2,0,0,0,0,0,0
3208,PlayerServeHold,None,1,-0.0027,52,-4.4279,2.5819,-16.7495,-2.3298,0.6609,-11.9535,0,Serve prepare 0.00,0,9,Drive,96.9203,57.683,-2.067,0.7474,-12.4307,0,1,1,Forehand prepare 1.00,0,9,5.6169,48.3787,0,0,Excellent,,-2.35,-12.35,1.95,11.2,0,0,0,0,0,0
3209,PlayerServeHold,None,1,-0.0027,52,-4.4277,2.5807,-16.7498,-2.3298,0.5952,-11.9535,0,Serve prepare 0.00,0,9,Drive,97.0138,57.8286,-2.0675,0.7472,-12.432,0,1,1,Forehand prepare 1.00,0,9,5.6169,48.3787,0,0,Excellent,,-2.35,-12.35,1.95,11.2,0,0,0,0,0,0
3210,PlayerServeHold,None,1,-0.0027,52,-4.4275,2.5795,-16.7501,-2.3298,0.5614,-11.9535,0,Serve prepare 0.00,0,9,Drive,97.1079,57.9762,-2.0571,0.7589,-12.4206,0,1,1,Forehand prepare 1.00,0,9,5.6169,48.3787,0,0,Excellent,,-2.35,-12.35,1.95,11.2,0,0,0,0,0,0
3211,PlayerServeHold,None,1,-0.0027,52,-4.4273,2.5783,-16.7504,-2.3298,0.4916,-11.9535,0,Serve prepare 0.00,0,9,Drive,97.2026,58.1254,-2.0577,0.7588,-12.4219,0,1,1,Forehand prepare 1.00,0,9,5.6169,48.3787,0,0,Excellent,,-2.35,-12.35,1.95,11.2,0,0,0,0,0,0
3212,PlayerServeHold,None,1,-0.0027,52,-4.4271,2.5772,-16.7507,-2.3298,0.4557,-11.9535,0,Serve prepare 0.00,0,9,Drive,97.2976,58.2762,-2.0583,0.7586,-12.4233,0,1,1,Forehand prepare 1.00,0,9,5.6169,48.3787,0,0,Excellent,,-2.35,-12.35,1.95,11.2,0,0,0,0,0,0
3213,PlayerServeHold,None,1,-0.0027,52,-4.4269,2.576,-16.751,-2.3298,0.3819,-11.9535,0,Serve prepare 0.00,0,9,Drive,97.3928,58.4289,-2.0589,0.7584,-12.4247,0,1,1,Forehand prepare 1.00,0,9,5.6169,48.3787,0,0,Excellent,,-2.35,-12.35,1.95,11.2,0,0,0,0,0,0
3214,PlayerServeHold,None,1,-0.0027,52,-4.4267,2.5748,-16.7513,-2.3298,0.3439,-11.9535,0,Serve prepare 0.00,0,9,Drive,97.4879,58.5827,-2.0596,0.7582,-12.426,0,1,1,Forehand prepare 1.00,0,9,5.6169,48.3787,0,0,Excellent,,-2.35,-12.35,1.95,11.2,0,0,0,0,0,0
3215,PlayerServeHold,None,1,-0.0027,52,-4.4265,2.5736,-16.7516,-2.3298,0.266,-11.9535,0,Serve prepare 0.00,0,9,Drive,97.5801,58.7365,-2.0603,0.7581,-12.4274,0,1,1,Forehand prepare 1.00,0,9,5.6169,48.3787,0,0,Excellent,,-2.35,-12.35,1.95,11.2,0,0,0,0,0,0
3216,PlayerServeHold,None,1,-0.0027,52,-4.4264,2.5724,-16.7519,-2.3298,0.226,-11.9535,0,Serve prepare 0.00,0,9,Drive,97.672,58.8901,-2.0609,0.7579,-12.4288,0,1,1,Forehand prepare 1.00,0,9,5.6169,48.3787,0,0,Excellent,,-2.35,-12.35,1.95,11.2,0,0,0,0,0,0
3217,PlayerServeHold,None,1,-0.0027,52,-4.4262,2.5712,-16.7521,-2.3298,0.144,-11.9535,0,Serve prepare 0.00,0,9,Drive,97.7635,59.0433,-2.0616,0.7576,-12.4302,0,1,1,Forehand prepare 1.00,0,9,5.6169,48.3787,0,0,Excellent,,-2.35,-12.35,1.95,11.2,0,0,0,0,0,0
3218,PlayerServeHold,None,1,-0.0027,52,-4.426,2.57,-16.7524,-2.3298,0.1577,-11.9535,0,Serve prepare 0.00,0,9,Drive,97.8544,59.1956,-2.0622,0.7574,-12.4315,0,1,1,Forehand prepare 1.00,0,9,5.6169,48.3787,0,0,Excellent,,-2.35,-12.35,1.95,11.2,0,0,0,0,0,0
3219,PlayerServeHold,None,1,-0.0027,52,-4.4259,2.5688,-16.7527,-2.3298,0.2139,-11.9535,0,Serve prepare 0.00,0,9,Drive,97.9449,59.3469,-2.0629,0.7572,-12.4329,0,1,1,Forehand prepare 1.00,0,9,5.6169,48.3787,0,0,Excellent,,-2.35,-12.35,1.95,11.2,0,0,0,0,0,0
3220,PlayerServeHold,None,1,-0.0027,52,-4.4257,2.5676,-16.753,-2.3298,0.2409,-11.9535,0,Serve prepare 0.00,0,9,Drive,98.0346,59.4971,-2.0635,0.7569,-12.4342,0,1,1,Forehand prepare 1.00,0,9,5.6169,48.3787,0,0,Excellent,,-2.35,-12.35,1.95,11.2,0,0,0,0,0,0
3221,PlayerServeHold,None,1,-0.0027,52,-4.4256,2.5664,-16.7533,-2.3298,0.293,-11.9535,0,Serve prepare 0.00,0,9,Drive,98.1218,59.645,-2.064,0.7567,-12.4356,0,1,1,Forehand prepare 1.00,0,9,5.6169,48.3787,0,0,Excellent,,-2.35,-12.35,1.95,11.2,0,0,0,0,0,0
3222,PlayerServeHold,None,1,-0.0027,52,-4.4255,2.5652,-16.7535,-2.3298,0.318,-11.9535,0,Serve prepare 0.00,0,9,Drive,98.21,59.7907,-2.0645,0.7564,-12.437,0,1,1,Forehand prepare 1.00,0,9,5.6169,48.3787,0,0,Excellent,,-2.35,-12.35,1.95,11.2,0,0,0,0,0,0
3223,PlayerServeHold,None,1,-0.0027,52,-4.4253,2.564,-16.7538,-2.3298,0.3659,-11.9535,0,Serve prepare 0.00,0,9,Drive,98.2984,59.9339,-2.065,0.756,-12.4384,0,1,1,Forehand prepare 1.00,0,9,5.6169,48.3787,0,0,Excellent,,-2.35,-12.35,1.95,11.2,0,0,0,0,0,0
3224,PlayerServeHold,None,1,-0.0027,52,-4.4252,2.5628,-16.7541,-2.3298,0.3889,-11.9535,0,Serve prepare 0.00,0,9,Drive,98.3859,60.0749,-2.0654,0.7557,-12.4397,0,1,1,Forehand prepare 1.00,0,9,5.6169,48.3787,0,0,Excellent,,-2.35,-12.35,1.95,11.2,0,0,0,0,0,0
3225,PlayerServeHold,None,1,-0.0027,52,-4.4251,2.5616,-16.7543,-2.3298,0.4328,-11.9535,0,Serve prepare 0.00,0,9,Drive,98.4724,60.2145,-2.0659,0.7554,-12.4411,0,1,1,Forehand prepare 1.00,0,9,5.6169,48.3787,0,0,Excellent,,-2.35,-12.35,1.95,11.2,0,0,0,0,0,0
3226,PlayerServeHold,None,1,-0.0027,52,-4.425,2.5605,-16.7546,-2.3298,0.4537,-11.9535,0,Serve prepare 0.00,0,9,Drive,98.5579,60.3525,-2.0664,0.755,-12.4424,0,1,1,Forehand prepare 1.00,0,9,5.6169,48.3787,0,0,Excellent,,-2.35,-12.35,1.95,11.2,0,0,0,0,0,0
3227,PlayerServeHold,None,1,-0.0027,52,-4.4248,2.5593,-16.7549,-2.3298,0.4935,-11.9535,0,Serve prepare 0.00,0,9,Drive,98.6417,60.4889,-2.0668,0.7547,-12.4437,0,1,1,Forehand prepare 1.00,0,9,5.6169,48.3787,0,0,Excellent,,-2.35,-12.35,1.95,11.2,0,0,0,0,0,0
3228,PlayerServeHold,None,1,-0.0027,52,-4.4247,2.5581,-16.7551,-2.3298,0.5123,-11.9535,0,Serve prepare 0.00,0,9,Drive,98.7241,60.6233,-2.0673,0.7544,-12.445,0,1,1,Forehand prepare 1.00,0,9,5.6169,48.3787,0,0,Excellent,,-2.35,-12.35,1.95,11.2,0,0,0,0,0,0
3229,PlayerServeHold,None,1,-0.0027,52,-4.4246,2.5569,-16.7554,-2.3298,0.548,-11.9535,0,Serve prepare 0.00,0,9,Drive,98.8111,60.7539,-2.0677,0.754,-12.4463,0,1,1,Forehand prepare 1.00,0,9,5.6169,48.3787,0,0,Excellent,,-2.35,-12.35,1.95,11.2,0,0,0,0,0,0
3230,PlayerServeHold,None,1,-0.0027,52,-4.4245,2.5557,-16.7556,-2.3298,0.5649,-11.9535,0,Serve prepare 0.00,0,9,Drive,98.8966,60.8816,-2.0681,0.7537,-12.4475,0,1,1,Forehand prepare 1.00,0,9,5.6169,48.3787,0,0,Excellent,,-2.35,-12.35,1.95,11.2,0,0,0,0,0,0
3231,PlayerServeHold,None,1,-0.0027,52,-4.4244,2.5546,-16.7559,-2.3298,0.5965,-11.9535,0,Serve prepare 0.00,0,9,Drive,98.9803,61.0061,-2.0686,0.7534,-12.4487,0,1,1,Forehand prepare 1.00,0,9,5.6169,48.3787,0,0,Excellent,,-2.35,-12.35,1.95,11.2,0,0,0,0,0,0
3232,PlayerServeHold,None,1,-0.0027,52,-4.4244,2.5534,-16.7561,-2.3298,0.6112,-11.9535,0,Serve prepare 0.00,0,9,Drive,99.0622,61.1291,-2.0691,0.7531,-12.4498,0,1,1,Forehand prepare 1.00,0,9,5.6169,48.3787,0,0,Excellent,,-2.35,-12.35,1.95,11.2,0,0,0,0,0,0
3233,PlayerServeHold,None,1,-0.0027,52,-4.4243,2.5523,-16.7564,-2.3298,0.6388,-11.9535,0,Serve prepare 0.00,0,9,Drive,99.1423,61.2496,-2.0695,0.7529,-12.4508,0,1,1,Forehand prepare 1.00,0,9,5.6169,48.3787,0,0,Excellent,,-2.35,-12.35,1.95,11.2,0,0,0,0,0,0
3234,PlayerServeHold,None,1,-0.0027,52,-4.4242,2.5511,-16.7566,-2.3298,0.6515,-11.9535,0,Serve prepare 0.00,0,9,Drive,99.2203,61.3678,-2.07,0.7526,-12.4519,0,1,1,Forehand prepare 1.00,0,9,5.6169,48.3787,0,0,Excellent,,-2.35,-12.35,1.95,11.2,0,0,0,0,0,0
3235,PlayerServeHold,None,1,-0.0027,52,-4.4241,2.55,-16.7568,-2.3298,0.6749,-11.9535,0,Serve prepare 0.00,0,9,Drive,99.2964,61.484,-2.0706,0.7523,-12.4529,0,1,1,Forehand prepare 1.00,0,9,5.6169,48.3787,0,0,Excellent,,-2.35,-12.35,1.95,11.2,0,0,0,0,0,0
3236,PlayerServeHold,None,1,-0.0027,52,-4.4241,2.5489,-16.7571,-2.3298,0.6856,-11.9535,0,Serve prepare 0.00,0,9,Drive,99.3708,61.5978,-2.0713,0.752,-12.4539,0,1,1,Forehand prepare 1.00,0,9,5.6169,48.3787,0,0,Excellent,,-2.35,-12.35,1.95,11.2,0,0,0,0,0,0
3237,PlayerServeHold,None,1,-0.0027,52,-4.424,2.5477,-16.7573,-2.3298,0.705,-11.9535,0,Serve prepare 0.00,0,9,Drive,99.4434,61.7089,-2.072,0.7517,-12.4549,0,1,1,Forehand prepare 1.00,0,9,5.6169,48.3787,0,0,Excellent,,-2.35,-12.35,1.95,11.2,0,0,0,0,0,0
3238,PlayerServeHold,None,1,-0.0027,52,-4.4239,2.5466,-16.7575,-2.3298,0.7136,-11.9535,0,Serve prepare 0.00,0,9,Drive,99.5139,61.8173,-2.0727,0.7513,-12.4559,0,1,1,Forehand prepare 1.00,0,9,5.6169,48.3787,0,0,Excellent,,-2.35,-12.35,1.95,11.2,0,0,0,0,0,0
3239,PlayerServeHold,None,1,-0.0027,52,-4.4239,2.5455,-16.7578,-2.3298,0.7289,-11.9535,0,Serve prepare 0.00,0,9,Drive,99.5822,61.9227,-2.0734,0.7509,-12.4569,0,1,1,Forehand prepare 1.00,0,9,5.6169,48.3787,0,0,Excellent,,-2.35,-12.35,1.95,11.2,0,0,0,0,0,0
3240,PlayerServeHold,None,1,-0.0027,52,-4.4238,2.5444,-16.758,-2.3298,0.7355,-11.9535,0,Serve prepare 0.00,0,9,Drive,99.6481,62.0259,-2.074,0.7506,-12.4578,0,1,1,Forehand prepare 1.00,0,9,5.6169,48.3787,0,0,Excellent,,-2.35,-12.35,1.95,11.2,0,0,0,0,0,0
3241,PlayerServeHold,None,1,-0.0027,52,-4.4238,2.5434,-16.7582,-2.3298,0.7467,-11.9535,0,Serve prepare 0.00,0,9,Drive,99.7119,62.1265,-2.0746,0.7502,-12.4588,0,1,1,Forehand prepare 1.00,0,9,5.6169,48.3787,0,0,Excellent,,-2.35,-12.35,1.95,11.2,0,0,0,0,0,0
3242,PlayerServeHold,None,1,-0.0027,52,-4.4237,2.5423,-16.7584,-2.3298,0.7512,-11.9535,0,Serve prepare 0.00,0,9,Drive,99.7732,62.2241,-2.0751,0.7499,-12.4598,0,1,1,Forehand prepare 1.00,0,9,5.6169,48.3787,0,0,Excellent,,-2.35,-12.35,1.95,11.2,0,0,0,0,0,0
3243,PlayerServeHold,None,1,-0.0027,52,-4.4237,2.5412,-16.7586,-2.3298,0.7583,-11.9535,0,Serve prepare 0.00,0,9,Drive,99.8321,62.3188,-2.0755,0.7495,-12.4607,0,1,1,Forehand prepare 1.00,0,9,5.6169,48.3787,0,0,Excellent,,-2.35,-12.35,1.95,11.2,0,0,0,0,0,0
3244,PlayerServeHold,None,1,-0.0027,52,-4.4237,2.5402,-16.7588,-2.3298,0.7608,-11.9535,0,Serve prepare 0.00,0,9,Drive,99.8882,62.4098,-2.0759,0.7492,-12.4617,0,1,1,Forehand prepare 1.00,0,9,5.6169,48.3787,0,0,Excellent,,-2.35,-12.35,1.95,11.2,0,0,0,0,0,0
3245,PlayerServeHold,None,1,-0.0027,52,-4.4236,2.5392,-16.759,-2.3298,0.7638,-11.9535,0,Serve prepare 0.00,0,9,Drive,99.9419,62.4972,-2.0761,0.749,-12.4626,0,1,1,Forehand prepare 1.00,0,9,5.6169,48.3787,0,0,Excellent,,-2.35,-12.35,1.95,11.2,0,0,0,0,0,0
3246,PlayerServeHold,None,1,-0.0027,52,-4.4236,2.5382,-16.7592,-2.3298,0.7643,-11.9535,0,Serve prepare 0.00,0,9,Drive,99.99,62.5812,-2.0764,0.7487,-12.4634,0,1,1,Forehand prepare 1.00,0,9,5.6169,48.3787,0,0,Excellent,,-2.35,-12.35,1.95,11.2,0,0,0,0,0,0
3247,PlayerServeHold,None,1,-0.0027,52,-4.4236,2.5371,-16.7594,-2.3298,0.7665,-11.9535,0,Serve prepare 0.00,0,9,Drive,100.0356,62.6615,-2.0765,0.7485,-12.4642,0,1,1,Forehand prepare 1.00,0,9,5.6169,48.3787,0,0,Excellent,,-2.35,-12.35,1.95,11.2,0,0,0,0,0,0
3248,PlayerServeHold,None,1,-0.0027,52,-4.4235,2.5362,-16.7596,-2.3298,0.7694,-11.9535,0,Serve prepare 0.00,0,9,Drive,100.0787,62.7378,-2.0766,0.7483,-12.465,0,1,1,Forehand prepare 1.00,0,9,5.6169,48.3787,0,0,Excellent,,-2.35,-12.35,1.95,11.2,0,0,0,0,0,0
3249,PlayerServeHold,None,1,-0.0027,52,-4.4235,2.5352,-16.7598,-2.3298,0.7783,-11.9535,0,Serve prepare 0.00,0,9,Drive,100.1193,62.8103,-2.0767,0.7482,-12.4656,0,1,1,Forehand prepare 1.00,0,9,5.6169,48.3787,0,0,Excellent,,-2.35,-12.35,1.95,11.2,0,0,0,0,0,0
3250,PlayerServeHold,None,1,-0.0027,52,-4.4235,2.5342,-16.7599,-2.3298,0.784,-11.9535,0,Serve prepare 0.00,0,9,Drive,100.1573,62.8787,-2.0767,0.7481,-12.4663,0,1,1,Forehand prepare 1.00,0,9,5.6169,48.3787,0,0,Excellent,,-2.35,-12.35,1.95,11.2,0,0,0,0,0,0
3251,PlayerServeHold,None,1,-0.0027,52,-4.4235,2.5333,-16.7601,-2.3298,0.7972,-11.9535,0,Serve prepare 0.00,0,9,Drive,100.1928,62.9431,-2.0767,0.748,-12.4668,0,1,1,Forehand prepare 1.00,0,9,5.6169,48.3787,0,0,Excellent,,-2.35,-12.35,1.95,11.2,0,0,0,0,0,0
3252,PlayerServeHold,None,1,-0.0027,52,-4.4235,2.5323,-16.7603,-2.3298,0.8045,-11.9535,0,Serve prepare 0.00,0,9,Drive,100.2257,62.9994,-2.0767,0.748,-12.4673,0,1,1,Forehand prepare 1.00,0,9,5.6169,48.3787,0,0,Excellent,,-2.35,-12.35,1.95,11.2,0,0,0,0,0,0
3253,PlayerServeHold,None,1,-0.0027,52,-4.4235,2.5314,-16.7605,-2.3298,0.8197,-11.9535,0,Serve prepare 0.00,0,9,Drive,100.2559,63.0531,-2.0766,0.748,-12.4677,0,1,1,Forehand prepare 1.00,0,9,5.6169,48.3787,0,0,Excellent,,-2.35,-12.35,1.95,11.2,0,0,0,0,0,0
3254,PlayerServeHold,None,1,-0.0027,52,-4.4235,2.5305,-16.7606,-2.3298,0.8273,-11.9535,0,Serve prepare 0.00,0,9,Drive,100.2835,63.104,-2.0765,0.748,-12.4681,0,1,1,Forehand prepare 1.00,0,9,5.6169,48.3787,0,0,Excellent,,-2.35,-12.35,1.95,11.2,0,0,0,0,0,0
3255,PlayerServeHold,None,1,-0.0027,52,-4.4235,2.5297,-16.7608,-2.3298,0.8421,-11.9535,0,Serve prepare 0.00,0,9,Drive,100.3084,63.1475,-2.0765,0.748,-12.4684,0,1,1,Forehand prepare 1.00,0,9,5.6169,48.3787,0,0,Excellent,,-2.35,-12.35,1.95,11.2,0,0,0,0,0,0
3256,PlayerServeHold,None,1,-0.0027,52,-4.4235,2.5288,-16.7609,-2.3298,0.849,-11.9535,0,Serve prepare 0.00,0,9,Drive,100.3306,63.189,-2.0764,0.748,-12.4687,0,1,1,Forehand prepare 1.00,0,9,5.6169,48.3787,0,0,Excellent,,-2.35,-12.35,1.95,11.2,0,0,0,0,0,0
3257,PlayerServeHold,None,1,-0.0027,52,-4.4235,2.5279,-16.7611,-2.3298,0.861,-11.9535,0,Serve prepare 0.00,0,9,Drive,100.35,63.2235,-2.0763,0.7481,-12.4689,0,1,1,Forehand prepare 1.00,0,9,5.6169,48.3787,0,0,Excellent,,-2.35,-12.35,1.95,11.2,0,0,0,0,0,0
3258,PlayerServeHold,None,1,-0.0027,52,-4.4235,2.5271,-16.7612,-2.3298,0.8659,-11.9535,0,Serve prepare 0.00,0,9,Drive,100.3667,63.2522,-2.0763,0.7481,-12.4691,0,1,1,Forehand prepare 1.00,0,9,5.6169,48.3787,0,0,Excellent,,-2.35,-12.35,1.95,11.2,0,0,0,0,0,0
3259,PlayerServeHold,None,1,-0.0027,52,-4.4235,2.5263,-16.7614,-2.3298,0.8728,-11.9535,0,Serve prepare 0.00,0,9,Drive,100.3806,63.2755,-2.0762,0.7481,-12.4692,0,1,1,Forehand prepare 1.00,0,9,5.6169,48.3787,0,0,Excellent,,-2.35,-12.35,1.95,11.2,0,0,0,0,0,0
3260,PlayerServeHold,None,1,-0.0027,52,-4.4235,2.5255,-16.7615,-2.3298,0.8746,-11.9535,0,Serve prepare 0.00,0,9,Drive,100.3918,63.2981,-2.0761,0.7482,-12.4694,0,1,1,Forehand prepare 1.00,0,9,5.6169,48.3787,0,0,Excellent,,-2.35,-12.35,1.95,11.2,0,0,0,0,0,0
3261,PlayerServeHold,None,1,-0.0027,52,-4.4235,2.5248,-16.7616,-2.3298,0.875,-11.9535,0,Serve prepare 0.00,0,9,Drive,100.4002,63.315,-2.0761,0.7482,-12.4695,0,1,1,Forehand prepare 1.00,0,9,5.6169,48.3787,0,0,Excellent,,-2.35,-12.35,1.95,11.2,0,0,0,0,0,0
3262,PlayerServeHold,None,1,-0.0027,52,-4.4235,2.524,-16.7618,-2.3298,0.875,-11.9535,0,Serve prepare 0.00,0,9,Drive,100.4058,63.3267,-2.0761,0.7482,-12.4695,0,1,1,Forehand prepare 1.00,0,9,5.6169,48.3787,0,0,Excellent,,-2.35,-12.35,1.95,11.2,0,0,0,0,0,0
3263,PlayerServeHold,None,1,-0.0027,52,-4.4235,2.5233,-16.7619,-2.3298,0.875,-11.9535,0,Serve prepare 0.00,0,9,Drive,100.4086,63.3336,-2.076,0.7482,-12.4696,0,1,1,Forehand prepare 1.00,0,9,5.6169,48.3787,0,0,Excellent,,-2.35,-12.35,1.95,11.2,0,0,0,0,0,0
3264,PlayerServeHold,None,1,-0.0027,52,-4.4235,2.5226,-16.762,-2.3298,0.875,-11.9535,0,Serve prepare 0.00,0,9,Drive,100.4086,63.336,-2.076,0.7482,-12.4696,0,1,1,Forehand prepare 1.00,0,9,5.6169,48.3787,0,0,Excellent,,-2.35,-12.35,1.95,11.2,0,0,0,0,0,0
3265,PlayerServeHold,None,1,-0.0027,52,-4.4235,2.5219,-16.7621,-2.3298,0.875,-11.9535,0,Serve prepare 0.00,0,9,Drive,100.4058,63.3342,-2.076,0.7482,-12.4696,0,1,1,Forehand prepare 1.00,0,9,5.6169,48.3787,0,0,Excellent,,-2.35,-12.35,1.95,11.2,0,0,0,0,0,0
3266,PlayerServeHold,None,1,-0.0027,52,-4.4236,2.5212,-16.7623,-2.3298,0.875,-11.9535,0,Serve prepare 0.00,0,9,Drive,100.4002,63.3282,-2.0761,0.7482,-12.4695,0,1,1,Forehand prepare 1.00,0,9,5.6169,48.3787,0,0,Excellent,,-2.35,-12.35,1.95,11.2,0,0,0,0,0,0
3267,PlayerServeHold,None,1,-0.0027,52,-4.4236,2.5206,-16.7624,-2.3298,0.875,-11.9535,0,Serve prepare 0.00,0,9,Drive,100.3918,63.3183,-2.0761,0.7482,-12.4695,0,1,1,Forehand prepare 1.00,0,9,5.6169,48.3787,0,0,Excellent,,-2.35,-12.35,1.95,11.2,0,0,0,0,0,0
3268,PlayerServeHold,None,1,-0.0027,52,-4.4236,2.5199,-16.7625,-2.3298,0.875,-11.9535,0,Serve prepare 0.00,0,9,Drive,100.3806,63.3045,-2.0761,0.7482,-12.4694,0,1,1,Forehand prepare 1.00,0,9,5.6169,48.3787,0,0,Excellent,,-2.35,-12.35,1.95,11.2,0,0,0,0,0,0
3269,PlayerServeHold,None,1,-0.0027,52,-4.4236,2.5193,-16.7626,-2.3298,0.875,-11.9535,0,Serve prepare 0.00,0,9,Drive,100.3667,63.2868,-2.0762,0.7481,-12.4693,0,1,1,Forehand prepare 1.00,0,9,5.6169,48.3787,0,0,Excellent,,-2.35,-12.35,1.95,11.2,0,0,0,0,0,0
3270,PlayerServeHold,None,1,-0.0027,52,-4.4236,2.5187,-16.7627,-2.3298,0.875,-11.9535,0,Serve prepare 0.00,0,9,Drive,100.35,63.2656,-2.0762,0.7481,-12.4692,0,1,1,Forehand prepare 1.00,0,9,5.6169,48.3787,0,0,Excellent,,-2.35,-12.35,1.95,11.2,0,0,0,0,0,0
3271,PlayerServeHold,None,1,-0.0027,52,-4.4236,2.5182,-16.7628,-2.3296,0.8754,-11.9536,0,Serve prepare 0.00,0,9,Drive,100.3305,63.2407,-2.0763,0.7481,-12.469,0,1,1,Forehand prepare 1.00,0,9,5.6169,48.3787,0,0,Excellent,,-2.35,-12.35,1.95,11.2,0,0,0,0,0,0
3272,PlayerServeHold,None,1,-0.0027,52,-4.4236,2.5177,-16.7628,-2.3291,0.8764,-11.954,0,Serve prepare 0.00,0,9,Drive,100.3084,63.2122,-2.0763,0.7481,-12.4688,0,1,1,Forehand prepare 1.00,0,9,5.6169,48.3787,0,0,Excellent,,-2.35,-12.35,1.95,11.2,0,0,0,0,0,0
3273,PlayerServeHold,None,1,-0.0027,52,-4.4237,2.5171,-16.7629,-2.3265,0.8806,-11.9553,0,Serve prepare 0.01,0,9,Drive,97.4534,59.6929,-2.0915,0.7483,-12.436,0,1,1,Forehand prepare 1.00,0,9,5.6169,48.3787,0,0,Excellent,,-2.35,-12.35,1.95,11.2,0,0,0,1.5133,0,0
3274,PlayerServeHold,None,1,-0.0027,52,-4.4237,2.5167,-16.763,-2.3241,0.8837,-11.9563,0,Serve prepare 0.02,0,9,Drive,98.5069,60.7471,-2.0635,0.7568,-12.4436,0,1,1,Forehand prepare 1.00,0,9,5.6169,48.3787,0,0,Excellent,,-2.35,-12.35,1.95,11.2,0,0,0,0.7,0,0
3275,PlayerServeHold,None,1,-0.0027,52,-4.4237,2.5162,-16.7631,-2.3196,0.8916,-11.9587,0,Serve prepare 0.03,0,9,Drive,99.0523,61.2287,-2.0675,0.7543,-12.4491,0,1,1,Forehand prepare 1.00,0,9,5.6169,48.3787,0,0,Excellent,,-2.35,-12.35,1.95,11.2,0,0,0,0.1813,0,0
3276,PlayerServeHold,None,1,-0.0027,52,-4.4237,2.5158,-16.7632,-2.3163,0.8964,-11.9603,0,Serve prepare 0.04,0,9,Drive,100.2037,62.4359,-2.0774,0.7488,-12.4611,0,1,1,Forehand prepare 1.00,0,9,5.6169,48.3787,0,0,Excellent,,-2.35,-12.35,1.95,11.2,0,0,0,0.437,0,0
3277,PlayerServeHold,None,1,-0.0027,52,-4.4237,2.5153,-16.7632,-2.3101,0.9076,-11.9638,0,Serve prepare 0.05,0,9,Drive,100.7532,63.1005,-2.0787,0.7474,-12.4674,0,1,1,Forehand prepare 1.00,0,9,5.6169,48.3787,0,0,Excellent,,-2.35,-12.35,1.95,11.2,0,0,0,0.76,0,0
3278,PlayerServeHold,None,1,-0.0027,52,-4.4237,2.5149,-16.7633,-2.306,0.9139,-11.9659,0,Serve prepare 0.06,0,9,Drive,101.8477,64.6389,-2.0913,0.7424,-12.4793,0,1,1,Forehand prepare 1.00,0,9,5.6169,48.3787,0,0,Excellent,,-2.35,-12.35,1.95,11.2,0,0,0,1.2802,0,0
3279,PlayerServeHold,None,1,-0.0027,52,-4.4238,2.5146,-16.7633,-2.2982,0.928,-11.9703,0,Serve prepare 0.07,0,9,Drive,102.4113,65.6109,-2.0612,0.7416,-12.5038,0,1,1,Forehand prepare 1.00,0,9,5.6169,48.3787,0,0,Excellent,,-2.35,-12.35,1.95,11.2,0,0,0,1.3785,0,0
3280,PlayerServeHold,None,1,-0.0027,52,-4.4238,2.5142,-16.7634,-2.2935,0.9357,-11.9728,0,Serve prepare 0.08,0,9,Drive,103.6817,67.497,-2.0958,0.7371,-12.5035,0,1,1,Forehand prepare 1.00,0,9,5.6169,48.3787,0,0,Excellent,,-2.35,-12.35,1.95,11.2,0,0,0,1.6447,0,0
3281,PlayerServeHold,None,1,-0.0027,52,-4.4238,2.5139,-16.7635,-2.2845,0.9522,-11.9781,0,Serve prepare 0.09,0,9,Drive,104.3896,68.6875,-2.0758,0.7354,-12.5264,0,1,1,Forehand prepare 1.00,0,9,5.6169,48.3787,0,0,Excellent,,-2.35,-12.35,1.95,11.2,0,0,0,1.4238,0,0
3282,PlayerServeHold,None,1,-0.0027,52,-4.4238,2.5136,-16.7635,-2.2792,0.961,-11.9809,0,Serve prepare 0.10,0,9,Drive,105.8251,70.7886,-2.0839,0.7324,-12.5426,0,1,1,Forehand prepare 1.00,0,9,5.6169,48.3787,0,0,Excellent,,-2.35,-12.35,1.95,11.2,0,0,0,1.4988,0,0
3283,PlayerServeHold,None,1,-0.0027,52,-4.4238,2.5134,-16.7635,-2.2692,0.9794,-11.9868,0,Serve prepare 0.11,0,9,Drive,106.5916,72.1042,-2.0734,0.7435,-12.543,0,1,1,Forehand prepare 1.00,0,9,5.6169,48.3787,0,0,Excellent,,-2.35,-12.35,1.95,11.2,0,0,0,1.1535,0,0
3284,PlayerServeHold,None,1,-0.0027,52,-4.4238,2.5131,-16.7636,-2.2634,0.9891,-11.99,0,Serve prepare 0.12,0,9,Drive,108.199,74.3417,-2.0818,0.7386,-12.5607,0,1,1,Forehand prepare 1.00,0,9,5.6169,48.3787,0,0,Excellent,,-2.35,-12.35,1.95,11.2,0,0,0,0.8523,0,0
3285,PlayerServeHold,None,1,-0.0027,52,-4.4239,2.5129,-16.7636,-2.2526,1.0091,-11.9965,0,Serve prepare 0.13,0,9,Drive,108.9198,75.7157,-2.0862,0.7363,-12.571,0.0278,1,1,Forehand prepare 1.00,0,9,5.6169,48.3787,0,0,Excellent,,-2.35,-12.35,1.95,11.2,0,0,0,0.5468,0,0
3286,PlayerServeHold,None,1,-0.0027,52,-4.4239,2.5127,-16.7636,-2.2466,1.0194,-11.9999,0,Serve prepare 0.14,0,9,Drive,110.3682,78.0565,-2.0965,0.7317,-12.5896,0.0554,1,1,Forehand prepare 1.00,0,9,5.6169,48.3787,0,0,Excellent,,-2.35,-12.35,1.95,11.2,0,0,0,0.8785,0,0
3287,PlayerServeHold,None,1,-0.0027,52,-4.4239,2.5125,-16.7637,-2.2352,1.0405,-12.0068,0,Serve prepare 0.15,0,9,Drive,111.1078,79.5673,-2.0896,0.7353,-12.6021,0.0207,1,1,Forehand prepare 1.00,0,9,5.6169,48.3787,0,0,Excellent,,-2.35,-12.35,1.95,11.2,0,0,0,0.806,0,0
3288,PlayerServeHold,None,1,-0.0027,52,-4.4239,2.5124,-16.7637,-2.229,1.0513,-12.0104,0,Serve prepare 0.16,0,9,Drive,112.6274,82.3572,-2.0924,0.731,-12.632,0.0408,1,1,Forehand prepare 1.00,0,9,5.6169,48.3787,0,0,Excellent,,-2.35,-12.35,1.95,11.2,0,0,0,1.3259,0,0
3289,PlayerServeHold,None,1,-0.0027,52,-4.4239,2.5123,-16.7637,-2.2173,1.073,-12.0175,0,Serve prepare 0.17,0,9,Drive,113.3859,84.0595,-2.0848,0.7557,-12.5992,0.0262,1,1,Forehand prepare 1.00,0,9,5.6169,48.3787,0,0,Excellent,,-2.35,-12.35,1.95,11.2,0,0,0,1.3591,0,0
3290,PlayerServeHold,None,1,-0.0027,52,-4.424,2.5122,-16.7637,-2.211,1.084,-12.0213,0,Serve prepare 0.18,0,9,Drive,114.8752,87.1346,-2.0694,0.7797,-12.5945,0.052,1,1,Forehand prepare 1.00,0,9,5.6169,48.3787,0,0,Excellent,,-2.35,-12.35,1.95,11.2,0,0,0,1.6584,0,0
3291,PlayerServeHold,None,1,-0.0027,52,-4.424,2.5121,-16.7637,-2.1992,1.106,-12.0285,0,Serve prepare 0.19,0,9,Drive,115.6028,89.0704,-2.0758,0.7748,-12.6045,0.0245,1,1,Forehand prepare 1.00,0,9,5.6169,48.3787,0,0,Excellent,,-2.35,-12.35,1.95,11.2,0,0,0,1.37,0,0
3292,PlayerServeHold,None,1,-0.0027,52,-4.424,2.5121,-16.7637,-2.1929,1.117,-12.0323,0,Serve prepare 0.20,0,9,Drive,112.0389,92.3193,-2.0805,0.7696,-12.6339,0.8583,1,1,Forehand prepare 1.00,0,9,5.6169,48.3787,0,0,Excellent,,-2.35,-12.35,1.95,11.2,0,0,0,1.4033,0,0
3293,PlayerServeHold,None,1,-0.0027,52,-4.424,2.5121,-16.7637,-2.1813,1.1387,-12.0394,0,Serve prepare 0.21,0,9,Drive,112.7875,94.2212,-2.0874,0.7675,-12.6443,0.0105,1,1,Forehand prepare 1.00,0,9,5.6169,48.3787,0,0,Excellent,,-2.35,-12.35,1.95,11.2,0,0,0,1.0799,0,0
3294,PlayerServeHold,None,1,-0.0027,52,-4.4241,2.5121,-16.7637,-2.1751,1.1495,-12.0432,0,Serve prepare 0.22,0,9,Drive,114.26,97.3428,-2.1149,0.7304,-12.7735,0.0199,1,1,Forehand prepare 1.00,0,9,5.6169,48.3787,0,0,Excellent,,-2.35,-12.35,1.95,11.2,0,0,0,1.1975,0,0
3295,PlayerServeHold,None,1,-0.0027,52,-4.4241,2.5121,-16.7636,-2.1639,1.1706,-12.0503,0,Serve prepare 0.23,0,9,Drive,114.9921,99.1868,-2.1452,0.7205,-12.7539,0.0105,1,1,Forehand prepare 1.00,0,9,5.6169,48.3787,0,0,Excellent,,-2.35,-12.35,1.95,11.2,0,0,0,0.8785,0,0
3296,PlayerServeHold,None,1,-0.0027,52,-4.4241,2.5122,-16.7636,-2.158,1.1809,-12.054,0,Serve prepare 0.24,0,9,Drive,116.3709,102.1141,-2.1452,0.73,-12.8,0.0212,1,1,Forehand prepare 1.00,0,9,5.6169,48.3787,0,0,Excellent,,-2.35,-12.35,1.95,11.2,0,0,0,0.9899,0,0
3297,PlayerServeHold,None,1,-0.0027,52,-4.4242,2.5123,-16.7636,-2.1473,1.2009,-12.0607,0,Serve prepare 0.25,0,9,Drive,116.9974,103.7855,-2.1678,0.7229,-12.7945,0.0166,1,1,Forehand prepare 1.00,0,9,5.6169,48.3787,0,0,Excellent,,-2.35,-12.35,1.95,11.2,0,0,0,0.737,0,0
3298,PlayerServeHold,None,1,-0.0027,52,-4.4242,2.5124,-16.7636,-2.1418,1.2106,-12.0642,0,Serve prepare 0.26,0,9,Drive,118.0124,106.4078,-2.1654,0.7327,-12.7839,0.0205,1,1,Forehand prepare 1.00,0,9,5.6169,48.3787,0,0,Excellent,,-2.35,-12.35,1.95,11.2,0,0,0,1.0777,0,0
3299,PlayerServeHold,None,1,-0.0027,52,-4.4242,2.5126,-16.7635,-2.132,1.229,-12.0704,0,Serve prepare 0.27,0,9,Drive,119.3111,108.0642,-2.1791,0.7301,-12.7944,0.1862,1,1,Forehand prepare 1.00,0,9,5.6169,48.3787,0,0,Excellent,,-2.35,-12.35,1.95,11.2,0,0,0,2.4857,0,0
3300,PlayerServeHold,None,1,-0.0027,52,-4.4243,2.5128,-16.7635,-2.127,1.2378,-12.0737,0,Serve prepare 0.28,0,9,Drive,120.3006,110.696,-2.1712,0.7435,-12.7948,0.7464,1,1,Forehand prepare 1.00,0,9,5.6169,48.3787,0,0,Excellent,,-2.35,-12.35,1.95,11.2,0,0,0,4.7698,0,0
3301,PlayerServeHold,None,1,-0.0027,52,-4.4243,2.513,-16.7634,-2.1182,1.2543,-12.0793,0,Serve prepare 0.29,0,9,Drive,120.2306,112.2697,-2.1873,0.7377,-12.7975,0.3612,1,1,Forehand prepare 1.00,0,9,5.6169,48.3787,0,0,Excellent,,-2.35,-12.35,1.95,11.2,0,0,0,4.2207,0,0
3302,PlayerServeHold,None,1,-0.0027,52,-4.4243,2.5132,-16.7634,-2.1137,1.262,-12.0823,0,Serve prepare 0.30,0,9,Drive,119.9578,114.5103,-2.2372,0.7561,-12.9441,0.1474,1,1,Forehand prepare 1.00,0,9,5.6169,48.3787,0,0,Excellent,,-2.35,-12.35,1.95,11.2,0,0,0,4.3812,0,0
3303,PlayerServeHold,None,1,-0.0027,52,-4.4244,2.5135,-16.7633,-2.1062,1.2761,-12.0872,0,Serve prepare 0.31,0,9,Drive,119.7459,115.9647,-2.4074,0.7016,-12.9285,0.067,1,1,Forehand prepare 1.00,0,9,5.6169,48.3787,0,0,Excellent,,-2.35,-12.35,1.95,11.2,0,0,0,3.5618,0,0
3304,PlayerServeHold,None,1,-0.0027,52,-4.4244,2.5137,-16.7632,-2.1025,1.2824,-12.0897,0,Serve prepare 0.32,0,9,Drive,119.1138,117.884,-2.2749,0.7439,-12.9453,0.1495,1,1,Forehand prepare 1.00,0,9,5.6169,48.3787,0,0,Excellent,,-2.35,-12.35,1.95,11.2,0,0,0,3.6947,0,0
3305,PlayerServeHold,None,1,-0.0027,52,-4.4245,2.514,-16.7632,-2.0965,1.2936,-12.0937,0,Serve prepare 0.33,0,9,Drive,118.7074,119.1107,-2.4017,0.703,-12.939,0.0972,1,1,Forehand prepare 1.00,0,9,5.6169,48.3787,0,0,Excellent,,-2.35,-12.35,1.95,11.2,0,0,0,2.8772,0,0
3306,PlayerServeHold,None,1,-0.0027,52,-4.4245,2.5144,-16.7631,-2.0935,1.2984,-12.0958,0,Serve prepare 0.34,0,9,Drive,117.6991,120.6488,-2.4245,0.6979,-12.9275,0.2172,1,1,Forehand prepare 1.00,0,9,5.6169,48.3787,0,0,Excellent,,-2.35,-12.35,1.95,11.2,0,0,0,3.3668,0,0
3307,PlayerServeHold,None,1,-0.0027,52,-4.4246,2.5147,-16.763,-2.0892,1.3063,-12.0986,0,Serve prepare 0.35,0,9,Drive,117.0887,121.7526,-2.4339,0.6845,-12.9017,0.1284,1,1,Forehand prepare 1.00,0,9,5.6169,48.3787,0,0,Excellent,,-2.35,-12.35,1.95,11.2,0,0,0,2.7873,0,0
3308,PlayerServeHold,None,1,-0.0027,52,-4.4246,2.5151,-16.7629,-2.0872,1.3094,-12.1001,0,Serve prepare 0.36,0,9,Drive,119.6031,121.9884,-2.4092,0.6823,-12.9102,0.7636,1,1,Forehand prepare 1.00,0,9,5.6169,48.3787,0,0,Excellent,,-2.35,-12.35,1.95,11.2,0,0,0,4.4361,0,0
3309,PlayerServeHold,None,1,-0.0027,52,-4.4247,2.5155,-16.7628,-2.0848,1.3136,-12.1018,0,Serve prepare 0.37,0,9,Drive,119.2687,122.3979,-2.4186,0.6871,-12.9252,0.0789,1,1,Forehand prepare 1.00,0,9,5.6169,48.3787,0,0,Excellent,,-2.35,-12.35,1.95,11.2,0,0,0,3.8375,0,0
3310,PlayerServeHold,None,1,-0.0027,52,-4.4248,2.516,-16.7627,-2.0838,1.3146,-12.1026,0,Serve prepare 0.38,0,9,Drive,112.6249,124.2793,-2.4119,0.6984,-12.9276,1.2395,1,1,Forehand prepare 1.00,0,9,5.6169,48.3787,0,0,Excellent,,-2.35,-12.35,1.95,11.2,0,0,0,7.3415,0,0
3311,PlayerServeToss,None,1,-0.0027,52,-4.4248,2.5164,-16.7626,-2.0834,1.315,-12.103,0,Serve prepare 0.39,0,9,Drive,111.4755,125.2859,-2.4248,0.6996,-12.9412,0.0905,1,1,Forehand prepare 1.00,0,9,5.6169,48.3787,0,0,Excellent,,-2.35,-12.35,1.95,11.2,0,0,0,6.8179,0,0
3312,PlayerServeToss,None,1,-0.0027,52,-4.4249,2.5169,-16.7625,-2.0869,1.3653,-12.1034,0,Serve prepare 0.40,0,9,Drive,109.1196,126.2827,-2.4517,0.707,-12.9646,0.1538,1,1,Forehand prepare 1.00,0,9,5.6169,48.3787,0,0,Excellent,,-2.35,-12.35,1.95,11.2,0,0,0,6.7915,0,0
3313,PlayerServeToss,None,1,-0.0027,52,-4.425,2.5174,-16.7624,-2.0939,1.464,-12.1043,0,Serve prepare 0.40,0,9,Drive,109.1196,127.5036,-2.4573,0.6969,-12.9573,0,1,1,Forehand prepare 1.00,0,9,5.6169,48.3787,0,0,Excellent,,-2.35,-12.35,1.95,11.2,0,0,0,4.3511,0,0
3314,PlayerServeToss,None,1,-0.0027,52,-4.425,2.518,-16.7623,-2.0974,1.5123,-12.1047,0,Serve prepare 0.42,0,9,Drive,108.5179,128.623,-2.4718,0.6928,-12.9581,0.0419,1,1,Forehand prepare 1.00,0,9,5.6169,48.3787,0,0,Excellent,,-2.35,-12.35,1.95,11.2,0,0,0,2.6438,0,0
3315,PlayerServeToss,None,1,-0.0027,52,-4.4251,2.5185,-16.7621,-2.1045,1.6068,-12.1056,0,Serve prepare 0.42,0,9,Drive,108.2107,129.6242,-2.4813,0.6874,-12.9554,0.0114,1,1,Forehand prepare 1.00,0,9,5.6169,48.3787,0,0,Excellent,,-2.35,-12.35,1.95,11.2,0,0,0,0.927,0,0
3316,PlayerServeToss,None,1,-0.0027,52,-4.4252,2.5191,-16.762,-2.108,1.6531,-12.106,0,Serve prepare 0.44,0,9,Drive,107.6668,130.3669,-2.4955,0.6889,-12.9576,0.0442,1,1,Forehand prepare 1.00,0,9,5.6169,48.3787,0,0,Excellent,,-2.35,-12.35,1.95,11.2,0,0,0,0.4206,0,0
3317,PlayerServeToss,None,1,-0.0027,52,-4.4253,2.5197,-16.7619,-2.115,1.7436,-12.1069,0,Serve prepare 0.45,0,9,Drive,107.412,130.9512,-2.5039,0.6887,-12.957,0.047,1,1,Forehand prepare 1.00,0,9,5.6169,48.3787,0,0,Excellent,,-2.35,-12.35,1.95,11.2,0,0,0,1.2079,0,0
3318,PlayerServeToss,None,1,-0.0027,52,-4.4254,2.5204,-16.7617,-2.1185,1.7878,-12.1073,0,Serve prepare 0.46,0,9,Drive,106.9168,131.2465,-2.517,0.6964,-12.9606,0.1095,1,1,Forehand prepare 1.00,0,9,5.6169,48.3787,0,0,Excellent,,-2.35,-12.35,1.95,11.2,0,0,0,1.5501,0,0
3319,PlayerServeToss,None,1,-0.0027,52,-4.4255,2.521,-16.7616,-2.1256,1.8742,-12.1081,0,Serve prepare 0.47,0,9,Drive,106.7301,131.4725,-2.524,0.7007,-12.962,0.0461,1,1,Forehand prepare 1.00,0,9,5.6169,48.3787,0,0,Excellent,,-2.35,-12.35,1.95,11.2,0,0,0,1.7979,0,0
3320,PlayerServeToss,None,1,-0.0027,52,-4.4256,2.5217,-16.7614,-2.1291,1.9163,-12.1086,0,Serve prepare 0.49,0,9,Drive,106.3603,131.5265,-2.5351,0.7124,-12.9661,0.0573,1,1,Forehand prepare 1.00,0,9,5.6169,48.3787,0,0,Excellent,,-2.35,-12.35,1.95,11.2,0,0,0,1.5988,0,0
3321,PlayerServeToss,None,1,-0.0027,52,-4.4257,2.5224,-16.7612,-2.1361,1.9986,-12.1094,0,Serve prepare 0.50,0,9,Drive,106.2127,131.5847,-2.5409,0.7194,-12.9683,0.0592,1,1,Forehand prepare 1.00,0,9,5.6169,48.3787,0,0,Excellent,,-2.35,-12.35,1.95,11.2,0,0,0,1.4347,0,0
3322,PlayerServeToss,None,1,-0.0027,52,-4.4258,2.5231,-16.7611,-2.1396,2.0388,-12.1099,0,Serve prepare 0.51,0,9,Drive,105.9258,131.5308,-2.551,0.7335,-12.9718,0.1723,1,1,Forehand prepare 1.00,0,9,5.6169,48.3787,0,0,Excellent,,-2.35,-12.35,1.95,11.2,0,0,0,1.1419,0,0
3323,PlayerServeToss,None,1,-0.0027,52,-4.4259,2.5239,-16.7609,-2.1466,2.117,-12.1107,0,Serve prepare 0.52,0,9,Drive,105.7827,131.5608,-2.5565,0.7423,-12.9736,0.0963,1,1,Forehand prepare 1.00,0,9,5.6169,48.3787,0,0,Excellent,,-2.35,-12.35,1.95,11.2,0,0,0,0.8449,0,0
3324,PlayerServeToss,None,1,-0.0027,52,-4.426,2.5246,-16.7607,-2.1502,2.1551,-12.1111,0,Serve prepare 0.54,0,9,Drive,105.5759,131.5666,-2.5665,0.7574,-12.9758,0.2085,1,1,Forehand prepare 1.00,0,9,5.6169,48.3787,0,0,Excellent,,-2.35,-12.35,1.95,11.2,0,0,0,0.8541,0,0
3325,PlayerServeToss,None,1,-0.0027,52,-4.4261,2.5254,-16.7605,-2.1572,2.2292,-12.112,0,Serve prepare 0.55,0,9,Drive,105.4794,131.6988,-2.5723,0.7665,-12.9767,0.088,1,1,Forehand prepare 1.00,0,9,5.6169,48.3787,0,0,Excellent,,-2.35,-12.35,1.95,11.2,0,0,0,0.7486,0,0
3326,PlayerServeToss,None,1,-0.0027,52,-4.4262,2.5262,-16.7604,-2.1607,2.2652,-12.1124,0,Serve prepare 0.56,0,9,Drive,105.3055,131.8654,-2.583,0.7823,-12.9767,0.1603,1,1,Forehand prepare 1.00,0,9,5.6169,48.3787,0,0,Excellent,,-2.35,-12.35,1.95,11.2,0,0,0,0.8952,0,0
3327,PlayerServeToss,None,1,-0.0027,52,-4.4264,2.5271,-16.7602,-2.1677,2.3352,-12.1133,0,Serve prepare 0.57,0,9,Drive,105.2307,132.116,-2.5894,0.7911,-12.976,0.0801,1,1,Forehand prepare 1.00,0,9,5.6169,48.3787,0,0,Excellent,,-2.35,-12.35,1.95,11.2,0,0,0,0.8166,0,0
3328,PlayerServeToss,None,1,-0.0027,52,-4.4265,2.5279,-16.76,-2.1712,2.3692,-12.1137,0,Serve prepare 0.59,0,9,Drive,105.067,132.4318,-2.6004,0.8062,-12.9737,0.1305,1,1,Forehand prepare 1.00,0,9,5.6169,48.3787,0,0,Excellent,,-2.35,-12.35,1.95,11.2,0,0,0,0.9512,0,0
3329,PlayerServeToss,None,1,-0.0027,52,-4.4266,2.5288,-16.7598,-2.1783,2.4352,-12.1146,0,Serve prepare 0.59,0,9,Drive,105.0084,132.772,-2.6072,0.8143,-12.9716,0.0548,1,1,Forehand prepare 1.00,0,9,5.6169,48.3787,0,0,Excellent,,-2.35,-12.35,1.95,11.2,0,0,0,0.7843,0,0
3330,PlayerServeToss,None,1,-0.0027,52,-4.4268,2.5297,-16.7596,-2.1818,2.4671,-12.115,0,Serve prepare 0.61,0,9,Drive,104.876,133.1878,-2.618,0.8281,-12.9678,0.0825,1,1,Forehand prepare 1.00,0,9,5.6169,48.3787,0,0,Excellent,,-2.35,-12.35,1.95,11.2,0,0,0,0.8195,0,0
3331,PlayerServeToss,None,1,-0.0027,52,-4.4269,2.5306,-16.7593,-2.1888,2.529,-12.1159,0,Serve prepare 0.62,0,9,Drive,104.8228,133.578,-2.6248,0.8354,-12.9649,0.034,1,1,Forehand prepare 1.00,0,9,5.6169,48.3787,0,0,Excellent,,-2.35,-12.35,1.95,11.2,0,0,0,0.6104,0,0
3332,PlayerServeToss,None,1,-0.0027,52,-4.4271,2.5315,-16.7591,-2.1923,2.5589,-12.1163,0,Serve prepare 0.63,0,9,Drive,104.719,134.0589,-2.6355,0.8484,-12.9599,0.0589,1,1,Forehand prepare 1.00,0,9,5.6169,48.3787,0,0,Excellent,,-2.35,-12.35,1.95,11.2,0,0,0,0.6256,0,0
3333,PlayerServeToss,None,1,-0.0027,52,-4.4272,2.5325,-16.7589,-2.1993,2.6167,-12.1171,0,Serve prepare 0.64,0,9,Drive,104.6855,134.4455,-2.6422,0.855,-12.9565,0.0303,1,1,Forehand prepare 1.00,0,9,5.6169,48.3787,0,0,Excellent,,-2.35,-12.35,1.95,11.2,0,0,0,0.4206,0,0
3334,PlayerServeToss,None,1,-0.0027,52,-4.4274,2.5335,-16.7587,-2.2029,2.6445,-12.1176,0,Serve prepare 0.66,0,9,Drive,104.6399,134.8929,-2.6527,0.8667,-12.9506,0.0624,1,1,Forehand prepare 1.00,0,9,5.6169,48.3787,0,0,Excellent,,-2.35,-12.35,1.95,11.2,0,0,0,0.4459,0,0
3335,PlayerServeToss,None,1,-0.0027,52,-4.4275,2.5345,-16.7584,-2.2099,2.6982,-12.1184,0,Serve prepare 0.67,0,9,Drive,104.5914,135.2338,-2.6589,0.8726,-12.9468,0.0363,1,1,Forehand prepare 1.00,0,9,5.6169,48.3787,0,0,Excellent,,-2.35,-12.35,1.95,11.2,0,0,0,0.3039,0,0
3336,PlayerServeToss,None,1,-0.0027,52,-4.4277,2.5355,-16.7582,-2.2134,2.724,-12.1189,0,Serve prepare 0.68,0,9,Drive,104.5127,135.6597,-2.669,0.883,-12.9402,0.0865,1,1,Forehand prepare 1.00,0,9,5.6169,48.3787,0,0,Excellent,,-2.35,-12.35,1.95,11.2,0,0,0,0.4073,0,0
3337,PlayerServeToss,None,1,-0.0027,52,-4.4279,2.5365,-16.7579,-2.2204,2.7736,-12.1197,0,Serve prepare 0.69,0,9,Drive,104.467,135.9746,-2.6748,0.8882,-12.9363,0.0486,1,1,Forehand prepare 1.00,0,9,5.6169,48.3787,0,0,Excellent,,-2.35,-12.35,1.95,11.2,0,0,0,0.314,0,0
3338,PlayerServeToss,None,1,-0.0027,52,-4.428,2.5375,-16.7577,-2.2239,2.7974,-12.1201,0,Serve prepare 0.71,0,9,Drive,104.2856,136.4185,-2.684,0.898,-12.9288,0.1064,1,1,Forehand prepare 1.00,0,9,5.6169,48.3787,0,0,Excellent,,-2.35,-12.35,1.95,11.2,0,0,0,0.4813,0,0
3339,PlayerServeToss,None,1,-0.0027,52,-4.4282,2.5386,-16.7574,-2.231,2.8429,-12.121,0,Serve prepare 0.71,0,9,Drive,104.1978,136.7517,-2.6892,0.9032,-12.9242,0.0527,1,1,Forehand prepare 1.00,0,9,5.6169,48.3787,0,0,Excellent,,-2.35,-12.35,1.95,11.2,0,0,0,0.4224,0,0
3340,PlayerServeToss,None,1,-0.0027,52,-4.4284,2.5396,-16.7572,-2.2345,2.8646,-12.1214,0,Serve prepare 0.73,0,9,Drive,103.9322,137.251,-2.6975,0.9131,-12.9156,0.0988,1,1,Forehand prepare 1.00,0,9,5.6169,48.3787,0,0,Excellent,,-2.35,-12.35,1.95,11.2,0,0,0,0.7044,0,0
3341,PlayerServeToss,None,1,-0.0027,52,-4.4286,2.5407,-16.7569,-2.2415,2.9061,-12.1223,0,Serve prepare 0.74,0,9,Drive,103.7923,137.653,-2.7026,0.918,-12.9101,0.0534,1,1,Forehand prepare 1.00,0,9,5.6169,48.3787,0,0,Excellent,,-2.35,-12.35,1.95,11.2,0,0,0,0.6749,0,0
3342,PlayerServeToss,None,1,-0.0027,52,-4.4288,2.5418,-16.7566,-2.245,2.9257,-12.1227,0,Serve prepare 0.75,0,9,Drive,103.4453,138.2561,-2.7107,0.9273,-12.9003,0.1052,1,1,Forehand prepare 1.00,0,9,5.6169,48.3787,0,0,Excellent,,-2.35,-12.35,1.95,11.2,0,0,0,0.9859,0,0
3343,PlayerServeToss,None,1,-0.0027,52,-4.429,2.5429,-16.7564,-2.2521,2.9631,-12.1236,0,Serve prepare 0.76,0,9,Drive,103.2352,138.7696,-2.7163,0.9318,-12.8939,0.0494,1,1,Forehand prepare 1.00,0,9,5.6169,48.3787,0,0,Excellent,,-2.35,-12.35,1.95,11.2,0,0,0,0.9421,0,0
3344,PlayerServeToss,None,1,-0.0027,52,-4.4292,2.544,-16.7561,-2.2556,2.9807,-12.124,0,Serve prepare 0.78,0,9,Drive,102.786,139.5241,-2.7244,0.9406,-12.8831,0.0918,1,1,Forehand prepare 1.00,0,9,5.6169,48.3787,0,0,Excellent,,-2.35,-12.35,1.95,11.2,0,0,0,1.2753,0,0
3345,PlayerServeToss,None,1,-0.0027,52,-4.4294,2.5451,-16.7558,-2.2626,3.014,-12.1249,0,Serve prepare 0.79,0,9,Drive,102.5074,140.1777,-2.7303,0.9448,-12.8758,0.0481,1,1,Forehand prepare 1.00,0,9,5.6169,48.3787,0,0,Excellent,,-2.35,-12.35,1.95,11.2,0,0,0,1.1863,0,0
3346,PlayerServeToss,None,1,-0.0027,52,-4.4296,2.5463,-16.7555,-2.2661,3.0296,-12.1253,0,Serve prepare 0.80,0,9,Drive,101.9683,141.0882,-2.7384,0.9529,-12.8639,0.0898,1,1,Forehand prepare 1.00,0,9,5.6169,48.3787,0,0,Excellent,,-2.35,-12.35,1.95,11.2,0,0,0,1.4809,0,0
3347,PlayerServeToss,None,1,-0.0027,52,-4.4299,2.5474,-16.7552,-2.2731,3.0587,-12.1261,0,Serve prepare 0.81,0,9,Drive,101.6532,141.8602,-2.7447,0.9566,-12.8555,0.0495,1,1,Forehand prepare 1.00,0,9,5.6169,48.3787,0,0,Excellent,,-2.35,-12.35,1.95,11.2,0,0,0,1.3038,0,0
3348,PlayerServeToss,None,1,-0.0027,52,-4.4301,2.5486,-16.7549,-2.2767,3.0723,-12.1266,0,Serve prepare 0.83,0,9,Drive,100.9485,142.8922,-2.7529,0.9641,-12.8422,0.1043,1,1,Forehand prepare 1.00,0,9,5.6169,48.3787,0,0,Excellent,,-2.35,-12.35,1.95,11.2,0,0,0,1.6193,0,0
3349,PlayerServeToss,None,1,-0.0027,52,-4.4303,2.5498,-16.7546,-2.2837,3.0974,-12.1274,0,Serve prepare 0.84,0,9,Drive,100.6074,143.746,-2.7596,0.9673,-12.8326,0.0472,1,1,Forehand prepare 1.00,0,9,5.6169,48.3787,0,0,Excellent,,-2.35,-12.35,1.95,11.2,0,0,0,1.3388,0,0
3350,PlayerServeToss,None,1,-0.0027,52,-4.4306,2.5509,-16.7543,-2.2872,3.1089,-12.1279,0,Serve prepare 0.85,0,9,Drive,99.8466,144.8446,-2.7678,0.9742,-12.8181,0.099,1,1,Forehand prepare 1.00,0,9,5.6169,48.3787,0,0,Excellent,,-2.35,-12.35,1.95,11.2,0,0,0,1.5772,0,0
3351,PlayerServeToss,None,1,-0.0027,52,-4.4308,2.5521,-16.754,-2.2942,3.1299,-12.1287,0,Serve prepare 0.86,0,9,Drive,99.4689,145.7493,-2.7743,0.9769,-12.8079,0.0472,1,1,Forehand prepare 1.00,0,9,5.6169,48.3787,0,0,Excellent,,-2.35,-12.35,1.95,11.2,0,0,0,1.2599,0,0
3352,PlayerServeToss,None,1,-0.0027,52,-4.4311,2.5533,-16.7537,-2.2977,3.1393,-12.1292,0,Serve prepare 0.88,0,9,Drive,98.7185,146.8451,-2.7821,0.983,-12.7926,0.0964,1,1,Forehand prepare 1.00,0,9,5.6169,48.3787,0,0,Excellent,,-2.35,-12.35,1.95,11.2,0,0,0,1.421,0,0
3353,PlayerServeToss,None,1,-0.0027,52,-4.4313,2.5545,-16.7534,-2.3048,3.1562,-12.13,0,Serve prepare 0.88,0,9,Drive,98.3194,147.7299,-2.7882,0.985,-12.782,0.0512,1,1,Forehand prepare 1.00,0,9,5.6169,48.3787,0,0,Excellent,,-2.35,-12.35,1.95,11.2,0,0,0,1.0843,0,0
3354,PlayerServeToss,None,1,-0.0027,52,-4.4316,2.5557,-16.7531,-2.3083,3.1636,-12.1304,0,Serve prepare 0.90,0,9,Drive,97.5494,148.7591,-2.7954,0.9899,-12.7663,0.1136,1,1,Forehand prepare 1.00,0,9,5.6169,48.3787,0,0,Excellent,,-2.35,-12.35,1.95,11.2,0,0,0,1.2348,0,0
3355,PlayerServeToss,None,1,-0.0027,52,-4.4318,2.5569,-16.7528,-2.3153,3.1764,-12.1313,0,Serve prepare 0.91,0,9,Drive,97.1361,149.5919,-2.801,0.9913,-12.7556,0.062,1,1,Forehand prepare 1.00,0,9,5.6169,48.3787,0,0,Excellent,,-2.35,-12.35,1.95,11.2,0,0,0,0.922,0,0
3356,PlayerServeToss,None,1,-0.0027,52,-4.4321,2.5581,-16.7525,-2.3188,3.1818,-12.1317,0,Serve prepare 0.92,0,9,Drive,96.3186,150.5378,-2.8074,0.9952,-12.7398,0.1229,1,1,Forehand prepare 1.00,0,9,5.6169,48.3787,0,0,Excellent,,-2.35,-12.35,1.95,11.2,0,0,0,1.0814,0,0
3357,PlayerServeToss,None,1,-0.0027,52,-4.4324,2.5594,-16.7521,-2.3259,3.1905,-12.1326,0,Serve prepare 0.93,0,9,Drive,95.8769,151.3048,-2.8122,0.9962,-12.7294,0,1,1,Forehand prepare 1.00,0,9,5.6169,48.3787,0,0,Excellent,,-2.35,-12.35,1.95,11.2,0,0,0,0.829,0,0
3358,PlayerServeToss,None,1,-0.0027,52,-4.4327,2.5606,-16.7518,-2.3294,3.1939,-12.133,0,Serve prepare 0.95,0,9,Drive,94.999,152.1373,-2.8172,0.9991,-12.7138,0,1,1,Forehand prepare 1.00,0,9,5.6169,48.3787,0,0,Excellent,,-2.35,-12.35,1.95,11.2,0,0,0,0.9683,0,0
3359,PlayerServeToss,None,1,-0.0027,52,-4.433,2.5618,-16.7515,-2.3364,3.1985,-12.1339,0,Serve prepare 0.96,0,9,Drive,94.5319,152.8239,-2.8211,0.9997,-12.7035,0,1,1,Forehand prepare 1.00,0,9,5.6169,48.3787,0,0,Excellent,,-2.35,-12.35,1.95,11.2,0,0,0,0.7434,0,0
3360,PlayerServeToss,None,1,-0.0027,52,-4.4333,2.5631,-16.7511,-2.3399,3.1998,-12.1343,0,Serve prepare 0.97,0,9,Drive,93.5592,153.56,-2.8249,1.0018,-12.6881,0,1,1,Forehand prepare 1.00,0,9,5.6169,48.3787,0,0,Excellent,,-2.35,-12.35,1.95,11.2,0,0,0,0.9338,0,0
3361,PlayerServeToss,None,1,-0.0027,52,-4.4336,2.5643,-16.7508,-2.3469,3.2004,-12.1352,0,Serve prepare 0.98,0,9,Drive,93.0748,154.1774,-2.8279,1.0019,-12.6781,0,1,1,Forehand prepare 1.00,0,9,5.6169,48.3787,0,0,Excellent,,-2.35,-12.35,1.95,11.2,0,0,0,0.7252,0,0
3362,PlayerServeToss,None,1,-0.0027,52,-4.4339,2.5656,-16.7505,-2.3505,3.1996,-12.1356,0,Serve prepare 1.00,0,9,Drive,92.0284,154.8258,-2.8306,1.0031,-12.6629,0,1,1,Forehand prepare 1.00,0,9,5.6169,48.3787,0,0,Excellent,,-2.35,-12.35,1.95,11.2,0,0,0,0.9643,0,0
3363,PlayerServeToss,None,1,-0.0027,52,-4.4342,2.5668,-16.7501,-2.3575,3.1961,-12.1364,0,Serve prepare 1.00,0,9,Drive,91.8183,155.3429,-2.833,1.002,-12.6564,1.1081,1,1,Forehand prepare 1.00,0,9,5.6169,48.3787,0,0,Excellent,,-2.35,-12.35,1.95,11.2,0,0,0,0.5174,0,0
3364,PlayerServeToss,None,1,-0.0027,52,-4.4345,2.5681,-16.7498,-2.361,3.1933,-12.1369,0,Serve prepare 1.00,0,9,Drive,91.8183,155.7613,-2.835,1.0007,-12.6527,0.032,1,1,Forehand prepare 1.00,0,9,5.6169,48.3787,0,0,Excellent,,-2.35,-12.35,1.95,11.2,0,0,0,0,0,0
3365,PlayerServeToss,None,1,-0.0027,52,-4.4348,2.5694,-16.7494,-2.368,3.1856,-12.1377,0,Serve prepare 1.00,0,9,Drive,91.8183,156.0716,-2.8365,0.9998,-12.65,0,1,1,Forehand prepare 1.00,0,9,5.6169,48.3787,0,0,Excellent,,-2.35,-12.35,1.95,11.2,0,0,0,0.3426,0,0
3366,PlayerServeToss,None,1,-0.0027,52,-4.4351,2.5707,-16.7491,-2.3715,3.1808,-12.1382,0,Serve prepare 1.00,0,9,Drive,91.8183,156.2693,-2.8374,0.9991,-12.6482,0,1,1,Forehand prepare 1.00,0,9,5.6169,48.3787,0,0,Excellent,,-2.35,-12.35,1.95,11.2,0,0,0,0.5855,0,0
3367,PlayerServeToss,None,1,-0.0027,52,-4.4355,2.572,-16.7487,-2.3786,3.1691,-12.139,0,Serve prepare 1.00,0,9,Drive,91.8183,156.3628,-2.8379,0.9987,-12.6474,0,1,1,Forehand prepare 1.00,0,9,5.6169,48.3787,0,0,Excellent,,-2.35,-12.35,1.95,11.2,0,0,0,0.7033,0,0
3368,PlayerServeToss,None,1,-0.0027,52,-4.4358,2.5733,-16.7483,-2.3821,3.1622,-12.1394,0,Serve prepare 1.00,0,9,Drive,91.8183,156.3693,-2.8379,0.9986,-12.6474,0,1,1,Forehand prepare 1.00,0,9,5.6169,48.3787,0,0,Excellent,,-2.35,-12.35,1.95,11.2,0,0,0,0.7144,0,0
3369,PlayerServeToss,None,1,-0.0027,52,-4.4361,2.5746,-16.748,-2.3891,3.1464,-12.1403,0,Serve prepare 1.00,0,9,Drive,91.8183,156.3108,-2.8376,0.9988,-12.6479,0,1,1,Forehand prepare 1.00,0,9,5.6169,48.3787,0,0,Excellent,,-2.35,-12.35,1.95,11.2,0,0,0,0.6453,0,0
3370,PlayerServeToss,None,1,-0.0027,52,-4.4365,2.5759,-16.7476,-2.3926,3.1375,-12.1407,0,Serve prepare 1.00,0,9,Drive,91.8183,156.2104,-2.8371,0.999,-12.6488,0,1,1,Forehand prepare 1.00,0,9,5.6169,48.3787,0,0,Excellent,,-2.35,-12.35,1.95,11.2,0,0,0,0.5249,0,0
3371,PlayerServeToss,None,1,-0.0027,52,-4.4368,2.5772,-16.7472,-2.3997,3.1176,-12.1416,0,Serve prepare 1.00,0,9,Drive,91.8183,156.0894,-2.8366,0.9993,-12.6499,0,1,1,Forehand prepare 1.00,0,9,5.6169,48.3787,0,0,Excellent,,-2.35,-12.35,1.95,11.2,0,0,0,0.3774,0,0
3372,PlayerServeToss,None,1,-0.0027,52,-4.4372,2.5785,-16.7468,-2.4032,3.1066,-12.142,0,Serve prepare 1.00,0,9,Drive,91.8183,155.966,-2.836,0.9997,-12.651,0,1,1,Forehand prepare 1.00,0,9,5.6169,48.3787,0,0,Excellent,,-2.35,-12.35,1.95,11.2,0,0,0,0.2203,0,0
3373,PlayerServeToss,None,1,-0.0027,52,-4.4375,2.5798,-16.7465,-2.4102,3.0826,-12.1429,0,Serve prepare 1.00,0,9,Drive,91.8183,155.8537,-2.8354,1,-12.652,0,1,1,Forehand prepare 1.00,0,9,5.6169,48.3787,0,0,Excellent,,-2.35,-12.35,1.95,11.2,0,0,0,0,0,0
3374,PlayerServeToss,None,1,-0.0027,52,-4.4379,2.5812,-16.7461,-2.4137,3.0696,-12.1433,0,Serve prepare 1.00,0,9,Drive,91.8183,155.7616,-2.835,1.0003,-12.6528,0,1,1,Forehand prepare 1.00,0,9,5.6169,48.3787,0,0,Excellent,,-2.35,-12.35,1.95,11.2,0,0,0,0,0,0
3375,PlayerServeToss,None,1,-0.0027,52,-4.4383,2.5825,-16.7457,-2.4207,3.0416,-12.1442,0,Serve prepare 1.00,0,9,Drive,91.8183,155.6934,-2.8347,1.0005,-12.6534,0,1,1,Forehand prepare 1.00,0,9,5.6169,48.3787,0,0,Excellent,,-2.35,-12.35,1.95,11.2,0,0,0,0,0,0
3376,PlayerServeToss,None,1,-0.0027,52,-4.4386,2.5839,-16.7453,-2.4243,3.0265,-12.1446,0,Serve prepare 1.00,0,9,Drive,91.8183,155.6508,-2.8345,1.0007,-12.6538,0,1,1,Forehand prepare 1.00,0,9,5.6169,48.3787,0,0,Excellent,,-2.35,-12.35,1.95,11.2,0,0,0,0,0,0
3377,PlayerServeToss,None,1,-0.0027,52,-4.439,2.5853,-16.7449,-2.4313,2.9944,-12.1454,0,Serve prepare 1.00,0,9,Drive,91.8183,155.6316,-2.8344,1.0007,-12.6539,0,1,1,Forehand prepare 1.00,0,9,5.6169,48.3787,0,0,Excellent,,-2.35,-12.35,1.95,11.2,0,0,0,0,0,0
3378,PlayerServeToss,None,1,-0.0027,52,-4.4394,2.5866,-16.7445,-2.4348,2.9773,-12.1459,0,Serve prepare 1.00,0,9,Drive,91.8183,155.6318,-2.8344,1.0008,-12.6539,0,1,1,Forehand prepare 1.00,0,9,5.6169,48.3787,0,0,Excellent,,-2.35,-12.35,1.95,11.2,0,0,0,0,0,0
3379,PlayerServeToss,None,1,-0.0027,52,-4.4398,2.588,-16.7441,-2.4418,2.941,-12.1467,0,Serve prepare 1.00,0,9,Drive,91.8183,155.6463,-2.8344,1.0007,-12.6538,0,1,1,Forehand prepare 1.00,0,9,5.6169,48.3787,0,0,Excellent,,-2.35,-12.35,1.95,11.2,0,0,0,0,0,0
3380,PlayerServeToss,None,1,-0.0027,52,-4.4402,2.5894,-16.7437,-2.4453,2.9219,-12.1472,0,Serve prepare 1.00,0,9,Drive,91.8183,155.6698,-2.8345,1.0007,-12.6536,0,1,1,Forehand prepare 1.00,0,9,5.6169,48.3787,0,0,Excellent,,-2.35,-12.35,1.95,11.2,0,0,0,0,0,0
3381,PlayerServeToss,None,1,-0.0027,52,-4.4406,2.5908,-16.7433,-2.4524,2.8815,-12.148,0,Serve prepare 1.00,0,9,Drive,91.8183,155.6977,-2.8347,1.0006,-12.6534,0,1,1,Forehand prepare 1.00,0,9,5.6169,48.3787,0,0,Excellent,,-2.35,-12.35,1.95,11.2,0,0,0,0,0,0
3382,PlayerServeToss,None,1,-0.0027,52,-4.4409,2.5922,-16.7429,-2.4559,2.8603,-12.1484,0,Serve prepare 1.00,0,9,Drive,91.8183,155.7257,-2.8348,1.0005,-12.6531,0,1,1,Forehand prepare 1.00,0,9,5.6169,48.3787,0,0,Excellent,,-2.35,-12.35,1.95,11.2,0,0,0,0,0,0
3383,PlayerServeToss,None,1,-0.0027,52,-4.4414,2.5936,-16.7425,-2.4629,2.8159,-12.1493,0,Serve prepare 1.00,0,9,Drive,91.8183,155.7509,-2.8349,1.0004,-12.6529,0,1,1,Forehand prepare 1.00,0,9,5.6169,48.3787,0,0,Excellent,,-2.35,-12.35,1.95,11.2,0,0,0,0,0,0
3384,PlayerServeToss,None,1,-0.0027,52,-4.4418,2.5951,-16.742,-2.4664,2.7927,-12.1497,0,Serve prepare 1.00,0,9,Drive,91.8183,155.7696,-2.835,1.0004,-12.6527,0,1,1,Forehand prepare 1.00,0,9,5.6169,48.3787,0,0,Excellent,,-2.35,-12.35,1.95,11.2,0,0,0,0,0,0
3385,PlayerServeToss,None,1,-0.0027,52,-4.4422,2.5965,-16.7416,-2.4734,2.7442,-12.1506,0,Serve prepare 1.00,1,0.1717,Serve,90.6935,156.1547,-2.8339,1.0085,-12.6476,0,1,1,Forehand prepare 1.00,0,9,5.6169,48.3787,0,0,Excellent,,-2.35,-12.35,1.95,11.2,0,0,0,1.1798,0,0
3386,PlayerServeToss,None,1,-0.0027,52,-4.4426,2.5979,-16.7412,-2.477,2.7189,-12.151,0,Serve swing,1,0.1633,Serve,78.5118,166.5069,-2.8636,0.9798,-12.5627,0.8306,1,1,Forehand prepare 1.00,0,9,5.6169,48.3787,0,0,Excellent,,-2.35,-12.35,1.95,11.2,0,0,0,2.1879,0,0
3387,PlayerServeToss,None,1,-0.0027,52,-4.443,2.5994,-16.7408,-2.484,2.6663,-12.1519,0,Serve swing,1,0.1467,Serve,63.0274,-176.1931,-2.8656,0.9591,-12.3569,0.7756,1,1,Forehand prepare 1.00,0,9,5.6169,48.3787,0,0,Excellent,,-2.35,-12.35,1.95,11.2,0,0,0,0,0,0
3388,PlayerServeToss,None,1,-0.0027,52,-4.4434,2.6008,-16.7403,-2.4875,2.639,-12.1523,0,Serve swing,1,0.1383,Serve,55.3692,-168.0531,-2.819,0.9799,-12.2272,3.2322,1,1,Forehand prepare 1.00,0,9,5.6169,48.3787,0,0,Excellent,,-2.35,-12.35,1.95,11.2,0,0,0,0,0,0
3389,PlayerServeToss,None,1,-0.0027,52,-4.4438,2.6023,-16.7399,-2.4945,2.5823,-12.1532,0,Serve swing,1,0.1217,Serve,30.9216,-151.6752,-2.6648,1.0894,-12.0132,1.1607,1,1,Forehand prepare 1.00,0,9,5.6169,48.3787,0,0,Excellent,,-2.35,-12.35,1.95,11.2,0,0,0,0,0,0
3390,PlayerServeToss,None,1,-0.0027,52,-4.4443,2.6038,-16.7394,-2.498,2.553,-12.1536,0,Serve swing,1,0.1133,Serve,21.0238,-145.4517,-2.5804,1.1947,-11.9786,3.8089,1,1,Forehand prepare 1.00,0,9,5.6169,48.3787,0,0,Excellent,,-2.35,-12.35,1.95,11.2,0,0,0,0,0,0
3391,PlayerServeToss,None,1,-0.0027,52,-4.4447,2.6052,-16.739,-2.5051,2.4922,-12.1544,0,Serve swing,1,0.0967,Serve,2.4891,-159.2012,-2.5329,1.3665,-12.0316,0.5504,1,1,Forehand prepare 1.00,0,9,5.6169,48.3787,0,0,Excellent,,-2.35,-12.35,1.95,11.2,0,0,0,0,0,0
3392,PlayerServeToss,None,1,-0.0027,52,-4.4451,2.6067,-16.7385,-2.5086,2.4608,-12.1549,0,Serve swing,1,0.0883,Serve,1.2855,-175.466,-2.5572,1.428,-12.1001,0,1,1,Forehand prepare 1.00,0,9,5.6169,48.3787,0,0,Excellent,,-2.35,-12.35,1.95,11.2,0,0,0,0,0,0
3393,PlayerServeToss,None,1,-0.0027,52,-4.4456,2.6082,-16.7381,-2.5156,2.3959,-12.1557,0,Serve swing,1,0.0717,Serve,-15.4289,144.8002,-2.7319,1.5634,-12.3512,0,1,1,Forehand prepare 1.00,0,9,5.6169,48.3787,0,0,Excellent,,-2.35,-12.35,1.95,11.2,0,0,0,0,0,0
3394,PlayerServeToss,None,1,-0.0027,52,-4.446,2.6097,-16.7376,-2.5191,2.3625,-12.1562,0,Serve swing,1,0.0633,Serve,39.6753,132.893,-2.7108,1.5117,-12.5846,0,1,1,Forehand prepare 1.00,0,9,5.6169,48.3787,0,0,Excellent,,-2.35,-12.35,1.95,11.2,0,0,0,0,0,0
3395,PlayerServeToss,None,1,-0.0027,52,-4.4465,2.6112,-16.7372,-2.5262,2.2936,-12.157,0,Serve swing,1,0.0467,Serve,26.9843,91.1307,-2.5046,1.788,-12.309,18.2694,1,1,Forehand prepare 1.00,0,9,5.6169,48.3787,0,0,Excellent,,-2.35,-12.35,1.95,11.2,0,0,0,0,0,0
3396,PlayerServeToss,None,1,-0.0027,52,-4.4469,2.6127,-16.7367,-2.5297,2.2581,-12.1575,0,Serve swing,1,0.0383,Serve,-2.7825,79.3103,-2.3623,1.8565,-12.0213,24.6552,1,1,Forehand prepare 1.00,0,9,5.6169,48.3787,0,0,Excellent,,-2.35,-12.35,1.95,11.2,0,0,0,0,0,0
3397,PlayerServeToss,None,1,-0.0027,52,-4.4474,2.6142,-16.7363,-2.5367,2.185,-12.1583,0,Serve swing,1,0.0217,Serve,-2.6289,53.4248,-2.2099,1.8406,-11.9198,0,1,1,Forehand prepare 1.00,0,9,5.6169,48.3787,0,0,Excellent,,-2.35,-12.35,1.95,11.2,0,0,0,0,0,0
3398,PlayerServeToss,None,1,-0.0027,52,-4.4478,2.6158,-16.7358,-2.5402,2.1475,-12.1587,0,Serve swing,1,0.0133,Serve,13.6525,44.6281,-2.1667,1.8515,-12.0123,0,1,1,Forehand prepare 1.00,0,9,5.6169,48.3787,0,0,Excellent,,-2.35,-12.35,1.95,11.2,0,0,0,0,0,0
3399,Rally,None,1,-0.0027,52.405,-4.0396,2.7448,-16.7349,-2.4736,2.1297,-11.8084,1,Serve swing,1,-0.0033,Serve,8.4015,26.4965,-2.3921,1.7292,-12.2891,0,1,1,Forehand prepare 1.00,0,9,5.6169,48.3787,0,0.1217,Excellent,,-2.35,-12.35,1.91,11.2,0.405,0,0,0,0,0
3400,Rally,None,1,-0.0027,52.7786,-3.6818,2.8586,-16.7344,-2.3462,2.1319,-11.3578,1,Serve follow,1,-0.02,Serve,16.8764,16.5065,-2.4126,1.7136,-12.2734,0,1,1,Forehand prepare 1.00,0,9,5.7894,48.4405,0.0162,0.0633,Excellent,,-2.3481,-12.3491,1.8299,11.2,0.3736,0,0,0,0,0
3401,Rally,None,1,-0.0027,53.125,-3.3699,2.9575,-16.7337,-2.2189,2.1311,-10.9072,1,Serve follow,1,-0.0367,Serve,18.4004,5.8337,-2.355,1.7042,-12.2517,0,1,1,Forehand prepare 1.00,0,9,6.2541,48.6414,0.133,0.005,Excellent,,-2.3438,-12.347,1.7498,11.2,0.3464,0,0,0,0,0
3402,Rally,None,1,-0.0027,53.4477,-3.0986,3.0432,-16.7322,-2.0278,2.1246,-10.2313,1,Serve follow,1,-0.0617,Serve,18.6783,-4.6893,-2.449,1.6072,-11.9587,0,1,1,Forehand prepare 1.00,0,9,6.9628,49.0157,0.2069,0,Excellent,,-2.3325,-12.3415,1.6297,11.2,0.3227,0,0,0,0,0
3403,Rally,None,1,-0.0027,53.7498,-2.8621,3.1179,-16.7302,-1.9004,2.1167,-9.7807,1,Serve follow,1,-0.0783,Serve,15.4725,-2.7559,-2.2947,1.542,-11.895,0,1,1,Forehand prepare 1.00,0,9,7.8891,49.6216,0.1938,0,Excellent,,-2.3219,-12.3363,1.5496,11.2,0.3021,0,0,2.5176,0,0
3404,Rally,None,1,-0.0027,54.034,-2.6551,3.183,-16.7269,-1.7094,2.0994,-9.1048,1,Serve follow,1,-0.1033,Serve,11.8746,-7.3484,-2.161,1.2293,-11.9213,0,1,1,Forehand prepare 1.00,0,9,9.0456,50.5387,0,0,Excellent,,-2.3013,-12.3262,1.4295,11.2,0.2842,0,0,9.6283,0,0
3405,Rally,None,1,-0.0027,54.2908,-2.474,3.2399,-16.723,-1.582,2.0843,-8.6542,1,Serve follow,1,-0.12,Serve,12.5988,-15.3042,-2.0963,1.0521,-11.9506,0,1,1,Forehand prepare 1.00,0,9,10.4575,51.8498,0,0,Excellent,,-2.2845,-12.318,1.3494,11.2,0.2568,0,0,16.112,0,0
3406,Rally,None,1,-0.0027,54.5141,-2.3154,3.2895,-16.7182,-1.4546,2.0663,-8.2036,1,Serve follow,1,-0.1367,Serve,14.2906,-15.7302,-2.04,0.9401,-12.0194,0,1,1,Forehand prepare 1.00,0,9,12.2095,53.6936,0,0,Excellent,,-2.2652,-12.3085,1.2693,11.2,0.2233,0,0,19.8706,0,0
3407,Rally,None,1,-0.0027,54.7082,-2.1751,3.3328,-16.7118,-1.2636,2.034,-7.5277,1,Serve follow,1,-0.1617,Serve,14.0589,-10.3659,-1.9441,0.8613,-12.1301,0,1,1,Forehand prepare 1.00,0,9,14.3122,56.161,0,0,Excellent,,-2.2315,-12.292,1.1492,11.2,0.1941,0,0,20.1422,0,0
3408,Rally,None,1,-0.0027,54.877,-2.0514,3.3707,-16.7045,-1.1362,2.0088,-7.0771,1,Serve follow,1,-0.1783,Serve,15.443,0.2483,-1.8894,0.8892,-12.2232,0,1,1,Forehand prepare 1.00,0,9,16.5617,58.6093,0,0,Excellent,,-2.2059,-12.2795,1.0691,11.2,0.1688,0,0,15.3626,0,0
3409,Rally,None,1,-0.0027,55.0237,-1.941,3.4039,-16.6954,-0.9451,1.9656,-6.4012,1,Serve follow,1,-0.2033,Serve,15.9581,14.5349,-1.8338,0.883,-12.2377,0,1,1,Forehand prepare 1.00,0,9,18.7721,60.7646,0,0,Excellent,,-2.1629,-12.2584,0.949,11.2,0.1467,0,0,12.7176,0,0
3410,Rally,None,1,-0.0027,55.1512,-1.8427,3.433,-16.6853,-0.8178,1.9333,-5.9506,1,Serve follow,1,-0.22,Serve,17.2538,20.3785,-1.9246,0.9954,-12.3925,0,1,1,Forehand prepare 1.00,0,9,20.5694,62.5075,7.6667,0,Excellent,,-2.1311,-12.2429,1.029,11.2,0.1275,0,0,10.3015,0,0
3411,Rally,None,1,-0.0027,55.2621,-1.755,3.4584,-16.6743,-0.6904,1.898,-5.5001,1,Serve follow,1,-0.2367,Serve,17.0407,27.535,-1.7543,1.0942,-12.3644,6.839,1,1,Forehand prepare 1.00,0,9,11.5246,53.4802,12.3536,0,Excellent,,-2.0968,-12.2261,1.1091,11.2,0.1109,0,0,10.3655,0,0
3412,Rally,None,1,-0.0027,55.3585,-1.6747,3.4808,-16.6611,-0.4993,1.8398,-4.8242,1,Serve follow,1,-0.2617,Serve,16.9243,32.0726,-1.6724,1.1144,-12.3399,1.4218,1,1,Forehand prepare 1.00,0,9,-8.3681,33.8551,0,0,Excellent,,-2.0406,-12.1986,1.2293,11.2,0.0964,0,0,9.2682,0,0
3413,Rally,None,1,-0.0027,55.4423,-1.6022,3.5004,-16.6469,-0.372,1.7974,-4.3736,1,Serve follow,1,-0.2783,Serve,17.0069,33.6969,-1.6012,1.1552,-12.325,3.3454,1,1,Forehand prepare 1.00,0,9,-29.106,13.6536,0,0,Excellent,,-2.0001,-12.1788,1.3093,11.2,0.0838,0,0,8.1874,0,0
3414,Rally,None,1,-0.0027,55.5152,-1.5345,3.5177,-16.6304,-0.1809,1.7283,-3.6977,1,Serve follow,0,9,Serve,17.0069,33.6969,-1.5157,1.1552,-12.2945,9.1557,1,1,Forehand prepare 1.00,0,9,-45.7535,-2.325,0,0,Excellent,,-1.9346,-12.1467,1.4295,11.2,0.0729,0,0,8.1874,0,0
3415,Rally,None,1,-0.0027,55.5785,-1.4724,3.533,-16.613,-0.0535,1.6787,-3.2471,1,Run,0,9,Serve,17.2116,25.3063,-1.4334,1.1622,-12.2834,1.7027,0.9555,0.8333,Forehand prepare 0.92,0,9,-59.894,-7.385,0,0,Excellent,,-1.8878,-12.1238,1.5095,11.2,0.0633,0,1.1806,7.5909,0,0
3416,Rally,None,1,-0.0027,55.6336,-1.415,3.5464,-16.5946,0.0739,1.6262,-2.7965,1,Run,0,9,Serve,17.9126,21.677,-1.2936,1.1088,-12.1747,5.842,0.856,0.6667,Forehand prepare 0.83,0,9,-47.7891,-3.7687,0,0,Excellent,,-1.8385,-12.0997,1.5896,11.2,0.0551,0,2.3611,2.5999,0,0
3417,Rally,None,1,-0.0027,55.6815,-1.3595,3.5583,-16.5736,0.2649,1.5421,-2.1206,1,Run,0,9,Serve,19.1542,21.0267,-1.2047,1.074,-12.1331,0.1407,0.7361,0.5,Forehand prepare 0.75,0,9,-41.9665,-3.3302,0,0,Excellent,,-1.7599,-12.0612,1.7098,11.2,0.0479,0,3.536,1.9548,0,0
3418,Rally,None,1,-0.0027,55.7231,-1.3074,3.5689,-16.5517,0.3923,1.4824,-1.67,1,Run,0,9,Serve,20.8399,20.7632,-1.2475,0.8677,-11.9978,1.2137,0.6155,0.3333,Forehand prepare 0.62,0,9,-46.6916,-12.7287,0,0,Excellent,,-1.7044,-12.0341,1.7898,11.2,0.0416,0,4.7222,1.3852,0,0
3419,Rally,None,1,-0.0027,55.7593,-1.2559,3.5783,-16.527,0.5833,1.3875,-0.9941,1,Run,0,9,Serve,22.7326,21.0429,-1.164,0.8364,-11.969,6.3699,0.5041,0.1667,Forehand prepare 0.54,0,9,-39.327,-14.3537,0.4867,0,Excellent,,-1.6165,-11.991,1.91,11.2,0.0362,0,5.9028,0.9493,0,0
3420,Rally,None,1,-0.0027,55.7907,-1.2068,3.5867,-16.5015,0.7107,1.3207,-0.5435,1,Run,0,9,Serve,24.5281,21.8587,-1.0674,0.8328,-11.9869,0,0.4064,0,Forehand prepare 0.57,0,9,-39.8041,-14.7042,3.9641,0,Excellent,,-1.5547,-11.9608,1.99,11.2,0.0315,0,7.0833,0.7447,0,0
3421,Rally,None,1,-0.0027,55.818,-1.1596,3.5942,-16.4753,0.8381,1.2509,-0.0929,1,Run,0,9,Serve,25.9992,23.0832,-1.0422,0.7742,-11.9208,0,0.3236,0,Forehand prepare 0.60,0,9,-45.1426,-16.3695,0.6868,0,Excellent,,-1.4918,-11.93,2.0701,11.2,0.0273,0,8.2639,0.8125,0,0
3422,Rally,None,1,-0.0027,55.7657,-1.112,3.6009,-16.4466,1.0292,1.141,0.583,1,Run,0,9,Serve,27.2265,25.3644,-0.9424,0.7609,-11.8381,1.8074,0.2551,0,Forehand prepare 0.64,0,9,-53.1573,-17.4702,0.328,0,Excellent,,-1.3975,-11.8839,2.1903,11.2,-0.0524,0,7.3287,0.9326,0,0
3423,Rally,None,1,-0.0027,55.6612,-1.0661,3.607,-16.4176,1.1565,1.064,1.0336,1,Run,0,9,Serve,28.3015,27.6065,-0.8766,0.7688,-11.7825,1.3953,0.1995,0,Forehand prepare 0.70,0,9,-55.1211,-13.7821,0.4627,0,Excellent,,-1.3346,-11.8531,2.2703,11.2,-0.1044,0,5.776,0.9235,0,0
3424,Rally,None,1,-0.0027,55.4822,-1.0195,3.6125,-16.3865,1.3476,0.9433,1.7095,1,Run,0,9,Serve,29.2695,29.3352,-0.7801,0.7936,-11.7216,1.8777,0.1549,0,Forehand prepare 0.73,0,9,-51.2715,-9.718,0.9966,0,Excellent,,-1.2403,-11.807,2.3905,11.2,-0.1791,0,4.5522,0.7596,0,0
3425,Rally,None,1,-0.0027,55.2676,-0.9746,3.6175,-16.3555,1.475,0.8591,2.16,1,Run,0,9,Serve,30.2341,30.5674,-0.7182,0.8008,-11.6864,3.5937,0.1195,0,Forehand prepare 0.79,0,9,-53.2231,-8.628,6.1414,0,Excellent,,-1.1775,-11.7762,2.4705,11.2,-0.2145,0,3.5877,0.4635,0,0
3426,Rally,None,1,-0.0027,55.0223,-0.9311,3.6221,-16.3245,1.6023,0.7722,2.6106,1,Run,0,9,Serve,31.3314,31.2831,-0.6618,0.7833,-11.6625,1.5186,0.0918,0,Forehand prepare 0.82,0,9,-60.9363,-11.1993,3.8418,0,Excellent,,-1.1146,-11.7454,2.5506,11.2,-0.2454,0,2.8276,0.1978,0,0
3427,Rally,None,1,-0.0027,54.7206,-0.8866,3.6263,-16.2916,1.7934,0.6363,3.2865,1,Run,0,9,Serve,32.4615,31.5717,-0.5744,0.7578,-11.6298,1.0842,0.0702,0,Forehand prepare 0.86,0,9,-71.291,-15.1132,1.2584,0,Excellent,,-1.0203,-11.6993,2.6708,11.2,-0.3016,0,2.2285,0.5328,0,0
3428,Rally,None,1,-0.0027,54.3995,-0.8435,3.6301,-16.2589,1.9208,0.5421,3.7371,1,Run,0,9,Serve,33.5008,31.553,-0.5197,0.7295,-11.6144,5.3535,0.0534,0,Forehand prepare 0.92,0,9,-84.2516,-21.8761,5.8627,0,Excellent,,-0.9574,-11.6685,2.7508,11.2,-0.3211,0,1.7563,0.8907,0,0
3429,Rally,None,1,-0.0027,54.0321,-0.7993,3.6337,-16.2246,2.1118,0.3955,4.413,1,Run,0,9,Serve,34.5514,31.2261,-0.4359,0.7424,-11.587,0.6118,0.0405,0,Forehand prepare 0.95,0,9,-84.7499,-25.0961,3.187,0,Excellent,,-0.8631,-11.6224,2.871,11.2,-0.3674,0,1.3842,1.1784,0,0
3430,Rally,None,1,-0.0027,53.6538,-0.7565,3.637,-16.1908,2.2392,0.2941,4.8636,1,Run,0,9,Serve,35.4281,30.761,-0.3835,0.7517,-11.5728,1.3086,0.0307,0,Forehand prepare 1.00,0,9,-81.143,-27.3622,4.1174,0,Excellent,,-0.8002,-11.5916,2.951,11.2,-0.3783,0,1.0909,1.2926,0,0
3431,Rally,None,1,-0.0027,53.2661,-0.7148,3.6401,-16.1573,2.3666,0.1899,5.3142,1,Run,0,9,Serve,35.9987,30.3031,-0.3308,0.7522,-11.5521,2.519,0.0231,0,Forehand prepare 1.00,0,9,-80.787,-27.3208,2.382,0,Excellent,,-0.7373,-11.5608,3.0311,11.2,-0.3877,0,0.8598,1.1871,0,0
3432,Rally,None,1,-0.0027,52.8423,-0.6719,3.6429,-16.1222,2.5542,0.1329,5.9779,1,Run,0,9,Serve,36.3435,29.8732,-0.2411,0.7559,-11.509,0.5403,0.0174,0,Forehand prepare 1.00,1,0.168,-70.4836,-22.3332,0,0,Excellent,,-0.643,-11.5147,3.1513,11.2,-0.4238,0,0.6776,0.937,0,0
3433,Rally,None,1,-0.0027,52.4709,-0.6301,3.6456,-16.0877,2.6747,0.1965,6.4042,1,Run,0,9,Serve,36.3969,29.5736,-0.1754,0.7604,-11.4785,2.5799,0.0131,0,Backhand swing,1,0.1527,-10.809,-105.2445,0,0,Excellent,,-0.5801,-11.4839,3.2313,11.2,-0.3713,0,0.5341,0.5583,0,0
3434,Rally,None,1,-0.0027,52.1481,-0.5872,3.6481,-16.0517,2.8554,0.2867,7.0436,1,Run,0,9,Serve,36.0649,29.4791,-0.0713,0.7572,-11.4385,1.4901,0.0098,0,Backhand swing,1,0.1298,-0.1503,-104.8679,0,0,Excellent,,-0.4874,-11.4385,3.3515,11.2,-0.3228,0,0.4209,0.1101,0,0
3435,Rally,None,1,-0.0027,51.8675,-0.5458,3.6505,-16.0166,2.9759,0.3434,7.4698,1,Run,0,9,Serve,35.5441,29.9638,0.0364,0.7771,-11.3743,2.4965,0.0073,0,Backhand swing,1,0.1146,2.1907,-99.7025,7.6829,0,Excellent,,-0.4286,-11.4097,3.4315,11.2,-0.2806,0.0007,1.0753,0.4526,0,0
3436,Rally,None,1,-0.0027,51.6235,-0.5059,3.6527,-15.9824,3.0964,0.3973,7.8961,1,Run,0,9,Serve,34.9659,30.586,0.1024,0.7745,-11.3265,2.6767,0.0055,0,Backhand swing,1,0.0993,3.9192,-92.5527,2.2399,0,Excellent,,-0.3723,-11.3822,3.5116,11.2,-0.244,0.0026,2.4365,0.8521,0,0
3437,Rally,None,1,-0.0027,51.4114,-0.4655,3.6548,-15.9476,3.2772,0.4729,8.5355,1,Run,0,9,Serve,34.2102,31.2844,0.152,0.755,-11.2667,3.8103,0.0041,0,Backhand swing,1,0.0764,3.7691,-76.4991,2.4812,0,Excellent,,-0.2925,-11.3432,3.6318,11.2,-0.2121,0.0058,3.5093,1.1682,0,0
3438,Rally,None,1,-0.0027,51.227,-0.4269,3.6568,-15.9141,3.3977,0.5198,8.9618,1,Run,0,9,Serve,33.4418,32.2068,0.213,0.7767,-11.2235,0,0.003,0,Backhand swing,1,0.0611,-2.297,-66.2649,0.4471,0,Excellent,,-0.2425,-11.3187,3.7118,11.2,-0.1844,0.0105,5.1493,1.3507,0,0
3439,Rally,None,1,-0.0027,51.0667,-0.3883,3.6587,-15.8804,3.5784,0.5849,9.6012,1,Run,0,9,Serve,32.7588,32.9436,0.294,0.7908,-11.1747,0,0.0023,0,Backhand swing,1,0.0382,-2.9335,-40.7785,0.5343,0,Excellent,,-0.1721,-11.2842,3.832,11.2,-0.1603,0.016,5.6474,1.3564,0,0
3440,Rally,None,1,-0.0027,50.9274,-0.3518,3.6606,-15.8482,3.6989,0.6249,10.0274,1,Run,0,9,Serve,32.2387,33.7735,0.3473,0.8114,-11.1429,0,0,0,Backhand swing,1,0.0229,-8.2099,-31.5444,2.6153,0,Excellent,,-0.1282,-11.2628,3.912,11.2,-0.1394,0.0221,6.8344,1.2048,0,0
3441,Rally,None,1,-0.0027,50.8062,-0.3171,3.6623,-15.8176,3.8194,0.662,10.4537,1,Run,0,9,Serve,31.7545,34.4314,0.3937,0.8225,-11.1141,0,0,0,Backhand swing,1,0.0076,-48.3366,-77.7934,12.2609,0,Excellent,,-0.0869,-11.2425,3.9921,11.2,-0.1212,0.0278,6.9754,0.9816,0,0
3442,Rally,None,1,-0.0027,51.4847,-0.2859,3.6638,-15.7889,3.9842,0.7022,10.6671,1,Run,0,9,Serve,31.3726,35.0303,0.4161,0.8309,-11.0979,0.1158,0,0,Backhand swing,1,0,-49.2302,-73.4087,6.5537,0,Excellent,R;,-0.0672,-11.2329,4.0322,11.2,0.6785,0.0328,7.0866,0.7042,0,0.0001
3443,Rally,None,1,-0.0027,52.0746,-0.2561,3.6652,-15.7615,3.8866,0.7805,10.3796,1,Run,0,9,Serve,31.099,35.4104,0.4544,0.836,-11.0773,0.2334,0,0,Backhand swing,1,-0.0167,-50.2738,-56.9424,2.5006,0,Excellent,,-0.0296,-11.2145,3.9521,11.2,0.5899,0.0361,6.3797,0.397,0,0.0001
3444,Rally,None,1,-0.0027,52.5874,-0.2279,3.6666,-15.7353,3.7891,0.8561,10.0922,1,Run,0,9,Serve,30.9918,35.8013,0.4895,0.8517,-11.0608,0.1816,0,0,Backhand follow,1,-0.0333,-2.0232,6.2777,19.3352,0,Excellent,,0.0055,-11.1973,3.872,11.2,0.5128,0.038,6.617,0.0828,0,0.0001
3445,Rally,None,1,-0.0027,53.0333,-0.1999,3.668,-15.7096,3.6427,0.9644,9.661,1,Run,0,9,Serve,30.9846,36.0587,0.5371,0.8573,-11.0394,0.2468,0,0,Backhand follow,1,-0.0583,22.1637,37.1077,0,0,Excellent,,0.0535,-11.1738,3.7519,11.2,0.4458,0.0388,6.8041,0.1961,0,0.0001
3446,Rally,None,1,-0.0027,53.4208,-0.1737,3.6693,-15.6853,3.5452,1.0331,9.3736,1,Run,0,9,Serve,31.0638,36.3051,0.5651,0.865,-11.0278,0.2894,0,0,Backhand follow,1,-0.075,43.6121,55.4609,0,0,Excellent,,0.0823,-11.1597,3.6718,11.2,0.3876,0.0394,7.7461,0.412,0,0.0001
3447,Rally,None,1,-0.0027,53.7578,-0.1482,3.6706,-15.6615,3.3989,1.1311,8.9424,1,Run,0,9,Serve,31.1677,36.3073,0.6027,0.8624,-11.0103,0.2353,0,0,Backhand follow,1,-0.1,63.3174,79.5561,0,0,Excellent,,0.1206,-11.1397,3.5517,11.2,0.3369,0.0398,7.6939,0.5542,0,0.0001
3448,Rally,None,1,-0.0027,54.0507,-0.1245,3.6719,-15.6391,3.3013,1.193,8.655,1,Run,0,9,Serve,31.207,36.4155,0.623,0.8648,-10.9988,0.145,0,0,Backhand follow,1,-0.1167,69.6372,92.4461,0,0,Excellent,,0.1426,-11.1271,3.4716,11.2,0.2929,0.0403,8.3825,0.6197,0,0.0001
3449,Rally,None,1,-0.0027,54.3054,-0.1027,3.6731,-15.6181,3.2038,1.2522,8.3675,1,Run,0,9,Serve,31.0337,36.0359,0.6404,0.8596,-10.9853,0.043,0,0,Backhand follow,1,-0.1333,74.4269,100.9975,0,0,Excellent,,0.162,-11.1149,3.3915,11.2,0.2547,0.0408,8.1712,0.6202,0,0.0001
3450,Rally,None,1,-0.0027,54.5268,-0.082,3.6743,-15.5975,3.0575,1.3359,7.9364,1,Run,0,9,Serve,30.6928,35.3996,0.6613,0.8552,-10.9648,0.1181,0,0,Backhand follow,1,-0.1583,77.3413,105.2842,0,0,Excellent,,0.1859,-11.0976,3.2714,11.2,0.2214,0.0409,8.0137,0.5788,0,0
3451,Rally,None,1,-0.0027,54.7192,-0.0633,3.6755,-15.5782,2.9599,1.3882,7.649,1,Run,0,9,Serve,30.1336,35.0324,0.6705,0.8555,-10.9524,0.2321,0,0,Backhand follow,1,-0.175,74.5296,104.395,9.2508,0,Excellent,,0.1984,-11.0867,3.1913,11.2,0.1925,0.0413,8.5,1.1034,0,0
3452,Rally,None,1,-0.0027,54.8866,-0.0461,3.6767,-15.5593,2.8136,1.4616,7.2178,1,Run,0,9,Serve,29.1766,33.7436,0.6757,0.8496,-10.9298,0.333,0,0,Backhand follow,1,-0.2,74.1036,102.6457,4.1495,0,Excellent,,0.2121,-11.0714,3.0712,11.2,0.1673,0.0414,8.4307,1.3288,0,0
3453,Rally,None,1,-0.0027,55.032,-0.0309,3.6778,-15.5417,2.7161,1.507,6.9304,1,Run,0,9,Serve,27.5631,31.2877,0.6581,0.8401,-10.9046,0.3809,0,0,Backhand follow,1,-0.2167,69.458,98.9454,4.6411,0,Excellent,,0.2178,-11.0618,2.9911,11.2,0.1455,0.0418,8.5,1.2925,0,0
3454,Rally,None,1,-0.0027,55.1585,-0.0175,3.6789,-15.5252,2.6185,1.5498,6.6429,1,Run,0,9,Serve,25.3671,27.9845,0.6288,0.8307,-10.8745,0.4196,0,0,Backhand follow,1,-0.2333,67.8511,95.9385,1.7472,0,Excellent,,0.2208,-11.0528,2.911,11.2,0.1265,0.0418,8.5,1.3311,0,0
3455,Rally,None,1,-0.0027,55.2684,-0.006,3.6799,-15.5091,2.4722,1.6088,6.2118,1,Run,0,9,Serve,22.867,24.2355,0.5924,0.8217,-10.8389,0.3712,0,0,Backhand follow,1,-0.2583,67.8593,93.0712,0.7844,0,Excellent,,0.2202,-11.0404,2.7909,11.2,0.1099,0.0414,8.4449,1.3644,0,0
3456,Rally,None,1,-0.0027,55.364,0.0036,3.681,-15.4942,2.3747,1.6447,5.9243,1,Run,0,9,Serve,19.8585,19.9676,0.5505,0.8122,-10.8132,0.3391,0,0,Backhand follow,1,-0.275,65.1737,90.6127,1.2017,0,Excellent,,0.2164,-11.0328,2.7108,11.2,0.0956,0.041,8.5,1.3486,0,0
3457,Rally,None,1,-0.0027,55.4471,0.0111,3.682,-15.4799,2.2284,1.6935,5.4932,1,Run,0,9,Serve,16.2618,15.2056,0.5027,0.8025,-10.7881,0.688,0,0,Backhand follow,0,9,63.507,90.5756,1.1126,0,Excellent,,0.2056,-11.0225,2.5907,11.2,0.0831,0.0401,8.5,1.2264,0,0
3458,Rally,None,1,-0.0027,55.5193,0.0168,3.6829,-15.4666,2.1308,1.7225,5.2057,1,Run,0,9,Serve,11.7068,9.8183,0.4545,0.7878,-10.7591,4.584,0,0,Run,0,9,47.7298,57.5823,7.648,0,Excellent,,0.195,-11.0164,2.5106,11.2,0.0722,0.0389,8.5,0.9465,0,0
3459,Rally,None,1,-0.0027,55.5821,0.0207,3.6839,-15.4543,2.0333,1.7489,4.9183,1,Run,0,9,Serve,5.8398,3.5416,0.4073,0.7903,-10.7261,1.8986,0,0,Run,0,9,48.6226,53.1676,7.6419,0,Excellent,,0.1817,-11.0109,2.4305,11.2,0.0628,0.037,8.5,0.5334,0,0
3460,Rally,None,1,-0.0027,55.6367,0.0222,3.6848,-15.4426,1.8869,1.7833,4.4871,1,Run,0,9,Serve,-1.091,-3.4419,0.3536,0.8054,-10.6902,1.0471,0,0,Run,0,9,49.7517,51.8715,1.0367,0,Excellent,,0.1566,-11.0037,2.3104,11.2,0.0546,0.0342,8.5,0.1175,0,0
3461,Rally,None,1,-0.0027,55.6842,0.0219,3.6857,-15.4319,1.7894,1.8028,4.1997,1,Run,0,9,Serve,-9.3864,-11.3726,0.3027,0.8128,-10.6538,0.8034,0,0,Run,0,9,50.6819,50.4845,0,0,Excellent,,0.1365,-10.9996,2.2303,11.2,0.0475,0.0307,8.5,0.5683,0,0
3462,Rally,None,1,-0.0027,55.7254,0.0191,3.6865,-15.422,1.6431,1.8269,3.7685,1,Run,0,9,Serve,-17.9562,-18.7223,0.2354,0.8112,-10.6206,0.7406,0,0,Run,0,9,51.6005,49.139,0.593,0,Excellent,,0.1013,-10.9947,2.1102,11.2,0.0413,0.0266,8.5,0.4649,0,0
3463,Rally,None,1,-0.0027,55.7613,0.0147,3.6874,-15.413,1.5455,1.8395,3.4811,1,Run,0,9,Serve,-25.5963,-25.2999,0.1711,0.8012,-10.5941,0.7792,0,0,Run,0,9,52.2614,48.0177,1.1091,0,Excellent,,0.0745,-10.9922,2.0301,11.2,0.0359,0.022,8.5,0.579,0,0
3464,Rally,None,1,-0.0027,55.7925,0.0086,3.6882,-15.4049,1.448,1.8494,3.1937,1,Run,0,9,Serve,-31.9697,-30.6491,0.1019,0.7873,-10.5747,0.7838,0,0,Run,0,9,52.5962,47.1938,1.0329,0,Excellent,,0.0449,-10.9903,1.95,11.2,0.0312,0.0169,8.5,0.6916,0,0
3465,Rally,None,1,-0.0027,55.8196,-0.0004,3.6889,-15.3977,1.3017,1.8592,2.7625,1,Run,0,9,Serve,-37.0675,-34.7391,0.0157,0.7965,-10.5613,3.9508,0,0,Run,0,9,52.6312,46.6789,3.9994,0,Excellent,,-0.0045,-10.9887,1.8299,11.2,0.0271,0.0115,8.5,0.7393,0,0
3466,Rally,None,1,-0.0027,55.8432,-0.0108,3.6897,-15.3913,1.2041,1.8623,2.4751,1,Run,0,9,Serve,-41.1703,-37.8106,-0.0545,0.8175,-10.5529,3.1613,0,0,Run,0,9,52.2921,46.5382,1.5603,0,Excellent,,-0.0409,-10.9885,1.7498,11.2,0.0236,0.0064,8.5,0.7416,0,0
3467,Rally,None,1,-0.0027,55.8637,-0.0243,3.6904,-15.3859,1.0578,1.8618,2.0439,1,Run,0,9,Serve,-44.4948,-40.1158,-0.1451,0.8406,-10.5454,0.4331,0,0,Run,0,9,51.6117,46.7682,1.4281,0,Excellent,,-0.1004,-10.9893,1.6297,11.2,0.0205,0.0021,8.5,0.698,0,0
3468,Rally,None,1,-0.0027,55.8815,-0.0392,3.691,-15.3814,0.9603,1.858,1.7565,1,Run,0,9,Serve,-46.9615,-41.6405,-0.212,0.8534,-10.5438,0.9057,0,0,Run,0,9,50.7923,47.2544,4.8918,0,Excellent,,-0.1435,-10.9907,1.5496,11.2,0.0178,-0.0011,8.5,0.6095,0,0
3469,Rally,None,1,-0.0027,55.897,-0.0555,3.6917,-15.3777,0.8627,1.8515,1.469,1,Run,0,9,Serve,-48.6312,-42.5366,-0.2737,0.8599,-10.5449,3.5083,0,0,Run,0,9,49.774,48.0221,0,0,Excellent,,-0.1892,-10.9927,1.4695,11.2,0.0155,-0.0031,8.5,0.4704,0,0
3470,Rally,None,1,-0.0027,55.9104,-0.075,3.6923,-15.375,0.7164,1.8366,1.0379,1,Run,0,9,Serve,-49.349,-42.7633,-0.3535,0.8594,-10.5483,0.3262,0,0,Run,0,9,48.7878,48.9138,1.0565,0,Excellent,,-0.2629,-10.9971,1.3494,11.2,0.0135,-0.0041,8.5,0.273,0,0
3471,Rally,None,1,-0.0027,55.9221,-0.0959,3.6929,-15.3732,0.6189,1.8233,0.7504,1,Backhand prepare 0.05,0,9,Serve,-49.478,-42.5005,-0.3932,0.8368,-10.5776,1.1963,0.2083,0.1667,Run,0,9,47.9902,49.7994,1.1356,0,Excellent,,-0.3154,-11.0009,1.2693,11.2,0.0117,-0.0042,8.5,0.3556,0,0
3472,Rally,None,1,-0.0027,55.9323,-0.1201,3.6934,-15.3725,0.4725,1.7981,0.3193,1,Backhand prepare 0.08,0,9,Serve,-49.0604,-40.0612,-0.4232,0.8122,-10.6083,0.4779,0.4167,0.3333,Run,0,9,47.356,50.6433,1.1751,0,Excellent,,-0.3992,-11.0079,1.1492,11.2,0.0102,-0.0038,8.5,0.8088,0,0
3473,Rally,None,1,-0.0027,55.9411,-0.1455,3.6939,-15.3726,0.375,1.7779,0.0318,1,Backhand prepare 0.14,0,9,Serve,-48.6466,-37.1918,-0.4676,0.801,-10.6325,3.214,0.625,0.5,Run,0,9,47.0913,51.2663,1.8801,0,Excellent,,-0.4584,-11.0135,1.0691,11.2,0.0088,-0.003,8.5,1.2966,0,0
3474,Rally,None,1,-0.0027,55.9415,-0.1719,3.694,-15.3736,0.2775,1.755,-0.2556,1,Backhand prepare 0.17,0,9,Serve,-50.0583,-35.4594,-0.4574,0.7862,-10.6778,0,0.8333,0.6667,Run,0,9,47.185,51.6169,7.2602,0,Excellent,,-0.5203,-11.0198,0.989,11.2,0.0003,-0.0021,8.5,1.9184,0,0
3475,Rally,None,1,-0.0027,55.9285,-0.2018,3.6934,-15.376,0.1311,1.7155,-0.6868,1,Backhand prepare 0.21,0,9,Serve,-50.056,-33.9868,-0.4954,0.7725,-10.746,0,1,0.8333,Run,0,9,47.5684,51.6835,5.8045,0,Excellent,,-0.6181,-11.0306,0.8689,11.2,-0.013,-0.0012,8.5,2.9024,0,0
3476,Rally,None,1,-0.0027,55.9084,-0.2326,3.6924,-15.3793,0.0336,1.6858,-0.9742,1,Backhand prepare 0.26,0,9,Serve,-49.3202,-33.7892,-0.5836,0.765,-10.7807,0,1,1,Run,0,9,48.2964,51.3931,1.3983,0,Excellent,,-0.6867,-11.0388,0.7888,11.2,-0.0201,-0.0005,8.5,3.8443,0,0
3477,Rally,None,1,-0.0027,55.8777,-0.267,3.6908,-15.384,-0.1127,1.636,-1.4054,1,Backhand prepare 0.30,0,9,Serve,-48.2221,-34.0439,-0.9465,0.7591,-10.7955,0,1,1,Run,0,9,49.23,50.8038,2.4518,0,Excellent,,-0.7946,-11.0524,0.6687,11.2,-0.0307,0.0001,8.5,3.866,0,0
3478,Rally,None,1,-0.0027,55.8423,-0.3022,3.6889,-15.3896,-0.2103,1.5994,-1.6928,1,Backhand prepare 0.35,0,9,Serve,-48.5489,-36.3134,-1.0364,0.7559,-10.8066,3.5204,1,1,Run,0,9,50.1705,50.0333,0,0,Excellent,,-0.8698,-11.0625,0.5886,11.2,-0.0354,0.0005,8.5,4.1664,0,0
3479,Rally,None,1,-0.0027,55.8028,-0.3383,3.6868,-15.3959,-0.3078,1.5601,-1.9802,1,Backhand prepare 0.39,0,9,Serve,-49.3855,-38.9864,-1.1624,0.8388,-10.6861,1.9363,1,1,Run,0,9,51.1704,49.0684,1.6486,0,Excellent,,-0.9477,-11.0734,0.5085,11.2,-0.0395,0.0007,8.5,3.4715,0,0
3480,Rally,None,1,-0.0027,55.7554,-0.3782,3.6843,-15.4039,-0.4541,1.4959,-2.4114,1,Backhand prepare 0.42,0,9,Serve,-49.9794,-41.4786,-1.3091,0.8357,-10.7177,0.9095,1,1,Run,0,9,51.9378,48.1176,0.3731,0,Excellent,,-1.0696,-11.0913,0.3884,11.2,-0.0474,0.0007,8.5,2.7543,0,0
3481,Rally,None,1,-0.0027,55.7055,-0.4189,3.6816,-15.4127,-0.5517,1.4497,-2.6988,1,Backhand prepare 0.48,0,9,Serve,-50.1958,-44.0917,-1.3659,0.7941,-10.7804,1.0994,1,1,Run,0,9,52.4523,47.246,2.7251,0,Excellent,,-1.1541,-11.1043,0.3083,11.2,-0.0499,0.0007,8.5,3.1395,0,0
3482,Rally,None,1,-0.0027,55.6492,-0.4636,3.6786,-15.4232,-0.698,1.3753,-3.13,1,Backhand prepare 0.51,0,9,Serve,-52.9308,-47.5441,-1.435,0.7991,-10.8531,0.6974,1,1,Run,0,9,52.6783,46.5332,1.1111,0,Excellent,,-1.2859,-11.1253,0.1882,11.2,-0.0563,0.0005,8.5,3.3423,0,0
3483,Rally,None,1,-0.0027,55.5917,-0.5089,3.6755,-15.4344,-0.7955,1.3223,-3.4174,1,Backhand prepare 0.57,0,9,Serve,-60.4212,-54.9658,-1.6037,0.8088,-10.9244,1.8008,1,1,Run,0,9,52.5019,46.1074,1.7559,0,Excellent,,-1.377,-11.1404,0.1081,11.2,-0.0575,0.0004,8.5,4.9882,0,0
3484,Rally,None,1,-0.0027,55.5331,-0.5548,3.6723,-15.4463,-0.8931,1.2666,-3.7049,1,Backhand prepare 0.60,0,9,Serve,-63.3706,-60.6657,-1.7547,0.8024,-10.9385,2.9574,1,1,Run,0,9,51.9884,45.9863,0.6783,0,Excellent,,-1.4708,-11.1564,0.028,11.2,-0.0586,0.0002,8.5,6.1125,0,0
3485,Rally,None,1,-0.0027,55.4694,-0.6051,3.6688,-15.4601,-1.0394,1.1778,-4.136,1,Backhand prepare 0.64,0,9,Serve,-62.3926,-65.6642,-1.9486,0.7761,-10.9497,1.8327,1,1,Run,0,9,51.2705,46.133,3.8178,0,Excellent,,-1.6163,-11.1822,0,11.2,-0.0637,0.0001,8.5,7.976,0,0
3486,Rally,None,1,-0.0027,55.4055,-0.6558,3.6653,-15.4747,-1.1369,1.1152,-4.4235,1,Backhand prepare 0.69,0,9,Serve,-57.73,-71.0869,-2.1144,0.8112,-10.9677,1.8976,1,1,Ready,0,9,47.6653,41.3159,0,0,Excellent,,-1.7166,-11.2006,0,11.2,-0.0639,0,8.5,10.0626,0,0
3487,Rally,None,1,-0.0027,55.3373,-0.7108,3.6615,-15.4914,-1.2833,1.0162,-4.8546,1,Backhand prepare 0.72,0,9,Serve,-57.2206,-76.8164,-2.3075,0.8634,-11.0131,1.4343,1,1,Ready,0,9,41.3789,33.9208,0,0,Excellent,,-1.8697,-11.2304,0,11.2,-0.0682,-0.0001,8.5,6.8208,0,0
3488,Rally,None,1,-0.0027,55.2695,-0.7655,3.6577,-15.5086,-1.3808,0.9467,-5.142,1,Backhand prepare 0.78,0,9,Serve,-52.8137,-81.3423,-2.4288,0.9646,-11.0396,7.2774,1,1,Ready,0,9,35.4435,27.6626,3.0538,0,Excellent,,-1.9691,-11.25,0,11.2,-0.0678,-0.0001,7.49,5.2905,0,0
3489,Rally,None,1,-0.0027,55.2021,-0.82,3.654,-15.5261,-1.4784,0.8746,-5.4295,1,Backhand prepare 0.81,0,9,Serve,-43.8415,-83.4347,-2.5174,1.0267,-11.0452,5.5398,1,1,Ready,0,9,30.8054,22.9056,1.2882,0,Excellent,,-2.0657,-11.2691,0,11.2,-0.0674,-0.0001,4.3653,8.3854,0,0
3490,Rally,None,1,-0.0027,55.1308,-0.8771,3.65,-15.5451,-1.6247,0.7612,-5.8606,1,Backhand prepare 0.84,0,9,Serve,-31.3214,-85.2777,-2.6379,1.0641,-11.0663,8.1409,1,1,Ready,0,9,27.5514,19.6587,0.4343,0,Excellent,,-2.2055,-11.2967,0,11.2,-0.0713,-0.0001,1.9765,13.734,0,0
3491,Rally,None,1,-0.0027,55.0603,-0.9331,3.646,-15.564,-1.7222,0.6822,-6.1481,1,Backhand prepare 0.90,0,9,Serve,-11.0683,-87.6965,-2.6886,1.0967,-11.1509,13.1997,1,1,Ready,0,9,25.3327,17.5329,0.505,0,Excellent,,-2.2953,-11.3145,0,11.2,-0.0705,0.0006,1.3109,20.344,0,0
3492,Rally,None,1,-0.0027,54.9862,-0.9909,3.6418,-15.5839,-1.8685,0.5585,-6.5792,1,Backhand prepare 0.93,0,9,Serve,-4.1012,-91.3708,-2.7863,1.0717,-11.3072,3.7451,1,1,Ready,0,9,23.7298,16.0995,0.3506,0,Excellent,,-2.4249,-11.3401,0,11.2,-0.0741,0.0027,2.4911,15.4779,0,0
3493,Rally,None,1,-0.0027,54.9133,-1.0469,3.6377,-15.6035,-1.9661,0.4727,-6.8667,1,Backhand prepare 0.98,0,9,Serve,-5.4344,-95.4161,-2.9167,0.9827,-11.3495,6.4248,1,1,Ready,0,9,22.4741,15.0722,0.2352,0,Excellent,,-2.5079,-11.3565,0,11.2,-0.073,0.0065,4.3122,8.6297,0,0
3494,Rally,None,1,-0.0027,54.8413,-1.1012,3.6336,-15.6227,-2.0636,0.3841,-7.1541,1,Backhand prepare 1.00,0,9,Serve,-6.6742,-97.0311,-3.0091,1.019,-11.3828,2.715,1,1,Ready,0,9,21.3126,14.2289,0.1595,0,Excellent,,-2.5882,-11.3723,0,11.2,-0.072,0.0114,4.9805,6.7658,0,0
3495,Rally,None,1,-0.0027,54.7658,-1.1565,3.6293,-15.6425,-2.2099,0.246,-7.5853,1,Backhand prepare 1.00,0,9,Serve,-6.06,-97.7305,-3.1232,1.0232,-11.416,2.3467,1,1,Ready,0,9,20.2014,13.4633,0.1039,0,Excellent,,-2.7035,-11.3951,0,11.2,-0.0755,0.0169,5.5109,6.8513,0,0
3496,Rally,None,1,-0.0027,54.6915,-1.2097,3.6251,-15.6617,-2.3075,0.1506,-7.8727,1,Backhand prepare 1.00,0,9,Serve,-5.8714,-97.8493,-3.1603,1.0291,-11.4674,0.3783,1,1,Ready,0,9,19.0951,12.6929,0.0595,0,Excellent,,-2.7769,-11.4096,0,11.2,-0.0742,0.0228,6.7245,7.2553,0,0
3497,Rally,None,1,-0.0027,54.6192,-1.2634,3.621,-15.6812,-2.4509,0.1371,-8.2953,1,Backhand prepare 1.00,0,9,Serve,-5.9704,-97.5202,-3.2624,1.0372,-11.4901,0,1,1,Ready,0,9,18.0185,11.9136,0.0385,0,Excellent,,-2.882,-11.4304,0,11.2,-0.0723,0.0283,6.888,7.2888,0,0
3498,Rally,None,1,-0.0027,54.5478,-1.3147,3.6169,-15.6999,-2.5427,0.2091,-8.5657,1,Backhand prepare 1.00,0,9,Serve,-6.3318,-96.922,-3.3289,1.0404,-11.5023,0,1,1,Ready,0,9,16.9969,11.1205,0.0342,0,Excellent,,-2.9486,-11.4436,0,11.2,-0.0715,0.0335,7.8116,6.8108,0,0
3499,Rally,None,1,-0.0027,54.477,-1.3637,3.6128,-15.718,-2.6344,0.2785,-8.8361,1,Backhand prepare 1.00,0,9,Serve,-6.796,-96.1711,-3.3952,1.0271,-11.5132,0,1,1,Ready,0,9,16.0943,10.322,0.3779,0,Excellent,,-3.0125,-11.4562,0,11.2,-0.0708,0.0377,7.7453,5.9159,0,0
3500,Rally,None,1,-0.0027,54.4024,-1.4126,3.6086,-15.7362,-2.7721,0.3773,-9.2417,1,Backhand prepare 1.00,1,0.1562,Drive,-15.5655,-102.7194,-3.524,0.9871,-11.5127,0,1,1,Ready,0,9,15.4194,9.5279,0.3011,0,Excellent,,-3.1033,-11.4741,0,11.2,-0.0745,0.0421,6.8577,5.6096,0,0
3501,Rally,None,1,-0.0027,54.329,-1.459,3.6044,-15.7536,-2.8638,0.4398,-9.5121,1,Backhand swing,1,0.1395,Drive,-0.9487,-99.3495,-3.5531,0.9725,-11.5341,0,1,1,Ready,0,9,14.8967,8.7211,0.3069,0,Excellent,,-3.1604,-11.4854,0,11.2,-0.0735,0.0426,7.7882,0.9097,0,0
3502,Rally,None,1,-0.0027,54.252,-1.5049,3.6,-15.7709,-3.0015,0.5285,-9.9177,1,Backhand swing,1,0.1106,Drive,8.297,-91.9205,-3.6279,1.0294,-11.3515,4.4688,1,1,Ready,0,9,14.4748,7.8667,0.3054,0,Excellent,,-3.2409,-11.5013,0,11.2,-0.077,0.0426,7.7271,0,0,0
3503,Rally,None,1,-0.0027,54.1763,-1.5482,3.5957,-15.7874,-3.0932,0.5842,-10.1881,1,Backhand swing,1,0.086,Drive,8.0263,-80.2692,-3.6595,1.2347,-11.1252,3.2478,1,1,Ready,0,9,14.1999,7.033,0.1597,0,Excellent,,-3.2912,-11.5113,0,11.2,-0.0757,0.0426,7.2966,0,0,0
3504,Rally,None,1,-0.0027,54.1018,-1.5892,3.5914,-15.8031,-3.185,0.6371,-10.4585,1,Backhand swing,1,0.0614,Drive,3.6441,-62.4664,-3.6386,1.2474,-11.1297,2.7974,1,1,Ready,0,9,14.0302,6.1816,0.1551,0,Excellent,,-3.3388,-11.5207,0,11.2,-0.0745,0.0425,5.9708,0,0,0
3505,Rally,None,1,-0.0027,54.0238,-1.6292,3.587,-15.8186,-3.3226,0.7114,-10.8641,1,Backhand swing,1,0.0246,Drive,5.4797,-21.608,-3.2941,0.8844,-10.8969,1.368,1,1,Ready,0,9,13.9082,5.3138,0.2889,0,Excellent,,-3.405,-11.5337,0,11.2,-0.078,0.0422,4.7277,0,0,0
3506,Rally,None,1,-0.0027,53.9554,-1.667,3.5831,-15.8331,-3.4144,0.7576,-11.1345,1,Backhand swing,1,0,Drive,-44.519,-69.5465,-3.1951,0.9404,-10.8067,0,1,1,Ready,0,9,13.7775,4.4457,0.3517,0,Excellent,,-3.4458,-11.5418,0,11.2,-0.0684,0.0423,3.825,0,0,0
3507,Rally,None,1,0.014,54.2225,-1.7104,3.5922,-15.8434,-3.375,0.818,-10.6468,1,Backhand swing,1,-0.0083,Drive,-44.632,-60.9956,-3.1946,0.9227,-10.8205,0,1,1,Ready,0,9,13.6458,3.5873,0.3126,0.2617,Excellent,P:Excellent;,-3.4651,-11.5456,0,11.2,0.2671,0.0425,3.825,0,0,0
3508,Rally,None,1,-0.0027,54.4547,-1.748,3.6042,-15.8515,-3.375,0.818,-10.6468,1,Backhand follow,1,-0.0083,Drive,-28.416,-42.64,-3.1927,0.9227,-10.8208,0,1,1,Ready,0,9,13.4986,2.7654,0.1047,0.2033,Excellent,,-3.4651,-11.5456,0,11.2,0.2322,0.0425,3.825,0,0,0
3509,Rally,None,1,-0.0027,54.6566,-1.7834,3.617,-15.859,-3.3162,0.8753,-10.2752,1,Backhand follow,1,-0.025,Drive,-25.5659,-22.0523,-3.1348,0.8754,-10.9014,0,1,1,Ready,0,9,13.3426,1.9658,0.0424,0.145,Excellent,,-3.5018,-11.553,0,11.2,0.2019,0.04,3.0905,0,0,0
3510,Rally,None,1,-0.0027,54.8321,-1.8152,3.6249,-15.867,-3.2574,0.9296,-9.9036,1,Backhand follow,1,-0.0417,Drive,-4.6834,4.5252,-3.0677,0.783,-11.2433,0,1,1,Ready,0,9,12.9094,1.4233,0.2462,0.0867,Excellent,,-3.5357,-11.56,0,11.2,0.1755,0.0384,3.1502,0,0,0
3511,Rally,None,1,-0.0027,54.9847,-1.8459,3.6329,-15.8751,-3.1693,1.0052,-9.3463,1,Backhand follow,1,-0.0667,Drive,0.2791,15.4491,-3.1989,0.8684,-11.3876,0,1,1,Ready,0,9,12.2724,0.8063,0.1556,0.0283,Excellent,,-3.5813,-11.5698,0,11.2,0.1526,0.0375,3.5549,0,0,0
3512,Rally,None,1,-0.0027,55.1173,-1.8748,3.639,-15.883,-3.1105,1.0517,-8.9748,1,Backhand follow,1,-0.0833,Drive,0.3393,13.8632,-3.2924,0.8715,-11.5006,13.7125,1,1,Ready,0,9,11.09,-0.0969,0.1663,0,Excellent,,-3.6084,-11.5758,0,11.2,0.1326,0.0372,4.602,2.2499,0,0
3513,Rally,None,1,-0.0027,55.2326,-1.902,3.6449,-15.8909,-3.0223,1.1158,-8.4174,1,Backhand follow,1,-0.1083,Drive,2.0228,19.6718,-3.3488,0.8704,-11.5079,6.2898,1,1,Ready,0,9,9.6278,-1.0918,0.261,0,Excellent,,-3.6437,-11.5842,0,11.2,0.1153,0.0377,6.1861,3.9517,0,0
3514,Rally,None,1,-0.0027,55.3329,-1.9272,3.65,-15.8984,-2.9635,1.1547,-8.0459,1,Backhand follow,1,-0.125,Drive,-2.3474,18.3191,-3.4987,0.8574,-11.3254,0.1379,1,1,Ready,0,9,7.9221,-2.131,0.2273,0,Excellent,,-3.6638,-11.5893,0,11.2,0.1003,0.0386,7.2119,10.4546,0,0
3515,Rally,None,1,-0.0027,55.42,-1.9503,3.6542,-15.9056,-2.9048,1.1905,-7.6743,1,Backhand follow,1,-0.1417,Drive,-19.7885,13.6016,-3.5029,0.8895,-11.2052,0,1,1,Ready,0,9,6.2936,-3.0676,0.1968,0,Excellent,,-3.6812,-11.594,0,11.2,0.0872,0.0396,8.1473,14.3575,0,0
3516,Rally,None,1,-0.0027,55.4958,-1.972,3.6578,-15.9126,-2.8166,1.2384,-7.117,1,Backhand follow,1,-0.1667,Drive,-32.0791,10.0651,-3.4832,0.9745,-11.238,11.1893,1,1,Ready,0,9,5.0535,-3.809,0.1171,0,Excellent,,-3.7021,-11.6004,0,11.2,0.0758,0.0408,8.5,11.6399,0,0
3517,Rally,None,1,-0.0027,55.5617,-1.9916,3.6607,-15.9192,-2.7578,1.2665,-6.7454,1,Backhand follow,1,-0.1833,Drive,-23.4544,13.9509,-3.4587,0.9777,-11.2816,2.5557,1,1,Ready,0,9,4.2098,-4.275,0.1365,0,Excellent,,-3.7126,-11.6042,0,11.2,0.0659,0.042,8.5,9.2806,0,0
3518,Rally,None,1,-0.0027,55.6189,-2.0094,3.6632,-15.9256,-2.6696,1.3029,-6.1881,1,Backhand follow,1,-0.2083,Drive,-11.3866,21.6662,-3.431,0.9447,-11.3252,1.3187,1,1,Ready,0,9,3.9395,-4.3331,1.6095,0,Excellent,,-3.7232,-11.6091,0,11.2,0.0573,0.0433,8.5,6.6234,0,0
3519,Rally,None,1,-0.0027,55.6687,-2.0252,3.6652,-15.9316,-2.6109,1.3233,-5.8165,1,Backhand follow,1,-0.225,Drive,25.6335,35.9117,-3.2949,0.9009,-11.4376,3.5768,1,1,Ready,0,9,4.0308,-4.0682,9.1991,0,Excellent,,-3.7269,-11.6118,0,11.2,0.0498,0.0442,8.5,15.4779,0,0
3520,Rally,None,1,-0.0027,55.712,-2.0391,3.6668,-15.9371,-2.5521,1.3406,-5.445,1,Backhand follow,1,-0.2417,Drive,38.5044,45.4436,-3.2264,0.9694,-11.4451,7.7563,1,1,Ready,0,9,4.3891,-3.4315,0,0,Excellent,,-3.7277,-11.6142,0,11.2,0.0433,0.0447,8.4969,12.0329,0,0
3521,Rally,None,1,-0.0027,55.7496,-2.0509,3.668,-15.9422,-2.4639,1.3609,-4.8876,1,Backhand follow,1,-0.2667,Drive,52.3888,55.8436,-3.2804,0.8756,-11.5305,3.6032,1,1,Ready,0,9,4.8669,-2.5849,0,0,Excellent,,-3.7239,-11.6171,0.1201,11.2,0.0376,0.0452,8.5,9.8931,0,0
3522,Rally,None,1,-0.0027,55.7823,-2.0607,3.669,-15.9469,-2.4051,1.3705,-4.5161,1,Backhand follow,0,9,Drive,57.6108,67.1827,-3.2877,0.8915,-11.5867,1.6855,1,1,Run,0,9,-0.6898,-6.6455,0,0,Excellent,,-3.7179,-11.6185,0.2002,11.2,0.0327,0.0452,8.5,9.8931,0,0
3523,Rally,None,1,-0.0027,55.8108,-2.0683,3.6697,-15.9512,-2.317,1.3792,-3.9587,1,Backhand finish,0,9,Drive,64.3509,73.666,-3.3136,0.8886,-11.5958,0.5977,1,1,Run,0,9,-11.7996,-15.1516,0,0,Excellent,,-3.7037,-11.6198,0.3203,11.2,0.0284,0.0454,8.5,7.3158,0,0
3524,Rally,None,1,-0.0027,55.8355,-2.074,3.6701,-15.9549,-2.2582,1.3812,-3.5872,1,Run,0,9,Drive,49.589,78.6514,-3.3272,0.8882,-11.5995,1.4594,0.9555,0.8333,Forehand prepare 0.07,0,9,-14.314,-23.3547,13.5235,0,Excellent,,-3.6909,-11.6202,0.4004,11.2,0.0247,0.0457,8.5,13.6879,0,0
3525,Rally,None,1,-0.0027,55.857,-2.0779,3.6704,-15.9582,-2.1994,1.3801,-3.2156,1,Run,0,9,Drive,50.3472,79.833,-3.3128,0.8847,-11.6076,0.0492,0.856,0.6667,Forehand prepare 0.10,0,9,-16.9218,-28.36,3.202,0,Excellent,,-3.6753,-11.6202,0.4805,11.2,0.0215,0.0457,8.5,12.7933,0,0
3526,Rally,None,1,-0.0027,55.8757,-2.0792,3.6704,-15.961,-2.1112,1.3726,-2.6583,1,Run,0,9,Drive,50.2024,79.6284,-3.2826,0.8719,-11.6157,0.0476,0.7361,0.5,Forehand prepare 0.14,0,9,-25.7624,-32.3786,0,0,Excellent,,-3.6467,-11.6194,0.5345,11.2,0.0187,0.0454,8.5,10.3222,0,0
3527,Rally,None,1,-0.0027,55.8919,-2.0788,3.6703,-15.9633,-2.0525,1.3638,-2.2867,1,Run,0,9,Drive,49.8406,81.2975,-3.2617,0.8525,-11.6393,0.0308,0.6155,0.3333,Forehand prepare 0.20,0,9,-19.1468,-27.2456,0,0,Excellent,,-3.6242,-11.6184,0.5345,11.2,0.0162,0.0451,8.5,2.8637,0,0
3528,Rally,None,1,-0.0027,55.906,-2.0756,3.6701,-15.9651,-1.9643,1.3448,-1.7294,1,Run,0,9,Drive,49.2793,77.6918,-3.2105,0.8258,-11.6414,0.0641,0.5041,0.1667,Forehand prepare 0.23,0,9,-7.3568,-15.5839,0,0,Excellent,,-3.5853,-11.6161,0.5345,11.2,0.0141,0.0446,8.5,1.3829,0,0.0002
3529,Rally,None,1,-0.0027,55.9183,-2.0708,3.6697,-15.9663,-1.9055,1.3283,-1.3578,1,Run,0,9,Drive,48.5471,73.2823,-3.1674,0.7991,-11.6443,0.1294,0.4064,0,Forehand prepare 0.29,0,9,4.6202,-1.6053,0,0,Excellent,,-3.556,-11.6141,0.5345,11.2,0.0123,0.0443,8.5,0.8212,0,0.0002
3530,Rally,None,1,-0.0027,55.929,-2.0644,3.6692,-15.9672,-1.8467,1.3088,-0.9863,1,Run,0,9,Drive,47.6713,68.6781,-3.1206,0.7761,-11.6488,0.1471,0.3236,0,Forehand prepare 0.33,0,9,17.2483,12.4433,5.1276,0,Excellent,,-3.5239,-11.6116,0.5345,11.2,0.0107,0.0437,8.5,1.2094,0,0.0001
3531,Rally,None,1,-0.0027,55.9383,-2.055,3.6687,-15.9673,-1.7586,1.2736,-0.4289,1,Run,0,9,Drive,46.7413,64.2532,-3.0507,0.76,-11.6471,0.0894,0.2551,0,Forehand prepare 0.36,0,9,29.2481,25.8695,1.8485,0,Excellent,,-3.4706,-11.6071,0.5345,11.2,0.0093,0.0428,8.5,1.638,0,0
3532,Rally,None,1,-0.0027,55.9463,-2.044,3.668,-15.967,-1.6998,1.2464,-0.0574,1,Run,0,9,Drive,45.8307,60.2469,-2.9943,0.7531,-11.6392,0.1519,0.1995,0,Forehand prepare 0.42,0,9,40.0462,39.8047,1.038,0,Excellent,,-3.4316,-11.6036,0.5345,11.2,0.0081,0.042,8.5,1.8162,0,0
3533,Rally,None,1,-0.0027,55.888,-2.0299,3.6673,-15.9661,-1.6116,1.1997,0.5,1,Run,0,9,Drive,45.0247,56.7666,-2.9166,0.7511,-11.6256,0,0.1549,0,Forehand prepare 0.46,0,9,48.7739,52.6992,0.2917,0,Excellent,,-3.368,-11.5976,0.5345,11.2,-0.0583,0.0408,8.5,1.7633,0,0
3534,Rally,None,1,-0.0027,55.7888,-2.0144,3.6665,-15.9648,-1.5529,1.1647,0.8715,1,Run,0,9,Drive,44.3626,53.8056,-2.8614,0.7538,-11.614,0,0.1195,0,Forehand prepare 0.51,0,9,59.5333,66.0996,1.1102,0,Excellent,,-3.3222,-11.593,0.5345,11.2,-0.0992,0.0396,8.5,1.5498,0,0.0001
3535,Rally,None,1,-0.0027,55.654,-1.9975,3.6657,-15.9632,-1.4941,1.1267,1.2431,1,Run,0,9,Drive,43.8746,51.3042,-2.8046,0.7543,-11.6036,0,0.0918,0,Forehand prepare 0.55,0,9,67.7,76.128,1.1194,0,Excellent,,-3.2736,-11.5881,0.5345,11.2,-0.1348,0.038,8.5,1.2574,0,0
3536,Rally,None,1,-0.0027,55.464,-1.9772,3.6649,-15.9608,-1.4059,1.0639,1.8004,1,Run,0,9,Drive,43.5829,49.2501,-2.7221,0.7556,-11.5921,0,0.0702,0,Forehand prepare 0.59,0,9,70.6603,84.3086,0.3731,0,Excellent,,-3.1956,-11.5798,0.5345,11.2,-0.19,0.0359,8.5,0.9492,0,0
3537,Rally,None,1,-0.0027,55.2503,-1.9556,3.664,-15.9581,-1.3471,1.0182,2.172,1,Run,0,9,Drive,43.4987,47.5699,-2.6674,0.7458,-11.5848,0,0.0534,0,Forehand prepare 0.64,0,9,64.7932,91.9642,3.9463,0,Excellent,,-3.1401,-11.5737,0.5345,11.2,-0.2137,0.0334,8.5,0.6824,0,0
3538,Rally,None,1,-0.0027,54.9917,-1.9305,3.6631,-15.9545,-1.259,0.9438,2.7293,1,Run,0,9,Drive,43.7721,46.2287,-2.5875,0.7206,-11.5785,0,0.0405,0,Forehand prepare 0.68,0,9,63.4412,97.9236,16.5881,0,Excellent,,-3.0518,-11.5638,0.5345,11.2,-0.2586,0.0305,8.5,0.5127,0,0
3539,Rally,None,1,-0.0027,54.7183,-1.9043,3.6621,-15.9506,-1.2002,0.8904,3.1009,1,Run,0,9,Drive,44.1614,44.8968,-2.5368,0.6909,-11.5797,3.4448,0.0307,0,Forehand prepare 0.73,0,9,65.6431,101.0466,1.6578,0,Excellent,,-2.9895,-11.5567,0.5345,11.2,-0.2734,0.0272,8.5,0.4372,0,0
3540,Rally,None,1,-0.0027,54.4321,-1.8768,3.6611,-15.9463,-1.1414,0.8339,3.4724,1,Run,0,9,Drive,44.7021,43.7593,-2.4842,0.6613,-11.5836,2.0235,0.0231,0,Forehand prepare 0.77,0,9,65.1848,103.1713,1.203,0,Excellent,,-2.9245,-11.5491,0.5345,11.2,-0.2862,0.0233,8.5,0.3986,0,0
3541,Rally,None,1,-0.0027,54.1105,-1.8455,3.6601,-15.941,-1.0532,0.7434,4.0297,1,Run,0,9,Drive,45.2981,42.6727,-2.397,0.6547,-11.5853,2.6857,0.0174,0,Forehand prepare 0.81,0,9,60.3901,103.375,0.3974,0,Excellent,,-2.822,-11.5369,0.5345,11.2,-0.3216,0.0189,8.5,0.4002,0,0
3542,Rally,None,1,-0.0027,53.7823,-1.8134,3.659,-15.9355,-0.9945,0.6792,4.4013,1,Run,0,9,Drive,46.1459,41.5587,-2.3603,0.6862,-11.5928,0.933,0.0131,0,Forehand prepare 0.86,0,9,45.1654,97.1693,1.9294,0,Excellent,,-2.7525,-11.5286,0.5345,11.2,-0.3281,0.0141,8.5,0.5123,0,0
3543,Rally,None,1,-0.0027,53.4242,-1.778,3.6579,-15.9292,-0.9063,0.5772,4.9586,1,Run,0,9,Drive,46.6799,41.2378,-2.268,0.6971,-11.5914,0.7296,0.0098,0,Forehand prepare 0.90,0,9,31.6269,88.5123,1.4203,0,Excellent,,-2.6482,-11.5162,0.5345,11.2,-0.3581,0.009,7.0985,0.4484,0,0
3544,Rally,None,1,-0.0027,53.0644,-1.7423,3.6568,-15.9227,-0.8475,0.5053,5.3302,1,Run,0,9,Drive,47.0486,41.1296,-2.2054,0.7126,-11.5887,0.8443,0.0073,0,Forehand prepare 0.96,0,9,15.2115,69.1513,0.8793,0,Excellent,,-2.5787,-11.5079,0.5345,11.2,-0.3598,0.0044,5.5945,0.3117,0,0
3545,Rally,None,1,-0.0027,52.703,-1.7063,3.6557,-15.916,-0.7887,0.4304,5.7018,1,Run,0,9,Drive,47.2089,41.0496,-2.1339,0.7225,-11.5856,4.285,0.0055,0,Forehand prepare 0.99,0,9,6.4184,55.0066,1.6863,0,Excellent,,-2.5092,-11.4996,0.5345,11.2,-0.3614,0.0007,4.4092,0.1207,0,0
3546,Rally,None,1,-0.0027,52.3499,-1.6675,3.6545,-15.9087,-0.7006,0.3122,6.2591,1,Run,0,9,Drive,47.0658,41.1449,-2.0257,0.7229,-11.5753,0.469,0.0041,0,Forehand prepare 1.00,0,9,5.1141,51.4293,0.2769,0,Excellent,,-2.4049,-11.4871,0.5345,11.2,-0.3531,-0.0019,3.475,0.151,0,0.0001
3547,Rally,None,1,-0.0027,52.0429,-1.6288,3.6533,-15.9012,-0.6418,0.2296,6.6306,1,Run,0,9,Drive,46.73,41.5134,-1.9015,0.7363,-11.5584,2.1099,0.003,0,Forehand prepare 1.00,1,0.1757,27.5465,67.3517,0,0,Excellent,,-2.3354,-11.4788,0.5345,11.2,-0.307,-0.0034,2.7387,0.4687,0,0.0001
3548,Rally,None,1,-0.0027,51.776,-1.5877,3.6521,-15.8932,-0.5536,0.1,7.188,1,Run,0,9,Drive,46.19,42.0434,-1.7484,0.7388,-11.5392,2.8154,0.0023,0,Forehand swing,1,0.1527,5.3157,59.8806,1.4067,0,Excellent,,-2.2312,-11.4664,0.5345,11.2,-0.2669,-0.004,2.1585,0.7736,0,0
3549,Rally,None,1,-0.0027,51.544,-1.5469,3.6508,-15.8851,-0.4973,0.1683,7.5437,1,Run,0,9,Drive,45.5121,42.7171,-1.7396,0.7154,-11.5068,0,0,0,Forehand swing,1,0.1375,-0.5881,56.2532,1.1718,0,Excellent,,-2.1617,-11.4581,0.6146,11.2,-0.232,-0.0039,1.7012,1.0231,0,0
3550,Rally,None,1,-0.0027,51.3423,-1.5065,3.6496,-15.8771,-0.4411,0.2336,7.8995,1,Run,0,9,Drive,44.6916,43.5488,-1.6517,0.729,-11.4783,0,0,0,Forehand swing,1,0.1222,-5.9371,49.4301,0.6207,0,Excellent,,-2.0921,-11.4498,0.6947,11.2,-0.2017,-0.0033,1.3407,1.2183,0,0
3551,Rally,None,1,-0.0027,51.1669,-1.464,3.6483,-15.8684,-0.3566,0.3263,8.4332,1,Run,0,9,Drive,43.9123,44.426,-1.5315,0.7458,-11.4464,0,0,0,Forehand swing,1,0.0993,-14.9447,33.5621,0.3986,0,Excellent,,-1.9879,-11.4374,0.8148,11.2,-0.1754,-0.0025,1.0567,1.2814,0,0
3552,Rally,None,1,-0.0027,51.0145,-1.4219,3.647,-15.8599,-0.3004,0.3845,8.7889,1,Run,0,9,Drive,43.2346,45.297,-1.4487,0.7793,-11.4225,2.8311,0,0,Forehand swing,1,0.084,-18.0596,21.2189,0,0,Excellent,,-1.9184,-11.4291,0.8949,11.2,-0.1525,-0.0017,0.8328,1.2099,0,0
3553,Rally,None,1,-0.0027,50.8819,-1.378,3.6457,-15.8508,-0.2159,0.4664,9.3226,1,Run,0,9,Drive,42.6503,46.1422,-1.3344,0.8097,-11.4008,1.3772,0,0,Forehand swing,1,0.0611,-27.5934,-2.425,0,0,Excellent,,-1.8141,-11.4166,0.9436,11.2,-0.1325,-0.0009,0.6563,1.0422,0,0
3554,Rally,None,1,-0.0027,50.7667,-1.3347,3.6444,-15.8419,-0.1597,0.5174,9.6783,1,Run,0,9,Drive,42.3162,46.8362,-1.2598,0.8249,-11.39,4.458,0,0,Forehand swing,1,0.0458,-27.3866,-17.1642,0,0,Excellent,,-1.7446,-11.4083,0.9436,11.2,-0.1152,-0.0002,0.5173,0.7432,0,0
3555,Rally,None,1,-0.0027,50.6666,-1.2922,3.6431,-15.8331,-0.1034,0.5655,10.0341,1,Run,0,9,Drive,42.2299,47.3432,-1.189,0.8275,-11.3816,3.2927,0,0,Forehand swing,1,0.0305,-27.4522,-28.2075,0,0,Excellent,,-1.6751,-11.4,0.9436,11.2,-0.1002,0.0003,0.4077,0.3607,0,0
3556,Rally,None,1,-0.0027,50.5795,-1.2477,3.6418,-15.8239,-0.019,0.6323,10.5678,1,Run,0,9,Drive,42.3599,47.6484,-1.0861,0.8299,-11.3731,0.4869,0,0,Forehand swing,1,0.0076,-31.3046,-38.6685,0,0,Excellent,,-1.5708,-11.3876,0.9436,11.2,-0.0871,0.0005,0.3213,0.0523,0,0
3557,Rally,None,1,-0.0027,51.2876,-1.2065,3.6403,-15.8146,0.0092,0.6532,10.6257,1,Run,0,9,Drive,42.717,47.7174,-1.0574,0.8251,-11.3775,0.5921,0,0,Forehand swing,1,0,-27.3996,-28.7646,0,0,Excellent,R;,-1.5361,-11.3834,0.946,11.2,0.7081,0.0007,0.2532,0.458,0,1.2297
3558,Rally,None,1,-0.0027,51.9033,-1.1659,3.6388,-15.8055,0.0511,0.7374,10.3367,1,Run,0,9,Drive,43.3074,47.5245,-0.9981,0.8215,-11.3822,1.5186,0,0,Forehand swing,1,-0.0167,-33.6168,-37.6622,1.7217,0,Excellent,,-1.4687,-11.3754,0.8659,11.2,0.6156,0.0007,0.1996,0.8423,0,0.9691
3559,Rally,None,1,-0.0027,52.4385,-1.126,3.6374,-15.7967,0.0931,0.8185,10.0477,1,Run,0,9,Drive,44.0221,47.5342,-0.9406,0.8191,-11.3877,1.5224,0,0,Forehand follow,1,-0.0333,-36.4457,-36.677,6.063,0,Excellent,,-1.404,-11.3676,0.7859,11.2,0.5352,0.0015,1.4319,1.1191,0,0.7638
3560,Rally,None,1,-0.0027,52.9038,-1.0847,3.6359,-15.7876,0.1561,0.9342,9.6142,1,Run,0,9,Drive,44.7099,47.3358,-0.8577,0.7972,-11.389,0.1699,0,0,Forehand follow,1,-0.0583,-39.9231,-42.4016,0.3408,0,Excellent,,-1.3121,-11.3567,0.6657,11.2,0.4653,0.0035,2.7175,1.2501,0,0.602
3561,Rally,None,1,-0.0027,53.3083,-1.0447,3.6345,-15.7789,0.198,1.0075,9.3253,1,Run,0,9,Drive,45.4335,47.1206,-0.81,0.7855,-11.3953,3.3458,0,0,Forehand follow,1,-0.075,-36.8261,-44.7558,0.542,0,Excellent,,-1.2543,-11.3498,0.5857,11.2,0.4045,0.0073,4.5253,1.2762,0,0.6209
3562,Rally,None,1,-0.0027,53.6599,-1.0034,3.6331,-15.77,0.261,1.1113,8.8918,1,Run,0,9,Drive,46.0465,46.6208,-0.7304,0.7864,-11.3966,0.2204,0,0,Forehand follow,1,-0.1,-37.3393,-50.5973,1.3025,0,Excellent,,-1.1645,-11.3396,0.4655,11.2,0.3517,0.0121,5.1556,1.1773,0,0.6047
3563,Rally,None,1,-0.0027,53.9656,-0.963,3.6317,-15.7614,0.3029,1.1767,8.6028,1,Run,0,9,Drive,46.4447,45.152,-0.6817,0.7561,-11.3993,0.1458,0,0,Forehand follow,1,-0.1167,-30.7285,-49.5825,0,0,Excellent,,-1.1012,-11.3328,0.3854,11.2,0.3057,0.0149,1.7217,0.973,0,0.5675
3564,Rally,None,1,-0.0027,54.2314,-0.9231,3.6303,-15.7532,0.3449,1.2388,8.3139,1,Run,0,9,Drive,46.8815,44.108,-0.6278,0.7414,-11.4011,0.0984,0,0,Forehand follow,1,-0.1333,-23.112,-47.8859,0,0,Excellent,,-1.0351,-11.326,0.3054,11.2,0.2658,0.0149,0.4872,0.7207,0,0.5161
3565,Rally,None,1,-0.0027,54.4624,-0.881,3.6289,-15.7447,0.4078,1.3262,7.8804,1,Run,0,9,Drive,47.2354,43.2853,-0.5345,0.7289,-11.3981,0.6114,0,0,Forehand follow,1,-0.1583,-14.0529,-47.3576,0,0,Excellent,,-0.9307,-11.3159,0.1852,11.2,0.2311,0.0131,1.844,0.426,0,0.4068
3566,Rally,None,1,-0.0027,54.6633,-0.8391,3.6275,-15.7365,0.4498,1.3805,7.5914,1,Run,0,9,Drive,47.359,42.4899,-0.4238,0.7244,-11.3923,5.5549,0,0,Forehand follow,1,-0.175,-1.5066,-44.1392,0,0,Excellent,,-0.8576,-11.3092,0.1052,11.2,0.2009,0.0101,3.8245,0.0699,0,0.3206
3567,Rally,None,1,-0.0027,54.8379,-0.7944,3.6261,-15.7281,0.5127,1.456,7.158,1,Run,0,9,Drive,47.2876,42.346,-0.2715,0.7285,-11.3868,0.4937,0,0,Forehand follow,1,-0.2,8.5046,-42.7904,7.3223,0,Excellent,,-0.7428,-11.2992,0,11.2,0.1746,0.0068,4.6014,0.312,0,0.2527
3568,Rally,None,1,-0.0027,54.9898,-0.7499,3.6248,-15.72,0.5547,1.5024,6.869,1,Run,0,9,Drive,46.9832,42.2026,-0.1525,0.7238,-11.3788,4.298,0,0,Forehand follow,1,-0.2167,17.7507,-40.4179,8.6362,0,Excellent,,-0.6628,-11.2926,0,11.2,0.1518,0.0037,6.0091,0.6809,0,0.1991
3569,Rally,None,1,-0.0027,55.1217,-0.7052,3.6234,-15.7122,0.5967,1.5456,6.58,1,Run,0,9,Drive,46.4626,42.7434,-0.1706,0.6825,-11.3396,0,0,0,Forehand follow,1,-0.2333,24.1809,-35.7274,1.4373,0,Excellent,,-0.58,-11.2861,0,11.2,0.132,0.0012,6.3248,1.0308,0,0.1569
3570,Rally,None,1,-0.0027,55.2365,-0.6571,3.6221,-15.7041,0.6596,1.6045,6.1466,1,Run,0,9,Drive,45.742,43.5479,-0.0219,0.6883,-11.3089,0,0,0,Forehand follow,1,-0.2583,21.5088,-38.647,3.0057,0,Excellent,,-0.4506,-11.2765,0,11.2,0.1147,-0.0007,6.5737,1.3227,0,0.1237
3571,Rally,None,1,-0.0027,55.3362,-0.6088,3.6208,-15.6964,0.7016,1.6399,5.8576,1,Run,0,9,Drive,45.0109,44.1708,0.0856,0.7176,-11.2828,2.5044,0,0,Forehand follow,1,-0.275,19.1735,-38.2285,1.5028,0,Excellent,,-0.3609,-11.2701,0,11.2,0.0997,-0.0019,7.5645,1.4605,0,0.0975
3572,Rally,None,1,-0.0027,55.4229,-0.5568,3.6194,-15.6884,0.7645,1.687,5.4241,1,Run,0,9,Drive,44.2935,45.2985,0.2414,0.7456,-11.2576,2.7949,0,0,Forehand follow,0,9,14.4913,-40.5472,0.0711,0,Excellent,,-0.2211,-11.2608,0,11.2,0.0867,-0.0025,7.5508,1.4829,0,0.0975
3573,Rally,None,1,-0.0027,55.4983,-0.5046,3.6181,-15.6808,0.8065,1.7145,5.1352,1,Run,0,9,Drive,43.8667,45.9758,0.3491,0.7642,-11.2459,4.2023,0,0,Forehand finish,0,9,8.8626,-42.8159,0.1548,0,Excellent,,-0.1244,-11.2547,0,11.2,0.0754,-0.0026,8.3345,1.268,0,0.0768
3574,Rally,None,1,-0.0027,55.5639,-0.4521,3.6168,-15.6734,0.8485,1.7388,4.8462,1,Run,0,9,Drive,43.8006,46.8375,0.4525,0.7705,-11.2397,0.3738,0,0,Forehand finish,0,9,2.4137,-45.3403,0.2533,0,Excellent,,-0.025,-11.2487,0,11.2,0.0655,-0.0023,8.1577,0.8701,0,0.0606
3575,Rally,None,1,-0.0027,55.6208,-0.3954,3.6155,-15.6659,0.9114,1.7693,4.4127,1,Run,0,9,Drive,44.1987,47.3279,0.6018,0.7716,-11.2405,0.8995,0,0,Forehand finish,0,9,-4.5972,-48.4461,0.324,0,Excellent,,0.1294,-11.2399,0,11.2,0.057,-0.0018,8.0183,0.2892,0,0.0477
3576,Rally,None,1,-0.0027,55.6704,-0.3384,3.6142,-15.6586,0.9534,1.7858,4.1238,1,Run,0,9,Drive,45.0781,47.1351,0.6932,0.7651,-11.2534,0.065,0,0,Forehand finish,0,9,-11.7848,-52.2465,0.4286,0,Excellent,,0.2358,-11.2342,0,11.2,0.0495,-0.0013,8.5,0.419,0,0.0376
3577,Rally,None,1,-0.0027,55.7134,-0.2771,3.6129,-15.6513,1.0163,1.8045,3.6903,1,Run,0,9,Drive,46.2655,46.8004,0.8377,0.7228,-11.2699,7.5163,0,0,Forehand finish,0,9,-18.493,-56.9062,0.4231,0,Excellent,,0.3999,-11.226,0,11.2,0.0431,-0.0007,8.4479,1.0881,0,0.0296
3578,Rally,None,1,-0.0027,55.7509,-0.216,3.6117,-15.6442,1.0583,1.813,3.4013,1,Run,0,9,Drive,47.6674,46.177,0.9211,0.696,-11.2941,3.8346,0,0,Forehand finish,0,9,-23.9547,-60.9527,0.2641,0,Excellent,,0.5097,-11.2205,0,11.2,0.0374,-0.0003,8.2553,1.648,0,0.0234
3579,Rally,None,1,-0.0027,55.7834,-0.1549,3.6104,-15.6375,1.1002,1.8184,3.1124,1,Run,0,9,Drive,48.8572,46.1011,1.014,0.7124,-11.3119,1.0164,0,0,Forehand finish,0,9,-27.9869,-63.9066,0.4741,0,Excellent,,0.6196,-11.215,0,11.2,0.0325,0.0001,6.5063,1.8797,0,0.0184
3580,Rally,None,1,-0.0027,55.8117,-0.09,3.6092,-15.6305,1.1632,1.8206,2.6789,1,Run,0,9,Drive,49.6434,45.8975,1.2095,0.725,-11.3209,0.966,0,0,Forehand finish,0,9,-30.8373,-66.2489,0.1685,0,Excellent,,0.7844,-11.2068,0,11.2,0.0283,0.0003,5.1278,1.7736,0,0.0145
3581,Rally,None,1,-0.0027,55.8363,-0.0256,3.6079,-15.6238,1.2052,1.8181,2.3899,1,Run,0,9,Drive,49.7758,45.8379,1.3971,0.7505,-11.3283,4.0683,0,0,Forehand finish,0,9,-32.7125,-68.2694,0,0,Excellent,,0.8942,-11.2013,0,11.2,0.0246,0.0004,4.0413,1.2862,0,0.0114
3582,Rally,None,1,-0.0027,55.8577,0.042,3.6067,-15.617,1.2681,1.8084,1.9565,1,Run,0,9,Drive,49.3567,45.9883,1.5309,0.7315,-11.3034,0,0,0,Forehand finish,0,9,-33.7868,-70.0549,0,0,Excellent,,1.0575,-11.1932,0,11.2,0.0214,0.0004,3.1851,0.5622,0,0.009
3583,Rally,None,1,-0.0027,55.8763,0.1084,3.6055,-15.6104,1.3101,1.798,1.6675,1,Run,0,9,Drive,48.4935,46.8792,1.5861,0.7177,-11.2624,0,0,0,Forehand finish,0,9,-33.7586,-71.5362,0,0,Excellent,,1.1631,-11.1879,0,11.2,0.0186,0.0004,1.2682,0.3,0,0.0071
3584,Rally,None,1,-0.0027,55.8925,0.1735,3.6043,-15.6041,1.352,1.7845,1.3785,1,Run,0,9,Drive,47.4431,47.8165,1.7176,0.7506,-11.2305,2.0203,0,0,Forehand finish,0,9,-32.4748,-72.6864,0,0,Excellent,,1.266,-11.1828,0,11.2,0.0162,0.0007,0.6333,1.0227,0,0.0056
3585,Rally,None,1,-0.0027,55.9065,0.2408,3.6031,-15.5977,1.415,1.7582,0.9451,1,Run,0,9,Drive,46.3391,48.8115,1.8887,0.7993,-11.1968,2.7972,0,0,Forehand finish,0,9,-30.338,-73.5839,0,0,Excellent,,1.415,-11.1753,0,11.2,0.014,0.0022,2.0719,1.5521,0,0.0044
3586,Rally,None,1,-0.0027,55.9187,0.3062,3.6019,-15.5915,1.4569,1.7368,0.6561,1,Forehand prepare 0.04,0,9,Drive,45.4353,46.7055,2.0023,0.8371,-11.2172,3.7505,0.2083,0.1667,Forehand finish,0,9,-27.4893,-74.1112,0,0,Excellent,,1.5109,-11.1705,0,11.2,0.0122,0.0054,4.0142,3.0265,0,0.0035
3587,Rally,None,1,-0.0027,55.9293,0.373,3.6007,-15.5853,1.5199,1.6987,0.2226,1,Forehand prepare 0.08,0,9,Drive,59.4279,48.2204,2.1062,0.8667,-11.1563,1.1078,0.4167,0.3333,Forehand finish,0,9,-24.2431,-74.2523,0,0,Excellent,,1.6495,-11.1636,0,11.2,0.0106,0.01,4.7523,1.8342,0,0.0027
3588,Rally,None,1,-0.0027,55.9386,0.4375,3.5996,-15.5794,1.5619,1.6694,-0.0664,1,Forehand prepare 0.14,0,9,Drive,52.1175,47.7392,2.2157,0.8789,-11.2185,0.3602,0.625,0.5,Forehand finish,0,9,-20.5565,-73.8982,0,0,Excellent,,1.7385,-11.1592,0,11.2,0.0092,0.0158,6.1287,0.961,0,0.0022
3589,Rally,None,1,-0.0027,55.9386,0.4999,3.5982,-15.5738,1.6038,1.6369,-0.3553,1,Forehand prepare 0.17,0,9,Drive,54.6454,48.778,2.2563,0.8553,-11.2615,0.7387,0.8333,0.6667,Forehand finish,0,9,-16.5064,-73.0688,0,0,Excellent,,1.8246,-11.1549,0,11.2,0.0001,0.0219,6.4192,2.7761,0,0.0017
3590,Rally,None,1,-0.0027,55.9249,0.5635,3.5966,-15.5682,1.6668,1.5823,-0.7888,1,Forehand prepare 0.21,0,9,Drive,56.5116,49.2483,2.341,0.8255,-11.2826,9.6682,1,0.8333,Forehand finish,0,9,-12.0223,-71.2425,0.8185,0,Excellent,,1.9487,-11.1487,0,11.2,-0.0137,0.0275,6.6481,4.7175,0,0.0013
3591,Rally,None,1,-0.0027,55.9038,0.6246,3.5948,-15.563,1.7087,1.542,-1.0778,1,Forehand prepare 0.27,0,9,Drive,55.3736,49.3638,2.3944,0.7796,-11.2762,0.4317,1,1,Forehand finish,0,9,-7.1195,-68.3207,0.9131,0,Excellent,,2.0279,-11.1448,0,11.2,-0.0211,0.0327,7.6231,5.0682,0,0.0011
3592,Rally,None,1,-0.0027,55.8716,0.6863,3.5927,-15.5577,1.7717,1.4755,-1.5112,1,Forehand prepare 0.30,0,9,Drive,54.352,49.0384,2.5522,0.7775,-11.2994,4.724,1,1,Forehand finish,0,9,-2.0041,-64.5574,0.9658,0,Excellent,,2.1418,-11.1385,0,11.2,-0.0322,0.037,7.597,4.19,0,0.0008
3593,Rally,None,1,-0.0027,55.8343,0.7454,3.5906,-15.5524,1.8136,1.4273,-1.8002,1,Forehand prepare 0.36,0,9,Drive,53.0302,50.1756,2.7128,0.8804,-11.3545,1.8379,1,1,Forehand finish,0,9,3.0559,-60.0738,0.9686,0,Excellent,,2.2152,-11.1322,0,11.2,-0.0373,0.0404,8.0968,3.8196,0,0.0007
3594,Rally,None,1,-0.0027,55.7926,0.8022,3.5885,-15.5468,1.8556,1.3759,-2.0892,1,Forehand prepare 0.40,0,9,Drive,52.6007,52.4696,2.8166,0.9641,-11.3935,1.2875,1,1,Forehand finish,0,9,7.7852,-55.001,0.9377,0,Excellent,,2.2865,-11.1241,0,11.2,-0.0417,0.0424,7.6138,5.2122,0,0.0005
3595,Rally,None,1,-0.0027,55.7423,0.8593,3.5861,-15.5401,1.9186,1.2928,-2.5226,1,Forehand prepare 0.44,0,9,Drive,50.7546,55.6571,2.9252,1.0475,-11.4157,0.3102,1,1,Forehand finish,0,9,11.9625,-49.3849,2.7285,0,Excellent,,2.3892,-11.1088,0,11.2,-0.0504,0.0428,7.4115,7.4693,0,0.0004
3596,Rally,None,1,-0.0027,55.689,0.9138,3.5838,-15.5328,1.9605,1.2335,-2.8116,1,Forehand prepare 0.49,0,9,Drive,50.9387,61.4578,2.9456,1.17,-11.4873,0,1,1,Forehand finish,0,9,15.3676,-43.2984,1.3625,0,Excellent,,2.4548,-11.0969,0,11.2,-0.0532,0.0424,8.1326,8.3038,0,0.0003
3597,Rally,None,1,-0.0027,55.6285,0.9684,3.5813,-15.5239,2.0235,1.1387,-3.2451,1,Forehand prepare 0.53,0,9,Drive,53.6315,65.9046,2.9719,1.2474,-11.5171,0,1,1,Forehand finish,0,9,17.8153,-36.8519,1.0089,0,Excellent,,2.5483,-11.0768,0,11.2,-0.0605,0.0413,7.9868,5.7064,0,0.0003
3598,Rally,None,1,-0.0027,55.5664,1.0202,3.5788,-15.5143,2.0654,1.0715,-3.534,1,Forehand prepare 0.59,0,9,Drive,48.8443,68.7145,2.957,1.3182,-11.5108,0,1,1,Forehand finish,0,9,18.9615,-30.2614,0.1692,0,Excellent,,2.6074,-11.0622,0,11.2,-0.0621,0.0402,8.5,7.344,0,0.0002
3599,Rally,None,1,-0.0027,55.5028,1.0696,3.5763,-15.5041,2.1074,1.0012,-3.823,1,Forehand prepare 0.63,0,9,Drive,38.0234,69.7811,2.9974,1.3302,-11.4904,0,1,1,Forehand finish,0,9,18.8896,-23.5845,0.1987,0,Excellent,,2.6638,-11.0469,0,11.2,-0.0636,0.0391,8.4213,11.255,0,0.0002
